player_id,player_code,web_name,team_id,team_name,position,season_name,start_cost,end_cost,total_points,minutes,goals_scored,assists,clean_sheets,goals_conceded,own_goals,penalties_saved,penalties_missed,yellow_cards,red_cards,saves,bonus,bps,influence,creativity,threat,ict_index,starts,expected_goals,expected_assists,expected_goal_involvements,expected_goals_conceded,clearances_blocks_interceptions,defensive_contribution,recoveries,tackles
170,15157,Milner,6,Brighton,Midfielder,2006/07,6.5,5.9,114,2675,3,7,0,37,0,0,0,3,0,0,11,0,0.0,0.0,0.0,0.0,0,0.00,0.00,0.00,0.00,0,0,0,0
434,21205,Heaton,14,Man Utd,Goalkeeper,2006/07,4.8,4.8,0,0,0,0,0,0,0,0,0,0,0,0,0,0,0.0,0.0,0.0,0.0,0,0.00,0.00,0.00,0.00,0,0,0,0
753,19236,Ruddy,15,Newcastle,Goalkeeper,2006/07,4.0,3.8,0,0,0,0,0,0,0,0,0,0,0,0,0,0,0.0,0.0,0.0,0.0,0,0.00,0.00,0.00,0.00,0,0,0,0
138,49262,Steele,6,Brighton,Goalkeeper,2007/08,4.0,4.0,0,0,0,0,0,0,0,0,0,0,0,0,0,0,0.0,0.0,0.0,0.0,0,0.00,0.00,0.00,0.00,0,0,0,0
170,15157,Milner,6,Brighton,Midfielder,2007/08,6.5,5.9,84,2227,2,2,0,43,0,0,0,3,0,0,14,0,0.0,0.0,0.0,0.0,0,0.00,0.00,0.00,0.00,0,0,0,0
434,21205,Heaton,14,Man Utd,Goalkeeper,2007/08,4.0,4.0,0,0,0,0,0,0,0,0,0,0,0,0,0,0,0.0,0.0,0.0,0.0,0,0.00,0.00,0.00,0.00,0,0,0,0
738,37096,Fabianski,19,West Ham,Goalkeeper,2007/08,5.0,4.6,15,248,0,0,0,2,0,0,0,0,0,8,0,0,0.0,0.0,0.0,0.0,0,0.00,0.00,0.00,0.00,0,0,0,0
753,19236,Ruddy,15,Newcastle,Goalkeeper,2007/08,4.0,4.0,0,0,0,0,0,0,0,0,0,0,0,0,0,0,0.0,0.0,0.0,0.0,0,0.00,0.00,0.00,0.00,0,0,0,0
782,40383,Forster,4,Bournemouth,Goalkeeper,2007/08,4.0,3.9,0,0,0,0,0,0,0,0,0,0,0,0,0,0,0.0,0.0,0.0,0.0,0,0.00,0.00,0.00,0.00,0,0,0,0
124,56979,Henderson,5,Brentford,Midfielder,2008/09,4.5,4.5,1,45,0,0,0,2,0,0,0,0,0,0,0,0,0.0,0.0,0.0,0.0,0,0.00,0.00,0.00,0.00,0,0,0,0
138,49262,Steele,6,Brighton,Goalkeeper,2008/09,4.0,4.0,0,0,0,0,0,0,0,0,0,0,0,0,0,0,0.0,0.0,0.0,0.0,0,0.00,0.00,0.00,0.00,0,0,0,0
170,15157,Milner,6,Brighton,Midfielder,2008/09,6.0,6.1,128,3060,3,9,0,36,0,0,0,6,0,0,7,0,0.0,0.0,0.0,0.0,0,0.00,0.00,0.00,0.00,0,0,0,0
178,50175,Welbeck,6,Brighton,Forward,2008/09,6.0,6.0,9,118,1,0,0,0,0,0,0,0,0,0,1,0,0.0,0.0,0.0,0.0,0,0.00,0.00,0.00,0.00,0,0,0,0
525,60689,Wood,16,Nott'm Forest,Forward,2008/09,4.0,4.0,2,17,0,0,0,0,0,0,0,0,0,0,0,0,0.0,0.0,0.0,0.0,0,0.00,0.00,0.00,0.00,0,0,0,0
738,37096,Fabianski,19,West Ham,Goalkeeper,2008/09,5.0,4.6,20,463,0,0,0,10,0,0,0,0,0,18,0,0,0.0,0.0,0.0,0.0,0,0.00,0.00,0.00,0.00,0,0,0,0
753,19236,Ruddy,15,Newcastle,Goalkeeper,2008/09,4.5,4.3,0,0,0,0,0,0,0,0,0,0,0,0,0,0,0.0,0.0,0.0,0.0,0,0.00,0.00,0.00,0.00,0,0,0,0
782,40383,Forster,4,Bournemouth,Goalkeeper,2008/09,4.0,4.0,0,0,0,0,0,0,0,0,0,0,0,0,0,0,0.0,0.0,0.0,0.0,0,0.00,0.00,0.00,0.00,0,0,0,0
121,440089,Damsgaard,5,Brentford,Midfielder,2009/10,4.5,4.5,0,0,0,0,0,0,0,0,0,0,0,0,0,0,0.0,0.0,0.0,0.0,0,0.00,0.00,0.00,0.00,0,0,0,0
124,56979,Henderson,5,Brentford,Midfielder,2009/10,4.5,4.5,82,2187,1,5,0,45,0,0,0,3,0,0,8,0,0.0,0.0,0.0,0.0,0,0.00,0.00,0.00,0.00,0,0,0,0
170,15157,Milner,6,Brighton,Midfielder,2009/10,7.0,8.7,184,3172,7,12,0,37,1,0,1,5,0,0,35,0,0.0,0.0,0.0,0.0,0,0.00,0.00,0.00,0.00,0,0,0,0
178,50175,Welbeck,6,Brighton,Forward,2009/10,6.0,5.9,6,141,0,0,0,3,0,0,0,0,0,0,0,0,0.0,0.0,0.0,0.0,0,0.00,0.00,0.00,0.00,0,0,0,0
187,58621,Walker,3,Burnley,Defender,2009/10,4.0,4.0,7,180,0,0,0,3,0,0,0,0,0,0,0,0,0.0,0.0,0.0,0.0,0,0.00,0.00,0.00,0.00,0,0,0,0
294,59949,Coleman,9,Everton,Defender,2009/10,4.5,4.5,7,108,0,1,0,3,0,0,0,0,0,0,1,0,0.0,0.0,0.0,0.0,0,0.00,0.00,0.00,0.00,0,0,0,0
331,76357,Cairney,10,Fulham,Midfielder,2009/10,4.5,4.5,31,898,1,0,0,15,0,0,0,1,0,0,4,0,0.0,0.0,0.0,0.0,0,0.00,0.00,0.00,0.00,0,0,0,0
738,37096,Fabianski,19,West Ham,Goalkeeper,2009/10,5.0,4.9,15,360,0,0,0,5,0,0,0,1,0,11,0,0,0.0,0.0,0.0,0.0,0,0.00,0.00,0.00,0.00,0,0,0,0
55,88894,Barkley,2,Aston Villa,Midfielder,2010/11,5.0,5.0,0,0,0,0,0,0,0,0,0,0,0,0,0,0,0.0,0.0,0.0,0.0,0,0.00,0.00,0.00,0.00,0,0,0,0
124,56979,Henderson,5,Brentford,Midfielder,2010/11,5.5,5.4,133,3211,3,5,13,46,0,0,0,2,0,0,20,0,0.0,0.0,0.0,0.0,0,0.00,0.00,0.00,0.00,0,0,0,0
170,15157,Milner,6,Brighton,Midfielder,2010/11,9.0,8.1,97,2134,1,7,11,24,0,0,0,4,0,0,10,0,0.0,0.0,0.0,0.0,0,0.00,0.00,0.00,0.00,0,0,0,0
178,50175,Welbeck,6,Brighton,Forward,2010/11,5.5,4.4,79,1756,6,1,9,27,0,0,0,2,0,0,11,0,0.0,0.0,0.0,0.0,0,0.00,0.00,0.00,0.00,0,0,0,0
187,58621,Walker,3,Burnley,Defender,2010/11,4.0,4.0,51,1341,1,3,2,20,0,0,0,3,0,1,5,0,0.0,0.0,0.0,0.0,0,0.00,0.00,0.00,0.00,0,0,0,0
294,59949,Coleman,9,Everton,Defender,2010/11,4.5,5.2,116,2256,4,4,7,27,0,0,0,4,1,0,8,0,0.0,0.0,0.0,0.0,0,0.00,0.00,0.00,0.00,0,0,0,0
525,60689,Wood,16,Nott'm Forest,Forward,2010/11,4.5,4.1,1,9,0,0,0,0,0,0,0,0,0,0,0,0,0.0,0.0,0.0,0.0,0,0.00,0.00,0.00,0.00,0,0,0,0
632,87835,Doherty,20,Wolves,Defender,2010/11,4.0,4.0,0,0,0,0,0,0,0,0,0,0,0,0,0,0,0.0,0.0,0.0,0.0,0,0.00,0.00,0.00,0.00,0,0,0,0
738,37096,Fabianski,19,West Ham,Goalkeeper,2010/11,5.0,4.5,55,1260,0,1,5,14,0,0,0,0,0,33,2,0,0.0,0.0,0.0,0.0,0,0.00,0.00,0.00,0.00,0,0,0,0
55,88894,Barkley,2,Aston Villa,Midfielder,2011/12,5.0,4.6,7,216,0,0,0,2,0,0,0,0,0,0,0,0,0.0,0.0,0.0,0.0,0,0.00,0.00,0.00,0.00,0,0,0,0
73,54469,Smith,4,Bournemouth,Defender,2011/12,4.0,4.0,1,15,0,0,0,0,0,0,0,0,0,0,0,0,0.0,0.0,0.0,0.0,0,0.00,0.00,0.00,0.00,0,0,0,0
124,56979,Henderson,5,Brentford,Midfielder,2011/12,6.5,5.6,95,2658,2,2,10,34,0,0,0,3,0,0,8,0,0.0,0.0,0.0,0.0,0,0.00,0.00,0.00,0.00,0,0,0,0
170,15157,Milner,6,Brighton,Midfielder,2011/12,7.5,6.8,86,1586,3,5,6,17,0,0,0,3,0,0,10,0,0.0,0.0,0.0,0.0,0,0.00,0.00,0.00,0.00,0,0,0,0
178,50175,Welbeck,6,Brighton,Forward,2011/12,7.0,6.3,112,2012,9,5,11,24,0,0,0,3,0,0,12,0,0.0,0.0,0.0,0.0,0,0.00,0.00,0.00,0.00,0,0,0,0
187,58621,Walker,3,Burnley,Defender,2011/12,5.5,6.5,140,3227,2,1,14,32,0,0,0,4,0,0,8,0,0.0,0.0,0.0,0.0,0,0.00,0.00,0.00,0.00,0,0,0,0
294,59949,Coleman,9,Everton,Defender,2011/12,7.0,7.0,30,1127,0,0,2,14,0,0,0,2,0,0,0,0,0.0,0.0,0.0,0.0,0,0.00,0.00,0.00,0.00,0,0,0,0
419,114283,Grealish,9,Everton,Midfielder,2011/12,4.5,4.5,0,0,0,0,0,0,0,0,0,0,0,0,0,0,0.0,0.0,0.0,0.0,0,0.00,0.00,0.00,0.00,0,0,0,0
632,87835,Doherty,20,Wolves,Defender,2011/12,4.0,4.0,1,45,0,0,0,0,0,0,0,0,0,0,0,0,0.0,0.0,0.0,0.0,0,0.00,0.00,0.00,0.00,0,0,0,0
738,37096,Fabianski,19,West Ham,Goalkeeper,2011/12,5.5,5.3,0,0,0,0,0,0,0,0,0,0,0,0,0,0,0.0,0.0,0.0,0.0,0,0.00,0.00,0.00,0.00,0,0,0,0
753,19236,Ruddy,15,Newcastle,Goalkeeper,2011/12,4.0,4.2,97,3319,0,0,3,65,0,1,0,1,1,140,0,0,0.0,0.0,0.0,0.0,0,0.00,0.00,0.00,0.00,0,0,0,0
782,40383,Forster,4,Bournemouth,Goalkeeper,2011/12,4.5,4.2,0,0,0,0,0,0,0,0,0,0,0,0,0,0,0.0,0.0,0.0,0.0,0,0.00,0.00,0.00,0.00,0,0,0,0
32,98980,Martinez,2,Aston Villa,Goalkeeper,2012/13,4.5,4.4,0,0,0,0,0,0,0,0,0,0,0,0,0,0,0.0,0.0,0.0,0.0,0,0.00,0.00,0.00,0.00,0,0,0,0
55,88894,Barkley,2,Aston Villa,Midfielder,2012/13,4.5,4.1,7,209,0,0,1,1,0,0,0,2,0,0,0,0,0.0,0.0,0.0,0.0,0,0.00,0.00,0.00,0.00,0,0,0,0
73,54469,Smith,4,Bournemouth,Defender,2012/13,4.0,3.8,0,0,0,0,0,0,0,0,0,0,0,0,0,0,0.0,0.0,0.0,0.0,0,0.00,0.00,0.00,0.00,0,0,0,0
124,56979,Henderson,5,Brentford,Midfielder,2012/13,6.0,4.8,95,1535,5,4,8,12,0,0,0,3,0,0,9,0,0.0,0.0,0.0,0.0,0,0.00,0.00,0.00,0.00,0,0,0,0
170,15157,Milner,6,Brighton,Midfielder,2012/13,6.5,6.1,96,1724,4,4,11,14,0,0,0,1,1,0,14,0,0.0,0.0,0.0,0.0,0,0.00,0.00,0.00,0.00,0,0,0,0
178,50175,Welbeck,6,Brighton,Forward,2012/13,8.5,7.8,57,1301,1,4,4,12,0,0,0,1,0,0,2,0,0.0,0.0,0.0,0.0,0,0.00,0.00,0.00,0.00,0,0,0,0
187,58621,Walker,3,Burnley,Defender,2012/13,6.5,6.1,114,3157,0,6,8,42,0,0,0,5,0,0,9,0,0.0,0.0,0.0,0.0,0,0.00,0.00,0.00,0.00,0,0,0,0
263,57328,Clyne,8,Crystal Palace,Defender,2012/13,4.0,4.1,89,3019,1,3,6,53,1,0,0,2,0,0,4,0,0.0,0.0,0.0,0.0,0,0.00,0.00,0.00,0.00,0,0,0,0
294,59949,Coleman,9,Everton,Defender,2012/13,5.0,4.6,74,2165,0,5,9,22,0,0,0,4,0,0,5,0,0.0,0.0,0.0,0.0,0,0.00,0.00,0.00,0.00,0,0,0,0
295,106611,Keane,9,Everton,Defender,2012/13,4.5,4.3,0,0,0,0,0,0,0,0,0,0,0,0,0,0,0.0,0.0,0.0,0.0,0,0.00,0.00,0.00,0.00,0,0,0,0
405,126184,Aké,13,Man City,Defender,2012/13,4.0,4.0,4,92,0,0,0,1,0,0,0,0,0,0,0,0,0.0,0.0,0.0,0.0,0,0.00,0.00,0.00,0.00,0,0,0,0
409,97299,Stones,13,Man City,Defender,2012/13,4.5,4.5,0,0,0,0,0,0,0,0,0,0,0,0,0,0,0.0,0.0,0.0,0.0,0,0.00,0.00,0.00,0.00,0,0,0,0
419,114283,Grealish,9,Everton,Midfielder,2012/13,4.5,4.3,0,0,0,0,0,0,0,0,0,0,0,0,0,0,0.0,0.0,0.0,0.0,0,0.00,0.00,0.00,0.00,0,0,0,0
443,106760,Shaw,14,Man Utd,Defender,2012/13,4.0,4.0,66,1949,0,0,6,21,0,0,0,2,0,0,2,0,0.0,0.0,0.0,0.0,0,0.00,0.00,0.00,0.00,0,0,0,0
571,115556,Davies,18,Spurs,Defender,2012/13,4.0,4.4,99,3052,1,2,8,48,0,0,0,5,0,0,6,0,0.0,0.0,0.0,0.0,0,0.00,0.00,0.00,0.00,0,0,0,0
614,101178,Ward-Prowse,3,Burnley,Midfielder,2012/13,4.5,4.3,22,493,0,1,0,16,0,0,0,0,0,0,0,0,0.0,0.0,0.0,0.0,0,0.00,0.00,0.00,0.00,0,0,0,0
627,101982,Johnstone,20,Wolves,Goalkeeper,2012/13,4.0,4.0,0,0,0,0,0,0,0,0,0,0,0,0,0,0,0.0,0.0,0.0,0.0,0,0.00,0.00,0.00,0.00,0,0,0,0
738,37096,Fabianski,19,West Ham,Goalkeeper,2012/13,4.5,4.2,13,360,0,0,1,3,0,0,0,0,0,7,0,0,0.0,0.0,0.0,0.0,0,0.00,0.00,0.00,0.00,0,0,0,0
753,19236,Ruddy,15,Newcastle,Goalkeeper,2012/13,4.5,4.4,67,1341,0,0,6,21,0,1,0,0,0,54,2,0,0.0,0.0,0.0,0.0,0,0.00,0.00,0.00,0.00,0,0,0,0
55,88894,Barkley,2,Aston Villa,Midfielder,2013/14,4.5,5.2,112,2288,6,4,7,33,0,0,0,5,0,0,12,116,0.0,0.0,0.0,0.0,0,0.00,0.00,0.00,0.00,0,0,0,0
124,56979,Henderson,5,Brentford,Midfielder,2013/14,6.0,6.2,124,3128,4,7,11,42,0,0,0,4,1,0,9,197,0.0,0.0,0.0,0.0,0,0.00,0.00,0.00,0.00,0,0,0,0
170,15157,Milner,6,Brighton,Midfielder,2013/14,6.0,5.4,67,1373,1,6,5,19,0,0,0,3,0,0,0,73,0.0,0.0,0.0,0.0,0,0.00,0.00,0.00,0.00,0,0,0,0
178,50175,Welbeck,6,Brighton,Forward,2013/14,7.5,6.6,100,1462,9,4,4,22,0,0,0,2,0,0,16,124,0.0,0.0,0.0,0.0,0,0.00,0.00,0.00,0.00,0,0,0,0
187,58621,Walker,3,Burnley,Defender,2013/14,6.0,5.9,103,2297,1,4,9,36,0,0,0,5,0,0,15,155,0.0,0.0,0.0,0.0,0,0.00,0.00,0.00,0.00,0,0,0,0
263,57328,Clyne,8,Crystal Palace,Defender,2013/14,4.5,4.1,100,1862,0,5,10,18,0,0,0,3,0,0,10,121,0.0,0.0,0.0,0.0,0,0.00,0.00,0.00,0.00,0,0,0,0
287,111234,Pickford,9,Everton,Goalkeeper,2013/14,4.0,4.0,0,0,0,0,0,0,0,0,0,0,0,0,0,0,0.0,0.0,0.0,0.0,0,0.00,0.00,0.00,0.00,0,0,0,0
294,59949,Coleman,9,Everton,Defender,2013/14,5.0,6.8,180,3228,6,2,15,34,1,0,0,3,0,0,20,229,0.0,0.0,0.0,0.0,0,0.00,0.00,0.00,0.00,0,0,0,0
295,106611,Keane,9,Everton,Defender,2013/14,4.0,4.0,0,0,0,0,0,0,0,0,0,0,0,0,0,0,0.0,0.0,0.0,0.0,0,0.00,0.00,0.00,0.00,0,0,0,0
336,153366,Reed,10,Fulham,Midfielder,2013/14,4.5,4.3,4,12,0,0,0,0,0,0,0,0,0,0,0,4,0.0,0.0,0.0,0.0,0,0.00,0.00,0.00,0.00,0,0,0,0
381,118748,M.Salah,12,Liverpool,Midfielder,2013/14,6.5,5.5,31,501,2,1,2,2,0,0,0,1,0,0,3,25,0.0,0.0,0.0,0.0,0,0.00,0.00,0.00,0.00,0,0,0,0
401,122074,Bettinelli,13,Man City,Goalkeeper,2013/14,4.0,4.0,0,0,0,0,0,0,0,0,0,0,0,0,0,0,0.0,0.0,0.0,0.0,0,0.00,0.00,0.00,0.00,0,0,0,0
405,126184,Aké,13,Man City,Defender,2013/14,4.5,4.2,1,12,0,0,0,0,0,0,0,0,0,0,0,1,0.0,0.0,0.0,0.0,0,0.00,0.00,0.00,0.00,0,0,0,0
409,97299,Stones,13,Man City,Defender,2013/14,4.5,4.2,59,1372,0,0,6,19,0,0,0,1,0,0,6,102,0.0,0.0,0.0,0.0,0,0.00,0.00,0.00,0.00,0,0,0,0
419,114283,Grealish,9,Everton,Midfielder,2013/14,4.5,4.5,1,3,0,0,0,2,0,0,0,0,0,0,0,1,0.0,0.0,0.0,0.0,0,0.00,0.00,0.00,0.00,0,0,0,0
443,106760,Shaw,14,Man Utd,Defender,2013/14,4.5,5.1,123,2990,0,2,14,38,0,0,0,4,0,0,10,173,0.0,0.0,0.0,0.0,0,0.00,0.00,0.00,0.00,0,0,0,0
476,78916,Burn,15,Newcastle,Defender,2013/14,4.0,4.0,8,607,0,0,0,18,0,0,0,0,0,0,0,25,0.0,0.0,0.0,0.0,0,0.00,0.00,0.00,0.00,0,0,0,0
484,169359,Targett,15,Newcastle,Defender,2013/14,4.0,4.0,0,0,0,0,0,0,0,0,0,0,0,0,0,0,0.0,0.0,0.0,0.0,0,0.00,0.00,0.00,0.00,0,0,0,0
495,153127,Hayden,15,Newcastle,Midfielder,2013/14,4.5,4.5,0,0,0,0,0,0,0,0,0,0,0,0,0,0,0.0,0.0,0.0,0.0,0,0.00,0.00,0.00,0.00,0,0,0,0
529,74854,Moore,17,Sunderland,Goalkeeper,2013/14,4.0,4.0,0,0,0,0,0,0,0,0,0,0,0,0,0,0,0.0,0.0,0.0,0.0,0,0.00,0.00,0.00,0.00,0,0,0,0
545,124165,Roberts,17,Sunderland,Midfielder,2013/14,4.0,4.0,1,46,0,0,0,4,0,0,0,1,0,0,0,1,0.0,0.0,0.0,0.0,0,0.00,0.00,0.00,0.00,0,0,0,0
571,115556,Davies,18,Spurs,Defender,2013/14,5.0,4.8,99,2874,2,1,6,46,0,0,0,3,0,0,12,179,0.0,0.0,0.0,0.0,0,0.00,0.00,0.00,0.00,0,0,0,0
614,101178,Ward-Prowse,3,Burnley,Midfielder,2013/14,4.5,4.0,60,1617,0,2,4,23,0,0,0,3,0,0,4,99,0.0,0.0,0.0,0.0,0,0.00,0.00,0.00,0.00,0,0,0,0
627,101982,Johnstone,20,Wolves,Goalkeeper,2013/14,4.0,4.0,0,0,0,0,0,0,0,0,0,0,0,0,0,0,0.0,0.0,0.0,0.0,0,0.00,0.00,0.00,0.00,0,0,0,0
738,37096,Fabianski,19,West Ham,Goalkeeper,2013/14,4.5,4.2,7,90,0,0,1,0,0,0,0,0,0,5,0,8,0.0,0.0,0.0,0.0,0,0.00,0.00,0.00,0.00,0,0,0,0
753,19236,Ruddy,15,Newcastle,Goalkeeper,2013/14,5.0,5.1,135,3420,0,0,12,62,0,0,0,2,0,125,8,186,0.0,0.0,0.0,0.0,0,0.00,0.00,0.00,0.00,0,0,0,0
817,155511,Armstrong,20,Wolves,Forward,2013/14,4.5,4.5,4,34,0,0,0,1,0,0,0,0,0,0,0,4,0.0,0.0,0.0,0.0,0,0.00,0.00,0.00,0.00,0,0,0,0
32,98980,Martinez,2,Aston Villa,Goalkeeper,2014/15,4.5,4.5,14,302,0,0,2,4,0,0,0,0,0,4,0,57,0.0,0.0,0.0,0.0,0,0.00,0.00,0.00,0.00,0,0,0,0
55,88894,Barkley,2,Aston Villa,Midfielder,2014/15,7.0,6.6,75,1961,2,3,7,22,0,0,1,1,0,0,3,356,0.0,0.0,0.0,0.0,0,0.00,0.00,0.00,0.00,0,0,0,0
124,56979,Henderson,5,Brentford,Midfielder,2014/15,6.0,6.6,162,3256,6,10,13,45,0,0,0,6,0,0,22,725,0.0,0.0,0.0,0.0,0,0.00,0.00,0.00,0.00,0,0,0,0
170,15157,Milner,6,Brighton,Midfielder,2014/15,5.5,5.4,107,1749,5,8,7,19,0,0,0,6,0,0,8,393,0.0,0.0,0.0,0.0,0,0.00,0.00,0.00,0.00,0,0,0,0
178,50175,Welbeck,6,Brighton,Forward,2014/15,7.0,6.9,89,1709,4,7,6,19,0,0,0,3,0,0,10,328,0.0,0.0,0.0,0.0,0,0.00,0.00,0.00,0.00,0,0,0,0
187,58621,Walker,3,Burnley,Defender,2014/15,6.0,5.8,27,1306,0,1,1,24,0,0,0,3,0,0,1,218,0.0,0.0,0.0,0.0,0,0.00,0.00,0.00,0.00,0,0,0,0
205,172567,Cullen,3,Burnley,Midfielder,2014/15,4.5,4.5,0,0,0,0,0,0,0,0,0,0,0,0,0,0,0.0,0.0,0.0,0.0,0,0.00,0.00,0.00,0.00,0,0,0,0
218,44699,Barnes,3,Burnley,Forward,2014/15,4.5,4.4,88,2418,5,2,6,38,0,0,0,4,1,0,8,231,0.0,0.0,0.0,0.0,0,0.00,0.00,0.00,0.00,0,0,0,0
263,57328,Clyne,8,Crystal Palace,Defender,2014/15,5.0,5.9,142,3146,2,2,13,32,0,0,0,4,0,0,15,664,0.0,0.0,0.0,0.0,0,0.00,0.00,0.00,0.00,0,0,0,0
287,111234,Pickford,9,Everton,Goalkeeper,2014/15,4.0,4.0,0,0,0,0,0,0,0,0,0,0,0,0,0,0,0.0,0.0,0.0,0.0,0,0.00,0.00,0.00,0.00,0,0,0,0
294,59949,Coleman,9,Everton,Defender,2014/15,7.0,6.8,130,3066,3,4,10,43,1,0,0,5,0,0,11,633,0.0,0.0,0.0,0.0,0,0.00,0.00,0.00,0.00,0,0,0,0
295,106611,Keane,9,Everton,Defender,2014/15,4.5,4.2,40,1645,0,1,2,27,0,0,0,1,0,0,0,286,0.0,0.0,0.0,0.0,0,0.00,0.00,0.00,0.00,0,0,0,0
327,156689,Andreas,10,Fulham,Midfielder,2014/15,5.0,5.0,1,14,0,0,0,0,0,0,0,0,0,0,0,2,0.0,0.0,0.0,0.0,0,0.00,0.00,0.00,0.00,0,0,0,0
336,153366,Reed,10,Fulham,Midfielder,2014/15,4.5,4.3,17,460,0,0,3,3,0,0,0,0,0,0,0,89,0.0,0.0,0.0,0.0,0,0.00,0.00,0.00,0.00,0,0,0,0
369,155503,Woodman,12,Liverpool,Goalkeeper,2014/15,4.0,4.0,0,0,0,0,0,0,0,0,0,0,0,0,0,0,0.0,0.0,0.0,0.0,0,0.00,0.00,0.00,0.00,0,0,0,0
372,122798,Robertson,12,Liverpool,Defender,2014/15,4.5,4.2,45,1526,0,2,3,27,0,0,0,7,0,0,4,282,0.0,0.0,0.0,0.0,0,0.00,0.00,0.00,0.00,0,0,0,0
381,118748,M.Salah,12,Liverpool,Midfielder,2014/15,6.5,6.0,3,33,0,0,0,3,0,0,0,0,0,0,0,5,0.0,0.0,0.0,0.0,0,0.00,0.00,0.00,0.00,0,0,0,0
405,126184,Aké,13,Man City,Defender,2014/15,4.5,4.3,1,18,0,0,0,0,0,0,0,0,0,0,0,2,0.0,0.0,0.0,0.0,0,0.00,0.00,0.00,0.00,0,0,0,0
409,97299,Stones,13,Man City,Defender,2014/15,5.5,5.2,82,2043,1,0,7,25,0,0,0,1,0,0,11,476,0.0,0.0,0.0,0.0,0,0.00,0.00,0.00,0.00,0,0,0,0
419,114283,Grealish,9,Everton,Midfielder,2014/15,4.5,4.3,31,822,0,1,2,18,0,0,0,0,0,0,2,147,0.0,0.0,0.0,0.0,0,0.00,0.00,0.00,0.00,0,0,0,0
434,21205,Heaton,14,Man Utd,Goalkeeper,2014/15,4.5,4.7,150,3420,0,0,10,53,0,2,0,1,0,127,11,615,0.0,0.0,0.0,0.0,0,0.00,0.00,0.00,0.00,0,0,0,0
442,95658,Maguire,14,Man Utd,Defender,2014/15,4.5,4.1,1,94,0,0,0,3,0,0,0,1,0,0,0,20,0.0,0.0,0.0,0.0,0,0.00,0.00,0.00,0.00,0,0,0,0
443,106760,Shaw,14,Man Utd,Defender,2014/15,6.0,5.7,34,1121,0,0,2,14,0,0,0,1,1,0,4,217,0.0,0.0,0.0,0.0,0,0.00,0.00,0.00,0.00,0,0,0,0
478,77794,Trippier,15,Newcastle,Defender,2014/15,5.0,4.8,118,3415,0,4,10,53,1,0,0,2,0,0,11,693,0.0,0.0,0.0,0.0,0,0.00,0.00,0.00,0.00,0,0,0,0
484,169359,Targett,15,Newcastle,Defender,2014/15,4.0,3.9,7,226,0,0,0,3,0,0,0,0,0,0,0,41,0.0,0.0,0.0,0.0,0,0.00,0.00,0.00,0.00,0,0,0,0
495,153127,Hayden,15,Newcastle,Midfielder,2014/15,4.5,4.3,0,0,0,0,0,0,0,0,0,0,0,0,0,0,0.0,0.0,0.0,0.0,0,0.00,0.00,0.00,0.00,0,0,0,0
525,60689,Wood,16,Nott'm Forest,Forward,2014/15,4.5,4.3,11,114,1,0,0,3,0,0,0,0,0,0,0,26,0.0,0.0,0.0,0.0,0,0.00,0.00,0.00,0.00,0,0,0,0
571,115556,Davies,18,Spurs,Defender,2014/15,5.0,4.4,31,895,0,1,2,12,0,0,0,3,0,0,2,160,0.0,0.0,0.0,0.0,0,0.00,0.00,0.00,0.00,0,0,0,0
596,154566,Solanke,18,Spurs,Forward,2014/15,5.0,5.0,0,0,0,0,0,0,0,0,0,0,0,0,0,0,0.0,0.0,0.0,0.0,0,0.00,0.00,0.00,0.00,0,0,0,0
614,101178,Ward-Prowse,3,Burnley,Midfielder,2014/15,5.0,4.8,72,1476,1,8,6,15,0,0,0,0,1,0,2,266,0.0,0.0,0.0,0.0,0,0.00,0.00,0.00,0.00,0,0,0,0
738,37096,Fabianski,19,West Ham,Goalkeeper,2014/15,5.0,5.3,151,3307,0,0,13,47,0,0,0,0,1,137,9,626,0.0,0.0,0.0,0.0,0,0.00,0.00,0.00,0.00,0,0,0,0
782,40383,Forster,4,Bournemouth,Goalkeeper,2014/15,5.0,5.3,118,2623,0,0,13,21,0,0,0,1,0,61,0,442,0.0,0.0,0.0,0.0,0,0.00,0.00,0.00,0.00,0,0,0,0
817,155511,Armstrong,20,Wolves,Forward,2014/15,4.5,4.3,14,211,0,1,0,8,0,0,0,1,0,0,0,35,0.0,0.0,0.0,0.0,0,0.00,0.00,0.00,0.00,0,0,0,0
40,149484,Mings,2,Aston Villa,Defender,2015/16,4.5,4.1,1,11,0,0,0,0,0,0,0,0,0,0,0,3,0.0,0.0,0.0,0.0,0,0.00,0.00,0.00,0.00,0,0,0,0
55,88894,Barkley,2,Aston Villa,Midfielder,2015/16,6.5,7.1,158,3076,8,9,9,51,0,0,0,4,0,0,14,652,0.0,0.0,0.0,0.0,0,0.00,0.00,0.00,0.00,0,0,0,0
73,54469,Smith,4,Bournemouth,Defender,2015/16,4.0,4.0,84,2100,2,0,6,35,0,0,0,5,0,0,11,495,0.0,0.0,0.0,0.0,0,0.00,0.00,0.00,0.00,0,0,0,0
124,56979,Henderson,5,Brentford,Midfielder,2015/16,7.0,6.5,57,1290,2,3,5,16,0,0,0,1,0,0,3,276,0.0,0.0,0.0,0.0,0,0.00,0.00,0.00,0.00,0,0,0,0
170,15157,Milner,6,Brighton,Midfielder,2015/16,7.0,6.6,123,2409,5,11,8,35,0,0,0,9,1,0,13,520,0.0,0.0,0.0,0.0,0,0.00,0.00,0.00,0.00,0,0,0,0
178,50175,Welbeck,6,Brighton,Forward,2015/16,7.5,6.9,48,575,4,3,3,10,0,0,0,1,0,0,7,175,0.0,0.0,0.0,0.0,0,0.00,0.00,0.00,0.00,0,0,0,0
187,58621,Walker,3,Burnley,Defender,2015/16,5.0,5.1,121,2941,1,3,12,28,1,0,0,7,0,0,8,706,0.0,0.0,0.0,0.0,0,0.00,0.00,0.00,0.00,0,0,0,0
198,180804,Tuanzebe,3,Burnley,Defender,2015/16,4.0,4.0,0,0,0,0,0,0,0,0,0,0,0,0,0,0,0.0,0.0,0.0,0.0,0,0.00,0.00,0.00,0.00,0,0,0,0
205,172567,Cullen,3,Burnley,Midfielder,2015/16,4.5,4.4,1,1,0,0,0,0,0,0,0,0,0,0,0,3,0.0,0.0,0.0,0.0,0,0.00,0.00,0.00,0.00,0,0,0,0
263,57328,Clyne,8,Crystal Palace,Defender,2015/16,5.5,5.2,93,2970,1,0,10,45,0,0,0,6,0,0,2,567,0.0,0.0,0.0,0.0,0,0.00,0.00,0.00,0.00,0,0,0,0
287,111234,Pickford,9,Everton,Goalkeeper,2015/16,4.0,3.9,4,180,0,0,0,6,0,0,0,0,0,11,0,41,0.0,0.0,0.0,0.0,0,0.00,0.00,0.00,0.00,0,0,0,0
294,59949,Coleman,9,Everton,Defender,2015/16,6.0,5.8,94,2383,1,3,8,34,0,0,0,4,0,0,8,519,0.0,0.0,0.0,0.0,0,0.00,0.00,0.00,0.00,0,0,0,0
302,80801,Gana,9,Everton,Midfielder,2015/16,5.0,4.6,74,3071,0,2,6,65,0,0,0,10,0,0,3,603,0.0,0.0,0.0,0.0,0,0.00,0.00,0.00,0.00,0,0,0,0
324,153133,Iwobi,10,Fulham,Midfielder,2015/16,4.5,4.5,42,628,2,2,5,6,0,0,0,0,0,0,2,156,0.0,0.0,0.0,0.0,0,0.00,0.00,0.00,0.00,0,0,0,0
326,159533,Adama,19,West Ham,Midfielder,2015/16,6.0,5.2,15,193,0,2,0,8,0,0,0,1,0,0,0,48,0.0,0.0,0.0,0.0,0,0.00,0.00,0.00,0.00,0,0,0,0
327,156689,Andreas,10,Fulham,Midfielder,2015/16,5.0,4.5,3,84,0,0,0,2,0,0,0,2,0,0,0,16,0.0,0.0,0.0,0.0,0,0.00,0.00,0.00,0.00,0,0,0,0
336,153366,Reed,10,Fulham,Midfielder,2015/16,4.5,4.2,1,11,0,0,0,0,0,0,0,0,0,0,0,2,0.0,0.0,0.0,0.0,0,0.00,0.00,0.00,0.00,0,0,0,0
341,59735,Darlow,11,Leeds,Goalkeeper,2015/16,4.0,3.9,41,810,0,0,3,11,0,1,0,0,0,23,3,179,0.0,0.0,0.0,0.0,0,0.00,0.00,0.00,0.00,0,0,0,0
346,113564,Byram,11,Leeds,Defender,2015/16,5.0,4.7,7,288,0,0,1,3,0,0,0,3,0,0,0,44,0.0,0.0,0.0,0.0,0,0.00,0.00,0.00,0.00,0,0,0,0
363,106617,Bamford,11,Leeds,Forward,2015/16,6.0,5.3,15,362,0,0,2,3,0,0,0,0,0,0,0,32,0.0,0.0,0.0,0.0,0,0.00,0.00,0.00,0.00,0,0,0,0
369,155503,Woodman,12,Liverpool,Goalkeeper,2015/16,4.0,4.0,0,0,0,0,0,0,0,0,0,0,0,0,0,0,0.0,0.0,0.0,0.0,0,0.00,0.00,0.00,0.00,0,0,0,0
373,97032,Virgil,12,Liverpool,Defender,2015/16,5.5,5.6,130,3060,3,0,10,36,0,0,0,2,0,0,16,713,0.0,0.0,0.0,0.0,0,0.00,0.00,0.00,0.00,0,0,0,0
376,171287,Gomez,12,Liverpool,Defender,2015/16,4.5,4.2,23,437,0,1,3,5,0,0,0,3,0,0,3,98,0.0,0.0,0.0,0.0,0,0.00,0.00,0.00,0.00,0,0,0,0
405,126184,Aké,13,Man City,Defender,2015/16,4.5,4.4,73,1874,1,1,7,25,0,0,0,4,1,0,7,378,0.0,0.0,0.0,0.0,0,0.00,0.00,0.00,0.00,0,0,0,0
409,97299,Stones,13,Man City,Defender,2015/16,5.5,5.4,82,2779,0,0,8,45,0,0,0,3,0,0,4,616,0.0,0.0,0.0,0.0,0,0.00,0.00,0.00,0.00,0,0,0,0
419,114283,Grealish,9,Everton,Midfielder,2015/16,5.5,5.2,28,833,1,0,0,26,0,0,0,1,0,0,0,128,0.0,0.0,0.0,0.0,0,0.00,0.00,0.00,0.00,0,0,0,0
443,106760,Shaw,14,Man Utd,Defender,2015/16,5.5,5.3,27,450,0,1,3,3,0,0,0,1,0,0,4,135,0.0,0.0,0.0,0.0,0,0.00,0.00,0.00,0.00,0,0,0,0
451,176297,Rashford,14,Man Utd,Midfielder,2015/16,4.5,4.7,55,855,5,2,6,7,0,0,0,0,0,0,8,184,0.0,0.0,0.0,0.0,0,0.00,0.00,0.00,0.00,0,0,0,0
478,77794,Trippier,15,Newcastle,Defender,2015/16,5.5,4.9,26,459,1,1,1,4,0,0,0,1,0,0,3,119,0.0,0.0,0.0,0.0,0,0.00,0.00,0.00,0.00,0,0,0,0
480,101148,Lascelles,15,Newcastle,Defender,2015/16,4.5,4.2,44,1155,2,0,3,23,0,0,0,0,1,0,2,218,0.0,0.0,0.0,0.0,0,0.00,0.00,0.00,0.00,0,0,0,0
484,169359,Targett,15,Newcastle,Defender,2015/16,4.0,3.7,61,1067,0,2,7,10,0,0,0,1,0,0,6,264,0.0,0.0,0.0,0.0,0,0.00,0.00,0.00,0.00,0,0,0,0
507,159506,Aina,16,Nott'm Forest,Defender,2015/16,4.0,4.0,0,0,0,0,0,0,0,0,0,0,0,0,0,0,0.0,0.0,0.0,0.0,0,0.00,0.00,0.00,0.00,0,0,0,0
545,124165,Roberts,17,Sunderland,Midfielder,2015/16,4.5,4.2,1,5,0,0,0,0,0,0,0,0,0,0,0,3,0.0,0.0,0.0,0.0,0,0.00,0.00,0.00,0.00,0,0,0,0
571,115556,Davies,18,Spurs,Defender,2015/16,4.5,4.0,52,1291,0,2,5,16,0,0,0,3,0,0,2,269,0.0,0.0,0.0,0.0,0,0.00,0.00,0.00,0.00,0,0,0,0
579,85971,Son,18,Spurs,Midfielder,2015/16,8.0,7.5,70,1107,4,1,6,12,0,0,0,0,0,0,11,230,0.0,0.0,0.0,0.0,0,0.00,0.00,0.00,0.00,0,0,0,0
596,154566,Solanke,18,Spurs,Forward,2015/16,5.0,5.0,0,0,0,0,0,0,0,0,0,0,0,0,0,0,0.0,0.0,0.0,0.0,0,0.00,0.00,0.00,0.00,0,0,0,0
614,101178,Ward-Prowse,3,Burnley,Midfielder,2015/16,6.0,5.5,80,1545,2,4,7,18,0,0,0,5,0,0,9,325,0.0,0.0,0.0,0.0,0,0.00,0.00,0.00,0.00,0,0,0,0
627,101982,Johnstone,20,Wolves,Goalkeeper,2015/16,4.5,4.3,0,0,0,0,0,0,0,0,0,0,0,0,0,0,0.0,0.0,0.0,0.0,0,0.00,0.00,0.00,0.00,0,0,0,0
659,158534,Walker-Peters,19,West Ham,Defender,2015/16,4.0,4.0,0,0,0,0,0,0,0,0,0,0,0,0,0,0,0.0,0.0,0.0,0.0,0,0.00,0.00,0.00,0.00,0,0,0,0
671,75115,Wilson,19,West Ham,Forward,2015/16,5.5,5.3,46,771,5,0,1,15,0,0,0,0,0,0,5,161,0.0,0.0,0.0,0.0,0,0.00,0.00,0.00,0.00,0,0,0,0
735,110504,Traoré,17,Sunderland,Midfielder,2015/16,5.5,5.4,28,375,2,1,2,2,0,0,0,0,0,0,1,96,0.0,0.0,0.0,0.0,0,0.00,0.00,0.00,0.00,0,0,0,0
738,37096,Fabianski,19,West Ham,Goalkeeper,2015/16,5.0,4.7,123,3330,0,1,9,51,0,0,0,1,0,114,4,686,0.0,0.0,0.0,0.0,0,0.00,0.00,0.00,0.00,0,0,0,0
753,19236,Ruddy,15,Newcastle,Goalkeeper,2015/16,4.5,4.1,69,2430,0,0,3,44,0,0,0,0,0,69,1,409,0.0,0.0,0.0,0.0,0,0.00,0.00,0.00,0.00,0,0,0,0
782,40383,Forster,4,Bournemouth,Goalkeeper,2015/16,5.0,4.9,68,1620,0,0,6,17,0,0,0,0,0,52,3,310,0.0,0.0,0.0,0.0,0,0.00,0.00,0.00,0.00,0,0,0,0
808,173879,Abraham,2,Aston Villa,Forward,2015/16,4.5,4.5,2,55,0,0,0,2,0,0,0,0,0,0,0,-3,0.0,0.0,0.0,0.0,0,0.00,0.00,0.00,0.00,0,0,0,0
817,155511,Armstrong,20,Wolves,Forward,2015/16,4.5,4.3,0,0,0,0,0,0,0,0,0,0,0,0,0,0,0.0,0.0,0.0,0.0,0,0.00,0.00,0.00,0.00,0,0,0,0
12,206325,Zinchenko,16,Nott'm Forest,Defender,2016/17,5.5,5.3,0,0,0,0,0,0,0,0,0,0,0,0,0,0,0.0,0.0,0.0,0.0,0,0.00,0.00,0.00,0.00,0,0,0,0
21,204480,Rice,1,Arsenal,Midfielder,2016/17,4.5,4.5,1,1,0,0,0,0,0,0,0,0,0,0,0,3,0.6,0.3,0.0,0.1,0,0.00,0.00,0.00,0.00,0,0,0,0
31,205651,G.Jesus,1,Arsenal,Forward,2016/17,9.0,9.1,67,651,7,4,3,5,0,0,0,2,0,0,12,258,335.8,165.9,436.0,92.9,0,0.00,0.00,0.00,0.00,0,0,0,0
32,98980,Martinez,2,Aston Villa,Goalkeeper,2016/17,4.0,3.9,8,180,0,0,1,3,0,0,0,0,0,5,0,35,30.6,0.0,0.0,3.1,0,0.00,0.00,0.00,0.00,0,0,0,0
40,149484,Mings,2,Aston Villa,Defender,2016/17,4.5,4.5,4,506,0,0,0,16,2,0,0,0,0,0,2,89,125.4,18.3,45.0,18.9,0,0.00,0.00,0.00,0.00,0,0,0,0
55,88894,Barkley,2,Aston Villa,Midfielder,2016/17,7.5,7.0,144,2900,5,11,12,36,0,0,0,5,0,0,11,534,692.4,1237.6,973.0,290.3,0,0.00,0.00,0.00,0.00,0,0,0,0
73,54469,Smith,4,Bournemouth,Defender,2016/17,4.5,4.6,104,3101,1,5,8,61,1,0,0,6,0,0,12,645,566.6,509.8,242.0,132.1,0,0.00,0.00,0.00,0.00,0,0,0,0
88,155408,Cook,4,Bournemouth,Midfielder,2016/17,4.5,4.2,17,432,0,2,1,7,0,0,0,1,0,0,1,81,100.8,89.8,28.0,21.8,0,0.00,0.00,0.00,0.00,0,0,0,0
124,56979,Henderson,5,Brentford,Midfielder,2016/17,6.5,6.2,73,2116,1,4,7,28,0,0,0,8,0,0,9,467,507.4,554.3,93.0,115.5,0,0.00,0.00,0.00,0.00,0,0,0,0
170,15157,Milner,6,Brighton,Midfielder,2016/17,6.5,6.3,139,3154,7,4,12,35,0,0,1,5,0,0,16,682,919.0,937.0,493.0,235.2,0,0.00,0.00,0.00,0.00,0,0,0,0
178,50175,Welbeck,6,Brighton,Forward,2016/17,7.5,7.3,37,748,2,2,3,11,0,0,0,0,0,0,0,117,144.8,89.9,321.0,55.5,0,0.00,0.00,0.00,0.00,0,0,0,0
186,192290,Roberts,3,Burnley,Defender,2016/17,4.0,4.0,0,0,0,0,0,0,0,0,0,0,0,0,0,0,0.0,0.0,0.0,0.0,0,0.00,0.00,0.00,0.00,0,0,0,0
187,58621,Walker,3,Burnley,Defender,2016/17,5.5,6.2,142,2701,0,6,14,21,0,0,0,8,0,0,18,640,564.0,570.5,264.0,140.2,0,0.00,0.00,0.00,0.00,0,0,0,0
198,180804,Tuanzebe,3,Burnley,Defender,2016/17,4.0,4.0,14,303,0,0,2,4,0,0,0,0,0,0,0,69,32.6,27.7,18.0,7.8,0,0.00,0.00,0.00,0.00,0,0,0,0
205,172567,Cullen,3,Burnley,Midfielder,2016/17,4.5,4.3,0,0,0,0,0,0,0,0,0,0,0,0,0,0,0.0,0.0,0.0,0.0,0,0.00,0.00,0.00,0.00,0,0,0,0
218,44699,Barnes,3,Burnley,Forward,2016/17,4.5,4.6,81,1774,6,3,6,27,0,0,0,6,1,0,10,241,328.8,277.1,663.0,125.5,0,0.00,0.00,0.00,0.00,0,0,0,0
232,109646,Tosin,7,Chelsea,Defender,2016/17,4.5,4.5,0,0,0,0,0,0,0,0,0,0,0,0,0,0,0.0,0.0,0.0,0.0,0,0.00,0.00,0.00,0.00,0,0,0,0
263,57328,Clyne,8,Crystal Palace,Defender,2016/17,5.5,5.9,129,3323,0,2,12,41,0,0,0,0,0,0,13,735,512.0,716.5,294.0,152.4,0,0.00,0.00,0.00,0.00,0,0,0,0
264,156074,Holding,8,Crystal Palace,Defender,2016/17,4.5,4.1,32,810,0,0,4,8,0,0,0,3,0,0,3,171,172.0,49.2,100.0,32.2,0,0.00,0.00,0.00,0.00,0,0,0,0
287,111234,Pickford,9,Everton,Goalkeeper,2016/17,4.0,4.2,102,2610,0,0,4,50,0,0,0,0,0,135,9,608,933.0,40.0,0.0,97.4,0,0.00,0.00,0.00,0.00,0,0,0,0
291,17761,Tarkowski,9,Everton,Defender,2016/17,4.0,4.0,23,568,0,0,1,11,0,0,0,1,0,0,0,111,146.2,53.4,81.0,27.5,0,0.00,0.00,0.00,0.00,0,0,0,0
294,59949,Coleman,9,Everton,Defender,2016/17,5.5,5.6,133,2316,4,4,10,28,0,0,0,3,0,0,15,548,596.0,308.9,297.0,120.3,0,0.00,0.00,0.00,0.00,0,0,0,0
295,106611,Keane,9,Everton,Defender,2016/17,5.0,5.0,113,3150,2,1,10,49,0,0,0,4,0,0,10,619,930.8,96.7,557.0,158.6,0,0.00,0.00,0.00,0.00,0,0,0,0
302,80801,Gana,9,Everton,Midfielder,2016/17,5.0,5.0,80,2681,1,2,9,31,0,0,0,11,0,0,9,540,555.8,434.1,237.0,122.9,0,0.00,0.00,0.00,0.00,0,0,0,0
324,153133,Iwobi,10,Fulham,Midfielder,2016/17,6.0,5.3,89,1456,3,5,9,20,0,0,0,1,0,0,8,352,326.4,467.8,592.0,138.7,0,0.00,0.00,0.00,0.00,0,0,0,0
326,159533,Adama,19,West Ham,Midfielder,2016/17,5.0,4.8,52,1543,0,1,6,22,0,0,0,1,0,0,2,264,283.2,320.5,176.0,77.9,0,0.00,0.00,0.00,0.00,0,0,0,0
327,156689,Andreas,10,Fulham,Midfielder,2016/17,4.5,4.4,0,0,0,0,0,0,0,0,0,0,0,0,0,0,0.0,0.0,0.0,0.0,0,0.00,0.00,0.00,0.00,0,0,0,0
329,153682,Wilson,10,Fulham,Midfielder,2016/17,4.5,4.5,0,0,0,0,0,0,0,0,0,0,0,0,0,0,0.0,0.0,0.0,0.0,0,0.00,0.00,0.00,0.00,0,0,0,0
336,153366,Reed,10,Fulham,Midfielder,2016/17,4.5,4.3,3,64,0,0,0,1,0,0,0,0,0,0,0,16,11.0,1.4,0.0,1.3,0,0.00,0.00,0.00,0.00,0,0,0,0
346,113564,Byram,11,Leeds,Defender,2016/17,4.5,4.2,29,1249,0,1,3,27,0,0,0,5,1,0,2,198,202.2,118.2,72.0,39.4,0,0.00,0.00,0.00,0.00,0,0,0,0
353,200617,James,11,Leeds,Midfielder,2016/17,4.5,4.5,0,0,0,0,0,0,0,0,0,0,0,0,0,0,0.0,0.0,0.0,0.0,0,0.00,0.00,0.00,0.00,0,0,0,0
363,106617,Bamford,11,Leeds,Forward,2016/17,5.0,4.9,21,326,1,0,0,8,0,0,0,1,0,0,2,59,51.0,26.9,139.0,21.5,0,0.00,0.00,0.00,0.00,0,0,0,0
372,122798,Robertson,12,Liverpool,Defender,2016/17,4.5,4.4,73,2736,1,2,5,59,0,0,0,5,0,0,4,488,502.6,352.8,100.0,95.6,0,0.00,0.00,0.00,0.00,0,0,0,0
373,97032,Virgil,12,Liverpool,Defender,2016/17,5.5,5.6,75,1852,1,0,7,23,0,0,0,3,1,0,14,435,546.2,81.1,232.0,86.0,0,0.00,0.00,0.00,0.00,0,0,0,0
376,171287,Gomez,12,Liverpool,Defender,2016/17,5.0,4.8,0,0,0,0,0,0,0,0,0,0,0,0,0,0,0.0,0.0,0.0,0.0,0,0.00,0.00,0.00,0.00,0,0,0,0
405,126184,Aké,13,Man City,Defender,2016/17,4.5,3.9,55,834,3,1,3,20,0,0,0,1,0,0,8,267,373.2,55.5,147.0,57.5,0,0.00,0.00,0.00,0.00,0,0,0,0
409,97299,Stones,13,Man City,Defender,2016/17,5.0,4.6,59,2014,0,0,4,29,0,0,0,1,0,0,4,435,441.4,78.0,174.0,69.7,0,0.00,0.00,0.00,0.00,0,0,0,0
420,59859,Gündoğan,13,Man City,Midfielder,2016/17,5.5,4.9,41,704,3,1,3,8,0,0,0,0,0,0,2,196,186.8,209.6,199.0,59.6,0,0.00,0.00,0.00,0.00,0,0,0,0
434,21205,Heaton,14,Man Utd,Goalkeeper,2016/17,4.5,5.1,149,3150,0,0,10,48,0,1,0,1,0,142,21,741,1001.6,30.3,0.0,103.2,0,0.00,0.00,0.00,0.00,0,0,0,0
442,95658,Maguire,14,Man Utd,Defender,2016/17,4.5,4.4,71,2307,2,3,4,53,0,0,0,5,0,0,5,483,707.6,157.2,439.0,130.6,0,0.00,0.00,0.00,0.00,0,0,0,0
443,106760,Shaw,14,Man Utd,Defender,2016/17,5.5,5.2,45,688,0,3,4,6,0,0,0,1,0,0,4,202,139.2,160.5,64.0,36.5,0,0.00,0.00,0.00,0.00,0,0,0,0
451,176297,Rashford,14,Man Utd,Midfielder,2016/17,7.0,6.4,76,1712,5,3,7,15,0,0,0,3,0,0,2,287,316.2,411.4,734.0,145.5,0,0.00,0.00,0.00,0.00,0,0,0,0
469,98747,Pope,15,Newcastle,Goalkeeper,2016/17,4.0,3.9,0,0,0,0,0,0,0,0,0,0,0,0,0,0,0.0,0.0,0.0,0.0,0,0.00,0.00,0.00,0.00,0,0,0,0
478,77794,Trippier,15,Newcastle,Defender,2016/17,5.0,4.7,51,568,0,5,3,3,0,0,0,1,0,0,7,202,183.8,185.6,35.0,40.6,0,0.00,0.00,0.00,0.00,0,0,0,0
484,169359,Targett,15,Newcastle,Defender,2016/17,4.5,4.1,12,373,0,0,1,4,0,0,0,0,0,0,0,80,64.6,87.9,12.0,16.5,0,0.00,0.00,0.00,0.00,0,0,0,0
507,159506,Aina,16,Nott'm Forest,Defender,2016/17,5.0,4.5,3,26,0,0,0,0,0,0,0,0,0,0,0,9,4.8,0.9,17.0,2.3,0,0.00,0.00,0.00,0.00,0,0,0,0
571,115556,Davies,18,Spurs,Defender,2016/17,5.0,5.0,90,1739,1,3,8,13,0,0,0,1,0,0,5,443,452.0,449.6,156.0,105.8,0,0.00,0.00,0.00,0.00,0,0,0,0
579,85971,Son,18,Spurs,Midfielder,2016/17,7.5,7.2,174,2063,14,9,10,18,0,0,0,2,0,0,13,512,753.4,642.3,1161.0,255.6,0,0.00,0.00,0.00,0.00,0,0,0,0
596,154566,Solanke,18,Spurs,Forward,2016/17,5.0,5.0,0,0,0,0,0,0,0,0,0,0,0,0,0,0,0.0,0.0,0.0,0.0,0,0.00,0.00,0.00,0.00,0,0,0,0
610,214590,Wan-Bissaka,19,West Ham,Defender,2016/17,4.5,4.5,0,0,0,0,0,0,0,0,0,0,0,0,0,0,0.0,0.0,0.0,0.0,0,0.00,0.00,0.00,0.00,0,0,0,0
614,101178,Ward-Prowse,3,Burnley,Midfielder,2016/17,5.5,5.0,92,1883,4,4,9,26,0,0,0,4,0,0,5,377,427.4,729.1,448.0,160.7,0,0.00,0.00,0.00,0.00,0,0,0,0
624,178186,Bowen,19,West Ham,Forward,2016/17,4.5,4.5,8,181,0,0,0,8,0,0,0,0,0,0,0,21,3.8,17.9,36.0,5.7,0,0.00,0.00,0.00,0.00,0,0,0,0
668,84450,Xhaka,17,Sunderland,Midfielder,2016/17,5.5,5.2,85,2483,2,3,10,32,0,0,0,5,2,0,7,506,488.8,626.2,193.0,130.8,0,0.00,0.00,0.00,0.00,0,0,0,0
671,75115,Wilson,19,West Ham,Forward,2016/17,6.5,6.0,63,1361,6,1,6,25,0,0,0,0,0,0,2,170,229.0,125.7,487.0,82.2,0,0.00,0.00,0.00,0.00,0,0,0,0
674,225321,Ramsdale,15,Newcastle,Goalkeeper,2016/17,4.0,4.0,0,0,0,0,0,0,0,0,0,0,0,0,0,0,0.0,0.0,0.0,0.0,0,0.00,0.00,0.00,0.00,0,0,0,0
675,107265,Gunn,16,Nott'm Forest,Goalkeeper,2016/17,4.0,4.0,0,0,0,0,0,0,0,0,0,0,0,0,0,0,0.0,0.0,0.0,0.0,0,0.00,0.00,0.00,0.00,0,0,0,0
678,105717,Masuaku,17,Sunderland,Defender,2016/17,5.0,4.7,34,972,0,1,3,24,0,0,0,1,0,0,7,253,219.8,126.7,18.0,36.4,0,0.00,0.00,0.00,0.00,0,0,0,0
691,177815,Calvert-Lewin,11,Leeds,Forward,2016/17,4.5,4.5,17,347,1,0,0,7,0,0,0,1,0,0,1,46,53.2,10.0,82.0,14.1,0,0.00,0.00,0.00,0.00,0,0,0,0
735,110504,Traoré,17,Sunderland,Midfielder,2016/17,5.5,5.4,0,0,0,0,0,0,0,0,0,0,0,0,0,0,0.0,0.0,0.0,0.0,0,0.00,0.00,0.00,0.00,0,0,0,0
738,37096,Fabianski,19,West Ham,Goalkeeper,2016/17,5.0,4.8,116,3330,0,0,8,69,0,1,0,1,0,117,8,650,780.4,0.1,0.0,78.1,0,0.00,0.00,0.00,0.00,0,0,0,0
782,40383,Forster,4,Bournemouth,Goalkeeper,2016/17,5.0,5.0,134,3420,0,0,14,48,0,1,0,3,0,76,4,625,553.6,10.0,0.0,56.4,0,0.00,0.00,0.00,0.00,0,0,0,0
816,209041,Angel,20,Wolves,Midfielder,2016/17,4.5,4.5,1,3,0,0,0,0,0,0,0,0,0,0,0,2,0.8,3.8,0.0,0.5,0,0.00,0.00,0.00,0.00,0,0,0,0
12,206325,Zinchenko,16,Nott'm Forest,Defender,2017/18,5.0,5.0,16,530,0,0,3,3,0,0,0,1,0,0,0,104,116.4,145.9,21.0,28.3,0,0.00,0.00,0.00,0.00,0,0,0,0
21,204480,Rice,1,Arsenal,Midfielder,2017/18,4.5,4.4,41,1421,0,0,3,29,0,0,0,1,0,0,0,280,310.4,35.7,29.0,37.5,0,0.00,0.00,0.00,0.00,0,0,0,0
22,195384,Merino,1,Arsenal,Midfielder,2017/18,5.0,4.9,49,1337,1,1,3,18,0,0,0,4,0,0,4,271,374.8,236.7,156.0,76.9,0,0.00,0.00,0.00,0.00,0,0,0,0
27,200641,Nelson,5,Brentford,Midfielder,2017/18,5.0,4.7,5,144,0,0,0,3,0,0,0,0,0,0,0,23,12.0,29.7,11.0,5.3,0,0.00,0.00,0.00,0.00,0,0,0,0
31,205651,G.Jesus,1,Arsenal,Forward,2017/18,10.5,10.4,126,1660,13,7,9,12,0,0,2,6,0,0,18,473,603.6,360.3,1089.0,204.9,0,0.00,0.00,0.00,0.00,0,0,0,0
32,98980,Martinez,2,Aston Villa,Goalkeeper,2017/18,4.0,4.0,0,0,0,0,0,0,0,0,0,0,0,0,0,0,0.0,0.0,0.0,0.0,0,0.00,0.00,0.00,0.00,0,0,0,0
40,149484,Mings,2,Aston Villa,Defender,2017/18,4.5,4.2,3,201,0,0,0,5,0,0,0,1,0,0,0,40,46.6,14.8,10.0,7.2,0,0.00,0.00,0.00,0.00,0,0,0,0
55,88894,Barkley,2,Aston Villa,Midfielder,2017/18,7.5,7.3,3,129,0,0,0,4,0,0,0,0,0,0,0,11,21.0,34.7,45.0,10.1,0,0.00,0.00,0.00,0.00,0,0,0,0
73,54469,Smith,4,Bournemouth,Defender,2017/18,5.0,4.8,56,2067,1,3,2,38,0,0,0,6,0,0,3,376,455.0,345.5,144.0,94.5,0,0.00,0.00,0.00,0.00,0,0,0,0
88,155408,Cook,4,Bournemouth,Midfielder,2017/18,4.5,4.3,58,2234,0,2,3,42,0,0,0,5,0,0,0,337,456.4,423.3,126.0,100.7,0,0.00,0.00,0.00,0.00,0,0,0,0
89,168991,Philip,4,Bournemouth,Midfielder,2017/18,4.5,4.4,22,755,0,0,3,11,0,0,0,3,0,0,0,98,111.4,58.6,26.0,19.3,0,0.00,0.00,0.00,0.00,0,0,0,0
124,56979,Henderson,5,Brentford,Midfielder,2017/18,5.5,5.3,75,2169,1,1,14,21,0,0,0,1,0,0,3,382,417.0,448.8,110.0,97.8,0,0.00,0.00,0.00,0.00,0,0,0,0
146,83299,Dunk,6,Brighton,Defender,2017/18,4.5,4.5,97,3420,1,1,10,54,4,0,0,7,0,0,7,637,1002.8,147.8,425.0,157.9,0,0.00,0.00,0.00,0.00,0,0,0,0
159,109345,March,6,Brighton,Midfielder,2017/18,5.0,4.8,74,1838,1,3,6,29,0,0,0,3,0,0,3,303,357.4,320.9,316.0,99.8,0,0.00,0.00,0.00,0.00,0,0,0,0
170,15157,Milner,6,Brighton,Midfielder,2017/18,6.5,6.0,77,1759,0,3,6,25,0,0,0,3,0,0,4,459,437.2,615.5,272.0,132.5,0,0.00,0.00,0.00,0.00,0,0,0,0
178,50175,Welbeck,6,Brighton,Forward,2017/18,7.5,7.3,70,1178,5,2,4,21,0,0,0,1,0,0,6,249,309.8,212.8,435.0,96.0,0,0.00,0.00,0.00,0.00,0,0,0,0
186,192290,Roberts,3,Burnley,Defender,2017/18,4.0,4.0,7,267,0,0,0,4,0,0,0,0,0,0,0,41,26.2,12.8,2.0,4.1,0,0.00,0.00,0.00,0.00,0,0,0,0
187,58621,Walker,3,Burnley,Defender,2017/18,6.5,6.6,138,2784,0,6,15,22,1,0,0,2,1,0,8,691,542.4,511.4,117.0,117.1,0,0.00,0.00,0.00,0.00,0,0,0,0
198,180804,Tuanzebe,3,Burnley,Defender,2017/18,4.0,3.9,1,1,0,0,0,0,0,0,0,0,0,0,0,3,0.0,0.0,0.0,0.0,0,0.00,0.00,0.00,0.00,0,0,0,0
205,172567,Cullen,3,Burnley,Midfielder,2017/18,4.5,4.5,2,6,0,0,0,0,0,0,0,0,0,0,0,7,7.2,0.6,0.0,0.8,0,0.00,0.00,0.00,0.00,0,0,0,0
218,44699,Barnes,3,Burnley,Forward,2017/18,5.5,5.3,92,2150,9,0,5,23,0,0,0,10,0,0,9,290,407.2,274.8,797.0,145.8,0,0.00,0.00,0.00,0.00,0,0,0,0
219,220598,Obafemi,3,Burnley,Forward,2017/18,4.5,4.5,1,8,0,0,0,0,0,0,0,0,0,0,0,-1,0.0,1.3,4.0,0.3,0,0.00,0.00,0.00,0.00,0,0,0,0
226,180736,Chalobah,7,Chelsea,Defender,2017/18,4.0,4.0,0,0,0,0,0,0,0,0,0,0,0,0,0,0,0.0,0.0,0.0,0.0,0,0.00,0.00,0.00,0.00,0,0,0,0
232,109646,Tosin,7,Chelsea,Defender,2017/18,4.0,4.0,0,0,0,0,0,0,0,0,0,0,0,0,0,0,0.0,0.0,0.0,0.0,0,0.00,0.00,0.00,0.00,0,0,0,0
263,57328,Clyne,8,Crystal Palace,Defender,2017/18,5.5,5.3,7,173,0,0,1,1,0,0,0,1,0,0,0,25,21.8,23.8,41.0,8.7,0,0.00,0.00,0.00,0.00,0,0,0,0
264,156074,Holding,8,Crystal Palace,Defender,2017/18,5.0,4.4,27,819,0,1,3,17,0,0,0,3,0,0,1,196,212.2,39.3,24.0,27.5,0,0.00,0.00,0.00,0.00,0,0,0,0
270,108413,Hughes,8,Crystal Palace,Midfielder,2017/18,5.0,4.6,53,987,2,3,4,16,0,0,0,0,0,0,5,190,238.6,267.0,136.0,64.3,0,0.00,0.00,0.00,0.00,0,0,0,0
284,205533,Nketiah,8,Crystal Palace,Forward,2017/18,5.0,5.0,3,17,0,0,0,1,0,0,0,0,0,0,0,10,5.0,1.9,17.0,2.3,0,0.00,0.00,0.00,0.00,0,0,0,0
287,111234,Pickford,9,Everton,Goalkeeper,2017/18,5.0,4.9,145,3420,0,0,10,58,0,1,0,0,0,121,16,724,873.6,30.1,4.0,90.7,0,0.00,0.00,0.00,0.00,0,0,0,0
291,17761,Tarkowski,9,Everton,Defender,2017/18,4.5,4.6,101,2790,0,1,11,30,0,0,0,5,0,0,4,539,822.0,98.4,253.0,117.8,0,0.00,0.00,0.00,0.00,0,0,0,0
294,59949,Coleman,9,Everton,Defender,2017/18,6.5,6.4,39,1035,0,1,4,12,0,0,0,0,0,0,0,198,227.6,113.7,69.0,41.2,0,0.00,0.00,0.00,0.00,0,0,0,0
295,106611,Keane,9,Everton,Defender,2017/18,5.5,5.3,81,2559,0,1,7,46,0,0,0,3,0,0,11,513,703.4,58.4,124.0,88.7,0,0.00,0.00,0.00,0.00,0,0,0,0
300,433154,McNeil,9,Everton,Midfielder,2017/18,4.5,4.5,1,1,0,0,0,0,0,0,0,0,0,0,0,3,0.0,0.0,0.0,0.0,0,0.00,0.00,0.00,0.00,0,0,0,0
302,80801,Gana,9,Everton,Midfielder,2017/18,5.0,4.8,87,2749,2,2,9,45,0,0,0,6,1,0,7,552,577.0,303.6,166.0,104.6,0,0.00,0.00,0.00,0.00,0,0,0,0
324,153133,Iwobi,10,Fulham,Midfielder,2017/18,5.5,5.1,89,1827,3,5,9,26,0,0,0,1,0,0,2,426,430.0,592.9,635.0,165.6,0,0.00,0.00,0.00,0.00,0,0,0,0
327,156689,Andreas,10,Fulham,Midfielder,2017/18,5.0,4.9,0,0,0,0,0,0,0,0,0,0,0,0,0,0,0.0,0.0,0.0,0.0,0,0.00,0.00,0.00,0.00,0,0,0,0
341,59735,Darlow,11,Leeds,Goalkeeper,2017/18,4.5,4.3,33,900,0,0,2,15,1,0,0,0,0,35,2,172,258.8,0.0,0.0,25.9,0,0.00,0.00,0.00,0.00,0,0,0,0
346,113564,Byram,11,Leeds,Defender,2017/18,4.5,4.2,5,246,0,0,0,7,0,0,0,1,0,0,0,41,71.0,37.6,36.0,14.5,0,0.00,0.00,0.00,0.00,0,0,0,0
348,214225,Rodon,11,Leeds,Defender,2017/18,4.0,4.0,0,0,0,0,0,0,0,0,0,0,0,0,0,0,0.0,0.0,0.0,0.0,0,0.00,0.00,0.00,0.00,0,0,0,0
354,199598,Ampadu,11,Leeds,Midfielder,2017/18,4.5,4.5,1,10,0,0,0,1,0,0,0,0,0,0,0,6,7.4,0.0,0.0,0.7,0,0.00,0.00,0.00,0.00,0,0,0,0
365,174594,Nmecha,11,Leeds,Forward,2017/18,4.5,4.5,2,14,0,0,0,0,0,0,0,0,0,0,0,4,0.0,3.1,0.0,0.3,0,0.00,0.00,0.00,0.00,0,0,0,0
369,155503,Woodman,12,Liverpool,Goalkeeper,2017/18,4.0,4.0,0,0,0,0,0,0,0,0,0,0,0,0,0,0,0.0,0.0,0.0,0.0,0,0.00,0.00,0.00,0.00,0,0,0,0
372,122798,Robertson,12,Liverpool,Defender,2017/18,5.0,5.0,111,1940,1,5,10,18,0,0,0,2,0,0,12,514,424.0,414.5,174.0,101.3,0,0.00,0.00,0.00,0.00,0,0,0,0
373,97032,Virgil,12,Liverpool,Defender,2017/18,5.5,5.7,78,2253,0,0,8,28,0,0,0,1,0,0,5,481,601.0,122.6,277.0,100.2,0,0.00,0.00,0.00,0.00,0,0,0,0
376,171287,Gomez,12,Liverpool,Defender,2017/18,4.5,4.5,86,1901,0,2,9,22,0,0,0,3,0,0,9,480,437.4,285.6,46.0,76.9,0,0.00,0.00,0.00,0.00,0,0,0,0
381,118748,M.Salah,12,Liverpool,Midfielder,2017/18,9.0,10.6,303,2905,32,12,15,29,0,0,1,1,0,0,26,881,1496.2,942.5,2109.0,454.4,0,0.00,0.00,0.00,0.00,0,0,0,0
388,206915,C.Jones,12,Liverpool,Midfielder,2017/18,4.5,4.5,0,0,0,0,0,0,0,0,0,0,0,0,0,0,0.0,0.0,0.0,0.0,0,0.00,0.00,0.00,0.00,0,0,0,0
399,121160,Ederson M.,13,Man City,Goalkeeper,2017/18,5.5,5.7,158,3195,0,0,16,26,0,2,0,1,0,58,10,666,546.2,10.0,0.0,55.6,0,0.00,0.00,0.00,0.00,0,0,0,0
405,126184,Aké,13,Man City,Defender,2017/18,5.0,5.0,102,3352,2,3,6,59,0,0,0,5,0,0,8,642,932.4,115.1,287.0,133.5,0,0.00,0.00,0.00,0.00,0,0,0,0
409,97299,Stones,13,Man City,Defender,2017/18,5.5,5.3,70,1301,0,0,9,11,0,0,0,0,0,0,5,334,283.4,26.3,120.0,43.2,0,0.00,0.00,0.00,0.00,0,0,0,0
414,209244,Foden,13,Man City,Midfielder,2017/18,5.0,4.7,8,45,0,1,0,1,0,0,0,0,0,0,0,31,29.2,32.1,10.0,7.1,0,0.00,0.00,0.00,0.00,0,0,0,0
416,165809,Bernardo,13,Man City,Midfielder,2017/18,8.0,7.2,112,1514,6,5,9,10,0,0,0,0,0,0,8,440,475.6,508.7,464.0,144.4,0,0.00,0.00,0.00,0.00,0,0,0,0
420,59859,Gündoğan,13,Man City,Midfielder,2017/18,5.5,5.4,82,1504,4,2,6,15,0,0,0,3,0,0,9,376,381.4,406.4,408.0,119.3,0,0.00,0.00,0.00,0.00,0,0,0,0
434,21205,Heaton,14,Man Utd,Goalkeeper,2017/18,5.0,4.7,8,305,0,0,0,4,0,0,0,0,0,8,0,48,53.4,0.0,0.0,5.3,0,0.00,0.00,0.00,0.00,0,0,0,0
442,95658,Maguire,14,Man Utd,Defender,2017/18,5.0,5.5,117,3420,2,4,9,60,0,0,0,7,0,0,10,716,955.8,254.3,478.0,168.8,0,0.00,0.00,0.00,0.00,0,0,0,0
443,106760,Shaw,14,Man Utd,Defender,2017/18,5.0,4.8,48,787,0,0,7,2,0,0,0,2,0,0,4,216,142.6,127.0,144.0,41.5,0,0.00,0.00,0.00,0.00,0,0,0,0
451,176297,Rashford,14,Man Utd,Midfielder,2017/18,7.5,7.3,104,1799,7,5,10,16,0,0,0,3,0,0,11,387,470.8,412.1,838.0,171.7,0,0.00,0.00,0.00,0.00,0,0,0,0
469,98747,Pope,15,Newcastle,Goalkeeper,2017/18,4.5,5.0,152,3114,0,0,11,35,0,1,0,3,0,113,19,701,862.4,40.0,0.0,90.1,0,0.00,0.00,0.00,0.00,0,0,0,0
470,67089,Dúbravka,3,Burnley,Goalkeeper,2017/18,4.5,4.5,53,1080,0,0,4,11,0,1,0,0,0,26,5,215,234.6,0.0,0.0,23.3,0,0.00,0.00,0.00,0.00,0,0,0,0
478,77794,Trippier,15,Newcastle,Defender,2017/18,5.5,5.2,113,1912,0,7,9,21,0,0,0,1,0,0,18,539,459.0,617.5,78.0,115.6,0,0.00,0.00,0.00,0.00,0,0,0,0
480,101148,Lascelles,15,Newcastle,Defender,2017/18,4.5,4.9,116,2927,3,0,9,31,0,0,0,5,0,0,9,567,800.0,77.2,234.0,111.5,0,0.00,0.00,0.00,0.00,0,0,0,0
484,169359,Targett,15,Newcastle,Defender,2017/18,4.5,4.3,2,166,0,0,0,6,0,0,0,0,0,0,0,35,42.2,38.6,0.0,8.1,0,0.00,0.00,0.00,0.00,0,0,0,0
487,201666,Barnes,15,Newcastle,Midfielder,2017/18,4.5,4.5,3,8,0,0,0,0,0,0,0,0,0,0,0,8,0.2,1.0,6.0,0.6,0,0.00,0.00,0.00,0.00,0,0,0,0
489,114243,J.Murphy,15,Newcastle,Midfielder,2017/18,5.5,5.0,51,1137,1,2,2,25,0,0,0,0,0,0,2,171,161.8,159.7,227.0,54.7,0,0.00,0.00,0.00,0.00,0,0,0,0
494,200089,Willock,15,Newcastle,Midfielder,2017/18,4.5,4.5,3,81,0,0,0,2,0,0,0,0,0,0,0,8,8.2,5.8,4.0,1.8,0,0.00,0.00,0.00,0.00,0,0,0,0
495,153127,Hayden,15,Newcastle,Midfielder,2017/18,4.5,4.3,41,1365,1,0,3,25,0,0,0,7,0,0,0,171,273.6,164.7,144.0,58.2,0,0.00,0.00,0.00,0.00,0,0,0,0
516,209046,Hudson-Odoi,16,Nott'm Forest,Midfielder,2017/18,4.5,4.5,2,27,0,0,0,1,0,0,0,0,0,0,0,11,8.8,1.7,27.0,3.8,0,0.00,0.00,0.00,0.00,0,0,0,0
525,60689,Wood,16,Nott'm Forest,Forward,2017/18,6.5,6.2,104,1621,10,1,10,11,0,0,0,1,0,0,20,314,442.0,203.5,692.0,133.8,0,0.00,0.00,0.00,0.00,0,0,0,0
571,115556,Davies,18,Spurs,Defender,2017/18,5.5,5.8,143,2323,2,7,12,20,0,0,0,3,0,0,14,615,610.0,698.8,201.0,151.0,0,0.00,0.00,0.00,0.00,0,0,0,0
579,85971,Son,18,Spurs,Midfielder,2017/18,8.0,8.3,178,2292,12,8,14,18,0,0,0,0,0,0,16,544,725.8,588.2,1177.0,249.1,0,0.00,0.00,0.00,0.00,0,0,0,0
596,154566,Solanke,18,Spurs,Forward,2017/18,5.0,4.6,38,581,1,2,3,4,0,0,0,0,0,0,2,107,123.8,199.4,350.0,66.4,0,0.00,0.00,0.00,0.00,0,0,0,0
597,212319,Richarlison,18,Spurs,Forward,2017/18,6.0,5.8,125,2817,5,8,8,54,0,0,0,4,0,0,4,304,497.0,384.7,1217.0,209.3,0,0.00,0.00,0.00,0.00,0,0,0,0
604,109533,Emerson,19,West Ham,Defender,2017/18,5.5,5.2,14,278,0,1,1,4,0,0,0,0,0,0,0,68,61.8,28.7,48.0,13.8,0,0.00,0.00,0.00,0.00,0,0,0,0
606,233963,Mavropanos,19,West Ham,Defender,2017/18,4.5,4.2,4,194,0,0,1,5,0,0,0,0,1,0,0,41,52.2,1.3,2.0,5.5,0,0.00,0.00,0.00,0.00,0,0,0,0
610,214590,Wan-Bissaka,19,West Ham,Defender,2017/18,4.5,4.5,15,627,0,0,2,10,0,0,0,1,0,0,0,116,207.2,60.0,2.0,26.8,0,0.00,0.00,0.00,0.00,0,0,0,0
614,101178,Ward-Prowse,3,Burnley,Midfielder,2017/18,5.5,4.9,84,1708,3,5,2,29,0,0,0,3,0,0,8,367,363.4,613.9,296.0,127.1,0,0.00,0.00,0.00,0.00,0,0,0,0
659,158534,Walker-Peters,19,West Ham,Defender,2017/18,4.5,4.0,13,188,0,2,1,4,0,0,0,0,0,0,0,73,70.4,48.3,10.0,12.9,0,0.00,0.00,0.00,0.00,0,0,0,0
668,84450,Xhaka,17,Sunderland,Midfielder,2017/18,5.5,5.1,109,3259,1,8,12,50,0,0,0,10,0,0,3,593,753.4,822.8,378.0,195.3,0,0.00,0.00,0.00,0.00,0,0,0,0
671,75115,Wilson,19,West Ham,Forward,2017/18,6.0,5.6,102,1981,8,2,6,33,0,0,0,0,0,0,13,282,392.2,288.4,799.0,147.5,0,0.00,0.00,0.00,0.00,0,0,0,0
674,225321,Ramsdale,15,Newcastle,Goalkeeper,2017/18,4.0,4.0,0,0,0,0,0,0,0,0,0,0,0,0,0,0,0.0,0.0,0.0,0.0,0,0.00,0.00,0.00,0.00,0,0,0,0
678,105717,Masuaku,17,Sunderland,Defender,2017/18,4.5,4.2,68,1867,0,3,6,29,0,0,0,5,0,0,2,352,385.0,295.1,128.0,80.7,0,0.00,0.00,0.00,0.00,0,0,0,0
691,177815,Calvert-Lewin,11,Leeds,Forward,2017/18,5.0,4.9,88,1871,4,8,6,28,0,0,0,4,0,0,3,255,354.0,322.6,630.0,130.2,0,0.00,0.00,0.00,0.00,0,0,0,0
719,184667,Lindelöf,2,Aston Villa,Defender,2017/18,5.5,4.9,47,1284,0,0,5,14,0,0,0,1,0,0,1,297,272.8,37.7,8.0,32.0,0,0.00,0.00,0.00,0.00,0,0,0,0
738,37096,Fabianski,19,West Ham,Goalkeeper,2017/18,4.5,4.7,157,3420,0,0,9,56,0,3,0,0,0,137,14,772,1087.8,10.0,0.0,109.9,0,0.00,0.00,0.00,0.00,0,0,0,0
782,40383,Forster,4,Bournemouth,Goalkeeper,2017/18,5.0,4.6,73,1800,0,0,4,30,0,1,0,0,0,69,6,351,488.2,0.0,0.0,48.9,0,0.00,0.00,0.00,0.00,0,0,0,0
783,60307,Groß,6,Brighton,Midfielder,2017/18,5.5,5.9,164,2928,7,8,10,46,0,0,0,2,0,0,24,635,735.4,1311.0,527.0,257.6,0,0.00,0.00,0.00,0.00,0,0,0,0
808,173879,Abraham,2,Aston Villa,Forward,2017/18,5.5,5.4,86,1715,5,3,4,31,0,0,0,0,0,0,11,238,269.2,182.6,693.0,114.2,0,0.00,0.00,0.00,0.00,0,0,0,0
2,109745,Arrizabalaga,1,Arsenal,Goalkeeper,2018/19,5.5,5.4,142,3240,0,0,14,39,0,1,0,2,0,82,7,685,681.0,0.1,0.0,68.0,0,0.00,0.00,0.00,0.00,0,0,0,0
11,198869,White,1,Arsenal,Defender,2018/19,4.0,4.0,0,0,0,0,0,0,0,0,0,0,0,0,0,0,0.0,0.0,0.0,0.0,0,0.00,0.00,0.00,0.00,0,0,0,0
12,206325,Zinchenko,16,Nott'm Forest,Defender,2018/19,5.0,4.7,44,1151,0,3,9,4,0,0,0,1,0,0,1,230,279.2,278.6,77.0,63.5,0,0.00,0.00,0.00,0.00,0,0,0,0
16,223340,Saka,1,Arsenal,Midfielder,2018/19,4.5,4.5,1,7,0,0,0,0,0,0,0,0,0,0,0,3,0.0,0.0,0.0,0.0,0,0.00,0.00,0.00,0.00,0,0,0,0
21,204480,Rice,1,Arsenal,Midfielder,2018/19,4.5,4.4,92,3003,2,0,6,47,0,0,0,4,0,0,9,586,584.4,174.2,213.0,97.1,0,0.00,0.00,0.00,0.00,0,0,0,0
22,195384,Merino,1,Arsenal,Midfielder,2018/19,5.0,5.0,0,0,0,0,0,0,0,0,0,0,0,0,0,0,0.0,0.0,0.0,0.0,0,0.00,0.00,0.00,0.00,0,0,0,0
27,200641,Nelson,5,Brentford,Midfielder,2018/19,4.5,4.4,0,0,0,0,0,0,0,0,0,0,0,0,0,0,0.0,0.0,0.0,0.0,0,0.00,0.00,0.00,0.00,0,0,0,0
31,205651,G.Jesus,1,Arsenal,Forward,2018/19,10.5,9.9,79,1017,7,3,2,11,0,0,0,1,0,0,7,259,395.2,300.5,864.0,156.3,0,0.00,0.00,0.00,0.00,0,0,0,0
32,98980,Martinez,2,Aston Villa,Goalkeeper,2018/19,4.0,4.0,0,0,0,0,0,0,0,0,0,0,0,0,0,0,0.0,0.0,0.0,0.0,0,0.00,0.00,0.00,0.00,0,0,0,0
37,101188,Digne,2,Aston Villa,Defender,2018/19,5.0,5.4,158,2964,4,5,13,38,1,0,0,5,1,0,22,736,883.0,1142.0,300.0,232.7,0,0.00,0.00,0.00,0.00,0,0,0,0
40,149484,Mings,2,Aston Villa,Defender,2018/19,4.5,4.2,5,141,0,0,0,4,0,0,0,0,0,0,0,41,49.0,16.3,2.0,6.8,0,0.00,0.00,0.00,0.00,0,0,0,0
48,166989,Tielemans,2,Aston Villa,Midfielder,2018/19,6.0,6.0,63,1087,3,5,3,14,0,0,0,2,0,0,6,267,299.0,269.7,249.0,81.8,0,0.00,0.00,0.00,0.00,0,0,0,0
55,88894,Barkley,2,Aston Villa,Midfielder,2018/19,6.0,5.0,79,1231,3,5,7,13,0,0,0,1,0,0,5,300,324.0,349.0,429.0,110.0,0,0.00,0.00,0.00,0.00,0,0,0,0
61,151589,Dendoncker,2,Aston Villa,Midfielder,2018/19,4.5,4.3,48,1465,2,0,3,21,0,0,0,1,0,0,1,209,334.8,126.6,288.0,75.1,0,0.00,0.00,0.00,0.00,0,0,0,0
73,54469,Smith,4,Bournemouth,Defender,2018/19,4.5,4.3,70,2067,1,1,8,33,0,0,0,5,1,0,1,383,374.0,199.8,110.0,68.5,0,0.00,0.00,0.00,0.00,0,0,0,0
79,223911,Mepham,4,Bournemouth,Defender,2018/19,4.5,4.5,27,848,0,1,2,17,0,0,0,1,0,0,0,158,177.2,24.1,22.0,22.5,0,0.00,0.00,0.00,0.00,0,0,0,0
86,111317,Brooks,4,Bournemouth,Midfielder,2018/19,5.0,5.0,123,2263,7,6,9,41,0,0,0,3,0,0,7,414,598.0,466.7,609.0,167.5,0,0.00,0.00,0.00,0.00,0,0,0,0
88,155408,Cook,4,Bournemouth,Midfielder,2018/19,5.0,4.6,22,719,0,0,3,10,0,0,0,2,0,0,0,91,76.0,50.4,36.0,16.5,0,0.00,0.00,0.00,0.00,0,0,0,0
89,168991,Philip,4,Bournemouth,Midfielder,2018/19,4.5,4.5,63,2187,2,0,5,43,0,0,0,7,0,0,4,317,494.6,341.0,375.0,121.3,0,0.00,0.00,0.00,0.00,0,0,0,0
124,56979,Henderson,5,Brentford,Midfielder,2018/19,5.5,5.3,76,1976,1,3,12,14,0,0,0,1,1,0,2,397,358.8,311.7,182.0,85.4,0,0.00,0.00,0.00,0.00,0,0,0,0
138,49262,Steele,6,Brighton,Goalkeeper,2018/19,4.0,3.9,0,0,0,0,0,0,0,0,0,0,0,0,0,0,0.0,0.0,0.0,0.0,0,0.00,0.00,0.00,0.00,0,0,0,0
146,83299,Dunk,6,Brighton,Defender,2018/19,4.5,4.4,91,3151,2,1,7,56,0,0,0,5,1,0,6,573,805.8,132.9,245.0,118.7,0,0.00,0.00,0.00,0.00,0,0,0,0
159,109345,March,6,Brighton,Midfielder,2018/19,5.0,4.7,94,2459,1,6,6,40,0,0,0,1,0,0,5,342,474.6,684.5,405.0,156.6,0,0.00,0.00,0.00,0.00,0,0,0,0
170,15157,Milner,6,Brighton,Midfielder,2018/19,5.5,5.6,101,1778,5,5,9,13,0,0,0,5,1,0,12,448,587.2,725.2,374.0,169.2,0,0.00,0.00,0.00,0.00,0,0,0,0
178,50175,Welbeck,6,Brighton,Forward,2018/19,6.5,6.4,19,146,1,1,0,3,0,0,0,0,0,0,3,63,73.6,56.8,66.0,19.5,0,0.00,0.00,0.00,0.00,0,0,0,0
187,58621,Walker,3,Burnley,Defender,2018/19,6.5,6.4,150,2776,1,1,18,17,0,0,0,3,0,0,11,684,498.8,448.4,183.0,113.1,0,0.00,0.00,0.00,0.00,0,0,0,0
218,44699,Barnes,3,Burnley,Forward,2018/19,6.0,5.6,122,2378,12,3,7,41,1,0,0,8,0,0,13,394,581.2,309.9,1042.0,192.9,0,0.00,0.00,0.00,0.00,0,0,0,0
219,220598,Obafemi,3,Burnley,Forward,2018/19,5.0,5.0,13,134,1,1,0,3,0,0,0,1,0,0,0,46,62.6,27.4,127.0,21.6,0,0.00,0.00,0.00,0.00,0,0,0,0
260,209036,Guéhi,13,Man City,Defender,2018/19,4.0,4.0,0,0,0,0,0,0,0,0,0,0,0,0,0,0,0.0,0.0,0.0,0.0,0,0.00,0.00,0.00,0.00,0,0,0,0
263,57328,Clyne,8,Crystal Palace,Defender,2018/19,5.0,4.4,34,1250,0,1,3,26,0,0,0,2,0,0,0,201,199.4,100.2,72.0,36.9,0,0.00,0.00,0.00,0.00,0,0,0,0
264,156074,Holding,8,Crystal Palace,Defender,2018/19,4.5,4.3,24,806,0,0,1,10,0,0,0,1,0,0,5,148,187.8,28.7,14.0,23.2,0,0.00,0.00,0.00,0.00,0,0,0,0
270,108413,Hughes,8,Crystal Palace,Midfielder,2018/19,5.0,4.9,87,2419,2,4,7,39,0,0,0,5,0,0,5,320,429.2,416.0,451.0,129.6,0,0.00,0.00,0.00,0.00,0,0,0,0
272,152551,Lerma,8,Crystal Palace,Midfielder,2018/19,4.5,4.5,75,2505,2,2,9,49,1,0,0,12,0,0,6,410,539.6,245.8,174.0,96.2,0,0.00,0.00,0.00,0.00,0,0,0,0
284,205533,Nketiah,8,Crystal Palace,Forward,2018/19,5.0,5.0,10,63,1,0,0,3,0,0,0,0,0,0,1,36,40.8,14.7,59.0,11.4,0,0.00,0.00,0.00,0.00,0,0,0,0
287,111234,Pickford,9,Everton,Goalkeeper,2018/19,5.0,4.9,161,3420,0,0,14,46,0,3,0,1,0,94,13,706,776.4,10.0,0.0,78.5,0,0.00,0.00,0.00,0.00,0,0,0,0
288,229600,Travers,9,Everton,Goalkeeper,2018/19,4.0,4.0,9,180,0,0,1,5,0,0,0,0,0,9,1,46,68.2,0.0,0.0,6.8,0,0.00,0.00,0.00,0.00,0,0,0,0
291,17761,Tarkowski,9,Everton,Defender,2018/19,5.0,4.7,97,3086,3,2,7,63,0,0,0,8,0,0,7,524,1023.2,69.8,450.0,154.5,0,0.00,0.00,0.00,0.00,0,0,0,0
294,59949,Coleman,9,Everton,Defender,2018/19,5.5,5.2,125,2558,2,2,13,30,1,0,0,1,0,0,12,548,515.2,387.3,274.0,117.6,0,0.00,0.00,0.00,0.00,0,0,0,0
295,106611,Keane,9,Everton,Defender,2018/19,5.0,4.8,129,2970,1,2,13,39,0,0,0,2,0,0,15,642,740.2,101.2,326.0,117.2,0,0.00,0.00,0.00,0.00,0,0,0,0
300,433154,McNeil,9,Everton,Midfielder,2018/19,4.5,4.4,75,1590,3,4,5,25,0,0,0,2,0,0,6,305,405.2,442.8,279.0,112.5,0,0.00,0.00,0.00,0.00,0,0,0,0
302,80801,Gana,9,Everton,Midfielder,2018/19,5.0,4.7,78,2821,0,2,13,31,0,0,0,6,0,0,0,472,629.2,311.3,168.0,111.1,0,0.00,0.00,0.00,0.00,0,0,0,0
303,232928,Garner,9,Everton,Midfielder,2018/19,4.5,4.5,1,1,0,0,0,0,0,0,0,0,0,0,0,3,0.0,0.0,0.0,0.0,0,0.00,0.00,0.00,0.00,0,0,0,0
314,80201,Leno,10,Fulham,Goalkeeper,2018/19,5.0,4.9,106,2835,0,0,6,42,0,0,0,0,0,105,5,568,807.2,0.0,0.0,80.5,0,0.00,0.00,0.00,0.00,0,0,0,0
320,219924,Diop,10,Fulham,Defender,2018/19,4.5,4.2,87,2970,1,0,7,43,1,0,0,4,0,0,6,561,733.0,52.3,162.0,94.8,0,0.00,0.00,0.00,0.00,0,0,0,0
324,153133,Iwobi,10,Fulham,Midfielder,2018/19,5.5,5.4,99,1961,3,8,4,32,0,0,0,0,0,0,3,382,469.0,596.7,646.0,171.1,0,0.00,0.00,0.00,0.00,0,0,0,0
325,209289,Smith Rowe,10,Fulham,Midfielder,2018/19,4.5,4.5,0,0,0,0,0,0,0,0,0,0,0,0,0,0,0.0,0.0,0.0,0.0,0,0.00,0.00,0.00,0.00,0,0,0,0
326,159533,Adama,19,West Ham,Midfielder,2018/19,5.5,5.1,44,884,1,1,1,13,0,0,0,1,0,0,2,182,223.4,271.3,265.0,75.8,0,0.00,0.00,0.00,0.00,0,0,0,0
327,156689,Andreas,10,Fulham,Midfielder,2018/19,5.0,4.5,27,590,1,1,1,13,0,0,0,5,0,0,2,115,132.8,139.5,67.0,33.8,0,0.00,0.00,0.00,0.00,0,0,0,0
328,184349,Sessegnon,10,Fulham,Midfielder,2018/19,6.5,6.0,94,2291,2,7,3,60,0,0,0,0,0,0,3,295,410.4,468.3,438.0,132.0,0,0.00,0.00,0.00,0.00,0,0,0,0
331,76357,Cairney,10,Fulham,Midfielder,2018/19,5.0,4.6,71,2188,1,1,5,51,0,0,0,0,0,0,3,389,358.0,586.7,199.0,114.5,0,0.00,0.00,0.00,0.00,0,0,0,0
337,102057,Raúl,10,Fulham,Forward,2018/19,5.5,6.9,181,3112,13,10,12,40,0,0,0,4,0,0,31,602,788.8,648.5,1428.0,285.4,0,0.00,0.00,0.00,0.00,0,0,0,0
341,59735,Darlow,11,Leeds,Goalkeeper,2018/19,4.5,4.4,0,0,0,0,0,0,0,0,0,0,0,0,0,0,0.0,0.0,0.0,0.0,0,0.00,0.00,0.00,0.00,0,0,0,0
346,113564,Byram,11,Leeds,Defender,2018/19,4.5,4.5,0,0,0,0,0,0,0,0,0,0,0,0,0,0,0.0,0.0,0.0,0.0,0,0.00,0.00,0.00,0.00,0,0,0,0
354,199598,Ampadu,11,Leeds,Midfielder,2018/19,4.5,4.4,0,0,0,0,0,0,0,0,0,0,0,0,0,0,0.0,0.0,0.0,0.0,0,0.00,0.00,0.00,0.00,0,0,0,0
366,116535,A.Becker,12,Liverpool,Goalkeeper,2018/19,5.5,5.9,176,3420,0,0,21,22,0,0,0,1,0,76,9,771,677.0,0.1,0.0,67.6,0,0.00,0.00,0.00,0.00,0,0,0,0
369,155503,Woodman,12,Liverpool,Goalkeeper,2018/19,4.0,4.0,0,0,0,0,0,0,0,0,0,0,0,0,0,0,0.0,0.0,0.0,0.0,0,0.00,0.00,0.00,0.00,0,0,0,0
372,122798,Robertson,12,Liverpool,Defender,2018/19,6.0,6.7,213,3216,0,12,21,20,0,0,0,4,0,0,29,906,748.8,767.2,318.0,183.6,0,0.00,0.00,0.00,0.00,0,0,0,0
373,97032,Virgil,12,Liverpool,Defender,2018/19,6.0,6.7,208,3384,4,4,20,22,0,0,0,1,0,0,22,932,993.6,111.1,455.0,156.1,0,0.00,0.00,0.00,0.00,0,0,0,0
376,171287,Gomez,12,Liverpool,Defender,2018/19,5.0,4.8,55,1059,0,0,7,4,0,0,0,2,0,0,2,268,209.8,92.1,44.0,34.7,0,0.00,0.00,0.00,0.00,0,0,0,0
381,118748,M.Salah,12,Liverpool,Midfielder,2018/19,13.0,13.2,259,3254,22,12,21,20,0,0,0,1,0,0,18,687,1186.8,973.9,2168.0,432.7,0,0.00,0.00,0.00,0.00,0,0,0,0
388,206915,C.Jones,12,Liverpool,Midfielder,2018/19,4.5,4.5,0,0,0,0,0,0,0,0,0,0,0,0,0,0,0.0,0.0,0.0,0.0,0,0.00,0.00,0.00,0.00,0,0,0,0
389,444884,Elliott,2,Aston Villa,Midfielder,2018/19,4.0,4.0,2,18,0,0,0,1,0,0,0,0,0,0,0,7,3.8,1.7,17.0,2.2,0,0.00,0.00,0.00,0.00,0,0,0,0
399,121160,Ederson M.,13,Man City,Goalkeeper,2018/19,5.5,5.7,169,3420,0,1,20,23,0,0,0,2,0,58,6,700,535.2,33.0,0.0,56.8,0,0.00,0.00,0.00,0.00,0,0,0,0
401,122074,Bettinelli,13,Man City,Goalkeeper,2018/19,4.5,4.2,15,630,0,0,0,20,0,1,0,1,0,20,0,114,195.0,0.0,0.0,19.4,0,0.00,0.00,0.00,0.00,0,0,0,0
405,126184,Aké,13,Man City,Defender,2018/19,5.0,5.1,120,3411,4,1,10,70,0,0,0,3,0,0,8,716,1002.0,125.9,440.0,156.8,0,0.00,0.00,0.00,0.00,0,0,0,0
409,97299,Stones,13,Man City,Defender,2018/19,5.5,5.2,83,1761,0,0,9,15,0,0,0,1,0,0,9,431,376.6,115.5,49.0,54.1,0,0.00,0.00,0.00,0.00,0,0,0,0
414,209244,Foden,13,Man City,Midfielder,2018/19,5.0,4.5,25,328,1,0,2,0,0,0,0,0,0,0,3,93,85.0,133.8,208.0,42.6,0,0.00,0.00,0.00,0.00,0,0,0,0
416,165809,Bernardo,13,Man City,Midfielder,2018/19,7.5,7.8,154,2849,7,8,15,22,0,0,0,3,0,0,17,649,796.4,1026.3,1069.0,289.6,0,0.00,0.00,0.00,0.00,0,0,0,0
420,59859,Gündoğan,13,Man City,Midfielder,2018/19,5.5,5.4,113,2129,6,3,13,15,0,0,0,3,0,0,10,528,548.8,819.7,447.0,181.6,0,0.00,0.00,0.00,0.00,0,0,0,0
422,91651,Kovačić,13,Man City,Midfielder,2018/19,6.0,5.7,64,1725,0,2,9,19,0,0,0,3,0,0,2,343,315.4,468.8,311.0,109.9,0,0.00,0.00,0.00,0.00,0,0,0,0
434,21205,Heaton,14,Man Utd,Goalkeeper,2018/19,5.0,4.8,58,1710,0,0,4,27,0,0,0,3,0,63,4,323,442.8,20.1,4.0,46.6,0,0.00,0.00,0.00,0.00,0,0,0,0
440,216051,Dalot,14,Man Utd,Defender,2018/19,5.5,5.3,27,1009,0,2,1,18,0,0,0,3,0,0,0,171,184.4,259.0,94.0,53.7,0,0.00,0.00,0.00,0.00,0,0,0,0
442,95658,Maguire,14,Man Utd,Defender,2018/19,5.5,5.4,92,2596,3,1,6,41,0,0,0,6,1,0,10,533,715.8,165.3,462.0,134.3,0,0.00,0.00,0.00,0.00,0,0,0,0
443,106760,Shaw,14,Man Utd,Defender,2018/19,5.0,5.1,91,2591,1,5,6,39,0,0,0,11,0,0,11,489,586.2,505.6,287.0,138.1,0,0.00,0.00,0.00,0.00,0,0,0,0
451,176297,Rashford,14,Man Utd,Midfielder,2018/19,7.0,7.3,128,2331,10,7,6,35,0,0,0,3,1,0,14,425,650.0,542.3,1064.0,224.6,0,0.00,0.00,0.00,0.00,0,0,0,0
469,98747,Pope,15,Newcastle,Goalkeeper,2018/19,5.0,4.8,0,0,0,0,0,0,0,0,0,0,0,0,0,0,0.0,0.0,0.0,0.0,0,0.00,0.00,0.00,0.00,0,0,0,0
470,67089,Dúbravka,3,Burnley,Goalkeeper,2018/19,5.0,5.0,131,3420,0,0,11,48,0,0,0,1,0,96,10,647,783.6,0.0,0.0,78.4,0,0.00,0.00,0.00,0.00,0,0,0,0
474,119471,Schär,15,Newcastle,Defender,2018/19,5.0,4.5,93,2000,4,1,7,23,0,0,0,12,0,0,9,403,669.4,148.6,220.0,103.8,0,0.00,0.00,0.00,0.00,0,0,0,0
476,78916,Burn,15,Newcastle,Defender,2018/19,4.5,4.5,0,0,0,0,0,0,0,0,0,0,0,0,0,0,0.0,0.0,0.0,0.0,0,0.00,0.00,0.00,0.00,0,0,0,0
478,77794,Trippier,15,Newcastle,Defender,2018/19,6.0,6.0,118,2275,1,5,10,23,1,0,0,2,0,0,16,573,601.6,827.0,121.0,155.0,0,0.00,0.00,0.00,0.00,0,0,0,0
480,101148,Lascelles,15,Newcastle,Defender,2018/19,5.0,4.7,95,2745,0,1,10,36,0,0,0,4,0,0,8,539,632.4,46.8,113.0,79.6,0,0.00,0.00,0.00,0.00,0,0,0,0
484,169359,Targett,15,Newcastle,Defender,2018/19,4.5,4.2,36,1185,1,3,0,25,0,0,0,2,0,0,3,229,314.2,366.8,181.0,86.2,0,0.00,0.00,0.00,0.00,0,0,0,0
487,201666,Barnes,15,Newcastle,Midfielder,2018/19,5.5,5.5,43,1001,1,3,1,16,0,0,0,0,0,0,1,139,172.8,242.0,534.0,94.8,0,0.00,0.00,0.00,0.00,0,0,0,0
489,114243,J.Murphy,15,Newcastle,Midfielder,2018/19,5.0,4.7,16,296,0,1,1,8,0,0,0,0,0,0,0,50,53.6,31.1,22.0,10.7,0,0.00,0.00,0.00,0.00,0,0,0,0
493,180135,Longstaff,11,Leeds,Midfielder,2018/19,4.5,4.5,26,686,1,1,3,9,0,0,0,2,0,0,1,117,130.4,71.8,106.0,30.9,0,0.00,0.00,0.00,0.00,0,0,0,0
494,200089,Willock,15,Newcastle,Midfielder,2018/19,4.5,4.5,4,63,0,0,1,1,0,0,0,0,0,0,0,4,1.0,2.5,23.0,2.7,0,0.00,0.00,0.00,0.00,0,0,0,0
495,153127,Hayden,15,Newcastle,Midfielder,2018/19,4.5,4.3,69,1857,1,4,7,25,0,0,0,3,1,0,5,306,412.0,298.8,232.0,94.4,0,0.00,0.00,0.00,0.00,0,0,0,0
514,90585,Boly,16,Nott'm Forest,Defender,2018/19,4.5,4.7,120,3168,4,0,8,43,0,0,0,2,1,0,10,635,954.2,146.9,279.0,137.7,0,0.00,0.00,0.00,0.00,0,0,0,0
515,222531,Gibbs-White,16,Nott'm Forest,Midfielder,2018/19,4.5,4.3,37,645,0,1,4,12,0,0,0,1,0,0,0,113,73.2,181.1,72.0,32.5,0,0.00,0.00,0.00,0.00,0,0,0,0
516,209046,Hudson-Odoi,16,Nott'm Forest,Midfielder,2018/19,4.5,4.2,18,388,0,1,2,5,0,0,0,0,0,0,1,83,89.2,143.2,133.0,36.2,0,0.00,0.00,0.00,0.00,0,0,0,0
525,60689,Wood,16,Nott'm Forest,Forward,2018/19,6.5,6.3,131,2580,10,3,7,49,0,0,0,2,0,0,17,379,475.8,310.3,911.0,167.9,0,0.00,0.00,0.00,0.00,0,0,0,0
571,115556,Davies,18,Spurs,Defender,2018/19,6.0,5.6,66,1837,0,0,6,26,0,0,0,2,0,0,5,361,388.2,256.6,176.0,82.3,0,0.00,0.00,0.00,0.00,0,0,0,0
579,85971,Son,18,Spurs,Midfielder,2018/19,8.5,8.6,159,2033,12,8,10,23,0,0,0,2,1,0,17,489,690.6,508.0,1002.0,219.9,0,0.00,0.00,0.00,0.00,0,0,0,0
581,172780,Maddison,18,Spurs,Midfielder,2018/19,6.5,6.6,137,2831,7,7,8,44,0,0,1,3,1,0,12,619,801.4,1515.0,769.0,308.4,0,0.00,0.00,0.00,0.00,0,0,0,0
587,227127,Bissouma,18,Spurs,Midfielder,2018/19,5.0,4.6,43,1764,0,0,3,32,0,0,0,5,0,0,0,170,253.4,213.0,201.0,66.8,0,0.00,0.00,0.00,0.00,0,0,0,0
596,154566,Solanke,18,Spurs,Forward,2018/19,5.0,4.7,15,340,0,1,0,5,0,0,0,0,0,0,0,45,79.0,96.0,154.0,33.0,0,0.00,0.00,0.00,0.00,0,0,0,0
597,212319,Richarlison,18,Spurs,Forward,2018/19,6.5,6.4,153,2662,13,3,11,36,0,0,0,5,1,0,12,400,698.4,350.7,1209.0,224.5,0,0.00,0.00,0.00,0.00,0,0,0,0
604,109533,Emerson,19,West Ham,Defender,2018/19,5.5,5.2,22,660,0,0,2,11,0,0,0,0,0,0,1,130,104.6,113.8,81.0,30.0,0,0.00,0.00,0.00,0.00,0,0,0,0
605,214048,Kilman,19,West Ham,Defender,2018/19,4.0,4.0,1,1,0,0,0,0,0,0,0,0,0,0,0,3,0.0,0.0,0.0,0.0,0,0.00,0.00,0.00,0.00,0,0,0,0
606,233963,Mavropanos,19,West Ham,Defender,2018/19,5.0,4.7,3,147,0,0,0,1,0,0,0,1,0,0,0,28,27.0,14.1,10.0,5.2,0,0.00,0.00,0.00,0.00,0,0,0,0
610,214590,Wan-Bissaka,19,West Ham,Defender,2018/19,4.0,4.6,120,3134,0,3,12,47,0,0,0,4,1,0,18,672,863.4,266.8,139.0,127.1,0,0.00,0.00,0.00,0.00,0,0,0,0
614,101178,Ward-Prowse,3,Burnley,Midfielder,2018/19,5.5,5.1,94,1940,7,0,3,41,1,0,0,4,0,0,15,390,592.0,695.8,387.0,167.4,0,0.00,0.00,0.00,0.00,0,0,0,0
632,87835,Doherty,20,Wolves,Defender,2018/19,4.5,5.3,144,3141,4,7,8,41,1,0,0,5,0,0,12,596,758.8,547.4,711.0,201.6,0,0.00,0.00,0.00,0.00,0,0,0,0
659,158534,Walker-Peters,19,West Ham,Defender,2018/19,4.5,4.2,28,374,0,3,2,4,0,0,0,1,0,0,4,112,107.4,104.9,20.0,23.1,0,0.00,0.00,0.00,0.00,0,0,0,0
665,201595,Perri,11,Leeds,Goalkeeper,2018/19,4.0,4.0,0,0,0,0,0,0,0,0,0,0,0,0,0,0,0.0,0.0,0.0,0.0,0,0.00,0.00,0.00,0.00,0,0,0,0
666,224117,Gyökeres,1,Arsenal,Forward,2018/19,4.5,4.5,0,0,0,0,0,0,0,0,0,0,0,0,0,0,0.0,0.0,0.0,0.0,0,0.00,0.00,0.00,0.00,0,0,0,0
668,84450,Xhaka,17,Sunderland,Midfielder,2018/19,5.5,5.2,90,2498,4,3,7,37,0,0,0,10,0,0,8,452,634.6,674.0,215.0,152.6,0,0.00,0.00,0.00,0.00,0,0,0,0
671,75115,Wilson,19,West Ham,Forward,2018/19,6.0,6.9,168,2528,14,12,9,47,0,0,1,3,0,0,22,525,737.8,388.4,1137.0,225.0,0,0.00,0.00,0.00,0.00,0,0,0,0
675,107265,Gunn,16,Nott'm Forest,Goalkeeper,2018/19,4.5,4.3,47,1080,0,0,3,18,0,1,0,0,0,33,4,206,239.2,0.0,0.0,23.8,0,0.00,0.00,0.00,0.00,0,0,0,0
678,105717,Masuaku,17,Sunderland,Defender,2018/19,4.5,4.2,49,1757,0,2,4,29,0,0,0,2,0,0,0,311,434.4,212.0,55.0,70.3,0,0.00,0.00,0.00,0.00,0,0,0,0
691,177815,Calvert-Lewin,11,Leeds,Forward,2018/19,5.5,5.4,92,1769,6,5,8,26,0,0,0,3,0,0,3,267,321.8,185.7,618.0,111.5,0,0.00,0.00,0.00,0.00,0,0,0,0
719,184667,Lindelöf,2,Aston Villa,Defender,2018/19,5.0,4.9,85,2600,1,1,6,40,1,0,0,1,0,0,9,527,533.0,75.3,118.0,72.8,0,0.00,0.00,0.00,0.00,0,0,0,0
738,37096,Fabianski,19,West Ham,Goalkeeper,2018/19,4.5,4.7,143,3420,0,0,7,55,0,1,0,0,0,148,15,742,1136.0,20.0,0.0,115.5,0,0.00,0.00,0.00,0.00,0,0,0,0
753,19236,Ruddy,15,Newcastle,Goalkeeper,2018/19,4.5,4.2,7,90,0,0,1,0,0,0,0,0,0,3,0,25,26.6,0.0,0.0,2.7,0,0.00,0.00,0.00,0.00,0,0,0,0
782,40383,Forster,4,Bournemouth,Goalkeeper,2018/19,4.5,4.2,2,90,0,0,0,3,0,0,0,0,0,3,0,13,22.2,0.0,0.0,2.2,0,0.00,0.00,0.00,0.00,0,0,0,0
783,60307,Groß,6,Brighton,Midfielder,2018/19,7.0,6.7,80,1864,3,3,3,31,0,0,1,1,0,0,12,347,456.0,815.3,344.0,161.7,0,0.00,0.00,0.00,0.00,0,0,0,0
808,173879,Abraham,2,Aston Villa,Forward,2018/19,5.5,5.4,0,0,0,0,0,0,0,0,0,0,0,0,0,0,0.0,0.0,0.0,0.0,0,0.00,0.00,0.00,0.00,0,0,0,0
816,209041,Angel,20,Wolves,Midfielder,2018/19,5.0,5.0,2,25,0,0,0,1,0,0,0,0,0,0,0,4,5.2,2.3,18.0,2.6,0,0.00,0.00,0.00,0.00,0,0,0,0
2,109745,Arrizabalaga,1,Arsenal,Goalkeeper,2019/20,5.5,5.4,90,2970,0,0,8,47,0,0,0,0,0,55,0,507,503.6,0.0,0.0,50.2,0,0.00,0.00,0.00,0.00,0,0,0,0
12,206325,Zinchenko,16,Nott'm Forest,Defender,2019/20,5.5,5.2,49,1271,0,0,6,15,0,0,0,0,1,0,1,295,232.0,375.8,102.0,71.2,0,0.00,0.00,0.00,0.00,0,0,0,0
16,223340,Saka,1,Arsenal,Midfielder,2019/20,4.5,4.7,71,1746,1,6,7,18,0,0,0,6,0,0,4,259,327.2,322.5,248.0,89.8,0,0.00,0.00,0.00,0.00,0,0,0,0
19,444145,Martinelli,1,Arsenal,Midfielder,2019/20,4.5,4.2,39,656,3,1,2,9,0,0,0,1,0,0,5,129,162.8,36.6,226.0,42.5,0,0.00,0.00,0.00,0.00,0,0,0,0
20,116216,Trossard,1,Arsenal,Midfielder,2019/20,6.0,5.8,104,2004,5,5,4,34,0,0,0,0,0,0,9,352,411.4,585.4,540.0,153.2,0,0.00,0.00,0.00,0.00,0,0,0,0
21,204480,Rice,1,Arsenal,Midfielder,2019/20,5.0,4.7,105,3420,1,5,7,62,0,0,0,6,0,0,8,616,715.8,350.8,259.0,132.5,0,0.00,0.00,0.00,0.00,0,0,0,0
27,200641,Nelson,5,Brentford,Midfielder,2019/20,5.5,5.3,30,622,1,1,2,7,0,0,0,1,0,0,0,105,110.4,148.3,185.0,44.4,0,0.00,0.00,0.00,0.00,0,0,0,0
31,205651,G.Jesus,1,Arsenal,Forward,2019/20,9.5,9.9,146,2018,14,8,12,14,0,0,1,3,0,0,17,535,757.6,447.7,1620.0,282.1,0,0.00,0.00,0.00,0.00,0,0,0,0
32,98980,Martinez,2,Aston Villa,Goalkeeper,2019/20,4.5,4.4,33,770,0,0,3,9,0,0,0,2,0,34,1,169,256.8,0.0,0.0,25.8,0,0.00,0.00,0.00,0.00,0,0,0,0
37,101188,Digne,2,Aston Villa,Defender,2019/20,6.0,5.9,120,3031,0,8,9,49,1,0,0,6,0,0,16,646,743.0,1112.0,293.0,215.0,0,0.00,0.00,0.00,0.00,0,0,0,0
38,199798,Konsa,2,Aston Villa,Defender,2019/20,4.5,4.3,65,2038,1,2,5,39,0,0,0,3,0,0,4,335,400.6,151.8,173.0,72.8,0,0.00,0.00,0.00,0.00,0,0,0,0
40,149484,Mings,2,Aston Villa,Defender,2019/20,4.5,4.4,90,2902,2,2,6,53,0,0,0,7,0,0,9,537,758.0,87.3,119.0,96.6,0,0.00,0.00,0.00,0.00,0,0,0,0
48,166989,Tielemans,2,Aston Villa,Midfielder,2019/20,6.5,6.1,117,2823,3,6,12,35,0,0,0,2,0,0,5,531,566.6,805.4,502.0,187.6,0,0.00,0.00,0.00,0.00,0,0,0,0
50,195546,Buendía,2,Aston Villa,Midfielder,2019/20,6.0,6.0,94,2458,1,7,3,54,0,0,0,6,1,0,12,464,711.6,1196.7,401.0,231.1,0,0.00,0.00,0.00,0.00,0,0,0,0
54,122806,McGinn,2,Aston Villa,Midfielder,2019/20,5.5,5.2,84,2312,3,3,6,41,0,0,0,3,0,0,4,321,458.6,503.3,499.0,145.9,0,0.00,0.00,0.00,0.00,0,0,0,0
55,88894,Barkley,2,Aston Villa,Midfielder,2019/20,6.0,5.6,61,1095,1,5,5,14,0,0,0,0,0,0,5,208,266.0,344.3,373.0,98.2,0,0.00,0.00,0.00,0.00,0,0,0,0
61,151589,Dendoncker,2,Aston Villa,Midfielder,2019/20,4.5,4.4,100,2790,4,0,11,34,1,0,0,5,0,0,9,426,529.2,160.6,282.0,96.8,0,0.00,0.00,0.00,0.00,0,0,0,0
73,54469,Smith,4,Bournemouth,Defender,2019/20,4.5,4.3,49,2055,0,1,4,40,0,0,0,7,0,0,3,309,309.6,183.0,97.0,58.8,0,0.00,0.00,0.00,0.00,0,0,0,0
79,223911,Mepham,4,Bournemouth,Defender,2019/20,4.5,4.3,27,911,1,0,1,19,0,0,0,1,0,0,2,165,276.8,20.8,138.0,43.7,0,0.00,0.00,0.00,0.00,0,0,0,0
86,111317,Brooks,4,Bournemouth,Midfielder,2019/20,6.5,6.1,21,505,1,0,1,12,0,0,0,1,0,0,1,73,82.2,100.8,71.0,25.4,0,0.00,0.00,0.00,0.00,0,0,0,0
88,155408,Cook,4,Bournemouth,Midfielder,2019/20,5.0,5.0,40,1340,0,1,2,30,0,0,0,5,0,0,0,183,187.8,183.1,68.0,43.8,0,0.00,0.00,0.00,0.00,0,0,0,0
89,168991,Philip,4,Bournemouth,Midfielder,2019/20,5.0,4.9,68,2526,1,1,5,41,0,0,0,8,0,0,5,347,545.4,239.8,342.0,112.9,0,0.00,0.00,0.00,0.00,0,0,0,0
101,200720,Kelleher,5,Brentford,Goalkeeper,2019/20,4.5,4.4,0,0,0,0,0,0,0,0,0,0,0,0,0,0,0.0,0.0,0.0,0.0,0,0.00,0.00,0.00,0.00,0,0,0,0
124,56979,Henderson,5,Brentford,Midfielder,2019/20,5.5,5.2,116,2234,4,5,16,14,0,0,0,2,0,0,11,530,582.6,425.9,275.0,128.5,0,0.00,0.00,0.00,0.00,0,0,0,0
146,83299,Dunk,6,Brighton,Defender,2019/20,4.5,4.8,128,3230,3,3,9,50,0,0,0,9,0,0,17,674,825.6,171.8,469.0,146.8,0,0.00,0.00,0.00,0.00,0,0,0,0
150,232792,Lamptey,6,Brighton,Defender,2019/20,4.0,4.1,26,619,0,1,3,8,0,0,0,2,0,0,0,136,91.8,82.1,27.0,20.2,0,0.00,0.00,0.00,0.00,0,0,0,0
153,110735,Webster,6,Brighton,Defender,2019/20,4.5,4.4,88,2668,3,1,5,44,1,0,0,4,0,0,7,514,696.6,153.2,221.0,107.3,0,0.00,0.00,0.00,0.00,0,0,0,0
159,109345,March,6,Brighton,Midfielder,2019/20,5.0,4.6,38,1139,0,1,4,15,0,0,0,2,0,0,3,129,189.4,239.6,274.0,70.4,0,0.00,0.00,0.00,0.00,0,0,0,0
170,15157,Milner,6,Brighton,Midfielder,2019/20,5.5,5.3,49,924,2,2,4,9,0,0,0,4,0,0,3,198,237.2,177.1,100.0,51.4,0,0.00,0.00,0.00,0.00,0,0,0,0
178,50175,Welbeck,6,Brighton,Forward,2019/20,6.0,5.8,39,813,2,1,1,15,0,0,0,0,0,0,3,93,128.2,51.5,350.0,53.0,0,0.00,0.00,0.00,0.00,0,0,0,0
187,58621,Walker,3,Burnley,Defender,2019/20,6.0,5.7,114,2392,1,4,12,24,0,0,0,5,0,0,7,573,435.6,394.4,169.0,100.1,0,0.00,0.00,0.00,0.00,0,0,0,0
198,180804,Tuanzebe,3,Burnley,Defender,2019/20,4.5,4.4,7,187,0,0,0,3,0,0,0,0,0,0,0,30,17.6,6.2,0.0,2.4,0,0.00,0.00,0.00,0.00,0,0,0,0
218,44699,Barnes,3,Burnley,Forward,2019/20,6.5,6.1,61,1350,6,0,8,21,0,0,0,4,0,0,6,161,226.2,85.1,474.0,75.9,0,0.00,0.00,0.00,0.00,0,0,0,0
219,220598,Obafemi,3,Burnley,Forward,2019/20,5.0,4.9,45,655,3,2,3,12,0,0,0,1,0,0,2,165,170.8,130.7,235.0,53.4,0,0.00,0.00,0.00,0.00,0,0,0,0
225,225796,James,7,Chelsea,Defender,2019/20,5.0,4.9,61,1510,0,2,5,23,0,0,0,1,0,0,5,373,343.6,428.8,143.0,91.8,0,0.00,0.00,0.00,0.00,0,0,0,0
235,244851,Palmer,7,Chelsea,Midfielder,2019/20,4.5,4.5,0,0,0,0,0,0,0,0,0,0,0,0,0,0,0.0,0.0,0.0,0.0,0,0.00,0.00,0.00,0.00,0,0,0,0
236,247632,Neto,7,Chelsea,Midfielder,2019/20,5.0,4.9,57,920,3,3,1,12,0,0,0,3,0,0,0,194,227.8,232.0,260.0,71.8,0,0.00,0.00,0.00,0.00,0,0,0,0
249,475168,João Pedro,7,Chelsea,Forward,2019/20,5.0,4.8,3,22,0,0,0,1,0,0,0,0,0,0,0,8,4.2,6.4,8.0,1.7,0,0.00,0.00,0.00,0.00,0,0,0,0
253,172649,Henderson,8,Crystal Palace,Goalkeeper,2019/20,4.5,5.2,160,3240,0,1,13,33,0,1,0,2,0,97,16,688,718.8,10.0,18.0,74.8,0,0.00,0.00,0.00,0.00,0,0,0,0
258,244723,Mitchell,8,Crystal Palace,Defender,2019/20,4.0,4.0,4,193,0,0,0,4,0,0,0,1,0,0,0,23,36.4,58.7,2.0,9.7,0,0.00,0.00,0.00,0.00,0,0,0,0
260,209036,Guéhi,13,Man City,Defender,2019/20,4.0,3.9,0,0,0,0,0,0,0,0,0,0,0,0,0,0,0.0,0.0,0.0,0.0,0,0.00,0.00,0.00,0.00,0,0,0,0
264,156074,Holding,8,Crystal Palace,Defender,2019/20,4.5,4.4,16,580,0,0,1,9,0,0,0,1,0,0,2,96,133.6,4.8,19.0,15.8,0,0.00,0.00,0.00,0.00,0,0,0,0
267,232185,Sarr,8,Crystal Palace,Midfielder,2019/20,6.5,5.9,107,2023,5,7,6,35,0,0,0,1,0,0,7,300,392.0,391.9,637.0,142.2,0,0.00,0.00,0.00,0.00,0,0,0,0
270,108413,Hughes,8,Crystal Palace,Midfielder,2019/20,5.5,5.3,62,2249,1,1,5,46,0,0,0,9,0,0,3,265,352.2,413.1,270.0,103.6,0,0.00,0.00,0.00,0.00,0,0,0,0
272,152551,Lerma,8,Crystal Palace,Midfielder,2019/20,5.0,4.8,65,2702,1,2,4,49,0,0,0,11,1,0,2,376,439.0,189.4,169.0,79.4,0,0.00,0.00,0.00,0.00,0,0,0,0
284,205533,Nketiah,8,Crystal Palace,Forward,2019/20,4.5,4.3,25,628,2,0,3,9,0,0,0,0,1,0,1,66,90.4,67.0,210.0,36.4,0,0.00,0.00,0.00,0.00,0,0,0,0
287,111234,Pickford,9,Everton,Goalkeeper,2019/20,5.5,5.2,117,3420,0,0,9,56,0,0,0,2,0,94,5,626,755.6,13.0,0.0,76.7,0,0.00,0.00,0.00,0.00,0,0,0,0
288,229600,Travers,9,Everton,Goalkeeper,2019/20,4.5,4.2,1,90,0,0,0,3,0,0,0,0,0,2,0,9,15.2,0.0,0.0,1.5,0,0.00,0.00,0.00,0.00,0,0,0,0
290,480455,Branthwaite,9,Everton,Defender,2019/20,4.0,4.0,11,299,0,0,1,6,0,0,0,0,0,0,2,69,66.0,2.2,0.0,6.9,0,0.00,0.00,0.00,0.00,0,0,0,0
291,17761,Tarkowski,9,Everton,Defender,2019/20,5.0,5.5,143,3420,2,3,15,50,0,0,0,10,0,0,14,690,919.8,167.1,410.0,149.9,0,0.00,0.00,0.00,0.00,0,0,0,0
294,59949,Coleman,9,Everton,Defender,2019/20,5.5,5.3,55,1833,0,1,5,29,0,0,0,3,1,0,2,325,321.2,149.0,175.0,64.6,0,0.00,0.00,0.00,0.00,0,0,0,0
295,106611,Keane,9,Everton,Defender,2019/20,5.5,5.2,90,2556,2,0,7,42,1,0,0,3,0,0,9,490,666.4,80.0,204.0,95.2,0,0.00,0.00,0.00,0.00,0,0,0,0
300,433154,McNeil,9,Everton,Midfielder,2019/20,6.0,6.0,123,3339,2,7,16,48,0,0,0,5,0,0,6,529,644.2,931.4,430.0,200.6,0,0.00,0.00,0.00,0.00,0,0,0,0
302,80801,Gana,9,Everton,Midfielder,2019/20,5.0,5.0,0,0,0,0,0,0,0,0,0,0,0,0,0,0,0.0,0.0,0.0,0.0,0,0.00,0.00,0.00,0.00,0,0,0,0
303,232928,Garner,9,Everton,Midfielder,2019/20,4.5,4.3,1,8,0,0,0,1,0,0,0,0,0,0,0,3,2.2,2.8,0.0,0.5,0,0.00,0.00,0.00,0.00,0,0,0,0
314,80201,Leno,10,Fulham,Goalkeeper,2019/20,5.0,4.8,114,2649,0,0,7,39,0,1,0,2,0,113,10,591,843.2,0.0,0.0,84.1,0,0.00,0.00,0.00,0.00,0,0,0,0
320,219924,Diop,10,Fulham,Defender,2019/20,4.5,4.3,76,2765,3,1,4,54,0,0,0,8,0,0,3,424,610.0,64.3,210.0,88.7,0,0.00,0.00,0.00,0.00,0,0,0,0
324,153133,Iwobi,10,Fulham,Midfielder,2019/20,6.0,5.6,52,1591,1,0,4,30,0,0,0,0,0,0,2,227,246.4,383.7,329.0,95.9,0,0.00,0.00,0.00,0.00,0,0,0,0
325,209289,Smith Rowe,10,Fulham,Midfielder,2019/20,4.5,4.3,4,96,0,0,1,0,0,0,0,0,0,0,0,13,9.8,6.3,0.0,1.6,0,0.00,0.00,0.00,0.00,0,0,0,0
326,159533,Adama,19,West Ham,Midfielder,2019/20,5.0,5.6,130,2599,4,9,7,33,0,0,0,1,0,0,14,522,727.2,786.4,583.0,209.7,0,0.00,0.00,0.00,0.00,0,0,0,0
327,156689,Andreas,10,Fulham,Midfielder,2019/20,5.0,4.7,60,1478,1,3,6,16,0,0,0,3,0,0,1,198,245.6,432.1,343.0,102.3,0,0.00,0.00,0.00,0.00,0,0,0,0
328,184349,Sessegnon,10,Fulham,Midfielder,2019/20,5.5,5.4,9,341,0,0,0,5,0,0,0,0,0,0,0,41,45.4,39.9,34.0,11.9,0,0.00,0.00,0.00,0.00,0,0,0,0
329,153682,Wilson,10,Fulham,Midfielder,2019/20,6.0,5.7,91,1637,7,1,2,32,0,0,0,2,0,0,7,295,377.4,242.1,667.0,128.5,0,0.00,0.00,0.00,0.00,0,0,0,0
330,207189,Berge,10,Fulham,Midfielder,2019/20,5.0,4.7,40,943,1,1,4,11,0,0,0,0,0,0,3,147,152.4,66.0,82.0,30.3,0,0.00,0.00,0.00,0.00,0,0,0,0
337,102057,Raúl,10,Fulham,Forward,2019/20,7.5,8.0,194,3241,17,7,15,36,0,0,0,3,0,0,33,685,911.6,668.2,1680.0,325.4,0,0.00,0.00,0.00,0.00,0,0,0,0
341,59735,Darlow,11,Leeds,Goalkeeper,2019/20,4.5,4.3,0,0,0,0,0,0,0,0,0,0,0,0,0,0,0.0,0.0,0.0,0.0,0,0.00,0.00,0.00,0.00,0,0,0,0
346,113564,Byram,11,Leeds,Defender,2019/20,4.5,4.3,32,1292,0,0,3,23,0,0,0,4,0,0,2,201,273.2,109.2,218.0,60.2,0,0.00,0.00,0.00,0.00,0,0,0,0
353,200617,James,11,Leeds,Midfielder,2019/20,6.0,5.7,95,2281,3,6,7,29,0,0,0,4,0,0,2,308,415.2,428.1,622.0,146.0,0,0.00,0.00,0.00,0.00,0,0,0,0
354,199598,Ampadu,11,Leeds,Midfielder,2019/20,4.5,4.3,0,0,0,0,0,0,0,0,0,0,0,0,0,0,0.0,0.0,0.0,0.0,0,0.00,0.00,0.00,0.00,0,0,0,0
366,116535,A.Becker,12,Liverpool,Goalkeeper,2019/20,6.0,6.2,122,2543,0,1,13,24,0,0,0,0,1,58,11,558,503.0,10.0,0.0,51.5,0,0.00,0.00,0.00,0.00,0,0,0,0
369,155503,Woodman,12,Liverpool,Goalkeeper,2019/20,4.0,3.9,0,0,0,0,0,0,0,0,0,0,0,0,0,0,0.0,0.0,0.0,0.0,0,0.00,0.00,0.00,0.00,0,0,0,0
372,122798,Robertson,12,Liverpool,Defender,2019/20,7.0,7.0,181,3111,2,12,13,31,0,0,0,2,0,0,20,847,845.8,980.2,389.0,221.7,0,0.00,0.00,0.00,0.00,0,0,0,0
373,97032,Virgil,12,Liverpool,Defender,2019/20,6.5,6.5,178,3420,5,2,15,33,0,0,0,1,0,0,14,804,930.2,152.4,467.0,154.8,0,0.00,0.00,0.00,0.00,0,0,0,0
376,171287,Gomez,12,Liverpool,Defender,2019/20,5.5,5.3,93,1999,0,0,12,16,0,0,0,7,0,0,7,461,390.6,105.7,12.0,50.9,0,0.00,0.00,0.00,0.00,0,0,0,0
381,118748,M.Salah,12,Liverpool,Midfielder,2019/20,12.5,12.5,233,2879,19,10,16,26,0,0,0,1,0,0,26,661,1061.2,834.8,2156.0,405.1,0,0.00,0.00,0.00,0.00,0,0,0,0
386,243016,Mac Allister,12,Liverpool,Midfielder,2019/20,5.5,5.4,12,348,0,0,0,6,0,0,0,0,0,0,0,35,28.4,73.8,66.0,16.9,0,0.00,0.00,0.00,0.00,0,0,0,0
388,206915,C.Jones,12,Liverpool,Midfielder,2019/20,4.5,4.5,13,121,1,0,1,1,0,0,0,0,0,0,0,46,49.4,15.6,65.0,12.9,0,0.00,0.00,0.00,0.00,0,0,0,0
389,444884,Elliott,2,Aston Villa,Midfielder,2019/20,4.5,4.5,2,7,0,0,0,0,0,0,0,0,0,0,0,6,1.8,1.7,0.0,0.4,0,0.00,0.00,0.00,0.00,0,0,0,0
399,121160,Ederson M.,13,Man City,Goalkeeper,2019/20,6.0,6.1,133,3071,0,0,16,31,0,0,0,3,1,68,2,645,608.6,16.0,0.0,62.3,0,0.00,0.00,0.00,0.00,0,0,0,0
405,126184,Aké,13,Man City,Defender,2019/20,5.0,4.8,79,2503,2,2,4,46,0,0,0,2,0,0,6,499,691.2,92.7,326.0,111.0,0,0.00,0.00,0.00,0.00,0,0,0,0
409,97299,Stones,13,Man City,Defender,2019/20,5.5,5.3,34,1118,0,0,3,16,0,0,0,0,0,0,0,231,216.4,53.0,66.0,33.7,0,0.00,0.00,0.00,0.00,0,0,0,0
414,209244,Foden,13,Man City,Midfielder,2019/20,5.5,5.5,69,888,5,2,4,7,0,0,0,0,0,0,4,261,312.2,301.6,466.0,108.1,0,0.00,0.00,0.00,0.00,0,0,0,0
416,165809,Bernardo,13,Man City,Midfielder,2019/20,8.0,7.6,116,2021,6,7,9,24,0,0,0,5,0,0,7,526,626.2,773.2,927.0,232.5,0,0.00,0.00,0.00,0.00,0,0,0,0
419,114283,Grealish,9,Everton,Midfielder,2019/20,6.0,5.9,149,3233,8,7,7,63,0,0,1,8,0,0,19,601,826.6,1209.2,837.0,287.0,0,0.00,0.00,0.00,0.00,0,0,0,0
420,59859,Gündoğan,13,Man City,Midfielder,2019/20,5.5,5.1,65,2012,2,1,7,28,0,0,1,7,0,0,4,382,408.4,592.3,374.0,137.5,0,0.00,0.00,0.00,0.00,0,0,0,0
421,220566,Rodrigo,13,Man City,Midfielder,2019/20,5.5,5.3,92,2480,3,2,14,27,0,0,0,8,0,0,5,516,599.2,532.6,193.0,132.3,0,0.00,0.00,0.00,0.00,0,0,0,0
422,91651,Kovačić,13,Man City,Midfielder,2019/20,5.5,5.3,68,2065,1,3,4,37,0,0,0,8,0,0,6,461,497.0,458.5,186.0,114.0,0,0.00,0.00,0.00,0.00,0,0,0,0
434,21205,Heaton,14,Man Utd,Goalkeeper,2019/20,4.5,4.3,59,1794,0,0,4,35,1,0,0,0,0,67,3,346,507.4,0.3,0.0,50.7,0,0.00,0.00,0.00,0.00,0,0,0,0
440,216051,Dalot,14,Man Utd,Defender,2019/20,5.0,4.9,4,65,0,0,0,1,0,0,0,0,0,0,0,10,10.4,4.3,6.0,1.9,0,0.00,0.00,0.00,0.00,0,0,0,0
442,95658,Maguire,14,Man Utd,Defender,2019/20,5.5,5.3,123,3420,1,0,13,36,0,0,0,6,0,0,5,681,772.0,214.6,371.0,136.2,0,0.00,0.00,0.00,0.00,0,0,0,0
443,106760,Shaw,14,Man Utd,Defender,2019/20,5.5,5.4,67,1730,0,0,8,15,0,0,0,7,0,0,2,381,344.2,321.2,187.0,85.1,0,0.00,0.00,0.00,0.00,0,0,0,0
449,141746,B.Fernandes,14,Man Utd,Midfielder,2019/20,8.0,9.0,117,1187,8,8,9,6,0,0,0,2,0,0,18,366,551.8,479.3,361.0,139.2,0,0.00,0.00,0.00,0.00,0,0,0,0
451,176297,Rashford,14,Man Utd,Midfielder,2019/20,8.5,8.9,177,2645,17,8,9,29,0,0,2,3,0,0,31,665,887.0,563.7,1265.0,271.7,0,0.00,0.00,0.00,0.00,0,0,0,0
455,184341,Mount,14,Man Utd,Midfielder,2019/20,6.0,6.0,137,2865,7,6,9,44,0,0,0,3,0,0,11,510,641.2,814.0,974.0,242.8,0,0.00,0.00,0.00,0.00,0,0,0,0
469,98747,Pope,15,Newcastle,Goalkeeper,2019/20,4.5,5.2,170,3420,0,0,15,50,0,1,0,1,0,120,23,789,900.0,30.3,2.0,93.1,0,0.00,0.00,0.00,0.00,0,0,0,0
470,67089,Dúbravka,3,Burnley,Goalkeeper,2019/20,5.0,5.1,143,3420,0,0,11,58,0,0,0,0,0,139,7,719,1019.0,0.0,0.0,102.0,0,0.00,0.00,0.00,0.00,0,0,0,0
474,119471,Schär,15,Newcastle,Defender,2019/20,5.0,5.0,55,1669,2,1,4,38,0,0,0,5,0,0,2,297,440.6,58.3,179.0,67.8,0,0.00,0.00,0.00,0.00,0,0,0,0
476,78916,Burn,15,Newcastle,Defender,2019/20,4.5,4.5,86,2879,0,0,9,42,0,0,0,5,0,0,3,480,602.8,311.9,128.0,104.2,0,0.00,0.00,0.00,0.00,0,0,0,0
478,77794,Trippier,15,Newcastle,Defender,2019/20,5.5,5.5,0,0,0,0,0,0,0,0,0,0,0,0,0,0,0.0,0.0,0.0,0.0,0,0.00,0.00,0.00,0.00,0,0,0,0
479,111773,Krafth,15,Newcastle,Defender,2019/20,4.5,4.3,37,1015,0,1,3,23,0,0,0,0,0,0,2,187,184.4,28.8,39.0,25.2,0,0.00,0.00,0.00,0.00,0,0,0,0
480,101148,Lascelles,15,Newcastle,Defender,2019/20,4.5,4.2,73,2076,1,0,8,31,0,0,0,5,0,0,3,358,403.0,28.1,125.0,55.7,0,0.00,0.00,0.00,0.00,0,0,0,0
484,169359,Targett,15,Newcastle,Defender,2019/20,4.5,4.3,80,2291,1,3,5,40,0,0,0,4,0,0,10,433,503.8,432.9,130.0,106.9,0,0.00,0.00,0.00,0.00,0,0,0,0
485,232826,Gordon,15,Newcastle,Midfielder,2019/20,4.5,4.5,17,436,0,1,0,6,0,0,0,0,0,0,1,63,76.0,98.4,44.0,21.8,0,0.00,0.00,0.00,0.00,0,0,0,0
487,201666,Barnes,15,Newcastle,Midfielder,2019/20,6.0,5.8,133,2075,6,10,9,24,0,0,0,0,0,0,9,394,525.0,517.4,893.0,193.7,0,0.00,0.00,0.00,0.00,0,0,0,0
489,114243,J.Murphy,15,Newcastle,Midfielder,2019/20,5.0,4.7,0,0,0,0,0,0,0,0,0,0,0,0,0,0,0.0,0.0,0.0,0.0,0,0.00,0.00,0.00,0.00,0,0,0,0
490,180974,Joelinton,15,Newcastle,Midfielder,2019/20,6.0,5.5,78,2678,2,2,9,46,0,0,0,7,0,0,3,236,330.8,433.4,641.0,140.5,0,0.00,0.00,0.00,0.00,0,0,0,0
493,180135,Longstaff,11,Leeds,Midfielder,2019/20,5.0,5.0,44,1370,1,2,2,26,0,0,0,2,1,0,0,181,235.8,217.1,155.0,60.8,0,0.00,0.00,0.00,0.00,0,0,0,0
494,200089,Willock,15,Newcastle,Midfielder,2019/20,5.0,4.7,41,838,1,1,1,16,0,0,0,2,0,0,0,150,176.8,165.9,212.0,55.2,0,0.00,0.00,0.00,0.00,0,0,0,0
495,153127,Hayden,15,Newcastle,Midfielder,2019/20,4.5,4.4,73,2220,1,4,8,36,0,0,0,4,1,0,3,309,368.6,227.6,189.0,78.5,0,0.00,0.00,0.00,0.00,0,0,0,0
508,215136,N.Williams,16,Nott'm Forest,Defender,2019/20,4.0,4.0,14,228,0,0,1,2,0,0,0,1,0,0,3,53,49.4,53.3,98.0,20.0,0,0.00,0.00,0.00,0.00,0,0,0,0
514,90585,Boly,16,Nott'm Forest,Defender,2019/20,5.0,4.9,97,1980,0,1,12,15,0,0,0,1,1,0,10,470,477.0,85.8,119.0,68.4,0,0.00,0.00,0.00,0.00,0,0,0,0
515,222531,Gibbs-White,16,Nott'm Forest,Midfielder,2019/20,5.0,4.7,11,125,0,1,0,2,0,0,0,0,0,0,0,39,6.6,44.1,12.0,6.3,0,0.00,0.00,0.00,0.00,0,0,0,0
516,209046,Hudson-Odoi,16,Nott'm Forest,Midfielder,2019/20,6.0,5.1,53,849,1,5,2,14,0,0,0,1,0,0,3,197,235.2,341.4,325.0,89.9,0,0.00,0.00,0.00,0.00,0,0,0,0
525,60689,Wood,16,Nott'm Forest,Forward,2019/20,6.5,6.2,136,2436,14,1,11,33,1,0,0,1,0,0,21,384,552.2,299.6,1070.0,190.8,0,0.00,0.00,0.00,0.00,0,0,0,0
529,74854,Moore,17,Sunderland,Goalkeeper,2019/20,4.5,4.3,3,180,0,0,0,6,0,0,0,0,0,5,0,23,28.0,0.0,0.0,2.8,0,0.00,0.00,0.00,0.00,0,0,0,0
535,461195,Cirkin,17,Sunderland,Defender,2019/20,4.0,4.0,0,0,0,0,0,0,0,0,0,0,0,0,0,0,0.0,0.0,0.0,0.0,0,0.00,0.00,0.00,0.00,0,0,0,0
545,124165,Roberts,17,Sunderland,Midfielder,2019/20,5.5,5.0,3,24,0,0,0,2,0,0,0,0,0,0,0,12,4.4,0.6,0.0,0.5,0,0.00,0.00,0.00,0.00,0,0,0,0
566,214572,Austin,18,Spurs,Goalkeeper,2019/20,4.0,4.0,0,0,0,0,0,0,0,0,0,0,0,0,0,0,0.0,0.0,0.0,0.0,0,0.00,0.00,0.00,0.00,0,0,0,0
570,135720,Danso,18,Spurs,Defender,2019/20,4.5,4.2,9,275,0,1,1,8,0,0,0,0,1,0,0,46,58.4,26.0,6.0,8.9,0,0.00,0.00,0.00,0.00,0,0,0,0
571,115556,Davies,18,Spurs,Defender,2019/20,5.5,5.3,41,1430,0,0,4,19,0,0,0,6,0,0,2,223,279.8,172.4,94.0,54.4,0,0.00,0.00,0.00,0.00,0,0,0,0
579,85971,Son,18,Spurs,Midfielder,2019/20,9.5,9.7,169,2478,11,13,7,32,0,0,1,0,2,0,18,544,800.6,606.1,1144.0,254.6,0,0.00,0.00,0.00,0.00,0,0,0,0
581,172780,Maddison,18,Spurs,Midfielder,2019/20,7.0,7.3,125,2624,6,5,10,26,0,0,0,4,0,0,14,548,642.4,1246.4,702.0,259.2,0,0.00,0.00,0.00,0.00,0,0,0,0
587,227127,Bissouma,18,Spurs,Midfielder,2019/20,5.0,5.0,39,1253,1,0,4,18,0,0,0,4,0,0,0,207,238.8,110.6,101.0,45.1,0,0.00,0.00,0.00,0.00,0,0,0,0
596,154566,Solanke,18,Spurs,Forward,2019/20,5.5,5.1,69,1637,3,2,1,39,0,0,0,1,0,0,3,177,223.2,202.5,569.0,99.4,0,0.00,0.00,0.00,0.00,0,0,0,0
597,212319,Richarlison,18,Spurs,Forward,2019/20,8.0,8.2,165,3070,13,5,9,51,0,0,0,8,0,0,13,519,814.6,478.1,1233.0,252.3,0,0.00,0.00,0.00,0.00,0,0,0,0
604,109533,Emerson,19,West Ham,Defender,2019/20,5.5,5.4,19,1022,0,0,1,21,0,0,0,3,0,0,0,181,207.8,298.7,225.0,73.2,0,0.00,0.00,0.00,0.00,0,0,0,0
605,214048,Kilman,19,West Ham,Defender,2019/20,4.0,3.9,5,184,0,0,0,2,0,0,0,0,0,0,0,24,35.2,1.2,0.0,3.7,0,0.00,0.00,0.00,0.00,0,0,0,0
606,233963,Mavropanos,19,West Ham,Defender,2019/20,4.5,4.3,0,0,0,0,0,0,0,0,0,0,0,0,0,0,0.0,0.0,0.0,0.0,0,0.00,0.00,0.00,0.00,0,0,0,0
610,214590,Wan-Bissaka,19,West Ham,Defender,2019/20,5.5,5.5,127,3070,0,4,12,33,0,0,0,8,0,0,16,659,749.2,443.3,133.0,132.8,0,0.00,0.00,0.00,0.00,0,0,0,0
613,215439,Souček,19,West Ham,Midfielder,2019/20,5.0,4.8,41,1039,3,0,1,18,1,0,0,0,0,0,3,155,254.2,73.1,293.0,62.1,0,0.00,0.00,0.00,0.00,0,0,0,0
614,101178,Ward-Prowse,3,Burnley,Midfielder,2019/20,6.0,5.7,117,3420,5,4,9,60,0,0,2,9,0,0,8,587,864.6,989.9,548.0,240.7,0,0.00,0.00,0.00,0.00,0,0,0,0
624,178186,Bowen,19,West Ham,Forward,2019/20,6.5,6.4,44,916,1,4,1,13,0,0,0,0,0,0,3,173,221.4,235.0,342.0,79.8,0,0.00,0.00,0.00,0.00,0,0,0,0
632,87835,Doherty,20,Wolves,Defender,2019/20,6.0,6.5,167,2836,4,8,12,31,0,0,0,1,0,0,15,590,576.2,340.5,681.0,160.0,0,0.00,0.00,0.00,0.00,0,0,0,0
638,441271,Hoever,20,Wolves,Defender,2019/20,4.0,3.9,0,0,0,0,0,0,0,0,0,0,0,0,0,0,0.0,0.0,0.0,0.0,0,0.00,0.00,0.00,0.00,0,0,0,0
659,158534,Walker-Peters,19,West Ham,Defender,2019/20,5.0,4.4,32,944,0,1,2,12,0,0,0,1,0,0,2,194,168.2,108.6,48.0,32.2,0,0.00,0.00,0.00,0.00,0,0,0,0
668,84450,Xhaka,17,Sunderland,Midfielder,2019/20,5.5,5.1,73,2586,1,2,10,31,0,0,0,10,0,0,2,408,486.2,298.5,110.0,89.9,0,0.00,0.00,0.00,0.00,0,0,0,0
671,75115,Wilson,19,West Ham,Forward,2019/20,8.0,7.4,116,2906,8,6,4,53,0,0,0,9,0,0,8,321,397.4,391.1,848.0,162.6,0,0.00,0.00,0.00,0.00,0,0,0,0
674,225321,Ramsdale,15,Newcastle,Goalkeeper,2019/20,4.5,4.4,126,3330,0,1,5,62,0,1,0,0,0,128,13,680,973.8,24.0,0.0,99.7,0,0.00,0.00,0.00,0.00,0,0,0,0
675,107265,Gunn,16,Nott'm Forest,Goalkeeper,2019/20,4.5,4.2,29,900,0,0,2,25,0,0,0,0,0,30,3,166,219.4,0.0,0.0,22.1,0,0.00,0.00,0.00,0.00,0,0,0,0
678,105717,Masuaku,17,Sunderland,Defender,2019/20,4.5,4.1,26,930,0,1,2,18,0,0,0,4,1,0,3,166,240.8,128.6,53.0,42.4,0,0.00,0.00,0.00,0.00,0,0,0,0
680,440323,Broja,3,Burnley,Forward,2019/20,4.5,4.5,1,4,0,0,0,0,0,0,0,0,0,0,0,2,0.0,0.3,0.0,0.0,0,0.00,0.00,0.00,0.00,0,0,0,0
691,177815,Calvert-Lewin,11,Leeds,Forward,2019/20,6.0,6.1,126,2621,13,1,8,43,0,0,0,9,0,0,15,385,562.8,241.4,1272.0,206.3,0,0.00,0.00,0.00,0.00,0,0,0,0
699,230046,Douglas Luiz,2,Aston Villa,Midfielder,2019/20,4.5,4.3,90,2604,3,2,8,51,0,0,0,8,0,0,5,411,508.6,293.2,377.0,118.0,0,0.00,0.00,0.00,0.00,0,0,0,0
706,220627,Justin,11,Leeds,Defender,2019/20,5.0,4.7,35,1010,0,1,4,14,1,0,0,1,0,0,0,196,240.6,195.0,61.0,49.6,0,0.00,0.00,0.00,0.00,0,0,0,0
719,184667,Lindelöf,2,Aston Villa,Defender,2019/20,5.5,5.3,116,3092,1,0,12,32,1,0,0,6,0,0,9,618,554.0,73.6,79.0,70.7,0,0.00,0.00,0.00,0.00,0,0,0,0
738,37096,Fabianski,19,West Ham,Goalkeeper,2019/20,5.0,4.9,83,2117,0,0,5,34,0,1,0,1,0,72,5,414,531.2,0.0,0.0,53.2,0,0.00,0.00,0.00,0.00,0,0,0,0
753,19236,Ruddy,15,Newcastle,Goalkeeper,2019/20,4.5,4.2,0,0,0,0,0,0,0,0,0,0,0,0,0,0,0.0,0.0,0.0,0.0,0,0.00,0.00,0.00,0.00,0,0,0,0
782,40383,Forster,4,Bournemouth,Goalkeeper,2019/20,4.5,4.2,0,0,0,0,0,0,0,0,0,0,0,0,0,0,0.0,0.0,0.0,0.0,0,0.00,0.00,0.00,0.00,0,0,0,0
783,60307,Groß,6,Brighton,Midfielder,2019/20,6.5,6.2,76,1791,2,5,3,32,1,0,0,4,0,0,7,326,388.2,908.5,323.0,161.6,0,0.00,0.00,0.00,0.00,0,0,0,0
808,173879,Abraham,2,Aston Villa,Forward,2019/20,7.0,7.3,153,2206,15,6,7,34,1,0,0,2,0,0,20,461,659.6,283.2,1301.0,223.3,0,0.00,0.00,0.00,0.00,0,0,0,0
816,209041,Angel,20,Wolves,Midfielder,2019/20,5.0,4.7,2,19,0,0,0,1,0,0,0,0,0,0,0,7,4.2,24.8,2.0,3.1,0,0.00,0.00,0.00,0.00,0,0,0,0
2,109745,Arrizabalaga,1,Arsenal,Goalkeeper,2020/21,5.0,4.7,26,585,0,0,2,8,0,0,0,1,0,16,5,117,113.6,0.0,0.0,11.3,0,0.00,0.00,0.00,0.00,0,0,0,0
5,226597,Gabriel,1,Arsenal,Defender,2020/21,5.0,4.9,78,1996,2,0,6,24,0,0,0,2,1,0,7,385,464.8,51.0,233.0,74.9,0,0.00,0.00,0.00,0.00,0,0,0,0
6,462424,Saliba,1,Arsenal,Defender,2020/21,4.5,4.0,0,0,0,0,0,0,0,0,0,0,0,0,0,0,0.0,0.0,0.0,0.0,0,0.00,0.00,0.00,0.00,0,0,0,0
11,198869,White,1,Arsenal,Defender,2020/21,4.5,4.5,104,3192,0,0,12,44,0,0,0,3,1,0,5,571,488.6,152.5,153.0,79.7,0,0.00,0.00,0.00,0.00,0,0,0,0
12,206325,Zinchenko,16,Nott'm Forest,Defender,2020/21,5.5,5.5,69,1473,0,0,8,14,0,0,0,0,0,0,5,353,272.0,295.7,134.0,70.3,0,0.00,0.00,0.00,0.00,0,0,0,0
16,223340,Saka,1,Arsenal,Midfielder,2020/21,5.5,5.1,114,2554,5,5,8,31,1,0,0,1,0,0,8,414,493.0,650.6,984.0,212.7,0,0.00,0.00,0.00,0.00,0,0,0,0
17,184029,Ødegaard,1,Arsenal,Midfielder,2020/21,6.0,5.6,40,861,1,2,3,12,0,0,0,0,0,0,3,183,169.8,322.8,167.0,65.9,0,0.00,0.00,0.00,0.00,0,0,0,0
19,444145,Martinelli,1,Arsenal,Midfielder,2020/21,5.0,4.9,36,582,2,1,4,3,0,0,0,0,0,0,0,107,142.6,133.8,300.0,57.5,0,0.00,0.00,0.00,0.00,0,0,0,0
20,116216,Trossard,1,Arsenal,Midfielder,2020/21,6.0,5.5,132,2602,5,6,12,30,0,0,0,2,0,0,15,406,543.4,725.1,759.0,202.8,0,0.00,0.00,0.00,0.00,0,0,0,0
21,204480,Rice,1,Arsenal,Midfielder,2020/21,5.0,4.7,86,2880,2,1,11,37,0,0,1,2,0,0,2,520,561.2,343.8,303.0,121.3,0,0.00,0.00,0.00,0.00,0,0,0,0
27,200641,Nelson,5,Brentford,Midfielder,2020/21,5.5,5.1,2,70,0,0,0,0,0,0,0,0,0,0,0,2,4.2,9.7,10.0,2.4,0,0.00,0.00,0.00,0.00,0,0,0,0
30,219847,Havertz,1,Arsenal,Forward,2020/21,8.5,8.3,91,1512,4,6,8,15,0,0,0,2,0,0,3,268,325.0,307.7,514.0,114.2,0,0.00,0.00,0.00,0.00,0,0,0,0
31,205651,G.Jesus,1,Arsenal,Forward,2020/21,9.5,9.1,115,2056,9,5,11,17,0,0,0,2,0,0,16,453,501.0,467.5,931.0,190.0,0,0.00,0.00,0.00,0.00,0,0,0,0
32,98980,Martinez,2,Aston Villa,Goalkeeper,2020/21,4.5,5.3,186,3420,0,0,15,46,0,1,0,1,0,142,27,825,1067.2,20.0,0.0,108.5,0,0.00,0.00,0.00,0.00,0,0,0,0
36,199796,Cash,2,Aston Villa,Defender,2020/21,5.0,5.0,89,2373,0,2,11,35,0,0,0,6,1,0,8,468,520.8,352.9,110.0,98.7,0,0.00,0.00,0.00,0.00,0,0,0,0
37,101188,Digne,2,Aston Villa,Defender,2020/21,6.0,6.2,120,2681,0,9,9,42,0,0,0,2,1,0,18,590,592.6,704.2,136.0,143.5,0,0.00,0.00,0.00,0.00,0,0,0,0
38,199798,Konsa,2,Aston Villa,Defender,2020/21,4.5,4.6,119,3195,2,0,12,46,0,0,0,3,0,0,8,580,695.6,34.2,276.0,101.0,0,0.00,0.00,0.00,0.00,0,0,0,0
40,149484,Mings,2,Aston Villa,Defender,2020/21,5.0,5.4,128,3194,2,2,14,42,1,0,0,4,1,0,8,633,798.4,97.3,293.0,119.3,0,0.00,0.00,0.00,0.00,0,0,0,0
48,166989,Tielemans,2,Aston Villa,Midfielder,2020/21,6.5,6.4,133,3356,6,4,11,50,0,0,0,6,0,0,11,633,840.4,788.2,462.0,209.1,0,0.00,0.00,0.00,0.00,0,0,0,0
52,232653,J.Ramsey,15,Newcastle,Midfielder,2020/21,4.5,4.5,28,611,0,0,2,10,0,0,0,0,0,0,0,75,72.8,91.7,126.0,28.9,0,0.00,0.00,0.00,0.00,0,0,0,0
54,122806,McGinn,2,Aston Villa,Midfielder,2020/21,5.5,5.5,114,3330,3,7,14,46,0,0,0,12,0,0,2,492,579.0,600.5,361.0,154.1,0,0.00,0.00,0.00,0.00,0,0,0,0
55,88894,Barkley,2,Aston Villa,Midfielder,2020/21,6.0,5.8,76,1566,3,2,8,24,0,0,0,0,0,0,4,286,274.2,579.3,431.0,128.6,0,0.00,0.00,0.00,0.00,0,0,0,0
61,151589,Dendoncker,2,Aston Villa,Midfielder,2020/21,5.0,4.6,77,2498,1,2,11,33,1,0,0,4,0,0,2,330,386.4,261.4,343.0,99.2,0,0.00,0.00,0.00,0.00,0,0,0,0
64,178301,Watkins,2,Aston Villa,Forward,2020/21,6.0,6.3,168,3328,14,9,14,46,0,0,1,2,1,0,18,531,815.4,610.4,1721.0,314.0,0,0.00,0.00,0.00,0.00,0,0,0,0
101,200720,Kelleher,5,Brentford,Goalkeeper,2020/21,4.5,4.5,10,180,0,0,1,1,0,0,0,0,0,6,0,41,57.8,0.0,0.0,5.8,0,0.00,0.00,0.00,0.00,0,0,0,0
123,244858,Carvalho,5,Brentford,Midfielder,2020/21,4.5,4.5,12,254,1,0,0,6,0,0,0,0,0,0,0,42,72.4,30.8,161.0,26.5,0,0.00,0.00,0.00,0.00,0,0,0,0
124,56979,Henderson,5,Brentford,Midfielder,2020/21,5.5,5.4,56,1704,1,2,4,23,0,0,0,0,0,0,2,345,358.0,262.3,108.0,72.9,0,0.00,0.00,0.00,0.00,0,0,0,0
138,49262,Steele,6,Brighton,Goalkeeper,2020/21,4.0,3.9,0,0,0,0,0,0,0,0,0,0,0,0,0,0,0.0,0.0,0.0,0.0,0,0.00,0.00,0.00,0.00,0,0,0,0
140,209288,McGill,6,Brighton,Goalkeeper,2020/21,4.0,3.9,0,0,0,0,0,0,0,0,0,0,0,0,0,0,0.0,0.0,0.0,0.0,0,0.00,0.00,0.00,0.00,0,0,0,0
146,83299,Dunk,6,Brighton,Defender,2020/21,5.0,4.8,130,2932,5,0,11,40,1,0,0,5,2,0,17,626,720.4,136.7,443.0,130.2,0,0.00,0.00,0.00,0.00,0,0,0,0
150,232792,Lamptey,6,Brighton,Defender,2020/21,4.5,4.6,35,887,1,3,2,15,0,0,0,2,1,0,2,156,147.8,162.9,156.0,46.7,0,0.00,0.00,0.00,0.00,0,0,0,0
152,111478,Veltman,6,Brighton,Defender,2020/21,4.5,4.3,96,2280,1,1,9,27,0,0,0,3,0,0,10,432,484.4,366.0,169.0,102.1,0,0.00,0.00,0.00,0.00,0,0,0,0
153,110735,Webster,6,Brighton,Defender,2020/21,4.5,4.3,85,2594,1,0,9,35,0,0,0,4,0,0,0,470,505.4,96.6,244.0,84.6,0,0.00,0.00,0.00,0.00,0,0,0,0
159,109345,March,6,Brighton,Midfielder,2020/21,5.0,4.9,69,1670,2,2,7,25,0,0,0,0,0,0,6,283,368.6,414.3,322.0,110.5,0,0.00,0.00,0.00,0.00,0,0,0,0
170,15157,Milner,6,Brighton,Midfielder,2020/21,5.5,5.3,44,1056,0,2,4,10,0,0,0,3,0,0,2,204,200.0,242.0,108.0,55.2,0,0.00,0.00,0.00,0.00,0,0,0,0
178,50175,Welbeck,6,Brighton,Forward,2020/21,5.5,5.5,89,1541,6,4,6,18,0,0,1,0,0,0,15,286,319.8,269.7,595.0,117.7,0,0.00,0.00,0.00,0.00,0,0,0,0
182,432720,Trafford,13,Man City,Goalkeeper,2020/21,4.0,4.0,0,0,0,0,0,0,0,0,0,0,0,0,0,0,0.0,0.0,0.0,0.0,0,0.00,0.00,0.00,0.00,0,0,0,0
187,58621,Walker,3,Burnley,Defender,2020/21,6.0,6.1,91,1944,1,1,9,20,0,0,0,1,0,0,7,410,332.2,200.9,88.0,62.1,0,0.00,0.00,0.00,0.00,0,0,0,0
198,180804,Tuanzebe,3,Burnley,Defender,2020/21,4.5,4.1,7,402,0,0,0,8,1,0,0,2,0,0,0,59,95.0,6.0,0.0,10.0,0,0.00,0.00,0.00,0.00,0,0,0,0
207,465527,Hannibal,3,Burnley,Midfielder,2020/21,4.5,4.5,1,8,0,0,0,0,0,0,0,0,0,0,0,2,1.2,0.0,0.0,0.1,0,0.00,0.00,0.00,0.00,0,0,0,0
218,44699,Barnes,3,Burnley,Forward,2020/21,6.0,6.0,52,1324,3,0,6,19,0,0,0,4,0,0,7,107,153.8,243.6,548.0,93.8,0,0.00,0.00,0.00,0.00,0,0,0,0
219,220598,Obafemi,3,Burnley,Forward,2020/21,5.0,4.6,4,57,0,0,0,2,0,0,0,0,0,0,0,12,5.6,10.8,4.0,2.0,0,0.00,0.00,0.00,0.00,0,0,0,0
220,215059,Sánchez,7,Chelsea,Goalkeeper,2020/21,4.5,4.5,101,2430,0,0,10,27,0,0,0,2,0,66,8,514,542.2,10.0,4.0,55.8,0,0.00,0.00,0.00,0.00,0,0,0,0
225,225796,James,7,Chelsea,Defender,2020/21,5.0,5.1,112,2367,1,3,9,29,0,0,0,3,0,0,15,572,527.4,697.3,399.0,162.8,0,0.00,0.00,0.00,0.00,0,0,0,0
230,444463,Fofana,7,Chelsea,Defender,2020/21,5.0,5.0,71,2260,0,1,7,30,0,0,0,7,0,0,5,464,502.0,107.8,121.0,73.4,0,0.00,0.00,0.00,0.00,0,0,0,0
232,109646,Tosin,7,Chelsea,Defender,2020/21,4.5,4.5,100,2953,0,1,9,41,1,0,0,1,0,0,11,571,673.8,70.1,223.0,97.1,0,0.00,0.00,0.00,0.00,0,0,0,0
235,244851,Palmer,7,Chelsea,Midfielder,2020/21,4.5,4.4,0,0,0,0,0,0,0,0,0,0,0,0,0,0,0.0,0.0,0.0,0.0,0,0.00,0.00,0.00,0.00,0,0,0,0
236,247632,Neto,7,Chelsea,Midfielder,2020/21,5.5,5.5,124,2549,5,8,9,38,0,0,0,4,0,0,10,492,594.2,1007.3,722.0,232.5,0,0.00,0.00,0.00,0.00,0,0,0,0
241,486672,Caicedo,7,Chelsea,Midfielder,2020/21,5.0,5.0,0,0,0,0,0,0,0,0,0,0,0,0,0,0,0.0,0.0,0.0,0.0,0,0.00,0.00,0.00,0.00,0,0,0,0
250,463034,Delap,7,Chelsea,Forward,2020/21,4.5,4.2,1,39,0,0,0,4,0,0,0,0,0,0,0,0,0.0,0.3,4.0,0.2,0,0.00,0.00,0.00,0.00,0,0,0,0
253,172649,Henderson,8,Crystal Palace,Goalkeeper,2020/21,5.5,5.2,44,1125,0,0,4,12,0,0,0,3,0,40,1,218,275.4,0.0,0.0,27.5,0,0.00,0.00,0.00,0.00,0,0,0,0
258,244723,Mitchell,8,Crystal Palace,Defender,2020/21,4.0,3.8,58,1710,1,2,4,32,0,0,0,1,0,0,5,287,387.6,76.8,60.0,52.5,0,0.00,0.00,0.00,0.00,0,0,0,0
263,57328,Clyne,8,Crystal Palace,Defender,2020/21,4.5,4.5,28,1145,0,1,2,22,0,0,0,2,0,0,0,172,150.8,84.3,34.0,27.2,0,0.00,0.00,0.00,0.00,0,0,0,0
264,156074,Holding,8,Crystal Palace,Defender,2020/21,4.5,4.3,105,2557,0,1,11,26,1,0,0,2,0,0,10,536,602.6,76.1,97.0,77.7,0,0.00,0.00,0.00,0.00,0,0,0,0
266,232413,Eze,1,Arsenal,Midfielder,2020/21,6.0,5.8,125,2555,4,8,6,51,0,0,0,3,0,0,17,470,516.2,653.1,383.0,155.4,0,0.00,0.00,0.00,0.00,0,0,0,0
278,450542,J.Rak-Sakyi,8,Crystal Palace,Midfielder,2020/21,4.5,4.5,0,0,0,0,0,0,0,0,0,0,0,0,0,0,0.0,0.0,0.0,0.0,0,0.00,0.00,0.00,0.00,0,0,0,0
283,231747,Mateta,8,Crystal Palace,Forward,2020/21,6.0,5.3,15,215,1,0,0,4,0,0,0,0,0,0,2,45,46.6,16.2,80.0,14.0,0,0.00,0.00,0.00,0.00,0,0,0,0
284,205533,Nketiah,8,Crystal Palace,Forward,2020/21,6.0,5.3,36,411,2,1,1,6,0,0,0,0,0,0,5,120,116.6,97.3,211.0,42.1,0,0.00,0.00,0.00,0.00,0,0,0,0
287,111234,Pickford,9,Everton,Goalkeeper,2020/21,5.0,4.8,114,2742,0,0,10,39,0,0,0,1,0,89,8,570,698.4,10.1,0.0,70.9,0,0.00,0.00,0.00,0.00,0,0,0,0
289,447325,Tyrer,9,Everton,Goalkeeper,2020/21,4.0,4.0,0,0,0,0,0,0,0,0,0,0,0,0,0,0,0.0,0.0,0.0,0.0,0,0.00,0.00,0.00,0.00,0,0,0,0
290,480455,Branthwaite,9,Everton,Defender,2020/21,4.0,3.9,0,0,0,0,0,0,0,0,0,0,0,0,0,0,0.0,0.0,0.0,0.0,0,0.00,0.00,0.00,0.00,0,0,0,0
291,17761,Tarkowski,9,Everton,Defender,2020/21,5.5,5.3,109,3240,1,0,11,50,0,0,0,6,0,0,9,534,773.4,148.0,350.0,127.7,0,0.00,0.00,0.00,0.00,0,0,0,0
294,59949,Coleman,9,Everton,Defender,2020/21,5.0,4.9,81,1607,0,3,8,19,0,0,0,0,0,0,4,371,322.6,268.2,189.0,78.0,0,0.00,0.00,0.00,0.00,0,0,0,0
295,106611,Keane,9,Everton,Defender,2020/21,5.0,5.0,127,2989,3,1,11,43,0,0,0,4,0,0,13,649,814.0,87.8,243.0,114.5,0,0.00,0.00,0.00,0.00,0,0,0,0
298,474907,Welch,9,Everton,Defender,2020/21,4.0,4.0,0,0,0,0,0,0,0,0,0,0,0,0,0,0,0.0,0.0,0.0,0.0,0,0.00,0.00,0.00,0.00,0,0,0,0
299,440993,Ndiaye,9,Everton,Midfielder,2020/21,4.5,4.5,1,11,0,0,0,1,0,0,0,0,0,0,0,5,2.2,0.3,0.0,0.3,0,0.00,0.00,0.00,0.00,0,0,0,0
300,433154,McNeil,9,Everton,Midfielder,2020/21,6.0,5.7,113,3068,2,5,11,50,0,0,0,1,0,0,8,493,591.8,790.3,277.0,166.3,0,0.00,0.00,0.00,0.00,0,0,0,0
303,232928,Garner,9,Everton,Midfielder,2020/21,4.5,4.4,0,0,0,0,0,0,0,0,0,0,0,0,0,0,0.0,0.0,0.0,0.0,0,0.00,0.00,0.00,0.00,0,0,0,0
304,490094,Iroegbunam,9,Everton,Midfielder,2020/21,4.5,4.5,0,0,0,0,0,0,0,0,0,0,0,0,0,0,0.0,0.0,0.0,0.0,0,0.00,0.00,0.00,0.00,0,0,0,0
314,80201,Leno,10,Fulham,Goalkeeper,2020/21,5.0,5.0,131,3131,0,0,11,37,1,1,0,0,1,86,11,625,702.2,0.0,2.0,70.3,0,0.00,0.00,0.00,0.00,0,0,0,0
316,169528,Robinson,10,Fulham,Defender,2020/21,4.5,4.4,57,2159,0,0,5,28,0,0,0,4,1,0,1,393,451.4,475.8,178.0,110.8,0,0.00,0.00,0.00,0.00,0,0,0,0
317,174874,Andersen,10,Fulham,Defender,2020/21,4.5,4.5,93,2729,1,1,9,36,0,0,0,6,1,0,7,501,582.8,109.3,151.0,84.5,0,0.00,0.00,0.00,0.00,0,0,0,0
319,166477,Castagne,10,Fulham,Defender,2020/21,5.5,5.8,94,2345,2,4,6,37,0,0,0,1,0,0,7,479,486.6,350.2,181.0,101.7,0,0.00,0.00,0.00,0.00,0,0,0,0
320,219924,Diop,10,Fulham,Defender,2020/21,4.5,4.3,42,1379,2,0,2,22,1,0,0,3,0,0,1,234,375.6,17.4,48.0,44.3,0,0.00,0.00,0.00,0.00,0,0,0,0
322,167074,Tete,10,Fulham,Defender,2020/21,4.5,4.3,50,1477,0,1,5,27,0,0,0,3,0,0,3,288,330.8,312.4,98.0,74.2,0,0.00,0.00,0.00,0.00,0,0,0,0
324,153133,Iwobi,10,Fulham,Midfielder,2020/21,6.0,5.9,65,1530,1,3,5,21,0,0,0,0,0,0,1,256,262.6,263.1,233.0,76.0,0,0.00,0.00,0.00,0.00,0,0,0,0
325,209289,Smith Rowe,10,Fulham,Midfielder,2020/21,4.5,4.2,74,1438,2,5,9,10,0,0,0,0,0,0,3,308,273.2,385.1,222.0,88.1,0,0.00,0.00,0.00,0.00,0,0,0,0
326,159533,Adama,19,West Ham,Midfielder,2020/21,6.5,6.0,94,2640,2,4,7,41,0,0,0,4,0,0,5,359,475.4,751.0,645.0,187.2,0,0.00,0.00,0.00,0.00,0,0,0,0
327,156689,Andreas,10,Fulham,Midfielder,2020/21,5.0,4.8,0,0,0,0,0,0,0,0,0,0,0,0,0,0,0.0,0.0,0.0,0.0,0,0.00,0.00,0.00,0.00,0,0,0,0
328,184349,Sessegnon,10,Fulham,Midfielder,2020/21,5.0,4.7,0,0,0,0,0,0,0,0,0,0,0,0,0,0,0.0,0.0,0.0,0.0,0,0.00,0.00,0.00,0.00,0,0,0,0
329,153682,Wilson,10,Fulham,Midfielder,2020/21,5.5,5.1,0,0,0,0,0,0,0,0,0,0,0,0,0,0,0.0,0.0,0.0,0.0,0,0.00,0.00,0.00,0.00,0,0,0,0
330,207189,Berge,10,Fulham,Midfielder,2020/21,5.0,4.9,31,1119,1,1,0,23,0,0,0,4,0,0,1,152,178.0,181.7,138.0,49.8,0,0.00,0.00,0.00,0.00,0,0,0,0
331,76357,Cairney,10,Fulham,Midfielder,2020/21,5.5,5.2,27,758,1,1,1,15,0,0,0,2,0,0,2,160,170.6,278.3,124.0,57.3,0,0.00,0.00,0.00,0.00,0,0,0,0
336,153366,Reed,10,Fulham,Midfielder,2020/21,4.5,4.4,69,2243,0,3,9,35,0,0,0,5,0,0,0,391,421.2,330.4,82.0,83.5,0,0.00,0.00,0.00,0.00,0,0,0,0
337,102057,Raúl,10,Fulham,Forward,2020/21,8.5,8.1,43,824,4,1,4,10,1,0,0,0,0,0,7,148,177.4,96.2,275.0,55.0,0,0.00,0.00,0.00,0.00,0,0,0,0
339,437495,Meslier,11,Leeds,Goalkeeper,2020/21,4.5,4.8,154,3150,0,0,11,52,1,1,0,0,0,140,20,774,1026.0,10.0,0.0,103.7,0,0.00,0.00,0.00,0.00,0,0,0,0
341,59735,Darlow,11,Leeds,Goalkeeper,2020/21,5.0,4.9,80,2250,0,0,4,43,0,1,0,3,0,88,6,450,682.4,0.0,0.0,68.3,0,0.00,0.00,0.00,0.00,0,0,0,0
342,226182,Bogle,11,Leeds,Defender,2020/21,4.5,4.3,39,1107,2,0,2,20,0,0,0,2,0,0,0,151,217.6,72.7,278.0,57.0,0,0.00,0.00,0.00,0.00,0,0,0,0
343,222694,Struijk,11,Leeds,Defender,2020/21,4.0,4.0,71,2072,1,0,7,32,0,0,0,3,0,0,2,402,513.0,66.3,222.0,80.1,0,0.00,0.00,0.00,0.00,0,0,0,0
348,214225,Rodon,11,Leeds,Defender,2020/21,5.0,4.9,27,732,0,0,2,12,0,0,0,0,0,0,3,169,166.2,3.6,6.0,17.7,0,0.00,0.00,0.00,0.00,0,0,0,0
352,221399,Harrison,11,Leeds,Midfielder,2020/21,5.5,5.6,160,2846,8,10,11,45,0,0,0,2,0,0,15,542,759.2,821.7,666.0,225.2,0,0.00,0.00,0.00,0.00,0,0,0,0
353,200617,James,11,Leeds,Midfielder,2020/21,6.5,6.2,43,907,3,1,4,7,0,0,0,3,0,0,1,145,186.0,145.7,285.0,61.5,0,0.00,0.00,0.00,0.00,0,0,0,0
354,199598,Ampadu,11,Leeds,Midfielder,2020/21,4.5,4.3,44,2087,0,0,2,41,1,0,0,3,0,0,4,341,458.0,189.6,51.0,70.1,0,0.00,0.00,0.00,0.00,0,0,0,0
355,248937,Greenwood,11,Leeds,Midfielder,2020/21,4.5,4.5,0,0,0,0,0,0,0,0,0,0,0,0,0,0,0.0,0.0,0.0,0.0,0,0.00,0.00,0.00,0.00,0,0,0,0
360,462635,Gelhardt,11,Leeds,Midfielder,2020/21,4.5,4.5,0,0,0,0,0,0,0,0,0,0,0,0,0,0,0.0,0.0,0.0,0.0,0,0.00,0.00,0.00,0.00,0,0,0,0
363,106617,Bamford,11,Leeds,Forward,2020/21,5.5,6.6,194,3052,17,11,10,50,0,0,0,3,0,0,26,631,867.2,371.0,1512.0,274.6,0,0.00,0.00,0.00,0.00,0,0,0,0
366,116535,A.Becker,12,Liverpool,Goalkeeper,2020/21,6.0,6.0,140,2970,1,0,10,32,0,1,0,1,0,84,13,660,776.4,0.1,17.0,79.4,0,0.00,0.00,0.00,0.00,0,0,0,0
372,122798,Robertson,12,Liverpool,Defender,2020/21,7.0,7.3,161,3384,1,8,12,42,0,0,0,2,0,0,19,834,754.4,1129.3,359.0,224.5,0,0.00,0.00,0.00,0.00,0,0,0,0
373,97032,Virgil,12,Liverpool,Defender,2020/21,6.5,6.2,15,370,1,0,1,11,0,0,0,1,0,0,1,73,82.4,4.8,66.0,15.3,0,0.00,0.00,0.00,0.00,0,0,0,0
376,171287,Gomez,12,Liverpool,Defender,2020/21,5.5,5.2,10,589,0,0,0,14,0,0,0,0,0,0,0,94,106.8,18.1,0.0,12.5,0,0.00,0.00,0.00,0.00,0,0,0,0
377,214285,Tsimikas,12,Liverpool,Defender,2020/21,5.0,4.9,2,6,0,0,0,0,0,0,0,0,0,0,0,5,0.0,0.1,0.0,0.0,0,0.00,0.00,0.00,0.00,0,0,0,0
379,219937,R.Williams,12,Liverpool,Defender,2020/21,4.0,4.0,28,659,0,0,3,6,0,0,0,0,0,0,1,135,111.6,29.8,62.0,20.4,0,0.00,0.00,0.00,0.00,0,0,0,0
381,118748,M.Salah,12,Liverpool,Midfielder,2020/21,12.0,12.9,231,3077,22,6,11,41,0,0,0,0,0,0,21,657,1056.0,825.7,1980.0,385.8,0,0.00,0.00,0.00,0.00,0,0,0,0
386,243016,Mac Allister,12,Liverpool,Midfielder,2020/21,5.5,5.3,48,1108,1,1,5,14,0,0,0,1,0,0,3,148,170.6,210.6,235.0,61.5,0,0.00,0.00,0.00,0.00,0,0,0,0
388,206915,C.Jones,12,Liverpool,Midfielder,2020/21,4.5,4.4,50,1169,1,2,5,14,0,0,0,2,0,0,0,226,224.6,233.4,289.0,74.8,0,0.00,0.00,0.00,0.00,0,0,0,0
389,444884,Elliott,2,Aston Villa,Midfielder,2020/21,4.5,4.3,0,0,0,0,0,0,0,0,0,0,0,0,0,0,0.0,0.0,0.0,0.0,0,0.00,0.00,0.00,0.00,0,0,0,0
399,121160,Ederson M.,13,Man City,Goalkeeper,2020/21,6.0,6.1,160,3240,0,1,19,28,0,1,0,3,0,66,3,696,586.0,10.0,0.0,59.6,0,0.00,0.00,0.00,0.00,0,0,0,0
401,122074,Bettinelli,13,Man City,Goalkeeper,2020/21,4.5,4.3,0,0,0,0,0,0,0,0,0,0,0,0,0,0,0.0,0.0,0.0,0.0,0,0.00,0.00,0.00,0.00,0,0,0,0
402,448514,Aït-Nouri,13,Man City,Defender,2020/21,5.0,5.0,54,1400,1,1,3,23,0,0,0,1,0,0,6,264,243.2,234.5,196.0,67.4,0,0.00,0.00,0.00,0.00,0,0,0,0
405,126184,Aké,13,Man City,Defender,2020/21,5.5,5.4,29,797,1,0,3,13,0,0,0,4,0,0,1,150,156.0,46.9,44.0,24.7,0,0.00,0.00,0.00,0.00,0,0,0,0
408,171314,Rúben,13,Man City,Defender,2020/21,5.5,5.9,142,2843,1,1,17,21,1,0,0,4,0,0,12,656,651.6,91.0,218.0,96.3,0,0.00,0.00,0.00,0.00,0,0,0,0
409,97299,Stones,13,Man City,Defender,2020/21,5.0,5.1,128,1933,4,0,14,12,0,0,0,0,1,0,11,531,520.0,79.8,192.0,79.0,0,0.00,0.00,0.00,0.00,0,0,0,0
414,209244,Foden,13,Man City,Midfielder,2020/21,6.5,6.1,135,1607,9,8,6,16,0,0,0,0,0,0,17,479,580.8,545.8,734.0,186.0,0,0.00,0.00,0.00,0.00,0,0,0,0
416,165809,Bernardo,13,Man City,Midfielder,2020/21,7.5,7.4,94,2063,2,7,11,18,0,0,0,5,0,0,9,413,399.6,476.2,463.0,134.1,0,0.00,0.00,0.00,0.00,0,0,0,0
419,114283,Grealish,9,Everton,Midfielder,2020/21,7.0,7.5,135,2183,6,12,12,28,0,0,0,6,0,0,13,531,707.4,1029.6,917.0,265.3,0,0.00,0.00,0.00,0.00,0,0,0,0
420,59859,Gündoğan,13,Man City,Midfielder,2020/21,5.5,5.5,157,2025,13,4,12,16,0,0,1,1,0,0,22,620,754.6,688.4,712.0,215.7,0,0.00,0.00,0.00,0.00,0,0,0,0
421,220566,Rodrigo,13,Man City,Midfielder,2020/21,5.5,5.3,91,2747,2,2,13,27,0,0,0,6,0,0,5,531,640.6,546.3,335.0,152.4,0,0.00,0.00,0.00,0.00,0,0,0,0
422,91651,Kovačić,13,Man City,Midfielder,2020/21,5.5,5.3,54,1809,0,1,9,26,0,0,0,4,0,0,0,332,332.4,384.8,153.0,87.0,0,0.00,0.00,0.00,0.00,0,0,0,0
429,155405,Phillips,13,Man City,Midfielder,2020/21,5.0,4.9,67,2428,1,2,9,34,0,0,0,10,0,0,2,396,535.4,539.3,82.0,115.8,0,0.00,0.00,0.00,0.00,0,0,0,0
434,21205,Heaton,14,Man Utd,Goalkeeper,2020/21,4.5,4.5,0,0,0,0,0,0,0,0,0,0,0,0,0,0,0.0,0.0,0.0,0.0,0,0.00,0.00,0.00,0.00,0,0,0,0
440,216051,Dalot,14,Man Utd,Defender,2020/21,5.0,4.8,0,0,0,0,0,0,0,0,0,0,0,0,0,0,0.0,0.0,0.0,0.0,0,0.00,0.00,0.00,0.00,0,0,0,0
442,95658,Maguire,14,Man Utd,Defender,2020/21,5.5,5.5,124,3047,2,2,13,36,0,0,0,11,0,0,8,632,701.4,133.6,428.0,126.3,0,0.00,0.00,0.00,0.00,0,0,0,0
443,106760,Shaw,14,Man Utd,Defender,2020/21,5.0,5.5,124,2653,1,5,10,33,1,0,0,8,0,0,22,640,596.0,1085.9,243.0,192.8,0,0.00,0.00,0.00,0.00,0,0,0,0
449,141746,B.Fernandes,14,Man Utd,Midfielder,2020/21,10.5,11.3,244,3101,18,14,13,36,0,0,1,6,0,0,36,870,1292.6,1414.9,1253.0,396.2,0,0.00,0.00,0.00,0.00,0,0,0,0
451,176297,Rashford,14,Man Utd,Midfielder,2020/21,9.5,9.6,174,2917,11,11,12,39,0,0,0,4,0,0,9,535,793.2,682.1,1127.0,260.3,0,0.00,0.00,0.00,0.00,0,0,0,0
452,493250,Amad,14,Man Utd,Midfielder,2020/21,5.5,5.4,8,165,0,1,0,3,0,0,0,0,0,0,0,34,38.0,31.2,9.0,7.8,0,0.00,0.00,0.00,0.00,0,0,0,0
455,184341,Mount,14,Man Utd,Midfielder,2020/21,7.0,7.3,147,2887,6,7,14,32,0,0,0,2,0,0,16,599,770.4,1336.9,954.0,306.3,0,0.00,0.00,0.00,0.00,0,0,0,0
469,98747,Pope,15,Newcastle,Goalkeeper,2020/21,5.5,5.5,144,2880,0,0,11,37,0,0,0,1,0,114,20,652,846.6,20.0,2.0,86.8,0,0.00,0.00,0.00,0.00,0,0,0,0
470,67089,Dúbravka,3,Burnley,Goalkeeper,2020/21,5.0,4.8,48,1170,0,0,3,19,0,0,0,0,0,45,6,255,346.8,0.0,0.0,34.6,0,0.00,0.00,0.00,0.00,0,0,0,0
471,81441,Gillespie,15,Newcastle,Goalkeeper,2020/21,4.5,4.3,0,0,0,0,0,0,0,0,0,0,0,0,0,0,0.0,0.0,0.0,0.0,0,0.00,0.00,0.00,0.00,0,0,0,0
474,119471,Schär,15,Newcastle,Defender,2020/21,5.0,4.8,30,1255,1,0,2,21,0,0,0,4,1,0,1,160,251.0,9.0,116.0,37.6,0,0.00,0.00,0.00,0.00,0,0,0,0
476,78916,Burn,15,Newcastle,Defender,2020/21,4.5,4.2,64,2057,1,0,6,28,1,0,0,5,0,0,1,330,389.0,183.1,214.0,78.2,0,0.00,0.00,0.00,0.00,0,0,0,0
477,441191,Livramento,15,Newcastle,Defender,2020/21,4.0,4.0,0,0,0,0,0,0,0,0,0,0,0,0,0,0,0.0,0.0,0.0,0.0,0,0.00,0.00,0.00,0.00,0,0,0,0
479,111773,Krafth,15,Newcastle,Defender,2020/21,4.5,4.2,45,1286,1,1,5,27,0,0,0,4,0,0,0,222,240.4,87.7,88.0,41.6,0,0.00,0.00,0.00,0.00,0,0,0,0
480,101148,Lascelles,15,Newcastle,Defender,2020/21,4.5,4.2,44,1625,2,0,2,32,0,0,0,4,0,0,3,229,345.2,38.1,161.0,54.7,0,0.00,0.00,0.00,0.00,0,0,0,0
484,169359,Targett,15,Newcastle,Defender,2020/21,4.5,5.0,138,3404,0,4,16,44,0,0,0,7,0,0,9,710,690.4,607.0,122.0,142.2,0,0.00,0.00,0.00,0.00,0,0,0,0
485,232826,Gordon,15,Newcastle,Midfielder,2020/21,4.5,4.3,3,87,0,0,0,0,0,0,0,0,0,0,0,11,14.4,12.7,4.0,3.1,0,0.00,0.00,0.00,0.00,0,0,0,0
486,449434,Elanga,15,Newcastle,Midfielder,2020/21,4.5,4.5,11,155,1,0,0,2,0,0,0,0,0,0,2,32,51.6,19.7,29.0,10.0,0,0.00,0.00,0.00,0.00,0,0,0,0
487,201666,Barnes,15,Newcastle,Midfielder,2020/21,7.0,6.6,126,1944,9,5,7,25,0,0,0,0,0,0,13,348,556.4,359.0,810.0,172.7,0,0.00,0.00,0.00,0.00,0,0,0,0
489,114243,J.Murphy,15,Newcastle,Midfielder,2020/21,5.0,4.9,69,1617,2,3,3,33,0,0,0,3,0,0,7,252,363.4,280.8,289.0,93.2,0,0.00,0.00,0.00,0.00,0,0,0,0
490,180974,Joelinton,15,Newcastle,Midfielder,2020/21,6.0,5.7,74,1979,4,2,3,36,0,0,0,3,0,0,5,258,357.0,250.1,612.0,122.2,0,0.00,0.00,0.00,0.00,0,0,0,0
493,180135,Longstaff,11,Leeds,Midfielder,2020/21,5.0,4.6,41,1405,0,1,2,26,0,0,0,2,0,0,1,168,179.2,182.8,148.0,50.8,0,0.00,0.00,0.00,0.00,0,0,0,0
494,200089,Willock,15,Newcastle,Midfielder,2020/21,5.0,4.9,79,1210,8,0,4,18,0,0,1,1,0,0,5,254,436.6,137.2,401.0,97.3,0,0.00,0.00,0.00,0.00,0,0,0,0
495,153127,Hayden,15,Newcastle,Midfielder,2020/21,5.0,4.6,40,1942,0,0,4,33,0,0,0,8,0,0,0,211,278.0,117.7,155.0,55.3,0,0.00,0.00,0.00,0.00,0,0,0,0
500,538207,Osula,15,Newcastle,Forward,2020/21,4.5,4.5,0,0,0,0,0,0,0,0,0,0,0,0,0,0,0.0,0.0,0.0,0.0,0,0.00,0.00,0.00,0.00,0,0,0,0
507,159506,Aina,16,Nott'm Forest,Defender,2020/21,4.5,4.3,102,2664,2,1,8,36,0,0,0,3,0,0,8,477,483.6,248.8,144.0,87.7,0,0.00,0.00,0.00,0.00,0,0,0,0
508,215136,N.Williams,16,Nott'm Forest,Defender,2020/21,4.0,3.8,11,247,0,0,1,1,0,0,0,1,0,0,0,51,42.0,47.8,34.0,12.2,0,0.00,0.00,0.00,0.00,0,0,0,0
514,90585,Boly,16,Nott'm Forest,Defender,2020/21,5.5,5.4,68,1879,1,1,6,29,0,0,0,2,0,0,4,364,414.0,46.1,182.0,64.2,0,0.00,0.00,0.00,0.00,0,0,0,0
515,222531,Gibbs-White,16,Nott'm Forest,Midfielder,2020/21,5.0,4.9,22,407,1,0,0,6,0,0,0,1,0,0,3,87,85.0,112.8,114.0,31.3,0,0.00,0.00,0.00,0.00,0,0,0,0
516,209046,Hudson-Odoi,16,Nott'm Forest,Midfielder,2020/21,6.0,5.7,59,1050,2,3,6,5,0,0,0,0,0,0,2,239,291.8,471.5,336.0,109.9,0,0.00,0.00,0.00,0.00,0,0,0,0
517,215379,Anderson,16,Nott'm Forest,Midfielder,2020/21,4.5,4.5,1,3,0,0,0,0,0,0,0,0,0,0,0,3,0.0,0.3,2.0,0.2,0,0.00,0.00,0.00,0.00,0,0,0,0
525,60689,Wood,16,Nott'm Forest,Forward,2020/21,6.5,6.6,138,2741,12,3,9,43,0,0,0,0,0,0,16,395,595.8,323.2,1129.0,204.0,0,0.00,0.00,0.00,0.00,0,0,0,0
529,74854,Moore,17,Sunderland,Goalkeeper,2020/21,4.5,4.3,0,0,0,0,0,0,0,0,0,0,0,0,0,0,0.0,0.0,0.0,0.0,0,0.00,0.00,0.00,0.00,0,0,0,0
537,492066,Huggins,17,Sunderland,Defender,2020/21,4.5,4.5,1,37,0,0,0,0,0,0,0,0,0,0,0,4,2.6,0.9,2.0,0.6,0,0.00,0.00,0.00,0.00,0,0,0,0
550,215460,Poveda,17,Sunderland,Midfielder,2020/21,4.5,4.2,14,344,0,0,0,5,0,0,0,0,0,0,0,43,55.0,71.5,91.0,21.8,0,0.00,0.00,0.00,0.00,0,0,0,0
571,115556,Davies,18,Spurs,Defender,2020/21,5.0,4.5,52,1340,0,2,4,16,0,0,0,1,0,0,1,253,232.8,136.8,65.0,43.4,0,0.00,0.00,0.00,0.00,0,0,0,0
579,85971,Son,18,Spurs,Midfielder,2020/21,9.0,9.6,228,3119,17,11,13,36,0,0,0,0,0,0,26,777,1052.2,1049.9,1046.0,315.2,0,0.00,0.00,0.00,0.00,0,0,0,0
581,172780,Maddison,18,Spurs,Midfielder,2020/21,7.0,7.2,133,2093,8,7,10,28,0,0,0,4,0,0,12,473,588.4,770.3,668.0,202.5,0,0.00,0.00,0.00,0.00,0,0,0,0
587,227127,Bissouma,18,Spurs,Midfielder,2020/21,4.5,4.4,77,3112,1,0,11,42,0,0,0,8,1,0,2,487,523.6,295.5,196.0,101.1,0,0.00,0.00,0.00,0.00,0,0,0,0
597,212319,Richarlison,18,Spurs,Forward,2020/21,8.0,7.7,123,2862,7,6,11,38,0,0,0,4,1,0,18,415,576.4,359.7,1147.0,208.3,0,0.00,0.00,0.00,0.00,0,0,0,0
599,490145,Scarlett,18,Spurs,Forward,2020/21,4.5,4.5,1,1,0,0,0,0,0,0,0,0,0,0,0,3,0.0,0.0,0.0,0.0,0,0.00,0.00,0.00,0.00,0,0,0,0
600,84182,Areola,19,West Ham,Goalkeeper,2020/21,4.5,4.5,124,3240,0,0,9,48,0,0,0,2,0,116,9,637,876.2,0.0,0.0,87.4,0,0.00,0.00,0.00,0.00,0,0,0,0
601,82143,Foderingham,19,West Ham,Goalkeeper,2020/21,4.5,4.3,0,0,0,0,0,0,0,0,0,0,0,0,0,0,0.0,0.0,0.0,0.0,0,0.00,0.00,0.00,0.00,0,0,0,0
604,109533,Emerson,19,West Ham,Defender,2020/21,5.0,4.7,7,88,0,0,1,0,0,0,0,0,0,0,0,24,17.4,7.7,2.0,2.7,0,0.00,0.00,0.00,0.00,0,0,0,0
605,214048,Kilman,19,West Ham,Defender,2020/21,4.0,3.8,58,1307,0,1,5,11,0,0,0,4,0,0,8,258,249.6,67.4,78.0,39.4,0,0.00,0.00,0.00,0.00,0,0,0,0
610,214590,Wan-Bissaka,19,West Ham,Defender,2020/21,5.5,5.8,144,3060,2,5,13,36,0,0,0,3,0,0,11,729,785.4,498.2,159.0,144.1,0,0.00,0.00,0.00,0.00,0,0,0,0
613,215439,Souček,19,West Ham,Midfielder,2020/21,5.0,5.2,147,3420,10,2,11,47,1,0,0,7,1,0,16,555,889.8,271.1,925.0,208.8,0,0.00,0.00,0.00,0.00,0,0,0,0
614,101178,Ward-Prowse,3,Burnley,Midfielder,2020/21,6.0,5.9,156,3420,8,7,9,68,0,0,1,5,0,0,17,772,940.0,971.2,355.0,226.5,0,0.00,0.00,0.00,0.00,0,0,0,0
615,450070,Summerville,19,West Ham,Midfielder,2020/21,4.5,4.4,0,0,0,0,0,0,0,0,0,0,0,0,0,0,0.0,0.0,0.0,0.0,0,0.00,0.00,0.00,0.00,0,0,0,0
624,178186,Bowen,19,West Ham,Forward,2020/21,6.5,5.8,141,2556,8,6,9,33,0,0,0,0,0,0,8,434,529.8,493.5,812.0,183.7,0,0.00,0.00,0.00,0.00,0,0,0,0
627,101982,Johnstone,20,Wolves,Goalkeeper,2020/21,4.5,4.6,140,3330,0,1,6,74,0,1,0,1,0,166,19,768,1213.6,10.0,0.0,122.4,0,0.00,0.00,0.00,0.00,0,0,0,0
632,87835,Doherty,20,Wolves,Defender,2020/21,6.0,5.6,47,1238,0,2,4,15,0,0,0,2,1,0,4,222,257.2,182.4,79.0,52.0,0,0.00,0.00,0.00,0.00,0,0,0,0
633,490721,H.Bueno,20,Wolves,Defender,2020/21,4.0,4.0,0,0,0,0,0,0,0,0,0,0,0,0,0,0,0.0,0.0,0.0,0.0,0,0.00,0.00,0.00,0.00,0,0,0,0
638,441271,Hoever,20,Wolves,Defender,2020/21,4.5,4.4,13,573,0,0,0,11,0,0,0,1,0,0,0,80,100.4,59.7,26.0,18.7,0,0.00,0.00,0.00,0.00,0,0,0,0
655,449988,Fábio Silva,20,Wolves,Forward,2020/21,5.5,5.2,72,1352,4,3,0,29,0,0,0,2,0,0,5,198,238.2,166.1,758.0,114.9,0,0.00,0.00,0.00,0.00,0,0,0,0
659,158534,Walker-Peters,19,West Ham,Defender,2020/21,4.5,4.7,93,2646,0,3,9,41,0,0,0,4,0,0,7,498,497.6,262.2,316.0,107.5,0,0.00,0.00,0.00,0.00,0,0,0,0
668,84450,Xhaka,17,Sunderland,Midfielder,2020/21,5.5,5.2,70,2519,1,2,10,27,0,0,0,7,1,0,1,396,456.0,327.6,154.0,94.0,0,0.00,0.00,0.00,0.00,0,0,0,0
671,75115,Wilson,19,West Ham,Forward,2020/21,6.5,6.5,134,2081,12,6,5,37,0,0,0,2,0,0,22,409,557.4,230.4,761.0,154.7,0,0.00,0.00,0.00,0.00,0,0,0,0
674,225321,Ramsdale,15,Newcastle,Goalkeeper,2020/21,5.0,4.6,123,3420,0,0,5,63,0,0,0,1,0,146,12,685,1023.0,20.0,4.0,104.7,0,0.00,0.00,0.00,0.00,0,0,0,0
675,107265,Gunn,16,Nott'm Forest,Goalkeeper,2020/21,4.5,4.3,0,0,0,0,0,0,0,0,0,0,0,0,0,0,0.0,0.0,0.0,0.0,0,0.00,0.00,0.00,0.00,0,0,0,0
678,105717,Masuaku,17,Sunderland,Defender,2020/21,4.5,4.3,42,1006,0,2,4,15,0,0,0,2,0,0,4,209,187.4,200.5,62.0,45.0,0,0.00,0.00,0.00,0.00,0,0,0,0
691,177815,Calvert-Lewin,11,Leeds,Forward,2020/21,7.0,7.5,165,2871,16,6,11,39,0,0,0,3,0,0,21,528,745.8,308.0,1439.0,249.0,0,0.00,0.00,0.00,0.00,0,0,0,0
699,230046,Douglas Luiz,2,Aston Villa,Midfielder,2020/21,5.0,4.8,72,2781,0,2,12,41,0,0,0,8,1,0,0,358,403.4,304.5,189.0,90.0,0,0.00,0.00,0.00,0.00,0,0,0,0
704,461446,Onyango,9,Everton,Midfielder,2020/21,4.5,4.5,0,0,0,0,0,0,0,0,0,0,0,0,0,0,0.0,0.0,0.0,0.0,0,0.00,0.00,0.00,0.00,0,0,0,0
706,220627,Justin,11,Leeds,Defender,2020/21,4.5,4.8,101,2070,2,2,9,25,0,0,0,4,0,0,13,447,472.2,290.7,195.0,96.0,0,0.00,0.00,0.00,0.00,0,0,0,0
719,184667,Lindelöf,2,Aston Villa,Defender,2020/21,5.0,4.8,102,2585,1,1,10,30,0,0,0,0,0,0,3,527,503.0,102.6,56.0,66.4,0,0.00,0.00,0.00,0.00,0,0,0,0
735,110504,Traoré,17,Sunderland,Midfielder,2020/21,6.0,5.8,135,2315,7,7,11,31,0,0,0,1,0,0,7,407,528.4,530.6,917.0,197.6,0,0.00,0.00,0.00,0.00,0,0,0,0
738,37096,Fabianski,19,West Ham,Goalkeeper,2020/21,5.0,5.0,133,3150,0,0,10,44,0,1,0,2,0,102,11,634,745.2,0.0,0.0,74.4,0,0.00,0.00,0.00,0.00,0,0,0,0
753,19236,Ruddy,15,Newcastle,Goalkeeper,2020/21,4.5,4.3,4,91,0,0,0,1,0,0,0,0,0,3,0,19,25.4,0.0,0.0,2.5,0,0.00,0.00,0.00,0.00,0,0,0,0
782,40383,Forster,4,Bournemouth,Goalkeeper,2020/21,4.0,4.0,30,720,0,0,2,11,0,1,0,0,0,20,0,147,191.0,0.0,0.0,19.1,0,0.00,0.00,0.00,0.00,0,0,0,0
783,60307,Groß,6,Brighton,Midfielder,2020/21,6.0,5.8,116,2479,3,8,10,28,0,0,1,3,0,0,11,525,620.4,1087.8,415.0,212.3,0,0.00,0.00,0.00,0.00,0,0,0,0
796,232787,Gallagher,18,Spurs,Midfielder,2020/21,5.5,5.5,71,2530,2,2,5,48,0,0,0,11,0,0,3,322,437.2,320.1,276.0,103.2,0,0.00,0.00,0.00,0.00,0,0,0,0
808,173879,Abraham,2,Aston Villa,Forward,2020/21,7.5,7.1,69,1031,6,2,5,12,0,0,0,0,0,0,8,224,277.2,121.6,483.0,86.6,0,0.00,0.00,0.00,0.00,0,0,0,0
1,154561,Raya,1,Arsenal,Goalkeeper,2021/22,4.5,4.4,95,2160,0,0,8,27,0,0,0,1,0,78,5,496,593.4,10.0,0.0,60.1,0,0.00,0.00,0.00,0.00,0,0,0,0
2,109745,Arrizabalaga,1,Arsenal,Goalkeeper,2021/22,5.0,4.5,19,360,0,0,2,2,0,0,0,0,0,11,1,89,95.6,0.0,0.0,9.6,0,0.00,0.00,0.00,0.00,0,0,0,0
3,463748,Hein,1,Arsenal,Goalkeeper,2021/22,4.0,4.0,0,0,0,0,0,0,0,0,0,0,0,0,0,0,0.0,0.0,0.0,0.0,0,0.00,0.00,0.00,0.00,0,0,0,0
5,226597,Gabriel,1,Arsenal,Defender,2021/22,5.0,5.3,146,3063,5,0,13,38,0,0,0,6,1,0,16,682,746.8,131.6,470.0,134.7,0,0.00,0.00,0.00,0.00,0,0,0,0
6,462424,Saliba,1,Arsenal,Defender,2021/22,4.5,4.5,0,0,0,0,0,0,0,0,0,0,0,0,0,0,0.0,0.0,0.0,0.0,0,0.00,0.00,0.00,0.00,0,0,0,0
11,198869,White,1,Arsenal,Defender,2021/22,4.5,4.6,107,2880,0,0,13,35,1,0,0,3,0,0,9,557,592.8,182.3,150.0,92.5,0,0.00,0.00,0.00,0.00,0,0,0,0
12,206325,Zinchenko,16,Nott'm Forest,Defender,2021/22,5.5,5.3,59,1044,0,4,5,9,0,0,0,0,0,0,4,284,259.4,282.1,111.0,65.4,0,0.00,0.00,0.00,0.00,0,0,0,0
16,223340,Saka,1,Arsenal,Midfielder,2021/22,6.5,6.7,179,2978,11,9,13,39,0,0,0,6,0,0,18,566,790.4,977.8,1434.0,320.0,0,0.00,0.00,0.00,0.00,0,0,0,0
17,184029,Ødegaard,1,Arsenal,Midfielder,2021/22,5.5,5.6,131,2782,7,4,11,39,0,0,0,4,0,0,9,541,676.6,1073.2,639.0,238.2,0,0.00,0.00,0.00,0.00,0,0,0,0
19,444145,Martinelli,1,Arsenal,Midfielder,2021/22,5.5,5.3,110,1855,6,7,7,25,0,0,0,1,1,0,6,345,475.8,483.3,786.0,174.7,0,0.00,0.00,0.00,0.00,0,0,0,0
20,116216,Trossard,1,Arsenal,Midfielder,2021/22,6.5,5.9,141,2803,8,4,11,33,0,0,0,2,0,0,16,465,627.6,708.3,1020.0,235.4,0,0.00,0.00,0.00,0.00,0,0,0,0
21,204480,Rice,1,Arsenal,Midfielder,2021/22,5.0,5.0,95,3178,1,4,8,49,0,0,0,8,0,0,7,595,773.4,401.8,288.0,146.8,0,0.00,0.00,0.00,0.00,0,0,0,0
24,128295,Nørgaard,1,Arsenal,Midfielder,2021/22,5.0,5.0,101,3054,3,4,8,51,0,0,0,8,0,0,5,502,694.8,409.8,434.0,154.3,0,0.00,0.00,0.00,0.00,0,0,0,0
27,200641,Nelson,5,Brentford,Midfielder,2021/22,5.0,5.0,1,19,0,0,0,1,0,0,0,0,0,0,0,4,4.0,11.6,20.0,3.6,0,0.00,0.00,0.00,0.00,0,0,0,0
29,437742,Sambi,1,Arsenal,Midfielder,2021/22,5.0,4.8,32,1129,0,0,7,11,0,0,0,5,0,0,0,173,192.4,263.4,108.0,56.3,0,0.00,0.00,0.00,0.00,0,0,0,0
30,219847,Havertz,1,Arsenal,Forward,2021/22,8.5,7.9,112,1802,8,4,10,18,0,0,0,3,0,0,5,271,461.2,329.5,939.0,171.9,0,0.00,0.00,0.00,0.00,0,0,0,0
31,205651,G.Jesus,1,Arsenal,Forward,2021/22,8.5,8.6,120,1871,8,8,11,15,0,0,0,1,0,0,16,488,567.4,530.9,1126.0,222.3,0,0.00,0.00,0.00,0.00,0,0,0,0
32,98980,Martinez,2,Aston Villa,Goalkeeper,2021/22,5.5,5.5,129,3240,0,0,11,48,0,1,0,4,0,95,7,651,755.8,0.0,0.0,75.4,0,0.00,0.00,0.00,0.00,0,0,0,0
35,462381,Marschall,2,Aston Villa,Goalkeeper,2021/22,4.0,4.0,0,0,0,0,0,0,0,0,0,0,0,0,0,0,0.0,0.0,0.0,0.0,0,0.00,0.00,0.00,0.00,0,0,0,0
36,199796,Cash,2,Aston Villa,Defender,2021/22,5.0,5.3,147,3377,4,3,13,50,0,0,0,8,0,0,11,623,754.8,432.1,534.0,172.1,0,0.00,0.00,0.00,0.00,0,0,0,0
37,101188,Digne,2,Aston Villa,Defender,2021/22,5.5,5.0,83,2440,0,4,7,42,1,0,0,6,0,0,8,459,538.8,772.7,202.0,151.6,0,0.00,0.00,0.00,0.00,0,0,0,0
38,199798,Konsa,2,Aston Villa,Defender,2021/22,5.0,4.9,78,2477,2,0,8,43,0,0,0,4,2,0,4,388,428.2,56.5,251.0,73.4,0,0.00,0.00,0.00,0.00,0,0,0,0
40,149484,Mings,2,Aston Villa,Defender,2021/22,5.0,5.0,118,3188,1,4,11,49,0,0,0,11,0,0,12,596,667.2,130.9,309.0,110.6,0,0.00,0.00,0.00,0.00,0,0,0,0
44,515597,Bogarde,2,Aston Villa,Defender,2021/22,4.0,4.0,0,0,0,0,0,0,0,0,0,0,0,0,0,0,0.0,0.0,0.0,0.0,0,0.00,0.00,0.00,0.00,0,0,0,0
48,166989,Tielemans,2,Aston Villa,Midfielder,2021/22,6.5,6.4,120,2629,6,4,6,42,0,0,0,3,0,0,14,532,723.8,578.9,460.0,175.8,0,0.00,0.00,0.00,0.00,0,0,0,0
49,215711,Bailey,2,Aston Villa,Midfielder,2021/22,6.5,6.3,37,750,1,3,2,13,0,0,0,3,0,0,1,98,143.2,118.5,271.0,53.2,0,0.00,0.00,0.00,0.00,0,0,0,0
50,195546,Buendía,2,Aston Villa,Midfielder,2021/22,6.5,6.1,107,1887,4,6,7,32,0,0,0,1,0,0,8,378,482.8,660.5,531.0,167.8,0,0.00,0.00,0.00,0.00,0,0,0,0
52,232653,J.Ramsey,15,Newcastle,Midfielder,2021/22,4.5,4.7,109,2465,6,1,12,35,0,0,0,6,0,0,9,402,538.2,334.0,432.0,130.7,0,0.00,0.00,0.00,0.00,0,0,0,0
54,122806,McGinn,2,Aston Villa,Midfielder,2021/22,6.0,5.6,110,3090,3,4,10,48,0,0,0,8,0,0,12,495,700.2,777.8,307.0,178.6,0,0.00,0.00,0.00,0.00,0,0,0,0
55,88894,Barkley,2,Aston Villa,Midfielder,2021/22,5.5,5.2,14,174,1,0,1,2,0,0,0,0,0,0,1,43,61.4,117.7,87.0,26.7,0,0.00,0.00,0.00,0.00,0,0,0,0
57,461421,Dobbin,2,Aston Villa,Midfielder,2021/22,4.5,4.5,2,30,0,0,0,1,0,0,0,1,0,0,0,6,2.4,0.9,4.0,0.8,0,0.00,0.00,0.00,0.00,0,0,0,0
61,151589,Dendoncker,2,Aston Villa,Midfielder,2021/22,5.0,4.6,76,1945,2,3,5,29,0,0,0,4,0,0,5,308,348.6,180.0,279.0,80.9,0,0.00,0.00,0.00,0.00,0,0,0,0
64,178301,Watkins,2,Aston Villa,Forward,2021/22,7.5,7.5,131,2950,11,3,10,48,0,0,0,7,0,0,17,441,613.8,469.6,1345.0,242.9,0,0.00,0.00,0.00,0.00,0,0,0,0
101,200720,Kelleher,5,Brentford,Goalkeeper,2021/22,4.5,4.3,8,180,0,0,1,2,0,0,0,0,0,6,0,52,46.2,0.0,0.0,4.6,0,0.00,0.00,0.00,0.00,0,0,0,0
102,235448,Balcombe,5,Brentford,Goalkeeper,2021/22,4.0,4.0,0,0,0,0,0,0,0,0,0,0,0,0,0,0,0.0,0.0,0.0,0.0,0,0.00,0.00,0.00,0.00,0,0,0,0
103,503300,Cox,5,Brentford,Goalkeeper,2021/22,4.0,4.0,0,0,0,0,0,0,0,0,0,0,0,0,0,0,0.0,0.0,0.0,0.0,0,0.00,0.00,0.00,0.00,0,0,0,0
106,432830,Collins,5,Brentford,Defender,2021/22,4.5,4.3,55,1670,2,0,5,26,0,0,0,2,1,0,1,272,436.0,78.2,254.0,77.0,0,0.00,0.00,0.00,0.00,0,0,0,0
108,191866,Ajer,5,Brentford,Defender,2021/22,4.5,4.4,81,1995,1,3,8,32,0,0,0,5,0,0,5,384,390.0,124.2,184.0,70.0,0,0.00,0.00,0.00,0.00,0,0,0,0
109,194010,Henry,5,Brentford,Defender,2021/22,4.5,4.5,108,2775,3,0,9,41,0,0,0,2,0,0,4,453,451.0,325.4,235.0,101.0,0,0.00,0.00,0.00,0.00,0,0,0,0
111,231065,Pinnock,5,Brentford,Defender,2021/22,4.5,4.4,90,2694,1,1,7,43,0,0,0,1,0,0,7,517,648.8,151.7,335.0,113.5,0,0.00,0.00,0.00,0.00,0,0,0,0
112,226956,Roerslev,5,Brentford,Defender,2021/22,4.5,4.1,41,1232,1,1,1,27,0,0,0,1,0,0,4,170,200.2,125.8,81.0,40.8,0,0.00,0.00,0.00,0.00,0,0,0,0
119,446008,Mbeumo,14,Man Utd,Midfielder,2021/22,5.5,5.2,119,2905,4,7,9,47,0,0,0,4,0,0,6,310,459.8,520.6,967.0,193.7,0,0.00,0.00,0.00,0.00,0,0,0,0
124,56979,Henderson,5,Brentford,Midfielder,2021/22,5.0,4.9,110,2592,2,5,15,22,0,0,0,3,0,0,9,507,487.4,659.5,247.0,139.2,0,0.00,0.00,0.00,0.00,0,0,0,0
125,204580,Janelt,5,Brentford,Midfielder,2021/22,5.0,4.9,90,2295,4,0,9,37,0,0,0,3,0,0,8,343,460.6,331.1,400.0,119.0,0,0.00,0.00,0.00,0.00,0,0,0,0
126,207283,Jensen,5,Brentford,Midfielder,2021/22,5.0,4.9,54,1590,0,1,3,30,0,0,0,0,0,0,2,246,253.2,540.6,198.0,99.3,0,0.00,0.00,0.00,0.00,0,0,0,0
128,428580,Onyeka,5,Brentford,Midfielder,2021/22,5.0,4.9,35,1040,0,2,3,19,0,0,0,4,0,0,0,117,93.0,73.5,174.0,33.7,0,0.00,0.00,0.00,0.00,0,0,0,0
132,220695,Maghoma,5,Brentford,Midfielder,2021/22,4.5,4.5,0,0,0,0,0,0,0,0,0,0,0,0,0,0,0.0,0.0,0.0,0.0,0,0.00,0.00,0.00,0.00,0,0,0,0
133,450539,Peart-Harris,5,Brentford,Midfielder,2021/22,4.5,4.5,0,0,0,0,0,0,0,0,0,0,0,0,0,0,0.0,0.0,0.0,0.0,0,0.00,0.00,0.00,0.00,0,0,0,0
135,216646,Wissa,15,Newcastle,Forward,2021/22,6.0,5.7,92,1268,7,2,3,22,0,0,0,0,0,0,6,277,348.0,133.1,402.0,87.6,0,0.00,0.00,0.00,0.00,0,0,0,0
138,49262,Steele,6,Brighton,Goalkeeper,2021/22,4.0,3.9,2,90,0,0,0,2,0,0,0,0,0,3,0,17,28.8,0.0,0.0,2.9,0,0.00,0.00,0.00,0.00,0,0,0,0
140,209288,McGill,6,Brighton,Goalkeeper,2021/22,4.0,4.0,0,0,0,0,0,0,0,0,0,0,0,0,0,0,0.0,0.0,0.0,0.0,0,0.00,0.00,0.00,0.00,0,0,0,0
142,240514,Scherpen,6,Brighton,Goalkeeper,2021/22,4.5,4.5,0,0,0,0,0,0,0,0,0,0,0,0,0,0,0.0,0.0,0.0,0.0,0,0.00,0.00,0.00,0.00,0,0,0,0
146,83299,Dunk,6,Brighton,Defender,2021/22,5.0,4.8,92,2573,1,0,10,33,0,0,0,3,1,0,7,537,570.0,63.5,327.0,96.1,0,0.00,0.00,0.00,0.00,0,0,0,0
150,232792,Lamptey,6,Brighton,Defender,2021/22,4.5,4.5,74,1547,0,2,6,21,0,0,0,4,0,0,7,308,254.6,367.9,175.0,79.4,0,0.00,0.00,0.00,0.00,0,0,0,0
152,111478,Veltman,6,Brighton,Defender,2021/22,4.5,4.2,95,2874,1,1,8,39,0,0,0,6,0,0,5,545,582.2,275.8,183.0,104.4,0,0.00,0.00,0.00,0.00,0,0,0,0
153,110735,Webster,6,Brighton,Defender,2021/22,4.5,4.3,59,1429,2,0,4,20,0,0,0,5,0,0,6,266,416.8,51.4,120.0,58.9,0,0.00,0.00,0.00,0.00,0,0,0,0
159,109345,March,6,Brighton,Midfielder,2021/22,5.5,5.3,61,1733,0,2,7,23,0,0,0,1,0,0,0,216,278.4,528.4,291.0,109.7,0,0.00,0.00,0.00,0.00,0,0,0,0
170,15157,Milner,6,Brighton,Midfielder,2021/22,5.0,4.9,38,844,0,1,4,6,0,0,0,2,0,0,1,196,233.2,332.8,78.0,64.5,0,0.00,0.00,0.00,0.00,0,0,0,0
171,441192,Sarmiento,6,Brighton,Midfielder,2021/22,4.5,4.5,5,44,0,0,0,2,0,0,0,0,0,0,0,15,2.8,2.4,2.0,0.8,0,0.00,0.00,0.00,0.00,0,0,0,0
178,50175,Welbeck,6,Brighton,Forward,2021/22,6.0,6.0,89,1469,6,4,5,16,0,0,0,0,0,0,13,247,361.8,228.9,598.0,117.8,0,0.00,0.00,0.00,0.00,0,0,0,0
179,487117,Ferguson,6,Brighton,Forward,2021/22,4.5,4.5,1,22,0,0,0,1,0,0,0,0,0,0,0,4,2.0,4.8,2.0,0.9,0,0.00,0.00,0.00,0.00,0,0,0,0
186,192290,Roberts,3,Burnley,Defender,2021/22,4.5,4.4,69,1689,1,1,6,23,0,0,0,2,0,0,6,313,302.0,196.3,100.0,59.8,0,0.00,0.00,0.00,0.00,0,0,0,0
187,58621,Walker,3,Burnley,Defender,2021/22,5.5,5.4,85,1755,0,2,10,14,0,0,0,1,0,0,5,403,274.2,247.8,110.0,63.2,0,0.00,0.00,0.00,0.00,0,0,0,0
189,461567,Dodgson,3,Burnley,Defender,2021/22,4.0,3.9,0,0,0,0,0,0,0,0,0,0,0,0,0,0,0.0,0.0,0.0,0.0,0,0.00,0.00,0.00,0.00,0,0,0,0
198,180804,Tuanzebe,3,Burnley,Defender,2021/22,4.5,4.4,14,505,0,0,1,10,0,0,0,1,0,0,0,86,71.2,1.1,43.0,11.5,0,0.00,0.00,0.00,0.00,0,0,0,0
207,465527,Hannibal,3,Burnley,Midfielder,2021/22,4.5,4.5,1,67,0,0,0,2,0,0,0,2,0,0,0,-2,4.2,4.4,9.0,1.7,0,0.00,0.00,0.00,0.00,0,0,0,0
211,447715,A.Ramsey,3,Burnley,Midfielder,2021/22,4.5,4.4,0,0,0,0,0,0,0,0,0,0,0,0,0,0,0.0,0.0,0.0,0.0,0,0.00,0.00,0.00,0.00,0,0,0,0
218,44699,Barnes,3,Burnley,Forward,2021/22,5.5,5.2,32,793,1,0,1,19,0,0,0,4,0,0,2,60,84.6,107.6,196.0,37.4,0,0.00,0.00,0.00,0.00,0,0,0,0
219,220598,Obafemi,3,Burnley,Forward,2021/22,4.5,4.5,0,0,0,0,0,0,0,0,0,0,0,0,0,0,0.0,0.0,0.0,0.0,0,0.00,0.00,0.00,0.00,0,0,0,0
220,215059,Sánchez,7,Chelsea,Goalkeeper,2021/22,4.5,4.5,126,3330,0,0,11,42,0,0,0,3,1,101,8,679,811.0,30.0,0.0,84.0,0,0.00,0.00,0.00,0.00,0,0,0,0
224,179268,Cucurella,7,Chelsea,Defender,2021/22,5.0,4.9,126,3089,1,1,11,39,0,0,0,6,0,0,21,673,679.8,700.8,207.0,159.1,0,0.00,0.00,0.00,0.00,0,0,0,0
225,225796,James,7,Chelsea,Defender,2021/22,5.5,6.5,141,1863,5,9,7,22,1,0,0,4,1,0,26,573,605.2,733.4,440.0,178.0,0,0.00,0.00,0.00,0.00,0,0,0,0
226,180736,Chalobah,7,Chelsea,Defender,2021/22,5.0,4.7,99,1447,3,1,9,9,0,0,0,2,0,0,11,396,405.8,105.8,151.0,66.1,0,0.00,0.00,0.00,0.00,0,0,0,0
230,444463,Fofana,7,Chelsea,Defender,2021/22,4.5,4.3,17,630,0,0,1,7,0,0,0,2,0,0,2,112,131.4,30.1,32.0,19.4,0,0.00,0.00,0.00,0.00,0,0,0,0
235,244851,Palmer,7,Chelsea,Midfielder,2021/22,4.5,4.5,9,121,0,1,1,0,0,0,0,0,0,0,0,29,11.0,30.8,60.0,10.2,0,0.00,0.00,0.00,0.00,0,0,0,0
236,247632,Neto,7,Chelsea,Midfielder,2021/22,6.5,6.2,22,459,1,1,0,14,0,0,0,3,0,0,0,88,103.4,205.1,219.0,52.6,0,0.00,0.00,0.00,0.00,0,0,0,0
241,486672,Caicedo,7,Chelsea,Midfielder,2021/22,4.5,4.5,27,660,1,1,4,6,0,0,0,2,0,0,1,124,145.4,64.6,131.0,34.1,0,0.00,0.00,0.00,0.00,0,0,0,0
242,215413,Dewsbury-Hall,9,Everton,Midfielder,2021/22,4.5,4.4,70,2101,1,2,8,27,0,0,0,4,0,0,4,337,377.6,505.6,221.0,110.6,0,0.00,0.00,0.00,0.00,0,0,0,0
244,514356,Lavia,7,Chelsea,Midfielder,2021/22,4.5,4.4,0,0,0,0,0,0,0,0,0,0,0,0,0,0,0.0,0.0,0.0,0.0,0,0.00,0.00,0.00,0.00,0,0,0,0
249,475168,João Pedro,7,Chelsea,Forward,2021/22,5.5,5.4,60,1634,3,1,2,35,0,0,0,1,0,0,4,207,332.6,291.2,610.0,123.7,0,0.00,0.00,0.00,0.00,0,0,0,0
250,463034,Delap,7,Chelsea,Forward,2021/22,4.5,4.5,1,8,0,0,0,0,0,0,0,0,0,0,0,2,0.0,0.0,2.0,0.1,0,0.00,0.00,0.00,0.00,0,0,0,0
253,172649,Henderson,8,Crystal Palace,Goalkeeper,2021/22,5.0,4.7,0,0,0,0,0,0,0,0,0,0,0,0,0,0,0.0,0.0,0.0,0.0,0,0.00,0.00,0.00,0.00,0,0,0,0
255,169593,Matthews,8,Crystal Palace,Goalkeeper,2021/22,4.0,3.9,0,0,0,0,0,0,0,0,0,0,0,0,0,0,0.0,0.0,0.0,0.0,0,0.00,0.00,0.00,0.00,0,0,0,0
258,244723,Mitchell,8,Crystal Palace,Defender,2021/22,4.5,4.5,109,3101,0,2,10,43,0,0,0,1,0,0,6,561,619.2,380.5,111.0,111.1,0,0.00,0.00,0.00,0.00,0,0,0,0
260,209036,Guéhi,13,Man City,Defender,2021/22,4.5,4.5,123,3222,2,1,11,43,0,0,0,4,0,0,8,676,720.6,98.5,290.0,111.1,0,0.00,0.00,0.00,0.00,0,0,0,0
263,57328,Clyne,8,Crystal Palace,Defender,2021/22,4.5,4.3,59,1351,0,1,6,12,0,0,0,1,0,0,4,264,181.0,99.1,17.0,29.9,0,0.00,0.00,0.00,0.00,0,0,0,0
264,156074,Holding,8,Crystal Palace,Defender,2021/22,4.5,4.1,29,840,1,0,2,16,0,0,0,2,1,0,2,152,253.0,8.6,49.0,31.1,0,0.00,0.00,0.00,0.00,0,0,0,0
266,232413,Eze,1,Arsenal,Midfielder,2021/22,6.0,5.9,31,599,1,1,3,8,0,0,0,1,0,0,2,125,120.0,175.3,135.0,43.2,0,0.00,0.00,0.00,0.00,0,0,0,0
267,232185,Sarr,8,Crystal Palace,Midfielder,2021/22,6.0,5.7,81,1862,5,2,2,40,0,0,1,2,0,0,9,217,342.4,298.1,540.0,118.0,0,0.00,0.00,0.00,0.00,0,0,0,0
270,108413,Hughes,8,Crystal Palace,Midfielder,2021/22,5.0,4.7,34,1050,0,2,4,16,0,0,0,6,0,0,2,164,159.0,143.0,60.0,36.3,0,0.00,0.00,0.00,0.00,0,0,0,0
278,450542,J.Rak-Sakyi,8,Crystal Palace,Midfielder,2021/22,4.5,4.4,4,79,0,0,1,0,0,0,0,0,0,0,0,7,1.0,6.1,2.0,0.8,0,0.00,0.00,0.00,0.00,0,0,0,0
283,231747,Mateta,8,Crystal Palace,Forward,2021/22,5.5,5.3,61,1138,5,1,5,14,0,0,0,2,0,0,6,182,253.6,112.8,568.0,93.4,0,0.00,0.00,0.00,0.00,0,0,0,0
284,205533,Nketiah,8,Crystal Palace,Forward,2021/22,5.5,5.7,55,823,5,1,0,18,0,0,0,3,0,0,6,194,249.2,165.2,408.0,82.1,0,0.00,0.00,0.00,0.00,0,0,0,0
285,199670,Édouard,8,Crystal Palace,Forward,2021/22,6.5,6.0,87,1554,6,4,9,19,0,0,0,4,0,0,9,280,389.8,265.7,618.0,127.6,0,0.00,0.00,0.00,0.00,0,0,0,0
287,111234,Pickford,9,Everton,Goalkeeper,2021/22,5.0,4.8,116,3150,0,0,7,58,0,0,0,2,0,117,12,624,863.2,43.0,0.0,90.5,0,0.00,0.00,0.00,0.00,0,0,0,0
289,447325,Tyrer,9,Everton,Goalkeeper,2021/22,4.0,4.0,0,0,0,0,0,0,0,0,0,0,0,0,0,0,0.0,0.0,0.0,0.0,0,0.00,0.00,0.00,0.00,0,0,0,0
290,480455,Branthwaite,9,Everton,Defender,2021/22,4.0,4.0,7,387,1,0,0,17,0,0,0,0,1,0,1,49,90.2,2.8,44.0,13.8,0,0.00,0.00,0.00,0.00,0,0,0,0
291,17761,Tarkowski,9,Everton,Defender,2021/22,5.0,4.9,83,3106,1,2,7,51,1,0,0,11,0,0,5,486,892.6,118.1,315.0,132.8,0,0.00,0.00,0.00,0.00,0,0,0,0
292,224967,Mykolenko,9,Everton,Defender,2021/22,5.0,4.9,42,1054,1,1,3,17,0,0,0,0,0,0,3,177,187.4,138.8,66.0,39.4,0,0.00,0.00,0.00,0.00,0,0,0,0
294,59949,Coleman,9,Everton,Defender,2021/22,5.0,4.9,79,2656,1,1,7,50,1,0,0,4,0,0,6,439,469.4,232.1,170.0,86.9,0,0.00,0.00,0.00,0.00,0,0,0,0
295,106611,Keane,9,Everton,Defender,2021/22,5.0,4.6,102,2791,3,2,8,54,2,0,0,2,1,0,11,518,697.0,97.0,231.0,102.7,0,0.00,0.00,0.00,0.00,0,0,0,0
296,243571,Patterson,9,Everton,Defender,2021/22,4.5,4.1,0,0,0,0,0,0,0,0,0,0,0,0,0,0,0.0,0.0,0.0,0.0,0,0.00,0.00,0.00,0.00,0,0,0,0
298,474907,Welch,9,Everton,Defender,2021/22,4.0,4.0,0,0,0,0,0,0,0,0,0,0,0,0,0,0,0.0,0.0,0.0,0.0,0,0.00,0.00,0.00,0.00,0,0,0,0
300,433154,McNeil,9,Everton,Midfielder,2021/22,6.0,5.5,84,3104,0,1,9,49,0,0,0,1,0,0,1,440,565.2,754.3,505.0,182.9,0,0.00,0.00,0.00,0.00,0,0,0,0
304,490094,Iroegbunam,9,Everton,Midfielder,2021/22,4.5,4.5,4,90,0,0,1,0,0,0,0,1,0,0,0,17,10.6,2.0,4.0,1.7,0,0.00,0.00,0.00,0.00,0,0,0,0
314,80201,Leno,10,Fulham,Goalkeeper,2021/22,5.0,4.5,10,360,0,0,1,9,0,0,0,0,0,10,0,69,85.0,0.0,0.0,8.5,0,0.00,0.00,0.00,0.00,0,0,0,0
317,174874,Andersen,10,Fulham,Defender,2021/22,4.5,4.7,124,2914,0,4,12,37,1,0,0,4,0,0,14,619,630.6,234.0,142.0,100.7,0,0.00,0.00,0.00,0.00,0,0,0,0
319,166477,Castagne,10,Fulham,Defender,2021/22,5.5,5.3,75,2124,1,0,6,30,0,0,0,1,0,0,6,365,435.4,241.0,103.0,78.1,0,0.00,0.00,0.00,0.00,0,0,0,0
320,219924,Diop,10,Fulham,Defender,2021/22,4.5,4.2,30,961,0,1,2,19,0,0,0,0,0,0,2,203,225.6,21.3,44.0,29.1,0,0.00,0.00,0.00,0.00,0,0,0,0
324,153133,Iwobi,10,Fulham,Midfielder,2021/22,6.0,5.8,78,2029,2,2,6,38,0,0,0,1,0,0,6,312,370.0,501.4,357.0,122.7,0,0.00,0.00,0.00,0.00,0,0,0,0
325,209289,Smith Rowe,10,Fulham,Midfielder,2021/22,5.5,5.7,125,1909,10,2,8,28,0,0,0,1,0,0,9,435,555.8,453.3,576.0,158.4,0,0.00,0.00,0.00,0.00,0,0,0,0
326,159533,Adama,19,West Ham,Midfielder,2021/22,6.0,5.6,44,1069,1,1,5,10,0,0,0,0,0,0,0,168,192.0,271.1,300.0,76.6,0,0.00,0.00,0.00,0.00,0,0,0,0
327,156689,Andreas,10,Fulham,Midfielder,2021/22,5.0,5.0,0,0,0,0,0,0,0,0,0,0,0,0,0,0,0.0,0.0,0.0,0.0,0,0.00,0.00,0.00,0.00,0,0,0,0
328,184349,Sessegnon,10,Fulham,Midfielder,2021/22,4.5,4.4,56,1046,0,3,6,11,0,0,0,2,0,0,3,231,171.0,204.9,137.0,51.3,0,0.00,0.00,0.00,0.00,0,0,0,0
337,102057,Raúl,10,Fulham,Forward,2021/22,7.5,7.5,101,2630,6,5,11,32,0,0,0,5,2,0,11,266,470.8,506.7,746.0,171.2,0,0.00,0.00,0.00,0.00,0,0,0,0
339,437495,Meslier,11,Leeds,Goalkeeper,2021/22,5.0,4.8,106,3384,0,0,5,79,0,0,0,2,0,143,8,713,1090.6,0.0,0.0,108.9,0,0.00,0.00,0.00,0.00,0,0,0,0
341,59735,Darlow,11,Leeds,Goalkeeper,2021/22,4.5,4.5,20,720,0,0,0,15,0,0,0,1,0,24,3,110,157.0,0.0,0.0,15.8,0,0.00,0.00,0.00,0.00,0,0,0,0
343,222694,Struijk,11,Leeds,Defender,2021/22,4.5,4.3,35,2050,1,1,1,53,0,0,0,6,1,0,0,339,481.0,134.8,191.0,80.8,0,0.00,0.00,0.00,0.00,0,0,0,0
346,113564,Byram,11,Leeds,Defender,2021/22,4.5,4.4,20,1023,0,0,2,27,0,0,0,3,0,0,0,163,216.4,58.0,121.0,39.7,0,0.00,0.00,0.00,0.00,0,0,0,0
348,214225,Rodon,11,Leeds,Defender,2021/22,4.5,4.2,3,87,0,0,0,3,0,0,0,0,0,0,0,17,19.6,0.7,0.0,2.0,0,0.00,0.00,0.00,0.00,0,0,0,0
352,221399,Harrison,11,Leeds,Midfielder,2021/22,6.0,5.5,117,2638,8,1,3,68,0,0,0,3,0,0,12,408,614.6,591.8,687.0,188.5,0,0.00,0.00,0.00,0.00,0,0,0,0
353,200617,James,11,Leeds,Midfielder,2021/22,6.0,6.0,91,2489,4,5,5,51,0,0,0,7,1,0,2,221,336.4,348.1,810.0,148.1,0,0.00,0.00,0.00,0.00,0,0,0,0
354,199598,Ampadu,11,Leeds,Midfielder,2021/22,4.5,4.5,0,0,0,0,0,0,0,0,0,0,0,0,0,0,0.0,0.0,0.0,0.0,0,0.00,0.00,0.00,0.00,0,0,0,0
355,248937,Greenwood,11,Leeds,Midfielder,2021/22,4.5,4.6,15,231,0,2,0,5,0,0,0,0,0,0,0,54,51.6,49.4,39.0,13.9,0,0.00,0.00,0.00,0.00,0,0,0,0
360,462635,Gelhardt,11,Leeds,Midfielder,2021/22,4.5,4.7,43,733,2,4,1,25,0,0,0,4,0,0,3,129,148.0,117.0,412.0,67.2,0,0.00,0.00,0.00,0.00,0,0,0,0
363,106617,Bamford,11,Leeds,Forward,2021/22,8.0,7.7,28,557,2,2,0,14,0,0,0,2,0,0,2,90,125.8,69.0,289.0,47.9,0,0.00,0.00,0.00,0.00,0,0,0,0
366,116535,A.Becker,12,Liverpool,Goalkeeper,2021/22,6.0,6.1,176,3240,0,1,20,24,1,0,0,0,0,75,15,782,721.4,10.0,0.0,73.1,0,0.00,0.00,0.00,0.00,0,0,0,0
369,155503,Woodman,12,Liverpool,Goalkeeper,2021/22,4.5,4.3,9,360,0,0,0,12,0,1,0,0,0,10,0,64,89.4,0.0,0.0,9.0,0,0.00,0.00,0.00,0.00,0,0,0,0
372,122798,Robertson,12,Liverpool,Defender,2021/22,7.0,7.3,186,2537,3,11,17,20,0,0,0,5,1,0,23,770,708.2,900.7,372.0,198.3,0,0.00,0.00,0.00,0.00,0,0,0,0
373,97032,Virgil,12,Liverpool,Defender,2021/22,6.5,6.8,183,3060,3,3,21,21,0,0,0,3,0,0,13,803,726.4,150.3,455.0,133.1,0,0.00,0.00,0.00,0.00,0,0,0,0
374,204716,Konaté,12,Liverpool,Defender,2021/22,5.5,5.1,33,990,0,0,4,10,0,0,0,2,0,0,0,208,213.4,21.0,20.0,25.4,0,0.00,0.00,0.00,0.00,0,0,0,0
375,492777,Bradley,12,Liverpool,Defender,2021/22,4.0,4.0,0,0,0,0,0,0,0,0,0,0,0,0,0,0,0.0,0.0,0.0,0.0,0,0.00,0.00,0.00,0.00,0,0,0,0
376,171287,Gomez,12,Liverpool,Defender,2021/22,5.0,4.7,22,330,0,1,2,3,0,0,0,2,0,0,2,92,76.6,64.0,13.0,15.4,0,0.00,0.00,0.00,0.00,0,0,0,0
377,214285,Tsimikas,12,Liverpool,Defender,2021/22,4.0,3.7,42,874,0,2,4,6,0,0,0,3,0,0,2,202,214.4,401.1,141.0,75.8,0,0.00,0.00,0.00,0.00,0,0,0,0
379,219937,R.Williams,12,Liverpool,Defender,2021/22,4.5,4.4,0,0,0,0,0,0,0,0,0,0,0,0,0,0,0.0,0.0,0.0,0.0,0,0.00,0.00,0.00,0.00,0,0,0,0
381,118748,M.Salah,12,Liverpool,Midfielder,2021/22,12.5,13.1,265,2758,23,14,17,22,0,0,1,1,0,0,29,756,1241.0,875.9,2230.0,434.8,0,0.00,0.00,0.00,0.00,0,0,0,0
383,244731,Luis Díaz,12,Liverpool,Midfielder,2021/22,8.0,8.1,64,957,4,3,6,4,0,0,0,0,0,0,6,227,289.4,288.0,578.0,115.7,0,0.00,0.00,0.00,0.00,0,0,0,0
386,243016,Mac Allister,12,Liverpool,Midfielder,2021/22,5.5,5.1,93,2112,5,2,6,29,0,0,1,4,0,0,8,398,509.6,490.7,550.0,154.9,0,0.00,0.00,0.00,0.00,0,0,0,0
388,206915,C.Jones,12,Liverpool,Midfielder,2021/22,5.0,5.0,40,849,1,1,4,9,0,0,0,0,0,0,3,177,156.4,179.7,171.0,50.8,0,0.00,0.00,0.00,0.00,0,0,0,0
389,444884,Elliott,2,Aston Villa,Midfielder,2021/22,5.5,5.3,12,344,0,0,2,2,0,0,0,0,0,0,0,52,43.2,133.5,102.0,27.9,0,0.00,0.00,0.00,0.00,0,0,0,0
395,440148,Morton,12,Liverpool,Midfielder,2021/22,4.5,4.5,1,65,0,0,0,1,0,0,0,1,0,0,0,4,2.8,2.4,0.0,0.6,0,0.00,0.00,0.00,0.00,0,0,0,0
399,121160,Ederson M.,13,Man City,Goalkeeper,2021/22,6.0,6.2,155,3330,0,0,20,26,0,0,0,3,0,60,4,701,561.2,0.0,0.0,56.1,0,0.00,0.00,0.00,0.00,0,0,0,0
401,122074,Bettinelli,13,Man City,Goalkeeper,2021/22,4.0,4.0,0,0,0,0,0,0,0,0,0,0,0,0,0,0,0.0,0.0,0.0,0.0,0,0.00,0.00,0.00,0.00,0,0,0,0
402,448514,Aït-Nouri,13,Man City,Defender,2021/22,4.5,4.1,87,1826,1,4,7,26,0,0,0,4,0,0,10,367,390.8,323.2,174.0,89.1,0,0.00,0.00,0.00,0.00,0,0,0,0
405,126184,Aké,13,Man City,Defender,2021/22,5.0,4.7,54,919,2,0,5,3,0,0,0,0,0,0,0,234,245.0,58.9,75.0,37.9,0,0.00,0.00,0.00,0.00,0,0,0,0
408,171314,Rúben,13,Man City,Defender,2021/22,6.0,6.2,141,2401,2,5,14,18,0,0,0,5,0,0,12,622,581.2,225.2,268.0,107.6,0,0.00,0.00,0.00,0.00,0,0,0,0
409,97299,Stones,13,Man City,Defender,2021/22,5.5,5.2,70,1117,1,0,9,6,0,0,0,0,0,0,4,290,219.8,79.7,145.0,44.4,0,0.00,0.00,0.00,0.00,0,0,0,0
414,209244,Foden,13,Man City,Midfielder,2021/22,8.0,7.9,137,2125,9,6,13,16,0,0,0,1,0,0,11,483,580.8,716.4,954.0,225.5,0,0.00,0.00,0.00,0.00,0,0,0,0
416,165809,Bernardo,13,Man City,Midfielder,2021/22,7.0,7.0,155,2856,8,8,16,23,0,0,0,6,0,0,15,663,739.4,876.1,958.0,257.9,0,0.00,0.00,0.00,0.00,0,0,0,0
419,114283,Grealish,9,Everton,Midfielder,2021/22,8.0,7.5,86,1910,3,3,15,8,0,0,0,3,0,0,2,359,394.4,730.6,923.0,204.8,0,0.00,0.00,0.00,0.00,0,0,0,0
420,59859,Gündoğan,13,Man City,Midfielder,2021/22,7.5,7.1,124,1851,8,5,14,10,0,0,0,1,0,0,10,488,549.2,613.8,798.0,196.3,0,0.00,0.00,0.00,0.00,0,0,0,0
421,220566,Rodrigo,13,Man City,Midfielder,2021/22,5.5,5.5,127,2884,7,2,17,22,0,0,0,5,0,0,9,618,758.2,541.4,444.0,174.8,0,0.00,0.00,0.00,0.00,0,0,0,0
422,91651,Kovačić,13,Man City,Midfielder,2021/22,5.0,4.9,76,1552,2,5,8,11,0,0,0,4,0,0,7,348,409.6,407.4,198.0,101.5,0,0.00,0.00,0.00,0.00,0,0,0,0
426,432714,McAtee,16,Nott'm Forest,Midfielder,2021/22,4.5,4.4,2,18,0,0,0,0,0,0,0,0,0,0,0,3,0.0,0.2,0.0,0.0,0,0.00,0.00,0.00,0.00,0,0,0,0
429,155405,Phillips,13,Man City,Midfielder,2021/22,5.0,4.7,39,1594,0,1,3,25,0,0,0,4,0,0,1,209,270.8,151.0,99.0,52.4,0,0.00,0.00,0.00,0.00,0,0,0,0
434,21205,Heaton,14,Man Utd,Goalkeeper,2021/22,4.0,3.9,0,0,0,0,0,0,0,0,0,0,0,0,0,0,0.0,0.0,0.0,0.0,0,0.00,0.00,0.00,0.00,0,0,0,0
440,216051,Dalot,14,Man Utd,Defender,2021/22,4.5,4.2,54,1797,0,0,5,29,0,0,0,4,0,0,5,382,411.0,286.1,126.0,82.2,0,0.00,0.00,0.00,0.00,0,0,0,0
442,95658,Maguire,14,Man Utd,Defender,2021/22,5.5,5.4,69,2513,1,0,7,43,1,0,0,7,1,0,4,451,571.0,77.2,316.0,96.5,0,0.00,0.00,0.00,0.00,0,0,0,0
443,106760,Shaw,14,Man Utd,Defender,2021/22,5.5,5.0,46,1600,0,3,3,24,0,0,0,8,0,0,3,276,292.0,586.1,54.0,93.3,0,0.00,0.00,0.00,0.00,0,0,0,0
449,141746,B.Fernandes,14,Man Utd,Midfielder,2021/22,12.0,11.6,151,3110,10,7,8,54,0,0,2,10,0,0,15,626,906.6,1291.9,910.0,311.2,0,0.00,0.00,0.00,0.00,0,0,0,0
451,176297,Rashford,14,Man Utd,Midfielder,2021/22,9.5,9.4,63,1224,4,2,2,28,0,0,0,2,0,0,0,171,233.8,155.4,406.0,79.4,0,0.00,0.00,0.00,0.00,0,0,0,0
452,493250,Amad,14,Man Utd,Midfielder,2021/22,5.0,5.0,0,0,0,0,0,0,0,0,0,0,0,0,0,0,0.0,0.0,0.0,0.0,0,0.00,0.00,0.00,0.00,0,0,0,0
453,493105,Garnacho,7,Chelsea,Midfielder,2021/22,4.5,4.5,2,12,0,0,0,0,0,0,0,0,0,0,0,5,0.0,0.3,0.0,0.0,0,0.00,0.00,0.00,0.00,0,0,0,0
455,184341,Mount,14,Man Utd,Midfielder,2021/22,7.5,7.7,169,2358,11,11,11,25,0,0,0,4,0,0,16,597,823.8,944.9,995.0,276.3,0,0.00,0.00,0.00,0.00,0,0,0,0
456,209243,Sancho,2,Aston Villa,Midfielder,2021/22,9.5,8.9,91,1894,3,4,6,28,0,0,0,0,0,0,9,362,363.2,596.7,549.0,150.9,0,0.00,0.00,0.00,0.00,0,0,0,0
469,98747,Pope,15,Newcastle,Goalkeeper,2021/22,5.5,5.3,130,3240,0,0,9,47,0,0,0,1,0,120,12,683,902.8,20.0,0.0,92.4,0,0.00,0.00,0.00,0.00,0,0,0,0
470,67089,Dúbravka,3,Burnley,Goalkeeper,2021/22,4.5,4.4,96,2340,0,0,8,35,0,0,0,1,0,73,9,465,590.8,20.0,0.0,61.1,0,0.00,0.00,0.00,0.00,0,0,0,0
471,81441,Gillespie,15,Newcastle,Goalkeeper,2021/22,4.0,3.9,0,0,0,0,0,0,0,0,0,0,0,0,0,0,0.0,0.0,0.0,0.0,0,0.00,0.00,0.00,0.00,0,0,0,0
473,487838,Hall,15,Newcastle,Defender,2021/22,4.5,4.5,0,0,0,0,0,0,0,0,0,0,0,0,0,0,0.0,0.0,0.0,0.0,0,0.00,0.00,0.00,0.00,0,0,0,0
474,119471,Schär,15,Newcastle,Defender,2021/22,4.5,4.1,88,2158,2,2,6,32,0,0,0,4,0,0,10,383,465.2,115.9,234.0,81.7,0,0.00,0.00,0.00,0.00,0,0,0,0
476,78916,Burn,15,Newcastle,Defender,2021/22,4.5,4.4,92,2461,1,1,9,30,0,0,0,8,0,0,6,454,594.0,83.8,264.0,94.0,0,0.00,0.00,0.00,0.00,0,0,0,0
477,441191,Livramento,15,Newcastle,Defender,2021/22,4.0,4.2,80,2200,1,2,7,42,0,0,0,2,0,0,7,440,437.2,327.4,221.0,98.8,0,0.00,0.00,0.00,0.00,0,0,0,0
478,77794,Trippier,15,Newcastle,Defender,2021/22,5.0,4.9,28,429,2,0,1,5,0,0,0,0,0,0,3,101,164.8,128.3,14.0,30.8,0,0.00,0.00,0.00,0.00,0,0,0,0
479,111773,Krafth,15,Newcastle,Defender,2021/22,4.5,4.3,58,1636,0,1,6,20,0,0,0,5,0,0,3,262,270.4,102.7,54.0,42.9,0,0.00,0.00,0.00,0.00,0,0,0,0
480,101148,Lascelles,15,Newcastle,Defender,2021/22,4.5,4.4,47,2055,1,1,3,44,2,0,0,5,0,0,2,284,418.4,46.4,280.0,74.2,0,0.00,0.00,0.00,0.00,0,0,0,0
482,441024,Ashby,15,Newcastle,Defender,2021/22,4.0,4.0,1,6,0,0,0,1,0,0,0,0,0,0,0,4,2.0,1.0,0.0,0.3,0,0.00,0.00,0.00,0.00,0,0,0,0
484,169359,Targett,15,Newcastle,Defender,2021/22,5.0,4.7,101,2871,1,2,9,47,1,0,0,3,0,0,7,530,587.4,635.1,184.0,140.7,0,0.00,0.00,0.00,0.00,0,0,0,0
485,232826,Gordon,15,Newcastle,Midfielder,2021/22,4.5,4.7,100,2277,4,3,7,40,0,0,0,4,0,0,9,325,460.4,523.0,632.0,161.6,0,0.00,0.00,0.00,0.00,0,0,0,0
486,449434,Elanga,15,Newcastle,Midfielder,2021/22,5.0,4.8,59,1208,2,3,4,17,0,0,0,0,0,0,2,193,206.2,172.1,303.0,68.2,0,0.00,0.00,0.00,0.00,0,0,0,0
487,201666,Barnes,15,Newcastle,Midfielder,2021/22,7.0,6.5,137,2095,6,12,8,30,0,0,0,2,0,0,10,377,546.2,425.3,1000.0,196.8,0,0.00,0.00,0.00,0.00,0,0,0,0
488,208706,Bruno G.,15,Newcastle,Midfielder,2021/22,5.0,5.0,67,1031,5,1,4,13,0,0,0,4,0,0,11,245,407.6,190.9,323.0,92.3,0,0.00,0.00,0.00,0.00,0,0,0,0
489,114243,J.Murphy,15,Newcastle,Midfielder,2021/22,5.0,4.6,62,1457,1,4,2,35,0,0,0,4,0,0,0,215,267.8,282.0,281.0,82.8,0,0.00,0.00,0.00,0.00,0,0,0,0
490,180974,Joelinton,15,Newcastle,Midfielder,2021/22,6.0,5.9,83,2554,4,2,7,46,0,0,0,8,0,0,7,323,529.6,386.6,583.0,149.5,0,0.00,0.00,0.00,0.00,0,0,0,0
493,180135,Longstaff,11,Leeds,Midfielder,2021/22,4.5,4.3,48,1458,1,1,2,29,0,0,0,1,0,0,1,206,246.0,116.6,93.0,45.7,0,0.00,0.00,0.00,0.00,0,0,0,0
494,200089,Willock,15,Newcastle,Midfielder,2021/22,6.0,5.3,79,2037,2,3,6,37,0,0,0,0,0,0,3,248,320.4,243.2,449.0,101.3,0,0.00,0.00,0.00,0.00,0,0,0,0
495,153127,Hayden,15,Newcastle,Midfielder,2021/22,4.5,4.5,28,1000,1,0,0,25,0,0,0,5,0,0,3,124,187.6,33.6,66.0,28.3,0,0.00,0.00,0.00,0.00,0,0,0,0
498,461484,White,15,Newcastle,Midfielder,2021/22,4.5,4.4,0,0,0,0,0,0,0,0,0,0,0,0,0,0,0.0,0.0,0.0,0.0,0,0.00,0.00,0.00,0.00,0,0,0,0
508,215136,N.Williams,16,Nott'm Forest,Defender,2021/22,4.0,3.8,4,7,0,1,0,0,0,0,0,0,0,0,0,17,18.2,11.1,2.0,3.1,0,0.00,0.00,0.00,0.00,0,0,0,0
514,90585,Boly,16,Nott'm Forest,Defender,2021/22,5.0,4.9,17,900,0,0,1,20,0,0,0,1,0,0,0,165,195.4,18.1,29.0,24.3,0,0.00,0.00,0.00,0.00,0,0,0,0
515,222531,Gibbs-White,16,Nott'm Forest,Midfielder,2021/22,4.5,4.5,1,7,0,0,0,0,0,0,0,1,0,0,0,0,0.0,0.7,24.0,2.1,0,0.00,0.00,0.00,0.00,0,0,0,0
516,209046,Hudson-Odoi,16,Nott'm Forest,Midfielder,2021/22,5.5,5.3,49,958,1,4,6,8,0,0,0,1,0,0,1,163,175.4,326.9,326.0,82.7,0,0.00,0.00,0.00,0.00,0,0,0,0
517,215379,Anderson,16,Nott'm Forest,Midfielder,2021/22,4.5,4.5,0,0,0,0,0,0,0,0,0,0,0,0,0,0,0.0,0.0,0.0,0.0,0,0.00,0.00,0.00,0.00,0,0,0,0
525,60689,Wood,16,Nott'm Forest,Forward,2021/22,7.0,6.3,91,2694,5,0,6,41,0,0,0,1,0,0,8,228,274.8,265.4,784.0,130.5,0,0.00,0.00,0.00,0.00,0,0,0,0
533,220684,Alese,17,Sunderland,Defender,2021/22,4.0,4.0,0,0,0,0,0,0,0,0,0,0,0,0,0,0,0.0,0.0,0.0,0.0,0,0.00,0.00,0.00,0.00,0,0,0,0
536,477547,Hjelde,17,Sunderland,Defender,2021/22,4.0,4.0,2,148,0,0,0,5,0,0,0,0,0,0,0,29,45.6,12.8,2.0,6.1,0,0.00,0.00,0.00,0.00,0,0,0,0
550,215460,Poveda,17,Sunderland,Midfielder,2021/22,4.5,4.5,0,0,0,0,0,0,0,0,0,0,0,0,0,0,0.0,0.0,0.0,0.0,0,0.00,0.00,0.00,0.00,0,0,0,0
556,458297,Ekwah,17,Sunderland,Midfielder,2021/22,4.0,4.0,0,0,0,0,0,0,0,0,0,0,0,0,0,0,0.0,0.0,0.0,0.0,0,0.00,0.00,0.00,0.00,0,0,0,0
566,214572,Austin,18,Spurs,Goalkeeper,2021/22,4.0,4.0,0,0,0,0,0,0,0,0,0,0,0,0,0,0,0.0,0.0,0.0,0.0,0,0.00,0.00,0.00,0.00,0,0,0,0
569,221632,Romero,18,Spurs,Defender,2021/22,5.0,4.8,63,1844,1,0,5,25,0,0,0,8,0,0,10,385,498.8,98.9,102.0,69.9,0,0.00,0.00,0.00,0.00,0,0,0,0
571,115556,Davies,18,Spurs,Defender,2021/22,4.5,4.5,105,2537,1,2,12,30,0,0,0,6,0,0,3,490,501.4,203.5,254.0,96.2,0,0.00,0.00,0.00,0.00,0,0,0,0
579,85971,Son,18,Spurs,Midfielder,2021/22,10.0,11.2,258,3009,23,10,18,30,0,0,0,2,0,0,27,819,1201.8,1051.5,1296.0,355.4,0,0.00,0.00,0.00,0.00,0,0,0,0
581,172780,Maddison,18,Spurs,Midfielder,2021/22,7.0,6.9,181,2454,12,11,5,41,0,0,0,3,0,0,24,637,827.4,706.2,770.0,230.2,0,0.00,0.00,0.00,0.00,0,0,0,0
583,445044,Kulusevski,18,Spurs,Midfielder,2021/22,6.0,6.3,99,1259,5,9,9,11,0,0,0,3,0,0,8,343,425.2,368.7,442.0,123.3,0,0.00,0.00,0.00,0.00,0,0,0,0
585,202993,Bentancur,18,Spurs,Midfielder,2021/22,5.0,4.9,52,1360,0,4,9,12,0,0,0,5,0,0,4,266,322.8,244.8,122.0,68.9,0,0.00,0.00,0.00,0.00,0,0,0,0
587,227127,Bissouma,18,Spurs,Midfielder,2021/22,4.5,4.4,66,2110,1,2,7,28,0,0,0,10,0,0,9,351,429.2,169.3,126.0,72.4,0,0.00,0.00,0.00,0.00,0,0,0,0
590,436234,Bryan,18,Spurs,Midfielder,2021/22,6.0,5.7,9,86,0,0,0,1,0,0,0,0,0,0,0,32,22.8,37.3,25.0,8.5,0,0.00,0.00,0.00,0.00,0,0,0,0
591,547701,Gray,18,Spurs,Midfielder,2021/22,4.5,4.5,0,0,0,0,0,0,0,0,0,0,0,0,0,0,0.0,0.0,0.0,0.0,0,0.00,0.00,0.00,0.00,0,0,0,0
597,212319,Richarlison,18,Spurs,Forward,2021/22,7.5,7.6,125,2522,10,6,7,46,0,0,0,9,0,0,19,413,651.4,383.7,1010.0,203.9,0,0.00,0.00,0.00,0.00,0,0,0,0
599,490145,Scarlett,18,Spurs,Forward,2021/22,4.5,4.5,1,3,0,0,0,0,0,0,0,0,0,0,0,4,1.0,0.0,0.0,0.1,0,0.00,0.00,0.00,0.00,0,0,0,0
600,84182,Areola,19,West Ham,Goalkeeper,2021/22,5.0,4.7,2,90,0,0,0,1,0,0,0,0,0,2,0,11,20.4,0.0,0.0,2.0,0,0.00,0.00,0.00,0.00,0,0,0,0
604,109533,Emerson,19,West Ham,Defender,2021/22,4.5,4.5,1,4,0,0,0,0,0,0,0,0,0,0,0,3,0.0,0.1,2.0,0.2,0,0.00,0.00,0.00,0.00,0,0,0,0
605,214048,Kilman,19,West Ham,Defender,2021/22,4.5,4.5,106,2688,1,1,10,25,0,0,0,3,0,0,5,536,587.8,68.8,207.0,86.5,0,0.00,0.00,0.00,0.00,0,0,0,0
606,233963,Mavropanos,19,West Ham,Defender,2021/22,4.5,4.5,0,0,0,0,0,0,0,0,0,0,0,0,0,0,0.0,0.0,0.0,0.0,0,0.00,0.00,0.00,0.00,0,0,0,0
610,214590,Wan-Bissaka,19,West Ham,Defender,2021/22,5.5,5.1,41,1793,0,0,3,35,0,0,0,2,0,0,3,329,371.8,237.0,123.0,73.3,0,0.00,0.00,0.00,0.00,0,0,0,0
613,215439,Souček,19,West Ham,Midfielder,2021/22,6.0,5.7,114,3061,5,1,6,46,0,0,0,3,0,0,14,485,662.0,300.1,690.0,165.6,0,0.00,0.00,0.00,0.00,0,0,0,0
614,101178,Ward-Prowse,3,Burnley,Midfielder,2021/22,6.5,6.4,159,3215,10,5,7,65,0,0,0,3,1,0,21,769,970.0,1170.6,413.0,255.5,0,0.00,0.00,0.00,0.00,0,0,0,0
615,450070,Summerville,19,West Ham,Midfielder,2021/22,4.5,4.5,6,126,0,0,0,1,0,0,0,0,0,0,0,20,18.6,32.0,36.0,8.6,0,0.00,0.00,0.00,0.00,0,0,0,0
617,149519,Cornet,19,West Ham,Midfielder,2021/22,6.0,5.8,104,1764,9,2,5,24,0,0,1,2,0,0,9,242,434.6,260.4,620.0,131.5,0,0.00,0.00,0.00,0.00,0,0,0,0
624,178186,Bowen,19,West Ham,Forward,2021/22,6.5,6.9,206,2987,12,17,8,46,0,0,0,6,0,0,24,586,822.2,627.2,1223.0,267.4,0,0.00,0.00,0.00,0.00,0,0,0,0
628,149065,José Sá,20,Wolves,Goalkeeper,2021/22,5.0,5.2,146,3285,0,1,11,40,1,0,0,3,0,121,11,722,947.0,30.0,0.0,97.5,0,0.00,0.00,0.00,0.00,0,0,0,0
632,87835,Doherty,20,Wolves,Defender,2021/22,5.0,4.5,67,871,2,5,3,11,0,0,0,0,0,0,8,255,279.6,224.4,291.0,79.6,0,0.00,0.00,0.00,0.00,0,0,0,0
633,490721,H.Bueno,20,Wolves,Defender,2021/22,4.0,4.0,0,0,0,0,0,0,0,0,0,0,0,0,0,0,0.0,0.0,0.0,0.0,0,0.00,0.00,0.00,0.00,0,0,0,0
634,501837,Mosquera,20,Wolves,Defender,2021/22,4.5,4.4,0,0,0,0,0,0,0,0,0,0,0,0,0,0,0.0,0.0,0.0,0.0,0,0.00,0.00,0.00,0.00,0,0,0,0
637,510362,Toti,20,Wolves,Defender,2021/22,4.5,4.4,6,360,0,0,0,6,0,0,0,1,0,0,0,52,87.0,4.5,28.0,12.0,0,0.00,0.00,0.00,0.00,0,0,0,0
638,441271,Hoever,20,Wolves,Defender,2021/22,4.0,3.9,14,306,0,0,1,5,0,0,0,1,0,0,0,56,42.6,22.1,8.0,7.1,0,0.00,0.00,0.00,0.00,0,0,0,0
642,184754,Hee Chan,20,Wolves,Midfielder,2021/22,5.5,5.4,81,1811,5,1,7,22,0,0,0,2,0,0,11,288,322.2,268.3,481.0,106.7,0,0.00,0.00,0.00,0.00,0,0,0,0
655,449988,Fábio Silva,20,Wolves,Forward,2021/22,6.0,5.6,30,562,0,1,0,7,0,0,0,0,0,0,0,43,21.0,48.3,262.0,32.0,0,0.00,0.00,0.00,0.00,0,0,0,0
659,158534,Walker-Peters,19,West Ham,Defender,2021/22,5.0,4.8,82,2630,1,3,6,49,0,0,0,5,0,0,7,481,481.8,376.9,425.0,128.0,0,0.00,0.00,0.00,0.00,0,0,0,0
668,84450,Xhaka,17,Sunderland,Midfielder,2021/22,5.0,4.8,60,2327,1,2,6,38,0,0,0,10,1,0,3,334,395.4,522.9,262.0,118.2,0,0.00,0.00,0.00,0.00,0,0,0,0
671,75115,Wilson,19,West Ham,Forward,2021/22,7.5,7.1,75,1386,8,0,3,32,0,0,0,4,0,0,14,220,319.8,127.3,494.0,92.4,0,0.00,0.00,0.00,0.00,0,0,0,0
674,225321,Ramsdale,15,Newcastle,Goalkeeper,2021/22,4.5,5.1,135,3060,0,0,12,39,0,0,0,1,0,90,14,641,690.2,1.0,0.0,69.0,0,0.00,0.00,0.00,0.00,0,0,0,0
675,107265,Gunn,16,Nott'm Forest,Goalkeeper,2021/22,4.0,4.0,31,810,0,0,1,22,0,1,0,0,0,35,3,177,305.4,0.0,0.0,30.6,0,0.00,0.00,0.00,0.00,0,0,0,0
678,105717,Masuaku,17,Sunderland,Defender,2021/22,4.5,4.4,29,645,1,1,1,12,0,0,0,1,0,0,3,145,178.2,57.2,39.0,27.5,0,0.00,0.00,0.00,0.00,0,0,0,0
680,440323,Broja,3,Burnley,Forward,2021/22,5.0,5.3,92,1969,6,2,5,37,0,0,0,2,0,0,11,234,280.2,159.2,720.0,115.6,0,0.00,0.00,0.00,0.00,0,0,0,0
691,177815,Calvert-Lewin,11,Leeds,Forward,2021/22,8.0,7.7,64,1281,5,2,3,31,0,0,1,2,0,0,10,207,255.8,144.7,448.0,84.7,0,0.00,0.00,0.00,0.00,0,0,0,0
693,503301,Hutchinson,16,Nott'm Forest,Midfielder,2021/22,4.5,4.5,0,0,0,0,0,0,0,0,0,0,0,0,0,0,0.0,0.0,0.0,0.0,0,0.00,0.00,0.00,0.00,0,0,0,0
699,230046,Douglas Luiz,2,Aston Villa,Midfielder,2021/22,4.5,4.3,89,2715,2,3,10,38,0,0,0,7,0,0,3,468,503.2,547.9,199.0,125.1,0,0.00,0.00,0.00,0.00,0,0,0,0
704,461446,Onyango,9,Everton,Midfielder,2021/22,4.5,4.5,3,27,0,0,0,0,0,0,0,0,0,0,0,8,1.2,0.0,18.0,1.9,0,0.00,0.00,0.00,0.00,0,0,0,0
706,220627,Justin,11,Leeds,Defender,2021/22,5.0,4.9,29,996,0,0,2,13,0,0,0,0,0,0,1,167,190.0,136.2,97.0,42.5,0,0.00,0.00,0.00,0.00,0,0,0,0
707,496661,Dibling,9,Everton,Midfielder,2021/22,4.5,4.5,0,0,0,0,0,0,0,0,0,0,0,0,0,0,0.0,0.0,0.0,0.0,0,0.00,0.00,0.00,0.00,0,0,0,0
719,184667,Lindelöf,2,Aston Villa,Defender,2021/22,5.0,4.8,66,2353,0,2,6,47,0,0,0,4,0,0,4,471,449.0,76.3,66.0,59.3,0,0.00,0.00,0.00,0.00,0,0,0,0
735,110504,Traoré,17,Sunderland,Midfielder,2021/22,6.0,5.7,13,212,0,1,0,3,0,0,0,0,0,0,0,41,21.0,10.6,90.0,11.8,0,0.00,0.00,0.00,0.00,0,0,0,0
738,37096,Fabianski,19,West Ham,Goalkeeper,2021/22,5.0,5.0,136,3330,0,0,8,50,0,3,0,2,0,114,9,661,918.6,0.0,0.0,91.8,0,0.00,0.00,0.00,0.00,0,0,0,0
748,183656,Dasilva,5,Brentford,Midfielder,2021/22,5.5,5.3,7,250,0,0,0,6,0,0,0,0,1,0,0,27,30.2,41.2,30.0,10.0,0,0.00,0.00,0.00,0.00,0,0,0,0
753,19236,Ruddy,15,Newcastle,Goalkeeper,2021/22,4.5,4.3,3,135,0,0,0,3,0,0,0,0,0,4,0,20,34.2,0.0,0.0,3.4,0,0.00,0.00,0.00,0.00,0,0,0,0
782,40383,Forster,4,Bournemouth,Goalkeeper,2021/22,4.5,4.4,57,1710,0,0,3,35,0,0,0,1,0,68,6,330,559.8,0.0,0.0,56.2,0,0.00,0.00,0.00,0.00,0,0,0,0
783,60307,Groß,6,Brighton,Midfielder,2021/22,6.0,5.6,88,2033,2,5,8,24,0,0,1,1,0,0,7,405,475.2,961.8,370.0,180.9,0,0.00,0.00,0.00,0.00,0,0,0,0
796,232787,Gallagher,18,Spurs,Midfielder,2021/22,5.5,6.0,140,2843,8,6,11,38,0,0,0,10,0,0,16,469,673.8,635.9,672.0,197.9,0,0.00,0.00,0.00,0.00,0,0,0,0
808,173879,Abraham,2,Aston Villa,Forward,2021/22,6.5,6.5,0,0,0,0,0,0,0,0,0,0,0,0,0,0,0.0,0.0,0.0,0.0,0,0.00,0.00,0.00,0.00,0,0,0,0
817,155511,Armstrong,20,Wolves,Forward,2021/22,6.0,5.7,57,1409,2,3,4,31,0,0,0,1,0,0,3,150,179.2,180.2,575.0,92.7,0,0.00,0.00,0.00,0.00,0,0,0,0
1,154561,Raya,1,Arsenal,Goalkeeper,2022/23,4.5,4.8,166,3420,0,0,12,46,1,0,0,1,0,154,20,822,1146.0,20.1,4.0,117.3,38,0.11,0.12,0.23,50.12,0,0,0,0
2,109745,Arrizabalaga,1,Arsenal,Goalkeeper,2022/23,4.5,4.5,118,2565,0,0,9,33,0,0,0,1,0,91,15,575,733.4,0.1,0.0,73.3,29,0.00,0.00,0.00,38.34,0,0,0,0
3,463748,Hein,1,Arsenal,Goalkeeper,2022/23,4.0,3.9,0,0,0,0,0,0,0,0,0,0,0,0,0,0,0.0,0.0,0.0,0.0,0,0.00,0.00,0.00,0.00,0,0,0,0
5,226597,Gabriel,1,Arsenal,Defender,2022/23,5.0,5.2,146,3409,3,0,14,43,0,0,0,5,0,0,15,723,743.8,131.4,401.0,127.7,38,5.04,0.66,5.70,41.84,0,0,0,0
6,462424,Saliba,1,Arsenal,Defender,2022/23,4.5,4.9,117,2415,2,1,12,25,1,0,0,4,0,0,14,571,529.0,100.8,114.0,74.5,27,0.91,0.32,1.23,26.86,0,0,0,0
9,440854,Kiwior,1,Arsenal,Defender,2022/23,4.0,4.0,26,425,1,0,2,6,0,0,0,0,0,0,1,111,98.6,17.9,21.0,13.9,5,0.10,0.01,0.11,6.46,0,0,0,0
11,198869,White,1,Arsenal,Defender,2022/23,4.5,5.0,156,3054,2,5,15,35,0,0,0,5,0,0,12,734,655.4,492.5,159.0,130.8,36,1.25,3.60,4.85,37.23,0,0,0,0
12,206325,Zinchenko,16,Nott'm Forest,Defender,2022/23,5.0,5.0,99,2122,1,2,10,28,0,0,0,3,0,0,8,500,405.0,387.7,190.0,98.3,26,1.32,2.39,3.71,26.67,0,0,0,0
16,223340,Saka,1,Arsenal,Midfielder,2022/23,8.0,8.0,202,3183,14,12,12,42,0,0,1,6,0,0,19,678,1014.2,1106.1,1214.0,333.4,37,11.49,5.97,17.46,39.66,0,0,0,0
17,184029,Ødegaard,1,Arsenal,Midfielder,2022/23,6.5,6.9,212,3132,15,8,13,38,0,0,0,4,0,0,30,813,971.8,1140.3,934.0,304.9,37,9.75,8.02,17.77,37.94,0,0,0,0
18,248857,Madueke,1,Arsenal,Midfielder,2022/23,5.5,5.4,26,639,1,0,0,13,0,0,0,0,0,0,2,105,153.8,170.8,224.0,55.0,7,0.90,0.72,1.62,13.11,0,0,0,0
19,444145,Martinelli,1,Arsenal,Midfielder,2022/23,6.0,6.5,198,2789,15,9,14,33,0,0,0,3,0,0,18,648,844.2,838.1,1300.0,298.1,34,9.15,6.98,16.13,36.16,0,0,0,0
20,116216,Trossard,1,Arsenal,Midfielder,2022/23,6.5,6.6,154,2237,8,13,8,38,0,0,0,1,0,0,8,494,666.0,711.4,875.0,225.2,26,6.37,6.02,12.39,30.79,0,0,0,0
21,204480,Rice,1,Arsenal,Midfielder,2022/23,5.0,4.7,116,3272,4,3,9,50,0,0,1,5,0,0,12,622,789.0,539.3,226.0,155.5,36,2.40,1.85,4.25,48.28,0,0,0,0
23,438098,Fábio Vieira,1,Arsenal,Midfielder,2022/23,6.0,5.6,40,500,1,2,2,5,0,0,0,0,0,0,2,134,116.0,180.6,123.0,41.5,3,0.86,1.39,2.25,5.28,0,0,0,0
24,128295,Nørgaard,1,Arsenal,Midfielder,2022/23,5.5,5.3,71,1763,1,6,6,23,0,0,0,6,0,0,6,309,379.2,173.7,269.0,82.3,21,1.64,1.74,3.38,25.13,0,0,0,0
25,499175,Nwaneri,1,Arsenal,Midfielder,2022/23,4.5,4.5,1,1,0,0,0,0,0,0,0,0,0,0,0,3,0.0,0.0,0.0,0.0,0,0.00,0.00,0.00,0.00,0,0,0,0
27,200641,Nelson,5,Brentford,Midfielder,2022/23,5.0,4.7,42,202,3,3,1,3,0,0,0,0,0,0,5,127,179.8,121.9,178.0,48.0,0,1.09,0.99,2.08,2.16,0,0,0,0
29,437742,Sambi,1,Arsenal,Midfielder,2022/23,4.5,4.3,23,728,0,0,2,8,0,0,0,2,0,0,0,129,98.4,57.2,20.0,17.6,8,0.17,0.18,0.35,8.12,0,0,0,0
30,219847,Havertz,1,Arsenal,Forward,2022/23,8.0,7.4,102,2565,7,1,9,31,0,0,0,5,0,0,13,301,476.4,536.6,1014.0,202.5,30,11.58,2.75,14.33,38.25,0,0,0,0
31,205651,G.Jesus,1,Arsenal,Forward,2022/23,8.0,8.1,125,2064,11,7,9,23,0,0,0,6,0,0,17,401,660.6,427.8,1331.0,241.9,24,14.24,2.91,17.15,23.15,0,0,0,0
32,98980,Martinez,2,Aston Villa,Goalkeeper,2022/23,5.0,5.0,135,3139,0,0,11,38,1,1,0,7,0,98,15,678,835.2,23.0,0.0,85.7,36,0.00,0.21,0.21,43.46,0,0,0,0
35,462381,Marschall,2,Aston Villa,Goalkeeper,2022/23,4.0,4.0,0,0,0,0,0,0,0,0,0,0,0,0,0,0,0.0,0.0,0.0,0.0,0,0.00,0.00,0.00,0.00,0,0,0,0
36,199796,Cash,2,Aston Villa,Defender,2022/23,5.0,4.6,57,1817,0,2,4,29,0,0,0,4,0,0,3,311,303.0,178.3,67.0,54.9,20,0.20,0.95,1.15,27.14,0,0,0,0
37,101188,Digne,2,Aston Villa,Defender,2022/23,5.0,4.5,50,1492,1,0,3,25,1,0,0,5,0,0,4,234,277.6,305.5,97.0,68.1,18,0.43,1.90,2.33,25.91,0,0,0,0
38,199798,Konsa,2,Aston Villa,Defender,2022/23,4.5,4.4,110,3322,0,0,12,45,0,0,0,6,0,0,6,633,568.4,116.2,72.0,75.7,37,1.08,0.71,1.79,50.67,0,0,0,0
40,149484,Mings,2,Aston Villa,Defender,2022/23,4.5,4.7,130,3150,1,3,12,40,1,0,0,7,0,0,17,617,664.4,88.2,121.0,87.8,35,0.96,0.95,1.91,47.28,0,0,0,0
43,106468,Alex Moreno,2,Aston Villa,Defender,2022/23,4.5,4.5,72,1325,0,3,7,10,0,0,0,3,0,0,5,278,254.4,321.1,151.0,72.3,14,0.59,2.57,3.16,17.83,0,0,0,0
44,515597,Bogarde,2,Aston Villa,Defender,2022/23,4.0,4.0,0,0,0,0,0,0,0,0,0,0,0,0,0,0,0.0,0.0,0.0,0.0,0,0.00,0.00,0.00,0.00,0,0,0,0
45,514315,Sousa,2,Aston Villa,Defender,2022/23,4.0,4.0,0,0,0,0,0,0,0,0,0,0,0,0,0,0,0.0,0.0,0.0,0.0,0,0.00,0.00,0.00,0.00,0,0,0,0
48,166989,Tielemans,2,Aston Villa,Midfielder,2022/23,6.5,6.1,86,2341,3,3,6,49,0,0,1,4,0,0,6,461,541.8,486.9,191.0,122.1,27,2.50,2.99,5.49,45.82,0,0,0,0
49,215711,Bailey,2,Aston Villa,Midfielder,2022/23,5.0,4.3,100,1964,4,5,8,32,0,0,0,4,0,0,6,242,339.6,452.8,540.0,132.8,26,5.34,4.77,10.11,35.15,0,0,0,0
50,195546,Buendía,2,Aston Villa,Midfielder,2022/23,6.0,5.7,117,2404,5,3,11,34,0,0,0,0,0,0,8,370,441.6,559.9,582.0,158.5,27,6.32,3.95,10.27,36.65,0,0,0,0
52,232653,J.Ramsey,15,Newcastle,Midfielder,2022/23,5.5,5.1,135,2634,6,8,11,33,1,0,0,5,0,0,13,470,653.4,537.8,456.0,164.7,31,5.07,2.89,7.96,40.50,0,0,0,0
54,122806,McGinn,2,Aston Villa,Midfielder,2022/23,5.5,5.1,90,2692,1,5,10,31,0,0,0,7,0,0,3,354,382.0,353.6,347.0,108.3,30,2.40,3.33,5.73,37.73,0,0,0,0
55,88894,Barkley,2,Aston Villa,Midfielder,2022/23,5.0,4.9,0,0,0,0,0,0,0,0,0,0,0,0,0,0,0.0,0.0,0.0,0.0,0,0.00,0.00,0.00,0.00,0,0,0,0
58,226944,Kamara,2,Aston Villa,Midfielder,2022/23,5.0,4.8,44,1773,0,1,3,30,0,0,0,4,0,0,0,235,288.2,124.7,43.0,45.7,21,0.15,0.92,1.07,33.05,0,0,0,0
59,449871,Onana,2,Aston Villa,Midfielder,2022/23,5.0,4.7,77,2486,1,3,9,37,0,0,0,9,0,0,2,300,358.2,316.6,287.0,96.0,29,2.95,1.66,4.61,47.89,0,0,0,0
61,151589,Dendoncker,2,Aston Villa,Midfielder,2022/23,5.0,4.7,37,897,0,0,4,14,0,0,0,0,0,0,0,163,143.4,96.1,64.0,30.6,9,0.72,0.14,0.86,14.68,0,0,0,0
63,537403,Young,2,Aston Villa,Midfielder,2022/23,4.5,4.5,0,0,0,0,0,0,0,0,0,0,0,0,0,0,0.0,0.0,0.0,0.0,0,0.00,0.00,0.00,0.00,0,0,0,0
64,178301,Watkins,2,Aston Villa,Forward,2022/23,7.5,7.3,175,3129,15,8,13,40,0,0,1,4,0,0,25,550,837.6,420.3,1308.0,256.7,36,16.15,2.66,18.81,46.65,0,0,0,0
66,69752,Neto,4,Bournemouth,Goalkeeper,2022/23,4.5,4.5,93,2385,0,0,6,39,0,0,0,4,0,100,9,510,727.6,0.0,0.0,72.8,27,0.00,0.02,0.02,44.70,0,0,0,0
68,444172,Dennis,4,Bournemouth,Goalkeeper,2022/23,4.0,3.9,0,0,0,0,0,0,0,0,0,0,0,0,0,0,0.0,0.0,0.0,0.0,0,0.00,0.00,0.00,0.00,0,0,0,0
71,477580,Zabarnyi,4,Bournemouth,Defender,2022/23,4.5,4.5,7,297,0,0,0,5,0,0,0,0,0,0,0,54,58.0,1.4,0.0,5.8,3,0.00,0.01,0.01,5.12,0,0,0,0
72,221466,Senesi,4,Bournemouth,Defender,2022/23,4.5,4.4,69,2489,2,0,5,55,0,0,0,7,0,0,5,462,602.2,79.1,113.0,79.6,29,1.66,0.35,2.01,47.62,0,0,0,0
73,54469,Smith,4,Bournemouth,Defender,2022/23,4.5,4.3,74,2940,0,1,7,58,0,0,0,11,0,0,5,400,416.6,276.9,88.0,78.3,34,0.50,1.57,2.07,54.01,0,0,0,0
76,518906,Bevan,4,Bournemouth,Defender,2022/23,4.0,4.0,1,8,0,0,0,1,0,0,0,0,0,0,0,3,0.2,0.0,0.0,0.0,0,0.00,0.00,0.00,0.28,0,0,0,0
77,463981,Hill,4,Bournemouth,Defender,2022/23,4.5,4.4,0,0,0,0,0,0,0,0,0,0,0,0,0,0,0.0,0.0,0.0,0.0,0,0.00,0.00,0.00,0.00,0,0,0,0
79,223911,Mepham,4,Bournemouth,Defender,2022/23,4.5,4.3,43,2197,0,0,5,52,2,0,0,7,0,0,6,369,556.4,54.4,134.0,74.4,24,0.96,0.55,1.51,42.46,0,0,0,0
82,437730,Semenyo,13,Man City,Midfielder,2022/23,5.0,5.0,18,250,1,0,0,6,0,0,0,0,0,0,1,56,50.0,26.5,32.0,10.7,2,0.36,0.02,0.38,7.70,0,0,0,0
83,533463,O.Dango,5,Brentford,Midfielder,2022/23,5.0,5.0,49,1239,1,3,1,23,0,0,0,1,0,0,4,163,280.8,262.5,283.0,82.5,15,3.52,1.68,5.20,25.86,0,0,0,0
84,201658,Tavernier,4,Bournemouth,Midfielder,2022/23,5.0,4.7,94,1740,5,4,5,37,0,0,0,1,0,0,12,315,459.8,348.4,436.0,124.2,19,3.13,1.37,4.50,31.77,0,0,0,0
85,200785,Adams,4,Bournemouth,Midfielder,2022/23,5.0,4.9,47,2156,0,0,5,36,0,0,0,4,1,0,1,290,393.6,328.9,24.0,74.9,24,0.11,1.05,1.16,32.69,0,0,0,0
86,111317,Brooks,4,Bournemouth,Midfielder,2022/23,5.5,5.3,5,170,0,0,0,4,0,0,0,1,0,0,0,7,17.6,28.8,42.0,8.7,2,0.33,0.20,0.53,4.40,0,0,0,0
87,158499,Christie,4,Bournemouth,Midfielder,2022/23,5.5,5.3,64,1825,1,2,3,35,0,0,0,2,0,0,2,225,284.2,423.5,402.0,111.1,22,2.89,2.07,4.96,30.87,0,0,0,0
88,155408,Cook,4,Bournemouth,Midfielder,2022/23,5.0,4.9,51,1712,0,2,3,39,0,0,0,4,0,0,1,280,313.0,352.5,45.0,71.2,18,0.24,2.30,2.54,32.09,0,0,0,0
89,168991,Philip,4,Bournemouth,Midfielder,2022/23,5.5,5.0,126,2766,7,2,9,54,0,0,0,5,0,0,14,475,637.4,401.1,445.0,148.4,34,4.60,2.56,7.16,49.46,0,0,0,0
91,224995,Sinisterra,4,Bournemouth,Midfielder,2022/23,6.5,6.5,53,863,5,0,0,23,0,0,0,1,1,0,6,173,242.8,157.7,305.0,70.6,13,3.81,0.88,4.69,18.12,0,0,0,0
93,424044,H.Traorè,4,Bournemouth,Midfielder,2022/23,4.5,4.5,14,425,0,0,2,8,0,0,0,0,0,0,0,60,84.0,218.5,36.0,33.8,5,1.04,1.15,2.19,9.94,0,0,0,0
94,550596,Sadi,4,Bournemouth,Midfielder,2022/23,4.5,4.5,0,0,0,0,0,0,0,0,0,0,0,0,0,0,0.0,0.0,0.0,0.0,0,0.00,0.00,0.00,0.00,0,0,0,0
99,590760,Adu-Adjei,4,Bournemouth,Forward,2022/23,4.5,4.5,0,0,0,0,0,0,0,0,0,0,0,0,0,0,0.0,0.0,0.0,0.0,0,0.00,0.00,0.00,0.00,0,0,0,0
101,200720,Kelleher,5,Brentford,Goalkeeper,2022/23,4.0,3.9,2,90,0,0,0,4,0,0,0,0,0,6,0,20,38.0,0.0,0.0,3.8,1,0.00,0.00,0.00,1.77,0,0,0,0
102,235448,Balcombe,5,Brentford,Goalkeeper,2022/23,4.0,4.0,0,0,0,0,0,0,0,0,0,0,0,0,0,0,0.0,0.0,0.0,0.0,0,0.00,0.00,0.00,0.00,0,0,0,0
103,503300,Cox,5,Brentford,Goalkeeper,2022/23,4.0,3.9,0,0,0,0,0,0,0,0,0,0,0,0,0,0,0.0,0.0,0.0,0.0,0,0.00,0.00,0.00,0.00,0,0,0,0
106,432830,Collins,5,Brentford,Defender,2022/23,4.5,4.2,49,1811,0,0,4,37,0,0,0,2,1,0,6,326,437.0,38.9,36.0,51.5,19,0.23,0.21,0.44,32.93,0,0,0,0
107,249231,Lewis-Potter,5,Brentford,Defender,2022/23,5.5,5.2,14,313,0,1,0,4,0,0,0,0,0,0,0,37,42.0,64.0,114.0,21.9,3,0.49,0.29,0.78,4.15,0,0,0,0
108,191866,Ajer,5,Brentford,Defender,2022/23,4.5,4.5,29,763,0,0,4,14,0,0,0,0,0,0,0,129,96.8,24.7,27.0,15.1,9,0.04,0.12,0.16,11.34,0,0,0,0
109,194010,Henry,5,Brentford,Defender,2022/23,4.5,4.4,112,3240,0,3,11,46,0,0,0,4,0,0,4,505,460.0,411.5,197.0,107.0,37,1.80,2.90,4.70,48.49,0,0,0,0
111,231065,Pinnock,5,Brentford,Defender,2022/23,4.5,4.4,112,2700,3,0,10,34,1,0,0,0,0,0,6,575,840.8,110.1,319.0,127.2,30,2.73,1.11,3.84,40.17,0,0,0,0
112,226956,Roerslev,5,Brentford,Defender,2022/23,4.5,4.3,48,1101,0,0,5,12,0,0,0,0,0,0,0,201,167.6,120.7,46.0,33.4,12,0.28,0.82,1.10,17.67,0,0,0,0
113,444765,Van den Berg,5,Brentford,Defender,2022/23,4.0,4.0,0,0,0,0,0,0,0,0,0,0,0,0,0,0,0.0,0.0,0.0,0.0,0,0.00,0.00,0.00,0.00,0,0,0,0
116,472713,Hickey,5,Brentford,Defender,2022/23,5.0,4.9,63,1918,0,3,5,30,0,0,0,7,0,0,2,310,227.4,120.7,102.0,45.1,23,0.38,0.58,0.96,28.13,0,0,0,0
119,446008,Mbeumo,14,Man Utd,Midfielder,2022/23,6.0,5.7,150,2905,9,9,10,39,0,0,0,5,0,0,19,556,692.6,808.6,895.0,239.5,36,9.48,5.53,15.01,41.96,0,0,0,0
120,513418,Schade,5,Brentford,Midfielder,2022/23,5.0,4.9,29,723,0,1,3,7,0,0,0,2,0,0,0,76,74.4,115.5,209.0,39.8,7,2.07,0.67,2.74,7.18,0,0,0,0
121,440089,Damsgaard,5,Brentford,Midfielder,2022/23,5.5,5.0,33,970,0,0,3,14,0,0,0,4,0,0,0,131,140.2,172.1,152.0,46.5,9,2.31,1.32,3.63,14.89,0,0,0,0
123,244858,Carvalho,5,Brentford,Midfielder,2022/23,5.5,5.1,27,339,2,1,0,3,0,0,0,0,0,0,0,80,89.4,36.7,173.0,29.7,4,1.11,0.25,1.36,5.01,0,0,0,0
124,56979,Henderson,5,Brentford,Midfielder,2022/23,5.5,5.3,69,2060,0,3,8,30,0,0,0,2,0,0,0,401,315.2,525.8,185.0,103.0,23,1.35,3.59,4.93,31.96,0,0,0,0
125,204580,Janelt,5,Brentford,Midfielder,2022/23,5.5,5.5,85,2201,3,1,8,28,0,0,0,3,0,0,5,357,411.2,258.8,243.0,91.3,24,2.33,1.56,3.89,29.68,0,0,0,0
126,207283,Jensen,5,Brentford,Midfielder,2022/23,5.0,4.8,132,2805,5,7,10,40,0,0,0,5,0,0,11,498,644.0,787.9,208.0,164.1,37,2.34,4.79,7.13,40.47,0,0,0,0
128,428580,Onyeka,5,Brentford,Midfielder,2022/23,5.0,4.8,38,837,0,3,3,11,0,0,0,0,0,0,0,111,136.4,93.7,111.0,34.2,8,1.03,0.78,1.81,15.65,0,0,0,0
129,508395,Yarmoliuk,5,Brentford,Midfielder,2022/23,4.5,4.5,0,0,0,0,0,0,0,0,0,0,0,0,0,0,0.0,0.0,0.0,0.0,0,0.00,0.00,0.00,0.00,0,0,0,0
134,591357,Trevitt,5,Brentford,Midfielder,2022/23,4.5,4.4,0,0,0,0,0,0,0,0,0,0,0,0,0,0,0.0,0.0,0.0,0.0,0,0.00,0.00,0.00,0.00,0,0,0,0
135,216646,Wissa,15,Newcastle,Forward,2022/23,5.5,5.3,111,1587,7,4,7,17,0,0,0,3,0,0,6,292,366.2,185.3,424.0,96.8,16,5.65,1.08,6.73,21.64,0,0,0,0
138,49262,Steele,6,Brighton,Goalkeeper,2022/23,4.0,4.0,65,1350,0,1,6,23,1,1,0,1,0,37,8,332,377.6,13.0,0.0,39.1,15,0.00,0.15,0.15,23.46,0,0,0,0
140,209288,McGill,6,Brighton,Goalkeeper,2022/23,4.0,4.0,0,0,0,0,0,0,0,0,0,0,0,0,0,0,0.0,0.0,0.0,0.0,0,0.00,0.00,0.00,0.00,0,0,0,0
142,240514,Scherpen,6,Brighton,Goalkeeper,2022/23,4.0,4.0,0,0,0,0,0,0,0,0,0,0,0,0,0,0,0.0,0.0,0.0,0.0,0,0.00,0.00,0.00,0.00,0,0,0,0
146,83299,Dunk,6,Brighton,Defender,2022/23,4.5,4.8,112,3240,1,1,12,50,1,0,0,4,0,0,7,648,661.4,163.6,198.0,102.4,36,1.67,0.90,2.57,46.43,0,0,0,0
147,204214,Estupiñan,6,Brighton,Defender,2022/23,4.5,5.0,128,2674,1,7,10,43,0,0,0,4,0,0,15,593,575.2,757.9,297.0,162.5,31,1.80,3.88,5.68,41.60,0,0,0,0
150,232792,Lamptey,6,Brighton,Defender,2022/23,4.5,4.2,23,439,0,0,1,7,0,0,0,1,0,0,0,91,70.6,87.2,48.0,20.6,3,0.20,0.64,0.84,6.37,0,0,0,0
151,469142,Van Hecke,6,Brighton,Defender,2022/23,4.0,4.0,6,291,0,0,0,7,0,0,0,2,0,0,0,54,71.4,5.8,10.0,8.8,3,0.55,0.04,0.59,6.72,0,0,0,0
152,111478,Veltman,6,Brighton,Defender,2022/23,4.5,4.6,95,2183,1,1,10,29,0,0,0,6,0,0,6,447,407.2,201.3,162.0,77.4,25,1.72,1.02,2.74,27.53,0,0,0,0
153,110735,Webster,6,Brighton,Defender,2022/23,4.5,4.5,75,1983,0,0,9,27,1,0,0,2,0,0,3,405,361.8,104.3,126.0,59.2,23,1.72,0.45,2.17,25.80,0,0,0,0
157,451340,Mitoma,6,Brighton,Midfielder,2022/23,5.0,5.7,138,2311,7,9,8,35,0,0,0,0,0,0,11,457,569.6,569.4,867.0,200.4,24,8.29,4.93,13.22,35.52,0,0,0,0
158,463067,Georginio,6,Brighton,Midfielder,2022/23,5.5,5.0,15,263,0,1,0,9,0,0,0,0,0,0,0,45,54.4,49.2,53.0,15.5,1,0.41,0.23,0.64,5.68,0,0,0,0
159,109345,March,6,Brighton,Midfielder,2022/23,5.0,5.2,147,2719,6,10,10,40,0,0,0,2,0,0,16,559,791.8,965.8,955.0,271.4,31,7.01,5.90,12.91,37.58,0,0,0,0
161,474120,Enciso,6,Brighton,Midfielder,2022/23,5.0,4.6,57,794,4,3,4,12,0,0,0,1,0,0,7,189,262.8,177.5,399.0,83.8,7,3.93,1.18,5.11,14.76,0,0,0,0
163,532529,Hinshelwood,6,Brighton,Midfielder,2022/23,4.5,4.5,1,1,0,0,0,0,0,0,0,0,0,0,0,3,2.0,0.0,2.0,0.4,0,0.00,0.00,0.00,0.23,0,0,0,0
166,509416,Ayari,6,Brighton,Midfielder,2022/23,4.5,4.5,3,65,0,0,0,2,0,0,0,0,0,0,0,14,7.4,25.5,3.0,3.5,1,0.02,0.30,0.32,1.45,0,0,0,0
168,536916,Buonanotte,11,Leeds,Midfielder,2022/23,4.5,4.5,26,558,1,1,1,12,0,0,0,2,0,0,2,72,90.0,100.9,102.0,28.5,6,1.30,0.39,1.69,11.93,0,0,0,0
170,15157,Milner,6,Brighton,Midfielder,2022/23,4.5,4.4,42,889,0,1,3,12,0,0,0,2,0,0,0,187,179.6,222.7,93.0,49.5,7,0.40,1.63,2.03,13.56,0,0,0,0
171,441192,Sarmiento,6,Brighton,Midfielder,2022/23,4.5,4.5,16,168,0,2,1,2,0,0,0,1,0,0,0,40,46.6,38.2,50.0,12.9,1,0.33,0.27,0.60,2.76,0,0,0,0
177,513834,Moran,6,Brighton,Midfielder,2022/23,4.5,4.5,1,11,0,0,0,1,0,0,0,0,0,0,0,3,0.0,0.0,0.0,0.0,0,0.00,0.00,0.00,0.82,0,0,0,0
178,50175,Welbeck,6,Brighton,Forward,2022/23,6.5,6.5,91,1844,6,5,6,28,0,0,0,0,0,0,5,296,378.2,390.6,782.0,155.4,21,8.59,1.65,10.24,26.45,0,0,0,0
179,487117,Ferguson,6,Brighton,Forward,2022/23,4.5,4.6,65,942,6,2,6,12,0,0,0,1,0,0,8,213,286.2,150.4,361.0,79.9,10,5.44,0.54,5.98,13.45,0,0,0,0
187,58621,Walker,3,Burnley,Defender,2022/23,5.0,4.7,69,1953,0,0,7,20,0,0,0,3,0,0,0,376,236.8,199.4,42.0,47.7,22,0.39,1.32,1.71,20.07,0,0,0,0
193,461188,Humphreys,3,Burnley,Defender,2022/23,4.5,4.5,0,0,0,0,0,0,0,0,0,0,0,0,0,0,0.0,0.0,0.0,0.0,0,0.00,0.00,0.00,0.00,0,0,0,0
199,208912,Worrall,3,Burnley,Defender,2022/23,4.5,4.2,61,2215,1,0,5,44,0,0,0,6,0,0,2,366,502.2,66.6,111.0,67.5,21,0.85,0.55,1.40,44.46,0,0,0,0
200,444180,Anthony,3,Burnley,Midfielder,2022/23,5.5,5.2,61,1241,3,1,2,29,0,0,0,2,0,0,4,193,308.6,209.3,263.0,78.1,11,1.69,1.10,2.79,26.14,0,0,0,0
220,215059,Sánchez,7,Chelsea,Goalkeeper,2022/23,4.5,4.4,82,2070,0,0,6,30,0,1,0,2,0,48,10,380,439.0,0.1,0.0,43.9,23,0.00,0.01,0.01,27.60,0,0,0,0
224,179268,Cucurella,7,Chelsea,Defender,2022/23,5.0,4.9,65,1669,0,2,6,20,0,0,0,4,0,0,1,363,354.4,232.5,72.0,65.9,21,0.38,0.96,1.34,26.03,0,0,0,0
225,225796,James,7,Chelsea,Defender,2022/23,6.0,5.8,44,1242,1,2,2,17,0,0,0,4,0,0,5,286,292.2,358.2,153.0,80.4,14,1.06,2.93,3.99,14.11,0,0,0,0
226,180736,Chalobah,7,Chelsea,Defender,2022/23,5.0,4.4,49,1601,0,0,5,24,1,0,0,4,0,0,1,318,294.6,94.0,112.0,50.3,18,0.82,0.32,1.14,30.99,0,0,0,0
227,460028,Colwill,7,Chelsea,Defender,2022/23,4.5,4.4,46,1218,0,2,3,21,0,0,0,1,0,0,6,249,236.2,101.9,50.0,38.9,13,1.41,0.31,1.72,22.20,0,0,0,0
229,242880,B.Badiashile,7,Chelsea,Defender,2022/23,5.0,5.0,40,904,1,0,4,9,0,0,0,2,0,0,2,209,219.8,49.1,81.0,35.1,10,1.26,0.20,1.46,12.31,0,0,0,0
230,444463,Fofana,7,Chelsea,Defender,2022/23,4.5,4.3,37,1362,1,0,2,24,0,0,0,4,0,0,4,244,294.6,59.6,86.0,44.4,14,0.74,0.29,1.03,22.96,0,0,0,0
232,109646,Tosin,7,Chelsea,Defender,2022/23,4.5,4.4,49,2084,1,0,3,39,0,0,0,4,0,0,1,353,514.4,90.1,128.0,73.4,23,0.71,0.47,1.18,43.91,0,0,0,0
235,244851,Palmer,7,Chelsea,Midfielder,2022/23,4.5,4.2,19,358,0,1,1,4,0,0,0,1,0,0,0,76,73.0,88.7,155.0,31.9,2,0.36,0.49,0.85,7.13,0,0,0,0
236,247632,Neto,7,Chelsea,Midfielder,2022/23,5.5,4.9,37,962,0,2,5,15,0,0,0,1,0,0,0,124,96.8,309.5,203.0,60.9,13,1.12,1.64,2.76,14.34,0,0,0,0
237,448047,Enzo,7,Chelsea,Midfielder,2022/23,5.0,5.0,42,1547,0,2,3,25,0,0,0,3,0,0,1,265,315.8,334.3,74.0,72.6,18,0.78,2.64,3.42,24.91,0,0,0,0
241,486672,Caicedo,7,Chelsea,Midfielder,2022/23,5.0,5.0,79,3138,1,1,10,47,0,0,0,10,0,0,0,503,589.8,680.4,210.0,148.2,34,1.67,2.51,4.18,45.90,0,0,0,0
242,215413,Dewsbury-Hall,9,Everton,Midfielder,2022/23,5.0,4.9,82,2305,2,3,7,41,0,0,0,3,1,0,5,347,453.6,541.7,239.0,123.7,28,2.17,2.62,4.79,40.23,0,0,0,0
244,514356,Lavia,7,Chelsea,Midfielder,2022/23,4.5,4.5,57,2219,1,1,4,50,0,0,0,9,0,0,0,317,347.6,247.5,46.0,64.5,26,0.42,0.62,1.04,41.72,0,0,0,0
245,465920,Mudryk,7,Chelsea,Midfielder,2022/23,7.0,6.4,25,650,0,2,0,10,0,0,0,1,0,0,0,73,100.8,146.4,140.0,38.2,7,1.82,1.26,3.08,10.88,0,0,0,0
246,532605,Andrey Santos,7,Chelsea,Midfielder,2022/23,4.5,4.5,0,0,0,0,0,0,0,0,0,0,0,0,0,0,0.0,0.0,0.0,0.0,0,0.00,0.00,0.00,0.00,0,0,0,0
250,463034,Delap,7,Chelsea,Forward,2022/23,4.5,4.4,0,0,0,0,0,0,0,0,0,0,0,0,0,0,0.0,0.0,0.0,0.0,0,0.00,0.00,0.00,0.00,0,0,0,0
253,172649,Henderson,8,Crystal Palace,Goalkeeper,2022/23,4.5,4.6,82,1620,0,0,6,31,0,2,0,2,0,54,12,367,474.4,0.0,0.0,47.5,18,0.00,0.01,0.01,26.97,0,0,0,0
255,169593,Matthews,8,Crystal Palace,Goalkeeper,2022/23,4.0,4.0,0,0,0,0,0,0,0,0,0,0,0,0,0,0,0.0,0.0,0.0,0.0,0,0.00,0.00,0.00,0.00,0,0,0,0
258,244723,Mitchell,8,Crystal Palace,Defender,2022/23,4.5,4.4,93,2889,0,2,8,40,0,0,0,5,1,0,7,476,485.0,260.3,141.0,89.0,34,0.62,1.25,1.87,42.90,0,0,0,0
260,209036,Guéhi,13,Man City,Defender,2022/23,4.5,4.5,95,3330,1,0,9,46,1,0,0,8,0,0,2,623,705.0,145.5,213.0,106.7,37,1.46,0.82,2.28,46.47,0,0,0,0
261,427623,Richards,8,Crystal Palace,Defender,2022/23,4.5,4.4,13,443,0,0,1,11,0,0,0,0,0,0,0,83,92.4,15.3,26.0,13.2,4,0.71,0.05,0.76,11.19,0,0,0,0
263,57328,Clyne,8,Crystal Palace,Defender,2022/23,4.5,4.5,44,1638,0,0,3,23,0,0,0,3,0,0,0,246,203.6,124.9,8.0,33.6,19,0.00,0.60,0.60,26.26,0,0,0,0
264,156074,Holding,8,Crystal Palace,Defender,2022/23,4.5,4.2,21,562,1,0,0,13,0,0,0,0,0,0,0,120,152.0,10.3,54.0,21.6,6,0.32,0.15,0.47,11.14,0,0,0,0
266,232413,Eze,1,Arsenal,Midfielder,2022/23,5.5,5.7,159,2631,10,5,9,35,0,0,0,3,0,0,21,580,702.6,833.6,635.0,217.0,30,7.25,2.92,10.17,32.64,0,0,0,0
268,438464,Doucouré,8,Crystal Palace,Midfielder,2022/23,5.0,5.0,74,2770,0,3,7,41,0,0,0,8,1,0,3,411,475.0,353.7,167.0,99.8,34,1.45,1.22,2.67,40.18,0,0,0,0
270,108413,Hughes,8,Crystal Palace,Midfielder,2022/23,5.0,4.8,41,822,1,1,1,11,0,0,0,4,0,0,3,152,190.4,107.4,78.0,37.4,7,0.34,0.63,0.97,13.05,0,0,0,0
272,152551,Lerma,8,Crystal Palace,Midfielder,2022/23,5.0,4.7,101,3252,5,0,7,67,1,0,0,7,0,0,5,500,619.2,296.4,312.0,122.7,37,2.58,3.00,5.58,60.57,0,0,0,0
275,466117,Ahamada,8,Crystal Palace,Midfielder,2022/23,4.5,4.5,7,87,0,0,0,2,0,0,0,1,0,0,0,20,7.4,13.2,14.0,3.0,0,0.15,0.02,0.17,1.83,0,0,0,0
277,450535,Ebiowei,8,Crystal Palace,Midfielder,2022/23,4.5,4.2,3,31,0,0,0,1,0,0,0,0,0,0,0,9,3.4,0.9,4.0,0.9,0,0.00,0.01,0.01,0.18,0,0,0,0
278,450542,J.Rak-Sakyi,8,Crystal Palace,Midfielder,2022/23,4.5,4.5,0,0,0,0,0,0,0,0,0,0,0,0,0,0,0.0,0.0,0.0,0.0,0,0.00,0.00,0.00,0.00,0,0,0,0
280,531989,Ozoh,8,Crystal Palace,Midfielder,2022/23,4.5,4.5,1,1,0,0,0,0,0,0,0,0,0,0,0,3,0.0,0.8,0.0,0.1,0,0.00,0.00,0.00,0.00,0,0,0,0
281,530318,Rodney,8,Crystal Palace,Midfielder,2022/23,4.5,4.5,0,0,0,0,0,0,0,0,0,0,0,0,0,0,0.0,0.0,0.0,0.0,0,0.00,0.00,0.00,0.00,0,0,0,0
283,231747,Mateta,8,Crystal Palace,Forward,2022/23,5.5,5.1,41,748,2,0,3,10,0,0,0,3,0,0,3,96,119.8,71.4,247.0,42.5,6,3.44,0.16,3.60,13.49,0,0,0,0
284,205533,Nketiah,8,Crystal Palace,Forward,2022/23,7.0,6.3,63,1071,4,2,2,16,0,0,0,3,0,0,5,161,213.4,128.5,607.0,93.8,9,7.89,1.26,9.15,14.65,0,0,0,0
285,199670,Édouard,8,Crystal Palace,Forward,2022/23,5.5,5.0,82,1788,5,2,5,25,0,0,0,3,0,0,5,225,351.6,238.7,552.0,113.2,20,4.14,0.80,4.94,24.19,0,0,0,0
287,111234,Pickford,9,Everton,Goalkeeper,2022/23,4.5,4.4,124,3330,0,1,8,57,0,1,0,6,0,124,10,666,997.8,23.0,0.0,102.0,37,0.00,0.35,0.35,66.41,0,0,0,0
288,229600,Travers,9,Everton,Goalkeeper,2022/23,4.5,4.1,28,1035,0,0,2,32,0,0,0,0,0,36,1,193,290.0,0.0,0.0,29.1,11,0.00,0.00,0.00,19.68,0,0,0,0
290,480455,Branthwaite,9,Everton,Defender,2022/23,4.0,4.0,0,0,0,0,0,0,0,0,0,0,0,0,0,0,0.0,0.0,0.0,0.0,0,0.00,0.00,0.00,0.00,0,0,0,0
291,17761,Tarkowski,9,Everton,Defender,2022/23,4.5,4.1,106,3420,1,1,9,57,0,0,0,6,0,0,13,632,1040.4,185.6,441.0,167.0,38,2.97,1.89,4.86,67.45,0,0,0,0
292,224967,Mykolenko,9,Everton,Defender,2022/23,4.5,4.1,75,2653,0,1,7,46,0,0,0,4,0,0,4,449,504.8,307.0,120.0,93.4,30,0.54,0.91,1.45,53.67,0,0,0,0
294,59949,Coleman,9,Everton,Defender,2022/23,4.5,4.1,63,1654,1,0,5,25,0,0,0,1,0,0,5,314,297.8,108.7,95.0,50.4,20,0.30,0.92,1.22,33.50,0,0,0,0
295,106611,Keane,9,Everton,Defender,2022/23,4.5,4.2,39,983,1,2,2,22,0,0,0,0,0,0,5,180,242.6,42.6,131.0,41.7,10,1.29,0.83,2.12,23.98,0,0,0,0
296,243571,Patterson,9,Everton,Defender,2022/23,4.0,3.9,31,1274,0,0,2,22,0,0,0,3,0,0,0,173,231.4,111.9,108.0,45.3,14,0.48,0.71,1.19,25.40,0,0,0,0
298,474907,Welch,9,Everton,Defender,2022/23,4.0,4.0,0,0,0,0,0,0,0,0,0,0,0,0,0,0,0.0,0.0,0.0,0.0,0,0.00,0.00,0.00,0.00,0,0,0,0
300,433154,McNeil,9,Everton,Midfielder,2022/23,5.5,5.2,126,2490,7,5,5,46,0,0,0,5,0,0,14,505,718.8,771.4,464.0,195.8,28,3.51,5.45,8.96,51.30,0,0,0,0
301,502697,Alcaraz,9,Everton,Midfielder,2022/23,5.0,5.0,55,1024,4,2,0,25,0,0,0,3,0,0,4,155,238.4,87.2,199.0,52.2,13,1.76,0.71,2.47,22.83,0,0,0,0
302,80801,Gana,9,Everton,Midfielder,2022/23,5.0,4.7,66,2577,0,1,8,45,0,0,0,7,0,0,1,357,426.8,195.3,85.0,70.6,32,0.71,0.83,1.54,49.99,0,0,0,0
303,232928,Garner,9,Everton,Midfielder,2022/23,4.5,4.5,25,796,0,1,2,13,0,0,0,3,0,0,0,109,109.2,116.2,64.0,29.2,7,0.70,0.50,1.20,15.66,0,0,0,0
304,490094,Iroegbunam,9,Everton,Midfielder,2022/23,4.5,4.5,0,0,0,0,0,0,0,0,0,0,0,0,0,0,0.0,0.0,0.0,0.0,0,0.00,0.00,0.00,0.00,0,0,0,0
314,80201,Leno,10,Fulham,Goalkeeper,2022/23,4.5,4.6,142,3240,0,0,8,51,0,1,0,3,0,144,17,766,1154.8,10.0,0.0,116.6,36,0.00,0.00,0.00,62.75,0,0,0,0
316,169528,Robinson,10,Fulham,Defender,2022/23,4.5,4.4,93,3088,0,2,9,44,0,0,0,8,0,0,5,558,573.2,427.4,61.0,106.3,35,0.07,1.68,1.75,55.11,0,0,0,0
317,174874,Andersen,10,Fulham,Defender,2022/23,4.5,4.5,80,2782,1,0,8,37,2,0,0,8,0,0,1,483,658.8,163.4,273.0,109.8,32,1.87,1.04,2.91,36.23,0,0,0,0
319,166477,Castagne,10,Fulham,Defender,2022/23,4.5,4.3,114,3255,2,4,8,63,0,0,0,3,0,0,11,615,690.8,380.2,289.0,136.4,36,2.16,2.13,4.29,60.78,0,0,0,0
320,219924,Diop,10,Fulham,Defender,2022/23,4.5,4.3,79,2008,1,0,7,26,0,0,0,2,0,0,8,422,462.2,38.8,80.0,58.1,21,0.29,0.49,0.78,35.86,0,0,0,0
322,167074,Tete,10,Fulham,Defender,2022/23,4.5,4.4,90,2569,1,5,7,36,0,0,0,8,0,0,1,484,670.2,391.4,145.0,120.9,29,0.74,1.90,2.64,46.78,0,0,0,0
324,153133,Iwobi,10,Fulham,Midfielder,2022/23,5.5,4.9,126,3379,2,8,9,56,0,0,0,2,0,0,9,563,693.4,946.0,373.0,201.3,38,2.56,4.31,6.87,66.42,0,0,0,0
325,209289,Smith Rowe,10,Fulham,Midfielder,2022/23,6.0,5.6,18,161,0,2,0,5,0,0,0,0,0,0,0,60,53.8,74.4,41.0,16.7,0,0.25,0.55,0.80,2.71,0,0,0,0
326,159533,Adama,19,West Ham,Midfielder,2022/23,5.5,5.3,66,1477,2,4,2,30,0,0,0,2,0,0,0,228,270.2,388.2,261.0,91.7,12,1.38,3.22,4.60,29.49,0,0,0,0
327,156689,Andreas,10,Fulham,Midfielder,2022/23,4.5,4.3,123,2696,4,10,8,40,0,0,0,8,0,0,9,360,440.6,965.0,495.0,189.3,33,7.16,4.26,11.42,47.49,0,0,0,0
328,184349,Sessegnon,10,Fulham,Midfielder,2022/23,4.5,4.4,35,805,2,1,1,15,0,0,0,4,0,0,0,121,148.6,103.0,290.0,54.3,9,1.64,1.10,2.74,10.48,0,0,0,0
329,153682,Wilson,10,Fulham,Midfielder,2022/23,6.0,5.7,68,1085,2,5,2,15,0,0,0,1,0,0,2,215,215.2,184.1,178.0,57.7,13,2.03,1.03,3.06,21.44,0,0,0,0
331,76357,Cairney,10,Fulham,Midfielder,2022/23,5.0,4.7,53,968,2,1,1,13,0,0,0,2,0,0,2,217,190.4,232.1,217.0,64.2,6,1.44,1.51,2.95,19.69,0,0,0,0
332,212314,Lukić,10,Fulham,Midfielder,2022/23,4.5,4.5,15,406,0,0,0,10,0,0,0,1,0,0,0,58,40.8,21.9,19.0,8.2,4,0.13,0.16,0.29,9.68,0,0,0,0
333,573062,Godo,10,Fulham,Midfielder,2022/23,4.5,4.5,0,0,0,0,0,0,0,0,0,0,0,0,0,0,0.0,0.0,0.0,0.0,0,0.00,0.00,0.00,0.00,0,0,0,0
334,515024,Harris,10,Fulham,Midfielder,2022/23,4.5,4.3,3,10,0,0,0,1,0,0,0,0,0,0,0,7,0.6,1.6,0.0,0.2,0,0.00,0.00,0.00,1.16,0,0,0,0
336,153366,Reed,10,Fulham,Midfielder,2022/23,4.5,4.3,107,2868,3,4,9,44,1,0,0,5,0,0,9,409,484.4,507.3,266.0,125.8,35,1.95,2.04,3.99,53.81,0,0,0,0
337,102057,Raúl,10,Fulham,Forward,2022/23,7.0,6.5,29,839,0,2,2,18,0,0,0,0,0,0,0,65,74.6,117.1,277.0,46.7,8,2.55,0.55,3.10,16.00,0,0,0,0
338,244042,Muniz,10,Fulham,Forward,2022/23,5.5,5.4,0,0,0,0,0,0,0,0,0,0,0,0,0,0,0.0,0.0,0.0,0.0,0,0.00,0.00,0.00,0.00,0,0,0,0
339,437495,Meslier,11,Leeds,Goalkeeper,2022/23,4.5,4.4,90,3060,0,0,5,67,0,0,0,3,0,94,8,548,738.6,0.0,17.0,75.9,34,0.12,0.01,0.13,57.06,0,0,0,0
341,59735,Darlow,11,Leeds,Goalkeeper,2022/23,4.0,3.9,0,0,0,0,0,0,0,0,0,0,0,0,0,0,0.0,0.0,0.0,0.0,0,0.00,0.00,0.00,0.00,0,0,0,0
343,222694,Struijk,11,Leeds,Defender,2022/23,4.5,4.5,66,2198,2,2,4,52,0,0,0,5,0,0,4,423,544.4,218.6,266.0,102.9,26,1.35,1.20,2.55,42.41,0,0,0,0
348,214225,Rodon,11,Leeds,Defender,2022/23,4.0,4.0,0,0,0,0,0,0,0,0,0,0,0,0,0,0,0.0,0.0,0.0,0.0,0,0.00,0.00,0.00,0.00,0,0,0,0
350,427637,Aaronson,11,Leeds,Midfielder,2022/23,5.5,5.3,83,2365,1,4,5,58,0,0,0,2,0,0,0,232,306.4,664.2,445.0,141.9,28,3.98,2.51,6.49,48.74,0,0,0,0
351,492859,Gnonto,11,Leeds,Midfielder,2022/23,5.0,4.7,55,1346,2,4,4,28,0,0,0,7,0,0,6,183,266.8,327.6,253.0,84.9,14,1.79,2.12,3.91,25.22,0,0,0,0
352,221399,Harrison,11,Leeds,Midfielder,2022/23,6.0,5.7,134,2707,5,8,6,55,1,0,0,2,0,0,15,403,600.2,834.8,487.0,192.0,34,5.44,5.06,10.50,49.47,0,0,0,0
353,200617,James,11,Leeds,Midfielder,2022/23,6.0,5.9,45,802,2,1,1,18,0,0,0,0,0,0,2,152,149.6,129.7,220.0,49.6,7,2.02,0.75,2.77,19.98,0,0,0,0
354,199598,Ampadu,11,Leeds,Midfielder,2022/23,4.5,4.4,0,0,0,0,0,0,0,0,0,0,0,0,0,0,0.0,0.0,0.0,0.0,0,0.00,0.00,0.00,0.00,0,0,0,0
355,248937,Greenwood,11,Leeds,Midfielder,2022/23,4.5,4.1,30,410,1,2,0,11,0,0,0,1,0,0,1,107,121.8,210.5,85.0,41.6,3,0.69,1.06,1.75,11.80,0,0,0,0
360,462635,Gelhardt,11,Leeds,Midfielder,2022/23,5.5,5.1,20,201,0,2,0,3,0,0,0,1,0,0,0,44,49.4,32.1,114.0,19.4,1,0.84,0.40,1.24,2.79,0,0,0,0
361,470294,Gyabi,11,Leeds,Midfielder,2022/23,4.5,4.2,1,7,0,0,0,0,0,0,0,0,0,0,0,7,4.4,0.5,20.0,2.5,0,0.06,0.00,0.06,0.27,0,0,0,0
363,106617,Bamford,11,Leeds,Forward,2022/23,7.5,7.1,70,1510,4,5,1,31,0,0,2,3,0,0,3,157,252.2,171.6,588.0,99.6,18,8.51,0.90,9.41,27.99,0,0,0,0
364,565297,Mateo Joseph,11,Leeds,Forward,2022/23,4.5,4.5,3,24,0,0,0,0,0,0,0,0,0,0,0,5,3.0,0.2,19.0,2.2,0,0.06,0.00,0.06,0.30,0,0,0,0
366,116535,A.Becker,12,Liverpool,Goalkeeper,2022/23,5.5,5.5,162,3330,0,1,14,43,0,1,0,1,0,107,15,824,966.4,10.1,0.0,97.6,37,0.00,0.02,0.02,50.02,0,0,0,0
372,122798,Robertson,12,Liverpool,Defender,2022/23,7.0,6.8,121,2579,0,8,9,34,0,0,0,3,0,0,10,633,549.2,862.1,211.0,162.3,29,1.24,6.69,7.93,36.59,0,0,0,0
373,97032,Virgil,12,Liverpool,Defender,2022/23,6.5,6.6,127,2835,3,1,11,36,0,0,0,3,0,0,13,636,743.2,121.0,389.0,125.4,32,2.50,1.09,3.59,41.17,0,0,0,0
374,204716,Konaté,12,Liverpool,Defender,2022/23,5.0,4.9,49,1551,0,0,7,22,1,0,0,5,0,0,0,305,285.6,39.6,144.0,46.8,17,1.21,0.65,1.86,24.34,0,0,0,0
376,171287,Gomez,12,Liverpool,Defender,2022/23,4.5,4.3,68,1461,0,0,8,16,0,0,0,3,0,0,8,337,312.4,46.1,38.0,39.7,15,0.20,0.67,0.87,25.28,0,0,0,0
377,214285,Tsimikas,12,Liverpool,Defender,2022/23,4.5,4.3,48,762,0,4,4,11,0,0,0,3,0,0,2,216,183.2,298.3,124.0,60.7,9,0.68,1.30,1.98,14.45,0,0,0,0
379,219937,R.Williams,12,Liverpool,Defender,2022/23,4.0,4.0,0,0,0,0,0,0,0,0,0,0,0,0,0,0,0.0,0.0,0.0,0.0,0,0.00,0.00,0.00,0.00,0,0,0,0
380,489580,Ramsay,12,Liverpool,Defender,2022/23,4.0,3.9,0,0,0,0,0,0,0,0,0,0,0,0,0,0,0.0,0.0,0.0,0.0,0,0.00,0.00,0.00,0.00,0,0,0,0
381,118748,M.Salah,12,Liverpool,Midfielder,2022/23,13.0,13.1,239,3290,19,13,13,45,0,0,2,2,0,0,23,651,1067.4,899.2,1688.0,365.6,37,21.01,7.03,28.04,47.47,0,0,0,0
383,244731,Luis Díaz,12,Liverpool,Midfielder,2022/23,8.0,7.8,62,991,4,2,4,11,0,0,0,2,0,0,7,166,245.4,200.6,404.0,85.0,11,2.48,1.32,3.80,11.99,0,0,0,0
384,243298,Gakpo,12,Liverpool,Midfielder,2022/23,8.0,7.6,90,1455,7,3,6,19,0,0,0,0,0,0,4,256,375.6,292.4,460.0,112.3,17,6.43,1.87,8.30,19.56,0,0,0,0
386,243016,Mac Allister,12,Liverpool,Midfielder,2022/23,5.5,5.6,140,2882,10,2,10,45,1,0,0,8,0,0,18,567,750.8,746.4,714.0,221.3,31,12.05,4.27,16.32,40.48,0,0,0,0
388,206915,C.Jones,12,Liverpool,Midfielder,2022/23,5.0,4.9,52,1029,3,1,4,15,0,0,0,2,0,0,4,206,272.8,238.1,240.0,75.0,12,1.15,1.36,2.51,15.60,0,0,0,0
389,444884,Elliott,2,Aston Villa,Midfielder,2022/23,5.0,4.8,62,1600,1,2,5,20,0,0,0,2,0,0,2,286,269.0,406.1,378.0,105.5,18,2.12,4.31,6.43,26.07,0,0,0,0
391,496208,Gannon-Doak,4,Bournemouth,Midfielder,2022/23,4.5,4.5,2,23,0,0,0,1,0,0,0,0,0,0,0,4,5.6,1.4,4.0,1.2,0,0.00,0.00,0.00,0.96,0,0,0,0
393,535928,Bajcetic,12,Liverpool,Midfielder,2022/23,4.5,4.3,22,522,1,0,3,4,0,0,0,2,0,0,0,85,90.2,61.7,77.0,22.8,6,0.79,0.47,1.26,6.80,0,0,0,0
397,447203,Darwin,12,Liverpool,Forward,2022/23,9.0,8.6,100,1684,9,5,7,22,0,0,0,1,1,0,8,310,458.2,336.9,1078.0,186.0,19,12.15,2.66,14.81,28.62,0,0,0,0
399,121160,Ederson M.,13,Man City,Goalkeeper,2022/23,5.5,5.4,121,3150,0,1,11,32,0,0,0,3,0,46,8,581,508.4,13.1,0.0,52.1,35,0.00,0.22,0.22,28.08,0,0,0,0
400,88248,Ortega Moreno,16,Nott'm Forest,Goalkeeper,2022/23,4.0,3.7,23,270,0,0,2,1,0,0,0,0,0,14,5,90,116.8,0.0,0.0,11.7,3,0.00,0.00,0.00,4.12,0,0,0,0
401,122074,Bettinelli,13,Man City,Goalkeeper,2022/23,4.0,4.0,0,0,0,0,0,0,0,0,0,0,0,0,0,0,0.0,0.0,0.0,0.0,0,0.00,0.00,0.00,0.00,0,0,0,0
402,448514,Aït-Nouri,13,Man City,Defender,2022/23,4.5,4.1,41,1067,1,0,4,18,1,0,0,4,0,0,0,194,200.4,131.1,156.0,48.9,9,1.26,0.84,2.10,18.36,0,0,0,0
404,211975,Akanji,13,Man City,Defender,2022/23,5.0,5.1,82,2284,0,1,7,23,0,0,0,2,0,0,5,460,385.6,146.5,180.0,71.4,24,1.14,0.99,2.13,21.70,0,0,0,0
405,126184,Aké,13,Man City,Defender,2022/23,5.0,5.0,92,1871,1,0,9,15,0,0,0,2,0,0,9,419,405.2,175.9,150.0,73.3,22,1.55,1.30,2.85,16.48,0,0,0,0
407,465351,Matheus N.,13,Man City,Defender,2022/23,5.0,4.8,80,2467,1,1,11,38,0,0,0,2,1,0,5,338,371.4,406.6,314.0,109.3,30,2.41,1.38,3.79,41.19,0,0,0,0
408,171314,Rúben,13,Man City,Defender,2022/23,6.0,6.0,80,1997,0,0,9,16,0,0,0,3,0,0,1,432,416.8,83.7,124.0,62.5,22,1.36,0.34,1.70,17.36,0,0,0,0
409,97299,Stones,13,Man City,Defender,2022/23,5.5,5.6,93,1844,2,2,7,17,1,0,0,2,0,0,13,422,396.0,164.1,135.0,69.6,21,1.03,0.97,2.00,13.56,0,0,0,0
410,477064,Lewis,13,Man City,Defender,2022/23,4.0,3.8,29,900,0,0,2,8,0,0,0,1,0,0,0,168,129.4,189.3,44.0,36.3,10,0.21,1.63,1.84,8.90,0,0,0,0
411,472769,O'Reilly,13,Man City,Defender,2022/23,4.5,4.5,0,0,0,0,0,0,0,0,0,0,0,0,0,0,0.0,0.0,0.0,0.0,0,0.00,0.00,0.00,0.00,0,0,0,0
414,209244,Foden,13,Man City,Midfielder,2022/23,8.0,8.0,142,1832,11,7,5,16,0,0,0,1,0,0,15,517,684.8,707.4,717.0,210.9,22,5.75,4.73,10.48,17.62,0,0,0,0
416,165809,Bernardo,13,Man City,Midfielder,2022/23,7.0,6.7,106,2196,4,6,7,24,0,0,0,5,0,0,9,427,492.0,515.0,424.0,143.1,24,2.09,3.83,5.92,23.24,0,0,0,0
419,114283,Grealish,9,Everton,Midfielder,2022/23,7.0,7.1,121,2051,5,10,10,16,0,0,0,4,0,0,9,490,515.8,721.3,683.0,191.7,23,4.50,6.74,11.24,14.46,0,0,0,0
420,59859,Gündoğan,13,Man City,Midfielder,2022/23,7.5,7.4,132,2351,8,6,10,20,0,0,1,0,0,0,9,518,596.2,636.9,597.0,182.7,27,7.83,4.37,12.20,20.31,0,0,0,0
421,220566,Rodrigo,13,Man City,Midfielder,2022/23,6.0,5.6,108,2911,2,6,11,26,0,0,0,5,0,0,7,606,716.0,555.9,493.0,176.9,34,4.53,3.49,8.02,25.24,0,0,0,0
422,91651,Kovačić,13,Man City,Midfielder,2022/23,5.0,4.9,53,1699,1,2,4,25,0,0,0,8,0,0,2,289,295.8,365.8,114.0,77.9,17,1.79,2.04,3.83,24.00,0,0,0,0
426,432714,McAtee,16,Nott'm Forest,Midfielder,2022/23,4.5,4.5,0,0,0,0,0,0,0,0,0,0,0,0,0,0,0.0,0.0,0.0,0.0,0,0.00,0.00,0.00,0.00,0,0,0,0
429,155405,Phillips,13,Man City,Midfielder,2022/23,5.0,4.8,14,291,0,0,1,3,0,0,0,1,0,0,0,68,50.0,54.4,22.0,12.7,2,0.28,0.11,0.39,5.05,0,0,0,0
430,223094,Haaland,13,Man City,Forward,2022/23,11.5,12.4,272,2767,36,9,13,26,0,0,0,5,0,0,40,1040,1390.0,371.0,1825.0,358.1,33,28.54,3.11,31.65,25.24,0,0,0,0
434,21205,Heaton,14,Man Utd,Goalkeeper,2022/23,4.0,3.8,0,0,0,0,0,0,0,0,0,0,0,0,0,0,0.0,0.0,0.0,0.0,0,0.00,0.00,0.00,0.00,0,0,0,0
437,221820,Martinez,14,Man Utd,Defender,2022/23,4.5,4.4,81,2113,1,0,9,33,0,0,0,6,0,0,6,481,571.8,110.4,82.0,76.7,24,0.46,1.02,1.48,32.52,0,0,0,0
440,216051,Dalot,14,Man Utd,Defender,2022/23,4.5,4.8,102,2152,1,2,10,34,0,0,0,6,0,0,19,502,483.8,421.4,283.0,118.8,24,2.49,1.53,4.02,34.27,0,0,0,0
442,95658,Maguire,14,Man Utd,Defender,2022/23,5.0,4.7,39,762,0,0,5,7,0,0,0,4,0,0,2,201,193.0,20.8,55.0,26.9,8,0.34,0.04,0.38,10.79,0,0,0,0
443,106760,Shaw,14,Man Utd,Defender,2022/23,5.0,5.3,124,2552,1,4,12,35,0,0,0,8,0,0,20,626,572.8,547.7,118.0,124.2,30,1.09,2.90,3.99,37.85,0,0,0,0
448,222690,Malacia,14,Man Utd,Defender,2022/23,4.5,4.2,62,1391,0,0,7,14,0,0,0,6,0,0,8,287,223.6,148.8,79.0,45.3,14,0.23,0.71,0.94,19.21,0,0,0,0
449,141746,B.Fernandes,14,Man Utd,Midfielder,2022/23,10.0,9.5,176,3317,8,9,18,39,0,0,0,6,0,0,23,748,1004.2,1603.7,982.0,359.3,37,9.33,10.70,20.03,49.13,0,0,0,0
450,430871,Cunha,14,Man Utd,Midfielder,2022/23,5.5,5.3,39,961,2,0,5,12,0,0,0,1,0,0,6,122,143.0,95.1,217.0,45.1,12,1.72,0.17,1.89,16.76,0,0,0,0
451,176297,Rashford,14,Man Utd,Midfielder,2022/23,6.5,7.2,205,2880,17,7,13,39,0,0,0,2,0,0,21,530,892.2,462.5,1466.0,282.2,32,15.27,2.86,18.13,43.46,0,0,0,0
452,493250,Amad,14,Man Utd,Midfielder,2022/23,4.5,4.4,0,0,0,0,0,0,0,0,0,0,0,0,0,0,0.0,0.0,0.0,0.0,0,0.00,0.00,0.00,0.00,0,0,0,0
453,493105,Garnacho,7,Chelsea,Midfielder,2022/23,4.5,4.1,39,557,3,2,0,13,0,0,0,3,0,0,0,81,157.6,61.7,287.0,50.7,5,2.97,0.95,3.92,8.02,0,0,0,0
454,467169,Antony,14,Man Utd,Midfielder,2022/23,7.5,7.3,82,1803,4,2,12,21,0,0,0,5,0,0,4,262,322.0,421.0,633.0,137.1,23,6.65,2.42,9.07,25.37,0,0,0,0
455,184341,Mount,14,Man Utd,Midfielder,2022/23,8.0,7.2,82,1644,3,4,8,21,0,0,0,4,0,0,8,277,331.4,463.1,376.0,117.2,20,1.97,2.81,4.78,23.53,0,0,0,0
456,209243,Sancho,2,Aston Villa,Midfielder,2022/23,7.5,7.1,105,1683,6,3,13,18,0,0,0,0,0,0,8,375,433.8,571.6,426.0,143.2,21,4.02,4.13,8.15,24.95,0,0,0,0
457,61256,Casemiro,14,Man Utd,Midfielder,2022/23,5.0,4.9,87,2122,4,3,10,22,0,0,0,7,2,0,10,389,644.0,418.8,299.0,136.3,24,3.49,3.82,7.31,29.30,0,0,0,0
458,516895,Mainoo,14,Man Utd,Midfielder,2022/23,4.5,4.5,1,10,0,0,0,0,0,0,0,0,0,0,0,2,5.8,0.8,6.0,1.3,0,0.00,0.07,0.07,0.25,0,0,0,0
469,98747,Pope,15,Newcastle,Goalkeeper,2022/23,5.0,5.4,157,3261,0,0,14,32,0,2,0,3,1,87,14,678,709.6,20.0,0.0,72.9,37,0.00,0.01,0.01,39.44,0,0,0,0
470,67089,Dúbravka,3,Burnley,Goalkeeper,2022/23,4.5,4.1,11,156,0,0,1,1,0,0,0,0,0,10,1,49,54.0,0.0,0.0,5.4,1,0.00,0.00,0.00,3.33,0,0,0,0
471,81441,Gillespie,15,Newcastle,Goalkeeper,2022/23,4.0,4.0,0,0,0,0,0,0,0,0,0,0,0,0,0,0,0.0,0.0,0.0,0.0,0,0.00,0.00,0.00,0.00,0,0,0,0
473,487838,Hall,15,Newcastle,Defender,2022/23,4.5,4.3,19,653,0,0,1,11,0,0,0,1,0,0,3,118,134.4,225.8,127.0,48.8,8,0.83,1.46,2.29,13.29,0,0,0,0
474,119471,Schär,15,Newcastle,Defender,2022/23,4.5,5.1,139,3207,1,3,15,28,1,0,0,7,0,0,6,617,680.8,264.7,523.0,147.1,36,4.63,2.05,6.68,36.65,0,0,0,0
475,220237,Botman,15,Newcastle,Defender,2022/23,4.5,4.5,129,3127,0,2,13,30,0,0,0,2,0,0,8,666,583.0,120.3,303.0,101.0,35,2.75,1.09,3.84,38.00,0,0,0,0
476,78916,Burn,15,Newcastle,Defender,2022/23,4.5,4.5,129,3109,1,0,14,30,0,0,0,5,0,0,6,584,555.0,230.4,265.0,105.3,35,2.12,1.28,3.40,36.33,0,0,0,0
477,441191,Livramento,15,Newcastle,Defender,2022/23,4.5,4.4,2,26,0,0,0,0,0,0,0,0,0,0,0,13,14.2,0.3,0.0,1.5,0,0.00,0.00,0.00,1.41,0,0,0,0
478,77794,Trippier,15,Newcastle,Defender,2022/23,5.0,6.0,198,3342,1,9,16,31,1,0,0,5,0,0,39,941,908.2,1824.0,123.0,285.8,38,0.85,12.03,12.88,38.41,0,0,0,0
479,111773,Krafth,15,Newcastle,Defender,2022/23,4.5,4.3,1,1,0,0,0,0,0,0,0,0,0,0,0,3,0.0,0.0,0.0,0.0,0,0.00,0.00,0.00,0.10,0,0,0,0
480,101148,Lascelles,15,Newcastle,Defender,2022/23,4.5,4.3,3,214,0,0,0,5,0,0,0,4,0,0,0,22,42.6,0.9,13.0,5.4,2,0.11,0.01,0.12,4.34,0,0,0,0
482,441024,Ashby,15,Newcastle,Defender,2022/23,4.0,3.8,0,0,0,0,0,0,0,0,0,0,0,0,0,0,0.0,0.0,0.0,0.0,0,0.00,0.00,0.00,0.00,0,0,0,0
484,169359,Targett,15,Newcastle,Defender,2022/23,5.0,4.7,35,600,0,0,3,6,0,0,0,1,0,0,2,157,112.4,142.4,8.0,26.3,6,0.01,0.67,0.68,6.79,0,0,0,0
485,232826,Gordon,15,Newcastle,Midfielder,2022/23,5.5,5.1,68,1574,4,0,4,18,0,0,0,7,0,0,5,186,311.2,226.6,550.0,108.8,16,4.73,1.29,6.02,25.18,0,0,0,0
486,449434,Elanga,15,Newcastle,Midfielder,2022/23,5.0,4.6,23,417,0,1,2,2,0,0,0,0,0,0,0,53,52.4,78.8,162.0,28.7,5,0.65,0.98,1.63,4.79,0,0,0,0
487,201666,Barnes,15,Newcastle,Midfielder,2022/23,7.0,6.6,138,2709,13,2,6,51,0,0,0,3,0,0,0,379,612.8,322.9,942.0,187.7,32,9.07,2.33,11.40,50.76,0,0,0,0
488,208706,Bruno G.,15,Newcastle,Midfielder,2022/23,6.0,5.5,107,2727,4,5,12,25,0,0,0,7,0,0,5,438,630.8,646.1,286.0,156.6,32,2.82,3.72,6.54,29.82,0,0,0,0
489,114243,J.Murphy,15,Newcastle,Midfielder,2022/23,4.5,4.2,78,1230,4,2,3,12,0,0,0,0,0,0,2,240,275.0,302.5,410.0,98.9,14,3.46,2.95,6.41,16.13,0,0,0,0
490,180974,Joelinton,15,Newcastle,Midfielder,2022/23,6.0,6.0,115,2660,6,5,11,26,0,0,0,12,0,0,10,458,603.4,413.1,655.0,167.3,30,7.11,1.90,9.01,32.27,0,0,0,0
493,180135,Longstaff,11,Leeds,Midfielder,2022/23,4.5,4.3,93,2514,1,5,13,18,0,0,0,2,0,0,2,347,385.2,372.0,408.0,116.8,28,3.30,2.57,5.87,27.57,0,0,0,0
494,200089,Willock,15,Newcastle,Midfielder,2022/23,5.0,4.7,123,2556,3,7,12,26,0,0,0,1,0,0,11,415,520.8,547.0,680.0,174.9,31,7.30,4.29,11.59,29.62,0,0,0,0
496,564510,Kuol,15,Newcastle,Midfielder,2022/23,4.5,4.5,0,0,0,0,0,0,0,0,0,0,0,0,0,0,0.0,0.0,0.0,0.0,0,0.00,0.00,0.00,0.00,0,0,0,0
497,547719,L.Miley,15,Newcastle,Midfielder,2022/23,4.5,4.5,1,14,0,0,0,0,0,0,0,0,0,0,0,2,0.0,0.4,1.0,0.0,0,0.08,0.00,0.08,0.87,0,0,0,0
499,219168,Isak,12,Liverpool,Forward,2022/23,7.0,7.0,100,1520,10,2,4,20,0,0,0,3,0,0,18,353,483.4,246.1,724.0,145.2,17,8.11,1.37,9.48,18.67,0,0,0,0
504,224068,Turner,16,Nott'm Forest,Goalkeeper,2022/23,4.0,3.8,0,0,0,0,0,0,0,0,0,0,0,0,0,0,0.0,0.0,0.0,0.0,0,0.00,0.00,0.00,0.00,0,0,0,0
508,215136,N.Williams,16,Nott'm Forest,Defender,2022/23,4.0,3.8,54,1872,1,1,4,41,0,0,0,7,0,0,1,284,372.2,257.3,209.0,84.0,20,1.24,1.22,2.46,39.55,0,0,0,0
512,204822,O.Richards,16,Nott'm Forest,Defender,2022/23,4.5,4.4,0,0,0,0,0,0,0,0,0,0,0,0,0,0,0.0,0.0,0.0,0.0,0,0.00,0.00,0.00,0.00,0,0,0,0
514,90585,Boly,16,Nott'm Forest,Defender,2022/23,4.5,4.1,37,684,0,1,3,10,0,0,0,2,0,0,7,147,155.0,11.8,41.0,21.0,9,0.05,0.27,0.32,10.37,0,0,0,0
515,222531,Gibbs-White,16,Nott'm Forest,Midfielder,2022/23,5.5,5.5,145,3151,5,12,8,61,0,0,0,6,0,0,11,479,611.4,980.2,628.0,221.8,36,6.77,6.06,12.83,57.88,0,0,0,0
516,209046,Hudson-Odoi,16,Nott'm Forest,Midfielder,2022/23,5.5,5.3,0,0,0,0,0,0,0,0,0,0,0,0,0,0,0.0,0.0,0.0,0.0,0,0.00,0.00,0.00,0.00,0,0,0,0
517,215379,Anderson,16,Nott'm Forest,Midfielder,2022/23,4.5,4.3,30,395,0,1,1,7,0,0,0,0,0,0,2,93,98.8,129.9,186.0,41.5,3,1.14,1.45,2.59,6.03,0,0,0,0
520,243345,O'Brien,16,Nott'm Forest,Midfielder,2022/23,5.0,4.7,22,578,1,0,1,14,0,0,0,2,0,0,0,88,107.8,56.4,47.0,21.1,6,0.34,0.19,0.53,14.13,0,0,0,0
522,204968,Yates,16,Nott'm Forest,Midfielder,2022/23,5.0,5.0,53,1833,0,3,5,36,0,0,0,5,0,0,0,177,215.0,103.3,233.0,54.5,21,1.99,0.43,2.42,29.34,0,0,0,0
525,60689,Wood,16,Nott'm Forest,Forward,2022/23,6.0,5.6,53,807,3,0,4,9,0,0,0,0,0,0,7,163,145.2,82.1,169.0,39.3,9,2.71,0.37,3.08,11.80,0,0,0,0
527,210156,Awoniyi,16,Nott'm Forest,Forward,2022/23,6.0,5.6,100,1395,10,1,5,29,0,0,0,2,0,0,16,320,416.2,140.1,405.0,95.6,17,6.86,0.29,7.15,26.43,0,0,0,0
536,477547,Hjelde,17,Sunderland,Defender,2022/23,4.0,3.9,0,0,0,0,0,0,0,0,0,0,0,0,0,0,0.0,0.0,0.0,0.0,0,0.00,0.00,0.00,0.00,0,0,0,0
548,461199,Mundle,17,Sunderland,Midfielder,2022/23,4.5,4.5,0,0,0,0,0,0,0,0,0,0,0,0,0,0,0.0,0.0,0.0,0.0,0,0.00,0.00,0.00,0.00,0,0,0,0
566,214572,Austin,18,Spurs,Goalkeeper,2022/23,4.0,3.9,0,0,0,0,0,0,0,0,0,0,0,0,0,0,0.0,0.0,0.0,0.0,0,0.00,0.00,0.00,0.00,0,0,0,0
568,441164,Pedro Porro,18,Spurs,Defender,2022/23,5.0,4.8,59,1132,3,3,2,26,0,0,0,0,0,0,5,253,330.4,403.7,175.0,90.9,13,1.81,2.29,4.10,19.42,0,0,0,0
569,221632,Romero,18,Spurs,Defender,2022/23,5.0,4.9,66,2363,0,2,8,41,0,0,0,9,1,0,3,447,546.2,136.2,91.0,77.3,26,1.50,1.02,2.52,34.11,0,0,0,0
571,115556,Davies,18,Spurs,Defender,2022/23,5.0,4.7,99,2284,2,3,9,33,0,0,0,4,0,0,3,470,434.0,291.8,172.0,89.9,26,1.01,1.47,2.48,26.59,0,0,0,0
573,232859,Spence,18,Spurs,Defender,2022/23,4.5,4.1,4,5,0,0,0,0,0,0,0,0,0,0,0,10,0.2,1.3,20.0,2.2,0,0.06,0.00,0.06,0.47,0,0,0,0
579,85971,Son,18,Spurs,Midfielder,2022/23,12.0,11.5,152,2886,10,6,9,55,0,0,0,2,0,0,8,471,732.6,852.0,919.0,250.2,33,9.80,4.56,14.36,42.74,0,0,0,0
580,242898,Johnson,8,Crystal Palace,Midfielder,2022/23,6.0,5.5,122,2930,8,5,7,54,0,0,2,6,0,0,15,384,480.6,374.4,733.0,158.1,33,8.39,2.00,10.39,53.79,0,0,0,0
581,172780,Maddison,18,Spurs,Midfielder,2022/23,8.0,7.8,135,2479,10,9,4,54,0,0,1,10,0,0,9,520,802.4,984.9,805.0,259.7,28,8.50,5.53,14.03,47.16,0,0,0,0
583,445044,Kulusevski,18,Spurs,Midfielder,2022/23,8.0,7.8,96,2062,2,7,8,40,0,0,0,2,0,0,5,310,410.8,639.4,514.0,156.0,23,2.68,4.76,7.44,30.15,0,0,0,0
585,202993,Bentancur,18,Spurs,Midfielder,2022/23,5.5,5.3,71,1501,5,2,6,24,0,0,0,8,0,0,7,342,489.6,180.2,236.0,90.7,17,2.26,0.68,2.94,19.71,0,0,0,0
587,227127,Bissouma,18,Spurs,Midfielder,2022/23,5.0,4.7,27,998,0,0,1,20,0,0,0,6,0,0,0,176,129.8,137.0,24.0,29.0,10,0.17,0.37,0.54,13.91,0,0,0,0
589,235674,Solomon,18,Spurs,Midfielder,2022/23,5.0,4.9,44,560,4,0,0,11,0,0,0,0,0,0,1,156,219.0,97.6,117.0,43.4,4,1.21,0.78,1.99,12.18,0,0,0,0
590,436234,Bryan,18,Spurs,Midfielder,2022/23,5.0,5.0,9,146,0,1,1,1,0,0,0,1,0,0,0,22,30.4,27.5,27.0,8.5,2,0.10,0.08,0.18,0.90,0,0,0,0
591,547701,Gray,18,Spurs,Midfielder,2022/23,4.5,4.5,0,0,0,0,0,0,0,0,0,0,0,0,0,0,0.0,0.0,0.0,0.0,0,0.00,0.00,0.00,0.00,0,0,0,0
593,482442,P.M.Sarr,18,Spurs,Midfielder,2022/23,4.5,4.2,14,211,0,1,0,11,0,0,0,1,0,0,0,60,55.4,26.8,4.0,8.6,2,0.06,0.03,0.09,5.80,0,0,0,0
596,154566,Solanke,18,Spurs,Forward,2022/23,6.0,5.6,130,2865,6,10,8,52,0,0,0,2,0,0,14,339,528.8,282.1,1053.0,185.7,32,9.09,2.30,11.39,51.51,0,0,0,0
597,212319,Richarlison,18,Spurs,Forward,2022/23,8.5,8.4,54,995,1,5,3,18,0,0,0,3,0,0,2,165,209.8,221.5,435.0,86.3,12,3.43,1.46,4.89,14.99,0,0,0,0
599,490145,Scarlett,18,Spurs,Forward,2022/23,4.5,4.5,0,0,0,0,0,0,0,0,0,0,0,0,0,0,0.0,0.0,0.0,0.0,0,0.00,0.00,0.00,0.00,0,0,0,0
600,84182,Areola,19,West Ham,Goalkeeper,2022/23,4.5,4.3,7,307,0,0,0,7,0,0,0,0,0,9,0,42,69.4,0.0,0.0,6.8,2,0.00,0.00,0.00,7.63,0,0,0,0
602,483364,Hegyi,19,West Ham,Goalkeeper,2022/23,4.0,3.9,0,0,0,0,0,0,0,0,0,0,0,0,0,0,0.0,0.0,0.0,0.0,0,0.00,0.00,0.00,0.00,0,0,0,0
604,109533,Emerson,19,West Ham,Defender,2022/23,4.0,4.0,39,1317,1,0,2,28,0,0,0,2,0,0,2,209,233.4,204.8,183.0,62.4,16,0.80,0.77,1.57,23.26,0,0,0,0
605,214048,Kilman,19,West Ham,Defender,2022/23,4.5,4.3,109,3307,0,1,11,56,0,0,0,3,0,0,12,622,742.8,77.6,108.0,93.2,37,1.31,0.50,1.81,56.60,0,0,0,0
607,210494,N.Aguerd,19,West Ham,Defender,2022/23,5.0,4.8,58,1594,2,0,5,28,0,0,0,4,0,0,5,320,428.2,67.9,118.0,61.4,17,2.23,0.23,2.46,28.42,0,0,0,0
610,214590,Wan-Bissaka,19,West Ham,Defender,2022/23,4.5,4.3,67,1432,0,0,8,10,0,0,0,2,0,0,3,308,290.4,221.9,143.0,65.5,16,1.19,0.91,2.10,19.17,0,0,0,0
611,518438,Casey,19,West Ham,Defender,2022/23,4.0,4.0,0,0,0,0,0,0,0,0,0,0,0,0,0,0,0.0,0.0,0.0,0.0,0,0.00,0.00,0.00,0.00,0,0,0,0
612,224024,L.Paquetá,19,West Ham,Midfielder,2022/23,6.0,5.9,98,2154,4,5,6,39,0,0,0,5,0,0,8,395,504.4,471.9,474.0,145.4,27,4.39,2.62,7.01,33.84,0,0,0,0
613,215439,Souček,19,West Ham,Midfielder,2022/23,5.5,5.0,100,2811,2,4,8,42,0,0,0,3,0,0,6,364,565.6,230.1,472.0,127.1,32,4.02,1.03,5.05,43.04,0,0,0,0
614,101178,Ward-Prowse,3,Burnley,Midfielder,2022/23,6.5,6.1,142,3371,9,4,4,72,1,0,2,6,0,0,18,747,942.6,1165.6,343.0,245.2,38,5.86,5.30,11.16,60.71,0,0,0,0
615,450070,Summerville,19,West Ham,Midfielder,2022/23,4.5,4.2,74,1411,4,4,1,38,0,0,0,4,0,0,4,235,311.8,222.6,357.0,88.6,12,2.83,1.11,3.94,28.93,0,0,0,0
617,149519,Cornet,19,West Ham,Midfielder,2022/23,6.0,5.9,14,232,0,0,0,5,0,0,0,0,0,0,0,22,27.8,30.7,71.0,12.5,2,1.26,0.12,1.38,4.77,0,0,0,0
624,178186,Bowen,19,West Ham,Forward,2022/23,8.5,8.0,145,3232,6,9,9,50,0,0,1,2,0,0,9,431,630.2,686.4,1099.0,241.8,36,9.38,6.00,15.38,47.84,0,0,0,0
627,101982,Johnstone,20,Wolves,Goalkeeper,2022/23,4.5,4.4,36,810,0,0,3,10,0,0,0,1,0,26,5,159,177.4,0.0,0.0,17.8,9,0.00,0.00,0.00,8.81,0,0,0,0
628,149065,José Sá,20,Wolves,Goalkeeper,2022/23,5.0,5.0,148,3240,0,0,11,55,0,2,0,2,0,108,18,683,862.2,0.0,0.0,86.4,36,0.00,0.00,0.00,54.63,0,0,0,0
629,79602,Bentley,20,Wolves,Goalkeeper,2022/23,4.0,4.0,6,180,0,0,0,3,0,0,0,0,0,11,0,45,70.2,0.0,0.0,7.0,2,0.00,0.00,0.00,4.66,0,0,0,0
632,87835,Doherty,20,Wolves,Defender,2022/23,5.0,4.6,35,663,1,0,3,9,0,0,0,0,0,0,2,147,147.0,110.5,146.0,40.3,7,0.74,0.27,1.01,8.61,0,0,0,0
633,490721,H.Bueno,20,Wolves,Defender,2022/23,4.0,3.8,41,1307,0,1,3,29,0,0,0,1,0,0,3,239,224.0,269.2,76.0,57.2,16,0.17,1.00,1.17,22.62,0,0,0,0
634,501837,Mosquera,20,Wolves,Defender,2022/23,4.0,3.9,0,0,0,0,0,0,0,0,0,0,0,0,0,0,0.0,0.0,0.0,0.0,0,0.00,0.00,0.00,0.00,0,0,0,0
637,510362,Toti,20,Wolves,Defender,2022/23,4.0,3.9,43,978,1,0,4,14,0,0,0,6,0,0,4,201,230.0,74.5,69.0,37.4,10,0.35,0.23,0.58,20.87,0,0,0,0
642,184754,Hee Chan,20,Wolves,Midfielder,2022/23,6.0,5.7,60,1117,3,2,3,18,0,0,0,1,0,0,3,156,195.2,150.2,242.0,58.8,12,2.97,0.62,3.59,16.92,0,0,0,0
646,448089,J.Gomes,20,Wolves,Midfielder,2022/23,4.5,4.5,21,649,1,0,2,18,0,0,0,5,0,0,2,84,139.8,74.3,46.0,25.8,7,0.30,0.11,0.41,14.35,0,0,0,0
647,181284,Guedes,20,Wolves,Midfielder,2022/23,6.0,5.8,29,703,1,1,2,12,0,0,0,1,0,0,1,85,89.4,139.6,223.0,45.1,8,1.20,0.45,1.65,11.99,0,0,0,0
649,476502,B.Traore,20,Wolves,Midfielder,2022/23,4.5,4.3,14,405,0,1,0,9,0,0,0,2,0,0,0,44,54.4,16.9,7.0,7.9,4,0.07,0.06,0.13,7.62,0,0,0,0
653,240299,Hodge,20,Wolves,Midfielder,2022/23,4.5,4.3,5,172,0,0,0,5,0,0,0,1,0,0,0,17,14.4,17.4,30.0,6.1,1,0.28,0.05,0.33,4.04,0,0,0,0
655,449988,Fábio Silva,20,Wolves,Forward,2022/23,5.5,5.5,0,0,0,0,0,0,0,0,0,0,0,0,0,0,0.0,0.0,0.0,0.0,0,0.00,0.00,0.00,0.00,0,0,0,0
656,429414,Kalajdžić,20,Wolves,Forward,2022/23,5.5,5.3,1,45,0,0,0,0,0,0,0,0,0,0,0,-1,0.0,0.0,9.0,0.7,1,0.27,0.00,0.27,0.62,0,0,0,0
658,531363,Fraser,20,Wolves,Forward,2022/23,4.5,4.5,0,0,0,0,0,0,0,0,0,0,0,0,0,0,0.0,0.0,0.0,0.0,0,0.00,0.00,0.00,0.00,0,0,0,0
659,158534,Walker-Peters,19,West Ham,Defender,2022/23,4.5,4.4,56,2650,1,0,3,58,0,0,0,4,0,0,2,335,420.6,279.5,219.0,91.9,30,1.08,2.50,3.58,51.26,0,0,0,0
668,84450,Xhaka,17,Sunderland,Midfielder,2022/23,5.0,4.8,153,2992,7,8,13,35,0,0,0,4,0,0,15,634,715.0,675.5,556.0,194.8,36,4.65,3.89,8.54,36.52,0,0,0,0
671,75115,Wilson,19,West Ham,Forward,2022/23,7.5,7.3,157,1870,18,6,10,16,0,0,0,4,0,0,20,526,722.2,271.3,1022.0,200.9,21,16.43,2.11,18.54,21.93,0,0,0,0
673,154296,J.Palhinha,18,Spurs,Midfielder,2022/23,5.0,4.9,83,3108,3,0,9,43,1,0,0,14,0,0,5,379,570.2,142.8,338.0,105.5,35,2.93,0.39,3.32,56.38,0,0,0,0
674,225321,Ramsdale,15,Newcastle,Goalkeeper,2022/23,5.0,4.8,143,3420,0,0,14,43,0,0,0,1,0,94,9,664,764.8,0.0,0.0,76.5,38,0.00,0.02,0.02,42.31,0,0,0,0
678,105717,Masuaku,17,Sunderland,Defender,2022/23,4.5,4.5,0,0,0,0,0,0,0,0,0,0,0,0,0,0,0.0,0.0,0.0,0.0,0,0.00,0.00,0.00,0.00,0,0,0,0
680,440323,Broja,3,Burnley,Forward,2022/23,5.5,5.2,21,285,1,1,1,5,0,0,0,0,0,0,0,56,64.6,18.2,113.0,19.7,2,0.84,0.06,0.90,4.49,0,0,0,0
688,481283,Wright,2,Aston Villa,Goalkeeper,2022/23,4.0,4.0,0,0,0,0,0,0,0,0,0,0,0,0,0,0,0.0,0.0,0.0,0.0,0,0.00,0.00,0.00,0.00,0,0,0,0
691,177815,Calvert-Lewin,11,Leeds,Forward,2022/23,8.0,7.9,40,1166,2,1,4,22,0,0,0,3,0,0,2,89,138.4,122.4,409.0,66.4,15,5.90,0.72,6.62,23.13,0,0,0,0
693,503301,Hutchinson,16,Nott'm Forest,Midfielder,2022/23,4.5,4.2,1,22,0,0,0,0,0,0,0,0,0,0,0,2,1.0,1.8,4.0,0.7,0,0.00,0.02,0.02,0.63,0,0,0,0
699,230046,Douglas Luiz,2,Aston Villa,Midfielder,2022/23,5.0,4.8,142,2922,6,7,13,35,0,0,0,6,1,0,17,594,698.4,668.6,261.0,162.7,33,2.79,2.92,5.71,42.80,0,0,0,0
706,220627,Justin,11,Leeds,Defender,2022/23,4.5,4.1,45,1252,0,2,5,25,0,0,0,0,0,0,2,263,208.4,138.8,40.0,38.7,14,0.31,0.49,0.80,21.31,0,0,0,0
710,534836,Patterson,2,Aston Villa,Defender,2022/23,4.5,4.5,0,0,0,0,0,0,0,0,0,0,0,0,0,0,0.0,0.0,0.0,0.0,0,0.00,0.00,0.00,0.00,0,0,0,0
719,184667,Lindelöf,2,Aston Villa,Defender,2022/23,4.5,4.1,57,1359,0,0,6,16,0,0,0,1,0,0,3,327,280.4,54.7,19.0,35.6,14,0.25,0.39,0.64,19.97,0,0,0,0
735,110504,Traoré,17,Sunderland,Midfielder,2022/23,5.0,4.9,20,226,2,0,1,1,0,0,0,1,0,0,1,57,82.0,30.7,79.0,19.0,1,0.75,0.12,0.87,1.65,0,0,0,0
738,37096,Fabianski,19,West Ham,Goalkeeper,2022/23,5.0,4.9,127,3111,0,0,9,48,0,1,0,1,0,109,10,622,772.0,0.0,0.0,77.0,36,0.00,0.00,0.00,45.55,0,0,0,0
748,183656,Dasilva,5,Brentford,Midfielder,2022/23,4.5,4.1,81,1371,4,2,5,17,0,0,0,1,0,0,3,274,305.8,208.5,182.0,69.6,14,1.58,1.62,3.20,17.89,0,0,0,0
782,40383,Forster,4,Bournemouth,Goalkeeper,2022/23,4.0,3.9,40,1215,0,0,3,24,0,1,0,1,0,32,1,222,267.8,0.0,0.0,26.9,13,0.00,0.00,0.00,19.21,0,0,0,0
783,60307,Groß,6,Brighton,Midfielder,2022/23,5.5,5.4,159,3240,9,8,11,51,1,0,0,7,0,0,14,748,918.6,1227.5,582.0,273.2,37,5.19,8.93,14.12,48.43,0,0,0,0
796,232787,Gallagher,18,Spurs,Midfielder,2022/23,6.0,5.6,66,1608,3,1,4,23,0,0,0,9,1,0,7,279,386.2,351.5,329.0,106.5,18,2.55,1.73,4.28,30.95,0,0,0,0
817,155511,Armstrong,20,Wolves,Forward,2022/23,5.5,5.3,54,1321,2,1,1,24,0,0,0,2,0,0,3,161,176.2,148.8,292.0,60.7,14,2.23,0.75,2.98,24.77,0,0,0,0
1,154561,Raya,1,Arsenal,Goalkeeper,2023/24,5.0,5.3,135,2880,0,0,16,24,0,1,0,2,0,46,6,569,413.0,0.0,0.0,41.1,32,0.00,0.04,0.04,22.51,0,0,0,0
2,109745,Arrizabalaga,1,Arsenal,Goalkeeper,2023/24,5.0,5.0,0,0,0,0,0,0,0,0,0,0,0,0,0,0,0.0,0.0,0.0,0.0,0,0.00,0.00,0.00,0.00,0,0,0,0
3,463748,Hein,1,Arsenal,Goalkeeper,2023/24,4.0,4.0,0,0,0,0,0,0,0,0,0,0,0,0,0,0,0.0,0.0,0.0,0.0,0,0.00,0.00,0.00,0.00,0,0,0,0
5,226597,Gabriel,1,Arsenal,Defender,2023/24,5.0,5.4,149,3042,3,1,16,26,1,0,0,4,0,0,8,676,675.8,121.9,379.0,117.9,34,4.48,0.65,5.13,26.18,0,0,0,0
6,462424,Saliba,1,Arsenal,Defender,2023/24,5.0,5.9,164,3420,2,1,18,29,0,0,0,4,0,0,13,781,697.2,152.1,140.0,99.1,38,1.70,0.90,2.60,28.32,0,0,0,0
8,445122,J.Timber,1,Arsenal,Defender,2023/24,5.0,4.6,0,70,0,0,0,0,0,0,0,2,0,0,0,4,5.8,4.7,2.0,1.3,1,0.00,0.02,0.02,0.28,0,0,0,0
9,440854,Kiwior,1,Arsenal,Defender,2023/24,4.5,4.0,67,942,1,3,6,8,0,0,0,1,0,0,1,260,228.8,106.9,90.0,42.7,11,0.74,0.60,1.34,5.15,0,0,0,0
10,499169,Lewis-Skelly,1,Arsenal,Defender,2023/24,4.5,4.5,0,0,0,0,0,0,0,0,0,0,0,0,0,0,0.0,0.0,0.0,0.0,0,0.00,0.00,0.00,0.00,0,0,0,0
11,198869,White,1,Arsenal,Defender,2023/24,5.5,6.1,182,2987,4,5,18,26,0,0,0,8,0,0,14,776,765.8,589.4,234.0,159.0,35,1.27,3.66,4.93,24.95,0,0,0,0
12,206325,Zinchenko,16,Nott'm Forest,Defender,2023/24,5.0,5.0,104,1717,1,2,9,15,0,0,0,2,0,0,16,468,395.4,474.8,133.0,100.4,20,0.60,2.65,3.25,12.33,0,0,0,0
16,223340,Saka,1,Arsenal,Midfielder,2023/24,8.5,8.8,226,2922,16,12,16,27,0,0,0,4,0,0,29,776,1093.8,1319.8,1342.0,375.7,35,15.40,10.90,26.29,25.66,0,0,0,0
17,184029,Ødegaard,1,Arsenal,Midfielder,2023/24,8.5,8.6,186,3098,8,11,19,23,0,0,0,2,0,0,26,703,910.4,1499.4,757.0,317.0,35,7.53,10.16,17.69,25.26,0,0,0,0
18,248857,Madueke,1,Arsenal,Midfielder,2023/24,5.5,5.3,76,1044,5,3,4,19,0,0,0,2,0,0,7,253,341.6,287.5,401.0,102.8,13,2.51,2.13,4.64,18.37,0,0,0,0
19,444145,Martinelli,1,Arsenal,Midfielder,2023/24,8.0,7.5,118,2010,6,5,10,23,0,0,0,1,0,0,6,404,500.4,717.1,795.0,200.8,24,6.36,5.18,11.53,14.88,0,0,0,0
20,116216,Trossard,1,Arsenal,Midfielder,2023/24,7.0,6.6,138,1633,12,2,12,10,0,0,0,2,0,0,11,398,563.6,384.7,746.0,169.5,18,8.29,2.96,11.25,13.46,0,0,0,0
21,204480,Rice,1,Arsenal,Midfielder,2023/24,5.5,5.5,165,3225,7,9,17,28,0,0,0,5,0,0,17,744,959.4,745.3,451.0,215.9,37,3.53,5.09,8.62,27.08,0,0,0,0
23,438098,Fábio Vieira,1,Arsenal,Midfielder,2023/24,5.5,5.4,24,290,1,3,1,2,0,0,0,0,1,0,0,67,82.8,88.8,85.0,25.5,2,1.25,0.64,1.89,1.83,0,0,0,0
24,128295,Nørgaard,1,Arsenal,Midfielder,2023/24,5.5,5.2,74,2504,2,1,6,51,0,0,0,8,0,0,3,414,501.8,396.2,316.0,121.8,30,3.61,2.44,6.05,43.31,0,0,0,0
25,499175,Nwaneri,1,Arsenal,Midfielder,2023/24,4.5,4.5,1,13,0,0,0,0,0,0,0,0,0,0,0,3,2.0,12.3,4.0,1.8,0,0.00,0.05,0.05,0.13,0,0,0,0
27,200641,Nelson,5,Brentford,Midfielder,2023/24,5.0,4.8,16,256,0,0,1,1,0,0,0,1,0,0,0,58,42.8,87.7,39.0,16.9,1,0.18,0.43,0.61,2.18,0,0,0,0
29,437742,Sambi,1,Arsenal,Midfielder,2023/24,5.0,4.9,47,1304,1,3,2,31,0,0,0,4,0,0,4,231,289.8,154.9,56.0,49.9,16,0.55,0.79,1.34,25.20,0,0,0,0
30,219847,Havertz,1,Arsenal,Forward,2023/24,7.5,7.6,180,2627,13,10,16,22,0,0,0,11,0,0,15,515,763.2,613.4,1027.0,240.2,30,12.36,3.88,16.23,21.03,0,0,0,0
31,205651,G.Jesus,1,Arsenal,Forward,2023/24,8.0,7.7,85,1470,4,7,11,11,0,0,0,6,0,0,10,271,364.8,403.0,756.0,152.7,17,6.27,3.26,9.53,11.67,0,0,0,0
32,98980,Martinez,2,Aston Villa,Goalkeeper,2023/24,5.0,5.2,115,3015,0,0,8,48,2,0,0,4,0,95,19,640,802.0,20.0,0.0,82.2,34,0.00,0.01,0.01,49.87,0,0,0,0
34,462492,Gauci,2,Aston Villa,Goalkeeper,2023/24,4.0,3.9,0,0,0,0,0,0,0,0,0,0,0,0,0,0,0.0,0.0,0.0,0.0,0,0.00,0.00,0.00,0.00,0,0,0,0
35,462381,Marschall,2,Aston Villa,Goalkeeper,2023/24,4.0,4.0,0,0,0,0,0,0,0,0,0,0,0,0,0,0,0.0,0.0,0.0,0.0,0,0.00,0.00,0.00,0.00,0,0,0,0
36,199796,Cash,2,Aston Villa,Defender,2023/24,4.5,4.5,64,2138,2,2,3,36,1,0,0,8,0,0,4,337,465.2,231.8,378.0,107.1,23,4.41,2.47,6.88,36.78,0,0,0,0
37,101188,Digne,2,Aston Villa,Defender,2023/24,4.5,4.6,85,2405,1,4,6,41,0,0,0,7,0,0,5,420,448.4,601.7,200.0,125.1,27,0.99,3.49,4.48,41.65,0,0,0,0
38,199798,Konsa,2,Aston Villa,Defender,2023/24,4.5,4.5,91,3069,1,1,7,54,0,0,0,5,0,0,7,562,554.4,170.6,223.0,95.0,35,2.56,1.01,3.57,52.28,0,0,0,0
39,441302,Maatsen,2,Aston Villa,Defender,2023/24,5.5,5.1,11,200,0,0,0,5,0,0,0,1,0,0,0,24,29.4,44.8,29.0,10.3,1,0.74,0.20,0.94,5.07,0,0,0,0
40,149484,Mings,2,Aston Villa,Defender,2023/24,4.5,4.1,0,30,0,0,0,2,0,0,0,0,0,0,0,5,3.6,13.0,5.0,2.2,1,0.01,0.16,0.17,1.08,0,0,0,0
41,244954,Pau,2,Aston Villa,Defender,2023/24,4.5,4.6,85,2462,2,0,6,37,0,0,0,1,0,0,4,461,479.4,150.6,135.0,76.6,27,0.96,0.71,1.67,40.00,0,0,0,0
43,106468,Alex Moreno,2,Aston Villa,Defender,2023/24,5.0,4.9,49,1024,2,0,3,20,1,0,0,2,0,0,5,211,217.8,156.9,152.0,52.7,11,1.11,0.98,2.09,18.50,0,0,0,0
47,244850,Rogers,2,Aston Villa,Midfielder,2023/24,5.0,5.0,35,636,3,1,2,13,0,0,0,3,0,0,0,114,177.8,118.4,150.0,44.5,8,1.35,0.33,1.68,14.55,0,0,0,0
48,166989,Tielemans,2,Aston Villa,Midfielder,2023/24,6.0,5.6,77,1613,2,6,4,27,0,0,0,3,0,0,2,318,369.2,325.4,136.0,83.3,17,1.24,1.98,3.22,31.07,0,0,0,0
49,215711,Bailey,2,Aston Villa,Midfielder,2023/24,5.5,5.4,148,2063,10,11,5,32,0,0,0,5,0,0,11,482,663.2,707.1,623.0,199.1,22,6.29,7.17,13.46,36.17,0,0,0,0
50,195546,Buendía,2,Aston Villa,Midfielder,2023/24,6.0,5.7,0,0,0,0,0,0,0,0,0,0,0,0,0,0,0.0,0.0,0.0,0.0,0,0.00,0.00,0.00,0.00,0,0,0,0
52,232653,J.Ramsey,15,Newcastle,Midfielder,2023/24,6.0,5.9,29,848,1,1,0,12,0,0,0,2,0,0,0,101,124.0,159.3,182.0,46.7,8,2.09,1.38,3.47,12.85,0,0,0,0
54,122806,McGinn,2,Aston Villa,Midfielder,2023/24,5.5,5.3,119,3000,6,5,7,54,0,0,0,9,1,0,9,502,640.4,690.7,360.0,169.4,35,5.01,4.99,10.00,49.85,0,0,0,0
55,88894,Barkley,2,Aston Villa,Midfielder,2023/24,5.0,4.5,101,2616,5,5,2,66,0,0,0,6,0,0,4,498,687.4,622.8,379.0,168.7,30,3.91,2.73,6.64,60.84,0,0,0,0
57,461421,Dobbin,2,Aston Villa,Midfielder,2023/24,4.5,4.5,18,226,1,0,1,3,0,0,0,1,0,0,0,54,68.4,50.5,59.0,17.7,1,0.34,0.12,0.46,3.72,0,0,0,0
58,226944,Kamara,2,Aston Villa,Midfielder,2023/24,5.0,5.0,40,1653,0,1,7,22,0,0,0,7,1,0,1,247,256.2,292.7,44.0,59.1,20,0.13,1.39,1.52,24.68,0,0,0,0
59,449871,Onana,2,Aston Villa,Midfielder,2023/24,5.0,4.7,66,2085,2,0,5,38,0,0,0,5,0,0,5,304,354.0,282.7,254.0,89.5,23,2.22,1.39,3.61,36.94,0,0,0,0
61,151589,Dendoncker,2,Aston Villa,Midfielder,2023/24,5.0,4.9,20,118,1,1,0,3,0,0,0,0,0,0,3,64,59.2,3.9,37.0,10.0,1,0.73,0.01,0.74,1.58,0,0,0,0
63,537403,Young,2,Aston Villa,Midfielder,2023/24,4.5,4.5,0,0,0,0,0,0,0,0,0,0,0,0,0,0,0.0,0.0,0.0,0.0,0,0.00,0.00,0.00,0.00,0,0,0,0
64,178301,Watkins,2,Aston Villa,Forward,2023/24,8.0,8.9,228,3222,19,18,7,56,0,0,0,4,0,0,29,752,1024.6,588.5,1420.0,302.8,37,16.74,4.02,20.76,55.05,0,0,0,0
66,69752,Neto,4,Bournemouth,Goalkeeper,2023/24,4.5,4.6,110,2880,0,0,7,55,0,1,0,5,0,113,14,592,875.2,0.0,0.0,87.5,32,0.00,0.01,0.01,49.66,0,0,0,0
67,457569,Petrović,4,Bournemouth,Goalkeeper,2023/24,4.5,4.7,71,1986,0,0,5,38,0,0,0,2,0,75,5,414,567.8,0.0,0.0,56.8,22,0.00,0.00,0.00,34.93,0,0,0,0
69,568791,McKenna,4,Bournemouth,Goalkeeper,2023/24,4.0,4.0,0,0,0,0,0,0,0,0,0,0,0,0,0,0,0.0,0.0,0.0,0.0,0,0.00,0.00,0.00,0.00,0,0,0,0
71,477580,Zabarnyi,4,Bournemouth,Defender,2023/24,4.5,4.4,84,3330,1,0,8,67,0,0,0,5,0,0,3,583,686.0,111.1,117.0,91.5,37,1.13,0.55,1.68,58.38,0,0,0,0
72,221466,Senesi,4,Bournemouth,Defender,2023/24,4.5,4.4,102,2239,4,5,6,44,0,0,0,13,0,0,13,486,735.0,311.2,147.0,119.7,26,1.98,2.27,4.25,40.83,0,0,0,0
73,54469,Smith,4,Bournemouth,Defender,2023/24,4.5,4.4,80,2148,0,3,8,33,0,0,0,6,0,0,4,378,336.4,296.5,27.0,66.1,25,0.05,1.50,1.55,33.02,0,0,0,0
77,463981,Hill,4,Bournemouth,Defender,2023/24,4.0,4.0,5,74,0,0,0,1,0,0,0,0,0,0,0,22,32.6,2.2,0.0,3.5,1,0.00,0.01,0.01,1.34,0,0,0,0
79,223911,Mepham,4,Bournemouth,Defender,2023/24,4.5,4.3,16,613,0,1,1,16,0,0,0,2,0,0,0,113,142.6,40.0,27.0,21.0,6,0.09,0.17,0.26,10.34,0,0,0,0
81,222683,Kluivert,4,Bournemouth,Midfielder,2023/24,5.0,4.6,100,1910,7,1,11,23,0,0,0,5,0,0,2,229,362.2,283.2,619.0,126.4,26,5.76,1.68,7.44,30.07,0,0,0,0
82,437730,Semenyo,13,Man City,Midfielder,2023/24,4.5,4.5,107,2099,8,4,8,33,0,0,0,6,0,0,14,363,506.8,411.2,748.0,166.8,25,4.69,2.19,6.87,34.41,0,0,0,0
83,533463,O.Dango,5,Brentford,Midfielder,2023/24,5.0,4.7,56,1214,1,2,5,24,0,0,0,3,0,0,3,207,298.4,245.4,332.0,87.8,12,2.65,1.10,3.75,21.13,0,0,0,0
84,201658,Tavernier,4,Bournemouth,Midfielder,2023/24,5.5,5.0,89,2118,3,4,8,38,0,0,0,3,0,0,5,324,468.4,649.4,460.0,157.8,25,3.88,4.24,8.12,32.42,0,0,0,0
85,200785,Adams,4,Bournemouth,Midfielder,2023/24,5.0,4.9,5,118,0,0,0,3,0,0,0,0,0,0,1,28,24.6,14.1,10.0,4.9,1,0.00,0.03,0.03,1.81,0,0,0,0
86,111317,Brooks,4,Bournemouth,Midfielder,2023/24,5.0,4.7,23,271,1,1,0,7,0,0,0,1,0,0,2,71,88.2,112.4,113.0,31.4,2,2.45,0.47,2.92,6.08,0,0,0,0
87,158499,Christie,4,Bournemouth,Midfielder,2023/24,5.0,5.0,90,2908,0,5,8,56,0,0,0,6,0,0,5,433,620.2,780.2,351.0,175.4,35,2.49,5.37,7.86,48.61,0,0,0,0
88,155408,Cook,4,Bournemouth,Midfielder,2023/24,5.0,4.8,77,2787,0,3,8,51,0,0,0,5,1,0,5,446,520.2,681.9,67.0,127.2,32,0.42,2.92,3.34,50.30,0,0,0,0
89,168991,Philip,4,Bournemouth,Midfielder,2023/24,5.5,5.1,60,1385,2,3,2,36,0,0,0,3,1,0,3,228,304.2,313.5,267.0,88.3,13,2.53,2.11,4.64,29.25,0,0,0,0
90,503139,Scott,4,Bournemouth,Midfielder,2023/24,5.0,4.9,41,1003,1,1,3,25,0,0,0,3,0,0,3,163,197.0,294.7,116.0,60.7,11,0.82,1.06,1.88,17.89,0,0,0,0
91,224995,Sinisterra,4,Bournemouth,Midfielder,2023/24,5.5,5.5,43,685,2,2,1,18,0,0,0,0,0,0,2,149,221.4,251.4,343.0,81.7,7,2.62,1.03,3.65,11.39,0,0,0,0
92,441240,Faivre,4,Bournemouth,Midfielder,2023/24,5.0,5.0,4,37,0,0,0,1,0,0,0,1,0,0,0,9,5.0,2.5,13.0,1.8,0,0.15,0.03,0.18,0.14,0,0,0,0
93,424044,H.Traorè,4,Bournemouth,Midfielder,2023/24,5.0,4.7,3,44,0,0,0,1,0,0,0,0,0,0,0,10,12.8,14.8,30.0,5.7,0,0.17,0.01,0.18,0.84,0,0,0,0
94,550596,Sadi,4,Bournemouth,Midfielder,2023/24,4.5,4.5,1,1,0,0,0,0,0,0,0,0,0,0,0,3,0.0,0.0,0.0,0.0,0,0.00,0.00,0.00,0.00,0,0,0,0
98,168636,Enes Ünal,4,Bournemouth,Forward,2023/24,5.0,5.0,40,317,2,4,1,9,0,0,0,1,0,0,3,99,142.4,58.6,242.0,43.7,2,2.84,0.13,2.97,4.49,0,0,0,0
101,200720,Kelleher,5,Brentford,Goalkeeper,2023/24,4.0,3.6,34,900,0,0,2,11,0,0,0,0,0,28,3,198,261.2,10.0,0.0,27.0,10,0.00,0.01,0.01,10.33,0,0,0,0
102,235448,Balcombe,5,Brentford,Goalkeeper,2023/24,4.0,3.9,0,0,0,0,0,0,0,0,0,0,0,0,0,0,0.0,0.0,0.0,0.0,0,0.00,0.00,0.00,0.00,0,0,0,0
103,503300,Cox,5,Brentford,Goalkeeper,2023/24,4.0,4.0,0,0,0,0,0,0,0,0,0,0,0,0,0,0,0.0,0.0,0.0,0.0,0,0.00,0.00,0.00,0.00,0,0,0,0
105,507433,Valdimarsson,5,Brentford,Goalkeeper,2023/24,4.0,4.0,0,0,0,0,0,0,0,0,0,0,0,0,0,0,0.0,0.0,0.0,0.0,0,0.00,0.00,0.00,0.00,0,0,0,0
106,432830,Collins,5,Brentford,Defender,2023/24,4.5,4.5,84,2649,1,1,7,51,0,0,0,3,0,0,8,489,653.8,151.5,180.0,98.7,29,1.59,0.95,2.54,41.61,0,0,0,0
107,249231,Lewis-Potter,5,Brentford,Defender,2023/24,5.0,4.7,73,1428,3,2,6,29,0,0,0,0,0,0,1,186,280.0,203.8,573.0,105.6,15,6.42,1.66,8.07,20.21,0,0,0,0
108,191866,Ajer,5,Brentford,Defender,2023/24,4.5,4.4,68,1826,2,1,5,33,0,0,0,5,0,0,3,323,406.8,166.6,223.0,79.7,21,1.22,2.68,3.90,29.41,0,0,0,0
109,194010,Henry,5,Brentford,Defender,2023/24,4.5,4.2,13,401,0,1,1,5,0,0,0,1,0,0,0,74,72.8,67.9,17.0,15.7,5,0.07,0.90,0.97,5.12,0,0,0,0
111,231065,Pinnock,5,Brentford,Defender,2023/24,4.5,4.5,77,2521,2,0,5,46,0,0,0,1,0,0,5,479,653.2,63.4,221.0,94.2,28,2.01,0.83,2.84,39.14,0,0,0,0
112,226956,Roerslev,5,Brentford,Defender,2023/24,4.5,4.4,75,1975,1,2,5,40,0,0,0,1,0,0,3,354,382.0,281.3,94.0,76.3,22,1.05,1.34,2.39,37.71,0,0,0,0
113,444765,Van den Berg,5,Brentford,Defender,2023/24,4.0,4.0,0,0,0,0,0,0,0,0,0,0,0,0,0,0,0.0,0.0,0.0,0.0,0,0.00,0.00,0.00,0.00,0,0,0,0
114,622536,Arthur,5,Brentford,Defender,2023/24,4.0,4.0,0,0,0,0,0,0,0,0,0,0,0,0,0,0,0.0,0.0,0.0,0.0,0,0.00,0.00,0.00,0.00,0,0,0,0
115,612534,Fredrick,5,Brentford,Defender,2023/24,4.0,4.0,0,0,0,0,0,0,0,0,0,0,0,0,0,0,0.0,0.0,0.0,0.0,0,0.00,0.00,0.00,0.00,0,0,0,0
116,472713,Hickey,5,Brentford,Defender,2023/24,4.5,4.3,17,713,0,0,2,12,0,0,0,5,0,0,0,87,66.6,28.4,37.0,12.9,9,0.20,0.13,0.33,10.20,0,0,0,0
117,570241,Ji-soo,5,Brentford,Defender,2023/24,4.0,4.0,0,0,0,0,0,0,0,0,0,0,0,0,0,0,0.0,0.0,0.0,0.0,0,0.00,0.00,0.00,0.00,0,0,0,0
119,446008,Mbeumo,14,Man Utd,Midfielder,2023/24,6.5,6.8,127,1957,9,7,5,31,0,0,0,2,0,0,12,364,554.2,572.1,576.0,170.1,22,9.70,5.67,15.37,28.31,0,0,0,0
120,513418,Schade,5,Brentford,Midfielder,2023/24,5.5,5.2,33,327,2,2,1,5,0,0,0,0,0,0,2,81,105.8,58.3,100.0,26.2,3,1.29,0.72,2.01,3.58,0,0,0,0
121,440089,Damsgaard,5,Brentford,Midfielder,2023/24,5.0,4.8,45,829,0,4,5,9,0,0,0,2,0,0,0,155,162.6,179.1,103.0,44.7,7,0.76,0.93,1.69,10.11,0,0,0,0
124,56979,Henderson,5,Brentford,Midfielder,2023/24,5.0,5.0,0,0,0,0,0,0,0,0,0,0,0,0,0,0,0.0,0.0,0.0,0.0,0,0.00,0.00,0.00,0.00,0,0,0,0
125,204580,Janelt,5,Brentford,Midfielder,2023/24,5.5,5.2,93,3054,1,4,9,52,0,0,0,8,0,0,1,466,503.4,562.5,285.0,135.3,37,1.82,3.44,5.26,47.65,0,0,0,0
126,207283,Jensen,5,Brentford,Midfielder,2023/24,5.5,5.2,98,2201,3,4,9,45,0,0,0,5,0,0,10,422,481.2,689.3,135.0,130.4,27,0.71,4.89,5.60,36.36,0,0,0,0
128,428580,Onyeka,5,Brentford,Midfielder,2023/24,5.0,4.9,39,1147,1,2,1,27,0,0,0,8,0,0,0,150,259.0,178.3,189.0,62.6,11,2.09,1.44,3.53,21.94,0,0,0,0
129,508395,Yarmoliuk,5,Brentford,Midfielder,2023/24,4.5,4.2,33,670,0,0,4,9,0,0,0,2,0,0,0,95,98.4,66.9,127.0,29.0,6,0.94,1.00,1.94,9.42,0,0,0,0
131,628204,Konak,5,Brentford,Midfielder,2023/24,4.5,4.5,0,0,0,0,0,0,0,0,0,0,0,0,0,0,0.0,0.0,0.0,0.0,0,0.00,0.00,0.00,0.00,0,0,0,0
133,450539,Peart-Harris,5,Brentford,Midfielder,2023/24,4.5,4.5,3,11,0,0,0,0,0,0,0,0,0,0,0,6,2.2,10.9,2.0,1.5,0,0.00,0.00,0.00,0.07,0,0,0,0
134,591357,Trevitt,5,Brentford,Midfielder,2023/24,4.5,4.5,0,0,0,0,0,0,0,0,0,0,0,0,0,0,0.0,0.0,0.0,0.0,0,0.00,0.00,0.00,0.00,0,0,0,0
135,216646,Wissa,15,Newcastle,Forward,2023/24,6.0,5.7,131,2488,12,4,11,40,0,0,0,7,0,0,15,457,592.8,384.0,769.0,173.2,29,10.54,1.82,12.36,37.55,0,0,0,0
138,49262,Steele,6,Brighton,Goalkeeper,2023/24,4.5,4.0,42,1530,0,0,2,34,0,0,0,0,0,43,5,300,382.2,0.1,0.0,38.2,17,0.00,0.00,0.00,24.86,0,0,0,0
139,489639,Verbruggen,6,Brighton,Goalkeeper,2023/24,4.5,4.4,68,1890,0,0,4,28,0,0,0,3,0,65,7,417,541.4,1.0,0.0,54.3,21,0.00,0.00,0.00,31.60,0,0,0,0
140,209288,McGill,6,Brighton,Goalkeeper,2023/24,4.0,3.9,0,0,0,0,0,0,0,0,0,0,0,0,0,0,0.0,0.0,0.0,0.0,0,0.00,0.00,0.00,0.00,0,0,0,0
142,240514,Scherpen,6,Brighton,Goalkeeper,2023/24,4.0,4.0,0,0,0,0,0,0,0,0,0,0,0,0,0,0,0.0,0.0,0.0,0.0,0,0.00,0.00,0.00,0.00,0,0,0,0
146,83299,Dunk,6,Brighton,Defender,2023/24,5.0,5.2,89,2869,3,1,5,53,0,0,0,6,1,0,11,567,823.0,205.4,389.0,141.7,33,3.15,2.24,5.38,49.76,0,0,0,0
147,204214,Estupiñan,6,Brighton,Defender,2023/24,5.0,4.7,57,1242,2,3,3,26,1,0,0,4,0,0,7,291,350.8,382.6,156.0,89.0,15,1.00,2.22,3.22,26.50,0,0,0,0
149,223434,Igor,6,Brighton,Defender,2023/24,4.5,4.3,37,1631,0,0,2,26,0,0,0,4,0,0,1,311,297.8,135.5,23.0,45.8,17,0.25,0.50,0.75,24.36,0,0,0,0
150,232792,Lamptey,6,Brighton,Defender,2023/24,4.0,3.9,31,908,0,3,1,20,0,0,0,3,0,0,0,155,144.6,173.7,60.0,37.6,10,0.34,0.90,1.24,14.35,0,0,0,0
151,469142,Van Hecke,6,Brighton,Defender,2023/24,4.0,4.0,61,2368,0,0,5,38,0,0,0,4,0,0,3,454,631.8,176.4,175.0,98.5,26,1.42,0.93,2.35,37.22,0,0,0,0
152,111478,Veltman,6,Brighton,Defender,2023/24,4.5,4.3,49,1579,1,1,3,32,0,0,0,4,0,0,0,294,320.8,97.8,98.0,51.8,17,0.46,0.53,0.99,25.63,0,0,0,0
153,110735,Webster,6,Brighton,Defender,2023/24,4.5,4.2,26,1142,0,0,2,22,1,0,0,2,0,0,2,212,252.2,89.3,54.0,39.7,13,0.50,0.33,0.83,18.16,0,0,0,0
157,451340,Mitoma,6,Brighton,Midfielder,2023/24,6.5,6.4,74,1485,3,7,1,27,0,0,0,4,0,0,7,252,327.6,375.1,636.0,134.0,15,3.49,3.56,7.05,24.64,0,0,0,0
159,109345,March,6,Brighton,Midfielder,2023/24,6.5,6.1,39,555,3,1,2,11,0,0,0,1,0,0,6,134,197.4,126.5,139.0,46.4,7,2.10,0.97,3.07,10.50,0,0,0,0
161,474120,Enciso,6,Brighton,Midfielder,2023/24,5.5,5.0,20,468,0,2,0,12,0,0,0,2,0,0,0,62,81.0,131.7,157.0,36.9,5,1.38,1.28,2.66,9.71,0,0,0,0
163,532529,Hinshelwood,6,Brighton,Midfielder,2023/24,4.5,4.5,42,866,3,0,2,17,0,0,0,1,0,0,5,155,200.2,118.9,230.0,55.0,8,2.10,0.36,2.46,14.30,0,0,0,0
166,509416,Ayari,6,Brighton,Midfielder,2023/24,4.5,4.5,0,0,0,0,0,0,0,0,0,0,0,0,0,0,0.0,0.0,0.0,0.0,0,0.00,0.00,0.00,0.00,0,0,0,0
167,535301,Baleba,6,Brighton,Midfielder,2023/24,4.5,4.5,34,1314,0,0,2,28,0,0,0,7,0,0,0,174,179.8,134.7,72.0,38.8,15,0.85,0.24,1.08,23.59,0,0,0,0
168,536916,Buonanotte,11,Leeds,Midfielder,2023/24,5.0,4.7,57,1356,3,1,6,19,0,0,0,7,0,0,1,160,254.8,291.3,238.0,78.4,17,2.34,1.16,3.50,21.14,0,0,0,0
170,15157,Milner,6,Brighton,Midfielder,2023/24,5.0,4.8,28,770,0,2,4,12,0,0,0,3,0,0,0,146,152.8,253.5,61.0,46.8,11,0.29,2.18,2.47,12.81,0,0,0,0
171,441192,Sarmiento,6,Brighton,Midfielder,2023/24,4.5,4.5,0,0,0,0,0,0,0,0,0,0,0,0,0,0,0.0,0.0,0.0,0.0,0,0.00,0.00,0.00,0.00,0,0,0,0
178,50175,Welbeck,6,Brighton,Forward,2023/24,6.0,5.7,79,1687,5,4,8,28,0,0,0,4,0,0,5,261,326.2,320.9,492.0,114.0,21,5.09,1.46,6.55,27.78,0,0,0,0
179,487117,Ferguson,6,Brighton,Forward,2023/24,6.0,5.7,69,1356,6,1,2,28,0,0,0,1,0,0,5,218,275.0,106.7,393.0,77.3,15,4.49,0.77,5.26,22.16,0,0,0,0
182,432720,Trafford,13,Man City,Goalkeeper,2023/24,4.5,4.4,70,2520,0,0,2,62,0,0,0,2,0,106,5,533,903.6,3.3,0.0,90.7,28,0.00,0.04,0.04,49.37,0,0,0,0
186,192290,Roberts,3,Burnley,Defender,2023/24,4.5,4.3,12,817,0,1,0,23,0,0,0,3,1,0,0,111,142.8,104.1,12.0,25.7,8,0.00,0.35,0.35,19.91,0,0,0,0
187,58621,Walker,3,Burnley,Defender,2023/24,5.0,5.5,123,2766,0,5,10,29,0,0,0,2,0,0,13,633,465.4,534.1,126.0,112.6,30,0.40,3.20,3.60,28.61,0,0,0,0
188,247245,Delcroix,3,Burnley,Defender,2023/24,4.0,4.0,7,584,0,0,0,25,0,0,0,2,0,0,0,88,110.0,57.8,42.0,20.9,5,0.35,0.12,0.47,15.91,0,0,0,0
189,461567,Dodgson,3,Burnley,Defender,2023/24,4.0,4.0,0,0,0,0,0,0,0,0,0,0,0,0,0,0,0.0,0.0,0.0,0.0,0,0.00,0.00,0.00,0.00,0,0,0,0
190,478969,Ekdal,3,Burnley,Defender,2023/24,4.0,3.9,15,436,0,0,1,8,0,0,0,2,0,0,3,77,76.6,15.9,15.0,10.7,5,0.06,0.01,0.07,7.91,0,0,0,0
191,477717,Estève,3,Burnley,Defender,2023/24,4.0,4.0,15,1310,0,0,0,28,0,0,0,6,0,0,0,157,229.2,38.9,29.0,29.9,15,0.27,0.16,0.43,27.60,0,0,0,0
193,461188,Humphreys,3,Burnley,Defender,2023/24,4.0,4.0,0,0,0,0,0,0,0,0,0,0,0,0,0,0,0.0,0.0,0.0,0.0,0,0.00,0.00,0.00,0.00,0,0,0,0
194,241231,Jordan,3,Burnley,Defender,2023/24,4.0,3.9,30,1234,0,1,2,23,0,0,0,6,0,0,4,236,330.8,46.1,35.0,41.3,15,0.56,0.19,0.75,20.87,0,0,0,0
199,208912,Worrall,3,Burnley,Defender,2023/24,4.5,4.3,13,438,0,0,1,9,0,0,0,0,1,0,3,74,90.0,22.1,18.0,13.0,5,0.10,0.31,0.41,9.01,0,0,0,0
200,444180,Anthony,3,Burnley,Midfielder,2023/24,5.0,4.9,3,151,0,0,0,5,0,0,0,1,0,0,0,4,9.0,4.6,16.0,3.0,2,0.07,0.02,0.09,4.44,0,0,0,0
201,183751,Benson,3,Burnley,Midfielder,2023/24,5.5,5.2,8,110,0,0,0,5,0,0,0,0,0,0,0,22,17.6,26.4,30.0,7.5,1,0.07,0.18,0.25,4.54,0,0,0,0
202,179458,Bruun Larsen,3,Burnley,Midfielder,2023/24,5.0,4.8,82,1235,6,0,3,23,0,0,0,1,0,0,7,237,335.8,416.5,448.0,119.5,16,4.65,1.44,6.09,24.35,0,0,0,0
203,578614,Boateng,3,Burnley,Midfielder,2023/24,4.5,4.2,0,0,0,0,0,0,0,0,0,0,0,0,0,0,0.0,0.0,0.0,0.0,0,0.00,0.00,0.00,0.00,0,0,0,0
204,250735,Churlinov,3,Burnley,Midfielder,2023/24,4.5,4.4,0,0,0,0,0,0,0,0,0,0,0,0,0,0,0.0,0.0,0.0,0.0,0,0.00,0.00,0.00,0.00,0,0,0,0
205,172567,Cullen,3,Burnley,Midfielder,2023/24,5.0,5.0,65,2055,2,4,0,48,0,0,0,9,0,0,5,375,458.0,426.7,106.0,98.9,23,0.59,2.29,2.88,45.18,0,0,0,0
207,465527,Hannibal,3,Burnley,Midfielder,2023/24,4.5,4.3,11,131,1,0,1,1,0,0,0,1,0,0,0,34,48.2,29.8,13.0,9.0,1,0.03,0.48,0.51,3.48,0,0,0,0
208,487702,Koleosho,3,Burnley,Midfielder,2023/24,5.0,4.8,40,972,1,2,3,23,0,0,0,0,0,0,0,80,86.8,147.9,213.0,44.5,13,1.96,1.07,3.03,15.55,0,0,0,0
211,447715,A.Ramsey,3,Burnley,Midfielder,2023/24,5.0,5.0,18,522,0,0,0,17,0,0,0,1,0,0,0,62,51.2,28.0,53.0,12.7,5,0.35,0.48,0.82,11.33,0,0,0,0
214,437748,Trésor,3,Burnley,Midfielder,2023/24,5.5,5.2,20,410,0,0,0,10,0,0,0,0,0,0,0,73,44.4,110.5,24.0,18.0,3,0.37,0.54,0.91,10.04,0,0,0,0
216,492831,Amdouni,3,Burnley,Forward,2023/24,5.5,5.1,85,1953,5,1,5,41,0,0,0,2,0,0,11,243,372.8,246.5,509.0,112.4,27,5.55,1.22,6.77,35.70,0,0,0,0
217,435973,Foster,3,Burnley,Forward,2023/24,5.0,4.7,75,1898,5,3,2,43,0,0,0,0,1,0,4,229,364.2,263.4,467.0,109.6,22,4.36,1.27,5.63,40.47,0,0,0,0
219,220598,Obafemi,3,Burnley,Forward,2023/24,5.0,4.9,2,19,0,0,0,0,0,0,0,0,0,0,0,4,0.0,0.6,17.0,1.7,0,0.11,0.01,0.12,0.03,0,0,0,0
220,215059,Sánchez,7,Chelsea,Goalkeeper,2023/24,4.5,4.5,59,1433,0,0,3,25,0,1,0,2,0,53,7,317,450.6,0.1,0.0,45.2,16,0.00,0.00,0.00,23.72,0,0,0,0
223,471798,Slonina,7,Chelsea,Goalkeeper,2023/24,4.0,4.0,0,0,0,0,0,0,0,0,0,0,0,0,0,0,0.0,0.0,0.0,0.0,0,0.00,0.00,0.00,0.00,0,0,0,0
224,179268,Cucurella,7,Chelsea,Defender,2023/24,5.0,4.9,44,1783,0,3,4,33,1,0,0,10,0,0,3,318,384.4,283.9,122.0,79.3,20,1.16,1.01,2.17,31.18,0,0,0,0
225,225796,James,7,Chelsea,Defender,2023/24,5.5,5.3,11,416,0,2,0,13,0,0,0,0,2,0,0,106,137.4,172.1,61.0,37.1,5,0.30,1.36,1.66,11.31,0,0,0,0
226,180736,Chalobah,7,Chelsea,Defender,2023/24,4.5,4.3,39,949,1,0,3,14,0,0,0,1,0,0,4,221,250.8,45.4,38.0,33.4,10,0.20,0.16,0.36,15.26,0,0,0,0
227,460028,Colwill,7,Chelsea,Defender,2023/24,4.5,4.6,65,1794,1,1,5,26,0,0,0,2,0,0,4,355,394.6,113.2,163.0,67.2,20,1.29,0.53,1.82,28.43,0,0,0,0
228,482609,Gusto,7,Chelsea,Defender,2023/24,4.0,4.3,74,1746,0,6,5,28,0,0,0,7,1,0,10,409,434.8,494.8,174.0,110.4,19,1.01,3.39,4.40,26.12,0,0,0,0
229,242880,B.Badiashile,7,Chelsea,Defender,2023/24,4.5,4.4,35,1337,0,1,3,31,1,0,0,3,0,0,4,267,336.4,87.4,51.0,47.5,15,0.27,0.92,1.19,25.42,0,0,0,0
230,444463,Fofana,7,Chelsea,Defender,2023/24,4.5,4.4,0,0,0,0,0,0,0,0,0,0,0,0,0,0,0.0,0.0,0.0,0.0,0,0.00,0.00,0.00,0.00,0,0,0,0
232,109646,Tosin,7,Chelsea,Defender,2023/24,4.5,4.3,66,1616,2,0,6,25,0,0,0,2,0,0,2,327,431.8,39.3,152.0,62.4,18,0.78,0.32,1.10,28.19,0,0,0,0
233,577016,Acheampong,7,Chelsea,Defender,2023/24,4.0,4.0,1,5,0,0,0,0,0,0,0,0,0,0,0,4,15.0,0.0,0.0,1.5,0,0.00,0.00,0.00,0.57,0,0,0,0
235,244851,Palmer,7,Chelsea,Midfielder,2023/24,5.0,6.3,244,2617,22,13,7,46,0,0,0,7,0,0,32,844,1240.2,1022.5,1016.0,327.8,29,17.35,8.17,25.52,45.48,0,0,0,0
236,247632,Neto,7,Chelsea,Midfielder,2023/24,5.5,5.5,86,1516,2,11,3,27,0,0,0,4,0,0,8,310,371.4,599.2,389.0,135.5,18,3.17,3.69,6.86,29.09,0,0,0,0
237,448047,Enzo,7,Chelsea,Midfielder,2023/24,5.0,4.8,77,2208,3,3,5,47,0,0,1,7,0,0,4,369,527.2,567.7,369.0,146.3,26,5.72,3.78,9.50,40.13,0,0,0,0
240,213198,Nkunku,7,Chelsea,Midfielder,2023/24,7.5,7.2,29,437,3,0,0,12,0,0,0,0,0,0,4,96,134.6,74.5,222.0,42.7,2,2.47,0.37,2.84,8.74,0,0,0,0
241,486672,Caicedo,7,Chelsea,Midfielder,2023/24,5.0,4.5,84,2865,1,3,7,50,0,0,0,11,0,0,6,466,613.6,403.2,68.0,108.2,33,0.42,2.01,2.43,46.79,0,0,0,0
243,550615,George,9,Everton,Midfielder,2023/24,4.5,4.5,0,0,0,0,0,0,0,0,0,0,0,0,0,0,0.0,0.0,0.0,0.0,0,0.00,0.00,0.00,0.00,0,0,0,0
244,514356,Lavia,7,Chelsea,Midfielder,2023/24,5.0,4.9,1,32,0,0,0,0,0,0,0,0,0,0,0,2,3.6,1.9,0.0,0.6,0,0.00,0.01,0.01,0.33,0,0,0,0
245,465920,Mudryk,7,Chelsea,Midfielder,2023/24,6.5,6.3,94,1564,5,5,7,28,0,0,0,5,0,0,5,291,347.2,457.5,420.0,122.4,18,4.77,3.15,7.92,25.05,0,0,0,0
246,532605,Andrey Santos,7,Chelsea,Midfielder,2023/24,4.5,4.2,1,7,0,0,0,0,0,0,0,0,0,0,0,1,0.0,0.5,3.0,0.2,0,0.06,0.00,0.06,0.02,0,0,0,0
249,475168,João Pedro,7,Chelsea,Forward,2023/24,5.5,5.2,104,2037,9,3,5,38,0,0,1,2,0,0,12,406,622.4,578.8,932.0,213.4,19,12.01,4.64,16.65,32.63,0,0,0,0
251,517052,N.Jackson,7,Chelsea,Forward,2023/24,7.0,7.0,142,2801,14,6,9,48,0,0,0,10,0,0,12,479,783.8,501.7,1098.0,237.7,31,18.14,3.00,21.14,47.46,0,0,0,0
253,172649,Henderson,8,Crystal Palace,Goalkeeper,2023/24,4.5,4.4,48,1620,0,0,4,30,2,0,0,2,0,58,2,293,434.8,0.0,0.0,43.7,18,0.00,0.01,0.01,26.47,0,0,0,0
255,169593,Matthews,8,Crystal Palace,Goalkeeper,2023/24,4.0,3.9,1,3,0,0,0,1,0,0,0,0,0,0,0,3,1.0,0.0,0.0,0.1,0,0.00,0.00,0.00,0.07,0,0,0,0
256,247348,Muñoz,8,Crystal Palace,Defender,2023/24,4.5,4.5,56,1440,0,4,5,22,0,0,0,4,0,0,3,270,331.0,265.6,119.0,71.7,16,1.26,1.26,2.52,19.71,0,0,0,0
258,244723,Mitchell,8,Crystal Palace,Defender,2023/24,4.5,4.5,119,3204,2,3,10,55,0,0,0,6,0,0,10,590,669.8,393.7,209.0,127.4,37,1.27,2.39,3.66,50.84,0,0,0,0
260,209036,Guéhi,13,Man City,Defender,2023/24,4.5,4.2,66,2020,0,1,6,32,0,0,0,2,0,0,6,397,417.8,106.6,35.0,56.1,23,0.58,1.00,1.58,31.51,0,0,0,0
261,427623,Richards,8,Crystal Palace,Defender,2023/24,4.0,3.9,62,2091,1,1,4,38,0,0,0,3,0,0,4,370,456.2,87.5,108.0,65.2,23,0.60,0.17,0.77,33.16,0,0,0,0
263,57328,Clyne,8,Crystal Palace,Defender,2023/24,4.5,4.3,52,1335,0,1,5,16,0,0,0,0,0,0,0,259,179.6,67.8,21.0,27.0,14,0.21,0.21,0.42,21.65,0,0,0,0
264,156074,Holding,8,Crystal Palace,Defender,2023/24,4.5,4.3,0,0,0,0,0,0,0,0,0,0,0,0,0,0,0.0,0.0,0.0,0.0,0,0.00,0.00,0.00,0.00,0,0,0,0
266,232413,Eze,1,Arsenal,Midfielder,2023/24,6.5,6.0,136,2054,11,5,8,28,0,0,0,3,0,0,11,490,740.4,810.0,735.0,228.7,24,9.12,5.66,14.78,32.39,0,0,0,0
268,438464,Doucouré,8,Crystal Palace,Midfielder,2023/24,5.0,4.8,21,920,0,0,3,12,0,0,0,2,0,0,0,141,165.8,138.5,36.0,34.2,11,0.28,0.76,1.04,13.76,0,0,0,0
270,108413,Hughes,8,Crystal Palace,Midfielder,2023/24,5.0,4.9,61,1886,0,2,8,38,0,0,0,6,0,0,2,252,319.2,338.6,67.0,72.3,23,0.31,1.70,2.01,30.83,0,0,0,0
272,152551,Lerma,8,Crystal Palace,Midfielder,2023/24,5.0,4.7,64,2399,1,1,5,46,0,0,0,8,0,0,4,338,417.6,366.1,240.0,102.4,27,2.61,1.78,4.39,38.16,0,0,0,0
273,496221,Wharton,8,Crystal Palace,Midfielder,2023/24,5.0,5.0,50,1296,0,3,7,16,0,0,0,2,0,0,4,222,255.0,287.9,29.0,57.3,15,0.38,1.50,1.87,18.04,0,0,0,0
275,466117,Ahamada,8,Crystal Palace,Midfielder,2023/24,4.5,4.3,16,332,0,0,0,14,0,0,0,2,1,0,0,52,41.2,25.2,61.0,12.9,0,0.40,0.12,0.52,8.93,0,0,0,0
277,450535,Ebiowei,8,Crystal Palace,Midfielder,2023/24,4.5,4.4,0,0,0,0,0,0,0,0,0,0,0,0,0,0,0.0,0.0,0.0,0.0,0,0.00,0.00,0.00,0.00,0,0,0,0
278,450542,J.Rak-Sakyi,8,Crystal Palace,Midfielder,2023/24,4.5,4.5,8,132,0,0,1,3,0,0,0,0,0,0,0,21,23.2,28.2,58.0,11.0,0,0.41,0.14,0.54,3.21,0,0,0,0
279,536694,M.França,8,Crystal Palace,Midfielder,2023/24,5.0,4.8,16,224,0,2,0,7,0,0,0,1,0,0,0,47,36.4,77.7,53.0,16.5,1,0.33,0.46,0.79,3.49,0,0,0,0
280,531989,Ozoh,8,Crystal Palace,Midfielder,2023/24,4.5,4.5,8,148,0,0,0,5,0,0,0,1,0,0,0,27,25.2,4.0,0.0,2.9,0,0.00,0.01,0.01,3.06,0,0,0,0
281,530318,Rodney,8,Crystal Palace,Midfielder,2023/24,4.5,4.5,0,0,0,0,0,0,0,0,0,0,0,0,0,0,0.0,0.0,0.0,0.0,0,0.00,0.00,0.00,0.00,0,0,0,0
282,574398,Umeh,8,Crystal Palace,Midfielder,2023/24,4.5,4.5,0,0,0,0,0,0,0,0,0,0,0,0,0,0,0.0,0.0,0.0,0.0,0,0.00,0.00,0.00,0.00,0,0,0,0
283,231747,Mateta,8,Crystal Palace,Forward,2023/24,5.0,5.1,165,2274,16,7,8,44,0,0,0,3,0,0,22,563,775.0,404.0,741.0,191.9,25,10.84,1.30,12.14,40.46,0,0,0,0
284,205533,Nketiah,8,Crystal Palace,Forward,2023/24,5.5,5.0,71,1065,5,4,6,10,0,0,0,3,0,0,5,206,235.0,136.3,417.0,77.2,10,4.65,0.53,5.18,10.21,0,0,0,0
285,199670,Édouard,8,Crystal Palace,Forward,2023/24,5.5,5.3,79,1545,7,0,6,24,0,0,0,4,0,0,9,246,359.6,256.7,663.0,128.0,17,6.33,0.86,7.19,20.54,0,0,0,0
287,111234,Pickford,9,Everton,Goalkeeper,2023/24,4.5,4.8,153,3420,0,0,13,51,1,0,0,5,0,121,22,734,969.2,43.4,0.0,101.3,38,0.00,0.46,0.46,56.01,0,0,0,0
288,229600,Travers,9,Everton,Goalkeeper,2023/24,4.0,4.0,19,360,0,0,2,5,0,0,0,0,0,13,2,79,92.6,0.0,0.0,9.3,4,0.00,0.00,0.00,6.96,0,0,0,0
290,480455,Branthwaite,9,Everton,Defender,2023/24,4.0,4.5,124,3116,3,1,12,44,0,0,0,8,0,0,10,621,789.4,67.2,185.0,104.3,35,1.62,1.29,2.91,49.43,0,0,0,0
291,17761,Tarkowski,9,Everton,Defender,2023/24,4.5,4.6,117,3420,1,1,13,51,0,0,0,11,0,0,10,649,915.4,269.6,320.0,150.9,38,2.55,2.66,5.21,55.64,0,0,0,0
292,224967,Mykolenko,9,Everton,Defender,2023/24,4.5,4.5,101,2469,2,1,9,37,0,0,0,1,0,0,9,452,517.4,239.8,211.0,96.8,28,1.49,1.07,2.56,39.97,0,0,0,0
293,512462,O'Brien,9,Everton,Defender,2023/24,4.0,4.0,0,0,0,0,0,0,0,0,0,0,0,0,0,0,0.0,0.0,0.0,0.0,0,0.00,0.00,0.00,0.00,0,0,0,0
294,59949,Coleman,9,Everton,Defender,2023/24,4.5,4.4,30,661,0,0,4,10,1,0,0,0,0,0,3,141,108.6,49.9,6.0,16.5,7,0.00,0.70,0.70,10.48,0,0,0,0
295,106611,Keane,9,Everton,Defender,2023/24,4.5,4.2,18,437,1,0,1,13,0,0,0,2,0,0,2,72,108.2,4.6,92.0,20.5,4,0.56,0.06,0.62,10.81,0,0,0,0
296,243571,Patterson,9,Everton,Defender,2023/24,4.5,4.3,34,1000,0,2,2,21,0,0,0,4,0,0,3,187,207.2,138.2,26.0,37.3,9,0.34,1.03,1.37,20.60,0,0,0,0
299,440993,Ndiaye,9,Everton,Midfielder,2023/24,5.5,5.5,0,0,0,0,0,0,0,0,0,0,0,0,0,0,0.0,0.0,0.0,0.0,0,0.00,0.00,0.00,0.00,0,0,0,0
300,433154,McNeil,9,Everton,Midfielder,2023/24,5.5,5.4,124,2891,3,8,12,39,0,0,0,2,0,0,8,515,615.4,1110.8,400.0,212.7,33,3.26,7.90,11.16,45.06,0,0,0,0
302,80801,Gana,9,Everton,Midfielder,2023/24,5.0,4.8,73,1885,4,0,7,25,0,0,0,8,0,0,10,337,406.8,237.1,154.0,79.7,24,1.25,0.82,2.07,29.41,0,0,0,0
303,232928,Garner,9,Everton,Midfielder,2023/24,5.0,4.9,87,3001,1,2,11,47,0,0,0,7,0,0,3,421,526.6,663.1,244.0,143.5,34,2.62,3.75,6.37,48.61,0,0,0,0
304,490094,Iroegbunam,9,Everton,Midfielder,2023/24,4.5,4.4,10,157,0,0,0,7,0,0,0,0,0,0,0,29,18.6,4.0,0.0,2.1,1,0.00,0.00,0.00,4.95,0,0,0,0
309,491557,Metcalfe,9,Everton,Midfielder,2023/24,4.5,4.5,0,0,0,0,0,0,0,0,0,0,0,0,0,0,0.0,0.0,0.0,0.0,0,0.00,0.00,0.00,0.00,0,0,0,0
311,486385,Beto,9,Everton,Forward,2023/24,6.0,5.7,50,943,3,0,2,20,0,0,1,2,0,0,3,105,158.8,139.6,425.0,71.3,9,6.46,0.30,6.76,18.11,0,0,0,0
312,491012,Y.Chermiti,9,Everton,Forward,2023/24,5.0,4.8,16,196,0,0,1,4,0,0,0,3,0,0,0,28,19.2,51.2,84.0,14.9,1,0.74,0.30,1.04,5.04,0,0,0,0
314,80201,Leno,10,Fulham,Goalkeeper,2023/24,4.5,4.8,133,3420,0,0,10,61,1,0,0,3,0,134,15,782,1069.8,0.1,0.0,106.7,38,0.00,0.00,0.00,64.14,0,0,0,0
315,428971,Benda,10,Fulham,Goalkeeper,2023/24,4.0,4.0,0,0,0,0,0,0,0,0,0,0,0,0,0,0,0.0,0.0,0.0,0.0,0,0.00,0.00,0.00,0.00,0,0,0,0
316,169528,Robinson,10,Fulham,Defender,2023/24,4.5,4.5,104,3266,0,6,9,60,2,0,0,6,0,0,8,662,805.8,536.7,241.0,158.6,37,0.68,3.75,4.43,61.93,0,0,0,0
317,174874,Andersen,10,Fulham,Defender,2023/24,4.5,4.7,121,3416,2,3,10,58,0,0,0,7,0,0,12,679,873.6,301.1,253.0,143.1,38,1.75,2.08,3.83,53.71,0,0,0,0
318,232892,Bassey,10,Fulham,Defender,2023/24,4.5,4.4,66,2299,1,0,6,42,0,0,0,4,1,0,4,442,462.8,34.8,50.0,55.0,25,0.37,0.16,0.53,40.83,0,0,0,0
319,166477,Castagne,10,Fulham,Defender,2023/24,4.5,4.5,105,2630,1,3,9,40,0,0,0,3,0,0,7,510,494.4,295.0,229.0,102.1,29,1.29,2.06,3.35,41.07,0,0,0,0
320,219924,Diop,10,Fulham,Defender,2023/24,4.5,4.4,43,1423,0,0,5,26,0,0,0,2,1,0,3,259,348.8,20.5,37.0,40.8,16,0.26,0.42,0.68,33.20,0,0,0,0
322,167074,Tete,10,Fulham,Defender,2023/24,4.5,4.4,27,863,1,0,2,21,0,0,0,2,0,0,0,161,195.2,93.4,67.0,35.6,10,0.86,0.46,1.32,22.97,0,0,0,0
324,153133,Iwobi,10,Fulham,Midfielder,2023/24,5.5,5.3,102,2331,5,2,7,41,0,0,0,2,0,0,9,425,504.2,718.8,534.0,175.9,27,5.23,4.20,9.43,37.63,0,0,0,0
325,209289,Smith Rowe,10,Fulham,Midfielder,2023/24,5.5,5.3,25,343,0,2,3,3,0,0,0,0,0,0,0,73,62.4,72.2,128.0,25.6,3,1.86,0.40,2.26,2.10,0,0,0,0
326,159533,Adama,19,West Ham,Midfielder,2023/24,5.0,4.9,36,363,2,3,0,13,0,0,0,2,0,0,1,113,164.2,108.1,140.0,41.3,1,1.49,0.88,2.37,11.28,0,0,0,0
327,156689,Andreas,10,Fulham,Midfielder,2023/24,5.5,5.3,127,2611,3,9,14,40,0,0,0,6,0,0,7,459,503.6,1254.3,417.0,217.8,34,4.52,5.72,10.24,42.91,0,0,0,0
328,184349,Sessegnon,10,Fulham,Midfielder,2023/24,4.5,4.4,0,0,0,0,0,0,0,0,0,0,0,0,0,0,0.0,0.0,0.0,0.0,0,0.00,0.00,0.00,0.00,0,0,0,0
329,153682,Wilson,10,Fulham,Midfielder,2023/24,5.5,5.3,94,1603,4,7,5,30,0,0,0,6,0,0,5,307,375.0,357.3,340.0,107.2,16,3.45,2.63,6.08,33.01,0,0,0,0
330,207189,Berge,10,Fulham,Midfielder,2023/24,5.0,4.6,74,3002,1,2,2,70,0,0,0,8,1,0,3,430,533.6,446.3,161.0,114.3,34,2.04,1.66,3.70,66.96,0,0,0,0
331,76357,Cairney,10,Fulham,Midfielder,2023/24,5.0,4.9,70,1472,1,6,4,27,1,0,0,3,0,0,2,346,335.2,407.2,170.0,90.9,14,1.03,2.58,3.61,29.53,0,0,0,0
332,212314,Lukić,10,Fulham,Midfielder,2023/24,4.5,4.3,43,1113,1,0,5,20,0,0,0,3,0,0,0,157,192.4,155.6,115.0,46.2,13,1.49,0.46,1.95,22.86,0,0,0,0
334,515024,Harris,10,Fulham,Midfielder,2023/24,4.5,4.5,2,74,0,0,0,5,0,0,0,0,0,0,0,2,3.2,0.7,17.0,2.1,0,0.28,0.01,0.29,2.26,0,0,0,0
335,577725,King,10,Fulham,Midfielder,2023/24,4.5,4.5,0,0,0,0,0,0,0,0,0,0,0,0,0,0,0.0,0.0,0.0,0.0,0,0.00,0.00,0.00,0.00,0,0,0,0
336,153366,Reed,10,Fulham,Midfielder,2023/24,5.0,4.3,47,1317,0,2,6,23,0,0,0,6,0,0,0,205,213.8,212.6,45.0,47.2,15,0.29,1.49,1.78,25.65,0,0,0,0
337,102057,Raúl,10,Fulham,Forward,2023/24,5.5,5.0,72,1390,7,0,4,29,0,0,0,3,1,0,13,237,335.8,185.9,440.0,95.1,18,5.37,0.96,6.33,37.43,0,0,0,0
338,244042,Muniz,10,Fulham,Forward,2023/24,4.5,4.3,97,1589,9,2,6,27,0,0,0,1,0,0,12,299,409.0,213.1,875.0,148.2,18,8.76,0.94,9.70,26.67,0,0,0,0
341,59735,Darlow,11,Leeds,Goalkeeper,2023/24,4.0,4.0,0,0,0,0,0,0,0,0,0,0,0,0,0,0,0.0,0.0,0.0,0.0,0,0.00,0.00,0.00,0.00,0,0,0,0
342,226182,Bogle,11,Leeds,Defender,2023/24,4.5,4.5,63,2787,3,3,3,79,1,0,0,9,0,0,0,354,514.4,183.5,339.0,103.7,32,2.36,1.14,3.50,57.85,0,0,0,0
348,214225,Rodon,11,Leeds,Defender,2023/24,4.0,4.0,0,0,0,0,0,0,0,0,0,0,0,0,0,0,0.0,0.0,0.0,0.0,0,0.00,0.00,0.00,0.00,0,0,0,0
352,221399,Harrison,11,Leeds,Midfielder,2023/24,5.5,5.5,92,2212,3,3,11,26,0,0,0,1,0,0,5,292,397.4,405.7,339.0,114.3,25,3.68,3.02,6.70,34.15,0,0,0,0
354,199598,Ampadu,11,Leeds,Midfielder,2023/24,4.0,4.0,0,0,0,0,0,0,0,0,0,0,0,0,0,0,0.0,0.0,0.0,0.0,0,0.00,0.00,0.00,0.00,0,0,0,0
366,116535,A.Becker,12,Liverpool,Goalkeeper,2023/24,5.5,5.7,107,2520,0,0,8,30,0,0,0,1,0,83,9,575,671.2,10.4,0.0,68.1,28,0.00,0.00,0.00,35.21,0,0,0,0
371,544877,Kerkez,12,Liverpool,Defender,2023/24,4.5,4.4,59,1966,0,2,6,37,1,0,0,4,1,0,1,290,310.0,216.5,150.0,67.7,22,1.32,1.06,2.38,36.85,0,0,0,0
372,122798,Robertson,12,Liverpool,Defender,2023/24,6.5,6.5,76,1689,3,2,3,22,0,0,0,2,0,0,8,463,552.2,936.1,230.0,171.9,18,1.90,4.40,6.30,22.83,0,0,0,0
373,97032,Virgil,12,Liverpool,Defender,2023/24,6.0,6.6,117,3177,2,2,9,40,0,0,0,3,1,0,8,662,911.2,176.3,449.0,153.8,36,2.88,1.04,3.92,45.72,0,0,0,0
374,204716,Konaté,12,Liverpool,Defender,2023/24,5.0,4.9,56,1570,0,0,6,19,0,0,0,3,1,0,2,315,357.4,139.9,87.0,58.5,17,0.70,0.47,1.17,21.42,0,0,0,0
375,492777,Bradley,12,Liverpool,Defender,2023/24,4.0,4.1,50,752,1,3,3,7,1,0,0,2,0,0,7,211,230.4,215.8,160.0,60.6,10,0.91,1.24,2.15,7.47,0,0,0,0
376,171287,Gomez,12,Liverpool,Defender,2023/24,4.5,4.5,76,1772,0,2,7,19,0,0,0,5,0,0,2,390,316.0,338.3,119.0,77.7,17,1.02,1.07,2.09,27.08,0,0,0,0
377,214285,Tsimikas,12,Liverpool,Defender,2023/24,4.5,4.3,48,675,0,3,4,7,0,0,0,0,0,0,4,201,158.8,267.5,35.0,46.2,8,0.09,1.26,1.35,8.46,0,0,0,0
378,611926,Nallo,12,Liverpool,Defender,2023/24,4.0,4.0,0,0,0,0,0,0,0,0,0,0,0,0,0,0,0.0,0.0,0.0,0.0,0,0.00,0.00,0.00,0.00,0,0,0,0
381,118748,M.Salah,12,Liverpool,Midfielder,2023/24,12.5,13.4,211,2531,18,12,8,30,0,0,2,2,0,0,24,621,1033.8,892.2,1531.0,346.0,28,20.89,7.47,28.36,32.22,0,0,0,0
383,244731,Luis Díaz,12,Liverpool,Midfielder,2023/24,7.5,7.6,142,2625,8,7,7,33,0,0,0,3,0,0,9,413,613.0,844.0,1190.0,264.6,32,12.08,4.73,16.81,35.22,0,0,0,0
384,243298,Gakpo,12,Liverpool,Midfielder,2023/24,7.5,7.1,106,1633,8,5,5,20,0,0,0,1,0,0,12,409,521.4,348.2,708.0,157.1,17,9.07,2.71,11.78,23.90,0,0,0,0
386,243016,Mac Allister,12,Liverpool,Midfielder,2023/24,6.0,5.9,109,2600,5,5,6,34,0,0,0,7,1,0,12,512,712.4,726.7,224.0,166.2,31,3.59,4.89,8.48,37.16,0,0,0,0
387,424876,Szoboszlai,12,Liverpool,Midfielder,2023/24,7.0,7.1,99,2102,3,4,8,23,0,0,0,1,0,0,7,437,423.4,830.0,377.0,162.8,25,3.64,5.13,8.77,25.06,0,0,0,0
388,206915,C.Jones,12,Liverpool,Midfielder,2023/24,5.0,4.9,40,1156,1,1,2,19,0,0,0,3,1,0,2,171,174.0,203.2,195.0,57.0,14,2.74,1.04,3.78,19.42,0,0,0,0
389,444884,Elliott,2,Aston Villa,Midfielder,2023/24,5.0,4.8,96,1330,3,9,4,13,0,0,0,2,0,0,8,402,417.2,570.0,391.0,137.5,11,2.72,4.68,7.40,19.29,0,0,0,0
390,441266,Gravenberch,12,Liverpool,Midfielder,2023/24,5.0,5.0,45,1110,1,0,3,17,0,0,0,0,0,0,3,176,187.0,229.4,198.0,61.5,12,2.08,1.35,3.43,15.05,0,0,0,0
391,496208,Gannon-Doak,4,Bournemouth,Midfielder,2023/24,4.5,4.3,1,13,0,0,0,0,0,0,0,0,0,0,0,3,0.2,0.8,0.0,0.1,0,0.00,0.00,0.00,0.14,0,0,0,0
392,158983,Endo,12,Liverpool,Midfielder,2023/24,5.5,5.4,47,1714,1,0,6,16,0,0,0,10,0,0,0,250,281.6,269.5,53.0,60.1,20,0.51,1.53,2.04,22.42,0,0,0,0
393,535928,Bajcetic,12,Liverpool,Midfielder,2023/24,5.0,4.7,1,25,0,0,0,2,0,0,0,0,0,0,0,3,7.8,0.3,0.0,0.8,0,0.00,0.00,0.00,0.88,0,0,0,0
394,491501,McConnell,12,Liverpool,Midfielder,2023/24,4.5,4.4,3,3,0,0,0,0,0,0,0,0,0,0,0,8,1.0,0.4,0.0,0.1,0,0.00,0.00,0.00,0.01,0,0,0,0
396,591386,Nyoni,12,Liverpool,Midfielder,2023/24,4.5,4.5,0,0,0,0,0,0,0,0,0,0,0,0,0,0,0.0,0.0,0.0,0.0,0,0.00,0.00,0.00,0.00,0,0,0,0
397,447203,Darwin,12,Liverpool,Forward,2023/24,7.5,7.5,132,2033,11,11,6,25,0,0,1,9,0,0,9,397,660.8,439.1,1223.0,232.4,22,16.23,4.37,20.60,25.33,0,0,0,0
398,500058,Danns,12,Liverpool,Forward,2023/24,4.5,4.3,1,7,0,0,0,0,0,0,0,1,0,0,0,1,0.0,3.7,0.0,0.2,0,0.00,0.01,0.01,0.13,0,0,0,0
399,121160,Ederson M.,13,Man City,Goalkeeper,2023/24,5.5,5.5,112,2785,0,0,11,27,0,0,0,5,0,57,5,569,551.8,10.0,0.0,56.0,33,0.00,0.03,0.03,27.43,0,0,0,0
400,88248,Ortega Moreno,16,Nott'm Forest,Goalkeeper,2023/24,4.0,3.6,22,632,0,0,1,7,0,0,0,0,0,20,2,114,171.2,0.0,0.0,17.3,5,0.00,0.00,0.00,7.17,0,0,0,0
401,122074,Bettinelli,13,Man City,Goalkeeper,2023/24,4.0,4.0,-1,0,0,0,0,0,0,0,0,1,0,0,0,-3,0.0,0.0,0.0,0.0,0,0.00,0.00,0.00,0.00,0,0,0,0
402,448514,Aït-Nouri,13,Man City,Defender,2023/24,4.5,4.6,77,2327,2,3,3,43,0,0,0,7,0,0,6,365,448.4,376.9,253.0,107.7,29,3.12,1.81,4.93,45.79,0,0,0,0
403,477424,Gvardiol,13,Man City,Defender,2023/24,5.0,5.2,123,2327,4,2,9,23,0,0,0,3,0,0,12,549,544.4,362.2,389.0,129.7,26,3.14,2.09,5.23,23.88,0,0,0,0
404,211975,Akanji,13,Man City,Defender,2023/24,5.0,5.0,112,2512,2,0,11,23,0,0,0,2,1,0,8,560,536.4,298.7,137.0,97.4,28,1.77,1.79,3.56,25.72,0,0,0,0
405,126184,Aké,13,Man City,Defender,2023/24,5.0,5.0,99,2039,2,3,6,20,0,0,0,0,0,0,6,483,447.2,197.7,249.0,89.7,24,2.47,1.14,3.61,21.14,0,0,0,0
407,465351,Matheus N.,13,Man City,Defender,2023/24,5.0,4.7,32,831,0,2,2,13,0,0,0,0,1,0,1,118,146.0,221.3,150.0,51.8,9,0.89,1.71,2.60,10.39,0,0,0,0
408,171314,Rúben,13,Man City,Defender,2023/24,5.5,5.5,88,2557,0,0,9,28,1,0,0,0,0,0,3,513,578.4,208.5,225.0,101.5,28,1.38,1.93,3.31,25.12,0,0,0,0
409,97299,Stones,13,Man City,Defender,2023/24,5.5,5.3,53,1061,1,0,5,9,0,0,0,2,0,0,3,239,188.4,128.4,70.0,38.7,12,1.06,0.40,1.46,12.27,0,0,0,0
410,477064,Lewis,13,Man City,Defender,2023/24,4.5,4.2,52,804,2,0,4,9,0,0,0,1,0,0,2,215,148.0,195.9,114.0,45.8,8,0.63,1.25,1.88,8.73,0,0,0,0
414,209244,Foden,13,Man City,Midfielder,2023/24,7.5,8.5,230,2860,19,8,14,27,0,0,0,2,0,0,31,866,1154.8,1157.8,1172.0,348.8,33,10.17,6.95,17.12,28.51,0,0,0,0
416,165809,Bernardo,13,Man City,Midfielder,2023/24,6.5,6.2,141,2576,6,9,10,26,0,0,0,8,0,0,20,604,747.4,959.5,570.0,228.0,29,3.54,8.05,11.59,26.40,0,0,0,0
418,248875,Doku,13,Man City,Midfielder,2023/24,6.5,6.4,98,1585,3,10,1,19,0,0,0,3,0,0,13,391,524.2,640.2,875.0,203.9,18,2.57,5.85,8.42,16.21,0,0,0,0
419,114283,Grealish,9,Everton,Midfielder,2023/24,7.5,7.2,50,998,3,1,3,13,0,0,0,6,0,0,6,199,240.4,384.1,295.0,91.9,10,2.17,2.69,4.86,12.58,0,0,0,0
421,220566,Rodrigo,13,Man City,Midfielder,2023/24,5.5,5.6,159,2931,8,10,14,26,0,0,0,8,1,0,19,737,1043.8,894.8,484.0,242.3,34,3.99,6.15,10.14,29.89,0,0,0,0
422,91651,Kovačić,13,Man City,Midfielder,2023/24,5.0,4.6,59,1539,1,0,9,14,0,0,0,4,0,0,2,316,265.0,365.9,129.0,76.0,16,1.24,1.66,2.90,13.55,0,0,0,0
424,477555,Bobb,10,Fulham,Midfielder,2023/24,4.5,4.4,30,294,1,2,1,5,0,0,0,0,0,0,2,112,105.4,147.1,107.0,36.0,2,1.50,1.10,2.60,2.91,0,0,0,0
426,432714,McAtee,16,Nott'm Forest,Midfielder,2023/24,4.5,4.4,77,1815,3,4,2,65,0,0,0,2,0,0,0,259,333.8,394.4,333.0,106.0,20,2.98,2.16,5.14,39.34,0,0,0,0
429,155405,Phillips,13,Man City,Midfielder,2023/24,5.0,4.7,10,394,0,0,0,13,0,0,0,1,1,0,0,27,35.6,23.3,31.0,9.1,3,0.22,0.11,0.33,10.75,0,0,0,0
430,223094,Haaland,13,Man City,Forward,2023/24,14.0,14.3,217,2553,27,8,11,25,0,0,1,1,0,0,29,792,1094.6,367.2,1581.0,303.3,29,29.57,2.18,31.75,25.65,0,0,0,0
431,451302,Bayindir,14,Man Utd,Goalkeeper,2023/24,4.0,3.9,0,0,0,0,0,0,0,0,0,0,0,0,0,0,0.0,0.0,0.0,0.0,0,0.00,0.00,0.00,0.00,0,0,0,0
432,202641,Onana,14,Man Utd,Goalkeeper,2023/24,5.0,5.0,133,3420,0,0,9,58,0,0,0,5,0,149,10,741,1167.8,33.2,0.0,120.2,38,0.00,0.08,0.08,69.64,0,0,0,0
434,21205,Heaton,14,Man Utd,Goalkeeper,2023/24,4.0,3.9,0,0,0,0,0,0,0,0,0,0,0,0,0,0,0.0,0.0,0.0,0.0,0,0.00,0.00,0.00,0.00,0,0,0,0
435,461537,Mee,14,Man Utd,Goalkeeper,2023/24,4.0,4.0,0,0,0,0,0,0,0,0,0,0,0,0,0,0,0.0,0.0,0.0,0.0,0,0.00,0.00,0.00,0.00,0,0,0,0
437,221820,Martinez,14,Man Utd,Defender,2023/24,5.0,4.7,15,643,0,1,1,12,1,0,0,3,0,0,0,134,144.4,45.7,4.0,19.4,8,0.00,0.08,0.08,11.65,0,0,0,0
440,216051,Dalot,14,Man Utd,Defender,2023/24,5.0,5.2,111,3174,2,3,8,55,0,0,0,4,1,0,13,662,738.6,590.8,212.0,154.4,35,1.67,2.38,4.05,64.76,0,0,0,0
442,95658,Maguire,14,Man Utd,Defender,2023/24,4.5,4.3,73,1650,2,4,4,29,0,0,0,3,0,0,6,351,493.4,90.9,192.0,77.7,18,1.94,0.97,2.91,36.68,0,0,0,0
443,106760,Shaw,14,Man Utd,Defender,2023/24,5.5,5.2,31,960,0,1,4,13,0,0,0,6,0,0,0,195,197.2,199.3,29.0,42.6,12,0.05,0.89,0.94,20.17,0,0,0,0
445,577974,Amass,14,Man Utd,Defender,2023/24,4.0,4.0,0,0,0,0,0,0,0,0,0,0,0,0,0,0,0.0,0.0,0.0,0.0,0,0.00,0.00,0.00,0.00,0,0,0,0
448,222690,Malacia,14,Man Utd,Defender,2023/24,4.5,4.3,0,0,0,0,0,0,0,0,0,0,0,0,0,0,0.0,0.0,0.0,0.0,0,0.00,0.00,0.00,0.00,0,0,0,0
449,141746,B.Fernandes,14,Man Utd,Midfielder,2023/24,8.5,8.5,166,3118,10,9,7,52,0,0,1,9,0,0,24,729,1101.6,1663.0,748.0,351.3,35,9.73,10.23,19.96,63.99,0,0,0,0
450,430871,Cunha,14,Man Utd,Midfielder,2023/24,5.5,5.5,135,2438,12,7,6,46,0,0,0,9,0,0,15,520,786.0,409.8,872.0,206.4,29,9.49,2.97,12.46,48.51,0,0,0,0
451,176297,Rashford,14,Man Utd,Midfielder,2023/24,9.0,8.4,108,2264,7,3,7,37,0,0,0,2,0,0,0,330,453.2,358.6,672.0,148.3,26,7.13,2.80,9.93,48.29,0,0,0,0
452,493250,Amad,14,Man Utd,Midfielder,2023/24,4.5,4.4,23,385,1,1,1,6,0,0,0,1,0,0,3,68,117.0,123.8,114.0,35.2,3,0.53,0.47,1.00,7.66,0,0,0,0
453,493105,Garnacho,7,Chelsea,Midfielder,2023/24,5.0,5.0,131,2564,7,7,8,39,0,0,0,4,0,0,7,372,527.2,616.8,1103.0,224.3,30,8.23,2.81,11.04,51.56,0,0,0,0
454,467169,Antony,14,Man Utd,Midfielder,2023/24,7.0,6.8,47,1311,1,1,3,26,0,0,0,5,0,0,0,184,247.8,327.7,347.0,91.8,15,3.38,1.83,5.21,25.18,0,0,0,0
455,184341,Mount,14,Man Utd,Midfielder,2023/24,7.0,6.8,23,509,1,0,1,13,0,0,0,2,0,0,0,93,105.8,107.6,64.0,27.9,5,0.37,0.37,0.74,9.95,0,0,0,0
456,209243,Sancho,2,Aston Villa,Midfielder,2023/24,7.0,6.7,3,76,0,0,0,1,0,0,0,0,0,0,0,11,9.8,14.8,12.0,3.6,0,0.00,0.07,0.07,1.86,0,0,0,0
457,61256,Casemiro,14,Man Utd,Midfielder,2023/24,5.5,5.3,58,1981,1,3,5,34,0,0,0,7,0,0,0,323,628.4,247.9,323.0,119.9,24,3.64,1.20,4.84,40.58,0,0,0,0
458,516895,Mainoo,14,Man Utd,Midfielder,2023/24,4.5,4.4,77,1927,3,1,7,31,0,0,0,3,0,0,8,327,413.4,256.7,134.0,80.6,24,0.87,1.35,2.22,42.97,0,0,0,0
460,490881,Collyer,14,Man Utd,Midfielder,2023/24,4.5,4.5,0,0,0,0,0,0,0,0,0,0,0,0,0,0,0.0,0.0,0.0,0.0,0,0.00,0.00,0.00,0.00,0,0,0,0
465,497894,Højlund,14,Man Utd,Forward,2023/24,7.0,7.1,112,2156,10,2,6,35,0,0,0,2,0,0,14,362,480.6,345.8,648.0,147.0,25,6.97,0.96,7.93,40.64,0,0,0,0
468,575034,Wheatley,14,Man Utd,Forward,2023/24,4.5,4.5,3,13,0,0,0,0,0,0,0,0,0,0,0,6,2.0,0.0,0.0,0.2,0,0.00,0.00,0.00,0.32,0,0,0,0
469,98747,Pope,15,Newcastle,Goalkeeper,2023/24,5.5,5.3,57,1345,0,0,6,16,0,0,0,1,0,43,1,279,323.0,0.0,4.0,32.7,15,0.02,0.00,0.02,15.92,0,0,0,0
470,67089,Dúbravka,3,Burnley,Goalkeeper,2023/24,4.0,4.3,75,1984,0,0,4,42,0,1,0,1,0,88,3,426,661.0,10.0,0.0,67.2,22,0.00,0.00,0.00,44.34,0,0,0,0
471,81441,Gillespie,15,Newcastle,Goalkeeper,2023/24,4.0,3.9,0,0,0,0,0,0,0,0,0,0,0,0,0,0,0.0,0.0,0.0,0.0,0,0.00,0.00,0.00,0.00,0,0,0,0
472,111452,Odysseas,15,Newcastle,Goalkeeper,2023/24,4.5,4.5,12,450,0,0,1,12,0,0,0,0,0,10,0,79,101.8,10.0,0.0,11.2,5,0.00,0.01,0.01,7.48,0,0,0,0
473,487838,Hall,15,Newcastle,Defender,2023/24,4.5,4.2,38,773,1,0,2,12,0,0,0,2,0,0,3,171,194.8,69.1,85.0,34.9,8,0.35,0.72,1.07,13.10,0,0,0,0
474,119471,Schär,15,Newcastle,Defender,2023/24,5.0,5.6,123,3055,4,3,9,58,0,0,0,5,0,0,12,629,826.6,166.7,278.0,127.4,35,2.47,1.41,3.87,58.64,0,0,0,0
475,220237,Botman,15,Newcastle,Defender,2023/24,4.5,4.5,51,1375,2,2,3,29,1,0,0,2,0,0,4,298,386.8,62.9,104.0,55.5,15,0.62,0.54,1.16,31.58,0,0,0,0
476,78916,Burn,15,Newcastle,Defender,2023/24,4.5,4.7,97,2725,2,2,8,45,0,0,0,4,0,0,4,493,656.4,153.8,286.0,109.7,32,3.35,1.12,4.47,46.22,0,0,0,0
477,441191,Livramento,15,Newcastle,Defender,2023/24,4.5,4.0,45,1302,1,0,2,27,0,0,0,1,0,0,4,253,292.0,193.9,96.0,58.4,12,0.38,0.83,1.21,28.63,0,0,0,0
478,77794,Trippier,15,Newcastle,Defender,2023/24,6.5,6.6,111,2235,1,10,6,43,0,0,0,5,0,0,20,589,719.0,1028.5,102.0,185.2,26,0.65,6.97,7.62,40.26,0,0,0,0
479,111773,Krafth,15,Newcastle,Defender,2023/24,4.5,4.4,33,909,0,0,3,15,0,0,0,2,0,0,1,187,164.2,145.4,28.0,33.8,8,0.20,0.76,0.96,12.94,0,0,0,0
480,101148,Lascelles,15,Newcastle,Defender,2023/24,4.0,3.7,46,1077,1,0,5,15,0,0,0,4,0,0,3,212,233.0,35.4,69.0,33.8,13,0.74,0.12,0.86,18.08,0,0,0,0
481,545477,A.Murphy,15,Newcastle,Defender,2023/24,4.0,3.9,2,11,0,0,0,0,0,0,0,0,0,0,0,6,2.6,1.0,0.0,0.3,0,0.00,0.00,0.00,0.08,0,0,0,0
482,441024,Ashby,15,Newcastle,Defender,2023/24,4.0,4.0,0,0,0,0,0,0,0,0,0,0,0,0,0,0,0.0,0.0,0.0,0.0,0,0.00,0.00,0.00,0.00,0,0,0,0
484,169359,Targett,15,Newcastle,Defender,2023/24,4.5,4.2,2,77,0,0,0,4,0,0,0,1,0,0,0,15,9.2,11.9,0.0,2.2,1,0.00,0.01,0.01,1.77,0,0,0,0
485,232826,Gordon,15,Newcastle,Midfielder,2023/24,5.5,6.4,183,2896,11,16,12,48,0,0,0,10,1,0,14,594,822.6,843.7,905.0,256.7,34,10.03,5.40,15.42,51.73,0,0,0,0
486,449434,Elanga,15,Newcastle,Midfielder,2023/24,5.0,4.9,119,2424,5,9,2,47,0,0,0,1,0,0,5,386,536.4,441.6,618.0,159.2,25,6.20,4.04,10.24,39.39,0,0,0,0
487,201666,Barnes,15,Newcastle,Midfielder,2023/24,6.5,6.2,64,788,5,3,2,10,0,0,0,2,0,0,3,205,279.2,181.5,334.0,79.5,7,3.78,1.90,5.68,10.48,0,0,0,0
488,208706,Bruno G.,15,Newcastle,Midfielder,2023/24,6.0,5.8,153,3264,7,9,10,60,0,0,0,8,0,0,15,691,968.4,948.7,489.0,241.0,37,4.91,6.20,11.11,58.64,0,0,0,0
489,114243,J.Murphy,15,Newcastle,Midfielder,2023/24,5.0,4.8,82,1184,3,8,5,21,0,0,0,1,0,0,4,312,377.8,453.4,270.0,110.0,14,2.23,3.35,5.58,18.42,0,0,0,0
490,180974,Joelinton,15,Newcastle,Midfielder,2023/24,6.0,5.8,45,1276,2,1,3,23,0,0,0,6,0,0,3,209,295.2,314.9,206.0,81.6,15,2.82,1.09,3.91,25.30,0,0,0,0
491,432422,Tonali,15,Newcastle,Midfielder,2023/24,5.5,5.2,16,437,1,0,1,5,0,0,0,2,0,0,0,86,81.8,105.0,50.0,23.8,5,0.62,0.47,1.09,6.66,0,0,0,0
493,180135,Longstaff,11,Leeds,Midfielder,2023/24,5.0,4.8,110,2742,6,3,10,50,0,0,0,7,0,0,3,418,550.0,357.1,479.0,138.8,30,6.76,2.80,9.56,51.59,0,0,0,0
494,200089,Willock,15,Newcastle,Midfielder,2023/24,5.5,5.3,18,415,1,0,1,9,0,0,0,0,0,0,0,60,89.8,92.5,106.0,28.8,5,0.88,0.57,1.45,8.03,0,0,0,0
495,153127,Hayden,15,Newcastle,Midfielder,2023/24,4.5,4.4,0,0,0,0,0,0,0,0,0,0,0,0,0,0,0.0,0.0,0.0,0.0,0,0.00,0.00,0.00,0.00,0,0,0,0
496,564510,Kuol,15,Newcastle,Midfielder,2023/24,4.5,4.5,0,0,0,0,0,0,0,0,0,0,0,0,0,0,0.0,0.0,0.0,0.0,0,0.00,0.00,0.00,0.00,0,0,0,0
497,547719,L.Miley,15,Newcastle,Midfielder,2023/24,4.5,4.5,44,1203,1,3,1,29,0,0,0,1,0,0,1,232,237.4,192.8,136.0,56.7,14,1.22,1.08,2.30,30.20,0,0,0,0
498,461484,White,15,Newcastle,Midfielder,2023/24,4.5,4.5,3,12,0,0,0,0,0,0,0,1,0,0,0,9,0.8,1.1,0.0,0.1,0,0.00,0.00,0.00,0.24,0,0,0,0
499,219168,Isak,12,Liverpool,Forward,2023/24,7.5,8.4,172,2253,21,4,7,41,0,0,1,1,0,0,23,645,877.4,362.5,1054.0,229.3,27,20.22,2.68,22.90,43.41,0,0,0,0
500,538207,Osula,15,Newcastle,Forward,2023/24,4.5,4.2,25,778,0,1,0,23,0,0,0,4,0,0,0,27,27.0,24.9,200.0,24.4,9,1.64,0.15,1.79,20.19,0,0,0,0
502,85633,Sels,16,Nott'm Forest,Goalkeeper,2023/24,4.5,4.5,34,1440,0,0,1,27,0,0,0,1,0,37,1,206,293.2,10.0,0.0,30.3,16,0.00,0.09,0.09,20.50,0,0,0,0
504,224068,Turner,16,Nott'm Forest,Goalkeeper,2023/24,4.0,3.7,41,1530,0,0,2,28,0,0,0,2,0,55,0,278,379.6,0.0,0.0,37.9,17,0.00,0.00,0.00,25.43,0,0,0,0
506,575476,Murillo,16,Nott'm Forest,Defender,2023/24,4.5,4.5,58,2790,0,2,3,56,1,0,0,5,0,0,1,451,678.4,115.0,164.0,95.8,32,1.78,0.64,2.42,42.99,0,0,0,0
507,159506,Aina,16,Nott'm Forest,Defender,2023/24,4.5,4.5,45,1690,1,1,2,39,0,0,0,3,0,0,2,289,312.0,181.7,49.0,54.4,20,0.34,1.01,1.35,29.01,0,0,0,0
508,215136,N.Williams,16,Nott'm Forest,Defender,2023/24,4.5,4.3,39,1630,0,1,1,33,0,0,0,4,0,0,2,224,393.4,195.2,139.0,72.8,18,0.74,1.54,2.28,23.05,0,0,0,0
512,204822,O.Richards,16,Nott'm Forest,Defender,2023/24,4.5,4.4,0,0,0,0,0,0,0,0,0,0,0,0,0,0,0.0,0.0,0.0,0.0,0,0.00,0.00,0.00,0.00,0,0,0,0
514,90585,Boly,16,Nott'm Forest,Defender,2023/24,4.5,4.5,58,1437,2,1,3,26,0,0,0,1,1,0,7,275,480.0,100.5,200.0,78.1,18,1.56,0.77,2.33,26.30,0,0,0,0
515,222531,Gibbs-White,16,Nott'm Forest,Midfielder,2023/24,6.0,5.7,142,3156,5,12,5,59,0,0,0,9,0,0,13,563,703.2,1155.2,495.0,235.6,35,6.65,6.79,13.44,49.08,0,0,0,0
516,209046,Hudson-Odoi,16,Nott'm Forest,Midfielder,2023/24,5.0,4.7,109,1846,8,2,2,41,0,0,0,0,0,0,14,371,489.0,514.2,444.0,145.0,20,2.65,2.02,4.67,28.38,0,0,0,0
517,215379,Anderson,16,Nott'm Forest,Midfielder,2023/24,4.5,4.2,42,1018,0,2,5,14,0,0,0,3,0,0,3,144,187.4,223.7,201.0,61.1,10,1.63,1.25,2.88,12.49,0,0,0,0
519,250199,Dominguez,16,Nott'm Forest,Midfielder,2023/24,5.0,5.0,67,1489,2,2,6,27,0,0,0,4,0,0,6,276,340.4,176.2,187.0,70.6,19,1.30,1.14,2.44,21.20,0,0,0,0
520,243345,O'Brien,16,Nott'm Forest,Midfielder,2023/24,5.0,4.9,0,0,0,0,0,0,0,0,0,0,0,0,0,0,0.0,0.0,0.0,0.0,0,0.00,0.00,0.00,0.00,0,0,0,0
521,210462,Sangaré,16,Nott'm Forest,Midfielder,2023/24,5.0,4.9,25,1031,0,0,4,16,0,0,0,6,0,0,0,89,168.8,112.9,43.0,32.5,13,0.67,0.40,1.07,14.75,0,0,0,0
522,204968,Yates,16,Nott'm Forest,Midfielder,2023/24,5.0,4.8,59,1979,1,1,1,38,0,0,0,6,0,0,1,235,330.4,133.8,258.0,72.1,21,2.78,0.59,3.37,31.96,0,0,0,0
525,60689,Wood,16,Nott'm Forest,Forward,2023/24,5.0,4.7,131,1801,14,1,2,34,0,0,0,0,0,0,22,456,598.2,281.1,795.0,167.4,20,11.71,0.92,12.63,27.19,0,0,0,0
527,210156,Awoniyi,16,Nott'm Forest,Forward,2023/24,6.5,6.3,67,1036,6,3,3,21,0,0,0,2,0,0,5,247,303.2,134.4,308.0,74.2,12,4.85,0.90,5.75,15.61,0,0,0,0
543,535818,Adingra,17,Sunderland,Midfielder,2023/24,5.0,5.0,97,2220,6,1,4,38,0,0,0,3,0,0,8,330,477.6,507.8,751.0,173.4,25,4.19,3.26,7.45,36.64,0,0,0,0
565,184254,Vicario,18,Spurs,Goalkeeper,2023/24,5.0,5.3,112,3420,0,0,7,61,0,0,0,2,0,110,9,730,974.2,0.0,0.0,97.4,38,0.00,0.00,0.00,63.58,0,0,0,0
566,214572,Austin,18,Spurs,Goalkeeper,2023/24,4.0,3.9,0,0,0,0,0,0,0,0,0,0,0,0,0,0,0.0,0.0,0.0,0.0,0,0.00,0.00,0.00,0.00,0,0,0,0
568,441164,Pedro Porro,18,Spurs,Defender,2023/24,5.0,5.9,136,3090,3,8,7,54,0,0,0,3,0,0,20,720,839.0,877.4,365.0,208.5,35,2.92,6.18,9.10,58.42,0,0,0,0
569,221632,Romero,18,Spurs,Defender,2023/24,4.5,5.1,107,2790,5,0,7,46,1,0,0,7,1,0,15,591,841.8,161.9,252.0,125.9,33,3.25,1.41,4.66,52.55,0,0,0,0
571,115556,Davies,18,Spurs,Defender,2023/24,4.5,4.3,34,1085,1,2,1,21,0,0,0,2,0,0,0,216,294.8,81.0,124.0,50.3,12,2.34,0.57,2.91,22.43,0,0,0,0
572,493125,Dragusin,18,Spurs,Defender,2023/24,4.5,4.2,14,424,0,0,1,7,0,0,0,1,0,0,0,82,95.4,7.4,6.0,11.0,4,0.14,0.01,0.15,8.20,0,0,0,0
573,232859,Spence,18,Spurs,Defender,2023/24,4.0,4.0,0,0,0,0,0,0,0,0,0,0,0,0,0,0,0.0,0.0,0.0,0.0,0,0.00,0.00,0.00,0.00,0,0,0,0
574,487053,Udogie,18,Spurs,Defender,2023/24,4.5,4.9,79,2391,2,3,5,43,0,0,0,5,1,0,8,402,534.8,357.9,279.0,117.3,28,2.42,2.36,4.78,48.70,0,0,0,0
575,491279,Van de Ven,18,Spurs,Defender,2023/24,4.5,4.4,81,2341,3,0,5,38,0,0,0,5,0,0,10,501,561.6,56.7,85.0,70.5,27,0.61,0.33,0.94,37.56,0,0,0,0
576,548308,Phillips,18,Spurs,Defender,2023/24,4.0,4.0,0,0,0,0,0,0,0,0,0,0,0,0,0,0,0.0,0.0,0.0,0.0,0,0.00,0.00,0.00,0.00,0,0,0,0
579,85971,Son,18,Spurs,Midfielder,2023/24,9.0,10.0,213,2934,17,10,8,51,1,0,0,1,0,0,25,707,993.2,921.9,1131.0,304.7,34,11.49,7.87,19.36,53.77,0,0,0,0
580,242898,Johnson,8,Crystal Palace,Midfielder,2023/24,6.0,5.8,131,2317,5,12,5,42,0,0,0,3,0,0,9,397,554.4,624.3,782.0,196.3,26,10.36,4.30,14.65,43.97,0,0,0,0
581,172780,Maddison,18,Spurs,Midfielder,2023/24,7.5,7.8,117,2137,4,11,7,31,0,0,0,5,0,0,9,495,630.4,979.5,605.0,221.4,26,6.53,6.21,12.74,32.54,0,0,0,0
582,460842,Kudus,18,Spurs,Midfielder,2023/24,6.5,6.7,137,2485,8,9,3,61,0,0,0,6,0,0,13,476,667.2,472.9,566.0,170.8,27,5.06,3.48,8.54,49.50,0,0,0,0
583,445044,Kulusevski,18,Spurs,Midfielder,2023/24,7.0,6.7,130,2759,8,3,8,46,0,0,0,7,0,0,14,463,698.8,950.4,953.0,260.1,31,4.95,6.37,11.31,49.32,0,0,0,0
585,202993,Bentancur,18,Spurs,Midfielder,2023/24,5.5,5.4,32,997,1,1,1,25,0,0,0,7,0,0,0,153,193.0,174.9,156.0,52.1,13,2.01,1.05,3.06,19.98,0,0,0,0
587,227127,Bissouma,18,Spurs,Midfielder,2023/24,5.0,5.0,44,2070,0,0,7,35,0,0,0,8,2,0,0,315,403.0,279.4,140.0,82.3,26,1.18,1.67,2.85,41.30,0,0,0,0
588,550839,Odobert,18,Spurs,Midfielder,2023/24,5.0,5.0,82,2095,3,4,2,48,0,0,0,3,0,0,3,303,331.0,435.4,445.0,121.1,25,2.75,3.32,6.07,45.35,0,0,0,0
589,235674,Solomon,18,Spurs,Midfielder,2023/24,5.5,5.1,14,196,0,2,0,2,0,0,0,1,0,0,2,53,73.4,144.3,61.0,28.0,2,0.41,0.75,1.16,1.79,0,0,0,0
590,436234,Bryan,18,Spurs,Midfielder,2023/24,5.0,4.9,12,200,0,0,0,11,0,0,0,0,0,0,0,41,28.6,70.1,59.0,15.9,2,0.67,0.24,0.91,7.19,0,0,0,0
592,499721,Moore,18,Spurs,Midfielder,2023/24,4.5,4.5,2,3,0,0,0,0,0,0,0,0,0,0,0,4,1.0,0.5,0.0,0.1,0,0.00,0.00,0.00,0.05,0,0,0,0
593,482442,P.M.Sarr,18,Spurs,Midfielder,2023/24,4.5,4.4,86,2063,3,3,9,27,0,0,0,9,0,0,4,397,406.0,373.3,317.0,110.2,27,3.17,2.09,5.26,34.83,0,0,0,0
596,154566,Solanke,18,Spurs,Forward,2023/24,6.5,6.9,175,3325,19,3,10,61,0,0,1,3,0,0,20,560,902.0,479.6,1348.0,272.7,37,19.64,2.11,21.75,56.58,0,0,0,0
597,212319,Richarlison,18,Spurs,Forward,2023/24,7.0,6.8,122,1481,11,4,7,18,0,0,0,3,0,0,7,305,560.6,208.4,758.0,152.1,18,9.49,1.42,10.91,25.59,0,0,0,0
599,490145,Scarlett,18,Spurs,Forward,2023/24,4.5,4.5,4,19,0,0,0,0,0,0,0,0,0,0,0,10,2.0,0.4,6.0,0.8,0,0.00,0.00,0.00,0.02,0,0,0,0
600,84182,Areola,19,West Ham,Goalkeeper,2023/24,4.0,4.2,116,2700,0,0,4,53,1,2,0,1,0,138,11,598,1023.2,0.0,0.0,102.4,31,0.00,0.00,0.00,54.72,0,0,0,0
601,82143,Foderingham,19,West Ham,Goalkeeper,2023/24,4.5,4.4,70,2648,0,0,1,79,1,0,0,2,0,133,7,531,966.0,10.0,0.0,97.7,29,0.00,0.05,0.05,62.03,0,0,0,0
604,109533,Emerson,19,West Ham,Defender,2023/24,4.5,4.3,82,3138,1,4,5,67,1,0,0,10,0,0,8,519,649.0,400.2,168.0,121.8,35,1.64,2.07,3.71,68.08,0,0,0,0
605,214048,Kilman,19,West Ham,Defender,2023/24,4.5,4.4,82,3420,2,0,5,65,0,0,0,7,0,0,3,592,853.6,233.1,212.0,130.2,38,1.78,1.12,2.90,67.17,0,0,0,0
606,233963,Mavropanos,19,West Ham,Defender,2023/24,4.5,4.5,40,1500,1,0,3,27,2,0,0,2,0,0,3,229,300.2,41.9,112.0,45.3,16,1.19,0.09,1.28,29.36,0,0,0,0
607,210494,N.Aguerd,19,West Ham,Defender,2023/24,4.5,4.4,36,1857,1,0,2,44,0,0,0,1,1,0,0,282,439.4,58.1,145.0,64.4,21,1.37,0.41,1.78,38.79,0,0,0,0
608,536109,Scarles,19,West Ham,Defender,2023/24,4.0,4.0,0,0,0,0,0,0,0,0,0,0,0,0,0,0,0.0,0.0,0.0,0.0,0,0.00,0.00,0.00,0.00,0,0,0,0
610,214590,Wan-Bissaka,19,West Ham,Defender,2023/24,4.5,4.4,47,1778,0,2,3,34,0,0,0,4,0,0,5,323,397.8,196.5,60.0,65.5,20,0.11,1.47,1.58,38.57,0,0,0,0
611,518438,Casey,19,West Ham,Defender,2023/24,4.0,4.0,1,1,0,0,0,0,0,0,0,0,0,0,0,3,2.0,0.0,0.0,0.2,0,0.00,0.00,0.00,0.00,0,0,0,0
612,224024,L.Paquetá,19,West Ham,Midfielder,2023/24,6.0,6.0,100,2627,4,6,4,52,0,0,0,10,0,0,7,398,570.6,722.3,343.0,163.7,31,5.19,4.93,10.12,50.96,0,0,0,0
613,215439,Souček,19,West Ham,Midfielder,2023/24,5.0,4.9,116,2867,7,2,5,64,0,0,0,7,0,0,9,456,751.6,262.5,488.0,150.3,34,6.69,1.14,7.83,62.38,0,0,0,0
614,101178,Ward-Prowse,3,Burnley,Midfielder,2023/24,6.0,5.7,146,3000,7,7,5,65,0,0,0,4,0,0,19,708,831.0,1023.5,324.0,217.5,34,6.23,6.30,12.53,63.29,0,0,0,0
616,213999,Álvarez,19,West Ham,Midfielder,2023/24,5.0,5.0,62,2375,1,1,5,45,0,0,0,11,0,0,3,345,545.8,193.1,89.0,82.7,28,1.37,0.81,2.18,49.85,0,0,0,0
617,149519,Cornet,19,West Ham,Midfielder,2023/24,5.5,5.2,13,109,1,0,0,3,0,0,0,0,0,0,0,40,44.0,48.4,54.0,14.6,1,0.40,0.02,0.42,2.82,0,0,0,0
620,490885,Earthy,19,West Ham,Midfielder,2023/24,4.5,4.5,8,33,1,0,0,0,0,0,0,0,0,0,0,27,32.8,2.0,33.0,6.9,0,0.35,0.00,0.35,0.16,0,0,0,0
622,518442,Orford,19,West Ham,Midfielder,2023/24,4.5,4.5,0,0,0,0,0,0,0,0,0,0,0,0,0,0,0.0,0.0,0.0,0.0,0,0.00,0.00,0.00,0.00,0,0,0,0
624,178186,Bowen,19,West Ham,Forward,2023/24,7.0,7.6,182,3020,16,6,5,63,0,0,0,2,0,0,14,519,890.4,463.8,1130.0,247.8,34,11.96,4.90,16.86,62.39,0,0,0,0
626,565431,Marshall,19,West Ham,Forward,2023/24,4.5,4.5,0,0,0,0,0,0,0,0,0,0,0,0,0,0,0.0,0.0,0.0,0.0,0,0.00,0.00,0.00,0.00,0,0,0,0
627,101982,Johnstone,20,Wolves,Goalkeeper,2023/24,4.5,4.3,68,1796,0,0,6,27,0,0,0,1,0,41,7,310,321.4,0.0,0.0,32.2,20,0.00,0.00,0.00,27.17,0,0,0,0
628,149065,José Sá,20,Wolves,Goalkeeper,2023/24,5.0,5.0,107,3037,0,1,4,58,0,0,0,1,0,134,8,622,1003.4,11.0,0.0,101.6,35,0.00,0.00,0.00,59.38,0,0,0,0
629,79602,Bentley,20,Wolves,Goalkeeper,2023/24,4.0,3.9,18,382,0,0,2,7,0,0,0,0,0,8,1,73,70.8,0.0,0.0,7.1,3,0.00,0.00,0.00,7.79,0,0,0,0
630,138001,King,9,Everton,Goalkeeper,2023/24,4.0,3.9,0,0,0,0,0,0,0,0,0,0,0,0,0,0,0.0,0.0,0.0,0.0,0,0.00,0.00,0.00,0.00,0,0,0,0
632,87835,Doherty,20,Wolves,Defender,2023/24,4.5,4.3,41,1136,1,0,1,21,0,0,0,2,0,0,1,186,237.8,168.1,122.0,52.9,9,0.89,0.86,1.75,23.16,0,0,0,0
633,490721,H.Bueno,20,Wolves,Defender,2023/24,4.5,4.4,29,727,0,0,2,16,1,0,0,1,0,0,0,136,139.4,122.1,30.0,29.0,7,0.31,0.68,0.99,12.99,0,0,0,0
634,501837,Mosquera,20,Wolves,Defender,2023/24,4.0,4.0,0,0,0,0,0,0,0,0,0,0,0,0,0,0,0.0,0.0,0.0,0.0,0,0.00,0.00,0.00,0.00,0,0,0,0
636,231480,S.Bueno,20,Wolves,Defender,2023/24,4.5,4.5,13,819,0,0,0,18,0,0,0,1,0,0,0,124,173.8,27.1,2.0,20.3,9,0.00,0.01,0.01,20.71,0,0,0,0
637,510362,Toti,20,Wolves,Defender,2023/24,4.5,4.4,82,2771,1,4,4,49,0,0,0,7,0,0,6,468,550.0,117.7,167.0,83.7,31,1.62,0.63,2.25,53.46,0,0,0,0
638,441271,Hoever,20,Wolves,Defender,2023/24,4.0,4.0,0,0,0,0,0,0,0,0,0,0,0,0,0,0,0.0,0.0,0.0,0.0,0,0.00,0.00,0.00,0.00,0,0,0,0
642,184754,Hee Chan,20,Wolves,Midfielder,2023/24,5.5,5.4,125,2116,12,3,3,37,0,0,0,6,0,0,10,334,534.2,259.9,614.0,140.7,25,7.53,2.84,10.37,38.86,0,0,0,0
644,231057,Bellegarde,20,Wolves,Midfielder,2023/24,5.0,4.9,45,948,2,2,0,24,0,0,0,0,1,0,1,150,189.8,170.1,163.0,52.2,10,1.35,0.76,2.11,26.15,0,0,0,0
646,448089,J.Gomes,20,Wolves,Midfielder,2023/24,5.0,4.9,75,2646,2,2,4,51,0,0,0,11,0,0,3,359,493.2,372.3,196.0,106.1,32,1.82,1.76,3.58,53.05,0,0,0,0
647,181284,Guedes,20,Wolves,Midfielder,2023/24,5.5,5.4,0,0,0,0,0,0,0,0,0,0,0,0,0,0,0.0,0.0,0.0,0.0,0,0.00,0.00,0.00,0.00,0,0,0,0
649,476502,B.Traore,20,Wolves,Midfielder,2023/24,4.5,4.3,25,802,0,0,0,23,0,0,0,4,0,0,0,122,114.4,106.5,27.0,25.2,7,0.28,0.33,0.61,18.74,0,0,0,0
650,497606,Chirewa,20,Wolves,Midfielder,2023/24,4.5,4.4,8,138,0,0,0,2,0,0,0,1,0,0,0,21,22.0,24.7,21.0,6.6,1,0.16,0.07,0.23,1.45,0,0,0,0
652,593001,Gonzalez,20,Wolves,Midfielder,2023/24,5.0,5.0,1,1,0,0,0,0,0,0,0,0,0,0,0,3,0.2,0.8,0.0,0.1,0,0.00,0.00,0.00,0.00,0,0,0,0
653,240299,Hodge,20,Wolves,Midfielder,2023/24,4.5,4.4,0,0,0,0,0,0,0,0,0,0,0,0,0,0,0.0,0.0,0.0,0.0,0,0.00,0.00,0.00,0.00,0,0,0,0
655,449988,Fábio Silva,20,Wolves,Forward,2023/24,5.5,5.2,8,259,0,0,1,8,0,0,0,2,0,0,0,7,25.2,51.6,93.0,16.9,3,1.12,0.09,1.21,7.20,0,0,0,0
656,429414,Kalajdžić,20,Wolves,Forward,2023/24,5.0,4.9,24,158,2,0,1,2,0,0,0,0,0,0,4,88,94.0,48.7,66.0,20.7,1,1.01,0.26,1.27,2.57,0,0,0,0
657,589507,Chiwome,20,Wolves,Forward,2023/24,4.5,4.5,5,173,0,0,0,4,0,0,0,0,0,0,0,12,7.8,1.2,13.0,2.2,2,0.10,0.02,0.12,1.89,0,0,0,0
658,531363,Fraser,20,Wolves,Forward,2023/24,4.5,4.5,7,183,0,0,1,3,0,0,0,1,0,0,0,17,22.4,29.2,36.0,8.6,1,0.32,0.06,0.38,3.25,0,0,0,0
668,84450,Xhaka,17,Sunderland,Midfielder,2023/24,6.0,6.0,0,0,0,0,0,0,0,0,0,0,0,0,0,0,0.0,0.0,0.0,0.0,0,0.00,0.00,0.00,0.00,0,0,0,0
671,75115,Wilson,19,West Ham,Forward,2023/24,8.0,7.8,69,981,9,1,6,15,0,0,0,3,0,0,4,246,366.2,110.3,563.0,103.2,9,8.96,0.54,9.50,13.12,0,0,0,0
673,154296,J.Palhinha,18,Spurs,Midfielder,2023/24,5.0,5.0,91,2698,4,1,9,46,0,0,0,13,0,0,8,387,659.2,219.0,365.0,124.5,31,3.39,0.99,4.38,49.59,0,0,0,0
674,225321,Ramsdale,15,Newcastle,Goalkeeper,2023/24,5.0,4.5,20,540,0,0,2,5,0,0,0,0,0,9,0,90,73.2,0.0,0.0,7.3,6,0.00,0.01,0.01,5.81,0,0,0,0
676,503714,Ugochukwu,3,Burnley,Midfielder,2023/24,4.5,4.4,13,296,0,0,1,6,0,0,0,2,0,0,0,62,60.8,44.4,4.0,10.9,3,0.00,0.14,0.14,7.59,0,0,0,0
680,440323,Broja,3,Burnley,Forward,2023/24,5.0,4.9,35,529,1,2,3,9,0,0,0,0,0,0,0,72,75.6,70.3,152.0,29.0,6,2.24,0.23,2.47,8.40,0,0,0,0
688,481283,Wright,2,Aston Villa,Goalkeeper,2023/24,4.0,4.0,0,0,0,0,0,0,0,0,0,0,0,0,0,0,0.0,0.0,0.0,0.0,0,0.00,0.00,0.00,0.00,0,0,0,0
691,177815,Calvert-Lewin,11,Leeds,Forward,2023/24,6.0,5.8,101,2166,7,3,13,27,0,0,0,2,0,0,9,259,403.0,255.6,901.0,154.8,26,12.86,1.58,14.43,31.91,0,0,0,0
699,230046,Douglas Luiz,2,Aston Villa,Midfielder,2023/24,5.5,5.4,148,2994,9,5,6,57,0,0,0,12,0,0,25,666,761.8,867.0,381.0,201.1,35,6.69,4.86,11.55,52.79,0,0,0,0
703,564505,Proctor,2,Aston Villa,Goalkeeper,2023/24,4.0,4.0,0,0,0,0,0,0,0,0,0,0,0,0,0,0,0.0,0.0,0.0,0.0,0,0.00,0.00,0.00,0.00,0,0,0,0
704,461446,Onyango,9,Everton,Midfielder,2023/24,4.5,4.4,1,1,0,0,0,0,0,0,0,0,0,0,0,3,0.0,0.0,0.0,0.0,0,0.00,0.00,0.00,0.00,0,0,0,0
705,491745,Campbell,9,Everton,Defender,2023/24,4.0,4.0,0,0,0,0,0,0,0,0,0,0,0,0,0,0,0.0,0.0,0.0,0.0,0,0.00,0.00,0.00,0.00,0,0,0,0
719,184667,Lindelöf,2,Aston Villa,Defender,2023/24,4.5,4.5,62,1328,1,1,5,16,0,0,0,2,0,0,7,291,263.8,125.9,105.0,49.6,14,0.69,0.43,1.12,25.99,0,0,0,0
735,110504,Traoré,17,Sunderland,Midfielder,2023/24,5.0,5.0,2,10,0,0,0,0,0,0,0,0,0,0,0,6,3.0,0.0,0.0,0.3,0,0.00,0.00,0.00,0.77,0,0,0,0
738,37096,Fabianski,19,West Ham,Goalkeeper,2023/24,4.5,4.2,24,721,0,0,1,21,0,0,0,0,0,33,1,152,245.6,0.0,0.0,24.6,7,0.00,0.00,0.00,17.00,0,0,0,0
748,183656,Dasilva,5,Brentford,Midfielder,2023/24,5.0,4.7,3,22,0,0,0,0,0,0,0,0,0,0,0,6,6.8,15.4,14.0,3.6,0,0.00,0.23,0.23,0.10,0,0,0,0
777,514362,Ojinnaka,20,Wolves,Midfielder,2023/24,4.5,4.5,0,0,0,0,0,0,0,0,0,0,0,0,0,0,0.0,0.0,0.0,0.0,0,0.00,0.00,0.00,0.00,0,0,0,0
782,40383,Forster,4,Bournemouth,Goalkeeper,2023/24,4.0,3.8,0,0,0,0,0,0,0,0,0,0,0,0,0,0,0.0,0.0,0.0,0.0,0,0.00,0.00,0.00,0.00,0,0,0,0
783,60307,Groß,6,Brighton,Midfielder,2023/24,6.5,6.1,153,3112,4,11,7,50,0,0,0,6,0,0,29,724,988.6,1674.9,434.0,309.9,34,6.40,8.89,15.29,51.16,0,0,0,0
796,232787,Gallagher,18,Spurs,Midfielder,2023/24,5.5,5.4,129,3129,5,8,8,56,0,0,0,7,1,0,10,618,754.8,821.5,401.0,197.4,37,4.01,3.53,7.54,52.43,0,0,0,0
803,499857,Sharman-Lowe,7,Chelsea,Goalkeeper,2023/24,4.0,4.0,0,0,0,0,0,0,0,0,0,0,0,0,0,0,0.0,0.0,0.0,0.0,0,0.00,0.00,0.00,0.00,0,0,0,0
815,220362,Disasi,19,West Ham,Defender,2023/24,5.0,4.9,71,2579,2,0,5,50,1,0,0,6,0,0,6,468,573.2,105.5,172.0,85.1,29,2.35,1.46,3.81,43.96,0,0,0,0
1,154561,Raya,1,Arsenal,Goalkeeper,2024/25,5.5,5.6,142,3420,0,0,13,34,0,0,0,3,0,86,10,555,755.4,10.7,0.0,76.7,38,0.00,0.03,0.03,35.03,0,0,0,0
2,109745,Arrizabalaga,1,Arsenal,Goalkeeper,2024/25,4.5,4.6,106,2790,0,0,8,39,0,0,0,3,0,97,7,406,744.4,10.4,4.0,75.8,31,0.06,0.03,0.09,38.83,0,0,0,0
3,463748,Hein,1,Arsenal,Goalkeeper,2024/25,4.0,4.0,0,0,0,0,0,0,0,0,0,0,0,0,0,0,0.0,0.0,0.0,0.0,0,0.00,0.00,0.00,0.00,0,0,0,0
4,551221,Setford,1,Arsenal,Goalkeeper,2024/25,4.5,4.5,0,0,0,0,0,0,0,0,0,0,0,0,0,0,0.0,0.0,0.0,0.0,0,0.00,0.00,0.00,0.00,0,0,0,0
5,226597,Gabriel,1,Arsenal,Defender,2024/25,6.0,6.1,117,2363,3,2,10,22,0,0,0,4,0,0,9,459,584.6,208.8,287.0,108.2,28,2.70,1.21,3.91,23.09,0,159,0,0
6,462424,Saliba,1,Arsenal,Defender,2024/25,6.0,6.4,130,3039,2,0,12,29,0,0,0,2,1,0,14,564,672.6,150.1,116.0,94.2,35,2.42,1.28,3.70,30.32,0,216,0,0
7,466075,Calafiori,1,Arsenal,Defender,2024/25,6.0,5.8,39,978,2,1,1,12,0,0,0,4,0,0,1,142,252.6,118.2,176.0,54.6,11,0.86,0.69,1.55,10.28,0,66,0,0
8,445122,J.Timber,1,Arsenal,Defender,2024/25,5.5,5.5,114,2415,1,3,11,21,0,0,0,7,0,0,9,426,393.0,296.8,254.0,94.2,27,1.23,1.30,2.53,21.09,0,125,0,0
9,440854,Kiwior,1,Arsenal,Defender,2024/25,5.0,4.9,43,1117,1,0,3,15,0,0,0,1,0,0,2,178,267.2,91.3,32.0,39.2,10,0.17,0.29,0.46,14.71,0,93,0,0
10,499169,Lewis-Skelly,1,Arsenal,Defender,2024/25,4.5,4.5,37,1362,1,0,5,16,0,0,0,3,2,0,0,237,176.0,170.7,57.0,40.0,15,0.16,0.51,0.67,16.65,0,54,0,0
11,198869,White,1,Arsenal,Defender,2024/25,6.5,6.2,50,1195,0,2,5,13,0,0,0,2,0,0,0,211,247.6,162.6,100.0,51.0,13,0.46,1.30,1.76,16.88,0,82,0,0
12,206325,Zinchenko,16,Nott'm Forest,Defender,2024/25,5.0,4.8,40,518,0,1,4,1,0,0,0,1,0,0,2,141,83.4,92.8,66.0,24.1,5,0.65,0.52,1.17,3.21,0,21,0,0
13,563324,Clarke,1,Arsenal,Defender,2024/25,4.0,4.0,0,0,0,0,0,0,0,0,0,0,0,0,0,0,0.0,0.0,0.0,0.0,0,0.00,0.00,0.00,0.00,0,0,0,0
14,588793,Kacurri,1,Arsenal,Defender,2024/25,4.0,4.0,0,0,0,0,0,0,0,0,0,0,0,0,0,0,0.0,0.0,0.0,0.0,0,0.00,0.00,0.00,0.00,0,0,0,0
15,499167,Nichols,1,Arsenal,Defender,2024/25,4.0,4.0,0,0,0,0,0,0,0,0,0,0,0,0,0,0,0.0,0.0,0.0,0.0,0,0.00,0.00,0.00,0.00,0,0,0,0
16,223340,Saka,1,Arsenal,Midfielder,2024/25,10.0,10.4,127,1724,6,11,7,21,0,0,0,3,0,0,18,508,606.0,842.8,830.0,227.9,20,6.87,7.78,14.65,17.72,0,108,0,0
17,184029,Ødegaard,1,Arsenal,Midfielder,2024/25,8.5,8.2,116,2321,3,9,11,21,0,0,0,4,0,0,11,529,524.6,968.7,493.0,198.8,26,4.85,6.68,11.53,22.16,0,127,0,0
18,248857,Madueke,1,Arsenal,Midfielder,2024/25,6.5,6.0,120,2028,7,5,6,28,0,0,0,3,0,0,12,425,479.2,475.1,998.0,195.3,27,9.62,2.86,12.48,29.55,0,129,0,0
19,444145,Martinelli,1,Arsenal,Midfielder,2024/25,7.0,6.5,125,2284,8,4,10,25,0,0,0,1,0,0,6,422,559.8,587.8,912.0,206.1,25,7.13,4.46,11.59,26.22,0,122,0,0
20,116216,Trossard,1,Arsenal,Midfielder,2024/25,7.0,6.7,152,2546,8,8,11,27,0,0,0,2,1,0,18,561,609.0,617.6,798.0,202.1,28,6.74,4.12,10.86,24.76,0,158,0,0
21,204480,Rice,1,Arsenal,Midfielder,2024/25,6.5,6.3,127,2823,4,7,11,29,0,0,0,5,1,0,17,627,733.0,959.6,399.0,208.8,33,3.51,5.64,9.14,27.13,0,297,0,0
22,195384,Merino,1,Arsenal,Midfielder,2024/25,6.0,6.0,92,1575,7,2,4,17,0,0,0,2,1,0,8,326,456.8,265.8,511.0,123.3,17,5.75,1.18,6.93,15.71,0,175,0,0
23,438098,Fábio Vieira,1,Arsenal,Midfielder,2024/25,5.5,5.4,0,0,0,0,0,0,0,0,0,0,0,0,0,0,0.0,0.0,0.0,0.0,0,0.00,0.00,0.00,0.00,0,0,0,0
24,128295,Nørgaard,1,Arsenal,Midfielder,2024/25,5.0,4.8,107,2820,5,5,6,45,0,0,0,8,1,0,7,580,735.4,333.0,409.0,147.9,34,4.23,1.38,5.61,44.54,0,405,0,0
25,499175,Nwaneri,1,Arsenal,Midfielder,2024/25,4.5,4.3,66,882,4,2,4,4,0,0,0,1,0,0,4,251,293.2,282.8,255.0,83.0,11,1.19,1.78,2.97,5.38,0,53,0,0
27,200641,Nelson,5,Brentford,Midfielder,2024/25,5.0,5.0,27,483,1,1,1,9,0,0,0,1,0,0,2,143,131.6,223.9,195.0,55.1,5,1.07,0.96,2.03,6.13,0,45,0,0
28,588796,Kabia,1,Arsenal,Midfielder,2024/25,4.5,4.5,0,0,0,0,0,0,0,0,0,0,0,0,0,0,0.0,0.0,0.0,0.0,0,0.00,0.00,0.00,0.00,0,0,0,0
30,219847,Havertz,1,Arsenal,Forward,2024/25,8.0,7.7,97,1872,9,3,7,20,0,0,0,5,0,0,14,343,467.6,269.0,711.0,144.8,21,9.53,1.65,11.18,19.32,0,99,0,0
31,205651,G.Jesus,1,Arsenal,Forward,2024/25,7.0,6.5,42,600,3,2,2,5,0,0,0,4,0,0,6,152,154.4,119.5,255.0,52.6,6,3.05,0.52,3.57,5.82,0,50,0,0
32,98980,Martinez,2,Aston Villa,Goalkeeper,2024/25,5.0,5.0,111,3195,0,0,8,47,0,1,0,5,1,100,6,457,839.6,20.0,0.0,86.0,37,0.00,0.02,0.02,44.99,0,0,0,0
34,462492,Gauci,2,Aston Villa,Goalkeeper,2024/25,4.0,4.0,0,0,0,0,0,0,0,0,0,0,0,0,0,0,0.0,0.0,0.0,0.0,0,0.00,0.00,0.00,0.00,0,0,0,0
35,462381,Marschall,2,Aston Villa,Goalkeeper,2024/25,4.0,4.0,0,0,0,0,0,0,0,0,0,0,0,0,0,0,0.0,0.0,0.0,0.0,0,0.00,0.00,0.00,0.00,0,0,0,0
36,199796,Cash,2,Aston Villa,Defender,2024/25,4.5,4.4,76,2069,1,1,7,22,0,0,0,7,0,0,2,286,359.2,181.0,171.0,71.3,24,0.48,1.23,1.71,28.64,0,145,0,0
37,101188,Digne,2,Aston Villa,Defender,2024/25,4.5,4.4,89,2348,0,5,6,36,0,0,0,4,0,0,7,383,512.6,583.9,112.0,120.7,28,0.80,3.97,4.77,34.94,0,178,0,0
38,199798,Konsa,2,Aston Villa,Defender,2024/25,4.5,4.5,103,2936,2,0,8,45,0,0,0,1,0,0,10,448,532.8,123.9,166.0,82.4,33,1.29,0.61,1.90,43.82,0,176,0,0
39,441302,Maatsen,2,Aston Villa,Defender,2024/25,5.0,4.5,57,1125,1,2,3,16,0,0,0,2,0,0,0,204,252.0,293.4,197.0,74.3,10,0.87,2.43,3.30,17.31,0,71,0,0
40,149484,Mings,2,Aston Villa,Defender,2024/25,4.5,4.4,47,1119,0,1,4,11,0,0,0,1,0,0,5,207,220.4,49.2,74.0,34.6,12,0.88,0.23,1.11,13.20,0,84,0,0
41,244954,Pau,2,Aston Villa,Defender,2024/25,4.5,4.2,55,2019,0,0,5,33,0,0,0,2,0,0,3,254,350.6,84.5,102.0,54.0,23,0.51,0.43,0.94,29.69,0,116,0,0
42,606798,A.García,2,Aston Villa,Defender,2024/25,4.5,4.5,8,316,0,0,0,5,0,0,0,0,0,0,0,26,45.6,68.4,7.0,12.0,5,0.04,0.49,0.53,6.49,0,19,0,0
43,106468,Alex Moreno,2,Aston Villa,Defender,2024/25,4.5,4.2,34,952,0,1,3,16,0,0,0,2,0,0,1,126,200.8,134.5,29.0,36.4,11,0.17,1.10,1.27,13.94,0,83,0,0
44,515597,Bogarde,2,Aston Villa,Defender,2024/25,4.0,3.9,6,473,0,0,0,11,0,0,0,2,0,0,0,22,84.8,33.3,15.0,13.3,5,0.04,0.13,0.17,9.28,0,30,0,0
45,514315,Sousa,2,Aston Villa,Defender,2024/25,4.0,4.0,0,0,0,0,0,0,0,0,0,0,0,0,0,0,0.0,0.0,0.0,0.0,0,0.00,0.00,0.00,0.00,0,0,0,0
47,244850,Rogers,2,Aston Villa,Midfielder,2024/25,5.0,5.8,161,3115,8,11,10,40,0,0,0,10,0,0,15,534,731.6,722.7,689.0,214.3,37,6.49,5.24,11.73,43.70,0,193,0,0
48,166989,Tielemans,2,Aston Villa,Midfielder,2024/25,5.5,5.5,121,3025,3,7,7,46,0,0,1,4,0,0,15,686,799.6,963.1,333.0,209.6,35,3.31,5.83,9.14,43.87,0,314,0,0
49,215711,Bailey,2,Aston Villa,Midfielder,2024/25,6.5,6.2,47,1132,1,2,2,19,0,0,0,3,0,0,2,174,146.4,235.8,325.0,70.3,14,1.73,2.92,4.65,13.91,0,77,0,0
50,195546,Buendía,2,Aston Villa,Midfielder,2024/25,5.5,5.1,11,89,0,0,0,2,0,0,0,1,0,0,0,37,16.4,23.2,16.0,5.2,0,0.65,0.03,0.68,2.27,0,16,0,0
51,469247,Iling Jr,2,Aston Villa,Midfielder,2024/25,5.5,5.4,0,0,0,0,0,0,0,0,0,0,0,0,0,0,0.0,0.0,0.0,0.0,0,0.00,0.00,0.00,0.00,0,0,0,0
52,232653,J.Ramsey,15,Newcastle,Midfielder,2024/25,5.5,5.4,66,1616,1,4,5,26,0,0,0,2,1,0,3,265,235.4,307.9,245.0,78.7,19,1.59,2.18,3.77,23.99,0,133,0,0
53,204646,Malen,2,Aston Villa,Midfielder,2024/25,5.5,5.3,34,296,3,0,0,6,0,0,0,0,0,0,3,112,138.2,42.7,208.0,38.5,2,2.15,0.15,2.30,4.77,0,17,0,0
54,122806,McGinn,2,Aston Villa,Midfielder,2024/25,5.5,5.2,78,2217,1,4,8,34,0,0,0,7,0,0,1,360,277.2,500.6,263.0,103.7,27,3.10,2.70,5.80,35.03,0,163,0,0
55,88894,Barkley,2,Aston Villa,Midfielder,2024/25,5.5,5.2,44,567,3,1,1,10,0,0,0,3,0,0,5,166,215.4,128.1,206.0,54.8,3,1.79,0.43,2.22,6.32,0,75,0,0
56,491287,Barrenechea,2,Aston Villa,Midfielder,2024/25,5.0,4.9,0,0,0,0,0,0,0,0,0,0,0,0,0,0,0.0,0.0,0.0,0.0,0,0.00,0.00,0.00,0.00,0,0,0,0
57,461421,Dobbin,2,Aston Villa,Midfielder,2024/25,5.0,5.0,0,0,0,0,0,0,0,0,0,0,0,0,0,0,0.0,0.0,0.0,0.0,0,0.00,0.00,0.00,0.00,0,0,0,0
58,226944,Kamara,2,Aston Villa,Midfielder,2024/25,5.0,5.0,57,1720,1,0,6,22,0,0,0,2,0,0,3,296,326.6,191.0,83.0,60.2,20,0.82,0.83,1.65,23.03,0,210,0,0
59,449871,Onana,2,Aston Villa,Midfielder,2024/25,5.0,4.8,65,1613,3,0,6,23,0,0,0,4,0,0,5,324,358.0,194.8,215.0,77.0,20,2.12,0.84,2.96,23.66,0,200,0,0
60,577731,Broggio,2,Aston Villa,Midfielder,2024/25,4.5,4.5,0,0,0,0,0,0,0,0,0,0,0,0,0,0,0.0,0.0,0.0,0.0,0,0.00,0.00,0.00,0.00,0,0,0,0
61,151589,Dendoncker,2,Aston Villa,Midfielder,2024/25,4.5,4.5,0,0,0,0,0,0,0,0,0,0,0,0,0,0,0.0,0.0,0.0,0.0,0,0.00,0.00,0.00,0.00,0,0,0,0
62,559962,Jimoh-Aloba,2,Aston Villa,Midfielder,2024/25,4.5,4.5,0,0,0,0,0,0,0,0,0,0,0,0,0,0,0.0,0.0,0.0,0.0,0,0.00,0.00,0.00,0.00,0,0,0,0
63,537403,Young,2,Aston Villa,Midfielder,2024/25,4.5,4.4,0,0,0,0,0,0,0,0,0,0,0,0,0,0,0.0,0.0,0.0,0.0,0,0.00,0.00,0.00,0.00,0,0,0,0
64,178301,Watkins,2,Aston Villa,Forward,2024/25,9.0,9.2,186,2593,16,8,10,40,0,0,0,2,0,0,32,631,766.0,345.2,1148.0,223.8,31,15.12,2.07,17.19,38.62,0,78,0,0
66,69752,Neto,4,Bournemouth,Goalkeeper,2024/25,4.5,4.1,7,180,0,0,0,2,0,0,0,0,0,11,0,30,77.8,0.0,0.0,7.8,2,0.00,0.00,0.00,2.91,0,0,0,0
67,457569,Petrović,4,Bournemouth,Goalkeeper,2024/25,4.5,4.4,0,0,0,0,0,0,0,0,0,0,0,0,0,0,0.0,0.0,0.0,0.0,0,0.00,0.00,0.00,0.00,0,0,0,0
68,444172,Dennis,4,Bournemouth,Goalkeeper,2024/25,4.0,3.9,0,0,0,0,0,0,0,0,0,0,0,0,0,0,0.0,0.0,0.0,0.0,0,0.00,0.00,0.00,0.00,0,0,0,0
69,568791,McKenna,4,Bournemouth,Goalkeeper,2024/25,4.0,4.0,0,0,0,0,0,0,0,0,0,0,0,0,0,0,0.0,0.0,0.0,0.0,0,0.00,0.00,0.00,0.00,0,0,0,0
70,495145,Paulsen,4,Bournemouth,Goalkeeper,2024/25,4.0,4.0,0,0,0,0,0,0,0,0,0,0,0,0,0,0,0.0,0.0,0.0,0.0,0,0.00,0.00,0.00,0.00,0,0,0,0
71,477580,Zabarnyi,4,Bournemouth,Defender,2024/25,4.5,4.4,94,3109,0,1,8,42,0,0,0,4,1,0,8,429,651.4,177.0,88.0,92.0,35,1.20,0.76,1.96,42.54,0,292,0,0
72,221466,Senesi,4,Bournemouth,Defender,2024/25,5.0,4.6,31,1103,0,0,2,17,0,0,0,5,0,0,3,114,271.6,84.2,39.0,39.6,13,0.84,0.48,1.32,14.76,0,118,0,0
73,54469,Smith,4,Bournemouth,Defender,2024/25,4.5,4.4,57,1586,0,0,6,18,0,0,0,7,0,0,0,161,181.8,147.2,24.0,35.0,19,0.65,0.68,1.33,19.04,0,82,0,0
75,541462,Akinmboni,4,Bournemouth,Defender,2024/25,4.0,4.0,0,0,0,0,0,0,0,0,0,0,0,0,0,0,0.0,0.0,0.0,0.0,0,0.00,0.00,0.00,0.00,0,0,0,0
77,463981,Hill,4,Bournemouth,Defender,2024/25,4.0,3.9,17,443,0,1,1,9,0,0,0,1,0,0,0,55,97.0,38.4,29.0,16.6,6,0.29,0.25,0.54,8.54,0,55,0,0
78,436893,J.Araujo,4,Bournemouth,Defender,2024/25,4.5,4.3,12,492,0,0,0,10,0,0,0,2,0,0,0,20,56.8,30.6,4.0,9.2,7,0.00,0.10,0.10,9.69,0,32,0,0
79,223911,Mepham,4,Bournemouth,Defender,2024/25,4.5,4.4,0,0,0,0,0,0,0,0,0,0,0,0,0,0,0.0,0.0,0.0,0.0,0,0.00,0.00,0.00,0.00,0,0,0,0
80,575901,Soler,4,Bournemouth,Defender,2024/25,4.0,3.9,3,9,0,0,0,1,0,0,0,0,0,0,0,8,2.2,1.8,0.0,0.4,0,0.00,0.00,0.00,0.08,0,1,0,0
81,222683,Kluivert,4,Bournemouth,Midfielder,2024/25,5.5,5.9,158,2339,12,6,13,29,0,0,0,8,0,0,14,532,700.0,654.1,771.0,212.0,29,10.05,3.66,13.71,32.60,0,138,0,0
82,437730,Semenyo,13,Man City,Midfielder,2024/25,5.5,5.7,165,3202,11,7,11,41,0,0,0,9,0,0,14,571,792.2,688.9,1204.0,267.8,36,9.51,4.43,13.94,44.18,0,267,0,0
83,533463,O.Dango,5,Brentford,Midfielder,2024/25,5.0,4.5,111,1998,7,4,7,23,0,0,0,3,0,0,7,432,624.6,496.8,754.0,187.2,21,8.42,3.24,11.66,31.96,0,196,0,0
84,201658,Tavernier,4,Bournemouth,Midfielder,2024/25,5.5,5.4,87,1932,3,7,4,29,0,0,0,6,0,0,4,362,447.0,664.8,442.0,155.4,20,5.51,3.65,9.16,25.42,0,179,0,0
85,200785,Adams,4,Bournemouth,Midfielder,2024/25,5.0,4.9,58,1959,0,3,6,30,0,0,0,7,0,0,1,315,411.8,261.2,83.0,75.9,21,1.33,0.76,2.09,29.26,0,276,0,0
86,111317,Brooks,4,Bournemouth,Midfielder,2024/25,5.0,4.9,52,941,2,1,3,12,0,0,0,3,0,0,2,204,193.6,316.7,300.0,80.4,9,2.58,2.02,4.60,15.03,0,80,0,0
87,158499,Christie,4,Bournemouth,Midfielder,2024/25,5.0,4.8,76,2114,2,3,8,28,0,0,0,9,0,0,5,435,514.0,576.8,303.0,139.6,27,2.14,2.90,5.04,30.17,0,326,0,0
88,155408,Cook,4,Bournemouth,Midfielder,2024/25,5.0,5.0,82,2976,1,4,5,44,0,0,0,8,1,0,3,500,607.0,727.1,114.0,144.9,32,0.94,3.76,4.70,45.25,0,386,0,0
89,168991,Philip,4,Bournemouth,Midfielder,2024/25,5.0,4.8,10,176,0,0,0,4,0,0,0,1,0,0,0,52,54.0,102.4,47.0,20.4,1,0.55,0.97,1.52,3.35,0,35,0,0
90,503139,Scott,4,Bournemouth,Midfielder,2024/25,5.0,4.7,26,745,0,0,3,8,0,0,0,3,0,0,0,132,141.6,171.6,118.0,43.2,8,0.73,1.00,1.73,10.14,0,104,0,0
91,224995,Sinisterra,4,Bournemouth,Midfielder,2024/25,5.0,4.8,23,229,1,1,0,4,0,0,0,0,0,0,2,90,112.0,115.3,195.0,42.3,1,1.18,1.29,2.47,4.08,0,32,0,0
92,441240,Faivre,4,Bournemouth,Midfielder,2024/25,5.0,5.0,0,0,0,0,0,0,0,0,0,0,0,0,0,0,0.0,0.0,0.0,0.0,0,0.00,0.00,0.00,0.00,0,0,0,0
93,424044,H.Traorè,4,Bournemouth,Midfielder,2024/25,4.5,4.5,0,0,0,0,0,0,0,0,0,0,0,0,0,0,0.0,0.0,0.0,0.0,0,0.00,0.00,0.00,0.00,0,0,0,0
94,550596,Sadi,4,Bournemouth,Midfielder,2024/25,4.5,4.5,0,0,0,0,0,0,0,0,0,0,0,0,0,0,0.0,0.0,0.0,0.0,0,0.00,0.00,0.00,0.00,0,0,0,0
95,530121,Silcott-Duberry,4,Bournemouth,Midfielder,2024/25,4.5,4.5,1,1,0,0,0,0,0,0,0,0,0,0,0,5,2.0,1.0,0.0,0.3,0,0.00,0.00,0.00,0.04,0,1,0,0
96,606775,Winterburn,4,Bournemouth,Midfielder,2024/25,4.5,4.5,4,22,0,0,0,0,0,0,0,0,0,0,0,14,2.4,0.2,2.0,0.4,0,0.00,0.00,0.00,0.16,0,4,0,0
97,444102,Evanilson,4,Bournemouth,Forward,2024/25,6.0,5.9,128,2317,10,5,11,30,0,0,1,1,1,0,20,487,456.0,331.9,966.0,174.8,28,12.47,1.74,14.21,26.78,0,107,0,0
98,168636,Enes Ünal,4,Bournemouth,Forward,2024/25,5.5,5.4,32,330,2,1,2,3,0,0,0,2,0,0,4,97,104.0,56.1,207.0,35.9,2,2.73,0.26,2.99,6.38,0,23,0,0
99,590760,Adu-Adjei,4,Bournemouth,Forward,2024/25,4.5,4.5,0,0,0,0,0,0,0,0,0,0,0,0,0,0,0.0,0.0,0.0,0.0,0,0.00,0.00,0.00,0.00,0,0,0,0
101,200720,Kelleher,5,Brentford,Goalkeeper,2024/25,4.5,3.9,45,900,0,0,4,12,0,1,0,0,0,27,1,156,224.2,0.0,0.0,22.4,10,0.00,0.00,0.00,11.09,0,0,0,0
104,535017,Eyestone,5,Brentford,Goalkeeper,2024/25,4.0,4.0,0,0,0,0,0,0,0,0,0,0,0,0,0,0,0.0,0.0,0.0,0.0,0,0.00,0.00,0.00,0.00,0,0,0,0
105,507433,Valdimarsson,5,Brentford,Goalkeeper,2024/25,4.0,3.9,2,144,0,0,0,2,0,0,0,0,0,3,0,14,21.4,0.1,0.0,2.1,1,0.00,0.00,0.00,1.49,0,0,0,0
106,432830,Collins,5,Brentford,Defender,2024/25,4.5,4.6,127,3420,2,7,8,57,0,0,0,5,0,0,11,549,1023.2,160.5,311.0,149.6,38,2.44,1.57,4.01,56.31,0,351,0,0
107,249231,Lewis-Potter,5,Brentford,Defender,2024/25,5.0,5.0,94,3092,1,5,8,49,0,0,0,7,0,0,0,460,542.0,462.2,391.0,139.9,36,2.96,4.94,7.90,50.62,0,146,0,0
108,191866,Ajer,5,Brentford,Defender,2024/25,4.5,4.4,39,1433,0,0,3,25,0,0,0,5,0,0,0,120,199.0,128.1,158.0,48.5,17,0.97,0.48,1.45,21.70,0,89,0,0
109,194010,Henry,5,Brentford,Defender,2024/25,4.5,4.3,4,94,0,0,0,3,0,0,0,0,0,0,0,5,13.6,2.1,2.0,1.7,0,0.00,0.01,0.01,2.16,0,6,0,0
110,607464,Kayode,5,Brentford,Defender,2024/25,4.5,4.5,27,523,0,1,2,5,0,0,0,2,0,0,0,115,105.2,105.2,30.0,24.2,6,0.19,0.70,0.89,6.66,0,41,0,0
111,231065,Pinnock,5,Brentford,Defender,2024/25,4.5,4.4,47,1912,2,0,2,35,1,0,0,2,0,0,0,233,540.2,101.2,193.0,83.6,21,1.08,0.64,1.72,34.33,0,216,0,0
112,226956,Roerslev,5,Brentford,Defender,2024/25,4.5,4.3,36,1100,0,2,2,20,0,0,0,2,0,0,0,125,214.4,185.8,78.0,48.0,11,0.20,2.09,2.29,21.52,0,58,0,0
113,444765,Van den Berg,5,Brentford,Defender,2024/25,4.0,4.1,62,2584,0,1,5,49,0,0,0,3,0,0,1,266,587.4,108.3,226.0,92.3,29,2.09,0.52,2.61,44.61,0,229,0,0
114,622536,Arthur,5,Brentford,Defender,2024/25,4.0,4.0,0,0,0,0,0,0,0,0,0,0,0,0,0,0,0.0,0.0,0.0,0.0,0,0.00,0.00,0.00,0.00,0,0,0,0
115,612534,Fredrick,5,Brentford,Defender,2024/25,4.0,4.0,0,0,0,0,0,0,0,0,0,0,0,0,0,0,0.0,0.0,0.0,0.0,0,0.00,0.00,0.00,0.00,0,0,0,0
116,472713,Hickey,5,Brentford,Defender,2024/25,4.5,4.3,0,0,0,0,0,0,0,0,0,0,0,0,0,0,0.0,0.0,0.0,0.0,0,0.00,0.00,0.00,0.00,0,0,0,0
117,570241,Ji-soo,5,Brentford,Defender,2024/25,4.0,3.9,3,28,0,0,0,0,0,0,0,0,0,0,0,8,5.0,0.8,0.0,0.6,0,0.00,0.00,0.00,0.32,0,2,0,0
118,499717,Meghoma,5,Brentford,Defender,2024/25,4.0,4.0,1,4,0,0,0,0,0,0,0,0,0,0,0,3,0.2,0.3,0.0,0.1,0,0.00,0.00,0.00,0.14,0,0,0,0
119,446008,Mbeumo,14,Man Utd,Midfielder,2024/25,7.0,8.3,236,3415,20,9,9,55,0,0,1,3,0,0,29,948,1236.8,1107.5,1060.0,340.8,38,12.52,9.24,21.75,55.40,0,273,0,0
120,513418,Schade,5,Brentford,Midfielder,2024/25,5.5,5.3,149,2281,11,4,10,34,0,0,0,3,0,0,12,498,630.8,312.7,892.0,183.3,26,8.45,1.75,10.20,30.66,0,161,0,0
121,440089,Damsgaard,5,Brentford,Midfielder,2024/25,5.0,4.9,131,2911,2,10,11,41,0,0,0,2,0,0,10,611,714.8,1006.4,338.0,205.9,34,2.91,7.01,9.92,45.60,0,321,0,0
123,244858,Carvalho,5,Brentford,Midfielder,2024/25,5.0,4.5,35,443,2,1,0,14,0,0,0,1,0,0,1,127,142.2,71.5,154.0,36.3,3,2.49,0.54,3.03,11.46,0,49,0,0
125,204580,Janelt,5,Brentford,Midfielder,2024/25,5.0,4.8,73,2251,1,3,6,38,2,0,0,3,0,0,2,384,356.6,284.2,131.0,77.2,27,0.83,2.38,3.21,37.37,0,229,0,0
126,207283,Jensen,5,Brentford,Midfielder,2024/25,5.5,5.3,38,846,0,2,2,17,0,0,0,2,0,0,1,179,157.0,249.5,32.0,43.8,8,0.23,1.75,1.98,16.41,0,87,0,0
127,626464,Nunes,5,Brentford,Midfielder,2024/25,5.0,4.9,3,11,0,0,0,2,0,0,0,0,0,0,0,11,10.0,0.3,2.0,1.2,0,0.00,0.00,0.00,0.35,0,5,0,0
128,428580,Onyeka,5,Brentford,Midfielder,2024/25,5.0,4.9,2,23,0,0,0,0,0,0,0,0,0,0,0,3,0.0,0.5,0.0,0.0,0,0.00,0.02,0.02,0.69,0,2,0,0
129,508395,Yarmoliuk,5,Brentford,Midfielder,2024/25,4.5,4.3,43,1435,0,0,3,25,0,0,0,6,0,0,0,255,259.6,196.1,89.0,54.4,15,0.62,0.91,1.53,26.43,0,215,0,0
131,628204,Konak,5,Brentford,Midfielder,2024/25,4.5,4.4,10,53,0,0,0,2,0,0,0,0,0,0,0,30,8.0,4.5,3.0,1.2,0,0.15,0.00,0.15,1.79,0,6,0,0
132,220695,Maghoma,5,Brentford,Midfielder,2024/25,4.5,4.5,8,112,0,0,0,1,0,0,0,0,0,0,0,32,27.8,15.8,10.0,5.4,0,0.12,0.04,0.16,1.89,0,13,0,0
133,450539,Peart-Harris,5,Brentford,Midfielder,2024/25,4.5,4.5,0,0,0,0,0,0,0,0,0,0,0,0,0,0,0.0,0.0,0.0,0.0,0,0.00,0.00,0.00,0.00,0,0,0,0
134,591357,Trevitt,5,Brentford,Midfielder,2024/25,4.5,4.4,1,3,0,0,0,0,0,0,0,0,0,0,0,5,2.6,0.1,0.0,0.3,0,0.00,0.00,0.00,0.00,0,3,0,0
135,216646,Wissa,15,Newcastle,Forward,2024/25,6.0,6.9,185,2921,18,6,9,45,0,0,0,5,0,0,32,739,849.4,400.0,1181.0,242.4,34,18.58,2.20,20.77,45.12,0,138,0,0
136,502500,Thiago,5,Brentford,Forward,2024/25,6.0,5.9,9,167,0,0,0,4,0,0,0,0,0,0,0,32,18.2,30.6,12.0,5.8,1,0.13,0.04,0.17,3.54,0,22,0,0
137,533710,Morgan,5,Brentford,Forward,2024/25,4.5,4.5,0,0,0,0,0,0,0,0,0,0,0,0,0,0,0.0,0.0,0.0,0.0,0,0.00,0.00,0.00,0.00,0,0,0,0
138,49262,Steele,6,Brighton,Goalkeeper,2024/25,4.5,4.0,9,180,0,0,1,1,0,0,0,0,0,3,1,46,40.4,0.0,0.0,4.1,2,0.00,0.00,0.00,1.88,0,0,0,0
139,489639,Verbruggen,6,Brighton,Goalkeeper,2024/25,4.5,4.5,103,3240,0,1,7,58,0,0,0,5,0,91,6,366,849.8,10.0,0.0,85.8,36,0.00,0.01,0.01,53.10,0,0,0,0
141,472739,Rushworth,6,Brighton,Goalkeeper,2024/25,4.0,3.9,0,0,0,0,0,0,0,0,0,0,0,0,0,0,0.0,0.0,0.0,0.0,0,0.00,0.00,0.00,0.00,0,0,0,0
146,83299,Dunk,6,Brighton,Defender,2024/25,4.5,4.2,44,2081,0,1,4,42,1,0,0,5,0,0,0,223,425.4,115.7,128.0,66.9,23,0.81,1.02,1.83,35.69,0,126,0,0
147,204214,Estupiñan,6,Brighton,Defender,2024/25,5.0,4.9,63,2399,1,1,3,44,0,0,0,5,0,0,7,313,504.4,530.1,173.0,120.8,26,1.09,2.43,3.52,39.85,0,164,0,0
148,231416,F.Kadıoğlu,6,Brighton,Defender,2024/25,4.5,4.4,19,385,1,0,2,8,0,0,0,1,0,0,0,59,116.4,83.7,40.0,24.0,5,0.44,0.31,0.75,9.44,0,37,0,0
149,223434,Igor,6,Brighton,Defender,2024/25,4.5,4.3,18,959,0,0,1,17,0,0,0,4,0,0,0,113,189.6,54.7,4.0,24.9,10,0.05,0.25,0.30,17.21,0,61,0,0
150,232792,Lamptey,6,Brighton,Defender,2024/25,4.5,4.4,42,856,2,2,2,21,0,0,0,0,0,0,1,99,213.6,101.0,52.0,36.8,10,0.38,0.80,1.18,15.36,0,52,0,0
151,469142,Van Hecke,6,Brighton,Defender,2024/25,4.5,4.5,87,2960,1,1,7,47,0,0,0,6,1,0,7,406,736.6,261.8,182.0,118.3,33,1.32,1.41,2.73,44.67,0,230,0,0
152,111478,Veltman,6,Brighton,Defender,2024/25,4.5,4.3,59,1694,0,0,6,24,0,0,0,5,0,0,7,249,273.0,147.2,59.0,48.1,19,0.47,1.31,1.78,24.83,0,131,0,0
153,110735,Webster,6,Brighton,Defender,2024/25,4.5,4.3,39,885,0,1,4,11,0,0,0,1,0,0,2,167,198.4,49.7,55.0,30.2,11,0.25,0.28,0.53,14.26,0,79,0,0
154,439135,Cashin,6,Brighton,Defender,2024/25,4.5,4.5,1,19,0,0,0,2,0,0,0,0,0,0,0,-2,7.0,0.6,0.0,0.7,0,0.00,0.00,0.00,0.44,0,2,0,0
155,589100,Slater,6,Brighton,Defender,2024/25,4.0,4.0,0,0,0,0,0,0,0,0,0,0,0,0,0,0,0.0,0.0,0.0,0.0,0,0.00,0.00,0.00,0.00,0,0,0,0
156,547720,Tasker,6,Brighton,Defender,2024/25,4.0,4.0,0,0,0,0,0,0,0,0,0,0,0,0,0,0,0.0,0.0,0.0,0.0,0,0.00,0.00,0.00,0.00,0,0,0,0
157,451340,Mitoma,6,Brighton,Midfielder,2024/25,6.5,6.3,145,2597,10,5,6,40,0,0,0,1,0,0,12,536,670.6,578.0,856.0,210.7,28,9.19,4.03,13.22,37.05,0,168,0,0
158,463067,Georginio,6,Brighton,Midfielder,2024/25,5.5,5.0,95,1651,5,6,6,29,0,0,0,2,0,0,1,288,355.4,281.8,404.0,103.0,19,4.57,1.67,6.24,27.90,0,130,0,0
159,109345,March,6,Brighton,Midfielder,2024/25,6.5,6.5,7,161,0,0,0,3,0,0,0,2,0,0,0,25,24.0,59.6,18.0,10.1,1,0.09,0.32,0.41,2.82,0,16,0,0
160,592031,Minteh,6,Brighton,Midfielder,2024/25,5.5,4.8,102,1831,6,5,4,33,0,0,0,6,0,0,8,398,523.8,448.9,615.0,159.1,20,4.13,4.99,9.12,28.41,0,172,0,0
161,474120,Enciso,6,Brighton,Midfielder,2024/25,5.5,5.4,59,1155,2,3,2,22,0,0,0,3,0,0,5,224,250.8,268.9,362.0,87.7,14,2.82,1.32,4.14,22.10,0,79,0,0
162,513433,Gruda,6,Brighton,Midfielder,2024/25,5.5,5.4,45,676,1,4,1,15,0,0,0,0,0,0,1,176,196.6,311.6,187.0,69.1,8,1.15,1.93,3.08,12.66,0,49,0,0
163,532529,Hinshelwood,6,Brighton,Midfielder,2024/25,5.0,4.9,89,1839,5,3,6,30,0,0,0,5,0,0,8,404,394.6,268.1,304.0,97.0,22,2.74,1.50,4.24,30.09,0,146,0,0
164,219249,O'Riley,6,Brighton,Midfielder,2024/25,5.5,5.5,50,929,2,3,2,20,1,0,0,1,0,0,2,209,211.4,322.5,219.0,75.3,11,2.76,2.04,4.80,14.27,0,70,0,0
166,509416,Ayari,6,Brighton,Midfielder,2024/25,5.0,5.0,74,1958,2,1,7,28,0,0,0,4,0,0,3,358,363.2,507.5,247.0,111.7,22,2.51,2.62,5.13,30.15,0,228,0,0
167,535301,Baleba,6,Brighton,Midfielder,2024/25,5.0,5.0,87,2660,3,1,8,40,0,0,0,6,1,0,7,490,515.4,343.7,193.0,105.2,31,3.10,1.21,4.31,39.54,0,376,0,0
168,536916,Buonanotte,11,Leeds,Midfielder,2024/25,5.0,4.5,75,1508,5,2,2,33,0,0,0,8,0,0,6,299,415.8,415.8,318.0,114.7,14,4.01,2.29,6.30,29.23,0,162,0,0
169,514254,Gomez,6,Brighton,Midfielder,2024/25,5.5,5.5,30,507,1,1,0,13,0,0,0,0,0,0,2,130,124.2,143.2,69.0,33.6,4,0.82,1.16,1.98,9.28,0,71,0,0
170,15157,Milner,6,Brighton,Midfielder,2024/25,5.0,5.0,6,170,0,0,1,1,0,0,0,1,0,0,0,27,28.6,66.3,12.0,10.7,3,0.16,0.15,0.31,1.98,0,13,0,0
171,441192,Sarmiento,6,Brighton,Midfielder,2024/25,5.0,4.9,1,8,0,0,0,0,0,0,0,0,0,0,0,3,0.2,0.8,0.0,0.1,0,0.00,0.00,0.00,0.00,0,1,0,0
173,467779,Wieffer,6,Brighton,Midfielder,2024/25,5.0,4.7,52,1003,1,5,2,22,0,0,0,6,0,0,4,243,328.8,230.4,129.0,68.5,10,0.80,1.00,1.80,18.89,0,170,0,0
175,567121,Knight,6,Brighton,Midfielder,2024/25,4.5,4.5,0,0,0,0,0,0,0,0,0,0,0,0,0,0,0.0,0.0,0.0,0.0,0,0.00,0.00,0.00,0.00,0,0,0,0
176,550141,Mazilu,6,Brighton,Midfielder,2024/25,4.5,4.5,0,0,0,0,0,0,0,0,0,0,0,0,0,0,0.0,0.0,0.0,0.0,0,0.00,0.00,0.00,0.00,0,0,0,0
177,513834,Moran,6,Brighton,Midfielder,2024/25,5.0,5.0,0,0,0,0,0,0,0,0,0,0,0,0,0,0,0.0,0.0,0.0,0.0,0,0.00,0.00,0.00,0.00,0,0,0,0
178,50175,Welbeck,6,Brighton,Forward,2024/25,5.5,5.5,125,2109,10,5,7,37,0,0,0,5,0,0,21,484,550.2,331.3,676.0,155.8,24,9.58,1.36,10.94,37.40,0,95,0,0
179,487117,Ferguson,6,Brighton,Forward,2024/25,5.5,5.5,28,385,1,0,1,9,0,0,0,0,0,0,2,97,80.0,68.5,104.0,25.0,3,1.13,0.66,1.79,6.39,0,33,0,0
187,58621,Walker,3,Burnley,Defender,2024/25,5.5,5.1,13,966,0,0,0,21,0,0,0,3,0,0,0,63,157.4,147.7,29.0,33.5,9,0.12,1.34,1.46,19.26,0,35,0,0
198,180804,Tuanzebe,3,Burnley,Defender,2024/25,4.0,3.9,27,1710,0,1,1,38,1,0,0,3,1,0,0,80,284.4,93.4,25.0,40.1,20,0.21,0.26,0.47,32.01,0,118,0,0
199,208912,Worrall,3,Burnley,Defender,2024/25,4.5,4.5,0,0,0,0,0,0,0,0,0,0,0,0,0,0,0.0,0.0,0.0,0.0,0,0.00,0.00,0.00,0.00,0,0,0,0
200,444180,Anthony,3,Burnley,Midfielder,2024/25,4.5,4.5,0,0,0,0,0,0,0,0,0,0,0,0,0,0,0.0,0.0,0.0,0.0,0,0.00,0.00,0.00,0.00,0,0,0,0
207,465527,Hannibal,3,Burnley,Midfielder,2024/25,4.5,4.5,0,0,0,0,0,0,0,0,0,0,0,0,0,0,0.0,0.0,0.0,0.0,0,0.00,0.00,0.00,0.00,0,0,0,0
220,215059,Sánchez,7,Chelsea,Goalkeeper,2024/25,4.5,4.5,126,2880,0,0,10,34,0,1,0,5,0,95,11,470,755.6,20.0,0.0,77.5,32,0.00,0.02,0.02,38.55,0,0,0,0
221,508479,Jörgensen,7,Chelsea,Goalkeeper,2024/25,4.5,4.2,18,540,0,0,1,9,0,0,0,0,0,20,0,59,157.6,0.0,0.0,15.9,6,0.00,0.00,0.00,8.83,0,0,0,0
224,179268,Cucurella,7,Chelsea,Defender,2024/25,5.0,5.4,133,2988,5,2,9,38,0,0,0,8,1,0,14,533,668.6,350.6,358.0,137.9,33,2.79,2.39,5.18,39.94,0,191,0,0
225,225796,James,7,Chelsea,Defender,2024/25,5.0,4.8,54,1057,1,2,3,14,0,0,0,1,0,0,5,223,207.6,202.1,56.0,46.7,12,0.45,1.15,1.60,16.10,0,50,0,0
226,180736,Chalobah,7,Chelsea,Defender,2024/25,4.5,4.4,93,1969,3,1,6,25,0,0,0,3,0,0,11,379,496.4,124.2,222.0,84.6,23,1.98,0.64,2.62,27.15,0,176,0,0
227,460028,Colwill,7,Chelsea,Defender,2024/25,4.5,4.4,109,3150,2,1,10,41,0,0,0,9,0,0,6,461,692.0,214.3,185.0,109.4,35,1.92,1.31,3.23,43.52,0,221,0,0
228,482609,Gusto,7,Chelsea,Defender,2024/25,5.0,4.9,60,1853,0,1,4,26,0,0,0,4,0,0,2,285,336.8,394.6,147.0,87.9,19,1.44,1.91,3.35,27.43,0,117,0,0
229,242880,B.Badiashile,7,Chelsea,Defender,2024/25,4.5,4.2,7,332,0,0,0,5,0,0,0,0,0,0,0,35,66.0,12.6,0.0,7.9,3,0.00,0.08,0.08,5.34,0,29,0,0
230,444463,Fofana,7,Chelsea,Defender,2024/25,4.5,4.3,26,1172,0,0,2,13,0,0,0,7,0,0,2,162,200.2,85.0,33.0,31.9,14,0.44,0.18,0.62,14.76,0,88,0,0
232,109646,Tosin,7,Chelsea,Defender,2024/25,4.5,4.2,71,1403,1,1,7,14,0,0,0,4,0,0,7,305,352.2,48.2,92.0,49.6,15,0.93,0.23,1.16,19.62,0,114,0,0
233,577016,Acheampong,7,Chelsea,Defender,2024/25,4.0,4.0,4,168,0,0,0,3,0,0,0,1,0,0,0,8,13.6,2.5,13.0,2.9,2,0.22,0.01,0.23,2.09,0,4,0,0
234,622758,Anselmino,7,Chelsea,Defender,2024/25,4.0,4.0,0,0,0,0,0,0,0,0,0,0,0,0,0,0,0.0,0.0,0.0,0.0,0,0.00,0.00,0.00,0.00,0,0,0,0
235,244851,Palmer,7,Chelsea,Midfielder,2024/25,10.5,10.5,214,3193,15,10,10,41,0,0,1,7,0,0,35,952,1068.2,1259.2,1052.0,338.0,36,16.79,9.53,26.32,43.88,0,171,0,0
236,247632,Neto,7,Chelsea,Midfielder,2024/25,6.5,6.1,104,2262,4,6,8,25,0,0,0,8,0,0,9,434,492.0,762.7,545.0,180.0,24,3.48,4.47,7.95,27.98,0,119,0,0
237,448047,Enzo,7,Chelsea,Midfielder,2024/25,5.0,4.7,135,2943,6,8,10,37,0,0,0,8,0,0,11,691,761.6,1131.6,517.0,241.3,32,6.23,6.11,12.34,38.06,0,261,0,0
240,213198,Nkunku,7,Chelsea,Midfielder,2024/25,6.5,5.7,60,904,3,2,2,16,0,0,0,2,0,0,5,190,230.2,204.9,339.0,77.1,9,5.11,1.01,6.12,16.25,0,59,0,0
241,486672,Caicedo,7,Chelsea,Midfielder,2024/25,5.0,4.9,98,3351,1,4,12,42,0,0,0,11,0,0,4,650,627.6,568.8,95.0,129.2,38,0.81,2.82,3.63,45.42,0,455,0,0
242,215413,Dewsbury-Hall,9,Everton,Midfielder,2024/25,6.0,5.5,18,257,0,1,0,3,0,0,0,0,0,0,1,71,57.4,47.4,21.0,12.6,2,0.22,0.22,0.44,3.88,0,26,0,0
243,550615,George,9,Everton,Midfielder,2024/25,4.5,4.5,17,177,1,1,1,0,0,0,0,1,0,0,0,55,67.4,72.7,32.0,17.1,1,0.20,0.26,0.46,1.41,0,9,0,0
244,514356,Lavia,7,Chelsea,Midfielder,2024/25,4.5,4.5,26,792,0,1,3,11,0,0,0,4,0,0,0,125,113.2,121.7,7.0,24.4,11,0.25,0.38,0.63,14.33,0,88,0,0
245,465920,Mudryk,7,Chelsea,Midfielder,2024/25,6.5,6.1,7,145,0,0,0,2,0,0,0,0,0,0,0,26,23.2,31.5,31.0,8.5,1,0.24,0.66,0.90,3.28,0,13,0,0
246,532605,Andrey Santos,7,Chelsea,Midfielder,2024/25,4.5,4.5,0,0,0,0,0,0,0,0,0,0,0,0,0,0,0.0,0.0,0.0,0.0,0,0.00,0.00,0.00,0.00,0,0,0,0
249,475168,João Pedro,7,Chelsea,Forward,2024/25,5.5,5.5,126,1946,10,6,6,28,0,0,0,4,1,0,26,516,567.0,456.0,644.0,166.0,23,8.96,3.10,12.06,25.51,0,96,0,0
250,463034,Delap,7,Chelsea,Forward,2024/25,5.5,5.6,132,2587,12,2,3,58,0,0,0,12,0,0,22,472,513.0,290.5,783.0,157.5,32,9.44,1.38,10.82,53.60,0,109,0,0
251,517052,N.Jackson,7,Chelsea,Forward,2024/25,7.5,7.7,121,2220,10,6,11,24,0,0,0,7,1,0,17,417,546.4,368.3,976.0,187.4,28,11.68,1.90,13.58,28.47,0,90,0,0
252,499309,Marc Guiu,7,Chelsea,Forward,2024/25,5.0,4.7,3,71,0,0,0,2,0,0,0,0,0,0,0,11,4.4,11.8,6.0,2.2,0,0.00,0.02,0.02,1.46,0,3,0,0
253,172649,Henderson,8,Crystal Palace,Goalkeeper,2024/25,4.5,4.6,135,3420,0,0,11,51,0,1,0,3,0,104,8,466,853.6,30.0,4.0,88.6,38,0.01,0.02,0.03,50.33,0,0,0,0
255,169593,Matthews,8,Crystal Palace,Goalkeeper,2024/25,4.0,3.9,0,0,0,0,0,0,0,0,0,0,0,0,0,0,0.0,0.0,0.0,0.0,0,0.00,0.00,0.00,0.00,0,0,0,0
256,247348,Muñoz,8,Crystal Palace,Defender,2024/25,5.0,5.2,142,3229,4,6,11,46,0,0,0,10,0,0,9,480,816.6,634.2,524.0,197.6,37,4.92,3.46,8.38,46.30,0,267,0,0
257,437499,Lacroix,8,Crystal Palace,Defender,2024/25,4.5,4.5,114,3116,1,2,11,45,0,0,0,5,0,0,9,463,723.8,113.7,277.0,111.4,35,3.50,1.01,4.51,44.59,0,347,0,0
258,244723,Mitchell,8,Crystal Palace,Defender,2024/25,5.0,4.8,123,3090,0,6,12,46,0,0,0,2,0,0,4,455,630.8,559.1,170.0,136.2,37,1.31,3.67,4.98,46.45,0,217,0,0
260,209036,Guéhi,13,Man City,Defender,2024/25,4.5,4.7,116,3059,3,2,11,42,3,0,0,7,1,0,11,492,827.0,237.6,247.0,131.0,34,1.87,2.01,3.88,41.55,0,268,0,0
261,427623,Richards,8,Crystal Palace,Defender,2024/25,4.5,4.4,68,1921,1,1,7,31,0,0,0,2,1,0,2,249,470.8,45.0,181.0,69.6,22,1.33,0.60,1.93,29.78,0,193,0,0
262,515621,Chadi Riad,8,Crystal Palace,Defender,2024/25,4.5,4.3,1,90,0,0,0,2,0,0,0,0,0,0,0,3,18.2,1.3,0.0,2.0,1,0.00,0.02,0.02,1.39,0,7,0,0
263,57328,Clyne,8,Crystal Palace,Defender,2024/25,4.5,4.3,18,477,0,0,1,11,0,0,0,1,0,0,0,48,66.6,51.8,8.0,12.4,5,0.02,0.24,0.26,10.11,0,30,0,0
264,156074,Holding,8,Crystal Palace,Defender,2024/25,4.5,4.2,0,0,0,0,0,0,0,0,0,0,0,0,0,0,0.0,0.0,0.0,0.0,0,0.00,0.00,0.00,0.00,0,0,0,0
265,590012,Kporha,8,Crystal Palace,Defender,2024/25,4.0,4.0,2,11,0,0,0,1,0,0,0,0,0,0,0,1,8.0,4.6,0.0,1.3,0,0.00,0.02,0.02,0.06,0,3,0,0
266,232413,Eze,1,Arsenal,Midfielder,2024/25,7.0,7.0,148,2588,8,8,10,34,0,0,1,1,0,0,15,605,685.0,849.2,691.0,222.4,31,10.39,4.67,15.06,35.03,0,204,0,0
267,232185,Sarr,8,Crystal Palace,Midfielder,2024/25,6.0,5.5,149,2708,8,7,10,39,0,0,0,4,0,0,14,542,675.0,618.0,866.0,215.9,30,10.82,6.82,17.64,38.63,0,190,0,0
268,438464,Doucouré,8,Crystal Palace,Midfielder,2024/25,5.0,4.8,19,443,0,1,1,6,0,0,0,1,0,0,0,71,58.6,25.7,23.0,10.8,4,0.40,0.11,0.51,7.53,0,68,0,0
269,606921,Esse,8,Crystal Palace,Midfielder,2024/25,5.0,4.7,22,138,1,2,0,3,0,0,0,0,0,0,3,72,74.8,38.4,51.0,16.4,1,0.32,0.39,0.71,2.15,0,20,0,0
270,108413,Hughes,8,Crystal Palace,Midfielder,2024/25,5.0,4.9,67,2100,0,4,10,31,0,0,0,11,0,0,3,278,335.2,462.6,90.0,87.5,24,1.09,2.64,3.73,31.64,0,249,0,0
271,209400,Kamada,8,Crystal Palace,Midfielder,2024/25,5.5,5.1,45,1545,0,0,3,27,0,0,0,4,1,0,0,246,219.2,314.1,145.0,68.2,15,1.12,1.55,2.67,25.74,0,173,0,0
272,152551,Lerma,8,Crystal Palace,Midfielder,2024/25,5.0,4.8,58,2270,0,1,6,36,0,0,0,9,0,0,2,326,401.4,190.2,197.0,78.7,26,1.07,1.75,2.82,33.55,0,327,0,0
273,496221,Wharton,8,Crystal Palace,Midfielder,2024/25,5.0,4.7,42,1314,0,2,4,21,0,0,0,2,0,0,0,244,261.2,381.4,69.0,71.2,16,0.38,2.17,2.55,19.34,0,185,0,0
274,579075,Agbinone,8,Crystal Palace,Midfielder,2024/25,4.5,4.5,2,4,0,0,0,0,0,0,0,0,0,0,0,4,4.0,10.6,1.0,1.5,0,0.02,0.01,0.03,0.00,0,2,0,0
275,466117,Ahamada,8,Crystal Palace,Midfielder,2024/25,4.5,4.5,0,0,0,0,0,0,0,0,0,0,0,0,0,0,0.0,0.0,0.0,0.0,0,0.00,0.00,0.00,0.00,0,0,0,0
276,489706,Devenny,8,Crystal Palace,Midfielder,2024/25,4.5,4.5,34,494,1,1,0,8,0,0,0,1,0,0,1,129,138.8,101.8,90.0,33.2,4,0.77,0.41,1.18,9.30,0,56,0,0
277,450535,Ebiowei,8,Crystal Palace,Midfielder,2024/25,4.5,4.5,0,0,0,0,0,0,0,0,0,0,0,0,0,0,0.0,0.0,0.0,0.0,0,0.00,0.00,0.00,0.00,0,0,0,0
278,450542,J.Rak-Sakyi,8,Crystal Palace,Midfielder,2024/25,4.5,4.5,0,0,0,0,0,0,0,0,0,0,0,0,0,0,0.0,0.0,0.0,0.0,0,0.00,0.00,0.00,0.00,0,0,0,0
279,536694,M.França,8,Crystal Palace,Midfielder,2024/25,4.5,4.4,9,52,1,0,0,0,0,0,0,0,0,0,0,34,48.4,1.2,66.0,11.5,0,0.28,0.18,0.46,0.40,0,8,0,0
280,531989,Ozoh,8,Crystal Palace,Midfielder,2024/25,4.5,4.5,0,0,0,0,0,0,0,0,0,0,0,0,0,0,0.0,0.0,0.0,0.0,0,0.00,0.00,0.00,0.00,0,0,0,0
281,530318,Rodney,8,Crystal Palace,Midfielder,2024/25,4.5,4.5,0,0,0,0,0,0,0,0,0,0,0,0,0,0,0.0,0.0,0.0,0.0,0,0.00,0.00,0.00,0.00,0,0,0,0
282,574398,Umeh,8,Crystal Palace,Midfielder,2024/25,4.5,4.4,0,0,0,0,0,0,0,0,0,0,0,0,0,0,0.0,0.0,0.0,0.0,0,0.00,0.00,0.00,0.00,0,0,0,0
283,231747,Mateta,8,Crystal Palace,Forward,2024/25,7.5,7.5,150,2642,14,2,9,37,0,0,0,2,0,0,27,576,671.6,405.4,800.0,187.3,33,13.77,2.28,16.05,37.94,0,114,0,0
284,205533,Nketiah,8,Crystal Palace,Forward,2024/25,6.0,5.9,53,1018,3,2,2,17,0,0,0,4,1,0,4,186,192.2,163.7,475.0,82.5,9,5.94,0.83,6.77,14.29,0,55,0,0
285,199670,Édouard,8,Crystal Palace,Forward,2024/25,5.5,5.1,7,141,0,0,0,3,0,0,0,0,0,0,0,14,5.0,25.0,50.0,8.0,1,0.39,0.07,0.46,3.72,0,10,0,0
286,576980,Marsh,8,Crystal Palace,Forward,2024/25,4.5,4.5,0,0,0,0,0,0,0,0,0,0,0,0,0,0,0.0,0.0,0.0,0.0,0,0.00,0.00,0.00,0.00,0,0,0,0
287,111234,Pickford,9,Everton,Goalkeeper,2024/25,5.0,5.2,158,3420,0,1,12,44,0,2,0,7,0,122,15,593,1052.0,20.3,0.0,107.0,38,0.00,0.22,0.22,46.11,0,0,0,0
288,229600,Travers,9,Everton,Goalkeeper,2024/25,4.5,4.4,19,450,0,0,1,5,0,0,0,0,0,20,1,76,146.4,0.0,0.0,14.6,5,0.00,0.01,0.01,7.36,0,0,0,0
290,480455,Branthwaite,9,Everton,Defender,2024/25,5.0,4.9,88,2509,0,1,9,28,0,0,0,4,0,0,3,420,624.6,57.7,130.0,81.3,28,1.20,0.61,1.81,29.83,0,274,0,0
291,17761,Tarkowski,9,Everton,Defender,2024/25,5.0,4.7,105,2922,1,1,10,38,0,0,0,6,0,0,8,468,859.0,188.8,217.0,126.9,33,1.32,2.33,3.65,39.30,0,356,0,0
292,224967,Mykolenko,9,Everton,Defender,2024/25,4.5,4.4,121,3082,1,3,11,39,0,0,0,4,0,0,9,467,621.4,428.5,100.0,115.2,35,0.48,2.12,2.60,39.81,0,252,0,0
293,512462,O'Brien,9,Everton,Defender,2024/25,5.0,4.5,65,1568,2,0,5,17,0,0,0,5,0,0,5,233,341.4,108.9,109.0,56.0,17,0.77,0.31,1.08,18.63,0,123,0,0
294,59949,Coleman,9,Everton,Defender,2024/25,4.5,4.3,5,214,0,0,0,4,0,0,0,1,0,0,0,17,42.4,3.8,23.0,7.1,3,0.62,0.03,0.65,4.45,0,14,0,0
295,106611,Keane,9,Everton,Defender,2024/25,4.0,3.8,48,1046,3,0,3,20,0,0,0,5,0,0,4,139,306.6,23.2,123.0,45.4,11,0.61,0.02,0.63,19.16,0,103,0,0
296,243571,Patterson,9,Everton,Defender,2024/25,4.5,4.4,14,342,0,1,0,6,0,0,0,1,0,0,0,47,71.6,70.3,12.0,15.5,3,0.07,0.38,0.45,4.48,0,18,0,0
297,496178,Dixon,9,Everton,Defender,2024/25,4.0,3.9,0,90,0,0,0,4,0,0,0,0,0,0,0,0,15.4,0.3,0.0,1.6,1,0.00,0.00,0.00,2.43,0,8,0,0
298,474907,Welch,9,Everton,Defender,2024/25,4.0,4.0,0,0,0,0,0,0,0,0,0,0,0,0,0,0,0.0,0.0,0.0,0.0,0,0.00,0.00,0.00,0.00,0,0,0,0
299,440993,Ndiaye,9,Everton,Midfielder,2024/25,5.5,5.2,114,2426,9,0,15,24,0,0,0,3,0,0,21,552,598.0,326.4,493.0,142.0,29,6.23,1.36,7.59,29.01,0,265,0,0
300,433154,McNeil,9,Everton,Midfielder,2024/25,5.5,5.1,93,1366,4,8,5,24,0,0,0,1,0,0,9,401,392.0,631.8,207.0,123.3,15,1.05,4.49,5.53,21.12,0,97,0,0
301,502697,Alcaraz,9,Everton,Midfielder,2024/25,5.0,4.7,44,766,2,3,1,9,0,0,0,4,0,0,5,191,219.4,205.7,227.0,65.4,7,1.78,0.68,2.46,11.33,0,68,0,0
302,80801,Gana,9,Everton,Midfielder,2024/25,5.0,4.8,89,3063,0,3,12,39,0,0,0,9,0,0,5,505,522.0,327.2,117.0,96.6,35,1.15,1.99,3.14,39.88,0,418,0,0
303,232928,Garner,9,Everton,Midfielder,2024/25,5.0,4.9,42,1590,0,1,5,19,0,0,0,5,0,0,0,244,264.8,248.2,93.0,60.4,17,0.67,1.37,2.04,19.71,0,181,0,0
304,490094,Iroegbunam,9,Everton,Midfielder,2024/25,4.5,4.3,22,562,0,1,0,16,0,0,0,4,0,0,0,82,122.2,40.9,32.0,19.6,5,0.23,0.14,0.37,12.25,0,111,0,0
305,609873,Armstrong,9,Everton,Midfielder,2024/25,4.5,4.4,2,47,0,0,0,1,0,0,0,1,0,0,0,1,1.8,10.9,9.0,2.2,0,0.37,0.00,0.37,0.45,0,3,0,0
306,547801,Bates,9,Everton,Midfielder,2024/25,4.5,4.5,0,0,0,0,0,0,0,0,0,0,0,0,0,0,0.0,0.0,0.0,0.0,0,0.00,0.00,0.00,0.00,0,0,0,0
307,504296,Ebere,9,Everton,Midfielder,2024/25,4.5,4.5,0,0,0,0,0,0,0,0,0,0,0,0,0,0,0.0,0.0,0.0,0.0,0,0.00,0.00,0.00,0.00,0,0,0,0
308,496279,Heath,9,Everton,Midfielder,2024/25,4.5,4.5,0,0,0,0,0,0,0,0,0,0,0,0,0,0,0.0,0.0,0.0,0.0,0,0.00,0.00,0.00,0.00,0,0,0,0
309,491557,Metcalfe,9,Everton,Midfielder,2024/25,4.5,4.5,0,0,0,0,0,0,0,0,0,0,0,0,0,0,0.0,0.0,0.0,0.0,0,0.00,0.00,0.00,0.00,0,0,0,0
311,486385,Beto,9,Everton,Forward,2024/25,5.0,4.8,87,1521,8,0,4,24,0,0,0,2,0,0,11,295,373.2,163.9,666.0,119.5,15,7.89,0.44,8.33,18.80,0,84,0,0
312,491012,Y.Chermiti,9,Everton,Forward,2024/25,5.0,4.9,3,42,0,0,0,0,0,0,0,1,0,0,0,9,2.4,0.6,27.0,3.0,0,0.11,0.00,0.11,0.47,0,0,0,0
313,536241,Sherif,9,Everton,Forward,2024/25,4.5,4.5,0,0,0,0,0,0,0,0,0,0,0,0,0,0,0.0,0.0,0.0,0.0,0,0.00,0.00,0.00,0.00,0,0,0,0
314,80201,Leno,10,Fulham,Goalkeeper,2024/25,5.0,5.0,115,3420,0,2,5,54,0,1,0,5,0,110,5,475,967.0,20.0,0.0,98.6,38,0.00,0.03,0.03,47.75,0,0,0,0
315,428971,Benda,10,Fulham,Goalkeeper,2024/25,4.0,3.9,0,0,0,0,0,0,0,0,0,0,0,0,0,0,0.0,0.0,0.0,0.0,0,0.00,0.00,0.00,0.00,0,0,0,0
316,169528,Robinson,10,Fulham,Defender,2024/25,4.5,4.7,106,3166,0,10,5,49,0,0,0,8,0,0,8,507,922.2,723.4,206.0,185.5,35,0.70,4.17,4.87,44.79,0,289,0,0
317,174874,Andersen,10,Fulham,Defender,2024/25,4.5,4.2,51,2673,0,0,4,47,1,0,0,7,1,0,3,306,687.6,99.0,162.0,95.0,30,1.04,0.57,1.61,37.85,0,283,0,0
318,232892,Bassey,10,Fulham,Defender,2024/25,4.5,4.5,75,3074,1,0,5,47,0,0,0,7,0,0,0,390,587.2,96.7,157.0,84.1,34,1.02,0.42,1.44,39.22,0,204,0,0
319,166477,Castagne,10,Fulham,Defender,2024/25,4.5,4.2,46,1642,0,1,3,28,0,0,0,1,0,0,0,205,360.4,163.6,123.0,64.9,17,0.38,0.56,0.94,22.39,0,149,0,0
320,219924,Diop,10,Fulham,Defender,2024/25,4.5,4.3,31,1334,0,0,1,19,1,0,0,2,0,0,0,146,257.6,44.7,83.0,38.3,15,0.51,0.07,0.58,19.98,0,112,0,0
321,246301,J.Cuenca,10,Fulham,Defender,2024/25,4.5,4.4,9,349,0,0,0,8,0,0,0,0,0,0,0,38,81.2,2.3,4.0,8.6,4,0.02,0.01,0.03,8.99,0,38,0,0
322,167074,Tete,10,Fulham,Defender,2024/25,4.5,4.4,49,1773,0,2,3,26,0,0,0,5,0,0,0,207,381.2,192.2,158.0,73.1,21,1.37,0.65,2.02,25.50,0,162,0,0
323,591385,Amissah,10,Fulham,Defender,2024/25,4.0,4.0,0,0,0,0,0,0,0,0,0,0,0,0,0,0,0.0,0.0,0.0,0.0,0,0.00,0.00,0.00,0.00,0,0,0,0
324,153133,Iwobi,10,Fulham,Midfielder,2024/25,5.5,5.4,156,2981,9,6,6,45,0,0,0,1,0,0,16,704,806.8,922.4,699.0,243.0,35,4.33,6.90,11.23,38.06,0,227,0,0
325,209289,Smith Rowe,10,Fulham,Midfielder,2024/25,5.5,5.0,114,2036,6,3,7,28,0,0,0,3,0,0,15,449,433.8,422.3,386.0,124.4,25,4.45,2.04,6.49,25.35,0,135,0,0
326,159533,Adama,19,West Ham,Midfielder,2024/25,5.0,4.5,95,1756,2,8,3,28,0,0,0,3,0,0,8,384,385.4,632.1,426.0,144.6,18,4.11,4.61,8.72,25.17,0,112,0,0
327,156689,Andreas,10,Fulham,Midfielder,2024/25,5.5,4.9,81,2004,2,6,5,32,0,0,1,8,0,0,2,355,326.6,868.3,300.0,149.0,25,4.24,4.63,8.87,27.35,0,150,0,0
328,184349,Sessegnon,10,Fulham,Midfielder,2024/25,4.5,4.2,57,574,4,2,1,10,0,0,0,1,0,0,5,137,284.0,158.8,227.0,67.1,7,1.64,1.12,2.76,8.20,0,74,0,0
329,153682,Wilson,10,Fulham,Midfielder,2024/25,5.5,5.2,78,1148,6,2,2,21,0,0,0,2,0,0,6,329,334.6,310.2,440.0,107.8,12,4.19,1.17,5.36,16.22,0,92,0,0
330,207189,Berge,10,Fulham,Midfielder,2024/25,5.0,5.0,53,2221,0,0,4,35,0,0,0,6,0,0,2,334,314.4,285.7,51.0,65.1,26,0.45,0.63,1.08,30.81,0,242,0,0
331,76357,Cairney,10,Fulham,Midfielder,2024/25,5.0,4.8,33,610,2,0,1,12,0,0,0,3,1,0,0,192,163.8,213.8,94.0,47.2,3,0.73,1.14,1.87,9.59,0,73,0,0
332,212314,Lukić,10,Fulham,Midfielder,2024/25,5.0,4.8,56,2348,0,2,4,37,0,0,0,12,0,0,1,354,335.6,455.1,119.0,91.0,28,1.16,1.40,2.56,33.02,0,244,0,0
333,573062,Godo,10,Fulham,Midfielder,2024/25,4.5,4.4,2,21,0,0,0,0,0,0,0,0,0,0,0,4,3.4,12.0,14.0,3.0,0,0.00,0.07,0.07,0.15,0,2,0,0
334,515024,Harris,10,Fulham,Midfielder,2024/25,4.5,4.5,0,0,0,0,0,0,0,0,0,0,0,0,0,0,0.0,0.0,0.0,0.0,0,0.00,0.00,0.00,0.00,0,0,0,0
335,577725,King,10,Fulham,Midfielder,2024/25,4.5,4.4,10,126,0,0,1,0,0,0,0,0,0,0,0,30,26.2,45.7,38.0,11.2,1,0.28,0.67,0.95,0.74,0,14,0,0
336,153366,Reed,10,Fulham,Midfielder,2024/25,5.0,4.7,10,100,0,0,0,3,0,0,0,2,0,0,0,36,18.6,20.6,33.0,7.1,0,0.23,0.09,0.32,4.62,0,19,0,0
337,102057,Raúl,10,Fulham,Forward,2024/25,5.5,5.3,147,2486,12,3,7,37,0,0,0,4,0,0,26,539,612.8,372.2,1018.0,199.7,30,11.97,2.07,14.04,33.49,0,153,0,0
338,244042,Muniz,10,Fulham,Forward,2024/25,6.0,5.5,86,943,8,1,2,17,0,0,0,1,0,0,14,349,352.4,95.3,508.0,95.4,8,5.91,0.20,6.11,15.28,0,45,0,0
352,221399,Harrison,11,Leeds,Midfielder,2024/25,5.5,5.2,81,2068,1,3,7,27,0,0,0,0,0,0,4,291,277.0,527.7,288.0,108.6,24,3.54,3.12,6.66,31.23,0,148,0,0
366,116535,A.Becker,12,Liverpool,Goalkeeper,2024/25,5.5,5.5,112,2508,0,0,10,29,0,0,0,0,0,78,9,451,628.8,13.0,0.0,64.0,28,0.00,0.20,0.20,27.10,0,0,0,0
371,544877,Kerkez,12,Liverpool,Defender,2024/25,4.5,5.3,134,3336,2,6,9,45,0,0,0,4,0,0,10,550,694.0,642.0,238.0,157.3,38,0.60,2.57,3.17,48.69,0,207,0,0
372,122798,Robertson,12,Liverpool,Defender,2024/25,6.0,5.8,91,2479,0,1,10,32,1,0,0,3,1,0,4,397,395.4,668.7,182.0,124.4,29,1.12,4.27,5.39,26.90,0,106,0,0
373,97032,Virgil,12,Liverpool,Defender,2024/25,6.0,6.7,143,3330,3,1,14,38,0,0,0,5,0,0,8,631,932.6,206.6,299.0,143.7,37,2.22,0.98,3.20,36.13,0,300,0,0
374,204716,Konaté,12,Liverpool,Defender,2024/25,5.0,5.3,106,2561,1,2,11,28,0,0,0,5,0,0,4,487,578.0,161.4,133.0,87.6,30,1.80,0.91,2.71,26.67,0,197,0,0
375,492777,Bradley,12,Liverpool,Defender,2024/25,5.0,4.7,41,744,0,2,3,10,0,0,0,4,0,0,3,160,156.2,110.5,162.0,42.8,7,0.70,1.43,2.13,12.40,0,45,0,0
376,171287,Gomez,12,Liverpool,Defender,2024/25,5.0,4.7,14,517,0,0,1,8,0,0,0,1,0,0,0,83,130.4,38.5,58.0,22.8,6,0.33,0.09,0.42,5.38,0,45,0,0
377,214285,Tsimikas,12,Liverpool,Defender,2024/25,5.0,4.6,43,829,0,1,4,8,0,0,0,2,0,0,3,217,202.0,260.7,60.0,52.5,9,0.39,2.32,2.71,9.03,0,61,0,0
378,611926,Nallo,12,Liverpool,Defender,2024/25,4.0,4.0,0,0,0,0,0,0,0,0,0,0,0,0,0,0,0.0,0.0,0.0,0.0,0,0.00,0.00,0.00,0.00,0,0,0,0
379,219937,R.Williams,12,Liverpool,Defender,2024/25,4.0,4.0,0,0,0,0,0,0,0,0,0,0,0,0,0,0,0.0,0.0,0.0,0.0,0,0.00,0.00,0.00,0.00,0,0,0,0
381,118748,M.Salah,12,Liverpool,Midfielder,2024/25,12.5,13.6,344,3374,29,18,15,40,0,0,0,1,0,0,55,1133,1577.0,1199.2,1985.0,476.0,38,24.70,8.99,33.69,37.83,0,136,0,0
383,244731,Luis Díaz,12,Liverpool,Midfielder,2024/25,7.5,7.5,183,2393,13,7,15,21,0,0,0,2,0,0,21,634,770.8,748.0,946.0,246.4,28,11.90,4.34,16.24,24.44,0,158,0,0
384,243298,Gakpo,12,Liverpool,Midfielder,2024/25,7.5,7.2,127,1921,10,5,5,25,0,0,0,5,0,0,22,572,597.0,517.7,686.0,180.3,23,7.12,3.76,10.87,21.51,0,136,0,0
385,223541,Chiesa,12,Liverpool,Midfielder,2024/25,7.0,6.8,7,103,0,0,0,3,0,0,0,0,0,0,0,16,9.0,23.5,36.0,6.7,1,0.34,0.15,0.49,2.80,0,8,0,0
386,243016,Mac Allister,12,Liverpool,Midfielder,2024/25,6.5,6.2,122,2597,5,6,14,24,0,0,0,6,0,0,8,578,653.4,731.3,357.0,174.1,30,2.89,5.57,8.46,24.21,0,300,0,0
387,424876,Szoboszlai,12,Liverpool,Midfielder,2024/25,6.5,6.1,143,2485,6,10,12,29,0,0,0,6,0,0,14,605,589.8,794.8,601.0,198.1,29,6.94,6.06,13.00,26.78,0,199,0,0
388,206915,C.Jones,12,Liverpool,Midfielder,2024/25,5.5,5.3,87,1702,3,5,6,27,0,0,0,1,1,0,4,396,397.2,343.7,400.0,113.6,19,4.34,1.46,5.80,23.35,0,160,0,0
389,444884,Elliott,2,Aston Villa,Midfielder,2024/25,5.5,5.2,33,359,1,2,0,6,0,0,0,1,0,0,3,120,118.6,145.8,143.0,40.4,2,1.78,0.64,2.42,6.14,0,26,0,0
390,441266,Gravenberch,12,Liverpool,Midfielder,2024/25,5.0,5.0,92,3160,0,4,14,35,0,0,0,5,1,0,1,568,550.6,473.9,121.0,114.7,37,1.13,3.50,4.63,33.06,0,389,0,0
391,496208,Gannon-Doak,4,Bournemouth,Midfielder,2024/25,4.5,4.5,0,0,0,0,0,0,0,0,0,0,0,0,0,0,0.0,0.0,0.0,0.0,0,0.00,0.00,0.00,0.00,0,0,0,0
392,158983,Endo,12,Liverpool,Midfielder,2024/25,5.0,4.6,21,259,0,0,0,5,0,0,0,0,0,0,0,82,57.6,38.2,6.0,10.0,1,0.00,0.09,0.09,4.25,0,41,0,0
393,535928,Bajcetic,12,Liverpool,Midfielder,2024/25,4.5,4.5,0,0,0,0,0,0,0,0,0,0,0,0,0,0,0.0,0.0,0.0,0.0,0,0.00,0.00,0.00,0.00,0,0,0,0
394,491501,McConnell,12,Liverpool,Midfielder,2024/25,4.5,4.3,0,0,0,0,0,0,0,0,0,0,0,0,0,0,0.0,0.0,0.0,0.0,0,0.00,0.00,0.00,0.00,0,0,0,0
395,440148,Morton,12,Liverpool,Midfielder,2024/25,4.5,4.4,0,0,0,0,0,0,0,0,0,0,0,0,0,0,0.0,0.0,0.0,0.0,0,0.00,0.00,0.00,0.00,0,0,0,0
396,591386,Nyoni,12,Liverpool,Midfielder,2024/25,4.5,4.5,0,0,0,0,0,0,0,0,0,0,0,0,0,0,0.0,0.0,0.0,0.0,0,0.00,0.00,0.00,0.00,0,0,0,0
397,447203,Darwin,12,Liverpool,Forward,2024/25,7.5,7.0,66,1113,5,3,2,21,0,0,0,8,0,0,6,244,263.8,151.6,404.0,81.2,8,5.76,0.51,6.27,16.85,0,77,0,0
398,500058,Danns,12,Liverpool,Forward,2024/25,4.5,4.5,1,10,0,0,0,1,0,0,0,0,0,0,0,2,0.0,0.3,0.0,0.0,0,0.00,0.01,0.01,0.45,0,0,0,0
399,121160,Ederson M.,13,Man City,Goalkeeper,2024/25,5.5,5.3,111,2320,0,4,10,26,0,0,0,4,0,54,9,400,567.0,43.0,0.0,60.9,26,0.00,0.16,0.16,29.50,0,0,0,0
400,88248,Ortega Moreno,16,Nott'm Forest,Goalkeeper,2024/25,5.5,5.2,35,1099,0,0,3,18,0,0,0,1,0,33,0,144,292.6,0.0,0.0,29.4,12,0.00,0.00,0.00,19.12,0,0,0,0
401,122074,Bettinelli,13,Man City,Goalkeeper,2024/25,4.0,3.9,0,0,0,0,0,0,0,0,0,0,0,0,0,0,0.0,0.0,0.0,0.0,0,0.00,0.00,0.00,0.00,0,0,0,0
402,448514,Aït-Nouri,13,Man City,Defender,2024/25,4.5,5.1,125,3112,4,7,7,67,0,0,0,5,1,0,13,447,778.4,694.3,435.0,191.0,37,2.69,3.98,6.67,53.27,0,187,0,0
403,477424,Gvardiol,13,Man City,Defender,2024/25,6.0,6.5,153,3278,5,0,13,41,0,0,0,2,0,0,15,623,847.0,501.7,497.0,185.0,36,4.60,2.92,7.52,44.27,0,233,0,0
404,211975,Akanji,13,Man City,Defender,2024/25,5.5,5.3,61,2012,0,0,6,28,0,0,0,3,0,0,1,307,339.8,249.8,100.0,68.9,23,1.57,1.30,2.87,29.72,0,98,0,0
405,126184,Aké,13,Man City,Defender,2024/25,5.5,5.3,25,677,0,0,3,11,0,0,0,0,0,0,0,121,104.6,33.7,20.0,15.9,8,0.22,0.17,0.39,13.44,0,36,0,0
406,578153,Khusanov,13,Man City,Defender,2024/25,5.0,5.0,14,503,0,0,2,6,1,0,0,1,0,0,0,78,102.0,33.9,4.0,14.1,6,0.02,0.09,0.11,6.98,0,40,0,0
407,465351,Matheus N.,13,Man City,Defender,2024/25,5.0,4.9,81,1670,1,7,9,19,0,0,0,4,0,0,6,373,370.4,422.4,206.0,99.9,19,1.11,3.32,4.43,24.87,0,84,0,0
408,171314,Rúben,13,Man City,Defender,2024/25,5.5,5.5,90,2269,0,0,11,21,1,0,0,4,0,0,7,410,478.2,173.8,150.0,80.2,25,1.54,1.20,2.74,29.48,0,127,0,0
409,97299,Stones,13,Man City,Defender,2024/25,5.5,5.3,29,544,2,0,1,11,0,0,0,1,0,0,2,92,155.6,49.8,70.0,27.4,6,0.60,0.17,0.77,5.95,0,31,0,0
410,477064,Lewis,13,Man City,Defender,2024/25,4.5,4.3,66,1888,1,2,5,27,0,0,0,3,1,0,1,285,293.8,218.6,139.0,65.0,21,1.32,1.01,2.33,27.60,0,90,0,0
411,472769,O'Reilly,13,Man City,Defender,2024/25,5.0,4.9,31,525,2,0,3,3,0,0,0,0,0,0,4,118,133.4,76.2,112.0,32.2,6,1.28,0.68,1.96,5.49,0,24,0,0
412,616222,Vitor Reis,13,Man City,Defender,2024/25,4.5,4.5,1,1,0,0,0,0,0,0,0,0,0,0,0,4,3.2,0.0,0.0,0.3,0,0.00,0.00,0.00,0.00,0,1,0,0
413,438234,Marmoush,13,Man City,Midfielder,2024/25,7.0,7.4,73,1174,7,1,8,12,0,0,0,0,0,0,12,326,318.0,246.7,410.0,97.3,14,5.41,1.71,7.12,14.48,0,60,0,0
414,209244,Foden,13,Man City,Midfielder,2024/25,9.5,9.1,105,1771,7,3,6,24,0,0,0,2,0,0,10,454,448.0,749.0,449.0,164.2,20,5.17,5.33,10.49,29.11,0,91,0,0
415,510281,Savinho,13,Man City,Midfielder,2024/25,6.5,6.0,106,1760,1,11,8,25,0,0,0,3,0,0,15,442,415.2,682.9,671.0,177.3,21,5.02,6.10,11.12,21.39,0,119,0,0
416,165809,Bernardo,13,Man City,Midfielder,2024/25,6.5,6.1,110,2667,4,4,10,36,0,0,0,7,0,0,13,568,603.0,800.4,532.0,193.6,29,3.84,4.56,8.40,39.68,0,223,0,0
418,248875,Doku,13,Man City,Midfielder,2024/25,6.5,6.2,88,1506,3,6,8,14,0,0,0,1,0,0,3,425,453.8,515.9,528.0,150.0,16,1.32,3.81,5.13,15.18,0,101,0,0
419,114283,Grealish,9,Everton,Midfielder,2024/25,6.5,6.4,38,710,1,1,2,10,0,0,0,3,0,0,4,187,157.2,321.4,234.0,71.3,7,1.13,1.67,2.80,11.33,0,44,0,0
420,59859,Gündoğan,13,Man City,Midfielder,2024/25,6.5,6.3,97,2218,1,7,10,28,0,0,0,1,0,0,5,460,387.0,781.3,273.0,144.2,25,3.21,4.43,7.63,35.69,0,176,0,0
421,220566,Rodrigo,13,Man City,Midfielder,2024/25,6.5,6.2,3,72,0,0,0,1,0,0,0,0,0,0,0,21,12.2,17.5,0.0,3.0,1,0.00,0.09,0.09,0.33,0,11,0,0
422,91651,Kovačić,13,Man City,Midfielder,2024/25,5.5,5.4,109,2194,6,3,10,29,0,0,0,5,1,0,13,542,606.4,579.3,204.0,139.1,25,1.91,3.21,5.11,31.50,0,228,0,0
423,465694,N.Gonzalez,13,Man City,Midfielder,2024/25,6.0,6.0,31,760,1,1,6,7,0,0,0,3,0,0,0,123,137.2,78.7,62.0,27.5,9,0.45,0.48,0.93,8.99,0,76,0,0
424,477555,Bobb,10,Fulham,Midfielder,2024/25,5.0,4.7,3,14,0,0,0,1,0,0,0,0,0,0,0,13,4.4,12.6,0.0,1.6,0,0.00,0.02,0.02,0.47,0,2,0,0
425,575204,Echeverri,13,Man City,Midfielder,2024/25,6.0,5.8,1,5,0,0,0,0,0,0,0,0,0,0,0,2,2.2,0.4,0.0,0.3,0,0.00,0.01,0.01,0.45,0,2,0,0
426,432714,McAtee,16,Nott'm Forest,Midfielder,2024/25,5.0,4.6,31,340,3,0,0,6,0,0,0,1,0,0,0,102,113.0,64.6,136.0,30.7,3,2.80,0.80,3.60,5.25,0,16,0,0
429,155405,Phillips,13,Man City,Midfielder,2024/25,5.0,4.8,27,1231,0,0,1,30,0,0,0,4,1,0,0,167,181.8,116.2,41.0,33.8,14,0.45,0.46,0.91,27.21,0,163,0,0
430,223094,Haaland,13,Man City,Forward,2024/25,15.0,14.9,181,2736,22,3,10,38,0,0,1,2,0,0,26,795,946.0,359.4,1511.0,281.8,31,21.90,2.04,23.94,41.27,0,73,0,0
431,451302,Bayindir,14,Man Utd,Goalkeeper,2024/25,4.5,4.3,8,360,0,0,1,10,0,0,0,0,0,8,0,22,80.0,0.0,0.0,7.9,4,0.00,0.00,0.00,6.93,0,0,0,0
432,202641,Onana,14,Man Utd,Goalkeeper,2024/25,5.0,4.9,120,3060,0,0,9,44,0,1,0,0,0,90,8,443,733.0,13.0,0.0,74.7,34,0.00,0.20,0.20,47.79,0,0,0,0
433,588555,Harrison,14,Man Utd,Goalkeeper,2024/25,4.0,4.0,0,0,0,0,0,0,0,0,0,0,0,0,0,0,0.0,0.0,0.0,0.0,0,0.00,0.00,0.00,0.00,0,0,0,0
434,21205,Heaton,14,Man Utd,Goalkeeper,2024/25,4.0,3.9,0,0,0,0,0,0,0,0,0,0,0,0,0,0,0.0,0.0,0.0,0.0,0,0.00,0.00,0.00,0.00,0,0,0,0
435,461537,Mee,14,Man Utd,Goalkeeper,2024/25,4.0,4.0,0,0,0,0,0,0,0,0,0,0,0,0,0,0,0.0,0.0,0.0,0.0,0,0.00,0.00,0.00,0.00,0,0,0,0
436,209365,De Ligt,14,Man Utd,Defender,2024/25,5.0,4.8,68,2119,2,0,4,36,0,0,0,3,0,0,3,312,518.4,88.7,303.0,91.5,25,2.48,0.25,2.73,38.53,0,175,0,0
437,221820,Martinez,14,Man Utd,Defender,2024/25,4.5,4.3,68,1751,2,1,6,27,0,0,0,7,0,0,5,293,426.6,153.9,158.0,73.8,20,1.33,1.21,2.54,30.17,0,134,0,0
438,230001,Mazraoui,14,Man Utd,Defender,2024/25,4.5,4.2,88,2836,0,1,7,43,0,0,0,3,0,0,5,410,619.4,332.7,123.0,107.5,34,0.69,1.87,2.56,46.26,0,241,0,0
440,216051,Dalot,14,Man Utd,Defender,2024/25,5.0,5.0,95,2812,0,4,8,45,0,0,0,5,0,0,9,352,493.2,434.2,264.0,118.6,31,1.96,2.35,4.31,46.95,0,178,0,0
441,596777,Dorgu,14,Man Utd,Defender,2024/25,4.5,4.5,18,840,0,0,2,12,0,0,0,3,1,0,1,108,106.4,175.3,112.0,39.4,10,0.43,1.27,1.70,10.26,0,54,0,0
442,95658,Maguire,14,Man Utd,Defender,2024/25,5.0,4.9,48,1751,1,0,3,27,0,0,0,7,0,0,3,217,411.4,111.5,237.0,76.1,19,1.82,0.25,2.07,26.83,0,159,0,0
443,106760,Shaw,14,Man Utd,Defender,2024/25,5.0,4.9,5,346,0,0,0,5,1,0,0,1,0,0,0,38,48.2,68.2,11.0,12.7,4,0.03,0.77,0.80,3.81,0,14,0,0
444,550864,Yoro,14,Man Utd,Defender,2024/25,4.5,4.3,22,1160,0,0,1,24,0,0,0,5,0,0,0,90,207.4,55.8,54.0,31.8,12,0.70,0.15,0.85,19.35,0,93,0,0
445,577974,Amass,14,Man Utd,Defender,2024/25,4.0,4.0,4,345,0,0,0,9,0,0,0,0,0,0,0,1,40.0,26.5,15.0,8.2,4,0.07,0.07,0.14,6.30,0,18,0,0
446,547676,Fredricson,14,Man Utd,Defender,2024/25,4.0,4.0,2,166,0,0,0,5,0,0,0,0,0,0,0,16,37.4,4.9,2.0,4.4,2,0.00,0.02,0.02,2.94,0,17,0,0
447,606745,Heaven,14,Man Utd,Defender,2024/25,4.0,4.0,10,169,0,0,1,1,0,0,0,1,0,0,2,47,43.4,12.9,8.0,6.4,2,0.12,0.01,0.13,1.69,0,18,0,0
448,222690,Malacia,14,Man Utd,Defender,2024/25,4.5,4.4,2,99,0,0,0,1,0,0,0,1,0,0,0,2,5.2,13.9,0.0,1.7,2,0.00,0.02,0.02,0.78,0,4,0,0
449,141746,B.Fernandes,14,Man Utd,Midfielder,2024/25,8.5,8.4,174,3017,8,12,10,47,0,0,0,3,2,0,28,810,1017.8,1407.7,587.0,300.8,35,9.93,7.89,17.82,45.85,0,359,0,0
450,430871,Cunha,14,Man Utd,Midfielder,2024/25,6.5,7.0,178,2596,15,7,7,54,0,0,0,4,0,0,41,838,936.2,847.8,940.0,272.2,29,8.73,5.29,14.02,44.53,0,200,0,0
451,176297,Rashford,14,Man Utd,Midfielder,2024/25,7.0,6.6,95,1414,6,4,7,15,0,0,0,2,0,0,9,333,398.4,451.1,369.0,122.1,16,4.67,3.43,8.10,21.68,0,69,0,0
452,493250,Amad,14,Man Utd,Midfielder,2024/25,5.0,5.3,129,1898,8,8,7,30,0,0,0,5,0,0,17,569,634.0,687.2,615.0,193.8,20,4.71,3.98,8.69,31.71,0,176,0,0
453,493105,Garnacho,7,Chelsea,Midfielder,2024/25,6.5,5.9,106,2188,6,4,5,36,0,0,0,3,0,0,7,370,454.0,532.2,904.0,188.3,23,7.40,2.76,10.16,35.43,0,161,0,0
454,467169,Antony,14,Man Utd,Midfielder,2024/25,6.0,5.7,8,135,0,0,0,2,0,0,0,0,0,0,0,37,35.0,50.7,74.0,15.8,0,0.60,0.21,0.81,2.05,0,19,0,0
455,184341,Mount,14,Man Utd,Midfielder,2024/25,6.5,6.3,25,613,1,0,3,11,0,0,0,3,0,0,0,74,104.0,140.0,218.0,45.6,8,3.37,0.57,3.94,8.24,0,42,0,0
456,209243,Sancho,2,Aston Villa,Midfielder,2024/25,6.5,6.2,86,1754,3,5,7,24,0,0,0,2,0,0,3,367,340.0,523.2,414.0,127.5,19,2.13,3.10,5.23,23.66,0,121,0,0
457,61256,Casemiro,14,Man Utd,Midfielder,2024/25,5.0,4.6,48,1489,1,0,6,20,0,0,0,5,0,0,3,300,433.2,348.2,265.0,104.8,18,1.80,1.99,3.79,24.00,0,258,0,0
458,516895,Mainoo,14,Man Utd,Midfielder,2024/25,5.5,5.2,42,1646,0,0,5,27,0,0,0,5,0,0,0,229,196.6,250.8,137.0,58.8,19,0.84,1.78,2.62,25.23,0,167,0,0
459,232112,Ugarte,14,Man Utd,Midfielder,2024/25,5.0,4.9,49,1777,1,2,4,33,1,0,0,11,0,0,1,318,313.6,195.9,113.0,62.1,22,1.00,0.67,1.67,29.54,0,245,0,0
460,490881,Collyer,14,Man Utd,Midfielder,2024/25,4.5,4.5,6,174,0,0,0,2,0,0,0,0,0,0,0,40,40.4,29.9,8.0,7.9,0,0.08,0.37,0.45,3.09,0,35,0,0
461,556639,Fitzgerald,14,Man Utd,Midfielder,2024/25,4.5,4.5,0,0,0,0,0,0,0,0,0,0,0,0,0,0,0.0,0.0,0.0,0.0,0,0.00,0.00,0.00,0.00,0,0,0,0
462,547037,J.Fletcher,14,Man Utd,Midfielder,2024/25,4.5,4.5,0,0,0,0,0,0,0,0,0,0,0,0,0,0,0.0,0.0,0.0,0.0,0,0.00,0.00,0.00,0.00,0,0,0,0
463,618873,Kone,14,Man Utd,Midfielder,2024/25,4.5,4.5,0,0,0,0,0,0,0,0,0,0,0,0,0,0,0.0,0.0,0.0,0.0,0,0.00,0.00,0.00,0.00,0,0,0,0
464,559684,Moorhouse,14,Man Utd,Midfielder,2024/25,4.5,4.5,0,0,0,0,0,0,0,0,0,0,0,0,0,0,0.0,0.0,0.0,0.0,0,0.00,0.00,0.00,0.00,0,0,0,0
465,497894,Højlund,14,Man Utd,Forward,2024/25,7.0,6.9,78,1998,4,1,6,31,0,0,0,2,0,0,8,246,187.0,254.7,432.0,86.3,23,5.10,1.14,6.24,30.44,0,46,0,0
466,458249,Zirkzee,14,Man Utd,Forward,2024/25,7.0,6.5,64,1385,3,2,3,24,0,0,0,2,0,0,6,216,222.6,212.0,351.0,78.0,14,4.64,1.04,5.68,24.84,0,89,0,0
467,596047,Obi,14,Man Utd,Forward,2024/25,4.5,4.5,7,160,0,0,0,5,0,0,0,1,0,0,0,21,8.2,5.1,46.0,5.4,1,0.66,0.03,0.69,3.70,0,12,0,0
468,575034,Wheatley,14,Man Utd,Forward,2024/25,4.5,4.5,0,0,0,0,0,0,0,0,0,0,0,0,0,0,0.0,0.0,0.0,0.0,0,0.00,0.00,0.00,0.00,0,0,0,0
469,98747,Pope,15,Newcastle,Goalkeeper,2024/25,5.0,5.0,102,2520,0,0,8,35,0,1,0,2,0,88,2,384,666.0,10.0,0.0,67.4,28,0.00,0.00,0.00,34.94,0,0,0,0
470,67089,Dúbravka,3,Burnley,Goalkeeper,2024/25,4.5,4.0,44,900,0,0,5,12,0,0,0,0,0,29,2,160,220.2,0.0,0.0,22.0,10,0.00,0.00,0.00,11.19,0,0,0,0
472,111452,Odysseas,15,Newcastle,Goalkeeper,2024/25,4.5,4.2,0,0,0,0,0,0,0,0,0,0,0,0,0,0,0.0,0.0,0.0,0.0,0,0.00,0.00,0.00,0.00,0,0,0,0
473,487838,Hall,15,Newcastle,Defender,2024/25,4.5,4.7,102,2188,0,7,8,31,0,0,0,3,0,0,11,443,561.6,561.2,128.0,125.3,24,0.43,3.73,4.16,29.73,0,145,0,0
474,119471,Schär,15,Newcastle,Defender,2024/25,5.5,5.5,118,2935,4,2,11,42,0,0,0,9,1,0,4,440,743.2,111.5,346.0,119.6,33,3.94,1.01,4.95,37.26,0,239,0,0
475,220237,Botman,15,Newcastle,Defender,2024/25,4.5,4.4,18,412,0,0,2,4,0,0,0,1,0,0,0,95,110.4,28.4,96.0,23.6,6,0.59,0.22,0.81,5.07,0,46,0,0
476,78916,Burn,15,Newcastle,Defender,2024/25,4.5,4.6,115,3330,1,1,13,45,2,0,0,11,0,0,9,476,736.6,123.6,297.0,115.8,37,1.97,1.09,3.06,45.22,0,286,0,0
477,441191,Livramento,15,Newcastle,Defender,2024/25,4.5,4.6,105,2835,0,1,10,40,0,0,0,1,0,0,6,476,567.4,406.2,127.0,110.1,32,0.33,2.70,3.03,37.83,0,182,0,0
478,77794,Trippier,15,Newcastle,Defender,2024/25,6.0,5.6,72,1299,0,3,6,18,0,0,0,1,0,0,8,287,319.4,406.8,33.0,76.1,14,0.12,1.44,1.56,17.05,0,95,0,0
479,111773,Krafth,15,Newcastle,Defender,2024/25,4.5,4.3,17,334,0,0,1,2,0,0,0,2,0,0,0,55,59.2,19.7,13.0,9.3,2,0.04,0.04,0.08,6.50,0,26,0,0
480,101148,Lascelles,15,Newcastle,Defender,2024/25,4.5,4.5,0,0,0,0,0,0,0,0,0,0,0,0,0,0,0.0,0.0,0.0,0.0,0,0.00,0.00,0.00,0.00,0,0,0,0
481,545477,A.Murphy,15,Newcastle,Defender,2024/25,4.0,4.0,0,0,0,0,0,0,0,0,0,0,0,0,0,0,0.0,0.0,0.0,0.0,0,0.00,0.00,0.00,0.00,0,0,0,0
483,578512,Pivas,15,Newcastle,Defender,2024/25,4.0,4.0,0,0,0,0,0,0,0,0,0,0,0,0,0,0,0.0,0.0,0.0,0.0,0,0.00,0.00,0.00,0.00,0,0,0,0
484,169359,Targett,15,Newcastle,Defender,2024/25,4.0,3.9,2,20,0,0,0,0,0,0,0,0,0,0,0,7,5.0,5.6,0.0,1.0,0,0.00,0.07,0.07,0.26,0,1,0,0
485,232826,Gordon,15,Newcastle,Midfielder,2024/25,7.5,7.4,124,2428,6,6,10,33,0,0,1,2,0,0,9,476,537.0,777.3,655.0,196.8,28,8.19,4.80,12.99,32.62,0,143,0,0
486,449434,Elanga,15,Newcastle,Midfielder,2024/25,5.5,5.5,153,2496,6,11,12,35,0,0,0,1,0,0,15,535,627.0,785.4,582.0,199.8,31,4.81,5.12,9.93,38.74,0,135,0,0
487,201666,Barnes,15,Newcastle,Midfielder,2024/25,6.5,5.9,130,1746,9,5,6,23,0,0,0,0,0,0,13,442,522.2,407.1,701.0,163.1,17,6.45,4.40,10.85,24.32,0,90,0,0
488,208706,Bruno G.,15,Newcastle,Midfielder,2024/25,6.5,6.2,135,3273,5,6,13,44,0,0,0,7,0,0,10,661,723.0,796.0,454.0,197.5,38,4.34,5.32,9.66,43.41,0,350,0,0
489,114243,J.Murphy,15,Newcastle,Midfielder,2024/25,5.5,5.2,159,2356,8,13,11,31,0,0,0,4,0,0,11,601,713.4,625.2,519.0,185.6,31,5.89,6.14,12.03,28.19,0,168,0,0
490,180974,Joelinton,15,Newcastle,Midfielder,2024/25,6.0,6.0,99,2394,4,4,10,32,0,0,0,10,0,0,11,374,469.8,389.3,465.0,132.7,29,3.74,2.17,5.91,31.79,0,282,0,0
491,432422,Tonali,15,Newcastle,Midfielder,2024/25,5.5,5.5,106,2625,4,2,11,34,0,0,0,5,0,0,10,536,539.4,496.3,299.0,133.5,28,4.46,2.77,7.23,33.18,0,303,0,0
493,180135,Longstaff,11,Leeds,Midfielder,2024/25,5.0,4.4,34,783,0,1,2,11,0,0,0,2,0,0,0,131,117.2,78.4,76.0,27.3,8,0.60,0.22,0.82,11.32,0,78,0,0
494,200089,Willock,15,Newcastle,Midfielder,2024/25,5.0,4.7,46,1065,0,2,4,16,0,0,0,4,0,0,0,139,172.8,273.8,197.0,63.9,11,1.65,0.93,2.58,15.01,0,87,0,0
495,153127,Hayden,15,Newcastle,Midfielder,2024/25,4.5,4.4,0,0,0,0,0,0,0,0,0,0,0,0,0,0,0.0,0.0,0.0,0.0,0,0.00,0.00,0.00,0.00,0,0,0,0
496,564510,Kuol,15,Newcastle,Midfielder,2024/25,4.5,4.4,0,0,0,0,0,0,0,0,0,0,0,0,0,0,0.0,0.0,0.0,0.0,0,0.00,0.00,0.00,0.00,0,0,0,0
497,547719,L.Miley,15,Newcastle,Midfielder,2024/25,5.0,5.0,21,304,1,0,0,4,0,0,0,0,0,0,1,88,87.4,33.5,45.0,16.7,1,0.57,0.30,0.87,5.68,0,38,0,0
498,461484,White,15,Newcastle,Midfielder,2024/25,4.5,4.5,0,0,0,0,0,0,0,0,0,0,0,0,0,0,0.0,0.0,0.0,0.0,0,0.00,0.00,0.00,0.00,0,0,0,0
499,219168,Isak,12,Liverpool,Forward,2024/25,8.5,9.4,211,2758,23,6,12,41,0,0,0,1,0,0,36,848,1043.0,573.1,1320.0,292.7,34,20.33,3.59,23.92,36.85,0,89,0,0
500,538207,Osula,15,Newcastle,Forward,2024/25,5.0,4.9,19,124,1,0,0,3,0,0,0,0,0,0,1,59,42.4,25.1,37.0,10.5,0,0.16,0.05,0.21,3.18,0,9,0,0
501,599303,Neave,15,Newcastle,Forward,2024/25,4.5,4.5,0,0,0,0,0,0,0,0,0,0,0,0,0,0,0.0,0.0,0.0,0.0,0,0.00,0.00,0.00,0.00,0,0,0,0
502,85633,Sels,16,Nott'm Forest,Goalkeeper,2024/25,4.5,5.2,150,3420,0,1,13,46,0,0,0,4,0,120,11,521,942.2,20.2,0.0,96.7,38,0.00,0.26,0.26,50.17,0,0,0,0
503,475123,C.Miguel,16,Nott'm Forest,Goalkeeper,2024/25,4.5,4.1,0,0,0,0,0,0,0,0,0,0,0,0,0,0,0.0,0.0,0.0,0.0,0,0.00,0.00,0.00,0.00,0,0,0,0
504,224068,Turner,16,Nott'm Forest,Goalkeeper,2024/25,4.0,3.9,0,0,0,0,0,0,0,0,0,0,0,0,0,0,0.0,0.0,0.0,0.0,0,0.00,0.00,0.00,0.00,0,0,0,0
505,227444,Milenković,16,Nott'm Forest,Defender,2024/25,4.5,5.2,145,3330,5,2,13,45,0,0,0,4,0,0,2,499,805.2,107.9,361.0,127.2,37,4.05,0.73,4.78,48.95,0,310,0,0
506,575476,Murillo,16,Nott'm Forest,Defender,2024/25,4.5,4.7,130,3188,2,0,12,44,0,0,0,6,0,0,18,541,927.2,211.2,201.0,134.0,36,1.47,1.15,2.62,47.42,0,376,0,0
507,159506,Aina,16,Nott'm Forest,Defender,2024/25,4.5,5.3,128,2996,2,1,12,39,0,0,0,5,0,0,15,483,578.2,282.3,80.0,94.1,35,0.63,2.25,2.88,40.59,0,206,0,0
508,215136,N.Williams,16,Nott'm Forest,Defender,2024/25,4.5,4.5,109,2588,1,3,10,31,0,0,0,7,0,0,8,435,628.4,305.3,244.0,118.0,28,2.29,1.54,3.83,38.50,0,251,0,0
511,485047,Morato,16,Nott'm Forest,Defender,2024/25,4.5,4.5,36,891,0,0,3,14,0,0,0,5,0,0,2,125,205.2,10.8,22.0,24.0,6,0.18,0.03,0.21,14.21,0,112,0,0
512,204822,O.Richards,16,Nott'm Forest,Defender,2024/25,4.5,4.5,0,0,0,0,0,0,0,0,0,0,0,0,0,0,0.0,0.0,0.0,0.0,0,0.00,0.00,0.00,0.00,0,0,0,0
513,549067,Abbott,16,Nott'm Forest,Defender,2024/25,4.0,4.0,0,0,0,0,0,0,0,0,0,0,0,0,0,0,0.0,0.0,0.0,0.0,0,0.00,0.00,0.00,0.00,0,0,0,0
514,90585,Boly,16,Nott'm Forest,Defender,2024/25,4.5,4.2,6,146,0,0,0,1,0,0,0,1,0,0,0,26,51.0,0.4,17.0,6.8,1,0.07,0.00,0.07,2.68,0,23,0,0
515,222531,Gibbs-White,16,Nott'm Forest,Midfielder,2024/25,6.5,6.5,154,2806,7,11,13,34,0,0,0,9,1,0,18,594,680.4,793.7,632.0,210.6,34,6.31,4.68,10.99,41.21,0,227,0,0
516,209046,Hudson-Odoi,16,Nott'm Forest,Midfielder,2024/25,5.5,5.1,103,2190,5,3,11,23,0,0,0,2,0,0,7,454,445.6,663.9,405.0,151.0,25,2.52,2.54,5.06,27.79,0,139,0,0
517,215379,Anderson,16,Nott'm Forest,Midfielder,2024/25,5.0,5.0,107,2726,2,6,13,37,0,0,0,10,0,0,8,526,638.8,605.2,308.0,155.6,33,2.04,3.51,5.55,40.36,0,407,0,0
518,510500,Jota,16,Nott'm Forest,Midfielder,2024/25,6.0,5.9,52,835,3,2,1,16,0,0,0,5,0,0,0,212,221.8,182.9,239.0,64.6,5,2.13,1.87,4.00,12.56,0,99,0,0
519,250199,Dominguez,16,Nott'm Forest,Midfielder,2024/25,5.0,4.8,54,1954,0,1,7,27,0,0,0,9,0,0,0,292,410.2,247.2,237.0,89.4,23,1.58,1.58,3.16,31.90,0,293,0,0
520,243345,O'Brien,16,Nott'm Forest,Midfielder,2024/25,5.0,5.0,0,0,0,0,0,0,0,0,0,0,0,0,0,0,0.0,0.0,0.0,0.0,0,0.00,0.00,0.00,0.00,0,0,0,0
521,210462,Sangaré,16,Nott'm Forest,Midfielder,2024/25,4.5,4.3,20,584,0,1,2,6,0,0,0,3,0,0,0,107,130.6,80.3,21.0,23.2,7,0.02,0.21,0.23,8.41,0,93,0,0
522,204968,Yates,16,Nott'm Forest,Midfielder,2024/25,5.0,4.8,67,1901,2,2,6,27,0,0,0,10,0,0,3,306,344.4,241.1,265.0,85.4,18,2.41,0.47,2.88,27.84,0,242,0,0
523,569014,Da Silva Moreira,16,Nott'm Forest,Midfielder,2024/25,4.5,4.3,2,28,0,0,0,0,0,0,0,0,0,0,0,9,5.2,0.3,0.0,0.6,0,0.00,0.00,0.00,0.31,0,5,0,0
525,60689,Wood,16,Nott'm Forest,Forward,2024/25,6.0,7.2,200,2958,20,3,15,37,0,0,0,1,0,0,41,744,838.4,320.0,900.0,205.6,35,13.42,1.59,15.01,40.64,0,96,0,0
527,210156,Awoniyi,16,Nott'm Forest,Forward,2024/25,6.0,5.5,32,398,1,0,1,10,0,0,0,0,0,0,0,89,67.0,40.9,118.0,21.9,3,2.15,0.12,2.27,6.65,0,31,0,0
543,535818,Adingra,17,Sunderland,Midfielder,2024/25,5.5,5.1,60,1081,2,3,2,23,0,0,0,0,0,0,0,207,212.4,261.9,337.0,80.9,12,2.47,2.73,5.20,18.94,0,84,0,0
565,184254,Vicario,18,Spurs,Goalkeeper,2024/25,5.0,4.8,66,2160,0,0,4,37,0,0,0,1,0,68,2,293,587.8,0.0,0.0,58.5,24,0.00,0.00,0.00,33.60,0,0,0,0
566,214572,Austin,18,Spurs,Goalkeeper,2024/25,4.0,4.0,1,90,0,0,0,2,0,0,0,0,0,2,0,7,20.0,0.0,0.0,2.0,1,0.00,0.00,0.00,2.53,0,0,0,0
567,485055,Kinsky,18,Spurs,Goalkeeper,2024/25,4.5,4.1,17,540,0,0,1,11,0,0,0,0,0,24,0,86,208.2,10.1,0.0,21.7,6,0.00,0.01,0.01,11.80,0,0,0,0
568,441164,Pedro Porro,18,Spurs,Defender,2024/25,5.5,5.2,98,2606,2,6,6,47,0,0,0,5,0,0,6,456,778.4,932.9,200.0,191.2,28,1.63,4.71,6.34,49.37,0,192,0,0
569,221632,Romero,18,Spurs,Defender,2024/25,5.0,4.9,49,1416,1,1,3,22,0,0,0,3,0,0,3,245,343.2,113.1,232.0,69.0,18,1.52,0.81,2.33,19.31,0,111,0,0
570,135720,Danso,18,Spurs,Defender,2024/25,4.5,4.4,16,842,0,0,1,18,0,0,0,0,0,0,0,104,242.0,34.4,72.0,34.9,9,0.40,0.12,0.52,17.19,0,97,0,0
571,115556,Davies,18,Spurs,Defender,2024/25,4.5,4.3,28,1329,0,0,3,26,0,0,0,5,0,0,0,154,343.6,42.1,49.0,43.7,14,0.27,0.50,0.77,25.79,0,127,0,0
572,493125,Dragusin,18,Spurs,Defender,2024/25,4.5,4.3,24,1250,0,0,2,29,0,0,0,1,0,0,0,96,256.4,58.1,47.0,36.2,14,0.13,0.16,0.29,28.59,0,87,0,0
573,232859,Spence,18,Spurs,Defender,2024/25,4.5,4.4,51,1790,1,2,3,39,1,0,0,2,1,0,6,216,433.0,226.6,100.0,76.1,19,0.58,1.41,1.99,34.79,0,133,0,0
574,487053,Udogie,18,Spurs,Defender,2024/25,5.0,4.8,43,1923,0,1,2,35,1,0,0,2,0,0,0,233,354.8,256.5,132.0,74.5,24,0.31,1.22,1.53,33.28,0,131,0,0
575,491279,Van de Ven,18,Spurs,Defender,2024/25,4.5,4.5,32,1014,0,2,2,17,0,0,0,4,0,0,2,139,212.0,39.4,57.0,30.9,12,0.54,0.70,1.24,13.28,0,66,0,0
576,548308,Phillips,18,Spurs,Defender,2024/25,4.0,4.0,0,0,0,0,0,0,0,0,0,0,0,0,0,0,0.0,0.0,0.0,0.0,0,0.00,0.00,0.00,0.00,0,0,0,0
579,85971,Son,18,Spurs,Midfielder,2024/25,10.0,9.7,129,2106,7,10,4,35,0,0,1,1,0,0,12,543,629.6,734.9,707.0,207.2,24,7.25,4.97,12.22,37.99,0,123,0,0
580,242898,Johnson,8,Crystal Palace,Midfielder,2024/25,6.5,6.2,137,2171,11,6,2,38,0,0,0,5,0,0,13,461,559.6,295.0,761.0,161.0,24,10.75,1.99,12.74,38.88,0,119,0,0
581,172780,Maddison,18,Spurs,Midfielder,2024/25,7.5,7.4,133,1799,9,8,6,32,0,0,0,6,0,0,15,592,683.4,702.3,495.0,187.8,21,5.54,5.92,11.46,32.39,0,140,0,0
582,460842,Kudus,18,Spurs,Midfielder,2024/25,6.5,6.2,106,2589,5,4,7,46,0,0,0,2,1,0,5,373,471.6,552.5,752.0,177.5,31,6.97,2.67,9.64,43.46,0,189,0,0
583,445044,Kulusevski,18,Spurs,Midfielder,2024/25,6.5,6.2,117,2386,7,4,6,41,0,0,0,3,0,0,9,426,613.6,843.8,733.0,218.7,27,4.06,4.03,8.09,42.39,0,193,0,0
584,511499,Tel,18,Spurs,Midfielder,2024/25,6.0,5.8,42,908,2,2,2,20,0,0,0,2,0,0,2,151,183.8,208.3,236.0,62.3,11,2.96,1.55,4.51,17.39,0,65,0,0
585,202993,Bentancur,18,Spurs,Midfielder,2024/25,5.0,4.9,49,1640,2,0,3,26,0,0,0,9,0,0,1,293,324.6,208.5,165.0,70.2,21,1.36,1.02,2.38,26.87,0,246,0,0
586,570526,Bergvall,18,Spurs,Midfielder,2024/25,4.5,4.4,44,1200,0,2,3,25,0,0,0,3,0,0,0,216,237.2,218.7,97.0,55.0,11,0.71,0.82,1.53,24.33,0,165,0,0
587,227127,Bissouma,18,Spurs,Midfielder,2024/25,5.0,4.8,50,1396,2,0,3,28,0,0,0,7,0,0,4,258,283.8,133.8,59.0,48.0,16,0.64,0.48,1.12,26.38,0,193,0,0
588,550839,Odobert,18,Spurs,Midfielder,2024/25,5.5,5.3,34,843,1,0,1,20,0,0,0,0,0,0,3,92,101.2,108.6,156.0,36.7,9,1.63,0.76,2.39,16.29,0,57,0,0
589,235674,Solomon,18,Spurs,Midfielder,2024/25,5.5,5.4,0,0,0,0,0,0,0,0,0,0,0,0,0,0,0.0,0.0,0.0,0.0,0,0.00,0.00,0.00,0.00,0,0,0,0
590,436234,Bryan,18,Spurs,Midfielder,2024/25,5.0,5.0,0,0,0,0,0,0,0,0,0,0,0,0,0,0,0.0,0.0,0.0,0.0,0,0.00,0.00,0.00,0.00,0,0,0,0
591,547701,Gray,18,Spurs,Midfielder,2024/25,5.0,4.6,45,1750,0,0,2,41,1,0,0,1,0,0,0,253,254.6,71.4,15.0,34.3,19,0.03,0.19,0.22,37.33,0,162,0,0
592,499721,Moore,18,Spurs,Midfielder,2024/25,4.5,4.5,19,359,0,2,0,5,0,0,0,0,0,0,0,51,33.2,45.2,34.0,11.0,3,0.20,0.56,0.76,6.87,0,19,0,0
593,482442,P.M.Sarr,18,Spurs,Midfielder,2024/25,5.0,4.7,71,1901,3,2,2,38,0,0,0,6,0,0,4,365,398.4,257.2,220.0,87.2,22,3.72,0.78,4.50,36.38,0,228,0,0
594,623095,Min-hyeok,18,Spurs,Midfielder,2024/25,4.5,4.5,0,0,0,0,0,0,0,0,0,0,0,0,0,0,0.0,0.0,0.0,0.0,0,0.00,0.00,0.00,0.00,0,0,0,0
595,499726,Olusesi,18,Spurs,Midfielder,2024/25,4.5,4.5,0,0,0,0,0,0,0,0,0,0,0,0,0,0,0.0,0.0,0.0,0.0,0,0.00,0.00,0.00,0.00,0,0,0,0
596,154566,Solanke,18,Spurs,Forward,2024/25,7.5,7.3,108,2199,9,5,4,43,1,0,0,0,0,0,7,404,505.8,199.8,729.0,142.1,25,10.89,1.13,12.02,40.14,0,89,0,0
597,212319,Richarlison,18,Spurs,Forward,2024/25,7.0,6.8,35,497,4,1,1,9,0,0,0,2,0,0,0,138,180.8,57.1,243.0,47.4,4,3.71,0.60,4.31,7.29,0,25,0,0
598,552427,Lankshear,18,Spurs,Forward,2024/25,4.5,4.5,3,10,0,0,0,0,0,0,0,0,0,0,0,7,0.0,0.0,0.0,0.0,0,0.00,0.00,0.00,0.02,0,0,0,0
599,490145,Scarlett,18,Spurs,Forward,2024/25,4.5,4.4,6,31,0,1,0,1,0,0,0,0,0,0,0,20,24.4,11.0,17.0,5.2,0,0.04,0.00,0.04,0.83,0,5,0,0
600,84182,Areola,19,West Ham,Goalkeeper,2024/25,4.5,4.2,69,2259,0,0,4,41,1,0,0,0,0,82,1,261,619.8,0.0,0.0,62.1,25,0.00,0.00,0.00,37.78,0,0,0,0
601,82143,Foderingham,19,West Ham,Goalkeeper,2024/25,4.5,4.2,0,0,0,0,0,0,0,0,0,0,0,0,0,0,0.0,0.0,0.0,0.0,0,0.00,0.00,0.00,0.00,0,0,0,0
604,109533,Emerson,19,West Ham,Defender,2024/25,4.5,4.4,76,2108,2,1,5,41,0,0,0,5,0,0,4,219,420.4,310.9,173.0,90.4,26,1.95,2.19,4.14,37.51,0,145,0,0
605,214048,Kilman,19,West Ham,Defender,2024/25,4.5,4.3,82,3348,0,1,6,62,0,0,0,5,0,0,5,395,832.6,203.3,149.0,118.8,38,1.55,1.19,2.74,59.71,0,327,0,0
606,233963,Mavropanos,19,West Ham,Defender,2024/25,4.5,4.3,45,2035,0,0,2,39,0,0,0,4,1,0,4,234,497.0,74.9,160.0,73.2,21,1.61,0.39,2.00,37.11,0,216,0,0
607,210494,N.Aguerd,19,West Ham,Defender,2024/25,4.5,4.4,0,0,0,0,0,0,0,0,0,0,0,0,0,0,0.0,0.0,0.0,0.0,0,0.00,0.00,0.00,0.00,0,0,0,0
608,536109,Scarles,19,West Ham,Defender,2024/25,4.0,4.0,29,659,0,0,2,9,0,0,0,1,0,0,2,98,106.4,54.3,24.0,18.6,7,0.11,0.18,0.29,10.12,0,54,0,0
609,462116,Todibo,19,West Ham,Defender,2024/25,4.5,4.2,54,1824,0,0,5,33,0,0,0,3,0,0,1,233,373.0,37.1,35.0,44.5,20,0.36,0.06,0.42,29.86,0,168,0,0
610,214590,Wan-Bissaka,19,West Ham,Defender,2024/25,4.5,4.5,118,3154,2,6,6,59,1,0,0,1,0,0,15,496,807.4,531.5,188.0,152.7,35,1.18,2.75,3.93,56.95,0,258,0,0
611,518438,Casey,19,West Ham,Defender,2024/25,4.0,4.0,1,1,0,0,0,0,0,0,0,0,0,0,0,3,2.0,0.0,0.0,0.2,0,0.00,0.00,0.00,0.09,0,1,0,0
612,224024,L.Paquetá,19,West Ham,Midfielder,2024/25,6.0,5.7,80,2374,4,1,4,50,0,0,0,10,0,0,5,375,433.2,627.7,267.0,132.6,27,5.36,3.36,8.72,43.32,0,271,0,0
613,215439,Souček,19,West Ham,Midfielder,2024/25,5.0,4.8,126,2563,9,2,7,44,0,0,0,8,0,0,15,442,672.6,231.8,643.0,154.0,30,6.60,1.27,7.87,44.29,0,234,0,0
614,101178,Ward-Prowse,3,Burnley,Midfielder,2024/25,6.5,6.1,51,1433,1,2,5,18,0,0,0,2,1,0,2,293,282.4,378.3,138.0,80.0,17,1.59,2.68,4.27,19.29,0,132,0,0
615,450070,Summerville,19,West Ham,Midfielder,2024/25,6.0,5.5,33,776,1,1,2,20,0,0,0,2,0,0,2,129,156.4,246.1,186.0,58.7,7,1.61,1.71,3.32,17.58,0,61,0,0
616,213999,Álvarez,19,West Ham,Midfielder,2024/25,5.0,5.0,40,1769,0,1,3,31,0,0,0,7,1,0,0,221,281.8,213.9,51.0,54.7,20,0.39,0.89,1.28,30.15,0,205,0,0
617,149519,Cornet,19,West Ham,Midfielder,2024/25,5.0,4.7,1,71,0,0,0,4,0,0,0,1,0,0,0,12,11.6,3.5,7.0,2.2,1,0.16,0.00,0.16,1.79,0,9,0,0
618,197024,G.Rodriguez,19,West Ham,Midfielder,2024/25,5.0,4.8,36,1147,0,1,4,19,0,0,0,6,0,0,0,193,205.4,79.7,29.0,31.5,16,0.22,0.17,0.39,20.67,0,141,0,0
619,577114,L.Guilherme,19,West Ham,Midfielder,2024/25,5.0,4.6,12,139,0,0,0,5,0,0,0,0,0,0,0,47,27.6,49.1,32.0,10.8,1,0.42,0.13,0.55,2.61,0,12,0,0
620,490885,Earthy,19,West Ham,Midfielder,2024/25,4.5,4.5,0,0,0,0,0,0,0,0,0,0,0,0,0,0,0.0,0.0,0.0,0.0,0,0.00,0.00,0.00,0.00,0,0,0,0
621,229384,Irving,19,West Ham,Midfielder,2024/25,5.0,4.7,9,161,0,0,0,4,0,0,0,2,0,0,0,38,37.6,26.5,17.0,8.1,1,0.13,0.12,0.25,4.48,0,24,0,0
622,518442,Orford,19,West Ham,Midfielder,2024/25,4.5,4.5,2,47,0,0,0,1,0,0,0,0,0,0,0,13,6.4,27.6,6.0,4.0,0,0.03,0.04,0.07,1.23,0,8,0,0
624,178186,Bowen,19,West Ham,Forward,2024/25,7.5,7.9,193,2974,13,11,8,50,0,0,0,1,0,0,21,678,903.0,737.8,1081.0,271.9,34,8.60,6.47,15.07,51.12,0,211,0,0
625,91889,Füllkrug,19,West Ham,Forward,2024/25,7.0,6.7,42,783,3,2,2,18,0,0,0,2,0,0,3,152,187.2,173.3,221.0,56.8,6,2.14,0.47,2.61,14.22,0,39,0,0
627,101982,Johnstone,20,Wolves,Goalkeeper,2024/25,4.5,4.1,12,630,0,0,0,17,0,0,0,0,0,23,0,42,193.8,10.0,0.0,20.4,7,0.00,0.00,0.00,12.98,0,0,0,0
628,149065,José Sá,20,Wolves,Goalkeeper,2024/25,4.5,4.4,93,2610,0,0,7,48,0,2,0,2,0,71,4,305,603.4,30.0,0.0,63.4,29,0.00,0.01,0.01,42.22,0,0,0,0
629,79602,Bentley,20,Wolves,Goalkeeper,2024/25,4.0,3.9,9,180,0,0,1,4,0,0,0,0,0,8,1,29,60.0,0.0,0.0,6.0,2,0.00,0.00,0.00,3.01,0,0,0,0
630,138001,King,9,Everton,Goalkeeper,2024/25,4.0,3.9,1,1,0,0,0,0,0,0,0,0,0,0,0,3,0.0,0.0,0.0,0.0,0,0.00,0.00,0.00,0.14,0,0,0,0
631,516939,Agbadou,20,Wolves,Defender,2024/25,4.0,4.0,45,1410,1,0,4,22,0,0,0,3,0,0,1,223,395.2,57.3,67.0,52.0,16,0.90,0.32,1.22,23.12,0,144,0,0
632,87835,Doherty,20,Wolves,Defender,2024/25,4.5,4.3,75,2105,2,1,6,38,1,0,0,6,0,0,4,307,502.2,179.9,135.0,81.8,25,1.12,1.24,2.36,32.68,0,170,0,0
633,490721,H.Bueno,20,Wolves,Defender,2024/25,4.5,4.5,0,0,0,0,0,0,0,0,0,0,0,0,0,0,0.0,0.0,0.0,0.0,0,0.00,0.00,0.00,0.00,0,0,0,0
634,501837,Mosquera,20,Wolves,Defender,2024/25,4.0,3.8,3,441,0,0,0,12,0,0,0,2,0,0,0,24,110.2,27.3,21.0,16.0,5,0.33,0.03,0.36,5.63,0,45,0,0
635,483081,R.Gomes,20,Wolves,Defender,2024/25,5.5,5.1,42,794,2,0,1,20,0,0,0,0,0,0,0,183,186.6,180.2,113.0,47.6,7,0.72,0.87,1.59,16.09,0,47,0,0
636,231480,S.Bueno,20,Wolves,Defender,2024/25,4.5,4.3,52,1678,0,0,5,34,0,0,0,2,0,0,2,174,345.4,15.8,80.0,44.2,18,0.45,0.10,0.55,29.40,0,147,0,0
637,510362,Toti,20,Wolves,Defender,2024/25,4.5,4.3,79,2613,0,1,8,45,0,0,0,7,0,0,8,370,617.2,144.2,102.0,86.5,30,0.73,0.60,1.33,41.65,0,250,0,0
638,441271,Hoever,20,Wolves,Defender,2024/25,4.0,4.0,0,0,0,0,0,0,0,0,0,0,0,0,0,0,0.0,0.0,0.0,0.0,0,0.00,0.00,0.00,0.00,0,0,0,0
639,560248,Meupiyou,20,Wolves,Defender,2024/25,4.0,3.9,0,0,0,0,0,0,0,0,0,0,0,0,0,0,0.0,0.0,0.0,0.0,0,0.00,0.00,0.00,0.00,0,0,0,0
640,641221,Pedro Lima,20,Wolves,Defender,2024/25,4.0,3.9,2,69,0,0,0,2,0,0,0,0,0,0,0,9,23.4,34.8,11.0,6.9,1,0.06,0.10,0.16,0.77,0,7,0,0
641,517179,Pond,20,Wolves,Defender,2024/25,4.0,3.9,1,1,0,0,0,0,0,0,0,0,0,0,0,3,0.0,0.0,0.0,0.0,0,0.00,0.00,0.00,0.00,0,0,0,0
642,184754,Hee Chan,20,Wolves,Midfielder,2024/25,6.5,6.1,37,646,2,1,0,19,0,0,0,0,0,0,0,130,111.6,72.7,84.0,26.7,5,0.79,0.35,1.14,12.57,0,46,0,0
643,509291,André,20,Wolves,Midfielder,2024/25,5.0,5.0,61,2472,0,0,7,46,0,0,0,7,0,0,1,436,383.2,285.5,30.0,69.7,31,0.41,0.52,0.93,40.79,0,359,0,0
644,231057,Bellegarde,20,Wolves,Midfielder,2024/25,5.0,4.9,90,1666,2,7,6,31,0,0,0,3,0,0,5,332,355.6,422.8,200.0,97.2,20,1.46,2.74,4.20,26.55,0,131,0,0
646,448089,J.Gomes,20,Wolves,Midfielder,2024/25,5.0,4.9,87,2975,3,1,6,59,0,0,0,9,1,0,7,489,513.4,428.9,231.0,117.3,35,2.94,2.61,5.55,49.50,0,377,0,0
647,181284,Guedes,20,Wolves,Midfielder,2024/25,5.5,5.3,62,979,2,4,3,25,0,0,0,1,0,0,2,187,215.8,213.9,217.0,64.0,10,3.28,0.92,4.20,18.83,0,60,0,0
648,433312,Munetsi,20,Wolves,Midfielder,2024/25,5.0,5.0,50,1077,2,2,5,11,0,0,0,0,0,0,4,134,176.8,132.9,212.0,52.3,12,3.32,1.08,4.39,14.59,0,83,0,0
649,476502,B.Traore,20,Wolves,Midfielder,2024/25,5.0,4.8,1,1,0,0,0,0,0,0,0,0,0,0,0,3,4.0,0.0,0.0,0.4,0,0.00,0.00,0.00,0.00,0,2,0,0
650,497606,Chirewa,20,Wolves,Midfielder,2024/25,4.5,4.5,0,0,0,0,0,0,0,0,0,0,0,0,0,0,0.0,0.0,0.0,0.0,0,0.00,0.00,0.00,0.00,0,0,0,0
651,596054,Edozie,20,Wolves,Midfielder,2024/25,4.5,4.5,0,0,0,0,0,0,0,0,0,0,0,0,0,0,0.0,0.0,0.0,0.0,0,0.00,0.00,0.00,0.00,0,0,0,0
652,593001,Gonzalez,20,Wolves,Midfielder,2024/25,4.5,4.4,0,0,0,0,0,0,0,0,0,0,0,0,0,0,0.0,0.0,0.0,0.0,0,0.00,0.00,0.00,0.00,0,0,0,0
653,240299,Hodge,20,Wolves,Midfielder,2024/25,4.5,4.5,0,0,0,0,0,0,0,0,0,0,0,0,0,0,0.0,0.0,0.0,0.0,0,0.00,0.00,0.00,0.00,0,0,0,0
654,247412,Strand Larsen,8,Crystal Palace,Forward,2024/25,5.5,5.2,145,2587,14,4,7,52,0,0,0,4,0,0,17,570,646.8,303.4,848.0,179.5,30,10.14,1.00,11.14,43.94,0,91,0,0
655,449988,Fábio Silva,20,Wolves,Forward,2024/25,5.0,5.0,0,0,0,0,0,0,0,0,0,0,0,0,0,0,0.0,0.0,0.0,0.0,0,0.00,0.00,0.00,0.00,0,0,0,0
656,429414,Kalajdžić,20,Wolves,Forward,2024/25,5.0,4.8,0,0,0,0,0,0,0,0,0,0,0,0,0,0,0.0,0.0,0.0,0.0,0,0.00,0.00,0.00,0.00,0,0,0,0
657,589507,Chiwome,20,Wolves,Forward,2024/25,4.5,4.4,0,0,0,0,0,0,0,0,0,0,0,0,0,0,0.0,0.0,0.0,0.0,0,0.00,0.00,0.00,0.00,0,0,0,0
658,531363,Fraser,20,Wolves,Forward,2024/25,4.5,4.5,0,0,0,0,0,0,0,0,0,0,0,0,0,0,0.0,0.0,0.0,0.0,0,0.00,0.00,0.00,0.00,0,0,0,0
659,158534,Walker-Peters,19,West Ham,Defender,2024/25,4.5,4.2,54,2918,0,3,2,77,0,0,0,5,0,0,3,240,503.8,406.8,237.0,114.4,33,0.85,2.30,3.14,76.26,0,153,0,0
671,75115,Wilson,19,West Ham,Forward,2024/25,7.0,6.9,19,355,0,0,0,7,0,0,0,1,0,0,0,42,13.0,42.2,71.0,12.1,2,0.36,0.09,0.45,6.07,0,15,0,0
674,225321,Ramsdale,15,Newcastle,Goalkeeper,2024/25,4.5,4.4,97,2700,0,0,3,66,0,2,0,2,0,125,11,315,980.6,0.1,0.0,98.3,30,0.00,0.04,0.04,66.34,0,0,0,0
676,503714,Ugochukwu,3,Burnley,Midfielder,2024/25,4.5,4.4,47,1652,1,1,1,39,0,0,0,7,0,0,3,209,265.0,211.9,84.0,55.9,18,0.85,0.62,1.47,40.28,0,164,0,0
679,467189,Hermansen,19,West Ham,Goalkeeper,2024/25,4.5,4.4,63,2385,0,0,1,58,0,1,0,1,0,103,1,231,827.0,0.2,0.0,82.8,27,0.00,0.02,0.02,55.09,0,0,0,0
680,440323,Broja,3,Burnley,Forward,2024/25,5.5,5.3,12,327,0,0,2,2,0,0,0,1,0,0,0,23,20.2,53.8,43.0,10.9,4,0.11,0.11,0.22,3.82,0,17,0,0
687,606774,Rees-Dottin,4,Bournemouth,Midfielder,2024/25,4.5,4.5,1,1,0,0,0,0,0,0,0,0,0,0,0,3,0.0,0.0,0.0,0.0,0,0.00,0.00,0.00,0.00,0,0,0,0
691,177815,Calvert-Lewin,11,Leeds,Forward,2024/25,6.0,5.4,63,1602,3,2,8,18,0,0,0,2,0,0,3,157,200.2,126.1,573.0,89.2,19,6.53,0.63,7.16,24.83,0,76,0,0
693,503301,Hutchinson,16,Nott'm Forest,Midfielder,2024/25,5.5,5.2,88,2585,3,3,3,61,0,0,0,5,0,0,6,352,383.2,487.5,443.0,131.5,30,2.93,2.46,5.39,51.04,0,162,0,0
706,220627,Justin,11,Leeds,Defender,2024/25,4.5,4.1,70,2912,2,2,3,68,0,0,0,6,0,0,6,218,615.2,258.5,202.0,107.8,34,1.47,0.80,2.27,63.68,0,236,0,0
707,496661,Dibling,9,Everton,Midfielder,2024/25,4.5,4.3,68,1863,2,2,3,50,0,0,0,6,0,0,4,247,261.0,344.5,264.0,87.0,20,2.60,1.47,4.07,49.16,0,143,0,0
708,551226,M.Fernandes,19,West Ham,Midfielder,2024/25,5.0,5.0,95,2911,2,4,5,66,0,0,0,8,0,0,8,513,553.4,649.5,372.0,157.8,34,4.12,3.62,7.74,70.78,0,334,0,0
719,184667,Lindelöf,2,Aston Villa,Defender,2024/25,4.5,4.3,27,695,0,0,2,9,0,0,0,1,0,0,0,100,125.4,48.5,8.0,18.3,6,0.00,0.09,0.09,8.59,0,55,0,0
738,37096,Fabianski,19,West Ham,Goalkeeper,2024/25,4.0,3.9,39,1160,0,0,2,21,0,0,0,2,0,50,2,143,387.8,0.3,0.0,38.7,13,0.00,0.00,0.00,22.78,0,0,0,0
747,602903,Mayers,19,West Ham,Defender,2024/25,4.0,4.0,0,0,0,0,0,0,0,0,0,0,0,0,0,0,0.0,0.0,0.0,0.0,0,0.00,0.00,0.00,0.00,0,0,0,0
748,183656,Dasilva,5,Brentford,Midfielder,2024/25,5.0,4.8,0,0,0,0,0,0,0,0,0,0,0,0,0,0,0.0,0.0,0.0,0.0,0,0.00,0.00,0.00,0.00,0,0,0,0
749,647671,Mané,20,Wolves,Forward,2024/25,4.5,4.5,1,1,0,0,0,0,0,0,0,0,0,0,0,3,0.0,0.3,0.0,0.0,0,0.00,0.00,0.00,0.00,0,0,0,0
753,19236,Ruddy,15,Newcastle,Goalkeeper,2024/25,4.0,3.9,0,0,0,0,0,0,0,0,0,0,0,0,0,0,0.0,0.0,0.0,0.0,0,0.00,0.00,0.00,0.00,0,0,0,0
761,604988,Simmonds,6,Brighton,Defender,2024/25,4.0,4.0,0,0,0,0,0,0,0,0,0,0,0,0,0,0,0.0,0.0,0.0,0.0,0,0.00,0.00,0.00,0.00,0,0,0,0
782,40383,Forster,4,Bournemouth,Goalkeeper,2024/25,4.5,4.3,19,630,0,0,1,15,0,0,0,0,0,29,0,64,221.0,0.0,0.0,22.2,7,0.00,0.00,0.00,14.80,0,0,0,0
783,60307,Groß,6,Brighton,Midfielder,2024/25,6.5,6.5,0,0,0,0,0,0,0,0,0,0,0,0,0,0,0.0,0.0,0.0,0.0,0,0.00,0.00,0.00,0.00,0,0,0,0
788,576637,Kukonki,14,Man Utd,Defender,2024/25,4.0,4.0,0,0,0,0,0,0,0,0,0,0,0,0,0,0,0.0,0.0,0.0,0.0,0,0.00,0.00,0.00,0.00,0,0,0,0
790,611917,Williams-Barnett,18,Spurs,Midfielder,2024/25,4.5,4.5,0,0,0,0,0,0,0,0,0,0,0,0,0,0,0.0,0.0,0.0,0.0,0,0.00,0.00,0.00,0.00,0,0,0,0
794,494307,Alleyne,13,Man City,Defender,2024/25,4.0,4.0,0,0,0,0,0,0,0,0,0,0,0,0,0,0,0.0,0.0,0.0,0.0,0,0.00,0.00,0.00,0.00,0,0,0,0
795,597320,Howell,6,Brighton,Midfielder,2024/25,4.5,4.5,1,6,0,0,0,0,0,0,0,0,0,0,0,5,2.0,0.9,6.0,0.9,0,0.00,0.05,0.05,0.00,0,1,0,0
796,232787,Gallagher,18,Spurs,Midfielder,2024/25,6.0,5.9,0,0,0,0,0,0,0,0,0,0,0,0,0,0,0.0,0.0,0.0,0.0,0,0.00,0.00,0.00,0.00,0,0,0,0
815,220362,Disasi,19,West Ham,Defender,2024/25,4.5,4.2,33,851,1,0,3,12,0,0,0,3,0,0,0,133,169.6,75.6,51.0,29.7,9,0.37,0.37,0.74,16.70,0,52,0,0
817,155511,Armstrong,20,Wolves,Forward,2024/25,5.5,5.1,45,1246,2,3,2,35,0,0,1,4,0,0,2,145,154.4,143.7,262.0,56.0,15,3.28,0.56,3.84,33.47,0,47,0,0
840,567119,Mheuka,7,Chelsea,Forward,2024/25,4.5,4.5,1,1,0,0,0,0,0,0,0,0,0,0,0,5,3.0,0.0,17.0,2.0,0,0.06,0.00,0.06,0.00,0,0,0,0
1,154561,Raya,1,Arsenal,Goalkeeper,2025/26,5.5,6.2,162,3330,0,0,19,26,0,0,0,1,0,60,11,633,541.6,33.5,0.0,57.5,37,0.00,0.07,0.07,27.56,37,0,304,1
2,109745,Arrizabalaga,1,Arsenal,Goalkeeper,2025/26,4.5,4.0,2,90,0,0,0,1,0,0,0,0,0,2,0,11,19.8,0.0,0.0,2.0,1,0.00,0.00,0.00,0.98,3,0,8,0
3,463748,Hein,1,Arsenal,Goalkeeper,2025/26,4.0,4.0,0,0,0,0,0,0,0,0,0,0,0,0,0,0,0.0,0.0,0.0,0.0,0,0.00,0.00,0.00,0.00,0,0,0,0
4,551221,Setford,1,Arsenal,Goalkeeper,2025/26,4.0,3.9,0,0,0,0,0,0,0,0,0,0,0,0,0,0,0.0,0.0,0.0,0.0,0,0.00,0.00,0.00,0.00,0,0,0,0
5,226597,Gabriel,1,Arsenal,Defender,2025/26,6.0,7.3,209,2750,3,5,18,20,0,0,0,4,0,0,30,724,824.0,128.5,298.0,125.0,30,2.94,1.75,4.69,22.01,239,277,64,38
6,462424,Saliba,1,Arsenal,Defender,2025/26,6.0,6.3,137,2614,1,0,15,20,0,0,0,2,0,0,12,581,552.6,201.0,90.0,84.3,30,0.88,1.21,2.09,20.41,158,193,113,35
7,466075,Calafiori,1,Arsenal,Defender,2025/26,5.5,5.6,109,1697,1,2,13,8,0,0,0,5,0,0,6,389,283.0,182.3,313.0,77.9,22,3.36,0.76,4.12,9.72,70,102,74,32
8,445122,J.Timber,1,Arsenal,Defender,2025/26,5.5,6.0,149,2452,3,6,13,20,0,0,0,5,0,0,9,532,499.0,402.6,352.0,125.7,28,4.71,1.53,6.24,17.45,82,148,97,66
9,440854,Kiwior,1,Arsenal,Defender,2025/26,5.5,5.4,0,0,0,0,0,0,0,0,0,0,0,0,0,0,0.0,0.0,0.0,0.0,0,0.00,0.00,0.00,0.00,0,0,0,0
10,499169,Lewis-Skelly,1,Arsenal,Defender,2025/26,5.5,5.0,29,697,0,0,2,8,0,0,0,3,0,0,0,110,73.2,74.6,29.0,17.6,5,0.10,0.20,0.30,9.01,17,25,30,8
11,198869,White,1,Arsenal,Defender,2025/26,5.5,5.1,45,699,0,1,5,6,0,0,0,0,0,0,3,181,154.8,133.4,54.0,34.3,9,0.45,0.69,1.14,8.68,38,53,28,15
12,206325,Zinchenko,16,Nott'm Forest,Defender,2025/26,5.0,4.9,7,352,0,0,0,6,0,0,0,0,0,0,0,56,80.8,83.4,22.0,18.6,4,0.07,0.36,0.43,5.02,14,24,17,10
13,563324,Clarke,1,Arsenal,Defender,2025/26,4.0,3.7,0,0,0,0,0,0,0,0,0,0,0,0,0,0,0.0,0.0,0.0,0.0,0,0.00,0.00,0.00,0.00,0,0,0,0
14,588793,Kacurri,1,Arsenal,Defender,2025/26,4.0,3.9,0,0,0,0,0,0,0,0,0,0,0,0,0,0,0.0,0.0,0.0,0.0,0,0.00,0.00,0.00,0.00,0,0,0,0
15,499167,Nichols,1,Arsenal,Defender,2025/26,4.0,3.7,0,0,0,0,0,0,0,0,0,0,0,0,0,0,0.0,0.0,0.0,0.0,0,0.00,0.00,0.00,0.00,0,0,0,0
16,223340,Saka,1,Arsenal,Midfielder,2025/26,10.0,10.0,157,2218,7,10,12,16,0,0,0,2,0,0,18,570,627.0,847.6,828.0,230.6,25,7.57,7.16,14.73,15.57,28,184,116,40
17,184029,Ødegaard,1,Arsenal,Midfielder,2025/26,8.0,7.8,74,1363,1,7,6,13,0,0,0,0,0,0,5,306,311.8,564.4,168.0,104.4,16,1.25,3.65,4.90,16.20,13,102,70,19
18,248857,Madueke,1,Arsenal,Midfielder,2025/26,7.0,6.8,72,1205,3,1,8,9,0,0,0,0,0,0,9,254,257.4,352.8,404.0,101.3,16,1.23,2.86,4.09,12.77,14,70,35,21
19,444145,Martinelli,1,Arsenal,Midfielder,2025/26,7.0,6.8,57,1065,1,5,2,8,0,0,0,3,0,0,3,195,204.6,202.2,390.0,79.0,11,4.12,1.27,5.39,10.51,13,77,52,12
20,116216,Trossard,1,Arsenal,Midfielder,2025/26,7.0,6.6,119,1997,6,6,11,15,0,0,0,2,0,0,11,445,494.0,545.5,541.0,158.3,21,5.60,3.59,9.18,13.94,26,133,80,27
21,204480,Rice,1,Arsenal,Midfielder,2025/26,6.5,7.2,184,3093,4,9,18,25,0,0,0,3,0,0,23,790,827.2,1027.4,298.0,215.4,35,3.15,7.32,10.47,23.87,127,376,180,69
22,195384,Merino,1,Arsenal,Midfielder,2025/26,6.0,5.3,67,1024,4,3,4,10,0,0,0,1,0,0,5,236,304.4,191.8,244.0,73.6,10,3.36,1.45,4.81,7.36,30,113,57,26
23,438098,Fábio Vieira,1,Arsenal,Midfielder,2025/26,5.5,5.4,0,0,0,0,0,0,0,0,0,0,0,0,0,0,0.0,0.0,0.0,0.0,0,0.00,0.00,0.00,0.00,0,0,0,0
24,128295,Nørgaard,1,Arsenal,Midfielder,2025/26,5.5,5.1,7,101,0,0,0,1,0,0,0,0,0,0,0,28,23.4,5.5,10.0,4.0,1,0.08,0.04,0.12,2.28,9,16,4,3
25,499175,Nwaneri,1,Arsenal,Midfielder,2025/26,5.5,5.0,8,165,0,0,1,0,0,0,0,0,0,0,0,20,8.6,22.5,24.0,5.4,0,0.23,0.08,0.31,0.73,1,13,10,2
26,481655,Zubimendi,1,Arsenal,Midfielder,2025/26,5.5,4.9,133,2991,5,1,16,25,0,0,0,4,0,0,9,604,603.2,385.1,271.0,126.2,34,2.84,2.27,5.11,26.09,123,307,116,68
27,200641,Nelson,5,Brentford,Midfielder,2025/26,5.0,4.8,13,118,0,1,0,2,0,0,0,0,0,0,0,39,42.6,32.6,29.0,10.0,0,0.71,0.11,0.82,3.02,3,23,16,4
28,588796,Kabia,1,Arsenal,Midfielder,2025/26,4.5,4.5,0,0,0,0,0,0,0,0,0,0,0,0,0,0,0.0,0.0,0.0,0.0,0,0.00,0.00,0.00,0.00,0,0,0,0
29,437742,Sambi,1,Arsenal,Midfielder,2025/26,4.5,4.5,0,0,0,0,0,0,0,0,0,0,0,0,0,0,0.0,0.0,0.0,0.0,0,0.00,0.00,0.00,0.00,0,0,0,0
30,219847,Havertz,1,Arsenal,Forward,2025/26,7.5,7.3,36,577,2,3,4,4,0,0,0,1,0,0,3,143,152.6,134.6,210.0,49.9,7,3.31,0.64,3.95,6.68,10,32,14,8
31,205651,G.Jesus,1,Arsenal,Forward,2025/26,6.5,6.4,24,418,3,0,1,6,0,0,0,3,0,0,0,92,141.8,54.3,281.0,47.5,3,2.71,0.26,2.97,3.97,7,30,19,4
32,98980,Martinez,2,Aston Villa,Goalkeeper,2025/26,5.0,5.0,120,2835,0,1,7,39,0,1,0,2,0,95,11,530,769.8,23.2,0.0,79.2,32,0.00,0.08,0.08,42.92,27,0,272,0
33,72147,M.Bizot,2,Aston Villa,Goalkeeper,2025/26,4.5,4.2,16,585,0,0,1,10,0,0,0,2,0,19,0,75,139.2,0.0,0.0,13.9,6,0.00,0.00,0.00,11.02,10,0,53,0
34,462492,Gauci,2,Aston Villa,Goalkeeper,2025/26,4.0,4.0,0,0,0,0,0,0,0,0,0,0,0,0,0,0,0.0,0.0,0.0,0.0,0,0.00,0.00,0.00,0.00,0,0,0,0
35,462381,Marschall,2,Aston Villa,Goalkeeper,2025/26,4.0,4.0,0,0,0,0,0,0,0,0,0,0,0,0,0,0,0.0,0.0,0.0,0.0,0,0.00,0.00,0.00,0.00,0,0,0,0
36,199796,Cash,2,Aston Villa,Defender,2025/26,4.5,4.6,117,3016,3,3,8,38,0,0,0,9,0,0,7,450,643.0,510.7,221.0,137.5,34,1.14,2.94,4.08,45.45,120,186,88,66
37,101188,Digne,2,Aston Villa,Defender,2025/26,4.5,4.5,97,1842,0,7,7,23,0,0,0,3,0,0,5,381,400.2,455.5,130.0,98.5,21,0.67,3.28,3.95,27.79,77,113,63,36
38,199798,Konsa,2,Aston Villa,Defender,2025/26,4.5,4.4,100,3035,0,1,9,44,0,0,0,0,1,0,3,497,601.4,108.3,124.0,84.0,34,1.27,0.59,1.86,48.93,174,196,108,22
39,441302,Maatsen,2,Aston Villa,Defender,2025/26,4.5,4.2,54,1590,0,1,2,27,0,0,0,2,0,0,1,242,336.6,373.4,231.0,94.3,17,1.26,2.39,3.65,26.64,85,128,82,43
40,149484,Mings,2,Aston Villa,Defender,2025/26,4.5,4.3,50,1322,0,1,3,23,0,0,0,1,0,0,4,169,282.6,80.5,105.0,46.8,15,1.30,0.42,1.72,23.37,102,107,47,5
41,244954,Pau,2,Aston Villa,Defender,2025/26,4.5,4.3,64,1673,0,2,5,19,1,0,0,1,0,0,2,280,321.8,47.1,79.0,45.1,18,1.33,0.39,1.72,22.81,90,112,79,22
42,606798,A.García,2,Aston Villa,Defender,2025/26,4.0,3.9,5,83,0,0,0,3,0,0,0,0,0,0,0,12,17.8,3.2,2.0,2.3,1,0.00,0.01,0.01,2.74,5,10,4,5
43,106468,Alex Moreno,2,Aston Villa,Defender,2025/26,4.0,4.0,0,0,0,0,0,0,0,0,0,0,0,0,0,0,0.0,0.0,0.0,0.0,0,0.00,0.00,0.00,0.00,0,0,0,0
44,515597,Bogarde,2,Aston Villa,Defender,2025/26,4.0,4.0,40,1042,0,0,2,17,0,0,0,5,0,0,4,121,133.0,59.4,14.0,20.6,11,0.00,0.20,0.20,15.38,34,60,43,26
45,514315,Sousa,2,Aston Villa,Defender,2025/26,4.0,3.8,0,0,0,0,0,0,0,0,0,0,0,0,0,0,0.0,0.0,0.0,0.0,0,0.00,0.00,0.00,0.00,0,0,0,0
46,587178,Yasin,2,Aston Villa,Defender,2025/26,4.0,4.0,0,0,0,0,0,0,0,0,0,0,0,0,0,0,0.0,0.0,0.0,0.0,0,0.00,0.00,0.00,0.00,0,0,0,0
47,244850,Rogers,2,Aston Villa,Midfielder,2025/26,7.0,7.3,169,3280,10,8,9,48,0,0,0,7,0,0,17,605,746.2,706.2,871.0,232.0,37,6.84,4.32,11.16,51.55,49,230,139,42
48,166989,Tielemans,2,Aston Villa,Midfielder,2025/26,6.0,5.9,68,1857,0,4,4,27,0,0,0,0,0,0,3,417,432.0,513.6,184.0,113.1,21,1.14,3.26,4.40,31.34,51,203,94,58
49,215711,Bailey,2,Aston Villa,Midfielder,2025/26,5.5,5.5,21,450,0,2,0,9,0,0,0,1,0,0,0,69,71.2,160.4,69.0,30.1,3,0.50,1.46,1.96,7.03,7,48,31,10
50,195546,Buendía,2,Aston Villa,Midfielder,2025/26,5.5,5.3,102,1753,6,2,3,24,0,0,0,6,0,0,10,382,427.0,402.1,398.0,121.4,21,3.38,2.23,5.61,28.03,39,197,109,49
51,469247,Iling Jr,2,Aston Villa,Midfielder,2025/26,5.5,5.5,0,0,0,0,0,0,0,0,0,0,0,0,0,0,0.0,0.0,0.0,0.0,0,0.00,0.00,0.00,0.00,0,0,0,0
52,232653,J.Ramsey,15,Newcastle,Midfielder,2025/26,5.5,5.3,62,1441,2,3,1,31,0,0,0,3,1,0,3,303,304.4,330.3,165.0,79.9,15,1.20,1.45,2.65,27.24,23,149,85,41
53,204646,Malen,2,Aston Villa,Midfielder,2025/26,5.5,5.1,55,640,4,2,1,10,0,0,0,0,0,0,3,161,183.4,99.7,290.0,56.3,5,4.03,0.35,4.38,10.59,2,16,10,4
54,122806,McGinn,2,Aston Villa,Midfielder,2025/26,5.5,5.3,103,2136,5,4,8,28,0,0,0,5,0,0,6,443,459.8,605.3,309.0,137.3,28,3.00,4.11,7.11,33.08,32,150,89,29
55,88894,Barkley,2,Aston Villa,Midfielder,2025/26,5.0,4.8,56,844,3,2,1,15,0,0,0,1,0,0,5,221,227.8,162.3,191.0,58.1,7,1.58,1.26,2.84,13.20,15,74,45,14
56,491287,Barrenechea,2,Aston Villa,Midfielder,2025/26,5.0,5.0,0,0,0,0,0,0,0,0,0,0,0,0,0,0,0.0,0.0,0.0,0.0,0,0.00,0.00,0.00,0.00,0,0,0,0
57,461421,Dobbin,2,Aston Villa,Midfielder,2025/26,5.0,5.0,0,0,0,0,0,0,0,0,0,0,0,0,0,0,0.0,0.0,0.0,0.0,0,0.00,0.00,0.00,0.00,0,0,0,0
58,226944,Kamara,2,Aston Villa,Midfielder,2025/26,5.0,4.9,61,1410,1,3,5,15,0,0,0,5,0,0,7,282,325.0,241.3,75.0,64.2,17,0.53,0.84,1.36,20.80,46,149,65,38
59,449871,Onana,2,Aston Villa,Midfielder,2025/26,5.0,4.8,76,1755,2,0,6,26,0,0,0,3,0,0,4,353,413.2,152.6,178.0,74.4,21,1.68,0.69,2.37,28.53,99,219,72,48
60,577731,Broggio,2,Aston Villa,Midfielder,2025/26,4.5,4.4,0,0,0,0,0,0,0,0,0,0,0,0,0,0,0.0,0.0,0.0,0.0,0,0.00,0.00,0.00,0.00,0,0,0,0
61,151589,Dendoncker,2,Aston Villa,Midfielder,2025/26,4.5,4.5,0,0,0,0,0,0,0,0,0,0,0,0,0,0,0.0,0.0,0.0,0.0,0,0.00,0.00,0.00,0.00,0,0,0,0
62,559962,Jimoh-Aloba,2,Aston Villa,Midfielder,2025/26,4.5,4.5,1,8,0,0,0,0,0,0,0,0,0,0,0,3,0.2,0.3,0.0,0.1,0,0.00,0.00,0.00,0.61,0,1,1,0
63,537403,Young,2,Aston Villa,Midfielder,2025/26,4.5,4.3,0,0,0,0,0,0,0,0,0,0,0,0,0,0,0.0,0.0,0.0,0.0,0,0.00,0.00,0.00,0.00,0,0,0,0
64,178301,Watkins,2,Aston Villa,Forward,2025/26,9.0,8.7,167,2833,16,4,9,38,0,0,0,4,0,0,26,623,720.2,330.9,1206.0,225.2,33,15.40,1.18,16.58,43.39,23,94,49,22
65,576756,Redmond,2,Aston Villa,Forward,2025/26,4.5,4.5,0,0,0,0,0,0,0,0,0,0,0,0,0,0,0.0,0.0,0.0,0.0,0,0.00,0.00,0.00,0.00,0,0,0,0
66,69752,Neto,4,Bournemouth,Goalkeeper,2025/26,4.5,4.5,0,0,0,0,0,0,0,0,0,0,0,0,0,0,0.0,0.0,0.0,0.0,0,0.00,0.00,0.00,0.00,0,0,0,0
67,457569,Petrović,4,Bournemouth,Goalkeeper,2025/26,4.5,4.6,124,3420,0,0,11,54,1,0,0,3,0,109,5,512,822.6,0.0,0.0,82.4,38,0.00,0.00,0.00,56.72,62,0,285,0
68,444172,Dennis,4,Bournemouth,Goalkeeper,2025/26,4.0,4.0,0,0,0,0,0,0,0,0,0,0,0,0,0,0,0.0,0.0,0.0,0.0,0,0.00,0.00,0.00,0.00,0,0,0,0
69,568791,McKenna,4,Bournemouth,Goalkeeper,2025/26,4.0,3.9,0,0,0,0,0,0,0,0,0,0,0,0,0,0,0.0,0.0,0.0,0.0,0,0.00,0.00,0.00,0.00,0,0,0,0
70,495145,Paulsen,4,Bournemouth,Goalkeeper,2025/26,4.0,4.0,0,0,0,0,0,0,0,0,0,0,0,0,0,0,0.0,0.0,0.0,0.0,0,0.00,0.00,0.00,0.00,0,0,0,0
71,477580,Zabarnyi,4,Bournemouth,Defender,2025/26,5.0,5.0,0,0,0,0,0,0,0,0,0,0,0,0,0,0,0.0,0.0,0.0,0.0,0,0.00,0.00,0.00,0.00,0,0,0,0
72,221466,Senesi,4,Bournemouth,Defender,2025/26,4.5,5.2,175,3288,0,6,11,53,0,0,0,8,0,0,14,571,1114.4,367.8,201.0,168.6,37,1.53,4.72,6.25,54.77,357,419,155,62
73,54469,Smith,4,Bournemouth,Defender,2025/26,4.5,4.4,58,1073,0,2,6,16,0,0,0,3,0,0,4,185,176.2,76.6,18.0,27.1,14,0.00,0.23,0.23,18.18,55,70,29,15
74,494521,Truffert,4,Bournemouth,Defender,2025/26,4.5,4.8,165,3378,1,6,11,51,0,0,0,5,0,0,19,607,857.0,574.2,194.0,162.6,38,1.35,3.07,4.42,54.42,199,301,188,102
75,541462,Akinmboni,4,Bournemouth,Defender,2025/26,4.0,3.8,0,0,0,0,0,0,0,0,0,0,0,0,0,0,0.0,0.0,0.0,0.0,0,0.00,0.00,0.00,0.00,0,0,0,0
76,518906,Bevan,4,Bournemouth,Defender,2025/26,4.0,3.8,0,0,0,0,0,0,0,0,0,0,0,0,0,0,0.0,0.0,0.0,0.0,0,0.00,0.00,0.00,0.00,0,0,0,0
77,463981,Hill,4,Bournemouth,Defender,2025/26,4.0,4.2,110,2102,0,3,8,24,2,0,0,5,0,0,4,386,579.4,161.7,119.0,86.3,22,0.89,1.16,2.04,33.42,221,260,74,39
78,436893,J.Araujo,4,Bournemouth,Defender,2025/26,4.0,3.8,0,0,0,0,0,0,0,0,0,0,0,0,0,0,0.0,0.0,0.0,0.0,0,0.00,0.00,0.00,0.00,0,0,0,0
79,223911,Mepham,4,Bournemouth,Defender,2025/26,4.0,4.0,0,0,0,0,0,0,0,0,0,0,0,0,0,0,0.0,0.0,0.0,0.0,0,0.00,0.00,0.00,0.00,0,0,0,0
80,575901,Soler,4,Bournemouth,Defender,2025/26,4.0,3.9,3,34,0,0,0,2,0,0,0,0,0,0,0,2,1.8,2.5,2.0,0.6,0,0.00,0.00,0.00,1.62,0,1,4,1
81,222683,Kluivert,4,Bournemouth,Midfielder,2025/26,7.0,6.9,41,945,2,0,4,19,0,0,0,5,0,0,3,147,148.0,305.1,135.0,58.8,10,2.31,1.55,3.86,17.96,9,65,46,10
82,437730,Semenyo,13,Man City,Midfielder,2025/26,7.0,8.0,202,3200,17,6,12,52,0,0,1,7,0,0,18,678,923.2,607.4,1047.0,257.7,37,11.10,3.12,14.21,47.67,49,236,142,45
83,533463,O.Dango,5,Brentford,Midfielder,2025/26,6.0,5.6,136,2271,7,8,6,35,0,0,0,5,0,0,16,429,509.8,422.8,702.0,162.8,25,7.94,4.12,12.06,34.75,76,185,85,24
84,201658,Tavernier,4,Bournemouth,Midfielder,2025/26,5.5,5.3,137,2732,7,4,11,44,0,0,0,6,0,0,14,552,656.8,816.6,605.0,207.9,31,9.06,4.60,13.66,41.06,62,251,150,39
85,200785,Adams,4,Bournemouth,Midfielder,2025/26,5.0,4.9,77,1769,2,2,7,28,0,0,0,8,0,0,3,346,387.0,158.2,115.0,66.3,21,0.63,0.63,1.26,27.18,83,232,96,53
86,111317,Brooks,4,Bournemouth,Midfielder,2025/26,5.0,5.0,59,1188,1,3,5,20,0,0,0,7,0,0,4,215,236.2,384.5,434.0,104.1,13,5.81,3.40,9.21,20.25,19,94,56,19
87,158499,Christie,4,Bournemouth,Midfielder,2025/26,5.0,4.9,47,978,2,1,3,14,0,0,0,3,1,0,2,214,226.6,197.0,220.0,64.7,9,1.81,0.79,2.60,19.14,34,123,62,27
88,155408,Cook,4,Bournemouth,Midfielder,2025/26,5.0,4.9,40,872,0,1,1,19,0,0,0,1,1,0,0,190,206.8,183.8,12.0,40.6,8,0.07,0.52,0.59,14.00,56,143,62,25
89,168991,Philip,4,Bournemouth,Midfielder,2025/26,5.0,4.9,0,0,0,0,0,0,0,0,0,0,0,0,0,0,0.0,0.0,0.0,0.0,0,0.00,0.00,0.00,0.00,0,0,0,0
90,503139,Scott,4,Bournemouth,Midfielder,2025/26,5.0,4.9,136,2848,3,2,11,41,0,0,0,5,0,0,9,603,597.2,482.0,314.0,139.0,34,3.80,2.94,6.74,47.02,133,386,193,60
91,224995,Sinisterra,4,Bournemouth,Midfielder,2025/26,5.0,5.0,0,0,0,0,0,0,0,0,0,0,0,0,0,0,0.0,0.0,0.0,0.0,0,0.00,0.00,0.00,0.00,0,0,0,0
92,441240,Faivre,4,Bournemouth,Midfielder,2025/26,4.5,4.5,0,0,0,0,0,0,0,0,0,0,0,0,0,0,0.0,0.0,0.0,0.0,0,0.00,0.00,0.00,0.00,0,0,0,0
93,424044,H.Traorè,4,Bournemouth,Midfielder,2025/26,4.5,4.5,4,16,0,1,0,2,0,0,0,0,0,0,0,12,21.2,10.0,0.0,3.1,0,0.00,0.00,0.00,0.40,1,4,2,1
94,550596,Sadi,4,Bournemouth,Midfielder,2025/26,4.5,4.5,0,0,0,0,0,0,0,0,0,0,0,0,0,0,0.0,0.0,0.0,0.0,0,0.00,0.00,0.00,0.00,0,0,0,0
95,530121,Silcott-Duberry,4,Bournemouth,Midfielder,2025/26,4.5,4.4,0,0,0,0,0,0,0,0,0,0,0,0,0,0,0.0,0.0,0.0,0.0,0,0.00,0.00,0.00,0.00,0,0,0,0
96,606775,Winterburn,4,Bournemouth,Midfielder,2025/26,4.5,4.5,1,6,0,0,0,2,0,0,0,0,0,0,0,3,0.0,0.0,0.0,0.0,0,0.00,0.00,0.00,0.31,0,0,0,0
97,444102,Evanilson,4,Bournemouth,Forward,2025/26,7.0,6.6,115,2741,6,7,11,40,0,0,0,2,0,0,6,412,350.6,397.9,809.0,155.5,32,10.64,1.48,12.12,39.02,42,135,80,13
98,168636,Enes Ünal,4,Bournemouth,Forward,2025/26,5.5,5.4,27,214,1,0,0,3,0,0,0,1,0,0,1,83,70.2,25.0,104.0,19.1,0,2.00,0.07,2.07,6.16,15,23,7,1
99,590760,Adu-Adjei,4,Bournemouth,Forward,2025/26,4.5,4.4,0,0,0,0,0,0,0,0,0,0,0,0,0,0,0.0,0.0,0.0,0.0,0,0.00,0.00,0.00,0.00,0,0,0,0
100,560262,Kroupi.Jr,4,Bournemouth,Forward,2025/26,4.5,4.7,113,1663,13,0,10,21,0,0,0,5,0,0,13,480,532.2,306.9,563.0,139.9,21,8.31,1.51,9.82,25.91,42,112,61,9
101,200720,Kelleher,5,Brentford,Goalkeeper,2025/26,4.5,4.8,143,3330,0,0,10,49,0,3,0,1,0,109,11,570,913.8,23.0,0.0,93.8,37,0.00,0.22,0.22,53.48,48,0,301,1
102,235448,Balcombe,5,Brentford,Goalkeeper,2025/26,4.0,3.9,0,0,0,0,0,0,0,0,0,0,0,0,0,0,0.0,0.0,0.0,0.0,0,0.00,0.00,0.00,0.00,0,0,0,0
103,503300,Cox,5,Brentford,Goalkeeper,2025/26,4.0,3.9,0,0,0,0,0,0,0,0,0,0,0,0,0,0,0.0,0.0,0.0,0.0,0,0.00,0.00,0.00,0.00,0,0,0,0
104,535017,Eyestone,5,Brentford,Goalkeeper,2025/26,4.0,3.9,0,0,0,0,0,0,0,0,0,0,0,0,0,0,0.0,0.0,0.0,0.0,0,0.00,0.00,0.00,0.00,0,0,0,0
105,507433,Valdimarsson,5,Brentford,Goalkeeper,2025/26,4.0,3.8,1,90,0,0,0,3,0,0,0,0,0,1,0,1,13.0,0.0,0.0,1.3,1,0.00,0.00,0.00,0.97,0,0,7,0
106,432830,Collins,5,Brentford,Defender,2025/26,5.0,4.9,129,2971,1,2,9,44,1,0,0,7,0,0,7,450,848.6,143.8,325.0,131.9,32,2.24,1.71,3.95,47.52,287,319,139,32
107,249231,Lewis-Potter,5,Brentford,Defender,2025/26,5.0,4.8,115,1960,3,4,9,32,0,0,0,1,0,0,5,356,378.2,332.2,353.0,106.4,22,3.01,2.51,5.52,33.74,51,74,96,23
108,191866,Ajer,5,Brentford,Defender,2025/26,4.5,4.4,76,1805,0,2,5,32,0,0,0,4,0,0,1,211,401.4,59.1,165.0,62.7,20,0.69,0.73,1.42,31.51,155,192,59,37
109,194010,Henry,5,Brentford,Defender,2025/26,4.5,4.3,52,1322,0,2,4,22,0,0,0,2,0,0,0,144,151.6,82.0,35.0,26.9,14,0.18,0.54,0.72,23.91,53,68,72,15
110,607464,Kayode,5,Brentford,Defender,2025/26,4.5,4.6,113,3258,1,2,10,49,1,0,0,8,0,0,9,494,613.8,470.2,130.0,121.7,37,1.28,2.89,4.17,52.65,151,219,163,68
111,231065,Pinnock,5,Brentford,Defender,2025/26,4.5,4.2,14,318,0,0,1,5,1,0,0,1,0,0,2,53,88.6,1.2,33.0,12.3,4,0.01,0.06,0.07,3.70,37,42,11,5
112,226956,Roerslev,5,Brentford,Defender,2025/26,4.5,4.5,0,0,0,0,0,0,0,0,0,0,0,0,0,0,0.0,0.0,0.0,0.0,0,0.00,0.00,0.00,0.00,0,0,0,0
113,444765,Van den Berg,5,Brentford,Defender,2025/26,4.5,4.4,113,2761,0,3,8,41,0,0,0,2,0,0,3,435,659.0,98.0,305.0,106.3,30,3.36,1.45,4.81,41.59,249,272,109,23
114,622536,Arthur,5,Brentford,Defender,2025/26,4.0,3.8,0,0,0,0,0,0,0,0,0,0,0,0,0,0,0.0,0.0,0.0,0.0,0,0.00,0.00,0.00,0.00,0,0,0,0
115,612534,Fredrick,5,Brentford,Defender,2025/26,4.0,4.0,0,0,0,0,0,0,0,0,0,0,0,0,0,0,0.0,0.0,0.0,0.0,0,0.00,0.00,0.00,0.00,0,0,0,0
116,472713,Hickey,5,Brentford,Defender,2025/26,4.0,4.0,37,679,0,0,2,9,0,0,0,1,0,0,0,105,101.4,17.1,43.0,16.0,8,0.44,0.17,0.61,9.03,36,51,35,15
117,570241,Ji-soo,5,Brentford,Defender,2025/26,4.0,3.9,0,0,0,0,0,0,0,0,0,0,0,0,0,0,0.0,0.0,0.0,0.0,0,0.00,0.00,0.00,0.00,0,0,0,0
118,499717,Meghoma,5,Brentford,Defender,2025/26,4.0,4.0,0,0,0,0,0,0,0,0,0,0,0,0,0,0,0.0,0.0,0.0,0.0,0,0.00,0.00,0.00,0.00,0,0,0,0
119,446008,Mbeumo,14,Man Utd,Midfielder,2025/26,8.0,8.3,148,2611,11,3,8,37,0,0,0,4,0,0,16,528,628.8,803.1,882.0,231.4,31,11.98,4.99,16.97,35.87,23,139,91,25
120,513418,Schade,5,Brentford,Midfielder,2025/26,7.0,6.8,125,2744,8,5,11,34,0,0,1,6,1,0,5,385,536.8,380.1,821.0,172.8,32,12.08,2.05,14.13,40.05,54,190,94,42
121,440089,Damsgaard,5,Brentford,Midfielder,2025/26,6.0,5.6,113,2046,4,4,5,32,0,0,0,0,0,0,9,467,530.6,691.3,326.0,155.0,24,2.61,5.43,8.04,31.55,45,241,139,57
122,543295,Milambo,5,Brentford,Midfielder,2025/26,5.5,5.2,1,45,0,0,0,3,0,0,0,0,0,0,0,5,4.0,1.8,0.0,0.6,1,0.00,0.01,0.01,1.49,0,4,2,2
123,244858,Carvalho,5,Brentford,Midfielder,2025/26,5.0,4.6,13,100,1,0,0,4,0,0,0,0,0,0,1,42,39.0,6.5,36.0,8.1,1,0.70,0.03,0.73,2.08,0,8,5,3
124,56979,Henderson,5,Brentford,Midfielder,2025/26,5.0,5.0,76,1911,1,3,6,28,0,0,0,6,0,0,5,343,336.6,358.3,49.0,74.4,22,0.33,2.31,2.64,28.16,58,183,98,27
125,204580,Janelt,5,Brentford,Midfielder,2025/26,5.0,4.9,74,1434,1,4,5,21,0,0,0,8,0,0,6,334,350.4,351.8,97.0,79.0,15,0.82,2.27,3.09,26.62,71,183,85,27
126,207283,Jensen,5,Brentford,Midfielder,2025/26,5.0,4.9,98,2239,3,2,9,33,0,0,0,3,0,0,1,465,435.6,632.7,201.0,126.9,26,2.21,6.06,8.27,35.72,62,220,118,40
127,626464,Nunes,5,Brentford,Midfielder,2025/26,5.0,4.9,0,0,0,0,0,0,0,0,0,0,0,0,0,0,0.0,0.0,0.0,0.0,0,0.00,0.00,0.00,0.00,0,0,0,0
128,428580,Onyeka,5,Brentford,Midfielder,2025/26,5.0,4.8,12,88,0,2,0,2,0,0,0,0,0,0,0,41,28.4,13.6,4.0,4.6,0,0.00,0.36,0.36,2.02,3,10,5,2
129,508395,Yarmoliuk,5,Brentford,Midfielder,2025/26,5.0,5.0,104,2652,1,3,8,42,0,0,0,7,0,0,1,448,445.0,273.0,117.0,83.4,30,1.22,1.39,2.61,40.31,83,338,186,69
130,606689,Donovan,5,Brentford,Midfielder,2025/26,4.5,4.4,4,38,0,0,0,0,0,0,0,0,0,0,0,19,8.4,11.5,21.0,4.2,0,0.09,0.01,0.10,0.39,0,5,5,0
131,628204,Konak,5,Brentford,Midfielder,2025/26,4.5,4.3,0,0,0,0,0,0,0,0,0,0,0,0,0,0,0.0,0.0,0.0,0.0,0,0.00,0.00,0.00,0.00,0,0,0,0
132,220695,Maghoma,5,Brentford,Midfielder,2025/26,4.5,4.5,0,0,0,0,0,0,0,0,0,0,0,0,0,0,0.0,0.0,0.0,0.0,0,0.00,0.00,0.00,0.00,0,0,0,0
133,450539,Peart-Harris,5,Brentford,Midfielder,2025/26,4.5,4.4,1,1,0,0,0,0,0,0,0,0,0,0,0,2,0.0,0.0,0.0,0.0,0,0.00,0.00,0.00,0.00,0,0,0,0
134,591357,Trevitt,5,Brentford,Midfielder,2025/26,4.5,4.5,0,0,0,0,0,0,0,0,0,0,0,0,0,0,0.0,0.0,0.0,0.0,0,0.00,0.00,0.00,0.00,0,0,0,0
135,216646,Wissa,15,Newcastle,Forward,2025/26,7.5,7.3,27,517,1,1,1,11,0,0,0,3,0,0,0,70,58.0,46.7,163.0,25.5,4,3.13,0.54,3.67,9.97,3,22,14,5
136,502500,Thiago,5,Brentford,Forward,2025/26,6.0,7.2,181,3282,22,1,10,50,0,0,1,7,0,0,22,710,1019.4,382.5,1170.0,256.9,37,20.60,1.83,22.43,53.17,84,214,93,37
137,533710,Morgan,5,Brentford,Forward,2025/26,4.5,4.4,0,0,0,0,0,0,0,0,0,0,0,0,0,0,0.0,0.0,0.0,0.0,0,0.00,0.00,0.00,0.00,0,0,0,0
138,49262,Steele,6,Brighton,Goalkeeper,2025/26,4.5,4.2,0,0,0,0,0,0,0,0,0,0,0,0,0,0,0.0,0.0,0.0,0.0,0,0.00,0.00,0.00,0.00,0,0,0,0
139,489639,Verbruggen,6,Brighton,Goalkeeper,2025/26,4.5,4.6,130,3420,0,0,10,46,1,1,0,3,0,106,6,616,935.0,10.0,0.0,94.7,38,0.00,0.06,0.06,49.06,32,0,332,1
140,209288,McGill,6,Brighton,Goalkeeper,2025/26,4.0,3.9,0,0,0,0,0,0,0,0,0,0,0,0,0,0,0.0,0.0,0.0,0.0,0,0.00,0.00,0.00,0.00,0,0,0,0
141,472739,Rushworth,6,Brighton,Goalkeeper,2025/26,4.0,4.0,0,0,0,0,0,0,0,0,0,0,0,0,0,0,0.0,0.0,0.0,0.0,0,0.00,0.00,0.00,0.00,0,0,0,0
142,240514,Scherpen,6,Brighton,Goalkeeper,2025/26,4.0,4.0,0,0,0,0,0,0,0,0,0,0,0,0,0,0,0.0,0.0,0.0,0.0,0,0.00,0.00,0.00,0.00,0,0,0,0
143,204120,Boscagli,6,Brighton,Defender,2025/26,4.5,4.2,39,799,0,1,3,10,0,0,0,2,0,0,4,171,215.6,82.2,12.0,31.1,9,0.05,0.47,0.52,10.87,62,78,54,16
144,550090,Coppola,6,Brighton,Defender,2025/26,4.5,4.2,10,193,0,0,1,3,0,0,0,2,0,0,0,32,42.4,3.7,2.0,4.8,2,0.00,0.01,0.01,4.52,16,18,6,2
145,465730,De Cuyper,6,Brighton,Defender,2025/26,4.5,4.3,84,1404,2,3,5,23,0,0,0,2,0,0,9,318,327.8,516.6,154.0,99.9,17,1.66,4.08,5.74,24.09,42,64,68,22
146,83299,Dunk,6,Brighton,Defender,2025/26,4.5,4.5,100,2837,1,1,7,40,0,0,0,10,0,0,5,443,649.6,125.5,210.0,98.7,31,1.83,0.56,2.39,41.90,196,231,135,35
147,204214,Estupiñan,6,Brighton,Defender,2025/26,4.5,4.5,0,0,0,0,0,0,0,0,0,0,0,0,0,0,0.0,0.0,0.0,0.0,0,0.00,0.00,0.00,0.00,0,0,0,0
148,231416,F.Kadıoğlu,6,Brighton,Defender,2025/26,4.5,4.5,118,3130,1,2,10,41,0,0,0,6,0,0,7,514,505.0,444.8,284.0,123.7,34,2.06,3.31,5.37,44.61,113,170,130,57
149,223434,Igor,6,Brighton,Defender,2025/26,4.5,4.5,6,103,0,0,0,3,0,0,0,0,0,0,0,10,25.8,10.6,0.0,3.6,1,0.00,0.00,0.00,4.66,13,13,3,0
150,232792,Lamptey,6,Brighton,Defender,2025/26,4.5,4.4,0,0,0,0,0,0,0,0,0,0,0,0,0,0,0.0,0.0,0.0,0.0,0,0.00,0.00,0.00,0.00,0,0,0,0
151,469142,Van Hecke,6,Brighton,Defender,2025/26,4.5,4.7,148,3210,3,3,10,44,1,0,0,9,0,0,8,575,980.6,240.4,295.0,152.0,36,3.31,1.57,4.87,46.27,264,317,113,53
152,111478,Veltman,6,Brighton,Defender,2025/26,4.5,4.3,46,1047,1,0,2,13,0,0,0,5,0,0,1,176,247.0,80.5,68.0,39.6,9,1.15,0.20,1.35,17.27,68,99,40,31
153,110735,Webster,6,Brighton,Defender,2025/26,4.5,4.4,0,0,0,0,0,0,0,0,0,0,0,0,0,0,0.0,0.0,0.0,0.0,0,0.00,0.00,0.00,0.00,0,0,0,0
154,439135,Cashin,6,Brighton,Defender,2025/26,4.0,4.0,0,0,0,0,0,0,0,0,0,0,0,0,0,0,0.0,0.0,0.0,0.0,0,0.00,0.00,0.00,0.00,0,0,0,0
155,589100,Slater,6,Brighton,Defender,2025/26,4.0,4.0,0,0,0,0,0,0,0,0,0,0,0,0,0,0,0.0,0.0,0.0,0.0,0,0.00,0.00,0.00,0.00,0,0,0,0
156,547720,Tasker,6,Brighton,Defender,2025/26,4.0,3.8,0,0,0,0,0,0,0,0,0,0,0,0,0,0,0.0,0.0,0.0,0.0,0,0.00,0.00,0.00,0.00,0,0,0,0
157,451340,Mitoma,6,Brighton,Midfielder,2025/26,6.5,6.1,62,1714,3,1,5,20,0,0,0,5,0,0,2,247,288.4,422.3,416.0,112.3,19,4.04,2.74,6.78,23.76,27,107,62,18
158,463067,Georginio,6,Brighton,Midfielder,2025/26,6.0,5.6,87,1776,3,5,7,20,1,0,0,2,0,0,2,290,338.6,349.5,448.0,113.5,20,2.90,2.90,5.80,21.59,38,131,61,32
159,109345,March,6,Brighton,Midfielder,2025/26,6.0,5.8,4,38,0,0,0,1,0,0,0,0,0,0,0,18,7.4,2.2,23.0,3.2,0,0.04,0.02,0.06,0.58,0,5,3,2
160,592031,Minteh,6,Brighton,Midfielder,2025/26,6.0,5.5,117,2389,3,8,11,33,0,0,0,3,0,0,9,466,491.8,691.4,617.0,180.3,26,3.81,5.06,8.87,34.09,33,185,96,56
161,474120,Enciso,6,Brighton,Midfielder,2025/26,5.5,5.4,0,0,0,0,0,0,0,0,0,0,0,0,0,0,0.0,0.0,0.0,0.0,0,0.00,0.00,0.00,0.00,0,0,0,0
162,513433,Gruda,6,Brighton,Midfielder,2025/26,5.5,5.4,35,708,1,1,2,11,0,0,0,2,0,0,2,114,134.4,217.1,152.0,50.0,8,1.86,0.88,2.74,13.82,4,58,40,14
163,532529,Hinshelwood,6,Brighton,Midfielder,2025/26,5.5,5.2,91,1736,4,5,7,23,1,0,0,0,0,0,2,317,312.6,228.0,412.0,94.8,20,4.94,2.34,7.28,27.83,35,114,61,18
164,219249,O'Riley,6,Brighton,Midfielder,2025/26,5.5,5.5,16,202,1,0,1,3,0,0,0,0,0,0,2,48,65.4,67.7,63.0,19.6,2,1.21,0.18,1.39,2.53,3,10,2,5
165,516211,Sima,6,Brighton,Midfielder,2025/26,5.5,5.4,0,0,0,0,0,0,0,0,0,0,0,0,0,0,0.0,0.0,0.0,0.0,0,0.00,0.00,0.00,0.00,0,0,0,0
166,509416,Ayari,6,Brighton,Midfielder,2025/26,5.0,4.8,98,1921,3,4,6,24,0,0,0,1,0,0,7,406,359.8,251.3,231.0,84.5,20,2.70,1.15,3.85,26.85,54,225,124,47
167,535301,Baleba,6,Brighton,Midfielder,2025/26,5.0,4.5,56,1646,0,0,7,19,0,0,0,5,0,0,0,231,166.8,156.3,44.0,36.8,23,0.78,0.72,1.50,20.40,67,209,105,37
168,536916,Buonanotte,11,Leeds,Midfielder,2025/26,5.0,4.6,3,81,0,0,0,4,0,0,0,1,0,0,0,9,13.2,40.0,21.0,7.4,1,0.06,0.28,0.34,2.51,2,6,3,1
169,514254,Gomez,6,Brighton,Midfielder,2025/26,5.0,4.9,97,2117,5,1,8,29,0,0,0,9,0,0,9,361,438.2,319.7,432.0,119.0,26,6.24,1.72,7.96,29.35,49,238,112,77
170,15157,Milner,6,Brighton,Midfielder,2025/26,5.0,4.9,35,772,1,1,2,17,0,0,0,2,0,0,0,158,139.0,151.4,59.0,34.7,7,1.03,0.66,1.69,12.82,25,80,40,15
171,441192,Sarmiento,6,Brighton,Midfielder,2025/26,5.0,4.9,0,0,0,0,0,0,0,0,0,0,0,0,0,0,0.0,0.0,0.0,0.0,0,0.00,0.00,0.00,0.00,0,0,0,0
172,549074,Watson,6,Brighton,Midfielder,2025/26,5.0,4.8,5,57,0,0,0,2,0,0,0,1,0,0,0,15,6.0,2.4,7.0,1.6,0,0.04,0.03,0.07,1.72,0,5,4,1
173,467779,Wieffer,6,Brighton,Midfielder,2025/26,5.0,4.8,94,1901,2,4,6,26,0,0,0,8,0,0,6,398,477.0,291.1,209.0,97.7,23,1.92,1.86,3.78,23.95,101,269,102,66
174,611695,Yalcouye,6,Brighton,Midfielder,2025/26,5.0,5.0,0,0,0,0,0,0,0,0,0,0,0,0,0,0,0.0,0.0,0.0,0.0,0,0.00,0.00,0.00,0.00,0,0,0,0
175,567121,Knight,6,Brighton,Midfielder,2025/26,4.5,4.4,1,1,0,0,0,0,0,0,0,0,0,0,0,3,0.0,0.0,0.0,0.0,0,0.00,0.00,0.00,0.00,0,0,0,0
176,550141,Mazilu,6,Brighton,Midfielder,2025/26,4.5,4.5,0,0,0,0,0,0,0,0,0,0,0,0,0,0,0.0,0.0,0.0,0.0,0,0.00,0.00,0.00,0.00,0,0,0,0
177,513834,Moran,6,Brighton,Midfielder,2025/26,4.5,4.5,0,0,0,0,0,0,0,0,0,0,0,0,0,0,0.0,0.0,0.0,0.0,0,0.00,0.00,0.00,0.00,0,0,0,0
178,50175,Welbeck,6,Brighton,Forward,2025/26,6.5,6.3,126,2249,13,1,10,28,0,0,2,5,0,0,18,511,578.8,309.7,803.0,168.2,26,12.36,1.40,13.76,31.68,39,112,49,24
179,487117,Ferguson,6,Brighton,Forward,2025/26,5.5,5.5,0,0,0,0,0,0,0,0,0,0,0,0,0,0,0.0,0.0,0.0,0.0,0,0.00,0.00,0.00,0.00,0,0,0,0
180,608181,Tzimas,6,Brighton,Forward,2025/26,5.5,5.2,16,132,1,1,0,2,0,0,0,0,0,0,0,55,66.6,65.7,44.0,17.7,1,0.44,0.11,0.55,2.59,2,15,10,3
181,647850,Kostoulas,6,Brighton,Forward,2025/26,5.0,4.8,35,351,2,1,1,9,0,0,0,2,0,0,3,140,143.6,126.5,255.0,52.4,2,2.12,0.54,2.66,6.04,5,41,25,11
182,432720,Trafford,13,Man City,Goalkeeper,2025/26,5.0,4.5,13,360,0,0,1,6,0,0,0,0,0,14,0,67,118.0,0.0,0.0,11.9,4,0.00,0.00,0.00,5.74,6,0,35,2
183,518030,Weiss,3,Burnley,Goalkeeper,2025/26,4.5,4.2,7,270,0,0,0,4,0,0,0,0,0,10,0,39,76.8,10.0,0.0,8.7,3,0.00,0.00,0.00,4.82,4,0,21,0
184,489571,Green,3,Burnley,Goalkeeper,2025/26,4.0,4.0,0,0,0,0,0,0,0,0,0,0,0,0,0,0,0.0,0.0,0.0,0.0,0,0.00,0.00,0.00,0.00,0,0,0,0
185,51943,Hladký,3,Burnley,Goalkeeper,2025/26,4.0,3.9,0,0,0,0,0,0,0,0,0,0,0,0,0,0,0.0,0.0,0.0,0.0,0,0.00,0.00,0.00,0.00,0,0,0,0
186,192290,Roberts,3,Burnley,Defender,2025/26,4.5,4.3,0,0,0,0,0,0,0,0,0,0,0,0,0,0,0.0,0.0,0.0,0.0,0,0.00,0.00,0.00,0.00,0,0,0,0
187,58621,Walker,3,Burnley,Defender,2025/26,4.5,4.4,70,3095,0,2,4,66,0,0,0,9,0,0,3,242,506.0,237.2,28.0,77.4,35,0.15,1.29,1.44,67.53,156,212,155,56
188,247245,Delcroix,3,Burnley,Defender,2025/26,4.0,3.8,0,0,0,0,0,0,0,0,0,0,0,0,0,0,0.0,0.0,0.0,0.0,0,0.00,0.00,0.00,0.00,0,0,0,0
189,461567,Dodgson,3,Burnley,Defender,2025/26,4.0,4.0,0,0,0,0,0,0,0,0,0,0,0,0,0,0,0.0,0.0,0.0,0.0,0,0.00,0.00,0.00,0.00,0,0,0,0
190,478969,Ekdal,3,Burnley,Defender,2025/26,4.0,3.8,52,1539,0,0,2,34,0,0,0,0,0,0,2,159,372.0,55.8,88.0,51.7,17,0.25,0.32,0.57,31.03,150,174,49,24
191,477717,Estève,3,Burnley,Defender,2025/26,4.0,3.8,85,2933,0,0,3,70,2,0,0,1,0,0,0,264,745.4,92.5,97.0,93.7,34,0.73,0.59,1.32,67.06,290,334,114,44
192,494960,Hartman,3,Burnley,Defender,2025/26,4.0,4.0,63,1825,0,6,3,40,0,0,0,1,0,0,0,228,422.2,288.8,83.0,79.5,21,0.32,1.98,2.30,42.91,101,153,69,52
193,461188,Humphreys,3,Burnley,Defender,2025/26,4.0,3.9,47,1574,0,2,2,33,0,0,0,6,0,0,1,210,379.0,135.6,101.0,61.4,17,0.42,0.68,1.10,35.30,114,141,69,27
194,241231,Jordan,3,Burnley,Defender,2025/26,4.0,3.9,0,0,0,0,0,0,0,0,0,0,0,0,0,0,0.0,0.0,0.0,0.0,0,0.00,0.00,0.00,0.00,0,0,0,0
195,549329,Lucas Pires,3,Burnley,Defender,2025/26,4.0,3.8,25,1405,0,0,1,30,0,0,0,1,1,0,0,127,247.0,294.6,117.0,65.6,15,0.60,1.46,2.06,28.19,64,93,86,29
196,450072,Sambo,3,Burnley,Defender,2025/26,4.0,4.0,0,0,0,0,0,0,0,0,0,0,0,0,0,0,0.0,0.0,0.0,0.0,0,0.00,0.00,0.00,0.00,0,0,0,0
197,519895,Sonne,3,Burnley,Defender,2025/26,4.0,3.8,13,164,1,0,0,4,0,0,0,0,0,0,0,20,44.8,18.1,30.0,9.2,1,0.55,0.08,0.63,3.79,5,7,4,2
198,180804,Tuanzebe,3,Burnley,Defender,2025/26,4.0,3.9,34,1201,1,0,1,26,1,0,0,1,0,0,0,102,276.4,11.1,52.0,34.1,14,0.61,0.12,0.73,29.70,106,120,40,14
199,208912,Worrall,3,Burnley,Defender,2025/26,4.0,3.8,20,496,0,0,0,11,0,0,0,0,0,0,0,40,147.4,1.5,19.0,17.0,5,0.08,0.02,0.10,11.68,72,76,10,4
200,444180,Anthony,3,Burnley,Midfielder,2025/26,5.5,5.0,127,2717,8,4,4,59,0,0,0,4,0,0,6,513,586.8,552.2,619.0,175.8,32,5.11,2.85,7.96,59.00,49,232,141,42
201,183751,Benson,3,Burnley,Midfielder,2025/26,5.5,5.4,0,0,0,0,0,0,0,0,0,0,0,0,0,0,0.0,0.0,0.0,0.0,0,0.00,0.00,0.00,0.00,0,0,0,0
202,179458,Bruun Larsen,3,Burnley,Midfielder,2025/26,5.5,5.2,41,1014,0,1,3,29,0,0,0,0,0,0,0,123,121.0,212.4,140.0,47.4,10,1.37,1.16,2.53,23.46,20,63,31,12
203,578614,Boateng,3,Burnley,Midfielder,2025/26,5.0,4.7,0,0,0,0,0,0,0,0,0,0,0,0,0,0,0.0,0.0,0.0,0.0,0,0.00,0.00,0.00,0.00,0,0,0,0
204,250735,Churlinov,3,Burnley,Midfielder,2025/26,5.0,4.9,0,0,0,0,0,0,0,0,0,0,0,0,0,0,0.0,0.0,0.0,0.0,0,0.00,0.00,0.00,0.00,0,0,0,0
205,172567,Cullen,3,Burnley,Midfielder,2025/26,5.0,4.9,70,1513,2,2,3,29,1,0,0,2,0,0,8,321,342.0,218.1,98.0,66.0,18,0.94,1.36,2.30,32.50,68,173,73,32
206,174592,Edwards,3,Burnley,Midfielder,2025/26,5.0,4.7,51,1058,1,3,1,18,0,0,0,0,0,0,2,189,180.0,283.9,226.0,68.9,11,1.49,1.84,3.33,24.61,6,67,50,11
207,465527,Hannibal,3,Burnley,Midfielder,2025/26,5.0,4.7,59,1219,1,5,2,27,0,0,0,10,0,0,4,261,252.8,330.9,128.0,71.0,15,0.91,2.08,2.98,28.29,17,111,65,29
208,487702,Koleosho,3,Burnley,Midfielder,2025/26,5.0,5.0,0,0,0,0,0,0,0,0,0,0,0,0,0,0,0.0,0.0,0.0,0.0,0,0.00,0.00,0.00,0.00,0,0,0,0
209,167887,Laurent,3,Burnley,Midfielder,2025/26,5.0,4.8,56,1752,1,0,2,41,0,0,0,6,1,0,1,232,298.0,185.1,111.0,58.6,18,0.87,0.48,1.35,39.20,74,186,64,48
210,469272,Tchaouna,3,Burnley,Midfielder,2025/26,5.0,4.8,59,1259,2,2,2,24,0,0,0,2,0,0,0,208,185.8,231.1,173.0,59.3,14,1.27,0.91,2.18,25.04,13,69,38,18
211,447715,A.Ramsey,3,Burnley,Midfielder,2025/26,4.5,4.4,0,0,0,0,0,0,0,0,0,0,0,0,0,0,0.0,0.0,0.0,0.0,0,0.00,0.00,0.00,0.00,0,0,0,0
212,576323,Adewumi,3,Burnley,Midfielder,2025/26,4.5,4.5,0,0,0,0,0,0,0,0,0,0,0,0,0,0,0.0,0.0,0.0,0.0,0,0.00,0.00,0.00,0.00,0,0,0,0
213,551206,Banel,3,Burnley,Midfielder,2025/26,4.5,4.5,1,9,0,0,0,0,0,0,0,0,0,0,0,2,0.0,0.5,0.0,0.0,0,0.00,0.00,0.00,0.05,0,0,0,0
214,437748,Trésor,3,Burnley,Midfielder,2025/26,4.5,4.3,6,37,0,0,0,2,0,0,0,0,0,0,0,18,7.2,15.2,2.0,2.4,0,0.00,0.00,0.00,1.65,0,5,4,1
215,431639,Flemming,3,Burnley,Forward,2025/26,5.5,5.3,99,1764,11,0,3,35,0,0,0,5,0,0,11,371,466.0,159.5,533.0,114.9,21,7.94,0.41,8.35,37.06,49,99,33,17
216,492831,Amdouni,3,Burnley,Forward,2025/26,5.0,4.8,4,69,0,0,0,0,0,0,0,0,0,0,0,10,2.6,5.1,20.0,2.6,0,0.24,0.02,0.26,0.79,0,1,1,0
217,435973,Foster,3,Burnley,Forward,2025/26,5.0,4.9,58,1361,3,2,4,30,0,0,0,4,0,0,4,202,219.0,147.0,262.0,62.1,15,3.22,0.37,3.59,27.91,27,85,42,16
218,44699,Barnes,3,Burnley,Forward,2025/26,4.5,4.2,5,40,0,0,0,3,0,0,0,2,0,0,0,11,2.2,1.9,44.0,4.8,0,0.25,0.04,0.29,2.37,0,2,2,0
219,220598,Obafemi,3,Burnley,Forward,2025/26,4.5,4.4,0,0,0,0,0,0,0,0,0,0,0,0,0,0,0.0,0.0,0.0,0.0,0,0.00,0.00,0.00,0.00,0,0,0,0
220,215059,Sánchez,7,Chelsea,Goalkeeper,2025/26,5.0,4.8,113,3040,0,1,9,49,0,0,0,3,1,98,7,509,822.2,50.0,0.0,86.7,35,0.00,0.04,0.04,48.64,27,0,302,2
221,508479,Jörgensen,7,Chelsea,Goalkeeper,2025/26,4.5,4.3,9,378,0,0,0,5,0,0,0,0,0,8,0,50,79.8,0.0,0.0,7.9,3,0.00,0.00,0.00,4.12,3,0,34,0
222,549939,Penders,7,Chelsea,Goalkeeper,2025/26,4.0,4.0,0,0,0,0,0,0,0,0,0,0,0,0,0,0,0.0,0.0,0.0,0.0,0,0.00,0.00,0.00,0.00,0,0,0,0
223,471798,Slonina,7,Chelsea,Goalkeeper,2025/26,4.0,3.8,0,0,0,0,0,0,0,0,0,0,0,0,0,0,0.0,0.0,0.0,0.0,0,0.00,0.00,0.00,0.00,0,0,0,0
224,179268,Cucurella,7,Chelsea,Defender,2025/26,6.0,6.1,104,2706,1,4,9,39,0,0,0,8,1,0,5,468,562.8,577.8,309.0,145.1,31,2.34,3.23,5.57,41.45,127,182,113,55
225,225796,James,7,Chelsea,Defender,2025/26,5.5,5.6,115,1957,2,6,8,20,0,0,0,4,0,0,11,493,459.0,483.7,116.0,106.1,20,1.04,3.20,4.24,28.75,80,128,101,48
226,180736,Chalobah,7,Chelsea,Defender,2025/26,5.0,5.4,136,2780,3,1,9,40,0,0,0,3,1,0,7,516,719.2,111.2,160.0,99.1,31,1.44,1.03,2.47,40.83,230,265,119,35
227,460028,Colwill,7,Chelsea,Defender,2025/26,5.0,4.7,8,225,0,0,0,4,0,0,0,0,0,0,0,30,66.0,7.6,6.0,8.0,2,0.00,0.12,0.12,3.36,22,25,9,3
228,482609,Gusto,7,Chelsea,Defender,2025/26,5.0,4.8,96,2255,2,3,7,36,1,0,0,3,1,0,7,406,443.6,448.5,205.0,109.8,26,1.56,2.97,4.53,37.13,74,126,123,52
229,242880,B.Badiashile,7,Chelsea,Defender,2025/26,4.5,4.4,7,470,0,0,0,10,0,0,0,2,0,0,0,48,102.8,7.9,2.0,11.4,6,0.00,0.06,0.06,7.41,41,48,16,7
230,444463,Fofana,7,Chelsea,Defender,2025/26,4.5,4.4,65,1718,0,2,4,25,0,0,0,5,2,0,3,288,463.6,65.6,74.0,60.4,20,0.72,0.60,1.32,25.81,187,206,81,19
231,574458,M.Sarr,7,Chelsea,Defender,2025/26,4.5,4.5,3,100,0,0,0,3,0,0,0,0,0,0,0,4,6.4,0.1,7.0,1.3,1,0.35,0.00,0.35,1.63,7,8,2,1
232,109646,Tosin,7,Chelsea,Defender,2025/26,4.5,4.0,34,788,0,0,2,14,0,0,0,2,0,0,2,130,240.4,33.3,19.0,29.3,8,0.11,0.40,0.50,13.25,80,97,22,17
233,577016,Acheampong,7,Chelsea,Defender,2025/26,4.0,3.7,39,657,1,0,2,13,0,0,0,1,0,0,5,118,132.6,40.9,70.0,24.4,8,0.62,0.13,0.75,15.66,33,44,26,11
234,622758,Anselmino,7,Chelsea,Defender,2025/26,4.0,4.0,0,0,0,0,0,0,0,0,0,0,0,0,0,0,0.0,0.0,0.0,0.0,0,0.00,0.00,0.00,0.00,0,0,0,0
235,244851,Palmer,7,Chelsea,Midfielder,2025/26,10.5,10.3,114,1954,10,2,3,33,0,0,1,5,0,0,11,430,536.6,393.6,547.0,147.7,24,10.55,2.49,13.04,31.13,27,135,83,25
236,247632,Neto,7,Chelsea,Midfielder,2025/26,7.0,7.0,125,2629,5,7,11,33,0,0,0,2,1,0,9,543,523.0,836.2,505.0,186.7,30,4.59,6.84,11.43,37.54,19,122,84,19
237,448047,Enzo,7,Chelsea,Midfielder,2025/26,6.5,6.5,157,3114,10,5,8,46,0,0,0,10,0,0,19,700,835.6,1063.2,747.0,264.6,35,11.26,7.26,18.52,44.89,51,244,140,53
238,624773,Estêvão,7,Chelsea,Midfielder,2025/26,6.5,6.4,58,839,2,5,4,11,0,0,0,4,0,0,4,172,183.4,230.9,314.0,72.6,12,2.91,2.14,5.05,10.29,9,56,36,11
239,463936,Gittens,7,Chelsea,Midfielder,2025/26,6.5,6.0,25,486,0,2,1,7,0,0,0,0,0,0,0,99,93.0,130.4,91.0,31.3,5,0.81,0.94,1.75,8.89,6,29,15,8
240,213198,Nkunku,7,Chelsea,Midfielder,2025/26,6.0,5.9,0,0,0,0,0,0,0,0,0,0,0,0,0,0,0.0,0.0,0.0,0.0,0,0.00,0.00,0.00,0.00,0,0,0,0
241,486672,Caicedo,7,Chelsea,Midfielder,2025/26,5.5,5.7,110,2796,3,1,6,47,0,0,0,11,1,0,10,580,562.4,403.1,128.0,109.2,32,1.45,2.38,3.83,42.54,102,366,177,87
242,215413,Dewsbury-Hall,9,Everton,Midfielder,2025/26,5.0,5.3,151,2629,8,7,8,39,0,0,0,6,0,0,18,598,619.4,601.1,438.0,166.0,30,4.35,5.34,9.69,40.38,44,230,134,52
243,550615,George,9,Everton,Midfielder,2025/26,5.0,4.8,16,351,0,0,1,9,0,0,0,2,0,0,0,55,44.2,66.2,132.0,23.9,1,0.64,1.19,1.83,6.49,2,23,14,7
244,514356,Lavia,7,Chelsea,Midfielder,2025/26,5.0,4.9,13,374,0,0,0,10,0,0,0,0,0,0,0,81,34.4,46.6,14.0,9.5,4,0.21,0.55,0.76,8.53,9,37,20,8
245,465920,Mudryk,7,Chelsea,Midfielder,2025/26,5.0,4.9,0,0,0,0,0,0,0,0,0,0,0,0,0,0,0.0,0.0,0.0,0.0,0,0.00,0.00,0.00,0.00,0,0,0,0
246,532605,Andrey Santos,7,Chelsea,Midfielder,2025/26,4.5,4.4,47,1247,1,0,1,18,0,0,0,4,0,0,3,257,229.6,153.9,91.0,47.5,13,2.00,0.88,2.88,18.91,44,129,48,37
247,491007,D.Essugo,7,Chelsea,Midfielder,2025/26,4.5,4.3,1,26,0,0,0,1,0,0,0,2,0,0,0,7,11.4,2.1,2.0,1.6,0,0.00,0.01,0.01,0.55,1,8,1,6
248,611134,Paez,7,Chelsea,Midfielder,2025/26,4.5,4.5,0,0,0,0,0,0,0,0,0,0,0,0,0,0,0.0,0.0,0.0,0.0,0,0.00,0.00,0.00,0.00,0,0,0,0
249,475168,João Pedro,7,Chelsea,Forward,2025/26,7.5,7.4,177,2658,15,9,10,36,0,0,0,5,0,0,30,715,758.4,456.6,909.0,212.1,31,14.91,1.96,16.87,37.25,39,138,72,27
250,463034,Delap,7,Chelsea,Forward,2025/26,6.5,6.2,45,1092,1,2,2,18,0,0,0,4,0,0,1,123,67.8,73.7,349.0,47.3,12,4.54,0.23,4.76,16.67,12,42,25,5
251,517052,N.Jackson,7,Chelsea,Forward,2025/26,6.5,6.5,0,0,0,0,0,0,0,0,0,0,0,0,0,0,0.0,0.0,0.0,0.0,0,0.00,0.00,0.00,0.00,0,0,0,0
252,499309,Marc Guiu,7,Chelsea,Forward,2025/26,4.5,4.0,13,265,0,1,0,3,0,0,0,1,0,0,0,19,24.6,40.1,86.0,13.1,1,1.54,0.29,1.83,5.89,4,8,4,0
253,172649,Henderson,8,Crystal Palace,Goalkeeper,2025/26,5.0,5.1,131,3330,0,0,11,51,0,1,0,5,0,106,7,538,837.8,10.0,0.0,84.7,37,0.00,0.11,0.11,51.40,55,0,298,1
254,121709,Benitez,8,Crystal Palace,Goalkeeper,2025/26,4.0,3.9,7,90,0,0,1,0,0,0,0,0,0,3,0,29,22.8,0.0,0.0,2.3,1,0.00,0.00,0.00,1.12,1,0,9,0
255,169593,Matthews,8,Crystal Palace,Goalkeeper,2025/26,4.0,3.9,0,0,0,0,0,0,0,0,0,0,0,0,0,0,0.0,0.0,0.0,0.0,0,0.00,0.00,0.00,0.00,0,0,0,0
256,247348,Muñoz,8,Crystal Palace,Defender,2025/26,5.5,5.9,136,2400,4,4,10,33,0,0,0,7,0,0,9,469,595.0,396.6,404.0,139.5,29,2.45,3.94,6.39,34.28,124,196,97,72
257,437499,Lacroix,8,Crystal Palace,Defender,2025/26,5.0,5.2,154,3085,1,2,11,47,0,0,0,4,1,0,11,529,822.0,106.4,316.0,124.3,35,2.45,0.83,3.28,44.04,310,370,96,60
258,244723,Mitchell,8,Crystal Palace,Defender,2025/26,5.0,5.0,135,3253,1,3,12,47,0,0,0,6,0,0,8,498,649.0,467.3,241.0,136.0,36,1.59,2.53,4.12,49.78,145,245,187,100
259,218364,Sosa,8,Crystal Palace,Defender,2025/26,5.0,4.8,6,99,0,0,0,2,0,0,0,1,0,0,0,9,12.6,24.1,8.0,4.5,0,0.04,0.07,0.11,0.90,6,9,3,3
260,209036,Guéhi,13,Man City,Defender,2025/26,4.5,5.1,179,3150,3,5,14,35,0,0,0,6,0,0,14,688,901.6,304.6,402.0,160.9,35,4.05,2.37,6.42,44.58,232,278,139,46
261,427623,Richards,8,Crystal Palace,Defender,2025/26,4.5,4.4,128,2825,1,0,11,42,0,0,0,4,0,0,5,453,727.2,159.6,185.0,107.6,31,2.42,1.56,3.98,41.19,257,311,65,54
262,515621,Chadi Riad,8,Crystal Palace,Defender,2025/26,4.0,4.0,20,550,0,1,1,8,0,0,0,2,0,0,0,84,117.8,23.9,41.0,18.3,6,0.33,0.13,0.46,9.09,37,45,32,8
263,57328,Clyne,8,Crystal Palace,Defender,2025/26,4.0,3.8,17,592,0,1,0,12,0,0,0,1,0,0,2,50,105.2,55.0,33.0,19.2,7,0.43,0.60,1.03,10.44,34,50,17,16
264,156074,Holding,8,Crystal Palace,Defender,2025/26,4.0,4.0,0,0,0,0,0,0,0,0,0,0,0,0,0,0,0.0,0.0,0.0,0.0,0,0.00,0.00,0.00,0.00,0,0,0,0
265,590012,Kporha,8,Crystal Palace,Defender,2025/26,4.0,4.0,0,0,0,0,0,0,0,0,0,0,0,0,0,0,0.0,0.0,0.0,0.0,0,0.00,0.00,0.00,0.00,0,0,0,0
266,232413,Eze,1,Arsenal,Midfielder,2025/26,7.5,7.3,113,1885,7,3,11,14,0,0,0,1,0,0,8,439,393.4,305.7,455.0,115.1,22,5.18,2.66,7.84,14.21,22,120,79,19
267,232185,Sarr,8,Crystal Palace,Midfielder,2025/26,6.5,6.4,117,2173,9,2,9,29,0,0,0,2,0,0,9,359,479.8,269.4,601.0,135.1,24,10.93,1.17,12.09,31.25,40,137,79,18
268,438464,Doucouré,8,Crystal Palace,Midfielder,2025/26,5.0,4.9,0,0,0,0,0,0,0,0,0,0,0,0,0,0,0.0,0.0,0.0,0.0,0,0.00,0.00,0.00,0.00,0,0,0,0
269,606921,Esse,8,Crystal Palace,Midfielder,2025/26,5.0,4.7,4,40,0,0,0,0,0,0,0,0,0,0,0,12,6.8,2.7,6.0,1.5,0,0.00,0.04,0.04,1.74,0,5,2,3
270,108413,Hughes,8,Crystal Palace,Midfielder,2025/26,5.0,4.7,45,1560,0,1,5,18,0,0,0,7,0,0,0,217,198.0,322.9,90.0,60.9,19,1.11,1.94,3.05,25.35,54,148,66,28
271,209400,Kamada,8,Crystal Palace,Midfielder,2025/26,5.0,5.0,67,1899,0,2,6,28,0,0,0,3,0,0,0,331,239.2,350.1,155.0,74.5,22,1.64,3.24,4.88,26.04,38,208,108,62
272,152551,Lerma,8,Crystal Palace,Midfielder,2025/26,5.0,4.9,69,1722,0,5,7,25,2,0,0,7,0,0,3,296,287.6,207.2,233.0,72.5,18,1.84,1.48,3.32,25.11,90,220,102,28
273,496221,Wharton,8,Crystal Palace,Midfielder,2025/26,5.0,5.0,112,2552,1,6,8,43,0,0,0,4,1,0,8,511,494.4,720.0,180.0,139.6,29,1.52,7.47,8.98,39.08,70,303,163,70
274,579075,Agbinone,8,Crystal Palace,Midfielder,2025/26,4.5,4.3,0,0,0,0,0,0,0,0,0,0,0,0,0,0,0.0,0.0,0.0,0.0,0,0.00,0.00,0.00,0.00,0,0,0,0
275,466117,Ahamada,8,Crystal Palace,Midfielder,2025/26,4.5,4.3,0,0,0,0,0,0,0,0,0,0,0,0,0,0,0.0,0.0,0.0,0.0,0,0.00,0.00,0.00,0.00,0,0,0,0
276,489706,Devenny,8,Crystal Palace,Midfielder,2025/26,4.5,4.3,36,785,1,0,1,15,0,0,0,0,0,0,0,108,115.0,101.8,168.0,38.4,7,2.38,0.39,2.77,14.71,13,72,34,25
277,450535,Ebiowei,8,Crystal Palace,Midfielder,2025/26,4.5,4.5,0,0,0,0,0,0,0,0,0,0,0,0,0,0,0.0,0.0,0.0,0.0,0,0.00,0.00,0.00,0.00,0,0,0,0
278,450542,J.Rak-Sakyi,8,Crystal Palace,Midfielder,2025/26,4.5,4.4,0,0,0,0,0,0,0,0,0,0,0,0,0,0,0.0,0.0,0.0,0.0,0,0.00,0.00,0.00,0.00,0,0,0,0
279,536694,M.França,8,Crystal Palace,Midfielder,2025/26,4.5,4.5,0,0,0,0,0,0,0,0,0,0,0,0,0,0,0.0,0.0,0.0,0.0,0,0.00,0.00,0.00,0.00,0,0,0,0
280,531989,Ozoh,8,Crystal Palace,Midfielder,2025/26,4.5,4.5,0,0,0,0,0,0,0,0,0,0,0,0,0,0,0.0,0.0,0.0,0.0,0,0.00,0.00,0.00,0.00,0,0,0,0
281,530318,Rodney,8,Crystal Palace,Midfielder,2025/26,4.5,4.4,1,3,0,0,0,0,0,0,0,0,0,0,0,2,0.0,0.1,0.0,0.0,0,0.00,0.00,0.00,0.65,0,0,0,0
282,574398,Umeh,8,Crystal Palace,Midfielder,2025/26,4.5,4.5,0,0,0,0,0,0,0,0,0,0,0,0,0,0,0.0,0.0,0.0,0.0,0,0.00,0.00,0.00,0.00,0,0,0,0
283,231747,Mateta,8,Crystal Palace,Forward,2025/26,7.5,7.6,114,2210,12,0,8,29,0,0,0,2,0,0,13,397,567.2,160.6,786.0,150.8,25,14.42,1.32,15.74,31.77,58,125,57,10
284,205533,Nketiah,8,Crystal Palace,Forward,2025/26,5.5,5.4,23,414,2,0,0,12,0,0,0,2,0,0,3,100,120.0,84.6,173.0,37.8,2,1.77,0.46,2.23,9.49,13,38,17,8
285,199670,Édouard,8,Crystal Palace,Forward,2025/26,5.0,5.0,1,2,0,0,0,0,0,0,0,0,0,0,0,6,2.0,0.0,0.0,0.2,0,0.00,0.00,0.00,0.27,0,1,0,1
286,576980,Marsh,8,Crystal Palace,Forward,2025/26,4.5,4.4,0,0,0,0,0,0,0,0,0,0,0,0,0,0,0.0,0.0,0.0,0.0,0,0.00,0.00,0.00,0.00,0,0,0,0
287,111234,Pickford,9,Everton,Goalkeeper,2025/26,5.5,5.6,135,3420,0,0,11,50,0,1,0,4,0,100,11,545,885.2,20.3,2.0,90.8,38,0.00,0.20,0.20,56.24,52,0,313,2
288,229600,Travers,9,Everton,Goalkeeper,2025/26,4.5,4.2,0,0,0,0,0,0,0,0,0,0,0,0,0,0,0.0,0.0,0.0,0.0,0,0.00,0.00,0.00,0.00,0,0,0,0
289,447325,Tyrer,9,Everton,Goalkeeper,2025/26,4.0,3.9,0,0,0,0,0,0,0,0,0,0,0,0,0,0,0.0,0.0,0.0,0.0,0,0.00,0.00,0.00,0.00,0,0,0,0
290,480455,Branthwaite,9,Everton,Defender,2025/26,5.5,5.3,32,678,1,1,1,9,0,0,0,1,0,0,0,108,175.0,42.8,75.0,29.3,7,0.34,0.11,0.45,9.43,53,67,30,14
291,17761,Tarkowski,9,Everton,Defender,2025/26,5.5,5.8,170,3330,2,3,11,48,0,0,0,8,0,0,12,592,995.6,235.6,422.0,165.7,37,2.53,2.10,4.63,53.54,325,376,90,51
292,224967,Mykolenko,9,Everton,Defender,2025/26,5.0,4.9,95,2959,0,1,9,47,1,0,0,6,0,0,2,350,559.2,394.1,71.0,102.3,33,0.28,2.46,2.74,48.41,183,231,107,48
293,512462,O'Brien,9,Everton,Defender,2025/26,5.0,4.9,116,3118,1,3,10,46,0,0,0,6,1,0,2,368,582.8,282.9,206.0,107.5,35,1.67,1.00,2.67,53.49,174,231,114,57
294,59949,Coleman,9,Everton,Defender,2025/26,4.5,4.2,5,19,0,0,0,1,0,0,0,0,0,0,0,13,7.0,19.3,0.0,2.7,1,0.00,0.17,0.17,0.43,2,2,2,0
295,106611,Keane,9,Everton,Defender,2025/26,4.5,4.5,131,2588,3,1,7,42,0,0,0,1,1,0,8,404,770.4,47.4,299.0,111.7,29,2.30,0.49,2.79,44.52,265,302,87,37
296,243571,Patterson,9,Everton,Defender,2025/26,4.5,4.4,22,238,0,0,2,2,0,0,0,0,0,0,0,67,65.6,6.4,17.0,8.8,3,0.03,0.04,0.07,3.67,21,31,14,10
297,496178,Dixon,9,Everton,Defender,2025/26,4.0,3.8,0,0,0,0,0,0,0,0,0,0,0,0,0,0,0.0,0.0,0.0,0.0,0,0.00,0.00,0.00,0.00,0,0,0,0
298,474907,Welch,9,Everton,Defender,2025/26,4.0,3.8,0,0,0,0,0,0,0,0,0,0,0,0,0,0,0.0,0.0,0.0,0.0,0,0.00,0.00,0.00,0.00,0,0,0,0
299,440993,Ndiaye,9,Everton,Midfielder,2025/26,6.5,6.3,128,2781,6,3,8,44,0,0,0,2,0,0,7,540,605.8,479.2,578.0,166.5,32,6.68,4.41,11.09,42.68,38,283,178,67
300,433154,McNeil,9,Everton,Midfielder,2025/26,6.0,5.5,53,1161,0,3,6,9,0,0,0,1,0,0,1,186,140.6,242.4,138.0,52.2,14,1.37,1.91,3.28,18.80,26,111,62,23
301,502697,Alcaraz,9,Everton,Midfielder,2025/26,5.5,5.2,29,679,0,1,3,10,0,0,0,4,0,0,0,121,93.8,161.9,162.0,41.8,6,1.17,0.54,1.71,13.56,13,70,43,14
302,80801,Gana,9,Everton,Midfielder,2025/26,5.5,5.4,83,2094,2,3,5,26,0,0,0,1,1,0,4,419,382.6,259.2,208.0,85.1,25,1.99,1.84,3.83,31.26,59,218,116,43
303,232928,Garner,9,Everton,Midfielder,2025/26,5.0,5.2,159,3413,2,7,11,50,0,0,0,12,0,0,13,818,887.0,958.0,237.0,208.4,38,2.10,6.18,8.28,56.18,154,458,185,119
304,490094,Iroegbunam,9,Everton,Midfielder,2025/26,5.0,4.8,68,1477,0,3,8,18,0,0,0,9,0,0,1,225,255.0,125.2,81.0,45.9,17,0.54,0.71,1.25,24.64,43,189,78,68
305,609873,Armstrong,9,Everton,Midfielder,2025/26,4.5,4.5,21,524,0,0,1,11,0,0,0,0,0,0,0,84,60.0,69.7,78.0,21.0,6,0.79,0.22,1.01,10.93,13,50,24,13
306,547801,Bates,9,Everton,Midfielder,2025/26,4.5,4.3,0,0,0,0,0,0,0,0,0,0,0,0,0,0,0.0,0.0,0.0,0.0,0,0.00,0.00,0.00,0.00,0,0,0,0
307,504296,Ebere,9,Everton,Midfielder,2025/26,4.5,4.4,0,0,0,0,0,0,0,0,0,0,0,0,0,0,0.0,0.0,0.0,0.0,0,0.00,0.00,0.00,0.00,0,0,0,0
308,496279,Heath,9,Everton,Midfielder,2025/26,4.5,4.5,0,0,0,0,0,0,0,0,0,0,0,0,0,0,0.0,0.0,0.0,0.0,0,0.00,0.00,0.00,0.00,0,0,0,0
309,491557,Metcalfe,9,Everton,Midfielder,2025/26,4.5,4.5,0,0,0,0,0,0,0,0,0,0,0,0,0,0,0.0,0.0,0.0,0.0,0,0.00,0.00,0.00,0.00,0,0,0,0
310,586309,Barry,9,Everton,Forward,2025/26,6.0,5.7,95,1898,8,0,7,34,0,0,0,3,0,0,9,295,341.0,207.7,501.0,102.5,21,8.17,0.44,8.61,33.49,34,74,34,6
311,486385,Beto,9,Everton,Forward,2025/26,5.5,5.1,104,1551,9,1,5,19,0,0,0,3,0,0,15,343,445.8,159.8,655.0,124.5,17,8.90,0.23,9.13,24.16,49,89,26,14
312,491012,Y.Chermiti,9,Everton,Forward,2025/26,5.0,4.9,0,0,0,0,0,0,0,0,0,0,0,0,0,0,0.0,0.0,0.0,0.0,0,0.00,0.00,0.00,0.00,0,0,0,0
313,536241,Sherif,9,Everton,Forward,2025/26,4.5,4.4,0,0,0,0,0,0,0,0,0,0,0,0,0,0,0.0,0.0,0.0,0.0,0,0.00,0.00,0.00,0.00,0,0,0,0
314,80201,Leno,10,Fulham,Goalkeeper,2025/26,5.0,5.0,122,3420,0,0,9,51,1,0,0,3,0,98,8,556,816.2,0.0,0.0,81.5,38,0.00,0.02,0.02,52.73,46,0,318,4
315,428971,Benda,10,Fulham,Goalkeeper,2025/26,4.0,4.0,0,0,0,0,0,0,0,0,0,0,0,0,0,0,0.0,0.0,0.0,0.0,0,0.00,0.00,0.00,0.00,0,0,0,0
316,169528,Robinson,10,Fulham,Defender,2025/26,5.0,4.9,65,1487,1,0,4,19,0,0,0,5,0,0,7,280,375.0,334.6,82.0,79.3,17,1.07,1.58,2.65,24.12,88,136,98,48
317,174874,Andersen,10,Fulham,Defender,2025/26,4.5,4.4,123,2882,0,1,8,45,0,0,0,7,1,0,8,424,790.6,131.0,148.0,107.0,33,1.43,1.83,3.26,44.88,284,329,114,45
318,232892,Bassey,10,Fulham,Defender,2025/26,4.5,4.4,103,2532,1,1,7,40,0,0,0,5,0,0,9,392,574.0,152.2,115.0,84.5,28,1.71,0.35,2.05,38.01,143,205,119,62
319,166477,Castagne,10,Fulham,Defender,2025/26,4.5,4.3,61,1838,0,2,3,31,0,0,0,4,0,0,3,294,373.0,292.2,195.0,86.2,20,1.50,1.47,2.97,32.66,106,146,56,40
320,219924,Diop,10,Fulham,Defender,2025/26,4.5,4.3,31,812,1,0,1,13,0,0,0,2,0,0,3,103,190.8,8.0,31.0,23.0,8,0.80,0.05,0.85,12.42,55,61,19,6
321,246301,J.Cuenca,10,Fulham,Defender,2025/26,4.5,4.3,39,935,0,0,2,11,0,0,0,6,0,0,1,155,249.6,47.2,14.0,31.2,11,0.05,0.53,0.58,14.70,101,117,40,16
322,167074,Tete,10,Fulham,Defender,2025/26,4.5,4.5,81,1791,1,0,6,25,0,0,0,2,0,0,5,318,416.0,214.1,108.0,73.9,21,0.92,1.46,2.38,25.79,100,165,82,65
323,591385,Amissah,10,Fulham,Defender,2025/26,4.0,3.8,0,0,0,0,0,0,0,0,0,0,0,0,0,0,0.0,0.0,0.0,0.0,0,0.00,0.00,0.00,0.00,0,0,0,0
324,153133,Iwobi,10,Fulham,Midfielder,2025/26,6.5,6.1,103,2420,4,3,5,40,0,0,0,3,0,0,13,508,511.2,739.4,343.0,159.4,29,1.91,4.70,6.61,35.70,35,188,126,27
325,209289,Smith Rowe,10,Fulham,Midfielder,2025/26,6.0,5.6,80,1909,3,1,6,27,0,0,0,1,0,0,1,351,291.6,330.0,404.0,102.6,22,4.71,1.12,5.83,31.27,42,148,71,35
326,159533,Adama,19,West Ham,Midfielder,2025/26,5.5,5.1,25,376,0,0,0,12,0,0,0,1,0,0,0,74,33.4,73.8,70.0,17.2,1,0.69,0.57,1.26,8.38,2,18,14,2
327,156689,Andreas,10,Fulham,Midfielder,2025/26,5.5,5.3,0,0,0,0,0,0,0,0,0,0,0,0,0,0,0.0,0.0,0.0,0.0,0,0.00,0.00,0.00,0.00,0,0,0,0
328,184349,Sessegnon,10,Fulham,Midfielder,2025/26,5.5,5.4,95,1816,3,3,6,29,0,0,0,0,0,0,8,332,413.8,225.0,229.0,86.7,20,1.60,1.80,3.40,26.33,96,218,74,48
329,153682,Wilson,10,Fulham,Midfielder,2025/26,5.5,5.8,168,2674,10,9,9,38,0,0,0,7,0,0,21,637,707.2,661.1,601.0,196.9,32,5.88,4.77,10.65,40.14,66,177,82,29
330,207189,Berge,10,Fulham,Midfielder,2025/26,5.0,4.9,91,2904,0,3,8,45,1,0,0,5,0,0,3,503,437.8,365.1,105.0,91.0,34,1.54,1.50,3.04,43.09,91,280,132,57
331,76357,Cairney,10,Fulham,Midfielder,2025/26,5.0,4.8,41,756,2,0,2,10,0,0,0,3,0,0,1,181,153.4,195.6,64.0,41.4,6,1.21,0.81,2.02,11.67,12,61,42,7
332,212314,Lukić,10,Fulham,Midfielder,2025/26,5.0,4.9,67,1730,1,4,6,22,0,0,0,9,0,0,4,314,317.6,441.6,176.0,93.4,20,2.23,1.91,4.14,27.64,63,183,71,49
333,573062,Godo,10,Fulham,Midfielder,2025/26,4.5,4.5,0,0,0,0,0,0,0,0,0,0,0,0,0,0,0.0,0.0,0.0,0.0,0,0.00,0.00,0.00,0.00,0,0,0,0
334,515024,Harris,10,Fulham,Midfielder,2025/26,4.5,4.5,0,0,0,0,0,0,0,0,0,0,0,0,0,0,0.0,0.0,0.0,0.0,0,0.00,0.00,0.00,0.00,0,0,0,0
335,577725,King,10,Fulham,Midfielder,2025/26,4.5,4.4,63,1290,1,3,5,18,0,0,0,4,0,0,3,225,207.4,198.7,336.0,73.3,15,2.47,0.66,3.13,18.97,22,107,59,26
336,153366,Reed,10,Fulham,Midfielder,2025/26,4.5,4.3,15,89,1,0,0,4,0,0,0,0,0,0,2,48,42.0,44.4,11.0,9.7,1,0.13,0.45,0.58,3.43,1,6,5,0
337,102057,Raúl,10,Fulham,Forward,2025/26,6.5,5.9,112,2183,9,5,9,28,0,0,0,5,0,0,7,410,479.4,331.5,729.0,153.1,27,11.58,0.90,12.48,34.95,42,132,55,35
338,244042,Muniz,10,Fulham,Forward,2025/26,5.5,5.3,36,987,1,1,3,13,1,0,0,2,0,0,3,94,113.2,93.2,287.0,47.3,10,3.30,0.15,3.45,13.83,29,52,15,8
339,437495,Meslier,11,Leeds,Goalkeeper,2025/26,4.5,4.1,0,0,0,0,0,0,0,0,0,0,0,0,0,0,0.0,0.0,0.0,0.0,0,0.00,0.00,0.00,0.00,0,0,0,0
340,97846,Cairns,11,Leeds,Goalkeeper,2025/26,4.0,3.9,0,0,0,0,0,0,0,0,0,0,0,0,0,0,0.0,0.0,0.0,0.0,0,0.00,0.00,0.00,0.00,0,0,0,0
341,59735,Darlow,11,Leeds,Goalkeeper,2025/26,4.0,4.0,71,1980,0,0,5,27,0,0,0,1,0,63,3,334,531.4,0.0,0.0,53.4,22,0.00,0.05,0.05,28.36,30,0,202,1
342,226182,Bogle,11,Leeds,Defender,2025/26,4.5,4.4,96,2795,1,5,6,44,0,0,0,6,0,0,1,311,436.0,346.1,218.0,100.3,32,2.08,3.11,5.19,39.93,112,178,133,66
343,222694,Struijk,11,Leeds,Defender,2025/26,4.5,4.2,108,2935,0,1,7,48,0,0,0,5,0,0,4,412,697.4,161.5,272.0,113.1,33,3.06,0.76,3.82,42.92,258,297,117,39
344,434752,Bijol,11,Leeds,Defender,2025/26,4.0,3.9,99,1888,1,3,5,26,0,0,0,4,0,0,6,323,531.8,84.5,243.0,86.0,21,0.90,0.75,1.65,31.48,194,219,63,25
345,437738,Bornauw,11,Leeds,Defender,2025/26,4.0,3.8,25,429,0,0,2,5,0,0,0,1,0,0,0,73,98.6,6.3,19.0,12.2,5,0.20,0.01,0.21,8.71,41,49,13,8
346,113564,Byram,11,Leeds,Defender,2025/26,4.0,3.7,2,8,0,0,0,1,0,0,0,0,0,0,0,1,5.4,0.0,0.0,0.5,0,0.00,0.00,0.00,1.01,2,3,1,1
347,243526,Gudmundsson,11,Leeds,Defender,2025/26,4.0,3.8,68,2637,0,0,5,45,1,0,0,4,1,0,8,286,442.6,363.7,158.0,96.4,31,1.10,2.89,3.98,41.06,119,184,112,65
348,214225,Rodon,11,Leeds,Defender,2025/26,4.0,3.9,109,2952,2,0,6,53,0,0,0,3,0,0,5,373,707.2,137.3,242.0,109.1,33,1.40,0.56,1.96,48.54,237,274,85,37
349,492368,Schmidt,11,Leeds,Defender,2025/26,4.0,4.0,0,0,0,0,0,0,0,0,0,0,0,0,0,0,0.0,0.0,0.0,0.0,0,0.00,0.00,0.00,0.00,0,0,0,0
350,427637,Aaronson,11,Leeds,Midfielder,2025/26,5.5,5.4,126,2449,4,8,9,32,0,0,0,3,0,0,5,446,482.8,486.7,498.0,146.7,30,4.53,3.60,8.13,37.07,36,216,130,50
351,492859,Gnonto,11,Leeds,Midfielder,2025/26,5.5,5.1,32,521,0,3,1,14,0,0,0,3,0,0,0,134,85.2,129.3,61.0,27.5,4,0.40,0.77,1.17,11.99,15,59,26,18
352,221399,Harrison,11,Leeds,Midfielder,2025/26,5.5,5.1,12,262,0,0,0,5,0,0,0,0,0,0,0,51,30.0,49.4,35.0,11.5,1,0.28,0.23,0.51,3.82,6,24,13,5
353,200617,James,11,Leeds,Midfielder,2025/26,5.5,5.2,23,547,0,0,1,16,0,0,0,0,0,0,0,93,70.8,133.1,133.0,33.9,6,0.91,0.71,1.62,14.39,9,35,19,7
354,199598,Ampadu,11,Leeds,Midfielder,2025/26,5.0,4.9,134,3119,1,4,8,49,0,0,0,10,0,0,11,586,592.2,384.8,166.0,114.7,35,2.47,2.20,4.67,48.66,151,416,184,81
355,248937,Greenwood,11,Leeds,Midfielder,2025/26,5.0,4.9,0,0,0,0,0,0,0,0,0,0,0,0,0,0,0.0,0.0,0.0,0.0,0,0.00,0.00,0.00,0.00,0,0,0,0
356,486520,Gruev,11,Leeds,Midfielder,2025/26,5.0,4.7,56,1318,0,4,5,23,0,0,0,3,0,0,3,245,199.4,171.0,64.0,43.2,15,0.49,0.86,1.35,25.27,40,114,51,23
357,433952,Ramazani,11,Leeds,Midfielder,2025/26,5.0,4.9,0,0,0,0,0,0,0,0,0,0,0,0,0,0,0.0,0.0,0.0,0.0,0,0.00,0.00,0.00,0.00,0,0,0,0
358,248056,Tanaka,11,Leeds,Midfielder,2025/26,5.0,4.8,67,1307,2,1,3,22,0,0,0,1,0,0,4,288,224.2,307.6,104.0,63.6,14,1.44,1.39,2.83,21.49,38,147,82,27
359,536119,Crew,11,Leeds,Midfielder,2025/26,4.5,4.5,0,0,0,0,0,0,0,0,0,0,0,0,0,0,0.0,0.0,0.0,0.0,0,0.00,0.00,0.00,0.00,0,0,0,0
360,462635,Gelhardt,11,Leeds,Midfielder,2025/26,4.5,4.5,0,0,0,0,0,0,0,0,0,0,0,0,0,0,0.0,0.0,0.0,0.0,0,0.00,0.00,0.00,0.00,0,0,0,0
361,470294,Gyabi,11,Leeds,Midfielder,2025/26,4.5,4.5,0,0,0,0,0,0,0,0,0,0,0,0,0,0,0.0,0.0,0.0,0.0,0,0.00,0.00,0.00,0.00,0,0,0,0
362,235826,Piroe,11,Leeds,Forward,2025/26,5.5,4.9,17,244,0,0,1,9,0,0,0,0,0,0,0,42,13.6,38.1,120.0,16.5,2,0.90,0.13,1.03,6.81,2,14,10,2
363,106617,Bamford,11,Leeds,Forward,2025/26,5.0,4.9,0,0,0,0,0,0,0,0,0,0,0,0,0,0,0.0,0.0,0.0,0.0,0,0.00,0.00,0.00,0.00,0,0,0,0
364,565297,Mateo Joseph,11,Leeds,Forward,2025/26,5.0,5.0,0,0,0,0,0,0,0,0,0,0,0,0,0,0,0.0,0.0,0.0,0.0,0,0.00,0.00,0.00,0.00,0,0,0,0
365,174594,Nmecha,11,Leeds,Forward,2025/26,5.0,5.0,73,1065,6,1,3,23,0,0,1,0,0,0,8,268,290.4,153.5,434.0,87.8,10,7.25,1.58,8.83,21.84,15,57,30,12
366,116535,A.Becker,12,Liverpool,Goalkeeper,2025/26,5.5,5.4,91,2340,0,0,8,31,0,0,0,1,0,57,8,389,479.8,0.1,0.0,47.8,26,0.00,0.03,0.03,29.58,37,0,229,0
367,449027,Mamardashvili,12,Liverpool,Goalkeeper,2025/26,4.5,4.1,34,867,0,0,2,18,0,1,0,0,0,34,2,139,275.6,0.0,0.0,27.5,10,0.00,0.00,0.00,13.29,10,0,76,1
368,586268,Pécsi,12,Liverpool,Goalkeeper,2025/26,4.0,3.8,0,0,0,0,0,0,0,0,0,0,0,0,0,0,0.0,0.0,0.0,0.0,0,0.00,0.00,0.00,0.00,0,0,0,0
369,155503,Woodman,12,Liverpool,Goalkeeper,2025/26,4.0,3.9,6,212,0,0,0,4,0,0,0,0,0,9,0,34,83.8,0.0,0.0,8.4,2,0.00,0.00,0.00,4.76,4,0,22,0
370,216094,Frimpong,12,Liverpool,Defender,2025/26,6.0,5.7,63,1032,0,5,5,13,0,0,0,1,0,0,1,237,133.2,244.6,186.0,56.5,12,0.50,1.55,2.05,12.97,19,30,52,11
371,544877,Kerkez,12,Liverpool,Defender,2025/26,6.0,5.6,85,2251,2,1,6,37,0,0,0,4,0,0,4,357,434.6,415.8,141.0,99.4,27,1.50,0.69,2.19,30.10,93,134,88,41
372,122798,Robertson,12,Liverpool,Defender,2025/26,6.0,5.7,55,1165,1,0,4,16,0,0,0,0,0,0,4,216,239.8,318.8,121.0,68.2,11,1.10,1.40,2.49,17.44,43,55,40,12
373,97032,Virgil,12,Liverpool,Defender,2025/26,6.0,6.1,175,3420,6,1,10,53,0,0,0,4,0,0,10,593,1169.4,215.9,490.0,187.6,38,3.77,1.44,5.21,47.63,329,352,87,23
374,204716,Konaté,12,Liverpool,Defender,2025/26,5.5,5.4,129,3090,1,0,10,45,0,0,0,7,0,0,8,532,779.2,160.5,119.0,106.1,36,1.19,0.98,2.17,40.66,240,293,118,53
375,492777,Bradley,12,Liverpool,Defender,2025/26,5.0,4.9,42,928,0,2,4,13,0,0,0,5,0,0,2,157,157.4,105.2,62.0,32.3,12,0.18,0.84,1.02,10.77,46,65,43,19
376,171287,Gomez,12,Liverpool,Defender,2025/26,5.0,4.9,33,594,0,2,2,14,0,0,0,4,0,0,2,94,122.8,77.8,31.0,23.2,7,0.28,0.64,0.92,9.31,36,46,20,10
377,214285,Tsimikas,12,Liverpool,Defender,2025/26,5.0,4.8,0,0,0,0,0,0,0,0,0,0,0,0,0,0,0.0,0.0,0.0,0.0,0,0.00,0.00,0.00,0.00,0,0,0,0
378,611926,Nallo,12,Liverpool,Defender,2025/26,4.0,3.7,0,0,0,0,0,0,0,0,0,0,0,0,0,0,0.0,0.0,0.0,0.0,0,0.00,0.00,0.00,0.00,0,0,0,0
379,219937,R.Williams,12,Liverpool,Defender,2025/26,4.0,3.7,0,0,0,0,0,0,0,0,0,0,0,0,0,0,0.0,0.0,0.0,0.0,0,0.00,0.00,0.00,0.00,0,0,0,0
380,489580,Ramsay,12,Liverpool,Defender,2025/26,4.0,3.7,0,0,0,0,0,0,0,0,0,0,0,0,0,0,0.0,0.0,0.0,0.0,0,0.00,0.00,0.00,0.00,0,0,0,0
381,118748,M.Salah,12,Liverpool,Midfielder,2025/26,14.5,14.0,123,2144,7,7,7,35,0,0,0,1,0,0,11,392,524.8,740.7,805.0,207.1,23,8.23,5.44,13.67,30.94,11,109,81,17
382,494595,Wirtz,12,Liverpool,Midfielder,2025/26,8.5,8.3,125,2374,5,4,10,32,0,0,0,1,0,0,17,521,526.4,908.2,665.0,210.0,27,6.83,5.14,11.96,33.99,26,176,116,34
383,244731,Luis Díaz,12,Liverpool,Midfielder,2025/26,8.0,8.0,0,0,0,0,0,0,0,0,0,0,0,0,0,0,0.0,0.0,0.0,0.0,0,0.00,0.00,0.00,0.00,0,0,0,0
384,243298,Gakpo,12,Liverpool,Midfielder,2025/26,7.5,7.3,131,2736,7,5,10,39,0,0,0,3,0,0,5,449,540.4,714.7,831.0,208.4,32,8.35,4.67,13.02,34.94,37,152,87,28
385,223541,Chiesa,12,Liverpool,Midfielder,2025/26,6.5,6.3,37,317,2,1,0,9,0,0,0,3,0,0,0,135,122.0,47.5,182.0,34.9,1,1.45,0.61,2.06,6.50,13,30,9,8
386,243016,Mac Allister,12,Liverpool,Midfielder,2025/26,6.5,6.1,108,2654,2,5,7,41,0,0,0,7,0,0,9,490,475.4,562.2,365.0,139.9,31,3.89,1.69,5.58,36.97,64,229,112,53
387,424876,Szoboszlai,12,Liverpool,Midfielder,2025/26,6.5,7.1,160,3232,6,7,9,52,0,0,1,8,1,0,21,780,867.8,1324.6,417.0,260.9,36,4.76,6.83,11.59,45.63,96,338,186,56
388,206915,C.Jones,12,Liverpool,Midfielder,2025/26,5.5,5.4,81,1923,1,3,3,37,0,0,0,2,0,0,6,447,407.4,412.1,227.0,104.6,18,2.21,2.77,4.98,31.44,53,237,144,40
389,444884,Elliott,2,Aston Villa,Midfielder,2025/26,5.5,5.1,5,110,0,0,0,2,0,0,0,0,0,0,0,17,11.8,31.7,31.0,7.4,1,0.29,0.08,0.37,1.74,2,6,4,0
390,441266,Gravenberch,12,Liverpool,Midfielder,2025/26,5.5,5.4,144,2991,5,5,9,42,0,0,0,5,0,0,17,671,687.0,497.2,220.0,140.1,34,1.89,2.26,4.15,38.41,112,298,127,59
391,496208,Gannon-Doak,4,Bournemouth,Midfielder,2025/26,5.0,4.8,11,105,0,1,0,1,0,0,0,0,0,0,0,33,32.4,17.8,39.0,8.9,0,0.26,0.13,0.39,4.74,1,13,6,6
392,158983,Endo,12,Liverpool,Midfielder,2025/26,5.0,4.9,12,170,0,1,1,5,0,0,0,1,0,0,0,49,56.0,18.1,6.0,8.0,1,0.04,0.05,0.09,4.11,13,23,3,7
393,535928,Bajcetic,12,Liverpool,Midfielder,2025/26,4.5,4.2,0,0,0,0,0,0,0,0,0,0,0,0,0,0,0.0,0.0,0.0,0.0,0,0.00,0.00,0.00,0.00,0,0,0,0
394,491501,McConnell,12,Liverpool,Midfielder,2025/26,4.5,4.4,0,0,0,0,0,0,0,0,0,0,0,0,0,0,0.0,0.0,0.0,0.0,0,0.00,0.00,0.00,0.00,0,0,0,0
395,440148,Morton,12,Liverpool,Midfielder,2025/26,4.5,4.5,0,0,0,0,0,0,0,0,0,0,0,0,0,0,0.0,0.0,0.0,0.0,0,0.00,0.00,0.00,0.00,0,0,0,0
396,591386,Nyoni,12,Liverpool,Midfielder,2025/26,4.5,4.3,6,21,0,0,0,1,0,0,0,0,0,0,0,11,4.2,13.4,4.0,2.1,0,0.37,0.02,0.39,0.85,0,5,4,1
397,447203,Darwin,12,Liverpool,Forward,2025/26,6.5,6.5,0,0,0,0,0,0,0,0,0,0,0,0,0,0,0.0,0.0,0.0,0.0,0,0.00,0.00,0.00,0.00,0,0,0,0
398,500058,Danns,12,Liverpool,Forward,2025/26,4.5,4.3,0,0,0,0,0,0,0,0,0,0,0,0,0,0,0.0,0.0,0.0,0.0,0,0.00,0.00,0.00,0.00,0,0,0,0
399,121160,Ederson M.,13,Man City,Goalkeeper,2025/26,5.5,5.3,0,0,0,0,0,0,0,0,0,0,0,0,0,0,0.0,0.0,0.0,0.0,0,0.00,0.00,0.00,0.00,0,0,0,0
400,88248,Ortega Moreno,16,Nott'm Forest,Goalkeeper,2025/26,5.0,4.7,11,270,0,0,1,4,0,0,0,0,0,8,0,38,68.6,0.0,0.0,6.9,3,0.00,0.01,0.01,4.65,1,0,8,0
401,122074,Bettinelli,13,Man City,Goalkeeper,2025/26,4.0,3.8,0,0,0,0,0,0,0,0,0,0,0,0,0,0,0.0,0.0,0.0,0.0,0,0.00,0.00,0.00,0.00,0,0,0,0
402,448514,Aït-Nouri,13,Man City,Defender,2025/26,6.0,5.7,60,971,0,2,5,8,0,0,0,2,0,0,9,237,195.6,216.4,90.0,50.2,12,0.53,2.01,2.54,12.25,32,67,49,35
403,477424,Gvardiol,13,Man City,Defender,2025/26,6.0,5.8,79,1370,2,2,6,13,0,0,0,2,0,0,5,303,369.0,109.5,218.0,69.8,16,2.25,0.70,2.95,16.05,86,103,49,17
404,211975,Akanji,13,Man City,Defender,2025/26,5.5,5.4,0,0,0,0,0,0,0,0,0,0,0,0,0,0,0.0,0.0,0.0,0.0,0,0.00,0.00,0.00,0.00,0,0,0,0
405,126184,Aké,13,Man City,Defender,2025/26,5.5,5.2,36,686,0,0,3,9,0,0,0,1,0,0,1,151,132.4,111.7,78.0,32.4,6,0.72,0.53,1.25,9.85,37,46,17,9
406,578153,Khusanov,13,Man City,Defender,2025/26,5.5,5.4,67,1427,0,0,6,13,0,0,0,2,0,0,3,293,299.0,112.2,26.0,43.9,15,0.65,1.21,1.86,20.89,96,123,75,27
407,465351,Matheus N.,13,Man City,Defender,2025/26,5.5,5.3,154,2861,1,8,12,28,0,0,0,5,0,0,16,676,696.0,545.0,131.0,137.6,32,0.34,2.23,2.57,34.89,138,195,166,57
408,171314,Rúben,13,Man City,Defender,2025/26,5.5,5.5,113,2139,2,0,12,22,0,0,0,3,0,0,4,453,560.8,152.2,96.0,81.0,24,0.57,0.65,1.22,26.07,154,167,74,13
409,97299,Stones,13,Man City,Defender,2025/26,5.5,5.4,16,436,0,0,1,10,0,0,0,0,0,0,0,55,101.8,24.4,4.0,13.0,5,0.00,0.09,0.09,6.62,29,30,19,1
410,477064,Lewis,13,Man City,Defender,2025/26,5.0,4.6,19,401,0,1,1,7,0,0,0,2,0,0,2,72,70.8,112.5,55.0,23.8,4,0.19,1.39,1.58,6.81,14,19,15,5
411,472769,O'Reilly,13,Man City,Defender,2025/26,5.0,5.3,160,2643,5,4,14,25,0,0,0,5,0,0,10,567,653.8,413.9,573.0,164.1,29,6.12,2.67,8.79,34.97,105,172,108,67
412,616222,Vitor Reis,13,Man City,Defender,2025/26,5.0,5.0,0,0,0,0,0,0,0,0,0,0,0,0,0,0,0.0,0.0,0.0,0.0,0,0.00,0.00,0.00,0.00,0,0,0,0
413,438234,Marmoush,13,Man City,Midfielder,2025/26,8.5,8.3,56,691,3,3,4,5,0,0,0,3,0,0,5,182,203.2,159.8,284.0,64.4,8,2.78,0.77,3.55,7.92,6,39,20,13
414,209244,Foden,13,Man City,Midfielder,2025/26,8.0,8.0,131,2078,7,5,11,19,0,0,0,4,0,0,13,563,583.2,918.8,520.0,201.9,23,6.03,4.76,10.79,27.38,24,160,102,34
415,510281,Savinho,13,Man City,Midfielder,2025/26,7.0,6.9,43,817,1,2,3,7,0,0,0,2,0,0,1,140,138.6,198.4,321.0,65.8,7,2.50,1.59,4.09,11.24,11,59,39,9
416,165809,Bernardo,13,Man City,Midfielder,2025/26,6.5,6.2,102,2869,2,4,13,30,0,0,0,10,0,0,4,534,514.0,809.0,353.0,167.8,34,2.71,4.11,6.81,35.59,62,262,146,54
417,466052,Cherki,13,Man City,Midfielder,2025/26,6.5,6.5,135,1772,4,13,8,18,0,0,0,1,0,0,16,580,604.2,996.6,579.0,218.1,19,4.28,8.87,13.14,25.23,16,135,93,26
418,248875,Doku,13,Man City,Midfielder,2025/26,6.5,6.5,120,1773,5,8,8,18,0,0,0,0,0,0,15,526,540.2,841.6,645.0,202.5,19,2.87,5.86,8.73,23.20,15,126,88,23
419,114283,Grealish,9,Everton,Midfielder,2025/26,6.5,6.3,79,1627,2,6,7,23,0,0,0,3,1,0,12,356,374.2,520.5,397.0,129.2,18,2.05,3.37,5.41,25.81,27,135,88,20
420,59859,Gündoğan,13,Man City,Midfielder,2025/26,6.5,6.3,0,0,0,0,0,0,0,0,0,0,0,0,0,0,0.0,0.0,0.0,0.0,0,0.00,0.00,0.00,0.00,0,0,0,0
421,220566,Rodrigo,13,Man City,Midfielder,2025/26,6.5,6.3,69,1510,1,1,5,15,0,0,0,3,0,0,6,350,358.0,421.5,122.0,90.3,17,1.15,2.45,3.60,20.74,57,206,107,42
422,91651,Kovačić,13,Man City,Midfielder,2025/26,6.0,5.8,9,125,0,1,0,3,0,0,0,0,0,0,0,41,46.0,65.5,3.0,11.5,1,0.13,0.42,0.55,4.00,6,18,10,2
423,465694,N.Gonzalez,13,Man City,Midfielder,2025/26,6.0,5.9,63,1561,1,0,7,18,0,0,0,6,0,0,1,337,309.8,234.1,72.0,61.5,17,0.68,1.12,1.80,20.35,74,206,90,42
424,477555,Bobb,10,Fulham,Midfielder,2025/26,5.5,5.1,42,1030,0,2,4,13,0,0,0,1,0,0,0,182,140.4,315.4,205.0,66.4,11,1.47,2.10,3.57,12.71,12,76,43,21
425,575204,Echeverri,13,Man City,Midfielder,2025/26,5.5,5.4,0,0,0,0,0,0,0,0,0,0,0,0,0,0,0.0,0.0,0.0,0.0,0,0.00,0.00,0.00,0.00,0,0,0,0
426,432714,McAtee,16,Nott'm Forest,Midfielder,2025/26,5.5,5.0,17,288,0,1,0,9,0,0,0,1,0,0,0,60,51.6,82.0,39.0,17.3,2,0.18,0.37,0.55,7.34,7,32,18,7
427,433036,Reijnders,13,Man City,Midfielder,2025/26,5.5,5.0,92,1623,5,3,7,18,0,0,0,2,0,0,6,337,340.0,347.8,435.0,111.2,19,4.61,2.35,6.96,18.82,32,100,58,10
428,566164,Nypan,13,Man City,Midfielder,2025/26,5.0,5.0,0,0,0,0,0,0,0,0,0,0,0,0,0,0,0.0,0.0,0.0,0.0,0,0.00,0.00,0.00,0.00,0,0,0,0
429,155405,Phillips,13,Man City,Midfielder,2025/26,5.0,4.7,0,0,0,0,0,0,0,0,0,0,0,0,0,0,0.0,0.0,0.0,0.0,0,0.00,0.00,0.00,0.00,0,0,0,0
430,223094,Haaland,13,Man City,Forward,2025/26,14.0,14.7,239,2953,27,8,13,32,0,0,1,2,0,0,43,952,1180.4,320.1,1520.0,302.3,34,25.50,2.67,28.17,38.60,48,104,41,15
431,451302,Bayindir,14,Man Utd,Goalkeeper,2025/26,5.0,4.7,11,540,0,0,0,11,0,0,0,0,0,13,0,49,118.4,10.0,0.0,12.8,6,0.00,0.05,0.05,9.24,7,0,39,0
432,202641,Onana,14,Man Utd,Goalkeeper,2025/26,5.0,4.9,0,0,0,0,0,0,0,0,0,0,0,0,0,0,0.0,0.0,0.0,0.0,0,0.00,0.00,0.00,0.00,0,0,0,0
433,588555,Harrison,14,Man Utd,Goalkeeper,2025/26,4.0,4.0,0,0,0,0,0,0,0,0,0,0,0,0,0,0,0.0,0.0,0.0,0.0,0,0.00,0.00,0.00,0.00,0,0,0,0
434,21205,Heaton,14,Man Utd,Goalkeeper,2025/26,4.0,3.8,0,0,0,0,0,0,0,0,0,0,0,0,0,0,0.0,0.0,0.0,0.0,0,0.00,0.00,0.00,0.00,0,0,0,0
435,461537,Mee,14,Man Utd,Goalkeeper,2025/26,4.0,3.9,0,0,0,0,0,0,0,0,0,0,0,0,0,0,0.0,0.0,0.0,0.0,0,0.00,0.00,0.00,0.00,0,0,0,0
436,209365,De Ligt,14,Man Utd,Defender,2025/26,5.0,4.9,43,1170,1,0,1,20,0,0,0,0,0,0,5,169,276.6,60.2,122.0,45.7,13,1.38,0.83,2.21,18.73,88,107,40,19
437,221820,Martinez,14,Man Utd,Defender,2025/26,5.0,4.8,51,1229,0,0,5,15,1,0,0,0,1,0,3,241,302.8,94.9,19.0,42.0,13,0.15,0.60,0.75,15.22,86,105,68,19
438,230001,Mazraoui,14,Man Utd,Defender,2025/26,5.0,4.9,53,977,0,0,5,10,0,0,0,3,0,0,6,233,209.0,122.4,37.0,36.8,11,0.19,0.35,0.53,12.99,66,94,46,28
439,661712,D.Leon,14,Man Utd,Defender,2025/26,4.5,4.1,0,0,0,0,0,0,0,0,0,0,0,0,0,0,0.0,0.0,0.0,0.0,0,0.00,0.00,0.00,0.00,0,0,0,0
440,216051,Dalot,14,Man Utd,Defender,2025/26,4.5,4.5,111,2609,1,6,7,40,0,0,0,5,0,0,9,414,535.8,458.5,202.0,119.6,29,1.93,2.57,4.50,36.57,127,180,135,53
441,596777,Dorgu,14,Man Utd,Defender,2025/26,4.5,4.1,95,1440,4,4,4,20,0,0,0,5,0,0,11,321,469.0,394.2,341.0,120.3,15,2.39,1.84,4.23,19.61,50,98,77,48
442,95658,Maguire,14,Man Utd,Defender,2025/26,4.5,4.4,90,1649,1,2,7,20,0,0,0,3,1,0,5,315,381.6,62.5,184.0,63.0,19,1.12,0.50,1.62,22.95,129,151,62,22
443,106760,Shaw,14,Man Utd,Defender,2025/26,4.5,4.5,113,3220,1,1,10,45,0,0,0,9,0,0,3,449,560.2,314.8,97.0,97.4,38,0.72,1.98,2.69,44.90,149,224,105,75
444,550864,Yoro,14,Man Utd,Defender,2025/26,4.5,4.1,56,1730,0,1,2,33,0,0,0,1,0,0,1,191,327.0,83.1,124.0,53.2,18,1.34,0.59,1.93,26.83,126,156,73,30
445,577974,Amass,14,Man Utd,Defender,2025/26,4.0,4.0,0,0,0,0,0,0,0,0,0,0,0,0,0,0,0.0,0.0,0.0,0.0,0,0.00,0.00,0.00,0.00,0,0,0,0
446,547676,Fredricson,14,Man Utd,Defender,2025/26,4.0,3.7,1,2,0,0,0,0,0,0,0,0,0,0,0,4,4.0,0.0,0.0,0.4,0,0.00,0.00,0.00,0.30,2,2,0,0
447,606745,Heaven,14,Man Utd,Defender,2025/26,4.0,3.7,42,920,0,1,2,15,1,0,0,2,0,0,3,164,233.6,32.0,26.0,29.1,11,0.34,0.18,0.52,11.95,71,93,39,22
448,222690,Malacia,14,Man Utd,Defender,2025/26,4.0,3.7,3,15,0,0,0,1,0,0,0,0,0,0,0,6,7.6,1.5,0.0,0.9,0,0.00,0.00,0.00,0.58,1,4,3,3
449,141746,B.Fernandes,14,Man Utd,Midfielder,2025/26,9.0,10.4,235,3065,9,24,7,46,0,0,2,5,0,0,41,1008,1258.0,1938.5,614.0,381.4,35,10.79,12.28,23.07,44.42,67,287,167,53
450,430871,Cunha,14,Man Utd,Midfielder,2025/26,8.0,8.1,143,2493,10,4,8,35,0,0,0,4,0,0,14,591,675.8,545.4,801.0,202.5,29,6.90,3.36,10.26,35.75,46,211,126,39
451,176297,Rashford,14,Man Utd,Midfielder,2025/26,7.0,7.0,0,0,0,0,0,0,0,0,0,0,0,0,0,0,0.0,0.0,0.0,0.0,0,0.00,0.00,0.00,0.00,0,0,0,0
452,493250,Amad,14,Man Utd,Midfielder,2025/26,6.5,6.2,91,2339,2,5,6,33,0,0,0,2,0,0,7,463,436.6,596.1,600.0,163.5,27,5.46,4.74,10.20,31.69,48,198,112,38
453,493105,Garnacho,7,Chelsea,Midfielder,2025/26,6.5,6.4,56,1261,1,4,4,20,0,0,0,2,0,0,3,222,211.4,405.3,399.0,100.5,14,3.44,3.68,7.12,20.52,10,71,45,16
454,467169,Antony,14,Man Utd,Midfielder,2025/26,6.0,5.9,0,0,0,0,0,0,0,0,0,0,0,0,0,0,0.0,0.0,0.0,0.0,0,0.00,0.00,0.00,0.00,0,0,0,0
455,184341,Mount,14,Man Utd,Midfielder,2025/26,6.0,5.9,58,1010,3,0,5,15,0,0,0,2,0,0,3,201,201.2,214.1,165.0,58.0,12,1.56,1.62,3.18,12.46,19,102,59,24
456,209243,Sancho,2,Aston Villa,Midfielder,2025/26,6.0,5.8,37,863,0,2,2,10,0,0,0,0,0,0,0,141,130.2,290.6,193.0,61.6,9,0.61,1.87,2.48,14.11,11,44,26,7
457,61256,Casemiro,14,Man Utd,Midfielder,2025/26,5.5,5.8,165,2575,9,4,9,32,0,0,0,9,1,0,20,636,903.6,536.1,585.0,202.8,33,5.44,3.17,8.61,31.77,130,355,135,90
458,516895,Mainoo,14,Man Utd,Midfielder,2025/26,5.0,4.7,73,1653,1,2,6,22,0,0,0,2,0,0,2,340,365.0,360.1,94.0,82.1,16,0.48,1.27,1.75,22.88,56,187,95,36
459,232112,Ugarte,14,Man Utd,Midfielder,2025/26,5.0,4.7,38,876,0,0,1,23,0,0,0,1,0,0,0,183,167.2,83.6,48.0,29.8,8,0.72,0.16,0.88,18.22,45,142,51,46
460,490881,Collyer,14,Man Utd,Midfielder,2025/26,4.5,4.5,0,0,0,0,0,0,0,0,0,0,0,0,0,0,0.0,0.0,0.0,0.0,0,0.00,0.00,0.00,0.00,0,0,0,0
461,556639,Fitzgerald,14,Man Utd,Midfielder,2025/26,4.5,4.3,0,0,0,0,0,0,0,0,0,0,0,0,0,0,0.0,0.0,0.0,0.0,0,0.00,0.00,0.00,0.00,0,0,0,0
462,547037,J.Fletcher,14,Man Utd,Midfielder,2025/26,4.5,4.3,3,107,0,0,0,0,0,0,0,0,0,0,0,10,18.6,24.4,5.0,4.8,0,0.03,0.02,0.05,1.86,2,11,4,5
463,618873,Kone,14,Man Utd,Midfielder,2025/26,4.5,4.3,0,0,0,0,0,0,0,0,0,0,0,0,0,0,0.0,0.0,0.0,0.0,0,0.00,0.00,0.00,0.00,0,0,0,0
464,559684,Moorhouse,14,Man Utd,Midfielder,2025/26,4.5,4.5,0,0,0,0,0,0,0,0,0,0,0,0,0,0,0.0,0.0,0.0,0.0,0,0.00,0.00,0.00,0.00,0,0,0,0
465,497894,Højlund,14,Man Utd,Forward,2025/26,6.5,6.3,0,0,0,0,0,0,0,0,0,0,0,0,0,0,0.0,0.0,0.0,0.0,0,0.00,0.00,0.00,0.00,0,0,0,0
466,458249,Zirkzee,14,Man Utd,Forward,2025/26,6.0,5.8,42,607,2,1,2,8,0,0,0,3,0,0,6,146,164.4,177.7,245.0,58.3,5,2.74,0.34,3.08,9.41,14,44,21,9
467,596047,Obi,14,Man Utd,Forward,2025/26,4.5,4.2,0,0,0,0,0,0,0,0,0,0,0,0,0,0,0.0,0.0,0.0,0.0,0,0.00,0.00,0.00,0.00,0,0,0,0
468,575034,Wheatley,14,Man Utd,Forward,2025/26,4.5,4.5,0,0,0,0,0,0,0,0,0,0,0,0,0,0,0.0,0.0,0.0,0.0,0,0.00,0.00,0.00,0.00,0,0,0,0
469,98747,Pope,15,Newcastle,Goalkeeper,2025/26,5.0,5.0,96,2416,0,1,7,38,0,0,0,2,0,89,3,414,671.0,0.0,35.0,70.7,27,0.16,0.00,0.16,32.89,35,0,254,1
470,67089,Dúbravka,3,Burnley,Goalkeeper,2025/26,4.0,4.0,96,3150,0,0,4,71,0,0,0,1,0,127,7,436,976.4,0.0,0.0,97.9,35,0.00,0.04,0.04,71.26,59,0,291,1
471,81441,Gillespie,15,Newcastle,Goalkeeper,2025/26,4.0,3.9,0,0,0,0,0,0,0,0,0,0,0,0,0,0,0.0,0.0,0.0,0.0,0,0.00,0.00,0.00,0.00,0,0,0,0
472,111452,Odysseas,15,Newcastle,Goalkeeper,2025/26,4.0,4.0,0,0,0,0,0,0,0,0,0,0,0,0,0,0,0.0,0.0,0.0,0.0,0,0.00,0.00,0.00,0.00,0,0,0,0
473,487838,Hall,15,Newcastle,Defender,2025/26,5.5,5.3,79,2176,1,2,4,39,0,0,0,4,0,0,4,347,550.2,433.6,196.0,118.0,24,1.01,2.78,3.79,37.72,119,173,134,54
474,119471,Schär,15,Newcastle,Defender,2025/26,5.5,5.2,51,1089,0,0,4,13,0,0,0,1,0,0,0,186,291.2,63.6,108.0,46.4,11,0.97,0.60,1.57,13.85,101,115,42,14
475,220237,Botman,15,Newcastle,Defender,2025/26,5.0,4.9,89,1834,1,1,5,27,1,0,0,2,0,0,6,332,597.0,85.8,190.0,87.4,21,1.73,0.86,2.59,27.58,195,216,89,21
476,78916,Burn,15,Newcastle,Defender,2025/26,5.0,5.0,93,2195,1,3,6,36,0,0,0,9,1,0,5,286,525.8,107.3,186.0,82.1,25,1.08,0.36,1.44,30.15,185,225,76,40
477,441191,Livramento,15,Newcastle,Defender,2025/26,5.0,4.9,59,1326,0,1,6,14,0,0,0,1,0,0,3,252,219.4,199.7,42.0,46.1,14,0.13,0.89,1.02,18.62,46,68,81,22
478,77794,Trippier,15,Newcastle,Defender,2025/26,5.0,4.9,54,1586,0,1,5,27,0,0,0,3,0,0,2,225,288.0,488.5,14.0,79.0,18,0.08,2.06,2.14,21.28,57,82,74,25
479,111773,Krafth,15,Newcastle,Defender,2025/26,4.5,4.3,0,45,0,0,0,2,0,0,0,0,0,0,0,-8,1.4,1.2,0.0,0.3,1,0.00,0.00,0.00,0.25,1,1,0,0
480,101148,Lascelles,15,Newcastle,Defender,2025/26,4.5,4.3,1,19,0,0,0,2,0,0,0,0,0,0,0,0,10.2,0.0,7.0,1.7,0,0.04,0.00,0.04,0.55,5,5,0,0
481,545477,A.Murphy,15,Newcastle,Defender,2025/26,4.0,3.8,2,7,0,0,0,1,0,0,0,0,0,0,0,3,10.2,0.6,2.0,1.3,0,0.00,0.00,0.00,0.49,4,4,0,0
482,441024,Ashby,15,Newcastle,Defender,2025/26,4.0,3.9,0,0,0,0,0,0,0,0,0,0,0,0,0,0,0.0,0.0,0.0,0.0,0,0.00,0.00,0.00,0.00,0,0,0,0
483,578512,Pivas,15,Newcastle,Defender,2025/26,4.0,3.8,0,0,0,0,0,0,0,0,0,0,0,0,0,0,0.0,0.0,0.0,0.0,0,0.00,0.00,0.00,0.00,0,0,0,0
484,169359,Targett,15,Newcastle,Defender,2025/26,4.0,4.0,0,0,0,0,0,0,0,0,0,0,0,0,0,0,0.0,0.0,0.0,0.0,0,0.00,0.00,0.00,0.00,0,0,0,0
485,232826,Gordon,15,Newcastle,Midfielder,2025/26,7.5,7.2,101,1798,6,4,8,30,0,0,0,3,1,0,10,352,393.8,404.2,514.0,130.9,24,8.77,3.38,12.15,24.78,16,91,56,19
486,449434,Elanga,15,Newcastle,Midfielder,2025/26,7.0,6.5,48,1302,0,1,2,28,0,0,0,0,0,0,0,179,130.4,266.7,185.0,57.8,14,1.65,1.74,3.39,21.11,9,55,32,14
487,201666,Barnes,15,Newcastle,Midfielder,2025/26,6.5,6.1,106,1951,7,1,5,31,0,0,0,1,0,0,9,349,404.0,387.5,682.0,147.0,19,6.84,2.72,9.56,30.30,20,100,67,13
488,208706,Bruno G.,15,Newcastle,Midfielder,2025/26,6.5,6.9,154,2456,9,7,6,37,0,0,0,6,0,0,22,681,782.4,756.7,488.0,202.9,27,5.59,4.96,10.55,31.99,55,251,134,62
489,114243,J.Murphy,15,Newcastle,Midfielder,2025/26,6.5,5.9,82,1606,3,2,8,20,0,0,0,2,0,0,5,314,330.8,393.7,346.0,106.0,19,3.07,2.66,5.73,24.35,27,90,47,16
490,180974,Joelinton,15,Newcastle,Midfielder,2025/26,6.0,5.9,73,1950,2,1,5,27,0,0,0,10,0,0,2,304,324.4,296.3,329.0,95.0,23,2.36,1.35,3.71,28.75,73,238,122,43
491,432422,Tonali,15,Newcastle,Midfielder,2025/26,5.5,5.3,81,2534,0,2,7,38,0,0,0,4,0,0,2,477,398.0,534.1,198.0,113.4,31,1.75,2.87,4.62,36.19,75,257,147,35
492,640108,Antoñito C.,15,Newcastle,Midfielder,2025/26,5.0,4.9,0,0,0,0,0,0,0,0,0,0,0,0,0,0,0.0,0.0,0.0,0.0,0,0.00,0.00,0.00,0.00,0,0,0,0
493,180135,Longstaff,11,Leeds,Midfielder,2025/26,5.0,4.8,56,1003,2,2,1,20,0,0,0,2,0,0,5,273,291.8,403.7,116.0,81.2,10,1.23,1.87,3.10,15.88,29,110,43,38
494,200089,Willock,15,Newcastle,Midfielder,2025/26,5.0,5.0,38,972,0,2,3,18,0,0,0,3,0,0,0,166,145.4,205.8,204.0,55.5,10,1.26,1.07,2.33,17.83,17,89,52,20
495,153127,Hayden,15,Newcastle,Midfielder,2025/26,4.5,4.5,0,0,0,0,0,0,0,0,0,0,0,0,0,0,0.0,0.0,0.0,0.0,0,0.00,0.00,0.00,0.00,0,0,0,0
496,564510,Kuol,15,Newcastle,Midfielder,2025/26,4.5,4.4,0,0,0,0,0,0,0,0,0,0,0,0,0,0,0.0,0.0,0.0,0.0,0,0.00,0.00,0.00,0.00,0,0,0,0
497,547719,L.Miley,15,Newcastle,Midfielder,2025/26,4.5,4.4,72,1493,1,4,2,22,0,0,0,0,0,0,5,334,342.6,251.4,136.0,73.0,15,1.36,2.10,3.46,21.22,57,155,69,29
498,461484,White,15,Newcastle,Midfielder,2025/26,4.5,4.5,0,0,0,0,0,0,0,0,0,0,0,0,0,0,0.0,0.0,0.0,0.0,0,0.00,0.00,0.00,0.00,0,0,0,0
499,219168,Isak,12,Liverpool,Forward,2025/26,10.5,10.3,41,694,3,1,1,9,0,0,0,0,0,0,4,140,146.4,39.2,191.0,36.9,8,2.59,0.08,2.67,8.38,10,30,13,7
500,538207,Osula,15,Newcastle,Forward,2025/26,5.5,5.5,76,805,7,1,2,14,0,0,0,0,0,0,13,284,256.6,82.6,284.0,62.2,8,4.28,0.62,4.90,14.48,2,31,23,6
501,599303,Neave,15,Newcastle,Forward,2025/26,4.5,4.3,1,13,0,0,0,1,0,0,0,0,0,0,0,2,0.0,0.0,5.0,0.5,0,0.03,0.00,0.03,0.37,0,0,0,0
502,85633,Sels,16,Nott'm Forest,Goalkeeper,2025/26,5.0,4.6,105,2667,0,0,7,39,0,1,0,2,0,95,3,431,730.0,10.0,0.0,74.0,30,0.00,0.06,0.06,45.12,26,0,197,1
503,475123,C.Miguel,16,Nott'm Forest,Goalkeeper,2025/26,4.0,4.0,0,0,0,0,0,0,0,0,0,0,0,0,0,0,0.0,0.0,0.0,0.0,0,0.00,0.00,0.00,0.00,0,0,0,0
504,224068,Turner,16,Nott'm Forest,Goalkeeper,2025/26,4.0,4.0,0,0,0,0,0,0,0,0,0,0,0,0,0,0,0.0,0.0,0.0,0.0,0,0.00,0.00,0.00,0.00,0,0,0,0
505,227444,Milenković,16,Nott'm Forest,Defender,2025/26,5.5,5.1,119,3375,0,1,9,51,1,0,0,6,0,0,2,401,680.4,66.9,120.0,86.9,37,0.83,0.68,1.51,54.98,281,311,107,30
506,575476,Murillo,16,Nott'm Forest,Defender,2025/26,5.5,5.2,83,2130,1,0,6,29,2,0,0,5,0,0,3,333,542.2,115.5,82.0,74.0,25,0.73,0.47,1.20,32.99,188,223,102,35
507,159506,Aina,16,Nott'm Forest,Defender,2025/26,5.0,4.7,67,1587,0,2,6,19,0,0,0,3,0,0,5,264,285.2,160.3,58.0,50.5,18,0.41,0.84,1.25,25.31,99,130,81,31
508,215136,N.Williams,16,Nott'm Forest,Defender,2025/26,5.0,4.8,128,3203,2,3,9,48,0,0,0,6,1,0,15,531,804.0,572.3,380.0,175.6,36,2.01,3.97,5.98,51.36,151,247,164,96
509,451432,David Carmo,16,Nott'm Forest,Defender,2025/26,4.5,4.5,0,0,0,0,0,0,0,0,0,0,0,0,0,0,0.0,0.0,0.0,0.0,0,0.00,0.00,0.00,0.00,0,0,0,0
510,575458,Jair Cunha,16,Nott'm Forest,Defender,2025/26,4.5,4.2,13,514,0,0,0,7,0,0,0,0,0,0,0,48,98.0,15.2,29.0,14.2,6,0.27,0.06,0.33,10.35,38,47,13,9
511,485047,Morato,16,Nott'm Forest,Defender,2025/26,4.5,4.3,53,1340,1,0,2,23,0,0,0,5,0,0,1,190,371.2,37.6,96.0,50.5,14,1.32,0.15,1.47,24.34,114,144,52,30
512,204822,O.Richards,16,Nott'm Forest,Defender,2025/26,4.5,4.5,0,0,0,0,0,0,0,0,0,0,0,0,0,0,0.0,0.0,0.0,0.0,0,0.00,0.00,0.00,0.00,0,0,0,0
513,549067,Abbott,16,Nott'm Forest,Defender,2025/26,4.0,3.8,3,165,0,0,0,4,0,0,0,0,0,0,0,3,25.4,6.4,0.0,3.2,2,0.00,0.01,0.01,3.47,9,13,10,4
514,90585,Boly,16,Nott'm Forest,Defender,2025/26,4.0,3.8,0,0,0,0,0,0,0,0,0,0,0,0,0,0,0.0,0.0,0.0,0.0,0,0.00,0.00,0.00,0.00,0,0,0,0
515,222531,Gibbs-White,16,Nott'm Forest,Midfielder,2025/26,7.5,7.6,188,3101,15,4,10,45,0,0,0,1,0,0,18,712,843.8,747.7,836.0,242.5,35,10.81,2.91,13.72,49.70,48,178,110,20
516,209046,Hudson-Odoi,16,Nott'm Forest,Midfielder,2025/26,6.0,5.7,88,1838,3,4,6,26,0,0,0,0,0,0,8,358,366.6,611.7,330.0,130.6,21,2.77,3.02,5.79,30.88,24,106,68,14
517,215379,Anderson,16,Nott'm Forest,Midfielder,2025/26,5.5,5.7,180,3332,4,5,10,50,0,0,0,8,0,0,16,795,915.2,961.5,310.0,219.0,37,2.94,4.79,7.73,53.65,106,515,306,103
518,510500,Jota,16,Nott'm Forest,Midfielder,2025/26,5.5,5.4,1,11,0,0,0,0,0,0,0,0,0,0,0,6,5.0,0.5,4.0,1.0,0,0.00,0.00,0.00,0.00,1,3,0,2
519,250199,Dominguez,16,Nott'm Forest,Midfielder,2025/26,5.0,5.0,48,1168,1,1,3,20,0,0,0,3,0,0,3,229,264.8,193.5,138.0,59.7,17,1.47,0.77,2.24,23.21,29,143,58,56
520,243345,O'Brien,16,Nott'm Forest,Midfielder,2025/26,5.0,5.0,0,0,0,0,0,0,0,0,0,0,0,0,0,0,0.0,0.0,0.0,0.0,0,0.00,0.00,0.00,0.00,0,0,0,0
521,210462,Sangaré,16,Nott'm Forest,Midfielder,2025/26,5.0,4.9,89,2073,2,2,8,26,0,0,0,5,0,0,2,366,434.4,205.9,126.0,76.8,25,1.16,1.80,2.96,33.17,95,267,114,58
522,204968,Yates,16,Nott'm Forest,Midfielder,2025/26,5.0,4.7,30,602,0,2,0,7,0,0,0,3,0,0,0,123,139.0,79.7,55.0,27.2,2,0.49,0.37,0.86,8.56,35,69,18,16
523,569014,Da Silva Moreira,16,Nott'm Forest,Midfielder,2025/26,4.5,4.5,0,0,0,0,0,0,0,0,0,0,0,0,0,0,0.0,0.0,0.0,0.0,0,0.00,0.00,0.00,0.00,0,0,0,0
524,495161,Stamenic,16,Nott'm Forest,Midfielder,2025/26,4.5,4.5,0,0,0,0,0,0,0,0,0,0,0,0,0,0,0.0,0.0,0.0,0.0,0,0.00,0.00,0.00,0.00,0,0,0,0
525,60689,Wood,16,Nott'm Forest,Forward,2025/26,7.5,7.1,41,896,3,0,2,14,0,0,0,0,0,0,4,145,139.0,88.4,266.0,48.0,11,4.29,0.32,4.61,14.44,14,29,14,1
526,482973,Igor Jesus,16,Nott'm Forest,Forward,2025/26,6.0,5.9,114,2293,6,6,9,37,0,0,0,2,0,0,13,407,420.6,240.7,726.0,136.4,28,6.48,1.26,7.74,38.77,38,123,61,24
527,210156,Awoniyi,16,Nott'm Forest,Forward,2025/26,5.5,5.2,43,480,4,2,1,4,0,0,0,2,0,0,4,170,177.2,79.0,235.0,48.4,3,3.68,0.77,4.45,10.35,6,26,18,2
528,232571,Patterson,17,Sunderland,Goalkeeper,2025/26,4.5,4.2,0,0,0,0,0,0,0,0,0,0,0,0,0,0,0.0,0.0,0.0,0.0,0,0.00,0.00,0.00,0.00,0,0,0,0
529,74854,Moore,17,Sunderland,Goalkeeper,2025/26,4.0,3.9,0,0,0,0,0,0,0,0,0,0,0,0,0,0,0.0,0.0,0.0,0.0,0,0.00,0.00,0.00,0.00,0,0,0,0
530,490000,Nna Noukeu,17,Sunderland,Goalkeeper,2025/26,4.0,3.9,0,0,0,0,0,0,0,0,0,0,0,0,0,0,0.0,0.0,0.0,0.0,0,0.00,0.00,0.00,0.00,0,0,0,0
531,223827,Ballard,17,Sunderland,Defender,2025/26,4.5,4.6,116,2144,2,2,6,35,0,0,0,4,1,0,9,340,662.8,181.2,370.0,121.5,24,2.46,0.63,3.09,33.20,231,264,69,33
532,487676,Hume,17,Sunderland,Defender,2025/26,4.5,4.5,110,3032,2,1,9,42,1,0,0,9,0,0,6,383,547.8,421.3,248.0,120.9,34,2.27,2.05,4.32,47.27,135,203,102,68
533,220684,Alese,17,Sunderland,Defender,2025/26,4.0,4.0,0,0,0,0,0,0,0,0,0,0,0,0,0,0,0.0,0.0,0.0,0.0,0,0.00,0.00,0.00,0.00,0,0,0,0
534,232820,Anderson,17,Sunderland,Defender,2025/26,4.0,3.8,0,0,0,0,0,0,0,0,0,0,0,0,0,0,0.0,0.0,0.0,0.0,0,0.00,0.00,0.00,0.00,0,0,0,0
535,461195,Cirkin,17,Sunderland,Defender,2025/26,4.0,4.0,14,319,0,0,1,2,0,0,0,2,0,0,0,43,59.2,9.7,10.0,7.5,3,0.08,0.02,0.09,6.49,20,28,8,8
536,477547,Hjelde,17,Sunderland,Defender,2025/26,4.0,4.0,0,0,0,0,0,0,0,0,0,0,0,0,0,0,0.0,0.0,0.0,0.0,0,0.00,0.00,0.00,0.00,0,0,0,0
537,492066,Huggins,17,Sunderland,Defender,2025/26,4.0,4.0,0,0,0,0,0,0,0,0,0,0,0,0,0,0,0.0,0.0,0.0,0.0,0,0.00,0.00,0.00,0.00,0,0,0,0
538,514613,Johnson,17,Sunderland,Defender,2025/26,4.0,3.8,0,0,0,0,0,0,0,0,0,0,0,0,0,0,0.0,0.0,0.0,0.0,0,0.00,0.00,0.00,0.00,0,0,0,0
539,167512,O'Nien,17,Sunderland,Defender,2025/26,4.0,4.0,26,565,0,1,2,7,0,0,0,1,1,0,1,90,103.0,27.6,40.0,17.1,5,0.15,0.13,0.28,9.24,37,43,10,6
540,465702,Pembele,17,Sunderland,Defender,2025/26,4.0,3.9,0,0,0,0,0,0,0,0,0,0,0,0,0,0,0.0,0.0,0.0,0.0,0,0.00,0.00,0.00,0.00,0,0,0,0
541,434399,Reinildo,17,Sunderland,Defender,2025/26,4.0,3.8,74,1966,0,2,6,27,0,0,0,7,1,0,6,281,376.4,130.2,39.0,54.7,23,0.13,0.62,0.75,26.72,125,164,90,39
542,519634,Seelt,17,Sunderland,Defender,2025/26,4.0,4.0,2,133,0,0,0,2,0,0,0,0,0,0,0,11,33.6,2.4,0.0,3.6,1,0.00,0.01,0.01,1.33,8,12,6,4
543,535818,Adingra,17,Sunderland,Midfielder,2025/26,5.5,4.9,34,649,1,1,4,8,0,0,0,2,0,0,3,81,81.4,116.8,75.0,27.0,9,0.35,0.62,0.97,11.30,13,45,21,11
544,547027,Diarra,17,Sunderland,Midfielder,2025/26,5.5,5.3,65,1403,2,6,5,19,0,0,0,6,0,0,3,209,166.2,153.8,234.0,53.9,15,3.27,0.85,4.12,21.52,17,79,48,14
545,124165,Roberts,17,Sunderland,Midfielder,2025/26,5.5,5.4,1,27,0,0,0,1,0,0,0,0,0,0,0,4,1.8,7.3,5.0,1.4,0,0.03,0.02,0.05,0.66,0,1,1,0
546,626844,Aleksić,17,Sunderland,Midfielder,2025/26,5.0,4.9,0,0,0,0,0,0,0,0,0,0,0,0,0,0,0.0,0.0,0.0,0.0,0,0.00,0.00,0.00,0.00,0,0,0,0
547,484420,E.Le Fée,17,Sunderland,Midfielder,2025/26,5.0,4.8,147,2930,5,6,10,43,0,0,1,5,0,0,16,621,725.8,816.4,324.0,186.9,33,5.22,5.95,11.17,46.50,77,319,153,89
548,461199,Mundle,17,Sunderland,Midfielder,2025/26,5.0,4.9,14,399,0,0,0,11,0,0,0,1,0,0,0,42,29.4,33.6,69.0,12.7,2,0.87,0.48,1.35,8.54,6,33,22,5
549,223336,Neil,17,Sunderland,Midfielder,2025/26,5.0,4.8,3,13,0,0,0,0,0,0,0,0,0,0,0,10,3.0,1.4,0.0,0.4,0,0.00,0.00,0.00,0.64,2,2,0,0
550,215460,Poveda,17,Sunderland,Midfielder,2025/26,5.0,4.7,0,0,0,0,0,0,0,0,0,0,0,0,0,0,0.0,0.0,0.0,0.0,0,0.00,0.00,0.00,0.00,0,0,0,0
551,554197,Rigg,17,Sunderland,Midfielder,2025/26,5.0,4.7,36,758,1,1,3,11,0,0,0,1,0,0,1,136,114.6,142.8,103.0,36.0,11,0.86,0.93,1.79,12.46,15,57,29,13
552,577669,Sadiki,17,Sunderland,Midfielder,2025/26,5.0,4.9,80,2891,0,2,9,42,0,0,0,9,0,0,0,410,347.6,333.3,162.0,84.6,33,1.43,1.46,2.89,41.39,89,248,113,46
553,549912,Talbi,17,Sunderland,Midfielder,2025/26,5.0,4.9,83,1553,4,2,7,14,0,0,0,0,0,0,6,248,238.8,211.5,245.0,69.1,16,2.13,1.18,3.30,22.26,20,92,61,11
554,477851,Ba,17,Sunderland,Midfielder,2025/26,4.5,4.3,0,0,0,0,0,0,0,0,0,0,0,0,0,0,0.0,0.0,0.0,0.0,0,0.00,0.00,0.00,0.00,0,0,0,0
555,171422,Browne,17,Sunderland,Midfielder,2025/26,4.5,4.5,0,0,0,0,0,0,0,0,0,0,0,0,0,0,0.0,0.0,0.0,0.0,0,0.00,0.00,0.00,0.00,0,0,0,0
556,458297,Ekwah,17,Sunderland,Midfielder,2025/26,4.5,4.5,0,0,0,0,0,0,0,0,0,0,0,0,0,0,0.0,0.0,0.0,0.0,0,0.00,0.00,0.00,0.00,0,0,0,0
557,547410,H.Jones,17,Sunderland,Midfielder,2025/26,4.5,4.3,0,0,0,0,0,0,0,0,0,0,0,0,0,0,0.0,0.0,0.0,0.0,0,0.00,0.00,0.00,0.00,0,0,0,0
558,493837,Matete,17,Sunderland,Midfielder,2025/26,4.5,4.3,0,0,0,0,0,0,0,0,0,0,0,0,0,0,0.0,0.0,0.0,0.0,0,0.00,0.00,0.00,0.00,0,0,0,0
559,500696,Triantis,17,Sunderland,Midfielder,2025/26,4.5,4.4,0,0,0,0,0,0,0,0,0,0,0,0,0,0,0.0,0.0,0.0,0.0,0,0.00,0.00,0.00,0.00,0,0,0,0
560,437505,Isidor,17,Sunderland,Forward,2025/26,5.5,5.0,74,1148,6,1,4,17,0,0,0,1,0,0,7,266,242.0,30.4,444.0,71.5,11,4.70,0.38,5.08,19.82,17,51,23,11
561,564406,Mayenda,17,Sunderland,Forward,2025/26,5.5,5.1,40,751,2,0,3,9,0,0,0,0,0,0,5,124,117.6,53.8,188.0,35.5,8,2.13,0.22,2.35,12.94,7,26,14,5
562,611975,Abdullahi,17,Sunderland,Forward,2025/26,4.5,4.2,0,0,0,0,0,0,0,0,0,0,0,0,0,0,0.0,0.0,0.0,0.0,0,0.00,0.00,0.00,0.00,0,0,0,0
563,551153,Luís Hemir,17,Sunderland,Forward,2025/26,4.5,4.4,0,0,0,0,0,0,0,0,0,0,0,0,0,0,0.0,0.0,0.0,0.0,0,0.00,0.00,0.00,0.00,0,0,0,0
564,440955,Rusyn,17,Sunderland,Forward,2025/26,4.5,4.4,0,0,0,0,0,0,0,0,0,0,0,0,0,0,0.0,0.0,0.0,0.0,0,0.00,0.00,0.00,0.00,0,0,0,0
565,184254,Vicario,18,Spurs,Goalkeeper,2025/26,5.0,4.7,90,2790,0,0,7,50,0,0,0,1,0,83,6,412,709.2,10.1,0.0,72.2,31,0.00,0.04,0.04,46.21,35,0,247,1
566,214572,Austin,18,Spurs,Goalkeeper,2025/26,4.0,3.9,0,0,0,0,0,0,0,0,0,0,0,0,0,0,0.0,0.0,0.0,0.0,0,0.00,0.00,0.00,0.00,0,0,0,0
567,485055,Kinsky,18,Spurs,Goalkeeper,2025/26,4.0,3.9,20,630,0,0,2,7,0,0,0,1,0,10,0,76,102.6,0.0,0.0,10.3,7,0.00,0.00,0.00,5.55,10,0,33,0
568,441164,Pedro Porro,18,Spurs,Defender,2025/26,5.5,5.2,117,2793,1,3,9,40,0,0,0,10,0,0,8,502,690.2,881.7,202.0,177.5,32,1.05,4.37,5.42,37.75,142,218,132,76
569,221632,Romero,18,Spurs,Defender,2025/26,5.0,5.0,91,1869,4,1,5,33,0,0,0,9,2,0,10,305,574.8,133.6,223.0,93.2,22,1.39,1.25,2.64,28.32,139,197,88,58
570,135720,Danso,18,Spurs,Defender,2025/26,4.5,4.2,63,1489,0,0,4,25,0,0,0,8,0,0,1,219,407.0,49.5,96.0,55.5,17,0.62,0.28,0.90,20.15,165,192,45,27
571,115556,Davies,18,Spurs,Defender,2025/26,4.5,4.3,10,136,1,0,0,3,0,0,0,1,0,0,1,29,67.4,22.2,52.0,14.2,2,0.49,0.07,0.56,1.11,9,14,5,5
572,493125,Dragusin,18,Spurs,Defender,2025/26,4.5,4.5,17,515,0,0,0,13,0,0,0,0,0,0,0,34,130.6,3.2,27.0,16.1,5,0.31,0.01,0.32,12.26,70,75,14,5
573,232859,Spence,18,Spurs,Defender,2025/26,4.5,4.1,78,2049,0,0,9,31,0,0,0,4,0,0,3,271,291.0,209.7,207.0,70.5,23,0.90,1.77,2.67,31.42,72,116,112,44
574,487053,Udogie,18,Spurs,Defender,2025/26,4.5,4.3,29,1335,0,1,1,25,0,0,0,4,0,0,1,121,207.2,187.0,103.0,49.8,14,0.18,0.72,0.90,19.15,37,68,70,31
575,491279,Van de Ven,18,Spurs,Defender,2025/26,4.5,4.4,116,3041,4,1,9,50,0,0,0,9,1,0,10,431,683.4,95.2,218.0,99.6,35,2.82,0.38,3.20,42.99,174,212,121,38
576,548308,Phillips,18,Spurs,Defender,2025/26,4.0,4.0,0,0,0,0,0,0,0,0,0,0,0,0,0,0,0.0,0.0,0.0,0.0,0,0.00,0.00,0.00,0.00,0,0,0,0
577,553299,Takai,18,Spurs,Defender,2025/26,4.0,4.0,0,0,0,0,0,0,0,0,0,0,0,0,0,0,0.0,0.0,0.0,0.0,0,0.00,0.00,0.00,0.00,0,0,0,0
578,610799,Vuskovic,18,Spurs,Defender,2025/26,4.0,3.9,0,0,0,0,0,0,0,0,0,0,0,0,0,0,0.0,0.0,0.0,0.0,0,0.00,0.00,0.00,0.00,0,0,0,0
579,85971,Son,18,Spurs,Midfielder,2025/26,8.5,8.5,0,0,0,0,0,0,0,0,0,0,0,0,0,0,0.0,0.0,0.0,0.0,0,0.00,0.00,0.00,0.00,0,0,0,0
580,242898,Johnson,8,Crystal Palace,Midfielder,2025/26,7.0,6.5,65,1710,2,1,6,24,0,0,0,6,0,0,2,217,223.4,311.1,230.0,75.8,19,2.45,1.31,3.76,28.29,37,121,55,29
581,172780,Maddison,18,Spurs,Midfielder,2025/26,7.0,6.8,3,34,0,0,0,0,0,0,0,0,0,0,0,5,2.8,9.5,15.0,2.8,0,0.21,0.06,0.27,0.65,0,5,4,1
582,460842,Kudus,18,Spurs,Midfielder,2025/26,6.5,6.4,75,1535,2,6,7,20,0,0,0,3,0,0,7,257,333.4,413.8,302.0,104.7,19,1.92,2.41,4.33,22.74,9,133,95,29
583,445044,Kulusevski,18,Spurs,Midfielder,2025/26,6.5,6.4,0,0,0,0,0,0,0,0,0,0,0,0,0,0,0.0,0.0,0.0,0.0,0,0.00,0.00,0.00,0.00,0,0,0,0
584,511499,Tel,18,Spurs,Midfielder,2025/26,6.5,6.2,78,1334,4,2,3,23,0,0,0,1,0,0,7,266,303.4,457.2,312.0,107.6,13,2.47,2.43,4.89,17.29,19,111,72,20
585,202993,Bentancur,18,Spurs,Midfielder,2025/26,5.5,5.2,86,1880,1,1,8,25,0,0,0,7,0,0,4,366,349.0,197.8,124.0,67.4,23,0.72,0.84,1.56,23.65,91,278,131,56
586,570526,Bergvall,18,Spurs,Midfielder,2025/26,5.5,5.2,49,955,1,3,3,18,0,0,0,2,0,0,0,163,164.6,106.4,147.0,41.5,11,1.23,0.43,1.66,13.66,18,79,39,22
587,227127,Bissouma,18,Spurs,Midfielder,2025/26,5.5,5.2,17,600,0,0,1,17,0,0,0,4,0,0,0,99,89.6,25.5,23.0,13.7,7,0.36,0.10,0.46,12.21,26,74,30,18
588,550839,Odobert,18,Spurs,Midfielder,2025/26,5.5,5.3,46,972,0,2,2,13,0,0,0,0,0,0,6,176,158.8,284.3,234.0,67.6,10,1.92,1.21,3.13,14.24,14,77,53,10
589,235674,Solomon,18,Spurs,Midfielder,2025/26,5.5,5.4,0,0,0,0,0,0,0,0,0,0,0,0,0,0,0.0,0.0,0.0,0.0,0,0.00,0.00,0.00,0.00,0,0,0,0
590,436234,Bryan,18,Spurs,Midfielder,2025/26,5.0,4.9,0,0,0,0,0,0,0,0,0,0,0,0,0,0,0.0,0.0,0.0,0.0,0,0.00,0.00,0.00,0.00,0,0,0,0
591,547701,Gray,18,Spurs,Midfielder,2025/26,5.0,4.8,61,1471,2,2,5,28,0,0,0,5,0,0,6,237,259.4,138.1,158.0,55.5,18,1.50,1.29,2.79,24.80,65,132,56,11
592,499721,Moore,18,Spurs,Midfielder,2025/26,5.0,5.0,0,0,0,0,0,0,0,0,0,0,0,0,0,0,0.0,0.0,0.0,0.0,0,0.00,0.00,0.00,0.00,0,0,0,0
593,482442,P.M.Sarr,18,Spurs,Midfielder,2025/26,5.0,4.5,71,1388,2,4,3,23,0,0,0,3,0,0,2,313,336.0,188.3,156.0,68.2,13,1.63,1.11,2.74,26.67,74,183,77,32
594,623095,Min-hyeok,18,Spurs,Midfielder,2025/26,4.5,4.5,0,0,0,0,0,0,0,0,0,0,0,0,0,0,0.0,0.0,0.0,0.0,0,0.00,0.00,0.00,0.00,0,0,0,0
595,499726,Olusesi,18,Spurs,Midfielder,2025/26,4.5,4.3,1,14,0,0,0,0,0,0,0,0,0,0,0,3,0.6,1.8,0.0,0.2,0,0.00,0.01,0.01,0.75,0,2,2,0
596,154566,Solanke,18,Spurs,Forward,2025/26,7.5,7.1,40,997,3,0,0,21,0,0,0,1,0,0,4,187,205.0,84.1,339.0,62.7,11,2.97,0.34,3.30,17.80,16,71,33,22
597,212319,Richarlison,18,Spurs,Forward,2025/26,6.5,6.5,119,1954,11,4,7,27,0,0,0,5,0,0,17,505,602.6,239.6,815.0,165.2,20,8.64,1.46,10.10,25.64,60,147,60,27
598,552427,Lankshear,18,Spurs,Forward,2025/26,4.5,4.5,0,0,0,0,0,0,0,0,0,0,0,0,0,0,0.0,0.0,0.0,0.0,0,0.00,0.00,0.00,0.00,0,0,0,0
599,490145,Scarlett,18,Spurs,Forward,2025/26,4.5,4.3,2,7,0,0,0,0,0,0,0,0,0,0,0,5,1.0,4.1,2.0,0.7,0,0.00,0.01,0.01,0.03,0,1,1,0
600,84182,Areola,19,West Ham,Goalkeeper,2025/26,4.5,4.2,51,1800,0,1,0,37,0,0,0,0,0,77,2,220,570.4,10.0,0.0,57.9,20,0.00,0.00,0.00,35.30,30,0,142,0
601,82143,Foderingham,19,West Ham,Goalkeeper,2025/26,4.0,4.0,0,0,0,0,0,0,0,0,0,0,0,0,0,0,0.0,0.0,0.0,0.0,0,0.00,0.00,0.00,0.00,0,0,0,0
602,483364,Hegyi,19,West Ham,Goalkeeper,2025/26,4.0,3.9,0,0,0,0,0,0,0,0,0,0,0,0,0,0,0.0,0.0,0.0,0.0,0,0.00,0.00,0.00,0.00,0,0,0,0
603,613804,Diouf,19,West Ham,Defender,2025/26,4.5,4.1,104,2706,0,6,9,47,0,0,0,6,0,0,3,381,583.6,480.2,133.0,119.8,30,0.57,2.51,3.08,43.65,161,205,125,44
604,109533,Emerson,19,West Ham,Defender,2025/26,4.5,4.4,0,0,0,0,0,0,0,0,0,0,0,0,0,0,0.0,0.0,0.0,0.0,0,0.00,0.00,0.00,0.00,0,0,0,0
605,214048,Kilman,19,West Ham,Defender,2025/26,4.5,4.0,36,1559,0,0,1,37,0,0,0,4,0,0,0,80,392.4,55.8,60.0,50.9,17,0.56,0.25,0.81,33.28,144,160,43,16
606,233963,Mavropanos,19,West Ham,Defender,2025/26,4.5,4.5,122,2532,3,0,6,44,2,0,0,2,0,0,5,386,777.2,66.6,294.0,113.8,27,2.47,0.70,3.17,41.03,273,313,103,40
607,210494,N.Aguerd,19,West Ham,Defender,2025/26,4.5,4.4,3,180,0,0,0,8,0,0,0,0,0,0,0,-1,39.0,3.9,8.0,5.1,2,0.10,0.03,0.13,3.42,14,15,8,1
608,536109,Scarles,19,West Ham,Defender,2025/26,4.5,4.3,21,656,0,1,0,16,0,0,0,2,0,0,0,88,142.2,82.1,22.0,24.6,9,0.18,0.32,0.50,13.38,44,74,35,30
609,462116,Todibo,19,West Ham,Defender,2025/26,4.5,4.3,46,1817,0,1,1,37,0,0,0,5,1,0,1,160,383.4,66.6,26.0,47.7,22,0.25,0.32,0.57,33.73,128,165,89,37
610,214590,Wan-Bissaka,19,West Ham,Defender,2025/26,4.5,4.1,67,2080,0,3,3,43,0,0,0,4,0,0,0,203,432.0,305.6,30.0,77.2,23,0.00,1.00,1.00,35.44,141,174,75,33
611,518438,Casey,19,West Ham,Defender,2025/26,4.0,4.0,0,0,0,0,0,0,0,0,0,0,0,0,0,0,0.0,0.0,0.0,0.0,0,0.00,0.00,0.00,0.00,0,0,0,0
612,224024,L.Paquetá,19,West Ham,Midfielder,2025/26,6.0,5.9,69,1513,4,2,3,33,0,0,0,5,1,0,8,291,374.6,397.2,186.0,95.7,18,2.85,2.00,4.85,24.22,30,146,76,40
613,215439,Souček,19,West Ham,Midfielder,2025/26,6.0,5.7,103,2190,5,2,7,43,0,0,0,3,1,0,9,428,526.6,191.9,483.0,120.4,24,5.73,0.52,6.25,38.47,115,224,66,43
614,101178,Ward-Prowse,3,Burnley,Midfielder,2025/26,6.0,5.6,40,1092,0,1,2,27,0,0,0,1,0,0,0,248,215.0,384.4,22.0,62.1,12,0.24,1.87,2.11,23.32,44,109,49,16
615,450070,Summerville,19,West Ham,Midfielder,2025/26,5.5,5.4,110,2470,5,4,8,42,0,0,0,6,0,0,10,412,445.8,460.9,546.0,145.0,29,5.43,3.35,8.78,37.57,50,215,120,45
616,213999,Álvarez,19,West Ham,Midfielder,2025/26,5.0,4.9,0,0,0,0,0,0,0,0,0,0,0,0,0,0,0.0,0.0,0.0,0.0,0,0.00,0.00,0.00,0.00,0,0,0,0
617,149519,Cornet,19,West Ham,Midfielder,2025/26,5.0,4.9,0,0,0,0,0,0,0,0,0,0,0,0,0,0,0.0,0.0,0.0,0.0,0,0.00,0.00,0.00,0.00,0,0,0,0
618,197024,G.Rodriguez,19,West Ham,Midfielder,2025/26,5.0,4.8,8,175,0,0,1,2,0,0,0,1,0,0,0,30,9.8,6.0,2.0,1.7,2,0.03,0.04,0.07,2.59,4,15,10,1
619,577114,L.Guilherme,19,West Ham,Midfielder,2025/26,5.0,4.9,5,121,0,0,0,2,0,0,0,0,0,0,0,11,9.2,14.5,4.0,2.5,1,0.07,0.03,0.10,1.82,2,11,8,1
620,490885,Earthy,19,West Ham,Midfielder,2025/26,4.5,4.5,1,8,0,0,0,1,0,0,0,0,0,0,0,3,0.0,1.5,2.0,0.4,0,0.00,0.01,0.01,0.73,0,0,0,0
621,229384,Irving,19,West Ham,Midfielder,2025/26,4.5,4.3,9,156,0,0,0,4,0,0,0,0,0,0,0,49,31.6,52.3,2.0,8.6,2,0.00,0.17,0.17,4.03,2,22,14,6
622,518442,Orford,19,West Ham,Midfielder,2025/26,4.5,4.4,0,0,0,0,0,0,0,0,0,0,0,0,0,0,0.0,0.0,0.0,0.0,0,0.00,0.00,0.00,0.00,0,0,0,0
623,490142,Potts,19,West Ham,Midfielder,2025/26,4.5,4.3,37,1162,0,1,1,25,0,0,0,1,0,0,0,215,191.2,141.3,37.0,37.1,12,0.21,1.06,1.27,21.35,51,119,39,29
624,178186,Bowen,19,West Ham,Forward,2025/26,8.0,7.8,187,3406,9,13,8,63,0,0,0,4,0,0,28,731,881.4,694.0,813.0,238.9,38,7.22,5.21,12.43,58.16,73,281,159,49
625,91889,Füllkrug,19,West Ham,Forward,2025/26,6.0,5.6,12,407,0,0,1,11,0,0,0,0,0,0,0,28,26.0,85.1,130.0,23.8,5,0.93,0.21,1.14,8.59,7,19,10,2
626,565431,Marshall,19,West Ham,Forward,2025/26,4.5,4.3,2,58,0,0,0,2,0,0,0,0,0,0,0,0,1.2,0.1,7.0,0.8,0,0.13,0.00,0.13,1.55,2,3,1,0
627,101982,Johnstone,20,Wolves,Goalkeeper,2025/26,4.5,4.4,21,1080,0,0,0,24,1,0,0,0,0,39,0,117,308.0,0.1,0.0,30.8,12,0.00,0.02,0.02,18.59,24,0,107,2
628,149065,José Sá,20,Wolves,Goalkeeper,2025/26,4.5,4.2,68,2070,0,0,4,37,0,0,0,2,0,65,8,303,514.2,10.0,0.0,52.8,23,0.00,0.04,0.04,35.24,46,0,217,1
629,79602,Bentley,20,Wolves,Goalkeeper,2025/26,4.0,3.9,6,270,0,0,0,7,0,0,0,0,0,7,0,24,65.4,0.0,0.0,6.5,3,0.00,0.00,0.00,5.10,5,0,26,0
630,138001,King,9,Everton,Goalkeeper,2025/26,4.0,3.9,0,0,0,0,0,0,0,0,0,0,0,0,0,0,0.0,0.0,0.0,0.0,0,0.00,0.00,0.00,0.00,0,0,0,0
631,516939,Agbadou,20,Wolves,Defender,2025/26,4.5,4.2,23,1100,0,0,0,29,0,0,0,1,1,0,0,86,312.2,76.0,75.0,46.4,12,0.57,0.40,0.97,18.26,93,125,65,32
632,87835,Doherty,20,Wolves,Defender,2025/26,4.5,4.4,14,786,0,0,1,15,0,0,0,4,0,0,0,59,132.4,51.1,20.0,20.5,11,0.09,0.19,0.28,14.13,50,66,28,16
633,490721,H.Bueno,20,Wolves,Defender,2025/26,4.5,4.3,83,2359,1,3,4,44,0,0,0,3,0,0,4,325,554.6,673.9,172.0,140.4,26,0.86,3.49,4.35,40.19,108,172,115,64
634,501837,Mosquera,20,Wolves,Defender,2025/26,4.5,4.3,61,2137,0,0,4,40,2,0,0,12,0,0,3,209,426.0,140.4,268.0,83.5,24,2.51,0.62,3.13,36.42,159,219,93,60
635,483081,R.Gomes,20,Wolves,Defender,2025/26,4.5,4.4,48,954,3,0,1,18,0,0,0,0,0,0,0,100,185.6,75.5,221.0,48.2,9,2.13,0.39,2.52,14.08,23,45,33,22
636,231480,S.Bueno,20,Wolves,Defender,2025/26,4.5,4.4,92,2552,3,2,4,47,0,0,0,4,0,0,4,310,611.2,131.8,259.0,100.0,28,2.28,1.45,3.73,43.72,165,216,66,51
637,510362,Toti,20,Wolves,Defender,2025/26,4.5,4.2,41,1423,0,0,1,33,0,0,0,1,1,0,0,140,349.0,92.7,73.0,51.7,17,0.53,0.29,0.82,25.43,120,143,53,23
638,441271,Hoever,20,Wolves,Defender,2025/26,4.0,3.8,10,423,0,0,0,13,0,0,0,0,0,0,0,38,101.4,87.8,13.0,20.3,6,0.02,0.36,0.38,9.36,27,40,16,13
639,560248,Meupiyou,20,Wolves,Defender,2025/26,4.0,4.0,0,0,0,0,0,0,0,0,0,0,0,0,0,0,0.0,0.0,0.0,0.0,0,0.00,0.00,0.00,0.00,0,0,0,0
640,641221,Pedro Lima,20,Wolves,Defender,2025/26,4.0,4.0,10,257,0,0,0,6,0,0,0,0,0,0,0,18,36.4,48.5,39.0,12.3,3,0.35,0.37,0.72,4.54,11,19,11,8
641,517179,Pond,20,Wolves,Defender,2025/26,4.0,3.9,0,0,0,0,0,0,0,0,0,0,0,0,0,0,0.0,0.0,0.0,0.0,0,0.00,0.00,0.00,0.00,0,0,0,0
642,184754,Hee Chan,20,Wolves,Midfielder,2025/26,6.0,5.6,54,1439,2,2,2,29,0,0,0,5,0,0,0,165,163.4,216.5,166.0,53.4,18,2.37,1.57,3.94,23.37,29,96,57,10
643,509291,André,20,Wolves,Midfielder,2025/26,5.5,5.2,96,2760,1,0,2,53,0,0,0,12,0,0,4,473,423.0,320.6,46.0,78.9,30,0.52,0.99,1.51,47.29,90,383,212,81
644,231057,Bellegarde,20,Wolves,Midfielder,2025/26,5.5,5.1,44,1239,1,1,3,30,0,0,0,5,0,0,0,208,195.4,210.3,145.0,54.6,15,1.04,1.06,2.10,23.51,33,105,44,28
645,643135,Fer López,20,Wolves,Midfielder,2025/26,5.5,5.1,12,228,0,1,0,9,0,0,0,1,0,0,0,38,29.0,61.0,37.0,12.4,2,0.16,0.61,0.77,3.98,1,12,10,1
646,448089,J.Gomes,20,Wolves,Midfielder,2025/26,5.5,5.3,107,2829,1,2,4,56,0,0,0,10,0,0,6,529,486.6,353.4,176.0,102.0,32,1.29,2.09,3.38,48.60,87,387,193,107
647,181284,Guedes,20,Wolves,Midfielder,2025/26,5.5,5.5,0,0,0,0,0,0,0,0,0,0,0,0,0,0,0.0,0.0,0.0,0.0,0,0.00,0.00,0.00,0.00,0,0,0,0
648,433312,Munetsi,20,Wolves,Midfielder,2025/26,5.5,5.3,38,872,1,2,0,19,0,0,0,2,0,0,1,131,163.6,61.8,196.0,42.1,9,1.64,0.38,2.02,13.36,39,80,20,21
649,476502,B.Traore,20,Wolves,Midfielder,2025/26,5.0,5.0,0,0,0,0,0,0,0,0,0,0,0,0,0,0,0.0,0.0,0.0,0.0,0,0.00,0.00,0.00,0.00,0,0,0,0
650,497606,Chirewa,20,Wolves,Midfielder,2025/26,4.5,4.3,2,25,0,0,0,0,0,0,0,0,0,0,0,4,3.2,0.3,0.0,0.4,0,0.00,0.00,0.00,0.50,1,4,1,2
651,596054,Edozie,20,Wolves,Midfielder,2025/26,4.5,4.3,8,12,1,0,0,0,0,0,0,0,0,0,0,27,34.4,0.4,23.0,5.8,0,0.23,0.00,0.23,0.20,0,1,1,0
652,593001,Gonzalez,20,Wolves,Midfielder,2025/26,4.5,4.3,0,0,0,0,0,0,0,0,0,0,0,0,0,0,0.0,0.0,0.0,0.0,0,0.00,0.00,0.00,0.00,0,0,0,0
653,240299,Hodge,20,Wolves,Midfielder,2025/26,4.5,4.5,0,0,0,0,0,0,0,0,0,0,0,0,0,0,0.0,0.0,0.0,0.0,0,0.00,0.00,0.00,0.00,0,0,0,0
654,247412,Strand Larsen,8,Crystal Palace,Forward,2025/26,6.5,5.8,75,2301,4,1,5,41,0,0,1,4,0,0,3,215,265.2,203.1,469.0,91.5,26,5.30,1.12,6.42,36.03,49,95,37,9
655,449988,Fábio Silva,20,Wolves,Forward,2025/26,5.0,4.9,0,0,0,0,0,0,0,0,0,0,0,0,0,0,0.0,0.0,0.0,0.0,0,0.00,0.00,0.00,0.00,0,0,0,0
656,429414,Kalajdžić,20,Wolves,Forward,2025/26,5.0,4.9,1,14,0,0,0,0,0,0,0,0,0,0,0,1,1.0,4.3,2.0,0.7,0,0.00,0.01,0.01,0.10,1,2,1,0
657,589507,Chiwome,20,Wolves,Forward,2025/26,4.5,4.4,0,0,0,0,0,0,0,0,0,0,0,0,0,0,0.0,0.0,0.0,0.0,0,0.00,0.00,0.00,0.00,0,0,0,0
658,531363,Fraser,20,Wolves,Forward,2025/26,4.5,4.2,0,0,0,0,0,0,0,0,0,0,0,0,0,0,0.0,0.0,0.0,0.0,0,0.00,0.00,0.00,0.00,0,0,0,0
659,158534,Walker-Peters,19,West Ham,Defender,2025/26,4.5,4.2,53,1378,1,0,4,25,0,0,0,2,0,0,0,219,267.0,124.5,106.0,49.8,15,1.13,0.37,1.50,27.62,49,93,59,44
660,466525,Stach,11,Leeds,Midfielder,2025/26,5.0,4.8,137,2369,5,6,7,36,0,0,0,3,0,0,14,550,650.0,921.4,315.0,188.8,28,2.88,4.47,7.35,34.05,81,266,120,65
661,510663,Ekitiké,12,Liverpool,Forward,2025/26,8.5,9.0,125,1797,11,4,7,25,0,0,0,0,0,0,22,433,525.8,307.2,739.0,156.2,21,10.10,2.45,12.55,26.11,32,85,42,11
662,500040,Mosquera,1,Arsenal,Defender,2025/26,5.5,5.3,40,986,0,0,3,8,0,0,0,4,0,0,1,195,219.2,88.7,20.0,32.9,9,0.10,0.63,0.73,9.04,63,95,35,32
663,230376,J.Arias,20,Wolves,Midfielder,2025/26,5.5,4.9,45,1117,1,0,2,21,0,0,0,1,0,0,2,175,171.0,204.0,148.0,52.1,14,3.38,0.62,4.00,16.00,24,125,58,43
664,86873,Lecomte,10,Fulham,Goalkeeper,2025/26,4.0,3.9,0,0,0,0,0,0,0,0,0,0,0,0,0,0,0.0,0.0,0.0,0.0,0,0.00,0.00,0.00,0.00,0,0,0,0
665,201595,Perri,11,Leeds,Goalkeeper,2025/26,4.5,4.4,43,1440,0,0,3,29,0,0,0,2,0,38,3,153,322.4,0.0,0.0,32.2,16,0.00,0.00,0.00,26.68,16,0,100,0
666,224117,Gyökeres,1,Arsenal,Forward,2025/26,9.0,9.1,128,2217,14,1,12,14,0,0,0,5,0,0,16,474,539.6,271.7,772.0,157.5,26,12.26,1.94,14.19,17.81,23,85,55,7
667,499300,Aznou,9,Everton,Defender,2025/26,4.5,4.2,0,0,0,0,0,0,0,0,0,0,0,0,0,0,0.0,0.0,0.0,0.0,0,0.00,0.00,0.00,0.00,0,0,0,0
668,84450,Xhaka,17,Sunderland,Midfielder,2025/26,5.0,5.1,124,2901,1,6,9,39,0,0,0,8,0,0,8,603,685.0,595.3,101.0,138.1,32,1.01,3.73,4.74,45.68,134,362,178,50
669,456512,Ndoye,16,Nott'm Forest,Midfielder,2025/26,6.0,5.5,50,1167,1,2,2,17,0,0,0,1,0,0,4,178,166.4,217.7,180.0,56.6,14,1.05,1.51,2.56,15.96,24,96,50,22
670,498016,Roefs,17,Sunderland,Goalkeeper,2025/26,4.5,4.8,136,3150,0,0,10,46,0,1,0,4,0,109,12,573,881.6,50.0,0.0,93.1,35,0.00,0.10,0.10,50.05,37,0,333,0
671,75115,Wilson,19,West Ham,Forward,2025/26,6.0,5.8,80,1234,7,2,1,24,0,0,0,1,0,0,7,296,305.2,109.0,509.0,91.1,11,7.60,0.54,8.14,21.49,10,41,27,4
672,551210,Hato,7,Chelsea,Defender,2025/26,5.0,4.6,19,1139,0,0,0,27,0,0,0,7,0,0,0,93,233.2,114.9,36.0,38.4,12,0.30,0.61,0.91,18.50,63,99,50,36
673,154296,J.Palhinha,18,Spurs,Midfielder,2025/26,5.5,5.5,126,2192,5,3,5,37,0,0,0,8,0,0,17,518,638.0,147.8,295.0,108.3,23,2.72,0.65,3.37,32.60,100,302,92,110
674,225321,Ramsdale,15,Newcastle,Goalkeeper,2025/26,5.0,4.8,25,1003,0,0,1,17,0,0,0,2,0,25,1,107,212.8,10.0,0.0,22.3,11,0.00,0.00,0.00,18.83,10,0,89,0
675,107265,Gunn,16,Nott'm Forest,Goalkeeper,2025/26,4.0,4.0,1,45,0,0,0,0,0,0,0,0,0,0,0,4,1.2,0.0,0.0,0.1,0,0.00,0.00,0.00,0.21,1,0,4,0
676,503714,Ugochukwu,3,Burnley,Midfielder,2025/26,5.0,5.0,97,2330,3,3,3,51,0,0,0,1,1,0,5,374,412.2,181.5,210.0,80.2,27,2.50,0.41,2.91,52.82,63,214,100,51
677,485337,Guessand,8,Crystal Palace,Midfielder,2025/26,6.5,6.2,44,909,1,3,2,15,0,0,0,0,0,0,0,143,159.4,76.6,187.0,42.0,9,1.56,0.85,2.41,14.48,16,83,43,24
678,105717,Masuaku,17,Sunderland,Defender,2025/26,4.0,3.9,1,125,0,0,0,2,0,0,0,1,0,0,0,4,21.8,20.1,7.0,4.9,2,0.07,0.08,0.15,2.09,6,10,3,4
679,467189,Hermansen,19,West Ham,Goalkeeper,2025/26,4.5,4.2,76,1620,0,1,7,28,0,0,0,0,0,55,8,282,422.0,20.0,0.0,44.2,18,0.00,0.01,0.01,23.98,20,0,168,0
680,440323,Broja,3,Burnley,Forward,2025/26,5.5,5.2,43,843,1,1,1,27,0,0,0,0,0,0,2,119,102.0,78.9,207.0,38.5,8,2.14,0.22,2.36,23.35,12,44,26,6
681,485711,Šeško,14,Man Utd,Forward,2025/26,7.5,7.2,111,1630,11,2,2,30,0,0,0,2,0,0,19,405,483.8,156.1,803.0,143.4,17,9.21,0.28,9.48,27.05,20,64,39,5
682,497949,Møller Wolfe,20,Wolves,Defender,2025/26,4.5,4.2,35,1042,0,2,1,23,0,0,0,1,0,0,0,78,159.8,126.5,46.0,33.3,11,0.13,1.09,1.22,20.33,40,50,26,10
683,201895,Alderete,17,Sunderland,Defender,2025/26,4.0,4.1,125,2797,1,1,10,40,0,0,0,6,0,0,5,400,749.0,138.1,279.0,117.0,32,1.62,0.91,2.52,44.52,280,312,103,32
684,465642,Thiaw,15,Newcastle,Defender,2025/26,5.0,4.9,126,2963,4,0,5,52,0,0,0,4,0,0,12,436,868.0,114.3,409.0,138.9,33,4.80,0.96,5.76,49.21,248,292,118,44
685,242882,Diakité,4,Bournemouth,Defender,2025/26,4.5,4.1,46,1275,0,0,4,27,0,0,0,1,0,0,2,164,267.0,54.3,22.0,34.4,15,0.02,0.19,0.21,22.47,97,117,48,20
686,611922,Ngumoha,12,Liverpool,Midfielder,2025/26,4.5,4.3,43,547,2,1,2,12,0,0,0,0,0,0,4,188,176.0,222.8,203.0,60.1,5,1.34,2.01,3.35,8.92,7,30,19,4
687,606774,Rees-Dottin,4,Bournemouth,Midfielder,2025/26,4.5,4.3,0,0,0,0,0,0,0,0,0,0,0,0,0,0,0.0,0.0,0.0,0.0,0,0.00,0.00,0.00,0.00,0,0,0,0
688,481283,Wright,2,Aston Villa,Goalkeeper,2025/26,4.0,3.9,0,0,0,0,0,0,0,0,0,0,0,0,0,0,0.0,0.0,0.0,0.0,0,0.00,0.00,0.00,0.00,0,0,0,0
689,623110,Seung soo,15,Newcastle,Midfielder,2025/26,4.5,4.3,0,0,0,0,0,0,0,0,0,0,0,0,0,0,0.0,0.0,0.0,0.0,0,0.00,0.00,0.00,0.00,0,0,0,0
690,590014,Cardines,8,Crystal Palace,Midfielder,2025/26,4.5,4.4,2,90,0,0,0,2,0,0,0,0,0,0,0,21,15.2,30.0,4.0,4.9,1,0.02,0.16,0.18,2.53,2,7,4,1
691,177815,Calvert-Lewin,11,Leeds,Forward,2025/26,5.5,5.8,142,2721,14,2,8,34,0,0,1,3,0,0,20,472,619.6,311.1,1026.0,194.7,30,15.57,1.06,16.62,35.74,49,105,46,10
692,647681,Leoni,12,Liverpool,Defender,2025/26,5.0,4.9,0,0,0,0,0,0,0,0,0,0,0,0,0,0,0.0,0.0,0.0,0.0,0,0.00,0.00,0.00,0.00,0,0,0,0
693,503301,Hutchinson,16,Nott'm Forest,Midfielder,2025/26,5.5,5.4,82,1676,1,7,6,24,0,0,0,1,0,0,3,329,333.6,527.1,356.0,121.6,17,2.01,3.87,5.88,24.42,20,129,87,22
694,200834,Mukiele,17,Sunderland,Defender,2025/26,4.0,4.6,151,2784,3,5,9,40,1,0,0,5,0,0,11,489,733.6,353.1,242.0,132.9,32,1.62,2.65,4.27,44.71,204,273,131,69
695,523705,Tchatchoua,20,Wolves,Defender,2025/26,4.5,4.4,52,1834,0,1,3,37,0,0,0,3,0,0,0,156,318.2,349.9,69.0,73.8,19,0.33,1.60,1.93,30.68,79,108,62,29
696,465680,Kalimuendo,16,Nott'm Forest,Forward,2025/26,6.0,6.0,9,89,0,0,0,3,0,0,0,0,0,0,0,24,6.8,17.7,39.0,6.3,0,0.44,0.02,0.46,1.57,1,6,4,1
697,489888,Adli,4,Bournemouth,Midfielder,2025/26,5.5,5.4,67,1074,3,2,3,17,0,0,0,2,0,0,4,241,272.6,235.9,260.0,76.1,10,2.60,1.62,4.22,18.22,26,123,61,36
698,435997,Okafor,11,Leeds,Midfielder,2025/26,5.5,5.5,109,1553,8,3,6,26,0,0,0,3,0,0,11,354,438.8,275.0,435.0,115.0,19,5.25,1.32,6.57,24.54,29,113,61,23
699,230046,Douglas Luiz,2,Aston Villa,Midfielder,2025/26,5.0,4.9,35,913,1,1,1,15,0,0,0,3,0,0,0,220,201.6,294.3,94.0,59.1,12,0.53,1.42,1.95,13.24,31,105,52,22
700,616077,Dowman,1,Arsenal,Midfielder,2025/26,4.5,4.2,16,152,1,1,1,1,0,0,0,0,0,0,0,51,45.2,55.5,65.0,16.6,1,1.19,0.30,1.49,0.88,1,16,13,2
701,569577,Rowe,2,Aston Villa,Defender,2025/26,4.0,4.0,0,0,0,0,0,0,0,0,0,0,0,0,0,0,0.0,0.0,0.0,0.0,0,0.00,0.00,0.00,0.00,0,0,0,0
702,645618,Burrowes,2,Aston Villa,Midfielder,2025/26,4.5,4.3,1,16,0,0,0,1,0,0,0,0,0,0,0,3,0.0,0.3,0.0,0.0,0,0.00,0.00,0.00,0.90,0,1,1,0
703,564505,Proctor,2,Aston Villa,Goalkeeper,2025/26,4.0,3.9,0,0,0,0,0,0,0,0,0,0,0,0,0,0,0.0,0.0,0.0,0.0,0,0.00,0.00,0.00,0.00,0,0,0,0
704,461446,Onyango,9,Everton,Midfielder,2025/26,4.5,4.5,0,0,0,0,0,0,0,0,0,0,0,0,0,0,0.0,0.0,0.0,0.0,0,0.00,0.00,0.00,0.00,0,0,0,0
705,491745,Campbell,9,Everton,Defender,2025/26,4.0,3.9,0,0,0,0,0,0,0,0,0,0,0,0,0,0,0.0,0.0,0.0,0.0,0,0.00,0.00,0.00,0.00,0,0,0,0
706,220627,Justin,11,Leeds,Defender,2025/26,4.0,4.0,94,1893,2,1,6,26,0,0,0,4,0,0,9,338,469.8,190.9,220.0,88.3,21,1.83,1.16,2.99,33.01,128,183,70,55
707,496661,Dibling,9,Everton,Midfielder,2025/26,5.5,5.3,18,349,0,0,2,2,0,0,0,2,0,0,0,49,46.0,61.0,32.0,13.6,4,0.20,0.14,0.34,6.65,11,40,22,7
708,551226,M.Fernandes,19,West Ham,Midfielder,2025/26,5.5,5.5,135,3017,3,4,8,50,0,0,0,7,0,0,7,659,657.2,622.8,183.0,146.3,35,1.99,2.96,4.95,48.30,84,369,182,103
709,431248,Krejčí,20,Wolves,Defender,2025/26,4.5,4.5,68,2356,2,2,3,46,1,0,0,3,1,0,1,235,536.6,147.5,278.0,96.6,27,2.23,1.49,3.72,40.29,164,197,78,33
710,534836,Patterson,2,Aston Villa,Defender,2025/26,4.0,3.9,0,0,0,0,0,0,0,0,0,0,0,0,0,0,0.0,0.0,0.0,0.0,0,0.00,0.00,0.00,0.00,0,0,0,0
711,646243,Harriman-Annous,1,Arsenal,Midfielder,2025/26,4.5,4.4,0,0,0,0,0,0,0,0,0,0,0,0,0,0,0.0,0.0,0.0,0.0,0,0.00,0.00,0.00,0.00,0,0,0,0
712,488024,Yeremy,8,Crystal Palace,Midfielder,2025/26,6.0,5.8,77,2074,2,2,7,28,0,0,0,4,0,0,3,331,325.8,718.4,371.0,141.4,26,4.53,6.12,10.65,30.01,30,167,101,36
713,551483,A.Jimenez,4,Bournemouth,Defender,2025/26,4.5,4.5,74,2315,1,2,6,39,0,0,0,10,0,0,2,297,406.0,269.3,184.0,85.9,26,1.09,1.73,2.82,41.11,80,148,135,68
714,470313,Woltemade,15,Newcastle,Forward,2025/26,7.0,6.7,108,1896,8,4,8,29,1,0,0,0,0,0,12,399,447.2,314.4,425.0,117.5,24,6.59,1.53,8.12,25.67,28,105,53,24
715,221389,John,16,Nott'm Forest,Goalkeeper,2025/26,4.0,4.0,11,437,0,0,1,8,0,0,0,1,0,6,0,32,56.4,0.0,0.0,5.7,5,0.00,0.00,0.00,6.13,4,0,26,0
716,500151,Savona,16,Nott'm Forest,Defender,2025/26,4.5,4.5,39,1025,2,0,3,18,0,0,0,2,0,0,0,131,216.6,123.2,94.0,43.5,11,1.34,0.45,1.79,15.04,37,57,27,20
717,493362,Xavi,18,Spurs,Midfielder,2025/26,7.0,6.3,80,1747,2,5,4,36,0,0,0,5,1,0,7,345,349.6,533.8,255.0,113.9,19,3.06,3.85,6.91,30.71,28,149,87,34
718,564940,S.Magassa,19,West Ham,Midfielder,2025/26,5.0,5.0,42,971,1,0,2,23,0,0,0,4,0,0,2,185,182.0,83.4,44.0,31.0,11,0.44,0.32,0.76,19.03,33,127,54,40
719,184667,Lindelöf,2,Aston Villa,Defender,2025/26,4.5,4.5,29,942,0,1,1,15,0,0,0,0,0,0,0,124,167.8,36.6,22.0,22.7,11,0.28,0.10,0.38,15.93,47,54,19,7
720,488213,Tolu,20,Wolves,Forward,2025/26,5.5,5.1,66,1402,3,2,3,28,0,0,1,1,0,0,4,221,252.4,178.4,561.0,98.2,13,5.49,0.39,5.88,22.89,50,83,26,7
721,620487,Milosavljević,4,Bournemouth,Defender,2025/26,4.5,4.4,19,367,0,0,1,6,0,0,0,0,0,0,0,63,98.4,13.9,10.0,12.2,4,0.15,0.19,0.34,4.42,34,39,13,5
722,216055,Florentino,3,Burnley,Midfielder,2025/26,5.0,5.0,84,2100,0,2,2,45,0,0,0,6,0,0,0,357,421.0,234.5,56.0,71.4,25,0.64,0.52,1.16,46.26,111,313,113,89
723,651426,Canvot,8,Crystal Palace,Defender,2025/26,4.5,4.5,72,1331,0,0,5,23,0,0,0,3,0,0,9,216,362.4,63.8,56.0,48.1,14,1.48,0.33,1.81,23.84,129,169,54,40
724,247955,Geertruida,17,Sunderland,Defender,2025/26,4.5,4.5,55,1681,0,0,3,23,0,0,0,2,0,0,0,231,274.6,135.7,102.0,51.2,17,0.79,0.85,1.64,30.92,76,113,73,37
725,448104,Hincapie,1,Arsenal,Defender,2025/26,5.5,5.1,87,1787,1,2,5,19,1,0,0,2,0,0,7,335,453.6,184.7,72.0,70.9,20,0.36,1.67,2.03,17.53,123,171,63,48
726,247693,Kolo Muani,18,Spurs,Forward,2025/26,7.0,6.9,52,1655,1,1,4,31,0,0,0,3,0,0,1,150,169.6,267.3,287.0,71.0,21,2.07,1.63,3.70,25.24,22,114,64,28
727,218328,Chukwueze,10,Fulham,Midfielder,2025/26,5.5,5.3,62,1067,3,4,2,20,0,0,0,0,0,0,1,242,274.0,346.7,243.0,85.8,10,2.10,3.36,5.46,18.76,18,81,57,6
728,513466,Röhl,9,Everton,Midfielder,2025/26,5.0,5.0,36,675,1,1,2,13,0,0,0,0,0,0,2,98,113.0,87.4,62.0,26.3,6,0.67,0.35,1.02,13.31,15,68,28,25
729,560441,Cuiabano,16,Nott'm Forest,Defender,2025/26,4.5,4.5,0,0,0,0,0,0,0,0,0,0,0,0,0,0,0.0,0.0,0.0,0.0,0,0.00,0.00,0.00,0.00,0,0,0,0
730,441264,Brobbey,17,Sunderland,Forward,2025/26,5.5,5.3,92,1920,7,2,6,30,0,0,0,6,0,0,12,309,333.4,200.5,552.0,106.7,22,6.02,0.67,6.69,31.40,21,74,44,9
731,560552,Kevin,10,Fulham,Midfielder,2025/26,6.0,5.7,49,1030,1,3,4,15,0,0,0,1,0,0,0,183,216.0,246.6,243.0,70.4,9,1.21,1.47,2.68,14.57,17,86,48,21
732,660392,Uche,8,Crystal Palace,Forward,2025/26,5.5,5.5,17,159,0,1,0,4,0,0,0,0,0,0,0,42,13.2,7.1,73.0,8.8,0,0.49,0.01,0.50,4.63,3,13,9,1
733,465247,Lammens,14,Man Utd,Goalkeeper,2025/26,5.0,5.1,109,2880,0,0,8,39,0,0,0,0,0,79,11,413,635.6,0.0,2.0,63.7,32,0.00,0.00,0.00,39.25,26,0,224,1
734,476887,Bakwa,16,Nott'm Forest,Midfielder,2025/26,6.0,5.9,26,549,0,2,2,10,0,0,0,1,0,0,1,100,86.4,178.8,95.0,35.6,6,0.54,1.01,1.55,10.94,3,35,28,4
735,110504,Traoré,17,Sunderland,Midfielder,2025/26,5.5,5.5,30,634,1,1,3,9,0,0,0,1,0,0,1,118,115.6,108.4,135.0,35.9,9,0.48,0.25,0.73,9.74,11,40,18,11
736,204936,Donnarumma,13,Man City,Goalkeeper,2025/26,5.5,5.6,135,3060,0,0,15,29,0,1,0,8,0,78,5,567,666.6,10.3,2.0,68.0,34,0.00,0.13,0.13,38.50,42,0,236,0
737,631786,Kusi-Asare,10,Fulham,Forward,2025/26,4.5,4.5,6,49,0,0,0,2,0,0,0,1,0,0,0,19,3.2,12.0,8.0,2.3,0,0.00,0.07,0.07,1.10,0,5,4,1
738,37096,Fabianski,19,West Ham,Goalkeeper,2025/26,4.5,4.5,0,0,0,0,0,0,0,0,0,0,0,0,0,0,0.0,0.0,0.0,0.0,0,0.00,0.00,0.00,0.00,0,0,0,0
739,590039,Mukasa,13,Man City,Midfielder,2025/26,4.5,4.4,2,25,0,0,0,0,0,0,0,0,0,0,0,5,4.2,28.3,4.0,3.7,0,0.00,0.21,0.21,0.34,0,1,1,0
740,566213,Mfuni,13,Man City,Defender,2025/26,4.0,3.9,0,0,0,0,0,0,0,0,0,0,0,0,0,0,0.0,0.0,0.0,0.0,0,0.00,0.00,0.00,0.00,0,0,0,0
741,600882,Gray,11,Leeds,Forward,2025/26,4.5,4.5,0,0,0,0,0,0,0,0,0,0,0,0,0,0,0.0,0.0,0.0,0.0,0,0.00,0.00,0.00,0.00,0,0,0,0
742,616288,McAidoo,13,Man City,Midfielder,2025/26,4.5,4.5,0,0,0,0,0,0,0,0,0,0,0,0,0,0,0.0,0.0,0.0,0.0,0,0.00,0.00,0.00,0.00,0,0,0,0
743,611912,Emenalo,7,Chelsea,Midfielder,2025/26,4.5,4.5,0,0,0,0,0,0,0,0,0,0,0,0,0,0,0.0,0.0,0.0,0.0,0,0.00,0.00,0.00,0.00,0,0,0,0
744,556637,Oriola,6,Brighton,Midfielder,2025/26,4.5,4.5,1,1,0,0,0,0,0,0,0,0,0,0,0,3,0.0,0.0,0.0,0.0,0,0.00,0.00,0.00,0.00,0,0,0,0
745,640419,Byfield,18,Spurs,Defender,2025/26,4.0,4.0,1,1,0,0,0,0,0,0,0,0,0,0,0,3,0.4,0.5,0.0,0.1,0,0.00,0.00,0.00,0.00,0,0,0,0
746,596042,Morrison,12,Liverpool,Midfielder,2025/26,4.5,4.5,0,0,0,0,0,0,0,0,0,0,0,0,0,0,0.0,0.0,0.0,0.0,0,0.00,0.00,0.00,0.00,0,0,0,0
747,602903,Mayers,19,West Ham,Defender,2025/26,4.0,4.0,6,113,0,0,0,3,0,0,0,0,0,0,0,18,21.8,34.9,9.0,6.6,0,0.12,0.49,0.61,3.21,5,5,6,0
748,183656,Dasilva,5,Brentford,Midfielder,2025/26,5.0,4.9,2,2,0,0,0,0,0,0,0,0,0,0,0,5,0.4,11.3,4.0,1.6,0,0.08,0.00,0.08,0.05,0,1,1,0
749,647671,Mané,20,Wolves,Forward,2025/26,4.5,4.2,74,1787,3,2,5,30,0,0,0,0,0,0,9,314,328.2,489.6,283.0,109.5,19,2.01,3.69,5.70,31.75,33,137,77,27
750,499716,Rowswell,18,Spurs,Defender,2025/26,4.0,4.0,1,1,0,0,0,0,0,0,0,0,0,0,0,3,0.0,0.0,0.0,0.0,0,0.00,0.00,0.00,0.36,0,0,0,0
751,590035,Akhamrich,18,Spurs,Midfielder,2025/26,4.5,4.5,0,0,0,0,0,0,0,0,0,0,0,0,0,0,0.0,0.0,0.0,0.0,0,0.00,0.00,0.00,0.00,0,0,0,0
752,643473,Golambeckis,19,West Ham,Defender,2025/26,4.0,4.0,0,0,0,0,0,0,0,0,0,0,0,0,0,0,0.0,0.0,0.0,0.0,0,0.00,0.00,0.00,0.00,0,0,0,0
753,19236,Ruddy,15,Newcastle,Goalkeeper,2025/26,4.0,4.0,0,0,0,0,0,0,0,0,0,0,0,0,0,0,0.0,0.0,0.0,0.0,0,0.00,0.00,0.00,0.00,0,0,0,0
754,577285,George Hemmings,2,Aston Villa,Midfielder,2025/26,4.5,4.5,2,25,0,0,0,0,0,0,0,0,0,0,0,5,0.0,1.7,2.0,0.3,0,0.04,0.01,0.05,0.61,0,1,1,0
755,576628,Lacey,14,Man Utd,Midfielder,2025/26,4.5,4.5,3,40,0,0,0,0,0,0,0,0,0,0,0,9,4.0,2.1,16.0,1.7,0,0.10,0.01,0.11,0.51,0,3,2,1
756,678552,DaCosta,4,Bournemouth,Midfielder,2025/26,4.5,4.5,0,0,0,0,0,0,0,0,0,0,0,0,0,0,0.0,0.0,0.0,0.0,0,0.00,0.00,0.00,0.00,0,0,0,0
757,516875,Hollingshead,2,Aston Villa,Goalkeeper,2025/26,4.0,4.0,0,0,0,0,0,0,0,0,0,0,0,0,0,0,0.0,0.0,0.0,0.0,0,0.00,0.00,0.00,0.00,0,0,0,0
758,630699,Mohamadou Kanté,19,West Ham,Midfielder,2025/26,4.5,4.5,9,67,0,0,0,1,0,0,0,2,0,0,0,29,18.0,13.2,12.0,4.0,0,0.07,0.04,0.11,2.00,3,16,7,6
759,616065,Salmon,1,Arsenal,Defender,2025/26,4.0,4.0,0,0,0,0,0,0,0,0,0,0,0,0,0,0,0.0,0.0,0.0,0.0,0,0.00,0.00,0.00,0.00,0,0,0,0
760,519440,Lucky,12,Liverpool,Defender,2025/26,4.0,4.0,0,0,0,0,0,0,0,0,0,0,0,0,0,0,0.0,0.0,0.0,0.0,0,0.00,0.00,0.00,0.00,0,0,0,0
761,604988,Simmonds,6,Brighton,Defender,2025/26,4.0,4.0,0,0,0,0,0,0,0,0,0,0,0,0,0,0,0.0,0.0,0.0,0.0,0,0.00,0.00,0.00,0.00,0,0,0,0
762,672492,Drakes-Thomas,8,Crystal Palace,Midfielder,2025/26,4.5,4.5,2,7,0,0,0,1,0,0,0,0,0,0,0,6,1.4,1.0,0.0,0.3,0,0.00,0.00,0.00,0.73,0,3,2,1
763,516234,Gray,13,Man City,Midfielder,2025/26,4.5,4.5,0,0,0,0,0,0,0,0,0,0,0,0,0,0,0.0,0.0,0.0,0.0,0,0.00,0.00,0.00,0.00,0,0,0,0
764,580921,Heskey,13,Man City,Midfielder,2025/26,4.5,4.5,0,0,0,0,0,0,0,0,0,0,0,0,0,0,0.0,0.0,0.0,0.0,0,0.00,0.00,0.00,0.00,0,0,0,0
765,553746,Shahar,15,Newcastle,Defender,2025/26,4.0,4.0,0,0,0,0,0,0,0,0,0,0,0,0,0,0,0.0,0.0,0.0,0.0,0,0.00,0.00,0.00,0.00,0,0,0,0
766,601956,Olagunju,20,Wolves,Defender,2025/26,4.0,4.0,0,0,0,0,0,0,0,0,0,0,0,0,0,0,0.0,0.0,0.0,0.0,0,0.00,0.00,0.00,0.00,0,0,0,0
767,605319,Rawlings,20,Wolves,Midfielder,2025/26,4.5,4.5,0,0,0,0,0,0,0,0,0,0,0,0,0,0,0.0,0.0,0.0,0.0,0,0.00,0.00,0.00,0.00,0,0,0,0
768,664015,Leon Routh,2,Aston Villa,Defender,2025/26,4.0,4.0,0,0,0,0,0,0,0,0,0,0,0,0,0,0,0.0,0.0,0.0,0.0,0,0.00,0.00,0.00,0.00,0,0,0,0
769,576620,Bendito Mantato,14,Man Utd,Midfielder,2025/26,4.5,4.5,1,15,0,0,0,0,0,0,0,0,0,0,0,3,2.2,11.7,0.0,1.4,0,0.00,0.01,0.01,0.05,0,0,0,0
770,619536,Ridgeon,10,Fulham,Midfielder,2025/26,4.5,4.5,0,0,0,0,0,0,0,0,0,0,0,0,0,0,0.0,0.0,0.0,0.0,0,0.00,0.00,0.00,0.00,0,0,0,0
771,519913,Fletcher,14,Man Utd,Midfielder,2025/26,4.5,4.4,2,17,0,0,0,0,0,0,0,0,0,0,0,6,0.8,3.0,0.0,0.3,0,0.00,0.01,0.01,0.33,0,2,2,0
772,666607,Alabi,15,Newcastle,Midfielder,2025/26,4.5,4.5,0,0,0,0,0,0,0,0,0,0,0,0,0,0,0.0,0.0,0.0,0.0,0,0.00,0.00,0.00,0.00,0,0,0,0
773,643426,Benamar,8,Crystal Palace,Defender,2025/26,4.0,4.0,0,0,0,0,0,0,0,0,0,0,0,0,0,0,0.0,0.0,0.0,0.0,0,0.00,0.00,0.00,0.00,0,0,0,0
774,232356,Jenson Jones,17,Sunderland,Defender,2025/26,4.0,4.0,0,0,0,0,0,0,0,0,0,0,0,0,0,0,0.0,0.0,0.0,0.0,0,0.00,0.00,0.00,0.00,0,0,0,0
775,604211,Tutierov,17,Sunderland,Midfielder,2025/26,4.5,4.5,0,0,0,0,0,0,0,0,0,0,0,0,0,0,0.0,0.0,0.0,0.0,0,0.00,0.00,0.00,0.00,0,0,0,0
776,647960,Pimlott,3,Burnley,Midfielder,2025/26,4.5,4.5,0,0,0,0,0,0,0,0,0,0,0,0,0,0,0.0,0.0,0.0,0.0,0,0.00,0.00,0.00,0.00,0,0,0,0
777,514362,Ojinnaka,20,Wolves,Midfielder,2025/26,4.5,4.5,0,0,0,0,0,0,0,0,0,0,0,0,0,0,0.0,0.0,0.0,0.0,0,0.00,0.00,0.00,0.00,0,0,0,0
778,589121,Sutherland,20,Wolves,Midfielder,2025/26,4.5,4.5,0,0,0,0,0,0,0,0,0,0,0,0,0,0,0.0,0.0,0.0,0.0,0,0.00,0.00,0.00,0.00,0,0,0,0
779,629068,Graham,9,Everton,Forward,2025/26,4.5,4.5,0,0,0,0,0,0,0,0,0,0,0,0,0,0,0.0,0.0,0.0,0.0,0,0.00,0.00,0.00,0.00,0,0,0,0
780,631106,Casey,8,Crystal Palace,Forward,2025/26,4.5,4.5,0,0,0,0,0,0,0,0,0,0,0,0,0,0,0.0,0.0,0.0,0.0,0,0.00,0.00,0.00,0.00,0,0,0,0
781,618027,Carroll,2,Aston Villa,Defender,2025/26,4.0,4.0,0,0,0,0,0,0,0,0,0,0,0,0,0,0,0.0,0.0,0.0,0.0,0,0.00,0.00,0.00,0.00,0,0,0,0
782,40383,Forster,4,Bournemouth,Goalkeeper,2025/26,4.0,4.0,0,0,0,0,0,0,0,0,0,0,0,0,0,0,0.0,0.0,0.0,0.0,0,0.00,0.00,0.00,0.00,0,0,0,0
783,60307,Groß,6,Brighton,Midfielder,2025/26,5.5,5.6,78,1636,1,6,6,17,0,0,0,2,0,0,10,389,397.2,668.2,220.0,128.5,18,1.39,3.95,5.34,20.36,40,145,76,29
784,704232,Brierley,3,Burnley,Midfielder,2025/26,4.5,4.5,0,0,0,0,0,0,0,0,0,0,0,0,0,0,0.0,0.0,0.0,0.0,0,0.00,0.00,0.00,0.00,0,0,0,0
785,530335,Pablo,19,West Ham,Forward,2025/26,5.5,5.4,26,819,0,1,3,12,0,0,0,0,0,0,0,102,111.8,191.5,108.0,41.3,10,1.05,1.11,2.16,12.82,18,72,28,26
786,505079,McNally,10,Fulham,Goalkeeper,2025/26,4.0,4.0,0,0,0,0,0,0,0,0,0,0,0,0,0,0,0.0,0.0,0.0,0.0,0,0.00,0.00,0.00,0.00,0,0,0,0
787,565863,Chambers,11,Leeds,Midfielder,2025/26,4.5,4.4,0,0,0,0,0,0,0,0,0,0,0,0,0,0,0.0,0.0,0.0,0.0,0,0.00,0.00,0.00,0.00,0,0,0,0
788,576637,Kukonki,14,Man Utd,Defender,2025/26,4.0,4.0,0,0,0,0,0,0,0,0,0,0,0,0,0,0,0.0,0.0,0.0,0.0,0,0.00,0.00,0.00,0.00,0,0,0,0
789,518335,Merrick,7,Chelsea,Goalkeeper,2025/26,4.0,4.0,0,0,0,0,0,0,0,0,0,0,0,0,0,0,0.0,0.0,0.0,0.0,0,0.00,0.00,0.00,0.00,0,0,0,0
790,611917,Williams-Barnett,18,Spurs,Midfielder,2025/26,4.5,4.5,0,0,0,0,0,0,0,0,0,0,0,0,0,0,0.0,0.0,0.0,0.0,0,0.00,0.00,0.00,0.00,0,0,0,0
791,247670,Taty,19,West Ham,Forward,2025/26,5.5,5.5,61,1384,6,1,9,16,0,0,0,6,0,0,5,243,280.6,175.5,595.0,103.9,17,5.75,0.81,6.56,19.75,29,71,31,11
792,653481,Alysson,2,Aston Villa,Midfielder,2025/26,5.0,5.0,3,47,0,0,0,2,0,0,0,0,0,0,0,11,3.2,3.5,10.0,1.5,0,0.05,0.05,0.10,1.87,1,4,3,0
793,591384,King,8,Crystal Palace,Defender,2025/26,4.0,4.0,0,0,0,0,0,0,0,0,0,0,0,0,0,0,0.0,0.0,0.0,0.0,0,0.00,0.00,0.00,0.00,0,0,0,0
794,494307,Alleyne,13,Man City,Defender,2025/26,4.5,3.9,5,135,0,0,0,1,0,0,0,0,0,0,0,27,34.0,14.8,26.0,7.5,2,0.26,0.06,0.32,1.54,8,11,4,3
795,597320,Howell,6,Brighton,Midfielder,2025/26,4.5,4.5,4,92,0,0,0,2,0,0,0,0,0,0,0,11,10.2,5.1,2.0,1.8,1,0.00,0.03,0.03,1.04,3,7,3,1
796,232787,Gallagher,18,Spurs,Midfielder,2025/26,5.5,5.0,44,1183,1,1,2,23,0,0,0,2,0,0,3,211,190.6,205.9,154.0,55.1,14,1.23,0.70,1.93,19.03,29,124,73,22
797,593174,Furo,5,Brentford,Forward,2025/26,4.5,4.5,1,1,0,0,0,0,0,0,0,0,0,0,0,2,0.0,0.0,0.0,0.0,0,0.00,0.00,0.00,0.02,0,0,0,0
798,502988,Imray,8,Crystal Palace,Defender,2025/26,4.0,4.0,0,0,0,0,0,0,0,0,0,0,0,0,0,0,0.0,0.0,0.0,0.0,0,0.00,0.00,0.00,0.00,0,0,0,0
799,658013,Stevens,4,Bournemouth,Midfielder,2025/26,4.5,4.5,0,0,0,0,0,0,0,0,0,0,0,0,0,0,0.0,0.0,0.0,0.0,0,0.00,0.00,0.00,0.00,0,0,0,0
800,699989,Jocelin.T,17,Sunderland,Midfielder,2025/26,5.0,4.9,1,38,0,0,0,0,0,0,0,0,0,0,0,4,3.4,4.3,2.0,1.0,1,0.00,0.04,0.04,0.24,0,3,2,1
801,614574,Tóth.A,4,Bournemouth,Midfielder,2025/26,5.0,4.9,8,135,0,0,0,3,0,0,0,1,0,0,0,32,18.6,60.2,18.0,9.6,2,0.11,0.33,0.44,4.90,8,17,8,1
802,572702,Lamadrid,19,West Ham,Midfielder,2025/26,5.0,5.0,0,0,0,0,0,0,0,0,0,0,0,0,0,0,0.0,0.0,0.0,0.0,0,0.00,0.00,0.00,0.00,0,0,0,0
803,499857,Sharman-Lowe,7,Chelsea,Goalkeeper,2025/26,4.0,4.0,0,0,0,0,0,0,0,0,0,0,0,0,0,0,0.0,0.0,0.0,0.0,0,0.00,0.00,0.00,0.00,0,0,0,0
804,616221,Souza,18,Spurs,Defender,2025/26,4.0,4.0,3,142,0,0,0,3,0,0,0,1,0,0,0,0,12.8,31.9,17.0,6.2,2,0.02,0.03,0.05,2.61,6,6,3,0
805,469130,Lucca,16,Nott'm Forest,Forward,2025/26,5.5,5.3,9,126,1,0,1,1,0,0,0,0,0,0,0,33,37.2,13.0,39.0,8.5,1,0.79,0.01,0.80,1.89,4,7,3,0
806,436416,Mandas,4,Bournemouth,Goalkeeper,2025/26,4.0,4.0,0,0,0,0,0,0,0,0,0,0,0,0,0,0,0.0,0.0,0.0,0.0,0,0.00,0.00,0.00,0.00,0,0,0,0
807,499604,Rayan,4,Bournemouth,Midfielder,2025/26,5.5,5.4,67,1110,5,2,6,10,0,0,0,1,0,0,3,238,277.6,211.9,263.0,75.3,13,2.67,1.84,4.51,19.14,28,82,43,11
808,173879,Abraham,2,Aston Villa,Forward,2025/26,6.0,5.7,23,278,2,0,0,8,0,0,0,0,0,0,2,93,87.2,49.2,136.0,27.1,2,2.05,0.36,2.41,5.12,3,13,6,4
809,685628,Abbey,20,Wolves,Midfielder,2025/26,4.5,4.5,1,16,0,0,0,0,0,0,0,0,0,0,0,2,3.2,0.0,0.0,0.3,0,0.00,0.00,0.00,0.42,1,2,0,1
810,559610,Bentt,5,Brentford,Midfielder,2025/26,4.5,4.5,0,0,0,0,0,0,0,0,0,0,0,0,0,0,0.0,0.0,0.0,0.0,0,0.00,0.00,0.00,0.00,0,0,0,0
811,536134,Kyerematen,18,Spurs,Midfielder,2025/26,4.5,4.5,0,0,0,0,0,0,0,0,0,0,0,0,0,0,0.0,0.0,0.0,0.0,0,0.00,0.00,0.00,0.00,0,0,0,0
812,515046,Ellborg,17,Sunderland,Goalkeeper,2025/26,4.0,4.0,16,270,0,0,1,2,0,0,0,0,0,10,3,62,73.6,0.0,0.0,7.4,3,0.00,0.02,0.02,4.10,6,0,33,0
813,536661,Angulo,17,Sunderland,Midfielder,2025/26,5.0,5.0,13,401,0,0,1,6,0,0,0,1,0,0,0,43,45.4,44.3,89.0,17.8,5,0.77,0.12,0.89,7.26,16,35,9,10
814,470315,Netz,16,Nott'm Forest,Defender,2025/26,4.5,4.5,11,353,0,0,0,5,0,0,0,0,0,0,0,33,63.4,30.1,10.0,10.4,3,0.00,0.41,0.41,7.87,15,27,15,12
815,220362,Disasi,19,West Ham,Defender,2025/26,4.5,4.5,49,1254,0,0,6,17,1,0,0,1,0,0,1,186,220.8,19.9,84.0,32.4,14,1.10,0.03,1.13,18.54,74,88,32,14
816,209041,Angel,20,Wolves,Midfielder,2025/26,5.0,4.6,16,457,0,0,1,8,0,0,0,1,0,0,0,78,52.8,91.5,28.0,17.1,7,0.25,0.28,0.53,12.15,6,33,17,10
817,155511,Armstrong,20,Wolves,Forward,2025/26,5.5,5.1,39,1141,2,2,3,20,0,0,0,3,0,0,1,129,145.0,85.0,191.0,41.9,14,2.77,0.85,3.62,22.93,14,37,15,8
818,613232,Wilson,18,Spurs,Forward,2025/26,4.5,4.5,0,0,0,0,0,0,0,0,0,0,0,0,0,0,0.0,0.0,0.0,0.0,0,0.00,0.00,0.00,0.00,0,0,0,0
819,494556,Shield,5,Brentford,Defender,2025/26,4.0,4.0,0,0,0,0,0,0,0,0,0,0,0,0,0,0,0.0,0.0,0.0,0.0,0,0.00,0.00,0.00,0.00,0,0,0,0
820,644593,McMahon-Brown,3,Burnley,Midfielder,2025/26,4.5,4.5,0,0,0,0,0,0,0,0,0,0,0,0,0,0,0.0,0.0,0.0,0.0,0,0.00,0.00,0.00,0.00,0,0,0,0
821,570929,Whittaker,17,Sunderland,Midfielder,2025/26,4.5,4.5,0,0,0,0,0,0,0,0,0,0,0,0,0,0,0.0,0.0,0.0,0.0,0,0.00,0.00,0.00,0.00,0,0,0,0
822,571087,Jones,17,Sunderland,Midfielder,2025/26,4.5,4.5,0,0,0,0,0,0,0,0,0,0,0,0,0,0,0.0,0.0,0.0,0.0,0,0.00,0.00,0.00,0.00,0,0,0,0
823,649240,Stephenson,5,Brentford,Defender,2025/26,4.0,4.0,0,0,0,0,0,0,0,0,0,0,0,0,0,0,0.0,0.0,0.0,0.0,0,0.00,0.00,0.00,0.00,0,0,0,0
824,587433,McManus,5,Brentford,Defender,2025/26,4.0,4.0,0,0,0,0,0,0,0,0,0,0,0,0,0,0,0.0,0.0,0.0,0.0,0,0.00,0.00,0.00,0.00,0,0,0,0
825,553742,Herrick,19,West Ham,Goalkeeper,2025/26,4.0,4.0,0,0,0,0,0,0,0,0,0,0,0,0,0,0,0.0,0.0,0.0,0.0,0,0.00,0.00,0.00,0.00,0,0,0,0
826,547671,Owen,5,Brentford,Midfielder,2025/26,4.5,4.5,0,0,0,0,0,0,0,0,0,0,0,0,0,0,0.0,0.0,0.0,0.0,0,0.00,0.00,0.00,0.00,0,0,0,0
827,576634,Thwaites,14,Man Utd,Midfielder,2025/26,4.5,4.5,0,0,0,0,0,0,0,0,0,0,0,0,0,0,0.0,0.0,0.0,0.0,0,0.00,0.00,0.00,0.00,0,0,0,0
828,491460,Brooks,20,Wolves,Goalkeeper,2025/26,4.0,4.0,0,0,0,0,0,0,0,0,0,0,0,0,0,0,0.0,0.0,0.0,0.0,0,0.00,0.00,0.00,0.00,0,0,0,0
829,619734,Derry,7,Chelsea,Midfielder,2025/26,4.5,4.5,1,45,0,0,0,2,0,0,0,0,0,0,0,5,4.6,6.4,25.0,3.6,1,0.10,0.02,0.12,1.09,0,3,2,1
830,677945,Wright,12,Liverpool,Forward,2025/26,4.5,4.5,0,0,0,0,0,0,0,0,0,0,0,0,0,0,0.0,0.0,0.0,0.0,0,0.00,0.00,0.00,0.00,0,0,0,0
831,627888,Gracey,20,Wolves,Goalkeeper,2025/26,4.0,4.0,0,0,0,0,0,0,0,0,0,0,0,0,0,0,0.0,0.0,0.0,0.0,0,0.00,0.00,0.00,0.00,0,0,0,0
832,718875,Ndiaye,12,Liverpool,Defender,2025/26,4.0,4.0,0,0,0,0,0,0,0,0,0,0,0,0,0,0,0.0,0.0,0.0,0.0,0,0.00,0.00,0.00,0.00,0,0,0,0
833,671606,Eboué,7,Chelsea,Midfielder,2025/26,4.5,4.5,0,0,0,0,0,0,0,0,0,0,0,0,0,0,0.0,0.0,0.0,0.0,0,0.00,0.00,0.00,0.00,0,0,0,0
834,616286,Kavuma-McQueen,7,Chelsea,Midfielder,2025/26,4.5,4.5,0,0,0,0,0,0,0,0,0,0,0,0,0,0,0.0,0.0,0.0,0.0,0,0.00,0.00,0.00,0.00,0,0,0,0
835,568159,Whitehall,16,Nott'm Forest,Midfielder,2025/26,4.5,4.5,0,0,0,0,0,0,0,0,0,0,0,0,0,0,0.0,0.0,0.0,0.0,0,0.00,0.00,0.00,0.00,0,0,0,0
836,590040,Sinclair,16,Nott'm Forest,Midfielder,2025/26,4.5,4.5,0,0,0,0,0,0,0,0,0,0,0,0,0,0,0.0,0.0,0.0,0.0,0,0.00,0.00,0.00,0.00,0,0,0,0
837,643970,Lienou,11,Leeds,Defender,2025/26,4.0,4.0,0,0,0,0,0,0,0,0,0,0,0,0,0,0,0.0,0.0,0.0,0.0,0,0.00,0.00,0.00,0.00,0,0,0,0
838,577978,Chadwick,11,Leeds,Midfielder,2025/26,4.5,4.5,0,0,0,0,0,0,0,0,0,0,0,0,0,0,0.0,0.0,0.0,0.0,0,0.00,0.00,0.00,0.00,0,0,0,0
839,592740,Cresswell,11,Leeds,Midfielder,2025/26,4.5,4.5,0,0,0,0,0,0,0,0,0,0,0,0,0,0,0.0,0.0,0.0,0.0,0,0.00,0.00,0.00,0.00,0,0,0,0
840,567119,Mheuka,7,Chelsea,Forward,2025/26,4.5,4.5,1,1,0,0,0,0,0,0,0,0,0,0,0,3,2.0,0.3,0.0,0.2,0,0.00,0.00,0.00,0.05,1,1,0,0
841,687076,Sillah,16,Nott'm Forest,Forward,2025/26,4.5,4.5,0,0,0,0,0,0,0,0,0,0,0,0,0,0,0.0,0.0,0.0,0.0,0,0.00,0.00,0.00,0.00,0,0,0,0
