prediction_created_at,target_gameweek,deadline_time,model_version,control_model_version,challenger_model_version,ensemble_status,ensemble_point_weight,ensemble_probability_6_plus_weight,ensemble_probability_10_plus_weight,ensemble_probability_15_plus_weight,scoring_rules_version,bonus_transition_multiplier,player_id,player_code,web_name,team_id,team_name,position,price,quantitative_expected_points_next_1,qualitative_points_delta_next_1,expected_points_next_1,expected_minutes_next_1,points_p10_next_1,points_p50_next_1,points_p90_next_1,value_next_1,control_expected_points_next_1,control_points_p10_next_1,control_points_p50_next_1,control_points_p90_next_1,component_expected_points_next_1,component_points_p10_next_1,component_points_p50_next_1,component_points_p90_next_1,component_probability_10_plus_next_1,component_probability_15_plus_next_1
2026-09-12T05:11:18+00:00,4,2026-09-12T12:30:00Z,player-sim-2.0,player-sim-2.0,player-sim-3.0-candidate,holdout_rejected,0.0,0.0,0.0,0.0,fpl-2026-27,1.05,1,154561,Raya,1,Arsenal,Goalkeeper,6.0,3.497,0.0,3.497,88.01,1.0,3.0,7.0,0.5828,3.497,1,3,7,2.602,0,2.0,7.0,0.0,0.0
2026-09-12T05:11:18+00:00,4,2026-09-12T12:30:00Z,player-sim-2.0,player-sim-2.0,player-sim-3.0-candidate,holdout_rejected,0.0,0.0,0.0,0.0,fpl-2026-27,1.05,2,109745,Arrizabalaga,1,Arsenal,Goalkeeper,4.9,0.078,0.0,0.078,1.25,0.0,0.0,0.0,0.016,0.078,0,0,0,0.342,0,0,1.0,0.0,0.0
2026-09-12T05:11:18+00:00,4,2026-09-12T12:30:00Z,player-sim-2.0,player-sim-2.0,player-sim-3.0-candidate,holdout_rejected,0.0,0.0,0.0,0.0,fpl-2026-27,1.05,3,437495,Meslier,1,Arsenal,Goalkeeper,4.9,0.418,0.0,0.418,10.28,0.0,0.0,2.0,0.0854,0.418,0,0,2,0.383,0,0,0,0.0,0.0
2026-09-12T05:11:18+00:00,4,2026-09-12T12:30:00Z,player-sim-2.0,player-sim-2.0,player-sim-3.0-candidate,holdout_rejected,0.0,0.0,0.0,0.0,fpl-2026-27,1.0,4,226597,Gabriel,1,Arsenal,Defender,8.0,4.492,0.0,4.492,80.44,1.0,4.0,9.0,0.5615,4.492,1,4,9,3.683,0,3.0,8.0,0.055,0.0067
2026-09-12T05:11:18+00:00,4,2026-09-12T12:30:00Z,player-sim-2.0,player-sim-2.0,player-sim-3.0-candidate,holdout_rejected,0.0,0.0,0.0,0.0,fpl-2026-27,1.0,5,445122,J.Timber,1,Arsenal,Defender,6.5,0.333,0.0,0.333,6.31,0.0,0.0,1.0,0.0513,0.333,0,0,1,0.19,0,0,0,0.0033,0.0
2026-09-12T05:11:18+00:00,4,2026-09-12T12:30:00Z,player-sim-2.0,player-sim-2.0,player-sim-3.0-candidate,holdout_rejected,0.0,0.0,0.0,0.0,fpl-2026-27,1.0,6,462424,Saliba,1,Arsenal,Defender,5.9,0.0,0.0,0.0,0.0,0.0,0.0,0.0,0.0,0.0,0,0,0,0.0,0,0,0,0.0,0.0
2026-09-12T05:11:18+00:00,4,2026-09-12T12:30:00Z,player-sim-2.0,player-sim-2.0,player-sim-3.0-candidate,holdout_rejected,0.0,0.0,0.0,0.0,fpl-2026-27,1.0312,7,499169,Lewis-Skelly,1,Arsenal,Midfielder,5.5,1.685,0.0,1.685,48.34,0.0,2.0,3.0,0.3064,1.685,0,2,3,1.913,0,2.0,3.0,0.0017,0.0
2026-09-12T05:11:18+00:00,4,2026-09-12T12:30:00Z,player-sim-2.0,player-sim-2.0,player-sim-3.0-candidate,holdout_rejected,0.0,0.0,0.0,0.0,fpl-2026-27,1.0,8,466075,Calafiori,1,Arsenal,Defender,5.8,3.602,0.0,3.602,62.11,0.0,2.0,8.0,0.621,3.602,0,2,8,3.397,0,2.0,8.0,0.06,0.0083
2026-09-12T05:11:18+00:00,4,2026-09-12T12:30:00Z,player-sim-2.0,player-sim-2.0,player-sim-3.0-candidate,holdout_rejected,0.0,0.0,0.0,0.0,fpl-2026-27,1.0,9,448104,Hincapie,1,Arsenal,Defender,5.3,1.528,0.0,1.528,27.57,0.0,1.0,5.0,0.2884,1.528,0,1,5,0.942,0,1.0,2.0,0.0,0.0
2026-09-12T05:11:18+00:00,4,2026-09-12T12:30:00Z,player-sim-2.0,player-sim-2.0,player-sim-3.0-candidate,holdout_rejected,0.0,0.0,0.0,0.0,fpl-2026-27,1.0,10,198869,White,1,Arsenal,Defender,5.5,2.792,0.0,2.792,53.82,0.0,2.0,7.0,0.5076,2.792,0,2,7,3.182,0,2.0,8.0,0.0333,0.0017
2026-09-12T05:11:18+00:00,4,2026-09-12T12:30:00Z,player-sim-2.0,player-sim-2.0,player-sim-3.0-candidate,holdout_rejected,0.0,0.0,0.0,0.0,fpl-2026-27,1.0,11,500040,Mosquera,1,Arsenal,Defender,5.4,0.738,0.0,0.738,17.02,0.0,0.0,2.0,0.1367,0.738,0,0,2,0.965,0,0,5.0,0.0017,0.0
2026-09-12T05:11:18+00:00,4,2026-09-12T12:30:00Z,player-sim-2.0,player-sim-2.0,player-sim-3.0-candidate,holdout_rejected,0.0,0.0,0.0,0.0,fpl-2026-27,1.0312,12,223340,Saka,1,Arsenal,Midfielder,9.5,4.437,0.0,4.437,71.61,1.0,3.0,8.0,0.467,4.437,1,3,8,4.023,0,3.0,10.0,0.105,0.0267
2026-09-12T05:11:18+00:00,4,2026-09-12T12:30:00Z,player-sim-2.0,player-sim-2.0,player-sim-3.0-candidate,holdout_rejected,0.0,0.0,0.0,0.0,fpl-2026-27,1.0312,13,204480,Rice,1,Arsenal,Midfielder,7.4,3.773,0.0,3.773,81.01,2.0,3.0,7.0,0.5099,3.773,2,3,7,2.838,0,3.0,6.0,0.01,0.0
2026-09-12T05:11:18+00:00,4,2026-09-12T12:30:00Z,player-sim-2.0,player-sim-2.0,player-sim-3.0-candidate,holdout_rejected,0.0,0.0,0.0,0.0,fpl-2026-27,1.0312,14,232413,Eze,1,Arsenal,Midfielder,6.3,1.78,0.0,1.78,35.35,0.0,1.0,5.0,0.2825,1.78,0,1,5,1.118,0,1.0,3.0,0.005,0.0
2026-09-12T05:11:18+00:00,4,2026-09-12T12:30:00Z,player-sim-2.0,player-sim-2.0,player-sim-3.0-candidate,holdout_rejected,0.0,0.0,0.0,0.0,fpl-2026-27,1.0312,15,184029,Ødegaard,1,Arsenal,Midfielder,6.7,2.93,0.0,2.93,51.1,0.0,3.0,7.0,0.4373,2.93,0,3,7,3.312,0,3.0,8.0,0.05,0.0117
2026-09-12T05:11:18+00:00,4,2026-09-12T12:30:00Z,player-sim-2.0,player-sim-2.0,player-sim-3.0-candidate,holdout_rejected,0.0,0.0,0.0,0.0,fpl-2026-27,1.0312,16,248857,Madueke,1,Arsenal,Midfielder,6.3,1.105,0.0,1.105,21.14,0.0,1.0,3.0,0.1754,1.105,0,1,3,1.003,0,1.0,2.0,0.0033,0.0
2026-09-12T05:11:18+00:00,4,2026-09-12T12:30:00Z,player-sim-2.0,player-sim-2.0,player-sim-3.0-candidate,holdout_rejected,0.0,0.0,0.0,0.0,fpl-2026-27,1.0312,17,195384,Merino,1,Arsenal,Midfielder,5.8,1.318,0.0,1.318,20.66,0.0,1.0,3.0,0.2273,1.318,0,1,3,1.37,0,1.0,3.0,0.0133,0.0017
2026-09-12T05:11:18+00:00,4,2026-09-12T12:30:00Z,player-sim-2.0,player-sim-2.0,player-sim-3.0-candidate,holdout_rejected,0.0,0.0,0.0,0.0,fpl-2026-27,1.0312,18,444145,Martinelli,1,Arsenal,Midfielder,6.3,0.0,0.0,0.0,0.0,0.0,0.0,0.0,0.0,0.0,0,0,0,0.0,0,0,0,0.0,0.0
2026-09-12T05:11:18+00:00,4,2026-09-12T12:30:00Z,player-sim-2.0,player-sim-2.0,player-sim-3.0-candidate,holdout_rejected,0.0,0.0,0.0,0.0,fpl-2026-27,1.0312,19,481655,Zubimendi,1,Arsenal,Midfielder,5.4,2.235,0.0,2.235,48.39,1.0,2.0,5.0,0.4139,2.235,1,2,5,1.163,0.0,1.0,2.0,0.0,0.0
2026-09-12T05:11:18+00:00,4,2026-09-12T12:30:00Z,player-sim-2.0,player-sim-2.0,player-sim-3.0-candidate,holdout_rejected,0.0,0.0,0.0,0.0,fpl-2026-27,1.0312,20,616077,Dowman,1,Arsenal,Midfielder,5.3,0.06,0.0,0.06,1.07,0.0,0.0,0.0,0.0113,0.06,0,0,0,0.532,0,0,2.0,0.0033,0.0
2026-09-12T05:11:18+00:00,4,2026-09-12T12:30:00Z,player-sim-2.0,player-sim-2.0,player-sim-3.0-candidate,holdout_rejected,0.0,0.0,0.0,0.0,fpl-2026-27,1.0312,22,499175,Nwaneri,1,Arsenal,Midfielder,5.4,0.0,0.0,0.0,0.0,0.0,0.0,0.0,0.0,0.0,0,0,0,0.0,0,0,0,0.0,0.0
2026-09-12T05:11:18+00:00,4,2026-09-12T12:30:00Z,player-sim-2.0,player-sim-2.0,player-sim-3.0-candidate,holdout_rejected,0.0,0.0,0.0,0.0,fpl-2026-27,1.0312,23,438098,Fábio Vieira,1,Arsenal,Midfielder,5.5,0.0,0.0,0.0,0.0,0.0,0.0,0.0,0.0,0.0,0,0,0,0.0,0,0,0,0.0,0.0
2026-09-12T05:11:18+00:00,4,2026-09-12T12:30:00Z,player-sim-2.0,player-sim-2.0,player-sim-3.0-candidate,holdout_rejected,0.0,0.0,0.0,0.0,fpl-2026-27,1.0312,24,200641,Nelson,1,Arsenal,Midfielder,5.5,0.0,0.0,0.0,0.0,0.0,0.0,0.0,0.0,0.0,0,0,0,0.0,0,0,0,0.0,0.0
2026-09-12T05:11:18+00:00,4,2026-09-12T12:30:00Z,player-sim-2.0,player-sim-2.0,player-sim-3.0-candidate,holdout_rejected,0.0,0.0,0.0,0.0,fpl-2026-27,1.025,25,224117,Gyökeres,1,Arsenal,Forward,7.2,1.872,0.0,1.872,32.04,0.0,1.0,6.0,0.26,1.872,0,1,6,0.833,0,0,2.0,0.0033,0.0
2026-09-12T05:11:18+00:00,4,2026-09-12T12:30:00Z,player-sim-2.0,player-sim-2.0,player-sim-3.0-candidate,holdout_rejected,0.0,0.0,0.0,0.0,fpl-2026-27,1.025,26,219847,Havertz,1,Arsenal,Forward,7.5,2.293,0.0,2.293,50.67,0.0,2.0,6.0,0.3058,2.293,0,2,6,2.505,0,2.0,6.0,0.02,0.0017
2026-09-12T05:11:18+00:00,4,2026-09-12T12:30:00Z,player-sim-2.0,player-sim-2.0,player-sim-3.0-candidate,holdout_rejected,0.0,0.0,0.0,0.0,fpl-2026-27,1.025,27,205651,G.Jesus,1,Arsenal,Forward,5.9,0.0,0.0,0.0,0.0,0.0,0.0,0.0,0.0,0.0,0,0,0,0.0,0,0,0,0.0,0.0
2026-09-12T05:11:18+00:00,4,2026-09-12T12:30:00Z,player-sim-2.0,player-sim-2.0,player-sim-3.0-candidate,holdout_rejected,0.0,0.0,0.0,0.0,fpl-2026-27,1.0,31,199798,Konsa,1,Arsenal,Defender,4.5,2.348,0.0,2.348,54.49,0.0,2.0,6.0,0.5218,2.348,0,2,6,1.363,0,1.0,6.0,0.0017,0.0
2026-09-12T05:11:18+00:00,4,2026-09-12T12:30:00Z,player-sim-2.0,player-sim-2.0,player-sim-3.0-candidate,holdout_rejected,0.0,0.0,0.0,0.0,fpl-2026-27,1.0312,452,208706,Bruno G.,1,Arsenal,Midfielder,6.8,1.892,0.0,1.892,34.48,0.0,1.0,5.0,0.2782,1.892,0,1,5,1.06,0,0,4.0,0.0083,0.0017
2026-09-12T05:11:18+00:00,4,2026-09-12T12:30:00Z,player-sim-2.0,player-sim-2.0,player-sim-3.0-candidate,holdout_rejected,0.0,0.0,0.0,0.0,fpl-2026-27,1.0312,557,439509,Tzolis,1,Arsenal,Midfielder,6.4,1.437,0.0,1.437,39.16,0.0,1.0,3.0,0.2245,1.437,0,1,3,1.993,0,2.0,4.0,0.0067,0.0017
2026-09-12T05:11:18+00:00,4,2026-09-12T12:30:00Z,player-sim-2.0,player-sim-2.0,player-sim-3.0-candidate,holdout_rejected,0.0,0.0,0.0,0.0,fpl-2026-27,1.05,29,72147,M.Bizot,2,Aston Villa,Goalkeeper,4.5,0.787,0.0,0.787,21.78,0.0,0.0,3.0,0.1748,0.787,0,0,3,0.9,0,0,3.0,0.0,0.0
2026-09-12T05:11:18+00:00,4,2026-09-12T12:30:00Z,player-sim-2.0,player-sim-2.0,player-sim-3.0-candidate,holdout_rejected,0.0,0.0,0.0,0.0,fpl-2026-27,1.0,30,101188,Digne,2,Aston Villa,Defender,4.5,0.0,0.0,0.0,0.0,0.0,0.0,0.0,0.0,0.0,0,0,0,0.0,0,0,0,0.0,0.0
2026-09-12T05:11:18+00:00,4,2026-09-12T12:30:00Z,player-sim-2.0,player-sim-2.0,player-sim-3.0-candidate,holdout_rejected,0.0,0.0,0.0,0.0,fpl-2026-27,1.0,32,199796,Cash,2,Aston Villa,Defender,4.5,2.213,0.0,2.213,61.12,0.0,1.0,6.0,0.4918,2.213,0,1,6,1.565,0.0,0,6.0,0.0033,0.0
2026-09-12T05:11:18+00:00,4,2026-09-12T12:30:00Z,player-sim-2.0,player-sim-2.0,player-sim-3.0-candidate,holdout_rejected,0.0,0.0,0.0,0.0,fpl-2026-27,1.0,33,149484,Mings,2,Aston Villa,Defender,4.5,1.685,0.0,1.685,34.45,0.0,1.0,6.0,0.3744,1.685,0,1,6,1.418,0,1.0,6.0,0.0133,0.0
2026-09-12T05:11:18+00:00,4,2026-09-12T12:30:00Z,player-sim-2.0,player-sim-2.0,player-sim-3.0-candidate,holdout_rejected,0.0,0.0,0.0,0.0,fpl-2026-27,1.0,34,244954,Pau,2,Aston Villa,Defender,4.5,1.86,0.0,1.86,46.67,0.0,1.0,6.0,0.4133,1.86,0,1,6,1.558,0,1.0,6.0,0.0067,0.0017
2026-09-12T05:11:18+00:00,4,2026-09-12T12:30:00Z,player-sim-2.0,player-sim-2.0,player-sim-3.0-candidate,holdout_rejected,0.0,0.0,0.0,0.0,fpl-2026-27,1.0312,35,515597,Bogarde,2,Aston Villa,Midfielder,5.0,0.6,0.0,0.6,16.49,0.0,0.0,2.0,0.12,0.6,0,0,2,0.545,0,0.0,2.0,0.0,0.0
2026-09-12T05:11:18+00:00,4,2026-09-12T12:30:00Z,player-sim-2.0,player-sim-2.0,player-sim-3.0-candidate,holdout_rejected,0.0,0.0,0.0,0.0,fpl-2026-27,1.0,36,441302,Maatsen,2,Aston Villa,Defender,4.5,2.803,0.0,2.803,61.85,0.0,2.0,7.0,0.623,2.803,0,2,7,2.988,0.0,2.0,7.0,0.0367,0.0083
2026-09-12T05:11:18+00:00,4,2026-09-12T12:30:00Z,player-sim-2.0,player-sim-2.0,player-sim-3.0-candidate,holdout_rejected,0.0,0.0,0.0,0.0,fpl-2026-27,1.0,37,184667,Lindelöf,2,Aston Villa,Defender,4.5,1.952,0.0,1.952,58.56,0.0,1.0,6.0,0.4337,1.952,0,1,6,2.208,0,1.0,6.0,0.0,0.0
2026-09-12T05:11:18+00:00,4,2026-09-12T12:30:00Z,player-sim-2.0,player-sim-2.0,player-sim-3.0-candidate,holdout_rejected,0.0,0.0,0.0,0.0,fpl-2026-27,1.0,38,606798,A.García,2,Aston Villa,Defender,4.0,0.027,0.0,0.027,0.67,0.0,0.0,0.0,0.0067,0.027,0,0,0,0.428,0,0,1.0,0.0,0.0
2026-09-12T05:11:18+00:00,4,2026-09-12T12:30:00Z,player-sim-2.0,player-sim-2.0,player-sim-3.0-candidate,holdout_rejected,0.0,0.0,0.0,0.0,fpl-2026-27,1.0,39,578545,Nedeljkovic,2,Aston Villa,Defender,4.0,0.0,0.0,0.0,0.0,0.0,0.0,0.0,0.0,0.0,0,0,0,0.0,0,0,0,0.0,0.0
2026-09-12T05:11:18+00:00,4,2026-09-12T12:30:00Z,player-sim-2.0,player-sim-2.0,player-sim-3.0-candidate,holdout_rejected,0.0,0.0,0.0,0.0,fpl-2026-27,1.0312,41,195546,Buendía,2,Aston Villa,Midfielder,5.9,2.975,0.0,2.975,63.4,0.0,2.0,7.0,0.5042,2.975,0,2,7,2.835,0,2.0,7.0,0.035,0.0033
2026-09-12T05:11:18+00:00,4,2026-09-12T12:30:00Z,player-sim-2.0,player-sim-2.0,player-sim-3.0-candidate,holdout_rejected,0.0,0.0,0.0,0.0,fpl-2026-27,1.0312,44,215711,Bailey,2,Aston Villa,Midfielder,5.4,0.0,0.0,0.0,0.0,0.0,0.0,0.0,0.0,0.0,0,0,0,0.0,0,0,0,0.0,0.0
2026-09-12T05:11:18+00:00,4,2026-09-12T12:30:00Z,player-sim-2.0,player-sim-2.0,player-sim-3.0-candidate,holdout_rejected,0.0,0.0,0.0,0.0,fpl-2026-27,1.0312,45,122806,McGinn,2,Aston Villa,Midfielder,5.4,3.047,0.0,3.047,70.62,1.0,2.0,7.0,0.5642,3.047,1,2,7,2.44,0,2.0,6.0,0.0283,0.0067
2026-09-12T05:11:18+00:00,4,2026-09-12T12:30:00Z,player-sim-2.0,player-sim-2.0,player-sim-3.0-candidate,holdout_rejected,0.0,0.0,0.0,0.0,fpl-2026-27,1.0312,46,88894,Barkley,2,Aston Villa,Midfielder,5.0,1.94,0.0,1.94,47.99,0.0,2.0,5.0,0.388,1.94,0,2,5,2.513,0,2.0,6.0,0.0133,0.0
2026-09-12T05:11:18+00:00,4,2026-09-12T12:30:00Z,player-sim-2.0,player-sim-2.0,player-sim-3.0-candidate,holdout_rejected,0.0,0.0,0.0,0.0,fpl-2026-27,1.0312,47,226944,Kamara,2,Aston Villa,Midfielder,5.0,2.31,0.0,2.31,65.18,0.0,2.0,5.0,0.462,2.31,0,2,5,2.03,0,2.0,4.0,0.0017,0.0
2026-09-12T05:11:18+00:00,4,2026-09-12T12:30:00Z,player-sim-2.0,player-sim-2.0,player-sim-3.0-candidate,holdout_rejected,0.0,0.0,0.0,0.0,fpl-2026-27,1.0312,48,449871,Onana,2,Aston Villa,Midfielder,5.0,0.0,0.0,0.0,0.0,0.0,0.0,0.0,0.0,0.0,0,0,0,0.0,0,0,0,0.0,0.0
2026-09-12T05:11:18+00:00,4,2026-09-12T12:30:00Z,player-sim-2.0,player-sim-2.0,player-sim-3.0-candidate,holdout_rejected,0.0,0.0,0.0,0.0,fpl-2026-27,1.0312,49,469247,Iling Jr,2,Aston Villa,Midfielder,5.0,0.0,0.0,0.0,0.0,0.0,0.0,0.0,0.0,0.0,0,0,0,0.0,0,0,0,0.0,0.0
2026-09-12T05:11:18+00:00,4,2026-09-12T12:30:00Z,player-sim-2.0,player-sim-2.0,player-sim-3.0-candidate,holdout_rejected,0.0,0.0,0.0,0.0,fpl-2026-27,1.0312,50,645618,Burrowes,2,Aston Villa,Midfielder,4.5,0.0,0.0,0.0,0.0,0.0,0.0,0.0,0.0,0.0,0,0,0,0.392,0,0,1.0,0.0,0.0
2026-09-12T05:11:18+00:00,4,2026-09-12T12:30:00Z,player-sim-2.0,player-sim-2.0,player-sim-3.0-candidate,holdout_rejected,0.0,0.0,0.0,0.0,fpl-2026-27,1.0312,51,577285,George Hemmings,2,Aston Villa,Midfielder,4.5,1.428,0.0,1.428,38.57,0.0,0.0,3.0,0.3174,1.428,0,0,3,2.098,0,2.0,4.0,0.0017,0.0
2026-09-12T05:11:18+00:00,4,2026-09-12T12:30:00Z,player-sim-2.0,player-sim-2.0,player-sim-3.0-candidate,holdout_rejected,0.0,0.0,0.0,0.0,fpl-2026-27,1.0312,52,653481,Alysson,2,Aston Villa,Midfielder,5.0,0.583,0.0,0.583,9.57,0.0,0.0,1.0,0.1167,0.583,0,0,1,1.013,0,1.0,2.0,0.0,0.0
2026-09-12T05:11:18+00:00,4,2026-09-12T12:30:00Z,player-sim-2.0,player-sim-2.0,player-sim-3.0-candidate,holdout_rejected,0.0,0.0,0.0,0.0,fpl-2026-27,1.0312,53,614071,Manzambi,2,Aston Villa,Midfielder,5.9,0.248,0.0,0.248,6.38,0.0,0.0,1.0,0.0421,0.248,0,0,1,0.247,0,0,0,0.0033,0.0
2026-09-12T05:11:18+00:00,4,2026-09-12T12:30:00Z,player-sim-2.0,player-sim-2.0,player-sim-3.0-candidate,holdout_rejected,0.0,0.0,0.0,0.0,fpl-2026-27,1.0312,54,448089,Gomes,2,Aston Villa,Midfielder,5.5,0.0,0.0,0.0,0.0,0.0,0.0,0.0,0.0,0.0,0,0,0,0.0,0,0,0,0.0,0.0
2026-09-12T05:11:18+00:00,4,2026-09-12T12:30:00Z,player-sim-2.0,player-sim-2.0,player-sim-3.0-candidate,holdout_rejected,0.0,0.0,0.0,0.0,fpl-2026-27,1.025,55,178301,Watkins,2,Aston Villa,Forward,7.8,0.0,0.0,0.0,0.0,0.0,0.0,0.0,0.0,0.0,0,0,0,0.0,0,0,0,0.0,0.0
2026-09-12T05:11:18+00:00,4,2026-09-12T12:30:00Z,player-sim-2.0,player-sim-2.0,player-sim-3.0-candidate,holdout_rejected,0.0,0.0,0.0,0.0,fpl-2026-27,1.025,56,173879,Abraham,2,Aston Villa,Forward,5.5,0.573,0.0,0.573,8.54,0.0,0.0,1.0,0.1042,0.573,0,0,1,1.012,0,1.0,2.0,0.0033,0.0
2026-09-12T05:11:18+00:00,4,2026-09-12T12:30:00Z,player-sim-2.0,player-sim-2.0,player-sim-3.0-candidate,holdout_rejected,0.0,0.0,0.0,0.0,fpl-2026-27,1.0312,160,493105,Garnacho,2,Aston Villa,Midfielder,5.9,1.22,0.0,1.22,22.21,0.0,1.0,2.0,0.2068,1.22,0,1,2,1.243,0,1.0,3.0,0.0017,0.0
2026-09-12T05:11:18+00:00,4,2026-09-12T12:30:00Z,player-sim-2.0,player-sim-2.0,player-sim-3.0-candidate,holdout_rejected,0.0,0.0,0.0,0.0,fpl-2026-27,1.025,166,517052,N.Jackson,2,Aston Villa,Forward,6.5,1.582,0.0,1.582,37.65,0.0,1.0,4.0,0.2433,1.582,0,1,4,1.713,0,1.0,5.0,0.0167,0.0
2026-09-12T05:11:18+00:00,4,2026-09-12T12:30:00Z,player-sim-2.0,player-sim-2.0,player-sim-3.0-candidate,holdout_rejected,0.0,0.0,0.0,0.0,fpl-2026-27,1.025,582,690838,Madjo,2,Aston Villa,Forward,5.5,0.0,0.0,0.0,0.0,0.0,0.0,0.0,0.0,0.0,0,0,0,0.0,0,0,0,0.0,0.0
2026-09-12T05:11:18+00:00,4,2026-09-12T12:30:00Z,player-sim-2.0,player-sim-2.0,player-sim-3.0-candidate,holdout_rejected,0.0,0.0,0.0,0.0,fpl-2026-27,1.0,596,487992,Ruggeri,2,Aston Villa,Defender,4.5,0.9,0.0,0.9,17.53,0.0,0.0,2.0,0.2,0.9,0,0,2,0.825,0,0,2.0,0.0,0.0
2026-09-12T05:11:18+00:00,4,2026-09-12T12:30:00Z,player-sim-2.0,player-sim-2.0,player-sim-3.0-candidate,holdout_rejected,0.0,0.0,0.0,0.0,fpl-2026-27,1.05,597,433969,Suzuki,2,Aston Villa,Goalkeeper,5.0,1.55,0.0,1.55,33.79,0.0,0.0,6.0,0.31,1.55,0,0,6,1.94,0,1.0,7.0,0.0067,0.0
2026-09-12T05:11:18+00:00,4,2026-09-12T12:30:00Z,player-sim-2.0,player-sim-2.0,player-sim-3.0-candidate,holdout_rejected,0.0,0.0,0.0,0.0,fpl-2026-27,1.0,606,569577,Rowe,2,Aston Villa,Defender,4.0,0.545,0.0,0.545,13.92,0.0,0.0,2.0,0.1363,0.545,0,0,2,0.532,0,0,2.0,0.0017,0.0017
2026-09-12T05:11:18+00:00,4,2026-09-12T12:30:00Z,player-sim-2.0,player-sim-2.0,player-sim-3.0-candidate,holdout_rejected,0.0,0.0,0.0,0.0,fpl-2026-27,1.0312,607,571380,Lynch,2,Aston Villa,Midfielder,4.5,0.0,0.0,0.0,0.0,0.0,0.0,0.0,0.0,0.0,0,0,0,0.0,0,0,0,0.0,0.0
2026-09-12T05:11:18+00:00,4,2026-09-12T12:30:00Z,player-sim-2.0,player-sim-2.0,player-sim-3.0-candidate,holdout_rejected,0.0,0.0,0.0,0.0,fpl-2026-27,1.0,611,214590,Wan-Bissaka,2,Aston Villa,Defender,4.5,1.81,0.0,1.81,40.45,0.0,1.0,6.0,0.4022,1.81,0,1,6,1.062,0.0,1.0,2.0,0.0,0.0
2026-09-12T05:11:18+00:00,4,2026-09-12T12:30:00Z,player-sim-2.0,player-sim-2.0,player-sim-3.0-candidate,holdout_rejected,0.0,0.0,0.0,0.0,fpl-2026-27,1.0375,618,119090,Goretzka,2,Aston Villa,Midfielder,6.0,0.0,0.0,0.0,0.0,0.0,0.0,0.0,0.0,0.0,0,0,0,0.0,0,0,0,0.0,0.0
2026-09-12T05:11:18+00:00,4,2026-09-12T12:30:00Z,player-sim-2.0,player-sim-2.0,player-sim-3.0-candidate,holdout_rejected,0.0,0.0,0.0,0.0,fpl-2026-27,1.0,630,245719,Harwood-Bellis,2,Aston Villa,Defender,4.5,2.36,0.0,2.36,60.91,0.0,1.0,6.0,0.5244,2.36,0,1,6,0.65,0,0,2.0,0.0017,0.0
2026-09-12T05:11:18+00:00,4,2026-09-12T12:30:00Z,player-sim-2.0,player-sim-2.0,player-sim-3.0-candidate,holdout_rejected,0.0,0.0,0.0,0.0,fpl-2026-27,1.0437,631,638987,Mbaye,2,Aston Villa,Midfielder,6.0,0.827,0.0,0.827,20.97,0.0,0.0,3.0,0.1378,0.827,0,0,3,0.688,0,0,2.0,0.0017,0.0
2026-09-12T05:11:18+00:00,4,2026-09-12T12:30:00Z,player-sim-2.0,player-sim-2.0,player-sim-3.0-candidate,holdout_rejected,0.0,0.0,0.0,0.0,fpl-2026-27,1.05,57,457569,Petrović,3,Bournemouth,Goalkeeper,4.5,3.15,0.0,3.15,88.84,1.0,3.0,7.0,0.7,3.15,1,3,7,2.082,0,2.0,6.0,0.0,0.0
2026-09-12T05:11:18+00:00,4,2026-09-12T12:30:00Z,player-sim-2.0,player-sim-2.0,player-sim-3.0-candidate,holdout_rejected,0.0,0.0,0.0,0.0,fpl-2026-27,1.05,58,40383,Forster,3,Bournemouth,Goalkeeper,4.0,0.41,0.0,0.41,12.0,0.0,0.0,2.0,0.1025,0.41,0,0,2,0.323,0,0,1.0,0.0,0.0
2026-09-12T05:11:18+00:00,4,2026-09-12T12:30:00Z,player-sim-2.0,player-sim-2.0,player-sim-3.0-candidate,holdout_rejected,0.0,0.0,0.0,0.0,fpl-2026-27,1.05,59,444172,Dennis,3,Bournemouth,Goalkeeper,4.0,0.0,0.0,0.0,0.0,0.0,0.0,0.0,0.0,0.0,0,0,0,0.0,0,0,0,0.0,0.0
2026-09-12T05:11:18+00:00,4,2026-09-12T12:30:00Z,player-sim-2.0,player-sim-2.0,player-sim-3.0-candidate,holdout_rejected,0.0,0.0,0.0,0.0,fpl-2026-27,1.0,60,463981,Hill,3,Bournemouth,Defender,5.5,2.937,0.0,2.937,71.53,1.0,2.0,6.0,0.5339,2.937,1,2,6,2.613,0,2.0,7.0,0.0167,0.0017
2026-09-12T05:11:18+00:00,4,2026-09-12T12:30:00Z,player-sim-2.0,player-sim-2.0,player-sim-3.0-candidate,holdout_rejected,0.0,0.0,0.0,0.0,fpl-2026-27,1.0,61,494521,Truffert,3,Bournemouth,Defender,5.5,3.537,0.0,3.537,88.47,1.0,3.0,7.0,0.643,3.537,1,3,7,2.625,0,2.0,7.0,0.02,0.005
2026-09-12T05:11:18+00:00,4,2026-09-12T12:30:00Z,player-sim-2.0,player-sim-2.0,player-sim-3.0-candidate,holdout_rejected,0.0,0.0,0.0,0.0,fpl-2026-27,1.0,62,242882,Diakité,3,Bournemouth,Defender,5.0,0.587,0.0,0.587,15.05,0.0,0.0,2.0,0.1173,0.587,0,0,2,0.46,0,0,1.0,0.0017,0.0
2026-09-12T05:11:18+00:00,4,2026-09-12T12:30:00Z,player-sim-2.0,player-sim-2.0,player-sim-3.0-candidate,holdout_rejected,0.0,0.0,0.0,0.0,fpl-2026-27,1.0,63,620487,Milosavljević,3,Bournemouth,Defender,5.0,0.0,0.0,0.0,0.0,0.0,0.0,0.0,0.0,0.0,0,0,0,0.0,0,0,0,0.0,0.0
2026-09-12T05:11:18+00:00,4,2026-09-12T12:30:00Z,player-sim-2.0,player-sim-2.0,player-sim-3.0-candidate,holdout_rejected,0.0,0.0,0.0,0.0,fpl-2026-27,1.0,64,54469,Smith,3,Bournemouth,Defender,4.5,1.823,0.0,1.823,58.65,0.0,1.0,6.0,0.4052,1.823,0,1,6,1.698,0,1.0,6.0,0.0033,0.0
2026-09-12T05:11:18+00:00,4,2026-09-12T12:30:00Z,player-sim-2.0,player-sim-2.0,player-sim-3.0-candidate,holdout_rejected,0.0,0.0,0.0,0.0,fpl-2026-27,1.0,65,436893,J.Araujo,3,Bournemouth,Defender,4.4,0.0,0.0,0.0,0.0,0.0,0.0,0.0,0.0,0.0,0,0,0,0.0,0,0,0,0.0,0.0
2026-09-12T05:11:18+00:00,4,2026-09-12T12:30:00Z,player-sim-2.0,player-sim-2.0,player-sim-3.0-candidate,holdout_rejected,0.0,0.0,0.0,0.0,fpl-2026-27,1.0,66,575901,Soler,3,Bournemouth,Defender,4.0,0.002,0.0,0.002,0.04,0.0,0.0,0.0,0.0004,0.002,0,0,0,0.495,0,0,2.0,0.0017,0.0
2026-09-12T05:11:18+00:00,4,2026-09-12T12:30:00Z,player-sim-2.0,player-sim-2.0,player-sim-3.0-candidate,holdout_rejected,0.0,0.0,0.0,0.0,fpl-2026-27,1.0312,67,499604,Rayan,3,Bournemouth,Midfielder,6.4,2.43,0.0,2.43,58.46,0.0,2.0,7.0,0.3797,2.43,0,2,7,2.517,0,2.0,7.0,0.025,0.0033
2026-09-12T05:11:18+00:00,4,2026-09-12T12:30:00Z,player-sim-2.0,player-sim-2.0,player-sim-3.0-candidate,holdout_rejected,0.0,0.0,0.0,0.0,fpl-2026-27,1.0312,68,201658,Tavernier,3,Bournemouth,Midfielder,6.0,4.793,0.0,4.793,81.17,1.0,4.0,9.0,0.7989,4.793,1,4,9,3.693,0,2.0,9.0,0.09,0.0283
2026-09-12T05:11:18+00:00,4,2026-09-12T12:30:00Z,player-sim-2.0,player-sim-2.0,player-sim-3.0-candidate,holdout_rejected,0.0,0.0,0.0,0.0,fpl-2026-27,1.0312,69,503139,Scott,3,Bournemouth,Midfielder,6.1,4.278,0.0,4.278,81.57,2.0,4.0,7.0,0.7014,4.278,2,4,7,2.995,0,2.0,7.0,0.0383,0.005
2026-09-12T05:11:18+00:00,4,2026-09-12T12:30:00Z,player-sim-2.0,player-sim-2.0,player-sim-3.0-candidate,holdout_rejected,0.0,0.0,0.0,0.0,fpl-2026-27,1.0312,70,222683,Kluivert,3,Bournemouth,Midfielder,6.0,2.025,0.0,2.025,50.94,0.0,2.0,5.0,0.3375,2.025,0,2,5,2.428,0,2.0,7.0,0.015,0.0
2026-09-12T05:11:18+00:00,4,2026-09-12T12:30:00Z,player-sim-2.0,player-sim-2.0,player-sim-3.0-candidate,holdout_rejected,0.0,0.0,0.0,0.0,fpl-2026-27,1.0312,71,155408,Cook,3,Bournemouth,Midfielder,5.0,1.367,0.0,1.367,36.84,0.0,1.0,3.0,0.2733,1.367,0,1,3,1.508,0,1.0,3.0,0.0017,0.0
2026-09-12T05:11:18+00:00,4,2026-09-12T12:30:00Z,player-sim-2.0,player-sim-2.0,player-sim-3.0-candidate,holdout_rejected,0.0,0.0,0.0,0.0,fpl-2026-27,1.0312,72,496208,Gannon-Doak,3,Bournemouth,Midfielder,4.9,0.428,0.0,0.428,6.41,0.0,0.0,1.0,0.0874,0.428,0,0,1,0.98,0.0,1.0,2.0,0.0067,0.0017
2026-09-12T05:11:18+00:00,4,2026-09-12T12:30:00Z,player-sim-2.0,player-sim-2.0,player-sim-3.0-candidate,holdout_rejected,0.0,0.0,0.0,0.0,fpl-2026-27,1.0312,73,200785,Adams,3,Bournemouth,Midfielder,5.0,1.763,0.0,1.763,44.34,0.0,1.0,4.0,0.3527,1.763,0,1,4,1.353,0,1.0,3.0,0.0033,0.0
2026-09-12T05:11:18+00:00,4,2026-09-12T12:30:00Z,player-sim-2.0,player-sim-2.0,player-sim-3.0-candidate,holdout_rejected,0.0,0.0,0.0,0.0,fpl-2026-27,1.0312,74,111317,Brooks,3,Bournemouth,Midfielder,5.0,1.217,0.0,1.217,20.45,0.0,1.0,3.0,0.2433,1.217,0,1,3,1.078,0.0,1.0,2.0,0.005,0.0033
2026-09-12T05:11:18+00:00,4,2026-09-12T12:30:00Z,player-sim-2.0,player-sim-2.0,player-sim-3.0-candidate,holdout_rejected,0.0,0.0,0.0,0.0,fpl-2026-27,1.0312,75,158499,Christie,3,Bournemouth,Midfielder,5.0,0.708,0.0,0.708,13.39,0.0,1.0,1.0,0.1417,0.708,0,1,1,0.992,0.0,1.0,2.0,0.0033,0.0017
2026-09-12T05:11:18+00:00,4,2026-09-12T12:30:00Z,player-sim-2.0,player-sim-2.0,player-sim-3.0-candidate,holdout_rejected,0.0,0.0,0.0,0.0,fpl-2026-27,1.0312,76,614574,Tóth.A,3,Bournemouth,Midfielder,5.0,0.272,0.0,0.272,4.59,0.0,0.0,1.0,0.0543,0.272,0,0,1,0.657,0,0,2.0,0.0,0.0
2026-09-12T05:11:18+00:00,4,2026-09-12T12:30:00Z,player-sim-2.0,player-sim-2.0,player-sim-3.0-candidate,holdout_rejected,0.0,0.0,0.0,0.0,fpl-2026-27,1.0312,77,489888,Adli,3,Bournemouth,Midfielder,4.9,0.0,0.0,0.0,0.0,0.0,0.0,0.0,0.0,0.0,0,0,0,0.0,0,0,0,0.0,0.0
2026-09-12T05:11:18+00:00,4,2026-09-12T12:30:00Z,player-sim-2.0,player-sim-2.0,player-sim-3.0-candidate,holdout_rejected,0.0,0.0,0.0,0.0,fpl-2026-27,1.0312,78,560262,Kroupi.Jr,3,Bournemouth,Midfielder,7.4,0.0,0.0,0.0,0.0,0.0,0.0,0.0,0.0,0.0,0,0,0,0.0,0,0,0,0.0,0.0
2026-09-12T05:11:18+00:00,4,2026-09-12T12:30:00Z,player-sim-2.0,player-sim-2.0,player-sim-3.0-candidate,holdout_rejected,0.0,0.0,0.0,0.0,fpl-2026-27,1.025,79,444102,Evanilson,3,Bournemouth,Forward,6.0,3.115,0.0,3.115,76.26,1.0,2.0,6.0,0.5192,3.115,1,2,6,2.573,0,2.0,6.0,0.0333,0.0033
2026-09-12T05:11:18+00:00,4,2026-09-12T12:30:00Z,player-sim-2.0,player-sim-2.0,player-sim-3.0-candidate,holdout_rejected,0.0,0.0,0.0,0.0,fpl-2026-27,1.025,80,168636,Enes Ünal,3,Bournemouth,Forward,5.5,0.0,0.0,0.0,0.0,0.0,0.0,0.0,0.0,0.0,0,0,0,0.0,0,0,0,0.0,0.0
2026-09-12T05:11:18+00:00,4,2026-09-12T12:30:00Z,player-sim-2.0,player-sim-2.0,player-sim-3.0-candidate,holdout_rejected,0.0,0.0,0.0,0.0,fpl-2026-27,1.025,81,561245,Rodríguez,3,Bournemouth,Forward,6.0,0.74,0.0,0.74,13.45,0.0,0.0,2.0,0.1233,0.74,0,0,2,0.598,0,0,2.0,0.0033,0.0
2026-09-12T05:11:18+00:00,4,2026-09-12T12:30:00Z,player-sim-2.0,player-sim-2.0,player-sim-3.0-candidate,holdout_rejected,0.0,0.0,0.0,0.0,fpl-2026-27,1.0,566,483067,Silva,3,Bournemouth,Defender,5.0,2.35,0.0,2.35,61.77,0.0,2.0,6.0,0.47,2.35,0,2,6,2.433,0,1.0,7.0,0.0267,0.0017
2026-09-12T05:11:18+00:00,4,2026-09-12T12:30:00Z,player-sim-2.0,player-sim-2.0,player-sim-3.0-candidate,holdout_rejected,0.0,0.0,0.0,0.0,fpl-2026-27,1.0,573,494928,Sanchez,3,Bournemouth,Defender,4.5,0.665,0.0,0.665,16.11,0.0,0.0,2.0,0.1478,0.665,0,0,2,0.465,0,0,1.0,0.0033,0.0
2026-09-12T05:11:18+00:00,4,2026-09-12T12:30:00Z,player-sim-2.0,player-sim-2.0,player-sim-3.0-candidate,holdout_rejected,0.0,0.0,0.0,0.0,fpl-2026-27,1.025,608,523700,Jebbison,3,Bournemouth,Forward,5.0,0.463,0.0,0.463,6.14,0.0,0.0,1.0,0.0927,0.463,0,0,1,0.972,0,1.0,2.0,0.005,0.0033
2026-09-12T05:11:18+00:00,4,2026-09-12T12:30:00Z,player-sim-2.0,player-sim-2.0,player-sim-3.0-candidate,holdout_rejected,0.0,0.0,0.0,0.0,fpl-2026-27,1.06,615,230650,Di Gregorio,3,Bournemouth,Goalkeeper,4.5,0.515,0.0,0.515,13.36,0.0,0.0,2.0,0.1144,0.515,0,0,2,0.38,0,0,1.0,0.0017,0.0
2026-09-12T05:11:18+00:00,4,2026-09-12T12:30:00Z,player-sim-2.0,player-sim-2.0,player-sim-3.0-candidate,holdout_rejected,0.0,0.0,0.0,0.0,fpl-2026-27,1.05,82,200720,Kelleher,4,Brentford,Goalkeeper,5.0,3.707,0.0,3.707,87.69,1.0,3.0,7.0,0.7413,3.707,1,3,7,2.53,0,2.0,7.0,0.0067,0.0
2026-09-12T05:11:18+00:00,4,2026-09-12T12:30:00Z,player-sim-2.0,player-sim-2.0,player-sim-3.0-candidate,holdout_rejected,0.0,0.0,0.0,0.0,fpl-2026-27,1.05,83,507433,Valdimarsson,4,Brentford,Goalkeeper,4.5,0.065,0.0,0.065,1.45,0.0,0.0,0.0,0.0144,0.065,0,0,0,0.307,0,0,0,0.0,0.0
2026-09-12T05:11:18+00:00,4,2026-09-12T12:30:00Z,player-sim-2.0,player-sim-2.0,player-sim-3.0-candidate,holdout_rejected,0.0,0.0,0.0,0.0,fpl-2026-27,1.0,84,432830,Collins,4,Brentford,Defender,5.5,0.0,0.0,0.0,0.0,0.0,0.0,0.0,0.0,0.0,0,0,0,0.0,0,0,0,0.0,0.0
2026-09-12T05:11:18+00:00,4,2026-09-12T12:30:00Z,player-sim-2.0,player-sim-2.0,player-sim-3.0-candidate,holdout_rejected,0.0,0.0,0.0,0.0,fpl-2026-27,1.0,85,444765,Van den Berg,4,Brentford,Defender,4.9,0.0,0.0,0.0,0.0,0.0,0.0,0.0,0.0,0.0,0,0,0,0.0,0,0,0,0.0,0.0
2026-09-12T05:11:18+00:00,4,2026-09-12T12:30:00Z,player-sim-2.0,player-sim-2.0,player-sim-3.0-candidate,holdout_rejected,0.0,0.0,0.0,0.0,fpl-2026-27,1.0312,86,249231,Lewis-Potter,4,Brentford,Midfielder,5.5,3.247,0.0,3.247,69.64,1.0,2.0,7.0,0.5903,3.247,1,2,7,3.168,0,3.0,8.0,0.0317,0.0017
2026-09-12T05:11:18+00:00,4,2026-09-12T12:30:00Z,player-sim-2.0,player-sim-2.0,player-sim-3.0-candidate,holdout_rejected,0.0,0.0,0.0,0.0,fpl-2026-27,1.0,87,191866,Ajer,4,Brentford,Defender,4.5,3.09,0.0,3.09,69.29,0.0,2.0,7.0,0.6867,3.09,0,2,7,2.675,0.0,2.0,7.0,0.0133,0.0
2026-09-12T05:11:18+00:00,4,2026-09-12T12:30:00Z,player-sim-2.0,player-sim-2.0,player-sim-3.0-candidate,holdout_rejected,0.0,0.0,0.0,0.0,fpl-2026-27,1.0,88,607464,Kayode,4,Brentford,Defender,4.6,3.31,0.0,3.31,76.96,1.0,2.0,7.0,0.7196,3.31,1,2,7,2.647,0,2.0,7.0,0.0317,0.0017
2026-09-12T05:11:18+00:00,4,2026-09-12T12:30:00Z,player-sim-2.0,player-sim-2.0,player-sim-3.0-candidate,holdout_rejected,0.0,0.0,0.0,0.0,fpl-2026-27,1.0,89,194010,Henry,4,Brentford,Defender,4.5,0.79,0.0,0.79,16.61,0.0,0.0,2.0,0.1756,0.79,0,0,2,0.593,0,0,1.0,0.0033,0.0
2026-09-12T05:11:18+00:00,4,2026-09-12T12:30:00Z,player-sim-2.0,player-sim-2.0,player-sim-3.0-candidate,holdout_rejected,0.0,0.0,0.0,0.0,fpl-2026-27,1.0,90,472713,Hickey,4,Brentford,Defender,4.5,0.88,0.0,0.88,17.58,0.0,1.0,1.0,0.1956,0.88,0,1,1,1.103,0,1.0,2.0,0.0017,0.0
2026-09-12T05:11:18+00:00,4,2026-09-12T12:30:00Z,player-sim-2.0,player-sim-2.0,player-sim-3.0-candidate,holdout_rejected,0.0,0.0,0.0,0.0,fpl-2026-27,1.0,92,570241,Ji-soo,4,Brentford,Defender,4.5,0.683,0.0,0.683,16.24,0.0,0.0,2.0,0.1518,0.683,0,0,2,0.475,0,0,2.0,0.0017,0.0
2026-09-12T05:11:18+00:00,4,2026-09-12T12:30:00Z,player-sim-2.0,player-sim-2.0,player-sim-3.0-candidate,holdout_rejected,0.0,0.0,0.0,0.0,fpl-2026-27,1.0,93,513086,Schuster,4,Brentford,Defender,4.5,1.197,0.0,1.197,28.01,0.0,0.0,4.0,0.2659,1.197,0,0,4,1.122,0,0,4.0,0.0033,0.0
2026-09-12T05:11:18+00:00,4,2026-09-12T12:30:00Z,player-sim-2.0,player-sim-2.0,player-sim-3.0-candidate,holdout_rejected,0.0,0.0,0.0,0.0,fpl-2026-27,1.0312,94,513418,Schade,4,Brentford,Midfielder,6.0,3.903,0.0,3.903,79.65,1.0,3.0,8.0,0.6506,3.903,1,3,8,2.797,0,2.0,7.0,0.045,0.0067
2026-09-12T05:11:18+00:00,4,2026-09-12T12:30:00Z,player-sim-2.0,player-sim-2.0,player-sim-3.0-candidate,holdout_rejected,0.0,0.0,0.0,0.0,fpl-2026-27,1.0312,95,533463,O.Dango,4,Brentford,Midfielder,6.4,2.952,0.0,2.952,51.85,1.0,2.0,7.0,0.4612,2.952,1,2,7,2.213,0,2.0,5.0,0.0233,0.0067
2026-09-12T05:11:18+00:00,4,2026-09-12T12:30:00Z,player-sim-2.0,player-sim-2.0,player-sim-3.0-candidate,holdout_rejected,0.0,0.0,0.0,0.0,fpl-2026-27,1.0312,96,440089,Damsgaard,4,Brentford,Midfielder,5.5,2.907,0.0,2.907,56.34,1.0,2.0,6.0,0.5285,2.907,1,2,6,2.237,0,1.0,5.0,0.02,0.0017
2026-09-12T05:11:18+00:00,4,2026-09-12T12:30:00Z,player-sim-2.0,player-sim-2.0,player-sim-3.0-candidate,holdout_rejected,0.0,0.0,0.0,0.0,fpl-2026-27,1.0312,97,207283,Jensen,4,Brentford,Midfielder,5.4,0.0,0.0,0.0,0.0,0.0,0.0,0.0,0.0,0.0,0,0,0,0.0,0,0,0,0.0,0.0
2026-09-12T05:11:18+00:00,4,2026-09-12T12:30:00Z,player-sim-2.0,player-sim-2.0,player-sim-3.0-candidate,holdout_rejected,0.0,0.0,0.0,0.0,fpl-2026-27,1.0312,98,204580,Janelt,4,Brentford,Midfielder,5.0,2.837,0.0,2.837,65.0,0.0,2.0,6.0,0.5673,2.837,0,2,6,2.537,0,2.0,6.0,0.0233,0.0033
2026-09-12T05:11:18+00:00,4,2026-09-12T12:30:00Z,player-sim-2.0,player-sim-2.0,player-sim-3.0-candidate,holdout_rejected,0.0,0.0,0.0,0.0,fpl-2026-27,1.0312,99,543295,Milambo,4,Brentford,Midfielder,5.0,0.0,0.0,0.0,0.0,0.0,0.0,0.0,0.0,0.0,0,0,0,0.0,0,0,0,0.0,0.0
2026-09-12T05:11:18+00:00,4,2026-09-12T12:30:00Z,player-sim-2.0,player-sim-2.0,player-sim-3.0-candidate,holdout_rejected,0.0,0.0,0.0,0.0,fpl-2026-27,1.0312,100,244858,Carvalho,4,Brentford,Midfielder,5.0,0.033,0.0,0.033,1.07,0.0,0.0,0.0,0.0067,0.033,0,0,0,0.447,0,0,2.0,0.0033,0.0
2026-09-12T05:11:18+00:00,4,2026-09-12T12:30:00Z,player-sim-2.0,player-sim-2.0,player-sim-3.0-candidate,holdout_rejected,0.0,0.0,0.0,0.0,fpl-2026-27,1.0312,102,508395,Yarmoliuk,4,Brentford,Midfielder,4.9,2.028,0.0,2.028,49.53,1.0,1.0,4.0,0.4139,2.028,1,1,4,1.012,0,1.0,2.0,0.0,0.0
2026-09-12T05:11:18+00:00,4,2026-09-12T12:30:00Z,player-sim-2.0,player-sim-2.0,player-sim-3.0-candidate,holdout_rejected,0.0,0.0,0.0,0.0,fpl-2026-27,1.0312,103,183656,Dasilva,4,Brentford,Midfielder,4.9,0.0,0.0,0.0,0.0,0.0,0.0,0.0,0.0,0.0,0,0,0,0.0,0,0,0,0.0,0.0
2026-09-12T05:11:18+00:00,4,2026-09-12T12:30:00Z,player-sim-2.0,player-sim-2.0,player-sim-3.0-candidate,holdout_rejected,0.0,0.0,0.0,0.0,fpl-2026-27,1.0312,105,444180,Anthony,4,Brentford,Midfielder,6.0,2.52,0.0,2.52,55.61,1.0,2.0,6.0,0.42,2.52,1,2,6,1.698,0,1.0,4.0,0.0083,0.0
2026-09-12T05:11:18+00:00,4,2026-09-12T12:30:00Z,player-sim-2.0,player-sim-2.0,player-sim-3.0-candidate,holdout_rejected,0.0,0.0,0.0,0.0,fpl-2026-27,1.025,106,502500,Thiago,4,Brentford,Forward,7.9,4.277,0.0,4.277,86.59,1.0,3.0,9.0,0.5414,4.277,1,3,9,3.547,0,2.0,10.0,0.1083,0.0333
2026-09-12T05:11:18+00:00,4,2026-09-12T12:30:00Z,player-sim-2.0,player-sim-2.0,player-sim-3.0-candidate,holdout_rejected,0.0,0.0,0.0,0.0,fpl-2026-27,1.025,107,593174,Furo,4,Brentford,Forward,4.5,0.0,0.0,0.0,0.0,0.0,0.0,0.0,0.0,0.0,0,0,0,0.48,0,0,2.0,0.005,0.0017
2026-09-12T05:11:18+00:00,4,2026-09-12T12:30:00Z,player-sim-2.0,player-sim-2.0,player-sim-3.0-candidate,holdout_rejected,0.0,0.0,0.0,0.0,fpl-2026-27,1.025,108,75115,Wilson,4,Brentford,Forward,5.5,1.182,0.0,1.182,18.16,0.0,1.0,2.0,0.2149,1.182,0,1,2,1.315,0,1.0,2.0,0.005,0.0033
2026-09-12T05:11:18+00:00,4,2026-09-12T12:30:00Z,player-sim-2.0,player-sim-2.0,player-sim-3.0-candidate,holdout_rejected,0.0,0.0,0.0,0.0,fpl-2026-27,1.0312,565,513545,M.Sangaré,4,Brentford,Midfielder,5.7,2.0,0.0,2.0,47.35,0.0,2.0,5.0,0.3509,2.0,0,2,5,2.398,0,2.0,6.0,0.0167,0.0
2026-09-12T05:11:18+00:00,4,2026-09-12T12:30:00Z,player-sim-2.0,player-sim-2.0,player-sim-3.0-candidate,holdout_rejected,0.0,0.0,0.0,0.0,fpl-2026-27,1.0,620,613804,Diouf,4,Brentford,Defender,4.5,1.973,0.0,1.973,47.37,0.0,1.0,6.0,0.4385,1.973,0,1,6,0.535,0,0,2.0,0.0017,0.0
2026-09-12T05:11:18+00:00,4,2026-09-12T12:30:00Z,player-sim-2.0,player-sim-2.0,player-sim-3.0-candidate,holdout_rejected,0.0,0.0,0.0,0.0,fpl-2026-27,1.05,109,489639,Verbruggen,5,Brighton,Goalkeeper,4.5,3.343,0.0,3.343,88.76,1.0,2.0,7.0,0.743,3.343,1,2,7,2.317,0,2.0,6.0,0.0067,0.0
2026-09-12T05:11:18+00:00,4,2026-09-12T12:30:00Z,player-sim-2.0,player-sim-2.0,player-sim-3.0-candidate,holdout_rejected,0.0,0.0,0.0,0.0,fpl-2026-27,1.05,111,49262,Steele,5,Brighton,Goalkeeper,4.0,0.5,0.0,0.5,11.17,0.0,0.0,2.0,0.125,0.5,0,0,2,0.353,0,0,1.0,0.0,0.0
2026-09-12T05:11:18+00:00,4,2026-09-12T12:30:00Z,player-sim-2.0,player-sim-2.0,player-sim-3.0-candidate,holdout_rejected,0.0,0.0,0.0,0.0,fpl-2026-27,1.0,113,231416,F.Kadıoğlu,5,Brighton,Defender,4.4,2.718,0.0,2.718,65.04,0.0,2.0,6.0,0.6178,2.718,0,2,6,1.82,0,1.0,6.0,0.01,0.0033
2026-09-12T05:11:18+00:00,4,2026-09-12T12:30:00Z,player-sim-2.0,player-sim-2.0,player-sim-3.0-candidate,holdout_rejected,0.0,0.0,0.0,0.0,fpl-2026-27,1.0,114,204120,Boscagli,5,Brighton,Defender,4.5,2.267,0.0,2.267,55.21,0.0,1.0,6.0,0.5037,2.267,0,1,6,2.568,0.0,2.0,6.0,0.0183,0.0
2026-09-12T05:11:18+00:00,4,2026-09-12T12:30:00Z,player-sim-2.0,player-sim-2.0,player-sim-3.0-candidate,holdout_rejected,0.0,0.0,0.0,0.0,fpl-2026-27,1.0,115,465730,De Cuyper,5,Brighton,Defender,4.8,3.715,0.0,3.715,60.78,0.0,2.0,9.0,0.774,3.715,0,2,9,3.842,0,2.0,10.0,0.1017,0.025
2026-09-12T05:11:18+00:00,4,2026-09-12T12:30:00Z,player-sim-2.0,player-sim-2.0,player-sim-3.0-candidate,holdout_rejected,0.0,0.0,0.0,0.0,fpl-2026-27,1.0,116,83299,Dunk,5,Brighton,Defender,4.5,3.203,0.0,3.203,82.91,1.0,2.0,7.0,0.7118,3.203,1,2,7,2.242,0,1.0,6.0,0.01,0.0
2026-09-12T05:11:18+00:00,4,2026-09-12T12:30:00Z,player-sim-2.0,player-sim-2.0,player-sim-3.0-candidate,holdout_rejected,0.0,0.0,0.0,0.0,fpl-2026-27,1.0,117,550090,Coppola,5,Brighton,Defender,4.5,0.082,0.0,0.082,2.16,0.0,0.0,0.0,0.0182,0.082,0,0,0,0.563,0,0,2.0,0.0033,0.0
2026-09-12T05:11:18+00:00,4,2026-09-12T12:30:00Z,player-sim-2.0,player-sim-2.0,player-sim-3.0-candidate,holdout_rejected,0.0,0.0,0.0,0.0,fpl-2026-27,1.0,118,223434,Igor,5,Brighton,Defender,4.5,0.0,0.0,0.0,0.0,0.0,0.0,0.0,0.0,0.0,0,0,0,0.0,0,0,0,0.0,0.0
2026-09-12T05:11:18+00:00,4,2026-09-12T12:30:00Z,player-sim-2.0,player-sim-2.0,player-sim-3.0-candidate,holdout_rejected,0.0,0.0,0.0,0.0,fpl-2026-27,1.0,119,451490,Costinha,5,Brighton,Defender,4.5,1.17,0.0,1.17,21.82,0.0,1.0,2.0,0.26,1.17,0,1,2,1.195,0,1.0,2.0,0.0067,0.0
2026-09-12T05:11:18+00:00,4,2026-09-12T12:30:00Z,player-sim-2.0,player-sim-2.0,player-sim-3.0-candidate,holdout_rejected,0.0,0.0,0.0,0.0,fpl-2026-27,1.0,120,454490,Svoboda,5,Brighton,Defender,5.0,0.497,0.0,0.497,13.01,0.0,0.0,2.0,0.0993,0.497,0,0,2,0.528,0,0,1.0,0.0017,0.0017
2026-09-12T05:11:18+00:00,4,2026-09-12T12:30:00Z,player-sim-2.0,player-sim-2.0,player-sim-3.0-candidate,holdout_rejected,0.0,0.0,0.0,0.0,fpl-2026-27,1.0312,121,451340,Mitoma,5,Brighton,Midfielder,5.9,0.0,0.0,0.0,0.0,0.0,0.0,0.0,0.0,0.0,0,0,0,0.0,0,0,0,0.0,0.0
2026-09-12T05:11:18+00:00,4,2026-09-12T12:30:00Z,player-sim-2.0,player-sim-2.0,player-sim-3.0-candidate,holdout_rejected,0.0,0.0,0.0,0.0,fpl-2026-27,1.0312,122,592031,Minteh,5,Brighton,Midfielder,5.9,0.0,0.0,0.0,0.0,0.0,0.0,0.0,0.0,0.0,0,0,0,0.0,0,0,0,0.0,0.0
2026-09-12T05:11:18+00:00,4,2026-09-12T12:30:00Z,player-sim-2.0,player-sim-2.0,player-sim-3.0-candidate,holdout_rejected,0.0,0.0,0.0,0.0,fpl-2026-27,1.0312,123,532529,Hinshelwood,5,Brighton,Midfielder,6.0,0.0,0.0,0.0,0.0,0.0,0.0,0.0,0.0,0.0,0,0,0,0.0,0,0,0,0.0,0.0
2026-09-12T05:11:18+00:00,4,2026-09-12T12:30:00Z,player-sim-2.0,player-sim-2.0,player-sim-3.0-candidate,holdout_rejected,0.0,0.0,0.0,0.0,fpl-2026-27,1.0312,124,60307,Groß,5,Brighton,Midfielder,5.6,3.06,0.0,3.06,67.42,0.0,2.0,7.0,0.5464,3.06,0,2,7,3.112,0,2.0,8.0,0.0517,0.0
2026-09-12T05:11:18+00:00,4,2026-09-12T12:30:00Z,player-sim-2.0,player-sim-2.0,player-sim-3.0-candidate,holdout_rejected,0.0,0.0,0.0,0.0,fpl-2026-27,1.025,125,463067,Georginio,5,Brighton,Forward,5.4,1.112,0.0,1.112,29.33,0.0,0.0,3.0,0.2059,1.112,0,0,3,0.67,0,0,2.0,0.0033,0.0
2026-09-12T05:11:18+00:00,4,2026-09-12T12:30:00Z,player-sim-2.0,player-sim-2.0,player-sim-3.0-candidate,holdout_rejected,0.0,0.0,0.0,0.0,fpl-2026-27,1.0312,126,219249,O'Riley,5,Brighton,Midfielder,5.5,0.105,0.0,0.105,2.7,0.0,0.0,0.0,0.0191,0.105,0,0,0,0.435,0,0,1.0,0.0033,0.0017
2026-09-12T05:11:18+00:00,4,2026-09-12T12:30:00Z,player-sim-2.0,player-sim-2.0,player-sim-3.0-candidate,holdout_rejected,0.0,0.0,0.0,0.0,fpl-2026-27,1.0312,127,514254,Gomez,5,Brighton,Midfielder,5.0,3.592,0.0,3.592,71.94,1.0,3.0,8.0,0.7183,3.592,1,3,8,2.848,0,2.0,7.0,0.03,0.005
2026-09-12T05:11:18+00:00,4,2026-09-12T12:30:00Z,player-sim-2.0,player-sim-2.0,player-sim-3.0-candidate,holdout_rejected,0.0,0.0,0.0,0.0,fpl-2026-27,1.0312,128,536916,Buonanotte,5,Brighton,Midfielder,5.0,0.0,0.0,0.0,0.0,0.0,0.0,0.0,0.0,0.0,0,0,0,0.0,0,0,0,0.0,0.0
2026-09-12T05:11:18+00:00,4,2026-09-12T12:30:00Z,player-sim-2.0,player-sim-2.0,player-sim-3.0-candidate,holdout_rejected,0.0,0.0,0.0,0.0,fpl-2026-27,1.0312,129,509416,Ayari,5,Brighton,Midfielder,5.4,2.182,0.0,2.182,51.23,0.0,2.0,5.0,0.404,2.182,0,2,5,1.552,0,1.0,4.0,0.0067,0.0
2026-09-12T05:11:18+00:00,4,2026-09-12T12:30:00Z,player-sim-2.0,player-sim-2.0,player-sim-3.0-candidate,holdout_rejected,0.0,0.0,0.0,0.0,fpl-2026-27,1.0,130,467779,Wieffer,5,Brighton,Defender,5.0,0.0,0.0,0.0,0.0,0.0,0.0,0.0,0.0,0.0,0,0,0,0.0,0,0,0,0.0,0.0
2026-09-12T05:11:18+00:00,4,2026-09-12T12:30:00Z,player-sim-2.0,player-sim-2.0,player-sim-3.0-candidate,holdout_rejected,0.0,0.0,0.0,0.0,fpl-2026-27,1.0312,132,597320,Howell,5,Brighton,Midfielder,4.5,0.0,0.0,0.0,0.0,0.0,0.0,0.0,0.0,0.0,0,0,0,0.0,0,0,0,0.0,0.0
2026-09-12T05:11:18+00:00,4,2026-09-12T12:30:00Z,player-sim-2.0,player-sim-2.0,player-sim-3.0-candidate,holdout_rejected,0.0,0.0,0.0,0.0,fpl-2026-27,1.0312,133,549074,Watson,5,Brighton,Midfielder,5.0,0.0,0.0,0.0,0.0,0.0,0.0,0.0,0.0,0.0,0,0,0,0.0,0,0,0,0.0,0.0
2026-09-12T05:11:18+00:00,4,2026-09-12T12:30:00Z,player-sim-2.0,player-sim-2.0,player-sim-3.0-candidate,holdout_rejected,0.0,0.0,0.0,0.0,fpl-2026-27,1.0312,134,556637,Oriola,5,Brighton,Midfielder,4.5,0.0,0.0,0.0,0.0,0.0,0.0,0.0,0.0,0.0,0,0,0,0.418,0,0,2.0,0.0017,0.0
2026-09-12T05:11:18+00:00,4,2026-09-12T12:30:00Z,player-sim-2.0,player-sim-2.0,player-sim-3.0-candidate,holdout_rejected,0.0,0.0,0.0,0.0,fpl-2026-27,1.0312,135,700308,Yohanna,5,Brighton,Midfielder,4.9,0.0,0.0,0.0,0.0,0.0,0.0,0.0,0.0,0.0,0,0,0,0.0,0,0,0,0.0,0.0
2026-09-12T05:11:18+00:00,4,2026-09-12T12:30:00Z,player-sim-2.0,player-sim-2.0,player-sim-3.0-candidate,holdout_rejected,0.0,0.0,0.0,0.0,fpl-2026-27,1.025,137,608181,Tzimas,5,Brighton,Forward,5.5,0.0,0.0,0.0,0.0,0.0,0.0,0.0,0.0,0.0,0,0,0,0.0,0,0,0,0.0,0.0
2026-09-12T05:11:18+00:00,4,2026-09-12T12:30:00Z,player-sim-2.0,player-sim-2.0,player-sim-3.0-candidate,holdout_rejected,0.0,0.0,0.0,0.0,fpl-2026-27,1.025,138,647850,Kostoulas,5,Brighton,Forward,5.5,1.663,0.0,1.663,34.81,0.0,1.0,5.0,0.3024,1.663,0,1,5,2.163,0,1.0,6.0,0.025,0.0017
2026-09-12T05:11:18+00:00,4,2026-09-12T12:30:00Z,player-sim-2.0,player-sim-2.0,player-sim-3.0-candidate,holdout_rejected,0.0,0.0,0.0,0.0,fpl-2026-27,1.025,139,487117,Ferguson,5,Brighton,Forward,5.0,0.0,0.0,0.0,0.0,0.0,0.0,0.0,0.0,0.0,0,0,0,0.0,0,0,0,0.0,0.0
2026-09-12T05:11:18+00:00,4,2026-09-12T12:30:00Z,player-sim-2.0,player-sim-2.0,player-sim-3.0-candidate,holdout_rejected,0.0,0.0,0.0,0.0,fpl-2026-27,1.0,328,222694,Struijk,5,Brighton,Defender,5.0,2.002,0.0,2.002,38.59,0.0,1.0,6.0,0.4003,2.002,0,1,6,0.91,0,0,2.0,0.0117,0.0
2026-09-12T05:11:18+00:00,4,2026-09-12T12:30:00Z,player-sim-2.0,player-sim-2.0,player-sim-3.0-candidate,holdout_rejected,0.0,0.0,0.0,0.0,fpl-2026-27,1.0,504,610799,Vuskovic,5,Brighton,Defender,5.0,2.653,0.0,2.653,59.7,0.0,2.0,7.0,0.5307,2.653,0,2,7,2.882,0,2.0,7.0,0.0283,0.0033
2026-09-12T05:11:18+00:00,4,2026-09-12T12:30:00Z,player-sim-2.0,player-sim-2.0,player-sim-3.0-candidate,holdout_rejected,0.0,0.0,0.0,0.0,fpl-2026-27,1.025,594,538007,David,5,Brighton,Forward,6.0,0.915,0.0,0.915,16.58,0.0,1.0,2.0,0.1525,0.915,0,1,2,0.965,0,1.0,2.0,0.0067,0.0
2026-09-12T05:11:18+00:00,4,2026-09-12T12:30:00Z,player-sim-2.0,player-sim-2.0,player-sim-3.0-candidate,holdout_rejected,0.0,0.0,0.0,0.0,fpl-2026-27,1.0312,600,612855,Osman,5,Brighton,Midfielder,5.0,0.922,0.0,0.922,18.87,0.0,1.0,2.0,0.1843,0.922,0,1,2,0.93,0,1.0,2.0,0.0017,0.0
2026-09-12T05:11:18+00:00,4,2026-09-12T12:30:00Z,player-sim-2.0,player-sim-2.0,player-sim-3.0-candidate,holdout_rejected,0.0,0.0,0.0,0.0,fpl-2026-27,1.0312,605,611695,Yalcouyé,5,Brighton,Midfielder,4.5,1.948,0.0,1.948,42.05,0.0,1.0,5.0,0.433,1.948,0,1,5,2.33,0,2.0,7.0,0.0183,0.0
2026-09-12T05:11:18+00:00,4,2026-09-12T12:30:00Z,player-sim-2.0,player-sim-2.0,player-sim-3.0-candidate,holdout_rejected,0.0,0.0,0.0,0.0,fpl-2026-27,1.0,614,512123,Hadjam,5,Brighton,Defender,4.5,0.878,0.0,0.878,20.41,0.0,0.0,4.0,0.1952,0.878,0,0,4,0.528,0,0,2.0,0.0,0.0
2026-09-12T05:11:18+00:00,4,2026-09-12T12:30:00Z,player-sim-2.0,player-sim-2.0,player-sim-3.0-candidate,holdout_rejected,0.0,0.0,0.0,0.0,fpl-2026-27,1.0375,624,519324,Cozier-Duberry,5,Brighton,Midfielder,5.0,0.0,0.0,0.0,0.0,0.0,0.0,0.0,0.0,0.0,0,0,0,0.0,0,0,0,0.0,0.0
2026-09-12T05:11:18+00:00,4,2026-09-12T12:30:00Z,player-sim-2.0,player-sim-2.0,player-sim-3.0-candidate,holdout_rejected,0.0,0.0,0.0,0.0,fpl-2026-27,1.0437,639,592984,Andrés,5,Brighton,Midfielder,5.5,0.96,0.0,0.96,23.47,0.0,0.0,3.0,0.1745,0.96,0,0,3,0.748,0,0,2.0,0.0033,0.0
2026-09-12T05:11:18+00:00,4,2026-09-12T12:30:00Z,player-sim-2.0,player-sim-2.0,player-sim-3.0-candidate,holdout_rejected,0.0,0.0,0.0,0.0,fpl-2026-27,1.0437,652,471551,Azeez,5,Brighton,Midfielder,5.5,0.71,0.0,0.71,19.28,0.0,0.0,2.0,0.1291,0.71,0,0,2,0.463,0,0,2.0,0.0,0.0
2026-09-12T05:11:18+00:00,4,2026-09-12T12:30:00Z,player-sim-2.0,player-sim-2.0,player-sim-3.0-candidate,holdout_rejected,0.0,0.0,0.0,0.0,fpl-2026-27,1.05,28,98980,Martinez,6,Chelsea,Goalkeeper,5.0,3.448,0.0,3.448,65.61,0.0,3.0,7.0,0.6897,3.448,0,3,7,2.07,0,1.0,7.0,0.0033,0.0
2026-09-12T05:11:18+00:00,4,2026-09-12T12:30:00Z,player-sim-2.0,player-sim-2.0,player-sim-3.0-candidate,holdout_rejected,0.0,0.0,0.0,0.0,fpl-2026-27,1.0312,40,244850,Rogers,6,Chelsea,Midfielder,7.6,4.518,0.0,4.518,85.47,2.0,3.0,8.0,0.5945,4.518,2,3,8,3.545,0,2.0,8.0,0.075,0.0133
2026-09-12T05:11:18+00:00,4,2026-09-12T12:30:00Z,player-sim-2.0,player-sim-2.0,player-sim-3.0-candidate,holdout_rejected,0.0,0.0,0.0,0.0,fpl-2026-27,1.0312,101,56979,Henderson,6,Chelsea,Midfielder,4.9,0.0,0.0,0.0,0.0,0.0,0.0,0.0,0.0,0.0,0,0,0,0.0,0,0,0,0.0,0.0
2026-09-12T05:11:18+00:00,4,2026-09-12T12:30:00Z,player-sim-2.0,player-sim-2.0,player-sim-3.0-candidate,holdout_rejected,0.0,0.0,0.0,0.0,fpl-2026-27,1.025,136,50175,Welbeck,6,Chelsea,Forward,5.9,1.937,0.0,1.937,31.43,0.0,1.0,6.0,0.3283,1.937,0,1,6,0.783,0,0,2.0,0.0083,0.0
2026-09-12T05:11:18+00:00,4,2026-09-12T12:30:00Z,player-sim-2.0,player-sim-2.0,player-sim-3.0-candidate,holdout_rejected,0.0,0.0,0.0,0.0,fpl-2026-27,1.05,140,215059,Sánchez,6,Chelsea,Goalkeeper,4.9,0.0,0.0,0.0,0.0,0.0,0.0,0.0,0.0,0.0,0,0,0,0.0,0,0,0,0.0,0.0
2026-09-12T05:11:18+00:00,4,2026-09-12T12:30:00Z,player-sim-2.0,player-sim-2.0,player-sim-3.0-candidate,holdout_rejected,0.0,0.0,0.0,0.0,fpl-2026-27,1.05,141,508479,Jörgensen,6,Chelsea,Goalkeeper,5.0,0.0,0.0,0.0,0.0,0.0,0.0,0.0,0.0,0.0,0,0,0,0.0,0,0,0,0.0,0.0
2026-09-12T05:11:18+00:00,4,2026-09-12T12:30:00Z,player-sim-2.0,player-sim-2.0,player-sim-3.0-candidate,holdout_rejected,0.0,0.0,0.0,0.0,fpl-2026-27,1.0,142,225796,James,6,Chelsea,Defender,5.4,2.792,0.0,2.792,58.0,1.0,2.0,7.0,0.517,2.792,1,2,7,2.243,0,1.0,6.0,0.0183,0.0033
2026-09-12T05:11:18+00:00,4,2026-09-12T12:30:00Z,player-sim-2.0,player-sim-2.0,player-sim-3.0-candidate,holdout_rejected,0.0,0.0,0.0,0.0,fpl-2026-27,1.0,143,180736,Chalobah,6,Chelsea,Defender,5.5,0.0,0.0,0.0,0.0,0.0,0.0,0.0,0.0,0.0,0,0,0,0.0,0,0,0,0.0,0.0
2026-09-12T05:11:18+00:00,4,2026-09-12T12:30:00Z,player-sim-2.0,player-sim-2.0,player-sim-3.0-candidate,holdout_rejected,0.0,0.0,0.0,0.0,fpl-2026-27,1.0,144,482609,Gusto,6,Chelsea,Defender,5.0,3.042,0.0,3.042,60.91,1.0,2.0,7.0,0.6083,3.042,1,2,7,2.363,0,1.0,6.0,0.0183,0.0
2026-09-12T05:11:18+00:00,4,2026-09-12T12:30:00Z,player-sim-2.0,player-sim-2.0,player-sim-3.0-candidate,holdout_rejected,0.0,0.0,0.0,0.0,fpl-2026-27,1.0,145,444463,Fofana,6,Chelsea,Defender,5.0,2.485,0.0,2.485,49.36,0.0,1.0,7.0,0.497,2.485,0,1,7,2.237,0,1.0,7.0,0.0083,0.0
2026-09-12T05:11:18+00:00,4,2026-09-12T12:30:00Z,player-sim-2.0,player-sim-2.0,player-sim-3.0-candidate,holdout_rejected,0.0,0.0,0.0,0.0,fpl-2026-27,1.0,146,242880,B.Badiashile,6,Chelsea,Defender,4.5,0.0,0.0,0.0,0.0,0.0,0.0,0.0,0.0,0.0,0,0,0,0.0,0,0,0,0.0,0.0
2026-09-12T05:11:18+00:00,4,2026-09-12T12:30:00Z,player-sim-2.0,player-sim-2.0,player-sim-3.0-candidate,holdout_rejected,0.0,0.0,0.0,0.0,fpl-2026-27,1.0,148,551210,Hato,6,Chelsea,Defender,4.5,2.387,0.0,2.387,52.12,0.0,2.0,6.0,0.5304,2.387,0,2,6,2.66,0,2.0,6.0,0.0067,0.0
2026-09-12T05:11:18+00:00,4,2026-09-12T12:30:00Z,player-sim-2.0,player-sim-2.0,player-sim-3.0-candidate,holdout_rejected,0.0,0.0,0.0,0.0,fpl-2026-27,1.0,149,460028,Colwill,6,Chelsea,Defender,4.9,1.46,0.0,1.46,29.23,0.0,0.0,6.0,0.298,1.46,0,0,6,1.897,0,1.0,6.0,0.01,0.0
2026-09-12T05:11:18+00:00,4,2026-09-12T12:30:00Z,player-sim-2.0,player-sim-2.0,player-sim-3.0-candidate,holdout_rejected,0.0,0.0,0.0,0.0,fpl-2026-27,1.0,150,574458,M.Sarr,6,Chelsea,Defender,4.5,0.0,0.0,0.0,0.0,0.0,0.0,0.0,0.0,0.0,0,0,0,0.0,0,0,0,0.0,0.0
2026-09-12T05:11:18+00:00,4,2026-09-12T12:30:00Z,player-sim-2.0,player-sim-2.0,player-sim-3.0-candidate,holdout_rejected,0.0,0.0,0.0,0.0,fpl-2026-27,1.0,151,577016,Acheampong,6,Chelsea,Defender,4.5,2.125,0.0,2.125,41.5,0.0,1.0,6.0,0.4722,2.125,0,1,6,2.4,0,1.0,7.0,0.0133,0.0017
2026-09-12T05:11:18+00:00,4,2026-09-12T12:30:00Z,player-sim-2.0,player-sim-2.0,player-sim-3.0-candidate,holdout_rejected,0.0,0.0,0.0,0.0,fpl-2026-27,1.0,152,620109,Palestra,6,Chelsea,Defender,5.4,0.0,0.0,0.0,0.0,0.0,0.0,0.0,0.0,0.0,0,0,0,0.0,0,0,0,0.0,0.0
2026-09-12T05:11:18+00:00,4,2026-09-12T12:30:00Z,player-sim-2.0,player-sim-2.0,player-sim-3.0-candidate,holdout_rejected,0.0,0.0,0.0,0.0,fpl-2026-27,1.0312,154,244851,Palmer,6,Chelsea,Midfielder,9.7,4.345,0.0,4.345,69.33,1.0,3.0,9.0,0.4479,4.345,1,3,9,3.693,0,2.0,9.0,0.085,0.03
2026-09-12T05:11:18+00:00,4,2026-09-12T12:30:00Z,player-sim-2.0,player-sim-2.0,player-sim-3.0-candidate,holdout_rejected,0.0,0.0,0.0,0.0,fpl-2026-27,1.0312,156,247632,Neto,6,Chelsea,Midfielder,6.5,3.137,0.0,3.137,59.85,1.0,2.0,7.0,0.4826,3.137,1,2,7,2.348,0,1.0,6.0,0.025,0.0033
2026-09-12T05:11:18+00:00,4,2026-09-12T12:30:00Z,player-sim-2.0,player-sim-2.0,player-sim-3.0-candidate,holdout_rejected,0.0,0.0,0.0,0.0,fpl-2026-27,1.0312,157,624773,Estêvão,6,Chelsea,Midfielder,6.4,0.788,0.0,0.788,15.18,0.0,1.0,1.0,0.1232,0.788,0,1,1,1.095,0,1.0,3.0,0.01,0.0
2026-09-12T05:11:18+00:00,4,2026-09-12T12:30:00Z,player-sim-2.0,player-sim-2.0,player-sim-3.0-candidate,holdout_rejected,0.0,0.0,0.0,0.0,fpl-2026-27,1.0312,158,463936,Gittens,6,Chelsea,Midfielder,5.9,0.295,0.0,0.295,6.98,0.0,0.0,1.0,0.05,0.295,0,0,1,0.468,0,0,2.0,0.0017,0.0
2026-09-12T05:11:18+00:00,4,2026-09-12T12:30:00Z,player-sim-2.0,player-sim-2.0,player-sim-3.0-candidate,holdout_rejected,0.0,0.0,0.0,0.0,fpl-2026-27,1.0312,159,486672,Caicedo,6,Chelsea,Midfielder,5.4,0.0,0.0,0.0,0.0,0.0,0.0,0.0,0.0,0.0,0,0,0,0.0,0,0,0,0.0,0.0
2026-09-12T05:11:18+00:00,4,2026-09-12T12:30:00Z,player-sim-2.0,player-sim-2.0,player-sim-3.0-candidate,holdout_rejected,0.0,0.0,0.0,0.0,fpl-2026-27,1.0312,161,514356,Lavia,6,Chelsea,Midfielder,5.0,1.742,0.0,1.742,37.91,0.0,2.0,3.0,0.3483,1.742,0,2,3,2.683,0,2.0,7.0,0.01,0.0017
2026-09-12T05:11:18+00:00,4,2026-09-12T12:30:00Z,player-sim-2.0,player-sim-2.0,player-sim-3.0-candidate,holdout_rejected,0.0,0.0,0.0,0.0,fpl-2026-27,1.0312,163,491007,D.Essugo,6,Chelsea,Midfielder,4.5,0.0,0.0,0.0,0.0,0.0,0.0,0.0,0.0,0.0,0,0,0,0.0,0,0,0,0.0,0.0
2026-09-12T05:11:18+00:00,4,2026-09-12T12:30:00Z,player-sim-2.0,player-sim-2.0,player-sim-3.0-candidate,holdout_rejected,0.0,0.0,0.0,0.0,fpl-2026-27,1.0312,164,593117,Quenda,6,Chelsea,Midfielder,5.4,0.733,0.0,0.733,15.54,0.0,0.0,2.0,0.1358,0.733,0,0,2,0.803,0,0,2.0,0.0033,0.0
2026-09-12T05:11:18+00:00,4,2026-09-12T12:30:00Z,player-sim-2.0,player-sim-2.0,player-sim-3.0-candidate,holdout_rejected,0.0,0.0,0.0,0.0,fpl-2026-27,1.025,165,475168,João Pedro,6,Chelsea,Forward,7.7,4.518,0.0,4.518,79.35,1.0,4.0,9.0,0.5868,4.518,1,4,9,3.495,0,2.0,9.0,0.0833,0.0267
2026-09-12T05:11:18+00:00,4,2026-09-12T12:30:00Z,player-sim-2.0,player-sim-2.0,player-sim-3.0-candidate,holdout_rejected,0.0,0.0,0.0,0.0,fpl-2026-27,1.025,168,499309,Marc Guiu,6,Chelsea,Forward,5.0,0.0,0.0,0.0,0.0,0.0,0.0,0.0,0.0,0.0,0,0,0,0.0,0,0,0,0.0,0.0
2026-09-12T05:11:18+00:00,4,2026-09-12T12:30:00Z,player-sim-2.0,player-sim-2.0,player-sim-3.0-candidate,holdout_rejected,0.0,0.0,0.0,0.0,fpl-2026-27,1.025,169,567119,Mheuka,6,Chelsea,Forward,4.5,0.002,0.0,0.002,0.04,0.0,0.0,0.0,0.0004,0.002,0,0,0,0.383,0,0,1.0,0.0,0.0
2026-09-12T05:11:18+00:00,4,2026-09-12T12:30:00Z,player-sim-2.0,player-sim-2.0,player-sim-3.0-candidate,holdout_rejected,0.0,0.0,0.0,0.0,fpl-2026-27,1.025,170,503037,Emegha,6,Chelsea,Forward,5.0,0.0,0.0,0.0,0.0,0.0,0.0,0.0,0.0,0.0,0,0,0,0.0,0,0,0,0.0,0.0
2026-09-12T05:11:18+00:00,4,2026-09-12T12:30:00Z,player-sim-2.0,player-sim-2.0,player-sim-3.0-candidate,holdout_rejected,0.0,0.0,0.0,0.0,fpl-2026-27,1.0,200,437499,Lacroix,6,Chelsea,Defender,6.0,4.585,0.0,4.585,85.84,1.0,4.0,8.0,0.7642,4.585,1,4,8,3.265,0,3.0,8.0,0.0283,0.0017
2026-09-12T05:11:18+00:00,4,2026-09-12T12:30:00Z,player-sim-2.0,player-sim-2.0,player-sim-3.0-candidate,holdout_rejected,0.0,0.0,0.0,0.0,fpl-2026-27,1.05,560,549939,Penders,6,Chelsea,Goalkeeper,4.4,0.63,0.0,0.63,13.46,0.0,0.0,2.0,0.1432,0.63,0,0,2,0.427,0,0,2.0,0.0,0.0
2026-09-12T05:11:18+00:00,4,2026-09-12T12:30:00Z,player-sim-2.0,player-sim-2.0,player-sim-3.0-candidate,holdout_rejected,0.0,0.0,0.0,0.0,fpl-2026-27,1.0,561,622758,Anselmino,6,Chelsea,Defender,4.5,0.63,0.0,0.63,14.04,0.0,0.0,2.0,0.14,0.63,0,0,2,0.505,0,0,1.0,0.0017,0.0
2026-09-12T05:11:18+00:00,4,2026-09-12T12:30:00Z,player-sim-2.0,player-sim-2.0,player-sim-3.0-candidate,holdout_rejected,0.0,0.0,0.0,0.0,fpl-2026-27,1.0312,568,543158,Barco,6,Chelsea,Midfielder,5.5,0.823,0.0,0.823,15.88,0.0,0.0,2.0,0.1497,0.823,0,0,2,0.615,0,0,2.0,0.0,0.0
2026-09-12T05:11:18+00:00,4,2026-09-12T12:30:00Z,player-sim-2.0,player-sim-2.0,player-sim-3.0-candidate,holdout_rejected,0.0,0.0,0.0,0.0,fpl-2026-27,1.0,583,498444,Chavarria,6,Chelsea,Defender,4.9,1.292,0.0,1.292,23.96,0.0,1.0,3.0,0.2636,1.292,0,1,3,1.052,0,1.0,2.0,0.0017,0.0
2026-09-12T05:11:18+00:00,4,2026-09-12T12:30:00Z,player-sim-2.0,player-sim-2.0,player-sim-3.0-candidate,holdout_rejected,0.0,0.0,0.0,0.0,fpl-2026-27,1.0,91,231065,Pinnock,7,Coventry City,Defender,4.5,0.825,0.0,0.825,19.6,0.0,0.0,2.0,0.1833,0.825,0,0,2,1.393,0,1.0,5.0,0.01,0.0
2026-09-12T05:11:18+00:00,4,2026-09-12T12:30:00Z,player-sim-2.0,player-sim-2.0,player-sim-3.0-candidate,holdout_rejected,0.0,0.0,0.0,0.0,fpl-2026-27,1.0312,104,428580,Onyeka,7,Coventry City,Midfielder,4.9,0.912,0.0,0.912,25.57,0.0,0.0,3.0,0.1861,0.912,0,0,3,1.39,0,1.0,3.0,0.0083,0.0
2026-09-12T05:11:18+00:00,4,2026-09-12T12:30:00Z,player-sim-2.0,player-sim-2.0,player-sim-3.0-candidate,holdout_rejected,0.0,0.0,0.0,0.0,fpl-2026-27,1.05,110,472739,Rushworth,7,Coventry City,Goalkeeper,4.5,2.002,0.0,2.002,55.57,0.0,1.0,6.0,0.4448,2.002,0,1,6,2.115,0,2.0,6.0,0.0033,0.0
2026-09-12T05:11:18+00:00,4,2026-09-12T12:30:00Z,player-sim-2.0,player-sim-2.0,player-sim-3.0-candidate,holdout_rejected,0.0,0.0,0.0,0.0,fpl-2026-27,1.05,171,484389,Dovin,7,Coventry City,Goalkeeper,4.0,0.0,0.0,0.0,0.0,0.0,0.0,0.0,0.0,0.0,0,0,0,0.0,0,0,0,0.0,0.0
2026-09-12T05:11:18+00:00,4,2026-09-12T12:30:00Z,player-sim-2.0,player-sim-2.0,player-sim-3.0-candidate,holdout_rejected,0.0,0.0,0.0,0.0,fpl-2026-27,1.05,172,110690,Wilson,7,Coventry City,Goalkeeper,4.5,0.395,0.0,0.395,10.65,0.0,0.0,2.0,0.0878,0.395,0,0,2,0.262,0,0,1.0,0.0,0.0
2026-09-12T05:11:18+00:00,4,2026-09-12T12:30:00Z,player-sim-2.0,player-sim-2.0,player-sim-3.0-candidate,holdout_rejected,0.0,0.0,0.0,0.0,fpl-2026-27,1.0,173,461102,Thomas,7,Coventry City,Defender,4.0,2.46,0.0,2.46,57.32,0.0,2.0,6.0,0.615,2.46,0,2,6,2.597,0,2.0,7.0,0.02,0.005
2026-09-12T05:11:18+00:00,4,2026-09-12T12:30:00Z,player-sim-2.0,player-sim-2.0,player-sim-3.0-candidate,holdout_rejected,0.0,0.0,0.0,0.0,fpl-2026-27,1.0,174,436761,Kitching,7,Coventry City,Defender,4.0,0.0,0.0,0.0,0.0,0.0,0.0,0.0,0.0,0.0,0,0,0,0.0,0,0,0,0.0,0.0
2026-09-12T05:11:18+00:00,4,2026-09-12T12:30:00Z,player-sim-2.0,player-sim-2.0,player-sim-3.0-candidate,holdout_rejected,0.0,0.0,0.0,0.0,fpl-2026-27,1.0,175,451284,van Ewijk,7,Coventry City,Defender,4.0,2.003,0.0,2.003,56.48,0.0,1.0,6.0,0.5008,2.003,0,1,6,2.362,0,1.0,6.0,0.0133,0.0
2026-09-12T05:11:18+00:00,4,2026-09-12T12:30:00Z,player-sim-2.0,player-sim-2.0,player-sim-3.0-candidate,holdout_rejected,0.0,0.0,0.0,0.0,fpl-2026-27,1.0,176,173878,Dasilva,7,Coventry City,Defender,4.0,2.142,0.0,2.142,58.03,0.0,1.0,6.0,0.5354,2.142,0,1,6,2.308,0,1.0,6.0,0.0117,0.0
2026-09-12T05:11:18+00:00,4,2026-09-12T12:30:00Z,player-sim-2.0,player-sim-2.0,player-sim-3.0-candidate,holdout_rejected,0.0,0.0,0.0,0.0,fpl-2026-27,1.0,177,465390,Kesler-Hayden,7,Coventry City,Defender,4.0,0.0,0.0,0.0,0.0,0.0,0.0,0.0,0.0,0.0,0,0,0,0.0,0,0,0,0.0,0.0
2026-09-12T05:11:18+00:00,4,2026-09-12T12:30:00Z,player-sim-2.0,player-sim-2.0,player-sim-3.0-candidate,holdout_rejected,0.0,0.0,0.0,0.0,fpl-2026-27,1.0,178,80178,Bidwell,7,Coventry City,Defender,4.0,0.562,0.0,0.562,13.29,0.0,0.0,2.0,0.1404,0.562,0,0,2,0.307,0,0,1.0,0.0,0.0
2026-09-12T05:11:18+00:00,4,2026-09-12T12:30:00Z,player-sim-2.0,player-sim-2.0,player-sim-3.0-candidate,holdout_rejected,0.0,0.0,0.0,0.0,fpl-2026-27,1.0,179,204813,Latibeaudiere,7,Coventry City,Defender,4.0,0.497,0.0,0.497,13.55,0.0,0.0,1.0,0.1242,0.497,0,0,1,0.452,0,0,1.0,0.0033,0.0
2026-09-12T05:11:18+00:00,4,2026-09-12T12:30:00Z,player-sim-2.0,player-sim-2.0,player-sim-3.0-candidate,holdout_rejected,0.0,0.0,0.0,0.0,fpl-2026-27,1.0,180,220583,Woolfenden,7,Coventry City,Defender,4.0,0.0,0.0,0.0,0.0,0.0,0.0,0.0,0.0,0.0,0,0,0,0.0,0,0,0,0.0,0.0
2026-09-12T05:11:18+00:00,4,2026-09-12T12:30:00Z,player-sim-2.0,player-sim-2.0,player-sim-3.0-candidate,holdout_rejected,0.0,0.0,0.0,0.0,fpl-2026-27,1.0,181,577411,Brau,7,Coventry City,Defender,4.0,0.0,0.0,0.0,0.0,0.0,0.0,0.0,0.0,0.0,0,0,0,0.0,0,0,0,0.0,0.0
2026-09-12T05:11:18+00:00,4,2026-09-12T12:30:00Z,player-sim-2.0,player-sim-2.0,player-sim-3.0-candidate,holdout_rejected,0.0,0.0,0.0,0.0,fpl-2026-27,1.0,182,539142,Amenda,7,Coventry City,Defender,4.0,1.987,0.0,1.987,59.11,0.0,1.0,6.0,0.4967,1.987,0,1,6,2.182,0.0,1.0,6.0,0.005,0.0
2026-09-12T05:11:18+00:00,4,2026-09-12T12:30:00Z,player-sim-2.0,player-sim-2.0,player-sim-3.0-candidate,holdout_rejected,0.0,0.0,0.0,0.0,fpl-2026-27,1.0312,183,480457,Rudoni,7,Coventry City,Midfielder,5.0,1.752,0.0,1.752,40.33,0.0,1.0,4.0,0.3503,1.752,0,1,4,1.937,0,1.0,4.0,0.0133,0.0
2026-09-12T05:11:18+00:00,4,2026-09-12T12:30:00Z,player-sim-2.0,player-sim-2.0,player-sim-3.0-candidate,holdout_rejected,0.0,0.0,0.0,0.0,fpl-2026-27,1.0312,184,168144,Grimes,7,Coventry City,Midfielder,5.0,1.617,0.0,1.617,49.43,0.0,2.0,4.0,0.3233,1.617,0,2,4,2.082,0,2.0,4.0,0.0083,0.0
2026-09-12T05:11:18+00:00,4,2026-09-12T12:30:00Z,player-sim-2.0,player-sim-2.0,player-sim-3.0-candidate,holdout_rejected,0.0,0.0,0.0,0.0,fpl-2026-27,1.0312,185,501459,Sakamoto,7,Coventry City,Midfielder,4.9,0.722,0.0,0.722,15.33,0.0,0.0,2.0,0.1473,0.722,0,0,2,0.618,0,0,2.0,0.0017,0.0
2026-09-12T05:11:18+00:00,4,2026-09-12T12:30:00Z,player-sim-2.0,player-sim-2.0,player-sim-3.0-candidate,holdout_rejected,0.0,0.0,0.0,0.0,fpl-2026-27,1.0312,186,241293,Mason-Clark,7,Coventry City,Midfielder,5.4,1.287,0.0,1.287,34.48,0.0,1.0,3.0,0.2383,1.287,0,1,3,1.33,0,1.0,3.0,0.0017,0.0
2026-09-12T05:11:18+00:00,4,2026-09-12T12:30:00Z,player-sim-2.0,player-sim-2.0,player-sim-3.0-candidate,holdout_rejected,0.0,0.0,0.0,0.0,fpl-2026-27,1.0312,187,439668,Eccles,7,Coventry City,Midfielder,4.9,0.0,0.0,0.0,0.0,0.0,0.0,0.0,0.0,0.0,0,0,0,0.0,0,0,0,0.0,0.0
2026-09-12T05:11:18+00:00,4,2026-09-12T12:30:00Z,player-sim-2.0,player-sim-2.0,player-sim-3.0-candidate,holdout_rejected,0.0,0.0,0.0,0.0,fpl-2026-27,1.0312,188,226965,Torp,7,Coventry City,Midfielder,5.4,0.815,0.0,0.815,16.88,0.0,1.0,2.0,0.1509,0.815,0,1,2,0.905,0,1.0,2.0,0.0033,0.0
2026-09-12T05:11:18+00:00,4,2026-09-12T12:30:00Z,player-sim-2.0,player-sim-2.0,player-sim-3.0-candidate,holdout_rejected,0.0,0.0,0.0,0.0,fpl-2026-27,1.0312,189,684268,Shepherd,7,Coventry City,Midfielder,4.5,0.588,0.0,0.588,14.03,0.0,0.0,2.0,0.1307,0.588,0,0,2,0.413,0,0,2.0,0.0017,0.0
2026-09-12T05:11:18+00:00,4,2026-09-12T12:30:00Z,player-sim-2.0,player-sim-2.0,player-sim-3.0-candidate,holdout_rejected,0.0,0.0,0.0,0.0,fpl-2026-27,1.0312,190,469272,Tchaouna,7,Coventry City,Midfielder,5.4,1.745,0.0,1.745,43.84,0.0,1.0,3.0,0.3231,1.745,0,1,3,1.775,0,1.0,4.0,0.0067,0.0
2026-09-12T05:11:18+00:00,4,2026-09-12T12:30:00Z,player-sim-2.0,player-sim-2.0,player-sim-3.0-candidate,holdout_rejected,0.0,0.0,0.0,0.0,fpl-2026-27,1.0312,191,492498,Borges Rodrigues,7,Coventry City,Midfielder,4.5,0.0,0.0,0.0,0.0,0.0,0.0,0.0,0.0,0.0,0,0,0,0.0,0,0,0,0.0,0.0
2026-09-12T05:11:18+00:00,4,2026-09-12T12:30:00Z,player-sim-2.0,player-sim-2.0,player-sim-3.0-candidate,holdout_rejected,0.0,0.0,0.0,0.0,fpl-2026-27,1.0312,192,629397,Andrews,7,Coventry City,Midfielder,4.5,0.0,0.0,0.0,0.0,0.0,0.0,0.0,0.0,0.0,0,0,0,0.0,0,0,0,0.0,0.0
2026-09-12T05:11:18+00:00,4,2026-09-12T12:30:00Z,player-sim-2.0,player-sim-2.0,player-sim-3.0-candidate,holdout_rejected,0.0,0.0,0.0,0.0,fpl-2026-27,1.025,193,176412,Wright,7,Coventry City,Forward,5.4,0.0,0.0,0.0,0.0,0.0,0.0,0.0,0.0,0.0,0,0,0,0.0,0,0,0,0.0,0.0
2026-09-12T05:11:18+00:00,4,2026-09-12T12:30:00Z,player-sim-2.0,player-sim-2.0,player-sim-3.0-candidate,holdout_rejected,0.0,0.0,0.0,0.0,fpl-2026-27,1.025,194,230730,Thomas-Asante,7,Coventry City,Forward,5.0,1.637,0.0,1.637,33.37,0.0,1.0,4.0,0.3273,1.637,0,1,4,1.365,0,1.0,3.0,0.0017,0.0
2026-09-12T05:11:18+00:00,4,2026-09-12T12:30:00Z,player-sim-2.0,player-sim-2.0,player-sim-3.0-candidate,holdout_rejected,0.0,0.0,0.0,0.0,fpl-2026-27,1.025,195,218997,Simms,7,Coventry City,Forward,5.0,1.305,0.0,1.305,26.09,0.0,1.0,3.0,0.261,1.305,0,1,3,1.282,0,1.0,3.0,0.0083,0.0017
2026-09-12T05:11:18+00:00,4,2026-09-12T12:30:00Z,player-sim-2.0,player-sim-2.0,player-sim-3.0-candidate,holdout_rejected,0.0,0.0,0.0,0.0,fpl-2026-27,1.025,196,551262,Markelo,7,Coventry City,Forward,5.0,0.0,0.0,0.0,0.0,0.0,0.0,0.0,0.0,0.0,0,0,0,0.0,0,0,0,0.0,0.0
2026-09-12T05:11:18+00:00,4,2026-09-12T12:30:00Z,player-sim-2.0,player-sim-2.0,player-sim-3.0-candidate,holdout_rejected,0.0,0.0,0.0,0.0,fpl-2026-27,1.025,197,549653,Bassette,7,Coventry City,Forward,4.5,0.0,0.0,0.0,0.0,0.0,0.0,0.0,0.0,0.0,0,0,0,0.0,0,0,0,0.0,0.0
2026-09-12T05:11:18+00:00,4,2026-09-12T12:30:00Z,player-sim-2.0,player-sim-2.0,player-sim-3.0-candidate,holdout_rejected,0.0,0.0,0.0,0.0,fpl-2026-27,1.025,492,210156,Awoniyi,7,Coventry City,Forward,5.5,1.892,0.0,1.892,32.21,0.0,1.0,6.0,0.3439,1.892,0,1,6,2.563,0,2.0,6.0,0.05,0.0117
2026-09-12T05:11:18+00:00,4,2026-09-12T12:30:00Z,player-sim-2.0,player-sim-2.0,player-sim-3.0-candidate,holdout_rejected,0.0,0.0,0.0,0.0,fpl-2026-27,1.0312,575,661888,Yirenkyi,7,Coventry City,Midfielder,4.9,1.552,0.0,1.552,39.64,0.0,1.0,3.0,0.3167,1.552,0,1,3,1.573,0,1.0,3.0,0.0,0.0
2026-09-12T05:11:18+00:00,4,2026-09-12T12:30:00Z,player-sim-2.0,player-sim-2.0,player-sim-3.0-candidate,holdout_rejected,0.0,0.0,0.0,0.0,fpl-2026-27,1.0312,584,196100,Hamer,7,Coventry City,Midfielder,5.4,1.953,0.0,1.953,43.48,1.0,1.0,4.0,0.3617,1.953,1,1,4,1.135,0,1.0,2.0,0.0017,0.0
2026-09-12T05:11:18+00:00,4,2026-09-12T12:30:00Z,player-sim-2.0,player-sim-2.0,player-sim-3.0-candidate,holdout_rejected,0.0,0.0,0.0,0.0,fpl-2026-27,1.025,599,627221,Cherif,7,Coventry City,Forward,5.0,0.592,0.0,0.592,12.83,0.0,0.0,2.0,0.1183,0.592,0,0,2,0.347,0,0,1.0,0.0017,0.0
2026-09-12T05:11:18+00:00,4,2026-09-12T12:30:00Z,player-sim-2.0,player-sim-2.0,player-sim-3.0-candidate,holdout_rejected,0.0,0.0,0.0,0.0,fpl-2026-27,1.06,623,79602,Bentley,7,Coventry City,Goalkeeper,4.0,0.222,0.0,0.222,4.75,0.0,0.0,0.0,0.0554,0.222,0,0,0,0.288,0,0,0,0.0,0.0
2026-09-12T05:11:18+00:00,4,2026-09-12T12:30:00Z,player-sim-2.0,player-sim-2.0,player-sim-3.0-candidate,holdout_rejected,0.0,0.0,0.0,0.0,fpl-2026-27,1.05,655,242893,Gboho,7,Coventry City,Midfielder,5.5,1.148,0.0,1.148,28.89,0.0,0.0,3.0,0.2088,1.148,0,0,3,1.123,0,0,3.0,0.0083,0.0
2026-09-12T05:11:18+00:00,4,2026-09-12T12:30:00Z,player-sim-2.0,player-sim-2.0,player-sim-3.0-candidate,holdout_rejected,0.0,0.0,0.0,0.0,fpl-2026-27,1.0,656,566213,Mfuni,7,Coventry City,Defender,4.0,1.123,0.0,1.123,30.44,0.0,0.0,4.0,0.2808,1.123,0,0,4,1.238,0,0,5.0,0.0083,0.0
2026-09-12T05:11:18+00:00,4,2026-09-12T12:30:00Z,player-sim-2.0,player-sim-2.0,player-sim-3.0-candidate,holdout_rejected,0.0,0.0,0.0,0.0,fpl-2026-27,1.0312,42,485337,Guessand,8,Crystal Palace,Midfielder,5.5,0.952,0.0,0.952,18.4,0.0,1.0,2.0,0.173,0.952,0,1,2,0.983,0,1.0,2.0,0.0017,0.0
2026-09-12T05:11:18+00:00,4,2026-09-12T12:30:00Z,player-sim-2.0,player-sim-2.0,player-sim-3.0-candidate,holdout_rejected,0.0,0.0,0.0,0.0,fpl-2026-27,1.0,153,220362,Disasi,8,Crystal Palace,Defender,4.5,1.357,0.0,1.357,33.77,0.0,1.0,4.0,0.3015,1.357,0,1,4,1.228,0,1.0,5.0,0.005,0.0
2026-09-12T05:11:18+00:00,4,2026-09-12T12:30:00Z,player-sim-2.0,player-sim-2.0,player-sim-3.0-candidate,holdout_rejected,0.0,0.0,0.0,0.0,fpl-2026-27,1.05,198,172649,Henderson,8,Crystal Palace,Goalkeeper,5.0,3.43,0.0,3.43,88.02,1.0,3.0,7.0,0.686,3.43,1,3,7,2.275,0,2.0,7.0,0.0067,0.0
2026-09-12T05:11:18+00:00,4,2026-09-12T12:30:00Z,player-sim-2.0,player-sim-2.0,player-sim-3.0-candidate,holdout_rejected,0.0,0.0,0.0,0.0,fpl-2026-27,1.05,199,121709,Benitez,8,Crystal Palace,Goalkeeper,4.5,0.055,0.0,0.055,1.03,0.0,0.0,0.0,0.0122,0.055,0,0,0,0.288,0,0,0,0.0,0.0
2026-09-12T05:11:18+00:00,4,2026-09-12T12:30:00Z,player-sim-2.0,player-sim-2.0,player-sim-3.0-candidate,holdout_rejected,0.0,0.0,0.0,0.0,fpl-2026-27,1.0,202,427623,Richards,8,Crystal Palace,Defender,5.0,3.77,0.0,3.77,82.73,1.0,3.0,8.0,0.754,3.77,1,3,8,2.87,0,2.0,7.0,0.0083,0.0017
2026-09-12T05:11:18+00:00,4,2026-09-12T12:30:00Z,player-sim-2.0,player-sim-2.0,player-sim-3.0-candidate,holdout_rejected,0.0,0.0,0.0,0.0,fpl-2026-27,1.0,203,651426,Canvot,8,Crystal Palace,Defender,4.9,2.998,0.0,2.998,61.36,0.0,2.0,8.0,0.6119,2.998,0,2,8,2.662,0,2.0,7.0,0.0133,0.0
2026-09-12T05:11:18+00:00,4,2026-09-12T12:30:00Z,player-sim-2.0,player-sim-2.0,player-sim-3.0-candidate,holdout_rejected,0.0,0.0,0.0,0.0,fpl-2026-27,1.0,204,244723,Mitchell,8,Crystal Palace,Defender,4.5,3.923,0.0,3.923,84.92,1.0,3.0,8.0,0.8718,3.923,1,3,8,3.028,0,2.0,8.0,0.0617,0.0017
2026-09-12T05:11:18+00:00,4,2026-09-12T12:30:00Z,player-sim-2.0,player-sim-2.0,player-sim-3.0-candidate,holdout_rejected,0.0,0.0,0.0,0.0,fpl-2026-27,1.0,205,218364,Sosa,8,Crystal Palace,Defender,4.5,0.0,0.0,0.0,0.0,0.0,0.0,0.0,0.0,0.0,0,0,0,0.0,0,0,0,0.0,0.0
2026-09-12T05:11:18+00:00,4,2026-09-12T12:30:00Z,player-sim-2.0,player-sim-2.0,player-sim-3.0-candidate,holdout_rejected,0.0,0.0,0.0,0.0,fpl-2026-27,1.0,206,515621,Chadi Riad,8,Crystal Palace,Defender,4.4,0.0,0.0,0.0,0.0,0.0,0.0,0.0,0.0,0.0,0,0,0,0.0,0,0,0,0.0,0.0
2026-09-12T05:11:18+00:00,4,2026-09-12T12:30:00Z,player-sim-2.0,player-sim-2.0,player-sim-3.0-candidate,holdout_rejected,0.0,0.0,0.0,0.0,fpl-2026-27,1.0,207,242313,Mingueza,8,Crystal Palace,Defender,4.4,0.91,0.0,0.91,19.36,0.0,1.0,2.0,0.2068,0.91,0,1,2,0.748,0,1.0,1.0,0.0,0.0
2026-09-12T05:11:18+00:00,4,2026-09-12T12:30:00Z,player-sim-2.0,player-sim-2.0,player-sim-3.0-candidate,holdout_rejected,0.0,0.0,0.0,0.0,fpl-2026-27,1.0312,208,232185,Sarr,8,Crystal Palace,Midfielder,6.3,0.0,0.0,0.0,0.0,0.0,0.0,0.0,0.0,0.0,0,0,0,0.0,0,0,0,0.0,0.0
2026-09-12T05:11:18+00:00,4,2026-09-12T12:30:00Z,player-sim-2.0,player-sim-2.0,player-sim-3.0-candidate,holdout_rejected,0.0,0.0,0.0,0.0,fpl-2026-27,1.0312,210,496221,Wharton,8,Crystal Palace,Midfielder,5.5,3.472,0.0,3.472,79.31,1.0,3.0,6.0,0.6312,3.472,1,3,6,2.583,0,2.0,5.0,0.02,0.0033
2026-09-12T05:11:18+00:00,4,2026-09-12T12:30:00Z,player-sim-2.0,player-sim-2.0,player-sim-3.0-candidate,holdout_rejected,0.0,0.0,0.0,0.0,fpl-2026-27,1.0312,211,488024,Yeremy,8,Crystal Palace,Midfielder,5.5,3.138,0.0,3.138,59.18,1.0,2.0,7.0,0.5706,3.138,1,2,7,2.195,0,1.0,6.0,0.0233,0.0017
2026-09-12T05:11:18+00:00,4,2026-09-12T12:30:00Z,player-sim-2.0,player-sim-2.0,player-sim-3.0-candidate,holdout_rejected,0.0,0.0,0.0,0.0,fpl-2026-27,1.0312,212,108413,Hughes,8,Crystal Palace,Midfielder,4.5,0.945,0.0,0.945,22.39,0.0,0.0,2.0,0.21,0.945,0,0,2,0.613,0,0,2.0,0.0017,0.0
2026-09-12T05:11:18+00:00,4,2026-09-12T12:30:00Z,player-sim-2.0,player-sim-2.0,player-sim-3.0-candidate,holdout_rejected,0.0,0.0,0.0,0.0,fpl-2026-27,1.0312,213,152551,Lerma,8,Crystal Palace,Midfielder,4.9,0.945,0.0,0.945,22.9,0.0,0.0,3.0,0.1929,0.945,0,0,3,0.565,0,0,2.0,0.0067,0.0
2026-09-12T05:11:18+00:00,4,2026-09-12T12:30:00Z,player-sim-2.0,player-sim-2.0,player-sim-3.0-candidate,holdout_rejected,0.0,0.0,0.0,0.0,fpl-2026-27,1.0312,214,209400,Kamada,8,Crystal Palace,Midfielder,5.0,2.657,0.0,2.657,67.62,0.0,2.0,6.0,0.5313,2.657,0,2,6,2.212,0,2.0,5.0,0.005,0.0
2026-09-12T05:11:18+00:00,4,2026-09-12T12:30:00Z,player-sim-2.0,player-sim-2.0,player-sim-3.0-candidate,holdout_rejected,0.0,0.0,0.0,0.0,fpl-2026-27,1.0312,215,489706,Devenny,8,Crystal Palace,Midfielder,5.0,0.0,0.0,0.0,0.0,0.0,0.0,0.0,0.0,0.0,0,0,0,0.0,0,0,0,0.0,0.0
2026-09-12T05:11:18+00:00,4,2026-09-12T12:30:00Z,player-sim-2.0,player-sim-2.0,player-sim-3.0-candidate,holdout_rejected,0.0,0.0,0.0,0.0,fpl-2026-27,1.0312,216,606921,Esse,8,Crystal Palace,Midfielder,5.0,0.0,0.0,0.0,0.0,0.0,0.0,0.0,0.0,0.0,0,0,0,0.0,0,0,0,0.0,0.0
2026-09-12T05:11:18+00:00,4,2026-09-12T12:30:00Z,player-sim-2.0,player-sim-2.0,player-sim-3.0-candidate,holdout_rejected,0.0,0.0,0.0,0.0,fpl-2026-27,1.0312,217,536694,M.França,8,Crystal Palace,Midfielder,4.9,0.0,0.0,0.0,0.0,0.0,0.0,0.0,0.0,0.0,0,0,0,0.0,0,0,0,0.0,0.0
2026-09-12T05:11:18+00:00,4,2026-09-12T12:30:00Z,player-sim-2.0,player-sim-2.0,player-sim-3.0-candidate,holdout_rejected,0.0,0.0,0.0,0.0,fpl-2026-27,1.0312,218,438464,Doucouré,8,Crystal Palace,Midfielder,4.9,0.565,0.0,0.565,14.82,0.0,0.0,2.0,0.1153,0.565,0,0,2,0.32,0,0,1.0,0.0,0.0
2026-09-12T05:11:18+00:00,4,2026-09-12T12:30:00Z,player-sim-2.0,player-sim-2.0,player-sim-3.0-candidate,holdout_rejected,0.0,0.0,0.0,0.0,fpl-2026-27,1.0312,219,450542,J.Rak-Sakyi,8,Crystal Palace,Midfielder,4.9,0.0,0.0,0.0,0.0,0.0,0.0,0.0,0.0,0.0,0,0,0,0.0,0,0,0,0.0,0.0
2026-09-12T05:11:18+00:00,4,2026-09-12T12:30:00Z,player-sim-2.0,player-sim-2.0,player-sim-3.0-candidate,holdout_rejected,0.0,0.0,0.0,0.0,fpl-2026-27,1.0,220,590014,Cardines,8,Crystal Palace,Defender,4.5,0.0,0.0,0.0,0.0,0.0,0.0,0.0,0.0,0.0,0,0,0,0.0,0,0,0,0.0,0.0
2026-09-12T05:11:18+00:00,4,2026-09-12T12:30:00Z,player-sim-2.0,player-sim-2.0,player-sim-3.0-candidate,holdout_rejected,0.0,0.0,0.0,0.0,fpl-2026-27,1.0312,221,672492,Drakes-Thomas,8,Crystal Palace,Midfielder,4.5,0.0,0.0,0.0,0.0,0.0,0.0,0.0,0.0,0.0,0,0,0,0.447,0,0,2.0,0.005,0.0
2026-09-12T05:11:18+00:00,4,2026-09-12T12:30:00Z,player-sim-2.0,player-sim-2.0,player-sim-3.0-candidate,holdout_rejected,0.0,0.0,0.0,0.0,fpl-2026-27,1.025,222,247412,Strand Larsen,8,Crystal Palace,Forward,6.0,2.125,0.0,2.125,53.16,1.0,2.0,5.0,0.3542,2.125,1,2,5,1.455,0,1.0,3.0,0.0067,0.0
2026-09-12T05:11:18+00:00,4,2026-09-12T12:30:00Z,player-sim-2.0,player-sim-2.0,player-sim-3.0-candidate,holdout_rejected,0.0,0.0,0.0,0.0,fpl-2026-27,1.025,223,231747,Mateta,8,Crystal Palace,Forward,6.4,0.0,0.0,0.0,0.0,0.0,0.0,0.0,0.0,0.0,0,0,0,0.0,0,0,0,0.0,0.0
2026-09-12T05:11:18+00:00,4,2026-09-12T12:30:00Z,player-sim-2.0,player-sim-2.0,player-sim-3.0-candidate,holdout_rejected,0.0,0.0,0.0,0.0,fpl-2026-27,1.025,224,205533,Nketiah,8,Crystal Palace,Forward,5.5,1.755,0.0,1.755,33.36,0.0,1.0,5.0,0.3191,1.755,0,1,5,2.768,0,2.0,7.0,0.0533,0.015
2026-09-12T05:11:18+00:00,4,2026-09-12T12:30:00Z,player-sim-2.0,player-sim-2.0,player-sim-3.0-candidate,holdout_rejected,0.0,0.0,0.0,0.0,fpl-2026-27,1.025,225,660392,Uche,8,Crystal Palace,Forward,5.0,0.0,0.0,0.0,0.0,0.0,0.0,0.0,0.0,0.0,0,0,0,0.0,0,0,0,0.0,0.0
2026-09-12T05:11:18+00:00,4,2026-09-12T12:30:00Z,player-sim-2.0,player-sim-2.0,player-sim-3.0-candidate,holdout_rejected,0.0,0.0,0.0,0.0,fpl-2026-27,1.0312,241,433154,McNeil,8,Crystal Palace,Midfielder,5.4,1.257,0.0,1.257,28.34,0.0,1.0,3.0,0.2327,1.257,0,1,3,1.318,0,1.0,3.0,0.0067,0.0017
2026-09-12T05:11:18+00:00,4,2026-09-12T12:30:00Z,player-sim-2.0,player-sim-2.0,player-sim-3.0-candidate,holdout_rejected,0.0,0.0,0.0,0.0,fpl-2026-27,1.05,555,169593,Matthews,8,Crystal Palace,Goalkeeper,4.0,0.38,0.0,0.38,10.52,0.0,0.0,1.0,0.095,0.38,0,0,1,0.193,0,0,0,0.0,0.0
2026-09-12T05:11:18+00:00,4,2026-09-12T12:30:00Z,player-sim-2.0,player-sim-2.0,player-sim-3.0-candidate,holdout_rejected,0.0,0.0,0.0,0.0,fpl-2026-27,1.0,577,223723,Tomiyasu,8,Crystal Palace,Defender,4.5,0.667,0.0,0.667,15.73,0.0,0.0,2.0,0.1482,0.667,0,0,2,1.242,0,1.0,4.0,0.0033,0.0
2026-09-12T05:11:18+00:00,4,2026-09-12T12:30:00Z,player-sim-2.0,player-sim-2.0,player-sim-3.0-candidate,holdout_rejected,0.0,0.0,0.0,0.0,fpl-2026-27,1.0,588,570794,Khalaili,8,Crystal Palace,Defender,5.0,2.425,0.0,2.425,46.03,0.0,1.0,7.0,0.485,2.425,0,1,7,2.498,0,1.0,7.0,0.04,0.005
2026-09-12T05:11:18+00:00,4,2026-09-12T12:30:00Z,player-sim-2.0,player-sim-2.0,player-sim-3.0-candidate,holdout_rejected,0.0,0.0,0.0,0.0,fpl-2026-27,1.0312,595,559152,Gozo,8,Crystal Palace,Midfielder,5.0,0.75,0.0,0.75,18.8,0.0,0.0,2.0,0.15,0.75,0,0,2,0.685,0,0,2.0,0.0,0.0
2026-09-12T05:11:18+00:00,4,2026-09-12T12:30:00Z,player-sim-2.0,player-sim-2.0,player-sim-3.0-candidate,holdout_rejected,0.0,0.0,0.0,0.0,fpl-2026-27,1.0,633,605972,Ahanor,8,Crystal Palace,Defender,4.5,1.027,0.0,1.027,24.99,0.0,0.0,4.0,0.2282,1.027,0,0,4,0.782,0,0,3.0,0.0017,0.0
2026-09-12T05:11:18+00:00,4,2026-09-12T12:30:00Z,player-sim-2.0,player-sim-2.0,player-sim-3.0-candidate,holdout_rejected,0.0,0.0,0.0,0.0,fpl-2026-27,1.0,643,172850,Chilwell,8,Crystal Palace,Defender,4.5,0.36,0.0,0.36,6.08,0.0,0.0,1.0,0.08,0.36,0,0,1,1.148,0,1.0,3.0,0.0033,0.0
2026-09-12T05:11:18+00:00,4,2026-09-12T12:30:00Z,player-sim-2.0,player-sim-2.0,player-sim-3.0-candidate,holdout_rejected,0.0,0.0,0.0,0.0,fpl-2026-27,1.0437,644,450063,Timber,8,Crystal Palace,Midfielder,5.0,1.443,0.0,1.443,37.48,0.0,1.0,3.0,0.2887,1.443,0,1,3,1.767,0,2.0,3.0,0.0067,0.0017
2026-09-12T05:11:18+00:00,4,2026-09-12T12:30:00Z,player-sim-2.0,player-sim-2.0,player-sim-3.0-candidate,holdout_rejected,0.0,0.0,0.0,0.0,fpl-2026-27,1.0437,647,533646,Osorio,8,Crystal Palace,Midfielder,5.5,1.035,0.0,1.035,24.2,0.0,1.0,3.0,0.1882,1.035,0,1,3,1.18,0,1.0,2.0,0.005,0.0
2026-09-12T05:11:18+00:00,4,2026-09-12T12:30:00Z,player-sim-2.0,player-sim-2.0,player-sim-3.0-candidate,holdout_rejected,0.0,0.0,0.0,0.0,fpl-2026-27,1.0312,21,128295,Nørgaard,9,Everton,Midfielder,4.9,0.0,0.0,0.0,0.0,0.0,0.0,0.0,0.0,0.0,0,0,0,0.0,0,0,0,0.0,0.0
2026-09-12T05:11:18+00:00,4,2026-09-12T12:30:00Z,player-sim-2.0,player-sim-2.0,player-sim-3.0-candidate,holdout_rejected,0.0,0.0,0.0,0.0,fpl-2026-27,1.0312,209,242898,Johnson,9,Everton,Midfielder,5.9,1.498,0.0,1.498,38.01,0.0,1.0,3.0,0.2539,1.498,0,1,3,1.345,0,1.0,3.0,0.0017,0.0
2026-09-12T05:11:18+00:00,4,2026-09-12T12:30:00Z,player-sim-2.0,player-sim-2.0,player-sim-3.0-candidate,holdout_rejected,0.0,0.0,0.0,0.0,fpl-2026-27,1.05,226,111234,Pickford,9,Everton,Goalkeeper,5.5,3.652,0.0,3.652,88.69,1.0,3.0,7.0,0.6639,3.652,1,3,7,2.47,0,2.0,7.0,0.0067,0.0
2026-09-12T05:11:18+00:00,4,2026-09-12T12:30:00Z,player-sim-2.0,player-sim-2.0,player-sim-3.0-candidate,holdout_rejected,0.0,0.0,0.0,0.0,fpl-2026-27,1.05,227,229600,Travers,9,Everton,Goalkeeper,5.0,0.398,0.0,0.398,10.13,0.0,0.0,2.0,0.0797,0.398,0,0,2,0.335,0,0,1.0,0.0,0.0
2026-09-12T05:11:18+00:00,4,2026-09-12T12:30:00Z,player-sim-2.0,player-sim-2.0,player-sim-3.0-candidate,holdout_rejected,0.0,0.0,0.0,0.0,fpl-2026-27,1.05,228,138001,King,9,Everton,Goalkeeper,4.5,0.403,0.0,0.403,9.5,0.0,0.0,2.0,0.0896,0.403,0,0,2,0.373,0,0,1.0,0.0017,0.0
2026-09-12T05:11:18+00:00,4,2026-09-12T12:30:00Z,player-sim-2.0,player-sim-2.0,player-sim-3.0-candidate,holdout_rejected,0.0,0.0,0.0,0.0,fpl-2026-27,1.0,229,17761,Tarkowski,9,Everton,Defender,6.0,4.473,0.0,4.473,87.46,1.0,4.0,8.0,0.7456,4.473,1,4,8,3.285,0,3.0,8.0,0.0283,0.0
2026-09-12T05:11:18+00:00,4,2026-09-12T12:30:00Z,player-sim-2.0,player-sim-2.0,player-sim-3.0-candidate,holdout_rejected,0.0,0.0,0.0,0.0,fpl-2026-27,1.0,230,480455,Branthwaite,9,Everton,Defender,5.5,2.467,0.0,2.467,54.51,0.0,1.0,7.0,0.4485,2.467,0,1,7,2.753,0,2.0,7.0,0.0133,0.0017
2026-09-12T05:11:18+00:00,4,2026-09-12T12:30:00Z,player-sim-2.0,player-sim-2.0,player-sim-3.0-candidate,holdout_rejected,0.0,0.0,0.0,0.0,fpl-2026-27,1.0,231,106611,Keane,9,Everton,Defender,4.9,1.743,0.0,1.743,35.35,0.0,1.0,6.0,0.3558,1.743,0,1,6,0.517,0,0,2.0,0.0033,0.0
2026-09-12T05:11:18+00:00,4,2026-09-12T12:30:00Z,player-sim-2.0,player-sim-2.0,player-sim-3.0-candidate,holdout_rejected,0.0,0.0,0.0,0.0,fpl-2026-27,1.0,232,512462,O'Brien,9,Everton,Defender,4.9,1.548,0.0,1.548,39.0,0.0,0.0,6.0,0.316,1.548,0,0,6,0.425,0,0,1.0,0.0017,0.0
2026-09-12T05:11:18+00:00,4,2026-09-12T12:30:00Z,player-sim-2.0,player-sim-2.0,player-sim-3.0-candidate,holdout_rejected,0.0,0.0,0.0,0.0,fpl-2026-27,1.0,233,224967,Mykolenko,9,Everton,Defender,4.5,3.17,0.0,3.17,84.02,1.0,2.0,6.0,0.7044,3.17,1,2,6,2.323,0,1.0,6.0,0.0033,0.0
2026-09-12T05:11:18+00:00,4,2026-09-12T12:30:00Z,player-sim-2.0,player-sim-2.0,player-sim-3.0-candidate,holdout_rejected,0.0,0.0,0.0,0.0,fpl-2026-27,1.0,234,243571,Patterson,9,Everton,Defender,4.5,0.0,0.0,0.0,0.0,0.0,0.0,0.0,0.0,0.0,0,0,0,0.0,0,0,0,0.0,0.0
2026-09-12T05:11:18+00:00,4,2026-09-12T12:30:00Z,player-sim-2.0,player-sim-2.0,player-sim-3.0-candidate,holdout_rejected,0.0,0.0,0.0,0.0,fpl-2026-27,1.0,235,499300,Aznou,9,Everton,Defender,4.0,0.0,0.0,0.0,0.0,0.0,0.0,0.0,0.0,0.0,0,0,0,0.0,0,0,0,0.0,0.0
2026-09-12T05:11:18+00:00,4,2026-09-12T12:30:00Z,player-sim-2.0,player-sim-2.0,player-sim-3.0-candidate,holdout_rejected,0.0,0.0,0.0,0.0,fpl-2026-27,1.0312,236,215413,Dewsbury-Hall,9,Everton,Midfielder,6.5,3.807,0.0,3.807,80.42,2.0,3.0,8.0,0.5856,3.807,2,3,8,2.587,0,2.0,6.0,0.0217,0.0017
2026-09-12T05:11:18+00:00,4,2026-09-12T12:30:00Z,player-sim-2.0,player-sim-2.0,player-sim-3.0-candidate,holdout_rejected,0.0,0.0,0.0,0.0,fpl-2026-27,1.0312,238,114283,Grealish,9,Everton,Midfielder,6.5,1.463,0.0,1.463,29.18,0.0,1.0,3.0,0.2251,1.463,0,1,3,0.943,0,1.0,2.0,0.0017,0.0
2026-09-12T05:11:18+00:00,4,2026-09-12T12:30:00Z,player-sim-2.0,player-sim-2.0,player-sim-3.0-candidate,holdout_rejected,0.0,0.0,0.0,0.0,fpl-2026-27,1.0312,239,232928,Garner,9,Everton,Midfielder,6.0,2.888,0.0,2.888,67.61,1.0,2.0,5.0,0.4814,2.888,1,2,5,1.733,0.0,1.0,4.0,0.0067,0.0
2026-09-12T05:11:18+00:00,4,2026-09-12T12:30:00Z,player-sim-2.0,player-sim-2.0,player-sim-3.0-candidate,holdout_rejected,0.0,0.0,0.0,0.0,fpl-2026-27,1.0312,242,550615,George,9,Everton,Midfielder,5.5,1.84,0.0,1.84,44.03,0.0,1.0,5.0,0.3345,1.84,0,1,5,2.31,0,2.0,5.0,0.0083,0.0017
2026-09-12T05:11:18+00:00,4,2026-09-12T12:30:00Z,player-sim-2.0,player-sim-2.0,player-sim-3.0-candidate,holdout_rejected,0.0,0.0,0.0,0.0,fpl-2026-27,1.0312,243,502697,Alcaraz,9,Everton,Midfielder,4.9,0.567,0.0,0.567,10.97,0.0,0.0,1.0,0.1157,0.567,0,0,1,0.928,0,1.0,2.0,0.0033,0.0017
2026-09-12T05:11:18+00:00,4,2026-09-12T12:30:00Z,player-sim-2.0,player-sim-2.0,player-sim-3.0-candidate,holdout_rejected,0.0,0.0,0.0,0.0,fpl-2026-27,1.0312,244,609873,Armstrong,9,Everton,Midfielder,5.0,1.797,0.0,1.797,50.64,0.0,2.0,4.0,0.3593,1.797,0,2,4,2.262,0,2.0,5.0,0.0067,0.0017
2026-09-12T05:11:18+00:00,4,2026-09-12T12:30:00Z,player-sim-2.0,player-sim-2.0,player-sim-3.0-candidate,holdout_rejected,0.0,0.0,0.0,0.0,fpl-2026-27,1.0312,245,496661,Dibling,9,Everton,Midfielder,5.4,0.182,0.0,0.182,4.53,0.0,0.0,0.0,0.0336,0.182,0,0,0,0.4,0,0,2.0,0.0,0.0
2026-09-12T05:11:18+00:00,4,2026-09-12T12:30:00Z,player-sim-2.0,player-sim-2.0,player-sim-3.0-candidate,holdout_rejected,0.0,0.0,0.0,0.0,fpl-2026-27,1.0312,246,513466,Röhl,9,Everton,Midfielder,5.0,1.788,0.0,1.788,48.53,0.0,2.0,4.0,0.3577,1.788,0,2,4,2.048,0,2.0,4.0,0.0033,0.0
2026-09-12T05:11:18+00:00,4,2026-09-12T12:30:00Z,player-sim-2.0,player-sim-2.0,player-sim-3.0-candidate,holdout_rejected,0.0,0.0,0.0,0.0,fpl-2026-27,1.0312,247,244860,Hackney,9,Everton,Midfielder,5.5,1.387,0.0,1.387,31.9,0.0,1.0,3.0,0.2521,1.387,0,1,3,1.382,0,1.0,3.0,0.0017,0.0
2026-09-12T05:11:18+00:00,4,2026-09-12T12:30:00Z,player-sim-2.0,player-sim-2.0,player-sim-3.0-candidate,holdout_rejected,0.0,0.0,0.0,0.0,fpl-2026-27,1.025,248,486385,Beto,9,Everton,Forward,5.4,0.0,0.0,0.0,0.0,0.0,0.0,0.0,0.0,0.0,0,0,0,0.0,0,0,0,0.0,0.0
2026-09-12T05:11:18+00:00,4,2026-09-12T12:30:00Z,player-sim-2.0,player-sim-2.0,player-sim-3.0-candidate,holdout_rejected,0.0,0.0,0.0,0.0,fpl-2026-27,1.025,249,586309,Barry,9,Everton,Forward,5.6,3.462,0.0,3.462,63.92,1.0,2.0,7.0,0.6182,3.462,1,2,7,3.102,0,2.0,7.0,0.0633,0.0117
2026-09-12T05:11:18+00:00,4,2026-09-12T12:30:00Z,player-sim-2.0,player-sim-2.0,player-sim-3.0-candidate,holdout_rejected,0.0,0.0,0.0,0.0,fpl-2026-27,1.0,649,154043,Maitland-Niles,9,Everton,Defender,4.5,1.228,0.0,1.228,31.28,0.0,1.0,3.0,0.273,1.228,0,1,3,0.98,0,1.0,2.0,0.0,0.0
2026-09-12T05:11:18+00:00,4,2026-09-12T12:30:00Z,player-sim-2.0,player-sim-2.0,player-sim-3.0-candidate,holdout_rejected,0.0,0.0,0.0,0.0,fpl-2026-27,1.0437,654,629068,Graham,9,Everton,Midfielder,4.5,0.908,0.0,0.908,25.15,0.0,0.0,3.0,0.2018,0.908,0,0,3,0.708,0,0,3.0,0.0017,0.0
2026-09-12T05:11:18+00:00,4,2026-09-12T12:30:00Z,player-sim-2.0,player-sim-2.0,player-sim-3.0-candidate,holdout_rejected,0.0,0.0,0.0,0.0,fpl-2026-27,1.05,250,80201,Leno,10,Fulham,Goalkeeper,4.5,2.562,0.0,2.562,88.87,1.0,2.0,6.0,0.5693,2.562,1,2,6,1.66,0,1.0,4.0,0.0,0.0
2026-09-12T05:11:18+00:00,4,2026-09-12T12:30:00Z,player-sim-2.0,player-sim-2.0,player-sim-3.0-candidate,holdout_rejected,0.0,0.0,0.0,0.0,fpl-2026-27,1.05,251,86873,Lecomte,10,Fulham,Goalkeeper,4.0,0.37,0.0,0.37,10.49,0.0,0.0,1.0,0.0925,0.37,0,0,1,0.277,0,0,1.0,0.0,0.0
2026-09-12T05:11:18+00:00,4,2026-09-12T12:30:00Z,player-sim-2.0,player-sim-2.0,player-sim-3.0-candidate,holdout_rejected,0.0,0.0,0.0,0.0,fpl-2026-27,1.05,252,505079,McNally,10,Fulham,Goalkeeper,4.0,0.0,0.0,0.0,0.0,0.0,0.0,0.0,0.0,0.0,0,0,0,0.0,0,0,0,0.0,0.0
2026-09-12T05:11:18+00:00,4,2026-09-12T12:30:00Z,player-sim-2.0,player-sim-2.0,player-sim-3.0-candidate,holdout_rejected,0.0,0.0,0.0,0.0,fpl-2026-27,1.0,253,174874,Andersen,10,Fulham,Defender,5.0,2.217,0.0,2.217,62.28,0.0,2.0,6.0,0.4433,2.217,0,2,6,1.465,0,1.0,4.0,0.0017,0.0
2026-09-12T05:11:18+00:00,4,2026-09-12T12:30:00Z,player-sim-2.0,player-sim-2.0,player-sim-3.0-candidate,holdout_rejected,0.0,0.0,0.0,0.0,fpl-2026-27,1.0,254,169528,Robinson,10,Fulham,Defender,4.5,1.897,0.0,1.897,59.07,0.0,1.0,6.0,0.4215,1.897,0,1,6,2.153,0,1.0,6.0,0.0117,0.0017
2026-09-12T05:11:18+00:00,4,2026-09-12T12:30:00Z,player-sim-2.0,player-sim-2.0,player-sim-3.0-candidate,holdout_rejected,0.0,0.0,0.0,0.0,fpl-2026-27,1.0,255,246301,J.Cuenca,10,Fulham,Defender,4.5,0.795,0.0,0.795,24.0,0.0,0.0,3.0,0.1767,0.795,0,0,3,1.027,0,0,4.0,0.0,0.0
2026-09-12T05:11:18+00:00,4,2026-09-12T12:30:00Z,player-sim-2.0,player-sim-2.0,player-sim-3.0-candidate,holdout_rejected,0.0,0.0,0.0,0.0,fpl-2026-27,1.0,256,167074,Tete,10,Fulham,Defender,4.4,0.863,0.0,0.863,23.53,0.0,0.0,3.0,0.1962,0.863,0,0,3,0.337,0,0,1.0,0.0033,0.0
2026-09-12T05:11:18+00:00,4,2026-09-12T12:30:00Z,player-sim-2.0,player-sim-2.0,player-sim-3.0-candidate,holdout_rejected,0.0,0.0,0.0,0.0,fpl-2026-27,1.0,257,232892,Bassey,10,Fulham,Defender,4.5,2.268,0.0,2.268,78.37,0.0,2.0,6.0,0.5041,2.268,0,2,6,1.667,0.0,1.0,5.0,0.0017,0.0
2026-09-12T05:11:18+00:00,4,2026-09-12T12:30:00Z,player-sim-2.0,player-sim-2.0,player-sim-3.0-candidate,holdout_rejected,0.0,0.0,0.0,0.0,fpl-2026-27,1.0,258,166477,Castagne,10,Fulham,Defender,4.5,2.302,0.0,2.302,64.14,0.0,1.0,6.0,0.5115,2.302,0,1,6,2.355,0.0,1.0,6.0,0.0267,0.0033
2026-09-12T05:11:18+00:00,4,2026-09-12T12:30:00Z,player-sim-2.0,player-sim-2.0,player-sim-3.0-candidate,holdout_rejected,0.0,0.0,0.0,0.0,fpl-2026-27,1.0312,261,153133,Iwobi,10,Fulham,Midfielder,5.4,2.762,0.0,2.762,74.89,1.0,2.0,5.0,0.5114,2.762,1,2,5,2.172,0,2.0,5.0,0.0017,0.0
2026-09-12T05:11:18+00:00,4,2026-09-12T12:30:00Z,player-sim-2.0,player-sim-2.0,player-sim-3.0-candidate,holdout_rejected,0.0,0.0,0.0,0.0,fpl-2026-27,1.0312,262,209289,Smith Rowe,10,Fulham,Midfielder,5.4,1.487,0.0,1.487,30.89,0.0,1.0,3.0,0.2753,1.487,0,1,3,0.882,0,1.0,2.0,0.0017,0.0
2026-09-12T05:11:18+00:00,4,2026-09-12T12:30:00Z,player-sim-2.0,player-sim-2.0,player-sim-3.0-candidate,holdout_rejected,0.0,0.0,0.0,0.0,fpl-2026-27,1.0312,263,560552,Kevin,10,Fulham,Midfielder,5.4,0.81,0.0,0.81,16.38,0.0,1.0,2.0,0.15,0.81,0,1,2,0.857,0,1.0,2.0,0.0,0.0
2026-09-12T05:11:18+00:00,4,2026-09-12T12:30:00Z,player-sim-2.0,player-sim-2.0,player-sim-3.0-candidate,holdout_rejected,0.0,0.0,0.0,0.0,fpl-2026-27,1.0312,264,477555,Bobb,10,Fulham,Midfielder,5.5,2.045,0.0,2.045,50.79,0.0,2.0,5.0,0.3718,2.045,0,2,5,2.447,0,2.0,6.0,0.0233,0.0017
2026-09-12T05:11:18+00:00,4,2026-09-12T12:30:00Z,player-sim-2.0,player-sim-2.0,player-sim-3.0-candidate,holdout_rejected,0.0,0.0,0.0,0.0,fpl-2026-27,1.0312,265,207189,Berge,10,Fulham,Midfielder,4.9,2.168,0.0,2.168,67.21,1.0,2.0,4.0,0.4425,2.168,1,2,4,1.583,0,1.0,3.0,0.005,0.0
2026-09-12T05:11:18+00:00,4,2026-09-12T12:30:00Z,player-sim-2.0,player-sim-2.0,player-sim-3.0-candidate,holdout_rejected,0.0,0.0,0.0,0.0,fpl-2026-27,1.0312,266,76357,Cairney,10,Fulham,Midfielder,5.0,0.0,0.0,0.0,0.0,0.0,0.0,0.0,0.0,0.0,0,0,0,0.0,0,0,0,0.0,0.0
2026-09-12T05:11:18+00:00,4,2026-09-12T12:30:00Z,player-sim-2.0,player-sim-2.0,player-sim-3.0-candidate,holdout_rejected,0.0,0.0,0.0,0.0,fpl-2026-27,1.0312,268,577725,King,10,Fulham,Midfielder,5.5,2.543,0.0,2.543,62.95,0.0,2.0,7.0,0.4624,2.543,0,2,7,2.778,0,2.0,7.0,0.0333,0.0083
2026-09-12T05:11:18+00:00,4,2026-09-12T12:30:00Z,player-sim-2.0,player-sim-2.0,player-sim-3.0-candidate,holdout_rejected,0.0,0.0,0.0,0.0,fpl-2026-27,1.0,269,184349,Sessegnon,10,Fulham,Defender,4.4,1.62,0.0,1.62,30.64,0.0,1.0,4.0,0.3682,1.62,0,1,4,1.06,0.0,1.0,2.0,0.0,0.0
2026-09-12T05:11:18+00:00,4,2026-09-12T12:30:00Z,player-sim-2.0,player-sim-2.0,player-sim-3.0-candidate,holdout_rejected,0.0,0.0,0.0,0.0,fpl-2026-27,1.0312,270,153366,Reed,10,Fulham,Midfielder,4.5,0.062,0.0,0.062,1.51,0.0,0.0,0.0,0.0137,0.062,0,0,0,0.415,0,0,2.0,0.0017,0.0
2026-09-12T05:11:18+00:00,4,2026-09-12T12:30:00Z,player-sim-2.0,player-sim-2.0,player-sim-3.0-candidate,holdout_rejected,0.0,0.0,0.0,0.0,fpl-2026-27,1.025,271,244042,Muniz,10,Fulham,Forward,5.4,0.94,0.0,0.94,16.55,0.0,1.0,2.0,0.1741,0.94,0,1,2,0.895,0,1.0,2.0,0.0067,0.0017
2026-09-12T05:11:18+00:00,4,2026-09-12T12:30:00Z,player-sim-2.0,player-sim-2.0,player-sim-3.0-candidate,holdout_rejected,0.0,0.0,0.0,0.0,fpl-2026-27,1.025,272,631786,Kusi-Asare,10,Fulham,Forward,4.5,0.012,0.0,0.012,0.16,0.0,0.0,0.0,0.0026,0.012,0,0,0,0.3,0,0,1.0,0.0017,0.0
2026-09-12T05:11:18+00:00,4,2026-09-12T12:30:00Z,player-sim-2.0,player-sim-2.0,player-sim-3.0-candidate,holdout_rejected,0.0,0.0,0.0,0.0,fpl-2026-27,1.025,569,551466,Gonzalo,10,Fulham,Forward,6.0,2.298,0.0,2.298,57.32,0.0,2.0,6.0,0.383,2.298,0,2,6,2.802,0,2.0,7.0,0.0433,0.0067
2026-09-12T05:11:18+00:00,4,2026-09-12T12:30:00Z,player-sim-2.0,player-sim-2.0,player-sim-3.0-candidate,holdout_rejected,0.0,0.0,0.0,0.0,fpl-2026-27,1.0312,570,571779,Palacios,10,Fulham,Midfielder,5.5,2.018,0.0,2.018,48.62,0.0,2.0,5.0,0.367,2.018,0,2,5,2.267,0,2.0,6.0,0.0167,0.0017
2026-09-12T05:11:18+00:00,4,2026-09-12T12:30:00Z,player-sim-2.0,player-sim-2.0,player-sim-3.0-candidate,holdout_rejected,0.0,0.0,0.0,0.0,fpl-2026-27,1.0312,580,463210,Charles,10,Fulham,Midfielder,5.0,1.327,0.0,1.327,33.94,0.0,1.0,3.0,0.2653,1.327,0,1,3,1.447,0.0,1.0,3.0,0.0033,0.0017
2026-09-12T05:11:18+00:00,4,2026-09-12T12:30:00Z,player-sim-2.0,player-sim-2.0,player-sim-3.0-candidate,holdout_rejected,0.0,0.0,0.0,0.0,fpl-2026-27,1.0,610,547686,De Fougerolles,10,Fulham,Defender,4.0,0.0,0.0,0.0,0.0,0.0,0.0,0.0,0.0,0.0,0,0,0,0.0,0,0,0,0.0,0.0
2026-09-12T05:11:18+00:00,4,2026-09-12T12:30:00Z,player-sim-2.0,player-sim-2.0,player-sim-3.0-candidate,holdout_rejected,0.0,0.0,0.0,0.0,fpl-2026-27,1.0375,626,616069,Zepa,10,Fulham,Midfielder,4.5,0.692,0.0,0.692,18.5,0.0,0.0,2.0,0.1537,0.692,0,0,2,0.567,0,0,2.0,0.0017,0.0
2026-09-12T05:11:18+00:00,4,2026-09-12T12:30:00Z,player-sim-2.0,player-sim-2.0,player-sim-3.0-candidate,holdout_rejected,0.0,0.0,0.0,0.0,fpl-2026-27,1.0437,635,551050,Larsson,10,Fulham,Midfielder,5.0,1.137,0.0,1.137,27.53,0.0,1.0,3.0,0.2273,1.137,0,1,3,1.065,0,1.0,2.0,0.0033,0.0
2026-09-12T05:11:18+00:00,4,2026-09-12T12:30:00Z,player-sim-2.0,player-sim-2.0,player-sim-3.0-candidate,holdout_rejected,0.0,0.0,0.0,0.0,fpl-2026-27,1.0437,636,500033,Ángel,10,Fulham,Midfielder,5.0,0.798,0.0,0.798,22.31,0.0,0.0,2.0,0.1597,0.798,0,0,2,0.755,0,0,2.0,0.0017,0.0
2026-09-12T05:11:18+00:00,4,2026-09-12T12:30:00Z,player-sim-2.0,player-sim-2.0,player-sim-3.0-candidate,holdout_rejected,0.0,0.0,0.0,0.0,fpl-2026-27,1.0,650,442299,Affengruber,10,Fulham,Defender,4.5,0.932,0.0,0.932,26.55,0.0,0.0,3.0,0.207,0.932,0,0,3,0.703,0,0.0,2.0,0.0017,0.0
2026-09-12T05:11:18+00:00,4,2026-09-12T12:30:00Z,player-sim-2.0,player-sim-2.0,player-sim-3.0-candidate,holdout_rejected,0.0,0.0,0.0,0.0,fpl-2026-27,1.0312,240,490094,Iroegbunam,11,Hull City,Midfielder,5.0,0.815,0.0,0.815,20.71,0.0,0.0,2.0,0.163,0.815,0,0,2,0.503,0,0,1.0,0.0,0.0
2026-09-12T05:11:18+00:00,4,2026-09-12T12:30:00Z,player-sim-2.0,player-sim-2.0,player-sim-3.0-candidate,holdout_rejected,0.0,0.0,0.0,0.0,fpl-2026-27,1.05,273,167825,Phillips,11,Hull City,Goalkeeper,4.0,0.345,0.0,0.345,9.58,0.0,0.0,1.0,0.0862,0.345,0,0,1,0.39,0,0,1.0,0.0,0.0
2026-09-12T05:11:18+00:00,4,2026-09-12T12:30:00Z,player-sim-2.0,player-sim-2.0,player-sim-3.0-candidate,holdout_rejected,0.0,0.0,0.0,0.0,fpl-2026-27,1.05,274,105666,Butland,11,Hull City,Goalkeeper,4.5,0.0,0.0,0.0,0.0,0.0,0.0,0.0,0.0,0.0,0,0,0,0.0,0,0,0,0.0,0.0
2026-09-12T05:11:18+00:00,4,2026-09-12T12:30:00Z,player-sim-2.0,player-sim-2.0,player-sim-3.0-candidate,holdout_rejected,0.0,0.0,0.0,0.0,fpl-2026-27,1.05,275,494950,Cartwright,11,Hull City,Goalkeeper,4.0,0.0,0.0,0.0,0.0,0.0,0.0,0.0,0.0,0.0,0,0,0,0.0,0,0,0,0.0,0.0
2026-09-12T05:11:18+00:00,4,2026-09-12T12:30:00Z,player-sim-2.0,player-sim-2.0,player-sim-3.0-candidate,holdout_rejected,0.0,0.0,0.0,0.0,fpl-2026-27,1.05,276,444307,Lo-Tutala,11,Hull City,Goalkeeper,4.0,0.0,0.0,0.0,0.0,0.0,0.0,0.0,0.0,0.0,0,0,0,0.0,0,0,0,0.0,0.0
2026-09-12T05:11:18+00:00,4,2026-09-12T12:30:00Z,player-sim-2.0,player-sim-2.0,player-sim-3.0-candidate,holdout_rejected,0.0,0.0,0.0,0.0,fpl-2026-27,1.0,277,108416,Egan,11,Hull City,Defender,4.1,1.57,0.0,1.57,52.1,0.0,1.0,6.0,0.3829,1.57,0,1,6,1.888,0,1.0,6.0,0.0033,0.0
2026-09-12T05:11:18+00:00,4,2026-09-12T12:30:00Z,player-sim-2.0,player-sim-2.0,player-sim-3.0-candidate,holdout_rejected,0.0,0.0,0.0,0.0,fpl-2026-27,1.0,278,501902,Hughes,11,Hull City,Defender,4.0,0.0,0.0,0.0,0.0,0.0,0.0,0.0,0.0,0.0,0,0,0,0.0,0,0,0,0.0,0.0
2026-09-12T05:11:18+00:00,4,2026-09-12T12:30:00Z,player-sim-2.0,player-sim-2.0,player-sim-3.0-candidate,holdout_rejected,0.0,0.0,0.0,0.0,fpl-2026-27,1.0,279,146426,Ajayi,11,Hull City,Defender,4.2,1.637,0.0,1.637,52.1,1.0,1.0,3.0,0.3897,1.637,1,1,3,1.942,0.0,1.0,6.0,0.0133,0.0
2026-09-12T05:11:18+00:00,4,2026-09-12T12:30:00Z,player-sim-2.0,player-sim-2.0,player-sim-3.0-candidate,holdout_rejected,0.0,0.0,0.0,0.0,fpl-2026-27,1.0,280,193278,Coyle,11,Hull City,Defender,4.0,1.437,0.0,1.437,44.12,0.0,1.0,4.0,0.3592,1.437,0,1,4,1.83,0,1.0,6.0,0.005,0.0
2026-09-12T05:11:18+00:00,4,2026-09-12T12:30:00Z,player-sim-2.0,player-sim-2.0,player-sim-3.0-candidate,holdout_rejected,0.0,0.0,0.0,0.0,fpl-2026-27,1.0,281,433590,Drameh,11,Hull City,Defender,4.0,0.0,0.0,0.0,0.0,0.0,0.0,0.0,0.0,0.0,0,0,0,0.0,0,0,0,0.0,0.0
2026-09-12T05:11:18+00:00,4,2026-09-12T12:30:00Z,player-sim-2.0,player-sim-2.0,player-sim-3.0-candidate,holdout_rejected,0.0,0.0,0.0,0.0,fpl-2026-27,1.0,282,232351,Giles,11,Hull City,Defender,4.0,1.497,0.0,1.497,50.15,0.0,1.0,6.0,0.3742,1.497,0,1,6,1.753,0,1.0,6.0,0.0017,0.0
2026-09-12T05:11:18+00:00,4,2026-09-12T12:30:00Z,player-sim-2.0,player-sim-2.0,player-sim-3.0-candidate,holdout_rejected,0.0,0.0,0.0,0.0,fpl-2026-27,1.0,283,449428,Jacob,11,Hull City,Defender,4.0,0.0,0.0,0.0,0.0,0.0,0.0,0.0,0.0,0.0,0,0,0,0.0,0,0,0,0.0,0.0
2026-09-12T05:11:18+00:00,4,2026-09-12T12:30:00Z,player-sim-2.0,player-sim-2.0,player-sim-3.0-candidate,holdout_rejected,0.0,0.0,0.0,0.0,fpl-2026-27,1.0,284,661800,McCarthy,11,Hull City,Defender,4.0,0.513,0.0,0.513,15.31,0.0,0.0,2.0,0.1283,0.513,0,0,2,0.447,0,0,1.0,0.0017,0.0017
2026-09-12T05:11:18+00:00,4,2026-09-12T12:30:00Z,player-sim-2.0,player-sim-2.0,player-sim-3.0-candidate,holdout_rejected,0.0,0.0,0.0,0.0,fpl-2026-27,1.0,285,160817,McNair,11,Hull City,Defender,4.0,0.273,0.0,0.273,4.44,0.0,0.0,1.0,0.0683,0.273,0,0,1,0.547,0,0.0,1.0,0.0,0.0
2026-09-12T05:11:18+00:00,4,2026-09-12T12:30:00Z,player-sim-2.0,player-sim-2.0,player-sim-3.0-candidate,holdout_rejected,0.0,0.0,0.0,0.0,fpl-2026-27,1.0312,286,540324,Belloumi,11,Hull City,Midfielder,5.0,2.067,0.0,2.067,56.98,0.0,2.0,4.0,0.4133,2.067,0,2,4,2.052,0,2.0,4.0,0.0033,0.0
2026-09-12T05:11:18+00:00,4,2026-09-12T12:30:00Z,player-sim-2.0,player-sim-2.0,player-sim-3.0-candidate,holdout_rejected,0.0,0.0,0.0,0.0,fpl-2026-27,1.0312,287,232905,Millar,11,Hull City,Midfielder,5.0,0.0,0.0,0.0,0.0,0.0,0.0,0.0,0.0,0.0,0,0,0,0.0,0,0,0,0.0,0.0
2026-09-12T05:11:18+00:00,4,2026-09-12T12:30:00Z,player-sim-2.0,player-sim-2.0,player-sim-3.0-candidate,holdout_rejected,0.0,0.0,0.0,0.0,fpl-2026-27,1.0312,288,171270,Dowell,11,Hull City,Midfielder,4.5,0.238,0.0,0.238,3.99,0.0,0.0,1.0,0.053,0.238,0,0,1,0.288,0,0,1.0,0.0,0.0
2026-09-12T05:11:18+00:00,4,2026-09-12T12:30:00Z,player-sim-2.0,player-sim-2.0,player-sim-3.0-candidate,holdout_rejected,0.0,0.0,0.0,0.0,fpl-2026-27,1.0312,289,101282,Crooks,11,Hull City,Midfielder,4.5,0.862,0.0,0.862,25.25,0.0,0.0,3.0,0.1915,0.862,0,0,3,0.747,0,0,2.0,0.0,0.0
2026-09-12T05:11:18+00:00,4,2026-09-12T12:30:00Z,player-sim-2.0,player-sim-2.0,player-sim-3.0-candidate,holdout_rejected,0.0,0.0,0.0,0.0,fpl-2026-27,1.0312,290,243413,Slater,11,Hull City,Midfielder,4.5,1.923,0.0,1.923,62.36,0.0,2.0,4.0,0.4274,1.923,0,2,4,2.05,0,2.0,4.0,0.0017,0.0
2026-09-12T05:11:18+00:00,4,2026-09-12T12:30:00Z,player-sim-2.0,player-sim-2.0,player-sim-3.0-candidate,holdout_rejected,0.0,0.0,0.0,0.0,fpl-2026-27,1.0312,291,465525,Matazo,11,Hull City,Midfielder,4.5,0.0,0.0,0.0,0.0,0.0,0.0,0.0,0.0,0.0,0,0,0,0.0,0,0,0,0.0,0.0
2026-09-12T05:11:18+00:00,4,2026-09-12T12:30:00Z,player-sim-2.0,player-sim-2.0,player-sim-3.0-candidate,holdout_rejected,0.0,0.0,0.0,0.0,fpl-2026-27,1.0312,292,208481,Ömür,11,Hull City,Midfielder,4.9,0.498,0.0,0.498,13.85,0.0,0.0,2.0,0.1017,0.498,0,0,2,0.302,0,0,1.0,0.0,0.0
2026-09-12T05:11:18+00:00,4,2026-09-12T12:30:00Z,player-sim-2.0,player-sim-2.0,player-sim-3.0-candidate,holdout_rejected,0.0,0.0,0.0,0.0,fpl-2026-27,1.0312,293,490161,Kamara,11,Hull City,Midfielder,5.0,0.0,0.0,0.0,0.0,0.0,0.0,0.0,0.0,0.0,0,0,0,0.0,0,0,0,0.0,0.0
2026-09-12T05:11:18+00:00,4,2026-09-12T12:30:00Z,player-sim-2.0,player-sim-2.0,player-sim-3.0-candidate,holdout_rejected,0.0,0.0,0.0,0.0,fpl-2026-27,1.0312,294,553783,Zambrano,11,Hull City,Midfielder,4.5,0.427,0.0,0.427,11.77,0.0,0.0,2.0,0.0948,0.427,0,0,2,0.47,0,0,2.0,0.0033,0.0
2026-09-12T05:11:18+00:00,4,2026-09-12T12:30:00Z,player-sim-2.0,player-sim-2.0,player-sim-3.0-candidate,holdout_rejected,0.0,0.0,0.0,0.0,fpl-2026-27,1.025,295,169432,McBurnie,11,Hull City,Forward,5.5,2.462,0.0,2.462,61.96,0.0,2.0,6.0,0.4476,2.462,0,2,6,2.1,0,2.0,6.0,0.01,0.0
2026-09-12T05:11:18+00:00,4,2026-09-12T12:30:00Z,player-sim-2.0,player-sim-2.0,player-sim-3.0-candidate,holdout_rejected,0.0,0.0,0.0,0.0,fpl-2026-27,1.0312,296,213292,Akintola,11,Hull City,Midfielder,5.0,0.0,0.0,0.0,0.0,0.0,0.0,0.0,0.0,0.0,0,0,0,0.0,0,0,0,0.0,0.0
2026-09-12T05:11:18+00:00,4,2026-09-12T12:30:00Z,player-sim-2.0,player-sim-2.0,player-sim-3.0-candidate,holdout_rejected,0.0,0.0,0.0,0.0,fpl-2026-27,1.0312,297,470294,Gyabi,11,Hull City,Midfielder,4.5,0.0,0.0,0.0,0.0,0.0,0.0,0.0,0.0,0.0,0,0,0,0.0,0,0,0,0.0,0.0
2026-09-12T05:11:18+00:00,4,2026-09-12T12:30:00Z,player-sim-2.0,player-sim-2.0,player-sim-3.0-candidate,holdout_rejected,0.0,0.0,0.0,0.0,fpl-2026-27,1.025,298,500957,Destan,11,Hull City,Forward,4.5,0.0,0.0,0.0,0.0,0.0,0.0,0.0,0.0,0.0,0,0,0,0.0,0,0,0,0.0,0.0
2026-09-12T05:11:18+00:00,4,2026-09-12T12:30:00Z,player-sim-2.0,player-sim-2.0,player-sim-3.0-candidate,holdout_rejected,0.0,0.0,0.0,0.0,fpl-2026-27,1.025,299,534392,Burstow,11,Hull City,Forward,4.5,0.0,0.0,0.0,0.0,0.0,0.0,0.0,0.0,0.0,0,0,0,0.0,0,0,0,0.0,0.0
2026-09-12T05:11:18+00:00,4,2026-09-12T12:30:00Z,player-sim-2.0,player-sim-2.0,player-sim-3.0-candidate,holdout_rejected,0.0,0.0,0.0,0.0,fpl-2026-27,1.0312,340,462635,Gelhardt,11,Hull City,Midfielder,5.0,0.513,0.0,0.513,13.52,0.0,0.0,2.0,0.1027,0.513,0,0,2,0.352,0,0,1.0,0.0,0.0
2026-09-12T05:11:18+00:00,4,2026-09-12T12:30:00Z,player-sim-2.0,player-sim-2.0,player-sim-3.0-candidate,holdout_rejected,0.0,0.0,0.0,0.0,fpl-2026-27,1.0,556,169359,Targett,11,Hull City,Defender,4.0,0.635,0.0,0.635,15.74,0.0,0.0,2.0,0.1588,0.635,0,0,2,0.598,0,0,1.0,0.0,0.0
2026-09-12T05:11:18+00:00,4,2026-09-12T12:30:00Z,player-sim-2.0,player-sim-2.0,player-sim-3.0-candidate,holdout_rejected,0.0,0.0,0.0,0.0,fpl-2026-27,1.0312,563,445028,Morita,11,Hull City,Midfielder,5.0,0.0,0.0,0.0,0.0,0.0,0.0,0.0,0.0,0.0,0,0,0,0.0,0,0,0,0.0,0.0
2026-09-12T05:11:18+00:00,4,2026-09-12T12:30:00Z,player-sim-2.0,player-sim-2.0,player-sim-3.0-candidate,holdout_rejected,0.0,0.0,0.0,0.0,fpl-2026-27,1.05,572,473284,Tzolakis,11,Hull City,Goalkeeper,4.6,2.248,0.0,2.248,57.18,0.0,2.0,6.0,0.4888,2.248,0,2,6,2.518,0,2.0,7.0,0.0017,0.0
2026-09-12T05:11:18+00:00,4,2026-09-12T12:30:00Z,player-sim-2.0,player-sim-2.0,player-sim-3.0-candidate,holdout_rejected,0.0,0.0,0.0,0.0,fpl-2026-27,1.0312,574,552946,Hjertø-Dahl,11,Hull City,Midfielder,4.9,0.638,0.0,0.638,14.08,0.0,0.0,2.0,0.1303,0.638,0,0,2,0.588,0,0,2.0,0.0,0.0
2026-09-12T05:11:18+00:00,4,2026-09-12T12:30:00Z,player-sim-2.0,player-sim-2.0,player-sim-3.0-candidate,holdout_rejected,0.0,0.0,0.0,0.0,fpl-2026-27,1.0312,576,608227,Stroud,11,Hull City,Midfielder,5.0,1.67,0.0,1.67,43.89,0.0,2.0,3.0,0.334,1.67,0,2,3,1.843,0,2.0,3.0,0.0033,0.0
2026-09-12T05:11:18+00:00,4,2026-09-12T12:30:00Z,player-sim-2.0,player-sim-2.0,player-sim-3.0-candidate,holdout_rejected,0.0,0.0,0.0,0.0,fpl-2026-27,1.0,585,597462,Herrington,11,Hull City,Defender,4.0,0.987,0.0,0.987,22.29,0.0,1.0,2.0,0.2467,0.987,0,1,2,1.023,0,1.0,2.0,0.0,0.0
2026-09-12T05:11:18+00:00,4,2026-09-12T12:30:00Z,player-sim-2.0,player-sim-2.0,player-sim-3.0-candidate,holdout_rejected,0.0,0.0,0.0,0.0,fpl-2026-27,1.0,586,606930,Mendy,11,Hull City,Defender,4.1,1.962,0.0,1.962,46.4,0.0,1.0,6.0,0.4785,1.962,0,1,6,2.518,0,2.0,6.0,0.01,0.0
2026-09-12T05:11:18+00:00,4,2026-09-12T12:30:00Z,player-sim-2.0,player-sim-2.0,player-sim-3.0-candidate,holdout_rejected,0.0,0.0,0.0,0.0,fpl-2026-27,1.0312,589,469266,Gourna-Douath,11,Hull City,Midfielder,5.0,1.127,0.0,1.127,28.56,0.0,1.0,3.0,0.2253,1.127,0,1,3,1.018,0,1.0,2.0,0.0017,0.0
2026-09-12T05:11:18+00:00,4,2026-09-12T12:30:00Z,player-sim-2.0,player-sim-2.0,player-sim-3.0-candidate,holdout_rejected,0.0,0.0,0.0,0.0,fpl-2026-27,1.0375,617,490884,Cho,11,Hull City,Midfielder,5.0,1.075,0.0,1.075,22.25,0.0,1.0,2.0,0.215,1.075,0,1,2,0.992,0,1.0,2.0,0.0,0.0
2026-09-12T05:11:18+00:00,4,2026-09-12T12:30:00Z,player-sim-2.0,player-sim-2.0,player-sim-3.0-candidate,holdout_rejected,0.0,0.0,0.0,0.0,fpl-2026-27,1.035,632,626751,Ansah,11,Hull City,Forward,5.0,0.0,0.0,0.0,0.0,0.0,0.0,0.0,0.0,0.0,0,0,0,0.0,0,0,0,0.0,0.0
2026-09-12T05:11:18+00:00,4,2026-09-12T12:30:00Z,player-sim-2.0,player-sim-2.0,player-sim-3.0-candidate,holdout_rejected,0.0,0.0,0.0,0.0,fpl-2026-27,1.035,637,631000,Vaz,11,Hull City,Forward,5.0,0.742,0.0,0.742,17.11,0.0,0.0,2.0,0.1483,0.742,0,0,2,0.655,0,0,2.0,0.005,0.0
2026-09-12T05:11:18+00:00,4,2026-09-12T12:30:00Z,player-sim-2.0,player-sim-2.0,player-sim-3.0-candidate,holdout_rejected,0.0,0.0,0.0,0.0,fpl-2026-27,1.0,638,496181,Norton-Cuffy,11,Hull City,Defender,4.0,1.057,0.0,1.057,27.66,0.0,0.0,3.0,0.2642,1.057,0,0,3,0.97,0,1.0,2.0,0.005,0.0
2026-09-12T05:11:18+00:00,4,2026-09-12T12:30:00Z,player-sim-2.0,player-sim-2.0,player-sim-3.0-candidate,holdout_rejected,0.0,0.0,0.0,0.0,fpl-2026-27,1.0437,642,243951,Thomas,11,Hull City,Midfielder,5.5,1.055,0.0,1.055,26.2,0.0,1.0,3.0,0.1918,1.055,0,1,3,1.133,0,1.0,3.0,0.0033,0.0
2026-09-12T05:11:18+00:00,4,2026-09-12T12:30:00Z,player-sim-2.0,player-sim-2.0,player-sim-3.0-candidate,holdout_rejected,0.0,0.0,0.0,0.0,fpl-2026-27,1.0437,645,647839,Mouzakitis,11,Hull City,Midfielder,5.0,0.845,0.0,0.845,24.29,0.0,0.0,3.0,0.169,0.845,0,0,3,0.732,0,0,2.0,0.0017,0.0
2026-09-12T05:11:18+00:00,4,2026-09-12T12:30:00Z,player-sim-2.0,player-sim-2.0,player-sim-3.0-candidate,holdout_rejected,0.0,0.0,0.0,0.0,fpl-2026-27,1.0,259,219924,Diop,12,Ipswich Town,Defender,4.0,1.98,0.0,1.98,55.75,0.0,1.0,6.0,0.495,1.98,0,1,6,2.187,0,1.0,6.0,0.0,0.0
2026-09-12T05:11:18+00:00,4,2026-09-12T12:30:00Z,player-sim-2.0,player-sim-2.0,player-sim-3.0-candidate,holdout_rejected,0.0,0.0,0.0,0.0,fpl-2026-27,1.0312,267,212314,Lukić,12,Ipswich Town,Midfielder,5.0,2.31,0.0,2.31,67.15,0.0,2.0,5.0,0.462,2.31,0,2,5,1.877,0,2.0,4.0,0.005,0.0
2026-09-12T05:11:18+00:00,4,2026-09-12T12:30:00Z,player-sim-2.0,player-sim-2.0,player-sim-3.0-candidate,holdout_rejected,0.0,0.0,0.0,0.0,fpl-2026-27,1.05,300,108813,Walton,12,Ipswich Town,Goalkeeper,4.4,0.298,0.0,0.298,8.15,0.0,0.0,1.0,0.0678,0.298,0,0,1,0.292,0,0,0,0.0,0.0
2026-09-12T05:11:18+00:00,4,2026-09-12T12:30:00Z,player-sim-2.0,player-sim-2.0,player-sim-3.0-candidate,holdout_rejected,0.0,0.0,0.0,0.0,fpl-2026-27,1.05,301,112520,Palmer,12,Ipswich Town,Goalkeeper,4.0,0.627,0.0,0.627,16.91,0.0,0.0,2.0,0.1567,0.627,0,0,2,0.308,0,0,1.0,0.0,0.0
2026-09-12T05:11:18+00:00,4,2026-09-12T12:30:00Z,player-sim-2.0,player-sim-2.0,player-sim-3.0-candidate,holdout_rejected,0.0,0.0,0.0,0.0,fpl-2026-27,1.05,302,50093,Button,12,Ipswich Town,Goalkeeper,4.0,0.025,0.0,0.025,0.47,0.0,0.0,0.0,0.0063,0.025,0,0,0,0.33,0,0,1.0,0.0,0.0
2026-09-12T05:11:18+00:00,4,2026-09-12T12:30:00Z,player-sim-2.0,player-sim-2.0,player-sim-3.0-candidate,holdout_rejected,0.0,0.0,0.0,0.0,fpl-2026-27,1.0,303,183015,Kipré,12,Ipswich Town,Defender,4.0,0.487,0.0,0.487,13.31,0.0,0.0,2.0,0.1217,0.487,0,0,2,0.315,0,0,1.0,0.0,0.0
2026-09-12T05:11:18+00:00,4,2026-09-12T12:30:00Z,player-sim-2.0,player-sim-2.0,player-sim-3.0-candidate,holdout_rejected,0.0,0.0,0.0,0.0,fpl-2026-27,1.0,304,216616,O'Shea,12,Ipswich Town,Defender,4.0,3.328,0.0,3.328,85.97,1.0,3.0,7.0,0.8321,3.328,1,3,7,2.497,0,2.0,6.0,0.0067,0.0017
2026-09-12T05:11:18+00:00,4,2026-09-12T12:30:00Z,player-sim-2.0,player-sim-2.0,player-sim-3.0-candidate,holdout_rejected,0.0,0.0,0.0,0.0,fpl-2026-27,1.0,305,455084,Davis,12,Ipswich Town,Defender,4.0,2.875,0.0,2.875,81.36,1.0,2.0,7.0,0.7188,2.875,1,2,7,2.54,0,1.0,7.0,0.0333,0.0033
2026-09-12T05:11:18+00:00,4,2026-09-12T12:30:00Z,player-sim-2.0,player-sim-2.0,player-sim-3.0-candidate,holdout_rejected,0.0,0.0,0.0,0.0,fpl-2026-27,1.0,306,449429,Greaves,12,Ipswich Town,Defender,4.0,2.465,0.0,2.465,73.63,0.0,2.0,6.0,0.6162,2.465,0,2,6,2.062,0,1.0,6.0,0.0017,0.0
2026-09-12T05:11:18+00:00,4,2026-09-12T12:30:00Z,player-sim-2.0,player-sim-2.0,player-sim-3.0-candidate,holdout_rejected,0.0,0.0,0.0,0.0,fpl-2026-27,1.0,307,222018,Johnson,12,Ipswich Town,Defender,4.0,0.0,0.0,0.0,0.0,0.0,0.0,0.0,0.0,0.0,0,0,0,0.0,0,0,0,0.0,0.0
2026-09-12T05:11:18+00:00,4,2026-09-12T12:30:00Z,player-sim-2.0,player-sim-2.0,player-sim-3.0-candidate,holdout_rejected,0.0,0.0,0.0,0.0,fpl-2026-27,1.0,308,176420,Furlong,12,Ipswich Town,Defender,4.0,0.705,0.0,0.705,12.49,0.0,1.0,1.0,0.1762,0.705,0,1,1,0.49,0,0,1.0,0.0,0.0
2026-09-12T05:11:18+00:00,4,2026-09-12T12:30:00Z,player-sim-2.0,player-sim-2.0,player-sim-3.0-candidate,holdout_rejected,0.0,0.0,0.0,0.0,fpl-2026-27,1.0312,309,501390,Núñez,12,Ipswich Town,Midfielder,5.0,1.363,0.0,1.363,35.75,0.0,1.0,3.0,0.2727,1.363,0,1,3,1.345,0,1.0,3.0,0.005,0.0
2026-09-12T05:11:18+00:00,4,2026-09-12T12:30:00Z,player-sim-2.0,player-sim-2.0,player-sim-3.0-candidate,holdout_rejected,0.0,0.0,0.0,0.0,fpl-2026-27,1.0312,310,241117,Matusiwa,12,Ipswich Town,Midfielder,4.9,0.51,0.0,0.51,13.81,0.0,0.0,2.0,0.1041,0.51,0,0,2,0.43,0,0,2.0,0.0,0.0
2026-09-12T05:11:18+00:00,4,2026-09-12T12:30:00Z,player-sim-2.0,player-sim-2.0,player-sim-3.0-candidate,holdout_rejected,0.0,0.0,0.0,0.0,fpl-2026-27,1.0312,311,149929,Burns,12,Ipswich Town,Midfielder,5.0,0.0,0.0,0.0,0.0,0.0,0.0,0.0,0.0,0.0,0,0,0,0.0,0,0,0,0.0,0.0
2026-09-12T05:11:18+00:00,4,2026-09-12T12:30:00Z,player-sim-2.0,player-sim-2.0,player-sim-3.0-candidate,holdout_rejected,0.0,0.0,0.0,0.0,fpl-2026-27,1.0312,312,231899,Taylor,12,Ipswich Town,Midfielder,4.5,0.0,0.0,0.0,0.0,0.0,0.0,0.0,0.0,0.0,0,0,0,0.0,0,0,0,0.0,0.0
2026-09-12T05:11:18+00:00,4,2026-09-12T12:30:00Z,player-sim-2.0,player-sim-2.0,player-sim-3.0-candidate,holdout_rejected,0.0,0.0,0.0,0.0,fpl-2026-27,1.0312,313,443261,Clarke,12,Ipswich Town,Midfielder,5.4,0.982,0.0,0.982,21.03,0.0,1.0,2.0,0.1818,0.982,0,1,2,0.957,0,1.0,2.0,0.0,0.0
2026-09-12T05:11:18+00:00,4,2026-09-12T12:30:00Z,player-sim-2.0,player-sim-2.0,player-sim-3.0-candidate,holdout_rejected,0.0,0.0,0.0,0.0,fpl-2026-27,1.0312,314,229164,Ogbene,12,Ipswich Town,Midfielder,4.9,0.0,0.0,0.0,0.0,0.0,0.0,0.0,0.0,0.0,0,0,0,0.0,0,0,0,0.0,0.0
2026-09-12T05:11:18+00:00,4,2026-09-12T12:30:00Z,player-sim-2.0,player-sim-2.0,player-sim-3.0-candidate,holdout_rejected,0.0,0.0,0.0,0.0,fpl-2026-27,1.0312,315,531442,Fatawu,12,Ipswich Town,Midfielder,5.5,1.83,0.0,1.83,44.48,0.0,2.0,5.0,0.3327,1.83,0,2,5,2.295,0,2.0,5.0,0.0067,0.0
2026-09-12T05:11:18+00:00,4,2026-09-12T12:30:00Z,player-sim-2.0,player-sim-2.0,player-sim-3.0-candidate,holdout_rejected,0.0,0.0,0.0,0.0,fpl-2026-27,1.025,316,543968,Emersonn,12,Ipswich Town,Forward,5.5,2.188,0.0,2.188,42.16,0.0,2.0,6.0,0.3979,2.188,0,2,6,2.233,0,2.0,6.0,0.015,0.0017
2026-09-12T05:11:18+00:00,4,2026-09-12T12:30:00Z,player-sim-2.0,player-sim-2.0,player-sim-3.0-candidate,holdout_rejected,0.0,0.0,0.0,0.0,fpl-2026-27,1.025,317,222625,Hirst,12,Ipswich Town,Forward,5.0,0.0,0.0,0.0,0.0,0.0,0.0,0.0,0.0,0.0,0,0,0,0.0,0,0,0,0.0,0.0
2026-09-12T05:11:18+00:00,4,2026-09-12T12:30:00Z,player-sim-2.0,player-sim-2.0,player-sim-3.0-candidate,holdout_rejected,0.0,0.0,0.0,0.0,fpl-2026-27,1.0312,318,481624,Philogene,12,Ipswich Town,Midfielder,5.4,0.38,0.0,0.38,9.91,0.0,0.0,1.0,0.0704,0.38,0,0,1,0.445,0,0,2.0,0.0017,0.0
2026-09-12T05:11:18+00:00,4,2026-09-12T12:30:00Z,player-sim-2.0,player-sim-2.0,player-sim-3.0-candidate,holdout_rejected,0.0,0.0,0.0,0.0,fpl-2026-27,1.0312,319,172453,Szmodics,12,Ipswich Town,Midfielder,5.0,0.0,0.0,0.0,0.0,0.0,0.0,0.0,0.0,0.0,0,0,0,0.0,0,0,0,0.0,0.0
2026-09-12T05:11:18+00:00,4,2026-09-12T12:30:00Z,player-sim-2.0,player-sim-2.0,player-sim-3.0-candidate,holdout_rejected,0.0,0.0,0.0,0.0,fpl-2026-27,1.025,320,147675,Akpom,12,Ipswich Town,Forward,5.0,1.135,0.0,1.135,19.67,0.0,1.0,3.0,0.227,1.135,0,1,3,1.113,0,1.0,2.0,0.01,0.0
2026-09-12T05:11:18+00:00,4,2026-09-12T12:30:00Z,player-sim-2.0,player-sim-2.0,player-sim-3.0-candidate,holdout_rejected,0.0,0.0,0.0,0.0,fpl-2026-27,1.025,321,557012,Walle Egeli,12,Ipswich Town,Forward,4.5,0.632,0.0,0.632,14.39,0.0,0.0,2.0,0.1404,0.632,0,0,2,0.657,0,0,2.0,0.0033,0.0
2026-09-12T05:11:18+00:00,4,2026-09-12T12:30:00Z,player-sim-2.0,player-sim-2.0,player-sim-3.0-candidate,holdout_rejected,0.0,0.0,0.0,0.0,fpl-2026-27,1.025,322,462387,Al-Hamadi,12,Ipswich Town,Forward,5.0,0.0,0.0,0.0,0.0,0.0,0.0,0.0,0.0,0.0,0,0,0,0.0,0,0,0,0.0,0.0
2026-09-12T05:11:18+00:00,4,2026-09-12T12:30:00Z,player-sim-2.0,player-sim-2.0,player-sim-3.0-candidate,holdout_rejected,0.0,0.0,0.0,0.0,fpl-2026-27,1.0312,323,461587,McAteer,12,Ipswich Town,Midfielder,4.5,0.953,0.0,0.953,17.8,0.0,1.0,2.0,0.2118,0.953,0,1,2,1.092,0,1.0,2.0,0.0,0.0
2026-09-12T05:11:18+00:00,4,2026-09-12T12:30:00Z,player-sim-2.0,player-sim-2.0,player-sim-3.0-candidate,holdout_rejected,0.0,0.0,0.0,0.0,fpl-2026-27,1.0312,324,232457,Mehmeti,12,Ipswich Town,Midfielder,4.9,0.592,0.0,0.592,15.91,0.0,0.0,2.0,0.1208,0.592,0,0,2,0.393,0,0,2.0,0.0,0.0
2026-09-12T05:11:18+00:00,4,2026-09-12T12:30:00Z,player-sim-2.0,player-sim-2.0,player-sim-3.0-candidate,holdout_rejected,0.0,0.0,0.0,0.0,fpl-2026-27,1.05,554,546600,Van Oevelen,12,Ipswich Town,Goalkeeper,4.5,0.0,0.0,0.0,0.0,0.0,0.0,0.0,0.0,0.0,0,0,0,0.0,0,0,0,0.0,0.0
2026-09-12T05:11:18+00:00,4,2026-09-12T12:30:00Z,player-sim-2.0,player-sim-2.0,player-sim-3.0-candidate,holdout_rejected,0.0,0.0,0.0,0.0,fpl-2026-27,1.0312,562,442967,Maeda,12,Ipswich Town,Midfielder,5.4,2.028,0.0,2.028,51.7,0.0,2.0,4.0,0.3756,2.028,0,2,4,2.363,0,2.0,6.0,0.01,0.0
2026-09-12T05:11:18+00:00,4,2026-09-12T12:30:00Z,player-sim-2.0,player-sim-2.0,player-sim-3.0-candidate,holdout_rejected,0.0,0.0,0.0,0.0,fpl-2026-27,1.05,564,240514,Scherpen,12,Ipswich Town,Goalkeeper,4.5,2.005,0.0,2.005,53.19,0.0,2.0,6.0,0.4456,2.005,0,2,6,2.313,0,2.0,7.0,0.0,0.0
2026-09-12T05:11:18+00:00,4,2026-09-12T12:30:00Z,player-sim-2.0,player-sim-2.0,player-sim-3.0-candidate,holdout_rejected,0.0,0.0,0.0,0.0,fpl-2026-27,1.0312,571,216055,Florentino,12,Ipswich Town,Midfielder,4.9,1.148,0.0,1.148,28.25,0.0,0.0,3.0,0.2343,1.148,0,0,3,0.435,0,0,2.0,0.0,0.0
2026-09-12T05:11:18+00:00,4,2026-09-12T12:30:00Z,player-sim-2.0,player-sim-2.0,player-sim-3.0-candidate,holdout_rejected,0.0,0.0,0.0,0.0,fpl-2026-27,1.0312,591,474120,Enciso,12,Ipswich Town,Midfielder,5.5,2.25,0.0,2.25,57.35,0.0,2.0,6.0,0.4091,2.25,0,2,6,2.507,0,2.0,7.0,0.0367,0.0
2026-09-12T05:11:18+00:00,4,2026-09-12T12:30:00Z,player-sim-2.0,player-sim-2.0,player-sim-3.0-candidate,holdout_rejected,0.0,0.0,0.0,0.0,fpl-2026-27,1.0,592,572584,Ouattara,12,Ipswich Town,Defender,4.0,1.055,0.0,1.055,21.88,0.0,1.0,2.0,0.2637,1.055,0,1,2,1.043,0,1.0,2.0,0.0,0.0
2026-09-12T05:11:18+00:00,4,2026-09-12T12:30:00Z,player-sim-2.0,player-sim-2.0,player-sim-3.0-candidate,holdout_rejected,0.0,0.0,0.0,0.0,fpl-2026-27,1.0312,602,524180,Humphreys,12,Ipswich Town,Midfielder,4.5,0.0,0.0,0.0,0.0,0.0,0.0,0.0,0.0,0.0,0,0,0,0.0,0,0,0,0.0,0.0
2026-09-12T05:11:18+00:00,4,2026-09-12T12:30:00Z,player-sim-2.0,player-sim-2.0,player-sim-3.0-candidate,holdout_rejected,0.0,0.0,0.0,0.0,fpl-2026-27,1.0375,619,218543,Palacios,12,Ipswich Town,Midfielder,5.0,1.465,0.0,1.465,38.3,0.0,1.0,3.0,0.293,1.465,0,1,3,1.46,0,1.0,3.0,0.0033,0.0017
2026-09-12T05:11:18+00:00,4,2026-09-12T12:30:00Z,player-sim-2.0,player-sim-2.0,player-sim-3.0-candidate,holdout_rejected,0.0,0.0,0.0,0.0,fpl-2026-27,1.035,640,431639,Flemming,12,Ipswich Town,Forward,5.5,2.168,0.0,2.168,43.45,0.0,1.0,6.0,0.3942,2.168,0,1,6,1.125,0,1.0,2.0,0.01,0.0017
2026-09-12T05:11:18+00:00,4,2026-09-12T12:30:00Z,player-sim-2.0,player-sim-2.0,player-sim-3.0-candidate,holdout_rejected,0.0,0.0,0.0,0.0,fpl-2026-27,1.0312,260,153682,Wilson,13,Leeds,Midfielder,6.3,2.725,0.0,2.725,57.6,1.0,2.0,7.0,0.4325,2.725,1,2,7,1.837,0,1.0,5.0,0.0117,0.0017
2026-09-12T05:11:18+00:00,4,2026-09-12T12:30:00Z,player-sim-2.0,player-sim-2.0,player-sim-3.0-candidate,holdout_rejected,0.0,0.0,0.0,0.0,fpl-2026-27,1.05,326,201595,Perri,13,Leeds,Goalkeeper,4.5,0.0,0.0,0.0,0.0,0.0,0.0,0.0,0.0,0.0,0,0,0,0.0,0,0,0,0.0,0.0
2026-09-12T05:11:18+00:00,4,2026-09-12T12:30:00Z,player-sim-2.0,player-sim-2.0,player-sim-3.0-candidate,holdout_rejected,0.0,0.0,0.0,0.0,fpl-2026-27,1.0,327,434752,Bijol,13,Leeds,Defender,5.0,2.972,0.0,2.972,54.04,0.0,2.0,8.0,0.5943,2.972,0,2,8,2.692,0,1.0,7.0,0.0217,0.0017
2026-09-12T05:11:18+00:00,4,2026-09-12T12:30:00Z,player-sim-2.0,player-sim-2.0,player-sim-3.0-candidate,holdout_rejected,0.0,0.0,0.0,0.0,fpl-2026-27,1.0,329,214225,Rodon,13,Leeds,Defender,4.4,0.0,0.0,0.0,0.0,0.0,0.0,0.0,0.0,0.0,0,0,0,0.0,0,0,0,0.0,0.0
2026-09-12T05:11:18+00:00,4,2026-09-12T12:30:00Z,player-sim-2.0,player-sim-2.0,player-sim-3.0-candidate,holdout_rejected,0.0,0.0,0.0,0.0,fpl-2026-27,1.0,330,226182,Bogle,13,Leeds,Defender,4.5,4.173,0.0,4.173,72.98,1.0,3.0,8.0,0.9274,4.173,1,3,8,3.577,0,2.0,8.0,0.06,0.01
2026-09-12T05:11:18+00:00,4,2026-09-12T12:30:00Z,player-sim-2.0,player-sim-2.0,player-sim-3.0-candidate,holdout_rejected,0.0,0.0,0.0,0.0,fpl-2026-27,1.0,331,243526,Gudmundsson,13,Leeds,Defender,4.5,2.055,0.0,2.055,48.04,0.0,1.0,6.0,0.4567,2.055,0,1,6,1.232,0.0,0,6.0,0.0067,0.0
2026-09-12T05:11:18+00:00,4,2026-09-12T12:30:00Z,player-sim-2.0,player-sim-2.0,player-sim-3.0-candidate,holdout_rejected,0.0,0.0,0.0,0.0,fpl-2026-27,1.0,332,220627,Justin,13,Leeds,Defender,4.5,4.052,0.0,4.052,69.38,1.0,3.0,8.0,0.9004,4.052,1,3,8,3.34,0.0,2.0,8.0,0.0333,0.0067
2026-09-12T05:11:18+00:00,4,2026-09-12T12:30:00Z,player-sim-2.0,player-sim-2.0,player-sim-3.0-candidate,holdout_rejected,0.0,0.0,0.0,0.0,fpl-2026-27,1.0,333,437738,Bornauw,13,Leeds,Defender,4.5,0.0,0.0,0.0,0.0,0.0,0.0,0.0,0.0,0.0,0,0,0,0.0,0,0,0,0.0,0.0
2026-09-12T05:11:18+00:00,4,2026-09-12T12:30:00Z,player-sim-2.0,player-sim-2.0,player-sim-3.0-candidate,holdout_rejected,0.0,0.0,0.0,0.0,fpl-2026-27,1.0,334,522047,Muharemović,13,Leeds,Defender,5.0,3.07,0.0,3.07,60.42,0.0,2.0,8.0,0.614,3.07,0,2,8,3.337,0,2.0,8.0,0.0233,0.0017
2026-09-12T05:11:18+00:00,4,2026-09-12T12:30:00Z,player-sim-2.0,player-sim-2.0,player-sim-3.0-candidate,holdout_rejected,0.0,0.0,0.0,0.0,fpl-2026-27,1.0312,335,466525,Stach,13,Leeds,Midfielder,6.0,3.787,0.0,3.787,75.48,1.0,3.0,7.0,0.6311,3.787,1,3,7,3.057,0.0,2.0,7.0,0.04,0.0067
2026-09-12T05:11:18+00:00,4,2026-09-12T12:30:00Z,player-sim-2.0,player-sim-2.0,player-sim-3.0-candidate,holdout_rejected,0.0,0.0,0.0,0.0,fpl-2026-27,1.0312,336,435997,Okafor,13,Leeds,Midfielder,5.9,2.432,0.0,2.432,45.65,0.0,2.0,7.0,0.4122,2.432,0,2,7,2.285,0,2.0,6.0,0.0183,0.0017
2026-09-12T05:11:18+00:00,4,2026-09-12T12:30:00Z,player-sim-2.0,player-sim-2.0,player-sim-3.0-candidate,holdout_rejected,0.0,0.0,0.0,0.0,fpl-2026-27,1.0312,337,427637,Aaronson,13,Leeds,Midfielder,5.4,2.673,0.0,2.673,57.72,1.0,2.0,6.0,0.4951,2.673,1,2,6,1.752,0,1.0,3.0,0.005,0.0
2026-09-12T05:11:18+00:00,4,2026-09-12T12:30:00Z,player-sim-2.0,player-sim-2.0,player-sim-3.0-candidate,holdout_rejected,0.0,0.0,0.0,0.0,fpl-2026-27,1.0312,338,199598,Ampadu,13,Leeds,Midfielder,5.4,3.683,0.0,3.683,85.41,2.0,3.0,6.0,0.6821,3.683,2,3,6,2.703,0,2.0,5.0,0.0083,0.0
2026-09-12T05:11:18+00:00,4,2026-09-12T12:30:00Z,player-sim-2.0,player-sim-2.0,player-sim-3.0-candidate,holdout_rejected,0.0,0.0,0.0,0.0,fpl-2026-27,1.0312,339,180135,Longstaff,13,Leeds,Midfielder,4.9,0.757,0.0,0.757,14.5,0.0,0.0,2.0,0.1544,0.757,0,0,2,0.733,0,0,2.0,0.005,0.0
2026-09-12T05:11:18+00:00,4,2026-09-12T12:30:00Z,player-sim-2.0,player-sim-2.0,player-sim-3.0-candidate,holdout_rejected,0.0,0.0,0.0,0.0,fpl-2026-27,1.0312,341,492859,Gnonto,13,Leeds,Midfielder,5.0,0.0,0.0,0.0,0.0,0.0,0.0,0.0,0.0,0.0,0,0,0,0.0,0,0,0,0.0,0.0
2026-09-12T05:11:18+00:00,4,2026-09-12T12:30:00Z,player-sim-2.0,player-sim-2.0,player-sim-3.0-candidate,holdout_rejected,0.0,0.0,0.0,0.0,fpl-2026-27,1.0312,342,221399,Harrison,13,Leeds,Midfielder,5.0,0.0,0.0,0.0,0.0,0.0,0.0,0.0,0.0,0.0,0,0,0,0.0,0,0,0,0.0,0.0
2026-09-12T05:11:18+00:00,4,2026-09-12T12:30:00Z,player-sim-2.0,player-sim-2.0,player-sim-3.0-candidate,holdout_rejected,0.0,0.0,0.0,0.0,fpl-2026-27,1.0312,343,200617,James,13,Leeds,Midfielder,5.0,0.553,0.0,0.553,10.77,0.0,0.0,1.0,0.1107,0.553,0,0,1,0.768,0,0,2.0,0.0067,0.0017
2026-09-12T05:11:18+00:00,4,2026-09-12T12:30:00Z,player-sim-2.0,player-sim-2.0,player-sim-3.0-candidate,holdout_rejected,0.0,0.0,0.0,0.0,fpl-2026-27,1.0312,344,486520,Gruev,13,Leeds,Midfielder,5.0,0.145,0.0,0.145,3.95,0.0,0.0,0.0,0.029,0.145,0,0,0,0.125,0,0,0,0.0017,0.0
2026-09-12T05:11:18+00:00,4,2026-09-12T12:30:00Z,player-sim-2.0,player-sim-2.0,player-sim-3.0-candidate,holdout_rejected,0.0,0.0,0.0,0.0,fpl-2026-27,1.0312,345,248056,Tanaka,13,Leeds,Midfielder,4.9,1.62,0.0,1.62,34.29,0.0,1.0,4.0,0.3306,1.62,0,1,4,1.47,0,1.0,4.0,0.0133,0.0017
2026-09-12T05:11:18+00:00,4,2026-09-12T12:30:00Z,player-sim-2.0,player-sim-2.0,player-sim-3.0-candidate,holdout_rejected,0.0,0.0,0.0,0.0,fpl-2026-27,1.025,346,177815,Calvert-Lewin,13,Leeds,Forward,6.0,4.178,0.0,4.178,76.35,1.0,3.0,8.0,0.6964,4.178,1,3,8,3.385,0,2.0,9.0,0.0883,0.025
2026-09-12T05:11:18+00:00,4,2026-09-12T12:30:00Z,player-sim-2.0,player-sim-2.0,player-sim-3.0-candidate,holdout_rejected,0.0,0.0,0.0,0.0,fpl-2026-27,1.025,347,174594,Nmecha,13,Leeds,Forward,5.4,1.19,0.0,1.19,18.03,0.0,1.0,4.0,0.2204,1.19,0,1,4,1.408,0,1.0,5.0,0.0183,0.005
2026-09-12T05:11:18+00:00,4,2026-09-12T12:30:00Z,player-sim-2.0,player-sim-2.0,player-sim-3.0-candidate,holdout_rejected,0.0,0.0,0.0,0.0,fpl-2026-27,1.025,348,235826,Piroe,13,Leeds,Forward,5.0,0.0,0.0,0.0,0.0,0.0,0.0,0.0,0.0,0.0,0,0,0,0.0,0,0,0,0.0,0.0
2026-09-12T05:11:18+00:00,4,2026-09-12T12:30:00Z,player-sim-2.0,player-sim-2.0,player-sim-3.0-candidate,holdout_rejected,0.0,0.0,0.0,0.0,fpl-2026-27,1.025,349,565297,Mateo Joseph,13,Leeds,Forward,4.5,0.0,0.0,0.0,0.0,0.0,0.0,0.0,0.0,0.0,0,0,0,0.0,0,0,0,0.0,0.0
2026-09-12T05:11:18+00:00,4,2026-09-12T12:30:00Z,player-sim-2.0,player-sim-2.0,player-sim-3.0-candidate,holdout_rejected,0.0,0.0,0.0,0.0,fpl-2026-27,1.05,385,432720,Trafford,13,Leeds,Goalkeeper,5.0,2.342,0.0,2.342,50.71,0.0,2.0,7.0,0.4683,2.342,0,2,7,2.868,0,2.0,7.0,0.0083,0.0
2026-09-12T05:11:18+00:00,4,2026-09-12T12:30:00Z,player-sim-2.0,player-sim-2.0,player-sim-3.0-candidate,holdout_rejected,0.0,0.0,0.0,0.0,fpl-2026-27,1.0,598,173774,Elvedi,13,Leeds,Defender,4.5,1.477,0.0,1.477,29.0,0.0,1.0,6.0,0.3282,1.477,0,1,6,1.725,0,1.0,6.0,0.015,0.0
2026-09-12T05:11:18+00:00,4,2026-09-12T12:30:00Z,player-sim-2.0,player-sim-2.0,player-sim-3.0-candidate,holdout_rejected,0.0,0.0,0.0,0.0,fpl-2026-27,1.0,603,643970,Lienou,13,Leeds,Defender,4.0,0.653,0.0,0.653,14.9,0.0,0.0,2.0,0.1633,0.653,0,0,2,0.51,0,0,1.0,0.0,0.0
2026-09-12T05:11:18+00:00,4,2026-09-12T12:30:00Z,player-sim-2.0,player-sim-2.0,player-sim-3.0-candidate,holdout_rejected,0.0,0.0,0.0,0.0,fpl-2026-27,1.0312,604,592740,Cresswell,13,Leeds,Midfielder,4.5,0.478,0.0,0.478,11.55,0.0,0.0,2.0,0.1063,0.478,0,0,2,0.497,0,0,2.0,0.0,0.0
2026-09-12T05:11:18+00:00,4,2026-09-12T12:30:00Z,player-sim-2.0,player-sim-2.0,player-sim-3.0-candidate,holdout_rejected,0.0,0.0,0.0,0.0,fpl-2026-27,1.06,625,97846,Cairns,13,Leeds,Goalkeeper,4.0,0.655,0.0,0.655,14.9,0.0,0.0,3.0,0.1638,0.655,0,0,3,0.528,0,0,2.0,0.0,0.0
2026-09-12T05:11:18+00:00,4,2026-09-12T12:30:00Z,player-sim-2.0,player-sim-2.0,player-sim-3.0-candidate,holdout_rejected,0.0,0.0,0.0,0.0,fpl-2026-27,1.07,629,155465,Zetterer,13,Leeds,Goalkeeper,4.0,0.905,0.0,0.905,20.05,0.0,0.0,3.0,0.2263,0.905,0,0,3,0.623,0,0,2.0,0.0,0.0
2026-09-12T05:11:18+00:00,4,2026-09-12T12:30:00Z,player-sim-2.0,player-sim-2.0,player-sim-3.0-candidate,holdout_rejected,0.0,0.0,0.0,0.0,fpl-2026-27,1.0,641,437497,Bard,13,Leeds,Defender,4.5,1.222,0.0,1.222,25.0,0.0,0.0,5.0,0.2715,1.222,0,0,5,0.823,0,0,3.0,0.005,0.0017
2026-09-12T05:11:18+00:00,4,2026-09-12T12:30:00Z,player-sim-2.0,player-sim-2.0,player-sim-3.0-candidate,holdout_rejected,0.0,0.0,0.0,0.0,fpl-2026-27,1.0437,648,587982,Bahoya,13,Leeds,Midfielder,5.0,0.915,0.0,0.915,22.33,0.0,0.0,3.0,0.183,0.915,0,0,3,0.735,0,0,3.0,0.0033,0.0
2026-09-12T05:11:18+00:00,4,2026-09-12T12:30:00Z,player-sim-2.0,player-sim-2.0,player-sim-3.0-candidate,holdout_rejected,0.0,0.0,0.0,0.0,fpl-2026-27,1.05,350,116535,A.Becker,14,Liverpool,Goalkeeper,5.5,2.95,0.0,2.95,75.72,1.0,2.0,7.0,0.5364,2.95,1,2,7,2.393,0,2.0,7.0,0.0,0.0
2026-09-12T05:11:18+00:00,4,2026-09-12T12:30:00Z,player-sim-2.0,player-sim-2.0,player-sim-3.0-candidate,holdout_rejected,0.0,0.0,0.0,0.0,fpl-2026-27,1.05,351,449027,Mamardashvili,14,Liverpool,Goalkeeper,4.9,0.503,0.0,0.503,10.44,0.0,0.0,2.0,0.1027,0.503,0,0,2,0.382,0,0,0,0.0,0.0
2026-09-12T05:11:18+00:00,4,2026-09-12T12:30:00Z,player-sim-2.0,player-sim-2.0,player-sim-3.0-candidate,holdout_rejected,0.0,0.0,0.0,0.0,fpl-2026-27,1.05,352,155503,Woodman,14,Liverpool,Goalkeeper,4.0,0.14,0.0,0.14,3.07,0.0,0.0,0.0,0.035,0.14,0,0,0,0.348,0,0,1.0,0.0,0.0
2026-09-12T05:11:18+00:00,4,2026-09-12T12:30:00Z,player-sim-2.0,player-sim-2.0,player-sim-3.0-candidate,holdout_rejected,0.0,0.0,0.0,0.0,fpl-2026-27,1.05,353,586268,Pecsi,14,Liverpool,Goalkeeper,4.0,0.0,0.0,0.0,0.0,0.0,0.0,0.0,0.0,0.0,0,0,0,0.0,0,0,0,0.0,0.0
2026-09-12T05:11:18+00:00,4,2026-09-12T12:30:00Z,player-sim-2.0,player-sim-2.0,player-sim-3.0-candidate,holdout_rejected,0.0,0.0,0.0,0.0,fpl-2026-27,1.05,354,432987,Jaros,14,Liverpool,Goalkeeper,4.0,0.0,0.0,0.0,0.0,0.0,0.0,0.0,0.0,0.0,0,0,0,0.0,0,0,0,0.0,0.0
2026-09-12T05:11:18+00:00,4,2026-09-12T12:30:00Z,player-sim-2.0,player-sim-2.0,player-sim-3.0-candidate,holdout_rejected,0.0,0.0,0.0,0.0,fpl-2026-27,1.05,355,464353,Davies,14,Liverpool,Goalkeeper,4.0,0.423,0.0,0.423,11.19,0.0,0.0,2.0,0.1058,0.423,0,0,2,0.352,0,0,1.0,0.0,0.0
2026-09-12T05:11:18+00:00,4,2026-09-12T12:30:00Z,player-sim-2.0,player-sim-2.0,player-sim-3.0-candidate,holdout_rejected,0.0,0.0,0.0,0.0,fpl-2026-27,1.0,356,97032,Virgil,14,Liverpool,Defender,6.5,3.993,0.0,3.993,88.89,1.0,3.0,8.0,0.6144,3.993,1,3,8,3.275,0,2.0,8.0,0.0383,0.0083
2026-09-12T05:11:18+00:00,4,2026-09-12T12:30:00Z,player-sim-2.0,player-sim-2.0,player-sim-3.0-candidate,holdout_rejected,0.0,0.0,0.0,0.0,fpl-2026-27,1.0,357,216094,Frimpong,14,Liverpool,Defender,5.4,1.492,0.0,1.492,37.88,0.0,1.0,6.0,0.2762,1.492,0,1,6,1.548,0,0,6.0,0.005,0.0
2026-09-12T05:11:18+00:00,4,2026-09-12T12:30:00Z,player-sim-2.0,player-sim-2.0,player-sim-3.0-candidate,holdout_rejected,0.0,0.0,0.0,0.0,fpl-2026-27,1.0,358,544877,Kerkez,14,Liverpool,Defender,5.4,2.823,0.0,2.823,70.06,1.0,2.0,6.0,0.5228,2.823,1,2,6,2.068,0,1.0,6.0,0.0083,0.0
2026-09-12T05:11:18+00:00,4,2026-09-12T12:30:00Z,player-sim-2.0,player-sim-2.0,player-sim-3.0-candidate,holdout_rejected,0.0,0.0,0.0,0.0,fpl-2026-27,1.0,359,171287,Gomez,14,Liverpool,Defender,5.0,0.0,0.0,0.0,0.0,0.0,0.0,0.0,0.0,0.0,0,0,0,0.0,0,0,0,0.0,0.0
2026-09-12T05:11:18+00:00,4,2026-09-12T12:30:00Z,player-sim-2.0,player-sim-2.0,player-sim-3.0-candidate,holdout_rejected,0.0,0.0,0.0,0.0,fpl-2026-27,1.0,360,492777,Bradley,14,Liverpool,Defender,5.0,0.0,0.0,0.0,0.0,0.0,0.0,0.0,0.0,0.0,0,0,0,0.0,0,0,0,0.0,0.0
2026-09-12T05:11:18+00:00,4,2026-09-12T12:30:00Z,player-sim-2.0,player-sim-2.0,player-sim-3.0-candidate,holdout_rejected,0.0,0.0,0.0,0.0,fpl-2026-27,1.0,361,519440,Lucky,14,Liverpool,Defender,4.0,0.577,0.0,0.577,14.79,0.0,0.0,2.0,0.1442,0.577,0,0,2,0.373,0,0,1.0,0.0017,0.0
2026-09-12T05:11:18+00:00,4,2026-09-12T12:30:00Z,player-sim-2.0,player-sim-2.0,player-sim-3.0-candidate,holdout_rejected,0.0,0.0,0.0,0.0,fpl-2026-27,1.0,362,606702,Jacquet,14,Liverpool,Defender,5.0,2.128,0.0,2.128,51.1,0.0,1.0,6.0,0.4257,2.128,0,1,6,2.457,0,2.0,6.0,0.0083,0.0
2026-09-12T05:11:18+00:00,4,2026-09-12T12:30:00Z,player-sim-2.0,player-sim-2.0,player-sim-3.0-candidate,holdout_rejected,0.0,0.0,0.0,0.0,fpl-2026-27,1.0,363,647681,Leoni,14,Liverpool,Defender,4.0,0.0,0.0,0.0,0.0,0.0,0.0,0.0,0.0,0.0,0,0,0,0.0,0,0,0,0.0,0.0
2026-09-12T05:11:18+00:00,4,2026-09-12T12:30:00Z,player-sim-2.0,player-sim-2.0,player-sim-3.0-candidate,holdout_rejected,0.0,0.0,0.0,0.0,fpl-2026-27,1.0,364,214285,Tsimikas,14,Liverpool,Defender,4.9,0.617,0.0,0.617,14.28,0.0,0.0,2.0,0.1259,0.617,0,0,2,0.775,0,0,2.0,0.0033,0.0017
2026-09-12T05:11:18+00:00,4,2026-09-12T12:30:00Z,player-sim-2.0,player-sim-2.0,player-sim-3.0-candidate,holdout_rejected,0.0,0.0,0.0,0.0,fpl-2026-27,1.0,365,489580,Ramsay,14,Liverpool,Defender,4.0,0.0,0.0,0.0,0.0,0.0,0.0,0.0,0.0,0.0,0,0,0,0.0,0,0,0,0.0,0.0
2026-09-12T05:11:18+00:00,4,2026-09-12T12:30:00Z,player-sim-2.0,player-sim-2.0,player-sim-3.0-candidate,holdout_rejected,0.0,0.0,0.0,0.0,fpl-2026-27,1.0312,366,494595,Wirtz,14,Liverpool,Midfielder,7.4,3.742,0.0,3.742,72.95,1.0,3.0,7.0,0.5056,3.742,1,3,7,3.218,0,2.0,8.0,0.0617,0.0133
2026-09-12T05:11:18+00:00,4,2026-09-12T12:30:00Z,player-sim-2.0,player-sim-2.0,player-sim-3.0-candidate,holdout_rejected,0.0,0.0,0.0,0.0,fpl-2026-27,1.0312,367,243298,Gakpo,14,Liverpool,Midfielder,7.2,3.118,0.0,3.118,56.41,0.0,2.0,8.0,0.4331,3.118,0,2,8,2.543,0,2.0,8.0,0.0517,0.0083
2026-09-12T05:11:18+00:00,4,2026-09-12T12:30:00Z,player-sim-2.0,player-sim-2.0,player-sim-3.0-candidate,holdout_rejected,0.0,0.0,0.0,0.0,fpl-2026-27,1.0312,368,424876,Szoboszlai,14,Liverpool,Midfielder,7.0,4.403,0.0,4.403,87.41,2.0,3.0,9.0,0.629,4.403,2,3,9,3.615,0,3.0,9.0,0.08,0.02
2026-09-12T05:11:18+00:00,4,2026-09-12T12:30:00Z,player-sim-2.0,player-sim-2.0,player-sim-3.0-candidate,holdout_rejected,0.0,0.0,0.0,0.0,fpl-2026-27,1.0312,369,611922,Ngumoha,14,Liverpool,Midfielder,5.8,1.217,0.0,1.217,21.52,0.0,0.0,3.0,0.2098,1.217,0,0,3,1.41,0,1.0,4.0,0.0083,0.0
2026-09-12T05:11:18+00:00,4,2026-09-12T12:30:00Z,player-sim-2.0,player-sim-2.0,player-sim-3.0-candidate,holdout_rejected,0.0,0.0,0.0,0.0,fpl-2026-27,1.0312,370,223541,Chiesa,14,Liverpool,Midfielder,5.4,0.0,0.0,0.0,0.0,0.0,0.0,0.0,0.0,0.0,0,0,0,0.0,0,0,0,0.0,0.0
2026-09-12T05:11:18+00:00,4,2026-09-12T12:30:00Z,player-sim-2.0,player-sim-2.0,player-sim-3.0-candidate,holdout_rejected,0.0,0.0,0.0,0.0,fpl-2026-27,1.0312,371,441266,Gravenberch,14,Liverpool,Midfielder,5.9,2.468,0.0,2.468,58.6,1.0,2.0,5.0,0.4184,2.468,1,2,5,1.415,0,1.0,3.0,0.0017,0.0
2026-09-12T05:11:18+00:00,4,2026-09-12T12:30:00Z,player-sim-2.0,player-sim-2.0,player-sim-3.0-candidate,holdout_rejected,0.0,0.0,0.0,0.0,fpl-2026-27,1.0312,372,243016,Mac Allister,14,Liverpool,Midfielder,5.4,2.7,0.0,2.7,64.24,1.0,2.0,6.0,0.5,2.7,1,2,6,1.87,0.0,1.0,5.0,0.01,0.0017
2026-09-12T05:11:18+00:00,4,2026-09-12T12:30:00Z,player-sim-2.0,player-sim-2.0,player-sim-3.0-candidate,holdout_rejected,0.0,0.0,0.0,0.0,fpl-2026-27,1.0312,373,206915,C.Jones,14,Liverpool,Midfielder,5.5,0.0,0.0,0.0,0.0,0.0,0.0,0.0,0.0,0.0,0,0,0,0.0,0,0,0,0.0,0.0
2026-09-12T05:11:18+00:00,4,2026-09-12T12:30:00Z,player-sim-2.0,player-sim-2.0,player-sim-3.0-candidate,holdout_rejected,0.0,0.0,0.0,0.0,fpl-2026-27,1.0312,374,158983,Endo,14,Liverpool,Midfielder,4.9,0.08,0.0,0.08,2.22,0.0,0.0,0.0,0.0163,0.08,0,0,0,0.362,0,0,1.0,0.0,0.0
2026-09-12T05:11:18+00:00,4,2026-09-12T12:30:00Z,player-sim-2.0,player-sim-2.0,player-sim-3.0-candidate,holdout_rejected,0.0,0.0,0.0,0.0,fpl-2026-27,1.0312,375,591386,Nyoni,14,Liverpool,Midfielder,4.9,0.433,0.0,0.433,6.39,0.0,0.0,1.0,0.0884,0.433,0,0,1,0.933,0,1.0,2.0,0.0017,0.0
2026-09-12T05:11:18+00:00,4,2026-09-12T12:30:00Z,player-sim-2.0,player-sim-2.0,player-sim-3.0-candidate,holdout_rejected,0.0,0.0,0.0,0.0,fpl-2026-27,1.0312,376,535928,Bajcetic,14,Liverpool,Midfielder,5.0,0.0,0.0,0.0,0.0,0.0,0.0,0.0,0.0,0.0,0,0,0,0.0,0,0,0,0.0,0.0
2026-09-12T05:11:18+00:00,4,2026-09-12T12:30:00Z,player-sim-2.0,player-sim-2.0,player-sim-3.0-candidate,holdout_rejected,0.0,0.0,0.0,0.0,fpl-2026-27,1.0312,377,551499,Munoz,14,Liverpool,Midfielder,6.5,1.765,0.0,1.765,43.41,0.0,1.0,4.0,0.2715,1.765,0,1,4,1.903,0,1.0,4.0,0.0133,0.0
2026-09-12T05:11:18+00:00,4,2026-09-12T12:30:00Z,player-sim-2.0,player-sim-2.0,player-sim-3.0-candidate,holdout_rejected,0.0,0.0,0.0,0.0,fpl-2026-27,1.0312,378,491501,McConnell,14,Liverpool,Midfielder,4.5,0.602,0.0,0.602,13.94,0.0,0.0,2.0,0.1337,0.602,0,0,2,0.365,0,0,2.0,0.0,0.0
2026-09-12T05:11:18+00:00,4,2026-09-12T12:30:00Z,player-sim-2.0,player-sim-2.0,player-sim-3.0-candidate,holdout_rejected,0.0,0.0,0.0,0.0,fpl-2026-27,1.025,379,219168,Isak,14,Liverpool,Forward,9.1,2.827,0.0,2.827,50.6,0.0,2.0,7.0,0.3106,2.827,0,2,7,3.632,0,2.0,9.0,0.085,0.025
2026-09-12T05:11:18+00:00,4,2026-09-12T12:30:00Z,player-sim-2.0,player-sim-2.0,player-sim-3.0-candidate,holdout_rejected,0.0,0.0,0.0,0.0,fpl-2026-27,1.025,380,510663,Ekitiké,14,Liverpool,Forward,7.4,0.0,0.0,0.0,0.0,0.0,0.0,0.0,0.0,0.0,0,0,0,0.0,0,0,0,0.0,0.0
2026-09-12T05:11:18+00:00,4,2026-09-12T12:30:00Z,player-sim-2.0,player-sim-2.0,player-sim-3.0-candidate,holdout_rejected,0.0,0.0,0.0,0.0,fpl-2026-27,1.0312,381,514514,Koumas,14,Liverpool,Midfielder,5.0,0.967,0.0,0.967,17.61,0.0,1.0,2.0,0.1933,0.967,0,1,2,0.96,0,1.0,2.0,0.0033,0.0
2026-09-12T05:11:18+00:00,4,2026-09-12T12:30:00Z,player-sim-2.0,player-sim-2.0,player-sim-3.0-candidate,holdout_rejected,0.0,0.0,0.0,0.0,fpl-2026-27,1.025,382,500058,Danns,14,Liverpool,Forward,4.5,0.453,0.0,0.453,11.14,0.0,0.0,2.0,0.1007,0.453,0,0,2,0.508,0,0,2.0,0.0033,0.0017
2026-09-12T05:11:18+00:00,4,2026-09-12T12:30:00Z,player-sim-2.0,player-sim-2.0,player-sim-3.0-candidate,holdout_rejected,0.0,0.0,0.0,0.0,fpl-2026-27,1.0312,383,444884,Elliott,14,Liverpool,Midfielder,5.4,0.0,0.0,0.0,0.0,0.0,0.0,0.0,0.0,0.0,0,0,0,0.0,0,0,0,0.0,0.0
2026-09-12T05:11:18+00:00,4,2026-09-12T12:30:00Z,player-sim-2.0,player-sim-2.0,player-sim-3.0-candidate,holdout_rejected,0.0,0.0,0.0,0.0,fpl-2026-27,1.0,579,445087,Araujo,14,Liverpool,Defender,5.4,1.498,0.0,1.498,35.09,0.0,1.0,4.0,0.2775,1.498,0,1,4,1.55,0,1.0,5.0,0.0033,0.0
2026-09-12T05:11:18+00:00,4,2026-09-12T12:30:00Z,player-sim-2.0,player-sim-2.0,player-sim-3.0-candidate,holdout_rejected,0.0,0.0,0.0,0.0,fpl-2026-27,1.0437,627,482616,Barcola,14,Liverpool,Midfielder,8.0,1.102,0.0,1.102,25.63,0.0,1.0,3.0,0.1377,1.102,0,1,3,1.102,0,1.0,3.0,0.0,0.0
2026-09-12T05:11:18+00:00,4,2026-09-12T12:30:00Z,player-sim-2.0,player-sim-2.0,player-sim-3.0-candidate,holdout_rejected,0.0,0.0,0.0,0.0,fpl-2026-27,1.0312,155,448047,Enzo,15,Man City,Midfielder,6.9,2.677,0.0,2.677,55.11,0.0,2.0,7.0,0.3879,2.677,0,2,7,1.452,0,1.0,4.0,0.01,0.0
2026-09-12T05:11:18+00:00,4,2026-09-12T12:30:00Z,player-sim-2.0,player-sim-2.0,player-sim-3.0-candidate,holdout_rejected,0.0,0.0,0.0,0.0,fpl-2026-27,1.0312,237,440993,Ndiaye,15,Man City,Midfielder,5.9,3.597,0.0,3.597,81.0,2.0,3.0,7.0,0.6096,3.597,2,3,7,2.683,0,2.0,7.0,0.0183,0.0033
2026-09-12T05:11:18+00:00,4,2026-09-12T12:30:00Z,player-sim-2.0,player-sim-2.0,player-sim-3.0-candidate,holdout_rejected,0.0,0.0,0.0,0.0,fpl-2026-27,1.05,384,204936,Donnarumma,15,Man City,Goalkeeper,5.5,2.558,0.0,2.558,84.17,0.0,2.0,6.0,0.4651,2.558,0,2,6,1.72,0.0,1.0,6.0,0.005,0.0
2026-09-12T05:11:18+00:00,4,2026-09-12T12:30:00Z,player-sim-2.0,player-sim-2.0,player-sim-3.0-candidate,holdout_rejected,0.0,0.0,0.0,0.0,fpl-2026-27,1.05,386,122074,Bettinelli,15,Man City,Goalkeeper,4.5,0.425,0.0,0.425,10.94,0.0,0.0,2.0,0.0944,0.425,0,0,2,0.338,0,0,1.0,0.0,0.0
2026-09-12T05:11:18+00:00,4,2026-09-12T12:30:00Z,player-sim-2.0,player-sim-2.0,player-sim-3.0-candidate,holdout_rejected,0.0,0.0,0.0,0.0,fpl-2026-27,1.0,387,472769,O'Reilly,15,Man City,Defender,6.4,2.423,0.0,2.423,58.48,0.0,1.0,7.0,0.3786,2.423,0,1,7,1.668,0,0,6.0,0.0183,0.005
2026-09-12T05:11:18+00:00,4,2026-09-12T12:30:00Z,player-sim-2.0,player-sim-2.0,player-sim-3.0-candidate,holdout_rejected,0.0,0.0,0.0,0.0,fpl-2026-27,1.0,388,209036,Guéhi,15,Man City,Defender,6.0,3.88,0.0,3.88,85.56,1.0,3.0,8.0,0.6467,3.88,1,3,8,2.88,0,2.0,8.0,0.0467,0.0117
2026-09-12T05:11:18+00:00,4,2026-09-12T12:30:00Z,player-sim-2.0,player-sim-2.0,player-sim-3.0-candidate,holdout_rejected,0.0,0.0,0.0,0.0,fpl-2026-27,1.0,389,465351,Matheus N.,15,Man City,Defender,5.9,1.427,0.0,1.427,39.13,0.0,1.0,4.0,0.2418,1.427,0,1,4,0.605,0,0,2.0,0.0,0.0
2026-09-12T05:11:18+00:00,4,2026-09-12T12:30:00Z,player-sim-2.0,player-sim-2.0,player-sim-3.0-candidate,holdout_rejected,0.0,0.0,0.0,0.0,fpl-2026-27,1.0,390,171314,Rúben,15,Man City,Defender,5.5,2.245,0.0,2.245,73.78,0.0,2.0,6.0,0.4082,2.245,0,2,6,2.128,0,1.0,6.0,0.0117,0.0017
2026-09-12T05:11:18+00:00,4,2026-09-12T12:30:00Z,player-sim-2.0,player-sim-2.0,player-sim-3.0-candidate,holdout_rejected,0.0,0.0,0.0,0.0,fpl-2026-27,1.0,391,477424,Gvardiol,15,Man City,Defender,5.6,2.407,0.0,2.407,60.62,0.0,2.0,6.0,0.4298,2.407,0,2,6,2.253,0,2.0,6.0,0.015,0.0
2026-09-12T05:11:18+00:00,4,2026-09-12T12:30:00Z,player-sim-2.0,player-sim-2.0,player-sim-3.0-candidate,holdout_rejected,0.0,0.0,0.0,0.0,fpl-2026-27,1.0,392,448514,Aït-Nouri,15,Man City,Defender,5.3,0.587,0.0,0.587,12.01,0.0,0.0,2.0,0.1107,0.587,0,0,2,0.552,0,0,2.0,0.0067,0.0
2026-09-12T05:11:18+00:00,4,2026-09-12T12:30:00Z,player-sim-2.0,player-sim-2.0,player-sim-3.0-candidate,holdout_rejected,0.0,0.0,0.0,0.0,fpl-2026-27,1.0,393,578153,Khusanov,15,Man City,Defender,5.5,2.01,0.0,2.01,64.04,0.0,1.0,6.0,0.3655,2.01,0,1,6,1.808,0,1.0,6.0,0.0017,0.0
2026-09-12T05:11:18+00:00,4,2026-09-12T12:30:00Z,player-sim-2.0,player-sim-2.0,player-sim-3.0-candidate,holdout_rejected,0.0,0.0,0.0,0.0,fpl-2026-27,1.0,394,494307,Alleyne,15,Man City,Defender,5.0,0.0,0.0,0.0,0.0,0.0,0.0,0.0,0.0,0.0,0,0,0,0.0,0,0,0,0.0,0.0
2026-09-12T05:11:18+00:00,4,2026-09-12T12:30:00Z,player-sim-2.0,player-sim-2.0,player-sim-3.0-candidate,holdout_rejected,0.0,0.0,0.0,0.0,fpl-2026-27,1.0,395,477064,Lewis,15,Man City,Defender,4.4,0.428,0.0,0.428,14.26,0.0,0.0,1.0,0.0973,0.428,0,0,1,0.997,0,0,4.0,0.0117,0.0
2026-09-12T05:11:18+00:00,4,2026-09-12T12:30:00Z,player-sim-2.0,player-sim-2.0,player-sim-3.0-candidate,holdout_rejected,0.0,0.0,0.0,0.0,fpl-2026-27,1.0,396,616222,Vitor Reis,15,Man City,Defender,4.5,0.71,0.0,0.71,17.18,0.0,0.0,2.0,0.1578,0.71,0,0,2,0.585,0,0,2.0,0.0,0.0
2026-09-12T05:11:18+00:00,4,2026-09-12T12:30:00Z,player-sim-2.0,player-sim-2.0,player-sim-3.0-candidate,holdout_rejected,0.0,0.0,0.0,0.0,fpl-2026-27,1.0312,397,437730,Semenyo,15,Man City,Midfielder,8.4,3.585,0.0,3.585,86.79,2.0,3.0,7.0,0.4268,3.585,2,3,7,2.657,0,2.0,7.0,0.025,0.005
2026-09-12T05:11:18+00:00,4,2026-09-12T12:30:00Z,player-sim-2.0,player-sim-2.0,player-sim-3.0-candidate,holdout_rejected,0.0,0.0,0.0,0.0,fpl-2026-27,1.0312,398,209244,Foden,15,Man City,Midfielder,7.0,3.167,0.0,3.167,56.16,1.0,2.0,7.0,0.4524,3.167,1,2,7,2.828,0.0,1.0,7.0,0.0567,0.02
2026-09-12T05:11:18+00:00,4,2026-09-12T12:30:00Z,player-sim-2.0,player-sim-2.0,player-sim-3.0-candidate,holdout_rejected,0.0,0.0,0.0,0.0,fpl-2026-27,1.0312,399,466052,Cherki,15,Man City,Midfielder,7.8,3.242,0.0,3.242,53.58,0.0,2.0,8.0,0.4156,3.242,0,2,8,2.868,0,2.0,7.0,0.05,0.01
2026-09-12T05:11:18+00:00,4,2026-09-12T12:30:00Z,player-sim-2.0,player-sim-2.0,player-sim-3.0-candidate,holdout_rejected,0.0,0.0,0.0,0.0,fpl-2026-27,1.0312,400,248875,Doku,15,Man City,Midfielder,7.4,0.0,0.0,0.0,0.0,0.0,0.0,0.0,0.0,0.0,0,0,0,0.0,0,0,0,0.0,0.0
2026-09-12T05:11:18+00:00,4,2026-09-12T12:30:00Z,player-sim-2.0,player-sim-2.0,player-sim-3.0-candidate,holdout_rejected,0.0,0.0,0.0,0.0,fpl-2026-27,1.0312,402,220566,Rodrigo,15,Man City,Midfielder,6.5,0.0,0.0,0.0,0.0,0.0,0.0,0.0,0.0,0.0,0,0,0,0.0,0,0,0,0.0,0.0
2026-09-12T05:11:18+00:00,4,2026-09-12T12:30:00Z,player-sim-2.0,player-sim-2.0,player-sim-3.0-candidate,holdout_rejected,0.0,0.0,0.0,0.0,fpl-2026-27,1.0312,404,433036,Reijnders,15,Man City,Midfielder,6.0,0.0,0.0,0.0,0.0,0.0,0.0,0.0,0.0,0.0,0,0,0,0.0,0,0,0,0.0,0.0
2026-09-12T05:11:18+00:00,4,2026-09-12T12:30:00Z,player-sim-2.0,player-sim-2.0,player-sim-3.0-candidate,holdout_rejected,0.0,0.0,0.0,0.0,fpl-2026-27,1.0312,406,91651,Kovačić,15,Man City,Midfielder,5.4,0.397,0.0,0.397,6.55,0.0,0.0,1.0,0.0735,0.397,0,0,1,0.862,0,1.0,2.0,0.0,0.0
2026-09-12T05:11:18+00:00,4,2026-09-12T12:30:00Z,player-sim-2.0,player-sim-2.0,player-sim-3.0-candidate,holdout_rejected,0.0,0.0,0.0,0.0,fpl-2026-27,1.0312,407,575204,Echeverri,15,Man City,Midfielder,4.9,0.0,0.0,0.0,0.0,0.0,0.0,0.0,0.0,0.0,0,0,0,0.0,0,0,0,0.0,0.0
2026-09-12T05:11:18+00:00,4,2026-09-12T12:30:00Z,player-sim-2.0,player-sim-2.0,player-sim-3.0-candidate,holdout_rejected,0.0,0.0,0.0,0.0,fpl-2026-27,1.0312,408,155405,Phillips,15,Man City,Midfielder,5.0,0.0,0.0,0.0,0.0,0.0,0.0,0.0,0.0,0.0,0,0,0,0.0,0,0,0,0.0,0.0
2026-09-12T05:11:18+00:00,4,2026-09-12T12:30:00Z,player-sim-2.0,player-sim-2.0,player-sim-3.0-candidate,holdout_rejected,0.0,0.0,0.0,0.0,fpl-2026-27,1.0312,409,590039,Mukasa,15,Man City,Midfielder,4.5,0.0,0.0,0.0,0.0,0.0,0.0,0.0,0.0,0.0,0,0,0,0.0,0,0,0,0.0,0.0
2026-09-12T05:11:18+00:00,4,2026-09-12T12:30:00Z,player-sim-2.0,player-sim-2.0,player-sim-3.0-candidate,holdout_rejected,0.0,0.0,0.0,0.0,fpl-2026-27,1.0312,410,649208,Monga,15,Man City,Midfielder,4.9,0.0,0.0,0.0,0.0,0.0,0.0,0.0,0.0,0.0,0,0,0,0.0,0,0,0,0.0,0.0
2026-09-12T05:11:18+00:00,4,2026-09-12T12:30:00Z,player-sim-2.0,player-sim-2.0,player-sim-3.0-candidate,holdout_rejected,0.0,0.0,0.0,0.0,fpl-2026-27,1.025,411,223094,Haaland,15,Man City,Forward,15.5,5.843,0.0,5.843,84.57,2.0,5.0,11.0,0.377,5.843,2,5,11,4.192,0,3.0,10.0,0.1167,0.0317
2026-09-12T05:11:18+00:00,4,2026-09-12T12:30:00Z,player-sim-2.0,player-sim-2.0,player-sim-3.0-candidate,holdout_rejected,0.0,0.0,0.0,0.0,fpl-2026-27,1.0312,481,215379,Anderson,15,Man City,Midfielder,6.3,3.74,0.0,3.74,82.64,2.0,4.0,6.0,0.5937,3.74,2,4,6,2.578,0,2.0,5.0,0.0167,0.0
2026-09-12T05:11:18+00:00,4,2026-09-12T12:30:00Z,player-sim-2.0,player-sim-2.0,player-sim-3.0-candidate,holdout_rejected,0.0,0.0,0.0,0.0,fpl-2026-27,1.05,587,106921,Rulli,15,Man City,Goalkeeper,5.0,0.338,0.0,0.338,10.78,0.0,0.0,1.0,0.0677,0.338,0,0,1,0.283,0,0,0,0.0,0.0
2026-09-12T05:11:18+00:00,4,2026-09-12T12:30:00Z,player-sim-2.0,player-sim-2.0,player-sim-3.0-candidate,holdout_rejected,0.0,0.0,0.0,0.0,fpl-2026-27,1.0375,616,637238,Bouaddi,15,Man City,Midfielder,5.5,1.02,0.0,1.02,24.56,0.0,1.0,2.0,0.1855,1.02,0,1,2,0.99,0,1.0,2.0,0.0017,0.0
2026-09-12T05:11:18+00:00,4,2026-09-12T12:30:00Z,player-sim-2.0,player-sim-2.0,player-sim-3.0-candidate,holdout_rejected,0.0,0.0,0.0,0.0,fpl-2026-27,1.0375,621,616288,McAidoo,15,Man City,Midfielder,4.5,1.168,0.0,1.168,21.89,0.0,1.0,3.0,0.2596,1.168,0,1,3,1.1,0,1.0,2.0,0.005,0.0
2026-09-12T05:11:18+00:00,4,2026-09-12T12:30:00Z,player-sim-2.0,player-sim-2.0,player-sim-3.0-candidate,holdout_rejected,0.0,0.0,0.0,0.0,fpl-2026-27,1.0,622,554054,Braithwaite,15,Man City,Defender,4.0,0.81,0.0,0.81,20.64,0.0,0.0,2.0,0.2025,0.81,0,0,2,0.767,0,0,2.0,0.0017,0.0
2026-09-12T05:11:18+00:00,4,2026-09-12T12:30:00Z,player-sim-2.0,player-sim-2.0,player-sim-3.0-candidate,holdout_rejected,0.0,0.0,0.0,0.0,fpl-2026-27,1.0437,628,624777,Allan,15,Man City,Midfielder,6.0,0.843,0.0,0.843,23.74,0.0,0.0,3.0,0.1406,0.843,0,0,3,0.672,0,0,2.0,0.0,0.0
2026-09-12T05:11:18+00:00,4,2026-09-12T12:30:00Z,player-sim-2.0,player-sim-2.0,player-sim-3.0-candidate,holdout_rejected,0.0,0.0,0.0,0.0,fpl-2026-27,1.0437,653,595480,Samba,15,Man City,Midfielder,4.5,0.8,0.0,0.8,23.11,0.0,0.0,2.0,0.1778,0.8,0,0,2,0.658,0,0,2.0,0.0,0.0
2026-09-12T05:11:18+00:00,4,2026-09-12T12:30:00Z,player-sim-2.0,player-sim-2.0,player-sim-3.0-candidate,holdout_rejected,0.0,0.0,0.0,0.0,fpl-2026-27,1.0312,43,166989,Tielemans,16,Man Utd,Midfielder,5.9,2.758,0.0,2.758,63.24,1.0,2.0,6.0,0.4675,2.758,1,2,6,2.492,0,2.0,6.0,0.0167,0.0
2026-09-12T05:11:18+00:00,4,2026-09-12T12:30:00Z,player-sim-2.0,player-sim-2.0,player-sim-3.0-candidate,holdout_rejected,0.0,0.0,0.0,0.0,fpl-2026-27,1.0312,131,535301,Baleba,16,Man Utd,Midfielder,5.0,0.0,0.0,0.0,0.0,0.0,0.0,0.0,0.0,0.0,0,0,0,0.0,0,0,0,0.0,0.0
2026-09-12T05:11:18+00:00,4,2026-09-12T12:30:00Z,player-sim-2.0,player-sim-2.0,player-sim-3.0-candidate,holdout_rejected,0.0,0.0,0.0,0.0,fpl-2026-27,1.0312,162,532605,Andrey Santos,16,Man Utd,Midfielder,4.9,1.373,0.0,1.373,29.82,0.0,1.0,3.0,0.2803,1.373,0,1,3,1.372,0,1.0,3.0,0.0067,0.0
2026-09-12T05:11:18+00:00,4,2026-09-12T12:30:00Z,player-sim-2.0,player-sim-2.0,player-sim-3.0-candidate,holdout_rejected,0.0,0.0,0.0,0.0,fpl-2026-27,1.05,325,59735,Darlow,16,Man Utd,Goalkeeper,4.5,0.995,0.0,0.995,25.07,0.0,0.0,3.0,0.2211,0.995,0,0,3,0.322,0,0,1.0,0.0,0.0
2026-09-12T05:11:18+00:00,4,2026-09-12T12:30:00Z,player-sim-2.0,player-sim-2.0,player-sim-3.0-candidate,holdout_rejected,0.0,0.0,0.0,0.0,fpl-2026-27,1.05,412,465247,Lammens,16,Man Utd,Goalkeeper,5.0,2.983,0.0,2.983,81.66,1.0,2.0,7.0,0.5967,2.983,1,2,7,2.145,0,2.0,6.0,0.0,0.0
2026-09-12T05:11:18+00:00,4,2026-09-12T12:30:00Z,player-sim-2.0,player-sim-2.0,player-sim-3.0-candidate,holdout_rejected,0.0,0.0,0.0,0.0,fpl-2026-27,1.05,413,451302,Bayindir,16,Man Utd,Goalkeeper,4.5,0.0,0.0,0.0,0.0,0.0,0.0,0.0,0.0,0.0,0,0,0,0.0,0,0,0,0.0,0.0
2026-09-12T05:11:18+00:00,4,2026-09-12T12:30:00Z,player-sim-2.0,player-sim-2.0,player-sim-3.0-candidate,holdout_rejected,0.0,0.0,0.0,0.0,fpl-2026-27,1.05,414,21205,Heaton,16,Man Utd,Goalkeeper,4.0,0.0,0.0,0.0,0.0,0.0,0.0,0.0,0.0,0.0,0,0,0,0.0,0,0,0,0.0,0.0
2026-09-12T05:11:18+00:00,4,2026-09-12T12:30:00Z,player-sim-2.0,player-sim-2.0,player-sim-3.0-candidate,holdout_rejected,0.0,0.0,0.0,0.0,fpl-2026-27,1.0312,415,596777,Dorgu,16,Man Utd,Midfielder,5.8,1.558,0.0,1.558,31.34,0.0,1.0,4.0,0.2687,1.558,0,1,4,1.672,0,1.0,5.0,0.0067,0.0017
2026-09-12T05:11:18+00:00,4,2026-09-12T12:30:00Z,player-sim-2.0,player-sim-2.0,player-sim-3.0-candidate,holdout_rejected,0.0,0.0,0.0,0.0,fpl-2026-27,1.0,416,209365,De Ligt,16,Man Utd,Defender,5.0,0.0,0.0,0.0,0.0,0.0,0.0,0.0,0.0,0.0,0,0,0,0.0,0,0,0,0.0,0.0
2026-09-12T05:11:18+00:00,4,2026-09-12T12:30:00Z,player-sim-2.0,player-sim-2.0,player-sim-3.0-candidate,holdout_rejected,0.0,0.0,0.0,0.0,fpl-2026-27,1.0,417,216051,Dalot,16,Man Utd,Defender,4.9,2.275,0.0,2.275,59.16,1.0,1.0,6.0,0.4643,2.275,1,1,6,1.937,0,1.0,6.0,0.0083,0.0
2026-09-12T05:11:18+00:00,4,2026-09-12T12:30:00Z,player-sim-2.0,player-sim-2.0,player-sim-3.0-candidate,holdout_rejected,0.0,0.0,0.0,0.0,fpl-2026-27,1.0,418,95658,Maguire,16,Man Utd,Defender,4.9,2.44,0.0,2.44,66.53,0.0,2.0,6.0,0.498,2.44,0,2,6,2.52,0.0,2.0,6.0,0.0133,0.0
2026-09-12T05:11:18+00:00,4,2026-09-12T12:30:00Z,player-sim-2.0,player-sim-2.0,player-sim-3.0-candidate,holdout_rejected,0.0,0.0,0.0,0.0,fpl-2026-27,1.0,419,221820,Martinez,16,Man Utd,Defender,5.0,1.432,0.0,1.432,45.35,0.0,1.0,4.0,0.2863,1.432,0,1,4,1.462,0,1.0,6.0,0.0033,0.0
2026-09-12T05:11:18+00:00,4,2026-09-12T12:30:00Z,player-sim-2.0,player-sim-2.0,player-sim-3.0-candidate,holdout_rejected,0.0,0.0,0.0,0.0,fpl-2026-27,1.0,420,550864,Yoro,16,Man Utd,Defender,4.9,1.163,0.0,1.163,25.66,0.0,1.0,2.0,0.2374,1.163,0,1,2,0.823,0,1.0,1.0,0.0017,0.0
2026-09-12T05:11:18+00:00,4,2026-09-12T12:30:00Z,player-sim-2.0,player-sim-2.0,player-sim-3.0-candidate,holdout_rejected,0.0,0.0,0.0,0.0,fpl-2026-27,1.0,421,606745,Heaven,16,Man Utd,Defender,4.4,0.95,0.0,0.95,27.5,0.0,0.0,3.0,0.2159,0.95,0,0,3,1.002,0,0,4.0,0.0067,0.0
2026-09-12T05:11:18+00:00,4,2026-09-12T12:30:00Z,player-sim-2.0,player-sim-2.0,player-sim-3.0-candidate,holdout_rejected,0.0,0.0,0.0,0.0,fpl-2026-27,1.0,422,230001,Mazraoui,16,Man Utd,Defender,4.4,1.265,0.0,1.265,28.67,0.0,1.0,3.0,0.2875,1.265,0,1,3,1.393,0,1.0,4.0,0.005,0.0017
2026-09-12T05:11:18+00:00,4,2026-09-12T12:30:00Z,player-sim-2.0,player-sim-2.0,player-sim-3.0-candidate,holdout_rejected,0.0,0.0,0.0,0.0,fpl-2026-27,1.0,423,106760,Shaw,16,Man Utd,Defender,4.4,2.113,0.0,2.113,66.09,0.0,2.0,6.0,0.4803,2.113,0,2,6,1.493,0,1.0,6.0,0.0017,0.0
2026-09-12T05:11:18+00:00,4,2026-09-12T12:30:00Z,player-sim-2.0,player-sim-2.0,player-sim-3.0-candidate,holdout_rejected,0.0,0.0,0.0,0.0,fpl-2026-27,1.0,424,577974,Amass,16,Man Utd,Defender,4.0,0.538,0.0,0.538,14.28,0.0,0.0,2.0,0.1346,0.538,0,0,2,0.36,0,0,1.0,0.0,0.0
2026-09-12T05:11:18+00:00,4,2026-09-12T12:30:00Z,player-sim-2.0,player-sim-2.0,player-sim-3.0-candidate,holdout_rejected,0.0,0.0,0.0,0.0,fpl-2026-27,1.0,425,547676,Fredricson,16,Man Utd,Defender,4.0,0.0,0.0,0.0,0.0,0.0,0.0,0.0,0.0,0.0,0,0,0,0.0,0,0,0,0.0,0.0
2026-09-12T05:11:18+00:00,4,2026-09-12T12:30:00Z,player-sim-2.0,player-sim-2.0,player-sim-3.0-candidate,holdout_rejected,0.0,0.0,0.0,0.0,fpl-2026-27,1.0312,426,141746,B.Fernandes,16,Man Utd,Midfielder,12.0,5.523,0.0,5.523,84.37,2.0,5.0,10.0,0.4603,5.523,2,5,10,4.663,0,3.0,11.0,0.1517,0.0467
2026-09-12T05:11:18+00:00,4,2026-09-12T12:30:00Z,player-sim-2.0,player-sim-2.0,player-sim-3.0-candidate,holdout_rejected,0.0,0.0,0.0,0.0,fpl-2026-27,1.0312,427,446008,Mbeumo,16,Man Utd,Midfielder,7.9,4.645,0.0,4.645,79.44,1.0,3.0,10.0,0.588,4.645,1,3,10,3.987,0,2.0,10.0,0.1067,0.0333
2026-09-12T05:11:18+00:00,4,2026-09-12T12:30:00Z,player-sim-2.0,player-sim-2.0,player-sim-3.0-candidate,holdout_rejected,0.0,0.0,0.0,0.0,fpl-2026-27,1.0312,428,430871,Cunha,16,Man Utd,Midfielder,7.9,3.162,0.0,3.162,70.58,1.0,2.0,7.0,0.4002,3.162,1,2,7,2.657,0,2.0,7.0,0.0217,0.0
2026-09-12T05:11:18+00:00,4,2026-09-12T12:30:00Z,player-sim-2.0,player-sim-2.0,player-sim-3.0-candidate,holdout_rejected,0.0,0.0,0.0,0.0,fpl-2026-27,1.0312,429,176297,Rashford,16,Man Utd,Midfielder,7.0,1.733,0.0,1.733,47.31,0.0,1.0,3.0,0.2476,1.733,0,1,3,1.863,0,2.0,3.0,0.0033,0.0
2026-09-12T05:11:18+00:00,4,2026-09-12T12:30:00Z,player-sim-2.0,player-sim-2.0,player-sim-3.0-candidate,holdout_rejected,0.0,0.0,0.0,0.0,fpl-2026-27,1.0312,430,184341,Mount,16,Man Utd,Midfielder,5.4,0.51,0.0,0.51,11.3,0.0,0.0,2.0,0.0944,0.51,0,0,2,0.537,0,0,2.0,0.005,0.0017
2026-09-12T05:11:18+00:00,4,2026-09-12T12:30:00Z,player-sim-2.0,player-sim-2.0,player-sim-3.0-candidate,holdout_rejected,0.0,0.0,0.0,0.0,fpl-2026-27,1.0312,431,493250,Amad,16,Man Utd,Midfielder,5.8,0.0,0.0,0.0,0.0,0.0,0.0,0.0,0.0,0.0,0,0,0,0.0,0,0,0,0.0,0.0
2026-09-12T05:11:18+00:00,4,2026-09-12T12:30:00Z,player-sim-2.0,player-sim-2.0,player-sim-3.0-candidate,holdout_rejected,0.0,0.0,0.0,0.0,fpl-2026-27,1.0312,432,516895,Mainoo,16,Man Utd,Midfielder,5.5,2.088,0.0,2.088,48.62,0.0,2.0,5.0,0.3797,2.088,0,2,5,1.892,0,1.0,5.0,0.0017,0.0
2026-09-12T05:11:18+00:00,4,2026-09-12T12:30:00Z,player-sim-2.0,player-sim-2.0,player-sim-3.0-candidate,holdout_rejected,0.0,0.0,0.0,0.0,fpl-2026-27,1.0312,433,232112,Ugarte,16,Man Utd,Midfielder,5.0,0.0,0.0,0.0,0.0,0.0,0.0,0.0,0.0,0.0,0,0,0,0.0,0,0,0,0.0,0.0
2026-09-12T05:11:18+00:00,4,2026-09-12T12:30:00Z,player-sim-2.0,player-sim-2.0,player-sim-3.0-candidate,holdout_rejected,0.0,0.0,0.0,0.0,fpl-2026-27,1.0312,434,547037,J.Fletcher,16,Man Utd,Midfielder,4.9,0.028,0.0,0.028,0.31,0.0,0.0,0.0,0.0058,0.028,0,0,0,0.475,0,0,2.0,0.0017,0.0
2026-09-12T05:11:18+00:00,4,2026-09-12T12:30:00Z,player-sim-2.0,player-sim-2.0,player-sim-3.0-candidate,holdout_rejected,0.0,0.0,0.0,0.0,fpl-2026-27,1.0312,435,576628,Lacey,16,Man Utd,Midfielder,4.9,0.197,0.0,0.197,2.75,0.0,0.0,1.0,0.0401,0.197,0,0,1,0.522,0,0,2.0,0.0,0.0
2026-09-12T05:11:18+00:00,4,2026-09-12T12:30:00Z,player-sim-2.0,player-sim-2.0,player-sim-3.0-candidate,holdout_rejected,0.0,0.0,0.0,0.0,fpl-2026-27,1.0312,436,490881,Collyer,16,Man Utd,Midfielder,5.0,0.0,0.0,0.0,0.0,0.0,0.0,0.0,0.0,0.0,0,0,0,0.0,0,0,0,0.0,0.0
2026-09-12T05:11:18+00:00,4,2026-09-12T12:30:00Z,player-sim-2.0,player-sim-2.0,player-sim-3.0-candidate,holdout_rejected,0.0,0.0,0.0,0.0,fpl-2026-27,1.0312,437,576620,Bendito Mantato,16,Man Utd,Midfielder,4.5,0.002,0.0,0.002,0.05,0.0,0.0,0.0,0.0004,0.002,0,0,0,0.403,0,0,2.0,0.0017,0.0
2026-09-12T05:11:18+00:00,4,2026-09-12T12:30:00Z,player-sim-2.0,player-sim-2.0,player-sim-3.0-candidate,holdout_rejected,0.0,0.0,0.0,0.0,fpl-2026-27,1.0312,438,519913,Fletcher,16,Man Utd,Midfielder,4.5,0.005,0.0,0.005,0.08,0.0,0.0,0.0,0.0011,0.005,0,0,0,0.372,0,0,1.0,0.0,0.0
2026-09-12T05:11:18+00:00,4,2026-09-12T12:30:00Z,player-sim-2.0,player-sim-2.0,player-sim-3.0-candidate,holdout_rejected,0.0,0.0,0.0,0.0,fpl-2026-27,1.025,439,485711,Šeško,16,Man Utd,Forward,7.0,1.817,0.0,1.817,31.49,0.0,1.0,5.0,0.2595,1.817,0,1,5,1.403,0,1.0,3.0,0.0083,0.0033
2026-09-12T05:11:18+00:00,4,2026-09-12T12:30:00Z,player-sim-2.0,player-sim-2.0,player-sim-3.0-candidate,holdout_rejected,0.0,0.0,0.0,0.0,fpl-2026-27,1.025,440,458249,Zirkzee,16,Man Utd,Forward,5.4,0.31,0.0,0.31,6.5,0.0,0.0,1.0,0.0574,0.31,0,0,1,0.428,0,0,2.0,0.0033,0.0
2026-09-12T05:11:18+00:00,4,2026-09-12T12:30:00Z,player-sim-2.0,player-sim-2.0,player-sim-3.0-candidate,holdout_rejected,0.0,0.0,0.0,0.0,fpl-2026-27,1.025,441,596047,Obi,16,Man Utd,Forward,4.5,0.558,0.0,0.558,13.84,0.0,0.0,2.0,0.1241,0.558,0,0,2,0.27,0,0,1.0,0.0,0.0
2026-09-12T05:11:18+00:00,4,2026-09-12T12:30:00Z,player-sim-2.0,player-sim-2.0,player-sim-3.0-candidate,holdout_rejected,0.0,0.0,0.0,0.0,fpl-2026-27,1.0312,405,465694,N.Gonzalez,17,Newcastle,Midfielder,5.5,1.52,0.0,1.52,45.05,0.0,1.0,4.0,0.2764,1.52,0,1,4,1.292,0,1.0,4.0,0.0033,0.0
2026-09-12T05:11:18+00:00,4,2026-09-12T12:30:00Z,player-sim-2.0,player-sim-2.0,player-sim-3.0-candidate,holdout_rejected,0.0,0.0,0.0,0.0,fpl-2026-27,1.05,442,98747,Pope,17,Newcastle,Goalkeeper,4.9,1.173,0.0,1.173,31.95,0.0,0.0,3.0,0.2394,1.173,0,0,3,0.412,0,0,2.0,0.0,0.0
2026-09-12T05:11:18+00:00,4,2026-09-12T12:30:00Z,player-sim-2.0,player-sim-2.0,player-sim-3.0-candidate,holdout_rejected,0.0,0.0,0.0,0.0,fpl-2026-27,1.05,443,81441,Gillespie,17,Newcastle,Goalkeeper,4.5,0.415,0.0,0.415,11.47,0.0,0.0,2.0,0.0922,0.415,0,0,2,0.282,0,0,0,0.0,0.0
2026-09-12T05:11:18+00:00,4,2026-09-12T12:30:00Z,player-sim-2.0,player-sim-2.0,player-sim-3.0-candidate,holdout_rejected,0.0,0.0,0.0,0.0,fpl-2026-27,1.05,444,554578,Jaouen,17,Newcastle,Goalkeeper,4.5,0.195,0.0,0.195,5.1,0.0,0.0,0.0,0.0433,0.195,0,0,0,0.157,0,0,0,0.0,0.0
2026-09-12T05:11:18+00:00,4,2026-09-12T12:30:00Z,player-sim-2.0,player-sim-2.0,player-sim-3.0-candidate,holdout_rejected,0.0,0.0,0.0,0.0,fpl-2026-27,1.0,445,465642,Thiaw,17,Newcastle,Defender,5.0,3.457,0.0,3.457,82.65,1.0,2.0,8.0,0.6913,3.457,1,2,8,2.295,0,1.0,6.0,0.0167,0.0017
2026-09-12T05:11:18+00:00,4,2026-09-12T12:30:00Z,player-sim-2.0,player-sim-2.0,player-sim-3.0-candidate,holdout_rejected,0.0,0.0,0.0,0.0,fpl-2026-27,1.0,446,119471,Schär,17,Newcastle,Defender,5.0,0.745,0.0,0.745,14.77,0.0,0.0,2.0,0.149,0.745,0,0,2,0.68,0,0,1.0,0.005,0.0
2026-09-12T05:11:18+00:00,4,2026-09-12T12:30:00Z,player-sim-2.0,player-sim-2.0,player-sim-3.0-candidate,holdout_rejected,0.0,0.0,0.0,0.0,fpl-2026-27,1.0,447,220237,Botman,17,Newcastle,Defender,5.0,2.752,0.0,2.752,68.57,0.0,2.0,7.0,0.5503,2.752,0,2,7,2.688,0,2.0,7.0,0.0167,0.0
2026-09-12T05:11:18+00:00,4,2026-09-12T12:30:00Z,player-sim-2.0,player-sim-2.0,player-sim-3.0-candidate,holdout_rejected,0.0,0.0,0.0,0.0,fpl-2026-27,1.0,448,78916,Burn,17,Newcastle,Defender,4.9,0.0,0.0,0.0,0.0,0.0,0.0,0.0,0.0,0.0,0,0,0,0.0,0,0,0,0.0,0.0
2026-09-12T05:11:18+00:00,4,2026-09-12T12:30:00Z,player-sim-2.0,player-sim-2.0,player-sim-3.0-candidate,holdout_rejected,0.0,0.0,0.0,0.0,fpl-2026-27,1.0,449,487838,Hall,17,Newcastle,Defender,5.2,3.385,0.0,3.385,74.19,1.0,3.0,7.0,0.651,3.385,1,3,7,2.683,0,2.0,6.0,0.0117,0.0017
2026-09-12T05:11:18+00:00,4,2026-09-12T12:30:00Z,player-sim-2.0,player-sim-2.0,player-sim-3.0-candidate,holdout_rejected,0.0,0.0,0.0,0.0,fpl-2026-27,1.0,450,441191,Livramento,17,Newcastle,Defender,4.9,0.835,0.0,0.835,18.3,0.0,0.0,2.0,0.1704,0.835,0,0,2,0.608,0,0,1.0,0.0,0.0
2026-09-12T05:11:18+00:00,4,2026-09-12T12:30:00Z,player-sim-2.0,player-sim-2.0,player-sim-3.0-candidate,holdout_rejected,0.0,0.0,0.0,0.0,fpl-2026-27,1.0,451,545477,A.Murphy,17,Newcastle,Defender,4.0,0.0,0.0,0.0,0.0,0.0,0.0,0.0,0.0,0.0,0,0,0,0.0,0,0,0,0.0,0.0
2026-09-12T05:11:18+00:00,4,2026-09-12T12:30:00Z,player-sim-2.0,player-sim-2.0,player-sim-3.0-candidate,holdout_rejected,0.0,0.0,0.0,0.0,fpl-2026-27,1.0312,453,201666,Barnes,17,Newcastle,Midfielder,6.0,3.147,0.0,3.147,69.52,1.0,3.0,7.0,0.5244,3.147,1,3,7,2.668,0,2.0,7.0,0.02,0.0017
2026-09-12T05:11:18+00:00,4,2026-09-12T12:30:00Z,player-sim-2.0,player-sim-2.0,player-sim-3.0-candidate,holdout_rejected,0.0,0.0,0.0,0.0,fpl-2026-27,1.0312,454,449434,Elanga,17,Newcastle,Midfielder,6.2,2.255,0.0,2.255,55.31,0.0,2.0,6.0,0.3637,2.255,0,2,6,2.3,0,2.0,5.0,0.005,0.0
2026-09-12T05:11:18+00:00,4,2026-09-12T12:30:00Z,player-sim-2.0,player-sim-2.0,player-sim-3.0-candidate,holdout_rejected,0.0,0.0,0.0,0.0,fpl-2026-27,1.0312,456,232653,J.Ramsey,17,Newcastle,Midfielder,4.9,1.33,0.0,1.33,32.0,0.0,1.0,3.0,0.2714,1.33,0,1,3,1.158,0,1.0,2.0,0.0017,0.0
2026-09-12T05:11:18+00:00,4,2026-09-12T12:30:00Z,player-sim-2.0,player-sim-2.0,player-sim-3.0-candidate,holdout_rejected,0.0,0.0,0.0,0.0,fpl-2026-27,1.0312,457,114243,J.Murphy,17,Newcastle,Midfielder,5.9,1.607,0.0,1.607,27.99,0.0,1.0,4.0,0.2723,1.607,0,1,4,1.08,0,1.0,2.0,0.0017,0.0
2026-09-12T05:11:18+00:00,4,2026-09-12T12:30:00Z,player-sim-2.0,player-sim-2.0,player-sim-3.0-candidate,holdout_rejected,0.0,0.0,0.0,0.0,fpl-2026-27,1.0312,458,180974,Joelinton,17,Newcastle,Midfielder,5.4,0.0,0.0,0.0,0.0,0.0,0.0,0.0,0.0,0.0,0,0,0,0.0,0,0,0,0.0,0.0
2026-09-12T05:11:18+00:00,4,2026-09-12T12:30:00Z,player-sim-2.0,player-sim-2.0,player-sim-3.0-candidate,holdout_rejected,0.0,0.0,0.0,0.0,fpl-2026-27,1.0312,459,547719,L.Miley,17,Newcastle,Midfielder,5.5,2.132,0.0,2.132,57.26,0.0,2.0,4.0,0.3876,2.132,0,2,4,2.09,0,2.0,4.0,0.0017,0.0
2026-09-12T05:11:18+00:00,4,2026-09-12T12:30:00Z,player-sim-2.0,player-sim-2.0,player-sim-3.0-candidate,holdout_rejected,0.0,0.0,0.0,0.0,fpl-2026-27,1.0312,460,200089,Willock,17,Newcastle,Midfielder,5.0,1.612,0.0,1.612,40.88,0.0,1.0,3.0,0.3223,1.612,0,1,3,1.935,0,2.0,4.0,0.02,0.0033
2026-09-12T05:11:18+00:00,4,2026-09-12T12:30:00Z,player-sim-2.0,player-sim-2.0,player-sim-3.0-candidate,holdout_rejected,0.0,0.0,0.0,0.0,fpl-2026-27,1.0312,461,611665,Touré,17,Newcastle,Midfielder,5.8,0.747,0.0,0.747,15.32,0.0,0.0,2.0,0.1287,0.747,0,0,2,0.627,0,0,2.0,0.0017,0.0
2026-09-12T05:11:18+00:00,4,2026-09-12T12:30:00Z,player-sim-2.0,player-sim-2.0,player-sim-3.0-candidate,holdout_rejected,0.0,0.0,0.0,0.0,fpl-2026-27,1.0312,462,636852,Steur,17,Newcastle,Midfielder,4.9,1.268,0.0,1.268,29.2,0.0,1.0,3.0,0.2588,1.268,0,1,3,1.297,0.0,1.0,3.0,0.0,0.0
2026-09-12T05:11:18+00:00,4,2026-09-12T12:30:00Z,player-sim-2.0,player-sim-2.0,player-sim-3.0-candidate,holdout_rejected,0.0,0.0,0.0,0.0,fpl-2026-27,1.025,463,470313,Woltemade,17,Newcastle,Forward,5.9,0.0,0.0,0.0,0.0,0.0,0.0,0.0,0.0,0.0,0,0,0,0.0,0,0,0,0.0,0.0
2026-09-12T05:11:18+00:00,4,2026-09-12T12:30:00Z,player-sim-2.0,player-sim-2.0,player-sim-3.0-candidate,holdout_rejected,0.0,0.0,0.0,0.0,fpl-2026-27,1.025,464,216646,Wissa,17,Newcastle,Forward,6.2,2.147,0.0,2.147,50.16,0.0,1.0,6.0,0.3462,2.147,0,1,6,2.578,0,2.0,6.0,0.045,0.005
2026-09-12T05:11:18+00:00,4,2026-09-12T12:30:00Z,player-sim-2.0,player-sim-2.0,player-sim-3.0-candidate,holdout_rejected,0.0,0.0,0.0,0.0,fpl-2026-27,1.025,465,538207,Osula,17,Newcastle,Forward,5.9,0.0,0.0,0.0,0.0,0.0,0.0,0.0,0.0,0.0,0,0,0,0.0,0,0,0,0.0,0.0
2026-09-12T05:11:18+00:00,4,2026-09-12T12:30:00Z,player-sim-2.0,player-sim-2.0,player-sim-3.0-candidate,holdout_rejected,0.0,0.0,0.0,0.0,fpl-2026-27,1.025,466,599303,Neave,17,Newcastle,Forward,4.5,0.0,0.0,0.0,0.0,0.0,0.0,0.0,0.0,0.0,0,0,0,0.0,0,0,0,0.0,0.0
2026-09-12T05:11:18+00:00,4,2026-09-12T12:30:00Z,player-sim-2.0,player-sim-2.0,player-sim-3.0-candidate,holdout_rejected,0.0,0.0,0.0,0.0,fpl-2026-27,1.0312,559,632794,Bamba,17,Newcastle,Midfielder,4.9,0.702,0.0,0.702,17.01,0.0,0.0,2.0,0.1432,0.702,0,0,2,0.658,0,0,2.0,0.0017,0.0
2026-09-12T05:11:18+00:00,4,2026-09-12T12:30:00Z,player-sim-2.0,player-sim-2.0,player-sim-3.0-candidate,holdout_rejected,0.0,0.0,0.0,0.0,fpl-2026-27,1.05,567,470551,Horníček,17,Newcastle,Goalkeeper,5.0,2.002,0.0,2.002,54.44,0.0,2.0,6.0,0.4003,2.002,0,2,6,2.002,0.0,2.0,6.0,0.0,0.0
2026-09-12T05:11:18+00:00,4,2026-09-12T12:30:00Z,player-sim-2.0,player-sim-2.0,player-sim-3.0-candidate,holdout_rejected,0.0,0.0,0.0,0.0,fpl-2026-27,1.0,593,463726,Dedić,17,Newcastle,Defender,4.5,1.623,0.0,1.623,42.7,0.0,0.0,6.0,0.3607,1.623,0,0,6,1.762,0,1.0,6.0,0.0133,0.0
2026-09-12T05:11:18+00:00,4,2026-09-12T12:30:00Z,player-sim-2.0,player-sim-2.0,player-sim-3.0-candidate,holdout_rejected,0.0,0.0,0.0,0.0,fpl-2026-27,1.0,609,553746,Shahar,17,Newcastle,Defender,4.0,0.0,0.0,0.0,0.0,0.0,0.0,0.0,0.0,0.0,0,0,0,0.0,0,0,0,0.0,0.0
2026-09-12T05:11:18+00:00,4,2026-09-12T12:30:00Z,player-sim-2.0,player-sim-2.0,player-sim-3.0-candidate,holdout_rejected,0.0,0.0,0.0,0.0,fpl-2026-27,1.035,634,613221,Fernandez-Pardo,17,Newcastle,Forward,6.0,1.2,0.0,1.2,25.74,0.0,1.0,3.0,0.2,1.2,0,1,3,1.02,0,1.0,2.0,0.0017,0.0
2026-09-12T05:11:18+00:00,4,2026-09-12T12:30:00Z,player-sim-2.0,player-sim-2.0,player-sim-3.0-candidate,holdout_rejected,0.0,0.0,0.0,0.0,fpl-2026-27,1.025,167,463034,Delap,18,Nott'm Forest,Forward,5.5,1.267,0.0,1.267,31.07,0.0,1.0,3.0,0.2303,1.267,0,1,3,1.107,0,1.0,2.0,0.0067,0.0
2026-09-12T05:11:18+00:00,4,2026-09-12T12:30:00Z,player-sim-2.0,player-sim-2.0,player-sim-3.0-candidate,holdout_rejected,0.0,0.0,0.0,0.0,fpl-2026-27,1.0,201,247348,Muñoz,18,Nott'm Forest,Defender,5.4,2.438,0.0,2.438,47.1,0.0,1.0,6.0,0.4515,2.438,0,1,6,1.477,0,1.0,6.0,0.0133,0.0
2026-09-12T05:11:18+00:00,4,2026-09-12T12:30:00Z,player-sim-2.0,player-sim-2.0,player-sim-3.0-candidate,holdout_rejected,0.0,0.0,0.0,0.0,fpl-2026-27,1.05,467,85633,Sels,18,Nott'm Forest,Goalkeeper,5.0,3.45,0.0,3.45,81.05,1.0,3.0,7.0,0.69,3.45,1,3,7,2.427,0,2.0,7.0,0.0083,0.0
2026-09-12T05:11:18+00:00,4,2026-09-12T12:30:00Z,player-sim-2.0,player-sim-2.0,player-sim-3.0-candidate,holdout_rejected,0.0,0.0,0.0,0.0,fpl-2026-27,1.05,468,221389,John,18,Nott'm Forest,Goalkeeper,4.5,0.305,0.0,0.305,6.36,0.0,0.0,1.0,0.0678,0.305,0,0,1,0.32,0,0,1.0,0.0,0.0
2026-09-12T05:11:18+00:00,4,2026-09-12T12:30:00Z,player-sim-2.0,player-sim-2.0,player-sim-3.0-candidate,holdout_rejected,0.0,0.0,0.0,0.0,fpl-2026-27,1.0,469,215136,N.Williams,18,Nott'm Forest,Defender,5.0,3.847,0.0,3.847,86.27,1.0,3.0,7.0,0.7693,3.847,1,3,7,2.84,0.0,2.0,7.0,0.02,0.005
2026-09-12T05:11:18+00:00,4,2026-09-12T12:30:00Z,player-sim-2.0,player-sim-2.0,player-sim-3.0-candidate,holdout_rejected,0.0,0.0,0.0,0.0,fpl-2026-27,1.0,470,485047,Morato,18,Nott'm Forest,Defender,5.0,0.0,0.0,0.0,0.0,0.0,0.0,0.0,0.0,0.0,0,0,0,0.0,0,0,0,0.0,0.0
2026-09-12T05:11:18+00:00,4,2026-09-12T12:30:00Z,player-sim-2.0,player-sim-2.0,player-sim-3.0-candidate,holdout_rejected,0.0,0.0,0.0,0.0,fpl-2026-27,1.0,471,227444,Milenković,18,Nott'm Forest,Defender,5.5,3.413,0.0,3.413,88.27,1.0,3.0,7.0,0.6206,3.413,1,3,7,2.605,0,2.0,7.0,0.0117,0.0
2026-09-12T05:11:18+00:00,4,2026-09-12T12:30:00Z,player-sim-2.0,player-sim-2.0,player-sim-3.0-candidate,holdout_rejected,0.0,0.0,0.0,0.0,fpl-2026-27,1.0,472,575476,Murillo,18,Nott'm Forest,Defender,5.5,3.458,0.0,3.458,71.84,1.0,2.0,8.0,0.6288,3.458,1,2,8,2.977,0.0,2.0,8.0,0.025,0.0
2026-09-12T05:11:18+00:00,4,2026-09-12T12:30:00Z,player-sim-2.0,player-sim-2.0,player-sim-3.0-candidate,holdout_rejected,0.0,0.0,0.0,0.0,fpl-2026-27,1.0,473,159506,Aina,18,Nott'm Forest,Defender,4.5,2.468,0.0,2.468,58.7,0.0,2.0,6.0,0.5485,2.468,0,2,6,2.575,0,2.0,6.0,0.005,0.0
2026-09-12T05:11:18+00:00,4,2026-09-12T12:30:00Z,player-sim-2.0,player-sim-2.0,player-sim-3.0-candidate,holdout_rejected,0.0,0.0,0.0,0.0,fpl-2026-27,1.0,474,575458,Jair Cunha,18,Nott'm Forest,Defender,4.5,2.212,0.0,2.212,51.59,0.0,1.0,6.0,0.4915,2.212,0,1,6,2.783,0,2.0,6.0,0.0,0.0
2026-09-12T05:11:18+00:00,4,2026-09-12T12:30:00Z,player-sim-2.0,player-sim-2.0,player-sim-3.0-candidate,holdout_rejected,0.0,0.0,0.0,0.0,fpl-2026-27,1.0,475,500151,Savona,18,Nott'm Forest,Defender,4.5,0.0,0.0,0.0,0.0,0.0,0.0,0.0,0.0,0.0,0,0,0,0.0,0,0,0,0.0,0.0
2026-09-12T05:11:18+00:00,4,2026-09-12T12:30:00Z,player-sim-2.0,player-sim-2.0,player-sim-3.0-candidate,holdout_rejected,0.0,0.0,0.0,0.0,fpl-2026-27,1.0,476,204822,O.Richards,18,Nott'm Forest,Defender,4.0,0.597,0.0,0.597,14.99,0.0,0.0,2.0,0.1492,0.597,0,0,2,0.437,0,0,1.0,0.0033,0.0
2026-09-12T05:11:18+00:00,4,2026-09-12T12:30:00Z,player-sim-2.0,player-sim-2.0,player-sim-3.0-candidate,holdout_rejected,0.0,0.0,0.0,0.0,fpl-2026-27,1.0,477,549067,Abbott,18,Nott'm Forest,Defender,4.0,0.0,0.0,0.0,0.0,0.0,0.0,0.0,0.0,0.0,0,0,0,0.0,0,0,0,0.0,0.0
2026-09-12T05:11:18+00:00,4,2026-09-12T12:30:00Z,player-sim-2.0,player-sim-2.0,player-sim-3.0-candidate,holdout_rejected,0.0,0.0,0.0,0.0,fpl-2026-27,1.0,478,470315,Netz,18,Nott'm Forest,Defender,4.5,0.44,0.0,0.44,8.32,0.0,0.0,1.0,0.0978,0.44,0,0,1,0.86,0,1.0,2.0,0.0,0.0
2026-09-12T05:11:18+00:00,4,2026-09-12T12:30:00Z,player-sim-2.0,player-sim-2.0,player-sim-3.0-candidate,holdout_rejected,0.0,0.0,0.0,0.0,fpl-2026-27,1.0,479,538638,Bindon,18,Nott'm Forest,Defender,4.0,0.0,0.0,0.0,0.0,0.0,0.0,0.0,0.0,0.0,0,0,0,0.0,0,0,0,0.0,0.0
2026-09-12T05:11:18+00:00,4,2026-09-12T12:30:00Z,player-sim-2.0,player-sim-2.0,player-sim-3.0-candidate,holdout_rejected,0.0,0.0,0.0,0.0,fpl-2026-27,1.0312,480,222531,Gibbs-White,18,Nott'm Forest,Midfielder,7.9,4.368,0.0,4.368,85.65,2.0,3.0,8.0,0.5529,4.368,2,3,8,3.235,0,2.0,8.0,0.0433,0.01
2026-09-12T05:11:18+00:00,4,2026-09-12T12:30:00Z,player-sim-2.0,player-sim-2.0,player-sim-3.0-candidate,holdout_rejected,0.0,0.0,0.0,0.0,fpl-2026-27,1.0312,482,209046,Hudson-Odoi,18,Nott'm Forest,Midfielder,5.9,1.267,0.0,1.267,23.68,0.0,1.0,3.0,0.2147,1.267,0,1,3,0.642,0,0,2.0,0.0017,0.0
2026-09-12T05:11:18+00:00,4,2026-09-12T12:30:00Z,player-sim-2.0,player-sim-2.0,player-sim-3.0-candidate,holdout_rejected,0.0,0.0,0.0,0.0,fpl-2026-27,1.0312,483,456512,Ndoye,18,Nott'm Forest,Midfielder,5.5,2.173,0.0,2.173,44.81,0.0,2.0,4.0,0.3951,2.173,0,2,4,2.462,0,2.0,5.0,0.0133,0.0017
2026-09-12T05:11:18+00:00,4,2026-09-12T12:30:00Z,player-sim-2.0,player-sim-2.0,player-sim-3.0-candidate,holdout_rejected,0.0,0.0,0.0,0.0,fpl-2026-27,1.0312,484,503301,Hutchinson,18,Nott'm Forest,Midfielder,5.4,0.0,0.0,0.0,0.0,0.0,0.0,0.0,0.0,0.0,0,0,0,0.0,0,0,0,0.0,0.0
2026-09-12T05:11:18+00:00,4,2026-09-12T12:30:00Z,player-sim-2.0,player-sim-2.0,player-sim-3.0-candidate,holdout_rejected,0.0,0.0,0.0,0.0,fpl-2026-27,1.0312,485,476887,Bakwa,18,Nott'm Forest,Midfielder,5.5,0.0,0.0,0.0,0.0,0.0,0.0,0.0,0.0,0.0,0,0,0,0.0,0,0,0,0.0,0.0
2026-09-12T05:11:18+00:00,4,2026-09-12T12:30:00Z,player-sim-2.0,player-sim-2.0,player-sim-3.0-candidate,holdout_rejected,0.0,0.0,0.0,0.0,fpl-2026-27,1.0312,486,432714,McAtee,18,Nott'm Forest,Midfielder,5.5,1.547,0.0,1.547,46.04,0.0,1.0,4.0,0.2812,1.547,0,1,4,2.083,0,2.0,4.0,0.0067,0.0
2026-09-12T05:11:18+00:00,4,2026-09-12T12:30:00Z,player-sim-2.0,player-sim-2.0,player-sim-3.0-candidate,holdout_rejected,0.0,0.0,0.0,0.0,fpl-2026-27,1.0312,487,250199,Dominguez,18,Nott'm Forest,Midfielder,4.9,0.567,0.0,0.567,16.5,0.0,0.0,1.0,0.1157,0.567,0,0,1,0.552,0,0,1.0,0.0,0.0
2026-09-12T05:11:18+00:00,4,2026-09-12T12:30:00Z,player-sim-2.0,player-sim-2.0,player-sim-3.0-candidate,holdout_rejected,0.0,0.0,0.0,0.0,fpl-2026-27,1.0312,488,210462,I.Sangaré,18,Nott'm Forest,Midfielder,4.9,1.53,0.0,1.53,40.14,0.0,1.0,4.0,0.3122,1.53,0,1,4,0.972,0,0,3.0,0.0,0.0
2026-09-12T05:11:18+00:00,4,2026-09-12T12:30:00Z,player-sim-2.0,player-sim-2.0,player-sim-3.0-candidate,holdout_rejected,0.0,0.0,0.0,0.0,fpl-2026-27,1.0312,489,204968,Yates,18,Nott'm Forest,Midfielder,4.5,0.212,0.0,0.212,4.61,0.0,0.0,1.0,0.047,0.212,0,0,1,0.343,0,0,1.0,0.0,0.0
2026-09-12T05:11:18+00:00,4,2026-09-12T12:30:00Z,player-sim-2.0,player-sim-2.0,player-sim-3.0-candidate,holdout_rejected,0.0,0.0,0.0,0.0,fpl-2026-27,1.025,490,60689,Wood,18,Nott'm Forest,Forward,5.9,0.957,0.0,0.957,17.61,0.0,0.0,2.0,0.1622,0.957,0,0,2,0.942,0,1.0,2.0,0.0033,0.0
2026-09-12T05:11:18+00:00,4,2026-09-12T12:30:00Z,player-sim-2.0,player-sim-2.0,player-sim-3.0-candidate,holdout_rejected,0.0,0.0,0.0,0.0,fpl-2026-27,1.025,491,482973,Igor Jesus,18,Nott'm Forest,Forward,5.9,2.755,0.0,2.755,62.76,1.0,2.0,6.0,0.4669,2.755,1,2,6,1.948,0,1.0,5.0,0.0183,0.0017
2026-09-12T05:11:18+00:00,4,2026-09-12T12:30:00Z,player-sim-2.0,player-sim-2.0,player-sim-3.0-candidate,holdout_rejected,0.0,0.0,0.0,0.0,fpl-2026-27,1.025,493,465680,Kalimuendo,18,Nott'm Forest,Forward,5.4,0.243,0.0,0.243,3.23,0.0,0.0,1.0,0.0451,0.243,0,0,1,0.62,0,0,2.0,0.0033,0.0
2026-09-12T05:11:18+00:00,4,2026-09-12T12:30:00Z,player-sim-2.0,player-sim-2.0,player-sim-3.0-candidate,holdout_rejected,0.0,0.0,0.0,0.0,fpl-2026-27,1.0312,558,204561,Schlager,18,Nott'm Forest,Midfielder,5.0,1.768,0.0,1.768,47.48,0.0,1.0,4.0,0.3537,1.768,0,1,4,1.712,0,1.0,4.0,0.0,0.0
2026-09-12T05:11:18+00:00,4,2026-09-12T12:30:00Z,player-sim-2.0,player-sim-2.0,player-sim-3.0-candidate,holdout_rejected,0.0,0.0,0.0,0.0,fpl-2026-27,1.0,581,568420,Diomande,18,Nott'm Forest,Defender,5.4,0.708,0.0,0.708,14.75,0.0,0.0,2.0,0.1312,0.708,0,0,2,0.737,0.0,0,2.0,0.0,0.0
2026-09-12T05:11:18+00:00,4,2026-09-12T12:30:00Z,player-sim-2.0,player-sim-2.0,player-sim-3.0-candidate,holdout_rejected,0.0,0.0,0.0,0.0,fpl-2026-27,1.05,590,428971,Benda,18,Nott'm Forest,Goalkeeper,4.5,0.463,0.0,0.463,10.66,0.0,0.0,2.0,0.103,0.463,0,0,2,0.297,0,0,0,0.0,0.0
2026-09-12T05:11:18+00:00,4,2026-09-12T12:30:00Z,player-sim-2.0,player-sim-2.0,player-sim-3.0-candidate,holdout_rejected,0.0,0.0,0.0,0.0,fpl-2026-27,1.0,112,469142,Van Hecke,19,Spurs,Defender,4.9,3.91,0.0,3.91,86.69,1.0,3.0,8.0,0.798,3.91,1,3,8,2.987,0,2.0,8.0,0.0283,0.0033
2026-09-12T05:11:18+00:00,4,2026-09-12T12:30:00Z,player-sim-2.0,player-sim-2.0,player-sim-3.0-candidate,holdout_rejected,0.0,0.0,0.0,0.0,fpl-2026-27,1.0,147,109646,Tosin,19,Spurs,Defender,4.4,0.455,0.0,0.455,11.04,0.0,0.0,1.0,0.1034,0.455,0,0,1,0.448,0,0,1.0,0.0017,0.0
2026-09-12T05:11:18+00:00,4,2026-09-12T12:30:00Z,player-sim-2.0,player-sim-2.0,player-sim-3.0-candidate,holdout_rejected,0.0,0.0,0.0,0.0,fpl-2026-27,1.025,401,438234,Marmoush,19,Spurs,Forward,7.0,1.5,0.0,1.5,36.58,0.0,0.0,5.0,0.2143,1.5,0,0,5,1.667,0,1.0,5.0,0.0133,0.0033
2026-09-12T05:11:18+00:00,4,2026-09-12T12:30:00Z,player-sim-2.0,player-sim-2.0,player-sim-3.0-candidate,holdout_rejected,0.0,0.0,0.0,0.0,fpl-2026-27,1.0312,403,510281,Sávio,19,Spurs,Midfielder,6.5,0.907,0.0,0.907,19.4,0.0,0.0,3.0,0.1395,0.907,0,0,3,1.057,0,0,3.0,0.005,0.0017
2026-09-12T05:11:18+00:00,4,2026-09-12T12:30:00Z,player-sim-2.0,player-sim-2.0,player-sim-3.0-candidate,holdout_rejected,0.0,0.0,0.0,0.0,fpl-2026-27,1.0312,455,432422,Tonali,19,Spurs,Midfielder,5.4,2.683,0.0,2.683,76.07,1.0,2.0,5.0,0.4969,2.683,1,2,5,2.083,0,2.0,4.0,0.0033,0.0017
2026-09-12T05:11:18+00:00,4,2026-09-12T12:30:00Z,player-sim-2.0,player-sim-2.0,player-sim-3.0-candidate,holdout_rejected,0.0,0.0,0.0,0.0,fpl-2026-27,1.05,494,184254,Vicario,19,Spurs,Goalkeeper,4.5,0.0,0.0,0.0,0.0,0.0,0.0,0.0,0.0,0.0,0,0,0,0.0,0,0,0,0.0,0.0
2026-09-12T05:11:18+00:00,4,2026-09-12T12:30:00Z,player-sim-2.0,player-sim-2.0,player-sim-3.0-candidate,holdout_rejected,0.0,0.0,0.0,0.0,fpl-2026-27,1.05,495,214572,Austin,19,Spurs,Goalkeeper,4.0,0.385,0.0,0.385,9.2,0.0,0.0,1.0,0.0963,0.385,0,0,1,0.228,0,0,0,0.0,0.0
2026-09-12T05:11:18+00:00,4,2026-09-12T12:30:00Z,player-sim-2.0,player-sim-2.0,player-sim-3.0-candidate,holdout_rejected,0.0,0.0,0.0,0.0,fpl-2026-27,1.05,496,485055,Kinsky,19,Spurs,Goalkeeper,4.5,1.9,0.0,1.9,52.4,0.0,1.0,6.0,0.4222,1.9,0,1,6,2.295,0,2.0,6.0,0.0,0.0
2026-09-12T05:11:18+00:00,4,2026-09-12T12:30:00Z,player-sim-2.0,player-sim-2.0,player-sim-3.0-candidate,holdout_rejected,0.0,0.0,0.0,0.0,fpl-2026-27,1.05,497,67089,Dubravka,19,Spurs,Goalkeeper,4.0,1.742,0.0,1.742,39.48,0.0,0.0,6.0,0.4354,1.742,0,0,6,0.375,0,0,1.0,0.0,0.0
2026-09-12T05:11:18+00:00,4,2026-09-12T12:30:00Z,player-sim-2.0,player-sim-2.0,player-sim-3.0-candidate,holdout_rejected,0.0,0.0,0.0,0.0,fpl-2026-27,1.0,498,221466,Senesi,19,Spurs,Defender,5.9,2.93,0.0,2.93,56.73,0.0,2.0,8.0,0.4966,2.93,0,2,8,1.545,0,0,6.0,0.0083,0.0
2026-09-12T05:11:18+00:00,4,2026-09-12T12:30:00Z,player-sim-2.0,player-sim-2.0,player-sim-3.0-candidate,holdout_rejected,0.0,0.0,0.0,0.0,fpl-2026-27,1.0,499,441164,Pedro Porro,19,Spurs,Defender,5.5,2.21,0.0,2.21,48.38,0.0,1.0,6.0,0.4018,2.21,0,1,6,1.565,0,0,6.0,0.02,0.0017
2026-09-12T05:11:18+00:00,4,2026-09-12T12:30:00Z,player-sim-2.0,player-sim-2.0,player-sim-3.0-candidate,holdout_rejected,0.0,0.0,0.0,0.0,fpl-2026-27,1.0,500,221632,Romero,19,Spurs,Defender,5.0,0.0,0.0,0.0,0.0,0.0,0.0,0.0,0.0,0.0,0,0,0,0.0,0,0,0,0.0,0.0
2026-09-12T05:11:18+00:00,4,2026-09-12T12:30:00Z,player-sim-2.0,player-sim-2.0,player-sim-3.0-candidate,holdout_rejected,0.0,0.0,0.0,0.0,fpl-2026-27,1.0,502,122798,Robertson,19,Spurs,Defender,4.4,2.023,0.0,2.023,42.71,0.0,1.0,6.0,0.4598,2.023,0,1,6,1.932,0,1.0,6.0,0.0133,0.0
2026-09-12T05:11:18+00:00,4,2026-09-12T12:30:00Z,player-sim-2.0,player-sim-2.0,player-sim-3.0-candidate,holdout_rejected,0.0,0.0,0.0,0.0,fpl-2026-27,1.0,503,491279,Van de Ven,19,Spurs,Defender,5.0,2.957,0.0,2.957,66.91,0.0,2.0,7.0,0.5913,2.957,0,2,7,2.005,0,1.0,7.0,0.0233,0.0
2026-09-12T05:11:18+00:00,4,2026-09-12T12:30:00Z,player-sim-2.0,player-sim-2.0,player-sim-3.0-candidate,holdout_rejected,0.0,0.0,0.0,0.0,fpl-2026-27,1.0,505,232859,Spence,19,Spurs,Defender,4.5,0.0,0.0,0.0,0.0,0.0,0.0,0.0,0.0,0.0,0,0,0,0.0,0,0,0,0.0,0.0
2026-09-12T05:11:18+00:00,4,2026-09-12T12:30:00Z,player-sim-2.0,player-sim-2.0,player-sim-3.0-candidate,holdout_rejected,0.0,0.0,0.0,0.0,fpl-2026-27,1.0,506,487053,Udogie,19,Spurs,Defender,4.5,1.035,0.0,1.035,24.0,0.0,1.0,2.0,0.23,1.035,0,1,2,1.01,0,1.0,2.0,0.0,0.0
2026-09-12T05:11:18+00:00,4,2026-09-12T12:30:00Z,player-sim-2.0,player-sim-2.0,player-sim-3.0-candidate,holdout_rejected,0.0,0.0,0.0,0.0,fpl-2026-27,1.0,507,548308,Phillips,19,Spurs,Defender,4.5,0.0,0.0,0.0,0.0,0.0,0.0,0.0,0.0,0.0,0,0,0,0.0,0,0,0,0.0,0.0
2026-09-12T05:11:18+00:00,4,2026-09-12T12:30:00Z,player-sim-2.0,player-sim-2.0,player-sim-3.0-candidate,holdout_rejected,0.0,0.0,0.0,0.0,fpl-2026-27,1.0,508,115556,Davies,19,Spurs,Defender,4.0,0.083,0.0,0.083,1.3,0.0,0.0,0.0,0.0208,0.083,0,0,0,0.41,0,0,1.0,0.005,0.0
2026-09-12T05:11:18+00:00,4,2026-09-12T12:30:00Z,player-sim-2.0,player-sim-2.0,player-sim-3.0-candidate,holdout_rejected,0.0,0.0,0.0,0.0,fpl-2026-27,1.0,509,640419,Byfield,19,Spurs,Defender,4.0,0.0,0.0,0.0,0.0,0.0,0.0,0.0,0.0,0.0,0,0,0,0.407,0,0,1.0,0.0,0.0
2026-09-12T05:11:18+00:00,4,2026-09-12T12:30:00Z,player-sim-2.0,player-sim-2.0,player-sim-3.0-candidate,holdout_rejected,0.0,0.0,0.0,0.0,fpl-2026-27,1.0,510,499716,Rowswell,19,Spurs,Defender,4.0,0.002,0.0,0.002,0.0,0.0,0.0,0.0,0.0004,0.002,0,0,0,0.432,0,0,1.0,0.0017,0.0
2026-09-12T05:11:18+00:00,4,2026-09-12T12:30:00Z,player-sim-2.0,player-sim-2.0,player-sim-3.0-candidate,holdout_rejected,0.0,0.0,0.0,0.0,fpl-2026-27,1.0,511,616221,Souza,19,Spurs,Defender,4.0,0.0,0.0,0.0,0.0,0.0,0.0,0.0,0.0,0.0,0,0,0,0.0,0,0,0,0.0,0.0
2026-09-12T05:11:18+00:00,4,2026-09-12T12:30:00Z,player-sim-2.0,player-sim-2.0,player-sim-3.0-candidate,holdout_rejected,0.0,0.0,0.0,0.0,fpl-2026-27,1.0312,512,460842,Kudus,19,Spurs,Midfielder,6.5,1.345,0.0,1.345,28.65,0.0,1.0,3.0,0.2069,1.345,0,1,3,0.997,0,1.0,2.0,0.0033,0.0
2026-09-12T05:11:18+00:00,4,2026-09-12T12:30:00Z,player-sim-2.0,player-sim-2.0,player-sim-3.0-candidate,holdout_rejected,0.0,0.0,0.0,0.0,fpl-2026-27,1.0312,513,493362,Xavi,19,Spurs,Midfielder,5.9,0.0,0.0,0.0,0.0,0.0,0.0,0.0,0.0,0.0,0,0,0,0.0,0,0,0,0.0,0.0
2026-09-12T05:11:18+00:00,4,2026-09-12T12:30:00Z,player-sim-2.0,player-sim-2.0,player-sim-3.0-candidate,holdout_rejected,0.0,0.0,0.0,0.0,fpl-2026-27,1.0312,514,511499,Tel,19,Spurs,Midfielder,5.8,2.473,0.0,2.473,55.06,0.0,2.0,6.0,0.4264,2.473,0,2,6,2.322,0,2.0,5.0,0.0067,0.0
2026-09-12T05:11:18+00:00,4,2026-09-12T12:30:00Z,player-sim-2.0,player-sim-2.0,player-sim-3.0-candidate,holdout_rejected,0.0,0.0,0.0,0.0,fpl-2026-27,1.0312,515,172780,Maddison,19,Spurs,Midfielder,6.3,0.18,0.0,0.18,3.19,0.0,0.0,1.0,0.0286,0.18,0,0,1,0.673,0.0,0,2.0,0.0017,0.0
2026-09-12T05:11:18+00:00,4,2026-09-12T12:30:00Z,player-sim-2.0,player-sim-2.0,player-sim-3.0-candidate,holdout_rejected,0.0,0.0,0.0,0.0,fpl-2026-27,1.0312,516,202993,Bentancur,19,Spurs,Midfielder,5.5,2.467,0.0,2.467,60.67,1.0,2.0,5.0,0.4485,2.467,1,2,5,1.888,0,1.0,4.0,0.0033,0.0
2026-09-12T05:11:18+00:00,4,2026-09-12T12:30:00Z,player-sim-2.0,player-sim-2.0,player-sim-3.0-candidate,holdout_rejected,0.0,0.0,0.0,0.0,fpl-2026-27,1.0312,517,550839,Odobert,19,Spurs,Midfielder,5.5,0.0,0.0,0.0,0.0,0.0,0.0,0.0,0.0,0.0,0,0,0,0.0,0,0,0,0.0,0.0
2026-09-12T05:11:18+00:00,4,2026-09-12T12:30:00Z,player-sim-2.0,player-sim-2.0,player-sim-3.0-candidate,holdout_rejected,0.0,0.0,0.0,0.0,fpl-2026-27,1.0312,518,482442,P.M.Sarr,19,Spurs,Midfielder,4.9,0.0,0.0,0.0,0.0,0.0,0.0,0.0,0.0,0.0,0,0,0,0.0,0,0,0,0.0,0.0
2026-09-12T05:11:18+00:00,4,2026-09-12T12:30:00Z,player-sim-2.0,player-sim-2.0,player-sim-3.0-candidate,holdout_rejected,0.0,0.0,0.0,0.0,fpl-2026-27,1.0312,519,232787,Gallagher,19,Spurs,Midfielder,5.4,1.322,0.0,1.322,36.54,0.0,1.0,3.0,0.2448,1.322,0,1,3,1.323,0,1.0,3.0,0.0017,0.0
2026-09-12T05:11:18+00:00,4,2026-09-12T12:30:00Z,player-sim-2.0,player-sim-2.0,player-sim-3.0-candidate,holdout_rejected,0.0,0.0,0.0,0.0,fpl-2026-27,1.0312,520,570526,Bergvall,19,Spurs,Midfielder,5.4,0.73,0.0,0.73,20.21,0.0,0.0,2.0,0.1352,0.73,0,0,2,0.793,0.0,0,2.0,0.0,0.0
2026-09-12T05:11:18+00:00,4,2026-09-12T12:30:00Z,player-sim-2.0,player-sim-2.0,player-sim-3.0-candidate,holdout_rejected,0.0,0.0,0.0,0.0,fpl-2026-27,1.0312,521,445044,Kulusevski,19,Spurs,Midfielder,6.5,0.0,0.0,0.0,0.0,0.0,0.0,0.0,0.0,0.0,0,0,0,0.0,0,0,0,0.0,0.0
2026-09-12T05:11:18+00:00,4,2026-09-12T12:30:00Z,player-sim-2.0,player-sim-2.0,player-sim-3.0-candidate,holdout_rejected,0.0,0.0,0.0,0.0,fpl-2026-27,1.0312,522,547701,Gray,19,Spurs,Midfielder,5.0,1.505,0.0,1.505,41.11,0.0,1.0,3.0,0.301,1.505,0,1,3,1.487,0,1.0,3.0,0.0017,0.0
2026-09-12T05:11:18+00:00,4,2026-09-12T12:30:00Z,player-sim-2.0,player-sim-2.0,player-sim-3.0-candidate,holdout_rejected,0.0,0.0,0.0,0.0,fpl-2026-27,1.0312,523,499721,Moore,19,Spurs,Midfielder,5.0,0.0,0.0,0.0,0.0,0.0,0.0,0.0,0.0,0.0,0,0,0,0.0,0,0,0,0.0,0.0
2026-09-12T05:11:18+00:00,4,2026-09-12T12:30:00Z,player-sim-2.0,player-sim-2.0,player-sim-3.0-candidate,holdout_rejected,0.0,0.0,0.0,0.0,fpl-2026-27,1.0312,524,499726,Olusesi,19,Spurs,Midfielder,4.4,0.008,0.0,0.008,0.06,0.0,0.0,0.0,0.0019,0.008,0,0,0,0.377,0,0,2.0,0.0,0.0
2026-09-12T05:11:18+00:00,4,2026-09-12T12:30:00Z,player-sim-2.0,player-sim-2.0,player-sim-3.0-candidate,holdout_rejected,0.0,0.0,0.0,0.0,fpl-2026-27,1.0312,525,551226,Fernandes,19,Spurs,Midfielder,5.8,2.293,0.0,2.293,57.63,1.0,2.0,5.0,0.3954,2.293,1,2,5,1.312,0.0,1.0,3.0,0.0033,0.0
2026-09-12T05:11:18+00:00,4,2026-09-12T12:30:00Z,player-sim-2.0,player-sim-2.0,player-sim-3.0-candidate,holdout_rejected,0.0,0.0,0.0,0.0,fpl-2026-27,1.025,526,154566,Solanke,19,Spurs,Forward,5.9,1.137,0.0,1.137,19.15,0.0,1.0,2.0,0.1927,1.137,0,1,2,1.178,0,1.0,2.0,0.005,0.0017
2026-09-12T05:11:18+00:00,4,2026-09-12T12:30:00Z,player-sim-2.0,player-sim-2.0,player-sim-3.0-candidate,holdout_rejected,0.0,0.0,0.0,0.0,fpl-2026-27,1.025,527,212319,Richarlison,19,Spurs,Forward,5.9,0.0,0.0,0.0,0.0,0.0,0.0,0.0,0.0,0.0,0,0,0,0.0,0,0,0,0.0,0.0
2026-09-12T05:11:18+00:00,4,2026-09-12T12:30:00Z,player-sim-2.0,player-sim-2.0,player-sim-3.0-candidate,holdout_rejected,0.0,0.0,0.0,0.0,fpl-2026-27,1.025,528,490145,Scarlett,19,Spurs,Forward,4.5,0.0,0.0,0.0,0.0,0.0,0.0,0.0,0.0,0.0,0,0,0,0.0,0,0,0,0.0,0.0
2026-09-12T05:11:18+00:00,4,2026-09-12T12:30:00Z,player-sim-2.0,player-sim-2.0,player-sim-3.0-candidate,holdout_rejected,0.0,0.0,0.0,0.0,fpl-2026-27,1.0312,578,465920,Mudryk,19,Spurs,Midfielder,5.4,0.0,0.0,0.0,0.0,0.0,0.0,0.0,0.0,0.0,0,0,0,0.0,0,0,0,0.0,0.0
2026-09-12T05:11:18+00:00,4,2026-09-12T12:30:00Z,player-sim-2.0,player-sim-2.0,player-sim-3.0-candidate,holdout_rejected,0.0,0.0,0.0,0.0,fpl-2026-27,1.0312,601,611917,Williams-Barnett,19,Spurs,Midfielder,4.5,0.583,0.0,0.583,14.31,0.0,0.0,2.0,0.1296,0.583,0,0,2,0.407,0,0,2.0,0.0,0.0
2026-09-12T05:11:18+00:00,4,2026-09-12T12:30:00Z,player-sim-2.0,player-sim-2.0,player-sim-3.0-candidate,holdout_rejected,0.0,0.0,0.0,0.0,fpl-2026-27,1.0,501,135720,Danso,20,Sunderland,Defender,5.0,1.327,0.0,1.327,31.5,0.0,0.0,4.0,0.2653,1.327,0,0,4,1.163,0,0,4.0,0.0067,0.0
2026-09-12T05:11:18+00:00,4,2026-09-12T12:30:00Z,player-sim-2.0,player-sim-2.0,player-sim-3.0-candidate,holdout_rejected,0.0,0.0,0.0,0.0,fpl-2026-27,1.05,529,498016,Roefs,20,Sunderland,Goalkeeper,5.0,3.32,0.0,3.32,86.14,1.0,3.0,7.0,0.664,3.32,1,3,7,2.207,0,2.0,6.0,0.0017,0.0
2026-09-12T05:11:18+00:00,4,2026-09-12T12:30:00Z,player-sim-2.0,player-sim-2.0,player-sim-3.0-candidate,holdout_rejected,0.0,0.0,0.0,0.0,fpl-2026-27,1.05,530,232571,Patterson,20,Sunderland,Goalkeeper,4.0,0.0,0.0,0.0,0.0,0.0,0.0,0.0,0.0,0.0,0,0,0,0.0,0,0,0,0.0,0.0
2026-09-12T05:11:18+00:00,4,2026-09-12T12:30:00Z,player-sim-2.0,player-sim-2.0,player-sim-3.0-candidate,holdout_rejected,0.0,0.0,0.0,0.0,fpl-2026-27,1.05,531,515046,Ellborg,20,Sunderland,Goalkeeper,4.5,0.215,0.0,0.215,4.59,0.0,0.0,0.0,0.0478,0.215,0,0,0,0.368,0,0,1.0,0.0,0.0
2026-09-12T05:11:18+00:00,4,2026-09-12T12:30:00Z,player-sim-2.0,player-sim-2.0,player-sim-3.0-candidate,holdout_rejected,0.0,0.0,0.0,0.0,fpl-2026-27,1.0,532,223827,Ballard,20,Sunderland,Defender,4.9,3.455,0.0,3.455,73.94,1.0,3.0,8.0,0.7051,3.455,1,3,8,2.95,0,2.0,7.0,0.0267,0.0017
2026-09-12T05:11:18+00:00,4,2026-09-12T12:30:00Z,player-sim-2.0,player-sim-2.0,player-sim-3.0-candidate,holdout_rejected,0.0,0.0,0.0,0.0,fpl-2026-27,1.0,533,200834,Mukiele,20,Sunderland,Defender,5.5,3.123,0.0,3.123,62.62,0.0,2.0,8.0,0.5679,3.123,0,2,8,2.225,0,1.0,7.0,0.01,0.0
2026-09-12T05:11:18+00:00,4,2026-09-12T12:30:00Z,player-sim-2.0,player-sim-2.0,player-sim-3.0-candidate,holdout_rejected,0.0,0.0,0.0,0.0,fpl-2026-27,1.0,534,487676,Hume,20,Sunderland,Defender,4.4,2.633,0.0,2.633,69.31,1.0,2.0,6.0,0.5985,2.633,1,2,6,1.947,0.0,1.0,6.0,0.01,0.0
2026-09-12T05:11:18+00:00,4,2026-09-12T12:30:00Z,player-sim-2.0,player-sim-2.0,player-sim-3.0-candidate,holdout_rejected,0.0,0.0,0.0,0.0,fpl-2026-27,1.0,535,201895,Alderete,20,Sunderland,Defender,4.9,1.957,0.0,1.957,44.62,0.0,1.0,6.0,0.3993,1.957,0,1,6,0.708,0,0,2.0,0.0,0.0
2026-09-12T05:11:18+00:00,4,2026-09-12T12:30:00Z,player-sim-2.0,player-sim-2.0,player-sim-3.0-candidate,holdout_rejected,0.0,0.0,0.0,0.0,fpl-2026-27,1.0,536,434399,Reinildo,20,Sunderland,Defender,4.5,2.503,0.0,2.503,70.69,0.0,2.0,6.0,0.5563,2.503,0,2,6,2.205,0,1.0,6.0,0.005,0.0
2026-09-12T05:11:18+00:00,4,2026-09-12T12:30:00Z,player-sim-2.0,player-sim-2.0,player-sim-3.0-candidate,holdout_rejected,0.0,0.0,0.0,0.0,fpl-2026-27,1.0,537,519634,Seelt,20,Sunderland,Defender,4.5,0.0,0.0,0.0,0.0,0.0,0.0,0.0,0.0,0.0,0,0,0,0.0,0,0,0,0.0,0.0
2026-09-12T05:11:18+00:00,4,2026-09-12T12:30:00Z,player-sim-2.0,player-sim-2.0,player-sim-3.0-candidate,holdout_rejected,0.0,0.0,0.0,0.0,fpl-2026-27,1.0,538,477547,Hjelde,20,Sunderland,Defender,4.0,0.0,0.0,0.0,0.0,0.0,0.0,0.0,0.0,0.0,0,0,0,0.0,0,0,0,0.0,0.0
2026-09-12T05:11:18+00:00,4,2026-09-12T12:30:00Z,player-sim-2.0,player-sim-2.0,player-sim-3.0-candidate,holdout_rejected,0.0,0.0,0.0,0.0,fpl-2026-27,1.0,539,167512,O'Nien,20,Sunderland,Defender,4.0,0.597,0.0,0.597,17.86,0.0,0.0,2.0,0.1492,0.597,0,0,2,0.812,0,0,3.0,0.0017,0.0
2026-09-12T05:11:18+00:00,4,2026-09-12T12:30:00Z,player-sim-2.0,player-sim-2.0,player-sim-3.0-candidate,holdout_rejected,0.0,0.0,0.0,0.0,fpl-2026-27,1.0,540,105717,Masuaku,20,Sunderland,Defender,4.0,0.0,0.0,0.0,0.0,0.0,0.0,0.0,0.0,0.0,0,0,0,0.0,0,0,0,0.0,0.0
2026-09-12T05:11:18+00:00,4,2026-09-12T12:30:00Z,player-sim-2.0,player-sim-2.0,player-sim-3.0-candidate,holdout_rejected,0.0,0.0,0.0,0.0,fpl-2026-27,1.0,541,93605,Meunier,20,Sunderland,Defender,4.5,2.055,0.0,2.055,53.02,0.0,1.0,6.0,0.4567,2.055,0,1,6,2.503,0,2.0,6.0,0.0133,0.0
2026-09-12T05:11:18+00:00,4,2026-09-12T12:30:00Z,player-sim-2.0,player-sim-2.0,player-sim-3.0-candidate,holdout_rejected,0.0,0.0,0.0,0.0,fpl-2026-27,1.0312,542,484420,E.Le Fée,20,Sunderland,Midfielder,5.8,3.8,0.0,3.8,81.85,2.0,3.0,8.0,0.6552,3.8,2,3,8,3.182,0,2.0,8.0,0.0417,0.01
2026-09-12T05:11:18+00:00,4,2026-09-12T12:30:00Z,player-sim-2.0,player-sim-2.0,player-sim-3.0-candidate,holdout_rejected,0.0,0.0,0.0,0.0,fpl-2026-27,1.0312,543,547027,Diarra,20,Sunderland,Midfielder,5.4,0.0,0.0,0.0,0.0,0.0,0.0,0.0,0.0,0.0,0,0,0,0.0,0,0,0,0.0,0.0
2026-09-12T05:11:18+00:00,4,2026-09-12T12:30:00Z,player-sim-2.0,player-sim-2.0,player-sim-3.0-candidate,holdout_rejected,0.0,0.0,0.0,0.0,fpl-2026-27,1.0312,544,84450,Xhaka,20,Sunderland,Midfielder,5.5,3.577,0.0,3.577,82.39,1.0,3.0,6.0,0.6503,3.577,1,3,6,2.687,0,2.0,5.0,0.0083,0.0017
2026-09-12T05:11:18+00:00,4,2026-09-12T12:30:00Z,player-sim-2.0,player-sim-2.0,player-sim-3.0-candidate,holdout_rejected,0.0,0.0,0.0,0.0,fpl-2026-27,1.0312,545,577669,Sadiki,20,Sunderland,Midfielder,4.9,2.515,0.0,2.515,81.29,1.0,2.0,4.0,0.5133,2.515,1,2,4,2.118,0,2.0,5.0,0.0017,0.0
2026-09-12T05:11:18+00:00,4,2026-09-12T12:30:00Z,player-sim-2.0,player-sim-2.0,player-sim-3.0-candidate,holdout_rejected,0.0,0.0,0.0,0.0,fpl-2026-27,1.0312,546,535818,Adingra,20,Sunderland,Midfielder,4.9,0.0,0.0,0.0,0.0,0.0,0.0,0.0,0.0,0.0,0,0,0,0.0,0,0,0,0.0,0.0
2026-09-12T05:11:18+00:00,4,2026-09-12T12:30:00Z,player-sim-2.0,player-sim-2.0,player-sim-3.0-candidate,holdout_rejected,0.0,0.0,0.0,0.0,fpl-2026-27,1.0312,547,461199,Mundle,20,Sunderland,Midfielder,4.9,0.0,0.0,0.0,0.0,0.0,0.0,0.0,0.0,0.0,0,0,0,0.0,0,0,0,0.0,0.0
2026-09-12T05:11:18+00:00,4,2026-09-12T12:30:00Z,player-sim-2.0,player-sim-2.0,player-sim-3.0-candidate,holdout_rejected,0.0,0.0,0.0,0.0,fpl-2026-27,1.0312,548,554197,Rigg,20,Sunderland,Midfielder,4.9,0.617,0.0,0.617,13.76,0.0,0.0,1.0,0.1259,0.617,0,0,1,0.913,0,1.0,2.0,0.0017,0.0
2026-09-12T05:11:18+00:00,4,2026-09-12T12:30:00Z,player-sim-2.0,player-sim-2.0,player-sim-3.0-candidate,holdout_rejected,0.0,0.0,0.0,0.0,fpl-2026-27,1.0312,549,549912,Talbi,20,Sunderland,Midfielder,5.4,1.042,0.0,1.042,24.49,0.0,0.0,3.0,0.1929,1.042,0,0,3,0.695,0,0,2.0,0.0,0.0
2026-09-12T05:11:18+00:00,4,2026-09-12T12:30:00Z,player-sim-2.0,player-sim-2.0,player-sim-3.0-candidate,holdout_rejected,0.0,0.0,0.0,0.0,fpl-2026-27,1.0312,550,699989,Jocelin.T,20,Sunderland,Midfielder,5.0,0.023,0.0,0.023,0.84,0.0,0.0,0.0,0.0047,0.023,0,0,0,0.47,0,0,2.0,0.0017,0.0
2026-09-12T05:11:18+00:00,4,2026-09-12T12:30:00Z,player-sim-2.0,player-sim-2.0,player-sim-3.0-candidate,holdout_rejected,0.0,0.0,0.0,0.0,fpl-2026-27,1.0312,551,536661,N.Angulo,20,Sunderland,Midfielder,5.0,1.368,0.0,1.368,35.55,0.0,1.0,3.0,0.2737,1.368,0,1,3,2.01,0,2.0,3.0,0.0083,0.0
2026-09-12T05:11:18+00:00,4,2026-09-12T12:30:00Z,player-sim-2.0,player-sim-2.0,player-sim-3.0-candidate,holdout_rejected,0.0,0.0,0.0,0.0,fpl-2026-27,1.025,552,441264,Brobbey,20,Sunderland,Forward,5.8,2.775,0.0,2.775,65.14,1.0,2.0,6.0,0.4784,2.775,1,2,6,2.103,0,2.0,5.0,0.0117,0.0017
2026-09-12T05:11:18+00:00,4,2026-09-12T12:30:00Z,player-sim-2.0,player-sim-2.0,player-sim-3.0-candidate,holdout_rejected,0.0,0.0,0.0,0.0,fpl-2026-27,1.025,553,437505,Isidor,20,Sunderland,Forward,5.5,1.73,0.0,1.73,24.24,0.0,1.0,5.0,0.3145,1.73,0,1,5,1.708,0,1.0,5.0,0.02,0.0067
2026-09-12T05:11:18+00:00,4,2026-09-12T12:30:00Z,player-sim-2.0,player-sim-2.0,player-sim-3.0-candidate,holdout_rejected,0.0,0.0,0.0,0.0,fpl-2026-27,1.0,612,638411,Methalie,20,Sunderland,Defender,4.5,0.793,0.0,0.793,20.69,0.0,0.0,3.0,0.1763,0.793,0,0,3,0.573,0,0,2.0,0.0017,0.0
2026-09-12T05:11:18+00:00,4,2026-09-12T12:30:00Z,player-sim-2.0,player-sim-2.0,player-sim-3.0-candidate,holdout_rejected,0.0,0.0,0.0,0.0,fpl-2026-27,1.0375,613,696104,Ahoka,20,Sunderland,Midfielder,4.5,0.77,0.0,0.77,21.02,0.0,0.0,3.0,0.1711,0.77,0,0,3,0.575,0,0,2.0,0.0033,0.0017
2026-09-12T05:11:18+00:00,4,2026-09-12T12:30:00Z,player-sim-2.0,player-sim-2.0,player-sim-3.0-candidate,holdout_rejected,0.0,0.0,0.0,0.0,fpl-2026-27,1.0437,646,549940,Fofana,20,Sunderland,Midfielder,5.5,1.103,0.0,1.103,26.0,0.0,1.0,3.0,0.2006,1.103,0,1,3,1.065,0,1.0,2.0,0.0083,0.0
2026-09-12T05:11:18+00:00,4,2026-09-12T12:30:00Z,player-sim-2.0,player-sim-2.0,player-sim-3.0-candidate,holdout_rejected,0.0,0.0,0.0,0.0,fpl-2026-27,1.035,651,661313,J.Angulo,20,Sunderland,Forward,4.5,0.888,0.0,0.888,19.81,0.0,0.0,3.0,0.1974,0.888,0,0,3,0.595,0,0,2.0,0.0017,0.0
