prediction_created_at,target_gameweek,deadline_time,model_version,control_model_version,challenger_model_version,ensemble_status,ensemble_point_weight,ensemble_probability_6_plus_weight,ensemble_probability_10_plus_weight,ensemble_probability_15_plus_weight,scoring_rules_version,bonus_transition_multiplier,player_id,player_code,web_name,team_id,team_name,position,price,quantitative_expected_points_next_1,qualitative_points_delta_next_1,expected_points_next_1,expected_minutes_next_1,points_p10_next_1,points_p50_next_1,points_p90_next_1,value_next_1,control_expected_points_next_1,control_points_p10_next_1,control_points_p50_next_1,control_points_p90_next_1,component_expected_points_next_1,component_points_p10_next_1,component_points_p50_next_1,component_points_p90_next_1,component_probability_10_plus_next_1,component_probability_15_plus_next_1
2026-08-21T13:15:21+00:00,1,2026-08-21T17:30:00Z,player-ensemble-1.0,player-sim-2.0,player-sim-3.0-candidate,recommended_for_live_promotion,0.2,0.5,0.4,1.0,fpl-2026-27,1.08,1,154561,Raya,1,Arsenal,Goalkeeper,6.0,3.99,0.0,3.99,85.83,1.8,3.6,6.6000000000000005,0.6651,3.968,1,3,7,4.078,1.0,3.0,7.0,0.0,0.0
2026-08-21T13:15:21+00:00,1,2026-08-21T17:30:00Z,player-ensemble-1.0,player-sim-2.0,player-sim-3.0-candidate,recommended_for_live_promotion,0.2,0.5,0.4,1.0,fpl-2026-27,1.08,2,109745,Arrizabalaga,1,Arsenal,Goalkeeper,5.0,0.137,0.0,0.137,2.3,0.0,0.0,0.0,0.0274,0.14,0,0,0,0.125,0,0,0,0.0,0.0
2026-08-21T13:15:21+00:00,1,2026-08-21T17:30:00Z,player-ensemble-1.0,player-sim-2.0,player-sim-3.0-candidate,recommended_for_live_promotion,0.2,0.5,0.4,1.0,fpl-2026-27,1.08,3,437495,Meslier,1,Arsenal,Goalkeeper,5.0,1.163,0.0,1.163,23.81,0.0,0.0,4.800000000000001,0.2327,1.188,0,0,6,1.063,0,0,4.0,0.0,0.0
2026-08-21T13:15:21+00:00,1,2026-08-21T17:30:00Z,player-ensemble-1.0,player-sim-2.0,player-sim-3.0-candidate,recommended_for_live_promotion,0.2,0.5,0.4,1.0,fpl-2026-27,1.0,4,226597,Gabriel,1,Arsenal,Defender,8.0,4.574,0.0,4.574,73.14,1.4000000000000001,4.2,8.0,0.5717,4.57,1,4,9,4.59,1.0,4.0,9.0,0.09,0.0117
2026-08-21T13:15:21+00:00,1,2026-08-21T17:30:00Z,player-ensemble-1.0,player-sim-2.0,player-sim-3.0-candidate,recommended_for_live_promotion,0.2,0.5,0.4,1.0,fpl-2026-27,1.0,5,445122,J.Timber,1,Arsenal,Defender,6.5,0.0,0.0,0.0,0.0,0.0,0.0,0.0,0.0,0.0,0,0,0,0.0,0,0,0,0.0,0.0
2026-08-21T13:15:21+00:00,1,2026-08-21T17:30:00Z,player-ensemble-1.0,player-sim-2.0,player-sim-3.0-candidate,recommended_for_live_promotion,0.2,0.5,0.4,1.0,fpl-2026-27,1.0,6,462424,Saliba,1,Arsenal,Defender,6.0,0.0,0.0,0.0,0.0,0.0,0.0,0.0,0.0,0.0,0,0,0,0.0,0,0,0,0.0,0.0
2026-08-21T13:15:21+00:00,1,2026-08-21T17:30:00Z,player-ensemble-1.0,player-sim-2.0,player-sim-3.0-candidate,recommended_for_live_promotion,0.2,0.5,0.4,1.0,fpl-2026-27,1.05,7,499169,Lewis-Skelly,1,Arsenal,Midfielder,5.5,0.594,0.0,0.594,16.44,0.0,0.2,1.6,0.1081,0.603,0,0,2,0.558,0,0,2.0,0.0,0.0
2026-08-21T13:15:21+00:00,1,2026-08-21T17:30:00Z,player-ensemble-1.0,player-sim-2.0,player-sim-3.0-candidate,recommended_for_live_promotion,0.2,0.5,0.4,1.0,fpl-2026-27,1.0,8,466075,Calafiori,1,Arsenal,Defender,5.5,2.697,0.0,2.697,41.85,0.2,1.8,6.4,0.4904,2.633,0,1,7,2.952,0,2.0,7.0,0.0417,0.0033
2026-08-21T13:15:21+00:00,1,2026-08-21T17:30:00Z,player-ensemble-1.0,player-sim-2.0,player-sim-3.0-candidate,recommended_for_live_promotion,0.2,0.5,0.4,1.0,fpl-2026-27,1.0,9,448104,Hincapie,1,Arsenal,Defender,5.5,2.765,0.0,2.765,48.45,0.2,1.8,6.4,0.5028,2.8,0,2,7,2.627,0,1.0,7.0,0.0133,0.0
2026-08-21T13:15:21+00:00,1,2026-08-21T17:30:00Z,player-ensemble-1.0,player-sim-2.0,player-sim-3.0-candidate,recommended_for_live_promotion,0.2,0.5,0.4,1.0,fpl-2026-27,1.0,10,198869,White,1,Arsenal,Defender,5.5,1.039,0.0,1.039,17.24,0.0,0.0,4.0,0.1889,1.012,0,0,4,1.148,0,0,6.0,0.0033,0.0
2026-08-21T13:15:21+00:00,1,2026-08-21T17:30:00Z,player-ensemble-1.0,player-sim-2.0,player-sim-3.0-candidate,recommended_for_live_promotion,0.2,0.5,0.4,1.0,fpl-2026-27,1.0,11,500040,Mosquera,1,Arsenal,Defender,5.5,1.173,0.0,1.173,22.33,0.0,0.6000000000000001,4.0,0.2133,1.172,0,0,5,1.18,0,0,6.0,0.0033,0.0
2026-08-21T13:15:21+00:00,1,2026-08-21T17:30:00Z,player-ensemble-1.0,player-sim-2.0,player-sim-3.0-candidate,recommended_for_live_promotion,0.2,0.5,0.4,1.0,fpl-2026-27,1.05,12,223340,Saka,1,Arsenal,Midfielder,9.5,3.85,0.0,3.85,58.56,1.2000000000000002,3.2,7.4,0.4053,3.882,1,3,8,3.725,1.0,3.0,8.0,0.0717,0.015
2026-08-21T13:15:21+00:00,1,2026-08-21T17:30:00Z,player-ensemble-1.0,player-sim-2.0,player-sim-3.0-candidate,recommended_for_live_promotion,0.2,0.5,0.4,1.0,fpl-2026-27,1.05,13,204480,Rice,1,Arsenal,Midfielder,7.5,4.438,0.0,4.438,80.86,2.2,4.0,7.6000000000000005,0.5918,4.462,2,4,8,4.345,2.0,4.0,8.0,0.0583,0.0117
2026-08-21T13:15:21+00:00,1,2026-08-21T17:30:00Z,player-ensemble-1.0,player-sim-2.0,player-sim-3.0-candidate,recommended_for_live_promotion,0.2,0.5,0.4,1.0,fpl-2026-27,1.05,14,232413,Eze,1,Arsenal,Midfielder,6.5,2.594,0.0,2.594,49.97,0.6000000000000001,2.2,5.800000000000001,0.3991,2.553,0,2,7,2.757,0,2.0,7.0,0.035,0.0033
2026-08-21T13:15:21+00:00,1,2026-08-21T17:30:00Z,player-ensemble-1.0,player-sim-2.0,player-sim-3.0-candidate,recommended_for_live_promotion,0.2,0.5,0.4,1.0,fpl-2026-27,1.05,15,184029,Ødegaard,1,Arsenal,Midfielder,6.5,1.884,0.0,1.884,37.36,0.0,1.4000000000000001,4.800000000000001,0.2899,1.958,0,1,5,1.588,0,1.0,4.0,0.0083,0.0
2026-08-21T13:15:21+00:00,1,2026-08-21T17:30:00Z,player-ensemble-1.0,player-sim-2.0,player-sim-3.0-candidate,recommended_for_live_promotion,0.2,0.5,0.4,1.0,fpl-2026-27,1.05,16,248857,Madueke,1,Arsenal,Midfielder,6.5,1.739,0.0,1.739,31.66,0.0,1.2000000000000002,4.0,0.2675,1.738,0,1,5,1.742,0,1.0,4.0,0.0067,0.0
2026-08-21T13:15:21+00:00,1,2026-08-21T17:30:00Z,player-ensemble-1.0,player-sim-2.0,player-sim-3.0-candidate,recommended_for_live_promotion,0.2,0.5,0.4,1.0,fpl-2026-27,1.05,17,195384,Merino,1,Arsenal,Midfielder,6.0,1.376,0.0,1.376,26.37,0.0,0.8,4.0,0.2293,1.355,0,0,4,1.458,0,0,5.0,0.015,0.005
2026-08-21T13:15:21+00:00,1,2026-08-21T17:30:00Z,player-ensemble-1.0,player-sim-2.0,player-sim-3.0-candidate,recommended_for_live_promotion,0.2,0.5,0.4,1.0,fpl-2026-27,1.05,18,444145,Martinelli,1,Arsenal,Midfielder,6.5,1.402,0.0,1.402,25.82,0.0,0.8,4.0,0.2157,1.398,0,0,4,1.418,0,0,4.0,0.0117,0.0
2026-08-21T13:15:21+00:00,1,2026-08-21T17:30:00Z,player-ensemble-1.0,player-sim-2.0,player-sim-3.0-candidate,recommended_for_live_promotion,0.2,0.5,0.4,1.0,fpl-2026-27,1.05,19,481655,Zubimendi,1,Arsenal,Midfielder,5.5,3.129,0.0,3.129,77.78,1.4000000000000001,2.8000000000000003,5.6000000000000005,0.5689,3.12,1,3,6,3.165,1.0,3.0,6.0,0.0133,0.0
2026-08-21T13:15:21+00:00,1,2026-08-21T17:30:00Z,player-ensemble-1.0,player-sim-2.0,player-sim-3.0-candidate,recommended_for_live_promotion,0.2,0.5,0.4,1.0,fpl-2026-27,1.05,20,616077,Dowman,1,Arsenal,Midfielder,5.5,0.139,0.0,0.139,3.22,0.0,0.0,0.2,0.0253,0.133,0,0,0,0.162,0,0,0,0.0033,0.0
2026-08-21T13:15:21+00:00,1,2026-08-21T17:30:00Z,player-ensemble-1.0,player-sim-2.0,player-sim-3.0-candidate,recommended_for_live_promotion,0.2,0.5,0.4,1.0,fpl-2026-27,1.05,22,499175,Nwaneri,1,Arsenal,Midfielder,5.5,0.105,0.0,0.105,1.39,0.0,0.0,0.2,0.0191,0.113,0,0,0,0.073,0,0,0,0.0,0.0
2026-08-21T13:15:21+00:00,1,2026-08-21T17:30:00Z,player-ensemble-1.0,player-sim-2.0,player-sim-3.0-candidate,recommended_for_live_promotion,0.2,0.5,0.4,1.0,fpl-2026-27,1.05,23,438098,Fábio Vieira,1,Arsenal,Midfielder,5.5,0.994,0.0,0.994,24.23,0.0,0.4,2.6000000000000005,0.1807,0.98,0,0,3,1.05,0,0,3.0,0.005,0.0
2026-08-21T13:15:21+00:00,1,2026-08-21T17:30:00Z,player-ensemble-1.0,player-sim-2.0,player-sim-3.0-candidate,recommended_for_live_promotion,0.2,0.5,0.4,1.0,fpl-2026-27,1.05,24,200641,Nelson,1,Arsenal,Midfielder,5.5,0.04,0.0,0.04,0.45,0.0,0.0,0.0,0.0073,0.037,0,0,0,0.053,0,0,0,0.0,0.0
2026-08-21T13:15:21+00:00,1,2026-08-21T17:30:00Z,player-ensemble-1.0,player-sim-2.0,player-sim-3.0-candidate,recommended_for_live_promotion,0.2,0.5,0.4,1.0,fpl-2026-27,1.04,25,224117,Gyökeres,1,Arsenal,Forward,7.5,3.394,0.0,3.394,58.81,1.0,2.8000000000000003,6.6000000000000005,0.4525,3.385,1,2,7,3.428,1.0,2.0,7.0,0.0633,0.0083
2026-08-21T13:15:21+00:00,1,2026-08-21T17:30:00Z,player-ensemble-1.0,player-sim-2.0,player-sim-3.0-candidate,recommended_for_live_promotion,0.2,0.5,0.4,1.0,fpl-2026-27,1.04,26,219847,Havertz,1,Arsenal,Forward,7.5,0.729,0.0,0.729,14.54,0.0,0.0,2.4000000000000004,0.0972,0.692,0,0,2,0.877,0,0,3.0,0.0133,0.0033
2026-08-21T13:15:21+00:00,1,2026-08-21T17:30:00Z,player-ensemble-1.0,player-sim-2.0,player-sim-3.0-candidate,recommended_for_live_promotion,0.2,0.5,0.4,1.0,fpl-2026-27,1.04,27,205651,G.Jesus,1,Arsenal,Forward,6.0,0.487,0.0,0.487,9.04,0.0,0.0,1.2000000000000002,0.0812,0.492,0,0,1,0.468,0,0,1.0,0.0067,0.0
2026-08-21T13:15:21+00:00,1,2026-08-21T17:30:00Z,player-ensemble-1.0,player-sim-2.0,player-sim-3.0-candidate,recommended_for_live_promotion,0.2,0.5,0.4,1.0,fpl-2026-27,1.05,452,208706,Bruno G.,1,Arsenal,Midfielder,7.0,2.816,0.0,2.816,50.3,0.2,2.4000000000000004,6.6000000000000005,0.4023,2.822,0,2,7,2.793,0,2.0,7.0,0.0383,0.005
2026-08-21T13:15:21+00:00,1,2026-08-21T17:30:00Z,player-ensemble-1.0,player-sim-2.0,player-sim-3.0-candidate,recommended_for_live_promotion,0.2,0.5,0.4,1.0,fpl-2026-27,1.05,557,439509,Tzolis,1,Arsenal,Midfielder,6.5,0.159,0.0,0.159,2.78,0.0,0.0,0.8,0.0245,0.162,0,0,1,0.15,0,0,1.0,0.0,0.0
2026-08-21T13:15:21+00:00,1,2026-08-21T17:30:00Z,player-ensemble-1.0,player-sim-2.0,player-sim-3.0-candidate,recommended_for_live_promotion,0.2,0.5,0.4,1.0,fpl-2026-27,1.08,28,98980,Martinez,2,Aston Villa,Goalkeeper,5.0,3.531,0.0,3.531,72.4,1.2000000000000002,2.8000000000000003,6.6000000000000005,0.7062,3.578,1,3,7,3.342,1.0,2.0,7.0,0.015,0.0
2026-08-21T13:15:21+00:00,1,2026-08-21T17:30:00Z,player-ensemble-1.0,player-sim-2.0,player-sim-3.0-candidate,recommended_for_live_promotion,0.2,0.5,0.4,1.0,fpl-2026-27,1.08,29,72147,M.Bizot,2,Aston Villa,Goalkeeper,4.5,0.634,0.0,0.634,15.77,0.0,0.0,1.8,0.1409,0.632,0,0,2,0.643,0,0,2.0,0.0,0.0
2026-08-21T13:15:21+00:00,1,2026-08-21T17:30:00Z,player-ensemble-1.0,player-sim-2.0,player-sim-3.0-candidate,recommended_for_live_promotion,0.2,0.5,0.4,1.0,fpl-2026-27,1.0,30,101188,Digne,2,Aston Villa,Defender,4.5,0.0,0.0,0.0,0.0,0.0,0.0,0.0,0.0,0.0,0,0,0,0.0,0,0,0,0.0,0.0
2026-08-21T13:15:21+00:00,1,2026-08-21T17:30:00Z,player-ensemble-1.0,player-sim-2.0,player-sim-3.0-candidate,recommended_for_live_promotion,0.2,0.5,0.4,1.0,fpl-2026-27,1.0,31,199798,Konsa,2,Aston Villa,Defender,4.5,3.129,0.0,3.129,79.45,1.0,2.4000000000000004,6.000000000000001,0.6953,3.16,1,2,6,3.005,1.0,2.0,6.0,0.0117,0.0
2026-08-21T13:15:21+00:00,1,2026-08-21T17:30:00Z,player-ensemble-1.0,player-sim-2.0,player-sim-3.0-candidate,recommended_for_live_promotion,0.2,0.5,0.4,1.0,fpl-2026-27,1.0,32,199796,Cash,2,Aston Villa,Defender,4.5,3.129,0.0,3.129,77.93,1.0,2.6,6.000000000000001,0.6954,3.09,1,2,6,3.287,1.0,2.0,7.0,0.0217,0.0017
2026-08-21T13:15:21+00:00,1,2026-08-21T17:30:00Z,player-ensemble-1.0,player-sim-2.0,player-sim-3.0-candidate,recommended_for_live_promotion,0.2,0.5,0.4,1.0,fpl-2026-27,1.0,33,149484,Mings,2,Aston Villa,Defender,4.5,1.691,0.0,1.691,36.03,0.0,1.0,4.800000000000001,0.3758,1.693,0,1,6,1.682,0,1.0,6.0,0.0117,0.0017
2026-08-21T13:15:21+00:00,1,2026-08-21T17:30:00Z,player-ensemble-1.0,player-sim-2.0,player-sim-3.0-candidate,recommended_for_live_promotion,0.2,0.5,0.4,1.0,fpl-2026-27,1.0,34,244954,Pau,2,Aston Villa,Defender,4.5,2.049,0.0,2.049,46.83,0.2,1.4000000000000001,5.200000000000001,0.4553,2.098,0,1,6,1.85,0,1.0,6.0,0.01,0.0
2026-08-21T13:15:21+00:00,1,2026-08-21T17:30:00Z,player-ensemble-1.0,player-sim-2.0,player-sim-3.0-candidate,recommended_for_live_promotion,0.2,0.5,0.4,1.0,fpl-2026-27,1.05,35,515597,Bogarde,2,Aston Villa,Midfielder,5.0,0.914,0.0,0.914,27.62,0.0,0.4,2.4000000000000004,0.1827,0.925,0,0,3,0.868,0,0,3.0,0.0,0.0
2026-08-21T13:15:21+00:00,1,2026-08-21T17:30:00Z,player-ensemble-1.0,player-sim-2.0,player-sim-3.0-candidate,recommended_for_live_promotion,0.2,0.5,0.4,1.0,fpl-2026-27,1.0,36,441302,Maatsen,2,Aston Villa,Defender,4.5,1.802,0.0,1.802,40.89,0.0,1.2000000000000002,5.000000000000001,0.4004,1.8,0,1,6,1.81,0,1.0,6.0,0.0067,0.0
2026-08-21T13:15:21+00:00,1,2026-08-21T17:30:00Z,player-ensemble-1.0,player-sim-2.0,player-sim-3.0-candidate,recommended_for_live_promotion,0.2,0.5,0.4,1.0,fpl-2026-27,1.0,37,184667,Lindelöf,2,Aston Villa,Defender,4.5,1.06,0.0,1.06,24.44,0.0,0.4,3.2,0.2355,1.065,0,0,4,1.038,0,0,5.0,0.0017,0.0
2026-08-21T13:15:21+00:00,1,2026-08-21T17:30:00Z,player-ensemble-1.0,player-sim-2.0,player-sim-3.0-candidate,recommended_for_live_promotion,0.2,0.5,0.4,1.0,fpl-2026-27,1.0,38,606798,A.García,2,Aston Villa,Defender,4.0,0.077,0.0,0.077,1.57,0.0,0.0,0.0,0.0193,0.067,0,0,0,0.12,0,0,0,0.0,0.0
2026-08-21T13:15:21+00:00,1,2026-08-21T17:30:00Z,player-ensemble-1.0,player-sim-2.0,player-sim-3.0-candidate,recommended_for_live_promotion,0.2,0.5,0.4,1.0,fpl-2026-27,1.0,39,578545,Nedeljkovic,2,Aston Villa,Defender,4.0,0.0,0.0,0.0,0.0,0.0,0.0,0.0,0.0,0.0,0,0,0,0.0,0,0,0,0.0,0.0
2026-08-21T13:15:21+00:00,1,2026-08-21T17:30:00Z,player-ensemble-1.0,player-sim-2.0,player-sim-3.0-candidate,recommended_for_live_promotion,0.2,0.5,0.4,1.0,fpl-2026-27,1.05,41,195546,Buendía,2,Aston Villa,Midfielder,6.0,2.079,0.0,2.079,46.3,0.2,1.8,4.2,0.3465,2.04,0,2,4,2.237,0,2.0,5.0,0.0133,0.0017
2026-08-21T13:15:21+00:00,1,2026-08-21T17:30:00Z,player-ensemble-1.0,player-sim-2.0,player-sim-3.0-candidate,recommended_for_live_promotion,0.2,0.5,0.4,1.0,fpl-2026-27,1.05,44,215711,Bailey,2,Aston Villa,Midfielder,5.5,0.419,0.0,0.419,9.06,0.0,0.0,1.4000000000000001,0.0761,0.422,0,0,1,0.407,0,0,1.0,0.0017,0.0017
2026-08-21T13:15:21+00:00,1,2026-08-21T17:30:00Z,player-ensemble-1.0,player-sim-2.0,player-sim-3.0-candidate,recommended_for_live_promotion,0.2,0.5,0.4,1.0,fpl-2026-27,1.05,45,122806,McGinn,2,Aston Villa,Midfielder,5.5,2.448,0.0,2.448,56.05,1.0,2.0,4.4,0.445,2.397,1,2,5,2.652,1.0,2.0,6.0,0.0133,0.0017
2026-08-21T13:15:21+00:00,1,2026-08-21T17:30:00Z,player-ensemble-1.0,player-sim-2.0,player-sim-3.0-candidate,recommended_for_live_promotion,0.2,0.5,0.4,1.0,fpl-2026-27,1.05,46,88894,Barkley,2,Aston Villa,Midfielder,5.0,0.88,0.0,0.88,18.79,0.0,0.2,2.4000000000000004,0.1759,0.882,0,0,3,0.872,0,0,3.0,0.005,0.0
2026-08-21T13:15:21+00:00,1,2026-08-21T17:30:00Z,player-ensemble-1.0,player-sim-2.0,player-sim-3.0-candidate,recommended_for_live_promotion,0.2,0.5,0.4,1.0,fpl-2026-27,1.05,47,226944,Kamara,2,Aston Villa,Midfielder,5.0,1.411,0.0,1.411,36.91,0.0,1.2000000000000002,3.0000000000000004,0.2822,1.393,0,1,3,1.482,0,1.0,3.0,0.0017,0.0
2026-08-21T13:15:21+00:00,1,2026-08-21T17:30:00Z,player-ensemble-1.0,player-sim-2.0,player-sim-3.0-candidate,recommended_for_live_promotion,0.2,0.5,0.4,1.0,fpl-2026-27,1.05,48,449871,Onana,2,Aston Villa,Midfielder,5.0,0.0,0.0,0.0,0.0,0.0,0.0,0.0,0.0,0.0,0,0,0,0.0,0,0,0,0.0,0.0
2026-08-21T13:15:21+00:00,1,2026-08-21T17:30:00Z,player-ensemble-1.0,player-sim-2.0,player-sim-3.0-candidate,recommended_for_live_promotion,0.2,0.5,0.4,1.0,fpl-2026-27,1.05,49,469247,Iling Jr,2,Aston Villa,Midfielder,5.0,0.0,0.0,0.0,0.0,0.0,0.0,0.0,0.0,0.0,0,0,0,0.0,0,0,0,0.0,0.0
2026-08-21T13:15:21+00:00,1,2026-08-21T17:30:00Z,player-ensemble-1.0,player-sim-2.0,player-sim-3.0-candidate,recommended_for_live_promotion,0.2,0.5,0.4,1.0,fpl-2026-27,1.05,50,645618,Burrowes,2,Aston Villa,Midfielder,4.5,0.013,0.0,0.013,0.06,0.0,0.0,0.0,0.0029,0.013,0,0,0,0.012,0,0,0,0.0,0.0
2026-08-21T13:15:21+00:00,1,2026-08-21T17:30:00Z,player-ensemble-1.0,player-sim-2.0,player-sim-3.0-candidate,recommended_for_live_promotion,0.2,0.5,0.4,1.0,fpl-2026-27,1.05,51,577285,George Hemmings,2,Aston Villa,Midfielder,4.5,0.007,0.0,0.007,0.07,0.0,0.0,0.0,0.0016,0.005,0,0,0,0.015,0,0,0,0.0,0.0
2026-08-21T13:15:21+00:00,1,2026-08-21T17:30:00Z,player-ensemble-1.0,player-sim-2.0,player-sim-3.0-candidate,recommended_for_live_promotion,0.2,0.5,0.4,1.0,fpl-2026-27,1.05,52,653481,Alysson,2,Aston Villa,Midfielder,5.0,0.024,0.0,0.024,0.47,0.0,0.0,0.0,0.0047,0.025,0,0,0,0.018,0,0,0,0.0,0.0
2026-08-21T13:15:21+00:00,1,2026-08-21T17:30:00Z,player-ensemble-1.0,player-sim-2.0,player-sim-3.0-candidate,recommended_for_live_promotion,0.2,0.5,0.4,1.0,fpl-2026-27,1.05,53,614071,Manzambi,2,Aston Villa,Midfielder,6.0,0.0,0.0,0.0,0.0,0.0,0.0,0.0,0.0,0.0,0,0,0,0.0,0,0,0,0.0,0.0
2026-08-21T13:15:21+00:00,1,2026-08-21T17:30:00Z,player-ensemble-1.0,player-sim-2.0,player-sim-3.0-candidate,recommended_for_live_promotion,0.2,0.5,0.4,1.0,fpl-2026-27,1.05,54,448089,Gomes,2,Aston Villa,Midfielder,5.5,0.0,0.0,0.0,0.0,0.0,0.0,0.0,0.0,0.0,0,0,0,0.0,0,0,0,0.0,0.0
2026-08-21T13:15:21+00:00,1,2026-08-21T17:30:00Z,player-ensemble-1.0,player-sim-2.0,player-sim-3.0-candidate,recommended_for_live_promotion,0.2,0.5,0.4,1.0,fpl-2026-27,1.04,55,178301,Watkins,2,Aston Villa,Forward,8.0,3.944,0.0,3.944,73.33,1.6,3.0000000000000004,7.4,0.493,3.933,1,3,8,3.985,1.0,3.0,8.0,0.0667,0.0183
2026-08-21T13:15:21+00:00,1,2026-08-21T17:30:00Z,player-ensemble-1.0,player-sim-2.0,player-sim-3.0-candidate,recommended_for_live_promotion,0.2,0.5,0.4,1.0,fpl-2026-27,1.04,56,173879,Abraham,2,Aston Villa,Forward,5.5,0.264,0.0,0.264,3.61,0.0,0.0,0.8,0.0481,0.262,0,0,0,0.275,0,0,0,0.005,0.0017
2026-08-21T13:15:21+00:00,1,2026-08-21T17:30:00Z,player-ensemble-1.0,player-sim-2.0,player-sim-3.0-candidate,recommended_for_live_promotion,0.2,0.5,0.4,1.0,fpl-2026-27,1.05,160,493105,Garnacho,2,Aston Villa,Midfielder,6.0,1.45,0.0,1.45,30.72,0.0,0.8,4.0,0.2416,1.438,0,1,5,1.495,0,1.0,4.0,0.0133,0.0033
2026-08-21T13:15:21+00:00,1,2026-08-21T17:30:00Z,player-ensemble-1.0,player-sim-2.0,player-sim-3.0-candidate,recommended_for_live_promotion,0.2,0.5,0.4,1.0,fpl-2026-27,1.04,582,690838,Madjo,2,Aston Villa,Forward,5.5,0.0,0.0,0.0,0.0,0.0,0.0,0.0,0.0,0.0,0,0,0,0.0,0,0,0,0.0,0.0
2026-08-21T13:15:21+00:00,1,2026-08-21T17:30:00Z,player-ensemble-1.0,player-sim-2.0,player-sim-3.0-candidate,recommended_for_live_promotion,0.2,0.5,0.4,1.0,fpl-2026-27,1.0,596,487992,Ruggeri,2,Aston Villa,Defender,4.5,1.353,0.0,1.353,30.36,0.0,0.4,4.800000000000001,0.3007,1.432,0,0,6,1.038,0,0,3.0,0.005,0.0017
2026-08-21T13:15:21+00:00,1,2026-08-21T17:30:00Z,player-ensemble-1.0,player-sim-2.0,player-sim-3.0-candidate,recommended_for_live_promotion,0.2,0.5,0.4,1.0,fpl-2026-27,1.08,597,433969,Suzuki,2,Aston Villa,Goalkeeper,5.0,0.943,0.0,0.943,22.17,0.0,0.0,3.2,0.1886,0.96,0,0,4,0.875,0,0,3.0,0.0017,0.0
2026-08-21T13:15:21+00:00,1,2026-08-21T17:30:00Z,player-ensemble-1.0,player-sim-2.0,player-sim-3.0-candidate,recommended_for_live_promotion,0.2,0.5,0.4,1.0,fpl-2026-27,1.08,57,457569,Petrović,3,Bournemouth,Goalkeeper,4.5,2.337,0.0,2.337,88.76,0.6000000000000001,2.0,5.000000000000001,0.5194,2.358,0,2,6,2.253,0.0,2.0,6.0,0.0,0.0
2026-08-21T13:15:21+00:00,1,2026-08-21T17:30:00Z,player-ensemble-1.0,player-sim-2.0,player-sim-3.0-candidate,recommended_for_live_promotion,0.2,0.5,0.4,1.0,fpl-2026-27,1.08,58,40383,Forster,3,Bournemouth,Goalkeeper,4.0,0.704,0.0,0.704,22.02,0.0,0.0,2.4000000000000004,0.176,0.723,0,0,3,0.627,0,0,2.0,0.0017,0.0
2026-08-21T13:15:21+00:00,1,2026-08-21T17:30:00Z,player-ensemble-1.0,player-sim-2.0,player-sim-3.0-candidate,recommended_for_live_promotion,0.2,0.5,0.4,1.0,fpl-2026-27,1.08,59,444172,Dennis,3,Bournemouth,Goalkeeper,4.0,0.693,0.0,0.693,20.98,0.0,0.0,2.4000000000000004,0.1733,0.697,0,0,3,0.68,0,0,3.0,0.0,0.0
2026-08-21T13:15:21+00:00,1,2026-08-21T17:30:00Z,player-ensemble-1.0,player-sim-2.0,player-sim-3.0-candidate,recommended_for_live_promotion,0.2,0.5,0.4,1.0,fpl-2026-27,1.0,60,463981,Hill,3,Bournemouth,Defender,5.5,2.172,0.0,2.172,58.24,0.4,1.6,5.000000000000001,0.3949,2.228,0,1,6,1.947,0.0,1.0,4.0,0.0067,0.0017
2026-08-21T13:15:21+00:00,1,2026-08-21T17:30:00Z,player-ensemble-1.0,player-sim-2.0,player-sim-3.0-candidate,recommended_for_live_promotion,0.2,0.5,0.4,1.0,fpl-2026-27,1.0,61,494521,Truffert,3,Bournemouth,Defender,5.5,2.833,0.0,2.833,88.2,0.8,2.4000000000000004,5.6000000000000005,0.5151,2.843,0,2,6,2.792,0.0,2.0,6.0,0.0183,0.0033
2026-08-21T13:15:21+00:00,1,2026-08-21T17:30:00Z,player-ensemble-1.0,player-sim-2.0,player-sim-3.0-candidate,recommended_for_live_promotion,0.2,0.5,0.4,1.0,fpl-2026-27,1.0,62,242882,Diakité,3,Bournemouth,Defender,5.0,1.039,0.0,1.039,33.79,0.0,0.8,2.6,0.2078,1.037,0,0,3,1.048,0.0,0,3.0,0.0,0.0
2026-08-21T13:15:21+00:00,1,2026-08-21T17:30:00Z,player-ensemble-1.0,player-sim-2.0,player-sim-3.0-candidate,recommended_for_live_promotion,0.2,0.5,0.4,1.0,fpl-2026-27,1.0,63,620487,Milosavljević,3,Bournemouth,Defender,5.0,0.0,0.0,0.0,0.0,0.0,0.0,0.0,0.0,0.0,0,0,0,0.0,0,0,0,0.0,0.0
2026-08-21T13:15:21+00:00,1,2026-08-21T17:30:00Z,player-ensemble-1.0,player-sim-2.0,player-sim-3.0-candidate,recommended_for_live_promotion,0.2,0.5,0.4,1.0,fpl-2026-27,1.0,64,54469,Smith,3,Bournemouth,Defender,4.5,0.811,0.0,0.811,25.02,0.0,0.4,2.0,0.1802,0.753,0,0,2,1.042,0,0.0,3.0,0.0017,0.0
2026-08-21T13:15:21+00:00,1,2026-08-21T17:30:00Z,player-ensemble-1.0,player-sim-2.0,player-sim-3.0-candidate,recommended_for_live_promotion,0.2,0.5,0.4,1.0,fpl-2026-27,1.0,65,436893,J.Araujo,3,Bournemouth,Defender,4.5,0.0,0.0,0.0,0.0,0.0,0.0,0.0,0.0,0.0,0,0,0,0.0,0,0,0,0.0,0.0
2026-08-21T13:15:21+00:00,1,2026-08-21T17:30:00Z,player-ensemble-1.0,player-sim-2.0,player-sim-3.0-candidate,recommended_for_live_promotion,0.2,0.5,0.4,1.0,fpl-2026-27,1.0,66,575901,Soler,3,Bournemouth,Defender,4.0,0.011,0.0,0.011,0.2,0.0,0.0,0.0,0.0027,0.01,0,0,0,0.013,0,0,0,0.0,0.0
2026-08-21T13:15:21+00:00,1,2026-08-21T17:30:00Z,player-ensemble-1.0,player-sim-2.0,player-sim-3.0-candidate,recommended_for_live_promotion,0.2,0.5,0.4,1.0,fpl-2026-27,1.05,67,499604,Rayan,3,Bournemouth,Midfielder,6.5,1.186,0.0,1.186,27.87,0.0,0.8,2.6000000000000005,0.1824,1.205,0,0,3,1.108,0,0,3.0,0.0,0.0
2026-08-21T13:15:21+00:00,1,2026-08-21T17:30:00Z,player-ensemble-1.0,player-sim-2.0,player-sim-3.0-candidate,recommended_for_live_promotion,0.2,0.5,0.4,1.0,fpl-2026-27,1.05,68,201658,Tavernier,3,Bournemouth,Midfielder,6.0,3.289,0.0,3.289,73.09,1.2000000000000002,2.8000000000000003,6.4,0.5482,3.275,1,2,7,3.345,1.0,2.0,7.0,0.0283,0.0083
2026-08-21T13:15:21+00:00,1,2026-08-21T17:30:00Z,player-ensemble-1.0,player-sim-2.0,player-sim-3.0-candidate,recommended_for_live_promotion,0.2,0.5,0.4,1.0,fpl-2026-27,1.05,69,503139,Scott,3,Bournemouth,Midfielder,6.0,3.219,0.0,3.219,75.6,1.6,2.8000000000000003,5.6000000000000005,0.5365,3.245,1,3,6,3.117,1.0,2.0,5.0,0.0117,0.0
2026-08-21T13:15:21+00:00,1,2026-08-21T17:30:00Z,player-ensemble-1.0,player-sim-2.0,player-sim-3.0-candidate,recommended_for_live_promotion,0.2,0.5,0.4,1.0,fpl-2026-27,1.05,70,222683,Kluivert,3,Bournemouth,Midfielder,6.0,0.893,0.0,0.893,24.05,0.0,0.4,2.4000000000000004,0.1489,0.902,0,0,3,0.86,0,0,2.0,0.005,0.0033
2026-08-21T13:15:21+00:00,1,2026-08-21T17:30:00Z,player-ensemble-1.0,player-sim-2.0,player-sim-3.0-candidate,recommended_for_live_promotion,0.2,0.5,0.4,1.0,fpl-2026-27,1.05,71,155408,Cook,3,Bournemouth,Midfielder,5.0,0.883,0.0,0.883,24.51,0.0,0.4,2.6000000000000005,0.1766,0.892,0,0,3,0.848,0,0,3.0,0.0017,0.0
2026-08-21T13:15:21+00:00,1,2026-08-21T17:30:00Z,player-ensemble-1.0,player-sim-2.0,player-sim-3.0-candidate,recommended_for_live_promotion,0.2,0.5,0.4,1.0,fpl-2026-27,1.05,72,496208,Gannon-Doak,3,Bournemouth,Midfielder,5.0,0.037,0.0,0.037,0.6,0.0,0.0,0.0,0.0074,0.037,0,0,0,0.038,0,0,0,0.0,0.0
2026-08-21T13:15:21+00:00,1,2026-08-21T17:30:00Z,player-ensemble-1.0,player-sim-2.0,player-sim-3.0-candidate,recommended_for_live_promotion,0.2,0.5,0.4,1.0,fpl-2026-27,1.05,73,200785,Adams,3,Bournemouth,Midfielder,5.0,1.262,0.0,1.262,34.72,0.0,0.8,2.8000000000000003,0.2525,1.242,0,1,3,1.345,0,1.0,3.0,0.0017,0.0
2026-08-21T13:15:21+00:00,1,2026-08-21T17:30:00Z,player-ensemble-1.0,player-sim-2.0,player-sim-3.0-candidate,recommended_for_live_promotion,0.2,0.5,0.4,1.0,fpl-2026-27,1.05,74,111317,Brooks,3,Bournemouth,Midfielder,5.0,1.076,0.0,1.076,22.25,0.0,0.2,3.2,0.2151,1.08,0,0,3,1.058,0,0,3.0,0.0117,0.0017
2026-08-21T13:15:21+00:00,1,2026-08-21T17:30:00Z,player-ensemble-1.0,player-sim-2.0,player-sim-3.0-candidate,recommended_for_live_promotion,0.2,0.5,0.4,1.0,fpl-2026-27,1.05,75,158499,Christie,3,Bournemouth,Midfielder,5.0,0.0,0.0,0.0,0.0,0.0,0.0,0.0,0.0,0.0,0,0,0,0.0,0,0,0,0.0,0.0
2026-08-21T13:15:21+00:00,1,2026-08-21T17:30:00Z,player-ensemble-1.0,player-sim-2.0,player-sim-3.0-candidate,recommended_for_live_promotion,0.2,0.5,0.4,1.0,fpl-2026-27,1.05,76,614574,Tóth.A,3,Bournemouth,Midfielder,5.0,0.177,0.0,0.177,4.32,0.0,0.0,0.4,0.0353,0.177,0,0,0,0.177,0,0,0,0.0017,0.0
2026-08-21T13:15:21+00:00,1,2026-08-21T17:30:00Z,player-ensemble-1.0,player-sim-2.0,player-sim-3.0-candidate,recommended_for_live_promotion,0.2,0.5,0.4,1.0,fpl-2026-27,1.05,77,489888,Adli,3,Bournemouth,Midfielder,5.0,0.0,0.0,0.0,0.0,0.0,0.0,0.0,0.0,0.0,0,0,0,0.0,0,0,0,0.0,0.0
2026-08-21T13:15:21+00:00,1,2026-08-21T17:30:00Z,player-ensemble-1.0,player-sim-2.0,player-sim-3.0-candidate,recommended_for_live_promotion,0.2,0.5,0.4,1.0,fpl-2026-27,1.05,78,560262,Kroupi.Jr,3,Bournemouth,Midfielder,7.5,0.0,0.0,0.0,0.0,0.0,0.0,0.0,0.0,0.0,0,0,0,0.0,0,0,0,0.0,0.0
2026-08-21T13:15:21+00:00,1,2026-08-21T17:30:00Z,player-ensemble-1.0,player-sim-2.0,player-sim-3.0-candidate,recommended_for_live_promotion,0.2,0.5,0.4,1.0,fpl-2026-27,1.04,79,444102,Evanilson,3,Bournemouth,Forward,6.0,2.805,0.0,2.805,71.27,1.2000000000000002,2.0,5.200000000000001,0.4675,2.77,1,2,6,2.945,1.0,2.0,6.0,0.0317,0.0033
2026-08-21T13:15:21+00:00,1,2026-08-21T17:30:00Z,player-ensemble-1.0,player-sim-2.0,player-sim-3.0-candidate,recommended_for_live_promotion,0.2,0.5,0.4,1.0,fpl-2026-27,1.04,80,168636,Enes Ünal,3,Bournemouth,Forward,5.5,0.0,0.0,0.0,0.0,0.0,0.0,0.0,0.0,0.0,0,0,0,0.0,0,0,0,0.0,0.0
2026-08-21T13:15:21+00:00,1,2026-08-21T17:30:00Z,player-ensemble-1.0,player-sim-2.0,player-sim-3.0-candidate,recommended_for_live_promotion,0.2,0.5,0.4,1.0,fpl-2026-27,1.04,81,561245,Rodríguez,3,Bournemouth,Forward,6.0,0.732,0.0,0.732,17.17,0.0,0.2,2.4000000000000004,0.122,0.735,0,0,2,0.718,0,0,2.0,0.0017,0.0
2026-08-21T13:15:21+00:00,1,2026-08-21T17:30:00Z,player-ensemble-1.0,player-sim-2.0,player-sim-3.0-candidate,recommended_for_live_promotion,0.2,0.5,0.4,1.0,fpl-2026-27,1.0,566,483067,Silva,3,Bournemouth,Defender,5.0,0.869,0.0,0.869,28.22,0.0,0.2,2.4000000000000004,0.1737,0.85,0,0,3,0.943,0,0,3.0,0.0,0.0
2026-08-21T13:15:21+00:00,1,2026-08-21T17:30:00Z,player-ensemble-1.0,player-sim-2.0,player-sim-3.0-candidate,recommended_for_live_promotion,0.2,0.5,0.4,1.0,fpl-2026-27,1.0,573,494928,Sanchez,3,Bournemouth,Defender,4.5,0.772,0.0,0.772,25.87,0.0,0.2,2.4000000000000004,0.1716,0.772,0,0,2,0.775,0.0,0,3.0,0.0,0.0
2026-08-21T13:15:21+00:00,1,2026-08-21T17:30:00Z,player-ensemble-1.0,player-sim-2.0,player-sim-3.0-candidate,recommended_for_live_promotion,0.2,0.5,0.4,1.0,fpl-2026-27,1.08,82,200720,Kelleher,4,Brentford,Goalkeeper,5.0,4.008,0.0,4.008,86.59,2.0,3.6,6.800000000000001,0.8016,3.99,1,3,7,4.08,1.0,3.0,7.0,0.0233,0.0017
2026-08-21T13:15:21+00:00,1,2026-08-21T17:30:00Z,player-ensemble-1.0,player-sim-2.0,player-sim-3.0-candidate,recommended_for_live_promotion,0.2,0.5,0.4,1.0,fpl-2026-27,1.08,83,507433,Valdimarsson,4,Brentford,Goalkeeper,4.5,0.085,0.0,0.085,1.79,0.0,0.0,0.0,0.0189,0.073,0,0,0,0.132,0,0,0,0.0,0.0
2026-08-21T13:15:21+00:00,1,2026-08-21T17:30:00Z,player-ensemble-1.0,player-sim-2.0,player-sim-3.0-candidate,recommended_for_live_promotion,0.2,0.5,0.4,1.0,fpl-2026-27,1.0,84,432830,Collins,4,Brentford,Defender,5.5,3.745,0.0,3.745,76.61,1.0,3.2,6.800000000000001,0.6809,3.828,1,3,8,3.41,1.0,2.0,8.0,0.0217,0.0033
2026-08-21T13:15:21+00:00,1,2026-08-21T17:30:00Z,player-ensemble-1.0,player-sim-2.0,player-sim-3.0-candidate,recommended_for_live_promotion,0.2,0.5,0.4,1.0,fpl-2026-27,1.0,85,444765,Van den Berg,4,Brentford,Defender,5.0,0.0,0.0,0.0,0.0,0.0,0.0,0.0,0.0,0.0,0,0,0,0.0,0,0,0,0.0,0.0
2026-08-21T13:15:21+00:00,1,2026-08-21T17:30:00Z,player-ensemble-1.0,player-sim-2.0,player-sim-3.0-candidate,recommended_for_live_promotion,0.2,0.5,0.4,1.0,fpl-2026-27,1.05,86,249231,Lewis-Potter,4,Brentford,Midfielder,5.5,2.463,0.0,2.463,53.3,0.6000000000000001,2.0,5.000000000000001,0.4478,2.497,0,2,6,2.327,0,2.0,6.0,0.0133,0.0017
2026-08-21T13:15:21+00:00,1,2026-08-21T17:30:00Z,player-ensemble-1.0,player-sim-2.0,player-sim-3.0-candidate,recommended_for_live_promotion,0.2,0.5,0.4,1.0,fpl-2026-27,1.0,87,191866,Ajer,4,Brentford,Defender,4.5,2.311,0.0,2.311,48.55,0.2,1.6,5.6000000000000005,0.5136,2.258,0,1,6,2.523,0,1.0,7.0,0.0167,0.0017
2026-08-21T13:15:21+00:00,1,2026-08-21T17:30:00Z,player-ensemble-1.0,player-sim-2.0,player-sim-3.0-candidate,recommended_for_live_promotion,0.2,0.5,0.4,1.0,fpl-2026-27,1.0,88,607464,Kayode,4,Brentford,Defender,4.5,3.751,0.0,3.751,85.75,1.2000000000000002,3.2,6.6000000000000005,0.8336,3.845,1,3,7,3.377,1.0,2.0,7.0,0.02,0.0
2026-08-21T13:15:21+00:00,1,2026-08-21T17:30:00Z,player-ensemble-1.0,player-sim-2.0,player-sim-3.0-candidate,recommended_for_live_promotion,0.2,0.5,0.4,1.0,fpl-2026-27,1.0,89,194010,Henry,4,Brentford,Defender,4.5,1.414,0.0,1.414,33.11,0.0,0.8,4.4,0.3142,1.385,0,1,5,1.528,0,1.0,6.0,0.0067,0.0
2026-08-21T13:15:21+00:00,1,2026-08-21T17:30:00Z,player-ensemble-1.0,player-sim-2.0,player-sim-3.0-candidate,recommended_for_live_promotion,0.2,0.5,0.4,1.0,fpl-2026-27,1.0,90,472713,Hickey,4,Brentford,Defender,4.5,0.904,0.0,0.904,19.1,0.0,0.0,3.2,0.2009,0.947,0,0,4,0.733,0,0,2.0,0.0017,0.0
2026-08-21T13:15:21+00:00,1,2026-08-21T17:30:00Z,player-ensemble-1.0,player-sim-2.0,player-sim-3.0-candidate,recommended_for_live_promotion,0.2,0.5,0.4,1.0,fpl-2026-27,1.0,91,231065,Pinnock,4,Brentford,Defender,4.5,0.373,0.0,0.373,6.41,0.0,0.0,1.0,0.0828,0.363,0,0,1,0.41,0,0,1.0,0.0017,0.0
2026-08-21T13:15:21+00:00,1,2026-08-21T17:30:00Z,player-ensemble-1.0,player-sim-2.0,player-sim-3.0-candidate,recommended_for_live_promotion,0.2,0.5,0.4,1.0,fpl-2026-27,1.0,92,570241,Ji-soo,4,Brentford,Defender,4.5,1.306,0.0,1.306,30.48,0.0,0.4,4.800000000000001,0.2902,1.332,0,0,6,1.202,0,0,5.0,0.0083,0.0
2026-08-21T13:15:21+00:00,1,2026-08-21T17:30:00Z,player-ensemble-1.0,player-sim-2.0,player-sim-3.0-candidate,recommended_for_live_promotion,0.2,0.5,0.4,1.0,fpl-2026-27,1.0,93,513086,Schuster,4,Brentford,Defender,4.5,1.16,0.0,1.16,28.16,0.0,0.4,3.6,0.2578,1.155,0,0,4,1.18,0,0,4.0,0.0033,0.0
2026-08-21T13:15:21+00:00,1,2026-08-21T17:30:00Z,player-ensemble-1.0,player-sim-2.0,player-sim-3.0-candidate,recommended_for_live_promotion,0.2,0.5,0.4,1.0,fpl-2026-27,1.05,94,513418,Schade,4,Brentford,Midfielder,6.0,3.634,0.0,3.634,72.68,1.2000000000000002,2.8000000000000003,7.000000000000001,0.6057,3.677,1,2,8,3.465,1.0,2.0,8.0,0.0433,0.005
2026-08-21T13:15:21+00:00,1,2026-08-21T17:30:00Z,player-ensemble-1.0,player-sim-2.0,player-sim-3.0-candidate,recommended_for_live_promotion,0.2,0.5,0.4,1.0,fpl-2026-27,1.05,95,533463,O.Dango,4,Brentford,Midfielder,6.5,3.484,0.0,3.484,61.31,1.2000000000000002,2.8000000000000003,6.800000000000001,0.536,3.545,1,3,8,3.242,1.0,2.0,7.0,0.0483,0.0083
2026-08-21T13:15:21+00:00,1,2026-08-21T17:30:00Z,player-ensemble-1.0,player-sim-2.0,player-sim-3.0-candidate,recommended_for_live_promotion,0.2,0.5,0.4,1.0,fpl-2026-27,1.05,96,440089,Damsgaard,4,Brentford,Midfielder,5.5,2.888,0.0,2.888,54.09,0.8,2.4000000000000004,5.800000000000001,0.5251,2.915,0,2,6,2.78,0,2.0,6.0,0.0283,0.01
2026-08-21T13:15:21+00:00,1,2026-08-21T17:30:00Z,player-ensemble-1.0,player-sim-2.0,player-sim-3.0-candidate,recommended_for_live_promotion,0.2,0.5,0.4,1.0,fpl-2026-27,1.05,97,207283,Jensen,4,Brentford,Midfielder,5.5,2.614,0.0,2.614,59.0,1.0,2.2,5.000000000000001,0.4752,2.617,1,2,5,2.602,1.0,2.0,5.0,0.015,0.0
2026-08-21T13:15:21+00:00,1,2026-08-21T17:30:00Z,player-ensemble-1.0,player-sim-2.0,player-sim-3.0-candidate,recommended_for_live_promotion,0.2,0.5,0.4,1.0,fpl-2026-27,1.05,98,204580,Janelt,4,Brentford,Midfielder,5.0,1.644,0.0,1.644,39.86,0.0,1.0,4.0,0.3288,1.652,0,1,4,1.613,0,1.0,4.0,0.005,0.0
2026-08-21T13:15:21+00:00,1,2026-08-21T17:30:00Z,player-ensemble-1.0,player-sim-2.0,player-sim-3.0-candidate,recommended_for_live_promotion,0.2,0.5,0.4,1.0,fpl-2026-27,1.05,99,543295,Milambo,4,Brentford,Midfielder,5.0,0.0,0.0,0.0,0.0,0.0,0.0,0.0,0.0,0.0,0,0,0,0.0,0,0,0,0.0,0.0
2026-08-21T13:15:21+00:00,1,2026-08-21T17:30:00Z,player-ensemble-1.0,player-sim-2.0,player-sim-3.0-candidate,recommended_for_live_promotion,0.2,0.5,0.4,1.0,fpl-2026-27,1.05,100,244858,Carvalho,4,Brentford,Midfielder,5.0,0.062,0.0,0.062,1.32,0.0,0.0,0.0,0.0123,0.053,0,0,0,0.095,0,0,0,0.0,0.0
2026-08-21T13:15:21+00:00,1,2026-08-21T17:30:00Z,player-ensemble-1.0,player-sim-2.0,player-sim-3.0-candidate,recommended_for_live_promotion,0.2,0.5,0.4,1.0,fpl-2026-27,1.05,102,508395,Yarmoliuk,4,Brentford,Midfielder,5.0,2.488,0.0,2.488,66.9,1.2000000000000002,2.2,4.2,0.4975,2.47,1,2,4,2.558,1.0,2.0,5.0,0.0067,0.0
2026-08-21T13:15:21+00:00,1,2026-08-21T17:30:00Z,player-ensemble-1.0,player-sim-2.0,player-sim-3.0-candidate,recommended_for_live_promotion,0.2,0.5,0.4,1.0,fpl-2026-27,1.05,103,183656,Dasilva,4,Brentford,Midfielder,5.0,0.0,0.0,0.0,0.0,0.0,0.0,0.0,0.0001,0.0,0,0,0,0.002,0,0,0,0.0,0.0
2026-08-21T13:15:21+00:00,1,2026-08-21T17:30:00Z,player-ensemble-1.0,player-sim-2.0,player-sim-3.0-candidate,recommended_for_live_promotion,0.2,0.5,0.4,1.0,fpl-2026-27,1.05,105,444180,Anthony,4,Brentford,Midfielder,6.0,3.026,0.0,3.026,70.75,1.2000000000000002,2.6000000000000005,5.4,0.5044,3.038,1,2,6,2.978,1.0,2.0,6.0,0.0167,0.0033
2026-08-21T13:15:21+00:00,1,2026-08-21T17:30:00Z,player-ensemble-1.0,player-sim-2.0,player-sim-3.0-candidate,recommended_for_live_promotion,0.2,0.5,0.4,1.0,fpl-2026-27,1.04,106,502500,Thiago,4,Brentford,Forward,8.0,4.513,0.0,4.513,85.81,2.0,3.8000000000000007,8.4,0.5641,4.525,2,3,9,4.463,2.0,3.0,10.0,0.1117,0.0283
2026-08-21T13:15:21+00:00,1,2026-08-21T17:30:00Z,player-ensemble-1.0,player-sim-2.0,player-sim-3.0-candidate,recommended_for_live_promotion,0.2,0.5,0.4,1.0,fpl-2026-27,1.04,107,593174,Furo,4,Brentford,Forward,4.5,0.0,0.0,0.0,0.0,0.0,0.0,0.0,0.0,0.0,0,0,0,0.0,0,0,0,0.0,0.0
2026-08-21T13:15:21+00:00,1,2026-08-21T17:30:00Z,player-ensemble-1.0,player-sim-2.0,player-sim-3.0-candidate,recommended_for_live_promotion,0.2,0.5,0.4,1.0,fpl-2026-27,1.04,108,75115,Wilson,4,Brentford,Forward,5.5,1.5,0.0,1.5,27.56,0.0,0.8,4.6,0.2728,1.497,0,1,5,1.515,0,1.0,5.0,0.02,0.0017
2026-08-21T13:15:21+00:00,1,2026-08-21T17:30:00Z,player-ensemble-1.0,player-sim-2.0,player-sim-3.0-candidate,recommended_for_live_promotion,0.2,0.5,0.4,1.0,fpl-2026-27,1.05,565,513545,M.Sangaré,4,Brentford,Midfielder,5.5,1.069,0.0,1.069,27.18,0.0,0.8,2.6000000000000005,0.1943,1.067,0,0,3,1.077,0,0,3.0,0.0017,0.0
2026-08-21T13:15:21+00:00,1,2026-08-21T17:30:00Z,player-ensemble-1.0,player-sim-2.0,player-sim-3.0-candidate,recommended_for_live_promotion,0.2,0.5,0.4,1.0,fpl-2026-27,1.08,109,489639,Verbruggen,5,Brighton,Goalkeeper,4.5,3.853,0.0,3.853,88.77,1.8,3.4000000000000004,6.4,0.8563,3.923,1,3,7,3.573,1.0,3.0,7.0,0.0033,0.0
2026-08-21T13:15:21+00:00,1,2026-08-21T17:30:00Z,player-ensemble-1.0,player-sim-2.0,player-sim-3.0-candidate,recommended_for_live_promotion,0.2,0.5,0.4,1.0,fpl-2026-27,1.08,111,49262,Steele,5,Brighton,Goalkeeper,4.0,0.826,0.0,0.826,20.93,0.0,0.0,2.4000000000000004,0.2066,0.81,0,0,3,0.892,0,0,3.0,0.0,0.0
2026-08-21T13:15:21+00:00,1,2026-08-21T17:30:00Z,player-ensemble-1.0,player-sim-2.0,player-sim-3.0-candidate,recommended_for_live_promotion,0.2,0.5,0.4,1.0,fpl-2026-27,1.0,113,231416,F.Kadıoğlu,5,Brighton,Defender,4.5,3.363,0.0,3.363,80.29,1.0,2.8000000000000003,6.000000000000001,0.7474,3.335,1,2,6,3.477,1.0,2.0,7.0,0.0333,0.0033
2026-08-21T13:15:21+00:00,1,2026-08-21T17:30:00Z,player-ensemble-1.0,player-sim-2.0,player-sim-3.0-candidate,recommended_for_live_promotion,0.2,0.5,0.4,1.0,fpl-2026-27,1.0,114,204120,Boscagli,5,Brighton,Defender,4.5,1.032,0.0,1.032,19.86,0.0,0.2,3.4000000000000004,0.2294,1.003,0,0,4,1.148,0,0,6.0,0.005,0.0
2026-08-21T13:15:21+00:00,1,2026-08-21T17:30:00Z,player-ensemble-1.0,player-sim-2.0,player-sim-3.0-candidate,recommended_for_live_promotion,0.2,0.5,0.4,1.0,fpl-2026-27,1.0,115,465730,De Cuyper,5,Brighton,Defender,4.5,2.288,0.0,2.288,37.95,0.0,1.6,5.800000000000001,0.5084,2.308,0,1,7,2.205,0.0,1.0,6.0,0.0233,0.0
2026-08-21T13:15:21+00:00,1,2026-08-21T17:30:00Z,player-ensemble-1.0,player-sim-2.0,player-sim-3.0-candidate,recommended_for_live_promotion,0.2,0.5,0.4,1.0,fpl-2026-27,1.0,116,83299,Dunk,5,Brighton,Defender,4.5,3.284,0.0,3.284,76.26,1.0,2.6000000000000005,6.6000000000000005,0.7298,3.307,1,2,7,3.193,1.0,2.0,7.0,0.0233,0.0017
2026-08-21T13:15:21+00:00,1,2026-08-21T17:30:00Z,player-ensemble-1.0,player-sim-2.0,player-sim-3.0-candidate,recommended_for_live_promotion,0.2,0.5,0.4,1.0,fpl-2026-27,1.0,117,550090,Coppola,5,Brighton,Defender,4.5,0.176,0.0,0.176,4.61,0.0,0.0,0.6000000000000001,0.0392,0.163,0,0,0,0.228,0,0,0,0.0,0.0
2026-08-21T13:15:21+00:00,1,2026-08-21T17:30:00Z,player-ensemble-1.0,player-sim-2.0,player-sim-3.0-candidate,recommended_for_live_promotion,0.2,0.5,0.4,1.0,fpl-2026-27,1.0,118,223434,Igor,5,Brighton,Defender,4.5,0.096,0.0,0.096,2.46,0.0,0.0,0.0,0.0213,0.085,0,0,0,0.14,0,0,0,0.0017,0.0017
2026-08-21T13:15:21+00:00,1,2026-08-21T17:30:00Z,player-ensemble-1.0,player-sim-2.0,player-sim-3.0-candidate,recommended_for_live_promotion,0.2,0.5,0.4,1.0,fpl-2026-27,1.0,119,451490,Costinha,5,Brighton,Defender,4.5,1.221,0.0,1.221,27.25,0.0,0.6000000000000001,4.4,0.2713,1.183,0,0,4,1.372,0,0,6.0,0.0067,0.0
2026-08-21T13:15:21+00:00,1,2026-08-21T17:30:00Z,player-ensemble-1.0,player-sim-2.0,player-sim-3.0-candidate,recommended_for_live_promotion,0.2,0.5,0.4,1.0,fpl-2026-27,1.0,120,454490,Svoboda,5,Brighton,Defender,5.0,1.379,0.0,1.379,30.47,0.0,0.6000000000000001,4.800000000000001,0.2757,1.398,0,0,6,1.3,0,0,6.0,0.0033,0.0
2026-08-21T13:15:21+00:00,1,2026-08-21T17:30:00Z,player-ensemble-1.0,player-sim-2.0,player-sim-3.0-candidate,recommended_for_live_promotion,0.2,0.5,0.4,1.0,fpl-2026-27,1.05,121,451340,Mitoma,5,Brighton,Midfielder,6.0,0.0,0.0,0.0,0.0,0.0,0.0,0.0,0.0,0.0,0,0,0,0.0,0,0,0,0.0,0.0
2026-08-21T13:15:21+00:00,1,2026-08-21T17:30:00Z,player-ensemble-1.0,player-sim-2.0,player-sim-3.0-candidate,recommended_for_live_promotion,0.2,0.5,0.4,1.0,fpl-2026-27,1.05,122,592031,Minteh,5,Brighton,Midfielder,6.0,0.0,0.0,0.0,0.0,0.0,0.0,0.0,0.0,0.0,0,0,0,0.0,0,0,0,0.0,0.0
2026-08-21T13:15:21+00:00,1,2026-08-21T17:30:00Z,player-ensemble-1.0,player-sim-2.0,player-sim-3.0-candidate,recommended_for_live_promotion,0.2,0.5,0.4,1.0,fpl-2026-27,1.05,123,532529,Hinshelwood,5,Brighton,Midfielder,6.0,2.161,0.0,2.161,45.73,0.2,1.8,5.000000000000001,0.3602,2.162,0,2,6,2.158,0,2.0,5.0,0.0183,0.0017
2026-08-21T13:15:21+00:00,1,2026-08-21T17:30:00Z,player-ensemble-1.0,player-sim-2.0,player-sim-3.0-candidate,recommended_for_live_promotion,0.2,0.5,0.4,1.0,fpl-2026-27,1.05,124,60307,Groß,5,Brighton,Midfielder,5.5,1.962,0.0,1.962,42.59,0.2,1.6,4.4,0.3567,1.965,0,1,5,1.95,0,1.0,4.0,0.01,0.0017
2026-08-21T13:15:21+00:00,1,2026-08-21T17:30:00Z,player-ensemble-1.0,player-sim-2.0,player-sim-3.0-candidate,recommended_for_live_promotion,0.2,0.5,0.4,1.0,fpl-2026-27,1.04,125,463067,Georginio,5,Brighton,Forward,5.5,1.938,0.0,1.938,45.5,0.2,1.6,4.4,0.3524,1.932,0,1,5,1.963,0,2.0,5.0,0.01,0.0017
2026-08-21T13:15:21+00:00,1,2026-08-21T17:30:00Z,player-ensemble-1.0,player-sim-2.0,player-sim-3.0-candidate,recommended_for_live_promotion,0.2,0.5,0.4,1.0,fpl-2026-27,1.05,126,219249,O'Riley,5,Brighton,Midfielder,5.5,0.194,0.0,0.194,3.91,0.0,0.0,0.6000000000000001,0.0353,0.198,0,0,0,0.178,0,0,0,0.0,0.0
2026-08-21T13:15:21+00:00,1,2026-08-21T17:30:00Z,player-ensemble-1.0,player-sim-2.0,player-sim-3.0-candidate,recommended_for_live_promotion,0.2,0.5,0.4,1.0,fpl-2026-27,1.05,127,514254,Gomez,5,Brighton,Midfielder,5.0,2.881,0.0,2.881,54.64,0.8,2.2,6.200000000000001,0.5762,2.867,1,2,7,2.938,1.0,2.0,7.0,0.025,0.0
2026-08-21T13:15:21+00:00,1,2026-08-21T17:30:00Z,player-ensemble-1.0,player-sim-2.0,player-sim-3.0-candidate,recommended_for_live_promotion,0.2,0.5,0.4,1.0,fpl-2026-27,1.05,128,536916,Buonanotte,5,Brighton,Midfielder,5.0,0.0,0.0,0.0,0.0,0.0,0.0,0.0,0.0,0.0,0,0,0,0.0,0,0,0,0.0,0.0
2026-08-21T13:15:21+00:00,1,2026-08-21T17:30:00Z,player-ensemble-1.0,player-sim-2.0,player-sim-3.0-candidate,recommended_for_live_promotion,0.2,0.5,0.4,1.0,fpl-2026-27,1.05,129,509416,Ayari,5,Brighton,Midfielder,5.5,2.32,0.0,2.32,50.87,0.4,2.0,4.6,0.4218,2.332,0,2,5,2.273,0,2.0,5.0,0.0117,0.0017
2026-08-21T13:15:21+00:00,1,2026-08-21T17:30:00Z,player-ensemble-1.0,player-sim-2.0,player-sim-3.0-candidate,recommended_for_live_promotion,0.2,0.5,0.4,1.0,fpl-2026-27,1.0,130,467779,Wieffer,5,Brighton,Defender,5.0,2.941,0.0,2.941,48.22,0.4,2.2,6.6000000000000005,0.5881,2.91,0,2,8,3.063,0,2.0,8.0,0.0317,0.0033
2026-08-21T13:15:21+00:00,1,2026-08-21T17:30:00Z,player-ensemble-1.0,player-sim-2.0,player-sim-3.0-candidate,recommended_for_live_promotion,0.2,0.5,0.4,1.0,fpl-2026-27,1.05,131,535301,Baleba,5,Brighton,Midfielder,5.0,0.0,0.0,0.0,0.0,0.0,0.0,0.0,0.0,0.0,0,0,0,0.0,0,0,0,0.0,0.0
2026-08-21T13:15:21+00:00,1,2026-08-21T17:30:00Z,player-ensemble-1.0,player-sim-2.0,player-sim-3.0-candidate,recommended_for_live_promotion,0.2,0.5,0.4,1.0,fpl-2026-27,1.05,132,597320,Howell,5,Brighton,Midfielder,4.5,0.0,0.0,0.0,0.0,0.0,0.0,0.0,0.0,0.0,0,0,0,0.0,0,0,0,0.0,0.0
2026-08-21T13:15:21+00:00,1,2026-08-21T17:30:00Z,player-ensemble-1.0,player-sim-2.0,player-sim-3.0-candidate,recommended_for_live_promotion,0.2,0.5,0.4,1.0,fpl-2026-27,1.05,133,549074,Watson,5,Brighton,Midfielder,5.0,0.0,0.0,0.0,0.0,0.0,0.0,0.0,0.0,0.0,0,0,0,0.0,0,0,0,0.0,0.0
2026-08-21T13:15:21+00:00,1,2026-08-21T17:30:00Z,player-ensemble-1.0,player-sim-2.0,player-sim-3.0-candidate,recommended_for_live_promotion,0.2,0.5,0.4,1.0,fpl-2026-27,1.05,134,556637,Oriola,5,Brighton,Midfielder,4.5,0.002,0.0,0.002,0.04,0.0,0.0,0.0,0.0004,0.002,0,0,0,0.002,0,0,0,0.0,0.0
2026-08-21T13:15:21+00:00,1,2026-08-21T17:30:00Z,player-ensemble-1.0,player-sim-2.0,player-sim-3.0-candidate,recommended_for_live_promotion,0.2,0.5,0.4,1.0,fpl-2026-27,1.05,135,700308,Yohanna,5,Brighton,Midfielder,5.0,1.09,0.0,1.09,26.04,0.0,0.6000000000000001,2.6000000000000005,0.2181,1.11,0,0,3,1.012,0,0,3.0,0.0033,0.0
2026-08-21T13:15:21+00:00,1,2026-08-21T17:30:00Z,player-ensemble-1.0,player-sim-2.0,player-sim-3.0-candidate,recommended_for_live_promotion,0.2,0.5,0.4,1.0,fpl-2026-27,1.04,137,608181,Tzimas,5,Brighton,Forward,5.5,0.0,0.0,0.0,0.0,0.0,0.0,0.0,0.0,0.0,0,0,0,0.0,0,0,0,0.0,0.0
2026-08-21T13:15:21+00:00,1,2026-08-21T17:30:00Z,player-ensemble-1.0,player-sim-2.0,player-sim-3.0-candidate,recommended_for_live_promotion,0.2,0.5,0.4,1.0,fpl-2026-27,1.04,138,647850,Kostoulas,5,Brighton,Forward,5.5,0.354,0.0,0.354,6.73,0.0,0.0,0.8,0.0644,0.353,0,0,1,0.358,0,0,1.0,0.0083,0.0017
2026-08-21T13:15:21+00:00,1,2026-08-21T17:30:00Z,player-ensemble-1.0,player-sim-2.0,player-sim-3.0-candidate,recommended_for_live_promotion,0.2,0.5,0.4,1.0,fpl-2026-27,1.04,139,487117,Ferguson,5,Brighton,Forward,5.0,0.0,0.0,0.0,0.0,0.0,0.0,0.0,0.0,0.0,0,0,0,0.0,0,0,0,0.0,0.0
2026-08-21T13:15:21+00:00,1,2026-08-21T17:30:00Z,player-ensemble-1.0,player-sim-2.0,player-sim-3.0-candidate,recommended_for_live_promotion,0.2,0.5,0.4,1.0,fpl-2026-27,1.0,328,222694,Struijk,5,Brighton,Defender,5.0,4.03,0.0,4.03,78.85,1.2000000000000002,3.4000000000000004,7.4,0.8061,4.105,1,3,8,3.732,1.0,3.0,8.0,0.0317,0.0067
2026-08-21T13:15:21+00:00,1,2026-08-21T17:30:00Z,player-ensemble-1.0,player-sim-2.0,player-sim-3.0-candidate,recommended_for_live_promotion,0.2,0.5,0.4,1.0,fpl-2026-27,1.0,504,610799,Vuskovic,5,Brighton,Defender,5.0,1.44,0.0,1.44,32.5,0.0,0.6000000000000001,4.800000000000001,0.2879,1.5,0,0,6,1.198,0,0,5.0,0.0083,0.0017
2026-08-21T13:15:21+00:00,1,2026-08-21T17:30:00Z,player-ensemble-1.0,player-sim-2.0,player-sim-3.0-candidate,recommended_for_live_promotion,0.2,0.5,0.4,1.0,fpl-2026-27,1.04,594,538007,David,5,Brighton,Forward,6.0,1.018,0.0,1.018,23.31,0.0,0.4,2.8000000000000003,0.1696,0.997,0,0,3,1.102,0,0,3.0,0.0033,0.0
2026-08-21T13:15:21+00:00,1,2026-08-21T17:30:00Z,player-ensemble-1.0,player-sim-2.0,player-sim-3.0-candidate,recommended_for_live_promotion,0.2,0.5,0.4,1.0,fpl-2026-27,1.05,600,612855,Osman,5,Brighton,Midfielder,5.0,1.137,0.0,1.137,27.41,0.0,0.6000000000000001,3.0,0.2275,1.11,0,0,3,1.247,0,0,3.0,0.005,0.0
2026-08-21T13:15:21+00:00,1,2026-08-21T17:30:00Z,player-ensemble-1.0,player-sim-2.0,player-sim-3.0-candidate,recommended_for_live_promotion,0.2,0.5,0.4,1.0,fpl-2026-27,1.05,40,244850,Rogers,6,Chelsea,Midfielder,7.5,3.542,0.0,3.542,84.62,1.8,3.0000000000000004,6.200000000000001,0.4722,3.513,2,3,7,3.655,2.0,3.0,8.0,0.0467,0.0
2026-08-21T13:15:21+00:00,1,2026-08-21T17:30:00Z,player-ensemble-1.0,player-sim-2.0,player-sim-3.0-candidate,recommended_for_live_promotion,0.2,0.5,0.4,1.0,fpl-2026-27,1.05,101,56979,Henderson,6,Chelsea,Midfielder,5.0,1.372,0.0,1.372,36.97,0.0,1.0,3.0000000000000004,0.2743,1.373,0,1,3,1.365,0,1.0,3.0,0.005,0.0
2026-08-21T13:15:21+00:00,1,2026-08-21T17:30:00Z,player-ensemble-1.0,player-sim-2.0,player-sim-3.0-candidate,recommended_for_live_promotion,0.2,0.5,0.4,1.0,fpl-2026-27,1.04,136,50175,Welbeck,6,Chelsea,Forward,6.0,2.271,0.0,2.271,44.53,0.0,1.8,5.4,0.3785,2.273,0,2,6,2.26,0,1.0,6.0,0.025,0.005
2026-08-21T13:15:21+00:00,1,2026-08-21T17:30:00Z,player-ensemble-1.0,player-sim-2.0,player-sim-3.0-candidate,recommended_for_live_promotion,0.2,0.5,0.4,1.0,fpl-2026-27,1.08,140,215059,Sánchez,6,Chelsea,Goalkeeper,5.0,3.311,0.0,3.311,80.22,1.2000000000000002,2.8000000000000003,6.200000000000001,0.6622,3.368,1,3,7,3.082,1.0,2.0,7.0,0.0,0.0
2026-08-21T13:15:21+00:00,1,2026-08-21T17:30:00Z,player-ensemble-1.0,player-sim-2.0,player-sim-3.0-candidate,recommended_for_live_promotion,0.2,0.5,0.4,1.0,fpl-2026-27,1.08,141,508479,Jörgensen,6,Chelsea,Goalkeeper,5.0,0.0,0.0,0.0,0.0,0.0,0.0,0.0,0.0,0.0,0,0,0,0.0,0,0,0,0.0,0.0
2026-08-21T13:15:21+00:00,1,2026-08-21T17:30:00Z,player-ensemble-1.0,player-sim-2.0,player-sim-3.0-candidate,recommended_for_live_promotion,0.2,0.5,0.4,1.0,fpl-2026-27,1.0,142,225796,James,6,Chelsea,Defender,5.5,2.48,0.0,2.48,51.29,0.2,1.8,5.800000000000001,0.451,2.51,0,1,7,2.362,0.0,1.0,6.0,0.015,0.0017
2026-08-21T13:15:21+00:00,1,2026-08-21T17:30:00Z,player-ensemble-1.0,player-sim-2.0,player-sim-3.0-candidate,recommended_for_live_promotion,0.2,0.5,0.4,1.0,fpl-2026-27,1.0,143,180736,Chalobah,6,Chelsea,Defender,5.5,0.0,0.0,0.0,0.0,0.0,0.0,0.0,0.0,0.0,0,0,0,0.0,0,0,0,0.0,0.0
2026-08-21T13:15:21+00:00,1,2026-08-21T17:30:00Z,player-ensemble-1.0,player-sim-2.0,player-sim-3.0-candidate,recommended_for_live_promotion,0.2,0.5,0.4,1.0,fpl-2026-27,1.0,144,482609,Gusto,6,Chelsea,Defender,5.0,2.72,0.0,2.72,59.27,1.0,2.0,5.800000000000001,0.544,2.71,1,2,6,2.76,1.0,2.0,6.0,0.015,0.0033
2026-08-21T13:15:21+00:00,1,2026-08-21T17:30:00Z,player-ensemble-1.0,player-sim-2.0,player-sim-3.0-candidate,recommended_for_live_promotion,0.2,0.5,0.4,1.0,fpl-2026-27,1.0,145,444463,Fofana,6,Chelsea,Defender,5.0,0.0,0.0,0.0,0.0,0.0,0.0,0.0,0.0,0.0,0,0,0,0.0,0,0,0,0.0,0.0
2026-08-21T13:15:21+00:00,1,2026-08-21T17:30:00Z,player-ensemble-1.0,player-sim-2.0,player-sim-3.0-candidate,recommended_for_live_promotion,0.2,0.5,0.4,1.0,fpl-2026-27,1.0,146,242880,B.Badiashile,6,Chelsea,Defender,4.5,0.515,0.0,0.515,11.15,0.0,0.0,1.6,0.1145,0.498,0,0,2,0.583,0,0,2.0,0.0,0.0
2026-08-21T13:15:21+00:00,1,2026-08-21T17:30:00Z,player-ensemble-1.0,player-sim-2.0,player-sim-3.0-candidate,recommended_for_live_promotion,0.2,0.5,0.4,1.0,fpl-2026-27,1.0,147,109646,Tosin,6,Chelsea,Defender,4.5,0.973,0.0,0.973,20.86,0.0,0.2,3.2,0.2163,1.017,0,0,4,0.8,0,0,3.0,0.0033,0.0
2026-08-21T13:15:21+00:00,1,2026-08-21T17:30:00Z,player-ensemble-1.0,player-sim-2.0,player-sim-3.0-candidate,recommended_for_live_promotion,0.2,0.5,0.4,1.0,fpl-2026-27,1.0,148,551210,Hato,6,Chelsea,Defender,4.5,1.167,0.0,1.167,30.84,0.0,0.8,3.6,0.2594,1.165,0,0,4,1.177,0,0,5.0,0.005,0.0
2026-08-21T13:15:21+00:00,1,2026-08-21T17:30:00Z,player-ensemble-1.0,player-sim-2.0,player-sim-3.0-candidate,recommended_for_live_promotion,0.2,0.5,0.4,1.0,fpl-2026-27,1.0,149,460028,Colwill,6,Chelsea,Defender,5.0,0.258,0.0,0.258,6.18,0.0,0.0,0.8,0.0516,0.277,0,0,1,0.183,0,0,0,0.0,0.0
2026-08-21T13:15:21+00:00,1,2026-08-21T17:30:00Z,player-ensemble-1.0,player-sim-2.0,player-sim-3.0-candidate,recommended_for_live_promotion,0.2,0.5,0.4,1.0,fpl-2026-27,1.0,150,574458,M.Sarr,6,Chelsea,Defender,4.5,0.099,0.0,0.099,2.31,0.0,0.0,0.0,0.0221,0.09,0,0,0,0.137,0,0,0,0.0,0.0
2026-08-21T13:15:21+00:00,1,2026-08-21T17:30:00Z,player-ensemble-1.0,player-sim-2.0,player-sim-3.0-candidate,recommended_for_live_promotion,0.2,0.5,0.4,1.0,fpl-2026-27,1.0,151,577016,Acheampong,6,Chelsea,Defender,4.5,0.926,0.0,0.926,18.26,0.0,0.2,2.4000000000000004,0.2058,0.93,0,0,3,0.912,0,0,3.0,0.0017,0.0
2026-08-21T13:15:21+00:00,1,2026-08-21T17:30:00Z,player-ensemble-1.0,player-sim-2.0,player-sim-3.0-candidate,recommended_for_live_promotion,0.2,0.5,0.4,1.0,fpl-2026-27,1.0,152,620109,Palestra,6,Chelsea,Defender,5.5,1.36,0.0,1.36,32.93,0.0,0.6000000000000001,4.800000000000001,0.2473,1.422,0,0,5,1.113,0,0,4.0,0.0033,0.0
2026-08-21T13:15:21+00:00,1,2026-08-21T17:30:00Z,player-ensemble-1.0,player-sim-2.0,player-sim-3.0-candidate,recommended_for_live_promotion,0.2,0.5,0.4,1.0,fpl-2026-27,1.0,153,220362,Disasi,6,Chelsea,Defender,4.5,1.435,0.0,1.435,34.33,0.0,0.8,4.800000000000001,0.3188,1.422,0,1,6,1.487,0,0,6.0,0.0117,0.0
2026-08-21T13:15:21+00:00,1,2026-08-21T17:30:00Z,player-ensemble-1.0,player-sim-2.0,player-sim-3.0-candidate,recommended_for_live_promotion,0.2,0.5,0.4,1.0,fpl-2026-27,1.05,154,244851,Palmer,6,Chelsea,Midfielder,9.5,3.038,0.0,3.038,52.18,0.6000000000000001,2.2,6.6000000000000005,0.3198,3.032,0,2,7,3.062,0.0,2.0,7.0,0.0417,0.01
2026-08-21T13:15:21+00:00,1,2026-08-21T17:30:00Z,player-ensemble-1.0,player-sim-2.0,player-sim-3.0-candidate,recommended_for_live_promotion,0.2,0.5,0.4,1.0,fpl-2026-27,1.05,155,448047,Enzo,6,Chelsea,Midfielder,7.0,4.19,0.0,4.19,80.47,1.4000000000000001,3.6,7.6000000000000005,0.5986,4.195,1,3,8,4.172,1.0,3.0,8.0,0.08,0.015
2026-08-21T13:15:21+00:00,1,2026-08-21T17:30:00Z,player-ensemble-1.0,player-sim-2.0,player-sim-3.0-candidate,recommended_for_live_promotion,0.2,0.5,0.4,1.0,fpl-2026-27,1.05,156,247632,Neto,6,Chelsea,Midfielder,6.5,3.055,0.0,3.055,66.56,1.2000000000000002,2.6,6.000000000000001,0.47,3.053,1,2,7,3.06,1.0,2.0,7.0,0.0183,0.0033
2026-08-21T13:15:21+00:00,1,2026-08-21T17:30:00Z,player-ensemble-1.0,player-sim-2.0,player-sim-3.0-candidate,recommended_for_live_promotion,0.2,0.5,0.4,1.0,fpl-2026-27,1.05,157,624773,Estêvão,6,Chelsea,Midfielder,6.5,1.15,0.0,1.15,22.6,0.0,0.4,3.2,0.177,1.128,0,0,3,1.238,0,0,3.0,0.02,0.0017
2026-08-21T13:15:21+00:00,1,2026-08-21T17:30:00Z,player-ensemble-1.0,player-sim-2.0,player-sim-3.0-candidate,recommended_for_live_promotion,0.2,0.5,0.4,1.0,fpl-2026-27,1.05,158,463936,Gittens,6,Chelsea,Midfielder,6.0,0.491,0.0,0.491,12.31,0.0,0.0,1.6,0.0818,0.508,0,0,2,0.422,0,0,1.0,0.005,0.0017
2026-08-21T13:15:21+00:00,1,2026-08-21T17:30:00Z,player-ensemble-1.0,player-sim-2.0,player-sim-3.0-candidate,recommended_for_live_promotion,0.2,0.5,0.4,1.0,fpl-2026-27,1.05,159,486672,Caicedo,6,Chelsea,Midfielder,5.5,2.916,0.0,2.916,71.91,1.2000000000000002,2.6000000000000005,4.8,0.5302,2.908,1,2,5,2.948,1.0,3.0,5.0,0.0133,0.0
2026-08-21T13:15:21+00:00,1,2026-08-21T17:30:00Z,player-ensemble-1.0,player-sim-2.0,player-sim-3.0-candidate,recommended_for_live_promotion,0.2,0.5,0.4,1.0,fpl-2026-27,1.05,161,514356,Lavia,6,Chelsea,Midfielder,5.0,0.331,0.0,0.331,8.2,0.0,0.0,1.2000000000000002,0.0661,0.323,0,0,1,0.36,0,0,1.0,0.0017,0.0
2026-08-21T13:15:21+00:00,1,2026-08-21T17:30:00Z,player-ensemble-1.0,player-sim-2.0,player-sim-3.0-candidate,recommended_for_live_promotion,0.2,0.5,0.4,1.0,fpl-2026-27,1.05,163,491007,D.Essugo,6,Chelsea,Midfielder,4.5,0.013,0.0,0.013,0.29,0.0,0.0,0.0,0.0028,0.012,0,0,0,0.017,0,0,0,0.0,0.0
2026-08-21T13:15:21+00:00,1,2026-08-21T17:30:00Z,player-ensemble-1.0,player-sim-2.0,player-sim-3.0-candidate,recommended_for_live_promotion,0.2,0.5,0.4,1.0,fpl-2026-27,1.05,164,593117,Quenda,6,Chelsea,Midfielder,5.5,1.059,0.0,1.059,26.85,0.0,0.6000000000000001,2.8000000000000003,0.1926,1.043,0,0,3,1.123,0,0,3.0,0.0033,0.0
2026-08-21T13:15:21+00:00,1,2026-08-21T17:30:00Z,player-ensemble-1.0,player-sim-2.0,player-sim-3.0-candidate,recommended_for_live_promotion,0.2,0.5,0.4,1.0,fpl-2026-27,1.04,165,475168,João Pedro,6,Chelsea,Forward,7.5,4.101,0.0,4.101,70.2,1.4000000000000001,3.6,7.6000000000000005,0.5468,4.115,1,3,9,4.045,1.0,3.0,9.0,0.09,0.025
2026-08-21T13:15:21+00:00,1,2026-08-21T17:30:00Z,player-ensemble-1.0,player-sim-2.0,player-sim-3.0-candidate,recommended_for_live_promotion,0.2,0.5,0.4,1.0,fpl-2026-27,1.04,166,517052,N.Jackson,6,Chelsea,Forward,6.5,1.068,0.0,1.068,24.07,0.0,0.6000000000000001,2.8000000000000003,0.1644,1.055,0,0,3,1.122,0,0,3.0,0.0083,0.0017
2026-08-21T13:15:21+00:00,1,2026-08-21T17:30:00Z,player-ensemble-1.0,player-sim-2.0,player-sim-3.0-candidate,recommended_for_live_promotion,0.2,0.5,0.4,1.0,fpl-2026-27,1.04,167,463034,Delap,6,Chelsea,Forward,5.5,1.075,0.0,1.075,27.45,0.0,0.6000000000000001,2.6,0.1954,1.05,0,0,3,1.173,0,0,3.0,0.01,0.0
2026-08-21T13:15:21+00:00,1,2026-08-21T17:30:00Z,player-ensemble-1.0,player-sim-2.0,player-sim-3.0-candidate,recommended_for_live_promotion,0.2,0.5,0.4,1.0,fpl-2026-27,1.04,168,499309,Marc Guiu,6,Chelsea,Forward,5.0,0.219,0.0,0.219,4.09,0.0,0.0,0.8,0.0437,0.232,0,0,1,0.167,0,0,0,0.0,0.0
2026-08-21T13:15:21+00:00,1,2026-08-21T17:30:00Z,player-ensemble-1.0,player-sim-2.0,player-sim-3.0-candidate,recommended_for_live_promotion,0.2,0.5,0.4,1.0,fpl-2026-27,1.04,169,567119,Mheuka,6,Chelsea,Forward,4.5,0.0,0.0,0.0,0.0,0.0,0.0,0.0,0.0001,0.0,0,0,0,0.002,0,0,0,0.0,0.0
2026-08-21T13:15:21+00:00,1,2026-08-21T17:30:00Z,player-ensemble-1.0,player-sim-2.0,player-sim-3.0-candidate,recommended_for_live_promotion,0.2,0.5,0.4,1.0,fpl-2026-27,1.04,170,503037,Emegha,6,Chelsea,Forward,5.0,1.046,0.0,1.046,22.95,0.0,0.4,3.0000000000000004,0.2091,1.073,0,0,3,0.935,0,0,3.0,0.0067,0.0017
2026-08-21T13:15:21+00:00,1,2026-08-21T17:30:00Z,player-ensemble-1.0,player-sim-2.0,player-sim-3.0-candidate,recommended_for_live_promotion,0.2,0.5,0.4,1.0,fpl-2026-27,1.0,200,437499,Lacroix,6,Chelsea,Defender,6.0,4.28,0.0,4.28,81.16,1.4000000000000001,3.8000000000000003,7.6000000000000005,0.7133,4.34,1,4,8,4.04,1.0,3.0,8.0,0.0317,0.0017
2026-08-21T13:15:21+00:00,1,2026-08-21T17:30:00Z,player-ensemble-1.0,player-sim-2.0,player-sim-3.0-candidate,recommended_for_live_promotion,0.2,0.5,0.4,1.0,fpl-2026-27,1.08,560,549939,Penders,6,Chelsea,Goalkeeper,4.5,0.845,0.0,0.845,19.97,0.0,0.0,2.4000000000000004,0.1878,0.827,0,0,3,0.918,0,0,3.0,0.0017,0.0
2026-08-21T13:15:21+00:00,1,2026-08-21T17:30:00Z,player-ensemble-1.0,player-sim-2.0,player-sim-3.0-candidate,recommended_for_live_promotion,0.2,0.5,0.4,1.0,fpl-2026-27,1.0,561,622758,Anselmino,6,Chelsea,Defender,4.5,1.243,0.0,1.243,30.48,0.0,0.4,4.2,0.2762,1.255,0,0,5,1.193,0,0,4.0,0.0083,0.0
2026-08-21T13:15:21+00:00,1,2026-08-21T17:30:00Z,player-ensemble-1.0,player-sim-2.0,player-sim-3.0-candidate,recommended_for_live_promotion,0.2,0.5,0.4,1.0,fpl-2026-27,1.05,568,543158,Barco,6,Chelsea,Midfielder,5.5,1.195,0.0,1.195,30.55,0.0,0.8,2.8000000000000003,0.2172,1.23,0,0,3,1.053,0,0,3.0,0.0033,0.0
2026-08-21T13:15:21+00:00,1,2026-08-21T17:30:00Z,player-ensemble-1.0,player-sim-2.0,player-sim-3.0-candidate,recommended_for_live_promotion,0.2,0.5,0.4,1.0,fpl-2026-27,1.05,578,465920,Mudryk,6,Chelsea,Midfielder,5.5,0.976,0.0,0.976,27.23,0.0,0.6000000000000001,2.4000000000000004,0.1775,0.965,0,0,3,1.02,0,0,3.0,0.0,0.0
2026-08-21T13:15:21+00:00,1,2026-08-21T17:30:00Z,player-ensemble-1.0,player-sim-2.0,player-sim-3.0-candidate,recommended_for_live_promotion,0.2,0.5,0.4,1.0,fpl-2026-27,1.0,583,498444,Chavarria,6,Chelsea,Defender,5.0,1.233,0.0,1.233,30.19,0.0,0.4,4.0,0.2466,1.267,0,0,5,1.098,0,0,4.0,0.005,0.0
2026-08-21T13:15:21+00:00,1,2026-08-21T17:30:00Z,player-ensemble-1.0,player-sim-2.0,player-sim-3.0-candidate,recommended_for_live_promotion,0.2,0.5,0.4,1.0,fpl-2026-27,1.05,104,428580,Onyeka,7,Coventry City,Midfielder,5.0,0.033,0.0,0.033,0.61,0.0,0.0,0.0,0.0066,0.033,0,0,0,0.032,0,0,0,0.0,0.0
2026-08-21T13:15:21+00:00,1,2026-08-21T17:30:00Z,player-ensemble-1.0,player-sim-2.0,player-sim-3.0-candidate,recommended_for_live_promotion,0.2,0.5,0.4,1.0,fpl-2026-27,1.08,110,472739,Rushworth,7,Coventry City,Goalkeeper,4.5,0.656,0.0,0.656,21.92,0.0,0.0,2.4000000000000004,0.1458,0.663,0,0,3,0.627,0,0,2.0,0.0,0.0
2026-08-21T13:15:21+00:00,1,2026-08-21T17:30:00Z,player-ensemble-1.0,player-sim-2.0,player-sim-3.0-candidate,recommended_for_live_promotion,0.2,0.5,0.4,1.0,fpl-2026-27,1.08,171,484389,Dovin,7,Coventry City,Goalkeeper,4.0,0.654,0.0,0.654,21.58,0.0,0.0,2.4000000000000004,0.1636,0.645,0,0,3,0.692,0,0,2.0,0.0,0.0
2026-08-21T13:15:21+00:00,1,2026-08-21T17:30:00Z,player-ensemble-1.0,player-sim-2.0,player-sim-3.0-candidate,recommended_for_live_promotion,0.2,0.5,0.4,1.0,fpl-2026-27,1.08,172,110690,Wilson,7,Coventry City,Goalkeeper,4.5,0.723,0.0,0.723,22.98,0.0,0.0,2.4000000000000004,0.1606,0.773,0,0,3,0.52,0,0,2.0,0.0,0.0
2026-08-21T13:15:21+00:00,1,2026-08-21T17:30:00Z,player-ensemble-1.0,player-sim-2.0,player-sim-3.0-candidate,recommended_for_live_promotion,0.2,0.5,0.4,1.0,fpl-2026-27,1.0,173,461102,Thomas,7,Coventry City,Defender,4.0,0.907,0.0,0.907,29.84,0.0,0.2,3.0000000000000004,0.2268,0.883,0,0,3,1.003,0,0,3.0,0.0017,0.0
2026-08-21T13:15:21+00:00,1,2026-08-21T17:30:00Z,player-ensemble-1.0,player-sim-2.0,player-sim-3.0-candidate,recommended_for_live_promotion,0.2,0.5,0.4,1.0,fpl-2026-27,1.0,174,436761,Kitching,7,Coventry City,Defender,4.0,0.873,0.0,0.873,29.48,0.0,0.2,2.8000000000000003,0.2182,0.883,0,0,3,0.83,0,0,3.0,0.0017,0.0
2026-08-21T13:15:21+00:00,1,2026-08-21T17:30:00Z,player-ensemble-1.0,player-sim-2.0,player-sim-3.0-candidate,recommended_for_live_promotion,0.2,0.5,0.4,1.0,fpl-2026-27,1.0,175,451284,van Ewijk,7,Coventry City,Defender,4.0,0.956,0.0,0.956,32.24,0.0,0.4,2.8000000000000003,0.2389,0.992,0,0,3,0.812,0,0,3.0,0.0,0.0
2026-08-21T13:15:21+00:00,1,2026-08-21T17:30:00Z,player-ensemble-1.0,player-sim-2.0,player-sim-3.0-candidate,recommended_for_live_promotion,0.2,0.5,0.4,1.0,fpl-2026-27,1.0,176,173878,Dasilva,7,Coventry City,Defender,4.0,0.853,0.0,0.853,26.25,0.0,0.2,2.4000000000000004,0.2133,0.822,0,0,3,0.98,0,0,3.0,0.005,0.0
2026-08-21T13:15:21+00:00,1,2026-08-21T17:30:00Z,player-ensemble-1.0,player-sim-2.0,player-sim-3.0-candidate,recommended_for_live_promotion,0.2,0.5,0.4,1.0,fpl-2026-27,1.0,177,465390,Kesler-Hayden,7,Coventry City,Defender,4.0,1.007,0.0,1.007,31.14,0.0,0.4,3.0000000000000004,0.2517,1.008,0,0,3,1.002,0,0,3.0,0.0017,0.0
2026-08-21T13:15:21+00:00,1,2026-08-21T17:30:00Z,player-ensemble-1.0,player-sim-2.0,player-sim-3.0-candidate,recommended_for_live_promotion,0.2,0.5,0.4,1.0,fpl-2026-27,1.0,178,80178,Bidwell,7,Coventry City,Defender,4.0,0.895,0.0,0.895,31.02,0.0,0.2,2.6000000000000005,0.2237,0.885,0,0,3,0.933,0,0,3.0,0.0033,0.0
2026-08-21T13:15:21+00:00,1,2026-08-21T17:30:00Z,player-ensemble-1.0,player-sim-2.0,player-sim-3.0-candidate,recommended_for_live_promotion,0.2,0.5,0.4,1.0,fpl-2026-27,1.0,179,204813,Latibeaudiere,7,Coventry City,Defender,4.0,0.835,0.0,0.835,29.07,0.0,0.2,2.4000000000000004,0.2087,0.802,0,0,3,0.968,0,0,3.0,0.0017,0.0
2026-08-21T13:15:21+00:00,1,2026-08-21T17:30:00Z,player-ensemble-1.0,player-sim-2.0,player-sim-3.0-candidate,recommended_for_live_promotion,0.2,0.5,0.4,1.0,fpl-2026-27,1.0,180,220583,Woolfenden,7,Coventry City,Defender,4.0,1.025,0.0,1.025,34.44,0.0,0.8,2.6000000000000005,0.2562,1.045,0,1,3,0.945,0,0,3.0,0.0017,0.0
2026-08-21T13:15:21+00:00,1,2026-08-21T17:30:00Z,player-ensemble-1.0,player-sim-2.0,player-sim-3.0-candidate,recommended_for_live_promotion,0.2,0.5,0.4,1.0,fpl-2026-27,1.0,181,577411,Brau,7,Coventry City,Defender,4.0,0.883,0.0,0.883,31.07,0.0,0.2,2.4000000000000004,0.2208,0.883,0,0,3,0.882,0,0,3.0,0.0,0.0
2026-08-21T13:15:21+00:00,1,2026-08-21T17:30:00Z,player-ensemble-1.0,player-sim-2.0,player-sim-3.0-candidate,recommended_for_live_promotion,0.2,0.5,0.4,1.0,fpl-2026-27,1.0,182,539142,Amenda,7,Coventry City,Defender,4.0,0.834,0.0,0.834,29.14,0.0,0.2,2.4000000000000004,0.2084,0.852,0,0,3,0.762,0,0.0,3.0,0.0033,0.0
2026-08-21T13:15:21+00:00,1,2026-08-21T17:30:00Z,player-ensemble-1.0,player-sim-2.0,player-sim-3.0-candidate,recommended_for_live_promotion,0.2,0.5,0.4,1.0,fpl-2026-27,1.05,183,480457,Rudoni,7,Coventry City,Midfielder,5.0,1.037,0.0,1.037,30.48,0.0,0.6000000000000001,2.4000000000000004,0.2073,1.057,0,0,3,0.957,0,0,3.0,0.0,0.0
2026-08-21T13:15:21+00:00,1,2026-08-21T17:30:00Z,player-ensemble-1.0,player-sim-2.0,player-sim-3.0-candidate,recommended_for_live_promotion,0.2,0.5,0.4,1.0,fpl-2026-27,1.05,184,168144,Grimes,7,Coventry City,Midfielder,5.0,0.06,0.0,0.06,0.83,0.0,0.0,0.0,0.0121,0.063,0,0,0,0.048,0,0,0,0.0,0.0
2026-08-21T13:15:21+00:00,1,2026-08-21T17:30:00Z,player-ensemble-1.0,player-sim-2.0,player-sim-3.0-candidate,recommended_for_live_promotion,0.2,0.5,0.4,1.0,fpl-2026-27,1.05,185,501459,Sakamoto,7,Coventry City,Midfielder,5.0,1.06,0.0,1.06,31.47,0.0,0.8,2.4000000000000004,0.212,1.1,0,0,3,0.9,0,0,2.0,0.0,0.0
2026-08-21T13:15:21+00:00,1,2026-08-21T17:30:00Z,player-ensemble-1.0,player-sim-2.0,player-sim-3.0-candidate,recommended_for_live_promotion,0.2,0.5,0.4,1.0,fpl-2026-27,1.05,186,241293,Mason-Clark,7,Coventry City,Midfielder,5.5,1.01,0.0,1.01,29.25,0.0,0.8,2.4000000000000004,0.1837,1.033,0,0,3,0.918,0,0,2.0,0.0033,0.0
2026-08-21T13:15:21+00:00,1,2026-08-21T17:30:00Z,player-ensemble-1.0,player-sim-2.0,player-sim-3.0-candidate,recommended_for_live_promotion,0.2,0.5,0.4,1.0,fpl-2026-27,1.05,187,439668,Eccles,7,Coventry City,Midfielder,5.0,0.962,0.0,0.962,27.43,0.0,0.4,2.4000000000000004,0.1923,0.995,0,0,3,0.828,0,0,2.0,0.0,0.0
2026-08-21T13:15:21+00:00,1,2026-08-21T17:30:00Z,player-ensemble-1.0,player-sim-2.0,player-sim-3.0-candidate,recommended_for_live_promotion,0.2,0.5,0.4,1.0,fpl-2026-27,1.05,188,226965,Torp,7,Coventry City,Midfielder,5.5,0.924,0.0,0.924,28.07,0.0,0.6000000000000001,2.4000000000000004,0.1681,0.927,0,0,2,0.915,0,0,2.0,0.005,0.0
2026-08-21T13:15:21+00:00,1,2026-08-21T17:30:00Z,player-ensemble-1.0,player-sim-2.0,player-sim-3.0-candidate,recommended_for_live_promotion,0.2,0.5,0.4,1.0,fpl-2026-27,1.05,189,684268,Shepherd,7,Coventry City,Midfielder,4.5,0.899,0.0,0.899,25.81,0.0,0.4,2.4000000000000004,0.1998,0.91,0,0,3,0.855,0,0,2.0,0.0,0.0
2026-08-21T13:15:21+00:00,1,2026-08-21T17:30:00Z,player-ensemble-1.0,player-sim-2.0,player-sim-3.0-candidate,recommended_for_live_promotion,0.2,0.5,0.4,1.0,fpl-2026-27,1.05,190,469272,Tchaouna,7,Coventry City,Midfielder,5.5,1.086,0.0,1.086,32.86,0.0,0.8,2.4000000000000004,0.1974,1.093,0,1,2,1.055,0,1.0,2.0,0.0017,0.0
2026-08-21T13:15:21+00:00,1,2026-08-21T17:30:00Z,player-ensemble-1.0,player-sim-2.0,player-sim-3.0-candidate,recommended_for_live_promotion,0.2,0.5,0.4,1.0,fpl-2026-27,1.05,191,492498,Borges Rodrigues,7,Coventry City,Midfielder,4.5,0.976,0.0,0.976,28.84,0.0,0.6000000000000001,2.4000000000000004,0.2168,1.008,0,0,3,0.845,0,0,2.0,0.0,0.0
2026-08-21T13:15:21+00:00,1,2026-08-21T17:30:00Z,player-ensemble-1.0,player-sim-2.0,player-sim-3.0-candidate,recommended_for_live_promotion,0.2,0.5,0.4,1.0,fpl-2026-27,1.05,192,629397,Andrews,7,Coventry City,Midfielder,4.5,1.088,0.0,1.088,30.2,0.0,0.6000000000000001,2.4000000000000004,0.2417,1.107,0,0,3,1.012,0,0,3.0,0.0017,0.0
2026-08-21T13:15:21+00:00,1,2026-08-21T17:30:00Z,player-ensemble-1.0,player-sim-2.0,player-sim-3.0-candidate,recommended_for_live_promotion,0.2,0.5,0.4,1.0,fpl-2026-27,1.04,193,176412,Wright,7,Coventry City,Forward,5.5,0.0,0.0,0.0,0.0,0.0,0.0,0.0,0.0,0.0,0,0,0,0.0,0,0,0,0.0,0.0
2026-08-21T13:15:21+00:00,1,2026-08-21T17:30:00Z,player-ensemble-1.0,player-sim-2.0,player-sim-3.0-candidate,recommended_for_live_promotion,0.2,0.5,0.4,1.0,fpl-2026-27,1.04,194,230730,Thomas-Asante,7,Coventry City,Forward,5.0,0.982,0.0,0.982,24.3,0.0,0.4,2.4000000000000004,0.1965,0.965,0,0,3,1.052,0,0,3.0,0.005,0.0
2026-08-21T13:15:21+00:00,1,2026-08-21T17:30:00Z,player-ensemble-1.0,player-sim-2.0,player-sim-3.0-candidate,recommended_for_live_promotion,0.2,0.5,0.4,1.0,fpl-2026-27,1.04,195,218997,Simms,7,Coventry City,Forward,5.0,1.053,0.0,1.053,25.76,0.0,0.6000000000000001,2.8000000000000003,0.2105,1.087,0,0,3,0.917,0,0,2.0,0.005,0.0
2026-08-21T13:15:21+00:00,1,2026-08-21T17:30:00Z,player-ensemble-1.0,player-sim-2.0,player-sim-3.0-candidate,recommended_for_live_promotion,0.2,0.5,0.4,1.0,fpl-2026-27,1.04,196,551262,Markelo,7,Coventry City,Forward,5.0,0.0,0.0,0.0,0.0,0.0,0.0,0.0,0.0,0.0,0,0,0,0.0,0,0,0,0.0,0.0
2026-08-21T13:15:21+00:00,1,2026-08-21T17:30:00Z,player-ensemble-1.0,player-sim-2.0,player-sim-3.0-candidate,recommended_for_live_promotion,0.2,0.5,0.4,1.0,fpl-2026-27,1.04,197,549653,Bassette,7,Coventry City,Forward,4.5,0.0,0.0,0.0,0.0,0.0,0.0,0.0,0.0,0.0,0,0,0,0.0,0,0,0,0.0,0.0
2026-08-21T13:15:21+00:00,1,2026-08-21T17:30:00Z,player-ensemble-1.0,player-sim-2.0,player-sim-3.0-candidate,recommended_for_live_promotion,0.2,0.5,0.4,1.0,fpl-2026-27,1.04,492,210156,Awoniyi,7,Coventry City,Forward,5.5,0.476,0.0,0.476,8.41,0.0,0.0,1.4000000000000001,0.0866,0.46,0,0,1,0.542,0,0,1.0,0.0083,0.005
2026-08-21T13:15:21+00:00,1,2026-08-21T17:30:00Z,player-ensemble-1.0,player-sim-2.0,player-sim-3.0-candidate,recommended_for_live_promotion,0.2,0.5,0.4,1.0,fpl-2026-27,1.05,575,661888,Yirenkyi,7,Coventry City,Midfielder,5.0,1.011,0.0,1.011,27.02,0.0,0.6000000000000001,2.6000000000000005,0.2021,0.982,0,0,3,1.127,0,0,3.0,0.005,0.0017
2026-08-21T13:15:21+00:00,1,2026-08-21T17:30:00Z,player-ensemble-1.0,player-sim-2.0,player-sim-3.0-candidate,recommended_for_live_promotion,0.2,0.5,0.4,1.0,fpl-2026-27,1.05,584,196100,Hamer,7,Coventry City,Midfielder,5.5,2.56,0.0,2.56,77.03,1.2000000000000002,2.0,4.800000000000001,0.4655,2.61,1,2,5,2.362,1.0,2.0,4.0,0.0067,0.0
2026-08-21T13:15:21+00:00,1,2026-08-21T17:30:00Z,player-ensemble-1.0,player-sim-2.0,player-sim-3.0-candidate,recommended_for_live_promotion,0.2,0.5,0.4,1.0,fpl-2026-27,1.04,599,627221,Cherif,7,Coventry City,Forward,5.0,0.911,0.0,0.911,21.02,0.0,0.4,2.4000000000000004,0.1823,0.923,0,0,3,0.863,0,0,2.0,0.0067,0.0
2026-08-21T13:15:21+00:00,1,2026-08-21T17:30:00Z,player-ensemble-1.0,player-sim-2.0,player-sim-3.0-candidate,recommended_for_live_promotion,0.2,0.5,0.4,1.0,fpl-2026-27,1.05,42,485337,Guessand,8,Crystal Palace,Midfielder,5.5,1.049,0.0,1.049,26.48,0.0,0.4,2.6000000000000005,0.1907,1.077,0,0,3,0.937,0,0,3.0,0.0017,0.0
2026-08-21T13:15:21+00:00,1,2026-08-21T17:30:00Z,player-ensemble-1.0,player-sim-2.0,player-sim-3.0-candidate,recommended_for_live_promotion,0.2,0.5,0.4,1.0,fpl-2026-27,1.08,198,172649,Henderson,8,Crystal Palace,Goalkeeper,5.0,2.561,0.0,2.561,63.59,0.2,2.0,6.000000000000001,0.5121,2.567,0,2,7,2.537,0,2.0,7.0,0.005,0.0
2026-08-21T13:15:21+00:00,1,2026-08-21T17:30:00Z,player-ensemble-1.0,player-sim-2.0,player-sim-3.0-candidate,recommended_for_live_promotion,0.2,0.5,0.4,1.0,fpl-2026-27,1.08,199,121709,Benitez,8,Crystal Palace,Goalkeeper,4.5,0.078,0.0,0.078,1.94,0.0,0.0,0.0,0.0173,0.072,0,0,0,0.102,0,0,0,0.0,0.0
2026-08-21T13:15:21+00:00,1,2026-08-21T17:30:00Z,player-ensemble-1.0,player-sim-2.0,player-sim-3.0-candidate,recommended_for_live_promotion,0.2,0.5,0.4,1.0,fpl-2026-27,1.0,201,247348,Muñoz,8,Crystal Palace,Defender,5.5,3.239,0.0,3.239,61.86,1.0,2.2,6.6000000000000005,0.589,3.283,1,2,7,3.063,1.0,2.0,7.0,0.0267,0.0
2026-08-21T13:15:21+00:00,1,2026-08-21T17:30:00Z,player-ensemble-1.0,player-sim-2.0,player-sim-3.0-candidate,recommended_for_live_promotion,0.2,0.5,0.4,1.0,fpl-2026-27,1.0,202,427623,Richards,8,Crystal Palace,Defender,5.0,3.565,0.0,3.565,74.68,1.0,3.0000000000000004,6.800000000000001,0.7131,3.563,1,3,8,3.573,1.0,3.0,8.0,0.04,0.005
2026-08-21T13:15:21+00:00,1,2026-08-21T17:30:00Z,player-ensemble-1.0,player-sim-2.0,player-sim-3.0-candidate,recommended_for_live_promotion,0.2,0.5,0.4,1.0,fpl-2026-27,1.0,203,651426,Canvot,8,Crystal Palace,Defender,5.0,1.915,0.0,1.915,32.91,0.0,1.0,5.6000000000000005,0.383,1.915,0,1,6,1.915,0,1.0,6.0,0.0183,0.0033
2026-08-21T13:15:21+00:00,1,2026-08-21T17:30:00Z,player-ensemble-1.0,player-sim-2.0,player-sim-3.0-candidate,recommended_for_live_promotion,0.2,0.5,0.4,1.0,fpl-2026-27,1.0,204,244723,Mitchell,8,Crystal Palace,Defender,4.5,3.566,0.0,3.566,84.96,1.2000000000000002,2.8000000000000003,6.6000000000000005,0.7924,3.595,1,2,7,3.45,1.0,2.0,7.0,0.0233,0.0033
2026-08-21T13:15:21+00:00,1,2026-08-21T17:30:00Z,player-ensemble-1.0,player-sim-2.0,player-sim-3.0-candidate,recommended_for_live_promotion,0.2,0.5,0.4,1.0,fpl-2026-27,1.0,205,218364,Sosa,8,Crystal Palace,Defender,4.5,0.04,0.0,0.04,0.73,0.0,0.0,0.0,0.0089,0.038,0,0,0,0.047,0,0,0,0.0,0.0
2026-08-21T13:15:21+00:00,1,2026-08-21T17:30:00Z,player-ensemble-1.0,player-sim-2.0,player-sim-3.0-candidate,recommended_for_live_promotion,0.2,0.5,0.4,1.0,fpl-2026-27,1.0,206,515621,Chadi Riad,8,Crystal Palace,Defender,4.5,0.738,0.0,0.738,18.07,0.0,0.0,2.4000000000000004,0.1639,0.758,0,0,2,0.655,0,0,2.0,0.0033,0.0
2026-08-21T13:15:21+00:00,1,2026-08-21T17:30:00Z,player-ensemble-1.0,player-sim-2.0,player-sim-3.0-candidate,recommended_for_live_promotion,0.2,0.5,0.4,1.0,fpl-2026-27,1.0,207,242313,Mingueza,8,Crystal Palace,Defender,4.5,1.355,0.0,1.355,30.57,0.0,0.4,4.800000000000001,0.3011,1.423,0,0,6,1.082,0.0,0,4.0,0.0017,0.0
2026-08-21T13:15:21+00:00,1,2026-08-21T17:30:00Z,player-ensemble-1.0,player-sim-2.0,player-sim-3.0-candidate,recommended_for_live_promotion,0.2,0.5,0.4,1.0,fpl-2026-27,1.05,208,232185,Sarr,8,Crystal Palace,Midfielder,6.5,3.187,0.0,3.187,56.35,1.0,2.4000000000000004,6.6000000000000005,0.4903,3.148,1,2,7,3.34,1.0,2.0,8.0,0.0517,0.0083
2026-08-21T13:15:21+00:00,1,2026-08-21T17:30:00Z,player-ensemble-1.0,player-sim-2.0,player-sim-3.0-candidate,recommended_for_live_promotion,0.2,0.5,0.4,1.0,fpl-2026-27,1.05,210,496221,Wharton,8,Crystal Palace,Midfielder,5.5,2.996,0.0,2.996,66.48,1.2000000000000002,2.6,5.4,0.5447,3.0,1,2,6,2.98,1.0,2.0,6.0,0.02,0.0
2026-08-21T13:15:21+00:00,1,2026-08-21T17:30:00Z,player-ensemble-1.0,player-sim-2.0,player-sim-3.0-candidate,recommended_for_live_promotion,0.2,0.5,0.4,1.0,fpl-2026-27,1.05,211,488024,Yeremy,8,Crystal Palace,Midfielder,5.5,2.758,0.0,2.758,55.59,1.0,2.2,5.800000000000001,0.5014,2.773,0,2,6,2.695,1.0,2.0,6.0,0.0217,0.0033
2026-08-21T13:15:21+00:00,1,2026-08-21T17:30:00Z,player-ensemble-1.0,player-sim-2.0,player-sim-3.0-candidate,recommended_for_live_promotion,0.2,0.5,0.4,1.0,fpl-2026-27,1.05,212,108413,Hughes,8,Crystal Palace,Midfielder,4.5,1.537,0.0,1.537,41.41,0.0,1.4000000000000001,3.2,0.3416,1.527,0,1,3,1.578,0,1.0,3.0,0.0067,0.0
2026-08-21T13:15:21+00:00,1,2026-08-21T17:30:00Z,player-ensemble-1.0,player-sim-2.0,player-sim-3.0-candidate,recommended_for_live_promotion,0.2,0.5,0.4,1.0,fpl-2026-27,1.05,213,152551,Lerma,8,Crystal Palace,Midfielder,5.0,1.788,0.0,1.788,44.88,0.2,1.4000000000000001,4.0,0.3577,1.783,0,1,4,1.808,0,1.0,4.0,0.005,0.0
2026-08-21T13:15:21+00:00,1,2026-08-21T17:30:00Z,player-ensemble-1.0,player-sim-2.0,player-sim-3.0-candidate,recommended_for_live_promotion,0.2,0.5,0.4,1.0,fpl-2026-27,1.05,214,209400,Kamada,8,Crystal Palace,Midfielder,5.0,2.126,0.0,2.126,50.21,0.4,1.8,4.2,0.4253,2.112,0,2,5,2.185,0,2.0,5.0,0.0067,0.0
2026-08-21T13:15:21+00:00,1,2026-08-21T17:30:00Z,player-ensemble-1.0,player-sim-2.0,player-sim-3.0-candidate,recommended_for_live_promotion,0.2,0.5,0.4,1.0,fpl-2026-27,1.05,215,489706,Devenny,8,Crystal Palace,Midfielder,5.0,0.805,0.0,0.805,17.36,0.0,0.2,2.4000000000000004,0.1609,0.82,0,0,2,0.743,0,0,2.0,0.0017,0.0
2026-08-21T13:15:21+00:00,1,2026-08-21T17:30:00Z,player-ensemble-1.0,player-sim-2.0,player-sim-3.0-candidate,recommended_for_live_promotion,0.2,0.5,0.4,1.0,fpl-2026-27,1.05,216,606921,Esse,8,Crystal Palace,Midfielder,5.0,0.029,0.0,0.029,0.38,0.0,0.0,0.0,0.0057,0.03,0,0,0,0.023,0,0,0,0.0,0.0
2026-08-21T13:15:21+00:00,1,2026-08-21T17:30:00Z,player-ensemble-1.0,player-sim-2.0,player-sim-3.0-candidate,recommended_for_live_promotion,0.2,0.5,0.4,1.0,fpl-2026-27,1.05,217,536694,M.França,8,Crystal Palace,Midfielder,5.0,1.072,0.0,1.072,28.98,0.0,0.6000000000000001,2.6000000000000005,0.2144,1.068,0,0,3,1.087,0,0,3.0,0.0017,0.0
2026-08-21T13:15:21+00:00,1,2026-08-21T17:30:00Z,player-ensemble-1.0,player-sim-2.0,player-sim-3.0-candidate,recommended_for_live_promotion,0.2,0.5,0.4,1.0,fpl-2026-27,1.05,218,438464,Doucouré,8,Crystal Palace,Midfielder,5.0,1.163,0.0,1.163,30.2,0.0,0.8,2.6000000000000005,0.2326,1.212,0,0,3,0.968,0,0,3.0,0.0,0.0
2026-08-21T13:15:21+00:00,1,2026-08-21T17:30:00Z,player-ensemble-1.0,player-sim-2.0,player-sim-3.0-candidate,recommended_for_live_promotion,0.2,0.5,0.4,1.0,fpl-2026-27,1.05,219,450542,J.Rak-Sakyi,8,Crystal Palace,Midfielder,5.0,1.096,0.0,1.096,28.52,0.0,0.6000000000000001,2.6000000000000005,0.2192,1.13,0,0,3,0.96,0,0,3.0,0.0017,0.0
2026-08-21T13:15:21+00:00,1,2026-08-21T17:30:00Z,player-ensemble-1.0,player-sim-2.0,player-sim-3.0-candidate,recommended_for_live_promotion,0.2,0.5,0.4,1.0,fpl-2026-27,1.0,220,590014,Cardines,8,Crystal Palace,Defender,4.5,0.0,0.0,0.0,0.0,0.0,0.0,0.0,0.0,0.0,0,0,0,0.0,0,0,0,0.0,0.0
2026-08-21T13:15:21+00:00,1,2026-08-21T17:30:00Z,player-ensemble-1.0,player-sim-2.0,player-sim-3.0-candidate,recommended_for_live_promotion,0.2,0.5,0.4,1.0,fpl-2026-27,1.05,221,672492,Drakes-Thomas,8,Crystal Palace,Midfielder,4.5,0.01,0.0,0.01,0.13,0.0,0.0,0.0,0.0023,0.01,0,0,0,0.012,0,0,0,0.0,0.0
2026-08-21T13:15:21+00:00,1,2026-08-21T17:30:00Z,player-ensemble-1.0,player-sim-2.0,player-sim-3.0-candidate,recommended_for_live_promotion,0.2,0.5,0.4,1.0,fpl-2026-27,1.04,222,247412,Strand Larsen,8,Crystal Palace,Forward,6.0,2.245,0.0,2.245,58.11,1.0,2.0,4.6,0.3741,2.198,1,2,5,2.43,1.0,2.0,6.0,0.015,0.0017
2026-08-21T13:15:21+00:00,1,2026-08-21T17:30:00Z,player-ensemble-1.0,player-sim-2.0,player-sim-3.0-candidate,recommended_for_live_promotion,0.2,0.5,0.4,1.0,fpl-2026-27,1.04,223,231747,Mateta,8,Crystal Palace,Forward,6.5,3.235,0.0,3.235,59.17,1.0,2.6,6.200000000000001,0.4977,3.233,1,2,7,3.242,1.0,2.0,7.0,0.0583,0.015
2026-08-21T13:15:21+00:00,1,2026-08-21T17:30:00Z,player-ensemble-1.0,player-sim-2.0,player-sim-3.0-candidate,recommended_for_live_promotion,0.2,0.5,0.4,1.0,fpl-2026-27,1.04,224,205533,Nketiah,8,Crystal Palace,Forward,5.5,0.403,0.0,0.403,8.08,0.0,0.0,1.4000000000000001,0.0732,0.397,0,0,1,0.427,0,0,1.0,0.0083,0.0017
2026-08-21T13:15:21+00:00,1,2026-08-21T17:30:00Z,player-ensemble-1.0,player-sim-2.0,player-sim-3.0-candidate,recommended_for_live_promotion,0.2,0.5,0.4,1.0,fpl-2026-27,1.04,225,660392,Uche,8,Crystal Palace,Forward,5.0,0.0,0.0,0.0,0.0,0.0,0.0,0.0,0.0,0.0,0,0,0,0.0,0,0,0,0.0,0.0
2026-08-21T13:15:21+00:00,1,2026-08-21T17:30:00Z,player-ensemble-1.0,player-sim-2.0,player-sim-3.0-candidate,recommended_for_live_promotion,0.2,0.5,0.4,1.0,fpl-2026-27,1.05,241,433154,McNeil,8,Crystal Palace,Midfielder,5.5,1.238,0.0,1.238,29.27,0.0,0.8,2.8000000000000003,0.2251,1.238,0,0,3,1.238,0,0,3.0,0.005,0.0
2026-08-21T13:15:21+00:00,1,2026-08-21T17:30:00Z,player-ensemble-1.0,player-sim-2.0,player-sim-3.0-candidate,recommended_for_live_promotion,0.2,0.5,0.4,1.0,fpl-2026-27,1.08,555,169593,Matthews,8,Crystal Palace,Goalkeeper,4.0,0.834,0.0,0.834,20.39,0.0,0.0,2.4000000000000004,0.2084,0.837,0,0,3,0.822,0,0,3.0,0.0,0.0
2026-08-21T13:15:21+00:00,1,2026-08-21T17:30:00Z,player-ensemble-1.0,player-sim-2.0,player-sim-3.0-candidate,recommended_for_live_promotion,0.2,0.5,0.4,1.0,fpl-2026-27,1.0,577,223723,Tomiyasu,8,Crystal Palace,Defender,4.5,0.006,0.0,0.006,0.1,0.0,0.0,0.0,0.0013,0.007,0,0,0,0.003,0,0,0,0.0,0.0
2026-08-21T13:15:21+00:00,1,2026-08-21T17:30:00Z,player-ensemble-1.0,player-sim-2.0,player-sim-3.0-candidate,recommended_for_live_promotion,0.2,0.5,0.4,1.0,fpl-2026-27,1.0,588,570794,Khalaili,8,Crystal Palace,Defender,5.0,1.303,0.0,1.303,30.61,0.0,0.6000000000000001,4.0,0.2605,1.307,0,0,4,1.287,0,0,6.0,0.0017,0.0
2026-08-21T13:15:21+00:00,1,2026-08-21T17:30:00Z,player-ensemble-1.0,player-sim-2.0,player-sim-3.0-candidate,recommended_for_live_promotion,0.2,0.5,0.4,1.0,fpl-2026-27,1.05,595,559152,Gozo,8,Crystal Palace,Midfielder,5.0,1.103,0.0,1.103,30.4,0.0,0.6000000000000001,2.8000000000000003,0.2206,1.112,0,0,3,1.068,0,0,3.0,0.0033,0.0
2026-08-21T13:15:21+00:00,1,2026-08-21T17:30:00Z,player-ensemble-1.0,player-sim-2.0,player-sim-3.0-candidate,recommended_for_live_promotion,0.2,0.5,0.4,1.0,fpl-2026-27,1.05,21,128295,Nørgaard,9,Everton,Midfielder,5.0,0.0,0.0,0.0,0.0,0.0,0.0,0.0,0.0,0.0,0,0,0,0.0,0,0,0,0.0,0.0
2026-08-21T13:15:21+00:00,1,2026-08-21T17:30:00Z,player-ensemble-1.0,player-sim-2.0,player-sim-3.0-candidate,recommended_for_live_promotion,0.2,0.5,0.4,1.0,fpl-2026-27,1.05,209,242898,Johnson,9,Everton,Midfielder,6.0,1.737,0.0,1.737,43.4,0.2,1.4000000000000001,3.6000000000000005,0.2895,1.758,0,1,4,1.652,0,1.0,3.0,0.0067,0.0017
2026-08-21T13:15:21+00:00,1,2026-08-21T17:30:00Z,player-ensemble-1.0,player-sim-2.0,player-sim-3.0-candidate,recommended_for_live_promotion,0.2,0.5,0.4,1.0,fpl-2026-27,1.08,226,111234,Pickford,9,Everton,Goalkeeper,5.5,3.866,0.0,3.866,88.77,1.8,3.2,6.800000000000001,0.7029,3.868,1,3,7,3.857,1.0,3.0,7.0,0.01,0.0
2026-08-21T13:15:21+00:00,1,2026-08-21T17:30:00Z,player-ensemble-1.0,player-sim-2.0,player-sim-3.0-candidate,recommended_for_live_promotion,0.2,0.5,0.4,1.0,fpl-2026-27,1.08,227,229600,Travers,9,Everton,Goalkeeper,5.0,1.108,0.0,1.108,24.07,0.0,0.0,4.0,0.2215,1.128,0,0,5,1.025,0,0,4.0,0.0017,0.0
2026-08-21T13:15:21+00:00,1,2026-08-21T17:30:00Z,player-ensemble-1.0,player-sim-2.0,player-sim-3.0-candidate,recommended_for_live_promotion,0.2,0.5,0.4,1.0,fpl-2026-27,1.08,228,138001,King,9,Everton,Goalkeeper,4.5,1.043,0.0,1.043,21.73,0.0,0.0,4.0,0.2317,1.05,0,0,4,1.013,0,0,3.0,0.0,0.0
2026-08-21T13:15:21+00:00,1,2026-08-21T17:30:00Z,player-ensemble-1.0,player-sim-2.0,player-sim-3.0-candidate,recommended_for_live_promotion,0.2,0.5,0.4,1.0,fpl-2026-27,1.0,229,17761,Tarkowski,9,Everton,Defender,6.0,4.642,0.0,4.642,86.55,1.6,4.4,7.6000000000000005,0.7737,4.7,1,4,8,4.41,1.0,4.0,8.0,0.0433,0.0017
2026-08-21T13:15:21+00:00,1,2026-08-21T17:30:00Z,player-ensemble-1.0,player-sim-2.0,player-sim-3.0-candidate,recommended_for_live_promotion,0.2,0.5,0.4,1.0,fpl-2026-27,1.0,230,480455,Branthwaite,9,Everton,Defender,5.5,0.837,0.0,0.837,18.84,0.0,0.2,3.2,0.1521,0.848,0,0,3,0.79,0,0,2.0,0.0033,0.0
2026-08-21T13:15:21+00:00,1,2026-08-21T17:30:00Z,player-ensemble-1.0,player-sim-2.0,player-sim-3.0-candidate,recommended_for_live_promotion,0.2,0.5,0.4,1.0,fpl-2026-27,1.0,231,106611,Keane,9,Everton,Defender,5.0,3.667,0.0,3.667,68.37,1.0,3.2,7.0,0.7335,3.685,1,3,8,3.597,1.0,3.0,8.0,0.0317,0.0033
2026-08-21T13:15:21+00:00,1,2026-08-21T17:30:00Z,player-ensemble-1.0,player-sim-2.0,player-sim-3.0-candidate,recommended_for_live_promotion,0.2,0.5,0.4,1.0,fpl-2026-27,1.0,232,512462,O'Brien,9,Everton,Defender,5.0,3.223,0.0,3.223,81.74,1.0,2.8000000000000003,6.000000000000001,0.6445,3.213,1,2,6,3.26,1.0,2.0,7.0,0.0167,0.0
2026-08-21T13:15:21+00:00,1,2026-08-21T17:30:00Z,player-ensemble-1.0,player-sim-2.0,player-sim-3.0-candidate,recommended_for_live_promotion,0.2,0.5,0.4,1.0,fpl-2026-27,1.0,233,224967,Mykolenko,9,Everton,Defender,4.5,3.013,0.0,3.013,75.98,1.0,2.4000000000000004,6.000000000000001,0.6695,2.963,1,2,6,3.21,1.0,2.0,6.0,0.0133,0.0
2026-08-21T13:15:21+00:00,1,2026-08-21T17:30:00Z,player-ensemble-1.0,player-sim-2.0,player-sim-3.0-candidate,recommended_for_live_promotion,0.2,0.5,0.4,1.0,fpl-2026-27,1.0,234,243571,Patterson,9,Everton,Defender,4.5,0.37,0.0,0.37,7.57,0.0,0.0,1.2000000000000002,0.0822,0.378,0,0,1,0.337,0,0,0,0.0,0.0
2026-08-21T13:15:21+00:00,1,2026-08-21T17:30:00Z,player-ensemble-1.0,player-sim-2.0,player-sim-3.0-candidate,recommended_for_live_promotion,0.2,0.5,0.4,1.0,fpl-2026-27,1.0,235,499300,Aznou,9,Everton,Defender,4.0,1.276,0.0,1.276,30.22,0.0,0.4,4.800000000000001,0.3189,1.302,0,0,5,1.172,0,0,4.0,0.0067,0.0
2026-08-21T13:15:21+00:00,1,2026-08-21T17:30:00Z,player-ensemble-1.0,player-sim-2.0,player-sim-3.0-candidate,recommended_for_live_promotion,0.2,0.5,0.4,1.0,fpl-2026-27,1.05,236,215413,Dewsbury-Hall,9,Everton,Midfielder,6.5,3.484,0.0,3.484,71.45,1.4000000000000001,2.8000000000000003,6.800000000000001,0.536,3.542,1,3,7,3.252,1.0,3.0,7.0,0.0283,0.01
2026-08-21T13:15:21+00:00,1,2026-08-21T17:30:00Z,player-ensemble-1.0,player-sim-2.0,player-sim-3.0-candidate,recommended_for_live_promotion,0.2,0.5,0.4,1.0,fpl-2026-27,1.05,237,440993,Ndiaye,9,Everton,Midfielder,6.0,3.326,0.0,3.326,70.51,1.2000000000000002,2.8000000000000003,6.200000000000001,0.5543,3.265,1,2,7,3.57,1.0,3.0,7.0,0.04,0.0067
2026-08-21T13:15:21+00:00,1,2026-08-21T17:30:00Z,player-ensemble-1.0,player-sim-2.0,player-sim-3.0-candidate,recommended_for_live_promotion,0.2,0.5,0.4,1.0,fpl-2026-27,1.05,239,232928,Garner,9,Everton,Midfielder,6.0,0.0,0.0,0.0,0.0,0.0,0.0,0.0,0.0,0.0,0,0,0,0.0,0,0,0,0.0,0.0
2026-08-21T13:15:21+00:00,1,2026-08-21T17:30:00Z,player-ensemble-1.0,player-sim-2.0,player-sim-3.0-candidate,recommended_for_live_promotion,0.2,0.5,0.4,1.0,fpl-2026-27,1.05,240,490094,Iroegbunam,9,Everton,Midfielder,5.0,0.0,0.0,0.0,0.0,0.0,0.0,0.0,0.0,0.0,0,0,0,0.0,0,0,0,0.0,0.0
2026-08-21T13:15:21+00:00,1,2026-08-21T17:30:00Z,player-ensemble-1.0,player-sim-2.0,player-sim-3.0-candidate,recommended_for_live_promotion,0.2,0.5,0.4,1.0,fpl-2026-27,1.05,242,550615,George,9,Everton,Midfielder,5.5,0.215,0.0,0.215,4.8,0.0,0.0,0.8,0.0391,0.215,0,0,1,0.215,0,0,1.0,0.0,0.0
2026-08-21T13:15:21+00:00,1,2026-08-21T17:30:00Z,player-ensemble-1.0,player-sim-2.0,player-sim-3.0-candidate,recommended_for_live_promotion,0.2,0.5,0.4,1.0,fpl-2026-27,1.05,243,502697,Alcaraz,9,Everton,Midfielder,5.0,0.65,0.0,0.65,16.0,0.0,0.0,1.6,0.1301,0.658,0,0,2,0.618,0,0,2.0,0.005,0.0
2026-08-21T13:15:21+00:00,1,2026-08-21T17:30:00Z,player-ensemble-1.0,player-sim-2.0,player-sim-3.0-candidate,recommended_for_live_promotion,0.2,0.5,0.4,1.0,fpl-2026-27,1.05,244,609873,Armstrong,9,Everton,Midfielder,5.0,0.474,0.0,0.474,12.84,0.0,0.0,1.6,0.0949,0.458,0,0,2,0.538,0,0,2.0,0.0017,0.0017
2026-08-21T13:15:21+00:00,1,2026-08-21T17:30:00Z,player-ensemble-1.0,player-sim-2.0,player-sim-3.0-candidate,recommended_for_live_promotion,0.2,0.5,0.4,1.0,fpl-2026-27,1.05,245,496661,Dibling,9,Everton,Midfielder,5.5,0.358,0.0,0.358,9.29,0.0,0.0,1.4000000000000001,0.0651,0.363,0,0,1,0.337,0,0,1.0,0.0,0.0
2026-08-21T13:15:21+00:00,1,2026-08-21T17:30:00Z,player-ensemble-1.0,player-sim-2.0,player-sim-3.0-candidate,recommended_for_live_promotion,0.2,0.5,0.4,1.0,fpl-2026-27,1.05,246,513466,Röhl,9,Everton,Midfielder,5.0,0.623,0.0,0.623,15.38,0.0,0.0,1.6,0.1245,0.615,0,0,2,0.653,0,0,2.0,0.0017,0.0
2026-08-21T13:15:21+00:00,1,2026-08-21T17:30:00Z,player-ensemble-1.0,player-sim-2.0,player-sim-3.0-candidate,recommended_for_live_promotion,0.2,0.5,0.4,1.0,fpl-2026-27,1.05,247,244860,Hackney,9,Everton,Midfielder,5.5,1.114,0.0,1.114,29.44,0.0,0.6000000000000001,3.0,0.2026,1.152,0,0,3,0.965,0.0,0,3.0,0.0,0.0
2026-08-21T13:15:21+00:00,1,2026-08-21T17:30:00Z,player-ensemble-1.0,player-sim-2.0,player-sim-3.0-candidate,recommended_for_live_promotion,0.2,0.5,0.4,1.0,fpl-2026-27,1.04,248,486385,Beto,9,Everton,Forward,5.5,2.289,0.0,2.289,44.26,0.0,1.8,5.200000000000001,0.4161,2.32,0,2,6,2.163,0,1.0,6.0,0.0333,0.005
2026-08-21T13:15:21+00:00,1,2026-08-21T17:30:00Z,player-ensemble-1.0,player-sim-2.0,player-sim-3.0-candidate,recommended_for_live_promotion,0.2,0.5,0.4,1.0,fpl-2026-27,1.04,249,586309,Barry,9,Everton,Forward,5.5,2.338,0.0,2.338,48.97,0.4,1.8,5.200000000000001,0.4251,2.312,0,2,6,2.443,0,2.0,6.0,0.0217,0.005
2026-08-21T13:15:21+00:00,1,2026-08-21T17:30:00Z,player-ensemble-1.0,player-sim-2.0,player-sim-3.0-candidate,recommended_for_live_promotion,0.2,0.5,0.4,1.0,fpl-2026-27,1.08,250,80201,Leno,10,Fulham,Goalkeeper,4.5,3.227,0.0,3.227,88.8,1.2000000000000002,2.8000000000000003,6.000000000000001,0.7171,3.275,1,3,7,3.035,1.0,2.0,7.0,0.0,0.0
2026-08-21T13:15:21+00:00,1,2026-08-21T17:30:00Z,player-ensemble-1.0,player-sim-2.0,player-sim-3.0-candidate,recommended_for_live_promotion,0.2,0.5,0.4,1.0,fpl-2026-27,1.08,251,86873,Lecomte,10,Fulham,Goalkeeper,4.0,0.793,0.0,0.793,20.66,0.0,0.0,2.4000000000000004,0.1983,0.775,0,0,3,0.867,0,0,3.0,0.0,0.0
2026-08-21T13:15:21+00:00,1,2026-08-21T17:30:00Z,player-ensemble-1.0,player-sim-2.0,player-sim-3.0-candidate,recommended_for_live_promotion,0.2,0.5,0.4,1.0,fpl-2026-27,1.08,252,505079,McNally,10,Fulham,Goalkeeper,4.0,0.825,0.0,0.825,20.15,0.0,0.0,2.4000000000000004,0.2063,0.817,0,0,3,0.86,0,0,3.0,0.0,0.0
2026-08-21T13:15:21+00:00,1,2026-08-21T17:30:00Z,player-ensemble-1.0,player-sim-2.0,player-sim-3.0-candidate,recommended_for_live_promotion,0.2,0.5,0.4,1.0,fpl-2026-27,1.0,253,174874,Andersen,10,Fulham,Defender,5.0,0.0,0.0,0.0,0.0,0.0,0.0,0.0,0.0,0.0,0,0,0,0.0,0,0,0,0.0,0.0
2026-08-21T13:15:21+00:00,1,2026-08-21T17:30:00Z,player-ensemble-1.0,player-sim-2.0,player-sim-3.0-candidate,recommended_for_live_promotion,0.2,0.5,0.4,1.0,fpl-2026-27,1.0,254,169528,Robinson,10,Fulham,Defender,4.5,1.687,0.0,1.687,39.13,0.0,1.0,4.4,0.3748,1.632,0,1,5,1.907,0,1.0,6.0,0.0167,0.005
2026-08-21T13:15:21+00:00,1,2026-08-21T17:30:00Z,player-ensemble-1.0,player-sim-2.0,player-sim-3.0-candidate,recommended_for_live_promotion,0.2,0.5,0.4,1.0,fpl-2026-27,1.0,255,246301,J.Cuenca,10,Fulham,Defender,4.5,1.108,0.0,1.108,25.84,0.0,0.4,3.4000000000000004,0.2462,1.165,0,0,4,0.88,0,0,3.0,0.0,0.0
2026-08-21T13:15:21+00:00,1,2026-08-21T17:30:00Z,player-ensemble-1.0,player-sim-2.0,player-sim-3.0-candidate,recommended_for_live_promotion,0.2,0.5,0.4,1.0,fpl-2026-27,1.0,256,167074,Tete,10,Fulham,Defender,4.5,2.084,0.0,2.084,47.28,0.2,1.6,5.000000000000001,0.4632,2.097,0,1,6,2.035,0,1.0,6.0,0.0117,0.0017
2026-08-21T13:15:21+00:00,1,2026-08-21T17:30:00Z,player-ensemble-1.0,player-sim-2.0,player-sim-3.0-candidate,recommended_for_live_promotion,0.2,0.5,0.4,1.0,fpl-2026-27,1.0,257,232892,Bassey,10,Fulham,Defender,4.5,2.777,0.0,2.777,68.26,1.0,2.0,5.800000000000001,0.6171,2.793,1,2,6,2.712,1.0,2.0,7.0,0.0183,0.0
2026-08-21T13:15:21+00:00,1,2026-08-21T17:30:00Z,player-ensemble-1.0,player-sim-2.0,player-sim-3.0-candidate,recommended_for_live_promotion,0.2,0.5,0.4,1.0,fpl-2026-27,1.0,258,166477,Castagne,10,Fulham,Defender,4.5,2.172,0.0,2.172,49.82,0.2,1.6,5.000000000000001,0.4827,2.243,0,1,6,1.888,0,1.0,6.0,0.0017,0.0
2026-08-21T13:15:21+00:00,1,2026-08-21T17:30:00Z,player-ensemble-1.0,player-sim-2.0,player-sim-3.0-candidate,recommended_for_live_promotion,0.2,0.5,0.4,1.0,fpl-2026-27,1.05,261,153133,Iwobi,10,Fulham,Midfielder,5.5,2.78,0.0,2.78,65.95,1.2000000000000002,2.6,4.8,0.5055,2.815,1,2,5,2.642,1.0,2.0,5.0,0.01,0.0
2026-08-21T13:15:21+00:00,1,2026-08-21T17:30:00Z,player-ensemble-1.0,player-sim-2.0,player-sim-3.0-candidate,recommended_for_live_promotion,0.2,0.5,0.4,1.0,fpl-2026-27,1.05,262,209289,Smith Rowe,10,Fulham,Midfielder,5.5,2.125,0.0,2.125,49.09,0.4,1.8,5.000000000000001,0.3864,2.09,0,2,5,2.265,0,2.0,5.0,0.0083,0.0
2026-08-21T13:15:21+00:00,1,2026-08-21T17:30:00Z,player-ensemble-1.0,player-sim-2.0,player-sim-3.0-candidate,recommended_for_live_promotion,0.2,0.5,0.4,1.0,fpl-2026-27,1.05,263,560552,Kevin,10,Fulham,Midfielder,5.5,0.903,0.0,0.903,23.95,0.0,0.4,2.0,0.1642,0.897,0,0,2,0.93,0,0,2.0,0.0,0.0
2026-08-21T13:15:21+00:00,1,2026-08-21T17:30:00Z,player-ensemble-1.0,player-sim-2.0,player-sim-3.0-candidate,recommended_for_live_promotion,0.2,0.5,0.4,1.0,fpl-2026-27,1.05,264,477555,Bobb,10,Fulham,Midfielder,5.5,1.028,0.0,1.028,24.85,0.0,0.4,2.4000000000000004,0.1869,1.028,0,0,3,1.025,0,0,3.0,0.0017,0.0017
2026-08-21T13:15:21+00:00,1,2026-08-21T17:30:00Z,player-ensemble-1.0,player-sim-2.0,player-sim-3.0-candidate,recommended_for_live_promotion,0.2,0.5,0.4,1.0,fpl-2026-27,1.05,265,207189,Berge,10,Fulham,Midfielder,5.0,2.549,0.0,2.549,75.8,1.2000000000000002,2.2,4.0,0.5099,2.575,1,2,5,2.447,1.0,2.0,4.0,0.0,0.0
2026-08-21T13:15:21+00:00,1,2026-08-21T17:30:00Z,player-ensemble-1.0,player-sim-2.0,player-sim-3.0-candidate,recommended_for_live_promotion,0.2,0.5,0.4,1.0,fpl-2026-27,1.05,266,76357,Cairney,10,Fulham,Midfielder,5.0,0.0,0.0,0.0,0.0,0.0,0.0,0.0,0.0,0.0,0,0,0,0.0,0,0,0,0.0,0.0
2026-08-21T13:15:21+00:00,1,2026-08-21T17:30:00Z,player-ensemble-1.0,player-sim-2.0,player-sim-3.0-candidate,recommended_for_live_promotion,0.2,0.5,0.4,1.0,fpl-2026-27,1.05,268,577725,King,10,Fulham,Midfielder,5.5,1.338,0.0,1.338,33.23,0.0,0.8,3.0000000000000004,0.2433,1.313,0,1,3,1.437,0,1.0,3.0,0.0133,0.0017
2026-08-21T13:15:21+00:00,1,2026-08-21T17:30:00Z,player-ensemble-1.0,player-sim-2.0,player-sim-3.0-candidate,recommended_for_live_promotion,0.2,0.5,0.4,1.0,fpl-2026-27,1.0,269,184349,Sessegnon,10,Fulham,Defender,4.5,2.544,0.0,2.544,47.39,0.2,1.6,6.000000000000001,0.5653,2.568,0,1,7,2.447,0,1.0,7.0,0.025,0.0067
2026-08-21T13:15:21+00:00,1,2026-08-21T17:30:00Z,player-ensemble-1.0,player-sim-2.0,player-sim-3.0-candidate,recommended_for_live_promotion,0.2,0.5,0.4,1.0,fpl-2026-27,1.05,270,153366,Reed,10,Fulham,Midfielder,4.5,0.103,0.0,0.103,2.57,0.0,0.0,0.0,0.023,0.102,0,0,0,0.11,0,0,0,0.0,0.0
2026-08-21T13:15:21+00:00,1,2026-08-21T17:30:00Z,player-ensemble-1.0,player-sim-2.0,player-sim-3.0-candidate,recommended_for_live_promotion,0.2,0.5,0.4,1.0,fpl-2026-27,1.04,271,244042,Muniz,10,Fulham,Forward,5.5,0.964,0.0,0.964,25.98,0.0,0.4,2.4000000000000004,0.1753,0.935,0,0,3,1.08,0,0,3.0,0.0067,0.0017
2026-08-21T13:15:21+00:00,1,2026-08-21T17:30:00Z,player-ensemble-1.0,player-sim-2.0,player-sim-3.0-candidate,recommended_for_live_promotion,0.2,0.5,0.4,1.0,fpl-2026-27,1.04,272,631786,Kusi-Asare,10,Fulham,Forward,4.5,0.007,0.0,0.007,0.17,0.0,0.0,0.0,0.0015,0.005,0,0,0,0.013,0,0,0,0.0,0.0
2026-08-21T13:15:21+00:00,1,2026-08-21T17:30:00Z,player-ensemble-1.0,player-sim-2.0,player-sim-3.0-candidate,recommended_for_live_promotion,0.2,0.5,0.4,1.0,fpl-2026-27,1.04,569,551466,Gonzalo,10,Fulham,Forward,6.0,1.084,0.0,1.084,24.95,0.0,0.6000000000000001,2.8000000000000003,0.1806,1.098,0,0,3,1.025,0,0,3.0,0.0067,0.0
2026-08-21T13:15:21+00:00,1,2026-08-21T17:30:00Z,player-ensemble-1.0,player-sim-2.0,player-sim-3.0-candidate,recommended_for_live_promotion,0.2,0.5,0.4,1.0,fpl-2026-27,1.05,570,571779,Palacios,10,Fulham,Midfielder,5.5,1.121,0.0,1.121,28.32,0.0,0.4,2.8000000000000003,0.2038,1.137,0,0,3,1.058,0,0,3.0,0.0067,0.0
2026-08-21T13:15:21+00:00,1,2026-08-21T17:30:00Z,player-ensemble-1.0,player-sim-2.0,player-sim-3.0-candidate,recommended_for_live_promotion,0.2,0.5,0.4,1.0,fpl-2026-27,1.05,580,463210,Charles,10,Fulham,Midfielder,5.0,0.967,0.0,0.967,26.5,0.0,0.4,2.6000000000000005,0.1934,0.98,0,0,3,0.915,0,0,3.0,0.0033,0.0
2026-08-21T13:15:21+00:00,1,2026-08-21T17:30:00Z,player-ensemble-1.0,player-sim-2.0,player-sim-3.0-candidate,recommended_for_live_promotion,0.2,0.5,0.4,1.0,fpl-2026-27,1.08,273,167825,Phillips,11,Hull City,Goalkeeper,4.0,0.814,0.0,0.814,20.38,0.0,0.0,2.4000000000000004,0.2035,0.805,0,0,3,0.85,0,0,3.0,0.0,0.0
2026-08-21T13:15:21+00:00,1,2026-08-21T17:30:00Z,player-ensemble-1.0,player-sim-2.0,player-sim-3.0-candidate,recommended_for_live_promotion,0.2,0.5,0.4,1.0,fpl-2026-27,1.08,274,105666,Butland,11,Hull City,Goalkeeper,4.5,0.0,0.0,0.0,0.0,0.0,0.0,0.0,0.0,0.0,0,0,0,0.0,0,0,0,0.0,0.0
2026-08-21T13:15:21+00:00,1,2026-08-21T17:30:00Z,player-ensemble-1.0,player-sim-2.0,player-sim-3.0-candidate,recommended_for_live_promotion,0.2,0.5,0.4,1.0,fpl-2026-27,1.08,275,494950,Cartwright,11,Hull City,Goalkeeper,4.0,0.0,0.0,0.0,0.0,0.0,0.0,0.0,0.0,0.0,0,0,0,0.0,0,0,0,0.0,0.0
2026-08-21T13:15:21+00:00,1,2026-08-21T17:30:00Z,player-ensemble-1.0,player-sim-2.0,player-sim-3.0-candidate,recommended_for_live_promotion,0.2,0.5,0.4,1.0,fpl-2026-27,1.08,276,444307,Lo-Tutala,11,Hull City,Goalkeeper,4.0,0.0,0.0,0.0,0.0,0.0,0.0,0.0,0.0,0.0,0,0,0,0.0,0,0,0,0.0,0.0
2026-08-21T13:15:21+00:00,1,2026-08-21T17:30:00Z,player-ensemble-1.0,player-sim-2.0,player-sim-3.0-candidate,recommended_for_live_promotion,0.2,0.5,0.4,1.0,fpl-2026-27,1.0,277,108416,Egan,11,Hull City,Defender,4.0,0.577,0.0,0.577,14.68,0.0,0.0,1.6,0.1442,0.578,0,0,2,0.57,0,0,2.0,0.0017,0.0
2026-08-21T13:15:21+00:00,1,2026-08-21T17:30:00Z,player-ensemble-1.0,player-sim-2.0,player-sim-3.0-candidate,recommended_for_live_promotion,0.2,0.5,0.4,1.0,fpl-2026-27,1.0,278,501902,Hughes,11,Hull City,Defender,4.0,0.0,0.0,0.0,0.0,0.0,0.0,0.0,0.0,0.0,0,0,0,0.0,0,0,0,0.0,0.0
2026-08-21T13:15:21+00:00,1,2026-08-21T17:30:00Z,player-ensemble-1.0,player-sim-2.0,player-sim-3.0-candidate,recommended_for_live_promotion,0.2,0.5,0.4,1.0,fpl-2026-27,1.0,279,146426,Ajayi,11,Hull City,Defender,4.0,0.983,0.0,0.983,18.35,1.0,1.0,1.0,0.2458,0.995,1,1,1,0.937,1.0,1.0,1.0,0.0,0.0
2026-08-21T13:15:21+00:00,1,2026-08-21T17:30:00Z,player-ensemble-1.0,player-sim-2.0,player-sim-3.0-candidate,recommended_for_live_promotion,0.2,0.5,0.4,1.0,fpl-2026-27,1.0,280,193278,Coyle,11,Hull City,Defender,4.0,1.056,0.0,1.056,29.36,0.0,0.4,3.2,0.2641,1.063,0,0,4,1.028,0,0,4.0,0.0033,0.0
2026-08-21T13:15:21+00:00,1,2026-08-21T17:30:00Z,player-ensemble-1.0,player-sim-2.0,player-sim-3.0-candidate,recommended_for_live_promotion,0.2,0.5,0.4,1.0,fpl-2026-27,1.0,281,433590,Drameh,11,Hull City,Defender,4.0,0.084,0.0,0.084,1.84,0.0,0.0,0.0,0.0211,0.08,0,0,0,0.102,0,0,0,0.0,0.0
2026-08-21T13:15:21+00:00,1,2026-08-21T17:30:00Z,player-ensemble-1.0,player-sim-2.0,player-sim-3.0-candidate,recommended_for_live_promotion,0.2,0.5,0.4,1.0,fpl-2026-27,1.0,282,232351,Giles,11,Hull City,Defender,4.0,0.51,0.0,0.51,14.35,0.0,0.0,1.6,0.1274,0.527,0,0,2,0.442,0,0,1.0,0.0,0.0
2026-08-21T13:15:21+00:00,1,2026-08-21T17:30:00Z,player-ensemble-1.0,player-sim-2.0,player-sim-3.0-candidate,recommended_for_live_promotion,0.2,0.5,0.4,1.0,fpl-2026-27,1.0,283,449428,Jacob,11,Hull City,Defender,4.0,0.0,0.0,0.0,0.0,0.0,0.0,0.0,0.0,0.0,0,0,0,0.0,0,0,0,0.0,0.0
2026-08-21T13:15:21+00:00,1,2026-08-21T17:30:00Z,player-ensemble-1.0,player-sim-2.0,player-sim-3.0-candidate,recommended_for_live_promotion,0.2,0.5,0.4,1.0,fpl-2026-27,1.0,284,661800,McCarthy,11,Hull City,Defender,4.0,1.107,0.0,1.107,28.68,0.0,0.4,3.4000000000000004,0.2768,1.117,0,0,4,1.07,0,0,4.0,0.0067,0.0
2026-08-21T13:15:21+00:00,1,2026-08-21T17:30:00Z,player-ensemble-1.0,player-sim-2.0,player-sim-3.0-candidate,recommended_for_live_promotion,0.2,0.5,0.4,1.0,fpl-2026-27,1.0,285,160817,McNair,11,Hull City,Defender,4.0,0.133,0.0,0.133,2.4,0.0,0.0,0.8,0.0333,0.132,0,0,1,0.138,0,0,1.0,0.0,0.0
2026-08-21T13:15:21+00:00,1,2026-08-21T17:30:00Z,player-ensemble-1.0,player-sim-2.0,player-sim-3.0-candidate,recommended_for_live_promotion,0.2,0.5,0.4,1.0,fpl-2026-27,1.05,286,540324,Belloumi,11,Hull City,Midfielder,5.0,1.0,0.0,1.0,26.75,0.0,0.8,2.4000000000000004,0.2,0.99,0,0,3,1.04,0,0.0,3.0,0.005,0.0
2026-08-21T13:15:21+00:00,1,2026-08-21T17:30:00Z,player-ensemble-1.0,player-sim-2.0,player-sim-3.0-candidate,recommended_for_live_promotion,0.2,0.5,0.4,1.0,fpl-2026-27,1.05,287,232905,Millar,11,Hull City,Midfielder,5.0,1.045,0.0,1.045,27.25,0.0,0.6000000000000001,2.6,0.209,1.065,0,0,3,0.965,0,0,3.0,0.0017,0.0
2026-08-21T13:15:21+00:00,1,2026-08-21T17:30:00Z,player-ensemble-1.0,player-sim-2.0,player-sim-3.0-candidate,recommended_for_live_promotion,0.2,0.5,0.4,1.0,fpl-2026-27,1.05,288,171270,Dowell,11,Hull City,Midfielder,4.5,0.402,0.0,0.402,7.5,0.0,0.2,1.0,0.0893,0.41,0,0,1,0.37,0,0,1.0,0.0,0.0
2026-08-21T13:15:21+00:00,1,2026-08-21T17:30:00Z,player-ensemble-1.0,player-sim-2.0,player-sim-3.0-candidate,recommended_for_live_promotion,0.2,0.5,0.4,1.0,fpl-2026-27,1.05,289,101282,Crooks,11,Hull City,Midfielder,4.5,1.095,0.0,1.095,29.18,0.0,0.6000000000000001,2.8000000000000003,0.2433,1.112,0,0,3,1.027,0,0,3.0,0.005,0.0
2026-08-21T13:15:21+00:00,1,2026-08-21T17:30:00Z,player-ensemble-1.0,player-sim-2.0,player-sim-3.0-candidate,recommended_for_live_promotion,0.2,0.5,0.4,1.0,fpl-2026-27,1.05,290,243413,Slater,11,Hull City,Midfielder,4.5,1.115,0.0,1.115,31.27,0.0,0.8,2.8000000000000003,0.2478,1.092,0,0,3,1.208,0,0,3.0,0.0017,0.0
2026-08-21T13:15:21+00:00,1,2026-08-21T17:30:00Z,player-ensemble-1.0,player-sim-2.0,player-sim-3.0-candidate,recommended_for_live_promotion,0.2,0.5,0.4,1.0,fpl-2026-27,1.05,291,465525,Matazo,11,Hull City,Midfielder,4.5,0.0,0.0,0.0,0.0,0.0,0.0,0.0,0.0,0.0,0,0,0,0.0,0,0,0,0.0,0.0
2026-08-21T13:15:21+00:00,1,2026-08-21T17:30:00Z,player-ensemble-1.0,player-sim-2.0,player-sim-3.0-candidate,recommended_for_live_promotion,0.2,0.5,0.4,1.0,fpl-2026-27,1.05,292,208481,Ömür,11,Hull City,Midfielder,5.0,1.081,0.0,1.081,28.74,0.0,0.6000000000000001,2.8000000000000003,0.2163,1.1,0,0,3,1.007,0,0,3.0,0.0017,0.0
2026-08-21T13:15:21+00:00,1,2026-08-21T17:30:00Z,player-ensemble-1.0,player-sim-2.0,player-sim-3.0-candidate,recommended_for_live_promotion,0.2,0.5,0.4,1.0,fpl-2026-27,1.05,293,490161,Kamara,11,Hull City,Midfielder,5.0,0.0,0.0,0.0,0.0,0.0,0.0,0.0,0.0,0.0,0,0,0,0.0,0,0,0,0.0,0.0
2026-08-21T13:15:21+00:00,1,2026-08-21T17:30:00Z,player-ensemble-1.0,player-sim-2.0,player-sim-3.0-candidate,recommended_for_live_promotion,0.2,0.5,0.4,1.0,fpl-2026-27,1.05,294,553783,Zambrano,11,Hull City,Midfielder,4.5,0.0,0.0,0.0,0.0,0.0,0.0,0.0,0.0,0.0,0,0,0,0.0,0,0,0,0.0,0.0
2026-08-21T13:15:21+00:00,1,2026-08-21T17:30:00Z,player-ensemble-1.0,player-sim-2.0,player-sim-3.0-candidate,recommended_for_live_promotion,0.2,0.5,0.4,1.0,fpl-2026-27,1.04,295,169432,McBurnie,11,Hull City,Forward,5.5,1.706,0.0,1.706,35.07,0.0,1.0,4.800000000000001,0.3102,1.74,0,1,5,1.572,0,1.0,5.0,0.02,0.0
2026-08-21T13:15:21+00:00,1,2026-08-21T17:30:00Z,player-ensemble-1.0,player-sim-2.0,player-sim-3.0-candidate,recommended_for_live_promotion,0.2,0.5,0.4,1.0,fpl-2026-27,1.05,296,213292,Akintola,11,Hull City,Midfielder,5.0,1.089,0.0,1.089,28.68,0.0,0.8,2.4000000000000004,0.2179,1.088,0,0,3,1.093,0,0,3.0,0.0017,0.0
2026-08-21T13:15:21+00:00,1,2026-08-21T17:30:00Z,player-ensemble-1.0,player-sim-2.0,player-sim-3.0-candidate,recommended_for_live_promotion,0.2,0.5,0.4,1.0,fpl-2026-27,1.05,297,470294,Gyabi,11,Hull City,Midfielder,4.5,0.0,0.0,0.0,0.0,0.0,0.0,0.0,0.0,0.0,0,0,0,0.0,0,0,0,0.0,0.0
2026-08-21T13:15:21+00:00,1,2026-08-21T17:30:00Z,player-ensemble-1.0,player-sim-2.0,player-sim-3.0-candidate,recommended_for_live_promotion,0.2,0.5,0.4,1.0,fpl-2026-27,1.04,298,500957,Destan,11,Hull City,Forward,4.5,0.0,0.0,0.0,0.0,0.0,0.0,0.0,0.0,0.0,0,0,0,0.0,0,0,0,0.0,0.0
2026-08-21T13:15:21+00:00,1,2026-08-21T17:30:00Z,player-ensemble-1.0,player-sim-2.0,player-sim-3.0-candidate,recommended_for_live_promotion,0.2,0.5,0.4,1.0,fpl-2026-27,1.04,299,534392,Burstow,11,Hull City,Forward,4.5,0.0,0.0,0.0,0.0,0.0,0.0,0.0,0.0,0.0,0,0,0,0.0,0,0,0,0.0,0.0
2026-08-21T13:15:21+00:00,1,2026-08-21T17:30:00Z,player-ensemble-1.0,player-sim-2.0,player-sim-3.0-candidate,recommended_for_live_promotion,0.2,0.5,0.4,1.0,fpl-2026-27,1.05,340,462635,Gelhardt,11,Hull City,Midfielder,5.0,0.0,0.0,0.0,0.0,0.0,0.0,0.0,0.0,0.0,0,0,0,0.0,0,0,0,0.0,0.0
2026-08-21T13:15:21+00:00,1,2026-08-21T17:30:00Z,player-ensemble-1.0,player-sim-2.0,player-sim-3.0-candidate,recommended_for_live_promotion,0.2,0.5,0.4,1.0,fpl-2026-27,1.0,556,169359,Targett,11,Hull City,Defender,4.0,1.238,0.0,1.238,32.4,0.0,0.4,4.0,0.3095,1.278,0,0,4,1.077,0,0,4.0,0.0,0.0
2026-08-21T13:15:21+00:00,1,2026-08-21T17:30:00Z,player-ensemble-1.0,player-sim-2.0,player-sim-3.0-candidate,recommended_for_live_promotion,0.2,0.5,0.4,1.0,fpl-2026-27,1.05,563,445028,Morita,11,Hull City,Midfielder,5.0,0.598,0.0,0.598,15.52,0.0,0.0,2.4000000000000004,0.1195,0.627,0,0,2,0.482,0,0,2.0,0.0017,0.0
2026-08-21T13:15:21+00:00,1,2026-08-21T17:30:00Z,player-ensemble-1.0,player-sim-2.0,player-sim-3.0-candidate,recommended_for_live_promotion,0.2,0.5,0.4,1.0,fpl-2026-27,1.08,572,473284,Tzolakis,11,Hull City,Goalkeeper,4.5,0.886,0.0,0.886,20.89,0.0,0.0,3.2,0.1969,0.903,0,0,3,0.817,0,0,3.0,0.0,0.0
2026-08-21T13:15:21+00:00,1,2026-08-21T17:30:00Z,player-ensemble-1.0,player-sim-2.0,player-sim-3.0-candidate,recommended_for_live_promotion,0.2,0.5,0.4,1.0,fpl-2026-27,1.05,574,552946,Hjertø-Dahl,11,Hull City,Midfielder,5.0,0.935,0.0,0.935,24.08,0.0,0.4,2.4000000000000004,0.1869,0.892,0,0,3,1.107,0,0,3.0,0.0083,0.0
2026-08-21T13:15:21+00:00,1,2026-08-21T17:30:00Z,player-ensemble-1.0,player-sim-2.0,player-sim-3.0-candidate,recommended_for_live_promotion,0.2,0.5,0.4,1.0,fpl-2026-27,1.05,576,608227,Stroud,11,Hull City,Midfielder,5.0,1.03,0.0,1.03,26.88,0.0,0.6000000000000001,2.4000000000000004,0.2061,1.027,0,0,3,1.045,0,0,3.0,0.0033,0.0
2026-08-21T13:15:21+00:00,1,2026-08-21T17:30:00Z,player-ensemble-1.0,player-sim-2.0,player-sim-3.0-candidate,recommended_for_live_promotion,0.2,0.5,0.4,1.0,fpl-2026-27,1.0,585,597462,Herrington,11,Hull City,Defender,4.0,1.092,0.0,1.092,28.32,0.0,0.2,3.4000000000000004,0.273,1.12,0,0,4,0.98,0,0,3.0,0.0017,0.0
2026-08-21T13:15:21+00:00,1,2026-08-21T17:30:00Z,player-ensemble-1.0,player-sim-2.0,player-sim-3.0-candidate,recommended_for_live_promotion,0.2,0.5,0.4,1.0,fpl-2026-27,1.0,586,606930,Mendy,11,Hull City,Defender,4.0,1.187,0.0,1.187,31.12,0.0,0.4,3.8000000000000003,0.2967,1.195,0,0,4,1.153,0,0,4.0,0.005,0.0017
2026-08-21T13:15:21+00:00,1,2026-08-21T17:30:00Z,player-ensemble-1.0,player-sim-2.0,player-sim-3.0-candidate,recommended_for_live_promotion,0.2,0.5,0.4,1.0,fpl-2026-27,1.05,589,469266,Gourna-Douath,11,Hull City,Midfielder,5.0,1.112,0.0,1.112,30.48,0.0,0.8,2.6000000000000005,0.2224,1.148,0,0,3,0.967,0,0,3.0,0.0067,0.0
2026-08-21T13:15:21+00:00,1,2026-08-21T17:30:00Z,player-ensemble-1.0,player-sim-2.0,player-sim-3.0-candidate,recommended_for_live_promotion,0.2,0.5,0.4,1.0,fpl-2026-27,1.0,259,219924,Diop,12,Ipswich Town,Defender,4.0,1.228,0.0,1.228,22.97,0.0,0.4,4.2,0.307,1.253,0,0,5,1.127,0,0,5.0,0.01,0.0017
2026-08-21T13:15:21+00:00,1,2026-08-21T17:30:00Z,player-ensemble-1.0,player-sim-2.0,player-sim-3.0-candidate,recommended_for_live_promotion,0.2,0.5,0.4,1.0,fpl-2026-27,1.05,267,212314,Lukić,12,Ipswich Town,Midfielder,5.0,2.02,0.0,2.02,46.2,0.2,1.6,4.4,0.404,1.982,0,1,5,2.173,0,2.0,6.0,0.0167,0.0
2026-08-21T13:15:21+00:00,1,2026-08-21T17:30:00Z,player-ensemble-1.0,player-sim-2.0,player-sim-3.0-candidate,recommended_for_live_promotion,0.2,0.5,0.4,1.0,fpl-2026-27,1.08,300,108813,Walton,12,Ipswich Town,Goalkeeper,4.5,0.983,0.0,0.983,18.52,0.0,0.0,3.2,0.2184,0.988,0,0,3,0.96,0,0,3.0,0.0,0.0
2026-08-21T13:15:21+00:00,1,2026-08-21T17:30:00Z,player-ensemble-1.0,player-sim-2.0,player-sim-3.0-candidate,recommended_for_live_promotion,0.2,0.5,0.4,1.0,fpl-2026-27,1.08,301,112520,Palmer,12,Ipswich Town,Goalkeeper,4.0,1.715,0.0,1.715,29.31,0.0,0.8,5.6000000000000005,0.4287,1.713,0,0,7,1.72,0,1.0,7.0,0.0,0.0
2026-08-21T13:15:21+00:00,1,2026-08-21T17:30:00Z,player-ensemble-1.0,player-sim-2.0,player-sim-3.0-candidate,recommended_for_live_promotion,0.2,0.5,0.4,1.0,fpl-2026-27,1.08,302,50093,Button,12,Ipswich Town,Goalkeeper,4.0,0.047,0.0,0.047,0.79,0.0,0.0,0.0,0.0118,0.052,0,0,0,0.03,0,0,0,0.0,0.0
2026-08-21T13:15:21+00:00,1,2026-08-21T17:30:00Z,player-ensemble-1.0,player-sim-2.0,player-sim-3.0-candidate,recommended_for_live_promotion,0.2,0.5,0.4,1.0,fpl-2026-27,1.0,303,183015,Kipré,12,Ipswich Town,Defender,4.0,1.359,0.0,1.359,26.98,0.0,0.6000000000000001,4.800000000000001,0.3398,1.323,0,0,6,1.503,0,0,6.0,0.0083,0.0
2026-08-21T13:15:21+00:00,1,2026-08-21T17:30:00Z,player-ensemble-1.0,player-sim-2.0,player-sim-3.0-candidate,recommended_for_live_promotion,0.2,0.5,0.4,1.0,fpl-2026-27,1.0,304,216616,O'Shea,12,Ipswich Town,Defender,4.0,4.563,0.0,4.563,83.04,1.8,4.2,7.6000000000000005,1.1407,4.613,1,4,8,4.36,1.0,4.0,8.0,0.0317,0.0
2026-08-21T13:15:21+00:00,1,2026-08-21T17:30:00Z,player-ensemble-1.0,player-sim-2.0,player-sim-3.0-candidate,recommended_for_live_promotion,0.2,0.5,0.4,1.0,fpl-2026-27,1.0,305,455084,Davis,12,Ipswich Town,Defender,4.0,3.631,0.0,3.631,70.51,1.2000000000000002,2.8000000000000003,6.6000000000000005,0.9077,3.582,1,2,7,3.828,1.0,3.0,7.0,0.0333,0.005
2026-08-21T13:15:21+00:00,1,2026-08-21T17:30:00Z,player-ensemble-1.0,player-sim-2.0,player-sim-3.0-candidate,recommended_for_live_promotion,0.2,0.5,0.4,1.0,fpl-2026-27,1.0,306,449429,Greaves,12,Ipswich Town,Defender,4.0,3.219,0.0,3.219,58.59,1.0,2.4000000000000004,6.6000000000000005,0.8048,3.208,1,2,8,3.263,1.0,2.0,8.0,0.025,0.0
2026-08-21T13:15:21+00:00,1,2026-08-21T17:30:00Z,player-ensemble-1.0,player-sim-2.0,player-sim-3.0-candidate,recommended_for_live_promotion,0.2,0.5,0.4,1.0,fpl-2026-27,1.0,307,222018,Johnson,12,Ipswich Town,Defender,4.0,1.882,0.0,1.882,36.3,0.0,1.0,5.4,0.4705,1.912,0,1,6,1.763,0,1.0,6.0,0.0033,0.0
2026-08-21T13:15:21+00:00,1,2026-08-21T17:30:00Z,player-ensemble-1.0,player-sim-2.0,player-sim-3.0-candidate,recommended_for_live_promotion,0.2,0.5,0.4,1.0,fpl-2026-27,1.0,308,176420,Furlong,12,Ipswich Town,Defender,4.0,0.964,0.0,0.964,18.3,0.8,1.0,1.0,0.2411,0.965,1,1,1,0.962,1.0,1.0,1.0,0.0,0.0
2026-08-21T13:15:21+00:00,1,2026-08-21T17:30:00Z,player-ensemble-1.0,player-sim-2.0,player-sim-3.0-candidate,recommended_for_live_promotion,0.2,0.5,0.4,1.0,fpl-2026-27,1.05,309,501390,Núñez,12,Ipswich Town,Midfielder,5.0,1.115,0.0,1.115,28.13,0.0,0.6000000000000001,2.6000000000000005,0.2231,1.128,0,0,3,1.063,0,0,3.0,0.0067,0.0017
2026-08-21T13:15:21+00:00,1,2026-08-21T17:30:00Z,player-ensemble-1.0,player-sim-2.0,player-sim-3.0-candidate,recommended_for_live_promotion,0.2,0.5,0.4,1.0,fpl-2026-27,1.05,310,241117,Matusiwa,12,Ipswich Town,Midfielder,5.0,0.0,0.0,0.0,0.0,0.0,0.0,0.0,0.0,0.0,0,0,0,0.0,0,0,0,0.0,0.0
2026-08-21T13:15:21+00:00,1,2026-08-21T17:30:00Z,player-ensemble-1.0,player-sim-2.0,player-sim-3.0-candidate,recommended_for_live_promotion,0.2,0.5,0.4,1.0,fpl-2026-27,1.05,311,149929,Burns,12,Ipswich Town,Midfielder,5.0,0.0,0.0,0.0,0.0,0.0,0.0,0.0,0.0,0.0,0,0,0,0.0,0,0,0,0.0,0.0
2026-08-21T13:15:21+00:00,1,2026-08-21T17:30:00Z,player-ensemble-1.0,player-sim-2.0,player-sim-3.0-candidate,recommended_for_live_promotion,0.2,0.5,0.4,1.0,fpl-2026-27,1.05,312,231899,Taylor,12,Ipswich Town,Midfielder,4.5,0.0,0.0,0.0,0.0,0.0,0.0,0.0,0.0,0.0,0,0,0,0.0,0,0,0,0.0,0.0
2026-08-21T13:15:21+00:00,1,2026-08-21T17:30:00Z,player-ensemble-1.0,player-sim-2.0,player-sim-3.0-candidate,recommended_for_live_promotion,0.2,0.5,0.4,1.0,fpl-2026-27,1.05,313,443261,Clarke,12,Ipswich Town,Midfielder,5.5,1.234,0.0,1.234,30.66,0.0,0.8,3.2,0.2244,1.225,0,1,3,1.272,0,0,3.0,0.0017,0.0
2026-08-21T13:15:21+00:00,1,2026-08-21T17:30:00Z,player-ensemble-1.0,player-sim-2.0,player-sim-3.0-candidate,recommended_for_live_promotion,0.2,0.5,0.4,1.0,fpl-2026-27,1.05,314,229164,Ogbene,12,Ipswich Town,Midfielder,5.0,0.258,0.0,0.258,5.95,0.0,0.0,0.8,0.0515,0.255,0,0,1,0.268,0,0,1.0,0.0017,0.0
2026-08-21T13:15:21+00:00,1,2026-08-21T17:30:00Z,player-ensemble-1.0,player-sim-2.0,player-sim-3.0-candidate,recommended_for_live_promotion,0.2,0.5,0.4,1.0,fpl-2026-27,1.05,315,531442,Fatawu,12,Ipswich Town,Midfielder,5.5,0.643,0.0,0.643,14.86,0.0,0.0,2.4000000000000004,0.117,0.675,0,0,3,0.517,0,0,2.0,0.0017,0.0
2026-08-21T13:15:21+00:00,1,2026-08-21T17:30:00Z,player-ensemble-1.0,player-sim-2.0,player-sim-3.0-candidate,recommended_for_live_promotion,0.2,0.5,0.4,1.0,fpl-2026-27,1.04,316,543968,Emersonn,12,Ipswich Town,Forward,5.5,1.061,0.0,1.061,24.27,0.0,0.4,3.0,0.1929,1.043,0,0,3,1.13,0,0,3.0,0.0067,0.0017
2026-08-21T13:15:21+00:00,1,2026-08-21T17:30:00Z,player-ensemble-1.0,player-sim-2.0,player-sim-3.0-candidate,recommended_for_live_promotion,0.2,0.5,0.4,1.0,fpl-2026-27,1.04,317,222625,Hirst,12,Ipswich Town,Forward,5.0,0.0,0.0,0.0,0.0,0.0,0.0,0.0,0.0,0.0,0,0,0,0.0,0,0,0,0.0,0.0
2026-08-21T13:15:21+00:00,1,2026-08-21T17:30:00Z,player-ensemble-1.0,player-sim-2.0,player-sim-3.0-candidate,recommended_for_live_promotion,0.2,0.5,0.4,1.0,fpl-2026-27,1.05,318,481624,Philogene,12,Ipswich Town,Midfielder,5.5,1.007,0.0,1.007,19.46,0.0,0.2,2.8000000000000003,0.183,1.048,0,0,3,0.84,0,0,2.0,0.0133,0.0
2026-08-21T13:15:21+00:00,1,2026-08-21T17:30:00Z,player-ensemble-1.0,player-sim-2.0,player-sim-3.0-candidate,recommended_for_live_promotion,0.2,0.5,0.4,1.0,fpl-2026-27,1.05,319,172453,Szmodics,12,Ipswich Town,Midfielder,5.0,0.0,0.0,0.0,0.0,0.0,0.0,0.0,0.0,0.0,0,0,0,0.0,0,0,0,0.0,0.0
2026-08-21T13:15:21+00:00,1,2026-08-21T17:30:00Z,player-ensemble-1.0,player-sim-2.0,player-sim-3.0-candidate,recommended_for_live_promotion,0.2,0.5,0.4,1.0,fpl-2026-27,1.04,320,147675,Akpom,12,Ipswich Town,Forward,5.0,1.068,0.0,1.068,24.6,0.0,0.6000000000000001,2.8000000000000003,0.2137,1.06,0,0,3,1.102,0,0,3.0,0.01,0.005
2026-08-21T13:15:21+00:00,1,2026-08-21T17:30:00Z,player-ensemble-1.0,player-sim-2.0,player-sim-3.0-candidate,recommended_for_live_promotion,0.2,0.5,0.4,1.0,fpl-2026-27,1.04,321,557012,Walle Egeli,12,Ipswich Town,Forward,4.5,1.026,0.0,1.026,22.62,0.0,0.4,2.8000000000000003,0.2281,1.057,0,0,3,0.905,0,0,2.0,0.0067,0.0017
2026-08-21T13:15:21+00:00,1,2026-08-21T17:30:00Z,player-ensemble-1.0,player-sim-2.0,player-sim-3.0-candidate,recommended_for_live_promotion,0.2,0.5,0.4,1.0,fpl-2026-27,1.04,322,462387,Al-Hamadi,12,Ipswich Town,Forward,5.0,0.061,0.0,0.061,0.94,0.0,0.0,0.2,0.0122,0.06,0,0,0,0.065,0,0,0,0.0,0.0
2026-08-21T13:15:21+00:00,1,2026-08-21T17:30:00Z,player-ensemble-1.0,player-sim-2.0,player-sim-3.0-candidate,recommended_for_live_promotion,0.2,0.5,0.4,1.0,fpl-2026-27,1.05,323,461587,McAteer,12,Ipswich Town,Midfielder,4.5,0.946,0.0,0.946,24.23,0.0,0.4,2.4000000000000004,0.2102,0.973,0,0,3,0.837,0,0,3.0,0.0,0.0
2026-08-21T13:15:21+00:00,1,2026-08-21T17:30:00Z,player-ensemble-1.0,player-sim-2.0,player-sim-3.0-candidate,recommended_for_live_promotion,0.2,0.5,0.4,1.0,fpl-2026-27,1.05,324,232457,Mehmeti,12,Ipswich Town,Midfielder,5.0,1.117,0.0,1.117,27.39,0.0,0.6000000000000001,3.0,0.2234,1.125,0,0,3,1.085,0,0,3.0,0.005,0.0017
2026-08-21T13:15:21+00:00,1,2026-08-21T17:30:00Z,player-ensemble-1.0,player-sim-2.0,player-sim-3.0-candidate,recommended_for_live_promotion,0.2,0.5,0.4,1.0,fpl-2026-27,1.08,554,546600,Van Oevelen,12,Ipswich Town,Goalkeeper,4.5,1.069,0.0,1.069,22.48,0.0,0.0,4.0,0.2376,1.075,0,0,5,1.047,0,0,6.0,0.0,0.0
2026-08-21T13:15:21+00:00,1,2026-08-21T17:30:00Z,player-ensemble-1.0,player-sim-2.0,player-sim-3.0-candidate,recommended_for_live_promotion,0.2,0.5,0.4,1.0,fpl-2026-27,1.05,562,442967,Maeda,12,Ipswich Town,Midfielder,5.5,1.17,0.0,1.17,26.54,0.0,0.6000000000000001,3.2,0.2127,1.173,0,0,4,1.157,0,0,3.0,0.005,0.0
2026-08-21T13:15:21+00:00,1,2026-08-21T17:30:00Z,player-ensemble-1.0,player-sim-2.0,player-sim-3.0-candidate,recommended_for_live_promotion,0.2,0.5,0.4,1.0,fpl-2026-27,1.08,564,240514,Scherpen,12,Ipswich Town,Goalkeeper,4.5,1.137,0.0,1.137,24.27,0.0,0.0,4.800000000000001,0.2526,1.175,0,0,6,0.983,0,0,4.0,0.0,0.0
2026-08-21T13:15:21+00:00,1,2026-08-21T17:30:00Z,player-ensemble-1.0,player-sim-2.0,player-sim-3.0-candidate,recommended_for_live_promotion,0.2,0.5,0.4,1.0,fpl-2026-27,1.05,571,216055,Florentino,12,Ipswich Town,Midfielder,5.0,2.274,0.0,2.274,54.47,0.8,2.0,4.2,0.4549,2.267,0,2,5,2.305,1.0,2.0,5.0,0.0017,0.0
2026-08-21T13:15:21+00:00,1,2026-08-21T17:30:00Z,player-ensemble-1.0,player-sim-2.0,player-sim-3.0-candidate,recommended_for_live_promotion,0.2,0.5,0.4,1.0,fpl-2026-27,1.05,591,474120,Enciso,12,Ipswich Town,Midfielder,5.5,1.169,0.0,1.169,29.04,0.0,0.8,3.0000000000000004,0.2125,1.19,0,0,3,1.083,0,0,3.0,0.0,0.0
2026-08-21T13:15:21+00:00,1,2026-08-21T17:30:00Z,player-ensemble-1.0,player-sim-2.0,player-sim-3.0-candidate,recommended_for_live_promotion,0.2,0.5,0.4,1.0,fpl-2026-27,1.0,592,572584,Ouattara,12,Ipswich Town,Defender,4.0,1.398,0.0,1.398,26.3,0.0,0.4,4.800000000000001,0.3494,1.38,0,0,6,1.468,0,0,6.0,0.005,0.0
2026-08-21T13:15:21+00:00,1,2026-08-21T17:30:00Z,player-ensemble-1.0,player-sim-2.0,player-sim-3.0-candidate,recommended_for_live_promotion,0.2,0.5,0.4,1.0,fpl-2026-27,1.05,260,153682,Wilson,13,Leeds,Midfielder,6.5,3.296,0.0,3.296,69.41,1.2000000000000002,2.8000000000000003,6.000000000000001,0.5071,3.293,1,3,7,3.308,1.0,3.0,7.0,0.035,0.0033
2026-08-21T13:15:21+00:00,1,2026-08-21T17:30:00Z,player-ensemble-1.0,player-sim-2.0,player-sim-3.0-candidate,recommended_for_live_promotion,0.2,0.5,0.4,1.0,fpl-2026-27,1.08,326,201595,Perri,13,Leeds,Goalkeeper,4.5,1.664,0.0,1.664,39.09,0.0,1.2000000000000002,4.800000000000001,0.3698,1.665,0,1,6,1.662,0.0,1.0,6.0,0.0,0.0
2026-08-21T13:15:21+00:00,1,2026-08-21T17:30:00Z,player-ensemble-1.0,player-sim-2.0,player-sim-3.0-candidate,recommended_for_live_promotion,0.2,0.5,0.4,1.0,fpl-2026-27,1.0,327,434752,Bijol,13,Leeds,Defender,5.0,2.48,0.0,2.48,48.1,0.2,1.6,5.800000000000001,0.4961,2.5,0,1,7,2.402,0,1.0,6.0,0.0167,0.0033
2026-08-21T13:15:21+00:00,1,2026-08-21T17:30:00Z,player-ensemble-1.0,player-sim-2.0,player-sim-3.0-candidate,recommended_for_live_promotion,0.2,0.5,0.4,1.0,fpl-2026-27,1.0,329,214225,Rodon,13,Leeds,Defender,4.5,3.431,0.0,3.431,76.54,1.0,2.8000000000000003,6.6000000000000005,0.7625,3.402,1,2,7,3.55,1.0,3.0,8.0,0.025,0.0017
2026-08-21T13:15:21+00:00,1,2026-08-21T17:30:00Z,player-ensemble-1.0,player-sim-2.0,player-sim-3.0-candidate,recommended_for_live_promotion,0.2,0.5,0.4,1.0,fpl-2026-27,1.0,330,226182,Bogle,13,Leeds,Defender,4.5,3.009,0.0,3.009,71.85,1.0,2.0,6.000000000000001,0.6687,2.96,1,2,6,3.207,1.0,2.0,6.0,0.015,0.0
2026-08-21T13:15:21+00:00,1,2026-08-21T17:30:00Z,player-ensemble-1.0,player-sim-2.0,player-sim-3.0-candidate,recommended_for_live_promotion,0.2,0.5,0.4,1.0,fpl-2026-27,1.0,331,243526,Gudmundsson,13,Leeds,Defender,4.5,0.0,0.0,0.0,0.0,0.0,0.0,0.0,0.0,0.0,0,0,0,0.0,0,0,0,0.0,0.0
2026-08-21T13:15:21+00:00,1,2026-08-21T17:30:00Z,player-ensemble-1.0,player-sim-2.0,player-sim-3.0-candidate,recommended_for_live_promotion,0.2,0.5,0.4,1.0,fpl-2026-27,1.0,332,220627,Justin,13,Leeds,Defender,4.5,2.739,0.0,2.739,51.87,0.4,1.8,6.4,0.6087,2.737,0,2,7,2.75,0.0,1.0,8.0,0.0233,0.0
2026-08-21T13:15:21+00:00,1,2026-08-21T17:30:00Z,player-ensemble-1.0,player-sim-2.0,player-sim-3.0-candidate,recommended_for_live_promotion,0.2,0.5,0.4,1.0,fpl-2026-27,1.0,333,437738,Bornauw,13,Leeds,Defender,4.5,0.0,0.0,0.0,0.0,0.0,0.0,0.0,0.0,0.0,0,0,0,0.0,0,0,0,0.0,0.0
2026-08-21T13:15:21+00:00,1,2026-08-21T17:30:00Z,player-ensemble-1.0,player-sim-2.0,player-sim-3.0-candidate,recommended_for_live_promotion,0.2,0.5,0.4,1.0,fpl-2026-27,1.0,334,522047,Muharemović,13,Leeds,Defender,5.0,1.352,0.0,1.352,32.83,0.0,0.4,4.800000000000001,0.2703,1.435,0,0,6,1.018,0,0,4.0,0.0033,0.0
2026-08-21T13:15:21+00:00,1,2026-08-21T17:30:00Z,player-ensemble-1.0,player-sim-2.0,player-sim-3.0-candidate,recommended_for_live_promotion,0.2,0.5,0.4,1.0,fpl-2026-27,1.05,335,466525,Stach,13,Leeds,Midfielder,6.0,3.104,0.0,3.104,62.65,1.2000000000000002,2.6000000000000005,5.4,0.5174,3.118,1,3,6,3.048,1.0,2.0,7.0,0.0217,0.0
2026-08-21T13:15:21+00:00,1,2026-08-21T17:30:00Z,player-ensemble-1.0,player-sim-2.0,player-sim-3.0-candidate,recommended_for_live_promotion,0.2,0.5,0.4,1.0,fpl-2026-27,1.05,336,435997,Okafor,13,Leeds,Midfielder,6.0,2.111,0.0,2.111,40.97,0.0,1.6,5.6000000000000005,0.3518,2.095,0,2,6,2.173,0,1.0,6.0,0.0383,0.01
2026-08-21T13:15:21+00:00,1,2026-08-21T17:30:00Z,player-ensemble-1.0,player-sim-2.0,player-sim-3.0-candidate,recommended_for_live_promotion,0.2,0.5,0.4,1.0,fpl-2026-27,1.05,337,427637,Aaronson,13,Leeds,Midfielder,5.5,3.003,0.0,3.003,64.86,1.2000000000000002,2.4000000000000004,6.000000000000001,0.5461,3.01,1,2,7,2.977,1.0,2.0,6.0,0.0217,0.0017
2026-08-21T13:15:21+00:00,1,2026-08-21T17:30:00Z,player-ensemble-1.0,player-sim-2.0,player-sim-3.0-candidate,recommended_for_live_promotion,0.2,0.5,0.4,1.0,fpl-2026-27,1.05,338,199598,Ampadu,13,Leeds,Midfielder,5.5,3.425,0.0,3.425,81.74,1.8,3.0000000000000004,5.6000000000000005,0.6227,3.438,1,3,6,3.37,1.0,3.0,6.0,0.01,0.0017
2026-08-21T13:15:21+00:00,1,2026-08-21T17:30:00Z,player-ensemble-1.0,player-sim-2.0,player-sim-3.0-candidate,recommended_for_live_promotion,0.2,0.5,0.4,1.0,fpl-2026-27,1.05,339,180135,Longstaff,13,Leeds,Midfielder,5.0,1.234,0.0,1.234,25.82,0.0,0.6000000000000001,3.4000000000000004,0.2468,1.253,0,0,4,1.157,0,0,3.0,0.0033,0.0
2026-08-21T13:15:21+00:00,1,2026-08-21T17:30:00Z,player-ensemble-1.0,player-sim-2.0,player-sim-3.0-candidate,recommended_for_live_promotion,0.2,0.5,0.4,1.0,fpl-2026-27,1.05,341,492859,Gnonto,13,Leeds,Midfielder,5.0,0.0,0.0,0.0,0.0,0.0,0.0,0.0,0.0,0.0,0,0,0,0.0,0,0,0,0.0,0.0
2026-08-21T13:15:21+00:00,1,2026-08-21T17:30:00Z,player-ensemble-1.0,player-sim-2.0,player-sim-3.0-candidate,recommended_for_live_promotion,0.2,0.5,0.4,1.0,fpl-2026-27,1.05,342,221399,Harrison,13,Leeds,Midfielder,5.0,0.0,0.0,0.0,0.0,0.0,0.0,0.0,0.0,0.0,0,0,0,0.0,0,0,0,0.0,0.0
2026-08-21T13:15:21+00:00,1,2026-08-21T17:30:00Z,player-ensemble-1.0,player-sim-2.0,player-sim-3.0-candidate,recommended_for_live_promotion,0.2,0.5,0.4,1.0,fpl-2026-27,1.05,343,200617,James,13,Leeds,Midfielder,5.0,0.645,0.0,0.645,15.33,0.0,0.0,1.8,0.1291,0.682,0,0,2,0.5,0,0,2.0,0.0017,0.0
2026-08-21T13:15:21+00:00,1,2026-08-21T17:30:00Z,player-ensemble-1.0,player-sim-2.0,player-sim-3.0-candidate,recommended_for_live_promotion,0.2,0.5,0.4,1.0,fpl-2026-27,1.05,344,486520,Gruev,13,Leeds,Midfielder,5.0,0.0,0.0,0.0,0.0,0.0,0.0,0.0,0.0,0.0,0,0,0,0.0,0,0,0,0.0,0.0
2026-08-21T13:15:21+00:00,1,2026-08-21T17:30:00Z,player-ensemble-1.0,player-sim-2.0,player-sim-3.0-candidate,recommended_for_live_promotion,0.2,0.5,0.4,1.0,fpl-2026-27,1.05,345,248056,Tanaka,13,Leeds,Midfielder,5.0,1.516,0.0,1.516,35.04,0.0,1.0,4.0,0.3033,1.523,0,1,4,1.488,0,1.0,4.0,0.01,0.0
2026-08-21T13:15:21+00:00,1,2026-08-21T17:30:00Z,player-ensemble-1.0,player-sim-2.0,player-sim-3.0-candidate,recommended_for_live_promotion,0.2,0.5,0.4,1.0,fpl-2026-27,1.04,346,177815,Calvert-Lewin,13,Leeds,Forward,6.0,3.743,0.0,3.743,72.85,1.2000000000000002,2.8000000000000003,7.000000000000001,0.6239,3.767,1,3,8,3.65,1.0,2.0,8.0,0.0717,0.015
2026-08-21T13:15:21+00:00,1,2026-08-21T17:30:00Z,player-ensemble-1.0,player-sim-2.0,player-sim-3.0-candidate,recommended_for_live_promotion,0.2,0.5,0.4,1.0,fpl-2026-27,1.04,347,174594,Nmecha,13,Leeds,Forward,5.5,1.619,0.0,1.619,30.73,0.0,0.8,4.800000000000001,0.2944,1.645,0,1,6,1.517,0,0,5.0,0.035,0.005
2026-08-21T13:15:21+00:00,1,2026-08-21T17:30:00Z,player-ensemble-1.0,player-sim-2.0,player-sim-3.0-candidate,recommended_for_live_promotion,0.2,0.5,0.4,1.0,fpl-2026-27,1.04,348,235826,Piroe,13,Leeds,Forward,5.0,0.0,0.0,0.0,0.0,0.0,0.0,0.0,0.0,0.0,0,0,0,0.0,0,0,0,0.0,0.0
2026-08-21T13:15:21+00:00,1,2026-08-21T17:30:00Z,player-ensemble-1.0,player-sim-2.0,player-sim-3.0-candidate,recommended_for_live_promotion,0.2,0.5,0.4,1.0,fpl-2026-27,1.04,349,565297,Mateo Joseph,13,Leeds,Forward,4.5,0.0,0.0,0.0,0.0,0.0,0.0,0.0,0.0,0.0,0,0,0,0.0,0,0,0,0.0,0.0
2026-08-21T13:15:21+00:00,1,2026-08-21T17:30:00Z,player-ensemble-1.0,player-sim-2.0,player-sim-3.0-candidate,recommended_for_live_promotion,0.2,0.5,0.4,1.0,fpl-2026-27,1.08,385,432720,Trafford,13,Leeds,Goalkeeper,5.0,0.455,0.0,0.455,10.19,0.0,0.0,1.6,0.0911,0.475,0,0,2,0.377,0,0,1.0,0.0,0.0
2026-08-21T13:15:21+00:00,1,2026-08-21T17:30:00Z,player-ensemble-1.0,player-sim-2.0,player-sim-3.0-candidate,recommended_for_live_promotion,0.2,0.5,0.4,1.0,fpl-2026-27,1.0,598,173774,Elvedi,13,Leeds,Defender,4.5,1.34,0.0,1.34,33.42,0.0,0.8,4.2,0.2978,1.362,0,0,5,1.255,0,0,5.0,0.005,0.0
2026-08-21T13:15:21+00:00,1,2026-08-21T17:30:00Z,player-ensemble-1.0,player-sim-2.0,player-sim-3.0-candidate,recommended_for_live_promotion,0.2,0.5,0.4,1.0,fpl-2026-27,1.08,350,116535,A.Becker,14,Liverpool,Goalkeeper,5.5,2.689,0.0,2.689,59.88,1.0,2.2,5.800000000000001,0.4889,2.68,1,2,6,2.725,1.0,2.0,7.0,0.0,0.0
2026-08-21T13:15:21+00:00,1,2026-08-21T17:30:00Z,player-ensemble-1.0,player-sim-2.0,player-sim-3.0-candidate,recommended_for_live_promotion,0.2,0.5,0.4,1.0,fpl-2026-27,1.08,351,449027,Mamardashvili,14,Liverpool,Goalkeeper,5.0,1.221,0.0,1.221,24.53,0.0,0.4,3.2,0.2442,1.24,0,0,4,1.145,0,0,4.0,0.0067,0.0
2026-08-21T13:15:21+00:00,1,2026-08-21T17:30:00Z,player-ensemble-1.0,player-sim-2.0,player-sim-3.0-candidate,recommended_for_live_promotion,0.2,0.5,0.4,1.0,fpl-2026-27,1.08,352,155503,Woodman,14,Liverpool,Goalkeeper,4.0,0.25,0.0,0.25,5.72,0.0,0.0,0.8,0.0625,0.263,0,0,0,0.197,0,0,0,0.0,0.0
2026-08-21T13:15:21+00:00,1,2026-08-21T17:30:00Z,player-ensemble-1.0,player-sim-2.0,player-sim-3.0-candidate,recommended_for_live_promotion,0.2,0.5,0.4,1.0,fpl-2026-27,1.08,353,586268,Pecsi,14,Liverpool,Goalkeeper,4.0,0.0,0.0,0.0,0.0,0.0,0.0,0.0,0.0,0.0,0,0,0,0.0,0,0,0,0.0,0.0
2026-08-21T13:15:21+00:00,1,2026-08-21T17:30:00Z,player-ensemble-1.0,player-sim-2.0,player-sim-3.0-candidate,recommended_for_live_promotion,0.2,0.5,0.4,1.0,fpl-2026-27,1.08,354,432987,Jaros,14,Liverpool,Goalkeeper,4.0,0.0,0.0,0.0,0.0,0.0,0.0,0.0,0.0,0.0,0,0,0,0.0,0,0,0,0.0,0.0
2026-08-21T13:15:21+00:00,1,2026-08-21T17:30:00Z,player-ensemble-1.0,player-sim-2.0,player-sim-3.0-candidate,recommended_for_live_promotion,0.2,0.5,0.4,1.0,fpl-2026-27,1.08,355,464353,Davies,14,Liverpool,Goalkeeper,4.0,1.019,0.0,1.019,24.38,0.0,0.0,3.2,0.2547,1.037,0,0,3,0.948,0,0.0,4.0,0.0,0.0
2026-08-21T13:15:21+00:00,1,2026-08-21T17:30:00Z,player-ensemble-1.0,player-sim-2.0,player-sim-3.0-candidate,recommended_for_live_promotion,0.2,0.5,0.4,1.0,fpl-2026-27,1.0,356,97032,Virgil,14,Liverpool,Defender,6.5,4.424,0.0,4.424,88.83,1.8,4.0,7.800000000000001,0.6806,4.415,1,4,8,4.46,1.0,4.0,8.0,0.045,0.01
2026-08-21T13:15:21+00:00,1,2026-08-21T17:30:00Z,player-ensemble-1.0,player-sim-2.0,player-sim-3.0-candidate,recommended_for_live_promotion,0.2,0.5,0.4,1.0,fpl-2026-27,1.0,357,216094,Frimpong,14,Liverpool,Defender,5.5,1.173,0.0,1.173,27.24,0.0,0.8,4.0,0.2133,1.178,0,0,5,1.152,0,0,6.0,0.0067,0.0017
2026-08-21T13:15:21+00:00,1,2026-08-21T17:30:00Z,player-ensemble-1.0,player-sim-2.0,player-sim-3.0-candidate,recommended_for_live_promotion,0.2,0.5,0.4,1.0,fpl-2026-27,1.0,358,544877,Kerkez,14,Liverpool,Defender,5.5,2.669,0.0,2.669,58.6,1.0,2.0,5.200000000000001,0.4853,2.612,1,2,6,2.898,1.0,2.0,6.0,0.0167,0.0
2026-08-21T13:15:21+00:00,1,2026-08-21T17:30:00Z,player-ensemble-1.0,player-sim-2.0,player-sim-3.0-candidate,recommended_for_live_promotion,0.2,0.5,0.4,1.0,fpl-2026-27,1.0,359,171287,Gomez,14,Liverpool,Defender,5.0,0.0,0.0,0.0,0.0,0.0,0.0,0.0,0.0,0.0,0,0,0,0.0,0,0,0,0.0,0.0
2026-08-21T13:15:21+00:00,1,2026-08-21T17:30:00Z,player-ensemble-1.0,player-sim-2.0,player-sim-3.0-candidate,recommended_for_live_promotion,0.2,0.5,0.4,1.0,fpl-2026-27,1.0,360,492777,Bradley,14,Liverpool,Defender,5.0,0.0,0.0,0.0,0.0,0.0,0.0,0.0,0.0,0.0,0,0,0,0.0,0,0,0,0.0,0.0
2026-08-21T13:15:21+00:00,1,2026-08-21T17:30:00Z,player-ensemble-1.0,player-sim-2.0,player-sim-3.0-candidate,recommended_for_live_promotion,0.2,0.5,0.4,1.0,fpl-2026-27,1.0,361,519440,Lucky,14,Liverpool,Defender,4.0,1.337,0.0,1.337,31.34,0.0,0.6000000000000001,4.800000000000001,0.3343,1.383,0,0,6,1.153,0,0.0,5.0,0.0017,0.0
2026-08-21T13:15:21+00:00,1,2026-08-21T17:30:00Z,player-ensemble-1.0,player-sim-2.0,player-sim-3.0-candidate,recommended_for_live_promotion,0.2,0.5,0.4,1.0,fpl-2026-27,1.0,362,606702,Jacquet,14,Liverpool,Defender,5.0,1.299,0.0,1.299,30.41,0.0,0.8,4.0,0.2599,1.292,0,0,5,1.33,0,0,5.0,0.005,0.0
2026-08-21T13:15:21+00:00,1,2026-08-21T17:30:00Z,player-ensemble-1.0,player-sim-2.0,player-sim-3.0-candidate,recommended_for_live_promotion,0.2,0.5,0.4,1.0,fpl-2026-27,1.0,363,647681,Leoni,14,Liverpool,Defender,4.0,0.0,0.0,0.0,0.0,0.0,0.0,0.0,0.0,0.0,0,0,0,0.0,0,0,0,0.0,0.0
2026-08-21T13:15:21+00:00,1,2026-08-21T17:30:00Z,player-ensemble-1.0,player-sim-2.0,player-sim-3.0-candidate,recommended_for_live_promotion,0.2,0.5,0.4,1.0,fpl-2026-27,1.0,364,214285,Tsimikas,14,Liverpool,Defender,5.0,1.252,0.0,1.252,27.64,0.0,0.4,4.800000000000001,0.2504,1.298,0,0,6,1.067,0,0,4.0,0.0033,0.0
2026-08-21T13:15:21+00:00,1,2026-08-21T17:30:00Z,player-ensemble-1.0,player-sim-2.0,player-sim-3.0-candidate,recommended_for_live_promotion,0.2,0.5,0.4,1.0,fpl-2026-27,1.0,365,489580,Ramsay,14,Liverpool,Defender,4.0,1.34,0.0,1.34,32.09,0.0,0.6000000000000001,4.800000000000001,0.3351,1.385,0,0,6,1.162,0,0,4.0,0.0067,0.0
2026-08-21T13:15:21+00:00,1,2026-08-21T17:30:00Z,player-ensemble-1.0,player-sim-2.0,player-sim-3.0-candidate,recommended_for_live_promotion,0.2,0.5,0.4,1.0,fpl-2026-27,1.05,366,494595,Wirtz,14,Liverpool,Midfielder,7.5,3.413,0.0,3.413,64.34,1.2000000000000002,2.8000000000000003,6.6000000000000005,0.455,3.453,1,3,7,3.25,1.0,2.0,7.0,0.0333,0.005
2026-08-21T13:15:21+00:00,1,2026-08-21T17:30:00Z,player-ensemble-1.0,player-sim-2.0,player-sim-3.0-candidate,recommended_for_live_promotion,0.2,0.5,0.4,1.0,fpl-2026-27,1.05,367,243298,Gakpo,14,Liverpool,Midfielder,7.0,3.436,0.0,3.436,72.97,1.4000000000000001,2.8000000000000003,6.6000000000000005,0.4908,3.432,1,3,7,3.452,1.0,2.0,7.0,0.0433,0.0067
2026-08-21T13:15:21+00:00,1,2026-08-21T17:30:00Z,player-ensemble-1.0,player-sim-2.0,player-sim-3.0-candidate,recommended_for_live_promotion,0.2,0.5,0.4,1.0,fpl-2026-27,1.05,368,424876,Szoboszlai,14,Liverpool,Midfielder,7.0,3.665,0.0,3.665,84.43,1.6,3.4000000000000004,6.4,0.5235,3.662,1,3,7,3.677,1.0,3.0,8.0,0.04,0.0017
2026-08-21T13:15:21+00:00,1,2026-08-21T17:30:00Z,player-ensemble-1.0,player-sim-2.0,player-sim-3.0-candidate,recommended_for_live_promotion,0.2,0.5,0.4,1.0,fpl-2026-27,1.05,369,611922,Ngumoha,14,Liverpool,Midfielder,6.0,0.667,0.0,0.667,12.36,0.0,0.0,2.4000000000000004,0.1112,0.67,0,0,2,0.657,0,0,2.0,0.0133,0.0017
2026-08-21T13:15:21+00:00,1,2026-08-21T17:30:00Z,player-ensemble-1.0,player-sim-2.0,player-sim-3.0-candidate,recommended_for_live_promotion,0.2,0.5,0.4,1.0,fpl-2026-27,1.05,370,223541,Chiesa,14,Liverpool,Midfielder,5.5,0.205,0.0,0.205,4.07,0.0,0.0,0.8,0.0373,0.2,0,0,1,0.225,0,0,1.0,0.0017,0.0
2026-08-21T13:15:21+00:00,1,2026-08-21T17:30:00Z,player-ensemble-1.0,player-sim-2.0,player-sim-3.0-candidate,recommended_for_live_promotion,0.2,0.5,0.4,1.0,fpl-2026-27,1.05,371,441266,Gravenberch,14,Liverpool,Midfielder,6.0,3.028,0.0,3.028,79.06,1.4000000000000001,2.8000000000000003,4.8,0.5047,3.067,1,3,5,2.875,1.0,2.0,5.0,0.0133,0.0017
2026-08-21T13:15:21+00:00,1,2026-08-21T17:30:00Z,player-ensemble-1.0,player-sim-2.0,player-sim-3.0-candidate,recommended_for_live_promotion,0.2,0.5,0.4,1.0,fpl-2026-27,1.05,372,243016,Mac Allister,14,Liverpool,Midfielder,5.5,2.735,0.0,2.735,69.44,1.2000000000000002,2.2,5.200000000000001,0.4973,2.768,1,2,6,2.603,1.0,2.0,4.0,0.01,0.0033
2026-08-21T13:15:21+00:00,1,2026-08-21T17:30:00Z,player-ensemble-1.0,player-sim-2.0,player-sim-3.0-candidate,recommended_for_live_promotion,0.2,0.5,0.4,1.0,fpl-2026-27,1.05,373,206915,C.Jones,14,Liverpool,Midfielder,5.5,1.74,0.0,1.74,38.94,0.0,1.2000000000000002,4.0,0.3164,1.765,0,1,4,1.64,0,1.0,4.0,0.0067,0.0
2026-08-21T13:15:21+00:00,1,2026-08-21T17:30:00Z,player-ensemble-1.0,player-sim-2.0,player-sim-3.0-candidate,recommended_for_live_promotion,0.2,0.5,0.4,1.0,fpl-2026-27,1.05,374,158983,Endo,14,Liverpool,Midfielder,5.0,0.126,0.0,0.126,3.79,0.0,0.0,0.2,0.0252,0.123,0,0,0,0.137,0,0,0,0.0017,0.0
2026-08-21T13:15:21+00:00,1,2026-08-21T17:30:00Z,player-ensemble-1.0,player-sim-2.0,player-sim-3.0-candidate,recommended_for_live_promotion,0.2,0.5,0.4,1.0,fpl-2026-27,1.05,375,591386,Nyoni,14,Liverpool,Midfielder,5.0,0.004,0.0,0.004,0.05,0.0,0.0,0.0,0.0009,0.003,0,0,0,0.008,0,0,0,0.0,0.0
2026-08-21T13:15:21+00:00,1,2026-08-21T17:30:00Z,player-ensemble-1.0,player-sim-2.0,player-sim-3.0-candidate,recommended_for_live_promotion,0.2,0.5,0.4,1.0,fpl-2026-27,1.05,376,535928,Bajcetic,14,Liverpool,Midfielder,5.0,0.0,0.0,0.0,0.0,0.0,0.0,0.0,0.0,0.0,0,0,0,0.0,0,0,0,0.0,0.0
2026-08-21T13:15:21+00:00,1,2026-08-21T17:30:00Z,player-ensemble-1.0,player-sim-2.0,player-sim-3.0-candidate,recommended_for_live_promotion,0.2,0.5,0.4,1.0,fpl-2026-27,1.05,377,551499,Munoz,14,Liverpool,Midfielder,6.5,1.051,0.0,1.051,29.47,0.0,0.6000000000000001,2.4000000000000004,0.1616,1.07,0,0,3,0.973,0,0,3.0,0.005,0.0
2026-08-21T13:15:21+00:00,1,2026-08-21T17:30:00Z,player-ensemble-1.0,player-sim-2.0,player-sim-3.0-candidate,recommended_for_live_promotion,0.2,0.5,0.4,1.0,fpl-2026-27,1.05,378,491501,McConnell,14,Liverpool,Midfielder,4.5,1.036,0.0,1.036,27.45,0.0,0.8,2.4000000000000004,0.2302,1.022,0,0,3,1.092,0,0,3.0,0.0033,0.0
2026-08-21T13:15:21+00:00,1,2026-08-21T17:30:00Z,player-ensemble-1.0,player-sim-2.0,player-sim-3.0-candidate,recommended_for_live_promotion,0.2,0.5,0.4,1.0,fpl-2026-27,1.04,379,219168,Isak,14,Liverpool,Forward,9.0,0.783,0.0,0.783,17.29,0.0,0.2,2.4000000000000004,0.087,0.752,0,0,2,0.907,0,0,3.0,0.0033,0.0
2026-08-21T13:15:21+00:00,1,2026-08-21T17:30:00Z,player-ensemble-1.0,player-sim-2.0,player-sim-3.0-candidate,recommended_for_live_promotion,0.2,0.5,0.4,1.0,fpl-2026-27,1.04,380,510663,Ekitiké,14,Liverpool,Forward,7.5,0.0,0.0,0.0,0.0,0.0,0.0,0.0,0.0,0.0,0,0,0,0.0,0,0,0,0.0,0.0
2026-08-21T13:15:21+00:00,1,2026-08-21T17:30:00Z,player-ensemble-1.0,player-sim-2.0,player-sim-3.0-candidate,recommended_for_live_promotion,0.2,0.5,0.4,1.0,fpl-2026-27,1.05,381,514514,Koumas,14,Liverpool,Midfielder,5.0,1.13,0.0,1.13,30.39,0.0,0.6000000000000001,2.8,0.2261,1.105,0,0,3,1.232,0,1.0,3.0,0.0067,0.0
2026-08-21T13:15:21+00:00,1,2026-08-21T17:30:00Z,player-ensemble-1.0,player-sim-2.0,player-sim-3.0-candidate,recommended_for_live_promotion,0.2,0.5,0.4,1.0,fpl-2026-27,1.04,382,500058,Danns,14,Liverpool,Forward,4.5,0.0,0.0,0.0,0.0,0.0,0.0,0.0,0.0,0.0,0,0,0,0.0,0,0,0,0.0,0.0
2026-08-21T13:15:21+00:00,1,2026-08-21T17:30:00Z,player-ensemble-1.0,player-sim-2.0,player-sim-3.0-candidate,recommended_for_live_promotion,0.2,0.5,0.4,1.0,fpl-2026-27,1.05,383,444884,Elliott,14,Liverpool,Midfielder,5.5,0.159,0.0,0.159,3.44,0.0,0.0,0.2,0.0289,0.168,0,0,0,0.122,0,0,0,0.0,0.0
2026-08-21T13:15:21+00:00,1,2026-08-21T17:30:00Z,player-ensemble-1.0,player-sim-2.0,player-sim-3.0-candidate,recommended_for_live_promotion,0.2,0.5,0.4,1.0,fpl-2026-27,1.0,579,445087,Araujo,14,Liverpool,Defender,5.5,1.408,0.0,1.408,30.43,0.0,0.6000000000000001,4.800000000000001,0.2561,1.423,0,0,6,1.348,0,0,6.0,0.0067,0.0
2026-08-21T13:15:21+00:00,1,2026-08-21T17:30:00Z,player-ensemble-1.0,player-sim-2.0,player-sim-3.0-candidate,recommended_for_live_promotion,0.2,0.5,0.4,1.0,fpl-2026-27,1.05,238,114283,Grealish,15,Man City,Midfielder,6.5,1.886,0.0,1.886,41.0,0.0,1.6,4.4,0.2902,1.877,0,1,5,1.925,0,1.0,5.0,0.015,0.0033
2026-08-21T13:15:21+00:00,1,2026-08-21T17:30:00Z,player-ensemble-1.0,player-sim-2.0,player-sim-3.0-candidate,recommended_for_live_promotion,0.2,0.5,0.4,1.0,fpl-2026-27,1.08,384,204936,Donnarumma,15,Man City,Goalkeeper,5.5,3.305,0.0,3.305,80.11,1.2000000000000002,2.8000000000000003,6.000000000000001,0.6009,3.335,1,2,7,3.185,1.0,2.0,7.0,0.0117,0.0
2026-08-21T13:15:21+00:00,1,2026-08-21T17:30:00Z,player-ensemble-1.0,player-sim-2.0,player-sim-3.0-candidate,recommended_for_live_promotion,0.2,0.5,0.4,1.0,fpl-2026-27,1.08,386,122074,Bettinelli,15,Man City,Goalkeeper,4.5,0.947,0.0,0.947,20.92,0.0,0.0,3.2,0.2105,0.968,0,0,3,0.863,0,0,3.0,0.0,0.0
2026-08-21T13:15:21+00:00,1,2026-08-21T17:30:00Z,player-ensemble-1.0,player-sim-2.0,player-sim-3.0-candidate,recommended_for_live_promotion,0.2,0.5,0.4,1.0,fpl-2026-27,1.0,387,472769,O'Reilly,15,Man City,Defender,6.5,3.973,0.0,3.973,69.83,1.0,3.0,7.4,0.6112,3.995,1,2,8,3.883,1.0,2.0,9.0,0.0683,0.0133
2026-08-21T13:15:21+00:00,1,2026-08-21T17:30:00Z,player-ensemble-1.0,player-sim-2.0,player-sim-3.0-candidate,recommended_for_live_promotion,0.2,0.5,0.4,1.0,fpl-2026-27,1.0,388,209036,Guéhi,15,Man City,Defender,6.0,4.269,0.0,4.269,82.96,1.6,3.8000000000000003,7.6000000000000005,0.7115,4.277,1,4,8,4.237,1.0,3.0,8.0,0.0633,0.0067
2026-08-21T13:15:21+00:00,1,2026-08-21T17:30:00Z,player-ensemble-1.0,player-sim-2.0,player-sim-3.0-candidate,recommended_for_live_promotion,0.2,0.5,0.4,1.0,fpl-2026-27,1.0,389,465351,Matheus N.,15,Man City,Defender,6.0,3.252,0.0,3.252,74.81,1.0,2.6000000000000005,6.000000000000001,0.5421,3.252,1,2,7,3.255,1.0,2.0,7.0,0.0083,0.0
2026-08-21T13:15:21+00:00,1,2026-08-21T17:30:00Z,player-ensemble-1.0,player-sim-2.0,player-sim-3.0-candidate,recommended_for_live_promotion,0.2,0.5,0.4,1.0,fpl-2026-27,1.0,390,171314,Rúben,15,Man City,Defender,5.5,2.489,0.0,2.489,58.26,1.0,1.8,5.200000000000001,0.4525,2.527,1,2,6,2.338,1.0,1.0,6.0,0.0017,0.0
2026-08-21T13:15:21+00:00,1,2026-08-21T17:30:00Z,player-ensemble-1.0,player-sim-2.0,player-sim-3.0-candidate,recommended_for_live_promotion,0.2,0.5,0.4,1.0,fpl-2026-27,1.0,391,477424,Gvardiol,15,Man City,Defender,5.5,1.924,0.0,1.924,36.27,0.0,1.2000000000000002,5.6000000000000005,0.3499,1.892,0,1,6,2.055,0,1.0,6.0,0.0133,0.0017
2026-08-21T13:15:21+00:00,1,2026-08-21T17:30:00Z,player-ensemble-1.0,player-sim-2.0,player-sim-3.0-candidate,recommended_for_live_promotion,0.2,0.5,0.4,1.0,fpl-2026-27,1.0,392,448514,Aït-Nouri,15,Man City,Defender,5.5,1.483,0.0,1.483,27.58,0.0,0.8,4.800000000000001,0.2697,1.485,0,0,6,1.477,0,0,6.0,0.0117,0.0033
2026-08-21T13:15:21+00:00,1,2026-08-21T17:30:00Z,player-ensemble-1.0,player-sim-2.0,player-sim-3.0-candidate,recommended_for_live_promotion,0.2,0.5,0.4,1.0,fpl-2026-27,1.0,393,578153,Khusanov,15,Man City,Defender,5.5,1.847,0.0,1.847,40.74,0.0,1.0,5.000000000000001,0.3359,1.868,0,1,6,1.763,0,1.0,6.0,0.0183,0.0033
2026-08-21T13:15:21+00:00,1,2026-08-21T17:30:00Z,player-ensemble-1.0,player-sim-2.0,player-sim-3.0-candidate,recommended_for_live_promotion,0.2,0.5,0.4,1.0,fpl-2026-27,1.0,394,494307,Alleyne,15,Man City,Defender,5.0,0.0,0.0,0.0,0.0,0.0,0.0,0.0,0.0,0.0,0,0,0,0.0,0,0,0,0.0,0.0
2026-08-21T13:15:21+00:00,1,2026-08-21T17:30:00Z,player-ensemble-1.0,player-sim-2.0,player-sim-3.0-candidate,recommended_for_live_promotion,0.2,0.5,0.4,1.0,fpl-2026-27,1.0,395,477064,Lewis,15,Man City,Defender,4.5,0.527,0.0,0.527,12.6,0.0,0.0,1.6,0.117,0.568,0,0,2,0.36,0,0,1.0,0.0,0.0
2026-08-21T13:15:21+00:00,1,2026-08-21T17:30:00Z,player-ensemble-1.0,player-sim-2.0,player-sim-3.0-candidate,recommended_for_live_promotion,0.2,0.5,0.4,1.0,fpl-2026-27,1.0,396,616222,Vitor Reis,15,Man City,Defender,4.5,1.253,0.0,1.253,30.78,0.0,0.8,4.0,0.2784,1.25,0,0,4,1.263,0,0,6.0,0.0033,0.0
2026-08-21T13:15:21+00:00,1,2026-08-21T17:30:00Z,player-ensemble-1.0,player-sim-2.0,player-sim-3.0-candidate,recommended_for_live_promotion,0.2,0.5,0.4,1.0,fpl-2026-27,1.05,397,437730,Semenyo,15,Man City,Midfielder,8.5,4.033,0.0,4.033,83.93,1.8,3.2,7.4,0.4745,4.095,2,3,8,3.787,1.0,3.0,8.0,0.05,0.0083
2026-08-21T13:15:21+00:00,1,2026-08-21T17:30:00Z,player-ensemble-1.0,player-sim-2.0,player-sim-3.0-candidate,recommended_for_live_promotion,0.2,0.5,0.4,1.0,fpl-2026-27,1.05,398,209244,Foden,15,Man City,Midfielder,7.0,2.823,0.0,2.823,53.84,0.8,2.2,5.800000000000001,0.4033,2.802,0,2,7,2.91,0,2.0,7.0,0.03,0.005
2026-08-21T13:15:21+00:00,1,2026-08-21T17:30:00Z,player-ensemble-1.0,player-sim-2.0,player-sim-3.0-candidate,recommended_for_live_promotion,0.2,0.5,0.4,1.0,fpl-2026-27,1.05,399,466052,Cherki,15,Man City,Midfielder,7.5,2.948,0.0,2.948,48.09,0.4,2.4000000000000004,6.200000000000001,0.3931,3.013,0,2,7,2.687,0,2.0,7.0,0.0317,0.0017
2026-08-21T13:15:21+00:00,1,2026-08-21T17:30:00Z,player-ensemble-1.0,player-sim-2.0,player-sim-3.0-candidate,recommended_for_live_promotion,0.2,0.5,0.4,1.0,fpl-2026-27,1.05,400,248875,Doku,15,Man City,Midfielder,7.5,0.0,0.0,0.0,0.0,0.0,0.0,0.0,0.0,0.0,0,0,0,0.0,0,0,0,0.0,0.0
2026-08-21T13:15:21+00:00,1,2026-08-21T17:30:00Z,player-ensemble-1.0,player-sim-2.0,player-sim-3.0-candidate,recommended_for_live_promotion,0.2,0.5,0.4,1.0,fpl-2026-27,1.04,401,438234,Marmoush,15,Man City,Forward,7.0,0.869,0.0,0.869,16.81,0.0,0.2,2.6000000000000005,0.1241,0.87,0,0,3,0.865,0,0,3.0,0.0083,0.0033
2026-08-21T13:15:21+00:00,1,2026-08-21T17:30:00Z,player-ensemble-1.0,player-sim-2.0,player-sim-3.0-candidate,recommended_for_live_promotion,0.2,0.5,0.4,1.0,fpl-2026-27,1.05,402,220566,Rodrigo,15,Man City,Midfielder,6.5,0.0,0.0,0.0,0.0,0.0,0.0,0.0,0.0,0.0,0,0,0,0.0,0,0,0,0.0,0.0
2026-08-21T13:15:21+00:00,1,2026-08-21T17:30:00Z,player-ensemble-1.0,player-sim-2.0,player-sim-3.0-candidate,recommended_for_live_promotion,0.2,0.5,0.4,1.0,fpl-2026-27,1.05,403,510281,Savinho,15,Man City,Midfielder,6.5,0.95,0.0,0.95,19.69,0.0,0.2,2.4000000000000004,0.1462,0.968,0,0,3,0.878,0,0,3.0,0.005,0.0
2026-08-21T13:15:21+00:00,1,2026-08-21T17:30:00Z,player-ensemble-1.0,player-sim-2.0,player-sim-3.0-candidate,recommended_for_live_promotion,0.2,0.5,0.4,1.0,fpl-2026-27,1.05,404,433036,Reijnders,15,Man City,Midfielder,6.0,0.0,0.0,0.0,0.0,0.0,0.0,0.0,0.0,0.0,0,0,0,0.0,0,0,0,0.0,0.0
2026-08-21T13:15:21+00:00,1,2026-08-21T17:30:00Z,player-ensemble-1.0,player-sim-2.0,player-sim-3.0-candidate,recommended_for_live_promotion,0.2,0.5,0.4,1.0,fpl-2026-27,1.05,405,465694,N.Gonzalez,15,Man City,Midfielder,5.5,1.599,0.0,1.599,39.01,0.0,1.2000000000000002,3.6000000000000005,0.2907,1.558,0,1,4,1.762,0,1.0,4.0,0.0067,0.0017
2026-08-21T13:15:21+00:00,1,2026-08-21T17:30:00Z,player-ensemble-1.0,player-sim-2.0,player-sim-3.0-candidate,recommended_for_live_promotion,0.2,0.5,0.4,1.0,fpl-2026-27,1.05,406,91651,Kovačić,15,Man City,Midfielder,5.5,0.119,0.0,0.119,2.38,0.0,0.0,0.2,0.0217,0.12,0,0,0,0.117,0,0,0,0.0,0.0
2026-08-21T13:15:21+00:00,1,2026-08-21T17:30:00Z,player-ensemble-1.0,player-sim-2.0,player-sim-3.0-candidate,recommended_for_live_promotion,0.2,0.5,0.4,1.0,fpl-2026-27,1.05,407,575204,Echeverri,15,Man City,Midfielder,5.0,1.209,0.0,1.209,30.76,0.0,0.8,3.2,0.2419,1.235,0,0,4,1.107,0,0,3.0,0.0067,0.0
2026-08-21T13:15:21+00:00,1,2026-08-21T17:30:00Z,player-ensemble-1.0,player-sim-2.0,player-sim-3.0-candidate,recommended_for_live_promotion,0.2,0.5,0.4,1.0,fpl-2026-27,1.05,408,155405,Phillips,15,Man City,Midfielder,5.0,0.0,0.0,0.0,0.0,0.0,0.0,0.0,0.0,0.0,0,0,0,0.0,0,0,0,0.0,0.0
2026-08-21T13:15:21+00:00,1,2026-08-21T17:30:00Z,player-ensemble-1.0,player-sim-2.0,player-sim-3.0-candidate,recommended_for_live_promotion,0.2,0.5,0.4,1.0,fpl-2026-27,1.05,409,590039,Mukasa,15,Man City,Midfielder,4.5,0.013,0.0,0.013,0.11,0.0,0.0,0.0,0.0028,0.008,0,0,0,0.03,0,0,0,0.0,0.0
2026-08-21T13:15:21+00:00,1,2026-08-21T17:30:00Z,player-ensemble-1.0,player-sim-2.0,player-sim-3.0-candidate,recommended_for_live_promotion,0.2,0.5,0.4,1.0,fpl-2026-27,1.05,410,649208,Monga,15,Man City,Midfielder,5.0,0.074,0.0,0.074,0.88,0.0,0.0,0.0,0.0148,0.077,0,0,0,0.063,0,0,0,0.0,0.0
2026-08-21T13:15:21+00:00,1,2026-08-21T17:30:00Z,player-ensemble-1.0,player-sim-2.0,player-sim-3.0-candidate,recommended_for_live_promotion,0.2,0.5,0.4,1.0,fpl-2026-27,1.04,411,223094,Haaland,15,Man City,Forward,15.5,5.547,0.0,5.547,79.16,2.2,5.200000000000001,9.600000000000001,0.3579,5.592,2,5,11,5.37,2.0,3.0,12.0,0.145,0.05
2026-08-21T13:15:21+00:00,1,2026-08-21T17:30:00Z,player-ensemble-1.0,player-sim-2.0,player-sim-3.0-candidate,recommended_for_live_promotion,0.2,0.5,0.4,1.0,fpl-2026-27,1.05,481,215379,Anderson,15,Man City,Midfielder,6.5,4.37,0.0,4.37,86.75,2.2,4.0,6.800000000000001,0.6723,4.362,2,4,7,4.402,2.0,4.0,8.0,0.0483,0.0017
2026-08-21T13:15:21+00:00,1,2026-08-21T17:30:00Z,player-ensemble-1.0,player-sim-2.0,player-sim-3.0-candidate,recommended_for_live_promotion,0.2,0.5,0.4,1.0,fpl-2026-27,1.08,587,106921,Rulli,15,Man City,Goalkeeper,5.0,0.971,0.0,0.971,19.74,0.0,0.0,3.2,0.1943,0.973,0,0,4,0.963,0,0,3.0,0.0,0.0
2026-08-21T13:15:21+00:00,1,2026-08-21T17:30:00Z,player-ensemble-1.0,player-sim-2.0,player-sim-3.0-candidate,recommended_for_live_promotion,0.2,0.5,0.4,1.0,fpl-2026-27,1.05,43,166989,Tielemans,16,Man Utd,Midfielder,6.0,2.259,0.0,2.259,51.02,0.4,2.0,4.6,0.3765,2.248,0,2,5,2.303,0,2.0,5.0,0.0117,0.0017
2026-08-21T13:15:21+00:00,1,2026-08-21T17:30:00Z,player-ensemble-1.0,player-sim-2.0,player-sim-3.0-candidate,recommended_for_live_promotion,0.2,0.5,0.4,1.0,fpl-2026-27,1.05,162,532605,Andrey Santos,16,Man Utd,Midfielder,5.0,1.407,0.0,1.407,32.77,0.0,0.8,3.2,0.2813,1.382,0,1,3,1.507,0,1.0,4.0,0.01,0.0
2026-08-21T13:15:21+00:00,1,2026-08-21T17:30:00Z,player-ensemble-1.0,player-sim-2.0,player-sim-3.0-candidate,recommended_for_live_promotion,0.2,0.5,0.4,1.0,fpl-2026-27,1.08,325,59735,Darlow,16,Man Utd,Goalkeeper,4.5,2.129,0.0,2.129,39.97,0.0,1.4000000000000001,5.6000000000000005,0.4731,2.118,0,1,7,2.172,0,1.0,7.0,0.0033,0.0
2026-08-21T13:15:21+00:00,1,2026-08-21T17:30:00Z,player-ensemble-1.0,player-sim-2.0,player-sim-3.0-candidate,recommended_for_live_promotion,0.2,0.5,0.4,1.0,fpl-2026-27,1.08,412,465247,Lammens,16,Man Utd,Goalkeeper,5.0,3.704,0.0,3.704,75.56,1.2000000000000002,3.0000000000000004,6.800000000000001,0.7408,3.718,1,3,7,3.647,1.0,3.0,7.0,0.0,0.0
2026-08-21T13:15:21+00:00,1,2026-08-21T17:30:00Z,player-ensemble-1.0,player-sim-2.0,player-sim-3.0-candidate,recommended_for_live_promotion,0.2,0.5,0.4,1.0,fpl-2026-27,1.08,413,451302,Bayindir,16,Man Utd,Goalkeeper,4.5,0.0,0.0,0.0,0.0,0.0,0.0,0.0,0.0,0.0,0,0,0,0.0,0,0,0,0.0,0.0
2026-08-21T13:15:21+00:00,1,2026-08-21T17:30:00Z,player-ensemble-1.0,player-sim-2.0,player-sim-3.0-candidate,recommended_for_live_promotion,0.2,0.5,0.4,1.0,fpl-2026-27,1.08,414,21205,Heaton,16,Man Utd,Goalkeeper,4.0,0.0,0.0,0.0,0.0,0.0,0.0,0.0,0.0,0.0,0,0,0,0.0,0,0,0,0.0,0.0
2026-08-21T13:15:21+00:00,1,2026-08-21T17:30:00Z,player-ensemble-1.0,player-sim-2.0,player-sim-3.0-candidate,recommended_for_live_promotion,0.2,0.5,0.4,1.0,fpl-2026-27,1.05,415,596777,Dorgu,16,Man Utd,Midfielder,6.0,1.694,0.0,1.694,36.59,0.0,1.2000000000000002,3.8000000000000003,0.2824,1.648,0,1,4,1.878,0,1.0,4.0,0.0183,0.0
2026-08-21T13:15:21+00:00,1,2026-08-21T17:30:00Z,player-ensemble-1.0,player-sim-2.0,player-sim-3.0-candidate,recommended_for_live_promotion,0.2,0.5,0.4,1.0,fpl-2026-27,1.0,416,209365,De Ligt,16,Man Utd,Defender,5.0,0.0,0.0,0.0,0.0,0.0,0.0,0.0,0.0,0.0,0,0,0,0.0,0,0,0,0.0,0.0
2026-08-21T13:15:21+00:00,1,2026-08-21T17:30:00Z,player-ensemble-1.0,player-sim-2.0,player-sim-3.0-candidate,recommended_for_live_promotion,0.2,0.5,0.4,1.0,fpl-2026-27,1.0,417,216051,Dalot,16,Man Utd,Defender,5.0,3.274,0.0,3.274,65.56,1.0,2.4000000000000004,6.4,0.6547,3.197,1,2,7,3.582,1.0,2.0,7.0,0.0283,0.01
2026-08-21T13:15:21+00:00,1,2026-08-21T17:30:00Z,player-ensemble-1.0,player-sim-2.0,player-sim-3.0-candidate,recommended_for_live_promotion,0.2,0.5,0.4,1.0,fpl-2026-27,1.0,418,95658,Maguire,16,Man Utd,Defender,5.0,2.404,0.0,2.404,45.22,0.2,1.6,6.000000000000001,0.4809,2.387,0,1,6,2.475,0,1.0,7.0,0.0183,0.0
2026-08-21T13:15:21+00:00,1,2026-08-21T17:30:00Z,player-ensemble-1.0,player-sim-2.0,player-sim-3.0-candidate,recommended_for_live_promotion,0.2,0.5,0.4,1.0,fpl-2026-27,1.0,419,221820,Martinez,16,Man Utd,Defender,5.0,1.534,0.0,1.534,34.18,0.0,1.0,4.800000000000001,0.3069,1.533,0,1,6,1.538,0,1.0,6.0,0.0033,0.0
2026-08-21T13:15:21+00:00,1,2026-08-21T17:30:00Z,player-ensemble-1.0,player-sim-2.0,player-sim-3.0-candidate,recommended_for_live_promotion,0.2,0.5,0.4,1.0,fpl-2026-27,1.0,420,550864,Yoro,16,Man Utd,Defender,5.0,2.343,0.0,2.343,45.03,0.2,1.6,6.000000000000001,0.4685,2.377,0,1,6,2.207,0,1.0,6.0,0.0133,0.0
2026-08-21T13:15:21+00:00,1,2026-08-21T17:30:00Z,player-ensemble-1.0,player-sim-2.0,player-sim-3.0-candidate,recommended_for_live_promotion,0.2,0.5,0.4,1.0,fpl-2026-27,1.0,421,606745,Heaven,16,Man Utd,Defender,4.5,1.334,0.0,1.334,25.12,0.0,0.6000000000000001,4.800000000000001,0.2964,1.32,0,0,6,1.39,0,0,6.0,0.0083,0.0
2026-08-21T13:15:21+00:00,1,2026-08-21T17:30:00Z,player-ensemble-1.0,player-sim-2.0,player-sim-3.0-candidate,recommended_for_live_promotion,0.2,0.5,0.4,1.0,fpl-2026-27,1.0,422,230001,Mazraoui,16,Man Utd,Defender,4.5,1.312,0.0,1.312,25.32,0.0,0.8,4.2,0.2916,1.293,0,0,5,1.388,0,0,6.0,0.005,0.0
2026-08-21T13:15:21+00:00,1,2026-08-21T17:30:00Z,player-ensemble-1.0,player-sim-2.0,player-sim-3.0-candidate,recommended_for_live_promotion,0.2,0.5,0.4,1.0,fpl-2026-27,1.0,423,106760,Shaw,16,Man Utd,Defender,4.5,3.61,0.0,3.61,84.58,1.2000000000000002,2.8000000000000003,6.000000000000001,0.8022,3.587,1,2,6,3.703,1.0,3.0,6.0,0.0083,0.0
2026-08-21T13:15:21+00:00,1,2026-08-21T17:30:00Z,player-ensemble-1.0,player-sim-2.0,player-sim-3.0-candidate,recommended_for_live_promotion,0.2,0.5,0.4,1.0,fpl-2026-27,1.0,424,577974,Amass,16,Man Utd,Defender,4.0,1.469,0.0,1.469,30.77,0.0,0.8,4.800000000000001,0.3673,1.453,0,0,6,1.533,0,0,6.0,0.0083,0.0
2026-08-21T13:15:21+00:00,1,2026-08-21T17:30:00Z,player-ensemble-1.0,player-sim-2.0,player-sim-3.0-candidate,recommended_for_live_promotion,0.2,0.5,0.4,1.0,fpl-2026-27,1.0,425,547676,Fredricson,16,Man Utd,Defender,4.0,0.0,0.0,0.0,0.0,0.0,0.0,0.0,0.0,0.0,0,0,0,0.0,0,0,0,0.0,0.0
2026-08-21T13:15:21+00:00,1,2026-08-21T17:30:00Z,player-ensemble-1.0,player-sim-2.0,player-sim-3.0-candidate,recommended_for_live_promotion,0.2,0.5,0.4,1.0,fpl-2026-27,1.05,426,141746,B.Fernandes,16,Man Utd,Midfielder,12.0,5.422,0.0,5.422,79.45,2.2,4.800000000000001,9.4,0.4518,5.452,2,5,10,5.303,2.0,4.0,11.0,0.1433,0.0383
2026-08-21T13:15:21+00:00,1,2026-08-21T17:30:00Z,player-ensemble-1.0,player-sim-2.0,player-sim-3.0-candidate,recommended_for_live_promotion,0.2,0.5,0.4,1.0,fpl-2026-27,1.05,427,446008,Mbeumo,16,Man Utd,Midfielder,8.0,4.398,0.0,4.398,70.04,1.6,3.8000000000000003,7.6000000000000005,0.5497,4.413,1,3,8,4.335,1.0,3.0,9.0,0.0783,0.0133
2026-08-21T13:15:21+00:00,1,2026-08-21T17:30:00Z,player-ensemble-1.0,player-sim-2.0,player-sim-3.0-candidate,recommended_for_live_promotion,0.2,0.5,0.4,1.0,fpl-2026-27,1.05,428,430871,Cunha,16,Man Utd,Midfielder,8.0,3.502,0.0,3.502,64.81,1.2000000000000002,2.8000000000000003,6.800000000000001,0.4377,3.548,1,3,8,3.317,1.0,2.0,8.0,0.0317,0.0083
2026-08-21T13:15:21+00:00,1,2026-08-21T17:30:00Z,player-ensemble-1.0,player-sim-2.0,player-sim-3.0-candidate,recommended_for_live_promotion,0.2,0.5,0.4,1.0,fpl-2026-27,1.05,429,176297,Rashford,16,Man Utd,Midfielder,7.0,1.174,0.0,1.174,29.18,0.0,0.8,3.0000000000000004,0.1677,1.207,0,0,3,1.043,0,0,3.0,0.0017,0.0
2026-08-21T13:15:21+00:00,1,2026-08-21T17:30:00Z,player-ensemble-1.0,player-sim-2.0,player-sim-3.0-candidate,recommended_for_live_promotion,0.2,0.5,0.4,1.0,fpl-2026-27,1.05,430,184341,Mount,16,Man Utd,Midfielder,5.5,0.625,0.0,0.625,12.44,0.0,0.0,2.2,0.1136,0.615,0,0,2,0.663,0,0,2.0,0.0033,0.0
2026-08-21T13:15:21+00:00,1,2026-08-21T17:30:00Z,player-ensemble-1.0,player-sim-2.0,player-sim-3.0-candidate,recommended_for_live_promotion,0.2,0.5,0.4,1.0,fpl-2026-27,1.05,431,493250,Amad,16,Man Utd,Midfielder,6.0,3.151,0.0,3.151,59.7,1.2000000000000002,2.8,5.800000000000001,0.5251,3.148,1,3,6,3.16,1.0,2.0,7.0,0.0317,0.0033
2026-08-21T13:15:21+00:00,1,2026-08-21T17:30:00Z,player-ensemble-1.0,player-sim-2.0,player-sim-3.0-candidate,recommended_for_live_promotion,0.2,0.5,0.4,1.0,fpl-2026-27,1.05,432,516895,Mainoo,16,Man Utd,Midfielder,5.5,1.727,0.0,1.727,42.08,0.2,1.2000000000000002,3.6,0.314,1.732,0,1,4,1.708,0,1.0,4.0,0.005,0.0
2026-08-21T13:15:21+00:00,1,2026-08-21T17:30:00Z,player-ensemble-1.0,player-sim-2.0,player-sim-3.0-candidate,recommended_for_live_promotion,0.2,0.5,0.4,1.0,fpl-2026-27,1.05,433,232112,Ugarte,16,Man Utd,Midfielder,5.0,0.0,0.0,0.0,0.0,0.0,0.0,0.0,0.0,0.0,0,0,0,0.0,0,0,0,0.0,0.0
2026-08-21T13:15:21+00:00,1,2026-08-21T17:30:00Z,player-ensemble-1.0,player-sim-2.0,player-sim-3.0-candidate,recommended_for_live_promotion,0.2,0.5,0.4,1.0,fpl-2026-27,1.05,434,547037,J.Fletcher,16,Man Utd,Midfielder,5.0,0.065,0.0,0.065,0.84,0.0,0.0,0.2,0.013,0.062,0,0,0,0.078,0,0,0,0.0,0.0
2026-08-21T13:15:21+00:00,1,2026-08-21T17:30:00Z,player-ensemble-1.0,player-sim-2.0,player-sim-3.0-candidate,recommended_for_live_promotion,0.2,0.5,0.4,1.0,fpl-2026-27,1.05,435,576628,Lacey,16,Man Utd,Midfielder,5.0,0.019,0.0,0.019,0.37,0.0,0.0,0.0,0.0039,0.022,0,0,0,0.01,0,0,0,0.0,0.0
2026-08-21T13:15:21+00:00,1,2026-08-21T17:30:00Z,player-ensemble-1.0,player-sim-2.0,player-sim-3.0-candidate,recommended_for_live_promotion,0.2,0.5,0.4,1.0,fpl-2026-27,1.05,436,490881,Collyer,16,Man Utd,Midfielder,5.0,1.11,0.0,1.11,27.7,0.0,0.6000000000000001,3.0000000000000004,0.222,1.122,0,0,3,1.063,0,0,3.0,0.0083,0.0017
2026-08-21T13:15:21+00:00,1,2026-08-21T17:30:00Z,player-ensemble-1.0,player-sim-2.0,player-sim-3.0-candidate,recommended_for_live_promotion,0.2,0.5,0.4,1.0,fpl-2026-27,1.05,437,576620,Bendito Mantato,16,Man Utd,Midfielder,4.5,0.008,0.0,0.008,0.13,0.0,0.0,0.0,0.0018,0.007,0,0,0,0.015,0,0,0,0.0,0.0
2026-08-21T13:15:21+00:00,1,2026-08-21T17:30:00Z,player-ensemble-1.0,player-sim-2.0,player-sim-3.0-candidate,recommended_for_live_promotion,0.2,0.5,0.4,1.0,fpl-2026-27,1.05,438,519913,Fletcher,16,Man Utd,Midfielder,4.5,0.016,0.0,0.016,0.16,0.0,0.0,0.0,0.0036,0.018,0,0,0,0.008,0,0,0,0.0,0.0
2026-08-21T13:15:21+00:00,1,2026-08-21T17:30:00Z,player-ensemble-1.0,player-sim-2.0,player-sim-3.0-candidate,recommended_for_live_promotion,0.2,0.5,0.4,1.0,fpl-2026-27,1.04,439,485711,Šeško,16,Man Utd,Forward,7.0,2.011,0.0,2.011,34.25,0.0,1.2000000000000002,5.4,0.2872,2.033,0,1,6,1.92,0,1.0,6.0,0.0233,0.0067
2026-08-21T13:15:21+00:00,1,2026-08-21T17:30:00Z,player-ensemble-1.0,player-sim-2.0,player-sim-3.0-candidate,recommended_for_live_promotion,0.2,0.5,0.4,1.0,fpl-2026-27,1.04,440,458249,Zirkzee,16,Man Utd,Forward,5.5,0.67,0.0,0.67,13.41,0.0,0.0,1.8,0.1218,0.698,0,0,2,0.557,0,0,2.0,0.005,0.0
2026-08-21T13:15:21+00:00,1,2026-08-21T17:30:00Z,player-ensemble-1.0,player-sim-2.0,player-sim-3.0-candidate,recommended_for_live_promotion,0.2,0.5,0.4,1.0,fpl-2026-27,1.04,441,596047,Obi,16,Man Utd,Forward,4.5,0.945,0.0,0.945,20.42,0.0,0.4,2.4000000000000004,0.2101,0.955,0,0,3,0.907,0,0,2.0,0.0017,0.0
2026-08-21T13:15:21+00:00,1,2026-08-21T17:30:00Z,player-ensemble-1.0,player-sim-2.0,player-sim-3.0-candidate,recommended_for_live_promotion,0.2,0.5,0.4,1.0,fpl-2026-27,1.08,442,98747,Pope,17,Newcastle,Goalkeeper,5.0,2.703,0.0,2.703,63.62,1.0,2.2,5.800000000000001,0.5405,2.712,1,2,6,2.667,1.0,2.0,7.0,0.0,0.0
2026-08-21T13:15:21+00:00,1,2026-08-21T17:30:00Z,player-ensemble-1.0,player-sim-2.0,player-sim-3.0-candidate,recommended_for_live_promotion,0.2,0.5,0.4,1.0,fpl-2026-27,1.08,443,81441,Gillespie,17,Newcastle,Goalkeeper,4.5,0.932,0.0,0.932,24.84,0.0,0.0,3.2,0.2071,0.993,0,0,3,0.687,0,0,3.0,0.0,0.0
2026-08-21T13:15:21+00:00,1,2026-08-21T17:30:00Z,player-ensemble-1.0,player-sim-2.0,player-sim-3.0-candidate,recommended_for_live_promotion,0.2,0.5,0.4,1.0,fpl-2026-27,1.08,444,554578,Jaouen,17,Newcastle,Goalkeeper,4.5,0.9,0.0,0.9,21.68,0.0,0.0,3.2,0.1999,0.913,0,0,3,0.845,0,0,3.0,0.0017,0.0
2026-08-21T13:15:21+00:00,1,2026-08-21T17:30:00Z,player-ensemble-1.0,player-sim-2.0,player-sim-3.0-candidate,recommended_for_live_promotion,0.2,0.5,0.4,1.0,fpl-2026-27,1.0,445,465642,Thiaw,17,Newcastle,Defender,5.0,3.812,0.0,3.812,77.82,1.0,3.2,7.200000000000001,0.7624,3.83,1,3,8,3.74,1.0,3.0,8.0,0.045,0.015
2026-08-21T13:15:21+00:00,1,2026-08-21T17:30:00Z,player-ensemble-1.0,player-sim-2.0,player-sim-3.0-candidate,recommended_for_live_promotion,0.2,0.5,0.4,1.0,fpl-2026-27,1.0,446,119471,Schär,17,Newcastle,Defender,5.0,1.266,0.0,1.266,27.75,0.0,0.8,4.0,0.2532,1.227,0,0,4,1.423,0,0,4.0,0.0133,0.0
2026-08-21T13:15:21+00:00,1,2026-08-21T17:30:00Z,player-ensemble-1.0,player-sim-2.0,player-sim-3.0-candidate,recommended_for_live_promotion,0.2,0.5,0.4,1.0,fpl-2026-27,1.0,447,220237,Botman,17,Newcastle,Defender,5.0,2.601,0.0,2.601,50.92,0.4,1.8,6.200000000000001,0.5203,2.58,0,2,7,2.687,0,1.0,7.0,0.0167,0.0033
2026-08-21T13:15:21+00:00,1,2026-08-21T17:30:00Z,player-ensemble-1.0,player-sim-2.0,player-sim-3.0-candidate,recommended_for_live_promotion,0.2,0.5,0.4,1.0,fpl-2026-27,1.0,448,78916,Burn,17,Newcastle,Defender,5.0,2.311,0.0,2.311,56.52,0.4,1.8,5.200000000000001,0.4621,2.285,0,1,6,2.413,0,1.0,6.0,0.01,0.0
2026-08-21T13:15:21+00:00,1,2026-08-21T17:30:00Z,player-ensemble-1.0,player-sim-2.0,player-sim-3.0-candidate,recommended_for_live_promotion,0.2,0.5,0.4,1.0,fpl-2026-27,1.0,449,487838,Hall,17,Newcastle,Defender,5.0,2.505,0.0,2.505,58.57,1.0,1.8,5.800000000000001,0.5011,2.57,1,2,6,2.247,1.0,1.0,6.0,0.01,0.0
2026-08-21T13:15:21+00:00,1,2026-08-21T17:30:00Z,player-ensemble-1.0,player-sim-2.0,player-sim-3.0-candidate,recommended_for_live_promotion,0.2,0.5,0.4,1.0,fpl-2026-27,1.0,450,441191,Livramento,17,Newcastle,Defender,5.0,0.0,0.0,0.0,0.0,0.0,0.0,0.0,0.0,0.0,0,0,0,0.0,0,0,0,0.0,0.0
2026-08-21T13:15:21+00:00,1,2026-08-21T17:30:00Z,player-ensemble-1.0,player-sim-2.0,player-sim-3.0-candidate,recommended_for_live_promotion,0.2,0.5,0.4,1.0,fpl-2026-27,1.0,451,545477,A.Murphy,17,Newcastle,Defender,4.0,0.0,0.0,0.0,0.0,0.0,0.0,0.0,0.0,0.0,0,0,0,0.0,0,0,0,0.0,0.0
2026-08-21T13:15:21+00:00,1,2026-08-21T17:30:00Z,player-ensemble-1.0,player-sim-2.0,player-sim-3.0-candidate,recommended_for_live_promotion,0.2,0.5,0.4,1.0,fpl-2026-27,1.05,453,201666,Barnes,17,Newcastle,Midfielder,6.0,2.346,0.0,2.346,47.31,0.4,1.8,5.4,0.3909,2.31,0,1,6,2.488,0,2.0,7.0,0.025,0.0067
2026-08-21T13:15:21+00:00,1,2026-08-21T17:30:00Z,player-ensemble-1.0,player-sim-2.0,player-sim-3.0-candidate,recommended_for_live_promotion,0.2,0.5,0.4,1.0,fpl-2026-27,1.05,454,449434,Elanga,17,Newcastle,Midfielder,6.0,1.297,0.0,1.297,35.32,0.0,1.0,2.6000000000000005,0.2162,1.297,0,1,3,1.3,0,1.0,3.0,0.0017,0.0
2026-08-21T13:15:21+00:00,1,2026-08-21T17:30:00Z,player-ensemble-1.0,player-sim-2.0,player-sim-3.0-candidate,recommended_for_live_promotion,0.2,0.5,0.4,1.0,fpl-2026-27,1.05,456,232653,J.Ramsey,17,Newcastle,Midfielder,5.0,1.311,0.0,1.311,35.54,0.0,0.8,2.8000000000000003,0.2623,1.307,0,1,3,1.33,0,1.0,3.0,0.005,0.0
2026-08-21T13:15:21+00:00,1,2026-08-21T17:30:00Z,player-ensemble-1.0,player-sim-2.0,player-sim-3.0-candidate,recommended_for_live_promotion,0.2,0.5,0.4,1.0,fpl-2026-27,1.05,457,114243,J.Murphy,17,Newcastle,Midfielder,6.0,1.842,0.0,1.842,42.6,0.2,1.6,4.2,0.307,1.868,0,1,5,1.737,0,1.0,4.0,0.0067,0.0
2026-08-21T13:15:21+00:00,1,2026-08-21T17:30:00Z,player-ensemble-1.0,player-sim-2.0,player-sim-3.0-candidate,recommended_for_live_promotion,0.2,0.5,0.4,1.0,fpl-2026-27,1.05,458,180974,Joelinton,17,Newcastle,Midfielder,5.5,0.0,0.0,0.0,0.0,0.0,0.0,0.0,0.0,0.0,0,0,0,0.0,0,0,0,0.0,0.0
2026-08-21T13:15:21+00:00,1,2026-08-21T17:30:00Z,player-ensemble-1.0,player-sim-2.0,player-sim-3.0-candidate,recommended_for_live_promotion,0.2,0.5,0.4,1.0,fpl-2026-27,1.05,459,547719,L.Miley,17,Newcastle,Midfielder,5.5,1.714,0.0,1.714,40.85,0.0,1.4000000000000001,4.0,0.3116,1.772,0,1,5,1.482,0,1.0,4.0,0.005,0.0
2026-08-21T13:15:21+00:00,1,2026-08-21T17:30:00Z,player-ensemble-1.0,player-sim-2.0,player-sim-3.0-candidate,recommended_for_live_promotion,0.2,0.5,0.4,1.0,fpl-2026-27,1.05,460,200089,Willock,17,Newcastle,Midfielder,5.0,1.101,0.0,1.101,27.84,0.0,0.4,2.6000000000000005,0.2201,1.127,0,0,3,0.997,0,0,3.0,0.0033,0.0
2026-08-21T13:15:21+00:00,1,2026-08-21T17:30:00Z,player-ensemble-1.0,player-sim-2.0,player-sim-3.0-candidate,recommended_for_live_promotion,0.2,0.5,0.4,1.0,fpl-2026-27,1.05,461,611665,Touré,17,Newcastle,Midfielder,6.0,1.093,0.0,1.093,27.61,0.0,0.6000000000000001,2.6,0.1822,1.085,0,0,3,1.127,0,0,3.0,0.005,0.0
2026-08-21T13:15:21+00:00,1,2026-08-21T17:30:00Z,player-ensemble-1.0,player-sim-2.0,player-sim-3.0-candidate,recommended_for_live_promotion,0.2,0.5,0.4,1.0,fpl-2026-27,1.05,462,636852,Steur,17,Newcastle,Midfielder,5.0,1.093,0.0,1.093,30.05,0.0,0.6000000000000001,2.8000000000000003,0.2186,1.122,0,0,3,0.978,0,0,3.0,0.0017,0.0
2026-08-21T13:15:21+00:00,1,2026-08-21T17:30:00Z,player-ensemble-1.0,player-sim-2.0,player-sim-3.0-candidate,recommended_for_live_promotion,0.2,0.5,0.4,1.0,fpl-2026-27,1.04,463,470313,Woltemade,17,Newcastle,Forward,6.0,2.358,0.0,2.358,51.18,0.4,2.0,5.000000000000001,0.393,2.39,0,2,6,2.232,0,2.0,6.0,0.015,0.0017
2026-08-21T13:15:21+00:00,1,2026-08-21T17:30:00Z,player-ensemble-1.0,player-sim-2.0,player-sim-3.0-candidate,recommended_for_live_promotion,0.2,0.5,0.4,1.0,fpl-2026-27,1.04,464,216646,Wissa,17,Newcastle,Forward,6.0,0.561,0.0,0.561,13.21,0.0,0.0,1.6,0.0934,0.587,0,0,2,0.457,0,0,1.0,0.0067,0.0
2026-08-21T13:15:21+00:00,1,2026-08-21T17:30:00Z,player-ensemble-1.0,player-sim-2.0,player-sim-3.0-candidate,recommended_for_live_promotion,0.2,0.5,0.4,1.0,fpl-2026-27,1.04,465,538207,Osula,17,Newcastle,Forward,6.0,1.269,0.0,1.269,24.19,0.0,0.4,3.8000000000000003,0.2115,1.268,0,0,4,1.272,0,0,4.0,0.0183,0.0017
2026-08-21T13:15:21+00:00,1,2026-08-21T17:30:00Z,player-ensemble-1.0,player-sim-2.0,player-sim-3.0-candidate,recommended_for_live_promotion,0.2,0.5,0.4,1.0,fpl-2026-27,1.04,466,599303,Neave,17,Newcastle,Forward,4.5,0.008,0.0,0.008,0.12,0.0,0.0,0.0,0.0018,0.005,0,0,0,0.02,0,0,0,0.0,0.0
2026-08-21T13:15:21+00:00,1,2026-08-21T17:30:00Z,player-ensemble-1.0,player-sim-2.0,player-sim-3.0-candidate,recommended_for_live_promotion,0.2,0.5,0.4,1.0,fpl-2026-27,1.05,559,632794,Bamba,17,Newcastle,Midfielder,5.0,1.063,0.0,1.063,28.09,0.0,0.6000000000000001,2.4000000000000004,0.2125,1.06,0,0,3,1.073,0,0,3.0,0.0067,0.0
2026-08-21T13:15:21+00:00,1,2026-08-21T17:30:00Z,player-ensemble-1.0,player-sim-2.0,player-sim-3.0-candidate,recommended_for_live_promotion,0.2,0.5,0.4,1.0,fpl-2026-27,1.08,567,470551,Horníček,17,Newcastle,Goalkeeper,5.0,0.889,0.0,0.889,22.45,0.0,0.0,3.2,0.1778,0.958,0,0,4,0.612,0,0,2.0,0.0,0.0
2026-08-21T13:15:21+00:00,1,2026-08-21T17:30:00Z,player-ensemble-1.0,player-sim-2.0,player-sim-3.0-candidate,recommended_for_live_promotion,0.2,0.5,0.4,1.0,fpl-2026-27,1.0,593,463726,Dedić,17,Newcastle,Defender,4.5,1.106,0.0,1.106,27.59,0.0,0.4,3.2,0.2458,1.078,0,0,4,1.218,0,0,4.0,0.005,0.0
2026-08-21T13:15:21+00:00,1,2026-08-21T17:30:00Z,player-ensemble-1.0,player-sim-2.0,player-sim-3.0-candidate,recommended_for_live_promotion,0.2,0.5,0.4,1.0,fpl-2026-27,1.08,467,85633,Sels,18,Nott'm Forest,Goalkeeper,5.0,3.574,0.0,3.574,70.05,1.2000000000000002,3.0,6.6000000000000005,0.7148,3.563,1,3,7,3.617,1.0,3.0,7.0,0.005,0.0
2026-08-21T13:15:21+00:00,1,2026-08-21T17:30:00Z,player-ensemble-1.0,player-sim-2.0,player-sim-3.0-candidate,recommended_for_live_promotion,0.2,0.5,0.4,1.0,fpl-2026-27,1.08,468,221389,John,18,Nott'm Forest,Goalkeeper,4.5,0.538,0.0,0.538,10.55,0.0,0.0,1.6,0.1196,0.545,0,0,2,0.51,0,0,2.0,0.0,0.0
2026-08-21T13:15:21+00:00,1,2026-08-21T17:30:00Z,player-ensemble-1.0,player-sim-2.0,player-sim-3.0-candidate,recommended_for_live_promotion,0.2,0.5,0.4,1.0,fpl-2026-27,1.0,469,215136,N.Williams,18,Nott'm Forest,Defender,5.0,4.29,0.0,4.29,82.78,1.6,4.0,7.6000000000000005,0.858,4.305,1,4,8,4.23,1.0,4.0,8.0,0.0383,0.0067
2026-08-21T13:15:21+00:00,1,2026-08-21T17:30:00Z,player-ensemble-1.0,player-sim-2.0,player-sim-3.0-candidate,recommended_for_live_promotion,0.2,0.5,0.4,1.0,fpl-2026-27,1.0,470,485047,Morato,18,Nott'm Forest,Defender,5.0,2.009,0.0,2.009,36.56,0.0,1.0,5.4,0.4019,2.037,0,1,6,1.9,0,1.0,6.0,0.015,0.0
2026-08-21T13:15:21+00:00,1,2026-08-21T17:30:00Z,player-ensemble-1.0,player-sim-2.0,player-sim-3.0-candidate,recommended_for_live_promotion,0.2,0.5,0.4,1.0,fpl-2026-27,1.0,471,227444,Milenković,18,Nott'm Forest,Defender,5.5,4.161,0.0,4.161,86.76,1.8,3.8000000000000003,7.200000000000001,0.7565,4.155,1,4,8,4.183,1.0,4.0,8.0,0.02,0.0033
2026-08-21T13:15:21+00:00,1,2026-08-21T17:30:00Z,player-ensemble-1.0,player-sim-2.0,player-sim-3.0-candidate,recommended_for_live_promotion,0.2,0.5,0.4,1.0,fpl-2026-27,1.0,472,575476,Murillo,18,Nott'm Forest,Defender,5.5,3.199,0.0,3.199,56.63,1.0,2.4000000000000004,6.4,0.5816,3.217,1,2,7,3.127,1.0,2.0,7.0,0.015,0.0
2026-08-21T13:15:21+00:00,1,2026-08-21T17:30:00Z,player-ensemble-1.0,player-sim-2.0,player-sim-3.0-candidate,recommended_for_live_promotion,0.2,0.5,0.4,1.0,fpl-2026-27,1.0,473,159506,Aina,18,Nott'm Forest,Defender,4.5,2.194,0.0,2.194,41.21,0.0,1.4000000000000001,5.200000000000001,0.4876,2.173,0,1,6,2.278,0,1.0,6.0,0.015,0.0033
2026-08-21T13:15:21+00:00,1,2026-08-21T17:30:00Z,player-ensemble-1.0,player-sim-2.0,player-sim-3.0-candidate,recommended_for_live_promotion,0.2,0.5,0.4,1.0,fpl-2026-27,1.0,474,575458,Jair Cunha,18,Nott'm Forest,Defender,4.5,0.955,0.0,0.955,17.07,0.0,0.0,3.6,0.2122,0.995,0,0,4,0.795,0,0,2.0,0.0067,0.0
2026-08-21T13:15:21+00:00,1,2026-08-21T17:30:00Z,player-ensemble-1.0,player-sim-2.0,player-sim-3.0-candidate,recommended_for_live_promotion,0.2,0.5,0.4,1.0,fpl-2026-27,1.0,475,500151,Savona,18,Nott'm Forest,Defender,4.5,0.0,0.0,0.0,0.0,0.0,0.0,0.0,0.0,0.0,0,0,0,0.0,0,0,0,0.0,0.0
2026-08-21T13:15:21+00:00,1,2026-08-21T17:30:00Z,player-ensemble-1.0,player-sim-2.0,player-sim-3.0-candidate,recommended_for_live_promotion,0.2,0.5,0.4,1.0,fpl-2026-27,1.0,476,204822,O.Richards,18,Nott'm Forest,Defender,4.0,1.523,0.0,1.523,29.84,0.0,0.8,4.800000000000001,0.3807,1.538,0,0,6,1.46,0,0,6.0,0.01,0.0
2026-08-21T13:15:21+00:00,1,2026-08-21T17:30:00Z,player-ensemble-1.0,player-sim-2.0,player-sim-3.0-candidate,recommended_for_live_promotion,0.2,0.5,0.4,1.0,fpl-2026-27,1.0,477,549067,Abbott,18,Nott'm Forest,Defender,4.0,0.244,0.0,0.244,4.35,0.0,0.0,0.4,0.061,0.245,0,0,0,0.24,0,0,0,0.0,0.0
2026-08-21T13:15:21+00:00,1,2026-08-21T17:30:00Z,player-ensemble-1.0,player-sim-2.0,player-sim-3.0-candidate,recommended_for_live_promotion,0.2,0.5,0.4,1.0,fpl-2026-27,1.0,478,470315,Netz,18,Nott'm Forest,Defender,4.5,0.49,0.0,0.49,9.34,0.0,0.0,1.6,0.109,0.51,0,0,1,0.412,0,0,1.0,0.0,0.0
2026-08-21T13:15:21+00:00,1,2026-08-21T17:30:00Z,player-ensemble-1.0,player-sim-2.0,player-sim-3.0-candidate,recommended_for_live_promotion,0.2,0.5,0.4,1.0,fpl-2026-27,1.0,479,538638,Bindon,18,Nott'm Forest,Defender,4.0,1.443,0.0,1.443,28.84,0.0,0.6000000000000001,4.800000000000001,0.3608,1.44,0,0,6,1.455,0,0,6.0,0.0083,0.0
2026-08-21T13:15:21+00:00,1,2026-08-21T17:30:00Z,player-ensemble-1.0,player-sim-2.0,player-sim-3.0-candidate,recommended_for_live_promotion,0.2,0.5,0.4,1.0,fpl-2026-27,1.05,480,222531,Gibbs-White,18,Nott'm Forest,Midfielder,8.0,4.31,0.0,4.31,82.12,2.0,3.4000000000000004,7.4,0.5388,4.292,2,3,8,4.385,2.0,3.0,9.0,0.0833,0.015
2026-08-21T13:15:21+00:00,1,2026-08-21T17:30:00Z,player-ensemble-1.0,player-sim-2.0,player-sim-3.0-candidate,recommended_for_live_promotion,0.2,0.5,0.4,1.0,fpl-2026-27,1.05,482,209046,Hudson-Odoi,18,Nott'm Forest,Midfielder,6.0,2.36,0.0,2.36,48.74,0.2,2.0,5.000000000000001,0.3933,2.365,0,2,6,2.34,0,2.0,6.0,0.0267,0.0017
2026-08-21T13:15:21+00:00,1,2026-08-21T17:30:00Z,player-ensemble-1.0,player-sim-2.0,player-sim-3.0-candidate,recommended_for_live_promotion,0.2,0.5,0.4,1.0,fpl-2026-27,1.05,483,456512,Ndoye,18,Nott'm Forest,Midfielder,5.5,1.408,0.0,1.408,29.64,0.0,0.8,3.2,0.2559,1.387,0,1,4,1.492,0,1.0,4.0,0.0067,0.0017
2026-08-21T13:15:21+00:00,1,2026-08-21T17:30:00Z,player-ensemble-1.0,player-sim-2.0,player-sim-3.0-candidate,recommended_for_live_promotion,0.2,0.5,0.4,1.0,fpl-2026-27,1.05,484,503301,Hutchinson,18,Nott'm Forest,Midfielder,5.5,1.944,0.0,1.944,44.2,0.2,1.6,4.2,0.3535,1.953,0,1,5,1.908,0,1.0,5.0,0.005,0.0017
2026-08-21T13:15:21+00:00,1,2026-08-21T17:30:00Z,player-ensemble-1.0,player-sim-2.0,player-sim-3.0-candidate,recommended_for_live_promotion,0.2,0.5,0.4,1.0,fpl-2026-27,1.05,485,476887,Bakwa,18,Nott'm Forest,Midfielder,5.5,0.635,0.0,0.635,15.71,0.0,0.0,2.4000000000000004,0.1155,0.658,0,0,2,0.543,0,0,2.0,0.0033,0.0
2026-08-21T13:15:21+00:00,1,2026-08-21T17:30:00Z,player-ensemble-1.0,player-sim-2.0,player-sim-3.0-candidate,recommended_for_live_promotion,0.2,0.5,0.4,1.0,fpl-2026-27,1.05,486,432714,McAtee,18,Nott'm Forest,Midfielder,5.5,0.265,0.0,0.265,6.64,0.0,0.0,0.8,0.0482,0.265,0,0,1,0.265,0,0,1.0,0.0,0.0
2026-08-21T13:15:21+00:00,1,2026-08-21T17:30:00Z,player-ensemble-1.0,player-sim-2.0,player-sim-3.0-candidate,recommended_for_live_promotion,0.2,0.5,0.4,1.0,fpl-2026-27,1.05,487,250199,Dominguez,18,Nott'm Forest,Midfielder,5.0,1.49,0.0,1.49,30.16,0.0,1.0,3.2,0.2981,1.428,0,1,3,1.738,0,1.0,4.0,0.01,0.0
2026-08-21T13:15:21+00:00,1,2026-08-21T17:30:00Z,player-ensemble-1.0,player-sim-2.0,player-sim-3.0-candidate,recommended_for_live_promotion,0.2,0.5,0.4,1.0,fpl-2026-27,1.05,488,210462,I.Sangaré,18,Nott'm Forest,Midfielder,5.0,2.354,0.0,2.354,53.41,0.8,2.0,4.6,0.4707,2.323,0,2,5,2.475,0,2.0,5.0,0.01,0.0
2026-08-21T13:15:21+00:00,1,2026-08-21T17:30:00Z,player-ensemble-1.0,player-sim-2.0,player-sim-3.0-candidate,recommended_for_live_promotion,0.2,0.5,0.4,1.0,fpl-2026-27,1.05,489,204968,Yates,18,Nott'm Forest,Midfielder,4.5,0.0,0.0,0.0,0.0,0.0,0.0,0.0,0.0,0.0,0,0,0,0.0,0,0,0,0.0,0.0
2026-08-21T13:15:21+00:00,1,2026-08-21T17:30:00Z,player-ensemble-1.0,player-sim-2.0,player-sim-3.0-candidate,recommended_for_live_promotion,0.2,0.5,0.4,1.0,fpl-2026-27,1.04,490,60689,Wood,18,Nott'm Forest,Forward,6.0,1.206,0.0,1.206,23.9,0.0,0.4,3.8000000000000003,0.2009,1.242,0,0,4,1.062,0,0,3.0,0.0133,0.0033
2026-08-21T13:15:21+00:00,1,2026-08-21T17:30:00Z,player-ensemble-1.0,player-sim-2.0,player-sim-3.0-candidate,recommended_for_live_promotion,0.2,0.5,0.4,1.0,fpl-2026-27,1.04,491,482973,Igor Jesus,18,Nott'm Forest,Forward,6.0,2.898,0.0,2.898,60.8,1.2000000000000002,2.2,5.200000000000001,0.4829,2.885,1,2,6,2.948,1.0,2.0,6.0,0.0267,0.0067
2026-08-21T13:15:21+00:00,1,2026-08-21T17:30:00Z,player-ensemble-1.0,player-sim-2.0,player-sim-3.0-candidate,recommended_for_live_promotion,0.2,0.5,0.4,1.0,fpl-2026-27,1.04,493,465680,Kalimuendo,18,Nott'm Forest,Forward,5.5,0.045,0.0,0.045,0.64,0.0,0.0,0.0,0.0082,0.043,0,0,0,0.052,0,0,0,0.0,0.0
2026-08-21T13:15:21+00:00,1,2026-08-21T17:30:00Z,player-ensemble-1.0,player-sim-2.0,player-sim-3.0-candidate,recommended_for_live_promotion,0.2,0.5,0.4,1.0,fpl-2026-27,1.05,558,204561,Schlager,18,Nott'm Forest,Midfielder,5.0,1.136,0.0,1.136,27.45,0.0,0.8,2.8000000000000003,0.2272,1.1,0,0,3,1.28,0,0,3.0,0.005,0.0
2026-08-21T13:15:21+00:00,1,2026-08-21T17:30:00Z,player-ensemble-1.0,player-sim-2.0,player-sim-3.0-candidate,recommended_for_live_promotion,0.2,0.5,0.4,1.0,fpl-2026-27,1.0,581,568420,Diomande,18,Nott'm Forest,Defender,5.5,1.459,0.0,1.459,28.73,0.0,0.6000000000000001,4.800000000000001,0.2652,1.488,0,0,6,1.34,0,0,6.0,0.0067,0.0
2026-08-21T13:15:21+00:00,1,2026-08-21T17:30:00Z,player-ensemble-1.0,player-sim-2.0,player-sim-3.0-candidate,recommended_for_live_promotion,0.2,0.5,0.4,1.0,fpl-2026-27,1.08,590,428971,Benda,18,Nott'm Forest,Goalkeeper,4.5,0.934,0.0,0.934,19.58,0.0,0.0,3.0000000000000004,0.2076,0.895,0,0,3,1.09,0,0,4.0,0.0,0.0
2026-08-21T13:15:21+00:00,1,2026-08-21T17:30:00Z,player-ensemble-1.0,player-sim-2.0,player-sim-3.0-candidate,recommended_for_live_promotion,0.2,0.5,0.4,1.0,fpl-2026-27,1.0,112,469142,Van Hecke,19,Spurs,Defender,5.0,3.933,0.0,3.933,84.27,1.2000000000000002,3.4000000000000004,7.2,0.7865,3.955,1,3,8,3.843,1.0,3.0,8.0,0.0433,0.005
2026-08-21T13:15:21+00:00,1,2026-08-21T17:30:00Z,player-ensemble-1.0,player-sim-2.0,player-sim-3.0-candidate,recommended_for_live_promotion,0.2,0.5,0.4,1.0,fpl-2026-27,1.05,455,432422,Tonali,19,Spurs,Midfielder,5.5,2.614,0.0,2.614,65.58,1.2000000000000002,2.2,4.4,0.4753,2.643,1,2,5,2.497,1.0,2.0,4.0,0.0033,0.0
2026-08-21T13:15:21+00:00,1,2026-08-21T17:30:00Z,player-ensemble-1.0,player-sim-2.0,player-sim-3.0-candidate,recommended_for_live_promotion,0.2,0.5,0.4,1.0,fpl-2026-27,1.08,494,184254,Vicario,19,Spurs,Goalkeeper,4.5,0.0,0.0,0.0,0.0,0.0,0.0,0.0,0.0,0.0,0,0,0,0.0,0,0,0,0.0,0.0
2026-08-21T13:15:21+00:00,1,2026-08-21T17:30:00Z,player-ensemble-1.0,player-sim-2.0,player-sim-3.0-candidate,recommended_for_live_promotion,0.2,0.5,0.4,1.0,fpl-2026-27,1.08,495,214572,Austin,19,Spurs,Goalkeeper,4.0,0.95,0.0,0.95,23.4,0.0,0.0,3.2,0.2376,0.973,0,0,4,0.858,0,0,3.0,0.0,0.0
2026-08-21T13:15:21+00:00,1,2026-08-21T17:30:00Z,player-ensemble-1.0,player-sim-2.0,player-sim-3.0-candidate,recommended_for_live_promotion,0.2,0.5,0.4,1.0,fpl-2026-27,1.08,496,485055,Kinsky,19,Spurs,Goalkeeper,4.5,0.769,0.0,0.769,18.75,0.0,0.2,2.4000000000000004,0.1708,0.78,0,0,3,0.723,0,0,2.0,0.0,0.0
2026-08-21T13:15:21+00:00,1,2026-08-21T17:30:00Z,player-ensemble-1.0,player-sim-2.0,player-sim-3.0-candidate,recommended_for_live_promotion,0.2,0.5,0.4,1.0,fpl-2026-27,1.08,497,67089,Dubravka,19,Spurs,Goalkeeper,4.0,3.537,0.0,3.537,82.54,1.4000000000000001,3.0000000000000004,6.4,0.8842,3.502,1,3,7,3.677,1.0,3.0,7.0,0.0017,0.0
2026-08-21T13:15:21+00:00,1,2026-08-21T17:30:00Z,player-ensemble-1.0,player-sim-2.0,player-sim-3.0-candidate,recommended_for_live_promotion,0.2,0.5,0.4,1.0,fpl-2026-27,1.0,498,221466,Senesi,19,Spurs,Defender,6.0,4.684,0.0,4.684,86.34,2.0,4.2,8.0,0.7807,4.717,1,4,8,4.553,1.0,4.0,8.0,0.055,0.0117
2026-08-21T13:15:21+00:00,1,2026-08-21T17:30:00Z,player-ensemble-1.0,player-sim-2.0,player-sim-3.0-candidate,recommended_for_live_promotion,0.2,0.5,0.4,1.0,fpl-2026-27,1.0,499,441164,Pedro Porro,19,Spurs,Defender,5.5,3.256,0.0,3.256,73.87,1.0,2.6000000000000005,6.4,0.5919,3.337,1,2,7,2.932,1.0,2.0,6.0,0.0133,0.0017
2026-08-21T13:15:21+00:00,1,2026-08-21T17:30:00Z,player-ensemble-1.0,player-sim-2.0,player-sim-3.0-candidate,recommended_for_live_promotion,0.2,0.5,0.4,1.0,fpl-2026-27,1.0,500,221632,Romero,19,Spurs,Defender,5.0,0.0,0.0,0.0,0.0,0.0,0.0,0.0,0.0,0.0,0,0,0,0.0,0,0,0,0.0,0.0
2026-08-21T13:15:21+00:00,1,2026-08-21T17:30:00Z,player-ensemble-1.0,player-sim-2.0,player-sim-3.0-candidate,recommended_for_live_promotion,0.2,0.5,0.4,1.0,fpl-2026-27,1.0,501,135720,Danso,19,Spurs,Defender,5.0,1.986,0.0,1.986,37.23,0.0,1.2000000000000002,5.6,0.3971,1.957,0,1,6,2.102,0,1.0,6.0,0.0083,0.0
2026-08-21T13:15:21+00:00,1,2026-08-21T17:30:00Z,player-ensemble-1.0,player-sim-2.0,player-sim-3.0-candidate,recommended_for_live_promotion,0.2,0.5,0.4,1.0,fpl-2026-27,1.0,502,122798,Robertson,19,Spurs,Defender,4.5,1.239,0.0,1.239,29.16,0.0,0.8,3.2,0.2754,1.205,0,0,3,1.377,0,0,6.0,0.0133,0.0017
2026-08-21T13:15:21+00:00,1,2026-08-21T17:30:00Z,player-ensemble-1.0,player-sim-2.0,player-sim-3.0-candidate,recommended_for_live_promotion,0.2,0.5,0.4,1.0,fpl-2026-27,1.0,503,491279,Van de Ven,19,Spurs,Defender,5.0,3.105,0.0,3.105,80.71,1.0,2.4000000000000004,6.000000000000001,0.6209,3.107,1,2,7,3.097,1.0,2.0,7.0,0.015,0.0
2026-08-21T13:15:21+00:00,1,2026-08-21T17:30:00Z,player-ensemble-1.0,player-sim-2.0,player-sim-3.0-candidate,recommended_for_live_promotion,0.2,0.5,0.4,1.0,fpl-2026-27,1.0,505,232859,Spence,19,Spurs,Defender,4.5,0.0,0.0,0.0,0.0,0.0,0.0,0.0,0.0,0.0,0,0,0,0.0,0,0,0,0.0,0.0
2026-08-21T13:15:21+00:00,1,2026-08-21T17:30:00Z,player-ensemble-1.0,player-sim-2.0,player-sim-3.0-candidate,recommended_for_live_promotion,0.2,0.5,0.4,1.0,fpl-2026-27,1.0,506,487053,Udogie,19,Spurs,Defender,4.5,1.376,0.0,1.376,36.25,0.0,0.8,4.800000000000001,0.3058,1.423,0,1,5,1.188,0.0,1.0,5.0,0.005,0.0
2026-08-21T13:15:21+00:00,1,2026-08-21T17:30:00Z,player-ensemble-1.0,player-sim-2.0,player-sim-3.0-candidate,recommended_for_live_promotion,0.2,0.5,0.4,1.0,fpl-2026-27,1.0,507,548308,Phillips,19,Spurs,Defender,4.5,0.0,0.0,0.0,0.0,0.0,0.0,0.0,0.0,0.0,0,0,0,0.0,0,0,0,0.0,0.0
2026-08-21T13:15:21+00:00,1,2026-08-21T17:30:00Z,player-ensemble-1.0,player-sim-2.0,player-sim-3.0-candidate,recommended_for_live_promotion,0.2,0.5,0.4,1.0,fpl-2026-27,1.0,508,115556,Davies,19,Spurs,Defender,4.0,0.234,0.0,0.234,4.21,0.0,0.0,0.4,0.0586,0.23,0,0,0,0.252,0,0,0,0.0017,0.0
2026-08-21T13:15:21+00:00,1,2026-08-21T17:30:00Z,player-ensemble-1.0,player-sim-2.0,player-sim-3.0-candidate,recommended_for_live_promotion,0.2,0.5,0.4,1.0,fpl-2026-27,1.0,509,640419,Byfield,19,Spurs,Defender,4.0,0.0,0.0,0.0,0.0,0.0,0.0,0.0,0.0,0.0,0,0,0,0.0,0,0,0,0.0,0.0
2026-08-21T13:15:21+00:00,1,2026-08-21T17:30:00Z,player-ensemble-1.0,player-sim-2.0,player-sim-3.0-candidate,recommended_for_live_promotion,0.2,0.5,0.4,1.0,fpl-2026-27,1.0,510,499716,Rowswell,19,Spurs,Defender,4.0,0.0,0.0,0.0,0.0,0.0,0.0,0.0,0.0,0.0,0,0,0,0.0,0,0,0,0.0,0.0
2026-08-21T13:15:21+00:00,1,2026-08-21T17:30:00Z,player-ensemble-1.0,player-sim-2.0,player-sim-3.0-candidate,recommended_for_live_promotion,0.2,0.5,0.4,1.0,fpl-2026-27,1.0,511,616221,Souza,19,Spurs,Defender,4.0,0.172,0.0,0.172,3.81,0.0,0.0,0.2,0.0431,0.175,0,0,0,0.162,0,0,0,0.0,0.0
2026-08-21T13:15:21+00:00,1,2026-08-21T17:30:00Z,player-ensemble-1.0,player-sim-2.0,player-sim-3.0-candidate,recommended_for_live_promotion,0.2,0.5,0.4,1.0,fpl-2026-27,1.05,512,460842,Kudus,19,Spurs,Midfielder,6.5,1.245,0.0,1.245,27.68,0.0,0.8,3.0000000000000004,0.1916,1.198,0,0,3,1.433,0,1.0,3.0,0.0117,0.0
2026-08-21T13:15:21+00:00,1,2026-08-21T17:30:00Z,player-ensemble-1.0,player-sim-2.0,player-sim-3.0-candidate,recommended_for_live_promotion,0.2,0.5,0.4,1.0,fpl-2026-27,1.05,513,493362,Xavi,19,Spurs,Midfielder,6.0,0.0,0.0,0.0,0.0,0.0,0.0,0.0,0.0,0.0,0,0,0,0.0,0,0,0,0.0,0.0
2026-08-21T13:15:21+00:00,1,2026-08-21T17:30:00Z,player-ensemble-1.0,player-sim-2.0,player-sim-3.0-candidate,recommended_for_live_promotion,0.2,0.5,0.4,1.0,fpl-2026-27,1.05,514,511499,Tel,19,Spurs,Midfielder,6.0,1.554,0.0,1.554,33.4,0.0,1.0,4.0,0.2591,1.595,0,1,4,1.392,0,1.0,4.0,0.0067,0.0
2026-08-21T13:15:21+00:00,1,2026-08-21T17:30:00Z,player-ensemble-1.0,player-sim-2.0,player-sim-3.0-candidate,recommended_for_live_promotion,0.2,0.5,0.4,1.0,fpl-2026-27,1.05,515,172780,Maddison,19,Spurs,Midfielder,6.5,0.016,0.0,0.016,0.23,0.0,0.0,0.0,0.0024,0.015,0,0,0,0.018,0,0,0,0.0,0.0
2026-08-21T13:15:21+00:00,1,2026-08-21T17:30:00Z,player-ensemble-1.0,player-sim-2.0,player-sim-3.0-candidate,recommended_for_live_promotion,0.2,0.5,0.4,1.0,fpl-2026-27,1.05,516,202993,Bentancur,19,Spurs,Midfielder,5.5,2.119,0.0,2.119,47.72,0.4,1.8,4.2,0.3853,2.135,0,2,5,2.055,0,2.0,4.0,0.0017,0.0
2026-08-21T13:15:21+00:00,1,2026-08-21T17:30:00Z,player-ensemble-1.0,player-sim-2.0,player-sim-3.0-candidate,recommended_for_live_promotion,0.2,0.5,0.4,1.0,fpl-2026-27,1.05,517,550839,Odobert,19,Spurs,Midfielder,5.5,0.0,0.0,0.0,0.0,0.0,0.0,0.0,0.0,0.0,0,0,0,0.0,0,0,0,0.0,0.0
2026-08-21T13:15:21+00:00,1,2026-08-21T17:30:00Z,player-ensemble-1.0,player-sim-2.0,player-sim-3.0-candidate,recommended_for_live_promotion,0.2,0.5,0.4,1.0,fpl-2026-27,1.05,518,482442,P.M.Sarr,19,Spurs,Midfielder,5.0,1.56,0.0,1.56,36.65,0.0,1.0,3.8000000000000007,0.3121,1.552,0,1,4,1.595,0,1.0,4.0,0.0117,0.0
2026-08-21T13:15:21+00:00,1,2026-08-21T17:30:00Z,player-ensemble-1.0,player-sim-2.0,player-sim-3.0-candidate,recommended_for_live_promotion,0.2,0.5,0.4,1.0,fpl-2026-27,1.05,519,232787,Gallagher,19,Spurs,Midfielder,5.5,1.384,0.0,1.384,31.93,0.0,1.0,3.2,0.2516,1.383,0,1,3,1.387,0,1.0,3.0,0.005,0.0
2026-08-21T13:15:21+00:00,1,2026-08-21T17:30:00Z,player-ensemble-1.0,player-sim-2.0,player-sim-3.0-candidate,recommended_for_live_promotion,0.2,0.5,0.4,1.0,fpl-2026-27,1.05,520,570526,Bergvall,19,Spurs,Midfielder,5.5,1.041,0.0,1.041,25.9,0.0,0.6000000000000001,2.6000000000000005,0.1892,1.04,0,0,3,1.043,0,0,3.0,0.0,0.0
2026-08-21T13:15:21+00:00,1,2026-08-21T17:30:00Z,player-ensemble-1.0,player-sim-2.0,player-sim-3.0-candidate,recommended_for_live_promotion,0.2,0.5,0.4,1.0,fpl-2026-27,1.05,521,445044,Kulusevski,19,Spurs,Midfielder,6.5,0.0,0.0,0.0,0.0,0.0,0.0,0.0,0.0,0.0,0,0,0,0.0,0,0,0,0.0,0.0
2026-08-21T13:15:21+00:00,1,2026-08-21T17:30:00Z,player-ensemble-1.0,player-sim-2.0,player-sim-3.0-candidate,recommended_for_live_promotion,0.2,0.5,0.4,1.0,fpl-2026-27,1.05,522,547701,Gray,19,Spurs,Midfielder,5.0,1.621,0.0,1.621,38.77,0.0,1.4000000000000001,3.4000000000000004,0.3241,1.603,0,1,4,1.69,0,1.0,4.0,0.0067,0.0
2026-08-21T13:15:21+00:00,1,2026-08-21T17:30:00Z,player-ensemble-1.0,player-sim-2.0,player-sim-3.0-candidate,recommended_for_live_promotion,0.2,0.5,0.4,1.0,fpl-2026-27,1.05,523,499721,Moore,19,Spurs,Midfielder,5.0,1.091,0.0,1.091,27.36,0.0,0.6000000000000001,2.6000000000000005,0.2181,1.08,0,0,3,1.133,0,0,3.0,0.0017,0.0
2026-08-21T13:15:21+00:00,1,2026-08-21T17:30:00Z,player-ensemble-1.0,player-sim-2.0,player-sim-3.0-candidate,recommended_for_live_promotion,0.2,0.5,0.4,1.0,fpl-2026-27,1.05,524,499726,Olusesi,19,Spurs,Midfielder,4.5,0.01,0.0,0.01,0.2,0.0,0.0,0.0,0.0023,0.012,0,0,0,0.005,0,0,0,0.0,0.0
2026-08-21T13:15:21+00:00,1,2026-08-21T17:30:00Z,player-ensemble-1.0,player-sim-2.0,player-sim-3.0-candidate,recommended_for_live_promotion,0.2,0.5,0.4,1.0,fpl-2026-27,1.05,525,551226,Fernandes,19,Spurs,Midfielder,6.0,3.093,0.0,3.093,79.14,1.6,2.8000000000000003,4.800000000000001,0.5155,3.055,1,3,5,3.245,1.0,3.0,6.0,0.0117,0.0017
2026-08-21T13:15:21+00:00,1,2026-08-21T17:30:00Z,player-ensemble-1.0,player-sim-2.0,player-sim-3.0-candidate,recommended_for_live_promotion,0.2,0.5,0.4,1.0,fpl-2026-27,1.04,526,154566,Solanke,19,Spurs,Forward,6.0,1.202,0.0,1.202,27.17,0.0,0.6000000000000001,2.8000000000000003,0.2003,1.213,0,0,3,1.157,0,0,3.0,0.0117,0.0
2026-08-21T13:15:21+00:00,1,2026-08-21T17:30:00Z,player-ensemble-1.0,player-sim-2.0,player-sim-3.0-candidate,recommended_for_live_promotion,0.2,0.5,0.4,1.0,fpl-2026-27,1.04,527,212319,Richarlison,19,Spurs,Forward,6.0,2.613,0.0,2.613,50.7,0.4,2.0,5.800000000000001,0.4355,2.648,0,2,6,2.472,0.0,2.0,6.0,0.0233,0.0033
2026-08-21T13:15:21+00:00,1,2026-08-21T17:30:00Z,player-ensemble-1.0,player-sim-2.0,player-sim-3.0-candidate,recommended_for_live_promotion,0.2,0.5,0.4,1.0,fpl-2026-27,1.04,528,490145,Scarlett,19,Spurs,Forward,4.5,0.0,0.0,0.0,0.0,0.0,0.0,0.0,0.0,0.0,0,0,0,0.0,0,0,0,0.0,0.0
2026-08-21T13:15:21+00:00,1,2026-08-21T17:30:00Z,player-ensemble-1.0,player-sim-2.0,player-sim-3.0-candidate,recommended_for_live_promotion,0.2,0.5,0.4,1.0,fpl-2026-27,1.08,529,498016,Roefs,20,Sunderland,Goalkeeper,5.0,4.124,0.0,4.124,82.09,1.8,3.6000000000000005,7.000000000000001,0.8247,4.152,1,3,8,4.012,1.0,3.0,7.0,0.0117,0.0
2026-08-21T13:15:21+00:00,1,2026-08-21T17:30:00Z,player-ensemble-1.0,player-sim-2.0,player-sim-3.0-candidate,recommended_for_live_promotion,0.2,0.5,0.4,1.0,fpl-2026-27,1.08,530,232571,Patterson,20,Sunderland,Goalkeeper,4.0,0.0,0.0,0.0,0.0,0.0,0.0,0.0,0.0,0.0,0,0,0,0.0,0,0,0,0.0,0.0
2026-08-21T13:15:21+00:00,1,2026-08-21T17:30:00Z,player-ensemble-1.0,player-sim-2.0,player-sim-3.0-candidate,recommended_for_live_promotion,0.2,0.5,0.4,1.0,fpl-2026-27,1.08,531,515046,Ellborg,20,Sunderland,Goalkeeper,4.5,0.385,0.0,0.385,7.81,0.0,0.0,1.2000000000000002,0.0856,0.397,0,0,1,0.338,0,0,0,0.0017,0.0
2026-08-21T13:15:21+00:00,1,2026-08-21T17:30:00Z,player-ensemble-1.0,player-sim-2.0,player-sim-3.0-candidate,recommended_for_live_promotion,0.2,0.5,0.4,1.0,fpl-2026-27,1.0,532,223827,Ballard,20,Sunderland,Defender,5.0,3.456,0.0,3.456,56.01,1.0,2.6000000000000005,7.2,0.6913,3.408,1,2,8,3.648,1.0,2.0,8.0,0.0483,0.0033
2026-08-21T13:15:21+00:00,1,2026-08-21T17:30:00Z,player-ensemble-1.0,player-sim-2.0,player-sim-3.0-candidate,recommended_for_live_promotion,0.2,0.5,0.4,1.0,fpl-2026-27,1.0,533,200834,Mukiele,20,Sunderland,Defender,5.5,4.0,0.0,4.0,71.3,1.2000000000000002,3.6,7.200000000000001,0.7273,3.965,1,3,8,4.14,1.0,3.0,8.0,0.0433,0.005
2026-08-21T13:15:21+00:00,1,2026-08-21T17:30:00Z,player-ensemble-1.0,player-sim-2.0,player-sim-3.0-candidate,recommended_for_live_promotion,0.2,0.5,0.4,1.0,fpl-2026-27,1.0,534,487676,Hume,20,Sunderland,Defender,4.5,3.792,0.0,3.792,80.42,1.0,3.2,6.800000000000001,0.8426,3.842,1,3,7,3.592,1.0,2.0,8.0,0.0367,0.0017
2026-08-21T13:15:21+00:00,1,2026-08-21T17:30:00Z,player-ensemble-1.0,player-sim-2.0,player-sim-3.0-candidate,recommended_for_live_promotion,0.2,0.5,0.4,1.0,fpl-2026-27,1.0,535,201895,Alderete,20,Sunderland,Defender,5.0,4.044,0.0,4.044,73.13,1.2000000000000002,3.4000000000000004,7.4,0.8088,4.042,1,3,8,4.053,1.0,3.0,8.0,0.02,0.0
2026-08-21T13:15:21+00:00,1,2026-08-21T17:30:00Z,player-ensemble-1.0,player-sim-2.0,player-sim-3.0-candidate,recommended_for_live_promotion,0.2,0.5,0.4,1.0,fpl-2026-27,1.0,536,434399,Reinildo,20,Sunderland,Defender,4.5,2.673,0.0,2.673,54.64,0.4,2.0,6.000000000000001,0.594,2.675,0,2,6,2.665,0,1.0,6.0,0.0033,0.0
2026-08-21T13:15:21+00:00,1,2026-08-21T17:30:00Z,player-ensemble-1.0,player-sim-2.0,player-sim-3.0-candidate,recommended_for_live_promotion,0.2,0.5,0.4,1.0,fpl-2026-27,1.0,537,519634,Seelt,20,Sunderland,Defender,4.5,0.135,0.0,0.135,2.48,0.0,0.0,0.2,0.0301,0.14,0,0,0,0.117,0,0,0,0.0,0.0
2026-08-21T13:15:21+00:00,1,2026-08-21T17:30:00Z,player-ensemble-1.0,player-sim-2.0,player-sim-3.0-candidate,recommended_for_live_promotion,0.2,0.5,0.4,1.0,fpl-2026-27,1.0,538,477547,Hjelde,20,Sunderland,Defender,4.0,0.0,0.0,0.0,0.0,0.0,0.0,0.0,0.0,0.0,0,0,0,0.0,0,0,0,0.0,0.0
2026-08-21T13:15:21+00:00,1,2026-08-21T17:30:00Z,player-ensemble-1.0,player-sim-2.0,player-sim-3.0-candidate,recommended_for_live_promotion,0.2,0.5,0.4,1.0,fpl-2026-27,1.0,539,167512,O'Nien,20,Sunderland,Defender,4.0,0.557,0.0,0.557,12.63,0.0,0.0,1.6,0.1392,0.568,0,0,2,0.51,0,0,1.0,0.0017,0.0
2026-08-21T13:15:21+00:00,1,2026-08-21T17:30:00Z,player-ensemble-1.0,player-sim-2.0,player-sim-3.0-candidate,recommended_for_live_promotion,0.2,0.5,0.4,1.0,fpl-2026-27,1.0,540,105717,Masuaku,20,Sunderland,Defender,4.0,0.0,0.0,0.0,0.0,0.0,0.0,0.0,0.0,0.0,0,0,0,0.0,0,0,0,0.0,0.0
2026-08-21T13:15:21+00:00,1,2026-08-21T17:30:00Z,player-ensemble-1.0,player-sim-2.0,player-sim-3.0-candidate,recommended_for_live_promotion,0.2,0.5,0.4,1.0,fpl-2026-27,1.0,541,93605,Meunier,20,Sunderland,Defender,4.5,1.487,0.0,1.487,28.95,0.0,0.8,4.800000000000001,0.3305,1.497,0,0,6,1.45,0,0,6.0,0.005,0.0
2026-08-21T13:15:21+00:00,1,2026-08-21T17:30:00Z,player-ensemble-1.0,player-sim-2.0,player-sim-3.0-candidate,recommended_for_live_promotion,0.2,0.5,0.4,1.0,fpl-2026-27,1.05,542,484420,E.Le Fée,20,Sunderland,Midfielder,6.0,3.869,0.0,3.869,77.91,1.8,3.4000000000000004,7.000000000000001,0.6448,3.827,1,3,8,4.037,1.0,3.0,8.0,0.0567,0.0067
2026-08-21T13:15:21+00:00,1,2026-08-21T17:30:00Z,player-ensemble-1.0,player-sim-2.0,player-sim-3.0-candidate,recommended_for_live_promotion,0.2,0.5,0.4,1.0,fpl-2026-27,1.05,543,547027,Diarra,20,Sunderland,Midfielder,5.5,1.381,0.0,1.381,35.39,0.0,1.0,3.2,0.251,1.375,0,1,3,1.403,0,1.0,3.0,0.0083,0.0017
2026-08-21T13:15:21+00:00,1,2026-08-21T17:30:00Z,player-ensemble-1.0,player-sim-2.0,player-sim-3.0-candidate,recommended_for_live_promotion,0.2,0.5,0.4,1.0,fpl-2026-27,1.05,544,84450,Xhaka,20,Sunderland,Midfielder,5.5,3.205,0.0,3.205,76.66,1.4000000000000001,2.8000000000000003,5.4,0.5827,3.2,1,3,6,3.223,1.0,3.0,6.0,0.0183,0.0033
2026-08-21T13:15:21+00:00,1,2026-08-21T17:30:00Z,player-ensemble-1.0,player-sim-2.0,player-sim-3.0-candidate,recommended_for_live_promotion,0.2,0.5,0.4,1.0,fpl-2026-27,1.05,545,577669,Sadiki,20,Sunderland,Midfielder,5.0,2.619,0.0,2.619,76.03,1.2000000000000002,2.2,4.4,0.5237,2.607,1,2,5,2.667,1.0,2.0,5.0,0.0067,0.0
2026-08-21T13:15:21+00:00,1,2026-08-21T17:30:00Z,player-ensemble-1.0,player-sim-2.0,player-sim-3.0-candidate,recommended_for_live_promotion,0.2,0.5,0.4,1.0,fpl-2026-27,1.05,546,535818,Adingra,20,Sunderland,Midfielder,5.0,0.0,0.0,0.0,0.0,0.0,0.0,0.0,0.0,0.0,0,0,0,0.0,0,0,0,0.0,0.0
2026-08-21T13:15:21+00:00,1,2026-08-21T17:30:00Z,player-ensemble-1.0,player-sim-2.0,player-sim-3.0-candidate,recommended_for_live_promotion,0.2,0.5,0.4,1.0,fpl-2026-27,1.05,547,461199,Mundle,20,Sunderland,Midfielder,5.0,0.334,0.0,0.334,6.33,0.0,0.0,0.8,0.0667,0.322,0,0,1,0.382,0,0,1.0,0.0,0.0
2026-08-21T13:15:21+00:00,1,2026-08-21T17:30:00Z,player-ensemble-1.0,player-sim-2.0,player-sim-3.0-candidate,recommended_for_live_promotion,0.2,0.5,0.4,1.0,fpl-2026-27,1.05,548,554197,Rigg,20,Sunderland,Midfielder,5.0,0.866,0.0,0.866,18.2,0.0,0.4,2.4000000000000004,0.1732,0.86,0,0,3,0.89,0,0,3.0,0.0,0.0
2026-08-21T13:15:21+00:00,1,2026-08-21T17:30:00Z,player-ensemble-1.0,player-sim-2.0,player-sim-3.0-candidate,recommended_for_live_promotion,0.2,0.5,0.4,1.0,fpl-2026-27,1.05,549,549912,Talbi,20,Sunderland,Midfielder,5.5,1.716,0.0,1.716,39.17,0.0,1.4000000000000001,3.6000000000000005,0.3119,1.698,0,1,4,1.785,0,1.0,4.0,0.01,0.0017
2026-08-21T13:15:21+00:00,1,2026-08-21T17:30:00Z,player-ensemble-1.0,player-sim-2.0,player-sim-3.0-candidate,recommended_for_live_promotion,0.2,0.5,0.4,1.0,fpl-2026-27,1.05,550,699989,Jocelin.T,20,Sunderland,Midfielder,5.0,0.028,0.0,0.028,1.08,0.0,0.0,0.0,0.0055,0.028,0,0,0,0.025,0,0,0,0.0,0.0
2026-08-21T13:15:21+00:00,1,2026-08-21T17:30:00Z,player-ensemble-1.0,player-sim-2.0,player-sim-3.0-candidate,recommended_for_live_promotion,0.2,0.5,0.4,1.0,fpl-2026-27,1.05,551,536661,Angulo,20,Sunderland,Midfielder,5.0,0.557,0.0,0.557,12.6,0.0,0.0,1.8,0.1113,0.558,0,0,2,0.55,0,0,2.0,0.005,0.0017
2026-08-21T13:15:21+00:00,1,2026-08-21T17:30:00Z,player-ensemble-1.0,player-sim-2.0,player-sim-3.0-candidate,recommended_for_live_promotion,0.2,0.5,0.4,1.0,fpl-2026-27,1.04,552,441264,Brobbey,20,Sunderland,Forward,6.0,2.231,0.0,2.231,50.47,0.4,2.0,5.000000000000001,0.3718,2.23,0,2,6,2.235,0,2.0,6.0,0.02,0.0033
2026-08-21T13:15:21+00:00,1,2026-08-21T17:30:00Z,player-ensemble-1.0,player-sim-2.0,player-sim-3.0-candidate,recommended_for_live_promotion,0.2,0.5,0.4,1.0,fpl-2026-27,1.04,553,437505,Isidor,20,Sunderland,Forward,5.5,1.339,0.0,1.339,29.02,0.0,0.8,3.6000000000000005,0.2435,1.373,0,0,4,1.203,0,0,3.0,0.01,0.0
