prediction_created_at,target_gameweek,deadline_time,model_version,control_model_version,challenger_model_version,ensemble_status,ensemble_point_weight,ensemble_probability_6_plus_weight,ensemble_probability_10_plus_weight,ensemble_probability_15_plus_weight,scoring_rules_version,bonus_transition_multiplier,player_id,player_code,web_name,team_id,team_name,position,price,quantitative_expected_points_next_1,qualitative_points_delta_next_1,expected_points_next_1,expected_minutes_next_1,points_p10_next_1,points_p50_next_1,points_p90_next_1,value_next_1,control_expected_points_next_1,control_points_p10_next_1,control_points_p50_next_1,control_points_p90_next_1,component_expected_points_next_1,component_points_p10_next_1,component_points_p50_next_1,component_points_p90_next_1,component_probability_10_plus_next_1,component_probability_15_plus_next_1
2026-09-04T11:47:07+00:00,3,2026-09-04T17:30:00Z,player-ensemble-1.0,player-sim-2.0,player-sim-3.0-candidate,recommended_for_live_promotion,0.2,0.5,0.4,1.0,fpl-2026-27,1.06,1,154561,Raya,1,Arsenal,Goalkeeper,6.0,2.752,0.0,2.752,86.08,1.0,2.0,5.6000000000000005,0.4586,2.975,1,2,7,1.858,0,1.0,6.0,0.0,0.0
2026-09-04T11:47:07+00:00,3,2026-09-04T17:30:00Z,player-ensemble-1.0,player-sim-2.0,player-sim-3.0-candidate,recommended_for_live_promotion,0.2,0.5,0.4,1.0,fpl-2026-27,1.06,2,109745,Arrizabalaga,1,Arsenal,Goalkeeper,5.0,0.097,0.0,0.097,1.08,0.0,0.0,0.4,0.0195,0.043,0,0,0,0.313,0,0,1.0,0.0,0.0
2026-09-04T11:47:07+00:00,3,2026-09-04T17:30:00Z,player-ensemble-1.0,player-sim-2.0,player-sim-3.0-candidate,recommended_for_live_promotion,0.2,0.5,0.4,1.0,fpl-2026-27,1.06,3,437495,Meslier,1,Arsenal,Goalkeeper,5.0,0.517,0.0,0.517,13.13,0.0,0.0,1.6,0.1034,0.553,0,0,2,0.372,0,0,1.0,0.0,0.0
2026-09-04T11:47:07+00:00,3,2026-09-04T17:30:00Z,player-ensemble-1.0,player-sim-2.0,player-sim-3.0-candidate,recommended_for_live_promotion,0.2,0.5,0.4,1.0,fpl-2026-27,1.0,4,226597,Gabriel,1,Arsenal,Defender,8.0,3.722,0.0,3.722,77.31,0.8,3.2,7.2,0.4653,3.965,1,3,8,2.752,0,2.0,8.0,0.0233,0.005
2026-09-04T11:47:07+00:00,3,2026-09-04T17:30:00Z,player-ensemble-1.0,player-sim-2.0,player-sim-3.0-candidate,recommended_for_live_promotion,0.2,0.5,0.4,1.0,fpl-2026-27,1.0,5,445122,J.Timber,1,Arsenal,Defender,6.5,0.0,0.0,0.0,0.0,0.0,0.0,0.0,0.0,0.0,0,0,0,0.0,0,0,0,0.0,0.0
2026-09-04T11:47:07+00:00,3,2026-09-04T17:30:00Z,player-ensemble-1.0,player-sim-2.0,player-sim-3.0-candidate,recommended_for_live_promotion,0.2,0.5,0.4,1.0,fpl-2026-27,1.0,6,462424,Saliba,1,Arsenal,Defender,6.0,0.0,0.0,0.0,0.0,0.0,0.0,0.0,0.0,0.0,0,0,0,0.0,0,0,0,0.0,0.0
2026-09-04T11:47:07+00:00,3,2026-09-04T17:30:00Z,player-ensemble-1.0,player-sim-2.0,player-sim-3.0-candidate,recommended_for_live_promotion,0.2,0.5,0.4,1.0,fpl-2026-27,1.0375,7,499169,Lewis-Skelly,1,Arsenal,Midfielder,5.5,1.323,0.0,1.323,37.73,0.0,1.0,2.8000000000000003,0.2405,1.217,0,1,3,1.748,0,2.0,3.0,0.0033,0.0
2026-09-04T11:47:07+00:00,3,2026-09-04T17:30:00Z,player-ensemble-1.0,player-sim-2.0,player-sim-3.0-candidate,recommended_for_live_promotion,0.2,0.5,0.4,1.0,fpl-2026-27,1.0,8,466075,Calafiori,1,Arsenal,Defender,5.7,2.885,0.0,2.885,58.33,0.2,2.0,6.4,0.5062,2.962,0,2,7,2.58,0,1.0,7.0,0.03,0.0083
2026-09-04T11:47:07+00:00,3,2026-09-04T17:30:00Z,player-ensemble-1.0,player-sim-2.0,player-sim-3.0-candidate,recommended_for_live_promotion,0.2,0.5,0.4,1.0,fpl-2026-27,1.0,9,448104,Hincapie,1,Arsenal,Defender,5.4,1.514,0.0,1.514,34.87,0.0,0.8,4.800000000000001,0.2803,1.68,0,1,6,0.848,0,0,2.0,0.005,0.0
2026-09-04T11:47:07+00:00,3,2026-09-04T17:30:00Z,player-ensemble-1.0,player-sim-2.0,player-sim-3.0-candidate,recommended_for_live_promotion,0.2,0.5,0.4,1.0,fpl-2026-27,1.0,10,198869,White,1,Arsenal,Defender,5.5,1.886,0.0,1.886,41.04,0.0,1.2000000000000002,5.200000000000001,0.343,1.725,0,0,6,2.532,0,2.0,7.0,0.0233,0.0017
2026-09-04T11:47:07+00:00,3,2026-09-04T17:30:00Z,player-ensemble-1.0,player-sim-2.0,player-sim-3.0-candidate,recommended_for_live_promotion,0.2,0.5,0.4,1.0,fpl-2026-27,1.0,11,500040,Mosquera,1,Arsenal,Defender,5.5,1.762,0.0,1.762,46.76,0.0,1.2000000000000002,4.800000000000001,0.3203,1.653,0,1,6,2.195,0,1.0,6.0,0.005,0.0
2026-09-04T11:47:07+00:00,3,2026-09-04T17:30:00Z,player-ensemble-1.0,player-sim-2.0,player-sim-3.0-candidate,recommended_for_live_promotion,0.2,0.5,0.4,1.0,fpl-2026-27,1.0375,12,223340,Saka,1,Arsenal,Midfielder,9.5,3.982,0.0,3.982,64.75,1.2000000000000002,3.2,7.800000000000001,0.4192,4.11,1,3,9,3.47,0,2.0,9.0,0.0917,0.025
2026-09-04T11:47:07+00:00,3,2026-09-04T17:30:00Z,player-ensemble-1.0,player-sim-2.0,player-sim-3.0-candidate,recommended_for_live_promotion,0.2,0.5,0.4,1.0,fpl-2026-27,1.0375,13,204480,Rice,1,Arsenal,Midfielder,7.5,3.426,0.0,3.426,78.89,1.6,3.0000000000000004,5.800000000000001,0.4568,3.687,2,3,7,2.382,0,2.0,5.0,0.01,0.0
2026-09-04T11:47:07+00:00,3,2026-09-04T17:30:00Z,player-ensemble-1.0,player-sim-2.0,player-sim-3.0-candidate,recommended_for_live_promotion,0.2,0.5,0.4,1.0,fpl-2026-27,1.0375,14,232413,Eze,1,Arsenal,Midfielder,6.4,1.885,0.0,1.885,41.84,0.4,1.2000000000000002,4.2,0.2945,2.015,0,1,5,1.363,0,1.0,3.0,0.005,0.0
2026-09-04T11:47:07+00:00,3,2026-09-04T17:30:00Z,player-ensemble-1.0,player-sim-2.0,player-sim-3.0-candidate,recommended_for_live_promotion,0.2,0.5,0.4,1.0,fpl-2026-27,1.0375,15,184029,Ødegaard,1,Arsenal,Midfielder,6.6,2.129,0.0,2.129,45.84,0.4,2.0,4.2,0.3226,2.04,0,2,4,2.485,0,2.0,6.0,0.0133,0.0
2026-09-04T11:47:07+00:00,3,2026-09-04T17:30:00Z,player-ensemble-1.0,player-sim-2.0,player-sim-3.0-candidate,recommended_for_live_promotion,0.2,0.5,0.4,1.0,fpl-2026-27,1.0375,16,248857,Madueke,1,Arsenal,Midfielder,6.3,1.199,0.0,1.199,25.41,0.0,0.8,3.0000000000000004,0.1903,1.282,0,1,3,0.868,0,0,2.0,0.0033,0.0
2026-09-04T11:47:07+00:00,3,2026-09-04T17:30:00Z,player-ensemble-1.0,player-sim-2.0,player-sim-3.0-candidate,recommended_for_live_promotion,0.2,0.5,0.4,1.0,fpl-2026-27,1.0375,17,195384,Merino,1,Arsenal,Midfielder,5.9,1.366,0.0,1.366,24.66,0.0,1.0,3.4000000000000004,0.2316,1.413,0,1,4,1.178,0,1.0,3.0,0.0017,0.0
2026-09-04T11:47:07+00:00,3,2026-09-04T17:30:00Z,player-ensemble-1.0,player-sim-2.0,player-sim-3.0-candidate,recommended_for_live_promotion,0.2,0.5,0.4,1.0,fpl-2026-27,1.0375,18,444145,Martinelli,1,Arsenal,Midfielder,6.3,0.829,0.0,0.829,18.55,0.0,0.0,2.4000000000000004,0.1316,0.86,0,0,3,0.707,0,0,2.0,0.0083,0.0
2026-09-04T11:47:07+00:00,3,2026-09-04T17:30:00Z,player-ensemble-1.0,player-sim-2.0,player-sim-3.0-candidate,recommended_for_live_promotion,0.2,0.5,0.4,1.0,fpl-2026-27,1.0375,19,481655,Zubimendi,1,Arsenal,Midfielder,5.4,2.075,0.0,2.075,56.73,0.8,1.8,4.0,0.3843,2.307,1,2,5,1.15,0,1.0,2.0,0.0017,0.0
2026-09-04T11:47:07+00:00,3,2026-09-04T17:30:00Z,player-ensemble-1.0,player-sim-2.0,player-sim-3.0-candidate,recommended_for_live_promotion,0.2,0.5,0.4,1.0,fpl-2026-27,1.0375,20,616077,Dowman,1,Arsenal,Midfielder,5.4,0.212,0.0,0.212,2.71,0.0,0.0,0.6000000000000001,0.0393,0.098,0,0,0,0.667,0,0,2.0,0.0033,0.0017
2026-09-04T11:47:07+00:00,3,2026-09-04T17:30:00Z,player-ensemble-1.0,player-sim-2.0,player-sim-3.0-candidate,recommended_for_live_promotion,0.2,0.5,0.4,1.0,fpl-2026-27,1.0375,22,499175,Nwaneri,1,Arsenal,Midfielder,5.4,0.0,0.0,0.0,0.0,0.0,0.0,0.0,0.0,0.0,0,0,0,0.0,0,0,0,0.0,0.0
2026-09-04T11:47:07+00:00,3,2026-09-04T17:30:00Z,player-ensemble-1.0,player-sim-2.0,player-sim-3.0-candidate,recommended_for_live_promotion,0.2,0.5,0.4,1.0,fpl-2026-27,1.0375,23,438098,Fábio Vieira,1,Arsenal,Midfielder,5.5,0.0,0.0,0.0,0.0,0.0,0.0,0.0,0.0,0.0,0,0,0,0.0,0,0,0,0.0,0.0
2026-09-04T11:47:07+00:00,3,2026-09-04T17:30:00Z,player-ensemble-1.0,player-sim-2.0,player-sim-3.0-candidate,recommended_for_live_promotion,0.2,0.5,0.4,1.0,fpl-2026-27,1.0375,24,200641,Nelson,1,Arsenal,Midfielder,5.5,0.0,0.0,0.0,0.0,0.0,0.0,0.0,0.0,0.0,0,0,0,0.0,0,0,0,0.0,0.0
2026-09-04T11:47:07+00:00,3,2026-09-04T17:30:00Z,player-ensemble-1.0,player-sim-2.0,player-sim-3.0-candidate,recommended_for_live_promotion,0.2,0.5,0.4,1.0,fpl-2026-27,1.03,25,224117,Gyökeres,1,Arsenal,Forward,7.3,1.84,0.0,1.84,41.99,0.0,1.6,4.800000000000001,0.2521,2.145,0,2,6,0.622,0,0,2.0,0.0017,0.0
2026-09-04T11:47:07+00:00,3,2026-09-04T17:30:00Z,player-ensemble-1.0,player-sim-2.0,player-sim-3.0-candidate,recommended_for_live_promotion,0.2,0.5,0.4,1.0,fpl-2026-27,1.03,26,219847,Havertz,1,Arsenal,Forward,7.5,1.671,0.0,1.671,39.3,0.0,1.2000000000000002,4.800000000000001,0.2228,1.597,0,0,5,1.968,0,2.0,6.0,0.0183,0.0017
2026-09-04T11:47:07+00:00,3,2026-09-04T17:30:00Z,player-ensemble-1.0,player-sim-2.0,player-sim-3.0-candidate,recommended_for_live_promotion,0.2,0.5,0.4,1.0,fpl-2026-27,1.03,27,205651,G.Jesus,1,Arsenal,Forward,5.9,0.0,0.0,0.0,0.0,0.0,0.0,0.0,0.0,0.0,0,0,0,0.0,0,0,0,0.0,0.0
2026-09-04T11:47:07+00:00,3,2026-09-04T17:30:00Z,player-ensemble-1.0,player-sim-2.0,player-sim-3.0-candidate,recommended_for_live_promotion,0.2,0.5,0.4,1.0,fpl-2026-27,1.0,31,199798,Konsa,1,Arsenal,Defender,4.4,1.698,0.0,1.698,53.81,0.0,1.0,4.800000000000001,0.3859,1.94,0,1,6,0.73,0,0,2.0,0.0,0.0
2026-09-04T11:47:07+00:00,3,2026-09-04T17:30:00Z,player-ensemble-1.0,player-sim-2.0,player-sim-3.0-candidate,recommended_for_live_promotion,0.2,0.5,0.4,1.0,fpl-2026-27,1.0375,452,208706,Bruno G.,1,Arsenal,Midfielder,6.8,2.06,0.0,2.06,44.67,0.0,1.6,4.800000000000001,0.303,2.335,0,1,6,0.962,0,0,3.0,0.0083,0.0
2026-09-04T11:47:07+00:00,3,2026-09-04T17:30:00Z,player-ensemble-1.0,player-sim-2.0,player-sim-3.0-candidate,recommended_for_live_promotion,0.2,0.5,0.4,1.0,fpl-2026-27,1.0375,557,439509,Tzolis,1,Arsenal,Midfielder,6.5,1.139,0.0,1.139,25.38,0.0,0.6000000000000001,2.4000000000000004,0.1752,0.982,0,0,3,1.768,0,2.0,3.0,0.0017,0.0
2026-09-04T11:47:07+00:00,3,2026-09-04T17:30:00Z,player-ensemble-1.0,player-sim-2.0,player-sim-3.0-candidate,recommended_for_live_promotion,0.2,0.5,0.4,1.0,fpl-2026-27,1.06,29,72147,M.Bizot,2,Aston Villa,Goalkeeper,4.5,1.054,0.0,1.054,25.25,0.0,0.4,3.0,0.2343,1.002,0,0,3,1.265,0,0,6.0,0.0,0.0
2026-09-04T11:47:07+00:00,3,2026-09-04T17:30:00Z,player-ensemble-1.0,player-sim-2.0,player-sim-3.0-candidate,recommended_for_live_promotion,0.2,0.5,0.4,1.0,fpl-2026-27,1.0,30,101188,Digne,2,Aston Villa,Defender,4.5,0.0,0.0,0.0,0.0,0.0,0.0,0.0,0.0,0.0,0,0,0,0.0,0,0,0,0.0,0.0
2026-09-04T11:47:07+00:00,3,2026-09-04T17:30:00Z,player-ensemble-1.0,player-sim-2.0,player-sim-3.0-candidate,recommended_for_live_promotion,0.2,0.5,0.4,1.0,fpl-2026-27,1.0,32,199796,Cash,2,Aston Villa,Defender,4.5,2.683,0.0,2.683,80.29,0.8,2.0,5.800000000000001,0.5962,2.862,1,2,6,1.968,0,1.0,6.0,0.0117,0.0
2026-09-04T11:47:07+00:00,3,2026-09-04T17:30:00Z,player-ensemble-1.0,player-sim-2.0,player-sim-3.0-candidate,recommended_for_live_promotion,0.2,0.5,0.4,1.0,fpl-2026-27,1.0,33,149484,Mings,2,Aston Villa,Defender,4.5,1.199,0.0,1.199,27.26,0.0,0.8,3.2,0.2664,1.285,0,1,4,0.855,0,0,2.0,0.0017,0.0017
2026-09-04T11:47:07+00:00,3,2026-09-04T17:30:00Z,player-ensemble-1.0,player-sim-2.0,player-sim-3.0-candidate,recommended_for_live_promotion,0.2,0.5,0.4,1.0,fpl-2026-27,1.0,34,244954,Pau,2,Aston Villa,Defender,4.5,2.307,0.0,2.307,57.74,0.2,1.6,5.200000000000001,0.5127,2.312,0,1,6,2.29,0,1.0,6.0,0.0083,0.0
2026-09-04T11:47:07+00:00,3,2026-09-04T17:30:00Z,player-ensemble-1.0,player-sim-2.0,player-sim-3.0-candidate,recommended_for_live_promotion,0.2,0.5,0.4,1.0,fpl-2026-27,1.0375,35,515597,Bogarde,2,Aston Villa,Midfielder,5.0,0.718,0.0,0.718,21.84,0.0,0.4,1.8,0.1435,0.723,0,0,2,0.695,0,0,2.0,0.0,0.0
2026-09-04T11:47:07+00:00,3,2026-09-04T17:30:00Z,player-ensemble-1.0,player-sim-2.0,player-sim-3.0-candidate,recommended_for_live_promotion,0.2,0.5,0.4,1.0,fpl-2026-27,1.0,36,441302,Maatsen,2,Aston Villa,Defender,4.5,2.271,0.0,2.271,56.63,0.0,1.6,5.6000000000000005,0.5047,2.293,0,1,6,2.183,0,1.0,6.0,0.0167,0.0
2026-09-04T11:47:07+00:00,3,2026-09-04T17:30:00Z,player-ensemble-1.0,player-sim-2.0,player-sim-3.0-candidate,recommended_for_live_promotion,0.2,0.5,0.4,1.0,fpl-2026-27,1.0,37,184667,Lindelöf,2,Aston Villa,Defender,4.5,1.775,0.0,1.775,49.67,0.0,1.2000000000000002,5.000000000000001,0.3944,1.748,0,1,6,1.88,0,1.0,6.0,0.0033,0.0
2026-09-04T11:47:07+00:00,3,2026-09-04T17:30:00Z,player-ensemble-1.0,player-sim-2.0,player-sim-3.0-candidate,recommended_for_live_promotion,0.2,0.5,0.4,1.0,fpl-2026-27,1.0,38,606798,A.García,2,Aston Villa,Defender,4.0,0.164,0.0,0.164,1.25,0.0,0.0,0.4,0.0411,0.068,0,0,0,0.548,0,0,2.0,0.0067,0.0
2026-09-04T11:47:07+00:00,3,2026-09-04T17:30:00Z,player-ensemble-1.0,player-sim-2.0,player-sim-3.0-candidate,recommended_for_live_promotion,0.2,0.5,0.4,1.0,fpl-2026-27,1.0,39,578545,Nedeljkovic,2,Aston Villa,Defender,4.0,0.0,0.0,0.0,0.0,0.0,0.0,0.0,0.0,0.0,0,0,0,0.0,0,0,0,0.0,0.0
2026-09-04T11:47:07+00:00,3,2026-09-04T17:30:00Z,player-ensemble-1.0,player-sim-2.0,player-sim-3.0-candidate,recommended_for_live_promotion,0.2,0.5,0.4,1.0,fpl-2026-27,1.0375,41,195546,Buendía,2,Aston Villa,Midfielder,6.0,2.729,0.0,2.729,61.53,0.4,2.2,5.6000000000000005,0.4548,2.828,0,2,7,2.33,0,2.0,6.0,0.0217,0.0017
2026-09-04T11:47:07+00:00,3,2026-09-04T17:30:00Z,player-ensemble-1.0,player-sim-2.0,player-sim-3.0-candidate,recommended_for_live_promotion,0.2,0.5,0.4,1.0,fpl-2026-27,1.0375,44,215711,Bailey,2,Aston Villa,Midfielder,5.4,0.304,0.0,0.304,5.3,0.0,0.0,0.8,0.0562,0.228,0,0,1,0.605,0,0,2.0,0.0067,0.0
2026-09-04T11:47:07+00:00,3,2026-09-04T17:30:00Z,player-ensemble-1.0,player-sim-2.0,player-sim-3.0-candidate,recommended_for_live_promotion,0.2,0.5,0.4,1.0,fpl-2026-27,1.0375,45,122806,McGinn,2,Aston Villa,Midfielder,5.4,2.542,0.0,2.542,65.46,0.8,2.0,5.4,0.4708,2.678,1,2,6,1.998,0,2.0,5.0,0.01,0.0
2026-09-04T11:47:07+00:00,3,2026-09-04T17:30:00Z,player-ensemble-1.0,player-sim-2.0,player-sim-3.0-candidate,recommended_for_live_promotion,0.2,0.5,0.4,1.0,fpl-2026-27,1.0375,46,88894,Barkley,2,Aston Villa,Midfielder,5.0,1.75,0.0,1.75,38.8,0.0,1.2000000000000002,4.0,0.35,1.668,0,1,4,2.077,0,2.0,4.0,0.0067,0.0
2026-09-04T11:47:07+00:00,3,2026-09-04T17:30:00Z,player-ensemble-1.0,player-sim-2.0,player-sim-3.0-candidate,recommended_for_live_promotion,0.2,0.5,0.4,1.0,fpl-2026-27,1.0375,47,226944,Kamara,2,Aston Villa,Midfielder,5.0,2.11,0.0,2.11,60.35,0.4,2.0,4.0,0.4221,2.167,0,2,4,1.885,0,2.0,4.0,0.0033,0.0
2026-09-04T11:47:07+00:00,3,2026-09-04T17:30:00Z,player-ensemble-1.0,player-sim-2.0,player-sim-3.0-candidate,recommended_for_live_promotion,0.2,0.5,0.4,1.0,fpl-2026-27,1.0375,48,449871,Onana,2,Aston Villa,Midfielder,5.0,0.0,0.0,0.0,0.0,0.0,0.0,0.0,0.0,0.0,0,0,0,0.0,0,0,0,0.0,0.0
2026-09-04T11:47:07+00:00,3,2026-09-04T17:30:00Z,player-ensemble-1.0,player-sim-2.0,player-sim-3.0-candidate,recommended_for_live_promotion,0.2,0.5,0.4,1.0,fpl-2026-27,1.0375,49,469247,Iling Jr,2,Aston Villa,Midfielder,5.0,0.0,0.0,0.0,0.0,0.0,0.0,0.0,0.0,0.0,0,0,0,0.0,0,0,0,0.0,0.0
2026-09-04T11:47:07+00:00,3,2026-09-04T17:30:00Z,player-ensemble-1.0,player-sim-2.0,player-sim-3.0-candidate,recommended_for_live_promotion,0.2,0.5,0.4,1.0,fpl-2026-27,1.0375,50,645618,Burrowes,2,Aston Villa,Midfielder,4.5,0.105,0.0,0.105,0.09,0.0,0.0,0.4,0.0234,0.005,0,0,0,0.507,0,0,2.0,0.0017,0.0
2026-09-04T11:47:07+00:00,3,2026-09-04T17:30:00Z,player-ensemble-1.0,player-sim-2.0,player-sim-3.0-candidate,recommended_for_live_promotion,0.2,0.5,0.4,1.0,fpl-2026-27,1.0375,51,577285,George Hemmings,2,Aston Villa,Midfielder,4.5,1.159,0.0,1.159,27.53,0.0,0.6000000000000001,2.8000000000000003,0.2575,0.998,0,0,3,1.8,0,2.0,3.0,0.0067,0.0
2026-09-04T11:47:07+00:00,3,2026-09-04T17:30:00Z,player-ensemble-1.0,player-sim-2.0,player-sim-3.0-candidate,recommended_for_live_promotion,0.2,0.5,0.4,1.0,fpl-2026-27,1.0375,52,653481,Alysson,2,Aston Villa,Midfielder,5.0,0.53,0.0,0.53,6.06,0.0,0.2,1.0,0.1061,0.387,0,0,1,1.105,0,1.0,2.0,0.0033,0.0
2026-09-04T11:47:07+00:00,3,2026-09-04T17:30:00Z,player-ensemble-1.0,player-sim-2.0,player-sim-3.0-candidate,recommended_for_live_promotion,0.2,0.5,0.4,1.0,fpl-2026-27,1.0375,53,614071,Manzambi,2,Aston Villa,Midfielder,5.9,0.0,0.0,0.0,0.0,0.0,0.0,0.0,0.0,0.0,0,0,0,0.0,0,0,0,0.0,0.0
2026-09-04T11:47:07+00:00,3,2026-09-04T17:30:00Z,player-ensemble-1.0,player-sim-2.0,player-sim-3.0-candidate,recommended_for_live_promotion,0.2,0.5,0.4,1.0,fpl-2026-27,1.0375,54,448089,Gomes,2,Aston Villa,Midfielder,5.5,0.0,0.0,0.0,0.0,0.0,0.0,0.0,0.0,0.0,0,0,0,0.0,0,0,0,0.0,0.0
2026-09-04T11:47:07+00:00,3,2026-09-04T17:30:00Z,player-ensemble-1.0,player-sim-2.0,player-sim-3.0-candidate,recommended_for_live_promotion,0.2,0.5,0.4,1.0,fpl-2026-27,1.03,55,178301,Watkins,2,Aston Villa,Forward,7.8,0.0,0.0,0.0,0.0,0.0,0.0,0.0,0.0,0.0,0,0,0,0.0,0,0,0,0.0,0.0
2026-09-04T11:47:07+00:00,3,2026-09-04T17:30:00Z,player-ensemble-1.0,player-sim-2.0,player-sim-3.0-candidate,recommended_for_live_promotion,0.2,0.5,0.4,1.0,fpl-2026-27,1.03,56,173879,Abraham,2,Aston Villa,Forward,5.5,0.494,0.0,0.494,5.9,0.0,0.2,1.0,0.0898,0.427,0,0,1,0.763,0,0,2.0,0.0067,0.0
2026-09-04T11:47:07+00:00,3,2026-09-04T17:30:00Z,player-ensemble-1.0,player-sim-2.0,player-sim-3.0-candidate,recommended_for_live_promotion,0.2,0.5,0.4,1.0,fpl-2026-27,1.0375,160,493105,Garnacho,2,Aston Villa,Midfielder,5.9,1.559,0.0,1.559,27.31,0.2,1.0,4.2,0.2642,1.613,0,1,5,1.342,0,1.0,3.0,0.0083,0.0017
2026-09-04T11:47:07+00:00,3,2026-09-04T17:30:00Z,player-ensemble-1.0,player-sim-2.0,player-sim-3.0-candidate,recommended_for_live_promotion,0.2,0.5,0.4,1.0,fpl-2026-27,1.03,166,517052,N.Jackson,2,Aston Villa,Forward,6.5,1.23,0.0,1.23,27.91,0.0,0.6000000000000001,3.2,0.1892,1.24,0,0,3,1.19,0,0,3.0,0.0033,0.0
2026-09-04T11:47:07+00:00,3,2026-09-04T17:30:00Z,player-ensemble-1.0,player-sim-2.0,player-sim-3.0-candidate,recommended_for_live_promotion,0.2,0.5,0.4,1.0,fpl-2026-27,1.03,582,690838,Madjo,2,Aston Villa,Forward,5.5,0.0,0.0,0.0,0.0,0.0,0.0,0.0,0.0,0.0,0,0,0,0.0,0,0,0,0.0,0.0
2026-09-04T11:47:07+00:00,3,2026-09-04T17:30:00Z,player-ensemble-1.0,player-sim-2.0,player-sim-3.0-candidate,recommended_for_live_promotion,0.2,0.5,0.4,1.0,fpl-2026-27,1.0,596,487992,Ruggeri,2,Aston Villa,Defender,4.5,0.877,0.0,0.877,21.57,0.0,0.4,2.4000000000000004,0.1948,0.903,0,0,2,0.77,0.0,0,2.0,0.0,0.0
2026-09-04T11:47:07+00:00,3,2026-09-04T17:30:00Z,player-ensemble-1.0,player-sim-2.0,player-sim-3.0-candidate,recommended_for_live_promotion,0.2,0.5,0.4,1.0,fpl-2026-27,1.06,597,433969,Suzuki,2,Aston Villa,Goalkeeper,5.0,1.06,0.0,1.06,26.82,0.0,0.4,2.8000000000000003,0.2121,1.01,0,0,3,1.262,0,0,6.0,0.0,0.0
2026-09-04T11:47:07+00:00,3,2026-09-04T17:30:00Z,player-ensemble-1.0,player-sim-2.0,player-sim-3.0-candidate,recommended_for_live_promotion,0.2,0.5,0.4,1.0,fpl-2026-27,1.0,606,569577,Rowe,2,Aston Villa,Defender,4.0,0.694,0.0,0.694,18.21,0.0,0.0,2.4000000000000004,0.1736,0.717,0,0,2,0.605,0,0.0,2.0,0.0067,0.0017
2026-09-04T11:47:07+00:00,3,2026-09-04T17:30:00Z,player-ensemble-1.0,player-sim-2.0,player-sim-3.0-candidate,recommended_for_live_promotion,0.2,0.5,0.4,1.0,fpl-2026-27,1.0375,607,571380,Lynch,2,Aston Villa,Midfielder,4.5,0.686,0.0,0.686,19.44,0.0,0.0,2.4000000000000004,0.1524,0.717,0,0,3,0.562,0,0,2.0,0.0017,0.0
2026-09-04T11:47:07+00:00,3,2026-09-04T17:30:00Z,player-ensemble-1.0,player-sim-2.0,player-sim-3.0-candidate,recommended_for_live_promotion,0.2,0.5,0.4,1.0,fpl-2026-27,1.0,611,214590,Wan-Bissaka,2,Aston Villa,Defender,4.5,1.783,0.0,1.783,47.58,0.8,1.0,4.800000000000001,0.3963,1.988,1,1,6,0.963,0,1.0,2.0,0.0,0.0
2026-09-04T11:47:07+00:00,3,2026-09-04T17:30:00Z,player-ensemble-1.0,player-sim-2.0,player-sim-3.0-candidate,recommended_for_live_promotion,0.2,0.5,0.4,1.0,fpl-2026-27,1.0437,618,119090,Goretzka,2,Aston Villa,Midfielder,6.0,0.796,0.0,0.796,22.49,0.0,0.2,2.4000000000000004,0.1326,0.832,0,0,3,0.652,0,0,2.0,0.0017,0.0017
2026-09-04T11:47:07+00:00,3,2026-09-04T17:30:00Z,player-ensemble-1.0,player-sim-2.0,player-sim-3.0-candidate,recommended_for_live_promotion,0.2,0.5,0.4,1.0,fpl-2026-27,1.0,630,245719,Harwood-Bellis,2,Aston Villa,Defender,4.5,2.998,0.0,2.998,75.03,1.0,2.4000000000000004,6.000000000000001,0.6662,3.037,1,2,6,2.843,1.0,2.0,6.0,0.0183,0.0
2026-09-04T11:47:07+00:00,3,2026-09-04T17:30:00Z,player-ensemble-1.0,player-sim-2.0,player-sim-3.0-candidate,recommended_for_live_promotion,0.2,0.5,0.4,1.0,fpl-2026-27,1.05,631,638987,Mbaye,2,Aston Villa,Midfielder,6.0,1.085,0.0,1.085,28.34,0.0,0.6000000000000001,2.6000000000000005,0.1808,1.098,0,0,3,1.03,0,0,3.0,0.0017,0.0
2026-09-04T11:47:07+00:00,3,2026-09-04T17:30:00Z,player-ensemble-1.0,player-sim-2.0,player-sim-3.0-candidate,recommended_for_live_promotion,0.2,0.5,0.4,1.0,fpl-2026-27,1.06,57,457569,Petrović,3,Bournemouth,Goalkeeper,4.5,3.038,0.0,3.038,88.79,1.2000000000000002,2.4000000000000004,5.800000000000001,0.675,3.342,1,3,7,1.822,0,1.0,6.0,0.0,0.0
2026-09-04T11:47:07+00:00,3,2026-09-04T17:30:00Z,player-ensemble-1.0,player-sim-2.0,player-sim-3.0-candidate,recommended_for_live_promotion,0.2,0.5,0.4,1.0,fpl-2026-27,1.06,58,40383,Forster,3,Bournemouth,Goalkeeper,4.0,0.513,0.0,0.513,13.97,0.0,0.0,1.6,0.1283,0.557,0,0,2,0.34,0,0,1.0,0.0,0.0
2026-09-04T11:47:07+00:00,3,2026-09-04T17:30:00Z,player-ensemble-1.0,player-sim-2.0,player-sim-3.0-candidate,recommended_for_live_promotion,0.2,0.5,0.4,1.0,fpl-2026-27,1.06,59,444172,Dennis,3,Bournemouth,Goalkeeper,4.0,0.0,0.0,0.0,0.0,0.0,0.0,0.0,0.0,0.0,0,0,0,0.0,0,0,0,0.0,0.0
2026-09-04T11:47:07+00:00,3,2026-09-04T17:30:00Z,player-ensemble-1.0,player-sim-2.0,player-sim-3.0-candidate,recommended_for_live_promotion,0.2,0.5,0.4,1.0,fpl-2026-27,1.0,60,463981,Hill,3,Bournemouth,Defender,5.5,2.871,0.0,2.871,64.77,0.8,2.4000000000000004,6.4,0.522,2.953,0,2,7,2.542,0.0,2.0,7.0,0.015,0.0
2026-09-04T11:47:07+00:00,3,2026-09-04T17:30:00Z,player-ensemble-1.0,player-sim-2.0,player-sim-3.0-candidate,recommended_for_live_promotion,0.2,0.5,0.4,1.0,fpl-2026-27,1.0,61,494521,Truffert,3,Bournemouth,Defender,5.5,3.454,0.0,3.454,88.53,1.0,2.8000000000000003,6.6000000000000005,0.6279,3.698,1,3,8,2.475,0.0,2.0,7.0,0.02,0.0033
2026-09-04T11:47:07+00:00,3,2026-09-04T17:30:00Z,player-ensemble-1.0,player-sim-2.0,player-sim-3.0-candidate,recommended_for_live_promotion,0.2,0.5,0.4,1.0,fpl-2026-27,1.0,62,242882,Diakité,3,Bournemouth,Defender,5.0,0.82,0.0,0.82,21.99,0.0,0.0,2.4000000000000004,0.1641,0.897,0,0,2,0.515,0,0,2.0,0.0,0.0
2026-09-04T11:47:07+00:00,3,2026-09-04T17:30:00Z,player-ensemble-1.0,player-sim-2.0,player-sim-3.0-candidate,recommended_for_live_promotion,0.2,0.5,0.4,1.0,fpl-2026-27,1.0,63,620487,Milosavljević,3,Bournemouth,Defender,5.0,0.0,0.0,0.0,0.0,0.0,0.0,0.0,0.0,0.0,0,0,0,0.0,0,0,0,0.0,0.0
2026-09-04T11:47:07+00:00,3,2026-09-04T17:30:00Z,player-ensemble-1.0,player-sim-2.0,player-sim-3.0-candidate,recommended_for_live_promotion,0.2,0.5,0.4,1.0,fpl-2026-27,1.0,64,54469,Smith,3,Bournemouth,Defender,4.5,1.767,0.0,1.767,53.38,0.0,1.2000000000000002,4.800000000000001,0.3927,1.762,0,1,6,1.788,0,1.0,6.0,0.0033,0.0
2026-09-04T11:47:07+00:00,3,2026-09-04T17:30:00Z,player-ensemble-1.0,player-sim-2.0,player-sim-3.0-candidate,recommended_for_live_promotion,0.2,0.5,0.4,1.0,fpl-2026-27,1.0,65,436893,J.Araujo,3,Bournemouth,Defender,4.5,0.0,0.0,0.0,0.0,0.0,0.0,0.0,0.0,0.0,0,0,0,0.0,0,0,0,0.0,0.0
2026-09-04T11:47:07+00:00,3,2026-09-04T17:30:00Z,player-ensemble-1.0,player-sim-2.0,player-sim-3.0-candidate,recommended_for_live_promotion,0.2,0.5,0.4,1.0,fpl-2026-27,1.0,66,575901,Soler,3,Bournemouth,Defender,4.0,0.137,0.0,0.137,0.13,0.0,0.0,0.4,0.0343,0.01,0,0,0,0.645,0.0,0,2.0,0.0,0.0
2026-09-04T11:47:07+00:00,3,2026-09-04T17:30:00Z,player-ensemble-1.0,player-sim-2.0,player-sim-3.0-candidate,recommended_for_live_promotion,0.2,0.5,0.4,1.0,fpl-2026-27,1.0375,67,499604,Rayan,3,Bournemouth,Midfielder,6.5,2.091,0.0,2.091,49.21,0.2,1.8,4.800000000000001,0.3217,2.022,0,2,5,2.37,0,2.0,6.0,0.0183,0.0017
2026-09-04T11:47:07+00:00,3,2026-09-04T17:30:00Z,player-ensemble-1.0,player-sim-2.0,player-sim-3.0-candidate,recommended_for_live_promotion,0.2,0.5,0.4,1.0,fpl-2026-27,1.0375,68,201658,Tavernier,3,Bournemouth,Midfielder,6.0,3.83,0.0,3.83,78.43,1.6,3.0000000000000004,7.2,0.6384,4.115,1,3,8,2.692,0,2.0,7.0,0.0317,0.0033
2026-09-04T11:47:07+00:00,3,2026-09-04T17:30:00Z,player-ensemble-1.0,player-sim-2.0,player-sim-3.0-candidate,recommended_for_live_promotion,0.2,0.5,0.4,1.0,fpl-2026-27,1.0375,69,503139,Scott,3,Bournemouth,Midfielder,6.0,3.738,0.0,3.738,79.14,1.6,3.4000000000000004,6.4,0.623,3.993,1,4,7,2.718,0,2.0,7.0,0.0333,0.0033
2026-09-04T11:47:07+00:00,3,2026-09-04T17:30:00Z,player-ensemble-1.0,player-sim-2.0,player-sim-3.0-candidate,recommended_for_live_promotion,0.2,0.5,0.4,1.0,fpl-2026-27,1.0375,70,222683,Kluivert,3,Bournemouth,Midfielder,6.0,1.99,0.0,1.99,43.09,0.0,1.6,5.200000000000001,0.3317,1.927,0,1,6,2.245,0,2.0,6.0,0.0183,0.0033
2026-09-04T11:47:07+00:00,3,2026-09-04T17:30:00Z,player-ensemble-1.0,player-sim-2.0,player-sim-3.0-candidate,recommended_for_live_promotion,0.2,0.5,0.4,1.0,fpl-2026-27,1.0375,71,155408,Cook,3,Bournemouth,Midfielder,5.0,1.42,0.0,1.42,38.38,0.0,1.2000000000000002,3.2,0.2839,1.32,0,1,3,1.818,0,2.0,4.0,0.0,0.0
2026-09-04T11:47:07+00:00,3,2026-09-04T17:30:00Z,player-ensemble-1.0,player-sim-2.0,player-sim-3.0-candidate,recommended_for_live_promotion,0.2,0.5,0.4,1.0,fpl-2026-27,1.0375,72,496208,Gannon-Doak,3,Bournemouth,Midfielder,5.0,0.37,0.0,0.37,3.97,0.0,0.2,1.0,0.0741,0.255,0,0,1,0.832,0,0,2.0,0.0,0.0
2026-09-04T11:47:07+00:00,3,2026-09-04T17:30:00Z,player-ensemble-1.0,player-sim-2.0,player-sim-3.0-candidate,recommended_for_live_promotion,0.2,0.5,0.4,1.0,fpl-2026-27,1.0375,73,200785,Adams,3,Bournemouth,Midfielder,5.0,1.356,0.0,1.356,36.5,0.2,1.0,2.6000000000000005,0.2713,1.44,0,1,3,1.022,0,1.0,2.0,0.0,0.0
2026-09-04T11:47:07+00:00,3,2026-09-04T17:30:00Z,player-ensemble-1.0,player-sim-2.0,player-sim-3.0-candidate,recommended_for_live_promotion,0.2,0.5,0.4,1.0,fpl-2026-27,1.0375,74,111317,Brooks,3,Bournemouth,Midfielder,5.0,1.116,0.0,1.116,20.68,0.0,0.8,3.0,0.2231,1.152,0,0,3,0.972,0,0,2.0,0.0067,0.0
2026-09-04T11:47:07+00:00,3,2026-09-04T17:30:00Z,player-ensemble-1.0,player-sim-2.0,player-sim-3.0-candidate,recommended_for_live_promotion,0.2,0.5,0.4,1.0,fpl-2026-27,1.0375,75,158499,Christie,3,Bournemouth,Midfielder,5.0,0.831,0.0,0.831,18.06,0.0,0.4,2.0,0.1662,0.82,0,0,2,0.875,0,0,2.0,0.0017,0.0
2026-09-04T11:47:07+00:00,3,2026-09-04T17:30:00Z,player-ensemble-1.0,player-sim-2.0,player-sim-3.0-candidate,recommended_for_live_promotion,0.2,0.5,0.4,1.0,fpl-2026-27,1.0375,76,614574,Tóth.A,3,Bournemouth,Midfielder,5.0,0.326,0.0,0.326,4.52,0.0,0.2,1.0,0.0652,0.218,0,0,1,0.757,0,0,2.0,0.0,0.0
2026-09-04T11:47:07+00:00,3,2026-09-04T17:30:00Z,player-ensemble-1.0,player-sim-2.0,player-sim-3.0-candidate,recommended_for_live_promotion,0.2,0.5,0.4,1.0,fpl-2026-27,1.0375,77,489888,Adli,3,Bournemouth,Midfielder,4.9,0.0,0.0,0.0,0.0,0.0,0.0,0.0,0.0,0.0,0,0,0,0.0,0,0,0,0.0,0.0
2026-09-04T11:47:07+00:00,3,2026-09-04T17:30:00Z,player-ensemble-1.0,player-sim-2.0,player-sim-3.0-candidate,recommended_for_live_promotion,0.2,0.5,0.4,1.0,fpl-2026-27,1.0375,78,560262,Kroupi.Jr,3,Bournemouth,Midfielder,7.4,0.0,0.0,0.0,0.0,0.0,0.0,0.0,0.0,0.0,0,0,0,0.0,0,0,0,0.0,0.0
2026-09-04T11:47:07+00:00,3,2026-09-04T17:30:00Z,player-ensemble-1.0,player-sim-2.0,player-sim-3.0-candidate,recommended_for_live_promotion,0.2,0.5,0.4,1.0,fpl-2026-27,1.03,79,444102,Evanilson,3,Bournemouth,Forward,6.0,2.898,0.0,2.898,73.8,1.2000000000000002,2.0,5.6000000000000005,0.483,3.082,1,2,6,2.165,0,2.0,6.0,0.0167,0.0017
2026-09-04T11:47:07+00:00,3,2026-09-04T17:30:00Z,player-ensemble-1.0,player-sim-2.0,player-sim-3.0-candidate,recommended_for_live_promotion,0.2,0.5,0.4,1.0,fpl-2026-27,1.03,80,168636,Enes Ünal,3,Bournemouth,Forward,5.5,0.0,0.0,0.0,0.0,0.0,0.0,0.0,0.0,0.0,0,0,0,0.0,0,0,0,0.0,0.0
2026-09-04T11:47:07+00:00,3,2026-09-04T17:30:00Z,player-ensemble-1.0,player-sim-2.0,player-sim-3.0-candidate,recommended_for_live_promotion,0.2,0.5,0.4,1.0,fpl-2026-27,1.03,81,561245,Rodríguez,3,Bournemouth,Forward,6.0,0.782,0.0,0.782,16.48,0.0,0.2,2.2,0.1303,0.803,0,0,2,0.695,0,0,2.0,0.0017,0.0
2026-09-04T11:47:07+00:00,3,2026-09-04T17:30:00Z,player-ensemble-1.0,player-sim-2.0,player-sim-3.0-candidate,recommended_for_live_promotion,0.2,0.5,0.4,1.0,fpl-2026-27,1.0,566,483067,Silva,3,Bournemouth,Defender,5.0,1.972,0.0,1.972,51.08,0.0,1.4000000000000001,5.000000000000001,0.3945,1.913,0,1,6,2.208,0.0,1.0,6.0,0.0167,0.0017
2026-09-04T11:47:07+00:00,3,2026-09-04T17:30:00Z,player-ensemble-1.0,player-sim-2.0,player-sim-3.0-candidate,recommended_for_live_promotion,0.2,0.5,0.4,1.0,fpl-2026-27,1.0,573,494928,Sanchez,3,Bournemouth,Defender,4.5,0.685,0.0,0.685,20.23,0.0,0.0,2.4000000000000004,0.1523,0.723,0,0,2,0.533,0,0,2.0,0.0,0.0
2026-09-04T11:47:07+00:00,3,2026-09-04T17:30:00Z,player-ensemble-1.0,player-sim-2.0,player-sim-3.0-candidate,recommended_for_live_promotion,0.2,0.5,0.4,1.0,fpl-2026-27,1.03,608,523700,Jebbison,3,Bournemouth,Forward,5.0,0.373,0.0,0.373,3.62,0.0,0.2,1.0,0.0745,0.245,0,0,1,0.883,0,0,2.0,0.0067,0.0017
2026-09-04T11:47:07+00:00,3,2026-09-04T17:30:00Z,player-ensemble-1.0,player-sim-2.0,player-sim-3.0-candidate,recommended_for_live_promotion,0.2,0.5,0.4,1.0,fpl-2026-27,1.07,615,230650,Di Gregorio,3,Bournemouth,Goalkeeper,4.5,0.593,0.0,0.593,16.38,0.0,0.0,2.4000000000000004,0.1317,0.613,0,0,3,0.51,0,0,2.0,0.0,0.0
2026-09-04T11:47:07+00:00,3,2026-09-04T17:30:00Z,player-ensemble-1.0,player-sim-2.0,player-sim-3.0-candidate,recommended_for_live_promotion,0.2,0.5,0.4,1.0,fpl-2026-27,1.06,82,200720,Kelleher,4,Brentford,Goalkeeper,5.0,4.152,0.0,4.152,87.25,1.6,3.8000000000000007,6.800000000000001,0.8303,4.497,2,4,8,2.772,0,2.0,7.0,0.025,0.0
2026-09-04T11:47:07+00:00,3,2026-09-04T17:30:00Z,player-ensemble-1.0,player-sim-2.0,player-sim-3.0-candidate,recommended_for_live_promotion,0.2,0.5,0.4,1.0,fpl-2026-27,1.06,83,507433,Valdimarsson,4,Brentford,Goalkeeper,4.5,0.126,0.0,0.126,0.97,0.0,0.0,0.4,0.0279,0.043,0,0,0,0.455,0,0,1.0,0.0017,0.0
2026-09-04T11:47:07+00:00,3,2026-09-04T17:30:00Z,player-ensemble-1.0,player-sim-2.0,player-sim-3.0-candidate,recommended_for_live_promotion,0.2,0.5,0.4,1.0,fpl-2026-27,1.0,84,432830,Collins,4,Brentford,Defender,5.5,3.969,0.0,3.969,80.38,1.0,3.2,7.4,0.7217,4.173,1,3,8,3.153,0,2.0,8.0,0.0517,0.0083
2026-09-04T11:47:07+00:00,3,2026-09-04T17:30:00Z,player-ensemble-1.0,player-sim-2.0,player-sim-3.0-candidate,recommended_for_live_promotion,0.2,0.5,0.4,1.0,fpl-2026-27,1.0,85,444765,Van den Berg,4,Brentford,Defender,4.9,0.0,0.0,0.0,0.0,0.0,0.0,0.0,0.0,0.0,0,0,0,0.0,0,0,0,0.0,0.0
2026-09-04T11:47:07+00:00,3,2026-09-04T17:30:00Z,player-ensemble-1.0,player-sim-2.0,player-sim-3.0-candidate,recommended_for_live_promotion,0.2,0.5,0.4,1.0,fpl-2026-27,1.0375,86,249231,Lewis-Potter,4,Brentford,Midfielder,5.5,3.066,0.0,3.066,64.5,0.8,2.4000000000000004,6.4,0.5574,3.125,1,3,7,2.828,0,2.0,8.0,0.0383,0.0067
2026-09-04T11:47:07+00:00,3,2026-09-04T17:30:00Z,player-ensemble-1.0,player-sim-2.0,player-sim-3.0-candidate,recommended_for_live_promotion,0.2,0.5,0.4,1.0,fpl-2026-27,1.0,87,191866,Ajer,4,Brentford,Defender,4.5,3.149,0.0,3.149,62.64,0.8,2.6,6.4,0.6998,3.245,0,2,8,2.765,0,2.0,8.0,0.0217,0.0017
2026-09-04T11:47:07+00:00,3,2026-09-04T17:30:00Z,player-ensemble-1.0,player-sim-2.0,player-sim-3.0-candidate,recommended_for_live_promotion,0.2,0.5,0.4,1.0,fpl-2026-27,1.0,88,607464,Kayode,4,Brentford,Defender,4.6,3.959,0.0,3.959,83.74,1.2000000000000002,3.4000000000000004,7.200000000000001,0.8607,4.2,1,3,8,2.997,0,2.0,7.0,0.0433,0.0033
2026-09-04T11:47:07+00:00,3,2026-09-04T17:30:00Z,player-ensemble-1.0,player-sim-2.0,player-sim-3.0-candidate,recommended_for_live_promotion,0.2,0.5,0.4,1.0,fpl-2026-27,1.0,89,194010,Henry,4,Brentford,Defender,4.5,1.068,0.0,1.068,23.61,0.0,0.8,2.8000000000000003,0.2374,1.132,0,1,2,0.815,0,0,2.0,0.0,0.0
2026-09-04T11:47:07+00:00,3,2026-09-04T17:30:00Z,player-ensemble-1.0,player-sim-2.0,player-sim-3.0-candidate,recommended_for_live_promotion,0.2,0.5,0.4,1.0,fpl-2026-27,1.0,90,472713,Hickey,4,Brentford,Defender,4.5,0.738,0.0,0.738,14.55,0.0,0.8,1.2000000000000002,0.164,0.64,0,1,1,1.13,0,1.0,2.0,0.0017,0.0
2026-09-04T11:47:07+00:00,3,2026-09-04T17:30:00Z,player-ensemble-1.0,player-sim-2.0,player-sim-3.0-candidate,recommended_for_live_promotion,0.2,0.5,0.4,1.0,fpl-2026-27,1.0,92,570241,Ji-soo,4,Brentford,Defender,4.5,0.867,0.0,0.867,18.11,0.0,0.0,3.2,0.1927,0.895,0,0,4,0.757,0,0,3.0,0.0017,0.0
2026-09-04T11:47:07+00:00,3,2026-09-04T17:30:00Z,player-ensemble-1.0,player-sim-2.0,player-sim-3.0-candidate,recommended_for_live_promotion,0.2,0.5,0.4,1.0,fpl-2026-27,1.0,93,513086,Schuster,4,Brentford,Defender,4.5,0.798,0.0,0.798,19.09,0.0,0.0,2.4000000000000004,0.1773,0.86,0,0,3,0.548,0,0,2.0,0.0017,0.0
2026-09-04T11:47:07+00:00,3,2026-09-04T17:30:00Z,player-ensemble-1.0,player-sim-2.0,player-sim-3.0-candidate,recommended_for_live_promotion,0.2,0.5,0.4,1.0,fpl-2026-27,1.0375,94,513418,Schade,4,Brentford,Midfielder,6.0,3.955,0.0,3.955,77.38,1.4000000000000001,3.0000000000000004,7.6000000000000005,0.6591,4.152,1,3,8,3.167,0,2.0,8.0,0.06,0.0117
2026-09-04T11:47:07+00:00,3,2026-09-04T17:30:00Z,player-ensemble-1.0,player-sim-2.0,player-sim-3.0-candidate,recommended_for_live_promotion,0.2,0.5,0.4,1.0,fpl-2026-27,1.0375,95,533463,O.Dango,4,Brentford,Midfielder,6.5,2.915,0.0,2.915,54.69,0.8,2.4000000000000004,6.4,0.4485,3.155,1,2,7,1.955,0.0,1.0,5.0,0.02,0.0033
2026-09-04T11:47:07+00:00,3,2026-09-04T17:30:00Z,player-ensemble-1.0,player-sim-2.0,player-sim-3.0-candidate,recommended_for_live_promotion,0.2,0.5,0.4,1.0,fpl-2026-27,1.0375,96,440089,Damsgaard,4,Brentford,Midfielder,5.5,2.565,0.0,2.565,48.27,0.8,2.0,5.200000000000001,0.4663,2.7,1,2,6,2.023,0,1.0,5.0,0.0183,0.0
2026-09-04T11:47:07+00:00,3,2026-09-04T17:30:00Z,player-ensemble-1.0,player-sim-2.0,player-sim-3.0-candidate,recommended_for_live_promotion,0.2,0.5,0.4,1.0,fpl-2026-27,1.0375,97,207283,Jensen,4,Brentford,Midfielder,5.5,1.611,0.0,1.611,36.22,0.0,0.8,4.2,0.2929,1.735,0,1,5,1.115,0,0,4.0,0.0083,0.0
2026-09-04T11:47:07+00:00,3,2026-09-04T17:30:00Z,player-ensemble-1.0,player-sim-2.0,player-sim-3.0-candidate,recommended_for_live_promotion,0.2,0.5,0.4,1.0,fpl-2026-27,1.0375,98,204580,Janelt,4,Brentford,Midfielder,5.0,2.348,0.0,2.348,56.28,0.2,1.8,5.200000000000001,0.4695,2.373,0,2,6,2.245,0,2.0,5.0,0.0167,0.0033
2026-09-04T11:47:07+00:00,3,2026-09-04T17:30:00Z,player-ensemble-1.0,player-sim-2.0,player-sim-3.0-candidate,recommended_for_live_promotion,0.2,0.5,0.4,1.0,fpl-2026-27,1.0375,99,543295,Milambo,4,Brentford,Midfielder,5.0,0.0,0.0,0.0,0.0,0.0,0.0,0.0,0.0,0.0,0,0,0,0.0,0,0,0,0.0,0.0
2026-09-04T11:47:07+00:00,3,2026-09-04T17:30:00Z,player-ensemble-1.0,player-sim-2.0,player-sim-3.0-candidate,recommended_for_live_promotion,0.2,0.5,0.4,1.0,fpl-2026-27,1.0375,100,244858,Carvalho,4,Brentford,Midfielder,5.0,0.182,0.0,0.182,1.54,0.0,0.0,0.6000000000000001,0.0364,0.062,0,0,0,0.663,0,0,2.0,0.005,0.0
2026-09-04T11:47:07+00:00,3,2026-09-04T17:30:00Z,player-ensemble-1.0,player-sim-2.0,player-sim-3.0-candidate,recommended_for_live_promotion,0.2,0.5,0.4,1.0,fpl-2026-27,1.0375,102,508395,Yarmoliuk,4,Brentford,Midfielder,4.9,1.915,0.0,1.915,53.68,0.8,1.6,3.6,0.3909,2.137,1,1,4,1.03,0,1.0,2.0,0.0017,0.0017
2026-09-04T11:47:07+00:00,3,2026-09-04T17:30:00Z,player-ensemble-1.0,player-sim-2.0,player-sim-3.0-candidate,recommended_for_live_promotion,0.2,0.5,0.4,1.0,fpl-2026-27,1.0375,103,183656,Dasilva,4,Brentford,Midfielder,5.0,0.093,0.0,0.093,0.04,0.0,0.0,0.4,0.0185,0.002,0,0,0,0.457,0,0,2.0,0.0017,0.0
2026-09-04T11:47:07+00:00,3,2026-09-04T17:30:00Z,player-ensemble-1.0,player-sim-2.0,player-sim-3.0-candidate,recommended_for_live_promotion,0.2,0.5,0.4,1.0,fpl-2026-27,1.0375,105,444180,Anthony,4,Brentford,Midfielder,6.0,2.624,0.0,2.624,60.28,0.8,2.0,5.6000000000000005,0.4373,2.833,1,2,7,1.787,0,1.0,5.0,0.0133,0.0017
2026-09-04T11:47:07+00:00,3,2026-09-04T17:30:00Z,player-ensemble-1.0,player-sim-2.0,player-sim-3.0-candidate,recommended_for_live_promotion,0.2,0.5,0.4,1.0,fpl-2026-27,1.03,106,502500,Thiago,4,Brentford,Forward,8.0,4.589,0.0,4.589,86.0,1.6,4.4,8.4,0.5736,4.915,2,5,10,3.283,0,2.0,10.0,0.105,0.0267
2026-09-04T11:47:07+00:00,3,2026-09-04T17:30:00Z,player-ensemble-1.0,player-sim-2.0,player-sim-3.0-candidate,recommended_for_live_promotion,0.2,0.5,0.4,1.0,fpl-2026-27,1.03,107,593174,Furo,4,Brentford,Forward,4.5,0.087,0.0,0.087,0.0,0.0,0.0,0.4,0.0193,0.0,0,0,0,0.433,0,0,2.0,0.005,0.0017
2026-09-04T11:47:07+00:00,3,2026-09-04T17:30:00Z,player-ensemble-1.0,player-sim-2.0,player-sim-3.0-candidate,recommended_for_live_promotion,0.2,0.5,0.4,1.0,fpl-2026-27,1.03,108,75115,Wilson,4,Brentford,Forward,5.5,1.365,0.0,1.365,22.38,0.2,1.0,3.4000000000000004,0.2482,1.405,0,1,4,1.207,0,1.0,2.0,0.01,0.0017
2026-09-04T11:47:07+00:00,3,2026-09-04T17:30:00Z,player-ensemble-1.0,player-sim-2.0,player-sim-3.0-candidate,recommended_for_live_promotion,0.2,0.5,0.4,1.0,fpl-2026-27,1.0375,565,513545,M.Sangaré,4,Brentford,Midfielder,5.7,2.231,0.0,2.231,47.08,0.2,1.8,5.0,0.3914,2.178,0,2,5,2.442,0,2.0,6.0,0.0233,0.0017
2026-09-04T11:47:07+00:00,3,2026-09-04T17:30:00Z,player-ensemble-1.0,player-sim-2.0,player-sim-3.0-candidate,recommended_for_live_promotion,0.2,0.5,0.4,1.0,fpl-2026-27,1.0,620,613804,Diouf,4,Brentford,Defender,4.5,2.445,0.0,2.445,60.39,0.0,1.6,5.6000000000000005,0.5433,2.827,0,2,6,0.918,0,0,4.0,0.0033,0.0
2026-09-04T11:47:07+00:00,3,2026-09-04T17:30:00Z,player-ensemble-1.0,player-sim-2.0,player-sim-3.0-candidate,recommended_for_live_promotion,0.2,0.5,0.4,1.0,fpl-2026-27,1.06,109,489639,Verbruggen,5,Brighton,Goalkeeper,4.5,3.492,0.0,3.492,88.72,1.4000000000000001,2.8000000000000003,6.200000000000001,0.7759,3.815,1,3,7,2.198,0,1.0,7.0,0.0033,0.0
2026-09-04T11:47:07+00:00,3,2026-09-04T17:30:00Z,player-ensemble-1.0,player-sim-2.0,player-sim-3.0-candidate,recommended_for_live_promotion,0.2,0.5,0.4,1.0,fpl-2026-27,1.06,111,49262,Steele,5,Brighton,Goalkeeper,4.0,0.639,0.0,0.639,14.2,0.0,0.0,2.4000000000000004,0.1598,0.66,0,0,3,0.555,0,0,2.0,0.0,0.0
2026-09-04T11:47:07+00:00,3,2026-09-04T17:30:00Z,player-ensemble-1.0,player-sim-2.0,player-sim-3.0-candidate,recommended_for_live_promotion,0.2,0.5,0.4,1.0,fpl-2026-27,1.0,113,231416,F.Kadıoğlu,5,Brighton,Defender,4.4,2.635,0.0,2.635,64.92,0.0,1.8,5.6000000000000005,0.5988,2.897,0,2,6,1.587,0,0,6.0,0.0117,0.0
2026-09-04T11:47:07+00:00,3,2026-09-04T17:30:00Z,player-ensemble-1.0,player-sim-2.0,player-sim-3.0-candidate,recommended_for_live_promotion,0.2,0.5,0.4,1.0,fpl-2026-27,1.0,114,204120,Boscagli,5,Brighton,Defender,4.5,2.017,0.0,2.017,44.99,0.0,1.4000000000000001,5.4,0.4483,1.927,0,1,6,2.38,0,1.0,6.0,0.0133,0.0
2026-09-04T11:47:07+00:00,3,2026-09-04T17:30:00Z,player-ensemble-1.0,player-sim-2.0,player-sim-3.0-candidate,recommended_for_live_promotion,0.2,0.5,0.4,1.0,fpl-2026-27,1.0,115,465730,De Cuyper,5,Brighton,Defender,4.7,3.602,0.0,3.602,49.89,0.2,2.4000000000000004,8.2,0.7663,3.47,0,2,9,4.128,0.0,2.0,12.0,0.1433,0.0433
2026-09-04T11:47:07+00:00,3,2026-09-04T17:30:00Z,player-ensemble-1.0,player-sim-2.0,player-sim-3.0-candidate,recommended_for_live_promotion,0.2,0.5,0.4,1.0,fpl-2026-27,1.0,116,83299,Dunk,5,Brighton,Defender,4.5,2.884,0.0,2.884,78.56,0.8,2.0,5.800000000000001,0.6408,3.05,1,2,6,2.218,0.0,1.0,6.0,0.0117,0.0017
2026-09-04T11:47:07+00:00,3,2026-09-04T17:30:00Z,player-ensemble-1.0,player-sim-2.0,player-sim-3.0-candidate,recommended_for_live_promotion,0.2,0.5,0.4,1.0,fpl-2026-27,1.0,117,550090,Coppola,5,Brighton,Defender,4.5,0.256,0.0,0.256,3.32,0.0,0.0,0.8,0.057,0.147,0,0,0,0.695,0,0,2.0,0.0067,0.0
2026-09-04T11:47:07+00:00,3,2026-09-04T17:30:00Z,player-ensemble-1.0,player-sim-2.0,player-sim-3.0-candidate,recommended_for_live_promotion,0.2,0.5,0.4,1.0,fpl-2026-27,1.0,118,223434,Igor,5,Brighton,Defender,4.5,0.0,0.0,0.0,0.0,0.0,0.0,0.0,0.0,0.0,0,0,0,0.0,0,0,0,0.0,0.0
2026-09-04T11:47:07+00:00,3,2026-09-04T17:30:00Z,player-ensemble-1.0,player-sim-2.0,player-sim-3.0-candidate,recommended_for_live_promotion,0.2,0.5,0.4,1.0,fpl-2026-27,1.0,119,451490,Costinha,5,Brighton,Defender,4.5,1.206,0.0,1.206,25.98,0.0,0.8,2.6000000000000005,0.2679,1.178,0,1,3,1.315,0,1.0,4.0,0.005,0.0
2026-09-04T11:47:07+00:00,3,2026-09-04T17:30:00Z,player-ensemble-1.0,player-sim-2.0,player-sim-3.0-candidate,recommended_for_live_promotion,0.2,0.5,0.4,1.0,fpl-2026-27,1.0,120,454490,Svoboda,5,Brighton,Defender,5.0,0.761,0.0,0.761,17.73,0.0,0.0,2.4000000000000004,0.1523,0.79,0,0,3,0.647,0,0,2.0,0.005,0.0
2026-09-04T11:47:07+00:00,3,2026-09-04T17:30:00Z,player-ensemble-1.0,player-sim-2.0,player-sim-3.0-candidate,recommended_for_live_promotion,0.2,0.5,0.4,1.0,fpl-2026-27,1.0375,121,451340,Mitoma,5,Brighton,Midfielder,6.0,0.0,0.0,0.0,0.0,0.0,0.0,0.0,0.0,0.0,0,0,0,0.0,0,0,0,0.0,0.0
2026-09-04T11:47:07+00:00,3,2026-09-04T17:30:00Z,player-ensemble-1.0,player-sim-2.0,player-sim-3.0-candidate,recommended_for_live_promotion,0.2,0.5,0.4,1.0,fpl-2026-27,1.0375,122,592031,Minteh,5,Brighton,Midfielder,5.9,0.0,0.0,0.0,0.0,0.0,0.0,0.0,0.0,0.0,0,0,0,0.0,0,0,0,0.0,0.0
2026-09-04T11:47:07+00:00,3,2026-09-04T17:30:00Z,player-ensemble-1.0,player-sim-2.0,player-sim-3.0-candidate,recommended_for_live_promotion,0.2,0.5,0.4,1.0,fpl-2026-27,1.0375,123,532529,Hinshelwood,5,Brighton,Midfielder,6.0,1.201,0.0,1.201,18.58,0.0,0.0,4.0,0.2002,1.242,0,0,4,1.04,0,0,3.0,0.0167,0.0083
2026-09-04T11:47:07+00:00,3,2026-09-04T17:30:00Z,player-ensemble-1.0,player-sim-2.0,player-sim-3.0-candidate,recommended_for_live_promotion,0.2,0.5,0.4,1.0,fpl-2026-27,1.0375,124,60307,Groß,5,Brighton,Midfielder,5.5,2.785,0.0,2.785,59.95,0.6000000000000001,2.4000000000000004,5.6000000000000005,0.5064,2.858,0,2,6,2.493,0,2.0,6.0,0.015,0.0
2026-09-04T11:47:07+00:00,3,2026-09-04T17:30:00Z,player-ensemble-1.0,player-sim-2.0,player-sim-3.0-candidate,recommended_for_live_promotion,0.2,0.5,0.4,1.0,fpl-2026-27,1.03,125,463067,Georginio,5,Brighton,Forward,5.5,1.414,0.0,1.414,36.11,0.0,0.8,4.0,0.257,1.52,0,1,5,0.988,0,0,3.0,0.005,0.0
2026-09-04T11:47:07+00:00,3,2026-09-04T17:30:00Z,player-ensemble-1.0,player-sim-2.0,player-sim-3.0-candidate,recommended_for_live_promotion,0.2,0.5,0.4,1.0,fpl-2026-27,1.0375,126,219249,O'Riley,5,Brighton,Midfielder,5.5,0.259,0.0,0.259,3.39,0.0,0.0,0.6000000000000001,0.0471,0.17,0,0,0,0.615,0,0,2.0,0.005,0.0
2026-09-04T11:47:07+00:00,3,2026-09-04T17:30:00Z,player-ensemble-1.0,player-sim-2.0,player-sim-3.0-candidate,recommended_for_live_promotion,0.2,0.5,0.4,1.0,fpl-2026-27,1.0375,127,514254,Gomez,5,Brighton,Midfielder,5.0,3.426,0.0,3.426,64.37,0.8,2.8000000000000003,6.800000000000001,0.6853,3.497,1,3,8,3.145,0,2.0,8.0,0.075,0.01
2026-09-04T11:47:07+00:00,3,2026-09-04T17:30:00Z,player-ensemble-1.0,player-sim-2.0,player-sim-3.0-candidate,recommended_for_live_promotion,0.2,0.5,0.4,1.0,fpl-2026-27,1.0375,128,536916,Buonanotte,5,Brighton,Midfielder,5.0,0.0,0.0,0.0,0.0,0.0,0.0,0.0,0.0,0.0,0,0,0,0.0,0,0,0,0.0,0.0
2026-09-04T11:47:07+00:00,3,2026-09-04T17:30:00Z,player-ensemble-1.0,player-sim-2.0,player-sim-3.0-candidate,recommended_for_live_promotion,0.2,0.5,0.4,1.0,fpl-2026-27,1.0375,129,509416,Ayari,5,Brighton,Midfielder,5.4,1.382,0.0,1.382,33.4,0.0,0.8,3.4000000000000004,0.2559,1.52,0,1,4,0.828,0,0,3.0,0.005,0.0017
2026-09-04T11:47:07+00:00,3,2026-09-04T17:30:00Z,player-ensemble-1.0,player-sim-2.0,player-sim-3.0-candidate,recommended_for_live_promotion,0.2,0.5,0.4,1.0,fpl-2026-27,1.0,130,467779,Wieffer,5,Brighton,Defender,5.0,0.0,0.0,0.0,0.0,0.0,0.0,0.0,0.0,0.0,0,0,0,0.0,0,0,0,0.0,0.0
2026-09-04T11:47:07+00:00,3,2026-09-04T17:30:00Z,player-ensemble-1.0,player-sim-2.0,player-sim-3.0-candidate,recommended_for_live_promotion,0.2,0.5,0.4,1.0,fpl-2026-27,1.0375,132,597320,Howell,5,Brighton,Midfielder,4.5,0.0,0.0,0.0,0.0,0.0,0.0,0.0,0.0,0.0,0,0,0,0.0,0,0,0,0.0,0.0
2026-09-04T11:47:07+00:00,3,2026-09-04T17:30:00Z,player-ensemble-1.0,player-sim-2.0,player-sim-3.0-candidate,recommended_for_live_promotion,0.2,0.5,0.4,1.0,fpl-2026-27,1.0375,133,549074,Watson,5,Brighton,Midfielder,5.0,0.0,0.0,0.0,0.0,0.0,0.0,0.0,0.0,0.0,0,0,0,0.0,0,0,0,0.0,0.0
2026-09-04T11:47:07+00:00,3,2026-09-04T17:30:00Z,player-ensemble-1.0,player-sim-2.0,player-sim-3.0-candidate,recommended_for_live_promotion,0.2,0.5,0.4,1.0,fpl-2026-27,1.0375,134,556637,Oriola,5,Brighton,Midfielder,4.5,0.101,0.0,0.101,0.0,0.0,0.0,0.4,0.0224,0.0,0,0,0,0.503,0,0,2.0,0.0,0.0
2026-09-04T11:47:07+00:00,3,2026-09-04T17:30:00Z,player-ensemble-1.0,player-sim-2.0,player-sim-3.0-candidate,recommended_for_live_promotion,0.2,0.5,0.4,1.0,fpl-2026-27,1.0375,135,700308,Yohanna,5,Brighton,Midfielder,5.0,0.906,0.0,0.906,20.33,0.0,0.6000000000000001,2.4000000000000004,0.1812,0.907,0,0,3,0.903,0,0,3.0,0.0033,0.0
2026-09-04T11:47:07+00:00,3,2026-09-04T17:30:00Z,player-ensemble-1.0,player-sim-2.0,player-sim-3.0-candidate,recommended_for_live_promotion,0.2,0.5,0.4,1.0,fpl-2026-27,1.03,137,608181,Tzimas,5,Brighton,Forward,5.5,0.0,0.0,0.0,0.0,0.0,0.0,0.0,0.0,0.0,0,0,0,0.0,0,0,0,0.0,0.0
2026-09-04T11:47:07+00:00,3,2026-09-04T17:30:00Z,player-ensemble-1.0,player-sim-2.0,player-sim-3.0-candidate,recommended_for_live_promotion,0.2,0.5,0.4,1.0,fpl-2026-27,1.03,138,647850,Kostoulas,5,Brighton,Forward,5.5,1.226,0.0,1.226,21.51,0.0,0.8,3.2,0.223,1.067,0,0,3,1.865,0,1.0,6.0,0.0167,0.005
2026-09-04T11:47:07+00:00,3,2026-09-04T17:30:00Z,player-ensemble-1.0,player-sim-2.0,player-sim-3.0-candidate,recommended_for_live_promotion,0.2,0.5,0.4,1.0,fpl-2026-27,1.03,139,487117,Ferguson,5,Brighton,Forward,5.0,0.0,0.0,0.0,0.0,0.0,0.0,0.0,0.0,0.0,0,0,0,0.0,0,0,0,0.0,0.0
2026-09-04T11:47:07+00:00,3,2026-09-04T17:30:00Z,player-ensemble-1.0,player-sim-2.0,player-sim-3.0-candidate,recommended_for_live_promotion,0.2,0.5,0.4,1.0,fpl-2026-27,1.0,328,222694,Struijk,5,Brighton,Defender,5.0,2.32,0.0,2.32,53.68,0.0,1.6,6.4,0.4641,2.713,0,2,7,0.748,0,0,2.0,0.005,0.0
2026-09-04T11:47:07+00:00,3,2026-09-04T17:30:00Z,player-ensemble-1.0,player-sim-2.0,player-sim-3.0-candidate,recommended_for_live_promotion,0.2,0.5,0.4,1.0,fpl-2026-27,1.0,504,610799,Vuskovic,5,Brighton,Defender,5.0,2.286,0.0,2.286,48.41,0.0,1.6,6.000000000000001,0.4572,2.185,0,1,6,2.69,0.0,2.0,7.0,0.0217,0.0017
2026-09-04T11:47:07+00:00,3,2026-09-04T17:30:00Z,player-ensemble-1.0,player-sim-2.0,player-sim-3.0-candidate,recommended_for_live_promotion,0.2,0.5,0.4,1.0,fpl-2026-27,1.03,594,538007,David,5,Brighton,Forward,6.0,0.954,0.0,0.954,20.16,0.0,0.6000000000000001,2.4000000000000004,0.159,0.967,0,0,3,0.902,0,0,2.0,0.0,0.0
2026-09-04T11:47:07+00:00,3,2026-09-04T17:30:00Z,player-ensemble-1.0,player-sim-2.0,player-sim-3.0-candidate,recommended_for_live_promotion,0.2,0.5,0.4,1.0,fpl-2026-27,1.0375,600,612855,Osman,5,Brighton,Midfielder,5.0,1.156,0.0,1.156,24.06,0.0,1.0,2.6000000000000005,0.2312,1.175,0,1,3,1.08,0,1.0,2.0,0.0017,0.0
2026-09-04T11:47:07+00:00,3,2026-09-04T17:30:00Z,player-ensemble-1.0,player-sim-2.0,player-sim-3.0-candidate,recommended_for_live_promotion,0.2,0.5,0.4,1.0,fpl-2026-27,1.0375,605,611695,Yalcouyé,5,Brighton,Midfielder,4.5,1.636,0.0,1.636,30.54,0.0,1.0,3.8,0.3635,1.547,0,1,4,1.992,0,1.0,6.0,0.0283,0.0083
2026-09-04T11:47:07+00:00,3,2026-09-04T17:30:00Z,player-ensemble-1.0,player-sim-2.0,player-sim-3.0-candidate,recommended_for_live_promotion,0.2,0.5,0.4,1.0,fpl-2026-27,1.0,614,512123,Hadjam,5,Brighton,Defender,4.5,0.951,0.0,0.951,21.73,0.0,0.0,3.2,0.2113,1.007,0,0,4,0.727,0,0,3.0,0.0017,0.0
2026-09-04T11:47:07+00:00,3,2026-09-04T17:30:00Z,player-ensemble-1.0,player-sim-2.0,player-sim-3.0-candidate,recommended_for_live_promotion,0.2,0.5,0.4,1.0,fpl-2026-27,1.0437,624,519324,Cozier-Duberry,5,Brighton,Midfielder,5.0,0.0,0.0,0.0,0.0,0.0,0.0,0.0,0.0,0.0,0,0,0,0.0,0,0,0,0.0,0.0
2026-09-04T11:47:07+00:00,3,2026-09-04T17:30:00Z,player-ensemble-1.0,player-sim-2.0,player-sim-3.0-candidate,recommended_for_live_promotion,0.2,0.5,0.4,1.0,fpl-2026-27,1.05,639,592984,Andrés,5,Brighton,Midfielder,5.5,1.214,0.0,1.214,29.91,0.0,0.8,3.0000000000000004,0.2207,1.225,0,0,3,1.168,0,0,3.0,0.0083,0.0
2026-09-04T11:47:07+00:00,3,2026-09-04T17:30:00Z,player-ensemble-1.0,player-sim-2.0,player-sim-3.0-candidate,recommended_for_live_promotion,0.2,0.5,0.4,1.0,fpl-2026-27,1.05,652,471551,Azeez,5,Brighton,Midfielder,5.5,1.081,0.0,1.081,25.41,0.0,0.6000000000000001,2.6000000000000005,0.1966,1.065,0,0,3,1.147,0,0,3.0,0.0017,0.0
2026-09-04T11:47:07+00:00,3,2026-09-04T17:30:00Z,player-ensemble-1.0,player-sim-2.0,player-sim-3.0-candidate,recommended_for_live_promotion,0.2,0.5,0.4,1.0,fpl-2026-27,1.06,28,98980,Martinez,6,Chelsea,Goalkeeper,5.0,2.151,0.0,2.151,62.12,0.0,1.6,5.000000000000001,0.4301,2.397,0,2,6,1.167,0,0,4.0,0.0017,0.0
2026-09-04T11:47:07+00:00,3,2026-09-04T17:30:00Z,player-ensemble-1.0,player-sim-2.0,player-sim-3.0-candidate,recommended_for_live_promotion,0.2,0.5,0.4,1.0,fpl-2026-27,1.0375,40,244850,Rogers,6,Chelsea,Midfielder,7.5,3.699,0.0,3.699,86.19,1.6,3.0,6.800000000000001,0.4932,3.927,2,3,8,2.79,0,2.0,7.0,0.0467,0.005
2026-09-04T11:47:07+00:00,3,2026-09-04T17:30:00Z,player-ensemble-1.0,player-sim-2.0,player-sim-3.0-candidate,recommended_for_live_promotion,0.2,0.5,0.4,1.0,fpl-2026-27,1.0375,101,56979,Henderson,6,Chelsea,Midfielder,5.0,0.732,0.0,0.732,24.82,0.0,0.0,2.4000000000000004,0.1463,0.843,0,0,3,0.285,0,0,1.0,0.0,0.0
2026-09-04T11:47:07+00:00,3,2026-09-04T17:30:00Z,player-ensemble-1.0,player-sim-2.0,player-sim-3.0-candidate,recommended_for_live_promotion,0.2,0.5,0.4,1.0,fpl-2026-27,1.03,136,50175,Welbeck,6,Chelsea,Forward,5.9,1.612,0.0,1.612,38.66,0.0,0.8,4.800000000000001,0.2732,1.88,0,1,6,0.538,0,0,2.0,0.005,0.0
2026-09-04T11:47:07+00:00,3,2026-09-04T17:30:00Z,player-ensemble-1.0,player-sim-2.0,player-sim-3.0-candidate,recommended_for_live_promotion,0.2,0.5,0.4,1.0,fpl-2026-27,1.06,140,215059,Sánchez,6,Chelsea,Goalkeeper,4.9,0.0,0.0,0.0,0.0,0.0,0.0,0.0,0.0,0.0,0,0,0,0.0,0,0,0,0.0,0.0
2026-09-04T11:47:07+00:00,3,2026-09-04T17:30:00Z,player-ensemble-1.0,player-sim-2.0,player-sim-3.0-candidate,recommended_for_live_promotion,0.2,0.5,0.4,1.0,fpl-2026-27,1.06,141,508479,Jörgensen,6,Chelsea,Goalkeeper,5.0,0.0,0.0,0.0,0.0,0.0,0.0,0.0,0.0,0.0,0,0,0,0.0,0,0,0,0.0,0.0
2026-09-04T11:47:07+00:00,3,2026-09-04T17:30:00Z,player-ensemble-1.0,player-sim-2.0,player-sim-3.0-candidate,recommended_for_live_promotion,0.2,0.5,0.4,1.0,fpl-2026-27,1.0,142,225796,James,6,Chelsea,Defender,5.5,1.825,0.0,1.825,51.96,0.2,1.2000000000000002,4.800000000000001,0.3318,1.932,0,1,6,1.398,0,1.0,4.0,0.0083,0.0
2026-09-04T11:47:07+00:00,3,2026-09-04T17:30:00Z,player-ensemble-1.0,player-sim-2.0,player-sim-3.0-candidate,recommended_for_live_promotion,0.2,0.5,0.4,1.0,fpl-2026-27,1.0,143,180736,Chalobah,6,Chelsea,Defender,5.5,0.0,0.0,0.0,0.0,0.0,0.0,0.0,0.0,0.0,0,0,0,0.0,0,0,0,0.0,0.0
2026-09-04T11:47:07+00:00,3,2026-09-04T17:30:00Z,player-ensemble-1.0,player-sim-2.0,player-sim-3.0-candidate,recommended_for_live_promotion,0.2,0.5,0.4,1.0,fpl-2026-27,1.0,144,482609,Gusto,6,Chelsea,Defender,5.0,2.191,0.0,2.191,66.04,0.8,1.6,5.200000000000001,0.4382,2.295,1,2,6,1.775,0.0,1.0,6.0,0.0033,0.0
2026-09-04T11:47:07+00:00,3,2026-09-04T17:30:00Z,player-ensemble-1.0,player-sim-2.0,player-sim-3.0-candidate,recommended_for_live_promotion,0.2,0.5,0.4,1.0,fpl-2026-27,1.0,145,444463,Fofana,6,Chelsea,Defender,5.0,1.315,0.0,1.315,39.38,0.0,0.8,3.4000000000000004,0.263,1.363,0,1,4,1.122,0,0,3.0,0.0017,0.0
2026-09-04T11:47:07+00:00,3,2026-09-04T17:30:00Z,player-ensemble-1.0,player-sim-2.0,player-sim-3.0-candidate,recommended_for_live_promotion,0.2,0.5,0.4,1.0,fpl-2026-27,1.0,146,242880,B.Badiashile,6,Chelsea,Defender,4.5,0.0,0.0,0.0,0.0,0.0,0.0,0.0,0.0,0.0,0,0,0,0.0,0,0,0,0.0,0.0
2026-09-04T11:47:07+00:00,3,2026-09-04T17:30:00Z,player-ensemble-1.0,player-sim-2.0,player-sim-3.0-candidate,recommended_for_live_promotion,0.2,0.5,0.4,1.0,fpl-2026-27,1.0,148,551210,Hato,6,Chelsea,Defender,4.5,1.487,0.0,1.487,43.28,0.0,1.0,4.4,0.3304,1.46,0,1,5,1.595,0,1.0,6.0,0.005,0.0
2026-09-04T11:47:07+00:00,3,2026-09-04T17:30:00Z,player-ensemble-1.0,player-sim-2.0,player-sim-3.0-candidate,recommended_for_live_promotion,0.2,0.5,0.4,1.0,fpl-2026-27,1.0,149,460028,Colwill,6,Chelsea,Defender,5.0,1.179,0.0,1.179,30.26,0.0,0.4,3.2,0.2358,1.01,0,0,4,1.855,0,1.0,6.0,0.005,0.0
2026-09-04T11:47:07+00:00,3,2026-09-04T17:30:00Z,player-ensemble-1.0,player-sim-2.0,player-sim-3.0-candidate,recommended_for_live_promotion,0.2,0.5,0.4,1.0,fpl-2026-27,1.0,150,574458,M.Sarr,6,Chelsea,Defender,4.5,0.0,0.0,0.0,0.0,0.0,0.0,0.0,0.0,0.0,0,0,0,0.0,0,0,0,0.0,0.0
2026-09-04T11:47:07+00:00,3,2026-09-04T17:30:00Z,player-ensemble-1.0,player-sim-2.0,player-sim-3.0-candidate,recommended_for_live_promotion,0.2,0.5,0.4,1.0,fpl-2026-27,1.0,151,577016,Acheampong,6,Chelsea,Defender,4.5,1.192,0.0,1.192,29.1,0.0,0.8,3.2,0.2649,1.142,0,0,3,1.393,0,1.0,4.0,0.0033,0.0
2026-09-04T11:47:07+00:00,3,2026-09-04T17:30:00Z,player-ensemble-1.0,player-sim-2.0,player-sim-3.0-candidate,recommended_for_live_promotion,0.2,0.5,0.4,1.0,fpl-2026-27,1.0,152,620109,Palestra,6,Chelsea,Defender,5.4,0.482,0.0,0.482,14.75,0.0,0.0,1.6,0.0893,0.5,0,0,2,0.412,0,0,1.0,0.0033,0.0
2026-09-04T11:47:07+00:00,3,2026-09-04T17:30:00Z,player-ensemble-1.0,player-sim-2.0,player-sim-3.0-candidate,recommended_for_live_promotion,0.2,0.5,0.4,1.0,fpl-2026-27,1.0375,154,244851,Palmer,6,Chelsea,Midfielder,9.6,3.195,0.0,3.195,62.5,0.8,2.6000000000000005,6.4,0.3328,3.275,0,3,7,2.875,0,2.0,8.0,0.0367,0.0117
2026-09-04T11:47:07+00:00,3,2026-09-04T17:30:00Z,player-ensemble-1.0,player-sim-2.0,player-sim-3.0-candidate,recommended_for_live_promotion,0.2,0.5,0.4,1.0,fpl-2026-27,1.0375,156,247632,Neto,6,Chelsea,Midfielder,6.5,2.486,0.0,2.486,59.33,0.8,1.8,5.200000000000001,0.3824,2.655,1,2,6,1.808,0,1.0,5.0,0.0133,0.0
2026-09-04T11:47:07+00:00,3,2026-09-04T17:30:00Z,player-ensemble-1.0,player-sim-2.0,player-sim-3.0-candidate,recommended_for_live_promotion,0.2,0.5,0.4,1.0,fpl-2026-27,1.0375,157,624773,Estêvão,6,Chelsea,Midfielder,6.4,0.648,0.0,0.648,15.94,0.0,0.2,1.6,0.1013,0.588,0,0,2,0.888,0,0,2.0,0.0033,0.0017
2026-09-04T11:47:07+00:00,3,2026-09-04T17:30:00Z,player-ensemble-1.0,player-sim-2.0,player-sim-3.0-candidate,recommended_for_live_promotion,0.2,0.5,0.4,1.0,fpl-2026-27,1.0375,158,463936,Gittens,6,Chelsea,Midfielder,5.9,0.314,0.0,0.314,8.09,0.0,0.0,1.2000000000000002,0.0532,0.285,0,0,1,0.428,0,0,2.0,0.0,0.0
2026-09-04T11:47:07+00:00,3,2026-09-04T17:30:00Z,player-ensemble-1.0,player-sim-2.0,player-sim-3.0-candidate,recommended_for_live_promotion,0.2,0.5,0.4,1.0,fpl-2026-27,1.0375,159,486672,Caicedo,6,Chelsea,Midfielder,5.4,1.432,0.0,1.432,43.99,0.0,1.0,3.4000000000000004,0.2651,1.652,0,1,4,0.552,0,0,1.0,0.0,0.0
2026-09-04T11:47:07+00:00,3,2026-09-04T17:30:00Z,player-ensemble-1.0,player-sim-2.0,player-sim-3.0-candidate,recommended_for_live_promotion,0.2,0.5,0.4,1.0,fpl-2026-27,1.0375,161,514356,Lavia,6,Chelsea,Midfielder,5.0,1.35,0.0,1.35,28.19,0.0,0.8,2.8000000000000003,0.2701,1.15,0,0,3,2.152,0,2.0,5.0,0.0233,0.0
2026-09-04T11:47:07+00:00,3,2026-09-04T17:30:00Z,player-ensemble-1.0,player-sim-2.0,player-sim-3.0-candidate,recommended_for_live_promotion,0.2,0.5,0.4,1.0,fpl-2026-27,1.0375,163,491007,D.Essugo,6,Chelsea,Midfielder,4.5,0.0,0.0,0.0,0.0,0.0,0.0,0.0,0.0,0.0,0,0,0,0.0,0,0,0,0.0,0.0
2026-09-04T11:47:07+00:00,3,2026-09-04T17:30:00Z,player-ensemble-1.0,player-sim-2.0,player-sim-3.0-candidate,recommended_for_live_promotion,0.2,0.5,0.4,1.0,fpl-2026-27,1.0375,164,593117,Quenda,6,Chelsea,Midfielder,5.4,0.785,0.0,0.785,19.78,0.0,0.4,1.8,0.1454,0.803,0,0,2,0.713,0,0,2.0,0.0017,0.0
2026-09-04T11:47:07+00:00,3,2026-09-04T17:30:00Z,player-ensemble-1.0,player-sim-2.0,player-sim-3.0-candidate,recommended_for_live_promotion,0.2,0.5,0.4,1.0,fpl-2026-27,1.03,165,475168,João Pedro,6,Chelsea,Forward,7.7,3.881,0.0,3.881,77.14,1.4000000000000001,3.4000000000000004,7.0,0.5041,4.085,1,3,8,3.067,0,2.0,8.0,0.06,0.0167
2026-09-04T11:47:07+00:00,3,2026-09-04T17:30:00Z,player-ensemble-1.0,player-sim-2.0,player-sim-3.0-candidate,recommended_for_live_promotion,0.2,0.5,0.4,1.0,fpl-2026-27,1.03,168,499309,Marc Guiu,6,Chelsea,Forward,5.0,0.0,0.0,0.0,0.0,0.0,0.0,0.0,0.0,0.0,0,0,0,0.0,0,0,0,0.0,0.0
2026-09-04T11:47:07+00:00,3,2026-09-04T17:30:00Z,player-ensemble-1.0,player-sim-2.0,player-sim-3.0-candidate,recommended_for_live_promotion,0.2,0.5,0.4,1.0,fpl-2026-27,1.03,169,567119,Mheuka,6,Chelsea,Forward,4.5,0.085,0.0,0.085,0.0,0.0,0.0,0.4,0.0188,0.0,0,0,0,0.423,0,0,2.0,0.0017,0.0
2026-09-04T11:47:07+00:00,3,2026-09-04T17:30:00Z,player-ensemble-1.0,player-sim-2.0,player-sim-3.0-candidate,recommended_for_live_promotion,0.2,0.5,0.4,1.0,fpl-2026-27,1.03,170,503037,Emegha,6,Chelsea,Forward,5.0,0.621,0.0,0.621,16.23,0.0,0.0,2.0,0.1243,0.668,0,0,2,0.433,0,0,2.0,0.0,0.0
2026-09-04T11:47:07+00:00,3,2026-09-04T17:30:00Z,player-ensemble-1.0,player-sim-2.0,player-sim-3.0-candidate,recommended_for_live_promotion,0.2,0.5,0.4,1.0,fpl-2026-27,1.0,200,437499,Lacroix,6,Chelsea,Defender,6.0,3.348,0.0,3.348,84.14,1.0,3.2,6.4,0.558,3.6,1,3,8,2.338,0,2.0,6.0,0.01,0.0
2026-09-04T11:47:07+00:00,3,2026-09-04T17:30:00Z,player-ensemble-1.0,player-sim-2.0,player-sim-3.0-candidate,recommended_for_live_promotion,0.2,0.5,0.4,1.0,fpl-2026-27,1.06,560,549939,Penders,6,Chelsea,Goalkeeper,4.5,0.54,0.0,0.54,14.61,0.0,0.0,1.6,0.1199,0.59,0,0,2,0.338,0,0,1.0,0.0,0.0
2026-09-04T11:47:07+00:00,3,2026-09-04T17:30:00Z,player-ensemble-1.0,player-sim-2.0,player-sim-3.0-candidate,recommended_for_live_promotion,0.2,0.5,0.4,1.0,fpl-2026-27,1.0,561,622758,Anselmino,6,Chelsea,Defender,4.5,0.718,0.0,0.718,19.81,0.0,0.0,2.4000000000000004,0.1596,0.753,0,0,3,0.577,0,0,2.0,0.0017,0.0
2026-09-04T11:47:07+00:00,3,2026-09-04T17:30:00Z,player-ensemble-1.0,player-sim-2.0,player-sim-3.0-candidate,recommended_for_live_promotion,0.2,0.5,0.4,1.0,fpl-2026-27,1.0375,568,543158,Barco,6,Chelsea,Midfielder,5.5,0.958,0.0,0.958,23.32,0.0,0.8,2.2,0.1742,1.0,0,1,2,0.792,0,0,2.0,0.0,0.0
2026-09-04T11:47:07+00:00,3,2026-09-04T17:30:00Z,player-ensemble-1.0,player-sim-2.0,player-sim-3.0-candidate,recommended_for_live_promotion,0.2,0.5,0.4,1.0,fpl-2026-27,1.0,583,498444,Chavarria,6,Chelsea,Defender,5.0,0.948,0.0,0.948,23.93,0.0,0.8,2.0,0.1897,0.953,0,1,2,0.928,0,1.0,2.0,0.0,0.0
2026-09-04T11:47:07+00:00,3,2026-09-04T17:30:00Z,player-ensemble-1.0,player-sim-2.0,player-sim-3.0-candidate,recommended_for_live_promotion,0.2,0.5,0.4,1.0,fpl-2026-27,1.0,91,231065,Pinnock,7,Coventry City,Defender,4.5,0.386,0.0,0.386,8.68,0.0,0.2,1.0,0.0858,0.308,0,0,1,0.697,0,0,2.0,0.0,0.0
2026-09-04T11:47:07+00:00,3,2026-09-04T17:30:00Z,player-ensemble-1.0,player-sim-2.0,player-sim-3.0-candidate,recommended_for_live_promotion,0.2,0.5,0.4,1.0,fpl-2026-27,1.0375,104,428580,Onyeka,7,Coventry City,Midfielder,5.0,0.639,0.0,0.639,14.62,0.0,0.2,2.0,0.1279,0.52,0,0,2,1.117,0,0,3.0,0.005,0.0
2026-09-04T11:47:07+00:00,3,2026-09-04T17:30:00Z,player-ensemble-1.0,player-sim-2.0,player-sim-3.0-candidate,recommended_for_live_promotion,0.2,0.5,0.4,1.0,fpl-2026-27,1.06,110,472739,Rushworth,7,Coventry City,Goalkeeper,4.5,1.38,0.0,1.38,42.97,0.0,0.8,3.4000000000000004,0.3067,1.34,0,0,4,1.54,0,1.0,4.0,0.0017,0.0
2026-09-04T11:47:07+00:00,3,2026-09-04T17:30:00Z,player-ensemble-1.0,player-sim-2.0,player-sim-3.0-candidate,recommended_for_live_promotion,0.2,0.5,0.4,1.0,fpl-2026-27,1.06,171,484389,Dovin,7,Coventry City,Goalkeeper,4.0,0.0,0.0,0.0,0.0,0.0,0.0,0.0,0.0,0.0,0,0,0,0.0,0,0,0,0.0,0.0
2026-09-04T11:47:07+00:00,3,2026-09-04T17:30:00Z,player-ensemble-1.0,player-sim-2.0,player-sim-3.0-candidate,recommended_for_live_promotion,0.2,0.5,0.4,1.0,fpl-2026-27,1.06,172,110690,Wilson,7,Coventry City,Goalkeeper,4.5,0.359,0.0,0.359,13.26,0.0,0.0,1.6,0.0797,0.395,0,0,2,0.213,0,0,0,0.0,0.0
2026-09-04T11:47:07+00:00,3,2026-09-04T17:30:00Z,player-ensemble-1.0,player-sim-2.0,player-sim-3.0-candidate,recommended_for_live_promotion,0.2,0.5,0.4,1.0,fpl-2026-27,1.0,173,461102,Thomas,7,Coventry City,Defender,4.0,1.644,0.0,1.644,48.54,0.0,1.2000000000000002,4.0,0.411,1.607,0,1,4,1.793,0.0,1.0,6.0,0.005,0.0
2026-09-04T11:47:07+00:00,3,2026-09-04T17:30:00Z,player-ensemble-1.0,player-sim-2.0,player-sim-3.0-candidate,recommended_for_live_promotion,0.2,0.5,0.4,1.0,fpl-2026-27,1.0,174,436761,Kitching,7,Coventry City,Defender,4.0,0.0,0.0,0.0,0.0,0.0,0.0,0.0,0.0,0.0,0,0,0,0.0,0,0,0,0.0,0.0
2026-09-04T11:47:07+00:00,3,2026-09-04T17:30:00Z,player-ensemble-1.0,player-sim-2.0,player-sim-3.0-candidate,recommended_for_live_promotion,0.2,0.5,0.4,1.0,fpl-2026-27,1.0,175,451284,van Ewijk,7,Coventry City,Defender,4.0,1.516,0.0,1.516,50.95,0.0,1.2000000000000002,4.0,0.379,1.455,0,1,4,1.76,0,1.0,6.0,0.005,0.0
2026-09-04T11:47:07+00:00,3,2026-09-04T17:30:00Z,player-ensemble-1.0,player-sim-2.0,player-sim-3.0-candidate,recommended_for_live_promotion,0.2,0.5,0.4,1.0,fpl-2026-27,1.0,176,173878,Dasilva,7,Coventry City,Defender,4.0,1.46,0.0,1.46,50.22,0.0,1.0,4.0,0.3651,1.425,0,1,4,1.602,0.0,1.0,6.0,0.005,0.0
2026-09-04T11:47:07+00:00,3,2026-09-04T17:30:00Z,player-ensemble-1.0,player-sim-2.0,player-sim-3.0-candidate,recommended_for_live_promotion,0.2,0.5,0.4,1.0,fpl-2026-27,1.0,177,465390,Kesler-Hayden,7,Coventry City,Defender,4.0,0.0,0.0,0.0,0.0,0.0,0.0,0.0,0.0,0.0,0,0,0,0.0,0,0,0,0.0,0.0
2026-09-04T11:47:07+00:00,3,2026-09-04T17:30:00Z,player-ensemble-1.0,player-sim-2.0,player-sim-3.0-candidate,recommended_for_live_promotion,0.2,0.5,0.4,1.0,fpl-2026-27,1.0,178,80178,Bidwell,7,Coventry City,Defender,4.0,0.588,0.0,0.588,19.12,0.0,0.0,1.6,0.1471,0.65,0,0,2,0.342,0,0,1.0,0.0,0.0
2026-09-04T11:47:07+00:00,3,2026-09-04T17:30:00Z,player-ensemble-1.0,player-sim-2.0,player-sim-3.0-candidate,recommended_for_live_promotion,0.2,0.5,0.4,1.0,fpl-2026-27,1.0,179,204813,Latibeaudiere,7,Coventry City,Defender,4.0,0.651,0.0,0.651,20.15,0.0,0.0,2.4000000000000004,0.1628,0.688,0,0,2,0.502,0,0,2.0,0.0,0.0
2026-09-04T11:47:07+00:00,3,2026-09-04T17:30:00Z,player-ensemble-1.0,player-sim-2.0,player-sim-3.0-candidate,recommended_for_live_promotion,0.2,0.5,0.4,1.0,fpl-2026-27,1.0,180,220583,Woolfenden,7,Coventry City,Defender,4.0,0.0,0.0,0.0,0.0,0.0,0.0,0.0,0.0,0.0,0,0,0,0.0,0,0,0,0.0,0.0
2026-09-04T11:47:07+00:00,3,2026-09-04T17:30:00Z,player-ensemble-1.0,player-sim-2.0,player-sim-3.0-candidate,recommended_for_live_promotion,0.2,0.5,0.4,1.0,fpl-2026-27,1.0,181,577411,Brau,7,Coventry City,Defender,4.0,0.0,0.0,0.0,0.0,0.0,0.0,0.0,0.0,0.0,0,0,0,0.0,0,0,0,0.0,0.0
2026-09-04T11:47:07+00:00,3,2026-09-04T17:30:00Z,player-ensemble-1.0,player-sim-2.0,player-sim-3.0-candidate,recommended_for_live_promotion,0.2,0.5,0.4,1.0,fpl-2026-27,1.0,182,539142,Amenda,7,Coventry City,Defender,4.0,1.533,0.0,1.533,47.93,0.0,1.0,4.800000000000001,0.3832,1.553,0,1,6,1.45,0,1.0,5.0,0.0,0.0
2026-09-04T11:47:07+00:00,3,2026-09-04T17:30:00Z,player-ensemble-1.0,player-sim-2.0,player-sim-3.0-candidate,recommended_for_live_promotion,0.2,0.5,0.4,1.0,fpl-2026-27,1.0375,183,480457,Rudoni,7,Coventry City,Midfielder,5.0,1.252,0.0,1.252,30.68,0.0,1.0,2.6000000000000005,0.2505,1.217,0,1,3,1.395,0,1.0,3.0,0.0,0.0
2026-09-04T11:47:07+00:00,3,2026-09-04T17:30:00Z,player-ensemble-1.0,player-sim-2.0,player-sim-3.0-candidate,recommended_for_live_promotion,0.2,0.5,0.4,1.0,fpl-2026-27,1.0375,184,168144,Grimes,7,Coventry City,Midfielder,5.0,1.116,0.0,1.116,30.38,0.0,0.4,2.6000000000000005,0.2232,0.963,0,0,3,1.727,0,2.0,3.0,0.0,0.0
2026-09-04T11:47:07+00:00,3,2026-09-04T17:30:00Z,player-ensemble-1.0,player-sim-2.0,player-sim-3.0-candidate,recommended_for_live_promotion,0.2,0.5,0.4,1.0,fpl-2026-27,1.0375,185,501459,Sakamoto,7,Coventry City,Midfielder,4.9,0.825,0.0,0.825,21.4,0.0,0.4,2.0,0.1684,0.827,0,0,2,0.818,0,0,2.0,0.0017,0.0
2026-09-04T11:47:07+00:00,3,2026-09-04T17:30:00Z,player-ensemble-1.0,player-sim-2.0,player-sim-3.0-candidate,recommended_for_live_promotion,0.2,0.5,0.4,1.0,fpl-2026-27,1.0375,186,241293,Mason-Clark,7,Coventry City,Midfielder,5.4,1.009,0.0,1.009,29.55,0.0,0.8,2.4000000000000004,0.1869,1.015,0,1,3,0.985,0,0,3.0,0.005,0.0
2026-09-04T11:47:07+00:00,3,2026-09-04T17:30:00Z,player-ensemble-1.0,player-sim-2.0,player-sim-3.0-candidate,recommended_for_live_promotion,0.2,0.5,0.4,1.0,fpl-2026-27,1.0375,187,439668,Eccles,7,Coventry City,Midfielder,4.9,0.643,0.0,0.643,19.03,0.0,0.0,1.8,0.1312,0.7,0,0,2,0.415,0,0,2.0,0.0,0.0
2026-09-04T11:47:07+00:00,3,2026-09-04T17:30:00Z,player-ensemble-1.0,player-sim-2.0,player-sim-3.0-candidate,recommended_for_live_promotion,0.2,0.5,0.4,1.0,fpl-2026-27,1.0375,188,226965,Torp,7,Coventry City,Midfielder,5.4,1.024,0.0,1.024,24.05,0.0,1.0,2.0,0.1896,1.012,0,1,2,1.072,0,1.0,2.0,0.0017,0.0
2026-09-04T11:47:07+00:00,3,2026-09-04T17:30:00Z,player-ensemble-1.0,player-sim-2.0,player-sim-3.0-candidate,recommended_for_live_promotion,0.2,0.5,0.4,1.0,fpl-2026-27,1.0375,189,684268,Shepherd,7,Coventry City,Midfielder,4.5,0.618,0.0,0.618,17.75,0.0,0.0,1.6,0.1373,0.658,0,0,2,0.457,0,0,2.0,0.0,0.0
2026-09-04T11:47:07+00:00,3,2026-09-04T17:30:00Z,player-ensemble-1.0,player-sim-2.0,player-sim-3.0-candidate,recommended_for_live_promotion,0.2,0.5,0.4,1.0,fpl-2026-27,1.0375,190,469272,Tchaouna,7,Coventry City,Midfielder,5.5,1.631,0.0,1.631,44.81,0.2,1.6,3.0,0.2965,1.597,0,2,3,1.767,0,2.0,3.0,0.0033,0.0
2026-09-04T11:47:07+00:00,3,2026-09-04T17:30:00Z,player-ensemble-1.0,player-sim-2.0,player-sim-3.0-candidate,recommended_for_live_promotion,0.2,0.5,0.4,1.0,fpl-2026-27,1.0375,191,492498,Borges Rodrigues,7,Coventry City,Midfielder,4.5,0.0,0.0,0.0,0.0,0.0,0.0,0.0,0.0,0.0,0,0,0,0.0,0,0,0,0.0,0.0
2026-09-04T11:47:07+00:00,3,2026-09-04T17:30:00Z,player-ensemble-1.0,player-sim-2.0,player-sim-3.0-candidate,recommended_for_live_promotion,0.2,0.5,0.4,1.0,fpl-2026-27,1.0375,192,629397,Andrews,7,Coventry City,Midfielder,4.5,0.0,0.0,0.0,0.0,0.0,0.0,0.0,0.0,0.0,0,0,0,0.0,0,0,0,0.0,0.0
2026-09-04T11:47:07+00:00,3,2026-09-04T17:30:00Z,player-ensemble-1.0,player-sim-2.0,player-sim-3.0-candidate,recommended_for_live_promotion,0.2,0.5,0.4,1.0,fpl-2026-27,1.03,193,176412,Wright,7,Coventry City,Forward,5.4,0.0,0.0,0.0,0.0,0.0,0.0,0.0,0.0,0.0,0,0,0,0.0,0,0,0,0.0,0.0
2026-09-04T11:47:07+00:00,3,2026-09-04T17:30:00Z,player-ensemble-1.0,player-sim-2.0,player-sim-3.0-candidate,recommended_for_live_promotion,0.2,0.5,0.4,1.0,fpl-2026-27,1.03,194,230730,Thomas-Asante,7,Coventry City,Forward,5.0,1.332,0.0,1.332,32.77,0.0,1.0,2.8000000000000003,0.2665,1.313,0,1,3,1.408,0,1.0,3.0,0.005,0.0
2026-09-04T11:47:07+00:00,3,2026-09-04T17:30:00Z,player-ensemble-1.0,player-sim-2.0,player-sim-3.0-candidate,recommended_for_live_promotion,0.2,0.5,0.4,1.0,fpl-2026-27,1.03,195,218997,Simms,7,Coventry City,Forward,5.0,1.146,0.0,1.146,29.29,0.0,0.8,2.8000000000000003,0.2291,1.188,0,0,3,0.975,0,0,3.0,0.0017,0.0
2026-09-04T11:47:07+00:00,3,2026-09-04T17:30:00Z,player-ensemble-1.0,player-sim-2.0,player-sim-3.0-candidate,recommended_for_live_promotion,0.2,0.5,0.4,1.0,fpl-2026-27,1.03,196,551262,Markelo,7,Coventry City,Forward,5.0,0.0,0.0,0.0,0.0,0.0,0.0,0.0,0.0,0.0,0,0,0,0.0,0,0,0,0.0,0.0
2026-09-04T11:47:07+00:00,3,2026-09-04T17:30:00Z,player-ensemble-1.0,player-sim-2.0,player-sim-3.0-candidate,recommended_for_live_promotion,0.2,0.5,0.4,1.0,fpl-2026-27,1.03,197,549653,Bassette,7,Coventry City,Forward,4.5,0.0,0.0,0.0,0.0,0.0,0.0,0.0,0.0,0.0,0,0,0,0.0,0,0,0,0.0,0.0
2026-09-04T11:47:07+00:00,3,2026-09-04T17:30:00Z,player-ensemble-1.0,player-sim-2.0,player-sim-3.0-candidate,recommended_for_live_promotion,0.2,0.5,0.4,1.0,fpl-2026-27,1.03,492,210156,Awoniyi,7,Coventry City,Forward,5.5,1.352,0.0,1.352,23.47,0.0,0.8,3.6,0.2458,1.225,0,0,3,1.86,0,1.0,6.0,0.025,0.0017
2026-09-04T11:47:07+00:00,3,2026-09-04T17:30:00Z,player-ensemble-1.0,player-sim-2.0,player-sim-3.0-candidate,recommended_for_live_promotion,0.2,0.5,0.4,1.0,fpl-2026-27,1.0375,575,661888,Yirenkyi,7,Coventry City,Midfielder,5.0,1.515,0.0,1.515,40.98,0.0,1.4000000000000001,3.0,0.3029,1.477,0,1,3,1.667,0,2.0,3.0,0.0017,0.0
2026-09-04T11:47:07+00:00,3,2026-09-04T17:30:00Z,player-ensemble-1.0,player-sim-2.0,player-sim-3.0-candidate,recommended_for_live_promotion,0.2,0.5,0.4,1.0,fpl-2026-27,1.0375,584,196100,Hamer,7,Coventry City,Midfielder,5.5,1.895,0.0,1.895,54.35,0.8,1.6,3.4000000000000004,0.3446,2.112,1,2,4,1.03,0,1.0,2.0,0.0,0.0
2026-09-04T11:47:07+00:00,3,2026-09-04T17:30:00Z,player-ensemble-1.0,player-sim-2.0,player-sim-3.0-candidate,recommended_for_live_promotion,0.2,0.5,0.4,1.0,fpl-2026-27,1.03,599,627221,Cherif,7,Coventry City,Forward,5.0,0.57,0.0,0.57,16.59,0.0,0.0,2.0,0.114,0.6,0,0,2,0.45,0,0,2.0,0.0017,0.0
2026-09-04T11:47:07+00:00,3,2026-09-04T17:30:00Z,player-ensemble-1.0,player-sim-2.0,player-sim-3.0-candidate,recommended_for_live_promotion,0.2,0.5,0.4,1.0,fpl-2026-27,1.07,623,79602,Bentley,7,Coventry City,Goalkeeper,4.0,0.257,0.0,0.257,6.93,0.0,0.0,0.8,0.0643,0.227,0,0,0,0.38,0,0,2.0,0.0,0.0
2026-09-04T11:47:07+00:00,3,2026-09-04T17:30:00Z,player-ensemble-1.0,player-sim-2.0,player-sim-3.0-candidate,recommended_for_live_promotion,0.2,0.5,0.4,1.0,fpl-2026-27,1.0375,42,485337,Guessand,8,Crystal Palace,Midfielder,5.5,1.084,0.0,1.084,21.98,0.0,0.8,2.4000000000000004,0.1971,1.095,0,1,3,1.04,0,1.0,2.0,0.0033,0.0
2026-09-04T11:47:07+00:00,3,2026-09-04T17:30:00Z,player-ensemble-1.0,player-sim-2.0,player-sim-3.0-candidate,recommended_for_live_promotion,0.2,0.5,0.4,1.0,fpl-2026-27,1.0,153,220362,Disasi,8,Crystal Palace,Defender,4.5,1.146,0.0,1.146,27.46,0.0,0.8,3.4000000000000004,0.2547,1.248,0,1,4,0.738,0,0,2.0,0.0,0.0
2026-09-04T11:47:07+00:00,3,2026-09-04T17:30:00Z,player-ensemble-1.0,player-sim-2.0,player-sim-3.0-candidate,recommended_for_live_promotion,0.2,0.5,0.4,1.0,fpl-2026-27,1.06,198,172649,Henderson,8,Crystal Palace,Goalkeeper,5.0,3.152,0.0,3.152,86.57,1.0,2.6,6.000000000000001,0.6304,3.44,1,3,7,2.0,0,1.0,6.0,0.0017,0.0
2026-09-04T11:47:07+00:00,3,2026-09-04T17:30:00Z,player-ensemble-1.0,player-sim-2.0,player-sim-3.0-candidate,recommended_for_live_promotion,0.2,0.5,0.4,1.0,fpl-2026-27,1.06,199,121709,Benitez,8,Crystal Palace,Goalkeeper,4.5,0.134,0.0,0.134,1.94,0.0,0.0,0.4,0.0298,0.07,0,0,0,0.392,0,0,2.0,0.0,0.0
2026-09-04T11:47:07+00:00,3,2026-09-04T17:30:00Z,player-ensemble-1.0,player-sim-2.0,player-sim-3.0-candidate,recommended_for_live_promotion,0.2,0.5,0.4,1.0,fpl-2026-27,1.0,202,427623,Richards,8,Crystal Palace,Defender,5.0,3.489,0.0,3.489,79.12,1.0,3.2,6.6000000000000005,0.6979,3.725,1,3,8,2.547,0,2.0,8.0,0.02,0.0
2026-09-04T11:47:07+00:00,3,2026-09-04T17:30:00Z,player-ensemble-1.0,player-sim-2.0,player-sim-3.0-candidate,recommended_for_live_promotion,0.2,0.5,0.4,1.0,fpl-2026-27,1.0,203,651426,Canvot,8,Crystal Palace,Defender,4.9,2.655,0.0,2.655,55.05,0.2,2.0,6.000000000000001,0.5418,2.695,0,2,7,2.495,0.0,2.0,7.0,0.02,0.0
2026-09-04T11:47:07+00:00,3,2026-09-04T17:30:00Z,player-ensemble-1.0,player-sim-2.0,player-sim-3.0-candidate,recommended_for_live_promotion,0.2,0.5,0.4,1.0,fpl-2026-27,1.0,204,244723,Mitchell,8,Crystal Palace,Defender,4.5,3.037,0.0,3.037,85.17,0.8,2.4000000000000004,6.000000000000001,0.6748,3.24,1,2,7,2.223,0,1.0,6.0,0.0083,0.0
2026-09-04T11:47:07+00:00,3,2026-09-04T17:30:00Z,player-ensemble-1.0,player-sim-2.0,player-sim-3.0-candidate,recommended_for_live_promotion,0.2,0.5,0.4,1.0,fpl-2026-27,1.0,205,218364,Sosa,8,Crystal Palace,Defender,4.5,0.0,0.0,0.0,0.0,0.0,0.0,0.0,0.0,0.0,0,0,0,0.0,0,0,0,0.0,0.0
2026-09-04T11:47:07+00:00,3,2026-09-04T17:30:00Z,player-ensemble-1.0,player-sim-2.0,player-sim-3.0-candidate,recommended_for_live_promotion,0.2,0.5,0.4,1.0,fpl-2026-27,1.0,206,515621,Chadi Riad,8,Crystal Palace,Defender,4.4,0.0,0.0,0.0,0.0,0.0,0.0,0.0,0.0,0.0,0,0,0,0.0,0,0,0,0.0,0.0
2026-09-04T11:47:07+00:00,3,2026-09-04T17:30:00Z,player-ensemble-1.0,player-sim-2.0,player-sim-3.0-candidate,recommended_for_live_promotion,0.2,0.5,0.4,1.0,fpl-2026-27,1.0,207,242313,Mingueza,8,Crystal Palace,Defender,4.4,0.912,0.0,0.912,23.14,0.0,0.2,2.4000000000000004,0.2073,0.912,0,0,3,0.913,0.0,0,2.0,0.0033,0.0
2026-09-04T11:47:07+00:00,3,2026-09-04T17:30:00Z,player-ensemble-1.0,player-sim-2.0,player-sim-3.0-candidate,recommended_for_live_promotion,0.2,0.5,0.4,1.0,fpl-2026-27,1.0375,208,232185,Sarr,8,Crystal Palace,Midfielder,6.3,0.0,0.0,0.0,0.0,0.0,0.0,0.0,0.0,0.0,0,0,0,0.0,0,0,0,0.0,0.0
2026-09-04T11:47:07+00:00,3,2026-09-04T17:30:00Z,player-ensemble-1.0,player-sim-2.0,player-sim-3.0-candidate,recommended_for_live_promotion,0.2,0.5,0.4,1.0,fpl-2026-27,1.0375,210,496221,Wharton,8,Crystal Palace,Midfielder,5.5,2.965,0.0,2.965,74.0,1.0,2.6,5.6000000000000005,0.5391,3.175,1,3,6,2.127,0,2.0,5.0,0.005,0.0
2026-09-04T11:47:07+00:00,3,2026-09-04T17:30:00Z,player-ensemble-1.0,player-sim-2.0,player-sim-3.0-candidate,recommended_for_live_promotion,0.2,0.5,0.4,1.0,fpl-2026-27,1.0375,211,488024,Yeremy,8,Crystal Palace,Midfielder,5.5,2.324,0.0,2.324,51.45,0.8,1.8,4.800000000000001,0.4225,2.468,1,2,6,1.747,0,1.0,5.0,0.005,0.0
2026-09-04T11:47:07+00:00,3,2026-09-04T17:30:00Z,player-ensemble-1.0,player-sim-2.0,player-sim-3.0-candidate,recommended_for_live_promotion,0.2,0.5,0.4,1.0,fpl-2026-27,1.0375,212,108413,Hughes,8,Crystal Palace,Midfielder,4.5,0.895,0.0,0.895,27.64,0.0,0.4,2.4000000000000004,0.199,0.982,0,0,3,0.55,0,0,2.0,0.0,0.0
2026-09-04T11:47:07+00:00,3,2026-09-04T17:30:00Z,player-ensemble-1.0,player-sim-2.0,player-sim-3.0-candidate,recommended_for_live_promotion,0.2,0.5,0.4,1.0,fpl-2026-27,1.0375,213,152551,Lerma,8,Crystal Palace,Midfielder,4.9,1.012,0.0,1.012,27.78,0.0,0.6000000000000001,3.2,0.2066,1.14,0,0,4,0.502,0,0,2.0,0.0017,0.0
2026-09-04T11:47:07+00:00,3,2026-09-04T17:30:00Z,player-ensemble-1.0,player-sim-2.0,player-sim-3.0-candidate,recommended_for_live_promotion,0.2,0.5,0.4,1.0,fpl-2026-27,1.0375,214,209400,Kamada,8,Crystal Palace,Midfielder,5.0,2.419,0.0,2.419,64.28,0.8,2.0,4.6,0.4837,2.478,0,2,5,2.18,0,2.0,5.0,0.01,0.0
2026-09-04T11:47:07+00:00,3,2026-09-04T17:30:00Z,player-ensemble-1.0,player-sim-2.0,player-sim-3.0-candidate,recommended_for_live_promotion,0.2,0.5,0.4,1.0,fpl-2026-27,1.0375,215,489706,Devenny,8,Crystal Palace,Midfielder,5.0,0.0,0.0,0.0,0.0,0.0,0.0,0.0,0.0,0.0,0,0,0,0.0,0,0,0,0.0,0.0
2026-09-04T11:47:07+00:00,3,2026-09-04T17:30:00Z,player-ensemble-1.0,player-sim-2.0,player-sim-3.0-candidate,recommended_for_live_promotion,0.2,0.5,0.4,1.0,fpl-2026-27,1.0375,216,606921,Esse,8,Crystal Palace,Midfielder,5.0,0.0,0.0,0.0,0.0,0.0,0.0,0.0,0.0,0.0,0,0,0,0.0,0,0,0,0.0,0.0
2026-09-04T11:47:07+00:00,3,2026-09-04T17:30:00Z,player-ensemble-1.0,player-sim-2.0,player-sim-3.0-candidate,recommended_for_live_promotion,0.2,0.5,0.4,1.0,fpl-2026-27,1.0375,217,536694,M.França,8,Crystal Palace,Midfielder,4.9,0.641,0.0,0.641,17.95,0.0,0.0,1.6,0.1308,0.665,0,0,2,0.543,0,0,2.0,0.0017,0.0
2026-09-04T11:47:07+00:00,3,2026-09-04T17:30:00Z,player-ensemble-1.0,player-sim-2.0,player-sim-3.0-candidate,recommended_for_live_promotion,0.2,0.5,0.4,1.0,fpl-2026-27,1.0375,218,438464,Doucouré,8,Crystal Palace,Midfielder,4.9,0.692,0.0,0.692,19.76,0.0,0.0,2.2,0.1413,0.755,0,0,2,0.442,0,0,2.0,0.0,0.0
2026-09-04T11:47:07+00:00,3,2026-09-04T17:30:00Z,player-ensemble-1.0,player-sim-2.0,player-sim-3.0-candidate,recommended_for_live_promotion,0.2,0.5,0.4,1.0,fpl-2026-27,1.0375,219,450542,J.Rak-Sakyi,8,Crystal Palace,Midfielder,5.0,0.764,0.0,0.764,19.81,0.0,0.0,2.4000000000000004,0.1528,0.823,0,0,3,0.527,0,0,2.0,0.0,0.0
2026-09-04T11:47:07+00:00,3,2026-09-04T17:30:00Z,player-ensemble-1.0,player-sim-2.0,player-sim-3.0-candidate,recommended_for_live_promotion,0.2,0.5,0.4,1.0,fpl-2026-27,1.0,220,590014,Cardines,8,Crystal Palace,Defender,4.5,0.0,0.0,0.0,0.0,0.0,0.0,0.0,0.0,0.0,0,0,0,0.0,0,0,0,0.0,0.0
2026-09-04T11:47:07+00:00,3,2026-09-04T17:30:00Z,player-ensemble-1.0,player-sim-2.0,player-sim-3.0-candidate,recommended_for_live_promotion,0.2,0.5,0.4,1.0,fpl-2026-27,1.0375,221,672492,Drakes-Thomas,8,Crystal Palace,Midfielder,4.5,0.105,0.0,0.105,0.02,0.0,0.0,0.4,0.0234,0.002,0,0,0,0.52,0,0,2.0,0.0,0.0
2026-09-04T11:47:07+00:00,3,2026-09-04T17:30:00Z,player-ensemble-1.0,player-sim-2.0,player-sim-3.0-candidate,recommended_for_live_promotion,0.2,0.5,0.4,1.0,fpl-2026-27,1.03,222,247412,Strand Larsen,8,Crystal Palace,Forward,6.0,2.063,0.0,2.063,55.79,0.8,1.6,4.800000000000001,0.3438,2.225,1,2,5,1.413,0,1.0,3.0,0.0033,0.0
2026-09-04T11:47:07+00:00,3,2026-09-04T17:30:00Z,player-ensemble-1.0,player-sim-2.0,player-sim-3.0-candidate,recommended_for_live_promotion,0.2,0.5,0.4,1.0,fpl-2026-27,1.03,223,231747,Mateta,8,Crystal Palace,Forward,6.4,0.0,0.0,0.0,0.0,0.0,0.0,0.0,0.0,0.0,0,0,0,0.0,0,0,0,0.0,0.0
2026-09-04T11:47:07+00:00,3,2026-09-04T17:30:00Z,player-ensemble-1.0,player-sim-2.0,player-sim-3.0-candidate,recommended_for_live_promotion,0.2,0.5,0.4,1.0,fpl-2026-27,1.03,224,205533,Nketiah,8,Crystal Palace,Forward,5.5,1.457,0.0,1.457,26.66,0.0,0.8,4.0,0.265,1.222,0,0,4,2.4,0,2.0,6.0,0.0417,0.0083
2026-09-04T11:47:07+00:00,3,2026-09-04T17:30:00Z,player-ensemble-1.0,player-sim-2.0,player-sim-3.0-candidate,recommended_for_live_promotion,0.2,0.5,0.4,1.0,fpl-2026-27,1.03,225,660392,Uche,8,Crystal Palace,Forward,5.0,0.0,0.0,0.0,0.0,0.0,0.0,0.0,0.0,0.0,0,0,0,0.0,0,0,0,0.0,0.0
2026-09-04T11:47:07+00:00,3,2026-09-04T17:30:00Z,player-ensemble-1.0,player-sim-2.0,player-sim-3.0-candidate,recommended_for_live_promotion,0.2,0.5,0.4,1.0,fpl-2026-27,1.0375,241,433154,McNeil,8,Crystal Palace,Midfielder,5.5,1.527,0.0,1.527,35.6,0.2,1.2000000000000002,3.2,0.2776,1.538,0,1,4,1.482,0,1.0,3.0,0.0017,0.0
2026-09-04T11:47:07+00:00,3,2026-09-04T17:30:00Z,player-ensemble-1.0,player-sim-2.0,player-sim-3.0-candidate,recommended_for_live_promotion,0.2,0.5,0.4,1.0,fpl-2026-27,1.06,555,169593,Matthews,8,Crystal Palace,Goalkeeper,4.0,0.581,0.0,0.581,16.66,0.0,0.0,2.4000000000000004,0.1452,0.628,0,0,3,0.392,0,0,1.0,0.0,0.0
2026-09-04T11:47:07+00:00,3,2026-09-04T17:30:00Z,player-ensemble-1.0,player-sim-2.0,player-sim-3.0-candidate,recommended_for_live_promotion,0.2,0.5,0.4,1.0,fpl-2026-27,1.0,577,223723,Tomiyasu,8,Crystal Palace,Defender,4.5,0.901,0.0,0.901,14.74,0.0,0.4,2.0,0.2003,0.712,0,0,2,1.66,0,1.0,6.0,0.0083,0.0
2026-09-04T11:47:07+00:00,3,2026-09-04T17:30:00Z,player-ensemble-1.0,player-sim-2.0,player-sim-3.0-candidate,recommended_for_live_promotion,0.2,0.5,0.4,1.0,fpl-2026-27,1.0,588,570794,Khalaili,8,Crystal Palace,Defender,5.0,1.632,0.0,1.632,38.08,0.0,1.0,4.4,0.3265,1.618,0,1,5,1.688,0.0,1.0,5.0,0.0033,0.0
2026-09-04T11:47:07+00:00,3,2026-09-04T17:30:00Z,player-ensemble-1.0,player-sim-2.0,player-sim-3.0-candidate,recommended_for_live_promotion,0.2,0.5,0.4,1.0,fpl-2026-27,1.0375,595,559152,Gozo,8,Crystal Palace,Midfielder,5.0,0.856,0.0,0.856,20.8,0.0,0.6000000000000001,1.8,0.1711,0.883,0,0,2,0.745,0,0,2.0,0.0,0.0
2026-09-04T11:47:07+00:00,3,2026-09-04T17:30:00Z,player-ensemble-1.0,player-sim-2.0,player-sim-3.0-candidate,recommended_for_live_promotion,0.2,0.5,0.4,1.0,fpl-2026-27,1.0,633,605972,Ahanor,8,Crystal Palace,Defender,4.5,1.173,0.0,1.173,30.38,0.0,0.4,4.0,0.2607,1.24,0,0,4,0.907,0,0,3.0,0.005,0.0
2026-09-04T11:47:07+00:00,3,2026-09-04T17:30:00Z,player-ensemble-1.0,player-sim-2.0,player-sim-3.0-candidate,recommended_for_live_promotion,0.2,0.5,0.4,1.0,fpl-2026-27,1.0,643,172850,Chilwell,8,Crystal Palace,Defender,4.5,0.178,0.0,0.178,4.47,0.0,0.0,0.8,0.0395,0.175,0,0,1,0.188,0,0,1.0,0.0017,0.0017
2026-09-04T11:47:07+00:00,3,2026-09-04T17:30:00Z,player-ensemble-1.0,player-sim-2.0,player-sim-3.0-candidate,recommended_for_live_promotion,0.2,0.5,0.4,1.0,fpl-2026-27,1.05,644,450063,Timber,8,Crystal Palace,Midfielder,5.0,1.061,0.0,1.061,28.0,0.0,0.6000000000000001,2.6000000000000005,0.2122,1.093,0,0,3,0.932,0,0,3.0,0.0033,0.0
2026-09-04T11:47:07+00:00,3,2026-09-04T17:30:00Z,player-ensemble-1.0,player-sim-2.0,player-sim-3.0-candidate,recommended_for_live_promotion,0.2,0.5,0.4,1.0,fpl-2026-27,1.05,647,533646,Osorio,8,Crystal Palace,Midfielder,5.5,1.05,0.0,1.05,28.57,0.0,0.6000000000000001,2.6,0.191,1.028,0,0,3,1.138,0,0,3.0,0.005,0.0
2026-09-04T11:47:07+00:00,3,2026-09-04T17:30:00Z,player-ensemble-1.0,player-sim-2.0,player-sim-3.0-candidate,recommended_for_live_promotion,0.2,0.5,0.4,1.0,fpl-2026-27,1.0375,21,128295,Nørgaard,9,Everton,Midfielder,4.9,0.0,0.0,0.0,0.0,0.0,0.0,0.0,0.0,0.0,0,0,0,0.0,0,0,0,0.0,0.0
2026-09-04T11:47:07+00:00,3,2026-09-04T17:30:00Z,player-ensemble-1.0,player-sim-2.0,player-sim-3.0-candidate,recommended_for_live_promotion,0.2,0.5,0.4,1.0,fpl-2026-27,1.0375,209,242898,Johnson,9,Everton,Midfielder,5.9,1.334,0.0,1.334,34.73,0.2,1.0,2.6000000000000005,0.2262,1.395,0,1,3,1.092,0,1.0,2.0,0.0,0.0
2026-09-04T11:47:07+00:00,3,2026-09-04T17:30:00Z,player-ensemble-1.0,player-sim-2.0,player-sim-3.0-candidate,recommended_for_live_promotion,0.2,0.5,0.4,1.0,fpl-2026-27,1.06,226,111234,Pickford,9,Everton,Goalkeeper,5.5,2.22,0.0,2.22,88.72,0.8,1.8,4.800000000000001,0.4037,2.413,1,2,6,1.448,0,1.0,4.0,0.0,0.0
2026-09-04T11:47:07+00:00,3,2026-09-04T17:30:00Z,player-ensemble-1.0,player-sim-2.0,player-sim-3.0-candidate,recommended_for_live_promotion,0.2,0.5,0.4,1.0,fpl-2026-27,1.06,227,229600,Travers,9,Everton,Goalkeeper,5.0,0.421,0.0,0.421,15.56,0.0,0.0,1.6,0.0841,0.447,0,0,2,0.317,0.0,0,1.0,0.0,0.0
2026-09-04T11:47:07+00:00,3,2026-09-04T17:30:00Z,player-ensemble-1.0,player-sim-2.0,player-sim-3.0-candidate,recommended_for_live_promotion,0.2,0.5,0.4,1.0,fpl-2026-27,1.06,228,138001,King,9,Everton,Goalkeeper,4.5,0.42,0.0,0.42,16.63,0.0,0.0,1.6,0.0933,0.468,0,0,2,0.225,0,0,0,0.0,0.0
2026-09-04T11:47:07+00:00,3,2026-09-04T17:30:00Z,player-ensemble-1.0,player-sim-2.0,player-sim-3.0-candidate,recommended_for_live_promotion,0.2,0.5,0.4,1.0,fpl-2026-27,1.0,229,17761,Tarkowski,9,Everton,Defender,6.0,3.07,0.0,3.07,87.59,0.8,2.6000000000000005,6.4,0.5117,3.308,1,3,7,2.117,0,1.0,6.0,0.015,0.0017
2026-09-04T11:47:07+00:00,3,2026-09-04T17:30:00Z,player-ensemble-1.0,player-sim-2.0,player-sim-3.0-candidate,recommended_for_live_promotion,0.2,0.5,0.4,1.0,fpl-2026-27,1.0,230,480455,Branthwaite,9,Everton,Defender,5.5,1.339,0.0,1.339,40.84,0.0,0.8,3.6,0.2435,1.228,0,0,4,1.783,0,1.0,6.0,0.005,0.0
2026-09-04T11:47:07+00:00,3,2026-09-04T17:30:00Z,player-ensemble-1.0,player-sim-2.0,player-sim-3.0-candidate,recommended_for_live_promotion,0.2,0.5,0.4,1.0,fpl-2026-27,1.0,231,106611,Keane,9,Everton,Defender,4.9,1.477,0.0,1.477,46.37,0.0,0.8,4.0,0.3015,1.683,0,1,4,0.653,0,0,2.0,0.005,0.0
2026-09-04T11:47:07+00:00,3,2026-09-04T17:30:00Z,player-ensemble-1.0,player-sim-2.0,player-sim-3.0-candidate,recommended_for_live_promotion,0.2,0.5,0.4,1.0,fpl-2026-27,1.0,232,512462,O'Brien,9,Everton,Defender,4.9,1.248,0.0,1.248,55.49,0.0,0.8,4.0,0.2548,1.46,0,1,5,0.402,0,0,1.0,0.0,0.0
2026-09-04T11:47:07+00:00,3,2026-09-04T17:30:00Z,player-ensemble-1.0,player-sim-2.0,player-sim-3.0-candidate,recommended_for_live_promotion,0.2,0.5,0.4,1.0,fpl-2026-27,1.0,233,224967,Mykolenko,9,Everton,Defender,4.5,1.853,0.0,1.853,82.88,0.2,1.6,4.6,0.4117,1.987,0,1,5,1.317,0,1.0,4.0,0.0033,0.0
2026-09-04T11:47:07+00:00,3,2026-09-04T17:30:00Z,player-ensemble-1.0,player-sim-2.0,player-sim-3.0-candidate,recommended_for_live_promotion,0.2,0.5,0.4,1.0,fpl-2026-27,1.0,234,243571,Patterson,9,Everton,Defender,4.5,0.0,0.0,0.0,0.0,0.0,0.0,0.0,0.0,0.0,0,0,0,0.0,0,0,0,0.0,0.0
2026-09-04T11:47:07+00:00,3,2026-09-04T17:30:00Z,player-ensemble-1.0,player-sim-2.0,player-sim-3.0-candidate,recommended_for_live_promotion,0.2,0.5,0.4,1.0,fpl-2026-27,1.0,235,499300,Aznou,9,Everton,Defender,4.0,0.0,0.0,0.0,0.0,0.0,0.0,0.0,0.0,0.0,0,0,0,0.0,0,0,0,0.0,0.0
2026-09-04T11:47:07+00:00,3,2026-09-04T17:30:00Z,player-ensemble-1.0,player-sim-2.0,player-sim-3.0-candidate,recommended_for_live_promotion,0.2,0.5,0.4,1.0,fpl-2026-27,1.0375,236,215413,Dewsbury-Hall,9,Everton,Midfielder,6.5,3.224,0.0,3.224,76.71,1.2000000000000002,2.8000000000000003,6.0,0.496,3.415,1,3,7,2.46,0,2.0,6.0,0.0167,0.0033
2026-09-04T11:47:07+00:00,3,2026-09-04T17:30:00Z,player-ensemble-1.0,player-sim-2.0,player-sim-3.0-candidate,recommended_for_live_promotion,0.2,0.5,0.4,1.0,fpl-2026-27,1.0375,238,114283,Grealish,9,Everton,Midfielder,6.5,1.377,0.0,1.377,31.14,0.0,1.0,3.2,0.2118,1.505,0,1,4,0.865,0,0,2.0,0.0017,0.0
2026-09-04T11:47:07+00:00,3,2026-09-04T17:30:00Z,player-ensemble-1.0,player-sim-2.0,player-sim-3.0-candidate,recommended_for_live_promotion,0.2,0.5,0.4,1.0,fpl-2026-27,1.0375,239,232928,Garner,9,Everton,Midfielder,6.0,2.611,0.0,2.611,70.52,1.0,2.4000000000000004,4.6000000000000005,0.4351,2.892,1,2,5,1.487,0,1.0,4.0,0.0,0.0
2026-09-04T11:47:07+00:00,3,2026-09-04T17:30:00Z,player-ensemble-1.0,player-sim-2.0,player-sim-3.0-candidate,recommended_for_live_promotion,0.2,0.5,0.4,1.0,fpl-2026-27,1.0375,242,550615,George,9,Everton,Midfielder,5.5,1.243,0.0,1.243,30.1,0.0,0.6000000000000001,2.8000000000000003,0.226,1.075,0,0,3,1.915,0,2.0,5.0,0.0033,0.0
2026-09-04T11:47:07+00:00,3,2026-09-04T17:30:00Z,player-ensemble-1.0,player-sim-2.0,player-sim-3.0-candidate,recommended_for_live_promotion,0.2,0.5,0.4,1.0,fpl-2026-27,1.0375,243,502697,Alcaraz,9,Everton,Midfielder,5.0,0.652,0.0,0.652,12.3,0.0,0.4,1.2000000000000002,0.1303,0.565,0,0,1,0.998,0,1.0,2.0,0.0017,0.0
2026-09-04T11:47:07+00:00,3,2026-09-04T17:30:00Z,player-ensemble-1.0,player-sim-2.0,player-sim-3.0-candidate,recommended_for_live_promotion,0.2,0.5,0.4,1.0,fpl-2026-27,1.0375,244,609873,Armstrong,9,Everton,Midfielder,5.0,1.412,0.0,1.412,38.79,0.0,1.0,3.2,0.2824,1.308,0,0,3,1.827,0,2.0,4.0,0.0033,0.0
2026-09-04T11:47:07+00:00,3,2026-09-04T17:30:00Z,player-ensemble-1.0,player-sim-2.0,player-sim-3.0-candidate,recommended_for_live_promotion,0.2,0.5,0.4,1.0,fpl-2026-27,1.0375,245,496661,Dibling,9,Everton,Midfielder,5.4,0.223,0.0,0.223,4.29,0.0,0.0,0.6000000000000001,0.0412,0.16,0,0,0,0.473,0,0,2.0,0.0017,0.0
2026-09-04T11:47:07+00:00,3,2026-09-04T17:30:00Z,player-ensemble-1.0,player-sim-2.0,player-sim-3.0-candidate,recommended_for_live_promotion,0.2,0.5,0.4,1.0,fpl-2026-27,1.0375,246,513466,Röhl,9,Everton,Midfielder,5.0,1.416,0.0,1.416,39.2,0.0,1.0,3.2,0.2833,1.322,0,1,3,1.795,0,2.0,4.0,0.0067,0.0
2026-09-04T11:47:07+00:00,3,2026-09-04T17:30:00Z,player-ensemble-1.0,player-sim-2.0,player-sim-3.0-candidate,recommended_for_live_promotion,0.2,0.5,0.4,1.0,fpl-2026-27,1.0375,247,244860,Hackney,9,Everton,Midfielder,5.5,1.357,0.0,1.357,37.84,0.2,1.0,2.6000000000000005,0.2468,1.382,0,1,3,1.26,0,1.0,3.0,0.0017,0.0
2026-09-04T11:47:07+00:00,3,2026-09-04T17:30:00Z,player-ensemble-1.0,player-sim-2.0,player-sim-3.0-candidate,recommended_for_live_promotion,0.2,0.5,0.4,1.0,fpl-2026-27,1.03,248,486385,Beto,9,Everton,Forward,5.4,0.0,0.0,0.0,0.0,0.0,0.0,0.0,0.0,0.0,0,0,0,0.0,0,0,0,0.0,0.0
2026-09-04T11:47:07+00:00,3,2026-09-04T17:30:00Z,player-ensemble-1.0,player-sim-2.0,player-sim-3.0-candidate,recommended_for_live_promotion,0.2,0.5,0.4,1.0,fpl-2026-27,1.03,249,586309,Barry,9,Everton,Forward,5.5,3.165,0.0,3.165,59.75,0.8,2.4000000000000004,6.4,0.5755,3.288,0,2,7,2.673,0,2.0,7.0,0.0617,0.0133
2026-09-04T11:47:07+00:00,3,2026-09-04T17:30:00Z,player-ensemble-1.0,player-sim-2.0,player-sim-3.0-candidate,recommended_for_live_promotion,0.2,0.5,0.4,1.0,fpl-2026-27,1.0,649,154043,Maitland-Niles,9,Everton,Defender,4.5,0.826,0.0,0.826,34.92,0.0,0.8,1.8,0.1836,0.81,0,1,2,0.892,0,1.0,2.0,0.0,0.0
2026-09-04T11:47:07+00:00,3,2026-09-04T17:30:00Z,player-ensemble-1.0,player-sim-2.0,player-sim-3.0-candidate,recommended_for_live_promotion,0.2,0.5,0.4,1.0,fpl-2026-27,1.06,250,80201,Leno,10,Fulham,Goalkeeper,4.5,2.857,0.0,2.857,88.9,1.0,2.4000000000000004,5.6000000000000005,0.635,3.09,1,3,7,1.927,0,1.0,6.0,0.0,0.0
2026-09-04T11:47:07+00:00,3,2026-09-04T17:30:00Z,player-ensemble-1.0,player-sim-2.0,player-sim-3.0-candidate,recommended_for_live_promotion,0.2,0.5,0.4,1.0,fpl-2026-27,1.06,251,86873,Lecomte,10,Fulham,Goalkeeper,4.0,0.486,0.0,0.486,14.25,0.0,0.0,1.6,0.1216,0.492,0,0,2,0.465,0,0,2.0,0.0,0.0
2026-09-04T11:47:07+00:00,3,2026-09-04T17:30:00Z,player-ensemble-1.0,player-sim-2.0,player-sim-3.0-candidate,recommended_for_live_promotion,0.2,0.5,0.4,1.0,fpl-2026-27,1.06,252,505079,McNally,10,Fulham,Goalkeeper,4.0,0.0,0.0,0.0,0.0,0.0,0.0,0.0,0.0,0.0,0,0,0,0.0,0,0,0,0.0,0.0
2026-09-04T11:47:07+00:00,3,2026-09-04T17:30:00Z,player-ensemble-1.0,player-sim-2.0,player-sim-3.0-candidate,recommended_for_live_promotion,0.2,0.5,0.4,1.0,fpl-2026-27,1.0,253,174874,Andersen,10,Fulham,Defender,5.0,2.284,0.0,2.284,61.61,0.0,1.6,5.200000000000001,0.4568,2.502,0,2,6,1.413,0,0,6.0,0.0083,0.0033
2026-09-04T11:47:07+00:00,3,2026-09-04T17:30:00Z,player-ensemble-1.0,player-sim-2.0,player-sim-3.0-candidate,recommended_for_live_promotion,0.2,0.5,0.4,1.0,fpl-2026-27,1.0,254,169528,Robinson,10,Fulham,Defender,4.5,2.276,0.0,2.276,53.83,0.2,1.6,5.800000000000001,0.5058,2.278,0,1,6,2.268,0,1.0,6.0,0.0117,0.0033
2026-09-04T11:47:07+00:00,3,2026-09-04T17:30:00Z,player-ensemble-1.0,player-sim-2.0,player-sim-3.0-candidate,recommended_for_live_promotion,0.2,0.5,0.4,1.0,fpl-2026-27,1.0,255,246301,J.Cuenca,10,Fulham,Defender,4.5,1.193,0.0,1.193,29.36,0.0,0.8,3.4000000000000004,0.2652,1.147,0,0,4,1.38,0,0,5.0,0.0017,0.0
2026-09-04T11:47:07+00:00,3,2026-09-04T17:30:00Z,player-ensemble-1.0,player-sim-2.0,player-sim-3.0-candidate,recommended_for_live_promotion,0.2,0.5,0.4,1.0,fpl-2026-27,1.0,256,167074,Tete,10,Fulham,Defender,4.5,1.208,0.0,1.208,30.29,0.0,0.8,4.800000000000001,0.2684,1.373,0,0,6,0.547,0,0,2.0,0.0017,0.0
2026-09-04T11:47:07+00:00,3,2026-09-04T17:30:00Z,player-ensemble-1.0,player-sim-2.0,player-sim-3.0-candidate,recommended_for_live_promotion,0.2,0.5,0.4,1.0,fpl-2026-27,1.0,257,232892,Bassey,10,Fulham,Defender,4.5,2.729,0.0,2.729,75.23,0.8,2.0,5.6000000000000005,0.6065,2.948,1,2,6,1.853,0,1.0,6.0,0.0083,0.0
2026-09-04T11:47:07+00:00,3,2026-09-04T17:30:00Z,player-ensemble-1.0,player-sim-2.0,player-sim-3.0-candidate,recommended_for_live_promotion,0.2,0.5,0.4,1.0,fpl-2026-27,1.0,258,166477,Castagne,10,Fulham,Defender,4.5,2.306,0.0,2.306,56.34,0.2,1.8,5.200000000000001,0.5124,2.287,0,1,6,2.383,0.0,1.0,6.0,0.0233,0.0017
2026-09-04T11:47:07+00:00,3,2026-09-04T17:30:00Z,player-ensemble-1.0,player-sim-2.0,player-sim-3.0-candidate,recommended_for_live_promotion,0.2,0.5,0.4,1.0,fpl-2026-27,1.0375,261,153133,Iwobi,10,Fulham,Midfielder,5.5,2.687,0.0,2.687,71.08,1.2000000000000002,2.4000000000000004,5.0,0.4885,2.838,1,2,6,2.082,0,2.0,5.0,0.01,0.0
2026-09-04T11:47:07+00:00,3,2026-09-04T17:30:00Z,player-ensemble-1.0,player-sim-2.0,player-sim-3.0-candidate,recommended_for_live_promotion,0.2,0.5,0.4,1.0,fpl-2026-27,1.0375,262,209289,Smith Rowe,10,Fulham,Midfielder,5.5,1.538,0.0,1.538,35.76,0.0,1.0,3.4000000000000004,0.2797,1.698,0,1,4,0.898,0,0,2.0,0.005,0.0017
2026-09-04T11:47:07+00:00,3,2026-09-04T17:30:00Z,player-ensemble-1.0,player-sim-2.0,player-sim-3.0-candidate,recommended_for_live_promotion,0.2,0.5,0.4,1.0,fpl-2026-27,1.0375,263,560552,Kevin,10,Fulham,Midfielder,5.4,1.03,0.0,1.03,21.34,0.0,1.0,2.0,0.1907,1.018,0,1,2,1.077,0,1.0,2.0,0.005,0.0
2026-09-04T11:47:07+00:00,3,2026-09-04T17:30:00Z,player-ensemble-1.0,player-sim-2.0,player-sim-3.0-candidate,recommended_for_live_promotion,0.2,0.5,0.4,1.0,fpl-2026-27,1.0375,264,477555,Bobb,10,Fulham,Midfielder,5.5,1.713,0.0,1.713,38.34,0.2,1.6,3.4000000000000004,0.3115,1.608,0,1,3,2.132,0,2.0,5.0,0.0033,0.0
2026-09-04T11:47:07+00:00,3,2026-09-04T17:30:00Z,player-ensemble-1.0,player-sim-2.0,player-sim-3.0-candidate,recommended_for_live_promotion,0.2,0.5,0.4,1.0,fpl-2026-27,1.0375,265,207189,Berge,10,Fulham,Midfielder,5.0,2.386,0.0,2.386,75.38,1.2000000000000002,2.0,4.2,0.4771,2.54,1,2,5,1.768,0,2.0,3.0,0.0,0.0
2026-09-04T11:47:07+00:00,3,2026-09-04T17:30:00Z,player-ensemble-1.0,player-sim-2.0,player-sim-3.0-candidate,recommended_for_live_promotion,0.2,0.5,0.4,1.0,fpl-2026-27,1.0375,266,76357,Cairney,10,Fulham,Midfielder,5.0,0.0,0.0,0.0,0.0,0.0,0.0,0.0,0.0,0.0,0,0,0,0.0,0,0,0,0.0,0.0
2026-09-04T11:47:07+00:00,3,2026-09-04T17:30:00Z,player-ensemble-1.0,player-sim-2.0,player-sim-3.0-candidate,recommended_for_live_promotion,0.2,0.5,0.4,1.0,fpl-2026-27,1.0375,268,577725,King,10,Fulham,Midfielder,5.5,2.252,0.0,2.252,52.76,0.4,2.0,5.6000000000000005,0.4095,2.23,0,2,7,2.34,0,2.0,6.0,0.0267,0.0067
2026-09-04T11:47:07+00:00,3,2026-09-04T17:30:00Z,player-ensemble-1.0,player-sim-2.0,player-sim-3.0-candidate,recommended_for_live_promotion,0.2,0.5,0.4,1.0,fpl-2026-27,1.0,269,184349,Sessegnon,10,Fulham,Defender,4.5,1.938,0.0,1.938,38.39,0.2,1.0,5.000000000000001,0.4306,2.083,0,1,6,1.355,0,1.0,3.0,0.015,0.0
2026-09-04T11:47:07+00:00,3,2026-09-04T17:30:00Z,player-ensemble-1.0,player-sim-2.0,player-sim-3.0-candidate,recommended_for_live_promotion,0.2,0.5,0.4,1.0,fpl-2026-27,1.0375,270,153366,Reed,10,Fulham,Midfielder,4.5,0.168,0.0,0.168,2.15,0.0,0.0,0.6000000000000001,0.0373,0.08,0,0,0,0.52,0,0,2.0,0.0,0.0
2026-09-04T11:47:07+00:00,3,2026-09-04T17:30:00Z,player-ensemble-1.0,player-sim-2.0,player-sim-3.0-candidate,recommended_for_live_promotion,0.2,0.5,0.4,1.0,fpl-2026-27,1.03,271,244042,Muniz,10,Fulham,Forward,5.5,0.92,0.0,0.92,20.58,0.0,0.4,2.4000000000000004,0.1673,0.977,0,0,3,0.695,0,0,2.0,0.0017,0.0
2026-09-04T11:47:07+00:00,3,2026-09-04T17:30:00Z,player-ensemble-1.0,player-sim-2.0,player-sim-3.0-candidate,recommended_for_live_promotion,0.2,0.5,0.4,1.0,fpl-2026-27,1.03,272,631786,Kusi-Asare,10,Fulham,Forward,4.5,0.115,0.0,0.115,0.18,0.0,0.0,0.4,0.0256,0.022,0,0,0,0.488,0,0,2.0,0.0017,0.0
2026-09-04T11:47:07+00:00,3,2026-09-04T17:30:00Z,player-ensemble-1.0,player-sim-2.0,player-sim-3.0-candidate,recommended_for_live_promotion,0.2,0.5,0.4,1.0,fpl-2026-27,1.03,569,551466,Gonzalo,10,Fulham,Forward,6.0,2.129,0.0,2.129,46.02,0.2,1.6,5.200000000000001,0.3548,2.012,0,1,6,2.597,0,2.0,6.0,0.0467,0.0067
2026-09-04T11:47:07+00:00,3,2026-09-04T17:30:00Z,player-ensemble-1.0,player-sim-2.0,player-sim-3.0-candidate,recommended_for_live_promotion,0.2,0.5,0.4,1.0,fpl-2026-27,1.0375,570,571779,Palacios,10,Fulham,Midfielder,5.5,1.717,0.0,1.717,45.29,0.2,1.6,3.0000000000000004,0.3122,1.682,0,2,3,1.858,0,2.0,3.0,0.0067,0.0
2026-09-04T11:47:07+00:00,3,2026-09-04T17:30:00Z,player-ensemble-1.0,player-sim-2.0,player-sim-3.0-candidate,recommended_for_live_promotion,0.2,0.5,0.4,1.0,fpl-2026-27,1.0375,580,463210,Charles,10,Fulham,Midfielder,5.0,1.132,0.0,1.132,23.86,0.0,1.0,2.6000000000000005,0.2263,1.115,0,1,2,1.198,0,1.0,3.0,0.0083,0.0
2026-09-04T11:47:07+00:00,3,2026-09-04T17:30:00Z,player-ensemble-1.0,player-sim-2.0,player-sim-3.0-candidate,recommended_for_live_promotion,0.2,0.5,0.4,1.0,fpl-2026-27,1.0,610,547686,De Fougerolles,10,Fulham,Defender,4.0,0.511,0.0,0.511,13.02,0.0,0.0,1.6,0.1277,0.503,0,0,2,0.54,0,0,1.0,0.0,0.0
2026-09-04T11:47:07+00:00,3,2026-09-04T17:30:00Z,player-ensemble-1.0,player-sim-2.0,player-sim-3.0-candidate,recommended_for_live_promotion,0.2,0.5,0.4,1.0,fpl-2026-27,1.0437,626,616069,Zepa,10,Fulham,Midfielder,4.5,0.82,0.0,0.82,21.16,0.0,0.2,2.4000000000000004,0.1823,0.843,0,0,3,0.728,0,0,2.0,0.0033,0.0017
2026-09-04T11:47:07+00:00,3,2026-09-04T17:30:00Z,player-ensemble-1.0,player-sim-2.0,player-sim-3.0-candidate,recommended_for_live_promotion,0.2,0.5,0.4,1.0,fpl-2026-27,1.05,635,551050,Larsson,10,Fulham,Midfielder,5.0,1.092,0.0,1.092,27.34,0.0,0.6000000000000001,2.8000000000000003,0.2183,1.093,0,0,3,1.085,0,0,3.0,0.0033,0.0
2026-09-04T11:47:07+00:00,3,2026-09-04T17:30:00Z,player-ensemble-1.0,player-sim-2.0,player-sim-3.0-candidate,recommended_for_live_promotion,0.2,0.5,0.4,1.0,fpl-2026-27,1.05,636,500033,Ángel,10,Fulham,Midfielder,5.0,1.022,0.0,1.022,28.5,0.0,0.6000000000000001,2.4000000000000004,0.2045,1.023,0,0,3,1.018,0,0,3.0,0.0017,0.0
2026-09-04T11:47:07+00:00,3,2026-09-04T17:30:00Z,player-ensemble-1.0,player-sim-2.0,player-sim-3.0-candidate,recommended_for_live_promotion,0.2,0.5,0.4,1.0,fpl-2026-27,1.0,650,442299,Affengruber,10,Fulham,Defender,4.5,1.172,0.0,1.172,30.31,0.0,0.4,3.6,0.2604,1.193,0,0,4,1.087,0,0,4.0,0.005,0.0
2026-09-04T11:47:07+00:00,3,2026-09-04T17:30:00Z,player-ensemble-1.0,player-sim-2.0,player-sim-3.0-candidate,recommended_for_live_promotion,0.2,0.5,0.4,1.0,fpl-2026-27,1.0375,240,490094,Iroegbunam,11,Hull City,Midfielder,5.0,1.059,0.0,1.059,26.66,0.0,0.8,2.4000000000000004,0.2117,1.123,0,1,3,0.8,0,0,2.0,0.0,0.0
2026-09-04T11:47:07+00:00,3,2026-09-04T17:30:00Z,player-ensemble-1.0,player-sim-2.0,player-sim-3.0-candidate,recommended_for_live_promotion,0.2,0.5,0.4,1.0,fpl-2026-27,1.06,273,167825,Phillips,11,Hull City,Goalkeeper,4.0,0.642,0.0,0.642,15.01,0.0,0.0,2.4000000000000004,0.1604,0.69,0,0,3,0.448,0,0,1.0,0.0,0.0
2026-09-04T11:47:07+00:00,3,2026-09-04T17:30:00Z,player-ensemble-1.0,player-sim-2.0,player-sim-3.0-candidate,recommended_for_live_promotion,0.2,0.5,0.4,1.0,fpl-2026-27,1.06,274,105666,Butland,11,Hull City,Goalkeeper,4.5,0.0,0.0,0.0,0.0,0.0,0.0,0.0,0.0,0.0,0,0,0,0.0,0,0,0,0.0,0.0
2026-09-04T11:47:07+00:00,3,2026-09-04T17:30:00Z,player-ensemble-1.0,player-sim-2.0,player-sim-3.0-candidate,recommended_for_live_promotion,0.2,0.5,0.4,1.0,fpl-2026-27,1.06,275,494950,Cartwright,11,Hull City,Goalkeeper,4.0,0.0,0.0,0.0,0.0,0.0,0.0,0.0,0.0,0.0,0,0,0,0.0,0,0,0,0.0,0.0
2026-09-04T11:47:07+00:00,3,2026-09-04T17:30:00Z,player-ensemble-1.0,player-sim-2.0,player-sim-3.0-candidate,recommended_for_live_promotion,0.2,0.5,0.4,1.0,fpl-2026-27,1.06,276,444307,Lo-Tutala,11,Hull City,Goalkeeper,4.0,0.0,0.0,0.0,0.0,0.0,0.0,0.0,0.0,0.0,0,0,0,0.0,0,0,0,0.0,0.0
2026-09-04T11:47:07+00:00,3,2026-09-04T17:30:00Z,player-ensemble-1.0,player-sim-2.0,player-sim-3.0-candidate,recommended_for_live_promotion,0.2,0.5,0.4,1.0,fpl-2026-27,1.0,277,108416,Egan,11,Hull City,Defender,4.0,1.679,0.0,1.679,33.54,0.0,1.2000000000000002,5.000000000000001,0.4198,1.467,0,0,6,2.528,0,2.0,6.0,0.0117,0.0
2026-09-04T11:47:07+00:00,3,2026-09-04T17:30:00Z,player-ensemble-1.0,player-sim-2.0,player-sim-3.0-candidate,recommended_for_live_promotion,0.2,0.5,0.4,1.0,fpl-2026-27,1.0,278,501902,Hughes,11,Hull City,Defender,4.0,0.0,0.0,0.0,0.0,0.0,0.0,0.0,0.0,0.0,0,0,0,0.0,0,0,0,0.0,0.0
2026-09-04T11:47:07+00:00,3,2026-09-04T17:30:00Z,player-ensemble-1.0,player-sim-2.0,player-sim-3.0-candidate,recommended_for_live_promotion,0.2,0.5,0.4,1.0,fpl-2026-27,1.0,279,146426,Ajayi,11,Hull City,Defender,4.1,2.19,0.0,2.19,40.56,0.8,1.6,5.200000000000001,0.5341,2.033,1,1,6,2.815,0,2.0,7.0,0.0283,0.0
2026-09-04T11:47:07+00:00,3,2026-09-04T17:30:00Z,player-ensemble-1.0,player-sim-2.0,player-sim-3.0-candidate,recommended_for_live_promotion,0.2,0.5,0.4,1.0,fpl-2026-27,1.0,280,193278,Coyle,11,Hull City,Defender,4.0,1.736,0.0,1.736,31.5,0.0,1.2000000000000002,5.000000000000001,0.434,1.662,0,0,6,2.033,0,1.0,6.0,0.0067,0.0017
2026-09-04T11:47:07+00:00,3,2026-09-04T17:30:00Z,player-ensemble-1.0,player-sim-2.0,player-sim-3.0-candidate,recommended_for_live_promotion,0.2,0.5,0.4,1.0,fpl-2026-27,1.0,281,433590,Drameh,11,Hull City,Defender,4.0,0.0,0.0,0.0,0.0,0.0,0.0,0.0,0.0,0.0,0,0,0,0.0,0,0,0,0.0,0.0
2026-09-04T11:47:07+00:00,3,2026-09-04T17:30:00Z,player-ensemble-1.0,player-sim-2.0,player-sim-3.0-candidate,recommended_for_live_promotion,0.2,0.5,0.4,1.0,fpl-2026-27,1.0,282,232351,Giles,11,Hull City,Defender,4.0,1.82,0.0,1.82,38.22,0.0,1.2000000000000002,5.2,0.455,1.667,0,0,6,2.433,0,2.0,6.0,0.005,0.0
2026-09-04T11:47:07+00:00,3,2026-09-04T17:30:00Z,player-ensemble-1.0,player-sim-2.0,player-sim-3.0-candidate,recommended_for_live_promotion,0.2,0.5,0.4,1.0,fpl-2026-27,1.0,283,449428,Jacob,11,Hull City,Defender,4.0,0.0,0.0,0.0,0.0,0.0,0.0,0.0,0.0,0.0,0,0,0,0.0,0,0,0,0.0,0.0
2026-09-04T11:47:07+00:00,3,2026-09-04T17:30:00Z,player-ensemble-1.0,player-sim-2.0,player-sim-3.0-candidate,recommended_for_live_promotion,0.2,0.5,0.4,1.0,fpl-2026-27,1.0,284,661800,McCarthy,11,Hull City,Defender,4.0,0.762,0.0,0.762,15.53,0.0,0.0,2.6,0.1906,0.767,0,0,3,0.745,0,0,2.0,0.0067,0.0
2026-09-04T11:47:07+00:00,3,2026-09-04T17:30:00Z,player-ensemble-1.0,player-sim-2.0,player-sim-3.0-candidate,recommended_for_live_promotion,0.2,0.5,0.4,1.0,fpl-2026-27,1.0,285,160817,McNair,11,Hull City,Defender,4.0,0.403,0.0,0.403,5.01,0.0,0.2,1.0,0.1008,0.29,0,0,1,0.857,0,0,2.0,0.0,0.0
2026-09-04T11:47:07+00:00,3,2026-09-04T17:30:00Z,player-ensemble-1.0,player-sim-2.0,player-sim-3.0-candidate,recommended_for_live_promotion,0.2,0.5,0.4,1.0,fpl-2026-27,1.0375,286,540324,Belloumi,11,Hull City,Midfielder,5.0,1.83,0.0,1.83,47.17,0.0,1.6,4.0,0.3661,1.765,0,2,4,2.092,0,2.0,4.0,0.0133,0.0
2026-09-04T11:47:07+00:00,3,2026-09-04T17:30:00Z,player-ensemble-1.0,player-sim-2.0,player-sim-3.0-candidate,recommended_for_live_promotion,0.2,0.5,0.4,1.0,fpl-2026-27,1.0375,287,232905,Millar,11,Hull City,Midfielder,5.0,0.0,0.0,0.0,0.0,0.0,0.0,0.0,0.0,0.0,0,0,0,0.0,0,0,0,0.0,0.0
2026-09-04T11:47:07+00:00,3,2026-09-04T17:30:00Z,player-ensemble-1.0,player-sim-2.0,player-sim-3.0-candidate,recommended_for_live_promotion,0.2,0.5,0.4,1.0,fpl-2026-27,1.0375,288,171270,Dowell,11,Hull City,Midfielder,4.5,0.328,0.0,0.328,4.89,0.0,0.0,0.8,0.0728,0.28,0,0,1,0.518,0,0,2.0,0.0017,0.0
2026-09-04T11:47:07+00:00,3,2026-09-04T17:30:00Z,player-ensemble-1.0,player-sim-2.0,player-sim-3.0-candidate,recommended_for_live_promotion,0.2,0.5,0.4,1.0,fpl-2026-27,1.0375,289,101282,Crooks,11,Hull City,Midfielder,4.5,0.889,0.0,0.889,24.27,0.0,0.2,2.4000000000000004,0.1976,0.9,0,0,3,0.847,0,0,3.0,0.0033,0.0
2026-09-04T11:47:07+00:00,3,2026-09-04T17:30:00Z,player-ensemble-1.0,player-sim-2.0,player-sim-3.0-candidate,recommended_for_live_promotion,0.2,0.5,0.4,1.0,fpl-2026-27,1.0375,290,243413,Slater,11,Hull City,Midfielder,4.5,1.781,0.0,1.781,48.44,0.0,1.6,3.6,0.3957,1.713,0,1,4,2.05,0,2.0,4.0,0.0067,0.0
2026-09-04T11:47:07+00:00,3,2026-09-04T17:30:00Z,player-ensemble-1.0,player-sim-2.0,player-sim-3.0-candidate,recommended_for_live_promotion,0.2,0.5,0.4,1.0,fpl-2026-27,1.0375,291,465525,Matazo,11,Hull City,Midfielder,4.5,0.0,0.0,0.0,0.0,0.0,0.0,0.0,0.0,0.0,0,0,0,0.0,0,0,0,0.0,0.0
2026-09-04T11:47:07+00:00,3,2026-09-04T17:30:00Z,player-ensemble-1.0,player-sim-2.0,player-sim-3.0-candidate,recommended_for_live_promotion,0.2,0.5,0.4,1.0,fpl-2026-27,1.0375,292,208481,Ömür,11,Hull City,Midfielder,4.9,0.71,0.0,0.71,19.32,0.0,0.0,2.4000000000000004,0.145,0.74,0,0,3,0.592,0,0,2.0,0.0,0.0
2026-09-04T11:47:07+00:00,3,2026-09-04T17:30:00Z,player-ensemble-1.0,player-sim-2.0,player-sim-3.0-candidate,recommended_for_live_promotion,0.2,0.5,0.4,1.0,fpl-2026-27,1.0375,293,490161,Kamara,11,Hull City,Midfielder,5.0,0.0,0.0,0.0,0.0,0.0,0.0,0.0,0.0,0.0,0,0,0,0.0,0,0,0,0.0,0.0
2026-09-04T11:47:07+00:00,3,2026-09-04T17:30:00Z,player-ensemble-1.0,player-sim-2.0,player-sim-3.0-candidate,recommended_for_live_promotion,0.2,0.5,0.4,1.0,fpl-2026-27,1.0375,294,553783,Zambrano,11,Hull City,Midfielder,4.5,0.0,0.0,0.0,0.0,0.0,0.0,0.0,0.0,0.0,0,0,0,0.0,0,0,0,0.0,0.0
2026-09-04T11:47:07+00:00,3,2026-09-04T17:30:00Z,player-ensemble-1.0,player-sim-2.0,player-sim-3.0-candidate,recommended_for_live_promotion,0.2,0.5,0.4,1.0,fpl-2026-27,1.03,295,169432,McBurnie,11,Hull City,Forward,5.5,2.272,0.0,2.272,52.09,0.0,1.8,5.200000000000001,0.4131,2.307,0,2,6,2.135,0,2.0,6.0,0.0283,0.0033
2026-09-04T11:47:07+00:00,3,2026-09-04T17:30:00Z,player-ensemble-1.0,player-sim-2.0,player-sim-3.0-candidate,recommended_for_live_promotion,0.2,0.5,0.4,1.0,fpl-2026-27,1.0375,296,213292,Akintola,11,Hull City,Midfielder,5.0,0.754,0.0,0.754,20.36,0.0,0.0,2.4000000000000004,0.1509,0.825,0,0,3,0.472,0,0,2.0,0.0,0.0
2026-09-04T11:47:07+00:00,3,2026-09-04T17:30:00Z,player-ensemble-1.0,player-sim-2.0,player-sim-3.0-candidate,recommended_for_live_promotion,0.2,0.5,0.4,1.0,fpl-2026-27,1.0375,297,470294,Gyabi,11,Hull City,Midfielder,4.5,0.0,0.0,0.0,0.0,0.0,0.0,0.0,0.0,0.0,0,0,0,0.0,0,0,0,0.0,0.0
2026-09-04T11:47:07+00:00,3,2026-09-04T17:30:00Z,player-ensemble-1.0,player-sim-2.0,player-sim-3.0-candidate,recommended_for_live_promotion,0.2,0.5,0.4,1.0,fpl-2026-27,1.03,298,500957,Destan,11,Hull City,Forward,4.5,0.0,0.0,0.0,0.0,0.0,0.0,0.0,0.0,0.0,0,0,0,0.0,0,0,0,0.0,0.0
2026-09-04T11:47:07+00:00,3,2026-09-04T17:30:00Z,player-ensemble-1.0,player-sim-2.0,player-sim-3.0-candidate,recommended_for_live_promotion,0.2,0.5,0.4,1.0,fpl-2026-27,1.03,299,534392,Burstow,11,Hull City,Forward,4.5,0.0,0.0,0.0,0.0,0.0,0.0,0.0,0.0,0.0,0,0,0,0.0,0,0,0,0.0,0.0
2026-09-04T11:47:07+00:00,3,2026-09-04T17:30:00Z,player-ensemble-1.0,player-sim-2.0,player-sim-3.0-candidate,recommended_for_live_promotion,0.2,0.5,0.4,1.0,fpl-2026-27,1.0375,340,462635,Gelhardt,11,Hull City,Midfielder,5.0,0.642,0.0,0.642,17.74,0.0,0.0,2.4000000000000004,0.1284,0.672,0,0,3,0.523,0,0,2.0,0.0017,0.0
2026-09-04T11:47:07+00:00,3,2026-09-04T17:30:00Z,player-ensemble-1.0,player-sim-2.0,player-sim-3.0-candidate,recommended_for_live_promotion,0.2,0.5,0.4,1.0,fpl-2026-27,1.0,556,169359,Targett,11,Hull City,Defender,4.0,1.075,0.0,1.075,22.3,0.0,0.2,3.2,0.2687,1.118,0,0,4,0.9,0,0,2.0,0.0033,0.0
2026-09-04T11:47:07+00:00,3,2026-09-04T17:30:00Z,player-ensemble-1.0,player-sim-2.0,player-sim-3.0-candidate,recommended_for_live_promotion,0.2,0.5,0.4,1.0,fpl-2026-27,1.0375,563,445028,Morita,11,Hull City,Midfielder,5.0,1.132,0.0,1.132,25.94,0.0,0.8,2.6000000000000005,0.2264,1.09,0,0,3,1.3,0,1.0,3.0,0.005,0.0
2026-09-04T11:47:07+00:00,3,2026-09-04T17:30:00Z,player-ensemble-1.0,player-sim-2.0,player-sim-3.0-candidate,recommended_for_live_promotion,0.2,0.5,0.4,1.0,fpl-2026-27,1.06,572,473284,Tzolakis,11,Hull City,Goalkeeper,4.6,2.533,0.0,2.533,44.27,0.0,1.6,6.4,0.5506,2.425,0,1,7,2.963,0,2.0,8.0,0.0217,0.0
2026-09-04T11:47:07+00:00,3,2026-09-04T17:30:00Z,player-ensemble-1.0,player-sim-2.0,player-sim-3.0-candidate,recommended_for_live_promotion,0.2,0.5,0.4,1.0,fpl-2026-27,1.0375,574,552946,Hjertø-Dahl,11,Hull City,Midfielder,5.0,0.692,0.0,0.692,18.33,0.0,0.0,2.4000000000000004,0.1383,0.743,0,0,3,0.485,0,0,2.0,0.0017,0.0
2026-09-04T11:47:07+00:00,3,2026-09-04T17:30:00Z,player-ensemble-1.0,player-sim-2.0,player-sim-3.0-candidate,recommended_for_live_promotion,0.2,0.5,0.4,1.0,fpl-2026-27,1.0375,576,608227,Stroud,11,Hull City,Midfielder,5.0,1.74,0.0,1.74,40.45,0.0,1.6,3.4000000000000004,0.348,1.68,0,2,4,1.98,0,2.0,4.0,0.0033,0.0
2026-09-04T11:47:07+00:00,3,2026-09-04T17:30:00Z,player-ensemble-1.0,player-sim-2.0,player-sim-3.0-candidate,recommended_for_live_promotion,0.2,0.5,0.4,1.0,fpl-2026-27,1.0,585,597462,Herrington,11,Hull City,Defender,4.0,1.252,0.0,1.252,25.8,0.0,1.0,3.4000000000000004,0.313,1.273,0,1,4,1.167,0,1.0,2.0,0.0017,0.0
2026-09-04T11:47:07+00:00,3,2026-09-04T17:30:00Z,player-ensemble-1.0,player-sim-2.0,player-sim-3.0-candidate,recommended_for_live_promotion,0.2,0.5,0.4,1.0,fpl-2026-27,1.0,586,606930,Mendy,11,Hull City,Defender,4.0,2.464,0.0,2.464,40.11,0.0,1.6,6.000000000000001,0.616,2.307,0,1,6,3.093,0,2.0,7.0,0.0267,0.0
2026-09-04T11:47:07+00:00,3,2026-09-04T17:30:00Z,player-ensemble-1.0,player-sim-2.0,player-sim-3.0-candidate,recommended_for_live_promotion,0.2,0.5,0.4,1.0,fpl-2026-27,1.0375,589,469266,Gourna-Douath,11,Hull City,Midfielder,5.0,0.827,0.0,0.827,18.95,0.0,0.4,2.2,0.1655,0.837,0,0,2,0.79,0.0,0,2.0,0.0,0.0
2026-09-04T11:47:07+00:00,3,2026-09-04T17:30:00Z,player-ensemble-1.0,player-sim-2.0,player-sim-3.0-candidate,recommended_for_live_promotion,0.2,0.5,0.4,1.0,fpl-2026-27,1.0437,617,490884,Cho,11,Hull City,Midfielder,5.0,1.131,0.0,1.131,24.51,0.0,0.8,2.6000000000000005,0.2262,1.108,0,1,3,1.222,0,1.0,3.0,0.005,0.0017
2026-09-04T11:47:07+00:00,3,2026-09-04T17:30:00Z,player-ensemble-1.0,player-sim-2.0,player-sim-3.0-candidate,recommended_for_live_promotion,0.2,0.5,0.4,1.0,fpl-2026-27,1.04,632,626751,Ansah,11,Hull City,Forward,5.0,1.021,0.0,1.021,22.05,0.0,0.4,2.8000000000000003,0.2042,1.03,0,0,3,0.985,0,0,3.0,0.005,0.0017
2026-09-04T11:47:07+00:00,3,2026-09-04T17:30:00Z,player-ensemble-1.0,player-sim-2.0,player-sim-3.0-candidate,recommended_for_live_promotion,0.2,0.5,0.4,1.0,fpl-2026-27,1.04,637,631000,Vaz,11,Hull City,Forward,5.0,1.11,0.0,1.11,23.68,0.0,0.6000000000000001,3.0000000000000004,0.222,1.1,0,0,3,1.15,0,0,3.0,0.01,0.0
2026-09-04T11:47:07+00:00,3,2026-09-04T17:30:00Z,player-ensemble-1.0,player-sim-2.0,player-sim-3.0-candidate,recommended_for_live_promotion,0.2,0.5,0.4,1.0,fpl-2026-27,1.0,638,496181,Norton-Cuffy,11,Hull City,Defender,4.0,1.445,0.0,1.445,32.4,0.0,0.8,4.800000000000001,0.3612,1.492,0,0,6,1.257,0,0,6.0,0.0067,0.0
2026-09-04T11:47:07+00:00,3,2026-09-04T17:30:00Z,player-ensemble-1.0,player-sim-2.0,player-sim-3.0-candidate,recommended_for_live_promotion,0.2,0.5,0.4,1.0,fpl-2026-27,1.05,642,243951,Thomas,11,Hull City,Midfielder,5.5,1.127,0.0,1.127,27.73,0.0,0.6000000000000001,2.8000000000000003,0.205,1.15,0,0,3,1.037,0,0,3.0,0.0033,0.0
2026-09-04T11:47:07+00:00,3,2026-09-04T17:30:00Z,player-ensemble-1.0,player-sim-2.0,player-sim-3.0-candidate,recommended_for_live_promotion,0.2,0.5,0.4,1.0,fpl-2026-27,1.05,645,647839,Mouzakitis,11,Hull City,Midfielder,5.0,1.088,0.0,1.088,29.73,0.0,0.6000000000000001,2.6000000000000005,0.2175,1.093,0,0,3,1.065,0,0,3.0,0.0017,0.0
2026-09-04T11:47:07+00:00,3,2026-09-04T17:30:00Z,player-ensemble-1.0,player-sim-2.0,player-sim-3.0-candidate,recommended_for_live_promotion,0.2,0.5,0.4,1.0,fpl-2026-27,1.0,259,219924,Diop,12,Ipswich Town,Defender,4.0,1.36,0.0,1.36,39.88,0.0,0.8,3.6,0.34,1.305,0,0,4,1.58,0,1.0,6.0,0.005,0.0
2026-09-04T11:47:07+00:00,3,2026-09-04T17:30:00Z,player-ensemble-1.0,player-sim-2.0,player-sim-3.0-candidate,recommended_for_live_promotion,0.2,0.5,0.4,1.0,fpl-2026-27,1.0375,267,212314,Lukić,12,Ipswich Town,Midfielder,5.0,2.036,0.0,2.036,58.17,0.4,1.8,4.2,0.4071,2.097,0,2,5,1.792,0,2.0,4.0,0.0017,0.0
2026-09-04T11:47:07+00:00,3,2026-09-04T17:30:00Z,player-ensemble-1.0,player-sim-2.0,player-sim-3.0-candidate,recommended_for_live_promotion,0.2,0.5,0.4,1.0,fpl-2026-27,1.06,300,108813,Walton,12,Ipswich Town,Goalkeeper,4.5,0.401,0.0,0.401,11.23,0.0,0.0,1.6,0.0892,0.425,0,0,2,0.307,0,0,1.0,0.0,0.0
2026-09-04T11:47:07+00:00,3,2026-09-04T17:30:00Z,player-ensemble-1.0,player-sim-2.0,player-sim-3.0-candidate,recommended_for_live_promotion,0.2,0.5,0.4,1.0,fpl-2026-27,1.06,301,112520,Palmer,12,Ipswich Town,Goalkeeper,4.0,0.564,0.0,0.564,20.35,0.0,0.0,1.6,0.1411,0.637,0,0,2,0.275,0,0,1.0,0.0,0.0
2026-09-04T11:47:07+00:00,3,2026-09-04T17:30:00Z,player-ensemble-1.0,player-sim-2.0,player-sim-3.0-candidate,recommended_for_live_promotion,0.2,0.5,0.4,1.0,fpl-2026-27,1.06,302,50093,Button,12,Ipswich Town,Goalkeeper,4.0,0.095,0.0,0.095,0.52,0.0,0.0,0.4,0.0237,0.037,0,0,0,0.327,0,0,1.0,0.0,0.0
2026-09-04T11:47:07+00:00,3,2026-09-04T17:30:00Z,player-ensemble-1.0,player-sim-2.0,player-sim-3.0-candidate,recommended_for_live_promotion,0.2,0.5,0.4,1.0,fpl-2026-27,1.0,303,183015,Kipré,12,Ipswich Town,Defender,4.0,0.594,0.0,0.594,21.31,0.0,0.0,1.8,0.1486,0.643,0,0,2,0.398,0,0,1.0,0.0,0.0
2026-09-04T11:47:07+00:00,3,2026-09-04T17:30:00Z,player-ensemble-1.0,player-sim-2.0,player-sim-3.0-candidate,recommended_for_live_promotion,0.2,0.5,0.4,1.0,fpl-2026-27,1.0,304,216616,O'Shea,12,Ipswich Town,Defender,4.0,2.57,0.0,2.57,83.25,0.8,2.4000000000000004,5.000000000000001,0.6424,2.715,1,2,6,1.988,0,1.0,6.0,0.005,0.0
2026-09-04T11:47:07+00:00,3,2026-09-04T17:30:00Z,player-ensemble-1.0,player-sim-2.0,player-sim-3.0-candidate,recommended_for_live_promotion,0.2,0.5,0.4,1.0,fpl-2026-27,1.0,305,455084,Davis,12,Ipswich Town,Defender,4.0,2.263,0.0,2.263,76.95,0.4,1.6,5.4,0.5657,2.345,0,1,6,1.933,0,1.0,6.0,0.0267,0.0
2026-09-04T11:47:07+00:00,3,2026-09-04T17:30:00Z,player-ensemble-1.0,player-sim-2.0,player-sim-3.0-candidate,recommended_for_live_promotion,0.2,0.5,0.4,1.0,fpl-2026-27,1.0,306,449429,Greaves,12,Ipswich Town,Defender,4.0,1.841,0.0,1.841,68.13,0.0,1.4000000000000001,4.8,0.4602,1.97,0,1,6,1.323,0.0,1.0,4.0,0.0,0.0
2026-09-04T11:47:07+00:00,3,2026-09-04T17:30:00Z,player-ensemble-1.0,player-sim-2.0,player-sim-3.0-candidate,recommended_for_live_promotion,0.2,0.5,0.4,1.0,fpl-2026-27,1.0,307,222018,Johnson,12,Ipswich Town,Defender,4.0,0.712,0.0,0.712,24.3,0.0,0.0,2.4000000000000004,0.178,0.79,0,0,2,0.4,0,0.0,1.0,0.0017,0.0
2026-09-04T11:47:07+00:00,3,2026-09-04T17:30:00Z,player-ensemble-1.0,player-sim-2.0,player-sim-3.0-candidate,recommended_for_live_promotion,0.2,0.5,0.4,1.0,fpl-2026-27,1.0,308,176420,Furlong,12,Ipswich Town,Defender,4.0,0.787,0.0,0.787,15.38,0.0,0.8,1.0,0.1967,0.833,0,1,1,0.6,0,0,1.0,0.0017,0.0
2026-09-04T11:47:07+00:00,3,2026-09-04T17:30:00Z,player-ensemble-1.0,player-sim-2.0,player-sim-3.0-candidate,recommended_for_live_promotion,0.2,0.5,0.4,1.0,fpl-2026-27,1.0375,309,501390,Núñez,12,Ipswich Town,Midfielder,5.0,1.523,0.0,1.523,38.12,0.0,1.4000000000000001,3.0000000000000004,0.3045,1.462,0,1,3,1.767,0,2.0,3.0,0.0017,0.0
2026-09-04T11:47:07+00:00,3,2026-09-04T17:30:00Z,player-ensemble-1.0,player-sim-2.0,player-sim-3.0-candidate,recommended_for_live_promotion,0.2,0.5,0.4,1.0,fpl-2026-27,1.0375,310,241117,Matusiwa,12,Ipswich Town,Midfielder,5.0,0.0,0.0,0.0,0.0,0.0,0.0,0.0,0.0,0.0,0,0,0,0.0,0,0,0,0.0,0.0
2026-09-04T11:47:07+00:00,3,2026-09-04T17:30:00Z,player-ensemble-1.0,player-sim-2.0,player-sim-3.0-candidate,recommended_for_live_promotion,0.2,0.5,0.4,1.0,fpl-2026-27,1.0375,311,149929,Burns,12,Ipswich Town,Midfielder,5.0,0.0,0.0,0.0,0.0,0.0,0.0,0.0,0.0,0.0,0,0,0,0.0,0,0,0,0.0,0.0
2026-09-04T11:47:07+00:00,3,2026-09-04T17:30:00Z,player-ensemble-1.0,player-sim-2.0,player-sim-3.0-candidate,recommended_for_live_promotion,0.2,0.5,0.4,1.0,fpl-2026-27,1.0375,312,231899,Taylor,12,Ipswich Town,Midfielder,4.5,0.0,0.0,0.0,0.0,0.0,0.0,0.0,0.0,0.0,0,0,0,0.0,0,0,0,0.0,0.0
2026-09-04T11:47:07+00:00,3,2026-09-04T17:30:00Z,player-ensemble-1.0,player-sim-2.0,player-sim-3.0-candidate,recommended_for_live_promotion,0.2,0.5,0.4,1.0,fpl-2026-27,1.0375,313,443261,Clarke,12,Ipswich Town,Midfielder,5.5,0.931,0.0,0.931,22.41,0.0,0.8,2.4000000000000004,0.1693,0.955,0,0,3,0.837,0,0,2.0,0.0,0.0
2026-09-04T11:47:07+00:00,3,2026-09-04T17:30:00Z,player-ensemble-1.0,player-sim-2.0,player-sim-3.0-candidate,recommended_for_live_promotion,0.2,0.5,0.4,1.0,fpl-2026-27,1.0375,314,229164,Ogbene,12,Ipswich Town,Midfielder,4.9,0.0,0.0,0.0,0.0,0.0,0.0,0.0,0.0,0.0,0,0,0,0.0,0,0,0,0.0,0.0
2026-09-04T11:47:07+00:00,3,2026-09-04T17:30:00Z,player-ensemble-1.0,player-sim-2.0,player-sim-3.0-candidate,recommended_for_live_promotion,0.2,0.5,0.4,1.0,fpl-2026-27,1.0375,315,531442,Fatawu,12,Ipswich Town,Midfielder,5.5,1.459,0.0,1.459,34.64,0.0,1.0,3.0000000000000004,0.2653,1.32,0,0,3,2.017,0,2.0,5.0,0.01,0.0
2026-09-04T11:47:07+00:00,3,2026-09-04T17:30:00Z,player-ensemble-1.0,player-sim-2.0,player-sim-3.0-candidate,recommended_for_live_promotion,0.2,0.5,0.4,1.0,fpl-2026-27,1.03,316,543968,Emersonn,12,Ipswich Town,Forward,5.5,1.804,0.0,1.804,32.48,0.0,1.4000000000000001,4.2,0.328,1.7,0,1,5,2.22,0,2.0,6.0,0.0267,0.0067
2026-09-04T11:47:07+00:00,3,2026-09-04T17:30:00Z,player-ensemble-1.0,player-sim-2.0,player-sim-3.0-candidate,recommended_for_live_promotion,0.2,0.5,0.4,1.0,fpl-2026-27,1.03,317,222625,Hirst,12,Ipswich Town,Forward,5.0,0.0,0.0,0.0,0.0,0.0,0.0,0.0,0.0,0.0,0,0,0,0.0,0,0,0,0.0,0.0
2026-09-04T11:47:07+00:00,3,2026-09-04T17:30:00Z,player-ensemble-1.0,player-sim-2.0,player-sim-3.0-candidate,recommended_for_live_promotion,0.2,0.5,0.4,1.0,fpl-2026-27,1.0375,318,481624,Philogene,12,Ipswich Town,Midfielder,5.4,0.0,0.0,0.0,0.0,0.0,0.0,0.0,0.0,0.0,0,0,0,0.0,0,0,0,0.0,0.0
2026-09-04T11:47:07+00:00,3,2026-09-04T17:30:00Z,player-ensemble-1.0,player-sim-2.0,player-sim-3.0-candidate,recommended_for_live_promotion,0.2,0.5,0.4,1.0,fpl-2026-27,1.0375,319,172453,Szmodics,12,Ipswich Town,Midfielder,5.0,0.0,0.0,0.0,0.0,0.0,0.0,0.0,0.0,0.0,0,0,0,0.0,0,0,0,0.0,0.0
2026-09-04T11:47:07+00:00,3,2026-09-04T17:30:00Z,player-ensemble-1.0,player-sim-2.0,player-sim-3.0-candidate,recommended_for_live_promotion,0.2,0.5,0.4,1.0,fpl-2026-27,1.03,320,147675,Akpom,12,Ipswich Town,Forward,5.0,1.27,0.0,1.27,22.37,0.0,1.0,2.6000000000000005,0.2541,1.265,0,1,3,1.292,0,1.0,3.0,0.0067,0.0
2026-09-04T11:47:07+00:00,3,2026-09-04T17:30:00Z,player-ensemble-1.0,player-sim-2.0,player-sim-3.0-candidate,recommended_for_live_promotion,0.2,0.5,0.4,1.0,fpl-2026-27,1.03,321,557012,Walle Egeli,12,Ipswich Town,Forward,4.5,0.741,0.0,0.741,16.17,0.0,0.2,1.8,0.1647,0.747,0,0,2,0.718,0,0,2.0,0.0,0.0
2026-09-04T11:47:07+00:00,3,2026-09-04T17:30:00Z,player-ensemble-1.0,player-sim-2.0,player-sim-3.0-candidate,recommended_for_live_promotion,0.2,0.5,0.4,1.0,fpl-2026-27,1.03,322,462387,Al-Hamadi,12,Ipswich Town,Forward,5.0,0.0,0.0,0.0,0.0,0.0,0.0,0.0,0.0,0.0,0,0,0,0.0,0,0,0,0.0,0.0
2026-09-04T11:47:07+00:00,3,2026-09-04T17:30:00Z,player-ensemble-1.0,player-sim-2.0,player-sim-3.0-candidate,recommended_for_live_promotion,0.2,0.5,0.4,1.0,fpl-2026-27,1.0375,323,461587,McAteer,12,Ipswich Town,Midfielder,4.5,0.919,0.0,0.919,20.54,0.0,0.8,1.8,0.2042,0.903,0,1,2,0.982,0,1.0,2.0,0.0,0.0
2026-09-04T11:47:07+00:00,3,2026-09-04T17:30:00Z,player-ensemble-1.0,player-sim-2.0,player-sim-3.0-candidate,recommended_for_live_promotion,0.2,0.5,0.4,1.0,fpl-2026-27,1.0375,324,232457,Mehmeti,12,Ipswich Town,Midfielder,4.9,0.594,0.0,0.594,17.96,0.0,0.0,1.6,0.1212,0.613,0,0,2,0.515,0,0,2.0,0.0,0.0
2026-09-04T11:47:07+00:00,3,2026-09-04T17:30:00Z,player-ensemble-1.0,player-sim-2.0,player-sim-3.0-candidate,recommended_for_live_promotion,0.2,0.5,0.4,1.0,fpl-2026-27,1.06,554,546600,Van Oevelen,12,Ipswich Town,Goalkeeper,4.5,0.0,0.0,0.0,0.0,0.0,0.0,0.0,0.0,0.0,0,0,0,0.0,0,0,0,0.0,0.0
2026-09-04T11:47:07+00:00,3,2026-09-04T17:30:00Z,player-ensemble-1.0,player-sim-2.0,player-sim-3.0-candidate,recommended_for_live_promotion,0.2,0.5,0.4,1.0,fpl-2026-27,1.0375,562,442967,Maeda,12,Ipswich Town,Midfielder,5.5,1.736,0.0,1.736,44.28,0.0,1.6,3.6,0.3157,1.637,0,2,4,2.135,0,2.0,5.0,0.0167,0.0033
2026-09-04T11:47:07+00:00,3,2026-09-04T17:30:00Z,player-ensemble-1.0,player-sim-2.0,player-sim-3.0-candidate,recommended_for_live_promotion,0.2,0.5,0.4,1.0,fpl-2026-27,1.06,564,240514,Scherpen,12,Ipswich Town,Goalkeeper,4.5,1.324,0.0,1.324,41.29,0.0,0.8,3.4000000000000004,0.2943,1.238,0,0,3,1.668,0.0,1.0,4.0,0.0,0.0
2026-09-04T11:47:07+00:00,3,2026-09-04T17:30:00Z,player-ensemble-1.0,player-sim-2.0,player-sim-3.0-candidate,recommended_for_live_promotion,0.2,0.5,0.4,1.0,fpl-2026-27,1.0375,571,216055,Florentino,12,Ipswich Town,Midfielder,4.9,1.277,0.0,1.277,38.26,0.0,0.8,3.2,0.2607,1.495,0,1,4,0.407,0,0,2.0,0.0,0.0
2026-09-04T11:47:07+00:00,3,2026-09-04T17:30:00Z,player-ensemble-1.0,player-sim-2.0,player-sim-3.0-candidate,recommended_for_live_promotion,0.2,0.5,0.4,1.0,fpl-2026-27,1.0375,591,474120,Enciso,12,Ipswich Town,Midfielder,5.5,1.861,0.0,1.861,44.84,0.2,1.6,4.4,0.3384,1.762,0,1,5,2.258,0,2.0,6.0,0.025,0.0067
2026-09-04T11:47:07+00:00,3,2026-09-04T17:30:00Z,player-ensemble-1.0,player-sim-2.0,player-sim-3.0-candidate,recommended_for_live_promotion,0.2,0.5,0.4,1.0,fpl-2026-27,1.0,592,572584,Ouattara,12,Ipswich Town,Defender,4.0,1.049,0.0,1.049,27.6,0.0,0.8,2.4000000000000004,0.2622,1.065,0,1,2,0.983,0,1.0,2.0,0.0017,0.0
2026-09-04T11:47:07+00:00,3,2026-09-04T17:30:00Z,player-ensemble-1.0,player-sim-2.0,player-sim-3.0-candidate,recommended_for_live_promotion,0.2,0.5,0.4,1.0,fpl-2026-27,1.0375,602,524180,Humphreys,12,Ipswich Town,Midfielder,4.5,0.0,0.0,0.0,0.0,0.0,0.0,0.0,0.0,0.0,0,0,0,0.0,0,0,0,0.0,0.0
2026-09-04T11:47:07+00:00,3,2026-09-04T17:30:00Z,player-ensemble-1.0,player-sim-2.0,player-sim-3.0-candidate,recommended_for_live_promotion,0.2,0.5,0.4,1.0,fpl-2026-27,1.0437,619,218543,Palacios,12,Ipswich Town,Midfielder,5.0,0.985,0.0,0.985,27.95,0.0,0.8,2.0,0.1971,0.99,0,1,2,0.967,0,1.0,2.0,0.0017,0.0
2026-09-04T11:47:07+00:00,3,2026-09-04T17:30:00Z,player-ensemble-1.0,player-sim-2.0,player-sim-3.0-candidate,recommended_for_live_promotion,0.2,0.5,0.4,1.0,fpl-2026-27,1.04,640,431639,Flemming,12,Ipswich Town,Forward,5.5,2.116,0.0,2.116,45.31,0.2,1.6,5.000000000000001,0.3848,2.115,0,2,6,2.122,0,2.0,6.0,0.02,0.0
2026-09-04T11:47:07+00:00,3,2026-09-04T17:30:00Z,player-ensemble-1.0,player-sim-2.0,player-sim-3.0-candidate,recommended_for_live_promotion,0.2,0.5,0.4,1.0,fpl-2026-27,1.0375,260,153682,Wilson,13,Leeds,Midfielder,6.4,2.737,0.0,2.737,66.19,0.8,2.2,5.6000000000000005,0.4276,2.967,1,2,7,1.817,0,1.0,4.0,0.0083,0.0017
2026-09-04T11:47:07+00:00,3,2026-09-04T17:30:00Z,player-ensemble-1.0,player-sim-2.0,player-sim-3.0-candidate,recommended_for_live_promotion,0.2,0.5,0.4,1.0,fpl-2026-27,1.06,326,201595,Perri,13,Leeds,Goalkeeper,4.5,0.0,0.0,0.0,0.0,0.0,0.0,0.0,0.0,0.0,0,0,0,0.0,0,0,0,0.0,0.0
2026-09-04T11:47:07+00:00,3,2026-09-04T17:30:00Z,player-ensemble-1.0,player-sim-2.0,player-sim-3.0-candidate,recommended_for_live_promotion,0.2,0.5,0.4,1.0,fpl-2026-27,1.0,327,434752,Bijol,13,Leeds,Defender,5.0,2.338,0.0,2.338,54.41,0.2,1.6,5.200000000000001,0.4675,2.342,0,1,6,2.322,0,1.0,6.0,0.0183,0.0017
2026-09-04T11:47:07+00:00,3,2026-09-04T17:30:00Z,player-ensemble-1.0,player-sim-2.0,player-sim-3.0-candidate,recommended_for_live_promotion,0.2,0.5,0.4,1.0,fpl-2026-27,1.0,329,214225,Rodon,13,Leeds,Defender,4.5,0.0,0.0,0.0,0.0,0.0,0.0,0.0,0.0,0.0,0,0,0,0.0,0,0,0,0.0,0.0
2026-09-04T11:47:07+00:00,3,2026-09-04T17:30:00Z,player-ensemble-1.0,player-sim-2.0,player-sim-3.0-candidate,recommended_for_live_promotion,0.2,0.5,0.4,1.0,fpl-2026-27,1.0,330,226182,Bogle,13,Leeds,Defender,4.5,2.359,0.0,2.359,74.37,0.8,1.8,5.200000000000001,0.5242,2.508,0,2,6,1.76,0,1.0,6.0,0.0083,0.0
2026-09-04T11:47:07+00:00,3,2026-09-04T17:30:00Z,player-ensemble-1.0,player-sim-2.0,player-sim-3.0-candidate,recommended_for_live_promotion,0.2,0.5,0.4,1.0,fpl-2026-27,1.0,331,243526,Gudmundsson,13,Leeds,Defender,4.5,1.319,0.0,1.319,46.15,0.0,0.8,4.6000000000000005,0.2931,1.535,0,1,5,0.455,0,0,1.0,0.0017,0.0
2026-09-04T11:47:07+00:00,3,2026-09-04T17:30:00Z,player-ensemble-1.0,player-sim-2.0,player-sim-3.0-candidate,recommended_for_live_promotion,0.2,0.5,0.4,1.0,fpl-2026-27,1.0,332,220627,Justin,13,Leeds,Defender,4.5,2.658,0.0,2.658,63.61,0.4,2.0,5.8,0.5907,2.735,0,2,7,2.352,0,1.0,6.0,0.0167,0.0
2026-09-04T11:47:07+00:00,3,2026-09-04T17:30:00Z,player-ensemble-1.0,player-sim-2.0,player-sim-3.0-candidate,recommended_for_live_promotion,0.2,0.5,0.4,1.0,fpl-2026-27,1.0,333,437738,Bornauw,13,Leeds,Defender,4.5,0.0,0.0,0.0,0.0,0.0,0.0,0.0,0.0,0.0,0,0,0,0.0,0,0,0,0.0,0.0
2026-09-04T11:47:07+00:00,3,2026-09-04T17:30:00Z,player-ensemble-1.0,player-sim-2.0,player-sim-3.0-candidate,recommended_for_live_promotion,0.2,0.5,0.4,1.0,fpl-2026-27,1.0,334,522047,Muharemović,13,Leeds,Defender,5.0,1.786,0.0,1.786,47.52,0.0,1.2000000000000002,4.800000000000001,0.3573,1.705,0,1,5,2.112,0,1.0,6.0,0.0083,0.0
2026-09-04T11:47:07+00:00,3,2026-09-04T17:30:00Z,player-ensemble-1.0,player-sim-2.0,player-sim-3.0-candidate,recommended_for_live_promotion,0.2,0.5,0.4,1.0,fpl-2026-27,1.0375,335,466525,Stach,13,Leeds,Midfielder,6.0,3.31,0.0,3.31,69.53,1.2000000000000002,2.8000000000000003,5.800000000000001,0.5517,3.49,1,3,7,2.592,0,2.0,6.0,0.0267,0.0017
2026-09-04T11:47:07+00:00,3,2026-09-04T17:30:00Z,player-ensemble-1.0,player-sim-2.0,player-sim-3.0-candidate,recommended_for_live_promotion,0.2,0.5,0.4,1.0,fpl-2026-27,1.0375,336,435997,Okafor,13,Leeds,Midfielder,5.9,2.012,0.0,2.012,42.58,0.2,1.6,5.000000000000001,0.3411,2.102,0,1,6,1.655,0,1.0,4.0,0.0083,0.0
2026-09-04T11:47:07+00:00,3,2026-09-04T17:30:00Z,player-ensemble-1.0,player-sim-2.0,player-sim-3.0-candidate,recommended_for_live_promotion,0.2,0.5,0.4,1.0,fpl-2026-27,1.0375,337,427637,Aaronson,13,Leeds,Midfielder,5.5,2.42,0.0,2.42,64.05,1.0,2.0,4.4,0.4401,2.54,1,2,5,1.942,0,2.0,4.0,0.0083,0.0017
2026-09-04T11:47:07+00:00,3,2026-09-04T17:30:00Z,player-ensemble-1.0,player-sim-2.0,player-sim-3.0-candidate,recommended_for_live_promotion,0.2,0.5,0.4,1.0,fpl-2026-27,1.0375,338,199598,Ampadu,13,Leeds,Midfielder,5.5,3.116,0.0,3.116,83.52,1.6,2.8000000000000003,4.800000000000001,0.5665,3.308,1,3,5,2.345,0,2.0,5.0,0.005,0.0
2026-09-04T11:47:07+00:00,3,2026-09-04T17:30:00Z,player-ensemble-1.0,player-sim-2.0,player-sim-3.0-candidate,recommended_for_live_promotion,0.2,0.5,0.4,1.0,fpl-2026-27,1.0375,339,180135,Longstaff,13,Leeds,Midfielder,5.0,0.871,0.0,0.871,17.69,0.0,0.4,2.2,0.1742,0.87,0,0,2,0.875,0,0,2.0,0.0017,0.0
2026-09-04T11:47:07+00:00,3,2026-09-04T17:30:00Z,player-ensemble-1.0,player-sim-2.0,player-sim-3.0-candidate,recommended_for_live_promotion,0.2,0.5,0.4,1.0,fpl-2026-27,1.0375,341,492859,Gnonto,13,Leeds,Midfielder,5.0,0.0,0.0,0.0,0.0,0.0,0.0,0.0,0.0,0.0,0,0,0,0.0,0,0,0,0.0,0.0
2026-09-04T11:47:07+00:00,3,2026-09-04T17:30:00Z,player-ensemble-1.0,player-sim-2.0,player-sim-3.0-candidate,recommended_for_live_promotion,0.2,0.5,0.4,1.0,fpl-2026-27,1.0375,342,221399,Harrison,13,Leeds,Midfielder,5.0,0.0,0.0,0.0,0.0,0.0,0.0,0.0,0.0,0.0,0,0,0,0.0,0,0,0,0.0,0.0
2026-09-04T11:47:07+00:00,3,2026-09-04T17:30:00Z,player-ensemble-1.0,player-sim-2.0,player-sim-3.0-candidate,recommended_for_live_promotion,0.2,0.5,0.4,1.0,fpl-2026-27,1.0375,343,200617,James,13,Leeds,Midfielder,5.0,0.668,0.0,0.668,15.04,0.0,0.2,1.8,0.1336,0.613,0,0,2,0.887,0,0,2.0,0.0067,0.0
2026-09-04T11:47:07+00:00,3,2026-09-04T17:30:00Z,player-ensemble-1.0,player-sim-2.0,player-sim-3.0-candidate,recommended_for_live_promotion,0.2,0.5,0.4,1.0,fpl-2026-27,1.0375,344,486520,Gruev,13,Leeds,Midfielder,5.0,0.215,0.0,0.215,6.75,0.0,0.0,0.8,0.043,0.243,0,0,1,0.102,0,0,0,0.0,0.0
2026-09-04T11:47:07+00:00,3,2026-09-04T17:30:00Z,player-ensemble-1.0,player-sim-2.0,player-sim-3.0-candidate,recommended_for_live_promotion,0.2,0.5,0.4,1.0,fpl-2026-27,1.0375,345,248056,Tanaka,13,Leeds,Midfielder,4.9,1.095,0.0,1.095,26.59,0.0,0.8,2.8000000000000003,0.2235,1.17,0,1,3,0.797,0,0,2.0,0.0033,0.0
2026-09-04T11:47:07+00:00,3,2026-09-04T17:30:00Z,player-ensemble-1.0,player-sim-2.0,player-sim-3.0-candidate,recommended_for_live_promotion,0.2,0.5,0.4,1.0,fpl-2026-27,1.03,346,177815,Calvert-Lewin,13,Leeds,Forward,6.0,3.731,0.0,3.731,76.78,1.2000000000000002,3.0000000000000004,7.000000000000001,0.6218,3.958,1,3,8,2.822,0,2.0,7.0,0.0567,0.01
2026-09-04T11:47:07+00:00,3,2026-09-04T17:30:00Z,player-ensemble-1.0,player-sim-2.0,player-sim-3.0-candidate,recommended_for_live_promotion,0.2,0.5,0.4,1.0,fpl-2026-27,1.03,347,174594,Nmecha,13,Leeds,Forward,5.5,1.192,0.0,1.192,20.07,0.0,0.8,3.6000000000000005,0.2167,1.2,0,0,4,1.16,0,0,3.0,0.015,0.0067
2026-09-04T11:47:07+00:00,3,2026-09-04T17:30:00Z,player-ensemble-1.0,player-sim-2.0,player-sim-3.0-candidate,recommended_for_live_promotion,0.2,0.5,0.4,1.0,fpl-2026-27,1.03,348,235826,Piroe,13,Leeds,Forward,5.0,0.0,0.0,0.0,0.0,0.0,0.0,0.0,0.0,0.0,0,0,0,0.0,0,0,0,0.0,0.0
2026-09-04T11:47:07+00:00,3,2026-09-04T17:30:00Z,player-ensemble-1.0,player-sim-2.0,player-sim-3.0-candidate,recommended_for_live_promotion,0.2,0.5,0.4,1.0,fpl-2026-27,1.03,349,565297,Mateo Joseph,13,Leeds,Forward,4.5,0.0,0.0,0.0,0.0,0.0,0.0,0.0,0.0,0.0,0,0,0,0.0,0,0,0,0.0,0.0
2026-09-04T11:47:07+00:00,3,2026-09-04T17:30:00Z,player-ensemble-1.0,player-sim-2.0,player-sim-3.0-candidate,recommended_for_live_promotion,0.2,0.5,0.4,1.0,fpl-2026-27,1.06,385,432720,Trafford,13,Leeds,Goalkeeper,5.0,1.387,0.0,1.387,36.31,0.0,0.8,3.6,0.2774,1.288,0,0,4,1.782,0,1.0,5.0,0.0017,0.0
2026-09-04T11:47:07+00:00,3,2026-09-04T17:30:00Z,player-ensemble-1.0,player-sim-2.0,player-sim-3.0-candidate,recommended_for_live_promotion,0.2,0.5,0.4,1.0,fpl-2026-27,1.0,598,173774,Elvedi,13,Leeds,Defender,4.5,0.834,0.0,0.834,21.82,0.0,0.2,2.4000000000000004,0.1854,0.867,0,0,2,0.705,0,0,2.0,0.0017,0.0
2026-09-04T11:47:07+00:00,3,2026-09-04T17:30:00Z,player-ensemble-1.0,player-sim-2.0,player-sim-3.0-candidate,recommended_for_live_promotion,0.2,0.5,0.4,1.0,fpl-2026-27,1.0,603,643970,Lienou,13,Leeds,Defender,4.0,0.572,0.0,0.572,17.77,0.0,0.0,1.8,0.143,0.595,0,0,2,0.48,0,0,1.0,0.0,0.0
2026-09-04T11:47:07+00:00,3,2026-09-04T17:30:00Z,player-ensemble-1.0,player-sim-2.0,player-sim-3.0-candidate,recommended_for_live_promotion,0.2,0.5,0.4,1.0,fpl-2026-27,1.0375,604,592740,Cresswell,13,Leeds,Midfielder,4.5,0.665,0.0,0.665,19.26,0.0,0.0,2.0,0.1478,0.717,0,0,2,0.458,0,0,2.0,0.0017,0.0
2026-09-04T11:47:07+00:00,3,2026-09-04T17:30:00Z,player-ensemble-1.0,player-sim-2.0,player-sim-3.0-candidate,recommended_for_live_promotion,0.2,0.5,0.4,1.0,fpl-2026-27,1.07,625,97846,Cairns,13,Leeds,Goalkeeper,4.0,0.648,0.0,0.648,17.47,0.0,0.0,2.4000000000000004,0.1621,0.68,0,0,3,0.522,0,0,2.0,0.0,0.0
2026-09-04T11:47:07+00:00,3,2026-09-04T17:30:00Z,player-ensemble-1.0,player-sim-2.0,player-sim-3.0-candidate,recommended_for_live_promotion,0.2,0.5,0.4,1.0,fpl-2026-27,1.08,629,155465,Zetterer,13,Leeds,Goalkeeper,4.0,0.765,0.0,0.765,21.75,0.0,0.0,2.4000000000000004,0.1913,0.752,0,0,3,0.82,0,0,3.0,0.0,0.0
2026-09-04T11:47:07+00:00,3,2026-09-04T17:30:00Z,player-ensemble-1.0,player-sim-2.0,player-sim-3.0-candidate,recommended_for_live_promotion,0.2,0.5,0.4,1.0,fpl-2026-27,1.0,641,437497,Bard,13,Leeds,Defender,4.5,1.094,0.0,1.094,28.54,0.0,0.4,3.2,0.2432,1.13,0,0,4,0.952,0,0,3.0,0.0033,0.0017
2026-09-04T11:47:07+00:00,3,2026-09-04T17:30:00Z,player-ensemble-1.0,player-sim-2.0,player-sim-3.0-candidate,recommended_for_live_promotion,0.2,0.5,0.4,1.0,fpl-2026-27,1.05,648,587982,Bahoya,13,Leeds,Midfielder,5.0,1.084,0.0,1.084,29.89,0.0,0.8,2.6000000000000005,0.2169,1.09,0,0,3,1.062,0,0,3.0,0.005,0.0
2026-09-04T11:47:07+00:00,3,2026-09-04T17:30:00Z,player-ensemble-1.0,player-sim-2.0,player-sim-3.0-candidate,recommended_for_live_promotion,0.2,0.5,0.4,1.0,fpl-2026-27,1.06,350,116535,A.Becker,14,Liverpool,Goalkeeper,5.5,2.409,0.0,2.409,72.14,0.8,2.0,5.4,0.4381,2.56,1,2,6,1.807,0,1.0,6.0,0.0,0.0
2026-09-04T11:47:07+00:00,3,2026-09-04T17:30:00Z,player-ensemble-1.0,player-sim-2.0,player-sim-3.0-candidate,recommended_for_live_promotion,0.2,0.5,0.4,1.0,fpl-2026-27,1.06,351,449027,Mamardashvili,14,Liverpool,Goalkeeper,4.9,0.681,0.0,0.681,15.5,0.0,0.0,2.2,0.139,0.737,0,0,2,0.458,0,0,2.0,0.0033,0.0
2026-09-04T11:47:07+00:00,3,2026-09-04T17:30:00Z,player-ensemble-1.0,player-sim-2.0,player-sim-3.0-candidate,recommended_for_live_promotion,0.2,0.5,0.4,1.0,fpl-2026-27,1.06,352,155503,Woodman,14,Liverpool,Goalkeeper,4.0,0.207,0.0,0.207,3.85,0.0,0.0,0.8,0.0518,0.158,0,0,0,0.403,0,0,1.0,0.0,0.0
2026-09-04T11:47:07+00:00,3,2026-09-04T17:30:00Z,player-ensemble-1.0,player-sim-2.0,player-sim-3.0-candidate,recommended_for_live_promotion,0.2,0.5,0.4,1.0,fpl-2026-27,1.06,353,586268,Pecsi,14,Liverpool,Goalkeeper,4.0,0.0,0.0,0.0,0.0,0.0,0.0,0.0,0.0,0.0,0,0,0,0.0,0,0,0,0.0,0.0
2026-09-04T11:47:07+00:00,3,2026-09-04T17:30:00Z,player-ensemble-1.0,player-sim-2.0,player-sim-3.0-candidate,recommended_for_live_promotion,0.2,0.5,0.4,1.0,fpl-2026-27,1.06,354,432987,Jaros,14,Liverpool,Goalkeeper,4.0,0.0,0.0,0.0,0.0,0.0,0.0,0.0,0.0,0.0,0,0,0,0.0,0,0,0,0.0,0.0
2026-09-04T11:47:07+00:00,3,2026-09-04T17:30:00Z,player-ensemble-1.0,player-sim-2.0,player-sim-3.0-candidate,recommended_for_live_promotion,0.2,0.5,0.4,1.0,fpl-2026-27,1.06,355,464353,Davies,14,Liverpool,Goalkeeper,4.0,0.479,0.0,0.479,13.91,0.0,0.0,1.6,0.1197,0.518,0,0,2,0.32,0,0,1.0,0.0,0.0
2026-09-04T11:47:07+00:00,3,2026-09-04T17:30:00Z,player-ensemble-1.0,player-sim-2.0,player-sim-3.0-candidate,recommended_for_live_promotion,0.2,0.5,0.4,1.0,fpl-2026-27,1.0,356,97032,Virgil,14,Liverpool,Defender,6.5,3.585,0.0,3.585,88.85,1.0,3.0,6.800000000000001,0.5516,3.858,1,3,8,2.493,0,1.0,7.0,0.0283,0.005
2026-09-04T11:47:07+00:00,3,2026-09-04T17:30:00Z,player-ensemble-1.0,player-sim-2.0,player-sim-3.0-candidate,recommended_for_live_promotion,0.2,0.5,0.4,1.0,fpl-2026-27,1.0,357,216094,Frimpong,14,Liverpool,Defender,5.5,1.659,0.0,1.659,47.26,0.0,1.2000000000000002,4.800000000000001,0.3016,1.608,0,1,6,1.86,0.0,1.0,6.0,0.01,0.0017
2026-09-04T11:47:07+00:00,3,2026-09-04T17:30:00Z,player-ensemble-1.0,player-sim-2.0,player-sim-3.0-candidate,recommended_for_live_promotion,0.2,0.5,0.4,1.0,fpl-2026-27,1.0,358,544877,Kerkez,14,Liverpool,Defender,5.5,2.325,0.0,2.325,67.56,0.8,1.8,5.200000000000001,0.4227,2.427,1,2,6,1.917,0,1.0,6.0,0.0067,0.0
2026-09-04T11:47:07+00:00,3,2026-09-04T17:30:00Z,player-ensemble-1.0,player-sim-2.0,player-sim-3.0-candidate,recommended_for_live_promotion,0.2,0.5,0.4,1.0,fpl-2026-27,1.0,359,171287,Gomez,14,Liverpool,Defender,5.0,0.0,0.0,0.0,0.0,0.0,0.0,0.0,0.0,0.0,0,0,0,0.0,0,0,0,0.0,0.0
2026-09-04T11:47:07+00:00,3,2026-09-04T17:30:00Z,player-ensemble-1.0,player-sim-2.0,player-sim-3.0-candidate,recommended_for_live_promotion,0.2,0.5,0.4,1.0,fpl-2026-27,1.0,360,492777,Bradley,14,Liverpool,Defender,5.0,0.0,0.0,0.0,0.0,0.0,0.0,0.0,0.0,0.0,0,0,0,0.0,0,0,0,0.0,0.0
2026-09-04T11:47:07+00:00,3,2026-09-04T17:30:00Z,player-ensemble-1.0,player-sim-2.0,player-sim-3.0-candidate,recommended_for_live_promotion,0.2,0.5,0.4,1.0,fpl-2026-27,1.0,361,519440,Lucky,14,Liverpool,Defender,4.0,0.841,0.0,0.841,23.41,0.0,0.0,3.2,0.2102,0.908,0,0,3,0.57,0,0,2.0,0.0033,0.0
2026-09-04T11:47:07+00:00,3,2026-09-04T17:30:00Z,player-ensemble-1.0,player-sim-2.0,player-sim-3.0-candidate,recommended_for_live_promotion,0.2,0.5,0.4,1.0,fpl-2026-27,1.0,362,606702,Jacquet,14,Liverpool,Defender,5.0,1.782,0.0,1.782,45.36,0.0,1.2000000000000002,4.800000000000001,0.3564,1.685,0,1,6,2.17,0,1.0,6.0,0.0033,0.0017
2026-09-04T11:47:07+00:00,3,2026-09-04T17:30:00Z,player-ensemble-1.0,player-sim-2.0,player-sim-3.0-candidate,recommended_for_live_promotion,0.2,0.5,0.4,1.0,fpl-2026-27,1.0,363,647681,Leoni,14,Liverpool,Defender,4.0,0.0,0.0,0.0,0.0,0.0,0.0,0.0,0.0,0.0,0,0,0,0.0,0,0,0,0.0,0.0
2026-09-04T11:47:07+00:00,3,2026-09-04T17:30:00Z,player-ensemble-1.0,player-sim-2.0,player-sim-3.0-candidate,recommended_for_live_promotion,0.2,0.5,0.4,1.0,fpl-2026-27,1.0,364,214285,Tsimikas,14,Liverpool,Defender,5.0,0.936,0.0,0.936,24.07,0.0,0.2,2.6000000000000005,0.1873,0.97,0,0,3,0.802,0,0,2.0,0.005,0.0
2026-09-04T11:47:07+00:00,3,2026-09-04T17:30:00Z,player-ensemble-1.0,player-sim-2.0,player-sim-3.0-candidate,recommended_for_live_promotion,0.2,0.5,0.4,1.0,fpl-2026-27,1.0,365,489580,Ramsay,14,Liverpool,Defender,4.0,0.0,0.0,0.0,0.0,0.0,0.0,0.0,0.0,0.0,0,0,0,0.0,0,0,0,0.0,0.0
2026-09-04T11:47:07+00:00,3,2026-09-04T17:30:00Z,player-ensemble-1.0,player-sim-2.0,player-sim-3.0-candidate,recommended_for_live_promotion,0.2,0.5,0.4,1.0,fpl-2026-27,1.0375,366,494595,Wirtz,14,Liverpool,Midfielder,7.5,3.428,0.0,3.428,65.05,1.2000000000000002,2.8000000000000003,6.800000000000001,0.457,3.637,1,3,8,2.592,0,2.0,7.0,0.03,0.005
2026-09-04T11:47:07+00:00,3,2026-09-04T17:30:00Z,player-ensemble-1.0,player-sim-2.0,player-sim-3.0-candidate,recommended_for_live_promotion,0.2,0.5,0.4,1.0,fpl-2026-27,1.0375,367,243298,Gakpo,14,Liverpool,Midfielder,7.1,3.687,0.0,3.687,74.97,1.6,3.0000000000000004,6.800000000000001,0.5193,3.918,1,3,8,2.763,0,2.0,7.0,0.0417,0.0033
2026-09-04T11:47:07+00:00,3,2026-09-04T17:30:00Z,player-ensemble-1.0,player-sim-2.0,player-sim-3.0-candidate,recommended_for_live_promotion,0.2,0.5,0.4,1.0,fpl-2026-27,1.0375,368,424876,Szoboszlai,14,Liverpool,Midfielder,7.0,4.137,0.0,4.137,86.23,1.6,3.6,7.6000000000000005,0.591,4.358,2,4,8,3.253,0,2.0,8.0,0.065,0.015
2026-09-04T11:47:07+00:00,3,2026-09-04T17:30:00Z,player-ensemble-1.0,player-sim-2.0,player-sim-3.0-candidate,recommended_for_live_promotion,0.2,0.5,0.4,1.0,fpl-2026-27,1.0375,369,611922,Ngumoha,14,Liverpool,Midfielder,5.9,1.301,0.0,1.301,22.39,0.0,0.8,3.2,0.2206,1.212,0,0,4,1.66,0,1.0,4.0,0.0067,0.0
2026-09-04T11:47:07+00:00,3,2026-09-04T17:30:00Z,player-ensemble-1.0,player-sim-2.0,player-sim-3.0-candidate,recommended_for_live_promotion,0.2,0.5,0.4,1.0,fpl-2026-27,1.0375,370,223541,Chiesa,14,Liverpool,Midfielder,5.4,0.0,0.0,0.0,0.0,0.0,0.0,0.0,0.0,0.0,0,0,0,0.0,0,0,0,0.0,0.0
2026-09-04T11:47:07+00:00,3,2026-09-04T17:30:00Z,player-ensemble-1.0,player-sim-2.0,player-sim-3.0-candidate,recommended_for_live_promotion,0.2,0.5,0.4,1.0,fpl-2026-27,1.0375,371,441266,Gravenberch,14,Liverpool,Midfielder,6.0,2.509,0.0,2.509,65.12,1.0,2.0,4.6,0.4182,2.752,1,2,5,1.538,0,1.0,4.0,0.0067,0.0033
2026-09-04T11:47:07+00:00,3,2026-09-04T17:30:00Z,player-ensemble-1.0,player-sim-2.0,player-sim-3.0-candidate,recommended_for_live_promotion,0.2,0.5,0.4,1.0,fpl-2026-27,1.0375,372,243016,Mac Allister,14,Liverpool,Midfielder,5.5,2.491,0.0,2.491,63.52,0.8,1.8,5.200000000000001,0.4529,2.72,1,2,6,1.573,0,1.0,4.0,0.0033,0.0
2026-09-04T11:47:07+00:00,3,2026-09-04T17:30:00Z,player-ensemble-1.0,player-sim-2.0,player-sim-3.0-candidate,recommended_for_live_promotion,0.2,0.5,0.4,1.0,fpl-2026-27,1.0375,373,206915,C.Jones,14,Liverpool,Midfielder,5.5,0.0,0.0,0.0,0.0,0.0,0.0,0.0,0.0,0.0,0,0,0,0.0,0,0,0,0.0,0.0
2026-09-04T11:47:07+00:00,3,2026-09-04T17:30:00Z,player-ensemble-1.0,player-sim-2.0,player-sim-3.0-candidate,recommended_for_live_promotion,0.2,0.5,0.4,1.0,fpl-2026-27,1.0375,374,158983,Endo,14,Liverpool,Midfielder,5.0,0.178,0.0,0.178,2.48,0.0,0.0,0.6000000000000001,0.0355,0.092,0,0,0,0.522,0,0,2.0,0.0,0.0
2026-09-04T11:47:07+00:00,3,2026-09-04T17:30:00Z,player-ensemble-1.0,player-sim-2.0,player-sim-3.0-candidate,recommended_for_live_promotion,0.2,0.5,0.4,1.0,fpl-2026-27,1.0375,375,591386,Nyoni,14,Liverpool,Midfielder,5.0,0.313,0.0,0.313,3.04,0.0,0.2,0.8,0.0626,0.193,0,0,1,0.792,0,0,2.0,0.0033,0.0
2026-09-04T11:47:07+00:00,3,2026-09-04T17:30:00Z,player-ensemble-1.0,player-sim-2.0,player-sim-3.0-candidate,recommended_for_live_promotion,0.2,0.5,0.4,1.0,fpl-2026-27,1.0375,376,535928,Bajcetic,14,Liverpool,Midfielder,5.0,0.0,0.0,0.0,0.0,0.0,0.0,0.0,0.0,0.0,0,0,0,0.0,0,0,0,0.0,0.0
2026-09-04T11:47:07+00:00,3,2026-09-04T17:30:00Z,player-ensemble-1.0,player-sim-2.0,player-sim-3.0-candidate,recommended_for_live_promotion,0.2,0.5,0.4,1.0,fpl-2026-27,1.0375,377,551499,Munoz,14,Liverpool,Midfielder,6.5,1.395,0.0,1.395,34.08,0.0,1.0,3.0000000000000004,0.2146,1.317,0,1,3,1.708,0,1.0,5.0,0.0083,0.0
2026-09-04T11:47:07+00:00,3,2026-09-04T17:30:00Z,player-ensemble-1.0,player-sim-2.0,player-sim-3.0-candidate,recommended_for_live_promotion,0.2,0.5,0.4,1.0,fpl-2026-27,1.0375,378,491501,McConnell,14,Liverpool,Midfielder,4.5,0.663,0.0,0.663,18.96,0.0,0.0,1.8,0.1473,0.715,0,0,2,0.455,0,0,2.0,0.0,0.0
2026-09-04T11:47:07+00:00,3,2026-09-04T17:30:00Z,player-ensemble-1.0,player-sim-2.0,player-sim-3.0-candidate,recommended_for_live_promotion,0.2,0.5,0.4,1.0,fpl-2026-27,1.03,379,219168,Isak,14,Liverpool,Forward,9.0,2.333,0.0,2.333,42.25,0.0,1.6,6.000000000000001,0.2593,2.125,0,1,6,3.167,0,2.0,8.0,0.08,0.0233
2026-09-04T11:47:07+00:00,3,2026-09-04T17:30:00Z,player-ensemble-1.0,player-sim-2.0,player-sim-3.0-candidate,recommended_for_live_promotion,0.2,0.5,0.4,1.0,fpl-2026-27,1.03,380,510663,Ekitiké,14,Liverpool,Forward,7.5,0.0,0.0,0.0,0.0,0.0,0.0,0.0,0.0,0.0,0,0,0,0.0,0,0,0,0.0,0.0
2026-09-04T11:47:07+00:00,3,2026-09-04T17:30:00Z,player-ensemble-1.0,player-sim-2.0,player-sim-3.0-candidate,recommended_for_live_promotion,0.2,0.5,0.4,1.0,fpl-2026-27,1.0375,381,514514,Koumas,14,Liverpool,Midfielder,5.0,0.968,0.0,0.968,21.85,0.0,0.6000000000000001,2.4000000000000004,0.1935,1.013,0,0,3,0.785,0,0,2.0,0.0017,0.0
2026-09-04T11:47:07+00:00,3,2026-09-04T17:30:00Z,player-ensemble-1.0,player-sim-2.0,player-sim-3.0-candidate,recommended_for_live_promotion,0.2,0.5,0.4,1.0,fpl-2026-27,1.03,382,500058,Danns,14,Liverpool,Forward,4.5,0.642,0.0,0.642,16.83,0.0,0.0,1.8,0.1427,0.677,0,0,2,0.503,0,0,2.0,0.0033,0.0
2026-09-04T11:47:07+00:00,3,2026-09-04T17:30:00Z,player-ensemble-1.0,player-sim-2.0,player-sim-3.0-candidate,recommended_for_live_promotion,0.2,0.5,0.4,1.0,fpl-2026-27,1.0375,383,444884,Elliott,14,Liverpool,Midfielder,5.4,0.0,0.0,0.0,0.0,0.0,0.0,0.0,0.0,0.0,0,0,0,0.0,0,0,0,0.0,0.0
2026-09-04T11:47:07+00:00,3,2026-09-04T17:30:00Z,player-ensemble-1.0,player-sim-2.0,player-sim-3.0-candidate,recommended_for_live_promotion,0.2,0.5,0.4,1.0,fpl-2026-27,1.0,579,445087,Araujo,14,Liverpool,Defender,5.4,1.027,0.0,1.027,24.96,0.0,0.8,2.4000000000000004,0.1901,1.048,0,1,2,0.94,0,1.0,2.0,0.0017,0.0
2026-09-04T11:47:07+00:00,3,2026-09-04T17:30:00Z,player-ensemble-1.0,player-sim-2.0,player-sim-3.0-candidate,recommended_for_live_promotion,0.2,0.5,0.4,1.0,fpl-2026-27,1.05,627,482616,Barcola,14,Liverpool,Midfielder,8.0,1.151,0.0,1.151,30.07,0.0,0.8,2.8000000000000003,0.1439,1.202,0,0,3,0.948,0,0,3.0,0.0,0.0
2026-09-04T11:47:07+00:00,3,2026-09-04T17:30:00Z,player-ensemble-1.0,player-sim-2.0,player-sim-3.0-candidate,recommended_for_live_promotion,0.2,0.5,0.4,1.0,fpl-2026-27,1.0375,155,448047,Enzo,15,Man City,Midfielder,6.9,3.162,0.0,3.162,60.01,0.2,2.4000000000000004,6.800000000000001,0.4583,3.642,0,3,8,1.243,0,0,4.0,0.01,0.0017
2026-09-04T11:47:07+00:00,3,2026-09-04T17:30:00Z,player-ensemble-1.0,player-sim-2.0,player-sim-3.0-candidate,recommended_for_live_promotion,0.2,0.5,0.4,1.0,fpl-2026-27,1.0375,237,440993,Ndiaye,15,Man City,Midfielder,6.0,3.949,0.0,3.949,78.66,1.6,3.2,7.2,0.6582,4.17,2,3,8,3.065,0,2.0,8.0,0.045,0.0067
2026-09-04T11:47:07+00:00,3,2026-09-04T17:30:00Z,player-ensemble-1.0,player-sim-2.0,player-sim-3.0-candidate,recommended_for_live_promotion,0.2,0.5,0.4,1.0,fpl-2026-27,1.06,384,204936,Donnarumma,15,Man City,Goalkeeper,5.5,3.539,0.0,3.539,82.55,0.8,3.2,6.200000000000001,0.6435,3.85,1,3,7,2.297,0,1.0,6.0,0.0067,0.0
2026-09-04T11:47:07+00:00,3,2026-09-04T17:30:00Z,player-ensemble-1.0,player-sim-2.0,player-sim-3.0-candidate,recommended_for_live_promotion,0.2,0.5,0.4,1.0,fpl-2026-27,1.06,386,122074,Bettinelli,15,Man City,Goalkeeper,4.5,0.736,0.0,0.736,14.27,0.0,0.0,2.4000000000000004,0.1635,0.747,0,0,3,0.692,0,0,3.0,0.0017,0.0
2026-09-04T11:47:07+00:00,3,2026-09-04T17:30:00Z,player-ensemble-1.0,player-sim-2.0,player-sim-3.0-candidate,recommended_for_live_promotion,0.2,0.5,0.4,1.0,fpl-2026-27,1.0,387,472769,O'Reilly,15,Man City,Defender,6.5,4.326,0.0,4.326,70.7,1.2000000000000002,4.0,7.6000000000000005,0.6655,4.463,1,4,9,3.777,0,2.0,9.0,0.065,0.0117
2026-09-04T11:47:07+00:00,3,2026-09-04T17:30:00Z,player-ensemble-1.0,player-sim-2.0,player-sim-3.0-candidate,recommended_for_live_promotion,0.2,0.5,0.4,1.0,fpl-2026-27,1.0,388,209036,Guéhi,15,Man City,Defender,6.0,5.269,0.0,5.269,84.28,1.6,4.800000000000001,9.4,0.8781,5.533,1,6,10,4.21,0,3.0,9.0,0.0967,0.035
2026-09-04T11:47:07+00:00,3,2026-09-04T17:30:00Z,player-ensemble-1.0,player-sim-2.0,player-sim-3.0-candidate,recommended_for_live_promotion,0.2,0.5,0.4,1.0,fpl-2026-27,1.0,389,465351,Matheus N.,15,Man City,Defender,5.9,1.829,0.0,1.829,38.03,0.0,0.8,5.000000000000001,0.3101,2.098,0,1,6,0.753,0,0,2.0,0.0,0.0
2026-09-04T11:47:07+00:00,3,2026-09-04T17:30:00Z,player-ensemble-1.0,player-sim-2.0,player-sim-3.0-candidate,recommended_for_live_promotion,0.2,0.5,0.4,1.0,fpl-2026-27,1.0,390,171314,Rúben,15,Man City,Defender,5.5,3.584,0.0,3.584,68.13,0.8,2.8000000000000003,6.800000000000001,0.6517,3.643,1,2,7,3.348,0,2.0,8.0,0.0367,0.005
2026-09-04T11:47:07+00:00,3,2026-09-04T17:30:00Z,player-ensemble-1.0,player-sim-2.0,player-sim-3.0-candidate,recommended_for_live_promotion,0.2,0.5,0.4,1.0,fpl-2026-27,1.0,391,477424,Gvardiol,15,Man City,Defender,5.6,3.229,0.0,3.229,52.29,0.2,2.6,6.6000000000000005,0.5767,3.223,0,2,7,3.253,0,2.0,7.0,0.045,0.0067
2026-09-04T11:47:07+00:00,3,2026-09-04T17:30:00Z,player-ensemble-1.0,player-sim-2.0,player-sim-3.0-candidate,recommended_for_live_promotion,0.2,0.5,0.4,1.0,fpl-2026-27,1.0,392,448514,Aït-Nouri,15,Man City,Defender,5.4,1.024,0.0,1.024,16.39,0.0,0.0,4.4,0.1897,1.082,0,0,5,0.795,0,0,3.0,0.0067,0.0
2026-09-04T11:47:07+00:00,3,2026-09-04T17:30:00Z,player-ensemble-1.0,player-sim-2.0,player-sim-3.0-candidate,recommended_for_live_promotion,0.2,0.5,0.4,1.0,fpl-2026-27,1.0,393,578153,Khusanov,15,Man City,Defender,5.5,2.807,0.0,2.807,52.56,0.2,2.0,6.000000000000001,0.5104,2.718,0,2,7,3.162,0,2.0,8.0,0.0283,0.0
2026-09-04T11:47:07+00:00,3,2026-09-04T17:30:00Z,player-ensemble-1.0,player-sim-2.0,player-sim-3.0-candidate,recommended_for_live_promotion,0.2,0.5,0.4,1.0,fpl-2026-27,1.0,394,494307,Alleyne,15,Man City,Defender,5.0,0.0,0.0,0.0,0.0,0.0,0.0,0.0,0.0,0.0,0,0,0,0.0,0,0,0,0.0,0.0
2026-09-04T11:47:07+00:00,3,2026-09-04T17:30:00Z,player-ensemble-1.0,player-sim-2.0,player-sim-3.0-candidate,recommended_for_live_promotion,0.2,0.5,0.4,1.0,fpl-2026-27,1.0,395,477064,Lewis,15,Man City,Defender,4.5,1.002,0.0,1.002,13.63,0.0,0.2,3.8000000000000003,0.2226,0.815,0,0,3,1.748,0,0,6.0,0.0117,0.005
2026-09-04T11:47:07+00:00,3,2026-09-04T17:30:00Z,player-ensemble-1.0,player-sim-2.0,player-sim-3.0-candidate,recommended_for_live_promotion,0.2,0.5,0.4,1.0,fpl-2026-27,1.0,396,616222,Vitor Reis,15,Man City,Defender,4.5,1.151,0.0,1.151,19.96,0.0,0.6000000000000001,4.800000000000001,0.2558,1.192,0,0,6,0.988,0,0,3.0,0.0017,0.0
2026-09-04T11:47:07+00:00,3,2026-09-04T17:30:00Z,player-ensemble-1.0,player-sim-2.0,player-sim-3.0-candidate,recommended_for_live_promotion,0.2,0.5,0.4,1.0,fpl-2026-27,1.0375,397,437730,Semenyo,15,Man City,Midfielder,8.5,4.255,0.0,4.255,85.85,1.6,3.6,7.6000000000000005,0.5006,4.578,2,3,8,2.96,0,2.0,8.0,0.0433,0.0017
2026-09-04T11:47:07+00:00,3,2026-09-04T17:30:00Z,player-ensemble-1.0,player-sim-2.0,player-sim-3.0-candidate,recommended_for_live_promotion,0.2,0.5,0.4,1.0,fpl-2026-27,1.0375,398,209244,Foden,15,Man City,Midfielder,7.0,3.939,0.0,3.939,62.98,0.8,3.2,7.800000000000001,0.5628,4.063,1,3,8,3.443,0,3.0,8.0,0.07,0.025
2026-09-04T11:47:07+00:00,3,2026-09-04T17:30:00Z,player-ensemble-1.0,player-sim-2.0,player-sim-3.0-candidate,recommended_for_live_promotion,0.2,0.5,0.4,1.0,fpl-2026-27,1.0375,399,466052,Cherki,15,Man City,Midfielder,7.7,3.288,0.0,3.288,49.4,0.6000000000000001,2.6000000000000005,7.2,0.427,3.477,0,2,8,2.533,0,1.0,7.0,0.05,0.0067
2026-09-04T11:47:07+00:00,3,2026-09-04T17:30:00Z,player-ensemble-1.0,player-sim-2.0,player-sim-3.0-candidate,recommended_for_live_promotion,0.2,0.5,0.4,1.0,fpl-2026-27,1.0375,400,248875,Doku,15,Man City,Midfielder,7.4,0.0,0.0,0.0,0.0,0.0,0.0,0.0,0.0,0.0,0,0,0,0.0,0,0,0,0.0,0.0
2026-09-04T11:47:07+00:00,3,2026-09-04T17:30:00Z,player-ensemble-1.0,player-sim-2.0,player-sim-3.0-candidate,recommended_for_live_promotion,0.2,0.5,0.4,1.0,fpl-2026-27,1.0375,402,220566,Rodrigo,15,Man City,Midfielder,6.5,0.0,0.0,0.0,0.0,0.0,0.0,0.0,0.0,0.0,0,0,0,0.0,0,0,0,0.0,0.0
2026-09-04T11:47:07+00:00,3,2026-09-04T17:30:00Z,player-ensemble-1.0,player-sim-2.0,player-sim-3.0-candidate,recommended_for_live_promotion,0.2,0.5,0.4,1.0,fpl-2026-27,1.0375,404,433036,Reijnders,15,Man City,Midfielder,6.0,0.0,0.0,0.0,0.0,0.0,0.0,0.0,0.0,0.0,0,0,0,0.0,0,0,0,0.0,0.0
2026-09-04T11:47:07+00:00,3,2026-09-04T17:30:00Z,player-ensemble-1.0,player-sim-2.0,player-sim-3.0-candidate,recommended_for_live_promotion,0.2,0.5,0.4,1.0,fpl-2026-27,1.0375,406,91651,Kovačić,15,Man City,Midfielder,5.5,0.651,0.0,0.651,8.63,0.0,0.4,1.4000000000000001,0.1184,0.5,0,0,1,1.257,0,1.0,3.0,0.0067,0.0
2026-09-04T11:47:07+00:00,3,2026-09-04T17:30:00Z,player-ensemble-1.0,player-sim-2.0,player-sim-3.0-candidate,recommended_for_live_promotion,0.2,0.5,0.4,1.0,fpl-2026-27,1.0375,407,575204,Echeverri,15,Man City,Midfielder,4.9,0.0,0.0,0.0,0.0,0.0,0.0,0.0,0.0,0.0,0,0,0,0.0,0,0,0,0.0,0.0
2026-09-04T11:47:07+00:00,3,2026-09-04T17:30:00Z,player-ensemble-1.0,player-sim-2.0,player-sim-3.0-candidate,recommended_for_live_promotion,0.2,0.5,0.4,1.0,fpl-2026-27,1.0375,408,155405,Phillips,15,Man City,Midfielder,5.0,0.0,0.0,0.0,0.0,0.0,0.0,0.0,0.0,0.0,0,0,0,0.0,0,0,0,0.0,0.0
2026-09-04T11:47:07+00:00,3,2026-09-04T17:30:00Z,player-ensemble-1.0,player-sim-2.0,player-sim-3.0-candidate,recommended_for_live_promotion,0.2,0.5,0.4,1.0,fpl-2026-27,1.0375,409,590039,Mukasa,15,Man City,Midfielder,4.5,0.0,0.0,0.0,0.0,0.0,0.0,0.0,0.0,0.0,0,0,0,0.0,0,0,0,0.0,0.0
2026-09-04T11:47:07+00:00,3,2026-09-04T17:30:00Z,player-ensemble-1.0,player-sim-2.0,player-sim-3.0-candidate,recommended_for_live_promotion,0.2,0.5,0.4,1.0,fpl-2026-27,1.0375,410,649208,Monga,15,Man City,Midfielder,4.9,0.0,0.0,0.0,0.0,0.0,0.0,0.0,0.0,0.0,0,0,0,0.0,0,0,0,0.0,0.0
2026-09-04T11:47:07+00:00,3,2026-09-04T17:30:00Z,player-ensemble-1.0,player-sim-2.0,player-sim-3.0-candidate,recommended_for_live_promotion,0.2,0.5,0.4,1.0,fpl-2026-27,1.03,411,223094,Haaland,15,Man City,Forward,15.5,5.525,0.0,5.525,81.27,2.0,5.200000000000001,9.4,0.3564,5.953,2,6,11,3.81,0,2.0,10.0,0.1117,0.03
2026-09-04T11:47:07+00:00,3,2026-09-04T17:30:00Z,player-ensemble-1.0,player-sim-2.0,player-sim-3.0-candidate,recommended_for_live_promotion,0.2,0.5,0.4,1.0,fpl-2026-27,1.0375,481,215379,Anderson,15,Man City,Midfielder,6.4,3.885,0.0,3.885,82.54,1.6,3.4000000000000004,6.4,0.607,4.207,2,4,7,2.598,0,2.0,5.0,0.015,0.0
2026-09-04T11:47:07+00:00,3,2026-09-04T17:30:00Z,player-ensemble-1.0,player-sim-2.0,player-sim-3.0-candidate,recommended_for_live_promotion,0.2,0.5,0.4,1.0,fpl-2026-27,1.06,587,106921,Rulli,15,Man City,Goalkeeper,5.0,0.794,0.0,0.794,14.27,0.0,0.0,3.2,0.1587,0.835,0,0,4,0.628,0,0,2.0,0.0017,0.0
2026-09-04T11:47:07+00:00,3,2026-09-04T17:30:00Z,player-ensemble-1.0,player-sim-2.0,player-sim-3.0-candidate,recommended_for_live_promotion,0.2,0.5,0.4,1.0,fpl-2026-27,1.0437,616,637238,Bouaddi,15,Man City,Midfielder,5.5,1.15,0.0,1.15,24.25,0.0,0.8,2.6000000000000005,0.209,1.152,0,1,3,1.142,0,1.0,3.0,0.0017,0.0
2026-09-04T11:47:07+00:00,3,2026-09-04T17:30:00Z,player-ensemble-1.0,player-sim-2.0,player-sim-3.0-candidate,recommended_for_live_promotion,0.2,0.5,0.4,1.0,fpl-2026-27,1.0437,621,616288,McAidoo,15,Man City,Midfielder,4.5,1.121,0.0,1.121,25.44,0.0,0.8,2.6000000000000005,0.2492,1.11,0,1,3,1.167,0,1.0,3.0,0.0033,0.0
2026-09-04T11:47:07+00:00,3,2026-09-04T17:30:00Z,player-ensemble-1.0,player-sim-2.0,player-sim-3.0-candidate,recommended_for_live_promotion,0.2,0.5,0.4,1.0,fpl-2026-27,1.0,622,554054,Braithwaite,15,Man City,Defender,4.0,1.435,0.0,1.435,25.47,0.0,0.8,4.800000000000001,0.3588,1.447,0,1,6,1.388,0,1.0,6.0,0.0017,0.0
2026-09-04T11:47:07+00:00,3,2026-09-04T17:30:00Z,player-ensemble-1.0,player-sim-2.0,player-sim-3.0-candidate,recommended_for_live_promotion,0.2,0.5,0.4,1.0,fpl-2026-27,1.05,628,624777,Allan,15,Man City,Midfielder,6.0,1.155,0.0,1.155,27.0,0.0,0.6000000000000001,3.0000000000000004,0.1925,1.137,0,0,3,1.227,0,0,3.0,0.0067,0.0
2026-09-04T11:47:07+00:00,3,2026-09-04T17:30:00Z,player-ensemble-1.0,player-sim-2.0,player-sim-3.0-candidate,recommended_for_live_promotion,0.2,0.5,0.4,1.0,fpl-2026-27,1.0375,43,166989,Tielemans,16,Man Utd,Midfielder,5.9,2.557,0.0,2.557,57.82,0.8,2.2,4.800000000000001,0.4334,2.563,0,2,5,2.532,0,2.0,6.0,0.015,0.0017
2026-09-04T11:47:07+00:00,3,2026-09-04T17:30:00Z,player-ensemble-1.0,player-sim-2.0,player-sim-3.0-candidate,recommended_for_live_promotion,0.2,0.5,0.4,1.0,fpl-2026-27,1.0375,131,535301,Baleba,16,Man Utd,Midfielder,5.0,0.0,0.0,0.0,0.0,0.0,0.0,0.0,0.0,0.0,0,0,0,0.0,0,0,0,0.0,0.0
2026-09-04T11:47:07+00:00,3,2026-09-04T17:30:00Z,player-ensemble-1.0,player-sim-2.0,player-sim-3.0-candidate,recommended_for_live_promotion,0.2,0.5,0.4,1.0,fpl-2026-27,1.0375,162,532605,Andrey Santos,16,Man Utd,Midfielder,4.9,1.465,0.0,1.465,33.97,0.2,1.0,3.2,0.299,1.445,0,1,3,1.545,0,1.0,4.0,0.0017,0.0
2026-09-04T11:47:07+00:00,3,2026-09-04T17:30:00Z,player-ensemble-1.0,player-sim-2.0,player-sim-3.0-candidate,recommended_for_live_promotion,0.2,0.5,0.4,1.0,fpl-2026-27,1.06,325,59735,Darlow,16,Man Utd,Goalkeeper,4.5,1.244,0.0,1.244,34.15,0.0,0.8,4.4,0.2764,1.452,0,1,5,0.412,0,0,2.0,0.0,0.0
2026-09-04T11:47:07+00:00,3,2026-09-04T17:30:00Z,player-ensemble-1.0,player-sim-2.0,player-sim-3.0-candidate,recommended_for_live_promotion,0.2,0.5,0.4,1.0,fpl-2026-27,1.06,412,465247,Lammens,16,Man Utd,Goalkeeper,5.0,2.874,0.0,2.874,79.82,0.8,2.4000000000000004,5.800000000000001,0.5749,3.085,1,2,7,2.032,0,1.0,6.0,0.0,0.0
2026-09-04T11:47:07+00:00,3,2026-09-04T17:30:00Z,player-ensemble-1.0,player-sim-2.0,player-sim-3.0-candidate,recommended_for_live_promotion,0.2,0.5,0.4,1.0,fpl-2026-27,1.06,413,451302,Bayindir,16,Man Utd,Goalkeeper,4.5,0.0,0.0,0.0,0.0,0.0,0.0,0.0,0.0,0.0,0,0,0,0.0,0,0,0,0.0,0.0
2026-09-04T11:47:07+00:00,3,2026-09-04T17:30:00Z,player-ensemble-1.0,player-sim-2.0,player-sim-3.0-candidate,recommended_for_live_promotion,0.2,0.5,0.4,1.0,fpl-2026-27,1.06,414,21205,Heaton,16,Man Utd,Goalkeeper,4.0,0.0,0.0,0.0,0.0,0.0,0.0,0.0,0.0,0.0,0,0,0,0.0,0,0,0,0.0,0.0
2026-09-04T11:47:07+00:00,3,2026-09-04T17:30:00Z,player-ensemble-1.0,player-sim-2.0,player-sim-3.0-candidate,recommended_for_live_promotion,0.2,0.5,0.4,1.0,fpl-2026-27,1.0375,415,596777,Dorgu,16,Man Utd,Midfielder,5.9,1.699,0.0,1.699,35.87,0.2,1.2000000000000002,4.2,0.288,1.7,0,1,5,1.697,0,1.0,4.0,0.0167,0.0017
2026-09-04T11:47:07+00:00,3,2026-09-04T17:30:00Z,player-ensemble-1.0,player-sim-2.0,player-sim-3.0-candidate,recommended_for_live_promotion,0.2,0.5,0.4,1.0,fpl-2026-27,1.0,416,209365,De Ligt,16,Man Utd,Defender,5.0,0.0,0.0,0.0,0.0,0.0,0.0,0.0,0.0,0.0,0,0,0,0.0,0,0,0,0.0,0.0
2026-09-04T11:47:07+00:00,3,2026-09-04T17:30:00Z,player-ensemble-1.0,player-sim-2.0,player-sim-3.0-candidate,recommended_for_live_promotion,0.2,0.5,0.4,1.0,fpl-2026-27,1.0,417,216051,Dalot,16,Man Utd,Defender,5.0,2.326,0.0,2.326,58.23,0.8,1.6,5.6000000000000005,0.4651,2.498,1,1,6,1.635,0,1.0,6.0,0.0133,0.0017
2026-09-04T11:47:07+00:00,3,2026-09-04T17:30:00Z,player-ensemble-1.0,player-sim-2.0,player-sim-3.0-candidate,recommended_for_live_promotion,0.2,0.5,0.4,1.0,fpl-2026-27,1.0,418,95658,Maguire,16,Man Utd,Defender,5.0,2.266,0.0,2.266,57.35,0.0,1.6,5.4,0.4533,2.272,0,1,6,2.245,0,1.0,6.0,0.0133,0.0
2026-09-04T11:47:07+00:00,3,2026-09-04T17:30:00Z,player-ensemble-1.0,player-sim-2.0,player-sim-3.0-candidate,recommended_for_live_promotion,0.2,0.5,0.4,1.0,fpl-2026-27,1.0,419,221820,Martinez,16,Man Utd,Defender,5.0,1.159,0.0,1.159,33.19,0.0,0.8,3.2,0.2318,1.16,0,0,4,1.155,0,0,5.0,0.0017,0.0
2026-09-04T11:47:07+00:00,3,2026-09-04T17:30:00Z,player-ensemble-1.0,player-sim-2.0,player-sim-3.0-candidate,recommended_for_live_promotion,0.2,0.5,0.4,1.0,fpl-2026-27,1.0,420,550864,Yoro,16,Man Utd,Defender,4.9,1.505,0.0,1.505,36.7,0.0,0.8,4.800000000000001,0.3071,1.67,0,1,6,0.843,0,0,2.0,0.0083,0.0
2026-09-04T11:47:07+00:00,3,2026-09-04T17:30:00Z,player-ensemble-1.0,player-sim-2.0,player-sim-3.0-candidate,recommended_for_live_promotion,0.2,0.5,0.4,1.0,fpl-2026-27,1.0,421,606745,Heaven,16,Man Utd,Defender,4.5,1.163,0.0,1.163,30.49,0.0,0.8,3.6,0.2584,1.117,0,0,4,1.347,0,0,6.0,0.0067,0.0
2026-09-04T11:47:07+00:00,3,2026-09-04T17:30:00Z,player-ensemble-1.0,player-sim-2.0,player-sim-3.0-candidate,recommended_for_live_promotion,0.2,0.5,0.4,1.0,fpl-2026-27,1.0,422,230001,Mazraoui,16,Man Utd,Defender,4.5,1.48,0.0,1.48,30.87,0.0,1.0,4.0,0.329,1.457,0,1,5,1.575,0,1.0,5.0,0.005,0.0017
2026-09-04T11:47:07+00:00,3,2026-09-04T17:30:00Z,player-ensemble-1.0,player-sim-2.0,player-sim-3.0-candidate,recommended_for_live_promotion,0.2,0.5,0.4,1.0,fpl-2026-27,1.0,423,106760,Shaw,16,Man Utd,Defender,4.5,2.744,0.0,2.744,83.28,0.8,2.0,5.4,0.6098,2.923,1,2,6,2.028,0,1.0,6.0,0.0083,0.0
2026-09-04T11:47:07+00:00,3,2026-09-04T17:30:00Z,player-ensemble-1.0,player-sim-2.0,player-sim-3.0-candidate,recommended_for_live_promotion,0.2,0.5,0.4,1.0,fpl-2026-27,1.0,424,577974,Amass,16,Man Utd,Defender,4.0,0.686,0.0,0.686,18.31,0.0,0.0,2.0,0.1715,0.723,0,0,2,0.537,0,0,2.0,0.0033,0.0017
2026-09-04T11:47:07+00:00,3,2026-09-04T17:30:00Z,player-ensemble-1.0,player-sim-2.0,player-sim-3.0-candidate,recommended_for_live_promotion,0.2,0.5,0.4,1.0,fpl-2026-27,1.0,425,547676,Fredricson,16,Man Utd,Defender,4.0,0.0,0.0,0.0,0.0,0.0,0.0,0.0,0.0,0.0,0,0,0,0.0,0,0,0,0.0,0.0
2026-09-04T11:47:07+00:00,3,2026-09-04T17:30:00Z,player-ensemble-1.0,player-sim-2.0,player-sim-3.0-candidate,recommended_for_live_promotion,0.2,0.5,0.4,1.0,fpl-2026-27,1.0375,426,141746,B.Fernandes,16,Man Utd,Midfielder,12.0,5.693,0.0,5.693,83.69,2.4000000000000004,5.2,10.200000000000001,0.4744,5.952,2,5,11,4.658,0,3.0,11.0,0.1483,0.0583
2026-09-04T11:47:07+00:00,3,2026-09-04T17:30:00Z,player-ensemble-1.0,player-sim-2.0,player-sim-3.0-candidate,recommended_for_live_promotion,0.2,0.5,0.4,1.0,fpl-2026-27,1.0375,427,446008,Mbeumo,16,Man Utd,Midfielder,8.0,4.92,0.0,4.92,75.38,1.6,4.2,9.4,0.615,5.007,1,3,10,4.572,0,2.0,12.0,0.1433,0.0617
2026-09-04T11:47:07+00:00,3,2026-09-04T17:30:00Z,player-ensemble-1.0,player-sim-2.0,player-sim-3.0-candidate,recommended_for_live_promotion,0.2,0.5,0.4,1.0,fpl-2026-27,1.0375,428,430871,Cunha,16,Man Utd,Midfielder,8.0,3.376,0.0,3.376,71.5,1.4000000000000001,2.8000000000000003,6.6000000000000005,0.422,3.523,1,3,7,2.788,0,2.0,7.0,0.0317,0.005
2026-09-04T11:47:07+00:00,3,2026-09-04T17:30:00Z,player-ensemble-1.0,player-sim-2.0,player-sim-3.0-candidate,recommended_for_live_promotion,0.2,0.5,0.4,1.0,fpl-2026-27,1.0375,429,176297,Rashford,16,Man Utd,Midfielder,7.0,1.42,0.0,1.42,35.25,0.0,1.0,3.0,0.2028,1.365,0,1,3,1.638,0,1.0,3.0,0.0033,0.0017
2026-09-04T11:47:07+00:00,3,2026-09-04T17:30:00Z,player-ensemble-1.0,player-sim-2.0,player-sim-3.0-candidate,recommended_for_live_promotion,0.2,0.5,0.4,1.0,fpl-2026-27,1.0375,430,184341,Mount,16,Man Utd,Midfielder,5.4,0.591,0.0,0.591,14.4,0.0,0.0,2.4000000000000004,0.1094,0.632,0,0,2,0.428,0,0,2.0,0.0,0.0
2026-09-04T11:47:07+00:00,3,2026-09-04T17:30:00Z,player-ensemble-1.0,player-sim-2.0,player-sim-3.0-candidate,recommended_for_live_promotion,0.2,0.5,0.4,1.0,fpl-2026-27,1.0375,431,493250,Amad,16,Man Utd,Midfielder,5.8,0.0,0.0,0.0,0.0,0.0,0.0,0.0,0.0,0.0,0,0,0,0.0,0,0,0,0.0,0.0
2026-09-04T11:47:07+00:00,3,2026-09-04T17:30:00Z,player-ensemble-1.0,player-sim-2.0,player-sim-3.0-candidate,recommended_for_live_promotion,0.2,0.5,0.4,1.0,fpl-2026-27,1.0375,432,516895,Mainoo,16,Man Utd,Midfielder,5.5,1.747,0.0,1.747,44.27,0.2,1.4000000000000001,3.6,0.3176,1.812,0,1,4,1.487,0,1.0,4.0,0.005,0.0
2026-09-04T11:47:07+00:00,3,2026-09-04T17:30:00Z,player-ensemble-1.0,player-sim-2.0,player-sim-3.0-candidate,recommended_for_live_promotion,0.2,0.5,0.4,1.0,fpl-2026-27,1.0375,433,232112,Ugarte,16,Man Utd,Midfielder,5.0,0.0,0.0,0.0,0.0,0.0,0.0,0.0,0.0,0.0,0,0,0,0.0,0,0,0,0.0,0.0
2026-09-04T11:47:07+00:00,3,2026-09-04T17:30:00Z,player-ensemble-1.0,player-sim-2.0,player-sim-3.0-candidate,recommended_for_live_promotion,0.2,0.5,0.4,1.0,fpl-2026-27,1.0375,434,547037,J.Fletcher,16,Man Utd,Midfielder,5.0,0.123,0.0,0.123,0.57,0.0,0.0,0.4,0.0245,0.032,0,0,0,0.487,0,0,2.0,0.0,0.0
2026-09-04T11:47:07+00:00,3,2026-09-04T17:30:00Z,player-ensemble-1.0,player-sim-2.0,player-sim-3.0-candidate,recommended_for_live_promotion,0.2,0.5,0.4,1.0,fpl-2026-27,1.0375,435,576628,Lacey,16,Man Utd,Midfielder,5.0,0.354,0.0,0.354,3.24,0.0,0.2,1.0,0.0708,0.228,0,0,1,0.857,0,0,2.0,0.0033,0.0
2026-09-04T11:47:07+00:00,3,2026-09-04T17:30:00Z,player-ensemble-1.0,player-sim-2.0,player-sim-3.0-candidate,recommended_for_live_promotion,0.2,0.5,0.4,1.0,fpl-2026-27,1.0375,436,490881,Collyer,16,Man Utd,Midfielder,5.0,0.0,0.0,0.0,0.0,0.0,0.0,0.0,0.0,0.0,0,0,0,0.0,0,0,0,0.0,0.0
2026-09-04T11:47:07+00:00,3,2026-09-04T17:30:00Z,player-ensemble-1.0,player-sim-2.0,player-sim-3.0-candidate,recommended_for_live_promotion,0.2,0.5,0.4,1.0,fpl-2026-27,1.0375,437,576620,Bendito Mantato,16,Man Utd,Midfielder,4.5,0.11,0.0,0.11,0.04,0.0,0.0,0.4,0.0244,0.007,0,0,0,0.523,0,0,2.0,0.0,0.0
2026-09-04T11:47:07+00:00,3,2026-09-04T17:30:00Z,player-ensemble-1.0,player-sim-2.0,player-sim-3.0-candidate,recommended_for_live_promotion,0.2,0.5,0.4,1.0,fpl-2026-27,1.0375,438,519913,Fletcher,16,Man Utd,Midfielder,4.5,0.1,0.0,0.1,0.04,0.0,0.0,0.4,0.0222,0.003,0,0,0,0.485,0,0,2.0,0.0033,0.0
2026-09-04T11:47:07+00:00,3,2026-09-04T17:30:00Z,player-ensemble-1.0,player-sim-2.0,player-sim-3.0-candidate,recommended_for_live_promotion,0.2,0.5,0.4,1.0,fpl-2026-27,1.03,439,485711,Šeško,16,Man Utd,Forward,7.0,1.89,0.0,1.89,33.39,0.2,1.2000000000000002,4.6,0.27,2.022,0,1,5,1.365,0,1.0,3.0,0.005,0.0017
2026-09-04T11:47:07+00:00,3,2026-09-04T17:30:00Z,player-ensemble-1.0,player-sim-2.0,player-sim-3.0-candidate,recommended_for_live_promotion,0.2,0.5,0.4,1.0,fpl-2026-27,1.03,440,458249,Zirkzee,16,Man Utd,Forward,5.4,0.437,0.0,0.437,8.67,0.0,0.0,1.6,0.0809,0.435,0,0,2,0.445,0,0,2.0,0.0,0.0
2026-09-04T11:47:07+00:00,3,2026-09-04T17:30:00Z,player-ensemble-1.0,player-sim-2.0,player-sim-3.0-candidate,recommended_for_live_promotion,0.2,0.5,0.4,1.0,fpl-2026-27,1.03,441,596047,Obi,16,Man Utd,Forward,4.5,0.695,0.0,0.695,15.73,0.0,0.0,2.0,0.1545,0.732,0,0,2,0.55,0,0,2.0,0.0033,0.0
2026-09-04T11:47:07+00:00,3,2026-09-04T17:30:00Z,player-ensemble-1.0,player-sim-2.0,player-sim-3.0-candidate,recommended_for_live_promotion,0.2,0.5,0.4,1.0,fpl-2026-27,1.0375,405,465694,N.Gonzalez,17,Newcastle,Midfielder,5.5,1.421,0.0,1.421,39.49,0.0,1.0,3.2,0.2584,1.508,0,1,4,1.073,0,0,3.0,0.0033,0.0
2026-09-04T11:47:07+00:00,3,2026-09-04T17:30:00Z,player-ensemble-1.0,player-sim-2.0,player-sim-3.0-candidate,recommended_for_live_promotion,0.2,0.5,0.4,1.0,fpl-2026-27,1.06,442,98747,Pope,17,Newcastle,Goalkeeper,5.0,1.509,0.0,1.509,42.14,0.0,0.8,4.800000000000001,0.3017,1.802,0,1,6,0.337,0,0,1.0,0.0,0.0
2026-09-04T11:47:07+00:00,3,2026-09-04T17:30:00Z,player-ensemble-1.0,player-sim-2.0,player-sim-3.0-candidate,recommended_for_live_promotion,0.2,0.5,0.4,1.0,fpl-2026-27,1.06,443,81441,Gillespie,17,Newcastle,Goalkeeper,4.5,0.542,0.0,0.542,14.82,0.0,0.0,2.4000000000000004,0.1204,0.578,0,0,3,0.395,0,0,2.0,0.0017,0.0
2026-09-04T11:47:07+00:00,3,2026-09-04T17:30:00Z,player-ensemble-1.0,player-sim-2.0,player-sim-3.0-candidate,recommended_for_live_promotion,0.2,0.5,0.4,1.0,fpl-2026-27,1.06,444,554578,Jaouen,17,Newcastle,Goalkeeper,4.5,0.543,0.0,0.543,13.85,0.0,0.0,2.4000000000000004,0.1207,0.597,0,0,2,0.328,0,0,1.0,0.0,0.0
2026-09-04T11:47:07+00:00,3,2026-09-04T17:30:00Z,player-ensemble-1.0,player-sim-2.0,player-sim-3.0-candidate,recommended_for_live_promotion,0.2,0.5,0.4,1.0,fpl-2026-27,1.0,445,465642,Thiaw,17,Newcastle,Defender,5.0,3.644,0.0,3.644,80.68,1.0,3.0000000000000004,7.0,0.7287,3.872,1,3,8,2.732,0,2.0,8.0,0.025,0.0017
2026-09-04T11:47:07+00:00,3,2026-09-04T17:30:00Z,player-ensemble-1.0,player-sim-2.0,player-sim-3.0-candidate,recommended_for_live_promotion,0.2,0.5,0.4,1.0,fpl-2026-27,1.0,446,119471,Schär,17,Newcastle,Defender,5.0,0.964,0.0,0.964,18.42,0.0,0.8,2.4000000000000004,0.1928,0.998,0,0,2,0.827,0,0,1.0,0.0083,0.0
2026-09-04T11:47:07+00:00,3,2026-09-04T17:30:00Z,player-ensemble-1.0,player-sim-2.0,player-sim-3.0-candidate,recommended_for_live_promotion,0.2,0.5,0.4,1.0,fpl-2026-27,1.0,447,220237,Botman,17,Newcastle,Defender,5.0,2.865,0.0,2.865,63.63,0.4,2.2,6.4,0.573,2.982,0,2,7,2.398,0.0,1.0,7.0,0.015,0.0033
2026-09-04T11:47:07+00:00,3,2026-09-04T17:30:00Z,player-ensemble-1.0,player-sim-2.0,player-sim-3.0-candidate,recommended_for_live_promotion,0.2,0.5,0.4,1.0,fpl-2026-27,1.0,448,78916,Burn,17,Newcastle,Defender,4.9,0.0,0.0,0.0,0.0,0.0,0.0,0.0,0.0,0.0,0,0,0,0.0,0,0,0,0.0,0.0
2026-09-04T11:47:07+00:00,3,2026-09-04T17:30:00Z,player-ensemble-1.0,player-sim-2.0,player-sim-3.0-candidate,recommended_for_live_promotion,0.2,0.5,0.4,1.0,fpl-2026-27,1.0,449,487838,Hall,17,Newcastle,Defender,5.1,3.119,0.0,3.119,68.44,0.8,2.4000000000000004,6.4,0.6116,3.217,1,2,7,2.728,0,2.0,8.0,0.035,0.0033
2026-09-04T11:47:07+00:00,3,2026-09-04T17:30:00Z,player-ensemble-1.0,player-sim-2.0,player-sim-3.0-candidate,recommended_for_live_promotion,0.2,0.5,0.4,1.0,fpl-2026-27,1.0,450,441191,Livramento,17,Newcastle,Defender,4.9,0.0,0.0,0.0,0.0,0.0,0.0,0.0,0.0,0.0,0,0,0,0.0,0,0,0,0.0,0.0
2026-09-04T11:47:07+00:00,3,2026-09-04T17:30:00Z,player-ensemble-1.0,player-sim-2.0,player-sim-3.0-candidate,recommended_for_live_promotion,0.2,0.5,0.4,1.0,fpl-2026-27,1.0,451,545477,A.Murphy,17,Newcastle,Defender,4.0,0.0,0.0,0.0,0.0,0.0,0.0,0.0,0.0,0.0,0,0,0,0.0,0,0,0,0.0,0.0
2026-09-04T11:47:07+00:00,3,2026-09-04T17:30:00Z,player-ensemble-1.0,player-sim-2.0,player-sim-3.0-candidate,recommended_for_live_promotion,0.2,0.5,0.4,1.0,fpl-2026-27,1.0375,453,201666,Barnes,17,Newcastle,Midfielder,6.0,2.789,0.0,2.789,60.66,0.8,2.2,6.200000000000001,0.4649,2.892,0,2,7,2.38,0,2.0,6.0,0.0167,0.0017
2026-09-04T11:47:07+00:00,3,2026-09-04T17:30:00Z,player-ensemble-1.0,player-sim-2.0,player-sim-3.0-candidate,recommended_for_live_promotion,0.2,0.5,0.4,1.0,fpl-2026-27,1.0375,454,449434,Elanga,17,Newcastle,Midfielder,6.1,2.171,0.0,2.171,49.13,0.4,2.0,4.800000000000001,0.356,2.12,0,2,5,2.377,0,2.0,7.0,0.0233,0.0
2026-09-04T11:47:07+00:00,3,2026-09-04T17:30:00Z,player-ensemble-1.0,player-sim-2.0,player-sim-3.0-candidate,recommended_for_live_promotion,0.2,0.5,0.4,1.0,fpl-2026-27,1.0375,456,232653,J.Ramsey,17,Newcastle,Midfielder,5.0,1.248,0.0,1.248,30.86,0.2,1.0,2.8000000000000003,0.2497,1.283,0,1,3,1.108,0,1.0,2.0,0.005,0.0
2026-09-04T11:47:07+00:00,3,2026-09-04T17:30:00Z,player-ensemble-1.0,player-sim-2.0,player-sim-3.0-candidate,recommended_for_live_promotion,0.2,0.5,0.4,1.0,fpl-2026-27,1.0375,457,114243,J.Murphy,17,Newcastle,Midfielder,5.9,1.535,0.0,1.535,31.15,0.2,1.0,3.4000000000000004,0.2602,1.635,0,1,4,1.137,0,1.0,2.0,0.005,0.0
2026-09-04T11:47:07+00:00,3,2026-09-04T17:30:00Z,player-ensemble-1.0,player-sim-2.0,player-sim-3.0-candidate,recommended_for_live_promotion,0.2,0.5,0.4,1.0,fpl-2026-27,1.0375,458,180974,Joelinton,17,Newcastle,Midfielder,5.4,0.0,0.0,0.0,0.0,0.0,0.0,0.0,0.0,0.0,0,0,0,0.0,0,0,0,0.0,0.0
2026-09-04T11:47:07+00:00,3,2026-09-04T17:30:00Z,player-ensemble-1.0,player-sim-2.0,player-sim-3.0-candidate,recommended_for_live_promotion,0.2,0.5,0.4,1.0,fpl-2026-27,1.0375,459,547719,L.Miley,17,Newcastle,Midfielder,5.5,2.174,0.0,2.174,55.14,0.4,2.0,4.4,0.3952,2.208,0,2,5,2.035,0,2.0,4.0,0.0033,0.0017
2026-09-04T11:47:07+00:00,3,2026-09-04T17:30:00Z,player-ensemble-1.0,player-sim-2.0,player-sim-3.0-candidate,recommended_for_live_promotion,0.2,0.5,0.4,1.0,fpl-2026-27,1.0375,460,200089,Willock,17,Newcastle,Midfielder,5.0,1.413,0.0,1.413,32.49,0.0,1.0,3.2,0.2826,1.383,0,1,3,1.532,0,1.0,3.0,0.0083,0.0
2026-09-04T11:47:07+00:00,3,2026-09-04T17:30:00Z,player-ensemble-1.0,player-sim-2.0,player-sim-3.0-candidate,recommended_for_live_promotion,0.2,0.5,0.4,1.0,fpl-2026-27,1.0375,461,611665,Touré,17,Newcastle,Midfielder,5.9,0.788,0.0,0.788,18.11,0.0,0.4,2.0,0.1336,0.803,0,0,2,0.728,0,0,2.0,0.0,0.0
2026-09-04T11:47:07+00:00,3,2026-09-04T17:30:00Z,player-ensemble-1.0,player-sim-2.0,player-sim-3.0-candidate,recommended_for_live_promotion,0.2,0.5,0.4,1.0,fpl-2026-27,1.0375,462,636852,Steur,17,Newcastle,Midfielder,5.0,1.491,0.0,1.491,33.64,0.2,1.0,3.2,0.2982,1.497,0,1,4,1.468,0,1.0,3.0,0.0033,0.0017
2026-09-04T11:47:07+00:00,3,2026-09-04T17:30:00Z,player-ensemble-1.0,player-sim-2.0,player-sim-3.0-candidate,recommended_for_live_promotion,0.2,0.5,0.4,1.0,fpl-2026-27,1.03,463,470313,Woltemade,17,Newcastle,Forward,5.9,0.0,0.0,0.0,0.0,0.0,0.0,0.0,0.0,0.0,0,0,0,0.0,0,0,0,0.0,0.0
2026-09-04T11:47:07+00:00,3,2026-09-04T17:30:00Z,player-ensemble-1.0,player-sim-2.0,player-sim-3.0-candidate,recommended_for_live_promotion,0.2,0.5,0.4,1.0,fpl-2026-27,1.03,464,216646,Wissa,17,Newcastle,Forward,6.1,1.806,0.0,1.806,36.45,0.0,1.2000000000000002,4.800000000000001,0.296,1.563,0,0,6,2.775,0,2.0,7.0,0.0667,0.0167
2026-09-04T11:47:07+00:00,3,2026-09-04T17:30:00Z,player-ensemble-1.0,player-sim-2.0,player-sim-3.0-candidate,recommended_for_live_promotion,0.2,0.5,0.4,1.0,fpl-2026-27,1.03,465,538207,Osula,17,Newcastle,Forward,5.9,0.0,0.0,0.0,0.0,0.0,0.0,0.0,0.0,0.0,0,0,0,0.0,0,0,0,0.0,0.0
2026-09-04T11:47:07+00:00,3,2026-09-04T17:30:00Z,player-ensemble-1.0,player-sim-2.0,player-sim-3.0-candidate,recommended_for_live_promotion,0.2,0.5,0.4,1.0,fpl-2026-27,1.03,466,599303,Neave,17,Newcastle,Forward,4.5,0.126,0.0,0.126,0.15,0.0,0.0,0.4,0.028,0.018,0,0,0,0.557,0,0,2.0,0.005,0.0
2026-09-04T11:47:07+00:00,3,2026-09-04T17:30:00Z,player-ensemble-1.0,player-sim-2.0,player-sim-3.0-candidate,recommended_for_live_promotion,0.2,0.5,0.4,1.0,fpl-2026-27,1.0375,559,632794,Bamba,17,Newcastle,Midfielder,5.0,0.81,0.0,0.81,19.74,0.0,0.4,2.0,0.162,0.825,0,0,2,0.75,0,0,2.0,0.0017,0.0
2026-09-04T11:47:07+00:00,3,2026-09-04T17:30:00Z,player-ensemble-1.0,player-sim-2.0,player-sim-3.0-candidate,recommended_for_live_promotion,0.2,0.5,0.4,1.0,fpl-2026-27,1.06,567,470551,Horníček,17,Newcastle,Goalkeeper,5.0,1.716,0.0,1.716,42.32,0.0,1.2000000000000002,4.800000000000001,0.3432,1.667,0,0,6,1.913,0,1.0,6.0,0.0,0.0
2026-09-04T11:47:07+00:00,3,2026-09-04T17:30:00Z,player-ensemble-1.0,player-sim-2.0,player-sim-3.0-candidate,recommended_for_live_promotion,0.2,0.5,0.4,1.0,fpl-2026-27,1.0,593,463726,Dedić,17,Newcastle,Defender,4.5,2.095,0.0,2.095,45.89,0.0,1.6,5.200000000000001,0.4656,2.043,0,1,6,2.303,0,1.0,6.0,0.0167,0.0017
2026-09-04T11:47:07+00:00,3,2026-09-04T17:30:00Z,player-ensemble-1.0,player-sim-2.0,player-sim-3.0-candidate,recommended_for_live_promotion,0.2,0.5,0.4,1.0,fpl-2026-27,1.0,609,553746,Shahar,17,Newcastle,Defender,4.0,0.755,0.0,0.755,19.52,0.0,0.0,2.4000000000000004,0.1887,0.827,0,0,3,0.467,0,0,2.0,0.0,0.0
2026-09-04T11:47:07+00:00,3,2026-09-04T17:30:00Z,player-ensemble-1.0,player-sim-2.0,player-sim-3.0-candidate,recommended_for_live_promotion,0.2,0.5,0.4,1.0,fpl-2026-27,1.04,634,613221,Fernandez-Pardo,17,Newcastle,Forward,6.0,1.122,0.0,1.122,23.53,0.0,0.6000000000000001,2.8000000000000003,0.1871,1.153,0,0,3,0.998,0,0,3.0,0.005,0.0
2026-09-04T11:47:07+00:00,3,2026-09-04T17:30:00Z,player-ensemble-1.0,player-sim-2.0,player-sim-3.0-candidate,recommended_for_live_promotion,0.2,0.5,0.4,1.0,fpl-2026-27,1.03,167,463034,Delap,18,Nott'm Forest,Forward,5.5,1.042,0.0,1.042,23.66,0.0,0.8,2.6,0.1894,1.09,0,0,3,0.848,0,0,2.0,0.0067,0.0
2026-09-04T11:47:07+00:00,3,2026-09-04T17:30:00Z,player-ensemble-1.0,player-sim-2.0,player-sim-3.0-candidate,recommended_for_live_promotion,0.2,0.5,0.4,1.0,fpl-2026-27,1.0,201,247348,Muñoz,18,Nott'm Forest,Defender,5.4,2.425,0.0,2.425,50.36,0.0,1.6,5.800000000000001,0.449,2.618,0,1,7,1.65,0,0,6.0,0.0133,0.0017
2026-09-04T11:47:07+00:00,3,2026-09-04T17:30:00Z,player-ensemble-1.0,player-sim-2.0,player-sim-3.0-candidate,recommended_for_live_promotion,0.2,0.5,0.4,1.0,fpl-2026-27,1.06,467,85633,Sels,18,Nott'm Forest,Goalkeeper,5.0,3.385,0.0,3.385,76.17,1.2000000000000002,2.8000000000000003,6.200000000000001,0.6771,3.572,1,3,7,2.64,0,2.0,7.0,0.01,0.0
2026-09-04T11:47:07+00:00,3,2026-09-04T17:30:00Z,player-ensemble-1.0,player-sim-2.0,player-sim-3.0-candidate,recommended_for_live_promotion,0.2,0.5,0.4,1.0,fpl-2026-27,1.06,468,221389,John,18,Nott'm Forest,Goalkeeper,4.5,0.357,0.0,0.357,7.04,0.0,0.0,1.2000000000000002,0.0794,0.332,0,0,1,0.46,0,0,2.0,0.0,0.0
2026-09-04T11:47:07+00:00,3,2026-09-04T17:30:00Z,player-ensemble-1.0,player-sim-2.0,player-sim-3.0-candidate,recommended_for_live_promotion,0.2,0.5,0.4,1.0,fpl-2026-27,1.0,469,215136,N.Williams,18,Nott'm Forest,Defender,5.0,4.065,0.0,4.065,86.24,1.6,3.8000000000000003,7.0,0.8131,4.36,1,4,8,2.887,0,2.0,7.0,0.0383,0.0033
2026-09-04T11:47:07+00:00,3,2026-09-04T17:30:00Z,player-ensemble-1.0,player-sim-2.0,player-sim-3.0-candidate,recommended_for_live_promotion,0.2,0.5,0.4,1.0,fpl-2026-27,1.0,470,485047,Morato,18,Nott'm Forest,Defender,5.0,0.0,0.0,0.0,0.0,0.0,0.0,0.0,0.0,0.0,0,0,0,0.0,0,0,0,0.0,0.0
2026-09-04T11:47:07+00:00,3,2026-09-04T17:30:00Z,player-ensemble-1.0,player-sim-2.0,player-sim-3.0-candidate,recommended_for_live_promotion,0.2,0.5,0.4,1.0,fpl-2026-27,1.0,471,227444,Milenković,18,Nott'm Forest,Defender,5.5,3.634,0.0,3.634,87.14,1.2000000000000002,3.2,6.6000000000000005,0.6607,3.873,1,3,8,2.675,0,2.0,6.0,0.005,0.0
2026-09-04T11:47:07+00:00,3,2026-09-04T17:30:00Z,player-ensemble-1.0,player-sim-2.0,player-sim-3.0-candidate,recommended_for_live_promotion,0.2,0.5,0.4,1.0,fpl-2026-27,1.0,472,575476,Murillo,18,Nott'm Forest,Defender,5.5,3.308,0.0,3.308,66.07,0.8,2.8000000000000003,6.6000000000000005,0.6014,3.442,1,2,8,2.772,0.0,2.0,7.0,0.0183,0.0033
2026-09-04T11:47:07+00:00,3,2026-09-04T17:30:00Z,player-ensemble-1.0,player-sim-2.0,player-sim-3.0-candidate,recommended_for_live_promotion,0.2,0.5,0.4,1.0,fpl-2026-27,1.0,473,159506,Aina,18,Nott'm Forest,Defender,4.5,2.659,0.0,2.659,53.45,0.2,1.8,5.800000000000001,0.5909,2.707,0,2,6,2.468,0,1.0,6.0,0.01,0.0
2026-09-04T11:47:07+00:00,3,2026-09-04T17:30:00Z,player-ensemble-1.0,player-sim-2.0,player-sim-3.0-candidate,recommended_for_live_promotion,0.2,0.5,0.4,1.0,fpl-2026-27,1.0,474,575458,Jair Cunha,18,Nott'm Forest,Defender,4.5,1.819,0.0,1.819,37.58,0.0,1.2000000000000002,5.000000000000001,0.4043,1.643,0,0,6,2.523,0,2.0,6.0,0.01,0.0
2026-09-04T11:47:07+00:00,3,2026-09-04T17:30:00Z,player-ensemble-1.0,player-sim-2.0,player-sim-3.0-candidate,recommended_for_live_promotion,0.2,0.5,0.4,1.0,fpl-2026-27,1.0,475,500151,Savona,18,Nott'm Forest,Defender,4.5,0.0,0.0,0.0,0.0,0.0,0.0,0.0,0.0,0.0,0,0,0,0.0,0,0,0,0.0,0.0
2026-09-04T11:47:07+00:00,3,2026-09-04T17:30:00Z,player-ensemble-1.0,player-sim-2.0,player-sim-3.0-candidate,recommended_for_live_promotion,0.2,0.5,0.4,1.0,fpl-2026-27,1.0,476,204822,O.Richards,18,Nott'm Forest,Defender,4.0,0.972,0.0,0.972,20.64,0.0,0.0,4.0,0.2431,1.047,0,0,5,0.675,0,0,2.0,0.005,0.0
2026-09-04T11:47:07+00:00,3,2026-09-04T17:30:00Z,player-ensemble-1.0,player-sim-2.0,player-sim-3.0-candidate,recommended_for_live_promotion,0.2,0.5,0.4,1.0,fpl-2026-27,1.0,477,549067,Abbott,18,Nott'm Forest,Defender,4.0,0.0,0.0,0.0,0.0,0.0,0.0,0.0,0.0,0.0,0,0,0,0.0,0,0,0,0.0,0.0
2026-09-04T11:47:07+00:00,3,2026-09-04T17:30:00Z,player-ensemble-1.0,player-sim-2.0,player-sim-3.0-candidate,recommended_for_live_promotion,0.2,0.5,0.4,1.0,fpl-2026-27,1.0,478,470315,Netz,18,Nott'm Forest,Defender,4.5,0.593,0.0,0.593,8.47,0.0,0.2,1.0,0.1318,0.438,0,0,1,1.213,0,1.0,2.0,0.0017,0.0
2026-09-04T11:47:07+00:00,3,2026-09-04T17:30:00Z,player-ensemble-1.0,player-sim-2.0,player-sim-3.0-candidate,recommended_for_live_promotion,0.2,0.5,0.4,1.0,fpl-2026-27,1.0,479,538638,Bindon,18,Nott'm Forest,Defender,4.0,0.0,0.0,0.0,0.0,0.0,0.0,0.0,0.0,0.0,0,0,0,0.0,0,0,0,0.0,0.0
2026-09-04T11:47:07+00:00,3,2026-09-04T17:30:00Z,player-ensemble-1.0,player-sim-2.0,player-sim-3.0-candidate,recommended_for_live_promotion,0.2,0.5,0.4,1.0,fpl-2026-27,1.0375,480,222531,Gibbs-White,18,Nott'm Forest,Midfielder,7.9,4.526,0.0,4.526,85.04,1.8,3.8000000000000003,8.0,0.5729,4.852,2,4,9,3.222,0,2.0,8.0,0.0683,0.0083
2026-09-04T11:47:07+00:00,3,2026-09-04T17:30:00Z,player-ensemble-1.0,player-sim-2.0,player-sim-3.0-candidate,recommended_for_live_promotion,0.2,0.5,0.4,1.0,fpl-2026-27,1.0375,482,209046,Hudson-Odoi,18,Nott'm Forest,Midfielder,5.9,1.658,0.0,1.658,33.41,0.0,1.0,4.0,0.2811,1.837,0,1,5,0.945,0,0,3.0,0.0083,0.0
2026-09-04T11:47:07+00:00,3,2026-09-04T17:30:00Z,player-ensemble-1.0,player-sim-2.0,player-sim-3.0-candidate,recommended_for_live_promotion,0.2,0.5,0.4,1.0,fpl-2026-27,1.0375,483,456512,Ndoye,18,Nott'm Forest,Midfielder,5.5,2.28,0.0,2.28,42.54,0.2,2.0,4.800000000000001,0.4145,2.227,0,2,5,2.492,0,2.0,6.0,0.0133,0.0
2026-09-04T11:47:07+00:00,3,2026-09-04T17:30:00Z,player-ensemble-1.0,player-sim-2.0,player-sim-3.0-candidate,recommended_for_live_promotion,0.2,0.5,0.4,1.0,fpl-2026-27,1.0375,484,503301,Hutchinson,18,Nott'm Forest,Midfielder,5.4,0.0,0.0,0.0,0.0,0.0,0.0,0.0,0.0,0.0,0,0,0,0.0,0,0,0,0.0,0.0
2026-09-04T11:47:07+00:00,3,2026-09-04T17:30:00Z,player-ensemble-1.0,player-sim-2.0,player-sim-3.0-candidate,recommended_for_live_promotion,0.2,0.5,0.4,1.0,fpl-2026-27,1.0375,485,476887,Bakwa,18,Nott'm Forest,Midfielder,5.5,0.0,0.0,0.0,0.0,0.0,0.0,0.0,0.0,0.0,0,0,0,0.0,0,0,0,0.0,0.0
2026-09-04T11:47:07+00:00,3,2026-09-04T17:30:00Z,player-ensemble-1.0,player-sim-2.0,player-sim-3.0-candidate,recommended_for_live_promotion,0.2,0.5,0.4,1.0,fpl-2026-27,1.0375,486,432714,McAtee,18,Nott'm Forest,Midfielder,5.5,1.326,0.0,1.326,31.46,0.0,0.6000000000000001,3.0000000000000004,0.2411,1.138,0,0,3,2.077,0,2.0,5.0,0.005,0.0
2026-09-04T11:47:07+00:00,3,2026-09-04T17:30:00Z,player-ensemble-1.0,player-sim-2.0,player-sim-3.0-candidate,recommended_for_live_promotion,0.2,0.5,0.4,1.0,fpl-2026-27,1.0375,487,250199,Dominguez,18,Nott'm Forest,Midfielder,5.0,0.753,0.0,0.753,20.88,0.0,0.8,1.6,0.1506,0.72,0,0,2,0.885,0,0,2.0,0.0,0.0
2026-09-04T11:47:07+00:00,3,2026-09-04T17:30:00Z,player-ensemble-1.0,player-sim-2.0,player-sim-3.0-candidate,recommended_for_live_promotion,0.2,0.5,0.4,1.0,fpl-2026-27,1.0375,488,210462,I.Sangaré,18,Nott'm Forest,Midfielder,4.9,1.733,0.0,1.733,47.69,0.0,1.6,3.8000000000000003,0.3536,1.858,0,2,4,1.23,0,0,3.0,0.0033,0.0
2026-09-04T11:47:07+00:00,3,2026-09-04T17:30:00Z,player-ensemble-1.0,player-sim-2.0,player-sim-3.0-candidate,recommended_for_live_promotion,0.2,0.5,0.4,1.0,fpl-2026-27,1.0375,489,204968,Yates,18,Nott'm Forest,Midfielder,4.5,0.34,0.0,0.34,5.88,0.0,0.0,0.8,0.0756,0.282,0,0,1,0.573,0,0,2.0,0.0067,0.0017
2026-09-04T11:47:07+00:00,3,2026-09-04T17:30:00Z,player-ensemble-1.0,player-sim-2.0,player-sim-3.0-candidate,recommended_for_live_promotion,0.2,0.5,0.4,1.0,fpl-2026-27,1.03,490,60689,Wood,18,Nott'm Forest,Forward,5.9,1.077,0.0,1.077,20.21,0.0,0.4,3.4000000000000004,0.1825,1.115,0,0,4,0.923,0,0,2.0,0.0067,0.0
2026-09-04T11:47:07+00:00,3,2026-09-04T17:30:00Z,player-ensemble-1.0,player-sim-2.0,player-sim-3.0-candidate,recommended_for_live_promotion,0.2,0.5,0.4,1.0,fpl-2026-27,1.03,491,482973,Igor Jesus,18,Nott'm Forest,Forward,5.9,2.956,0.0,2.956,70.86,1.2000000000000002,2.2,5.6000000000000005,0.5011,3.127,1,2,6,2.275,0,2.0,6.0,0.0233,0.0
2026-09-04T11:47:07+00:00,3,2026-09-04T17:30:00Z,player-ensemble-1.0,player-sim-2.0,player-sim-3.0-candidate,recommended_for_live_promotion,0.2,0.5,0.4,1.0,fpl-2026-27,1.03,493,465680,Kalimuendo,18,Nott'm Forest,Forward,5.4,0.361,0.0,0.361,3.54,0.0,0.2,1.0,0.0669,0.262,0,0,1,0.76,0,0,2.0,0.0017,0.0
2026-09-04T11:47:07+00:00,3,2026-09-04T17:30:00Z,player-ensemble-1.0,player-sim-2.0,player-sim-3.0-candidate,recommended_for_live_promotion,0.2,0.5,0.4,1.0,fpl-2026-27,1.0375,558,204561,Schlager,18,Nott'm Forest,Midfielder,5.0,1.4,0.0,1.4,33.56,0.0,1.0,3.2,0.2799,1.378,0,1,3,1.485,0,1.0,3.0,0.005,0.0
2026-09-04T11:47:07+00:00,3,2026-09-04T17:30:00Z,player-ensemble-1.0,player-sim-2.0,player-sim-3.0-candidate,recommended_for_live_promotion,0.2,0.5,0.4,1.0,fpl-2026-27,1.0,581,568420,Diomande,18,Nott'm Forest,Defender,5.4,0.78,0.0,0.78,18.78,0.0,0.0,2.6000000000000005,0.1444,0.793,0,0,3,0.725,0,0,2.0,0.0033,0.0
2026-09-04T11:47:07+00:00,3,2026-09-04T17:30:00Z,player-ensemble-1.0,player-sim-2.0,player-sim-3.0-candidate,recommended_for_live_promotion,0.2,0.5,0.4,1.0,fpl-2026-27,1.06,590,428971,Benda,18,Nott'm Forest,Goalkeeper,4.5,0.704,0.0,0.704,14.69,0.0,0.0,2.4000000000000004,0.1564,0.753,0,0,3,0.505,0,0,2.0,0.0,0.0
2026-09-04T11:47:07+00:00,3,2026-09-04T17:30:00Z,player-ensemble-1.0,player-sim-2.0,player-sim-3.0-candidate,recommended_for_live_promotion,0.2,0.5,0.4,1.0,fpl-2026-27,1.0,112,469142,Van Hecke,19,Spurs,Defender,4.9,3.05,0.0,3.05,85.28,0.8,2.4000000000000004,6.4,0.6224,3.317,1,2,7,1.983,0,1.0,6.0,0.0133,0.0017
2026-09-04T11:47:07+00:00,3,2026-09-04T17:30:00Z,player-ensemble-1.0,player-sim-2.0,player-sim-3.0-candidate,recommended_for_live_promotion,0.2,0.5,0.4,1.0,fpl-2026-27,1.0,147,109646,Tosin,19,Spurs,Defender,4.5,0.516,0.0,0.516,11.93,0.0,0.0,1.6,0.1147,0.502,0,0,1,0.575,0,0,2.0,0.0033,0.0
2026-09-04T11:47:07+00:00,3,2026-09-04T17:30:00Z,player-ensemble-1.0,player-sim-2.0,player-sim-3.0-candidate,recommended_for_live_promotion,0.2,0.5,0.4,1.0,fpl-2026-27,1.03,401,438234,Marmoush,19,Spurs,Forward,7.0,1.24,0.0,1.24,27.09,0.0,0.4,3.8000000000000003,0.1771,1.223,0,0,4,1.307,0,0,4.0,0.0083,0.0
2026-09-04T11:47:07+00:00,3,2026-09-04T17:30:00Z,player-ensemble-1.0,player-sim-2.0,player-sim-3.0-candidate,recommended_for_live_promotion,0.2,0.5,0.4,1.0,fpl-2026-27,1.0375,403,510281,Sávio,19,Spurs,Midfielder,6.5,0.421,0.0,0.421,9.76,0.0,0.0,1.6,0.0647,0.422,0,0,1,0.417,0,0,1.0,0.0017,0.0017
2026-09-04T11:47:07+00:00,3,2026-09-04T17:30:00Z,player-ensemble-1.0,player-sim-2.0,player-sim-3.0-candidate,recommended_for_live_promotion,0.2,0.5,0.4,1.0,fpl-2026-27,1.0375,455,432422,Tonali,19,Spurs,Midfielder,5.4,2.211,0.0,2.211,69.41,1.2000000000000002,2.0,3.6,0.4095,2.278,1,2,4,1.943,0,2.0,4.0,0.005,0.0
2026-09-04T11:47:07+00:00,3,2026-09-04T17:30:00Z,player-ensemble-1.0,player-sim-2.0,player-sim-3.0-candidate,recommended_for_live_promotion,0.2,0.5,0.4,1.0,fpl-2026-27,1.06,494,184254,Vicario,19,Spurs,Goalkeeper,4.5,0.0,0.0,0.0,0.0,0.0,0.0,0.0,0.0,0.0,0,0,0,0.0,0,0,0,0.0,0.0
2026-09-04T11:47:07+00:00,3,2026-09-04T17:30:00Z,player-ensemble-1.0,player-sim-2.0,player-sim-3.0-candidate,recommended_for_live_promotion,0.2,0.5,0.4,1.0,fpl-2026-27,1.06,495,214572,Austin,19,Spurs,Goalkeeper,4.0,0.556,0.0,0.556,15.99,0.0,0.0,2.4000000000000004,0.1389,0.605,0,0,3,0.358,0,0,1.0,0.0,0.0
2026-09-04T11:47:07+00:00,3,2026-09-04T17:30:00Z,player-ensemble-1.0,player-sim-2.0,player-sim-3.0-candidate,recommended_for_live_promotion,0.2,0.5,0.4,1.0,fpl-2026-27,1.06,496,485055,Kinsky,19,Spurs,Goalkeeper,4.5,1.316,0.0,1.316,39.29,0.0,0.8,3.0,0.2925,1.247,0,0,3,1.595,0,1.0,5.0,0.0,0.0
2026-09-04T11:47:07+00:00,3,2026-09-04T17:30:00Z,player-ensemble-1.0,player-sim-2.0,player-sim-3.0-candidate,recommended_for_live_promotion,0.2,0.5,0.4,1.0,fpl-2026-27,1.06,497,67089,Dubravka,19,Spurs,Goalkeeper,4.0,1.673,0.0,1.673,54.91,0.0,1.6,4.0,0.4182,1.993,0,2,5,0.39,0,0,2.0,0.0,0.0
2026-09-04T11:47:07+00:00,3,2026-09-04T17:30:00Z,player-ensemble-1.0,player-sim-2.0,player-sim-3.0-candidate,recommended_for_live_promotion,0.2,0.5,0.4,1.0,fpl-2026-27,1.0,498,221466,Senesi,19,Spurs,Defender,5.9,2.93,0.0,2.93,69.13,0.2,2.4000000000000004,6.4,0.4966,3.235,0,3,8,1.71,0,0,6.0,0.015,0.0017
2026-09-04T11:47:07+00:00,3,2026-09-04T17:30:00Z,player-ensemble-1.0,player-sim-2.0,player-sim-3.0-candidate,recommended_for_live_promotion,0.2,0.5,0.4,1.0,fpl-2026-27,1.0,499,441164,Pedro Porro,19,Spurs,Defender,5.5,2.14,0.0,2.14,61.84,0.0,1.6,5.6,0.389,2.363,0,1,6,1.245,0,0,5.0,0.0133,0.0
2026-09-04T11:47:07+00:00,3,2026-09-04T17:30:00Z,player-ensemble-1.0,player-sim-2.0,player-sim-3.0-candidate,recommended_for_live_promotion,0.2,0.5,0.4,1.0,fpl-2026-27,1.0,500,221632,Romero,19,Spurs,Defender,5.0,0.0,0.0,0.0,0.0,0.0,0.0,0.0,0.0,0.0,0,0,0,0.0,0,0,0,0.0,0.0
2026-09-04T11:47:07+00:00,3,2026-09-04T17:30:00Z,player-ensemble-1.0,player-sim-2.0,player-sim-3.0-candidate,recommended_for_live_promotion,0.2,0.5,0.4,1.0,fpl-2026-27,1.0,502,122798,Robertson,19,Spurs,Defender,4.5,1.667,0.0,1.667,44.04,0.0,1.2000000000000002,4.800000000000001,0.3704,1.575,0,1,6,2.033,0.0,1.0,6.0,0.0033,0.0
2026-09-04T11:47:07+00:00,3,2026-09-04T17:30:00Z,player-ensemble-1.0,player-sim-2.0,player-sim-3.0-candidate,recommended_for_live_promotion,0.2,0.5,0.4,1.0,fpl-2026-27,1.0,503,491279,Van de Ven,19,Spurs,Defender,5.0,1.989,0.0,1.989,65.72,0.0,1.6,5.200000000000001,0.3977,2.205,0,1,6,1.123,0,0,5.0,0.0033,0.0
2026-09-04T11:47:07+00:00,3,2026-09-04T17:30:00Z,player-ensemble-1.0,player-sim-2.0,player-sim-3.0-candidate,recommended_for_live_promotion,0.2,0.5,0.4,1.0,fpl-2026-27,1.0,505,232859,Spence,19,Spurs,Defender,4.5,0.0,0.0,0.0,0.0,0.0,0.0,0.0,0.0,0.0,0,0,0,0.0,0,0,0,0.0,0.0
2026-09-04T11:47:07+00:00,3,2026-09-04T17:30:00Z,player-ensemble-1.0,player-sim-2.0,player-sim-3.0-candidate,recommended_for_live_promotion,0.2,0.5,0.4,1.0,fpl-2026-27,1.0,506,487053,Udogie,19,Spurs,Defender,4.5,1.088,0.0,1.088,29.02,0.0,1.0,1.8,0.2418,1.135,0,1,2,0.902,0,1.0,1.0,0.0,0.0
2026-09-04T11:47:07+00:00,3,2026-09-04T17:30:00Z,player-ensemble-1.0,player-sim-2.0,player-sim-3.0-candidate,recommended_for_live_promotion,0.2,0.5,0.4,1.0,fpl-2026-27,1.0,507,548308,Phillips,19,Spurs,Defender,4.5,0.0,0.0,0.0,0.0,0.0,0.0,0.0,0.0,0.0,0,0,0,0.0,0,0,0,0.0,0.0
2026-09-04T11:47:07+00:00,3,2026-09-04T17:30:00Z,player-ensemble-1.0,player-sim-2.0,player-sim-3.0-candidate,recommended_for_live_promotion,0.2,0.5,0.4,1.0,fpl-2026-27,1.0,508,115556,Davies,19,Spurs,Defender,4.0,0.196,0.0,0.196,1.63,0.0,0.0,0.4,0.0491,0.103,0,0,0,0.568,0,0,2.0,0.005,0.0
2026-09-04T11:47:07+00:00,3,2026-09-04T17:30:00Z,player-ensemble-1.0,player-sim-2.0,player-sim-3.0-candidate,recommended_for_live_promotion,0.2,0.5,0.4,1.0,fpl-2026-27,1.0,509,640419,Byfield,19,Spurs,Defender,4.0,0.109,0.0,0.109,0.0,0.0,0.0,0.4,0.0272,0.0,0,0,0,0.545,0,0,2.0,0.0033,0.0
2026-09-04T11:47:07+00:00,3,2026-09-04T17:30:00Z,player-ensemble-1.0,player-sim-2.0,player-sim-3.0-candidate,recommended_for_live_promotion,0.2,0.5,0.4,1.0,fpl-2026-27,1.0,510,499716,Rowswell,19,Spurs,Defender,4.0,0.084,0.0,0.084,0.0,0.0,0.0,0.2,0.0211,0.0,0,0,0,0.422,0,0,1.0,0.0,0.0
2026-09-04T11:47:07+00:00,3,2026-09-04T17:30:00Z,player-ensemble-1.0,player-sim-2.0,player-sim-3.0-candidate,recommended_for_live_promotion,0.2,0.5,0.4,1.0,fpl-2026-27,1.0,511,616221,Souza,19,Spurs,Defender,4.0,0.0,0.0,0.0,0.0,0.0,0.0,0.0,0.0,0.0,0,0,0,0.0,0,0,0,0.0,0.0
2026-09-04T11:47:07+00:00,3,2026-09-04T17:30:00Z,player-ensemble-1.0,player-sim-2.0,player-sim-3.0-candidate,recommended_for_live_promotion,0.2,0.5,0.4,1.0,fpl-2026-27,1.0375,512,460842,Kudus,19,Spurs,Midfielder,6.5,1.318,0.0,1.318,29.21,0.0,0.8,3.2,0.2028,1.427,0,1,4,0.883,0.0,0,2.0,0.0083,0.0017
2026-09-04T11:47:07+00:00,3,2026-09-04T17:30:00Z,player-ensemble-1.0,player-sim-2.0,player-sim-3.0-candidate,recommended_for_live_promotion,0.2,0.5,0.4,1.0,fpl-2026-27,1.0375,513,493362,Xavi,19,Spurs,Midfielder,6.0,0.0,0.0,0.0,0.0,0.0,0.0,0.0,0.0,0.0,0,0,0,0.0,0,0,0,0.0,0.0
2026-09-04T11:47:07+00:00,3,2026-09-04T17:30:00Z,player-ensemble-1.0,player-sim-2.0,player-sim-3.0-candidate,recommended_for_live_promotion,0.2,0.5,0.4,1.0,fpl-2026-27,1.0375,514,511499,Tel,19,Spurs,Midfielder,5.9,2.071,0.0,2.071,48.92,0.2,1.6,4.6,0.351,2.077,0,2,5,2.047,0,2.0,4.0,0.0083,0.0
2026-09-04T11:47:07+00:00,3,2026-09-04T17:30:00Z,player-ensemble-1.0,player-sim-2.0,player-sim-3.0-candidate,recommended_for_live_promotion,0.2,0.5,0.4,1.0,fpl-2026-27,1.0375,515,172780,Maddison,19,Spurs,Midfielder,6.4,0.248,0.0,0.248,2.42,0.0,0.0,0.8,0.0387,0.14,0,0,1,0.678,0,0,2.0,0.0,0.0
2026-09-04T11:47:07+00:00,3,2026-09-04T17:30:00Z,player-ensemble-1.0,player-sim-2.0,player-sim-3.0-candidate,recommended_for_live_promotion,0.2,0.5,0.4,1.0,fpl-2026-27,1.0375,516,202993,Bentancur,19,Spurs,Midfielder,5.5,1.973,0.0,1.973,54.16,0.6000000000000001,1.6,3.6,0.3587,2.11,0,2,4,1.425,0,1.0,4.0,0.0,0.0
2026-09-04T11:47:07+00:00,3,2026-09-04T17:30:00Z,player-ensemble-1.0,player-sim-2.0,player-sim-3.0-candidate,recommended_for_live_promotion,0.2,0.5,0.4,1.0,fpl-2026-27,1.0375,517,550839,Odobert,19,Spurs,Midfielder,5.5,0.0,0.0,0.0,0.0,0.0,0.0,0.0,0.0,0.0,0,0,0,0.0,0,0,0,0.0,0.0
2026-09-04T11:47:07+00:00,3,2026-09-04T17:30:00Z,player-ensemble-1.0,player-sim-2.0,player-sim-3.0-candidate,recommended_for_live_promotion,0.2,0.5,0.4,1.0,fpl-2026-27,1.0375,518,482442,P.M.Sarr,19,Spurs,Midfielder,4.9,0.0,0.0,0.0,0.0,0.0,0.0,0.0,0.0,0.0,0,0,0,0.0,0,0,0,0.0,0.0
2026-09-04T11:47:07+00:00,3,2026-09-04T17:30:00Z,player-ensemble-1.0,player-sim-2.0,player-sim-3.0-candidate,recommended_for_live_promotion,0.2,0.5,0.4,1.0,fpl-2026-27,1.0375,519,232787,Gallagher,19,Spurs,Midfielder,5.4,1.081,0.0,1.081,29.36,0.0,0.8,2.4000000000000004,0.2002,1.093,0,1,3,1.033,0.0,0,3.0,0.0017,0.0
2026-09-04T11:47:07+00:00,3,2026-09-04T17:30:00Z,player-ensemble-1.0,player-sim-2.0,player-sim-3.0-candidate,recommended_for_live_promotion,0.2,0.5,0.4,1.0,fpl-2026-27,1.0375,520,570526,Bergvall,19,Spurs,Midfielder,5.4,0.872,0.0,0.872,23.41,0.0,0.6000000000000001,2.0,0.1615,0.833,0,0,2,1.028,0,0,3.0,0.0017,0.0
2026-09-04T11:47:07+00:00,3,2026-09-04T17:30:00Z,player-ensemble-1.0,player-sim-2.0,player-sim-3.0-candidate,recommended_for_live_promotion,0.2,0.5,0.4,1.0,fpl-2026-27,1.0375,521,445044,Kulusevski,19,Spurs,Midfielder,6.5,0.0,0.0,0.0,0.0,0.0,0.0,0.0,0.0,0.0,0,0,0,0.0,0,0,0,0.0,0.0
2026-09-04T11:47:07+00:00,3,2026-09-04T17:30:00Z,player-ensemble-1.0,player-sim-2.0,player-sim-3.0-candidate,recommended_for_live_promotion,0.2,0.5,0.4,1.0,fpl-2026-27,1.0375,522,547701,Gray,19,Spurs,Midfielder,5.0,1.961,0.0,1.961,52.34,0.4,1.8,3.6,0.3923,1.953,0,2,4,1.993,0,2.0,4.0,0.0067,0.0
2026-09-04T11:47:07+00:00,3,2026-09-04T17:30:00Z,player-ensemble-1.0,player-sim-2.0,player-sim-3.0-candidate,recommended_for_live_promotion,0.2,0.5,0.4,1.0,fpl-2026-27,1.0375,523,499721,Moore,19,Spurs,Midfielder,5.0,1.406,0.0,1.406,33.99,0.0,1.0,2.8000000000000003,0.2811,1.375,0,1,3,1.528,0,1.0,3.0,0.005,0.0
2026-09-04T11:47:07+00:00,3,2026-09-04T17:30:00Z,player-ensemble-1.0,player-sim-2.0,player-sim-3.0-candidate,recommended_for_live_promotion,0.2,0.5,0.4,1.0,fpl-2026-27,1.0375,524,499726,Olusesi,19,Spurs,Midfielder,4.5,0.106,0.0,0.106,0.03,0.0,0.0,0.4,0.0236,0.003,0,0,0,0.518,0,0,2.0,0.0,0.0
2026-09-04T11:47:07+00:00,3,2026-09-04T17:30:00Z,player-ensemble-1.0,player-sim-2.0,player-sim-3.0-candidate,recommended_for_live_promotion,0.2,0.5,0.4,1.0,fpl-2026-27,1.0375,525,551226,Fernandes,19,Spurs,Midfielder,5.9,2.456,0.0,2.456,71.4,1.0,2.0,4.4,0.4163,2.707,1,2,5,1.453,0,1.0,4.0,0.0067,0.0
2026-09-04T11:47:07+00:00,3,2026-09-04T17:30:00Z,player-ensemble-1.0,player-sim-2.0,player-sim-3.0-candidate,recommended_for_live_promotion,0.2,0.5,0.4,1.0,fpl-2026-27,1.03,526,154566,Solanke,19,Spurs,Forward,5.9,1.217,0.0,1.217,26.58,0.2,1.0,2.6000000000000005,0.2063,1.215,0,1,3,1.227,0,1.0,2.0,0.01,0.0
2026-09-04T11:47:07+00:00,3,2026-09-04T17:30:00Z,player-ensemble-1.0,player-sim-2.0,player-sim-3.0-candidate,recommended_for_live_promotion,0.2,0.5,0.4,1.0,fpl-2026-27,1.03,527,212319,Richarlison,19,Spurs,Forward,5.9,1.921,0.0,1.921,42.7,0.0,1.6,4.800000000000001,0.3256,2.103,0,1,6,1.193,0,0,3.0,0.015,0.0
2026-09-04T11:47:07+00:00,3,2026-09-04T17:30:00Z,player-ensemble-1.0,player-sim-2.0,player-sim-3.0-candidate,recommended_for_live_promotion,0.2,0.5,0.4,1.0,fpl-2026-27,1.03,528,490145,Scarlett,19,Spurs,Forward,4.5,0.0,0.0,0.0,0.0,0.0,0.0,0.0,0.0,0.0,0,0,0,0.0,0,0,0,0.0,0.0
2026-09-04T11:47:07+00:00,3,2026-09-04T17:30:00Z,player-ensemble-1.0,player-sim-2.0,player-sim-3.0-candidate,recommended_for_live_promotion,0.2,0.5,0.4,1.0,fpl-2026-27,1.0375,578,465920,Mudryk,19,Spurs,Midfielder,5.4,0.692,0.0,0.692,18.95,0.0,0.0,2.2,0.1281,0.738,0,0,2,0.505,0,0,2.0,0.0017,0.0
2026-09-04T11:47:07+00:00,3,2026-09-04T17:30:00Z,player-ensemble-1.0,player-sim-2.0,player-sim-3.0-candidate,recommended_for_live_promotion,0.2,0.5,0.4,1.0,fpl-2026-27,1.0375,601,611917,Williams-Barnett,19,Spurs,Midfielder,4.5,0.632,0.0,0.632,17.86,0.0,0.0,1.8,0.1404,0.67,0,0,2,0.478,0,0,2.0,0.0,0.0
2026-09-04T11:47:07+00:00,3,2026-09-04T17:30:00Z,player-ensemble-1.0,player-sim-2.0,player-sim-3.0-candidate,recommended_for_live_promotion,0.2,0.5,0.4,1.0,fpl-2026-27,1.0,501,135720,Danso,20,Sunderland,Defender,5.0,0.909,0.0,0.909,28.14,0.0,0.0,3.2,0.1817,1.03,0,0,4,0.423,0,0.0,1.0,0.0,0.0
2026-09-04T11:47:07+00:00,3,2026-09-04T17:30:00Z,player-ensemble-1.0,player-sim-2.0,player-sim-3.0-candidate,recommended_for_live_promotion,0.2,0.5,0.4,1.0,fpl-2026-27,1.06,529,498016,Roefs,20,Sunderland,Goalkeeper,5.0,2.554,0.0,2.554,85.22,0.8,2.0,5.6000000000000005,0.5108,2.777,1,2,6,1.663,0,1.0,5.0,0.0017,0.0
2026-09-04T11:47:07+00:00,3,2026-09-04T17:30:00Z,player-ensemble-1.0,player-sim-2.0,player-sim-3.0-candidate,recommended_for_live_promotion,0.2,0.5,0.4,1.0,fpl-2026-27,1.06,530,232571,Patterson,20,Sunderland,Goalkeeper,4.0,0.0,0.0,0.0,0.0,0.0,0.0,0.0,0.0,0.0,0,0,0,0.0,0,0,0,0.0,0.0
2026-09-04T11:47:07+00:00,3,2026-09-04T17:30:00Z,player-ensemble-1.0,player-sim-2.0,player-sim-3.0-candidate,recommended_for_live_promotion,0.2,0.5,0.4,1.0,fpl-2026-27,1.06,531,515046,Ellborg,20,Sunderland,Goalkeeper,4.5,0.242,0.0,0.242,4.96,0.0,0.0,0.8,0.0538,0.208,0,0,0,0.377,0,0,2.0,0.0,0.0
2026-09-04T11:47:07+00:00,3,2026-09-04T17:30:00Z,player-ensemble-1.0,player-sim-2.0,player-sim-3.0-candidate,recommended_for_live_promotion,0.2,0.5,0.4,1.0,fpl-2026-27,1.0,532,223827,Ballard,20,Sunderland,Defender,5.0,2.616,0.0,2.616,68.67,0.6000000000000001,2.2,6.000000000000001,0.5232,2.707,0,2,7,2.253,0,1.0,7.0,0.0283,0.0017
2026-09-04T11:47:07+00:00,3,2026-09-04T17:30:00Z,player-ensemble-1.0,player-sim-2.0,player-sim-3.0-candidate,recommended_for_live_promotion,0.2,0.5,0.4,1.0,fpl-2026-27,1.0,533,200834,Mukiele,20,Sunderland,Defender,5.5,2.405,0.0,2.405,60.43,0.0,1.8,5.6000000000000005,0.4372,2.663,0,2,6,1.37,0.0,0,4.0,0.015,0.0033
2026-09-04T11:47:07+00:00,3,2026-09-04T17:30:00Z,player-ensemble-1.0,player-sim-2.0,player-sim-3.0-candidate,recommended_for_live_promotion,0.2,0.5,0.4,1.0,fpl-2026-27,1.0,534,487676,Hume,20,Sunderland,Defender,4.5,2.498,0.0,2.498,81.83,0.40000000000000013,1.8,5.6000000000000005,0.5551,2.657,0,2,6,1.863,0.0,1.0,6.0,0.0133,0.005
2026-09-04T11:47:07+00:00,3,2026-09-04T17:30:00Z,player-ensemble-1.0,player-sim-2.0,player-sim-3.0-candidate,recommended_for_live_promotion,0.2,0.5,0.4,1.0,fpl-2026-27,1.0,535,201895,Alderete,20,Sunderland,Defender,5.0,1.775,0.0,1.775,54.59,0.0,1.0,4.800000000000001,0.355,2.047,0,1,6,0.688,0,0,1.0,0.005,0.0
2026-09-04T11:47:07+00:00,3,2026-09-04T17:30:00Z,player-ensemble-1.0,player-sim-2.0,player-sim-3.0-candidate,recommended_for_live_promotion,0.2,0.5,0.4,1.0,fpl-2026-27,1.0,536,434399,Reinildo,20,Sunderland,Defender,4.5,1.93,0.0,1.93,62.28,0.2,1.4000000000000001,4.800000000000001,0.429,2.003,0,1,6,1.638,0,1.0,5.0,0.0033,0.0
2026-09-04T11:47:07+00:00,3,2026-09-04T17:30:00Z,player-ensemble-1.0,player-sim-2.0,player-sim-3.0-candidate,recommended_for_live_promotion,0.2,0.5,0.4,1.0,fpl-2026-27,1.0,537,519634,Seelt,20,Sunderland,Defender,4.5,0.0,0.0,0.0,0.0,0.0,0.0,0.0,0.0,0.0,0,0,0,0.0,0,0,0,0.0,0.0
2026-09-04T11:47:07+00:00,3,2026-09-04T17:30:00Z,player-ensemble-1.0,player-sim-2.0,player-sim-3.0-candidate,recommended_for_live_promotion,0.2,0.5,0.4,1.0,fpl-2026-27,1.0,538,477547,Hjelde,20,Sunderland,Defender,4.0,0.0,0.0,0.0,0.0,0.0,0.0,0.0,0.0,0.0,0,0,0,0.0,0,0,0,0.0,0.0
2026-09-04T11:47:07+00:00,3,2026-09-04T17:30:00Z,player-ensemble-1.0,player-sim-2.0,player-sim-3.0-candidate,recommended_for_live_promotion,0.2,0.5,0.4,1.0,fpl-2026-27,1.0,539,167512,O'Nien,20,Sunderland,Defender,4.0,0.638,0.0,0.638,18.64,0.0,0.2,1.8,0.1596,0.557,0,0,2,0.965,0,0.0,3.0,0.0017,0.0
2026-09-04T11:47:07+00:00,3,2026-09-04T17:30:00Z,player-ensemble-1.0,player-sim-2.0,player-sim-3.0-candidate,recommended_for_live_promotion,0.2,0.5,0.4,1.0,fpl-2026-27,1.0,540,105717,Masuaku,20,Sunderland,Defender,4.0,0.0,0.0,0.0,0.0,0.0,0.0,0.0,0.0,0.0,0,0,0,0.0,0,0,0,0.0,0.0
2026-09-04T11:47:07+00:00,3,2026-09-04T17:30:00Z,player-ensemble-1.0,player-sim-2.0,player-sim-3.0-candidate,recommended_for_live_promotion,0.2,0.5,0.4,1.0,fpl-2026-27,1.0,541,93605,Meunier,20,Sunderland,Defender,4.5,1.501,0.0,1.501,45.06,0.0,1.0,4.0,0.3335,1.445,0,1,5,1.723,0,1.0,6.0,0.0017,0.0
2026-09-04T11:47:07+00:00,3,2026-09-04T17:30:00Z,player-ensemble-1.0,player-sim-2.0,player-sim-3.0-candidate,recommended_for_live_promotion,0.2,0.5,0.4,1.0,fpl-2026-27,1.0375,542,484420,E.Le Fée,20,Sunderland,Midfielder,5.9,3.39,0.0,3.39,78.42,1.6,2.6000000000000005,6.6000000000000005,0.5745,3.638,1,3,7,2.395,0,2.0,6.0,0.02,0.005
2026-09-04T11:47:07+00:00,3,2026-09-04T17:30:00Z,player-ensemble-1.0,player-sim-2.0,player-sim-3.0-candidate,recommended_for_live_promotion,0.2,0.5,0.4,1.0,fpl-2026-27,1.0375,543,547027,Diarra,20,Sunderland,Midfielder,5.5,0.0,0.0,0.0,0.0,0.0,0.0,0.0,0.0,0.0,0,0,0,0.0,0,0,0,0.0,0.0
2026-09-04T11:47:07+00:00,3,2026-09-04T17:30:00Z,player-ensemble-1.0,player-sim-2.0,player-sim-3.0-candidate,recommended_for_live_promotion,0.2,0.5,0.4,1.0,fpl-2026-27,1.0375,544,84450,Xhaka,20,Sunderland,Midfielder,5.5,3.394,0.0,3.394,79.62,1.6,3.2,5.6000000000000005,0.6171,3.653,1,3,6,2.357,0,2.0,5.0,0.01,0.0
2026-09-04T11:47:07+00:00,3,2026-09-04T17:30:00Z,player-ensemble-1.0,player-sim-2.0,player-sim-3.0-candidate,recommended_for_live_promotion,0.2,0.5,0.4,1.0,fpl-2026-27,1.0375,545,577669,Sadiki,20,Sunderland,Midfielder,5.0,2.275,0.0,2.275,79.11,1.0,2.0,4.0,0.4551,2.42,1,2,4,1.697,0,2.0,3.0,0.0,0.0
2026-09-04T11:47:07+00:00,3,2026-09-04T17:30:00Z,player-ensemble-1.0,player-sim-2.0,player-sim-3.0-candidate,recommended_for_live_promotion,0.2,0.5,0.4,1.0,fpl-2026-27,1.0375,546,535818,Adingra,20,Sunderland,Midfielder,4.9,0.0,0.0,0.0,0.0,0.0,0.0,0.0,0.0,0.0,0,0,0,0.0,0,0,0,0.0,0.0
2026-09-04T11:47:07+00:00,3,2026-09-04T17:30:00Z,player-ensemble-1.0,player-sim-2.0,player-sim-3.0-candidate,recommended_for_live_promotion,0.2,0.5,0.4,1.0,fpl-2026-27,1.0375,547,461199,Mundle,20,Sunderland,Midfielder,5.0,0.527,0.0,0.527,7.13,0.0,0.2,1.2000000000000002,0.1054,0.44,0,0,1,0.875,0,0,2.0,0.0033,0.0017
2026-09-04T11:47:07+00:00,3,2026-09-04T17:30:00Z,player-ensemble-1.0,player-sim-2.0,player-sim-3.0-candidate,recommended_for_live_promotion,0.2,0.5,0.4,1.0,fpl-2026-27,1.0375,548,554197,Rigg,20,Sunderland,Midfielder,5.0,0.732,0.0,0.732,15.61,0.0,0.8,1.2000000000000002,0.1463,0.667,0,1,1,0.992,0,1.0,2.0,0.0,0.0
2026-09-04T11:47:07+00:00,3,2026-09-04T17:30:00Z,player-ensemble-1.0,player-sim-2.0,player-sim-3.0-candidate,recommended_for_live_promotion,0.2,0.5,0.4,1.0,fpl-2026-27,1.0375,549,549912,Talbi,20,Sunderland,Midfielder,5.4,1.201,0.0,1.201,31.69,0.0,0.8,2.6000000000000005,0.2224,1.295,0,1,3,0.823,0,0,2.0,0.0033,0.0
2026-09-04T11:47:07+00:00,3,2026-09-04T17:30:00Z,player-ensemble-1.0,player-sim-2.0,player-sim-3.0-candidate,recommended_for_live_promotion,0.2,0.5,0.4,1.0,fpl-2026-27,1.0375,550,699989,Jocelin.T,20,Sunderland,Midfielder,5.0,0.135,0.0,0.135,1.0,0.0,0.0,0.4,0.027,0.035,0,0,0,0.535,0,0,2.0,0.0017,0.0
2026-09-04T11:47:07+00:00,3,2026-09-04T17:30:00Z,player-ensemble-1.0,player-sim-2.0,player-sim-3.0-candidate,recommended_for_live_promotion,0.2,0.5,0.4,1.0,fpl-2026-27,1.0375,551,536661,N.Angulo,20,Sunderland,Midfielder,5.0,1.23,0.0,1.23,26.57,0.0,0.6000000000000001,2.8000000000000003,0.246,1.1,0,0,3,1.75,0,2.0,3.0,0.0083,0.0
2026-09-04T11:47:07+00:00,3,2026-09-04T17:30:00Z,player-ensemble-1.0,player-sim-2.0,player-sim-3.0-candidate,recommended_for_live_promotion,0.2,0.5,0.4,1.0,fpl-2026-27,1.03,552,441264,Brobbey,20,Sunderland,Forward,5.9,2.349,0.0,2.349,56.36,0.8,2.0,5.000000000000001,0.3982,2.458,0,2,6,1.913,0,2.0,5.0,0.0083,0.0
2026-09-04T11:47:07+00:00,3,2026-09-04T17:30:00Z,player-ensemble-1.0,player-sim-2.0,player-sim-3.0-candidate,recommended_for_live_promotion,0.2,0.5,0.4,1.0,fpl-2026-27,1.03,553,437505,Isidor,20,Sunderland,Forward,5.5,1.619,0.0,1.619,25.14,0.2,1.0,4.2,0.2943,1.585,0,1,5,1.753,0,1.0,5.0,0.0217,0.005
2026-09-04T11:47:07+00:00,3,2026-09-04T17:30:00Z,player-ensemble-1.0,player-sim-2.0,player-sim-3.0-candidate,recommended_for_live_promotion,0.2,0.5,0.4,1.0,fpl-2026-27,1.0,612,638411,Methalie,20,Sunderland,Defender,4.5,0.73,0.0,0.73,22.31,0.0,0.0,2.4000000000000004,0.1622,0.737,0,0,2,0.702,0,0,2.0,0.0017,0.0
2026-09-04T11:47:07+00:00,3,2026-09-04T17:30:00Z,player-ensemble-1.0,player-sim-2.0,player-sim-3.0-candidate,recommended_for_live_promotion,0.2,0.5,0.4,1.0,fpl-2026-27,1.0437,613,696104,Ahoka,20,Sunderland,Midfielder,4.5,0.868,0.0,0.868,24.66,0.0,0.2,2.4000000000000004,0.193,0.923,0,0,3,0.648,0,0,2.0,0.0,0.0
2026-09-04T11:47:07+00:00,3,2026-09-04T17:30:00Z,player-ensemble-1.0,player-sim-2.0,player-sim-3.0-candidate,recommended_for_live_promotion,0.2,0.5,0.4,1.0,fpl-2026-27,1.05,646,549940,Fofana,20,Sunderland,Midfielder,5.5,1.069,0.0,1.069,28.9,0.0,0.6000000000000001,2.4000000000000004,0.1943,1.088,0,0,3,0.99,0,0,3.0,0.0,0.0
2026-09-04T11:47:07+00:00,3,2026-09-04T17:30:00Z,player-ensemble-1.0,player-sim-2.0,player-sim-3.0-candidate,recommended_for_live_promotion,0.2,0.5,0.4,1.0,fpl-2026-27,1.04,651,661313,J.Angulo,20,Sunderland,Forward,4.5,1.157,0.0,1.157,25.82,0.0,0.8,3.2,0.2571,1.17,0,0,3,1.105,0,0,3.0,0.01,0.0017
