prediction_created_at,target_gameweek,deadline_time,model_version,control_model_version,challenger_model_version,ensemble_status,ensemble_point_weight,ensemble_probability_6_plus_weight,ensemble_probability_10_plus_weight,ensemble_probability_15_plus_weight,scoring_rules_version,bonus_transition_multiplier,player_id,player_code,web_name,team_id,team_name,position,price,quantitative_expected_points_next_1,qualitative_points_delta_next_1,expected_points_next_1,expected_minutes_next_1,points_p10_next_1,points_p50_next_1,points_p90_next_1,value_next_1,control_expected_points_next_1,control_points_p10_next_1,control_points_p50_next_1,control_points_p90_next_1,component_expected_points_next_1,component_points_p10_next_1,component_points_p50_next_1,component_points_p90_next_1,component_probability_10_plus_next_1,component_probability_15_plus_next_1
2026-08-28T11:27:35+00:00,2,2026-08-28T17:30:00Z,player-ensemble-1.0,player-sim-2.0,player-sim-3.0-candidate,recommended_for_live_promotion,0.2,0.5,0.4,1.0,fpl-2026-27,1.07,1,154561,Raya,1,Arsenal,Goalkeeper,6.0,3.739,0.0,3.739,86.89,1.6,3.2,6.4,0.6231,4.163,2,3,7,2.04,0,0,6.0,0.0,0.0
2026-08-28T11:27:35+00:00,2,2026-08-28T17:30:00Z,player-ensemble-1.0,player-sim-2.0,player-sim-3.0-candidate,recommended_for_live_promotion,0.2,0.5,0.4,1.0,fpl-2026-27,1.07,2,109745,Arrizabalaga,1,Arsenal,Goalkeeper,5.0,0.25,0.0,0.25,1.89,0.0,0.0,0.8,0.0501,0.128,0,0,0,0.738,0,0,3.0,0.0,0.0
2026-08-28T11:27:35+00:00,2,2026-08-28T17:30:00Z,player-ensemble-1.0,player-sim-2.0,player-sim-3.0-candidate,recommended_for_live_promotion,0.2,0.5,0.4,1.0,fpl-2026-27,1.07,3,437495,Meslier,1,Arsenal,Goalkeeper,5.0,1.019,0.0,1.019,21.01,0.0,0.0,4.800000000000001,0.2039,1.107,0,0,6,0.67,0,0,3.0,0.0,0.0
2026-08-28T11:27:35+00:00,2,2026-08-28T17:30:00Z,player-ensemble-1.0,player-sim-2.0,player-sim-3.0-candidate,recommended_for_live_promotion,0.2,0.5,0.4,1.0,fpl-2026-27,1.0,4,226597,Gabriel,1,Arsenal,Defender,8.0,4.373,0.0,4.373,76.38,1.2000000000000002,4.0,7.6000000000000005,0.5467,4.728,1,4,9,2.953,0,2.0,8.0,0.035,0.0017
2026-08-28T11:27:35+00:00,2,2026-08-28T17:30:00Z,player-ensemble-1.0,player-sim-2.0,player-sim-3.0-candidate,recommended_for_live_promotion,0.2,0.5,0.4,1.0,fpl-2026-27,1.0,5,445122,J.Timber,1,Arsenal,Defender,6.5,0.0,0.0,0.0,0.0,0.0,0.0,0.0,0.0,0.0,0,0,0,0.0,0,0,0,0.0,0.0
2026-08-28T11:27:35+00:00,2,2026-08-28T17:30:00Z,player-ensemble-1.0,player-sim-2.0,player-sim-3.0-candidate,recommended_for_live_promotion,0.2,0.5,0.4,1.0,fpl-2026-27,1.0,6,462424,Saliba,1,Arsenal,Defender,6.0,0.0,0.0,0.0,0.0,0.0,0.0,0.0,0.0,0.0,0,0,0,0.0,0,0,0,0.0,0.0
2026-08-28T11:27:35+00:00,2,2026-08-28T17:30:00Z,player-ensemble-1.0,player-sim-2.0,player-sim-3.0-candidate,recommended_for_live_promotion,0.2,0.5,0.4,1.0,fpl-2026-27,1.0437,7,499169,Lewis-Skelly,1,Arsenal,Midfielder,5.5,0.977,0.0,0.977,26.65,0.0,0.6000000000000001,2.4000000000000004,0.1776,0.833,0,0,3,1.552,0,1.0,3.0,0.0,0.0
2026-08-28T11:27:35+00:00,2,2026-08-28T17:30:00Z,player-ensemble-1.0,player-sim-2.0,player-sim-3.0-candidate,recommended_for_live_promotion,0.2,0.5,0.4,1.0,fpl-2026-27,1.0,8,466075,Calafiori,1,Arsenal,Defender,5.6,3.185,0.0,3.185,52.79,0.2,2.4000000000000004,6.4,0.5688,3.3,0,2,7,2.725,0,1.0,7.0,0.0317,0.0083
2026-08-28T11:27:35+00:00,2,2026-08-28T17:30:00Z,player-ensemble-1.0,player-sim-2.0,player-sim-3.0-candidate,recommended_for_live_promotion,0.2,0.5,0.4,1.0,fpl-2026-27,1.0,9,448104,Hincapie,1,Arsenal,Defender,5.4,2.286,0.0,2.286,42.08,0.2,1.6,5.6000000000000005,0.4233,2.482,0,1,6,1.502,0,1.0,6.0,0.0033,0.0
2026-08-28T11:27:35+00:00,2,2026-08-28T17:30:00Z,player-ensemble-1.0,player-sim-2.0,player-sim-3.0-candidate,recommended_for_live_promotion,0.2,0.5,0.4,1.0,fpl-2026-27,1.0,10,198869,White,1,Arsenal,Defender,5.5,2.246,0.0,2.246,32.07,0.0,1.2000000000000002,6.200000000000001,0.4083,2.093,0,0,7,2.855,0,1.0,7.0,0.0383,0.0033
2026-08-28T11:27:35+00:00,2,2026-08-28T17:30:00Z,player-ensemble-1.0,player-sim-2.0,player-sim-3.0-candidate,recommended_for_live_promotion,0.2,0.5,0.4,1.0,fpl-2026-27,1.0,11,500040,Mosquera,1,Arsenal,Defender,5.5,2.021,0.0,2.021,35.23,0.0,1.2000000000000002,5.6000000000000005,0.3674,1.9,0,1,6,2.503,0,1.0,7.0,0.01,0.0
2026-08-28T11:27:35+00:00,2,2026-08-28T17:30:00Z,player-ensemble-1.0,player-sim-2.0,player-sim-3.0-candidate,recommended_for_live_promotion,0.2,0.5,0.4,1.0,fpl-2026-27,1.0437,12,223340,Saka,1,Arsenal,Midfielder,9.5,3.579,0.0,3.579,59.26,0.8,3.0000000000000004,7.0,0.3767,3.795,1,3,8,2.713,0,2.0,8.0,0.0417,0.0117
2026-08-28T11:27:35+00:00,2,2026-08-28T17:30:00Z,player-ensemble-1.0,player-sim-2.0,player-sim-3.0-candidate,recommended_for_live_promotion,0.2,0.5,0.4,1.0,fpl-2026-27,1.0437,13,204480,Rice,1,Arsenal,Midfielder,7.5,3.587,0.0,3.587,79.05,1.6,3.2,6.4,0.4783,3.94,2,3,7,2.175,0,2.0,6.0,0.01,0.0
2026-08-28T11:27:35+00:00,2,2026-08-28T17:30:00Z,player-ensemble-1.0,player-sim-2.0,player-sim-3.0-candidate,recommended_for_live_promotion,0.2,0.5,0.4,1.0,fpl-2026-27,1.0437,14,232413,Eze,1,Arsenal,Midfielder,6.5,2.038,0.0,2.038,43.18,0.2,1.6,4.6000000000000005,0.3136,2.227,0,1,5,1.285,0,1.0,3.0,0.0083,0.0
2026-08-28T11:27:35+00:00,2,2026-08-28T17:30:00Z,player-ensemble-1.0,player-sim-2.0,player-sim-3.0-candidate,recommended_for_live_promotion,0.2,0.5,0.4,1.0,fpl-2026-27,1.0437,15,184029,Ødegaard,1,Arsenal,Midfielder,6.6,2.088,0.0,2.088,41.45,0.0,1.6,4.6,0.3164,2.087,0,2,5,2.093,0,2.0,6.0,0.0083,0.0017
2026-08-28T11:27:35+00:00,2,2026-08-28T17:30:00Z,player-ensemble-1.0,player-sim-2.0,player-sim-3.0-candidate,recommended_for_live_promotion,0.2,0.5,0.4,1.0,fpl-2026-27,1.0437,16,248857,Madueke,1,Arsenal,Midfielder,6.4,1.609,0.0,1.609,31.67,0.0,1.0,3.4000000000000004,0.2515,1.68,0,1,4,1.327,0,1.0,3.0,0.0083,0.0017
2026-08-28T11:27:35+00:00,2,2026-08-28T17:30:00Z,player-ensemble-1.0,player-sim-2.0,player-sim-3.0-candidate,recommended_for_live_promotion,0.2,0.5,0.4,1.0,fpl-2026-27,1.0437,17,195384,Merino,1,Arsenal,Midfielder,6.0,1.443,0.0,1.443,26.38,0.0,0.8,4.2,0.2405,1.483,0,1,5,1.28,0,1.0,3.0,0.005,0.0033
2026-08-28T11:27:35+00:00,2,2026-08-28T17:30:00Z,player-ensemble-1.0,player-sim-2.0,player-sim-3.0-candidate,recommended_for_live_promotion,0.2,0.5,0.4,1.0,fpl-2026-27,1.0437,18,444145,Martinelli,1,Arsenal,Midfielder,6.4,1.052,0.0,1.052,23.84,0.0,0.2,2.8000000000000003,0.1644,1.107,0,0,3,0.835,0,0,3.0,0.0017,0.0
2026-08-28T11:27:35+00:00,2,2026-08-28T17:30:00Z,player-ensemble-1.0,player-sim-2.0,player-sim-3.0-candidate,recommended_for_live_promotion,0.2,0.5,0.4,1.0,fpl-2026-27,1.0437,19,481655,Zubimendi,1,Arsenal,Midfielder,5.5,2.543,0.0,2.543,72.34,0.8,2.4000000000000004,4.4,0.4623,2.895,1,3,5,1.133,0,1.0,3.0,0.0033,0.0
2026-08-28T11:27:35+00:00,2,2026-08-28T17:30:00Z,player-ensemble-1.0,player-sim-2.0,player-sim-3.0-candidate,recommended_for_live_promotion,0.2,0.5,0.4,1.0,fpl-2026-27,1.0437,20,616077,Dowman,1,Arsenal,Midfielder,5.4,0.272,0.0,0.272,1.84,0.0,0.0,0.8,0.0503,0.125,0,0,0,0.858,0,0,3.0,0.0067,0.0017
2026-08-28T11:27:35+00:00,2,2026-08-28T17:30:00Z,player-ensemble-1.0,player-sim-2.0,player-sim-3.0-candidate,recommended_for_live_promotion,0.2,0.5,0.4,1.0,fpl-2026-27,1.0437,22,499175,Nwaneri,1,Arsenal,Midfielder,5.5,0.208,0.0,0.208,1.2,0.0,0.0,0.8,0.0378,0.085,0,0,0,0.698,0,0,2.0,0.0017,0.0
2026-08-28T11:27:35+00:00,2,2026-08-28T17:30:00Z,player-ensemble-1.0,player-sim-2.0,player-sim-3.0-candidate,recommended_for_live_promotion,0.2,0.5,0.4,1.0,fpl-2026-27,1.0437,23,438098,Fábio Vieira,1,Arsenal,Midfielder,5.5,0.873,0.0,0.873,22.71,0.0,0.2,2.4000000000000004,0.1588,0.92,0,0,3,0.687,0,0,3.0,0.0017,0.0
2026-08-28T11:27:35+00:00,2,2026-08-28T17:30:00Z,player-ensemble-1.0,player-sim-2.0,player-sim-3.0-candidate,recommended_for_live_promotion,0.2,0.5,0.4,1.0,fpl-2026-27,1.0437,24,200641,Nelson,1,Arsenal,Midfielder,5.5,0.204,0.0,0.204,1.1,0.0,0.0,0.6000000000000001,0.0371,0.072,0,0,0,0.733,0,0,3.0,0.0017,0.0
2026-08-28T11:27:35+00:00,2,2026-08-28T17:30:00Z,player-ensemble-1.0,player-sim-2.0,player-sim-3.0-candidate,recommended_for_live_promotion,0.2,0.5,0.4,1.0,fpl-2026-27,1.035,25,224117,Gyökeres,1,Arsenal,Forward,7.4,2.168,0.0,2.168,47.71,0.0,1.6,5.000000000000001,0.293,2.538,0,2,6,0.687,0,0,2.0,0.0083,0.0017
2026-08-28T11:27:35+00:00,2,2026-08-28T17:30:00Z,player-ensemble-1.0,player-sim-2.0,player-sim-3.0-candidate,recommended_for_live_promotion,0.2,0.5,0.4,1.0,fpl-2026-27,1.035,26,219847,Havertz,1,Arsenal,Forward,7.5,1.173,0.0,1.173,24.02,0.0,0.4,3.2,0.1564,1.025,0,0,3,1.765,0,1.0,5.0,0.02,0.0017
2026-08-28T11:27:35+00:00,2,2026-08-28T17:30:00Z,player-ensemble-1.0,player-sim-2.0,player-sim-3.0-candidate,recommended_for_live_promotion,0.2,0.5,0.4,1.0,fpl-2026-27,1.035,27,205651,G.Jesus,1,Arsenal,Forward,6.0,0.357,0.0,0.357,6.79,0.0,0.0,1.0,0.0595,0.277,0,0,1,0.678,0,0,2.0,0.0033,0.0
2026-08-28T11:27:35+00:00,2,2026-08-28T17:30:00Z,player-ensemble-1.0,player-sim-2.0,player-sim-3.0-candidate,recommended_for_live_promotion,0.2,0.5,0.4,1.0,fpl-2026-27,1.0,31,199798,Konsa,1,Arsenal,Defender,4.5,2.756,0.0,2.756,63.73,0.0,1.6,5.800000000000001,0.6124,3.202,0,2,6,0.973,0,0,6.0,0.0017,0.0
2026-08-28T11:27:35+00:00,2,2026-08-28T17:30:00Z,player-ensemble-1.0,player-sim-2.0,player-sim-3.0-candidate,recommended_for_live_promotion,0.2,0.5,0.4,1.0,fpl-2026-27,1.0437,452,208706,Bruno G.,1,Arsenal,Midfielder,6.9,1.872,0.0,1.872,38.88,0.0,0.8,5.4,0.2713,2.185,0,1,6,0.622,0,0,2.0,0.005,0.0
2026-08-28T11:27:35+00:00,2,2026-08-28T17:30:00Z,player-ensemble-1.0,player-sim-2.0,player-sim-3.0-candidate,recommended_for_live_promotion,0.2,0.5,0.4,1.0,fpl-2026-27,1.0437,557,439509,Tzolis,1,Arsenal,Midfielder,6.5,0.864,0.0,0.864,16.96,0.0,0.6000000000000001,2.4000000000000004,0.133,0.648,0,0,3,1.728,0,2.0,3.0,0.0017,0.0
2026-08-28T11:27:35+00:00,2,2026-08-28T17:30:00Z,player-ensemble-1.0,player-sim-2.0,player-sim-3.0-candidate,recommended_for_live_promotion,0.2,0.5,0.4,1.0,fpl-2026-27,1.07,28,98980,Martinez,2,Aston Villa,Goalkeeper,5.0,1.625,0.0,1.625,61.43,0.0,1.6,3.2,0.325,1.915,0,1,4,0.465,0,0,2.0,0.0,0.0
2026-08-28T11:27:35+00:00,2,2026-08-28T17:30:00Z,player-ensemble-1.0,player-sim-2.0,player-sim-3.0-candidate,recommended_for_live_promotion,0.2,0.5,0.4,1.0,fpl-2026-27,1.07,29,72147,M.Bizot,2,Aston Villa,Goalkeeper,4.5,0.94,0.0,0.94,29.98,0.0,0.4,2.4000000000000004,0.209,0.895,0,0,3,1.122,0.0,0,3.0,0.0,0.0
2026-08-28T11:27:35+00:00,2,2026-08-28T17:30:00Z,player-ensemble-1.0,player-sim-2.0,player-sim-3.0-candidate,recommended_for_live_promotion,0.2,0.5,0.4,1.0,fpl-2026-27,1.0,30,101188,Digne,2,Aston Villa,Defender,4.5,0.0,0.0,0.0,0.0,0.0,0.0,0.0,0.0,0.0,0,0,0,0.0,0,0,0,0.0,0.0
2026-08-28T11:27:35+00:00,2,2026-08-28T17:30:00Z,player-ensemble-1.0,player-sim-2.0,player-sim-3.0-candidate,recommended_for_live_promotion,0.2,0.5,0.4,1.0,fpl-2026-27,1.0,32,199796,Cash,2,Aston Villa,Defender,4.5,1.821,0.0,1.821,81.1,0.0,1.2000000000000002,4.800000000000001,0.4046,2.003,0,1,6,1.09,0,0,4.0,0.005,0.0
2026-08-28T11:27:35+00:00,2,2026-08-28T17:30:00Z,player-ensemble-1.0,player-sim-2.0,player-sim-3.0-candidate,recommended_for_live_promotion,0.2,0.5,0.4,1.0,fpl-2026-27,1.0,33,149484,Mings,2,Aston Villa,Defender,4.5,1.059,0.0,1.059,30.83,0.0,0.8,2.4000000000000004,0.2354,1.118,0,1,3,0.823,0,1.0,2.0,0.0017,0.0
2026-08-28T11:27:35+00:00,2,2026-08-28T17:30:00Z,player-ensemble-1.0,player-sim-2.0,player-sim-3.0-candidate,recommended_for_live_promotion,0.2,0.5,0.4,1.0,fpl-2026-27,1.0,34,244954,Pau,2,Aston Villa,Defender,4.5,1.374,0.0,1.374,46.86,0.0,1.0,3.2,0.3053,1.41,0,1,4,1.23,0,1.0,4.0,0.0067,0.0
2026-08-28T11:27:35+00:00,2,2026-08-28T17:30:00Z,player-ensemble-1.0,player-sim-2.0,player-sim-3.0-candidate,recommended_for_live_promotion,0.2,0.5,0.4,1.0,fpl-2026-27,1.0437,35,515597,Bogarde,2,Aston Villa,Midfielder,5.0,0.802,0.0,0.802,21.94,0.0,0.8,1.8,0.1604,0.777,0,1,2,0.903,0,1.0,2.0,0.0017,0.0
2026-08-28T11:27:35+00:00,2,2026-08-28T17:30:00Z,player-ensemble-1.0,player-sim-2.0,player-sim-3.0-candidate,recommended_for_live_promotion,0.2,0.5,0.4,1.0,fpl-2026-27,1.0,36,441302,Maatsen,2,Aston Villa,Defender,4.5,1.631,0.0,1.631,48.55,0.0,1.0,4.2,0.3624,1.673,0,1,5,1.46,0,1.0,6.0,0.005,0.0017
2026-08-28T11:27:35+00:00,2,2026-08-28T17:30:00Z,player-ensemble-1.0,player-sim-2.0,player-sim-3.0-candidate,recommended_for_live_promotion,0.2,0.5,0.4,1.0,fpl-2026-27,1.0,37,184667,Lindelöf,2,Aston Villa,Defender,4.5,0.84,0.0,0.84,36.23,0.0,0.4,2.2,0.1866,0.792,0,0,2,1.032,0,0,3.0,0.0,0.0
2026-08-28T11:27:35+00:00,2,2026-08-28T17:30:00Z,player-ensemble-1.0,player-sim-2.0,player-sim-3.0-candidate,recommended_for_live_promotion,0.2,0.5,0.4,1.0,fpl-2026-27,1.0,38,606798,A.García,2,Aston Villa,Defender,4.0,0.138,0.0,0.138,1.3,0.0,0.0,0.4,0.0344,0.037,0,0,0,0.542,0,0,2.0,0.0017,0.0
2026-08-28T11:27:35+00:00,2,2026-08-28T17:30:00Z,player-ensemble-1.0,player-sim-2.0,player-sim-3.0-candidate,recommended_for_live_promotion,0.2,0.5,0.4,1.0,fpl-2026-27,1.0,39,578545,Nedeljkovic,2,Aston Villa,Defender,4.0,0.0,0.0,0.0,0.0,0.0,0.0,0.0,0.0,0.0,0,0,0,0.0,0,0,0,0.0,0.0
2026-08-28T11:27:35+00:00,2,2026-08-28T17:30:00Z,player-ensemble-1.0,player-sim-2.0,player-sim-3.0-candidate,recommended_for_live_promotion,0.2,0.5,0.4,1.0,fpl-2026-27,1.0437,41,195546,Buendía,2,Aston Villa,Midfielder,6.0,2.248,0.0,2.248,50.52,0.2,1.8,5.4,0.3746,2.352,0,2,6,1.832,0,2.0,5.0,0.005,0.0
2026-08-28T11:27:35+00:00,2,2026-08-28T17:30:00Z,player-ensemble-1.0,player-sim-2.0,player-sim-3.0-candidate,recommended_for_live_promotion,0.2,0.5,0.4,1.0,fpl-2026-27,1.0437,44,215711,Bailey,2,Aston Villa,Midfielder,5.5,0.377,0.0,0.377,7.82,0.0,0.0,1.0,0.0685,0.3,0,0,1,0.685,0,0,2.0,0.0017,0.0
2026-08-28T11:27:35+00:00,2,2026-08-28T17:30:00Z,player-ensemble-1.0,player-sim-2.0,player-sim-3.0-candidate,recommended_for_live_promotion,0.2,0.5,0.4,1.0,fpl-2026-27,1.0437,45,122806,McGinn,2,Aston Villa,Midfielder,5.5,2.303,0.0,2.303,61.56,0.8,2.0,4.6,0.4187,2.47,1,2,5,1.635,0,1.0,3.0,0.0083,0.0
2026-08-28T11:27:35+00:00,2,2026-08-28T17:30:00Z,player-ensemble-1.0,player-sim-2.0,player-sim-3.0-candidate,recommended_for_live_promotion,0.2,0.5,0.4,1.0,fpl-2026-27,1.0437,46,88894,Barkley,2,Aston Villa,Midfielder,5.0,1.309,0.0,1.309,30.23,0.0,0.8,3.2,0.2619,1.205,0,0,3,1.727,0,2.0,4.0,0.0067,0.0
2026-08-28T11:27:35+00:00,2,2026-08-28T17:30:00Z,player-ensemble-1.0,player-sim-2.0,player-sim-3.0-candidate,recommended_for_live_promotion,0.2,0.5,0.4,1.0,fpl-2026-27,1.0437,47,226944,Kamara,2,Aston Villa,Midfielder,5.0,1.544,0.0,1.544,45.37,0.0,1.4000000000000001,3.0000000000000004,0.3087,1.562,0,1,3,1.472,0,1.0,3.0,0.0017,0.0
2026-08-28T11:27:35+00:00,2,2026-08-28T17:30:00Z,player-ensemble-1.0,player-sim-2.0,player-sim-3.0-candidate,recommended_for_live_promotion,0.2,0.5,0.4,1.0,fpl-2026-27,1.0437,48,449871,Onana,2,Aston Villa,Midfielder,5.0,0.0,0.0,0.0,0.0,0.0,0.0,0.0,0.0,0.0,0,0,0,0.0,0,0,0,0.0,0.0
2026-08-28T11:27:35+00:00,2,2026-08-28T17:30:00Z,player-ensemble-1.0,player-sim-2.0,player-sim-3.0-candidate,recommended_for_live_promotion,0.2,0.5,0.4,1.0,fpl-2026-27,1.0437,49,469247,Iling Jr,2,Aston Villa,Midfielder,5.0,0.0,0.0,0.0,0.0,0.0,0.0,0.0,0.0,0.0,0,0,0,0.0,0,0,0,0.0,0.0
2026-08-28T11:27:35+00:00,2,2026-08-28T17:30:00Z,player-ensemble-1.0,player-sim-2.0,player-sim-3.0-candidate,recommended_for_live_promotion,0.2,0.5,0.4,1.0,fpl-2026-27,1.0437,50,645618,Burrowes,2,Aston Villa,Midfielder,4.5,0.123,0.0,0.123,0.12,0.0,0.0,0.4,0.0273,0.005,0,0,0,0.595,0,0,2.0,0.0,0.0
2026-08-28T11:27:35+00:00,2,2026-08-28T17:30:00Z,player-ensemble-1.0,player-sim-2.0,player-sim-3.0-candidate,recommended_for_live_promotion,0.2,0.5,0.4,1.0,fpl-2026-27,1.0437,51,577285,George Hemmings,2,Aston Villa,Midfielder,4.5,0.716,0.0,0.716,15.26,0.0,0.4,2.0,0.1591,0.535,0,0,2,1.44,0,1.0,3.0,0.0017,0.0
2026-08-28T11:27:35+00:00,2,2026-08-28T17:30:00Z,player-ensemble-1.0,player-sim-2.0,player-sim-3.0-candidate,recommended_for_live_promotion,0.2,0.5,0.4,1.0,fpl-2026-27,1.0437,52,653481,Alysson,2,Aston Villa,Midfielder,5.0,0.353,0.0,0.353,3.18,0.0,0.2,1.0,0.0706,0.187,0,0,1,1.018,0.0,1.0,2.0,0.0017,0.0
2026-08-28T11:27:35+00:00,2,2026-08-28T17:30:00Z,player-ensemble-1.0,player-sim-2.0,player-sim-3.0-candidate,recommended_for_live_promotion,0.2,0.5,0.4,1.0,fpl-2026-27,1.0437,53,614071,Manzambi,2,Aston Villa,Midfielder,6.0,0.0,0.0,0.0,0.0,0.0,0.0,0.0,0.0,0.0,0,0,0,0.0,0,0,0,0.0,0.0
2026-08-28T11:27:35+00:00,2,2026-08-28T17:30:00Z,player-ensemble-1.0,player-sim-2.0,player-sim-3.0-candidate,recommended_for_live_promotion,0.2,0.5,0.4,1.0,fpl-2026-27,1.0437,54,448089,Gomes,2,Aston Villa,Midfielder,5.5,0.0,0.0,0.0,0.0,0.0,0.0,0.0,0.0,0.0,0,0,0,0.0,0,0,0,0.0,0.0
2026-08-28T11:27:35+00:00,2,2026-08-28T17:30:00Z,player-ensemble-1.0,player-sim-2.0,player-sim-3.0-candidate,recommended_for_live_promotion,0.2,0.5,0.4,1.0,fpl-2026-27,1.035,55,178301,Watkins,2,Aston Villa,Forward,7.9,2.861,0.0,2.861,62.42,0.0,2.4000000000000004,6.4,0.3622,3.362,0,2,8,0.86,0,0,2.0,0.0183,0.0033
2026-08-28T11:27:35+00:00,2,2026-08-28T17:30:00Z,player-ensemble-1.0,player-sim-2.0,player-sim-3.0-candidate,recommended_for_live_promotion,0.2,0.5,0.4,1.0,fpl-2026-27,1.035,56,173879,Abraham,2,Aston Villa,Forward,5.5,0.202,0.0,0.202,2.58,0.0,0.0,0.6000000000000001,0.0368,0.137,0,0,0,0.465,0,0,2.0,0.005,0.0033
2026-08-28T11:27:35+00:00,2,2026-08-28T17:30:00Z,player-ensemble-1.0,player-sim-2.0,player-sim-3.0-candidate,recommended_for_live_promotion,0.2,0.5,0.4,1.0,fpl-2026-27,1.0437,160,493105,Garnacho,2,Aston Villa,Midfielder,6.0,1.526,0.0,1.526,29.54,0.0,1.0,4.0,0.2543,1.615,0,1,4,1.17,0,1.0,3.0,0.0083,0.0
2026-08-28T11:27:35+00:00,2,2026-08-28T17:30:00Z,player-ensemble-1.0,player-sim-2.0,player-sim-3.0-candidate,recommended_for_live_promotion,0.2,0.5,0.4,1.0,fpl-2026-27,1.035,582,690838,Madjo,2,Aston Villa,Forward,5.5,0.0,0.0,0.0,0.0,0.0,0.0,0.0,0.0,0.0,0,0,0,0.0,0,0,0,0.0,0.0
2026-08-28T11:27:35+00:00,2,2026-08-28T17:30:00Z,player-ensemble-1.0,player-sim-2.0,player-sim-3.0-candidate,recommended_for_live_promotion,0.2,0.5,0.4,1.0,fpl-2026-27,1.0,596,487992,Ruggeri,2,Aston Villa,Defender,4.5,0.841,0.0,0.841,24.94,0.0,0.2,2.0,0.187,0.82,0,0,2,0.927,0,1.0,2.0,0.0017,0.0
2026-08-28T11:27:35+00:00,2,2026-08-28T17:30:00Z,player-ensemble-1.0,player-sim-2.0,player-sim-3.0-candidate,recommended_for_live_promotion,0.2,0.5,0.4,1.0,fpl-2026-27,1.07,597,433969,Suzuki,2,Aston Villa,Goalkeeper,5.0,0.471,0.0,0.471,18.28,0.0,0.0,1.6,0.0943,0.503,0,0,2,0.343,0,0,1.0,0.0,0.0
2026-08-28T11:27:35+00:00,2,2026-08-28T17:30:00Z,player-ensemble-1.0,player-sim-2.0,player-sim-3.0-candidate,recommended_for_live_promotion,0.2,0.5,0.4,1.0,fpl-2026-27,1.0,606,569577,Rowe,2,Aston Villa,Defender,4.0,0.743,0.0,0.743,25.95,0.0,0.0,2.4000000000000004,0.1857,0.805,0,0,3,0.495,0,0,2.0,0.0,0.0
2026-08-28T11:27:35+00:00,2,2026-08-28T17:30:00Z,player-ensemble-1.0,player-sim-2.0,player-sim-3.0-candidate,recommended_for_live_promotion,0.2,0.5,0.4,1.0,fpl-2026-27,1.0437,607,571380,Lynch,2,Aston Villa,Midfielder,4.5,0.824,0.0,0.824,24.39,0.0,0.4,2.4000000000000004,0.1832,0.858,0,0,3,0.688,0,0,2.0,0.0,0.0
2026-08-28T11:27:35+00:00,2,2026-08-28T17:30:00Z,player-ensemble-1.0,player-sim-2.0,player-sim-3.0-candidate,recommended_for_live_promotion,0.2,0.5,0.4,1.0,fpl-2026-27,1.0,611,214590,Wan-Bissaka,2,Aston Villa,Defender,4.5,1.537,0.0,1.537,55.98,0.2,1.2000000000000002,3.4000000000000004,0.3416,1.512,0,1,4,1.638,0.0,1.0,4.0,0.005,0.0
2026-08-28T11:27:35+00:00,2,2026-08-28T17:30:00Z,player-ensemble-1.0,player-sim-2.0,player-sim-3.0-candidate,recommended_for_live_promotion,0.2,0.5,0.4,1.0,fpl-2026-27,1.07,57,457569,Petrović,3,Bournemouth,Goalkeeper,4.5,2.85,0.0,2.85,88.86,0.8,2.4000000000000004,5.6000000000000005,0.6333,3.152,1,3,7,1.643,0,0,6.0,0.0017,0.0
2026-08-28T11:27:35+00:00,2,2026-08-28T17:30:00Z,player-ensemble-1.0,player-sim-2.0,player-sim-3.0-candidate,recommended_for_live_promotion,0.2,0.5,0.4,1.0,fpl-2026-27,1.07,58,40383,Forster,3,Bournemouth,Goalkeeper,4.0,0.731,0.0,0.731,19.25,0.0,0.0,2.4000000000000004,0.1827,0.78,0,0,3,0.533,0,0,2.0,0.0,0.0
2026-08-28T11:27:35+00:00,2,2026-08-28T17:30:00Z,player-ensemble-1.0,player-sim-2.0,player-sim-3.0-candidate,recommended_for_live_promotion,0.2,0.5,0.4,1.0,fpl-2026-27,1.07,59,444172,Dennis,3,Bournemouth,Goalkeeper,4.0,0.0,0.0,0.0,0.0,0.0,0.0,0.0,0.0,0.0,0,0,0,0.0,0,0,0,0.0,0.0
2026-08-28T11:27:35+00:00,2,2026-08-28T17:30:00Z,player-ensemble-1.0,player-sim-2.0,player-sim-3.0-candidate,recommended_for_live_promotion,0.2,0.5,0.4,1.0,fpl-2026-27,1.0,60,463981,Hill,3,Bournemouth,Defender,5.5,2.548,0.0,2.548,59.97,0.6000000000000001,2.0,5.8,0.4632,2.665,0,2,6,2.078,0,1.0,6.0,0.0117,0.0
2026-08-28T11:27:35+00:00,2,2026-08-28T17:30:00Z,player-ensemble-1.0,player-sim-2.0,player-sim-3.0-candidate,recommended_for_live_promotion,0.2,0.5,0.4,1.0,fpl-2026-27,1.0,61,494521,Truffert,3,Bournemouth,Defender,5.5,3.325,0.0,3.325,88.14,0.8,2.8000000000000003,6.4,0.6045,3.665,1,3,7,1.963,0,1.0,6.0,0.0083,0.0017
2026-08-28T11:27:35+00:00,2,2026-08-28T17:30:00Z,player-ensemble-1.0,player-sim-2.0,player-sim-3.0-candidate,recommended_for_live_promotion,0.2,0.5,0.4,1.0,fpl-2026-27,1.0,62,242882,Diakité,3,Bournemouth,Defender,5.0,1.171,0.0,1.171,28.18,0.0,0.8,4.0,0.2341,1.26,0,0,5,0.813,0,0,3.0,0.0017,0.0
2026-08-28T11:27:35+00:00,2,2026-08-28T17:30:00Z,player-ensemble-1.0,player-sim-2.0,player-sim-3.0-candidate,recommended_for_live_promotion,0.2,0.5,0.4,1.0,fpl-2026-27,1.0,63,620487,Milosavljević,3,Bournemouth,Defender,5.0,0.0,0.0,0.0,0.0,0.0,0.0,0.0,0.0,0.0,0,0,0,0.0,0,0,0,0.0,0.0
2026-08-28T11:27:35+00:00,2,2026-08-28T17:30:00Z,player-ensemble-1.0,player-sim-2.0,player-sim-3.0-candidate,recommended_for_live_promotion,0.2,0.5,0.4,1.0,fpl-2026-27,1.0,64,54469,Smith,3,Bournemouth,Defender,4.5,1.427,0.0,1.427,38.92,0.0,1.0,4.0,0.317,1.348,0,1,5,1.74,0,1.0,6.0,0.0017,0.0
2026-08-28T11:27:35+00:00,2,2026-08-28T17:30:00Z,player-ensemble-1.0,player-sim-2.0,player-sim-3.0-candidate,recommended_for_live_promotion,0.2,0.5,0.4,1.0,fpl-2026-27,1.0,65,436893,J.Araujo,3,Bournemouth,Defender,4.5,0.0,0.0,0.0,0.0,0.0,0.0,0.0,0.0,0.0,0,0,0,0.0,0,0,0,0.0,0.0
2026-08-28T11:27:35+00:00,2,2026-08-28T17:30:00Z,player-ensemble-1.0,player-sim-2.0,player-sim-3.0-candidate,recommended_for_live_promotion,0.2,0.5,0.4,1.0,fpl-2026-27,1.0,66,575901,Soler,3,Bournemouth,Defender,4.0,0.15,0.0,0.15,0.25,0.0,0.0,0.6000000000000001,0.0374,0.013,0,0,0,0.695,0,0,2.0,0.005,0.0017
2026-08-28T11:27:35+00:00,2,2026-08-28T17:30:00Z,player-ensemble-1.0,player-sim-2.0,player-sim-3.0-candidate,recommended_for_live_promotion,0.2,0.5,0.4,1.0,fpl-2026-27,1.0437,67,499604,Rayan,3,Bournemouth,Midfielder,6.5,1.625,0.0,1.625,38.05,0.0,1.2000000000000002,4.0,0.25,1.557,0,1,4,1.898,0,2.0,5.0,0.0167,0.0033
2026-08-28T11:27:35+00:00,2,2026-08-28T17:30:00Z,player-ensemble-1.0,player-sim-2.0,player-sim-3.0-candidate,recommended_for_live_promotion,0.2,0.5,0.4,1.0,fpl-2026-27,1.0437,68,201658,Tavernier,3,Bournemouth,Midfielder,6.0,3.935,0.0,3.935,76.75,1.4000000000000001,3.2,7.6000000000000005,0.6558,4.318,1,3,9,2.402,0,2.0,7.0,0.0367,0.0133
2026-08-28T11:27:35+00:00,2,2026-08-28T17:30:00Z,player-ensemble-1.0,player-sim-2.0,player-sim-3.0-candidate,recommended_for_live_promotion,0.2,0.5,0.4,1.0,fpl-2026-27,1.0437,69,503139,Scott,3,Bournemouth,Midfielder,6.0,3.168,0.0,3.168,78.33,1.6,2.6000000000000005,5.800000000000001,0.528,3.507,1,3,7,1.813,0,1.0,4.0,0.01,0.0033
2026-08-28T11:27:35+00:00,2,2026-08-28T17:30:00Z,player-ensemble-1.0,player-sim-2.0,player-sim-3.0-candidate,recommended_for_live_promotion,0.2,0.5,0.4,1.0,fpl-2026-27,1.0437,70,222683,Kluivert,3,Bournemouth,Midfielder,6.0,1.487,0.0,1.487,31.55,0.0,0.8,3.6,0.2478,1.395,0,0,4,1.855,0,1.0,4.0,0.0133,0.0033
2026-08-28T11:27:35+00:00,2,2026-08-28T17:30:00Z,player-ensemble-1.0,player-sim-2.0,player-sim-3.0-candidate,recommended_for_live_promotion,0.2,0.5,0.4,1.0,fpl-2026-27,1.0437,71,155408,Cook,3,Bournemouth,Midfielder,5.0,1.28,0.0,1.28,32.46,0.0,0.8,3.2,0.2561,1.207,0,0,4,1.575,0,1.0,4.0,0.0017,0.0
2026-08-28T11:27:35+00:00,2,2026-08-28T17:30:00Z,player-ensemble-1.0,player-sim-2.0,player-sim-3.0-candidate,recommended_for_live_promotion,0.2,0.5,0.4,1.0,fpl-2026-27,1.0437,72,496208,Gannon-Doak,3,Bournemouth,Midfielder,5.0,0.408,0.0,0.408,3.43,0.0,0.2,1.0,0.0817,0.228,0,0,1,1.128,0,1.0,2.0,0.0017,0.0
2026-08-28T11:27:35+00:00,2,2026-08-28T17:30:00Z,player-ensemble-1.0,player-sim-2.0,player-sim-3.0-candidate,recommended_for_live_promotion,0.2,0.5,0.4,1.0,fpl-2026-27,1.0437,73,200785,Adams,3,Bournemouth,Midfielder,5.0,1.484,0.0,1.484,40.23,0.2,1.0,3.2,0.2968,1.577,0,1,3,1.113,0,1.0,3.0,0.0017,0.0
2026-08-28T11:27:35+00:00,2,2026-08-28T17:30:00Z,player-ensemble-1.0,player-sim-2.0,player-sim-3.0-candidate,recommended_for_live_promotion,0.2,0.5,0.4,1.0,fpl-2026-27,1.0437,74,111317,Brooks,3,Bournemouth,Midfielder,5.0,1.289,0.0,1.289,25.09,0.0,0.4,4.0,0.2578,1.382,0,0,5,0.918,0,0,3.0,0.015,0.0017
2026-08-28T11:27:35+00:00,2,2026-08-28T17:30:00Z,player-ensemble-1.0,player-sim-2.0,player-sim-3.0-candidate,recommended_for_live_promotion,0.2,0.5,0.4,1.0,fpl-2026-27,1.0437,75,158499,Christie,3,Bournemouth,Midfielder,5.0,0.786,0.0,0.786,18.66,0.0,0.0,2.4000000000000004,0.1571,0.813,0,0,3,0.675,0,0,2.0,0.005,0.0
2026-08-28T11:27:35+00:00,2,2026-08-28T17:30:00Z,player-ensemble-1.0,player-sim-2.0,player-sim-3.0-candidate,recommended_for_live_promotion,0.2,0.5,0.4,1.0,fpl-2026-27,1.0437,76,614574,Tóth.A,3,Bournemouth,Midfielder,5.0,0.421,0.0,0.421,5.68,0.0,0.2,1.0,0.0842,0.258,0,0,1,1.072,0,1.0,2.0,0.0033,0.0
2026-08-28T11:27:35+00:00,2,2026-08-28T17:30:00Z,player-ensemble-1.0,player-sim-2.0,player-sim-3.0-candidate,recommended_for_live_promotion,0.2,0.5,0.4,1.0,fpl-2026-27,1.0437,77,489888,Adli,3,Bournemouth,Midfielder,5.0,0.0,0.0,0.0,0.0,0.0,0.0,0.0,0.0,0.0,0,0,0,0.0,0,0,0,0.0,0.0
2026-08-28T11:27:35+00:00,2,2026-08-28T17:30:00Z,player-ensemble-1.0,player-sim-2.0,player-sim-3.0-candidate,recommended_for_live_promotion,0.2,0.5,0.4,1.0,fpl-2026-27,1.0437,78,560262,Kroupi.Jr,3,Bournemouth,Midfielder,7.5,0.0,0.0,0.0,0.0,0.0,0.0,0.0,0.0,0.0,0,0,0,0.0,0,0,0,0.0,0.0
2026-08-28T11:27:35+00:00,2,2026-08-28T17:30:00Z,player-ensemble-1.0,player-sim-2.0,player-sim-3.0-candidate,recommended_for_live_promotion,0.2,0.5,0.4,1.0,fpl-2026-27,1.035,79,444102,Evanilson,3,Bournemouth,Forward,6.0,3.08,0.0,3.08,73.53,1.2000000000000002,2.2,5.800000000000001,0.5133,3.44,1,2,6,1.638,0,1.0,5.0,0.0167,0.0017
2026-08-28T11:27:35+00:00,2,2026-08-28T17:30:00Z,player-ensemble-1.0,player-sim-2.0,player-sim-3.0-candidate,recommended_for_live_promotion,0.2,0.5,0.4,1.0,fpl-2026-27,1.035,80,168636,Enes Ünal,3,Bournemouth,Forward,5.5,0.0,0.0,0.0,0.0,0.0,0.0,0.0,0.0,0.0,0,0,0,0.0,0,0,0,0.0,0.0
2026-08-28T11:27:35+00:00,2,2026-08-28T17:30:00Z,player-ensemble-1.0,player-sim-2.0,player-sim-3.0-candidate,recommended_for_live_promotion,0.2,0.5,0.4,1.0,fpl-2026-27,1.035,81,561245,Rodríguez,3,Bournemouth,Forward,6.0,0.827,0.0,0.827,18.79,0.0,0.2,2.4000000000000004,0.1379,0.85,0,0,3,0.737,0,0,2.0,0.005,0.0
2026-08-28T11:27:35+00:00,2,2026-08-28T17:30:00Z,player-ensemble-1.0,player-sim-2.0,player-sim-3.0-candidate,recommended_for_live_promotion,0.2,0.5,0.4,1.0,fpl-2026-27,1.0,566,483067,Silva,3,Bournemouth,Defender,5.0,1.605,0.0,1.605,36.59,0.0,0.8,4.800000000000001,0.3209,1.565,0,0,6,1.763,0,1.0,6.0,0.0033,0.0
2026-08-28T11:27:35+00:00,2,2026-08-28T17:30:00Z,player-ensemble-1.0,player-sim-2.0,player-sim-3.0-candidate,recommended_for_live_promotion,0.2,0.5,0.4,1.0,fpl-2026-27,1.0,573,494928,Sanchez,3,Bournemouth,Defender,4.5,1.067,0.0,1.067,24.95,0.0,0.2,4.0,0.2372,1.125,0,0,4,0.837,0,0,3.0,0.0017,0.0
2026-08-28T11:27:35+00:00,2,2026-08-28T17:30:00Z,player-ensemble-1.0,player-sim-2.0,player-sim-3.0-candidate,recommended_for_live_promotion,0.2,0.5,0.4,1.0,fpl-2026-27,1.035,608,523700,Jebbison,3,Bournemouth,Forward,5.0,0.414,0.0,0.414,4.03,0.0,0.2,1.0,0.0827,0.253,0,0,1,1.055,0,1.0,2.0,0.0033,0.0017
2026-08-28T11:27:35+00:00,2,2026-08-28T17:30:00Z,player-ensemble-1.0,player-sim-2.0,player-sim-3.0-candidate,recommended_for_live_promotion,0.2,0.5,0.4,1.0,fpl-2026-27,1.08,615,230650,Di Gregorio,3,Bournemouth,Goalkeeper,4.5,0.837,0.0,0.837,20.62,0.0,0.0,2.8000000000000003,0.1859,0.863,0,0,3,0.73,0,0,3.0,0.0,0.0
2026-08-28T11:27:35+00:00,2,2026-08-28T17:30:00Z,player-ensemble-1.0,player-sim-2.0,player-sim-3.0-candidate,recommended_for_live_promotion,0.2,0.5,0.4,1.0,fpl-2026-27,1.07,82,200720,Kelleher,4,Brentford,Goalkeeper,5.0,4.282,0.0,4.282,86.98,1.6,4.4,6.800000000000001,0.8565,4.803,2,4,8,2.198,0,0,7.0,0.0117,0.0
2026-08-28T11:27:35+00:00,2,2026-08-28T17:30:00Z,player-ensemble-1.0,player-sim-2.0,player-sim-3.0-candidate,recommended_for_live_promotion,0.2,0.5,0.4,1.0,fpl-2026-27,1.07,83,507433,Valdimarsson,4,Brentford,Goalkeeper,4.5,0.284,0.0,0.284,2.64,0.0,0.0,1.2000000000000002,0.063,0.173,0,0,0,0.725,0,0,3.0,0.0,0.0
2026-08-28T11:27:35+00:00,2,2026-08-28T17:30:00Z,player-ensemble-1.0,player-sim-2.0,player-sim-3.0-candidate,recommended_for_live_promotion,0.2,0.5,0.4,1.0,fpl-2026-27,1.0,84,432830,Collins,4,Brentford,Defender,5.5,4.128,0.0,4.128,78.21,0.8,4.0,7.200000000000001,0.7506,4.47,1,4,8,2.762,0,1.0,8.0,0.045,0.005
2026-08-28T11:27:35+00:00,2,2026-08-28T17:30:00Z,player-ensemble-1.0,player-sim-2.0,player-sim-3.0-candidate,recommended_for_live_promotion,0.2,0.5,0.4,1.0,fpl-2026-27,1.0,85,444765,Van den Berg,4,Brentford,Defender,5.0,0.0,0.0,0.0,0.0,0.0,0.0,0.0,0.0,0.0,0,0,0,0.0,0,0,0,0.0,0.0
2026-08-28T11:27:35+00:00,2,2026-08-28T17:30:00Z,player-ensemble-1.0,player-sim-2.0,player-sim-3.0-candidate,recommended_for_live_promotion,0.2,0.5,0.4,1.0,fpl-2026-27,1.0437,86,249231,Lewis-Potter,4,Brentford,Midfielder,5.5,2.781,0.0,2.781,57.32,0.6000000000000001,2.4000000000000004,6.200000000000001,0.5056,2.857,0,2,7,2.478,0,2.0,7.0,0.035,0.0067
2026-08-28T11:27:35+00:00,2,2026-08-28T17:30:00Z,player-ensemble-1.0,player-sim-2.0,player-sim-3.0-candidate,recommended_for_live_promotion,0.2,0.5,0.4,1.0,fpl-2026-27,1.0,87,191866,Ajer,4,Brentford,Defender,4.5,2.969,0.0,2.969,53.41,0.2,2.4000000000000004,6.4,0.6598,3.065,0,2,8,2.585,0,1.0,8.0,0.0117,0.0
2026-08-28T11:27:35+00:00,2,2026-08-28T17:30:00Z,player-ensemble-1.0,player-sim-2.0,player-sim-3.0-candidate,recommended_for_live_promotion,0.2,0.5,0.4,1.0,fpl-2026-27,1.0,88,607464,Kayode,4,Brentford,Defender,4.6,4.093,0.0,4.093,83.74,1.6,4.0,7.0,0.8898,4.438,1,5,8,2.712,0,1.0,7.0,0.0417,0.0033
2026-08-28T11:27:35+00:00,2,2026-08-28T17:30:00Z,player-ensemble-1.0,player-sim-2.0,player-sim-3.0-candidate,recommended_for_live_promotion,0.2,0.5,0.4,1.0,fpl-2026-27,1.0,89,194010,Henry,4,Brentford,Defender,4.5,1.315,0.0,1.315,28.91,0.0,0.8,4.800000000000001,0.2922,1.427,0,0,6,0.868,0,0,5.0,0.0,0.0
2026-08-28T11:27:35+00:00,2,2026-08-28T17:30:00Z,player-ensemble-1.0,player-sim-2.0,player-sim-3.0-candidate,recommended_for_live_promotion,0.2,0.5,0.4,1.0,fpl-2026-27,1.0,90,472713,Hickey,4,Brentford,Defender,4.5,1.06,0.0,1.06,18.42,0.0,0.8,2.6000000000000005,0.2356,0.938,0,0,2,1.547,0,1.0,6.0,0.0083,0.0
2026-08-28T11:27:35+00:00,2,2026-08-28T17:30:00Z,player-ensemble-1.0,player-sim-2.0,player-sim-3.0-candidate,recommended_for_live_promotion,0.2,0.5,0.4,1.0,fpl-2026-27,1.0,92,570241,Ji-soo,4,Brentford,Defender,4.5,1.277,0.0,1.277,25.16,0.0,0.2,4.800000000000001,0.2838,1.372,0,0,6,0.898,0,0,4.0,0.0,0.0
2026-08-28T11:27:35+00:00,2,2026-08-28T17:30:00Z,player-ensemble-1.0,player-sim-2.0,player-sim-3.0-candidate,recommended_for_live_promotion,0.2,0.5,0.4,1.0,fpl-2026-27,1.0,93,513086,Schuster,4,Brentford,Defender,4.5,1.247,0.0,1.247,25.31,0.0,0.2,4.800000000000001,0.277,1.287,0,0,6,1.087,0,0,6.0,0.0033,0.0
2026-08-28T11:27:35+00:00,2,2026-08-28T17:30:00Z,player-ensemble-1.0,player-sim-2.0,player-sim-3.0-candidate,recommended_for_live_promotion,0.2,0.5,0.4,1.0,fpl-2026-27,1.0437,94,513418,Schade,4,Brentford,Midfielder,6.0,3.546,0.0,3.546,74.81,1.2000000000000002,2.6000000000000005,7.0,0.591,3.843,1,3,8,2.357,0,1.0,7.0,0.04,0.0067
2026-08-28T11:27:35+00:00,2,2026-08-28T17:30:00Z,player-ensemble-1.0,player-sim-2.0,player-sim-3.0-candidate,recommended_for_live_promotion,0.2,0.5,0.4,1.0,fpl-2026-27,1.0437,95,533463,O.Dango,4,Brentford,Midfielder,6.5,3.234,0.0,3.234,62.81,0.8,2.6000000000000005,6.6000000000000005,0.4976,3.488,1,3,8,2.218,0,2.0,6.0,0.0233,0.0033
2026-08-28T11:27:35+00:00,2,2026-08-28T17:30:00Z,player-ensemble-1.0,player-sim-2.0,player-sim-3.0-candidate,recommended_for_live_promotion,0.2,0.5,0.4,1.0,fpl-2026-27,1.0437,96,440089,Damsgaard,4,Brentford,Midfielder,5.5,2.379,0.0,2.379,47.94,0.8,1.8,4.800000000000001,0.4325,2.668,1,2,6,1.222,0,1.0,4.0,0.0,0.0
2026-08-28T11:27:35+00:00,2,2026-08-28T17:30:00Z,player-ensemble-1.0,player-sim-2.0,player-sim-3.0-candidate,recommended_for_live_promotion,0.2,0.5,0.4,1.0,fpl-2026-27,1.0437,97,207283,Jensen,4,Brentford,Midfielder,5.5,2.72,0.0,2.72,62.47,0.8,2.4000000000000004,5.000000000000001,0.4945,2.888,1,2,6,2.047,0,2.0,5.0,0.0083,0.0
2026-08-28T11:27:35+00:00,2,2026-08-28T17:30:00Z,player-ensemble-1.0,player-sim-2.0,player-sim-3.0-candidate,recommended_for_live_promotion,0.2,0.5,0.4,1.0,fpl-2026-27,1.0437,98,204580,Janelt,4,Brentford,Midfielder,5.0,2.127,0.0,2.127,47.32,0.0,1.6,4.800000000000001,0.4253,2.125,0,1,5,2.133,0,2.0,5.0,0.015,0.005
2026-08-28T11:27:35+00:00,2,2026-08-28T17:30:00Z,player-ensemble-1.0,player-sim-2.0,player-sim-3.0-candidate,recommended_for_live_promotion,0.2,0.5,0.4,1.0,fpl-2026-27,1.0437,99,543295,Milambo,4,Brentford,Midfielder,5.0,0.0,0.0,0.0,0.0,0.0,0.0,0.0,0.0,0.0,0,0,0,0.0,0,0,0,0.0,0.0
2026-08-28T11:27:35+00:00,2,2026-08-28T17:30:00Z,player-ensemble-1.0,player-sim-2.0,player-sim-3.0-candidate,recommended_for_live_promotion,0.2,0.5,0.4,1.0,fpl-2026-27,1.0437,100,244858,Carvalho,4,Brentford,Midfielder,5.0,0.214,0.0,0.214,1.84,0.0,0.0,0.6000000000000001,0.0429,0.095,0,0,0,0.692,0,0,3.0,0.0017,0.0
2026-08-28T11:27:35+00:00,2,2026-08-28T17:30:00Z,player-ensemble-1.0,player-sim-2.0,player-sim-3.0-candidate,recommended_for_live_promotion,0.2,0.5,0.4,1.0,fpl-2026-27,1.0437,102,508395,Yarmoliuk,4,Brentford,Midfielder,5.0,2.3,0.0,2.3,62.87,0.8,1.8,4.2,0.4599,2.578,1,2,5,1.185,0,1.0,3.0,0.0033,0.0
2026-08-28T11:27:35+00:00,2,2026-08-28T17:30:00Z,player-ensemble-1.0,player-sim-2.0,player-sim-3.0-candidate,recommended_for_live_promotion,0.2,0.5,0.4,1.0,fpl-2026-27,1.0437,103,183656,Dasilva,4,Brentford,Midfielder,5.0,0.168,0.0,0.168,0.0,0.0,0.0,0.6000000000000001,0.0336,0.0,0,0,0,0.84,0,0,3.0,0.005,0.0
2026-08-28T11:27:35+00:00,2,2026-08-28T17:30:00Z,player-ensemble-1.0,player-sim-2.0,player-sim-3.0-candidate,recommended_for_live_promotion,0.2,0.5,0.4,1.0,fpl-2026-27,1.0437,105,444180,Anthony,4,Brentford,Midfielder,6.0,2.527,0.0,2.527,64.34,0.8,2.0,4.800000000000001,0.4212,2.87,1,2,6,1.157,0,1.0,3.0,0.0017,0.0
2026-08-28T11:27:35+00:00,2,2026-08-28T17:30:00Z,player-ensemble-1.0,player-sim-2.0,player-sim-3.0-candidate,recommended_for_live_promotion,0.2,0.5,0.4,1.0,fpl-2026-27,1.035,106,502500,Thiago,4,Brentford,Forward,8.0,3.886,0.0,3.886,85.49,1.6,3.2,7.200000000000001,0.4857,4.288,1,3,8,2.275,0,1.0,7.0,0.0567,0.01
2026-08-28T11:27:35+00:00,2,2026-08-28T17:30:00Z,player-ensemble-1.0,player-sim-2.0,player-sim-3.0-candidate,recommended_for_live_promotion,0.2,0.5,0.4,1.0,fpl-2026-27,1.035,107,593174,Furo,4,Brentford,Forward,4.5,0.134,0.0,0.134,0.0,0.0,0.0,0.4,0.0298,0.0,0,0,0,0.672,0,0,2.0,0.0033,0.0
2026-08-28T11:27:35+00:00,2,2026-08-28T17:30:00Z,player-ensemble-1.0,player-sim-2.0,player-sim-3.0-candidate,recommended_for_live_promotion,0.2,0.5,0.4,1.0,fpl-2026-27,1.035,108,75115,Wilson,4,Brentford,Forward,5.5,1.577,0.0,1.577,27.97,0.0,1.0,4.800000000000001,0.2867,1.668,0,1,6,1.21,0,1.0,3.0,0.01,0.0017
2026-08-28T11:27:35+00:00,2,2026-08-28T17:30:00Z,player-ensemble-1.0,player-sim-2.0,player-sim-3.0-candidate,recommended_for_live_promotion,0.2,0.5,0.4,1.0,fpl-2026-27,1.0437,565,513545,M.Sangaré,4,Brentford,Midfielder,5.6,1.646,0.0,1.646,33.08,0.0,1.0,3.8000000000000003,0.294,1.557,0,1,4,2.005,0,2.0,4.0,0.0083,0.0017
2026-08-28T11:27:35+00:00,2,2026-08-28T17:30:00Z,player-ensemble-1.0,player-sim-2.0,player-sim-3.0-candidate,recommended_for_live_promotion,0.2,0.5,0.4,1.0,fpl-2026-27,1.07,109,489639,Verbruggen,5,Brighton,Goalkeeper,4.5,2.999,0.0,2.999,88.77,1.0,2.4000000000000004,5.6000000000000005,0.6664,3.36,1,3,7,1.553,0,0,6.0,0.0017,0.0
2026-08-28T11:27:35+00:00,2,2026-08-28T17:30:00Z,player-ensemble-1.0,player-sim-2.0,player-sim-3.0-candidate,recommended_for_live_promotion,0.2,0.5,0.4,1.0,fpl-2026-27,1.07,111,49262,Steele,5,Brighton,Goalkeeper,4.0,0.695,0.0,0.695,17.85,0.0,0.0,2.4000000000000004,0.1737,0.738,0,0,3,0.52,0,0,2.0,0.0,0.0
2026-08-28T11:27:35+00:00,2,2026-08-28T17:30:00Z,player-ensemble-1.0,player-sim-2.0,player-sim-3.0-candidate,recommended_for_live_promotion,0.2,0.5,0.4,1.0,fpl-2026-27,1.0,113,231416,F.Kadıoğlu,5,Brighton,Defender,4.5,2.142,0.0,2.142,68.74,0.0,1.6,5.000000000000001,0.476,2.492,0,2,6,0.743,0,0,2.0,0.0,0.0
2026-08-28T11:27:35+00:00,2,2026-08-28T17:30:00Z,player-ensemble-1.0,player-sim-2.0,player-sim-3.0-candidate,recommended_for_live_promotion,0.2,0.5,0.4,1.0,fpl-2026-27,1.0,114,204120,Boscagli,5,Brighton,Defender,4.5,1.429,0.0,1.429,31.16,0.0,0.8,4.2,0.3176,1.273,0,0,4,2.052,0,1.0,6.0,0.0017,0.0
2026-08-28T11:27:35+00:00,2,2026-08-28T17:30:00Z,player-ensemble-1.0,player-sim-2.0,player-sim-3.0-candidate,recommended_for_live_promotion,0.2,0.5,0.4,1.0,fpl-2026-27,1.0,115,465730,De Cuyper,5,Brighton,Defender,4.6,2.504,0.0,2.504,42.89,0.0,1.6,6.4,0.5443,2.408,0,1,7,2.887,0,1.0,8.0,0.0767,0.0167
2026-08-28T11:27:35+00:00,2,2026-08-28T17:30:00Z,player-ensemble-1.0,player-sim-2.0,player-sim-3.0-candidate,recommended_for_live_promotion,0.2,0.5,0.4,1.0,fpl-2026-27,1.0,116,83299,Dunk,5,Brighton,Defender,4.5,2.489,0.0,2.489,76.06,0.8,1.8,5.4,0.5531,2.72,1,2,6,1.565,0,1.0,6.0,0.005,0.0
2026-08-28T11:27:35+00:00,2,2026-08-28T17:30:00Z,player-ensemble-1.0,player-sim-2.0,player-sim-3.0-candidate,recommended_for_live_promotion,0.2,0.5,0.4,1.0,fpl-2026-27,1.0,117,550090,Coppola,5,Brighton,Defender,4.5,0.266,0.0,0.266,4.68,0.0,0.0,0.8,0.059,0.167,0,0,0,0.662,0,0,2.0,0.0,0.0
2026-08-28T11:27:35+00:00,2,2026-08-28T17:30:00Z,player-ensemble-1.0,player-sim-2.0,player-sim-3.0-candidate,recommended_for_live_promotion,0.2,0.5,0.4,1.0,fpl-2026-27,1.0,118,223434,Igor,5,Brighton,Defender,4.5,0.258,0.0,0.258,2.71,0.0,0.0,0.8,0.0574,0.125,0,0,0,0.792,0,0,3.0,0.0017,0.0
2026-08-28T11:27:35+00:00,2,2026-08-28T17:30:00Z,player-ensemble-1.0,player-sim-2.0,player-sim-3.0-candidate,recommended_for_live_promotion,0.2,0.5,0.4,1.0,fpl-2026-27,1.0,119,451490,Costinha,5,Brighton,Defender,4.5,1.152,0.0,1.152,27.45,0.0,0.8,3.2,0.2559,1.138,0,1,3,1.205,0.0,1.0,4.0,0.0,0.0
2026-08-28T11:27:35+00:00,2,2026-08-28T17:30:00Z,player-ensemble-1.0,player-sim-2.0,player-sim-3.0-candidate,recommended_for_live_promotion,0.2,0.5,0.4,1.0,fpl-2026-27,1.0,120,454490,Svoboda,5,Brighton,Defender,5.0,0.934,0.0,0.934,24.0,0.0,0.0,3.2,0.1868,0.98,0,0,3,0.75,0,0,2.0,0.0017,0.0
2026-08-28T11:27:35+00:00,2,2026-08-28T17:30:00Z,player-ensemble-1.0,player-sim-2.0,player-sim-3.0-candidate,recommended_for_live_promotion,0.2,0.5,0.4,1.0,fpl-2026-27,1.0437,121,451340,Mitoma,5,Brighton,Midfielder,6.0,0.0,0.0,0.0,0.0,0.0,0.0,0.0,0.0,0.0,0,0,0,0.0,0,0,0,0.0,0.0
2026-08-28T11:27:35+00:00,2,2026-08-28T17:30:00Z,player-ensemble-1.0,player-sim-2.0,player-sim-3.0-candidate,recommended_for_live_promotion,0.2,0.5,0.4,1.0,fpl-2026-27,1.0437,122,592031,Minteh,5,Brighton,Midfielder,6.0,0.0,0.0,0.0,0.0,0.0,0.0,0.0,0.0,0.0,0,0,0,0.0,0,0,0,0.0,0.0
2026-08-28T11:27:35+00:00,2,2026-08-28T17:30:00Z,player-ensemble-1.0,player-sim-2.0,player-sim-3.0-candidate,recommended_for_live_promotion,0.2,0.5,0.4,1.0,fpl-2026-27,1.0437,123,532529,Hinshelwood,5,Brighton,Midfielder,6.0,0.744,0.0,0.744,12.09,0.0,0.0,2.4000000000000004,0.124,0.732,0,0,2,0.792,0,0,2.0,0.0233,0.0067
2026-08-28T11:27:35+00:00,2,2026-08-28T17:30:00Z,player-ensemble-1.0,player-sim-2.0,player-sim-3.0-candidate,recommended_for_live_promotion,0.2,0.5,0.4,1.0,fpl-2026-27,1.0437,124,60307,Groß,5,Brighton,Midfielder,5.5,1.985,0.0,1.985,49.22,0.2,1.6,4.4,0.3609,2.023,0,2,5,1.832,0,2.0,5.0,0.0033,0.0
2026-08-28T11:27:35+00:00,2,2026-08-28T17:30:00Z,player-ensemble-1.0,player-sim-2.0,player-sim-3.0-candidate,recommended_for_live_promotion,0.2,0.5,0.4,1.0,fpl-2026-27,1.035,125,463067,Georginio,5,Brighton,Forward,5.5,1.543,0.0,1.543,40.18,0.0,1.2000000000000002,4.0,0.2806,1.627,0,1,5,1.21,0,0,4.0,0.005,0.0
2026-08-28T11:27:35+00:00,2,2026-08-28T17:30:00Z,player-ensemble-1.0,player-sim-2.0,player-sim-3.0-candidate,recommended_for_live_promotion,0.2,0.5,0.4,1.0,fpl-2026-27,1.0437,126,219249,O'Riley,5,Brighton,Midfielder,5.5,0.223,0.0,0.223,2.67,0.0,0.0,0.6000000000000001,0.0405,0.102,0,0,0,0.707,0,0,2.0,0.0,0.0
2026-08-28T11:27:35+00:00,2,2026-08-28T17:30:00Z,player-ensemble-1.0,player-sim-2.0,player-sim-3.0-candidate,recommended_for_live_promotion,0.2,0.5,0.4,1.0,fpl-2026-27,1.0437,127,514254,Gomez,5,Brighton,Midfielder,5.0,2.715,0.0,2.715,62.09,0.8,2.2,5.8,0.5431,2.89,1,2,7,2.017,0,1.0,6.0,0.0233,0.0017
2026-08-28T11:27:35+00:00,2,2026-08-28T17:30:00Z,player-ensemble-1.0,player-sim-2.0,player-sim-3.0-candidate,recommended_for_live_promotion,0.2,0.5,0.4,1.0,fpl-2026-27,1.0437,128,536916,Buonanotte,5,Brighton,Midfielder,5.0,0.0,0.0,0.0,0.0,0.0,0.0,0.0,0.0,0.0,0,0,0,0.0,0,0,0,0.0,0.0
2026-08-28T11:27:35+00:00,2,2026-08-28T17:30:00Z,player-ensemble-1.0,player-sim-2.0,player-sim-3.0-candidate,recommended_for_live_promotion,0.2,0.5,0.4,1.0,fpl-2026-27,1.0437,129,509416,Ayari,5,Brighton,Midfielder,5.5,2.098,0.0,2.098,53.4,0.6000000000000001,1.6,4.2,0.3814,2.193,0,2,5,1.715,0,1.0,4.0,0.0083,0.0
2026-08-28T11:27:35+00:00,2,2026-08-28T17:30:00Z,player-ensemble-1.0,player-sim-2.0,player-sim-3.0-candidate,recommended_for_live_promotion,0.2,0.5,0.4,1.0,fpl-2026-27,1.0,130,467779,Wieffer,5,Brighton,Defender,5.0,2.866,0.0,2.866,54.3,0.2,2.4000000000000004,6.4,0.5732,3.035,0,2,8,2.19,0,1.0,7.0,0.02,0.0017
2026-08-28T11:27:35+00:00,2,2026-08-28T17:30:00Z,player-ensemble-1.0,player-sim-2.0,player-sim-3.0-candidate,recommended_for_live_promotion,0.2,0.5,0.4,1.0,fpl-2026-27,1.0437,132,597320,Howell,5,Brighton,Midfielder,4.5,0.0,0.0,0.0,0.0,0.0,0.0,0.0,0.0,0.0,0,0,0,0.0,0,0,0,0.0,0.0
2026-08-28T11:27:35+00:00,2,2026-08-28T17:30:00Z,player-ensemble-1.0,player-sim-2.0,player-sim-3.0-candidate,recommended_for_live_promotion,0.2,0.5,0.4,1.0,fpl-2026-27,1.0437,133,549074,Watson,5,Brighton,Midfielder,5.0,0.0,0.0,0.0,0.0,0.0,0.0,0.0,0.0,0.0,0,0,0,0.0,0,0,0,0.0,0.0
2026-08-28T11:27:35+00:00,2,2026-08-28T17:30:00Z,player-ensemble-1.0,player-sim-2.0,player-sim-3.0-candidate,recommended_for_live_promotion,0.2,0.5,0.4,1.0,fpl-2026-27,1.0437,134,556637,Oriola,5,Brighton,Midfielder,4.5,0.151,0.0,0.151,0.0,0.0,0.0,0.6000000000000001,0.0336,0.0,0,0,0,0.755,0,0,3.0,0.0017,0.0
2026-08-28T11:27:35+00:00,2,2026-08-28T17:30:00Z,player-ensemble-1.0,player-sim-2.0,player-sim-3.0-candidate,recommended_for_live_promotion,0.2,0.5,0.4,1.0,fpl-2026-27,1.0437,135,700308,Yohanna,5,Brighton,Midfielder,5.0,1.063,0.0,1.063,26.44,0.0,0.8,2.6000000000000005,0.2125,1.072,0,1,3,1.027,0,1.0,2.0,0.0017,0.0
2026-08-28T11:27:35+00:00,2,2026-08-28T17:30:00Z,player-ensemble-1.0,player-sim-2.0,player-sim-3.0-candidate,recommended_for_live_promotion,0.2,0.5,0.4,1.0,fpl-2026-27,1.035,137,608181,Tzimas,5,Brighton,Forward,5.5,0.0,0.0,0.0,0.0,0.0,0.0,0.0,0.0,0.0,0,0,0,0.0,0,0,0,0.0,0.0
2026-08-28T11:27:35+00:00,2,2026-08-28T17:30:00Z,player-ensemble-1.0,player-sim-2.0,player-sim-3.0-candidate,recommended_for_live_promotion,0.2,0.5,0.4,1.0,fpl-2026-27,1.035,138,647850,Kostoulas,5,Brighton,Forward,5.5,0.647,0.0,0.647,9.86,0.0,0.2,1.6,0.1176,0.538,0,0,1,1.082,0,1.0,3.0,0.0017,0.0
2026-08-28T11:27:35+00:00,2,2026-08-28T17:30:00Z,player-ensemble-1.0,player-sim-2.0,player-sim-3.0-candidate,recommended_for_live_promotion,0.2,0.5,0.4,1.0,fpl-2026-27,1.035,139,487117,Ferguson,5,Brighton,Forward,5.0,0.0,0.0,0.0,0.0,0.0,0.0,0.0,0.0,0.0,0,0,0,0.0,0,0,0,0.0,0.0
2026-08-28T11:27:35+00:00,2,2026-08-28T17:30:00Z,player-ensemble-1.0,player-sim-2.0,player-sim-3.0-candidate,recommended_for_live_promotion,0.2,0.5,0.4,1.0,fpl-2026-27,1.0,328,222694,Struijk,5,Brighton,Defender,5.0,2.448,0.0,2.448,65.45,0.0,1.6,5.6000000000000005,0.4896,2.878,0,2,7,0.727,0,0,2.0,0.0067,0.0
2026-08-28T11:27:35+00:00,2,2026-08-28T17:30:00Z,player-ensemble-1.0,player-sim-2.0,player-sim-3.0-candidate,recommended_for_live_promotion,0.2,0.5,0.4,1.0,fpl-2026-27,1.0,504,610799,Vuskovic,5,Brighton,Defender,5.0,1.562,0.0,1.562,37.49,0.0,0.8,4.800000000000001,0.3124,1.47,0,0,6,1.93,0,1.0,6.0,0.0033,0.0
2026-08-28T11:27:35+00:00,2,2026-08-28T17:30:00Z,player-ensemble-1.0,player-sim-2.0,player-sim-3.0-candidate,recommended_for_live_promotion,0.2,0.5,0.4,1.0,fpl-2026-27,1.035,594,538007,David,5,Brighton,Forward,6.0,0.723,0.0,0.723,18.5,0.0,0.2,2.0,0.1205,0.738,0,0,2,0.66,0,0,2.0,0.0017,0.0
2026-08-28T11:27:35+00:00,2,2026-08-28T17:30:00Z,player-ensemble-1.0,player-sim-2.0,player-sim-3.0-candidate,recommended_for_live_promotion,0.2,0.5,0.4,1.0,fpl-2026-27,1.0437,600,612855,Osman,5,Brighton,Midfielder,5.0,1.076,0.0,1.076,25.86,0.0,0.8,2.6000000000000005,0.2152,1.097,0,1,3,0.993,0,1.0,2.0,0.0017,0.0
2026-08-28T11:27:35+00:00,2,2026-08-28T17:30:00Z,player-ensemble-1.0,player-sim-2.0,player-sim-3.0-candidate,recommended_for_live_promotion,0.2,0.5,0.4,1.0,fpl-2026-27,1.0437,605,611695,Yalcouyé,5,Brighton,Midfielder,4.5,1.046,0.0,1.046,23.94,0.0,0.8,2.4000000000000004,0.2324,1.055,0,1,3,1.01,0,1.0,2.0,0.0,0.0
2026-08-28T11:27:35+00:00,2,2026-08-28T17:30:00Z,player-ensemble-1.0,player-sim-2.0,player-sim-3.0-candidate,recommended_for_live_promotion,0.2,0.5,0.4,1.0,fpl-2026-27,1.0,614,512123,Hadjam,5,Brighton,Defender,4.5,1.16,0.0,1.16,29.54,0.0,0.4,3.6,0.2578,1.153,0,0,4,1.187,0,0,5.0,0.0,0.0
2026-08-28T11:27:35+00:00,2,2026-08-28T17:30:00Z,player-ensemble-1.0,player-sim-2.0,player-sim-3.0-candidate,recommended_for_live_promotion,0.2,0.5,0.4,1.0,fpl-2026-27,1.0437,40,244850,Rogers,6,Chelsea,Midfielder,7.5,3.911,0.0,3.911,85.42,1.6,3.0000000000000004,7.2,0.5214,4.222,2,3,8,2.667,0,2.0,8.0,0.0567,0.0167
2026-08-28T11:27:35+00:00,2,2026-08-28T17:30:00Z,player-ensemble-1.0,player-sim-2.0,player-sim-3.0-candidate,recommended_for_live_promotion,0.2,0.5,0.4,1.0,fpl-2026-27,1.0437,101,56979,Henderson,6,Chelsea,Midfielder,5.0,1.036,0.0,1.036,31.79,0.0,0.8,2.6000000000000005,0.2072,1.177,0,1,3,0.473,0,0,2.0,0.0,0.0
2026-08-28T11:27:35+00:00,2,2026-08-28T17:30:00Z,player-ensemble-1.0,player-sim-2.0,player-sim-3.0-candidate,recommended_for_live_promotion,0.2,0.5,0.4,1.0,fpl-2026-27,1.035,136,50175,Welbeck,6,Chelsea,Forward,6.0,2.431,0.0,2.431,49.6,0.0,1.6,5.6000000000000005,0.4051,2.83,0,2,7,0.833,0,0,3.0,0.0083,0.0
2026-08-28T11:27:35+00:00,2,2026-08-28T17:30:00Z,player-ensemble-1.0,player-sim-2.0,player-sim-3.0-candidate,recommended_for_live_promotion,0.2,0.5,0.4,1.0,fpl-2026-27,1.07,140,215059,Sánchez,6,Chelsea,Goalkeeper,5.0,2.464,0.0,2.464,82.44,0.8,2.2,5.4,0.4929,2.768,1,2,6,1.248,0,0,3.0,0.0,0.0
2026-08-28T11:27:35+00:00,2,2026-08-28T17:30:00Z,player-ensemble-1.0,player-sim-2.0,player-sim-3.0-candidate,recommended_for_live_promotion,0.2,0.5,0.4,1.0,fpl-2026-27,1.07,141,508479,Jörgensen,6,Chelsea,Goalkeeper,5.0,0.0,0.0,0.0,0.0,0.0,0.0,0.0,0.0,0.0,0,0,0,0.0,0,0,0,0.0,0.0
2026-08-28T11:27:35+00:00,2,2026-08-28T17:30:00Z,player-ensemble-1.0,player-sim-2.0,player-sim-3.0-candidate,recommended_for_live_promotion,0.2,0.5,0.4,1.0,fpl-2026-27,1.0,142,225796,James,6,Chelsea,Defender,5.5,1.969,0.0,1.969,56.16,0.2,1.4000000000000001,4.800000000000001,0.3579,2.037,0,1,5,1.697,0.0,1.0,6.0,0.0083,0.0017
2026-08-28T11:27:35+00:00,2,2026-08-28T17:30:00Z,player-ensemble-1.0,player-sim-2.0,player-sim-3.0-candidate,recommended_for_live_promotion,0.2,0.5,0.4,1.0,fpl-2026-27,1.0,143,180736,Chalobah,6,Chelsea,Defender,5.5,0.0,0.0,0.0,0.0,0.0,0.0,0.0,0.0,0.0,0,0,0,0.0,0,0,0,0.0,0.0
2026-08-28T11:27:35+00:00,2,2026-08-28T17:30:00Z,player-ensemble-1.0,player-sim-2.0,player-sim-3.0-candidate,recommended_for_live_promotion,0.2,0.5,0.4,1.0,fpl-2026-27,1.0,144,482609,Gusto,6,Chelsea,Defender,5.0,2.042,0.0,2.042,61.44,0.4,1.6,5.000000000000001,0.4085,2.183,0,1,6,1.478,0,1.0,6.0,0.015,0.0
2026-08-28T11:27:35+00:00,2,2026-08-28T17:30:00Z,player-ensemble-1.0,player-sim-2.0,player-sim-3.0-candidate,recommended_for_live_promotion,0.2,0.5,0.4,1.0,fpl-2026-27,1.0,145,444463,Fofana,6,Chelsea,Defender,5.0,1.212,0.0,1.212,34.8,0.0,0.8,3.2,0.2424,1.328,0,1,4,0.747,0,0,3.0,0.0067,0.0017
2026-08-28T11:27:35+00:00,2,2026-08-28T17:30:00Z,player-ensemble-1.0,player-sim-2.0,player-sim-3.0-candidate,recommended_for_live_promotion,0.2,0.5,0.4,1.0,fpl-2026-27,1.0,146,242880,B.Badiashile,6,Chelsea,Defender,4.5,0.0,0.0,0.0,0.0,0.0,0.0,0.0,0.0,0.0,0,0,0,0.0,0,0,0,0.0,0.0
2026-08-28T11:27:35+00:00,2,2026-08-28T17:30:00Z,player-ensemble-1.0,player-sim-2.0,player-sim-3.0-candidate,recommended_for_live_promotion,0.2,0.5,0.4,1.0,fpl-2026-27,1.0,147,109646,Tosin,6,Chelsea,Defender,4.5,0.663,0.0,0.663,16.7,0.0,0.0,2.4000000000000004,0.1473,0.638,0,0,2,0.762,0,0,3.0,0.0017,0.0
2026-08-28T11:27:35+00:00,2,2026-08-28T17:30:00Z,player-ensemble-1.0,player-sim-2.0,player-sim-3.0-candidate,recommended_for_live_promotion,0.2,0.5,0.4,1.0,fpl-2026-27,1.0,148,551210,Hato,6,Chelsea,Defender,4.5,1.264,0.0,1.264,35.31,0.0,0.8,4.0,0.281,1.243,0,1,4,1.348,0.0,0,5.0,0.0017,0.0
2026-08-28T11:27:35+00:00,2,2026-08-28T17:30:00Z,player-ensemble-1.0,player-sim-2.0,player-sim-3.0-candidate,recommended_for_live_promotion,0.2,0.5,0.4,1.0,fpl-2026-27,1.0,149,460028,Colwill,6,Chelsea,Defender,5.0,0.871,0.0,0.871,20.96,0.0,0.4,2.4000000000000004,0.1743,0.698,0,0,2,1.563,0,1.0,6.0,0.0,0.0
2026-08-28T11:27:35+00:00,2,2026-08-28T17:30:00Z,player-ensemble-1.0,player-sim-2.0,player-sim-3.0-candidate,recommended_for_live_promotion,0.2,0.5,0.4,1.0,fpl-2026-27,1.0,150,574458,M.Sarr,6,Chelsea,Defender,4.5,0.203,0.0,0.203,1.76,0.0,0.0,0.6000000000000001,0.0452,0.068,0,0,0,0.743,0,0,2.0,0.0033,0.0
2026-08-28T11:27:35+00:00,2,2026-08-28T17:30:00Z,player-ensemble-1.0,player-sim-2.0,player-sim-3.0-candidate,recommended_for_live_promotion,0.2,0.5,0.4,1.0,fpl-2026-27,1.0,151,577016,Acheampong,6,Chelsea,Defender,4.5,1.208,0.0,1.208,30.38,0.0,0.6000000000000001,3.2,0.2684,1.062,0,0,3,1.792,0,1.0,6.0,0.0133,0.0
2026-08-28T11:27:35+00:00,2,2026-08-28T17:30:00Z,player-ensemble-1.0,player-sim-2.0,player-sim-3.0-candidate,recommended_for_live_promotion,0.2,0.5,0.4,1.0,fpl-2026-27,1.0,152,620109,Palestra,6,Chelsea,Defender,5.5,0.581,0.0,0.581,18.92,0.0,0.0,1.6,0.1056,0.608,0,0,2,0.47,0,0,1.0,0.0,0.0
2026-08-28T11:27:35+00:00,2,2026-08-28T17:30:00Z,player-ensemble-1.0,player-sim-2.0,player-sim-3.0-candidate,recommended_for_live_promotion,0.2,0.5,0.4,1.0,fpl-2026-27,1.0437,154,244851,Palmer,6,Chelsea,Midfielder,9.5,3.44,0.0,3.44,56.02,0.8,2.6,7.6000000000000005,0.3621,3.595,0,2,8,2.818,0,2.0,8.0,0.0667,0.0233
2026-08-28T11:27:35+00:00,2,2026-08-28T17:30:00Z,player-ensemble-1.0,player-sim-2.0,player-sim-3.0-candidate,recommended_for_live_promotion,0.2,0.5,0.4,1.0,fpl-2026-27,1.0437,155,448047,Enzo,6,Chelsea,Midfielder,7.0,3.353,0.0,3.353,71.22,1.0,2.4000000000000004,6.6000000000000005,0.479,3.848,1,3,8,1.373,0,1.0,4.0,0.0067,0.0017
2026-08-28T11:27:35+00:00,2,2026-08-28T17:30:00Z,player-ensemble-1.0,player-sim-2.0,player-sim-3.0-candidate,recommended_for_live_promotion,0.2,0.5,0.4,1.0,fpl-2026-27,1.0437,156,247632,Neto,6,Chelsea,Midfielder,6.5,2.625,0.0,2.625,59.68,0.8,1.8,5.6000000000000005,0.4038,2.963,1,2,7,1.27,0,1.0,3.0,0.005,0.0
2026-08-28T11:27:35+00:00,2,2026-08-28T17:30:00Z,player-ensemble-1.0,player-sim-2.0,player-sim-3.0-candidate,recommended_for_live_promotion,0.2,0.5,0.4,1.0,fpl-2026-27,1.0437,157,624773,Estêvão,6,Chelsea,Midfielder,6.5,1.069,0.0,1.069,18.41,0.0,0.4,2.6,0.1645,1.032,0,0,3,1.218,0,1.0,3.0,0.0067,0.0
2026-08-28T11:27:35+00:00,2,2026-08-28T17:30:00Z,player-ensemble-1.0,player-sim-2.0,player-sim-3.0-candidate,recommended_for_live_promotion,0.2,0.5,0.4,1.0,fpl-2026-27,1.0437,158,463936,Gittens,6,Chelsea,Midfielder,6.0,0.486,0.0,0.486,10.22,0.0,0.0,1.6,0.081,0.445,0,0,2,0.648,0,0,2.0,0.0,0.0
2026-08-28T11:27:35+00:00,2,2026-08-28T17:30:00Z,player-ensemble-1.0,player-sim-2.0,player-sim-3.0-candidate,recommended_for_live_promotion,0.2,0.5,0.4,1.0,fpl-2026-27,1.0437,159,486672,Caicedo,6,Chelsea,Midfielder,5.5,1.518,0.0,1.518,47.14,0.0,1.0,4.0,0.2761,1.763,0,1,4,0.538,0,0,2.0,0.0017,0.0017
2026-08-28T11:27:35+00:00,2,2026-08-28T17:30:00Z,player-ensemble-1.0,player-sim-2.0,player-sim-3.0-candidate,recommended_for_live_promotion,0.2,0.5,0.4,1.0,fpl-2026-27,1.0437,161,514356,Lavia,6,Chelsea,Midfielder,5.0,0.979,0.0,0.979,20.59,0.0,0.4,2.6,0.1959,0.79,0,0,2,1.737,0,1.0,5.0,0.0033,0.0
2026-08-28T11:27:35+00:00,2,2026-08-28T17:30:00Z,player-ensemble-1.0,player-sim-2.0,player-sim-3.0-candidate,recommended_for_live_promotion,0.2,0.5,0.4,1.0,fpl-2026-27,1.0437,163,491007,D.Essugo,6,Chelsea,Midfielder,4.5,0.132,0.0,0.132,0.26,0.0,0.0,0.4,0.0293,0.018,0,0,0,0.585,0,0,2.0,0.0017,0.0
2026-08-28T11:27:35+00:00,2,2026-08-28T17:30:00Z,player-ensemble-1.0,player-sim-2.0,player-sim-3.0-candidate,recommended_for_live_promotion,0.2,0.5,0.4,1.0,fpl-2026-27,1.0437,164,593117,Quenda,6,Chelsea,Midfielder,5.5,1.125,0.0,1.125,26.66,0.0,0.8,2.6000000000000005,0.2045,1.132,0,1,3,1.097,0,1.0,2.0,0.0017,0.0
2026-08-28T11:27:35+00:00,2,2026-08-28T17:30:00Z,player-ensemble-1.0,player-sim-2.0,player-sim-3.0-candidate,recommended_for_live_promotion,0.2,0.5,0.4,1.0,fpl-2026-27,1.035,165,475168,João Pedro,6,Chelsea,Forward,7.6,4.255,0.0,4.255,73.91,1.6,3.6000000000000005,7.800000000000001,0.5599,4.667,1,4,9,2.61,0,2.0,7.0,0.06,0.015
2026-08-28T11:27:35+00:00,2,2026-08-28T17:30:00Z,player-ensemble-1.0,player-sim-2.0,player-sim-3.0-candidate,recommended_for_live_promotion,0.2,0.5,0.4,1.0,fpl-2026-27,1.035,166,517052,N.Jackson,6,Chelsea,Forward,6.5,0.867,0.0,0.867,20.46,0.0,0.2,2.4000000000000004,0.1334,0.883,0,0,3,0.803,0,0,2.0,0.0083,0.0
2026-08-28T11:27:35+00:00,2,2026-08-28T17:30:00Z,player-ensemble-1.0,player-sim-2.0,player-sim-3.0-candidate,recommended_for_live_promotion,0.2,0.5,0.4,1.0,fpl-2026-27,1.035,168,499309,Marc Guiu,6,Chelsea,Forward,5.0,0.27,0.0,0.27,3.22,0.0,0.0,0.8,0.054,0.172,0,0,0,0.663,0,0,2.0,0.0017,0.0
2026-08-28T11:27:35+00:00,2,2026-08-28T17:30:00Z,player-ensemble-1.0,player-sim-2.0,player-sim-3.0-candidate,recommended_for_live_promotion,0.2,0.5,0.4,1.0,fpl-2026-27,1.035,169,567119,Mheuka,6,Chelsea,Forward,4.5,0.131,0.0,0.131,0.0,0.0,0.0,0.4,0.0292,0.0,0,0,0,0.657,0,0,2.0,0.005,0.0017
2026-08-28T11:27:35+00:00,2,2026-08-28T17:30:00Z,player-ensemble-1.0,player-sim-2.0,player-sim-3.0-candidate,recommended_for_live_promotion,0.2,0.5,0.4,1.0,fpl-2026-27,1.035,170,503037,Emegha,6,Chelsea,Forward,5.0,0.857,0.0,0.857,19.68,0.0,0.2,2.4000000000000004,0.1713,0.918,0,0,3,0.61,0,0,2.0,0.0033,0.0
2026-08-28T11:27:35+00:00,2,2026-08-28T17:30:00Z,player-ensemble-1.0,player-sim-2.0,player-sim-3.0-candidate,recommended_for_live_promotion,0.2,0.5,0.4,1.0,fpl-2026-27,1.0,200,437499,Lacroix,6,Chelsea,Defender,6.0,3.345,0.0,3.345,81.95,1.0,3.2,6.4,0.5575,3.602,1,3,8,2.318,0,1.0,7.0,0.025,0.0017
2026-08-28T11:27:35+00:00,2,2026-08-28T17:30:00Z,player-ensemble-1.0,player-sim-2.0,player-sim-3.0-candidate,recommended_for_live_promotion,0.2,0.5,0.4,1.0,fpl-2026-27,1.07,560,549939,Penders,6,Chelsea,Goalkeeper,4.5,0.601,0.0,0.601,18.82,0.0,0.0,2.4000000000000004,0.1336,0.652,0,0,3,0.4,0,0,1.0,0.0,0.0
2026-08-28T11:27:35+00:00,2,2026-08-28T17:30:00Z,player-ensemble-1.0,player-sim-2.0,player-sim-3.0-candidate,recommended_for_live_promotion,0.2,0.5,0.4,1.0,fpl-2026-27,1.0,561,622758,Anselmino,6,Chelsea,Defender,4.5,0.783,0.0,0.783,24.31,0.0,0.0,2.4000000000000004,0.1739,0.803,0,0,3,0.7,0,0,2.0,0.0033,0.0
2026-08-28T11:27:35+00:00,2,2026-08-28T17:30:00Z,player-ensemble-1.0,player-sim-2.0,player-sim-3.0-candidate,recommended_for_live_promotion,0.2,0.5,0.4,1.0,fpl-2026-27,1.0437,568,543158,Barco,6,Chelsea,Midfielder,5.5,0.961,0.0,0.961,25.31,0.0,0.2,2.4000000000000004,0.1748,1.038,0,0,3,0.653,0,0,2.0,0.0017,0.0
2026-08-28T11:27:35+00:00,2,2026-08-28T17:30:00Z,player-ensemble-1.0,player-sim-2.0,player-sim-3.0-candidate,recommended_for_live_promotion,0.2,0.5,0.4,1.0,fpl-2026-27,1.0437,578,465920,Mudryk,6,Chelsea,Midfielder,5.5,0.925,0.0,0.925,25.25,0.0,0.2,2.6000000000000005,0.1681,0.992,0,0,3,0.657,0,0,2.0,0.0,0.0
2026-08-28T11:27:35+00:00,2,2026-08-28T17:30:00Z,player-ensemble-1.0,player-sim-2.0,player-sim-3.0-candidate,recommended_for_live_promotion,0.2,0.5,0.4,1.0,fpl-2026-27,1.0,583,498444,Chavarria,6,Chelsea,Defender,5.0,0.996,0.0,0.996,28.82,0.0,0.6000000000000001,2.6000000000000005,0.1992,1.035,0,0,3,0.84,0,1.0,2.0,0.0017,0.0
2026-08-28T11:27:35+00:00,2,2026-08-28T17:30:00Z,player-ensemble-1.0,player-sim-2.0,player-sim-3.0-candidate,recommended_for_live_promotion,0.2,0.5,0.4,1.0,fpl-2026-27,1.0,91,231065,Pinnock,7,Coventry City,Defender,4.5,0.431,0.0,0.431,6.59,0.0,0.0,1.4000000000000001,0.0957,0.308,0,0,0,0.92,0,0,4.0,0.0033,0.0
2026-08-28T11:27:35+00:00,2,2026-08-28T17:30:00Z,player-ensemble-1.0,player-sim-2.0,player-sim-3.0-candidate,recommended_for_live_promotion,0.2,0.5,0.4,1.0,fpl-2026-27,1.0437,104,428580,Onyeka,7,Coventry City,Midfielder,5.0,0.777,0.0,0.777,14.52,0.0,0.4,2.2,0.1553,0.525,0,0,2,1.783,0,2.0,4.0,0.0083,0.0017
2026-08-28T11:27:35+00:00,2,2026-08-28T17:30:00Z,player-ensemble-1.0,player-sim-2.0,player-sim-3.0-candidate,recommended_for_live_promotion,0.2,0.5,0.4,1.0,fpl-2026-27,1.07,110,472739,Rushworth,7,Coventry City,Goalkeeper,4.5,1.501,0.0,1.501,31.49,0.0,0.6000000000000001,4.800000000000001,0.3336,1.372,0,0,6,2.02,0,1.0,7.0,0.0,0.0
2026-08-28T11:27:35+00:00,2,2026-08-28T17:30:00Z,player-ensemble-1.0,player-sim-2.0,player-sim-3.0-candidate,recommended_for_live_promotion,0.2,0.5,0.4,1.0,fpl-2026-27,1.07,171,484389,Dovin,7,Coventry City,Goalkeeper,4.0,0.798,0.0,0.798,19.45,0.0,0.0,3.0,0.1995,0.885,0,0,3,0.45,0,0,2.0,0.0,0.0
2026-08-28T11:27:35+00:00,2,2026-08-28T17:30:00Z,player-ensemble-1.0,player-sim-2.0,player-sim-3.0-candidate,recommended_for_live_promotion,0.2,0.5,0.4,1.0,fpl-2026-27,1.07,172,110690,Wilson,7,Coventry City,Goalkeeper,4.5,0.932,0.0,0.932,20.65,0.0,0.0,3.8000000000000007,0.2072,1.01,0,0,4,0.622,0,0,2.0,0.0017,0.0
2026-08-28T11:27:35+00:00,2,2026-08-28T17:30:00Z,player-ensemble-1.0,player-sim-2.0,player-sim-3.0-candidate,recommended_for_live_promotion,0.2,0.5,0.4,1.0,fpl-2026-27,1.0,173,461102,Thomas,7,Coventry City,Defender,4.0,1.762,0.0,1.762,38.8,0.0,1.0,4.800000000000001,0.4406,1.675,0,0,6,2.112,0,1.0,6.0,0.005,0.0
2026-08-28T11:27:35+00:00,2,2026-08-28T17:30:00Z,player-ensemble-1.0,player-sim-2.0,player-sim-3.0-candidate,recommended_for_live_promotion,0.2,0.5,0.4,1.0,fpl-2026-27,1.0,174,436761,Kitching,7,Coventry City,Defender,4.0,1.2,0.0,1.2,29.65,0.0,0.0,4.800000000000001,0.3001,1.307,0,0,6,0.775,0,0,3.0,0.0033,0.0
2026-08-28T11:27:35+00:00,2,2026-08-28T17:30:00Z,player-ensemble-1.0,player-sim-2.0,player-sim-3.0-candidate,recommended_for_live_promotion,0.2,0.5,0.4,1.0,fpl-2026-27,1.0,175,451284,van Ewijk,7,Coventry City,Defender,4.0,1.765,0.0,1.765,38.26,0.0,1.2000000000000002,4.800000000000001,0.4413,1.647,0,0,6,2.24,0,1.0,6.0,0.0117,0.0
2026-08-28T11:27:35+00:00,2,2026-08-28T17:30:00Z,player-ensemble-1.0,player-sim-2.0,player-sim-3.0-candidate,recommended_for_live_promotion,0.2,0.5,0.4,1.0,fpl-2026-27,1.0,176,173878,Dasilva,7,Coventry City,Defender,4.0,1.714,0.0,1.714,39.59,0.0,1.2000000000000002,4.800000000000001,0.4284,1.65,0,0,6,1.968,0,1.0,6.0,0.0067,0.0
2026-08-28T11:27:35+00:00,2,2026-08-28T17:30:00Z,player-ensemble-1.0,player-sim-2.0,player-sim-3.0-candidate,recommended_for_live_promotion,0.2,0.5,0.4,1.0,fpl-2026-27,1.0,177,465390,Kesler-Hayden,7,Coventry City,Defender,4.0,0.0,0.0,0.0,0.0,0.0,0.0,0.0,0.0,0.0,0,0,0,0.0,0,0,0,0.0,0.0
2026-08-28T11:27:35+00:00,2,2026-08-28T17:30:00Z,player-ensemble-1.0,player-sim-2.0,player-sim-3.0-candidate,recommended_for_live_promotion,0.2,0.5,0.4,1.0,fpl-2026-27,1.0,178,80178,Bidwell,7,Coventry City,Defender,4.0,1.104,0.0,1.104,27.35,0.0,0.2,4.0,0.2759,1.185,0,0,4,0.778,0,0,2.0,0.0,0.0
2026-08-28T11:27:35+00:00,2,2026-08-28T17:30:00Z,player-ensemble-1.0,player-sim-2.0,player-sim-3.0-candidate,recommended_for_live_promotion,0.2,0.5,0.4,1.0,fpl-2026-27,1.0,179,204813,Latibeaudiere,7,Coventry City,Defender,4.0,1.059,0.0,1.059,25.28,0.0,0.2,4.0,0.2647,1.122,0,0,4,0.808,0.0,0,3.0,0.0017,0.0
2026-08-28T11:27:35+00:00,2,2026-08-28T17:30:00Z,player-ensemble-1.0,player-sim-2.0,player-sim-3.0-candidate,recommended_for_live_promotion,0.2,0.5,0.4,1.0,fpl-2026-27,1.0,180,220583,Woolfenden,7,Coventry City,Defender,4.0,0.0,0.0,0.0,0.0,0.0,0.0,0.0,0.0,0.0,0,0,0,0.0,0,0,0,0.0,0.0
2026-08-28T11:27:35+00:00,2,2026-08-28T17:30:00Z,player-ensemble-1.0,player-sim-2.0,player-sim-3.0-candidate,recommended_for_live_promotion,0.2,0.5,0.4,1.0,fpl-2026-27,1.0,181,577411,Brau,7,Coventry City,Defender,4.0,1.126,0.0,1.126,24.51,0.0,0.0,4.2,0.2814,1.172,0,0,5,0.942,0,0,4.0,0.0067,0.0
2026-08-28T11:27:35+00:00,2,2026-08-28T17:30:00Z,player-ensemble-1.0,player-sim-2.0,player-sim-3.0-candidate,recommended_for_live_promotion,0.2,0.5,0.4,1.0,fpl-2026-27,1.0,182,539142,Amenda,7,Coventry City,Defender,4.0,1.837,0.0,1.837,41.35,0.0,1.0,5.2,0.4592,1.815,0,1,6,1.923,0,1.0,6.0,0.005,0.0
2026-08-28T11:27:35+00:00,2,2026-08-28T17:30:00Z,player-ensemble-1.0,player-sim-2.0,player-sim-3.0-candidate,recommended_for_live_promotion,0.2,0.5,0.4,1.0,fpl-2026-27,1.0437,183,480457,Rudoni,7,Coventry City,Midfielder,5.0,1.082,0.0,1.082,24.35,0.0,0.8,2.6,0.2164,1.05,0,1,3,1.21,0,1.0,3.0,0.0017,0.0
2026-08-28T11:27:35+00:00,2,2026-08-28T17:30:00Z,player-ensemble-1.0,player-sim-2.0,player-sim-3.0-candidate,recommended_for_live_promotion,0.2,0.5,0.4,1.0,fpl-2026-27,1.0437,184,168144,Grimes,7,Coventry City,Midfielder,5.0,0.813,0.0,0.813,16.33,0.0,0.4,2.4000000000000004,0.1626,0.59,0,0,3,1.705,0,2.0,3.0,0.0033,0.0017
2026-08-28T11:27:35+00:00,2,2026-08-28T17:30:00Z,player-ensemble-1.0,player-sim-2.0,player-sim-3.0-candidate,recommended_for_live_promotion,0.2,0.5,0.4,1.0,fpl-2026-27,1.0437,185,501459,Sakamoto,7,Coventry City,Midfielder,5.0,0.847,0.0,0.847,22.72,0.0,0.2,2.4000000000000004,0.1694,0.87,0,0,3,0.755,0,0,3.0,0.0033,0.0
2026-08-28T11:27:35+00:00,2,2026-08-28T17:30:00Z,player-ensemble-1.0,player-sim-2.0,player-sim-3.0-candidate,recommended_for_live_promotion,0.2,0.5,0.4,1.0,fpl-2026-27,1.0437,186,241293,Mason-Clark,7,Coventry City,Midfielder,5.5,0.893,0.0,0.893,21.08,0.0,0.2,2.4000000000000004,0.1624,0.908,0,0,3,0.832,0,0,3.0,0.0017,0.0
2026-08-28T11:27:35+00:00,2,2026-08-28T17:30:00Z,player-ensemble-1.0,player-sim-2.0,player-sim-3.0-candidate,recommended_for_live_promotion,0.2,0.5,0.4,1.0,fpl-2026-27,1.0437,187,439668,Eccles,7,Coventry City,Midfielder,5.0,0.859,0.0,0.859,24.15,0.0,0.2,2.4000000000000004,0.1718,0.897,0,0,3,0.708,0,0,3.0,0.0,0.0
2026-08-28T11:27:35+00:00,2,2026-08-28T17:30:00Z,player-ensemble-1.0,player-sim-2.0,player-sim-3.0-candidate,recommended_for_live_promotion,0.2,0.5,0.4,1.0,fpl-2026-27,1.0437,188,226965,Torp,7,Coventry City,Midfielder,5.5,1.106,0.0,1.106,24.93,0.0,0.8,2.6000000000000005,0.201,1.095,0,1,3,1.148,0,1.0,3.0,0.0017,0.0
2026-08-28T11:27:35+00:00,2,2026-08-28T17:30:00Z,player-ensemble-1.0,player-sim-2.0,player-sim-3.0-candidate,recommended_for_live_promotion,0.2,0.5,0.4,1.0,fpl-2026-27,1.0437,189,684268,Shepherd,7,Coventry City,Midfielder,4.5,0.844,0.0,0.844,23.63,0.0,0.4,2.4000000000000004,0.1876,0.882,0,0,3,0.695,0,0,2.0,0.0,0.0
2026-08-28T11:27:35+00:00,2,2026-08-28T17:30:00Z,player-ensemble-1.0,player-sim-2.0,player-sim-3.0-candidate,recommended_for_live_promotion,0.2,0.5,0.4,1.0,fpl-2026-27,1.0437,190,469272,Tchaouna,7,Coventry City,Midfielder,5.5,1.586,0.0,1.586,40.64,0.0,1.4000000000000001,3.2,0.2884,1.553,0,1,3,1.717,0,2.0,3.0,0.005,0.0
2026-08-28T11:27:35+00:00,2,2026-08-28T17:30:00Z,player-ensemble-1.0,player-sim-2.0,player-sim-3.0-candidate,recommended_for_live_promotion,0.2,0.5,0.4,1.0,fpl-2026-27,1.0437,191,492498,Borges Rodrigues,7,Coventry City,Midfielder,4.5,1.011,0.0,1.011,23.68,0.0,0.2,2.8000000000000003,0.2246,1.103,0,0,3,0.64,0,0,2.0,0.0,0.0
2026-08-28T11:27:35+00:00,2,2026-08-28T17:30:00Z,player-ensemble-1.0,player-sim-2.0,player-sim-3.0-candidate,recommended_for_live_promotion,0.2,0.5,0.4,1.0,fpl-2026-27,1.0437,192,629397,Andrews,7,Coventry City,Midfielder,4.5,0.9,0.0,0.9,22.4,0.0,0.2,2.4000000000000004,0.1999,0.937,0,0,3,0.752,0,0,3.0,0.0083,0.0
2026-08-28T11:27:35+00:00,2,2026-08-28T17:30:00Z,player-ensemble-1.0,player-sim-2.0,player-sim-3.0-candidate,recommended_for_live_promotion,0.2,0.5,0.4,1.0,fpl-2026-27,1.035,193,176412,Wright,7,Coventry City,Forward,5.5,0.0,0.0,0.0,0.0,0.0,0.0,0.0,0.0,0.0,0,0,0,0.0,0,0,0,0.0,0.0
2026-08-28T11:27:35+00:00,2,2026-08-28T17:30:00Z,player-ensemble-1.0,player-sim-2.0,player-sim-3.0-candidate,recommended_for_live_promotion,0.2,0.5,0.4,1.0,fpl-2026-27,1.035,194,230730,Thomas-Asante,7,Coventry City,Forward,5.0,1.491,0.0,1.491,29.93,0.0,1.0,3.6000000000000005,0.2983,1.412,0,0,4,1.81,0,1.0,5.0,0.015,0.0033
2026-08-28T11:27:35+00:00,2,2026-08-28T17:30:00Z,player-ensemble-1.0,player-sim-2.0,player-sim-3.0-candidate,recommended_for_live_promotion,0.2,0.5,0.4,1.0,fpl-2026-27,1.035,195,218997,Simms,7,Coventry City,Forward,5.0,1.446,0.0,1.446,32.06,0.0,1.0,3.4000000000000004,0.2893,1.402,0,1,4,1.625,0,1.0,4.0,0.0067,0.0
2026-08-28T11:27:35+00:00,2,2026-08-28T17:30:00Z,player-ensemble-1.0,player-sim-2.0,player-sim-3.0-candidate,recommended_for_live_promotion,0.2,0.5,0.4,1.0,fpl-2026-27,1.035,196,551262,Markelo,7,Coventry City,Forward,5.0,0.0,0.0,0.0,0.0,0.0,0.0,0.0,0.0,0.0,0,0,0,0.0,0,0,0,0.0,0.0
2026-08-28T11:27:35+00:00,2,2026-08-28T17:30:00Z,player-ensemble-1.0,player-sim-2.0,player-sim-3.0-candidate,recommended_for_live_promotion,0.2,0.5,0.4,1.0,fpl-2026-27,1.035,197,549653,Bassette,7,Coventry City,Forward,4.5,0.0,0.0,0.0,0.0,0.0,0.0,0.0,0.0,0.0,0,0,0,0.0,0,0,0,0.0,0.0
2026-08-28T11:27:35+00:00,2,2026-08-28T17:30:00Z,player-ensemble-1.0,player-sim-2.0,player-sim-3.0-candidate,recommended_for_live_promotion,0.2,0.5,0.4,1.0,fpl-2026-27,1.035,492,210156,Awoniyi,7,Coventry City,Forward,5.5,0.823,0.0,0.823,11.44,0.0,0.2,1.8,0.1496,0.742,0,0,2,1.148,0,1.0,2.0,0.0067,0.0
2026-08-28T11:27:35+00:00,2,2026-08-28T17:30:00Z,player-ensemble-1.0,player-sim-2.0,player-sim-3.0-candidate,recommended_for_live_promotion,0.2,0.5,0.4,1.0,fpl-2026-27,1.0437,575,661888,Yirenkyi,7,Coventry City,Midfielder,5.0,1.499,0.0,1.499,34.67,0.0,1.0,3.2,0.2998,1.453,0,1,3,1.682,0,1.0,3.0,0.0067,0.0033
2026-08-28T11:27:35+00:00,2,2026-08-28T17:30:00Z,player-ensemble-1.0,player-sim-2.0,player-sim-3.0-candidate,recommended_for_live_promotion,0.2,0.5,0.4,1.0,fpl-2026-27,1.0437,584,196100,Hamer,7,Coventry City,Midfielder,5.5,2.259,0.0,2.259,65.88,0.8,1.8,4.2,0.4107,2.538,1,2,5,1.14,0,1.0,3.0,0.0017,0.0
2026-08-28T11:27:35+00:00,2,2026-08-28T17:30:00Z,player-ensemble-1.0,player-sim-2.0,player-sim-3.0-candidate,recommended_for_live_promotion,0.2,0.5,0.4,1.0,fpl-2026-27,1.035,599,627221,Cherif,7,Coventry City,Forward,5.0,0.896,0.0,0.896,20.25,0.0,0.2,2.4000000000000004,0.1791,0.97,0,0,3,0.598,0,0,2.0,0.005,0.0017
2026-08-28T11:27:35+00:00,2,2026-08-28T17:30:00Z,player-ensemble-1.0,player-sim-2.0,player-sim-3.0-candidate,recommended_for_live_promotion,0.2,0.5,0.4,1.0,fpl-2026-27,1.0437,42,485337,Guessand,8,Crystal Palace,Midfielder,5.5,1.05,0.0,1.05,23.88,0.0,0.8,2.4000000000000004,0.1909,1.012,0,1,2,1.202,0,1.0,3.0,0.0017,0.0
2026-08-28T11:27:35+00:00,2,2026-08-28T17:30:00Z,player-ensemble-1.0,player-sim-2.0,player-sim-3.0-candidate,recommended_for_live_promotion,0.2,0.5,0.4,1.0,fpl-2026-27,1.0,153,220362,Disasi,8,Crystal Palace,Defender,4.5,1.002,0.0,1.002,28.84,0.0,0.4,3.2,0.2226,1.065,0,0,4,0.748,0,0,2.0,0.0017,0.0
2026-08-28T11:27:35+00:00,2,2026-08-28T17:30:00Z,player-ensemble-1.0,player-sim-2.0,player-sim-3.0-candidate,recommended_for_live_promotion,0.2,0.5,0.4,1.0,fpl-2026-27,1.07,198,172649,Henderson,8,Crystal Palace,Goalkeeper,5.0,2.809,0.0,2.809,87.12,0.8,2.4000000000000004,5.6000000000000005,0.5617,3.12,1,2,7,1.563,0,0,6.0,0.0033,0.0
2026-08-28T11:27:35+00:00,2,2026-08-28T17:30:00Z,player-ensemble-1.0,player-sim-2.0,player-sim-3.0-candidate,recommended_for_live_promotion,0.2,0.5,0.4,1.0,fpl-2026-27,1.07,199,121709,Benitez,8,Crystal Palace,Goalkeeper,4.5,0.152,0.0,0.152,1.0,0.0,0.0,0.6000000000000001,0.0338,0.063,0,0,0,0.508,0,0,2.0,0.0,0.0
2026-08-28T11:27:35+00:00,2,2026-08-28T17:30:00Z,player-ensemble-1.0,player-sim-2.0,player-sim-3.0-candidate,recommended_for_live_promotion,0.2,0.5,0.4,1.0,fpl-2026-27,1.0,201,247348,Muñoz,8,Crystal Palace,Defender,5.5,2.901,0.0,2.901,61.49,0.8,2.0,6.4,0.5274,3.115,1,2,7,2.043,0.0,1.0,6.0,0.0167,0.0
2026-08-28T11:27:35+00:00,2,2026-08-28T17:30:00Z,player-ensemble-1.0,player-sim-2.0,player-sim-3.0-candidate,recommended_for_live_promotion,0.2,0.5,0.4,1.0,fpl-2026-27,1.0,202,427623,Richards,8,Crystal Palace,Defender,5.0,3.189,0.0,3.189,76.12,0.8,2.6000000000000005,6.4,0.6377,3.408,1,3,8,2.31,0,1.0,7.0,0.0233,0.0033
2026-08-28T11:27:35+00:00,2,2026-08-28T17:30:00Z,player-ensemble-1.0,player-sim-2.0,player-sim-3.0-candidate,recommended_for_live_promotion,0.2,0.5,0.4,1.0,fpl-2026-27,1.0,203,651426,Canvot,8,Crystal Palace,Defender,5.0,2.152,0.0,2.152,44.89,0.0,1.6,5.6000000000000005,0.4303,2.108,0,1,6,2.325,0,1.0,7.0,0.0283,0.005
2026-08-28T11:27:35+00:00,2,2026-08-28T17:30:00Z,player-ensemble-1.0,player-sim-2.0,player-sim-3.0-candidate,recommended_for_live_promotion,0.2,0.5,0.4,1.0,fpl-2026-27,1.0,204,244723,Mitchell,8,Crystal Palace,Defender,4.5,2.664,0.0,2.664,85.21,0.8,2.0,5.6000000000000005,0.5921,2.885,1,2,6,1.782,0,1.0,6.0,0.01,0.0
2026-08-28T11:27:35+00:00,2,2026-08-28T17:30:00Z,player-ensemble-1.0,player-sim-2.0,player-sim-3.0-candidate,recommended_for_live_promotion,0.2,0.5,0.4,1.0,fpl-2026-27,1.0,205,218364,Sosa,8,Crystal Palace,Defender,4.5,0.157,0.0,0.157,0.79,0.0,0.0,0.8,0.0348,0.05,0,0,0,0.583,0,0,2.0,0.0,0.0
2026-08-28T11:27:35+00:00,2,2026-08-28T17:30:00Z,player-ensemble-1.0,player-sim-2.0,player-sim-3.0-candidate,recommended_for_live_promotion,0.2,0.5,0.4,1.0,fpl-2026-27,1.0,206,515621,Chadi Riad,8,Crystal Palace,Defender,4.5,0.0,0.0,0.0,0.0,0.0,0.0,0.0,0.0,0.0,0,0,0,0.0,0,0,0,0.0,0.0
2026-08-28T11:27:35+00:00,2,2026-08-28T17:30:00Z,player-ensemble-1.0,player-sim-2.0,player-sim-3.0-candidate,recommended_for_live_promotion,0.2,0.5,0.4,1.0,fpl-2026-27,1.0,207,242313,Mingueza,8,Crystal Palace,Defender,4.5,0.957,0.0,0.957,24.46,0.0,0.0,3.2,0.2127,1.018,0,0,4,0.712,0,0,2.0,0.0033,0.0
2026-08-28T11:27:35+00:00,2,2026-08-28T17:30:00Z,player-ensemble-1.0,player-sim-2.0,player-sim-3.0-candidate,recommended_for_live_promotion,0.2,0.5,0.4,1.0,fpl-2026-27,1.0437,208,232185,Sarr,8,Crystal Palace,Midfielder,6.4,0.0,0.0,0.0,0.0,0.0,0.0,0.0,0.0,0.0,0,0,0,0.0,0,0,0,0.0,0.0
2026-08-28T11:27:35+00:00,2,2026-08-28T17:30:00Z,player-ensemble-1.0,player-sim-2.0,player-sim-3.0-candidate,recommended_for_live_promotion,0.2,0.5,0.4,1.0,fpl-2026-27,1.0437,210,496221,Wharton,8,Crystal Palace,Midfielder,5.5,2.844,0.0,2.844,70.67,0.8,2.4000000000000004,5.2,0.5171,3.102,1,2,6,1.813,0,1.0,5.0,0.01,0.0
2026-08-28T11:27:35+00:00,2,2026-08-28T17:30:00Z,player-ensemble-1.0,player-sim-2.0,player-sim-3.0-candidate,recommended_for_live_promotion,0.2,0.5,0.4,1.0,fpl-2026-27,1.0437,211,488024,Yeremy,8,Crystal Palace,Midfielder,5.5,2.208,0.0,2.208,51.82,0.8,1.8,4.800000000000001,0.4015,2.442,1,2,6,1.273,0,1.0,3.0,0.0083,0.0017
2026-08-28T11:27:35+00:00,2,2026-08-28T17:30:00Z,player-ensemble-1.0,player-sim-2.0,player-sim-3.0-candidate,recommended_for_live_promotion,0.2,0.5,0.4,1.0,fpl-2026-27,1.0437,212,108413,Hughes,8,Crystal Palace,Midfielder,4.5,1.178,0.0,1.178,34.65,0.0,0.8,2.6,0.2618,1.295,0,1,3,0.71,0,0,2.0,0.0017,0.0
2026-08-28T11:27:35+00:00,2,2026-08-28T17:30:00Z,player-ensemble-1.0,player-sim-2.0,player-sim-3.0-candidate,recommended_for_live_promotion,0.2,0.5,0.4,1.0,fpl-2026-27,1.0437,213,152551,Lerma,8,Crystal Palace,Midfielder,5.0,1.385,0.0,1.385,39.2,0.0,0.8,3.4000000000000004,0.277,1.562,0,1,4,0.678,0,0,2.0,0.0,0.0
2026-08-28T11:27:35+00:00,2,2026-08-28T17:30:00Z,player-ensemble-1.0,player-sim-2.0,player-sim-3.0-candidate,recommended_for_live_promotion,0.2,0.5,0.4,1.0,fpl-2026-27,1.0437,214,209400,Kamada,8,Crystal Palace,Midfielder,5.0,2.073,0.0,2.073,55.41,0.4,1.8,4.2,0.4147,2.16,0,2,5,1.727,0,1.0,4.0,0.0033,0.0
2026-08-28T11:27:35+00:00,2,2026-08-28T17:30:00Z,player-ensemble-1.0,player-sim-2.0,player-sim-3.0-candidate,recommended_for_live_promotion,0.2,0.5,0.4,1.0,fpl-2026-27,1.0437,215,489706,Devenny,8,Crystal Palace,Midfielder,5.0,0.638,0.0,0.638,13.59,0.0,0.2,1.8,0.1275,0.568,0,0,2,0.915,0,0,3.0,0.0067,0.0017
2026-08-28T11:27:35+00:00,2,2026-08-28T17:30:00Z,player-ensemble-1.0,player-sim-2.0,player-sim-3.0-candidate,recommended_for_live_promotion,0.2,0.5,0.4,1.0,fpl-2026-27,1.0437,216,606921,Esse,8,Crystal Palace,Midfielder,5.0,0.133,0.0,0.133,0.32,0.0,0.0,0.4,0.0266,0.02,0,0,0,0.585,0,0,2.0,0.0017,0.0017
2026-08-28T11:27:35+00:00,2,2026-08-28T17:30:00Z,player-ensemble-1.0,player-sim-2.0,player-sim-3.0-candidate,recommended_for_live_promotion,0.2,0.5,0.4,1.0,fpl-2026-27,1.0437,217,536694,M.França,8,Crystal Palace,Midfielder,5.0,0.739,0.0,0.739,20.05,0.0,0.2,2.0,0.1478,0.768,0,0,2,0.622,0,0,2.0,0.0,0.0
2026-08-28T11:27:35+00:00,2,2026-08-28T17:30:00Z,player-ensemble-1.0,player-sim-2.0,player-sim-3.0-candidate,recommended_for_live_promotion,0.2,0.5,0.4,1.0,fpl-2026-27,1.0437,218,438464,Doucouré,8,Crystal Palace,Midfielder,5.0,0.689,0.0,0.689,18.94,0.0,0.2,2.0,0.1379,0.705,0,0,2,0.627,0,0,2.0,0.0033,0.0
2026-08-28T11:27:35+00:00,2,2026-08-28T17:30:00Z,player-ensemble-1.0,player-sim-2.0,player-sim-3.0-candidate,recommended_for_live_promotion,0.2,0.5,0.4,1.0,fpl-2026-27,1.0437,219,450542,J.Rak-Sakyi,8,Crystal Palace,Midfielder,5.0,0.819,0.0,0.819,22.33,0.0,0.2,2.4000000000000004,0.1639,0.832,0,0,3,0.77,0,0,2.0,0.0033,0.0
2026-08-28T11:27:35+00:00,2,2026-08-28T17:30:00Z,player-ensemble-1.0,player-sim-2.0,player-sim-3.0-candidate,recommended_for_live_promotion,0.2,0.5,0.4,1.0,fpl-2026-27,1.0,220,590014,Cardines,8,Crystal Palace,Defender,4.5,0.0,0.0,0.0,0.0,0.0,0.0,0.0,0.0,0.0,0,0,0,0.0,0,0,0,0.0,0.0
2026-08-28T11:27:35+00:00,2,2026-08-28T17:30:00Z,player-ensemble-1.0,player-sim-2.0,player-sim-3.0-candidate,recommended_for_live_promotion,0.2,0.5,0.4,1.0,fpl-2026-27,1.0437,221,672492,Drakes-Thomas,8,Crystal Palace,Midfielder,4.5,0.133,0.0,0.133,0.1,0.0,0.0,0.4,0.0296,0.007,0,0,0,0.638,0,0,2.0,0.0,0.0
2026-08-28T11:27:35+00:00,2,2026-08-28T17:30:00Z,player-ensemble-1.0,player-sim-2.0,player-sim-3.0-candidate,recommended_for_live_promotion,0.2,0.5,0.4,1.0,fpl-2026-27,1.035,222,247412,Strand Larsen,8,Crystal Palace,Forward,6.0,1.822,0.0,1.822,53.16,0.8,1.6,4.0,0.3036,2.023,1,2,5,1.015,0,1.0,2.0,0.0033,0.0
2026-08-28T11:27:35+00:00,2,2026-08-28T17:30:00Z,player-ensemble-1.0,player-sim-2.0,player-sim-3.0-candidate,recommended_for_live_promotion,0.2,0.5,0.4,1.0,fpl-2026-27,1.035,223,231747,Mateta,8,Crystal Palace,Forward,6.5,2.999,0.0,2.999,57.31,0.8,2.0,6.000000000000001,0.4614,3.192,1,2,7,2.228,0,2.0,6.0,0.0367,0.0083
2026-08-28T11:27:35+00:00,2,2026-08-28T17:30:00Z,player-ensemble-1.0,player-sim-2.0,player-sim-3.0-candidate,recommended_for_live_promotion,0.2,0.5,0.4,1.0,fpl-2026-27,1.035,224,205533,Nketiah,8,Crystal Palace,Forward,5.5,1.103,0.0,1.103,17.82,0.0,0.4,2.8000000000000003,0.2005,0.91,0,0,3,1.875,0,1.0,6.0,0.0183,0.0
2026-08-28T11:27:35+00:00,2,2026-08-28T17:30:00Z,player-ensemble-1.0,player-sim-2.0,player-sim-3.0-candidate,recommended_for_live_promotion,0.2,0.5,0.4,1.0,fpl-2026-27,1.035,225,660392,Uche,8,Crystal Palace,Forward,5.0,0.0,0.0,0.0,0.0,0.0,0.0,0.0,0.0,0.0,0,0,0,0.0,0,0,0,0.0,0.0
2026-08-28T11:27:35+00:00,2,2026-08-28T17:30:00Z,player-ensemble-1.0,player-sim-2.0,player-sim-3.0-candidate,recommended_for_live_promotion,0.2,0.5,0.4,1.0,fpl-2026-27,1.0437,241,433154,McNeil,8,Crystal Palace,Midfielder,5.5,1.48,0.0,1.48,36.0,0.0,1.2000000000000002,3.0,0.269,1.42,0,1,3,1.718,0,2.0,4.0,0.0017,0.0
2026-08-28T11:27:35+00:00,2,2026-08-28T17:30:00Z,player-ensemble-1.0,player-sim-2.0,player-sim-3.0-candidate,recommended_for_live_promotion,0.2,0.5,0.4,1.0,fpl-2026-27,1.07,555,169593,Matthews,8,Crystal Palace,Goalkeeper,4.0,0.523,0.0,0.523,16.46,0.0,0.0,2.0,0.1308,0.533,0,0,2,0.483,0,0,2.0,0.0,0.0
2026-08-28T11:27:35+00:00,2,2026-08-28T17:30:00Z,player-ensemble-1.0,player-sim-2.0,player-sim-3.0-candidate,recommended_for_live_promotion,0.2,0.5,0.4,1.0,fpl-2026-27,1.0,577,223723,Tomiyasu,8,Crystal Palace,Defender,4.5,0.346,0.0,0.346,3.29,0.0,0.2,1.0,0.077,0.188,0,0,1,0.978,0,1.0,2.0,0.005,0.0017
2026-08-28T11:27:35+00:00,2,2026-08-28T17:30:00Z,player-ensemble-1.0,player-sim-2.0,player-sim-3.0-candidate,recommended_for_live_promotion,0.2,0.5,0.4,1.0,fpl-2026-27,1.0,588,570794,Khalaili,8,Crystal Palace,Defender,5.0,1.194,0.0,1.194,25.86,0.0,0.8,3.4000000000000004,0.2389,1.188,0,0,4,1.218,0,1.0,4.0,0.0083,0.0017
2026-08-28T11:27:35+00:00,2,2026-08-28T17:30:00Z,player-ensemble-1.0,player-sim-2.0,player-sim-3.0-candidate,recommended_for_live_promotion,0.2,0.5,0.4,1.0,fpl-2026-27,1.0437,595,559152,Gozo,8,Crystal Palace,Midfielder,5.0,0.89,0.0,0.89,27.02,0.0,0.4,2.4000000000000004,0.1781,0.947,0,0,3,0.665,0,0,2.0,0.0033,0.0017
2026-08-28T11:27:35+00:00,2,2026-08-28T17:30:00Z,player-ensemble-1.0,player-sim-2.0,player-sim-3.0-candidate,recommended_for_live_promotion,0.2,0.5,0.4,1.0,fpl-2026-27,1.0437,21,128295,Nørgaard,9,Everton,Midfielder,5.0,0.0,0.0,0.0,0.0,0.0,0.0,0.0,0.0,0.0,0,0,0,0.0,0,0,0,0.0,0.0
2026-08-28T11:27:35+00:00,2,2026-08-28T17:30:00Z,player-ensemble-1.0,player-sim-2.0,player-sim-3.0-candidate,recommended_for_live_promotion,0.2,0.5,0.4,1.0,fpl-2026-27,1.0437,209,242898,Johnson,9,Everton,Midfielder,6.0,1.469,0.0,1.469,38.16,0.2,1.0,3.0000000000000004,0.2449,1.583,0,1,3,1.013,0,1.0,2.0,0.0017,0.0
2026-08-28T11:27:35+00:00,2,2026-08-28T17:30:00Z,player-ensemble-1.0,player-sim-2.0,player-sim-3.0-candidate,recommended_for_live_promotion,0.2,0.5,0.4,1.0,fpl-2026-27,1.07,226,111234,Pickford,9,Everton,Goalkeeper,5.5,3.351,0.0,3.351,88.84,1.0,2.8000000000000003,6.200000000000001,0.6093,3.743,1,3,7,1.783,0,0,6.0,0.005,0.0
2026-08-28T11:27:35+00:00,2,2026-08-28T17:30:00Z,player-ensemble-1.0,player-sim-2.0,player-sim-3.0-candidate,recommended_for_live_promotion,0.2,0.5,0.4,1.0,fpl-2026-27,1.07,227,229600,Travers,9,Everton,Goalkeeper,5.0,0.759,0.0,0.759,18.24,0.0,0.0,2.4000000000000004,0.1517,0.798,0,0,3,0.6,0,0,2.0,0.0,0.0
2026-08-28T11:27:35+00:00,2,2026-08-28T17:30:00Z,player-ensemble-1.0,player-sim-2.0,player-sim-3.0-candidate,recommended_for_live_promotion,0.2,0.5,0.4,1.0,fpl-2026-27,1.07,228,138001,King,9,Everton,Goalkeeper,4.5,0.722,0.0,0.722,18.19,0.0,0.0,2.4000000000000004,0.1604,0.763,0,0,3,0.557,0,0,2.0,0.0,0.0
2026-08-28T11:27:35+00:00,2,2026-08-28T17:30:00Z,player-ensemble-1.0,player-sim-2.0,player-sim-3.0-candidate,recommended_for_live_promotion,0.2,0.5,0.4,1.0,fpl-2026-27,1.0,229,17761,Tarkowski,9,Everton,Defender,6.0,3.806,0.0,3.806,86.94,1.2000000000000002,3.2,7.2,0.6343,4.178,1,4,8,2.317,0,1.0,7.0,0.0167,0.0033
2026-08-28T11:27:35+00:00,2,2026-08-28T17:30:00Z,player-ensemble-1.0,player-sim-2.0,player-sim-3.0-candidate,recommended_for_live_promotion,0.2,0.5,0.4,1.0,fpl-2026-27,1.0,230,480455,Branthwaite,9,Everton,Defender,5.5,1.269,0.0,1.269,27.02,0.0,0.8,3.6,0.2308,1.067,0,0,4,2.08,0,1.0,6.0,0.0067,0.0017
2026-08-28T11:27:35+00:00,2,2026-08-28T17:30:00Z,player-ensemble-1.0,player-sim-2.0,player-sim-3.0-candidate,recommended_for_live_promotion,0.2,0.5,0.4,1.0,fpl-2026-27,1.0,231,106611,Keane,9,Everton,Defender,5.0,2.465,0.0,2.465,56.64,0.0,1.6,5.6000000000000005,0.493,2.887,0,2,7,0.778,0,0,3.0,0.005,0.0
2026-08-28T11:27:35+00:00,2,2026-08-28T17:30:00Z,player-ensemble-1.0,player-sim-2.0,player-sim-3.0-candidate,recommended_for_live_promotion,0.2,0.5,0.4,1.0,fpl-2026-27,1.0,232,512462,O'Brien,9,Everton,Defender,5.0,2.274,0.0,2.274,69.22,0.0,1.6,5.4,0.4549,2.678,0,2,6,0.658,0,0,2.0,0.0017,0.0
2026-08-28T11:27:35+00:00,2,2026-08-28T17:30:00Z,player-ensemble-1.0,player-sim-2.0,player-sim-3.0-candidate,recommended_for_live_promotion,0.2,0.5,0.4,1.0,fpl-2026-27,1.0,233,224967,Mykolenko,9,Everton,Defender,4.5,2.696,0.0,2.696,79.68,0.8,2.0,5.6,0.5992,2.93,1,2,6,1.762,0,1.0,6.0,0.0017,0.0
2026-08-28T11:27:35+00:00,2,2026-08-28T17:30:00Z,player-ensemble-1.0,player-sim-2.0,player-sim-3.0-candidate,recommended_for_live_promotion,0.2,0.5,0.4,1.0,fpl-2026-27,1.0,234,243571,Patterson,9,Everton,Defender,4.5,0.329,0.0,0.329,4.5,0.0,0.0,1.2000000000000002,0.0731,0.212,0,0,0,0.798,0,0,3.0,0.0017,0.0
2026-08-28T11:27:35+00:00,2,2026-08-28T17:30:00Z,player-ensemble-1.0,player-sim-2.0,player-sim-3.0-candidate,recommended_for_live_promotion,0.2,0.5,0.4,1.0,fpl-2026-27,1.0,235,499300,Aznou,9,Everton,Defender,4.0,0.88,0.0,0.88,22.36,0.0,0.0,2.8000000000000003,0.2201,0.915,0,0,3,0.742,0,0,2.0,0.0033,0.0
2026-08-28T11:27:35+00:00,2,2026-08-28T17:30:00Z,player-ensemble-1.0,player-sim-2.0,player-sim-3.0-candidate,recommended_for_live_promotion,0.2,0.5,0.4,1.0,fpl-2026-27,1.0437,236,215413,Dewsbury-Hall,9,Everton,Midfielder,6.5,3.243,0.0,3.243,71.28,1.2000000000000002,2.8000000000000003,6.000000000000001,0.4989,3.498,1,3,7,2.22,0,2.0,6.0,0.02,0.0
2026-08-28T11:27:35+00:00,2,2026-08-28T17:30:00Z,player-ensemble-1.0,player-sim-2.0,player-sim-3.0-candidate,recommended_for_live_promotion,0.2,0.5,0.4,1.0,fpl-2026-27,1.0437,237,440993,Ndiaye,9,Everton,Midfielder,6.0,3.365,0.0,3.365,76.78,1.6,2.8000000000000003,6.4,0.5608,3.623,1,3,7,2.332,0,2.0,7.0,0.0317,0.005
2026-08-28T11:27:35+00:00,2,2026-08-28T17:30:00Z,player-ensemble-1.0,player-sim-2.0,player-sim-3.0-candidate,recommended_for_live_promotion,0.2,0.5,0.4,1.0,fpl-2026-27,1.0437,239,232928,Garner,9,Everton,Midfielder,6.0,2.839,0.0,2.839,75.05,1.0,2.6000000000000005,5.000000000000001,0.4732,3.285,1,3,6,1.057,0,1.0,3.0,0.0,0.0
2026-08-28T11:27:35+00:00,2,2026-08-28T17:30:00Z,player-ensemble-1.0,player-sim-2.0,player-sim-3.0-candidate,recommended_for_live_promotion,0.2,0.5,0.4,1.0,fpl-2026-27,1.0437,240,490094,Iroegbunam,9,Everton,Midfielder,5.0,0.0,0.0,0.0,0.0,0.0,0.0,0.0,0.0,0.0,0,0,0,0.0,0,0,0,0.0,0.0
2026-08-28T11:27:35+00:00,2,2026-08-28T17:30:00Z,player-ensemble-1.0,player-sim-2.0,player-sim-3.0-candidate,recommended_for_live_promotion,0.2,0.5,0.4,1.0,fpl-2026-27,1.0437,242,550615,George,9,Everton,Midfielder,5.5,0.957,0.0,0.957,21.49,0.0,0.4,2.4000000000000004,0.1739,0.767,0,0,3,1.717,0,1.0,5.0,0.005,0.0
2026-08-28T11:27:35+00:00,2,2026-08-28T17:30:00Z,player-ensemble-1.0,player-sim-2.0,player-sim-3.0-candidate,recommended_for_live_promotion,0.2,0.5,0.4,1.0,fpl-2026-27,1.0437,243,502697,Alcaraz,9,Everton,Midfielder,5.0,0.785,0.0,0.785,14.89,0.0,0.4,1.8,0.157,0.72,0,0,2,1.045,0,1.0,2.0,0.0017,0.0
2026-08-28T11:27:35+00:00,2,2026-08-28T17:30:00Z,player-ensemble-1.0,player-sim-2.0,player-sim-3.0-candidate,recommended_for_live_promotion,0.2,0.5,0.4,1.0,fpl-2026-27,1.0437,244,609873,Armstrong,9,Everton,Midfielder,5.0,1.094,0.0,1.094,25.31,0.0,0.6000000000000001,2.8000000000000003,0.2188,0.932,0,0,3,1.743,0,2.0,3.0,0.005,0.0
2026-08-28T11:27:35+00:00,2,2026-08-28T17:30:00Z,player-ensemble-1.0,player-sim-2.0,player-sim-3.0-candidate,recommended_for_live_promotion,0.2,0.5,0.4,1.0,fpl-2026-27,1.0437,245,496661,Dibling,9,Everton,Midfielder,5.5,0.465,0.0,0.465,10.1,0.0,0.0,1.6,0.0845,0.397,0,0,2,0.738,0,0,2.0,0.0033,0.0017
2026-08-28T11:27:35+00:00,2,2026-08-28T17:30:00Z,player-ensemble-1.0,player-sim-2.0,player-sim-3.0-candidate,recommended_for_live_promotion,0.2,0.5,0.4,1.0,fpl-2026-27,1.0437,246,513466,Röhl,9,Everton,Midfielder,5.0,1.237,0.0,1.237,29.81,0.0,0.6000000000000001,3.2,0.2475,1.17,0,0,3,1.507,0,1.0,3.0,0.005,0.0
2026-08-28T11:27:35+00:00,2,2026-08-28T17:30:00Z,player-ensemble-1.0,player-sim-2.0,player-sim-3.0-candidate,recommended_for_live_promotion,0.2,0.5,0.4,1.0,fpl-2026-27,1.0437,247,244860,Hackney,9,Everton,Midfielder,5.5,0.651,0.0,0.651,16.22,0.0,0.0,2.2,0.1184,0.617,0,0,2,0.79,0,0,3.0,0.0017,0.0
2026-08-28T11:27:35+00:00,2,2026-08-28T17:30:00Z,player-ensemble-1.0,player-sim-2.0,player-sim-3.0-candidate,recommended_for_live_promotion,0.2,0.5,0.4,1.0,fpl-2026-27,1.035,248,486385,Beto,9,Everton,Forward,5.5,1.886,0.0,1.886,35.94,0.2,1.0,4.800000000000001,0.343,2.007,0,1,6,1.405,0,1.0,3.0,0.0183,0.0033
2026-08-28T11:27:35+00:00,2,2026-08-28T17:30:00Z,player-ensemble-1.0,player-sim-2.0,player-sim-3.0-candidate,recommended_for_live_promotion,0.2,0.5,0.4,1.0,fpl-2026-27,1.035,249,586309,Barry,9,Everton,Forward,5.5,2.717,0.0,2.717,56.29,0.8,2.0,5.800000000000001,0.4941,2.843,0,2,7,2.213,0,1.0,6.0,0.0383,0.015
2026-08-28T11:27:35+00:00,2,2026-08-28T17:30:00Z,player-ensemble-1.0,player-sim-2.0,player-sim-3.0-candidate,recommended_for_live_promotion,0.2,0.5,0.4,1.0,fpl-2026-27,1.07,250,80201,Leno,10,Fulham,Goalkeeper,4.5,2.886,0.0,2.886,88.69,0.8,2.4000000000000004,5.6000000000000005,0.6414,3.223,1,3,7,1.538,0,0,6.0,0.0,0.0
2026-08-28T11:27:35+00:00,2,2026-08-28T17:30:00Z,player-ensemble-1.0,player-sim-2.0,player-sim-3.0-candidate,recommended_for_live_promotion,0.2,0.5,0.4,1.0,fpl-2026-27,1.07,251,86873,Lecomte,10,Fulham,Goalkeeper,4.0,0.606,0.0,0.606,16.82,0.0,0.0,2.4000000000000004,0.1515,0.633,0,0,3,0.497,0,0,2.0,0.0,0.0
2026-08-28T11:27:35+00:00,2,2026-08-28T17:30:00Z,player-ensemble-1.0,player-sim-2.0,player-sim-3.0-candidate,recommended_for_live_promotion,0.2,0.5,0.4,1.0,fpl-2026-27,1.07,252,505079,McNally,10,Fulham,Goalkeeper,4.0,0.668,0.0,0.668,18.23,0.0,0.0,2.4000000000000004,0.1669,0.708,0,0,3,0.505,0,0,2.0,0.0,0.0
2026-08-28T11:27:35+00:00,2,2026-08-28T17:30:00Z,player-ensemble-1.0,player-sim-2.0,player-sim-3.0-candidate,recommended_for_live_promotion,0.2,0.5,0.4,1.0,fpl-2026-27,1.0,253,174874,Andersen,10,Fulham,Defender,5.0,2.595,0.0,2.595,64.15,0.0,2.4000000000000004,6.200000000000001,0.5191,3.02,0,2,7,0.897,0,0,4.0,0.0033,0.0
2026-08-28T11:27:35+00:00,2,2026-08-28T17:30:00Z,player-ensemble-1.0,player-sim-2.0,player-sim-3.0-candidate,recommended_for_live_promotion,0.2,0.5,0.4,1.0,fpl-2026-27,1.0,254,169528,Robinson,10,Fulham,Defender,4.5,2.157,0.0,2.157,44.91,0.0,1.2000000000000002,5.6000000000000005,0.4793,2.175,0,1,7,2.083,0.0,1.0,6.0,0.0217,0.0017
2026-08-28T11:27:35+00:00,2,2026-08-28T17:30:00Z,player-ensemble-1.0,player-sim-2.0,player-sim-3.0-candidate,recommended_for_live_promotion,0.2,0.5,0.4,1.0,fpl-2026-27,1.0,255,246301,J.Cuenca,10,Fulham,Defender,4.5,1.615,0.0,1.615,36.21,0.0,0.8,4.800000000000001,0.3588,1.542,0,0,5,1.907,0,1.0,6.0,0.0033,0.0017
2026-08-28T11:27:35+00:00,2,2026-08-28T17:30:00Z,player-ensemble-1.0,player-sim-2.0,player-sim-3.0-candidate,recommended_for_live_promotion,0.2,0.5,0.4,1.0,fpl-2026-27,1.0,256,167074,Tete,10,Fulham,Defender,4.5,1.775,0.0,1.775,43.53,0.0,1.0,4.800000000000001,0.3944,2.01,0,1,6,0.835,0,0,3.0,0.0017,0.0
2026-08-28T11:27:35+00:00,2,2026-08-28T17:30:00Z,player-ensemble-1.0,player-sim-2.0,player-sim-3.0-candidate,recommended_for_live_promotion,0.2,0.5,0.4,1.0,fpl-2026-27,1.0,257,232892,Bassey,10,Fulham,Defender,4.5,2.482,0.0,2.482,69.74,0.8,2.0,5.6000000000000005,0.5516,2.677,1,2,6,1.703,0,1.0,6.0,0.005,0.0
2026-08-28T11:27:35+00:00,2,2026-08-28T17:30:00Z,player-ensemble-1.0,player-sim-2.0,player-sim-3.0-candidate,recommended_for_live_promotion,0.2,0.5,0.4,1.0,fpl-2026-27,1.0,258,166477,Castagne,10,Fulham,Defender,4.5,2.154,0.0,2.154,54.53,0.0,1.6,5.200000000000001,0.4787,2.192,0,1,6,2.005,0,1.0,6.0,0.0183,0.0017
2026-08-28T11:27:35+00:00,2,2026-08-28T17:30:00Z,player-ensemble-1.0,player-sim-2.0,player-sim-3.0-candidate,recommended_for_live_promotion,0.2,0.5,0.4,1.0,fpl-2026-27,1.0437,261,153133,Iwobi,10,Fulham,Midfielder,5.5,2.606,0.0,2.606,67.91,1.0,2.4000000000000004,4.800000000000001,0.4739,2.82,1,2,5,1.752,0,1.0,4.0,0.0117,0.0
2026-08-28T11:27:35+00:00,2,2026-08-28T17:30:00Z,player-ensemble-1.0,player-sim-2.0,player-sim-3.0-candidate,recommended_for_live_promotion,0.2,0.5,0.4,1.0,fpl-2026-27,1.0437,262,209289,Smith Rowe,10,Fulham,Midfielder,5.5,1.585,0.0,1.585,42.23,0.0,1.6,3.2,0.2881,1.787,0,1,4,0.777,0,0,2.0,0.0067,0.0
2026-08-28T11:27:35+00:00,2,2026-08-28T17:30:00Z,player-ensemble-1.0,player-sim-2.0,player-sim-3.0-candidate,recommended_for_live_promotion,0.2,0.5,0.4,1.0,fpl-2026-27,1.0437,263,560552,Kevin,10,Fulham,Midfielder,5.5,0.983,0.0,0.983,23.03,0.0,0.8,2.4000000000000004,0.1788,0.967,0,1,2,1.05,0,1.0,2.0,0.0017,0.0
2026-08-28T11:27:35+00:00,2,2026-08-28T17:30:00Z,player-ensemble-1.0,player-sim-2.0,player-sim-3.0-candidate,recommended_for_live_promotion,0.2,0.5,0.4,1.0,fpl-2026-27,1.0437,264,477555,Bobb,10,Fulham,Midfielder,5.5,1.419,0.0,1.419,32.34,0.0,1.0,3.2,0.258,1.34,0,1,3,1.735,0,2.0,4.0,0.0067,0.0
2026-08-28T11:27:35+00:00,2,2026-08-28T17:30:00Z,player-ensemble-1.0,player-sim-2.0,player-sim-3.0-candidate,recommended_for_live_promotion,0.2,0.5,0.4,1.0,fpl-2026-27,1.0437,265,207189,Berge,10,Fulham,Midfielder,5.0,2.289,0.0,2.289,76.11,1.0,2.0,3.6000000000000005,0.4579,2.485,1,2,4,1.507,0,1.0,3.0,0.0033,0.0
2026-08-28T11:27:35+00:00,2,2026-08-28T17:30:00Z,player-ensemble-1.0,player-sim-2.0,player-sim-3.0-candidate,recommended_for_live_promotion,0.2,0.5,0.4,1.0,fpl-2026-27,1.0437,266,76357,Cairney,10,Fulham,Midfielder,5.0,0.0,0.0,0.0,0.0,0.0,0.0,0.0,0.0,0.0,0,0,0,0.0,0,0,0,0.0,0.0
2026-08-28T11:27:35+00:00,2,2026-08-28T17:30:00Z,player-ensemble-1.0,player-sim-2.0,player-sim-3.0-candidate,recommended_for_live_promotion,0.2,0.5,0.4,1.0,fpl-2026-27,1.0437,268,577725,King,10,Fulham,Midfielder,5.5,1.648,0.0,1.648,42.5,0.0,1.4000000000000001,3.2,0.2997,1.607,0,1,3,1.815,0,1.0,4.0,0.0133,0.0033
2026-08-28T11:27:35+00:00,2,2026-08-28T17:30:00Z,player-ensemble-1.0,player-sim-2.0,player-sim-3.0-candidate,recommended_for_live_promotion,0.2,0.5,0.4,1.0,fpl-2026-27,1.0,269,184349,Sessegnon,10,Fulham,Defender,4.5,2.192,0.0,2.192,44.3,0.2,1.2000000000000002,5.800000000000001,0.4871,2.412,0,1,7,1.313,0,1.0,3.0,0.0133,0.0033
2026-08-28T11:27:35+00:00,2,2026-08-28T17:30:00Z,player-ensemble-1.0,player-sim-2.0,player-sim-3.0-candidate,recommended_for_live_promotion,0.2,0.5,0.4,1.0,fpl-2026-27,1.0437,270,153366,Reed,10,Fulham,Midfielder,4.5,0.227,0.0,0.227,2.36,0.0,0.0,0.6000000000000001,0.0504,0.098,0,0,0,0.742,0,0,3.0,0.0033,0.0
2026-08-28T11:27:35+00:00,2,2026-08-28T17:30:00Z,player-ensemble-1.0,player-sim-2.0,player-sim-3.0-candidate,recommended_for_live_promotion,0.2,0.5,0.4,1.0,fpl-2026-27,1.035,271,244042,Muniz,10,Fulham,Forward,5.5,1.077,0.0,1.077,22.54,0.0,0.8,2.6000000000000005,0.1958,1.082,0,1,3,1.058,0,1.0,2.0,0.0017,0.0017
2026-08-28T11:27:35+00:00,2,2026-08-28T17:30:00Z,player-ensemble-1.0,player-sim-2.0,player-sim-3.0-candidate,recommended_for_live_promotion,0.2,0.5,0.4,1.0,fpl-2026-27,1.035,272,631786,Kusi-Asare,10,Fulham,Forward,4.5,0.147,0.0,0.147,0.55,0.0,0.0,0.4,0.0327,0.028,0,0,0,0.623,0,0,2.0,0.0017,0.0
2026-08-28T11:27:35+00:00,2,2026-08-28T17:30:00Z,player-ensemble-1.0,player-sim-2.0,player-sim-3.0-candidate,recommended_for_live_promotion,0.2,0.5,0.4,1.0,fpl-2026-27,1.035,569,551466,Gonzalo,10,Fulham,Forward,6.0,1.659,0.0,1.659,36.16,0.0,1.0,4.800000000000001,0.2765,1.618,0,1,6,1.82,0,1.0,6.0,0.0183,0.0033
2026-08-28T11:27:35+00:00,2,2026-08-28T17:30:00Z,player-ensemble-1.0,player-sim-2.0,player-sim-3.0-candidate,recommended_for_live_promotion,0.2,0.5,0.4,1.0,fpl-2026-27,1.0437,570,571779,Palacios,10,Fulham,Midfielder,5.5,1.451,0.0,1.451,36.62,0.0,1.2000000000000002,3.2,0.2638,1.383,0,1,3,1.722,0,1.0,4.0,0.0083,0.0017
2026-08-28T11:27:35+00:00,2,2026-08-28T17:30:00Z,player-ensemble-1.0,player-sim-2.0,player-sim-3.0-candidate,recommended_for_live_promotion,0.2,0.5,0.4,1.0,fpl-2026-27,1.0437,580,463210,Charles,10,Fulham,Midfielder,5.0,1.027,0.0,1.027,25.09,0.0,0.8,2.4000000000000004,0.2055,1.045,0,1,3,0.957,0,1.0,2.0,0.0,0.0
2026-08-28T11:27:35+00:00,2,2026-08-28T17:30:00Z,player-ensemble-1.0,player-sim-2.0,player-sim-3.0-candidate,recommended_for_live_promotion,0.2,0.5,0.4,1.0,fpl-2026-27,1.0,610,547686,De Fougerolles,10,Fulham,Defender,4.0,0.932,0.0,0.932,24.45,0.0,0.0,3.2,0.233,0.983,0,0,4,0.727,0,0,2.0,0.0033,0.0017
2026-08-28T11:27:35+00:00,2,2026-08-28T17:30:00Z,player-ensemble-1.0,player-sim-2.0,player-sim-3.0-candidate,recommended_for_live_promotion,0.2,0.5,0.4,1.0,fpl-2026-27,1.07,273,167825,Phillips,11,Hull City,Goalkeeper,4.0,0.741,0.0,0.741,17.91,0.0,0.0,2.4000000000000004,0.1852,0.787,0,0,3,0.558,0,0,2.0,0.0017,0.0
2026-08-28T11:27:35+00:00,2,2026-08-28T17:30:00Z,player-ensemble-1.0,player-sim-2.0,player-sim-3.0-candidate,recommended_for_live_promotion,0.2,0.5,0.4,1.0,fpl-2026-27,1.07,274,105666,Butland,11,Hull City,Goalkeeper,4.5,0.0,0.0,0.0,0.0,0.0,0.0,0.0,0.0,0.0,0,0,0,0.0,0,0,0,0.0,0.0
2026-08-28T11:27:35+00:00,2,2026-08-28T17:30:00Z,player-ensemble-1.0,player-sim-2.0,player-sim-3.0-candidate,recommended_for_live_promotion,0.2,0.5,0.4,1.0,fpl-2026-27,1.07,275,494950,Cartwright,11,Hull City,Goalkeeper,4.0,0.0,0.0,0.0,0.0,0.0,0.0,0.0,0.0,0.0,0,0,0,0.0,0,0,0,0.0,0.0
2026-08-28T11:27:35+00:00,2,2026-08-28T17:30:00Z,player-ensemble-1.0,player-sim-2.0,player-sim-3.0-candidate,recommended_for_live_promotion,0.2,0.5,0.4,1.0,fpl-2026-27,1.07,276,444307,Lo-Tutala,11,Hull City,Goalkeeper,4.0,0.0,0.0,0.0,0.0,0.0,0.0,0.0,0.0,0.0,0,0,0,0.0,0,0,0,0.0,0.0
2026-08-28T11:27:35+00:00,2,2026-08-28T17:30:00Z,player-ensemble-1.0,player-sim-2.0,player-sim-3.0-candidate,recommended_for_live_promotion,0.2,0.5,0.4,1.0,fpl-2026-27,1.0,277,108416,Egan,11,Hull City,Defender,4.0,1.266,0.0,1.266,24.88,0.0,0.6000000000000001,4.800000000000001,0.3166,1.078,0,0,6,2.018,0,1.0,6.0,0.0067,0.0
2026-08-28T11:27:35+00:00,2,2026-08-28T17:30:00Z,player-ensemble-1.0,player-sim-2.0,player-sim-3.0-candidate,recommended_for_live_promotion,0.2,0.5,0.4,1.0,fpl-2026-27,1.0,278,501902,Hughes,11,Hull City,Defender,4.0,0.0,0.0,0.0,0.0,0.0,0.0,0.0,0.0,0.0,0,0,0,0.0,0,0,0,0.0,0.0
2026-08-28T11:27:35+00:00,2,2026-08-28T17:30:00Z,player-ensemble-1.0,player-sim-2.0,player-sim-3.0-candidate,recommended_for_live_promotion,0.2,0.5,0.4,1.0,fpl-2026-27,1.0,279,146426,Ajayi,11,Hull City,Defender,4.0,1.678,0.0,1.678,27.61,0.8,1.2000000000000002,2.8000000000000003,0.4194,1.488,1,1,2,2.435,0,1.0,6.0,0.0183,0.0033
2026-08-28T11:27:35+00:00,2,2026-08-28T17:30:00Z,player-ensemble-1.0,player-sim-2.0,player-sim-3.0-candidate,recommended_for_live_promotion,0.2,0.5,0.4,1.0,fpl-2026-27,1.0,280,193278,Coyle,11,Hull City,Defender,4.0,1.854,0.0,1.854,35.55,0.0,1.2000000000000002,5.200000000000001,0.4634,1.722,0,0,6,2.382,0,1.0,6.0,0.0083,0.0
2026-08-28T11:27:35+00:00,2,2026-08-28T17:30:00Z,player-ensemble-1.0,player-sim-2.0,player-sim-3.0-candidate,recommended_for_live_promotion,0.2,0.5,0.4,1.0,fpl-2026-27,1.0,281,433590,Drameh,11,Hull City,Defender,4.0,0.448,0.0,0.448,4.97,0.0,0.2,1.2000000000000002,0.1121,0.278,0,0,1,1.128,0,1.0,3.0,0.0067,0.0
2026-08-28T11:27:35+00:00,2,2026-08-28T17:30:00Z,player-ensemble-1.0,player-sim-2.0,player-sim-3.0-candidate,recommended_for_live_promotion,0.2,0.5,0.4,1.0,fpl-2026-27,1.0,282,232351,Giles,11,Hull City,Defender,4.0,1.262,0.0,1.262,24.21,0.0,0.8,4.800000000000001,0.3154,1.033,0,0,5,2.175,0,1.0,6.0,0.0033,0.0
2026-08-28T11:27:35+00:00,2,2026-08-28T17:30:00Z,player-ensemble-1.0,player-sim-2.0,player-sim-3.0-candidate,recommended_for_live_promotion,0.2,0.5,0.4,1.0,fpl-2026-27,1.0,283,449428,Jacob,11,Hull City,Defender,4.0,0.0,0.0,0.0,0.0,0.0,0.0,0.0,0.0,0.0,0,0,0,0.0,0,0,0,0.0,0.0
2026-08-28T11:27:35+00:00,2,2026-08-28T17:30:00Z,player-ensemble-1.0,player-sim-2.0,player-sim-3.0-candidate,recommended_for_live_promotion,0.2,0.5,0.4,1.0,fpl-2026-27,1.0,284,661800,McCarthy,11,Hull City,Defender,4.0,1.328,0.0,1.328,26.39,0.0,0.2,4.800000000000001,0.332,1.413,0,0,6,0.987,0,0,5.0,0.0033,0.0
2026-08-28T11:27:35+00:00,2,2026-08-28T17:30:00Z,player-ensemble-1.0,player-sim-2.0,player-sim-3.0-candidate,recommended_for_live_promotion,0.2,0.5,0.4,1.0,fpl-2026-27,1.0,285,160817,McNair,11,Hull City,Defender,4.0,0.487,0.0,0.487,5.52,0.0,0.2,1.2000000000000002,0.1217,0.307,0,0,1,1.208,0,1.0,4.0,0.0017,0.0
2026-08-28T11:27:35+00:00,2,2026-08-28T17:30:00Z,player-ensemble-1.0,player-sim-2.0,player-sim-3.0-candidate,recommended_for_live_promotion,0.2,0.5,0.4,1.0,fpl-2026-27,1.0437,286,540324,Belloumi,11,Hull City,Midfielder,5.0,1.556,0.0,1.556,37.68,0.0,1.0,3.6,0.3112,1.508,0,1,4,1.747,0,2.0,4.0,0.0067,0.0017
2026-08-28T11:27:35+00:00,2,2026-08-28T17:30:00Z,player-ensemble-1.0,player-sim-2.0,player-sim-3.0-candidate,recommended_for_live_promotion,0.2,0.5,0.4,1.0,fpl-2026-27,1.0437,287,232905,Millar,11,Hull City,Midfielder,5.0,1.06,0.0,1.06,25.22,0.0,0.8,2.4000000000000004,0.2121,1.063,0,1,3,1.048,0,1.0,3.0,0.0017,0.0
2026-08-28T11:27:35+00:00,2,2026-08-28T17:30:00Z,player-ensemble-1.0,player-sim-2.0,player-sim-3.0-candidate,recommended_for_live_promotion,0.2,0.5,0.4,1.0,fpl-2026-27,1.0437,288,171270,Dowell,11,Hull City,Midfielder,4.5,0.435,0.0,0.435,6.25,0.0,0.2,1.0,0.0966,0.383,0,0,1,0.64,0,0,2.0,0.0,0.0
2026-08-28T11:27:35+00:00,2,2026-08-28T17:30:00Z,player-ensemble-1.0,player-sim-2.0,player-sim-3.0-candidate,recommended_for_live_promotion,0.2,0.5,0.4,1.0,fpl-2026-27,1.0437,289,101282,Crooks,11,Hull City,Midfielder,4.5,1.389,0.0,1.389,37.39,0.0,1.0,3.0000000000000004,0.3087,1.343,0,1,3,1.573,0,1.0,3.0,0.0017,0.0
2026-08-28T11:27:35+00:00,2,2026-08-28T17:30:00Z,player-ensemble-1.0,player-sim-2.0,player-sim-3.0-candidate,recommended_for_live_promotion,0.2,0.5,0.4,1.0,fpl-2026-27,1.0437,290,243413,Slater,11,Hull City,Midfielder,4.5,1.606,0.0,1.606,38.16,0.0,1.2000000000000002,3.8000000000000003,0.3568,1.552,0,1,4,1.822,0,2.0,5.0,0.01,0.0
2026-08-28T11:27:35+00:00,2,2026-08-28T17:30:00Z,player-ensemble-1.0,player-sim-2.0,player-sim-3.0-candidate,recommended_for_live_promotion,0.2,0.5,0.4,1.0,fpl-2026-27,1.0437,291,465525,Matazo,11,Hull City,Midfielder,4.5,0.0,0.0,0.0,0.0,0.0,0.0,0.0,0.0,0.0,0,0,0,0.0,0,0,0,0.0,0.0
2026-08-28T11:27:35+00:00,2,2026-08-28T17:30:00Z,player-ensemble-1.0,player-sim-2.0,player-sim-3.0-candidate,recommended_for_live_promotion,0.2,0.5,0.4,1.0,fpl-2026-27,1.0437,292,208481,Ömür,11,Hull City,Midfielder,5.0,0.902,0.0,0.902,25.27,0.0,0.4,2.4000000000000004,0.1804,0.977,0,0,3,0.603,0,0,2.0,0.0,0.0
2026-08-28T11:27:35+00:00,2,2026-08-28T17:30:00Z,player-ensemble-1.0,player-sim-2.0,player-sim-3.0-candidate,recommended_for_live_promotion,0.2,0.5,0.4,1.0,fpl-2026-27,1.0437,293,490161,Kamara,11,Hull City,Midfielder,5.0,0.0,0.0,0.0,0.0,0.0,0.0,0.0,0.0,0.0,0,0,0,0.0,0,0,0,0.0,0.0
2026-08-28T11:27:35+00:00,2,2026-08-28T17:30:00Z,player-ensemble-1.0,player-sim-2.0,player-sim-3.0-candidate,recommended_for_live_promotion,0.2,0.5,0.4,1.0,fpl-2026-27,1.0437,294,553783,Zambrano,11,Hull City,Midfielder,4.5,0.0,0.0,0.0,0.0,0.0,0.0,0.0,0.0,0.0,0,0,0,0.0,0,0,0,0.0,0.0
2026-08-28T11:27:35+00:00,2,2026-08-28T17:30:00Z,player-ensemble-1.0,player-sim-2.0,player-sim-3.0-candidate,recommended_for_live_promotion,0.2,0.5,0.4,1.0,fpl-2026-27,1.035,295,169432,McBurnie,11,Hull City,Forward,5.5,1.922,0.0,1.922,42.41,0.0,1.4000000000000001,5.000000000000001,0.3495,1.918,0,1,6,1.937,0,1.0,6.0,0.0283,0.0067
2026-08-28T11:27:35+00:00,2,2026-08-28T17:30:00Z,player-ensemble-1.0,player-sim-2.0,player-sim-3.0-candidate,recommended_for_live_promotion,0.2,0.5,0.4,1.0,fpl-2026-27,1.0437,296,213292,Akintola,11,Hull City,Midfielder,5.0,1.075,0.0,1.075,27.75,0.0,0.6000000000000001,3.0000000000000004,0.2149,1.135,0,0,3,0.833,0,0,3.0,0.0033,0.0
2026-08-28T11:27:35+00:00,2,2026-08-28T17:30:00Z,player-ensemble-1.0,player-sim-2.0,player-sim-3.0-candidate,recommended_for_live_promotion,0.2,0.5,0.4,1.0,fpl-2026-27,1.0437,297,470294,Gyabi,11,Hull City,Midfielder,4.5,0.0,0.0,0.0,0.0,0.0,0.0,0.0,0.0,0.0,0,0,0,0.0,0,0,0,0.0,0.0
2026-08-28T11:27:35+00:00,2,2026-08-28T17:30:00Z,player-ensemble-1.0,player-sim-2.0,player-sim-3.0-candidate,recommended_for_live_promotion,0.2,0.5,0.4,1.0,fpl-2026-27,1.035,298,500957,Destan,11,Hull City,Forward,4.5,0.0,0.0,0.0,0.0,0.0,0.0,0.0,0.0,0.0,0,0,0,0.0,0,0,0,0.0,0.0
2026-08-28T11:27:35+00:00,2,2026-08-28T17:30:00Z,player-ensemble-1.0,player-sim-2.0,player-sim-3.0-candidate,recommended_for_live_promotion,0.2,0.5,0.4,1.0,fpl-2026-27,1.035,299,534392,Burstow,11,Hull City,Forward,4.5,0.0,0.0,0.0,0.0,0.0,0.0,0.0,0.0,0.0,0,0,0,0.0,0,0,0,0.0,0.0
2026-08-28T11:27:35+00:00,2,2026-08-28T17:30:00Z,player-ensemble-1.0,player-sim-2.0,player-sim-3.0-candidate,recommended_for_live_promotion,0.2,0.5,0.4,1.0,fpl-2026-27,1.0437,340,462635,Gelhardt,11,Hull City,Midfielder,5.0,0.0,0.0,0.0,0.0,0.0,0.0,0.0,0.0,0.0,0,0,0,0.0,0,0,0,0.0,0.0
2026-08-28T11:27:35+00:00,2,2026-08-28T17:30:00Z,player-ensemble-1.0,player-sim-2.0,player-sim-3.0-candidate,recommended_for_live_promotion,0.2,0.5,0.4,1.0,fpl-2026-27,1.0,556,169359,Targett,11,Hull City,Defender,4.0,1.36,0.0,1.36,29.22,0.0,0.8,4.800000000000001,0.3399,1.42,0,1,5,1.118,0,1.0,3.0,0.0,0.0
2026-08-28T11:27:35+00:00,2,2026-08-28T17:30:00Z,player-ensemble-1.0,player-sim-2.0,player-sim-3.0-candidate,recommended_for_live_promotion,0.2,0.5,0.4,1.0,fpl-2026-27,1.0437,563,445028,Morita,11,Hull City,Midfielder,5.0,0.907,0.0,0.907,23.53,0.0,0.4,2.4000000000000004,0.1813,0.907,0,0,3,0.907,0,0,3.0,0.0067,0.0
2026-08-28T11:27:35+00:00,2,2026-08-28T17:30:00Z,player-ensemble-1.0,player-sim-2.0,player-sim-3.0-candidate,recommended_for_live_promotion,0.2,0.5,0.4,1.0,fpl-2026-27,1.07,572,473284,Tzolakis,11,Hull City,Goalkeeper,4.5,1.82,0.0,1.82,35.31,0.0,1.0,5.4,0.4044,1.737,0,0,6,2.153,0,1.0,7.0,0.0017,0.0
2026-08-28T11:27:35+00:00,2,2026-08-28T17:30:00Z,player-ensemble-1.0,player-sim-2.0,player-sim-3.0-candidate,recommended_for_live_promotion,0.2,0.5,0.4,1.0,fpl-2026-27,1.0437,574,552946,Hjertø-Dahl,11,Hull City,Midfielder,5.0,0.913,0.0,0.913,24.94,0.0,0.2,2.4000000000000004,0.1827,0.967,0,0,3,0.7,0,0,3.0,0.0033,0.0
2026-08-28T11:27:35+00:00,2,2026-08-28T17:30:00Z,player-ensemble-1.0,player-sim-2.0,player-sim-3.0-candidate,recommended_for_live_promotion,0.2,0.5,0.4,1.0,fpl-2026-27,1.0437,576,608227,Stroud,11,Hull City,Midfielder,5.0,1.528,0.0,1.528,35.12,0.0,1.0,3.6,0.3055,1.482,0,1,4,1.712,0,2.0,3.0,0.005,0.0
2026-08-28T11:27:35+00:00,2,2026-08-28T17:30:00Z,player-ensemble-1.0,player-sim-2.0,player-sim-3.0-candidate,recommended_for_live_promotion,0.2,0.5,0.4,1.0,fpl-2026-27,1.0,585,597462,Herrington,11,Hull City,Defender,4.0,1.221,0.0,1.221,25.47,0.0,0.8,3.8,0.3053,1.217,0,0,4,1.238,0,1.0,4.0,0.0067,0.0033
2026-08-28T11:27:35+00:00,2,2026-08-28T17:30:00Z,player-ensemble-1.0,player-sim-2.0,player-sim-3.0-candidate,recommended_for_live_promotion,0.2,0.5,0.4,1.0,fpl-2026-27,1.0,586,606930,Mendy,11,Hull City,Defender,4.0,1.984,0.0,1.984,36.23,0.0,1.2000000000000002,5.6000000000000005,0.4959,1.843,0,0,6,2.545,0,1.0,7.0,0.0267,0.0017
2026-08-28T11:27:35+00:00,2,2026-08-28T17:30:00Z,player-ensemble-1.0,player-sim-2.0,player-sim-3.0-candidate,recommended_for_live_promotion,0.2,0.5,0.4,1.0,fpl-2026-27,1.0437,589,469266,Gourna-Douath,11,Hull City,Midfielder,5.0,0.956,0.0,0.956,23.02,0.0,0.2,2.6000000000000005,0.1911,1.005,0,0,3,0.758,0,0,2.0,0.0033,0.0
2026-08-28T11:27:35+00:00,2,2026-08-28T17:30:00Z,player-ensemble-1.0,player-sim-2.0,player-sim-3.0-candidate,recommended_for_live_promotion,0.2,0.5,0.4,1.0,fpl-2026-27,1.0,259,219924,Diop,12,Ipswich Town,Defender,4.0,1.38,0.0,1.38,33.68,0.0,0.8,3.6000000000000005,0.3449,1.247,0,0,4,1.912,0.0,1.0,6.0,0.0117,0.0033
2026-08-28T11:27:35+00:00,2,2026-08-28T17:30:00Z,player-ensemble-1.0,player-sim-2.0,player-sim-3.0-candidate,recommended_for_live_promotion,0.2,0.5,0.4,1.0,fpl-2026-27,1.0437,267,212314,Lukić,12,Ipswich Town,Midfielder,5.0,1.785,0.0,1.785,51.02,0.2,1.6,3.6,0.3571,1.82,0,2,4,1.647,0,1.0,4.0,0.0033,0.0
2026-08-28T11:27:35+00:00,2,2026-08-28T17:30:00Z,player-ensemble-1.0,player-sim-2.0,player-sim-3.0-candidate,recommended_for_live_promotion,0.2,0.5,0.4,1.0,fpl-2026-27,1.07,300,108813,Walton,12,Ipswich Town,Goalkeeper,4.5,0.572,0.0,0.572,14.12,0.0,0.0,1.6,0.1271,0.567,0,0,2,0.593,0,0,3.0,0.0,0.0
2026-08-28T11:27:35+00:00,2,2026-08-28T17:30:00Z,player-ensemble-1.0,player-sim-2.0,player-sim-3.0-candidate,recommended_for_live_promotion,0.2,0.5,0.4,1.0,fpl-2026-27,1.07,301,112520,Palmer,12,Ipswich Town,Goalkeeper,4.0,1.076,0.0,1.076,27.01,0.0,0.4,3.2,0.2689,1.222,0,0,4,0.492,0,0,2.0,0.0,0.0
2026-08-28T11:27:35+00:00,2,2026-08-28T17:30:00Z,player-ensemble-1.0,player-sim-2.0,player-sim-3.0-candidate,recommended_for_live_promotion,0.2,0.5,0.4,1.0,fpl-2026-27,1.07,302,50093,Button,12,Ipswich Town,Goalkeeper,4.0,0.18,0.0,0.18,0.46,0.0,0.0,0.8,0.0451,0.028,0,0,0,0.788,0,0,3.0,0.0017,0.0
2026-08-28T11:27:35+00:00,2,2026-08-28T17:30:00Z,player-ensemble-1.0,player-sim-2.0,player-sim-3.0-candidate,recommended_for_live_promotion,0.2,0.5,0.4,1.0,fpl-2026-27,1.0,303,183015,Kipré,12,Ipswich Town,Defender,4.0,0.949,0.0,0.949,25.44,0.0,0.0,3.2,0.2372,0.978,0,0,4,0.832,0,0,3.0,0.0017,0.0
2026-08-28T11:27:35+00:00,2,2026-08-28T17:30:00Z,player-ensemble-1.0,player-sim-2.0,player-sim-3.0-candidate,recommended_for_live_promotion,0.2,0.5,0.4,1.0,fpl-2026-27,1.0,304,216616,O'Shea,12,Ipswich Town,Defender,4.0,3.451,0.0,3.451,82.1,0.8,3.2,6.4,0.8627,3.768,1,3,8,2.18,0,1.0,6.0,0.0133,0.0
2026-08-28T11:27:35+00:00,2,2026-08-28T17:30:00Z,player-ensemble-1.0,player-sim-2.0,player-sim-3.0-candidate,recommended_for_live_promotion,0.2,0.5,0.4,1.0,fpl-2026-27,1.0,305,455084,Davis,12,Ipswich Town,Defender,4.0,2.467,0.0,2.467,76.34,0.8,1.8,5.2,0.6168,2.66,1,2,6,1.697,0.0,1.0,6.0,0.0117,0.0
2026-08-28T11:27:35+00:00,2,2026-08-28T17:30:00Z,player-ensemble-1.0,player-sim-2.0,player-sim-3.0-candidate,recommended_for_live_promotion,0.2,0.5,0.4,1.0,fpl-2026-27,1.0,306,449429,Greaves,12,Ipswich Town,Defender,4.0,2.6,0.0,2.6,65.5,0.8,2.0,5.4,0.65,2.783,1,2,6,1.867,0,1.0,6.0,0.005,0.0
2026-08-28T11:27:35+00:00,2,2026-08-28T17:30:00Z,player-ensemble-1.0,player-sim-2.0,player-sim-3.0-candidate,recommended_for_live_promotion,0.2,0.5,0.4,1.0,fpl-2026-27,1.0,307,222018,Johnson,12,Ipswich Town,Defender,4.0,1.069,0.0,1.069,29.24,0.0,0.6000000000000001,3.2,0.2673,1.157,0,0,4,0.72,0,0,2.0,0.005,0.0
2026-08-28T11:27:35+00:00,2,2026-08-28T17:30:00Z,player-ensemble-1.0,player-sim-2.0,player-sim-3.0-candidate,recommended_for_live_promotion,0.2,0.5,0.4,1.0,fpl-2026-27,1.0,308,176420,Furlong,12,Ipswich Town,Defender,4.0,0.8,0.0,0.8,15.39,0.0,0.8,1.2000000000000002,0.2001,0.843,0,1,1,0.628,0,0,2.0,0.0,0.0
2026-08-28T11:27:35+00:00,2,2026-08-28T17:30:00Z,player-ensemble-1.0,player-sim-2.0,player-sim-3.0-candidate,recommended_for_live_promotion,0.2,0.5,0.4,1.0,fpl-2026-27,1.0437,309,501390,Núñez,12,Ipswich Town,Midfielder,5.0,1.304,0.0,1.304,36.61,0.0,1.0,2.8000000000000003,0.2608,1.207,0,1,3,1.693,0,2.0,3.0,0.0017,0.0
2026-08-28T11:27:35+00:00,2,2026-08-28T17:30:00Z,player-ensemble-1.0,player-sim-2.0,player-sim-3.0-candidate,recommended_for_live_promotion,0.2,0.5,0.4,1.0,fpl-2026-27,1.0437,310,241117,Matusiwa,12,Ipswich Town,Midfielder,5.0,0.0,0.0,0.0,0.0,0.0,0.0,0.0,0.0,0.0,0,0,0,0.0,0,0,0,0.0,0.0
2026-08-28T11:27:35+00:00,2,2026-08-28T17:30:00Z,player-ensemble-1.0,player-sim-2.0,player-sim-3.0-candidate,recommended_for_live_promotion,0.2,0.5,0.4,1.0,fpl-2026-27,1.0437,311,149929,Burns,12,Ipswich Town,Midfielder,5.0,0.0,0.0,0.0,0.0,0.0,0.0,0.0,0.0,0.0,0,0,0,0.0,0,0,0,0.0,0.0
2026-08-28T11:27:35+00:00,2,2026-08-28T17:30:00Z,player-ensemble-1.0,player-sim-2.0,player-sim-3.0-candidate,recommended_for_live_promotion,0.2,0.5,0.4,1.0,fpl-2026-27,1.0437,312,231899,Taylor,12,Ipswich Town,Midfielder,4.5,0.0,0.0,0.0,0.0,0.0,0.0,0.0,0.0,0.0,0,0,0,0.0,0,0,0,0.0,0.0
2026-08-28T11:27:35+00:00,2,2026-08-28T17:30:00Z,player-ensemble-1.0,player-sim-2.0,player-sim-3.0-candidate,recommended_for_live_promotion,0.2,0.5,0.4,1.0,fpl-2026-27,1.0437,313,443261,Clarke,12,Ipswich Town,Midfielder,5.5,1.132,0.0,1.132,26.32,0.0,0.8,2.6000000000000005,0.2058,1.123,0,1,3,1.167,0,1.0,3.0,0.005,0.0
2026-08-28T11:27:35+00:00,2,2026-08-28T17:30:00Z,player-ensemble-1.0,player-sim-2.0,player-sim-3.0-candidate,recommended_for_live_promotion,0.2,0.5,0.4,1.0,fpl-2026-27,1.0437,314,229164,Ogbene,12,Ipswich Town,Midfielder,5.0,0.303,0.0,0.303,5.75,0.0,0.0,0.8,0.0606,0.21,0,0,0,0.675,0,0,2.0,0.0,0.0
2026-08-28T11:27:35+00:00,2,2026-08-28T17:30:00Z,player-ensemble-1.0,player-sim-2.0,player-sim-3.0-candidate,recommended_for_live_promotion,0.2,0.5,0.4,1.0,fpl-2026-27,1.0437,315,531442,Fatawu,12,Ipswich Town,Midfielder,5.5,1.303,0.0,1.303,25.0,0.0,0.6000000000000001,3.2,0.237,1.188,0,0,4,1.763,0,1.0,5.0,0.005,0.0
2026-08-28T11:27:35+00:00,2,2026-08-28T17:30:00Z,player-ensemble-1.0,player-sim-2.0,player-sim-3.0-candidate,recommended_for_live_promotion,0.2,0.5,0.4,1.0,fpl-2026-27,1.035,316,543968,Emersonn,12,Ipswich Town,Forward,5.5,1.657,0.0,1.657,31.9,0.0,1.2000000000000002,4.0,0.3012,1.548,0,1,4,2.09,0,2.0,6.0,0.0217,0.0067
2026-08-28T11:27:35+00:00,2,2026-08-28T17:30:00Z,player-ensemble-1.0,player-sim-2.0,player-sim-3.0-candidate,recommended_for_live_promotion,0.2,0.5,0.4,1.0,fpl-2026-27,1.035,317,222625,Hirst,12,Ipswich Town,Forward,5.0,0.0,0.0,0.0,0.0,0.0,0.0,0.0,0.0,0.0,0,0,0,0.0,0,0,0,0.0,0.0
2026-08-28T11:27:35+00:00,2,2026-08-28T17:30:00Z,player-ensemble-1.0,player-sim-2.0,player-sim-3.0-candidate,recommended_for_live_promotion,0.2,0.5,0.4,1.0,fpl-2026-27,1.0437,318,481624,Philogene,12,Ipswich Town,Midfielder,5.5,0.0,0.0,0.0,0.0,0.0,0.0,0.0,0.0,0.0,0,0,0,0.0,0,0,0,0.0,0.0
2026-08-28T11:27:35+00:00,2,2026-08-28T17:30:00Z,player-ensemble-1.0,player-sim-2.0,player-sim-3.0-candidate,recommended_for_live_promotion,0.2,0.5,0.4,1.0,fpl-2026-27,1.0437,319,172453,Szmodics,12,Ipswich Town,Midfielder,5.0,0.0,0.0,0.0,0.0,0.0,0.0,0.0,0.0,0.0,0,0,0,0.0,0,0,0,0.0,0.0
2026-08-28T11:27:35+00:00,2,2026-08-28T17:30:00Z,player-ensemble-1.0,player-sim-2.0,player-sim-3.0-candidate,recommended_for_live_promotion,0.2,0.5,0.4,1.0,fpl-2026-27,1.035,320,147675,Akpom,12,Ipswich Town,Forward,5.0,0.953,0.0,0.953,21.85,0.0,0.8,2.4000000000000004,0.1906,0.95,0,0,3,0.965,0,1.0,2.0,0.0017,0.0
2026-08-28T11:27:35+00:00,2,2026-08-28T17:30:00Z,player-ensemble-1.0,player-sim-2.0,player-sim-3.0-candidate,recommended_for_live_promotion,0.2,0.5,0.4,1.0,fpl-2026-27,1.035,321,557012,Walle Egeli,12,Ipswich Town,Forward,4.5,0.944,0.0,0.944,20.82,0.0,0.8,2.0,0.2098,0.923,0,1,2,1.028,0,1.0,2.0,0.005,0.0
2026-08-28T11:27:35+00:00,2,2026-08-28T17:30:00Z,player-ensemble-1.0,player-sim-2.0,player-sim-3.0-candidate,recommended_for_live_promotion,0.2,0.5,0.4,1.0,fpl-2026-27,1.035,322,462387,Al-Hamadi,12,Ipswich Town,Forward,5.0,0.0,0.0,0.0,0.0,0.0,0.0,0.0,0.0,0.0,0,0,0,0.0,0,0,0,0.0,0.0
2026-08-28T11:27:35+00:00,2,2026-08-28T17:30:00Z,player-ensemble-1.0,player-sim-2.0,player-sim-3.0-candidate,recommended_for_live_promotion,0.2,0.5,0.4,1.0,fpl-2026-27,1.0437,323,461587,McAteer,12,Ipswich Town,Midfielder,4.5,0.943,0.0,0.943,22.33,0.0,0.6000000000000001,2.0,0.2095,0.927,0,0,2,1.007,0.0,1.0,2.0,0.0033,0.0
2026-08-28T11:27:35+00:00,2,2026-08-28T17:30:00Z,player-ensemble-1.0,player-sim-2.0,player-sim-3.0-candidate,recommended_for_live_promotion,0.2,0.5,0.4,1.0,fpl-2026-27,1.0437,324,232457,Mehmeti,12,Ipswich Town,Midfielder,5.0,0.82,0.0,0.82,22.42,0.0,0.2,2.4000000000000004,0.1639,0.867,0,0,3,0.632,0,0,2.0,0.0017,0.0
2026-08-28T11:27:35+00:00,2,2026-08-28T17:30:00Z,player-ensemble-1.0,player-sim-2.0,player-sim-3.0-candidate,recommended_for_live_promotion,0.2,0.5,0.4,1.0,fpl-2026-27,1.07,554,546600,Van Oevelen,12,Ipswich Town,Goalkeeper,4.5,0.0,0.0,0.0,0.0,0.0,0.0,0.0,0.0,0.0,0,0,0,0.0,0,0,0,0.0,0.0
2026-08-28T11:27:35+00:00,2,2026-08-28T17:30:00Z,player-ensemble-1.0,player-sim-2.0,player-sim-3.0-candidate,recommended_for_live_promotion,0.2,0.5,0.4,1.0,fpl-2026-27,1.0437,562,442967,Maeda,12,Ipswich Town,Midfielder,5.5,1.551,0.0,1.551,36.75,0.0,1.0,3.8000000000000003,0.2821,1.492,0,1,4,1.79,0,1.0,4.0,0.0083,0.0
2026-08-28T11:27:35+00:00,2,2026-08-28T17:30:00Z,player-ensemble-1.0,player-sim-2.0,player-sim-3.0-candidate,recommended_for_live_promotion,0.2,0.5,0.4,1.0,fpl-2026-27,1.07,564,240514,Scherpen,12,Ipswich Town,Goalkeeper,4.5,1.336,0.0,1.336,33.06,0.0,0.6000000000000001,3.4000000000000004,0.2968,1.217,0,0,3,1.812,0,1.0,6.0,0.0,0.0
2026-08-28T11:27:35+00:00,2,2026-08-28T17:30:00Z,player-ensemble-1.0,player-sim-2.0,player-sim-3.0-candidate,recommended_for_live_promotion,0.2,0.5,0.4,1.0,fpl-2026-27,1.0437,571,216055,Florentino,12,Ipswich Town,Midfielder,5.0,1.159,0.0,1.159,32.79,0.0,0.8,3.2,0.2318,1.312,0,1,4,0.548,0,0,2.0,0.0,0.0
2026-08-28T11:27:35+00:00,2,2026-08-28T17:30:00Z,player-ensemble-1.0,player-sim-2.0,player-sim-3.0-candidate,recommended_for_live_promotion,0.2,0.5,0.4,1.0,fpl-2026-27,1.0437,591,474120,Enciso,12,Ipswich Town,Midfielder,5.5,1.467,0.0,1.467,35.25,0.0,1.2000000000000002,3.2,0.2668,1.387,0,1,3,1.79,0,2.0,4.0,0.0117,0.0
2026-08-28T11:27:35+00:00,2,2026-08-28T17:30:00Z,player-ensemble-1.0,player-sim-2.0,player-sim-3.0-candidate,recommended_for_live_promotion,0.2,0.5,0.4,1.0,fpl-2026-27,1.0,592,572584,Ouattara,12,Ipswich Town,Defender,4.0,1.238,0.0,1.238,29.2,0.0,0.8,3.2,0.3095,1.27,0,1,4,1.11,0,1.0,3.0,0.0017,0.0
2026-08-28T11:27:35+00:00,2,2026-08-28T17:30:00Z,player-ensemble-1.0,player-sim-2.0,player-sim-3.0-candidate,recommended_for_live_promotion,0.2,0.5,0.4,1.0,fpl-2026-27,1.0437,602,524180,Humphreys,12,Ipswich Town,Midfielder,4.5,0.807,0.0,0.807,23.37,0.0,0.2,2.4000000000000004,0.1793,0.837,0,0,3,0.688,0,0,2.0,0.0033,0.0017
2026-08-28T11:27:35+00:00,2,2026-08-28T17:30:00Z,player-ensemble-1.0,player-sim-2.0,player-sim-3.0-candidate,recommended_for_live_promotion,0.2,0.5,0.4,1.0,fpl-2026-27,1.0437,260,153682,Wilson,13,Leeds,Midfielder,6.5,2.999,0.0,2.999,69.43,1.2000000000000002,2.4000000000000004,5.6000000000000005,0.4614,3.28,1,3,7,1.875,0,1.0,5.0,0.015,0.0
2026-08-28T11:27:35+00:00,2,2026-08-28T17:30:00Z,player-ensemble-1.0,player-sim-2.0,player-sim-3.0-candidate,recommended_for_live_promotion,0.2,0.5,0.4,1.0,fpl-2026-27,1.07,326,201595,Perri,13,Leeds,Goalkeeper,4.5,1.017,0.0,1.017,30.97,0.0,0.8,2.4000000000000004,0.2261,1.152,0,0,3,0.48,0,0,2.0,0.0,0.0
2026-08-28T11:27:35+00:00,2,2026-08-28T17:30:00Z,player-ensemble-1.0,player-sim-2.0,player-sim-3.0-candidate,recommended_for_live_promotion,0.2,0.5,0.4,1.0,fpl-2026-27,1.0,327,434752,Bijol,13,Leeds,Defender,5.0,2.329,0.0,2.329,56.63,0.2,1.6,5.4,0.4658,2.39,0,2,6,2.085,0,1.0,6.0,0.01,0.0017
2026-08-28T11:27:35+00:00,2,2026-08-28T17:30:00Z,player-ensemble-1.0,player-sim-2.0,player-sim-3.0-candidate,recommended_for_live_promotion,0.2,0.5,0.4,1.0,fpl-2026-27,1.0,329,214225,Rodon,13,Leeds,Defender,4.5,2.547,0.0,2.547,79.2,0.8,2.0,5.200000000000001,0.566,2.777,1,2,6,1.628,0,1.0,6.0,0.0033,0.0
2026-08-28T11:27:35+00:00,2,2026-08-28T17:30:00Z,player-ensemble-1.0,player-sim-2.0,player-sim-3.0-candidate,recommended_for_live_promotion,0.2,0.5,0.4,1.0,fpl-2026-27,1.0,330,226182,Bogle,13,Leeds,Defender,4.5,2.295,0.0,2.295,77.17,0.8,1.6,5.000000000000001,0.51,2.507,0,2,6,1.448,0,1.0,5.0,0.0083,0.0017
2026-08-28T11:27:35+00:00,2,2026-08-28T17:30:00Z,player-ensemble-1.0,player-sim-2.0,player-sim-3.0-candidate,recommended_for_live_promotion,0.2,0.5,0.4,1.0,fpl-2026-27,1.0,331,243526,Gudmundsson,13,Leeds,Defender,4.5,0.0,0.0,0.0,0.0,0.0,0.0,0.0,0.0,0.0,0,0,0,0.0,0,0,0,0.0,0.0
2026-08-28T11:27:35+00:00,2,2026-08-28T17:30:00Z,player-ensemble-1.0,player-sim-2.0,player-sim-3.0-candidate,recommended_for_live_promotion,0.2,0.5,0.4,1.0,fpl-2026-27,1.0,332,220627,Justin,13,Leeds,Defender,4.5,2.476,0.0,2.476,55.27,0.2,1.6,5.800000000000001,0.5502,2.58,0,1,7,2.06,0,1.0,7.0,0.0133,0.0017
2026-08-28T11:27:35+00:00,2,2026-08-28T17:30:00Z,player-ensemble-1.0,player-sim-2.0,player-sim-3.0-candidate,recommended_for_live_promotion,0.2,0.5,0.4,1.0,fpl-2026-27,1.0,333,437738,Bornauw,13,Leeds,Defender,4.5,0.0,0.0,0.0,0.0,0.0,0.0,0.0,0.0,0.0,0,0,0,0.0,0,0,0,0.0,0.0
2026-08-28T11:27:35+00:00,2,2026-08-28T17:30:00Z,player-ensemble-1.0,player-sim-2.0,player-sim-3.0-candidate,recommended_for_live_promotion,0.2,0.5,0.4,1.0,fpl-2026-27,1.0,334,522047,Muharemović,13,Leeds,Defender,5.0,1.542,0.0,1.542,41.16,0.0,0.8,4.6,0.3085,1.517,0,0,5,1.645,0,1.0,6.0,0.0067,0.0
2026-08-28T11:27:35+00:00,2,2026-08-28T17:30:00Z,player-ensemble-1.0,player-sim-2.0,player-sim-3.0-candidate,recommended_for_live_promotion,0.2,0.5,0.4,1.0,fpl-2026-27,1.0437,335,466525,Stach,13,Leeds,Midfielder,6.0,3.229,0.0,3.229,67.3,1.0,2.6000000000000005,6.000000000000001,0.5382,3.482,1,3,7,2.22,0,2.0,5.0,0.0133,0.0017
2026-08-28T11:27:35+00:00,2,2026-08-28T17:30:00Z,player-ensemble-1.0,player-sim-2.0,player-sim-3.0-candidate,recommended_for_live_promotion,0.2,0.5,0.4,1.0,fpl-2026-27,1.0437,336,435997,Okafor,13,Leeds,Midfielder,6.0,1.837,0.0,1.837,38.05,0.0,1.2000000000000002,4.800000000000001,0.3062,1.968,0,1,5,1.312,0,1.0,3.0,0.015,0.0017
2026-08-28T11:27:35+00:00,2,2026-08-28T17:30:00Z,player-ensemble-1.0,player-sim-2.0,player-sim-3.0-candidate,recommended_for_live_promotion,0.2,0.5,0.4,1.0,fpl-2026-27,1.0437,337,427637,Aaronson,13,Leeds,Midfielder,5.5,2.711,0.0,2.711,66.48,1.0,2.0,5.6000000000000005,0.4929,2.988,1,2,7,1.6,0,1.0,4.0,0.0017,0.0
2026-08-28T11:27:35+00:00,2,2026-08-28T17:30:00Z,player-ensemble-1.0,player-sim-2.0,player-sim-3.0-candidate,recommended_for_live_promotion,0.2,0.5,0.4,1.0,fpl-2026-27,1.0437,338,199598,Ampadu,13,Leeds,Midfielder,5.5,3.098,0.0,3.098,81.69,1.2000000000000002,2.8000000000000003,5.6000000000000005,0.5633,3.407,1,3,7,1.863,0,1.0,5.0,0.005,0.0
2026-08-28T11:27:35+00:00,2,2026-08-28T17:30:00Z,player-ensemble-1.0,player-sim-2.0,player-sim-3.0-candidate,recommended_for_live_promotion,0.2,0.5,0.4,1.0,fpl-2026-27,1.0437,339,180135,Longstaff,13,Leeds,Midfielder,5.0,1.093,0.0,1.093,21.09,0.0,0.8,2.6000000000000005,0.2187,1.06,0,1,3,1.227,0,1.0,3.0,0.0033,0.0
2026-08-28T11:27:35+00:00,2,2026-08-28T17:30:00Z,player-ensemble-1.0,player-sim-2.0,player-sim-3.0-candidate,recommended_for_live_promotion,0.2,0.5,0.4,1.0,fpl-2026-27,1.0437,341,492859,Gnonto,13,Leeds,Midfielder,5.0,0.0,0.0,0.0,0.0,0.0,0.0,0.0,0.0,0.0,0,0,0,0.0,0,0,0,0.0,0.0
2026-08-28T11:27:35+00:00,2,2026-08-28T17:30:00Z,player-ensemble-1.0,player-sim-2.0,player-sim-3.0-candidate,recommended_for_live_promotion,0.2,0.5,0.4,1.0,fpl-2026-27,1.0437,342,221399,Harrison,13,Leeds,Midfielder,5.0,0.0,0.0,0.0,0.0,0.0,0.0,0.0,0.0,0.0,0,0,0,0.0,0,0,0,0.0,0.0
2026-08-28T11:27:35+00:00,2,2026-08-28T17:30:00Z,player-ensemble-1.0,player-sim-2.0,player-sim-3.0-candidate,recommended_for_live_promotion,0.2,0.5,0.4,1.0,fpl-2026-27,1.0437,343,200617,James,13,Leeds,Midfielder,5.0,0.621,0.0,0.621,14.47,0.0,0.0,1.6,0.1242,0.593,0,0,2,0.732,0,0,2.0,0.0033,0.0
2026-08-28T11:27:35+00:00,2,2026-08-28T17:30:00Z,player-ensemble-1.0,player-sim-2.0,player-sim-3.0-candidate,recommended_for_live_promotion,0.2,0.5,0.4,1.0,fpl-2026-27,1.0437,344,486520,Gruev,13,Leeds,Midfielder,5.0,0.0,0.0,0.0,0.0,0.0,0.0,0.0,0.0,0.0,0,0,0,0.0,0,0,0,0.0,0.0
2026-08-28T11:27:35+00:00,2,2026-08-28T17:30:00Z,player-ensemble-1.0,player-sim-2.0,player-sim-3.0-candidate,recommended_for_live_promotion,0.2,0.5,0.4,1.0,fpl-2026-27,1.0437,345,248056,Tanaka,13,Leeds,Midfielder,5.0,1.117,0.0,1.117,29.07,0.0,0.4,3.0000000000000004,0.2233,1.217,0,0,3,0.717,0,0,2.0,0.0033,0.0017
2026-08-28T11:27:35+00:00,2,2026-08-28T17:30:00Z,player-ensemble-1.0,player-sim-2.0,player-sim-3.0-candidate,recommended_for_live_promotion,0.2,0.5,0.4,1.0,fpl-2026-27,1.035,346,177815,Calvert-Lewin,13,Leeds,Forward,6.0,3.277,0.0,3.277,72.8,1.0,2.6000000000000005,6.4,0.5461,3.605,1,3,7,1.963,0,1.0,6.0,0.0283,0.005
2026-08-28T11:27:35+00:00,2,2026-08-28T17:30:00Z,player-ensemble-1.0,player-sim-2.0,player-sim-3.0-candidate,recommended_for_live_promotion,0.2,0.5,0.4,1.0,fpl-2026-27,1.035,347,174594,Nmecha,13,Leeds,Forward,5.5,1.304,0.0,1.304,24.81,0.0,0.4,4.800000000000001,0.2371,1.422,0,0,5,0.833,0,0,2.0,0.0117,0.0033
2026-08-28T11:27:35+00:00,2,2026-08-28T17:30:00Z,player-ensemble-1.0,player-sim-2.0,player-sim-3.0-candidate,recommended_for_live_promotion,0.2,0.5,0.4,1.0,fpl-2026-27,1.035,348,235826,Piroe,13,Leeds,Forward,5.0,0.0,0.0,0.0,0.0,0.0,0.0,0.0,0.0,0.0,0,0,0,0.0,0,0,0,0.0,0.0
2026-08-28T11:27:35+00:00,2,2026-08-28T17:30:00Z,player-ensemble-1.0,player-sim-2.0,player-sim-3.0-candidate,recommended_for_live_promotion,0.2,0.5,0.4,1.0,fpl-2026-27,1.035,349,565297,Mateo Joseph,13,Leeds,Forward,4.5,0.0,0.0,0.0,0.0,0.0,0.0,0.0,0.0,0.0,0,0,0,0.0,0,0,0,0.0,0.0
2026-08-28T11:27:35+00:00,2,2026-08-28T17:30:00Z,player-ensemble-1.0,player-sim-2.0,player-sim-3.0-candidate,recommended_for_live_promotion,0.2,0.5,0.4,1.0,fpl-2026-27,1.07,385,432720,Trafford,13,Leeds,Goalkeeper,5.0,0.935,0.0,0.935,22.85,0.0,0.4,2.8000000000000003,0.187,0.828,0,0,3,1.362,0,0,4.0,0.0,0.0
2026-08-28T11:27:35+00:00,2,2026-08-28T17:30:00Z,player-ensemble-1.0,player-sim-2.0,player-sim-3.0-candidate,recommended_for_live_promotion,0.2,0.5,0.4,1.0,fpl-2026-27,1.0,598,173774,Elvedi,13,Leeds,Defender,4.5,0.848,0.0,0.848,27.19,0.0,0.2,2.4000000000000004,0.1884,0.89,0,0,3,0.678,0,0,2.0,0.0033,0.0
2026-08-28T11:27:35+00:00,2,2026-08-28T17:30:00Z,player-ensemble-1.0,player-sim-2.0,player-sim-3.0-candidate,recommended_for_live_promotion,0.2,0.5,0.4,1.0,fpl-2026-27,1.0,603,643970,Lienou,13,Leeds,Defender,4.0,0.747,0.0,0.747,25.9,0.0,0.0,2.4000000000000004,0.1867,0.772,0,0,3,0.648,0,0,2.0,0.0017,0.0
2026-08-28T11:27:35+00:00,2,2026-08-28T17:30:00Z,player-ensemble-1.0,player-sim-2.0,player-sim-3.0-candidate,recommended_for_live_promotion,0.2,0.5,0.4,1.0,fpl-2026-27,1.0437,604,592740,Cresswell,13,Leeds,Midfielder,4.5,0.838,0.0,0.838,23.05,0.0,0.4,2.4000000000000004,0.1862,0.858,0,0,3,0.757,0,0,2.0,0.0,0.0
2026-08-28T11:27:35+00:00,2,2026-08-28T17:30:00Z,player-ensemble-1.0,player-sim-2.0,player-sim-3.0-candidate,recommended_for_live_promotion,0.2,0.5,0.4,1.0,fpl-2026-27,1.07,350,116535,A.Becker,14,Liverpool,Goalkeeper,5.5,2.885,0.0,2.885,67.38,0.8,2.4000000000000004,6.000000000000001,0.5246,3.107,1,2,7,2.0,0,1.0,6.0,0.0017,0.0
2026-08-28T11:27:35+00:00,2,2026-08-28T17:30:00Z,player-ensemble-1.0,player-sim-2.0,player-sim-3.0-candidate,recommended_for_live_promotion,0.2,0.5,0.4,1.0,fpl-2026-27,1.07,351,449027,Mamardashvili,14,Liverpool,Goalkeeper,5.0,1.128,0.0,1.128,20.92,0.0,0.0,4.800000000000001,0.2256,1.235,0,0,5,0.7,0,0,3.0,0.0017,0.0
2026-08-28T11:27:35+00:00,2,2026-08-28T17:30:00Z,player-ensemble-1.0,player-sim-2.0,player-sim-3.0-candidate,recommended_for_live_promotion,0.2,0.5,0.4,1.0,fpl-2026-27,1.07,352,155503,Woodman,14,Liverpool,Goalkeeper,4.0,0.339,0.0,0.339,5.37,0.0,0.0,1.2000000000000002,0.0848,0.237,0,0,0,0.75,0,0,3.0,0.0,0.0
2026-08-28T11:27:35+00:00,2,2026-08-28T17:30:00Z,player-ensemble-1.0,player-sim-2.0,player-sim-3.0-candidate,recommended_for_live_promotion,0.2,0.5,0.4,1.0,fpl-2026-27,1.07,353,586268,Pecsi,14,Liverpool,Goalkeeper,4.0,0.0,0.0,0.0,0.0,0.0,0.0,0.0,0.0,0.0,0,0,0,0.0,0,0,0,0.0,0.0
2026-08-28T11:27:35+00:00,2,2026-08-28T17:30:00Z,player-ensemble-1.0,player-sim-2.0,player-sim-3.0-candidate,recommended_for_live_promotion,0.2,0.5,0.4,1.0,fpl-2026-27,1.07,354,432987,Jaros,14,Liverpool,Goalkeeper,4.0,0.0,0.0,0.0,0.0,0.0,0.0,0.0,0.0,0.0,0,0,0,0.0,0,0,0,0.0,0.0
2026-08-28T11:27:35+00:00,2,2026-08-28T17:30:00Z,player-ensemble-1.0,player-sim-2.0,player-sim-3.0-candidate,recommended_for_live_promotion,0.2,0.5,0.4,1.0,fpl-2026-27,1.07,355,464353,Davies,14,Liverpool,Goalkeeper,4.0,0.787,0.0,0.787,17.57,0.0,0.0,2.4000000000000004,0.1967,0.815,0,0,3,0.673,0,0,2.0,0.0017,0.0
2026-08-28T11:27:35+00:00,2,2026-08-28T17:30:00Z,player-ensemble-1.0,player-sim-2.0,player-sim-3.0-candidate,recommended_for_live_promotion,0.2,0.5,0.4,1.0,fpl-2026-27,1.0,356,97032,Virgil,14,Liverpool,Defender,6.5,4.227,0.0,4.227,88.75,1.6,3.8000000000000007,7.4,0.6504,4.663,1,4,8,2.483,0,1.0,8.0,0.0317,0.0033
2026-08-28T11:27:35+00:00,2,2026-08-28T17:30:00Z,player-ensemble-1.0,player-sim-2.0,player-sim-3.0-candidate,recommended_for_live_promotion,0.2,0.5,0.4,1.0,fpl-2026-27,1.0,357,216094,Frimpong,14,Liverpool,Defender,5.5,1.73,0.0,1.73,37.71,0.0,1.0,5.000000000000001,0.3145,1.643,0,1,6,2.075,0,1.0,6.0,0.0117,0.0033
2026-08-28T11:27:35+00:00,2,2026-08-28T17:30:00Z,player-ensemble-1.0,player-sim-2.0,player-sim-3.0-candidate,recommended_for_live_promotion,0.2,0.5,0.4,1.0,fpl-2026-27,1.0,358,544877,Kerkez,14,Liverpool,Defender,5.5,2.696,0.0,2.696,64.88,0.8,2.0,5.6000000000000005,0.4902,2.892,1,2,6,1.915,0.0,1.0,6.0,0.0083,0.0
2026-08-28T11:27:35+00:00,2,2026-08-28T17:30:00Z,player-ensemble-1.0,player-sim-2.0,player-sim-3.0-candidate,recommended_for_live_promotion,0.2,0.5,0.4,1.0,fpl-2026-27,1.0,359,171287,Gomez,14,Liverpool,Defender,5.0,0.0,0.0,0.0,0.0,0.0,0.0,0.0,0.0,0.0,0,0,0,0.0,0,0,0,0.0,0.0
2026-08-28T11:27:35+00:00,2,2026-08-28T17:30:00Z,player-ensemble-1.0,player-sim-2.0,player-sim-3.0-candidate,recommended_for_live_promotion,0.2,0.5,0.4,1.0,fpl-2026-27,1.0,360,492777,Bradley,14,Liverpool,Defender,5.0,0.0,0.0,0.0,0.0,0.0,0.0,0.0,0.0,0.0,0,0,0,0.0,0,0,0,0.0,0.0
2026-08-28T11:27:35+00:00,2,2026-08-28T17:30:00Z,player-ensemble-1.0,player-sim-2.0,player-sim-3.0-candidate,recommended_for_live_promotion,0.2,0.5,0.4,1.0,fpl-2026-27,1.0,361,519440,Lucky,14,Liverpool,Defender,4.0,1.306,0.0,1.306,27.87,0.0,0.2,4.800000000000001,0.3265,1.385,0,0,6,0.99,0,0,5.0,0.0017,0.0
2026-08-28T11:27:35+00:00,2,2026-08-28T17:30:00Z,player-ensemble-1.0,player-sim-2.0,player-sim-3.0-candidate,recommended_for_live_promotion,0.2,0.5,0.4,1.0,fpl-2026-27,1.0,362,606702,Jacquet,14,Liverpool,Defender,5.0,1.736,0.0,1.736,35.2,0.0,1.0,5.2,0.3472,1.642,0,0,6,2.113,0,1.0,6.0,0.0117,0.0
2026-08-28T11:27:35+00:00,2,2026-08-28T17:30:00Z,player-ensemble-1.0,player-sim-2.0,player-sim-3.0-candidate,recommended_for_live_promotion,0.2,0.5,0.4,1.0,fpl-2026-27,1.0,363,647681,Leoni,14,Liverpool,Defender,4.0,0.0,0.0,0.0,0.0,0.0,0.0,0.0,0.0,0.0,0,0,0,0.0,0,0,0,0.0,0.0
2026-08-28T11:27:35+00:00,2,2026-08-28T17:30:00Z,player-ensemble-1.0,player-sim-2.0,player-sim-3.0-candidate,recommended_for_live_promotion,0.2,0.5,0.4,1.0,fpl-2026-27,1.0,364,214285,Tsimikas,14,Liverpool,Defender,5.0,1.07,0.0,1.07,26.44,0.0,0.2,4.0,0.2139,1.123,0,0,5,0.855,0,0,3.0,0.0067,0.0017
2026-08-28T11:27:35+00:00,2,2026-08-28T17:30:00Z,player-ensemble-1.0,player-sim-2.0,player-sim-3.0-candidate,recommended_for_live_promotion,0.2,0.5,0.4,1.0,fpl-2026-27,1.0,365,489580,Ramsay,14,Liverpool,Defender,4.0,0.0,0.0,0.0,0.0,0.0,0.0,0.0,0.0,0.0,0,0,0,0.0,0,0,0,0.0,0.0
2026-08-28T11:27:35+00:00,2,2026-08-28T17:30:00Z,player-ensemble-1.0,player-sim-2.0,player-sim-3.0-candidate,recommended_for_live_promotion,0.2,0.5,0.4,1.0,fpl-2026-27,1.0437,366,494595,Wirtz,14,Liverpool,Midfielder,7.5,3.335,0.0,3.335,63.77,1.2000000000000002,2.6000000000000005,6.4,0.4447,3.607,1,3,7,2.248,0,2.0,6.0,0.0283,0.005
2026-08-28T11:27:35+00:00,2,2026-08-28T17:30:00Z,player-ensemble-1.0,player-sim-2.0,player-sim-3.0-candidate,recommended_for_live_promotion,0.2,0.5,0.4,1.0,fpl-2026-27,1.0437,367,243298,Gakpo,14,Liverpool,Midfielder,7.0,3.631,0.0,3.631,73.91,1.2000000000000002,2.8000000000000003,7.0,0.5187,3.947,1,3,8,2.368,0,2.0,7.0,0.0317,0.005
2026-08-28T11:27:35+00:00,2,2026-08-28T17:30:00Z,player-ensemble-1.0,player-sim-2.0,player-sim-3.0-candidate,recommended_for_live_promotion,0.2,0.5,0.4,1.0,fpl-2026-27,1.0437,368,424876,Szoboszlai,14,Liverpool,Midfielder,7.0,4.038,0.0,4.038,85.68,1.6,3.4000000000000004,7.6000000000000005,0.5769,4.352,2,4,8,2.785,0,2.0,8.0,0.0633,0.0117
2026-08-28T11:27:35+00:00,2,2026-08-28T17:30:00Z,player-ensemble-1.0,player-sim-2.0,player-sim-3.0-candidate,recommended_for_live_promotion,0.2,0.5,0.4,1.0,fpl-2026-27,1.0437,369,611922,Ngumoha,14,Liverpool,Midfielder,6.0,1.358,0.0,1.358,23.61,0.0,0.8,3.4000000000000004,0.2263,1.167,0,0,4,2.122,0,2.0,6.0,0.0117,0.0
2026-08-28T11:27:35+00:00,2,2026-08-28T17:30:00Z,player-ensemble-1.0,player-sim-2.0,player-sim-3.0-candidate,recommended_for_live_promotion,0.2,0.5,0.4,1.0,fpl-2026-27,1.0437,370,223541,Chiesa,14,Liverpool,Midfielder,5.5,0.0,0.0,0.0,0.0,0.0,0.0,0.0,0.0,0.0,0,0,0,0.0,0,0,0,0.0,0.0
2026-08-28T11:27:35+00:00,2,2026-08-28T17:30:00Z,player-ensemble-1.0,player-sim-2.0,player-sim-3.0-candidate,recommended_for_live_promotion,0.2,0.5,0.4,1.0,fpl-2026-27,1.0437,371,441266,Gravenberch,14,Liverpool,Midfielder,6.0,2.94,0.0,2.94,78.17,1.6,2.6000000000000005,4.800000000000001,0.4901,3.193,1,3,6,1.928,0,2.0,4.0,0.0117,0.0
2026-08-28T11:27:35+00:00,2,2026-08-28T17:30:00Z,player-ensemble-1.0,player-sim-2.0,player-sim-3.0-candidate,recommended_for_live_promotion,0.2,0.5,0.4,1.0,fpl-2026-27,1.0437,372,243016,Mac Allister,14,Liverpool,Midfielder,5.5,2.252,0.0,2.252,61.4,0.8,1.8,4.4,0.4095,2.503,1,2,5,1.247,0,1.0,3.0,0.0017,0.0
2026-08-28T11:27:35+00:00,2,2026-08-28T17:30:00Z,player-ensemble-1.0,player-sim-2.0,player-sim-3.0-candidate,recommended_for_live_promotion,0.2,0.5,0.4,1.0,fpl-2026-27,1.0437,373,206915,C.Jones,14,Liverpool,Midfielder,5.5,1.25,0.0,1.25,29.92,0.0,0.8,3.4000000000000004,0.2273,1.393,0,1,4,0.678,0,0,3.0,0.005,0.0
2026-08-28T11:27:35+00:00,2,2026-08-28T17:30:00Z,player-ensemble-1.0,player-sim-2.0,player-sim-3.0-candidate,recommended_for_live_promotion,0.2,0.5,0.4,1.0,fpl-2026-27,1.0437,374,158983,Endo,14,Liverpool,Midfielder,5.0,0.252,0.0,0.252,2.77,0.0,0.0,0.8,0.0505,0.137,0,0,0,0.715,0,0,2.0,0.0017,0.0017
2026-08-28T11:27:35+00:00,2,2026-08-28T17:30:00Z,player-ensemble-1.0,player-sim-2.0,player-sim-3.0-candidate,recommended_for_live_promotion,0.2,0.5,0.4,1.0,fpl-2026-27,1.0437,375,591386,Nyoni,14,Liverpool,Midfielder,5.0,0.156,0.0,0.156,0.14,0.0,0.0,0.6000000000000001,0.0311,0.012,0,0,0,0.732,0,0,2.0,0.0,0.0
2026-08-28T11:27:35+00:00,2,2026-08-28T17:30:00Z,player-ensemble-1.0,player-sim-2.0,player-sim-3.0-candidate,recommended_for_live_promotion,0.2,0.5,0.4,1.0,fpl-2026-27,1.0437,376,535928,Bajcetic,14,Liverpool,Midfielder,5.0,0.0,0.0,0.0,0.0,0.0,0.0,0.0,0.0,0.0,0,0,0,0.0,0,0,0,0.0,0.0
2026-08-28T11:27:35+00:00,2,2026-08-28T17:30:00Z,player-ensemble-1.0,player-sim-2.0,player-sim-3.0-candidate,recommended_for_live_promotion,0.2,0.5,0.4,1.0,fpl-2026-27,1.0437,377,551499,Munoz,14,Liverpool,Midfielder,6.5,1.067,0.0,1.067,25.75,0.0,0.8,2.4000000000000004,0.1642,1.043,0,1,3,1.163,0,1.0,3.0,0.0017,0.0
2026-08-28T11:27:35+00:00,2,2026-08-28T17:30:00Z,player-ensemble-1.0,player-sim-2.0,player-sim-3.0-candidate,recommended_for_live_promotion,0.2,0.5,0.4,1.0,fpl-2026-27,1.0437,378,491501,McConnell,14,Liverpool,Midfielder,4.5,0.771,0.0,0.771,20.71,0.0,0.2,2.4000000000000004,0.1713,0.797,0,0,3,0.667,0,0,3.0,0.0017,0.0
2026-08-28T11:27:35+00:00,2,2026-08-28T17:30:00Z,player-ensemble-1.0,player-sim-2.0,player-sim-3.0-candidate,recommended_for_live_promotion,0.2,0.5,0.4,1.0,fpl-2026-27,1.035,379,219168,Isak,14,Liverpool,Forward,9.0,1.663,0.0,1.663,29.32,0.0,0.8,5.000000000000001,0.1847,1.543,0,0,6,2.14,0,1.0,6.0,0.035,0.0067
2026-08-28T11:27:35+00:00,2,2026-08-28T17:30:00Z,player-ensemble-1.0,player-sim-2.0,player-sim-3.0-candidate,recommended_for_live_promotion,0.2,0.5,0.4,1.0,fpl-2026-27,1.035,380,510663,Ekitiké,14,Liverpool,Forward,7.5,0.0,0.0,0.0,0.0,0.0,0.0,0.0,0.0,0.0,0,0,0,0.0,0,0,0,0.0,0.0
2026-08-28T11:27:35+00:00,2,2026-08-28T17:30:00Z,player-ensemble-1.0,player-sim-2.0,player-sim-3.0-candidate,recommended_for_live_promotion,0.2,0.5,0.4,1.0,fpl-2026-27,1.0437,381,514514,Koumas,14,Liverpool,Midfielder,5.0,1.196,0.0,1.196,27.06,0.0,0.8,2.8000000000000003,0.2392,1.242,0,1,3,1.013,0,1.0,2.0,0.0033,0.0
2026-08-28T11:27:35+00:00,2,2026-08-28T17:30:00Z,player-ensemble-1.0,player-sim-2.0,player-sim-3.0-candidate,recommended_for_live_promotion,0.2,0.5,0.4,1.0,fpl-2026-27,1.035,382,500058,Danns,14,Liverpool,Forward,4.5,0.0,0.0,0.0,0.0,0.0,0.0,0.0,0.0,0.0,0,0,0,0.0,0,0,0,0.0,0.0
2026-08-28T11:27:35+00:00,2,2026-08-28T17:30:00Z,player-ensemble-1.0,player-sim-2.0,player-sim-3.0-candidate,recommended_for_live_promotion,0.2,0.5,0.4,1.0,fpl-2026-27,1.0437,383,444884,Elliott,14,Liverpool,Midfielder,5.5,0.221,0.0,0.221,2.14,0.0,0.0,0.6000000000000001,0.0402,0.083,0,0,0,0.772,0,0,3.0,0.0017,0.0
2026-08-28T11:27:35+00:00,2,2026-08-28T17:30:00Z,player-ensemble-1.0,player-sim-2.0,player-sim-3.0-candidate,recommended_for_live_promotion,0.2,0.5,0.4,1.0,fpl-2026-27,1.0,579,445087,Araujo,14,Liverpool,Defender,5.5,1.327,0.0,1.327,27.26,0.0,0.8,4.2,0.2413,1.318,0,0,5,1.363,0,1.0,5.0,0.0067,0.0
2026-08-28T11:27:35+00:00,2,2026-08-28T17:30:00Z,player-ensemble-1.0,player-sim-2.0,player-sim-3.0-candidate,recommended_for_live_promotion,0.2,0.5,0.4,1.0,fpl-2026-27,1.0437,238,114283,Grealish,15,Man City,Midfielder,6.5,1.466,0.0,1.466,33.86,0.0,1.0,3.2,0.2255,1.558,0,1,4,1.097,0,1.0,3.0,0.005,0.0
2026-08-28T11:27:35+00:00,2,2026-08-28T17:30:00Z,player-ensemble-1.0,player-sim-2.0,player-sim-3.0-candidate,recommended_for_live_promotion,0.2,0.5,0.4,1.0,fpl-2026-27,1.07,384,204936,Donnarumma,15,Man City,Goalkeeper,5.5,2.792,0.0,2.792,82.17,0.8,2.4000000000000004,5.6000000000000005,0.5076,3.085,1,2,7,1.618,0,0,6.0,0.0017,0.0
2026-08-28T11:27:35+00:00,2,2026-08-28T17:30:00Z,player-ensemble-1.0,player-sim-2.0,player-sim-3.0-candidate,recommended_for_live_promotion,0.2,0.5,0.4,1.0,fpl-2026-27,1.07,386,122074,Bettinelli,15,Man City,Goalkeeper,4.5,0.75,0.0,0.75,18.19,0.0,0.0,2.4000000000000004,0.1667,0.773,0,0,3,0.658,0,0,2.0,0.0033,0.0
2026-08-28T11:27:35+00:00,2,2026-08-28T17:30:00Z,player-ensemble-1.0,player-sim-2.0,player-sim-3.0-candidate,recommended_for_live_promotion,0.2,0.5,0.4,1.0,fpl-2026-27,1.0,387,472769,O'Reilly,15,Man City,Defender,6.5,3.403,0.0,3.403,67.5,0.8,2.4000000000000004,6.800000000000001,0.5235,3.607,1,2,8,2.587,0,1.0,7.0,0.0433,0.005
2026-08-28T11:27:35+00:00,2,2026-08-28T17:30:00Z,player-ensemble-1.0,player-sim-2.0,player-sim-3.0-candidate,recommended_for_live_promotion,0.2,0.5,0.4,1.0,fpl-2026-27,1.0,388,209036,Guéhi,15,Man City,Defender,6.0,4.308,0.0,4.308,83.98,1.2000000000000002,3.6,8.2,0.7179,4.642,1,4,9,2.972,0,1.0,8.0,0.0717,0.0117
2026-08-28T11:27:35+00:00,2,2026-08-28T17:30:00Z,player-ensemble-1.0,player-sim-2.0,player-sim-3.0-candidate,recommended_for_live_promotion,0.2,0.5,0.4,1.0,fpl-2026-27,1.0,389,465351,Matheus N.,15,Man City,Defender,6.0,1.79,0.0,1.79,47.37,0.0,1.0,5.000000000000001,0.2983,2.018,0,1,6,0.877,0,0,2.0,0.0017,0.0
2026-08-28T11:27:35+00:00,2,2026-08-28T17:30:00Z,player-ensemble-1.0,player-sim-2.0,player-sim-3.0-candidate,recommended_for_live_promotion,0.2,0.5,0.4,1.0,fpl-2026-27,1.0,390,171314,Rúben,15,Man City,Defender,5.5,2.329,0.0,2.329,61.96,0.8,1.6,5.2,0.4235,2.517,1,2,6,1.578,0,1.0,6.0,0.0017,0.0
2026-08-28T11:27:35+00:00,2,2026-08-28T17:30:00Z,player-ensemble-1.0,player-sim-2.0,player-sim-3.0-candidate,recommended_for_live_promotion,0.2,0.5,0.4,1.0,fpl-2026-27,1.0,391,477424,Gvardiol,15,Man City,Defender,5.5,2.161,0.0,2.161,44.17,0.0,1.4000000000000001,5.6000000000000005,0.3929,2.115,0,1,6,2.345,0,1.0,7.0,0.03,0.0083
2026-08-28T11:27:35+00:00,2,2026-08-28T17:30:00Z,player-ensemble-1.0,player-sim-2.0,player-sim-3.0-candidate,recommended_for_live_promotion,0.2,0.5,0.4,1.0,fpl-2026-27,1.0,392,448514,Aït-Nouri,15,Man City,Defender,5.5,1.082,0.0,1.082,20.63,0.0,0.2,4.0,0.1967,1.097,0,0,5,1.022,0,0,4.0,0.0117,0.0017
2026-08-28T11:27:35+00:00,2,2026-08-28T17:30:00Z,player-ensemble-1.0,player-sim-2.0,player-sim-3.0-candidate,recommended_for_live_promotion,0.2,0.5,0.4,1.0,fpl-2026-27,1.0,393,578153,Khusanov,15,Man City,Defender,5.5,2.016,0.0,2.016,46.9,0.0,1.2000000000000002,5.000000000000001,0.3665,2.005,0,1,6,2.058,0,1.0,6.0,0.015,0.0017
2026-08-28T11:27:35+00:00,2,2026-08-28T17:30:00Z,player-ensemble-1.0,player-sim-2.0,player-sim-3.0-candidate,recommended_for_live_promotion,0.2,0.5,0.4,1.0,fpl-2026-27,1.0,394,494307,Alleyne,15,Man City,Defender,5.0,0.0,0.0,0.0,0.0,0.0,0.0,0.0,0.0,0.0,0,0,0,0.0,0,0,0,0.0,0.0
2026-08-28T11:27:35+00:00,2,2026-08-28T17:30:00Z,player-ensemble-1.0,player-sim-2.0,player-sim-3.0-candidate,recommended_for_live_promotion,0.2,0.5,0.4,1.0,fpl-2026-27,1.0,395,477064,Lewis,15,Man City,Defender,4.5,1.093,0.0,1.093,16.31,0.0,0.4,3.0,0.243,0.868,0,0,3,1.993,0,1.0,6.0,0.0167,0.0033
2026-08-28T11:27:35+00:00,2,2026-08-28T17:30:00Z,player-ensemble-1.0,player-sim-2.0,player-sim-3.0-candidate,recommended_for_live_promotion,0.2,0.5,0.4,1.0,fpl-2026-27,1.0,396,616222,Vitor Reis,15,Man City,Defender,4.5,0.87,0.0,0.87,23.72,0.0,0.0,3.2,0.1933,0.923,0,0,4,0.655,0,0,2.0,0.0,0.0
2026-08-28T11:27:35+00:00,2,2026-08-28T17:30:00Z,player-ensemble-1.0,player-sim-2.0,player-sim-3.0-candidate,recommended_for_live_promotion,0.2,0.5,0.4,1.0,fpl-2026-27,1.0437,397,437730,Semenyo,15,Man City,Midfielder,8.5,3.475,0.0,3.475,84.12,1.6,2.8000000000000003,6.4,0.4088,3.782,2,3,8,2.247,0,2.0,7.0,0.025,0.005
2026-08-28T11:27:35+00:00,2,2026-08-28T17:30:00Z,player-ensemble-1.0,player-sim-2.0,player-sim-3.0-candidate,recommended_for_live_promotion,0.2,0.5,0.4,1.0,fpl-2026-27,1.0437,398,209244,Foden,15,Man City,Midfielder,7.0,2.943,0.0,2.943,61.53,0.8,2.2,6.200000000000001,0.4204,3.115,1,2,7,2.255,0,2.0,6.0,0.0267,0.0033
2026-08-28T11:27:35+00:00,2,2026-08-28T17:30:00Z,player-ensemble-1.0,player-sim-2.0,player-sim-3.0-candidate,recommended_for_live_promotion,0.2,0.5,0.4,1.0,fpl-2026-27,1.0437,399,466052,Cherki,15,Man City,Midfielder,7.5,2.45,0.0,2.45,42.35,0.2,1.6,5.800000000000001,0.3266,2.66,0,1,7,1.608,0,1.0,5.0,0.02,0.0
2026-08-28T11:27:35+00:00,2,2026-08-28T17:30:00Z,player-ensemble-1.0,player-sim-2.0,player-sim-3.0-candidate,recommended_for_live_promotion,0.2,0.5,0.4,1.0,fpl-2026-27,1.0437,400,248875,Doku,15,Man City,Midfielder,7.5,0.0,0.0,0.0,0.0,0.0,0.0,0.0,0.0,0.0,0,0,0,0.0,0,0,0,0.0,0.0
2026-08-28T11:27:35+00:00,2,2026-08-28T17:30:00Z,player-ensemble-1.0,player-sim-2.0,player-sim-3.0-candidate,recommended_for_live_promotion,0.2,0.5,0.4,1.0,fpl-2026-27,1.0437,402,220566,Rodrigo,15,Man City,Midfielder,6.5,0.0,0.0,0.0,0.0,0.0,0.0,0.0,0.0,0.0,0,0,0,0.0,0,0,0,0.0,0.0
2026-08-28T11:27:35+00:00,2,2026-08-28T17:30:00Z,player-ensemble-1.0,player-sim-2.0,player-sim-3.0-candidate,recommended_for_live_promotion,0.2,0.5,0.4,1.0,fpl-2026-27,1.0437,404,433036,Reijnders,15,Man City,Midfielder,6.0,0.0,0.0,0.0,0.0,0.0,0.0,0.0,0.0,0.0,0,0,0,0.0,0,0,0,0.0,0.0
2026-08-28T11:27:35+00:00,2,2026-08-28T17:30:00Z,player-ensemble-1.0,player-sim-2.0,player-sim-3.0-candidate,recommended_for_live_promotion,0.2,0.5,0.4,1.0,fpl-2026-27,1.0437,406,91651,Kovačić,15,Man City,Midfielder,5.5,0.471,0.0,0.471,6.12,0.0,0.2,1.0,0.0857,0.335,0,0,1,1.017,0,1.0,2.0,0.0,0.0
2026-08-28T11:27:35+00:00,2,2026-08-28T17:30:00Z,player-ensemble-1.0,player-sim-2.0,player-sim-3.0-candidate,recommended_for_live_promotion,0.2,0.5,0.4,1.0,fpl-2026-27,1.0437,407,575204,Echeverri,15,Man City,Midfielder,5.0,0.91,0.0,0.91,26.53,0.0,0.2,2.4000000000000004,0.1821,0.978,0,0,3,0.638,0,0,2.0,0.0,0.0
2026-08-28T11:27:35+00:00,2,2026-08-28T17:30:00Z,player-ensemble-1.0,player-sim-2.0,player-sim-3.0-candidate,recommended_for_live_promotion,0.2,0.5,0.4,1.0,fpl-2026-27,1.0437,408,155405,Phillips,15,Man City,Midfielder,5.0,0.0,0.0,0.0,0.0,0.0,0.0,0.0,0.0,0.0,0,0,0,0.0,0,0,0,0.0,0.0
2026-08-28T11:27:35+00:00,2,2026-08-28T17:30:00Z,player-ensemble-1.0,player-sim-2.0,player-sim-3.0-candidate,recommended_for_live_promotion,0.2,0.5,0.4,1.0,fpl-2026-27,1.0437,409,590039,Mukasa,15,Man City,Midfielder,4.5,0.156,0.0,0.156,0.2,0.0,0.0,0.6000000000000001,0.0347,0.012,0,0,0,0.735,0,0,2.0,0.0,0.0
2026-08-28T11:27:35+00:00,2,2026-08-28T17:30:00Z,player-ensemble-1.0,player-sim-2.0,player-sim-3.0-candidate,recommended_for_live_promotion,0.2,0.5,0.4,1.0,fpl-2026-27,1.0437,410,649208,Monga,15,Man City,Midfielder,5.0,0.172,0.0,0.172,0.9,0.0,0.0,0.6000000000000001,0.0344,0.052,0,0,0,0.653,0,0,2.0,0.0,0.0
2026-08-28T11:27:35+00:00,2,2026-08-28T17:30:00Z,player-ensemble-1.0,player-sim-2.0,player-sim-3.0-candidate,recommended_for_live_promotion,0.2,0.5,0.4,1.0,fpl-2026-27,1.035,411,223094,Haaland,15,Man City,Forward,15.5,4.951,0.0,4.951,78.82,1.6,4.6,9.0,0.3194,5.388,2,5,11,3.203,0,2.0,10.0,0.1017,0.0417
2026-08-28T11:27:35+00:00,2,2026-08-28T17:30:00Z,player-ensemble-1.0,player-sim-2.0,player-sim-3.0-candidate,recommended_for_live_promotion,0.2,0.5,0.4,1.0,fpl-2026-27,1.0437,481,215379,Anderson,15,Man City,Midfielder,6.4,3.62,0.0,3.62,83.05,1.6,3.4000000000000004,5.800000000000001,0.5657,4.02,2,4,7,2.022,0,2.0,5.0,0.0033,0.0
2026-08-28T11:27:35+00:00,2,2026-08-28T17:30:00Z,player-ensemble-1.0,player-sim-2.0,player-sim-3.0-candidate,recommended_for_live_promotion,0.2,0.5,0.4,1.0,fpl-2026-27,1.07,587,106921,Rulli,15,Man City,Goalkeeper,5.0,0.761,0.0,0.761,18.8,0.0,0.0,2.4000000000000004,0.1523,0.822,0,0,3,0.52,0,0,2.0,0.0,0.0
2026-08-28T11:27:35+00:00,2,2026-08-28T17:30:00Z,player-ensemble-1.0,player-sim-2.0,player-sim-3.0-candidate,recommended_for_live_promotion,0.2,0.5,0.4,1.0,fpl-2026-27,1.05,616,637238,Bouaddi,15,Man City,Midfielder,5.5,1.056,0.0,1.056,28.5,0.0,0.6000000000000001,2.8000000000000003,0.1921,1.085,0,0,3,0.942,0,0,3.0,0.0,0.0
2026-08-28T11:27:35+00:00,2,2026-08-28T17:30:00Z,player-ensemble-1.0,player-sim-2.0,player-sim-3.0-candidate,recommended_for_live_promotion,0.2,0.5,0.4,1.0,fpl-2026-27,1.0437,43,166989,Tielemans,16,Man Utd,Midfielder,6.0,2.297,0.0,2.297,53.85,0.6000000000000001,2.0,4.4,0.3828,2.407,0,2,5,1.858,0,2.0,5.0,0.0033,0.0
2026-08-28T11:27:35+00:00,2,2026-08-28T17:30:00Z,player-ensemble-1.0,player-sim-2.0,player-sim-3.0-candidate,recommended_for_live_promotion,0.2,0.5,0.4,1.0,fpl-2026-27,1.0437,131,535301,Baleba,16,Man Utd,Midfielder,5.0,0.0,0.0,0.0,0.0,0.0,0.0,0.0,0.0,0.0,0,0,0,0.0,0,0,0,0.0,0.0
2026-08-28T11:27:35+00:00,2,2026-08-28T17:30:00Z,player-ensemble-1.0,player-sim-2.0,player-sim-3.0-candidate,recommended_for_live_promotion,0.2,0.5,0.4,1.0,fpl-2026-27,1.0437,162,532605,Andrey Santos,16,Man Utd,Midfielder,5.0,1.732,0.0,1.732,38.8,0.0,1.4000000000000001,4.0,0.3463,1.747,0,1,5,1.672,0,1.0,4.0,0.005,0.0
2026-08-28T11:27:35+00:00,2,2026-08-28T17:30:00Z,player-ensemble-1.0,player-sim-2.0,player-sim-3.0-candidate,recommended_for_live_promotion,0.2,0.5,0.4,1.0,fpl-2026-27,1.07,325,59735,Darlow,16,Man Utd,Goalkeeper,4.5,1.858,0.0,1.858,45.59,0.0,1.4000000000000001,5.6000000000000005,0.4128,2.208,0,1,7,0.455,0,0,2.0,0.0,0.0
2026-08-28T11:27:35+00:00,2,2026-08-28T17:30:00Z,player-ensemble-1.0,player-sim-2.0,player-sim-3.0-candidate,recommended_for_live_promotion,0.2,0.5,0.4,1.0,fpl-2026-27,1.07,412,465247,Lammens,16,Man Utd,Goalkeeper,5.0,3.233,0.0,3.233,77.62,0.8,2.8000000000000003,6.000000000000001,0.6467,3.592,1,3,7,1.8,0,1.0,6.0,0.0,0.0
2026-08-28T11:27:35+00:00,2,2026-08-28T17:30:00Z,player-ensemble-1.0,player-sim-2.0,player-sim-3.0-candidate,recommended_for_live_promotion,0.2,0.5,0.4,1.0,fpl-2026-27,1.07,413,451302,Bayindir,16,Man Utd,Goalkeeper,4.5,0.0,0.0,0.0,0.0,0.0,0.0,0.0,0.0,0.0,0,0,0,0.0,0,0,0,0.0,0.0
2026-08-28T11:27:35+00:00,2,2026-08-28T17:30:00Z,player-ensemble-1.0,player-sim-2.0,player-sim-3.0-candidate,recommended_for_live_promotion,0.2,0.5,0.4,1.0,fpl-2026-27,1.07,414,21205,Heaton,16,Man Utd,Goalkeeper,4.0,0.0,0.0,0.0,0.0,0.0,0.0,0.0,0.0,0.0,0,0,0,0.0,0,0,0,0.0,0.0
2026-08-28T11:27:35+00:00,2,2026-08-28T17:30:00Z,player-ensemble-1.0,player-sim-2.0,player-sim-3.0-candidate,recommended_for_live_promotion,0.2,0.5,0.4,1.0,fpl-2026-27,1.0437,415,596777,Dorgu,16,Man Utd,Midfielder,6.0,2.063,0.0,2.063,39.42,0.0,1.6,5.000000000000001,0.3439,2.037,0,1,6,2.17,0,1.0,7.0,0.0267,0.0083
2026-08-28T11:27:35+00:00,2,2026-08-28T17:30:00Z,player-ensemble-1.0,player-sim-2.0,player-sim-3.0-candidate,recommended_for_live_promotion,0.2,0.5,0.4,1.0,fpl-2026-27,1.0,416,209365,De Ligt,16,Man Utd,Defender,5.0,0.0,0.0,0.0,0.0,0.0,0.0,0.0,0.0,0.0,0,0,0,0.0,0,0,0,0.0,0.0
2026-08-28T11:27:35+00:00,2,2026-08-28T17:30:00Z,player-ensemble-1.0,player-sim-2.0,player-sim-3.0-candidate,recommended_for_live_promotion,0.2,0.5,0.4,1.0,fpl-2026-27,1.0,417,216051,Dalot,16,Man Utd,Defender,5.0,2.636,0.0,2.636,60.31,0.8,1.8,5.800000000000001,0.5271,2.982,1,2,7,1.252,0,1.0,4.0,0.01,0.0017
2026-08-28T11:27:35+00:00,2,2026-08-28T17:30:00Z,player-ensemble-1.0,player-sim-2.0,player-sim-3.0-candidate,recommended_for_live_promotion,0.2,0.5,0.4,1.0,fpl-2026-27,1.0,418,95658,Maguire,16,Man Utd,Defender,5.0,2.567,0.0,2.567,53.39,0.0,1.8,6.000000000000001,0.5133,2.637,0,2,7,2.287,0,1.0,7.0,0.03,0.0033
2026-08-28T11:27:35+00:00,2,2026-08-28T17:30:00Z,player-ensemble-1.0,player-sim-2.0,player-sim-3.0-candidate,recommended_for_live_promotion,0.2,0.5,0.4,1.0,fpl-2026-27,1.0,419,221820,Martinez,16,Man Utd,Defender,5.0,1.197,0.0,1.197,28.73,0.0,0.4,4.800000000000001,0.2393,1.285,0,0,6,0.843,0,0,3.0,0.0,0.0
2026-08-28T11:27:35+00:00,2,2026-08-28T17:30:00Z,player-ensemble-1.0,player-sim-2.0,player-sim-3.0-candidate,recommended_for_live_promotion,0.2,0.5,0.4,1.0,fpl-2026-27,1.0,420,550864,Yoro,16,Man Utd,Defender,5.0,1.727,0.0,1.727,40.05,0.0,0.8,4.800000000000001,0.3455,1.903,0,1,6,1.023,0,0,5.0,0.005,0.0
2026-08-28T11:27:35+00:00,2,2026-08-28T17:30:00Z,player-ensemble-1.0,player-sim-2.0,player-sim-3.0-candidate,recommended_for_live_promotion,0.2,0.5,0.4,1.0,fpl-2026-27,1.0,421,606745,Heaven,16,Man Utd,Defender,4.5,1.712,0.0,1.712,36.72,0.0,1.0,5.000000000000001,0.3805,1.612,0,0,6,2.115,0,1.0,6.0,0.0067,0.0
2026-08-28T11:27:35+00:00,2,2026-08-28T17:30:00Z,player-ensemble-1.0,player-sim-2.0,player-sim-3.0-candidate,recommended_for_live_promotion,0.2,0.5,0.4,1.0,fpl-2026-27,1.0,422,230001,Mazraoui,16,Man Utd,Defender,4.5,1.968,0.0,1.968,34.89,0.0,1.2000000000000002,5.6,0.4374,1.852,0,1,6,2.435,0,1.0,7.0,0.0217,0.0083
2026-08-28T11:27:35+00:00,2,2026-08-28T17:30:00Z,player-ensemble-1.0,player-sim-2.0,player-sim-3.0-candidate,recommended_for_live_promotion,0.2,0.5,0.4,1.0,fpl-2026-27,1.0,423,106760,Shaw,16,Man Utd,Defender,4.5,3.2,0.0,3.2,85.44,0.8,2.6,6.200000000000001,0.7111,3.507,1,2,7,1.973,0,1.0,6.0,0.0133,0.0017
2026-08-28T11:27:35+00:00,2,2026-08-28T17:30:00Z,player-ensemble-1.0,player-sim-2.0,player-sim-3.0-candidate,recommended_for_live_promotion,0.2,0.5,0.4,1.0,fpl-2026-27,1.0,424,577974,Amass,16,Man Utd,Defender,4.0,0.99,0.0,0.99,23.87,0.0,0.0,3.2,0.2475,1.033,0,0,4,0.817,0,0,3.0,0.0033,0.0017
2026-08-28T11:27:35+00:00,2,2026-08-28T17:30:00Z,player-ensemble-1.0,player-sim-2.0,player-sim-3.0-candidate,recommended_for_live_promotion,0.2,0.5,0.4,1.0,fpl-2026-27,1.0,425,547676,Fredricson,16,Man Utd,Defender,4.0,0.0,0.0,0.0,0.0,0.0,0.0,0.0,0.0,0.0,0,0,0,0.0,0,0,0,0.0,0.0
2026-08-28T11:27:35+00:00,2,2026-08-28T17:30:00Z,player-ensemble-1.0,player-sim-2.0,player-sim-3.0-candidate,recommended_for_live_promotion,0.2,0.5,0.4,1.0,fpl-2026-27,1.0437,426,141746,B.Fernandes,16,Man Utd,Midfielder,12.0,4.802,0.0,4.802,81.05,1.6,4.2,9.0,0.4002,5.293,1,4,10,2.838,0,2.0,8.0,0.0683,0.0167
2026-08-28T11:27:35+00:00,2,2026-08-28T17:30:00Z,player-ensemble-1.0,player-sim-2.0,player-sim-3.0-candidate,recommended_for_live_promotion,0.2,0.5,0.4,1.0,fpl-2026-27,1.0437,427,446008,Mbeumo,16,Man Utd,Midfielder,8.0,4.185,0.0,4.185,72.64,1.6,3.4000000000000004,7.800000000000001,0.5231,4.44,1,3,9,3.163,0,2.0,9.0,0.075,0.0167
2026-08-28T11:27:35+00:00,2,2026-08-28T17:30:00Z,player-ensemble-1.0,player-sim-2.0,player-sim-3.0-candidate,recommended_for_live_promotion,0.2,0.5,0.4,1.0,fpl-2026-27,1.0437,428,430871,Cunha,16,Man Utd,Midfielder,8.0,3.42,0.0,3.42,67.16,1.2000000000000002,2.6000000000000005,6.4,0.4275,3.687,1,3,8,2.355,0,2.0,7.0,0.03,0.0083
2026-08-28T11:27:35+00:00,2,2026-08-28T17:30:00Z,player-ensemble-1.0,player-sim-2.0,player-sim-3.0-candidate,recommended_for_live_promotion,0.2,0.5,0.4,1.0,fpl-2026-27,1.0437,429,176297,Rashford,16,Man Utd,Midfielder,7.0,1.135,0.0,1.135,28.86,0.0,0.8,2.6000000000000005,0.1621,1.142,0,1,3,1.108,0,1.0,3.0,0.0067,0.0
2026-08-28T11:27:35+00:00,2,2026-08-28T17:30:00Z,player-ensemble-1.0,player-sim-2.0,player-sim-3.0-candidate,recommended_for_live_promotion,0.2,0.5,0.4,1.0,fpl-2026-27,1.0437,430,184341,Mount,16,Man Utd,Midfielder,5.5,0.788,0.0,0.788,17.11,0.0,0.0,2.4000000000000004,0.1433,0.81,0,0,3,0.7,0,0,3.0,0.005,0.0
2026-08-28T11:27:35+00:00,2,2026-08-28T17:30:00Z,player-ensemble-1.0,player-sim-2.0,player-sim-3.0-candidate,recommended_for_live_promotion,0.2,0.5,0.4,1.0,fpl-2026-27,1.0437,431,493250,Amad,16,Man Utd,Midfielder,5.9,1.712,0.0,1.712,38.01,0.0,0.8,4.800000000000001,0.2902,1.983,0,1,6,0.628,0,0,2.0,0.0033,0.0
2026-08-28T11:27:35+00:00,2,2026-08-28T17:30:00Z,player-ensemble-1.0,player-sim-2.0,player-sim-3.0-candidate,recommended_for_live_promotion,0.2,0.5,0.4,1.0,fpl-2026-27,1.0437,432,516895,Mainoo,16,Man Utd,Midfielder,5.5,1.548,0.0,1.548,38.46,0.2,1.0,3.4000000000000004,0.2814,1.62,0,1,4,1.258,0,1.0,3.0,0.0033,0.0
2026-08-28T11:27:35+00:00,2,2026-08-28T17:30:00Z,player-ensemble-1.0,player-sim-2.0,player-sim-3.0-candidate,recommended_for_live_promotion,0.2,0.5,0.4,1.0,fpl-2026-27,1.0437,433,232112,Ugarte,16,Man Utd,Midfielder,5.0,0.0,0.0,0.0,0.0,0.0,0.0,0.0,0.0,0.0,0,0,0,0.0,0,0,0,0.0,0.0
2026-08-28T11:27:35+00:00,2,2026-08-28T17:30:00Z,player-ensemble-1.0,player-sim-2.0,player-sim-3.0-candidate,recommended_for_live_promotion,0.2,0.5,0.4,1.0,fpl-2026-27,1.0437,434,547037,J.Fletcher,16,Man Utd,Midfielder,5.0,0.179,0.0,0.179,0.74,0.0,0.0,0.6000000000000001,0.0359,0.058,0,0,0,0.663,0,0,2.0,0.0017,0.0
2026-08-28T11:27:35+00:00,2,2026-08-28T17:30:00Z,player-ensemble-1.0,player-sim-2.0,player-sim-3.0-candidate,recommended_for_live_promotion,0.2,0.5,0.4,1.0,fpl-2026-27,1.0437,435,576628,Lacey,16,Man Utd,Midfielder,5.0,0.364,0.0,0.364,2.9,0.0,0.2,1.0,0.0727,0.172,0,0,1,1.132,0,1.0,3.0,0.005,0.0
2026-08-28T11:27:35+00:00,2,2026-08-28T17:30:00Z,player-ensemble-1.0,player-sim-2.0,player-sim-3.0-candidate,recommended_for_live_promotion,0.2,0.5,0.4,1.0,fpl-2026-27,1.0437,436,490881,Collyer,16,Man Utd,Midfielder,5.0,0.998,0.0,0.998,24.45,0.0,0.4,2.8000000000000003,0.1997,1.035,0,0,3,0.852,0,0,3.0,0.0017,0.0
2026-08-28T11:27:35+00:00,2,2026-08-28T17:30:00Z,player-ensemble-1.0,player-sim-2.0,player-sim-3.0-candidate,recommended_for_live_promotion,0.2,0.5,0.4,1.0,fpl-2026-27,1.0437,437,576620,Bendito Mantato,16,Man Utd,Midfielder,4.5,0.132,0.0,0.132,0.04,0.0,0.0,0.4,0.0293,0.003,0,0,0,0.647,0,0,2.0,0.0017,0.0
2026-08-28T11:27:35+00:00,2,2026-08-28T17:30:00Z,player-ensemble-1.0,player-sim-2.0,player-sim-3.0-candidate,recommended_for_live_promotion,0.2,0.5,0.4,1.0,fpl-2026-27,1.0437,438,519913,Fletcher,16,Man Utd,Midfielder,4.5,0.156,0.0,0.156,0.14,0.0,0.0,0.6000000000000001,0.0347,0.01,0,0,0,0.742,0,0,3.0,0.0033,0.0
2026-08-28T11:27:35+00:00,2,2026-08-28T17:30:00Z,player-ensemble-1.0,player-sim-2.0,player-sim-3.0-candidate,recommended_for_live_promotion,0.2,0.5,0.4,1.0,fpl-2026-27,1.035,439,485711,Šeško,16,Man Utd,Forward,7.0,2.169,0.0,2.169,39.57,0.2,1.4000000000000001,5.6000000000000005,0.3099,2.37,0,1,6,1.365,0,1.0,4.0,0.0117,0.0033
2026-08-28T11:27:35+00:00,2,2026-08-28T17:30:00Z,player-ensemble-1.0,player-sim-2.0,player-sim-3.0-candidate,recommended_for_live_promotion,0.2,0.5,0.4,1.0,fpl-2026-27,1.035,440,458249,Zirkzee,16,Man Utd,Forward,5.5,0.683,0.0,0.683,12.59,0.0,0.0,2.0,0.1241,0.642,0,0,2,0.847,0,0,2.0,0.0133,0.005
2026-08-28T11:27:35+00:00,2,2026-08-28T17:30:00Z,player-ensemble-1.0,player-sim-2.0,player-sim-3.0-candidate,recommended_for_live_promotion,0.2,0.5,0.4,1.0,fpl-2026-27,1.035,441,596047,Obi,16,Man Utd,Forward,4.5,0.813,0.0,0.813,18.86,0.0,0.2,2.4000000000000004,0.1807,0.852,0,0,3,0.658,0,0,2.0,0.0067,0.0
2026-08-28T11:27:35+00:00,2,2026-08-28T17:30:00Z,player-ensemble-1.0,player-sim-2.0,player-sim-3.0-candidate,recommended_for_live_promotion,0.2,0.5,0.4,1.0,fpl-2026-27,1.0437,405,465694,N.Gonzalez,17,Newcastle,Midfielder,5.5,1.003,0.0,1.003,31.09,0.0,0.8,2.4000000000000004,0.1824,1.095,0,1,3,0.637,0,0,2.0,0.0017,0.0
2026-08-28T11:27:35+00:00,2,2026-08-28T17:30:00Z,player-ensemble-1.0,player-sim-2.0,player-sim-3.0-candidate,recommended_for_live_promotion,0.2,0.5,0.4,1.0,fpl-2026-27,1.07,442,98747,Pope,17,Newcastle,Goalkeeper,5.0,1.731,0.0,1.731,51.01,0.0,1.4000000000000001,4.800000000000001,0.3461,2.032,0,1,6,0.527,0,0,2.0,0.0,0.0
2026-08-28T11:27:35+00:00,2,2026-08-28T17:30:00Z,player-ensemble-1.0,player-sim-2.0,player-sim-3.0-candidate,recommended_for_live_promotion,0.2,0.5,0.4,1.0,fpl-2026-27,1.07,443,81441,Gillespie,17,Newcastle,Goalkeeper,4.5,0.646,0.0,0.646,17.88,0.0,0.0,2.4000000000000004,0.1435,0.687,0,0,3,0.482,0,0,2.0,0.0,0.0
2026-08-28T11:27:35+00:00,2,2026-08-28T17:30:00Z,player-ensemble-1.0,player-sim-2.0,player-sim-3.0-candidate,recommended_for_live_promotion,0.2,0.5,0.4,1.0,fpl-2026-27,1.07,444,554578,Jaouen,17,Newcastle,Goalkeeper,4.5,0.649,0.0,0.649,18.7,0.0,0.0,2.4000000000000004,0.1443,0.717,0,0,3,0.38,0,0,1.0,0.0,0.0
2026-08-28T11:27:35+00:00,2,2026-08-28T17:30:00Z,player-ensemble-1.0,player-sim-2.0,player-sim-3.0-candidate,recommended_for_live_promotion,0.2,0.5,0.4,1.0,fpl-2026-27,1.0,445,465642,Thiaw,17,Newcastle,Defender,5.0,3.236,0.0,3.236,79.77,0.8,2.6,6.800000000000001,0.6471,3.538,1,3,8,2.025,0,1.0,6.0,0.0167,0.0017
2026-08-28T11:27:35+00:00,2,2026-08-28T17:30:00Z,player-ensemble-1.0,player-sim-2.0,player-sim-3.0-candidate,recommended_for_live_promotion,0.2,0.5,0.4,1.0,fpl-2026-27,1.0,446,119471,Schär,17,Newcastle,Defender,5.0,1.033,0.0,1.033,23.05,0.0,0.8,2.4000000000000004,0.2067,1.023,0,1,2,1.073,0,1.0,3.0,0.005,0.0
2026-08-28T11:27:35+00:00,2,2026-08-28T17:30:00Z,player-ensemble-1.0,player-sim-2.0,player-sim-3.0-candidate,recommended_for_live_promotion,0.2,0.5,0.4,1.0,fpl-2026-27,1.0,447,220237,Botman,17,Newcastle,Defender,5.0,2.55,0.0,2.55,56.92,0.2,1.8,5.800000000000001,0.51,2.677,0,2,7,2.043,0,1.0,6.0,0.0117,0.0017
2026-08-28T11:27:35+00:00,2,2026-08-28T17:30:00Z,player-ensemble-1.0,player-sim-2.0,player-sim-3.0-candidate,recommended_for_live_promotion,0.2,0.5,0.4,1.0,fpl-2026-27,1.0,448,78916,Burn,17,Newcastle,Defender,5.0,0.0,0.0,0.0,0.0,0.0,0.0,0.0,0.0,0.0,0,0,0,0.0,0,0,0,0.0,0.0
2026-08-28T11:27:35+00:00,2,2026-08-28T17:30:00Z,player-ensemble-1.0,player-sim-2.0,player-sim-3.0-candidate,recommended_for_live_promotion,0.2,0.5,0.4,1.0,fpl-2026-27,1.0,449,487838,Hall,17,Newcastle,Defender,5.0,2.423,0.0,2.423,60.26,0.8,1.6,5.6000000000000005,0.4846,2.543,1,1,6,1.942,0,1.0,6.0,0.0083,0.0
2026-08-28T11:27:35+00:00,2,2026-08-28T17:30:00Z,player-ensemble-1.0,player-sim-2.0,player-sim-3.0-candidate,recommended_for_live_promotion,0.2,0.5,0.4,1.0,fpl-2026-27,1.0,450,441191,Livramento,17,Newcastle,Defender,5.0,0.0,0.0,0.0,0.0,0.0,0.0,0.0,0.0,0.0,0,0,0,0.0,0,0,0,0.0,0.0
2026-08-28T11:27:35+00:00,2,2026-08-28T17:30:00Z,player-ensemble-1.0,player-sim-2.0,player-sim-3.0-candidate,recommended_for_live_promotion,0.2,0.5,0.4,1.0,fpl-2026-27,1.0,451,545477,A.Murphy,17,Newcastle,Defender,4.0,0.0,0.0,0.0,0.0,0.0,0.0,0.0,0.0,0.0,0,0,0,0.0,0,0,0,0.0,0.0
2026-08-28T11:27:35+00:00,2,2026-08-28T17:30:00Z,player-ensemble-1.0,player-sim-2.0,player-sim-3.0-candidate,recommended_for_live_promotion,0.2,0.5,0.4,1.0,fpl-2026-27,1.0437,453,201666,Barnes,17,Newcastle,Midfielder,6.0,2.59,0.0,2.59,59.12,0.8,2.0,5.800000000000001,0.4317,2.722,0,2,7,2.065,0,2.0,5.0,0.02,0.0033
2026-08-28T11:27:35+00:00,2,2026-08-28T17:30:00Z,player-ensemble-1.0,player-sim-2.0,player-sim-3.0-candidate,recommended_for_live_promotion,0.2,0.5,0.4,1.0,fpl-2026-27,1.0437,454,449434,Elanga,17,Newcastle,Midfielder,6.0,1.769,0.0,1.769,41.52,0.0,1.6,4.0,0.2948,1.722,0,1,4,1.958,0.0,2.0,5.0,0.0083,0.0017
2026-08-28T11:27:35+00:00,2,2026-08-28T17:30:00Z,player-ensemble-1.0,player-sim-2.0,player-sim-3.0-candidate,recommended_for_live_promotion,0.2,0.5,0.4,1.0,fpl-2026-27,1.0437,456,232653,J.Ramsey,17,Newcastle,Midfielder,5.0,1.4,0.0,1.4,38.59,0.0,1.0,3.4000000000000004,0.2799,1.483,0,1,4,1.065,0,1.0,2.0,0.0,0.0
2026-08-28T11:27:35+00:00,2,2026-08-28T17:30:00Z,player-ensemble-1.0,player-sim-2.0,player-sim-3.0-candidate,recommended_for_live_promotion,0.2,0.5,0.4,1.0,fpl-2026-27,1.0437,457,114243,J.Murphy,17,Newcastle,Midfielder,6.0,1.727,0.0,1.727,38.38,0.0,1.2000000000000002,4.2,0.2879,1.857,0,1,5,1.21,0,1.0,3.0,0.005,0.0017
2026-08-28T11:27:35+00:00,2,2026-08-28T17:30:00Z,player-ensemble-1.0,player-sim-2.0,player-sim-3.0-candidate,recommended_for_live_promotion,0.2,0.5,0.4,1.0,fpl-2026-27,1.0437,458,180974,Joelinton,17,Newcastle,Midfielder,5.5,0.0,0.0,0.0,0.0,0.0,0.0,0.0,0.0,0.0,0,0,0,0.0,0,0,0,0.0,0.0
2026-08-28T11:27:35+00:00,2,2026-08-28T17:30:00Z,player-ensemble-1.0,player-sim-2.0,player-sim-3.0-candidate,recommended_for_live_promotion,0.2,0.5,0.4,1.0,fpl-2026-27,1.0437,459,547719,L.Miley,17,Newcastle,Midfielder,5.5,1.79,0.0,1.79,44.77,0.0,1.6,4.0,0.3254,1.827,0,1,4,1.642,0,1.0,4.0,0.01,0.0
2026-08-28T11:27:35+00:00,2,2026-08-28T17:30:00Z,player-ensemble-1.0,player-sim-2.0,player-sim-3.0-candidate,recommended_for_live_promotion,0.2,0.5,0.4,1.0,fpl-2026-27,1.0437,460,200089,Willock,17,Newcastle,Midfielder,5.0,1.024,0.0,1.024,25.18,0.0,0.8,2.4000000000000004,0.2047,1.012,0,0,2,1.072,0,1.0,2.0,0.005,0.0
2026-08-28T11:27:35+00:00,2,2026-08-28T17:30:00Z,player-ensemble-1.0,player-sim-2.0,player-sim-3.0-candidate,recommended_for_live_promotion,0.2,0.5,0.4,1.0,fpl-2026-27,1.0437,461,611665,Touré,17,Newcastle,Midfielder,6.0,0.862,0.0,0.862,25.36,0.0,0.2,2.4000000000000004,0.1436,0.915,0,0,3,0.648,0,0,2.0,0.0,0.0
2026-08-28T11:27:35+00:00,2,2026-08-28T17:30:00Z,player-ensemble-1.0,player-sim-2.0,player-sim-3.0-candidate,recommended_for_live_promotion,0.2,0.5,0.4,1.0,fpl-2026-27,1.0437,462,636852,Steur,17,Newcastle,Midfielder,5.0,1.378,0.0,1.378,33.01,0.0,1.0,3.0,0.2755,1.332,0,1,3,1.562,0,1.0,3.0,0.0033,0.0
2026-08-28T11:27:35+00:00,2,2026-08-28T17:30:00Z,player-ensemble-1.0,player-sim-2.0,player-sim-3.0-candidate,recommended_for_live_promotion,0.2,0.5,0.4,1.0,fpl-2026-27,1.035,463,470313,Woltemade,17,Newcastle,Forward,6.0,1.687,0.0,1.687,40.13,0.0,1.6,4.800000000000001,0.2812,1.945,0,2,6,0.657,0,0,2.0,0.0,0.0
2026-08-28T11:27:35+00:00,2,2026-08-28T17:30:00Z,player-ensemble-1.0,player-sim-2.0,player-sim-3.0-candidate,recommended_for_live_promotion,0.2,0.5,0.4,1.0,fpl-2026-27,1.035,464,216646,Wissa,17,Newcastle,Forward,6.0,1.34,0.0,1.34,24.85,0.0,0.6000000000000001,4.0,0.2233,1.095,0,0,4,2.32,0,1.0,6.0,0.0617,0.0167
2026-08-28T11:27:35+00:00,2,2026-08-28T17:30:00Z,player-ensemble-1.0,player-sim-2.0,player-sim-3.0-candidate,recommended_for_live_promotion,0.2,0.5,0.4,1.0,fpl-2026-27,1.035,465,538207,Osula,17,Newcastle,Forward,6.0,0.0,0.0,0.0,0.0,0.0,0.0,0.0,0.0,0.0,0,0,0,0.0,0,0,0,0.0,0.0
2026-08-28T11:27:35+00:00,2,2026-08-28T17:30:00Z,player-ensemble-1.0,player-sim-2.0,player-sim-3.0-candidate,recommended_for_live_promotion,0.2,0.5,0.4,1.0,fpl-2026-27,1.035,466,599303,Neave,17,Newcastle,Forward,4.5,0.135,0.0,0.135,0.12,0.0,0.0,0.4,0.03,0.007,0,0,0,0.648,0,0,2.0,0.0017,0.0
2026-08-28T11:27:35+00:00,2,2026-08-28T17:30:00Z,player-ensemble-1.0,player-sim-2.0,player-sim-3.0-candidate,recommended_for_live_promotion,0.2,0.5,0.4,1.0,fpl-2026-27,1.0437,559,632794,Bamba,17,Newcastle,Midfielder,5.0,1.063,0.0,1.063,25.7,0.0,0.8,2.4000000000000004,0.2127,1.057,0,1,2,1.09,0,1.0,2.0,0.0017,0.0
2026-08-28T11:27:35+00:00,2,2026-08-28T17:30:00Z,player-ensemble-1.0,player-sim-2.0,player-sim-3.0-candidate,recommended_for_live_promotion,0.2,0.5,0.4,1.0,fpl-2026-27,1.07,567,470551,Horníček,17,Newcastle,Goalkeeper,5.0,1.214,0.0,1.214,31.88,0.0,0.4,3.6,0.2427,1.177,0,0,4,1.362,0,0,4.0,0.0,0.0
2026-08-28T11:27:35+00:00,2,2026-08-28T17:30:00Z,player-ensemble-1.0,player-sim-2.0,player-sim-3.0-candidate,recommended_for_live_promotion,0.2,0.5,0.4,1.0,fpl-2026-27,1.0,593,463726,Dedić,17,Newcastle,Defender,4.5,1.517,0.0,1.517,40.59,0.0,0.8,4.0,0.3371,1.43,0,0,5,1.865,0,1.0,6.0,0.0067,0.0
2026-08-28T11:27:35+00:00,2,2026-08-28T17:30:00Z,player-ensemble-1.0,player-sim-2.0,player-sim-3.0-candidate,recommended_for_live_promotion,0.2,0.5,0.4,1.0,fpl-2026-27,1.0,609,553746,Shahar,17,Newcastle,Defender,4.0,0.812,0.0,0.812,25.17,0.0,0.0,2.4000000000000004,0.2029,0.84,0,0,3,0.698,0,0,2.0,0.0017,0.0
2026-08-28T11:27:35+00:00,2,2026-08-28T17:30:00Z,player-ensemble-1.0,player-sim-2.0,player-sim-3.0-candidate,recommended_for_live_promotion,0.2,0.5,0.4,1.0,fpl-2026-27,1.035,167,463034,Delap,18,Nott'm Forest,Forward,5.5,0.877,0.0,0.877,22.42,0.0,0.2,2.4000000000000004,0.1595,0.947,0,0,2,0.598,0,0.0,2.0,0.0083,0.0
2026-08-28T11:27:35+00:00,2,2026-08-28T17:30:00Z,player-ensemble-1.0,player-sim-2.0,player-sim-3.0-candidate,recommended_for_live_promotion,0.2,0.5,0.4,1.0,fpl-2026-27,1.07,467,85633,Sels,18,Nott'm Forest,Goalkeeper,5.0,2.435,0.0,2.435,74.6,0.8,1.8,5.4,0.4871,2.675,1,2,6,1.477,0,0,4.0,0.005,0.0
2026-08-28T11:27:35+00:00,2,2026-08-28T17:30:00Z,player-ensemble-1.0,player-sim-2.0,player-sim-3.0-candidate,recommended_for_live_promotion,0.2,0.5,0.4,1.0,fpl-2026-27,1.07,468,221389,John,18,Nott'm Forest,Goalkeeper,4.5,0.329,0.0,0.329,7.67,0.0,0.0,0.8,0.0732,0.29,0,0,1,0.487,0,0,2.0,0.0,0.0
2026-08-28T11:27:35+00:00,2,2026-08-28T17:30:00Z,player-ensemble-1.0,player-sim-2.0,player-sim-3.0-candidate,recommended_for_live_promotion,0.2,0.5,0.4,1.0,fpl-2026-27,1.0,469,215136,N.Williams,18,Nott'm Forest,Defender,5.0,2.705,0.0,2.705,84.46,0.8,2.2,5.6000000000000005,0.5409,2.98,1,2,6,1.603,0,1.0,6.0,0.0117,0.0017
2026-08-28T11:27:35+00:00,2,2026-08-28T17:30:00Z,player-ensemble-1.0,player-sim-2.0,player-sim-3.0-candidate,recommended_for_live_promotion,0.2,0.5,0.4,1.0,fpl-2026-27,1.0,470,485047,Morato,18,Nott'm Forest,Defender,5.0,1.017,0.0,1.017,29.28,0.0,0.6000000000000001,3.0000000000000004,0.2033,1.088,0,0,3,0.73,0,0.0,2.0,0.0033,0.0
2026-08-28T11:27:35+00:00,2,2026-08-28T17:30:00Z,player-ensemble-1.0,player-sim-2.0,player-sim-3.0-candidate,recommended_for_live_promotion,0.2,0.5,0.4,1.0,fpl-2026-27,1.0,471,227444,Milenković,18,Nott'm Forest,Defender,5.5,2.602,0.0,2.602,87.38,0.8,2.0,5.4,0.473,2.883,1,2,6,1.475,0,1.0,4.0,0.0067,0.0
2026-08-28T11:27:35+00:00,2,2026-08-28T17:30:00Z,player-ensemble-1.0,player-sim-2.0,player-sim-3.0-candidate,recommended_for_live_promotion,0.2,0.5,0.4,1.0,fpl-2026-27,1.0,472,575476,Murillo,18,Nott'm Forest,Defender,5.5,2.178,0.0,2.178,61.27,0.2,1.6,4.800000000000001,0.3961,2.277,0,2,6,1.785,0,1.0,6.0,0.005,0.0
2026-08-28T11:27:35+00:00,2,2026-08-28T17:30:00Z,player-ensemble-1.0,player-sim-2.0,player-sim-3.0-candidate,recommended_for_live_promotion,0.2,0.5,0.4,1.0,fpl-2026-27,1.0,473,159506,Aina,18,Nott'm Forest,Defender,4.5,1.6,0.0,1.6,46.88,0.0,1.2000000000000002,4.4,0.3556,1.63,0,1,5,1.482,0,1.0,6.0,0.005,0.0017
2026-08-28T11:27:35+00:00,2,2026-08-28T17:30:00Z,player-ensemble-1.0,player-sim-2.0,player-sim-3.0-candidate,recommended_for_live_promotion,0.2,0.5,0.4,1.0,fpl-2026-27,1.0,474,575458,Jair Cunha,18,Nott'm Forest,Defender,4.5,0.974,0.0,0.974,27.49,0.0,0.4,2.8000000000000003,0.2165,0.875,0,0,3,1.372,0,1.0,5.0,0.0017,0.0
2026-08-28T11:27:35+00:00,2,2026-08-28T17:30:00Z,player-ensemble-1.0,player-sim-2.0,player-sim-3.0-candidate,recommended_for_live_promotion,0.2,0.5,0.4,1.0,fpl-2026-27,1.0,475,500151,Savona,18,Nott'm Forest,Defender,4.5,0.0,0.0,0.0,0.0,0.0,0.0,0.0,0.0,0.0,0,0,0,0.0,0,0,0,0.0,0.0
2026-08-28T11:27:35+00:00,2,2026-08-28T17:30:00Z,player-ensemble-1.0,player-sim-2.0,player-sim-3.0-candidate,recommended_for_live_promotion,0.2,0.5,0.4,1.0,fpl-2026-27,1.0,476,204822,O.Richards,18,Nott'm Forest,Defender,4.0,0.9,0.0,0.9,26.45,0.0,0.2,3.2,0.2251,0.972,0,0,4,0.615,0,0,2.0,0.0,0.0
2026-08-28T11:27:35+00:00,2,2026-08-28T17:30:00Z,player-ensemble-1.0,player-sim-2.0,player-sim-3.0-candidate,recommended_for_live_promotion,0.2,0.5,0.4,1.0,fpl-2026-27,1.0,477,549067,Abbott,18,Nott'm Forest,Defender,4.0,0.268,0.0,0.268,3.76,0.0,0.0,1.0,0.0671,0.153,0,0,0,0.728,0,0,2.0,0.0017,0.0
2026-08-28T11:27:35+00:00,2,2026-08-28T17:30:00Z,player-ensemble-1.0,player-sim-2.0,player-sim-3.0-candidate,recommended_for_live_promotion,0.2,0.5,0.4,1.0,fpl-2026-27,1.0,478,470315,Netz,18,Nott'm Forest,Defender,4.5,0.524,0.0,0.524,10.89,0.0,0.2,1.0,0.1164,0.432,0,0,1,0.892,0,1.0,2.0,0.0,0.0
2026-08-28T11:27:35+00:00,2,2026-08-28T17:30:00Z,player-ensemble-1.0,player-sim-2.0,player-sim-3.0-candidate,recommended_for_live_promotion,0.2,0.5,0.4,1.0,fpl-2026-27,1.0,479,538638,Bindon,18,Nott'm Forest,Defender,4.0,0.784,0.0,0.784,24.6,0.0,0.0,2.4000000000000004,0.1961,0.82,0,0,3,0.642,0,0,2.0,0.0,0.0
2026-08-28T11:27:35+00:00,2,2026-08-28T17:30:00Z,player-ensemble-1.0,player-sim-2.0,player-sim-3.0-candidate,recommended_for_live_promotion,0.2,0.5,0.4,1.0,fpl-2026-27,1.0437,480,222531,Gibbs-White,18,Nott'm Forest,Midfielder,8.0,3.397,0.0,3.397,83.0,1.6,2.6000000000000005,6.4,0.4247,3.713,2,3,7,2.133,0,2.0,5.0,0.01,0.0
2026-08-28T11:27:35+00:00,2,2026-08-28T17:30:00Z,player-ensemble-1.0,player-sim-2.0,player-sim-3.0-candidate,recommended_for_live_promotion,0.2,0.5,0.4,1.0,fpl-2026-27,1.0437,482,209046,Hudson-Odoi,18,Nott'm Forest,Midfielder,6.0,1.603,0.0,1.603,41.56,0.0,1.6,3.6,0.2672,1.808,0,1,4,0.782,0,0,2.0,0.0,0.0
2026-08-28T11:27:35+00:00,2,2026-08-28T17:30:00Z,player-ensemble-1.0,player-sim-2.0,player-sim-3.0-candidate,recommended_for_live_promotion,0.2,0.5,0.4,1.0,fpl-2026-27,1.0437,483,456512,Ndoye,18,Nott'm Forest,Midfielder,5.5,1.478,0.0,1.478,35.48,0.0,1.4000000000000001,2.8000000000000003,0.2688,1.435,0,1,3,1.652,0,2.0,3.0,0.0033,0.0
2026-08-28T11:27:35+00:00,2,2026-08-28T17:30:00Z,player-ensemble-1.0,player-sim-2.0,player-sim-3.0-candidate,recommended_for_live_promotion,0.2,0.5,0.4,1.0,fpl-2026-27,1.0437,484,503301,Hutchinson,18,Nott'm Forest,Midfielder,5.5,1.209,0.0,1.209,34.63,0.0,0.8,3.0,0.2198,1.365,0,1,3,0.585,0,0,2.0,0.0033,0.0
2026-08-28T11:27:35+00:00,2,2026-08-28T17:30:00Z,player-ensemble-1.0,player-sim-2.0,player-sim-3.0-candidate,recommended_for_live_promotion,0.2,0.5,0.4,1.0,fpl-2026-27,1.0437,485,476887,Bakwa,18,Nott'm Forest,Midfielder,5.5,0.0,0.0,0.0,0.0,0.0,0.0,0.0,0.0,0.0,0,0,0,0.0,0,0,0,0.0,0.0
2026-08-28T11:27:35+00:00,2,2026-08-28T17:30:00Z,player-ensemble-1.0,player-sim-2.0,player-sim-3.0-candidate,recommended_for_live_promotion,0.2,0.5,0.4,1.0,fpl-2026-27,1.0437,486,432714,McAtee,18,Nott'm Forest,Midfielder,5.5,0.811,0.0,0.811,17.79,0.0,0.4,2.0,0.1474,0.585,0,0,2,1.713,0,2.0,4.0,0.01,0.0
2026-08-28T11:27:35+00:00,2,2026-08-28T17:30:00Z,player-ensemble-1.0,player-sim-2.0,player-sim-3.0-candidate,recommended_for_live_promotion,0.2,0.5,0.4,1.0,fpl-2026-27,1.0437,487,250199,Dominguez,18,Nott'm Forest,Midfielder,5.0,1.074,0.0,1.074,26.02,0.0,0.4,2.6000000000000005,0.2147,1.168,0,0,3,0.695,0,0,2.0,0.0,0.0
2026-08-28T11:27:35+00:00,2,2026-08-28T17:30:00Z,player-ensemble-1.0,player-sim-2.0,player-sim-3.0-candidate,recommended_for_live_promotion,0.2,0.5,0.4,1.0,fpl-2026-27,1.0437,488,210462,I.Sangaré,18,Nott'm Forest,Midfielder,5.0,0.0,0.0,0.0,0.0,0.0,0.0,0.0,0.0,0.0,0,0,0,0.0,0,0,0,0.0,0.0
2026-08-28T11:27:35+00:00,2,2026-08-28T17:30:00Z,player-ensemble-1.0,player-sim-2.0,player-sim-3.0-candidate,recommended_for_live_promotion,0.2,0.5,0.4,1.0,fpl-2026-27,1.0437,489,204968,Yates,18,Nott'm Forest,Midfielder,4.5,0.36,0.0,0.36,6.41,0.0,0.0,1.0,0.0799,0.295,0,0,1,0.618,0,0,2.0,0.0,0.0
2026-08-28T11:27:35+00:00,2,2026-08-28T17:30:00Z,player-ensemble-1.0,player-sim-2.0,player-sim-3.0-candidate,recommended_for_live_promotion,0.2,0.5,0.4,1.0,fpl-2026-27,1.035,490,60689,Wood,18,Nott'm Forest,Forward,6.0,1.256,0.0,1.256,22.88,0.0,0.8,4.0,0.2093,1.285,0,0,4,1.138,0,1.0,2.0,0.0083,0.0
2026-08-28T11:27:35+00:00,2,2026-08-28T17:30:00Z,player-ensemble-1.0,player-sim-2.0,player-sim-3.0-candidate,recommended_for_live_promotion,0.2,0.5,0.4,1.0,fpl-2026-27,1.035,491,482973,Igor Jesus,18,Nott'm Forest,Forward,6.0,2.569,0.0,2.569,66.8,1.2000000000000002,2.0,5.000000000000001,0.4281,2.772,1,2,6,1.757,0,2.0,4.0,0.0133,0.0033
2026-08-28T11:27:35+00:00,2,2026-08-28T17:30:00Z,player-ensemble-1.0,player-sim-2.0,player-sim-3.0-candidate,recommended_for_live_promotion,0.2,0.5,0.4,1.0,fpl-2026-27,1.035,493,465680,Kalimuendo,18,Nott'm Forest,Forward,5.5,0.431,0.0,0.431,3.86,0.0,0.2,1.0,0.0783,0.285,0,0,1,1.013,0,1.0,2.0,0.0017,0.0
2026-08-28T11:27:35+00:00,2,2026-08-28T17:30:00Z,player-ensemble-1.0,player-sim-2.0,player-sim-3.0-candidate,recommended_for_live_promotion,0.2,0.5,0.4,1.0,fpl-2026-27,1.0437,558,204561,Schlager,18,Nott'm Forest,Midfielder,5.0,1.088,0.0,1.088,26.54,0.0,0.8,2.6000000000000005,0.2177,1.09,0,1,3,1.082,0,1.0,2.0,0.005,0.0
2026-08-28T11:27:35+00:00,2,2026-08-28T17:30:00Z,player-ensemble-1.0,player-sim-2.0,player-sim-3.0-candidate,recommended_for_live_promotion,0.2,0.5,0.4,1.0,fpl-2026-27,1.0,581,568420,Diomande,18,Nott'm Forest,Defender,5.5,0.719,0.0,0.719,22.27,0.0,0.0,2.0,0.1307,0.748,0,0,2,0.6,0,0,2.0,0.0,0.0
2026-08-28T11:27:35+00:00,2,2026-08-28T17:30:00Z,player-ensemble-1.0,player-sim-2.0,player-sim-3.0-candidate,recommended_for_live_promotion,0.2,0.5,0.4,1.0,fpl-2026-27,1.07,590,428971,Benda,18,Nott'm Forest,Goalkeeper,4.5,0.63,0.0,0.63,19.81,0.0,0.0,2.4000000000000004,0.1399,0.67,0,0,3,0.468,0,0,2.0,0.0,0.0
2026-08-28T11:27:35+00:00,2,2026-08-28T17:30:00Z,player-ensemble-1.0,player-sim-2.0,player-sim-3.0-candidate,recommended_for_live_promotion,0.2,0.5,0.4,1.0,fpl-2026-27,1.0,112,469142,Van Hecke,19,Spurs,Defender,5.0,2.919,0.0,2.919,84.54,0.8,2.4000000000000004,6.6000000000000005,0.5838,3.195,1,2,8,1.815,0,1.0,6.0,0.02,0.0017
2026-08-28T11:27:35+00:00,2,2026-08-28T17:30:00Z,player-ensemble-1.0,player-sim-2.0,player-sim-3.0-candidate,recommended_for_live_promotion,0.2,0.5,0.4,1.0,fpl-2026-27,1.035,401,438234,Marmoush,19,Spurs,Forward,7.0,0.745,0.0,0.745,14.68,0.0,0.0,2.4000000000000004,0.1065,0.747,0,0,2,0.74,0,0,2.0,0.0067,0.0017
2026-08-28T11:27:35+00:00,2,2026-08-28T17:30:00Z,player-ensemble-1.0,player-sim-2.0,player-sim-3.0-candidate,recommended_for_live_promotion,0.2,0.5,0.4,1.0,fpl-2026-27,1.0437,403,510281,Sávio,19,Spurs,Midfielder,6.5,0.804,0.0,0.804,16.92,0.0,0.2,2.0,0.1236,0.788,0,0,2,0.865,0,0,2.0,0.0083,0.0
2026-08-28T11:27:35+00:00,2,2026-08-28T17:30:00Z,player-ensemble-1.0,player-sim-2.0,player-sim-3.0-candidate,recommended_for_live_promotion,0.2,0.5,0.4,1.0,fpl-2026-27,1.0437,455,432422,Tonali,19,Spurs,Midfielder,5.5,2.448,0.0,2.448,71.39,1.2000000000000002,2.0,4.2,0.4451,2.653,1,2,5,1.627,0,1.0,4.0,0.005,0.0
2026-08-28T11:27:35+00:00,2,2026-08-28T17:30:00Z,player-ensemble-1.0,player-sim-2.0,player-sim-3.0-candidate,recommended_for_live_promotion,0.2,0.5,0.4,1.0,fpl-2026-27,1.07,494,184254,Vicario,19,Spurs,Goalkeeper,4.5,0.0,0.0,0.0,0.0,0.0,0.0,0.0,0.0,0.0,0,0,0,0.0,0,0,0,0.0,0.0
2026-08-28T11:27:35+00:00,2,2026-08-28T17:30:00Z,player-ensemble-1.0,player-sim-2.0,player-sim-3.0-candidate,recommended_for_live_promotion,0.2,0.5,0.4,1.0,fpl-2026-27,1.07,495,214572,Austin,19,Spurs,Goalkeeper,4.0,0.548,0.0,0.548,19.01,0.0,0.0,1.6,0.137,0.578,0,0,2,0.427,0,0,2.0,0.0,0.0
2026-08-28T11:27:35+00:00,2,2026-08-28T17:30:00Z,player-ensemble-1.0,player-sim-2.0,player-sim-3.0-candidate,recommended_for_live_promotion,0.2,0.5,0.4,1.0,fpl-2026-27,1.07,496,485055,Kinsky,19,Spurs,Goalkeeper,4.5,0.878,0.0,0.878,25.78,0.0,0.4,2.4000000000000004,0.195,0.8,0,0,2,1.188,0,0,3.0,0.0,0.0
2026-08-28T11:27:35+00:00,2,2026-08-28T17:30:00Z,player-ensemble-1.0,player-sim-2.0,player-sim-3.0-candidate,recommended_for_live_promotion,0.2,0.5,0.4,1.0,fpl-2026-27,1.07,497,67089,Dubravka,19,Spurs,Goalkeeper,4.0,1.942,0.0,1.942,70.72,0.0,1.6,4.800000000000001,0.4856,2.317,0,2,6,0.445,0,0,2.0,0.0,0.0
2026-08-28T11:27:35+00:00,2,2026-08-28T17:30:00Z,player-ensemble-1.0,player-sim-2.0,player-sim-3.0-candidate,recommended_for_live_promotion,0.2,0.5,0.4,1.0,fpl-2026-27,1.0,498,221466,Senesi,19,Spurs,Defender,6.0,3.643,0.0,3.643,86.89,1.2000000000000002,3.2,6.800000000000001,0.6072,4.038,1,4,8,2.063,0,1.0,6.0,0.0117,0.0017
2026-08-28T11:27:35+00:00,2,2026-08-28T17:30:00Z,player-ensemble-1.0,player-sim-2.0,player-sim-3.0-candidate,recommended_for_live_promotion,0.2,0.5,0.4,1.0,fpl-2026-27,1.0,499,441164,Pedro Porro,19,Spurs,Defender,5.5,1.74,0.0,1.74,63.5,0.0,1.0,4.800000000000001,0.3164,2.02,0,1,6,0.622,0,0,2.0,0.0017,0.0017
2026-08-28T11:27:35+00:00,2,2026-08-28T17:30:00Z,player-ensemble-1.0,player-sim-2.0,player-sim-3.0-candidate,recommended_for_live_promotion,0.2,0.5,0.4,1.0,fpl-2026-27,1.0,500,221632,Romero,19,Spurs,Defender,5.0,0.0,0.0,0.0,0.0,0.0,0.0,0.0,0.0,0.0,0,0,0,0.0,0,0,0,0.0,0.0
2026-08-28T11:27:35+00:00,2,2026-08-28T17:30:00Z,player-ensemble-1.0,player-sim-2.0,player-sim-3.0-candidate,recommended_for_live_promotion,0.2,0.5,0.4,1.0,fpl-2026-27,1.0,501,135720,Danso,19,Spurs,Defender,5.0,1.059,0.0,1.059,31.78,0.0,0.8,3.2,0.2118,1.152,0,0,4,0.688,0,0,2.0,0.0,0.0
2026-08-28T11:27:35+00:00,2,2026-08-28T17:30:00Z,player-ensemble-1.0,player-sim-2.0,player-sim-3.0-candidate,recommended_for_live_promotion,0.2,0.5,0.4,1.0,fpl-2026-27,1.0,502,122798,Robertson,19,Spurs,Defender,4.5,1.386,0.0,1.386,38.31,0.0,0.8,3.6000000000000005,0.3081,1.357,0,1,4,1.505,0.0,1.0,5.0,0.0033,0.0
2026-08-28T11:27:35+00:00,2,2026-08-28T17:30:00Z,player-ensemble-1.0,player-sim-2.0,player-sim-3.0-candidate,recommended_for_live_promotion,0.2,0.5,0.4,1.0,fpl-2026-27,1.0,503,491279,Van de Ven,19,Spurs,Defender,5.0,1.76,0.0,1.76,65.38,0.0,1.2000000000000002,4.800000000000001,0.3521,2.052,0,1,6,0.595,0,0,2.0,0.005,0.0
2026-08-28T11:27:35+00:00,2,2026-08-28T17:30:00Z,player-ensemble-1.0,player-sim-2.0,player-sim-3.0-candidate,recommended_for_live_promotion,0.2,0.5,0.4,1.0,fpl-2026-27,1.0,505,232859,Spence,19,Spurs,Defender,4.5,0.0,0.0,0.0,0.0,0.0,0.0,0.0,0.0,0.0,0,0,0,0.0,0,0,0,0.0,0.0
2026-08-28T11:27:35+00:00,2,2026-08-28T17:30:00Z,player-ensemble-1.0,player-sim-2.0,player-sim-3.0-candidate,recommended_for_live_promotion,0.2,0.5,0.4,1.0,fpl-2026-27,1.0,506,487053,Udogie,19,Spurs,Defender,4.5,0.992,0.0,0.992,28.89,0.0,0.8,2.0,0.2205,1.007,0,1,2,0.935,0,1.0,2.0,0.0,0.0
2026-08-28T11:27:35+00:00,2,2026-08-28T17:30:00Z,player-ensemble-1.0,player-sim-2.0,player-sim-3.0-candidate,recommended_for_live_promotion,0.2,0.5,0.4,1.0,fpl-2026-27,1.0,507,548308,Phillips,19,Spurs,Defender,4.5,0.0,0.0,0.0,0.0,0.0,0.0,0.0,0.0,0.0,0,0,0,0.0,0,0,0,0.0,0.0
2026-08-28T11:27:35+00:00,2,2026-08-28T17:30:00Z,player-ensemble-1.0,player-sim-2.0,player-sim-3.0-candidate,recommended_for_live_promotion,0.2,0.5,0.4,1.0,fpl-2026-27,1.0,508,115556,Davies,19,Spurs,Defender,4.0,0.2,0.0,0.2,2.53,0.0,0.0,0.6000000000000001,0.05,0.085,0,0,0,0.66,0,0,2.0,0.0033,0.0
2026-08-28T11:27:35+00:00,2,2026-08-28T17:30:00Z,player-ensemble-1.0,player-sim-2.0,player-sim-3.0-candidate,recommended_for_live_promotion,0.2,0.5,0.4,1.0,fpl-2026-27,1.0,509,640419,Byfield,19,Spurs,Defender,4.0,0.15,0.0,0.15,0.03,0.0,0.0,0.4,0.0375,0.002,0,0,0,0.743,0,0,2.0,0.0067,0.0017
2026-08-28T11:27:35+00:00,2,2026-08-28T17:30:00Z,player-ensemble-1.0,player-sim-2.0,player-sim-3.0-candidate,recommended_for_live_promotion,0.2,0.5,0.4,1.0,fpl-2026-27,1.0,510,499716,Rowswell,19,Spurs,Defender,4.0,0.133,0.0,0.133,0.04,0.0,0.0,0.4,0.0333,0.002,0,0,0,0.658,0,0,2.0,0.0,0.0
2026-08-28T11:27:35+00:00,2,2026-08-28T17:30:00Z,player-ensemble-1.0,player-sim-2.0,player-sim-3.0-candidate,recommended_for_live_promotion,0.2,0.5,0.4,1.0,fpl-2026-27,1.0,511,616221,Souza,19,Spurs,Defender,4.0,0.175,0.0,0.175,2.32,0.0,0.0,0.6000000000000001,0.0438,0.082,0,0,0,0.55,0,0,2.0,0.0,0.0
2026-08-28T11:27:35+00:00,2,2026-08-28T17:30:00Z,player-ensemble-1.0,player-sim-2.0,player-sim-3.0-candidate,recommended_for_live_promotion,0.2,0.5,0.4,1.0,fpl-2026-27,1.0437,512,460842,Kudus,19,Spurs,Midfielder,6.5,0.734,0.0,0.734,19.18,0.0,0.0,2.4000000000000004,0.1129,0.832,0,0,3,0.343,0,0,1.0,0.0017,0.0
2026-08-28T11:27:35+00:00,2,2026-08-28T17:30:00Z,player-ensemble-1.0,player-sim-2.0,player-sim-3.0-candidate,recommended_for_live_promotion,0.2,0.5,0.4,1.0,fpl-2026-27,1.0437,513,493362,Xavi,19,Spurs,Midfielder,6.0,0.0,0.0,0.0,0.0,0.0,0.0,0.0,0.0,0.0,0,0,0,0.0,0,0,0,0.0,0.0
2026-08-28T11:27:35+00:00,2,2026-08-28T17:30:00Z,player-ensemble-1.0,player-sim-2.0,player-sim-3.0-candidate,recommended_for_live_promotion,0.2,0.5,0.4,1.0,fpl-2026-27,1.0437,514,511499,Tel,19,Spurs,Midfielder,6.0,2.023,0.0,2.023,43.47,0.0,1.6,4.800000000000001,0.3372,2.03,0,1,6,1.997,0,2.0,5.0,0.0117,0.0017
2026-08-28T11:27:35+00:00,2,2026-08-28T17:30:00Z,player-ensemble-1.0,player-sim-2.0,player-sim-3.0-candidate,recommended_for_live_promotion,0.2,0.5,0.4,1.0,fpl-2026-27,1.0437,515,172780,Maddison,19,Spurs,Midfielder,6.5,0.289,0.0,0.289,2.33,0.0,0.2,1.0,0.0444,0.145,0,0,1,0.863,0,0,2.0,0.005,0.0
2026-08-28T11:27:35+00:00,2,2026-08-28T17:30:00Z,player-ensemble-1.0,player-sim-2.0,player-sim-3.0-candidate,recommended_for_live_promotion,0.2,0.5,0.4,1.0,fpl-2026-27,1.0437,516,202993,Bentancur,19,Spurs,Midfielder,5.5,1.989,0.0,1.989,51.49,0.2,1.6,4.0,0.3617,2.202,0,2,5,1.14,0,1.0,3.0,0.0017,0.0
2026-08-28T11:27:35+00:00,2,2026-08-28T17:30:00Z,player-ensemble-1.0,player-sim-2.0,player-sim-3.0-candidate,recommended_for_live_promotion,0.2,0.5,0.4,1.0,fpl-2026-27,1.0437,517,550839,Odobert,19,Spurs,Midfielder,5.5,0.0,0.0,0.0,0.0,0.0,0.0,0.0,0.0,0.0,0,0,0,0.0,0,0,0,0.0,0.0
2026-08-28T11:27:35+00:00,2,2026-08-28T17:30:00Z,player-ensemble-1.0,player-sim-2.0,player-sim-3.0-candidate,recommended_for_live_promotion,0.2,0.5,0.4,1.0,fpl-2026-27,1.0437,518,482442,P.M.Sarr,19,Spurs,Midfielder,4.9,0.0,0.0,0.0,0.0,0.0,0.0,0.0,0.0,0.0,0,0,0,0.0,0,0,0,0.0,0.0
2026-08-28T11:27:35+00:00,2,2026-08-28T17:30:00Z,player-ensemble-1.0,player-sim-2.0,player-sim-3.0-candidate,recommended_for_live_promotion,0.2,0.5,0.4,1.0,fpl-2026-27,1.0437,519,232787,Gallagher,19,Spurs,Midfielder,5.5,1.385,0.0,1.385,33.03,0.0,1.0,2.8000000000000003,0.2518,1.353,0,1,3,1.51,0,1.0,3.0,0.0,0.0
2026-08-28T11:27:35+00:00,2,2026-08-28T17:30:00Z,player-ensemble-1.0,player-sim-2.0,player-sim-3.0-candidate,recommended_for_live_promotion,0.2,0.5,0.4,1.0,fpl-2026-27,1.0437,520,570526,Bergvall,19,Spurs,Midfielder,5.5,1.203,0.0,1.203,26.97,0.0,0.8,2.6,0.2188,1.108,0,0,3,1.583,0,2.0,3.0,0.0017,0.0
2026-08-28T11:27:35+00:00,2,2026-08-28T17:30:00Z,player-ensemble-1.0,player-sim-2.0,player-sim-3.0-candidate,recommended_for_live_promotion,0.2,0.5,0.4,1.0,fpl-2026-27,1.0437,521,445044,Kulusevski,19,Spurs,Midfielder,6.5,0.0,0.0,0.0,0.0,0.0,0.0,0.0,0.0,0.0,0,0,0,0.0,0,0,0,0.0,0.0
2026-08-28T11:27:35+00:00,2,2026-08-28T17:30:00Z,player-ensemble-1.0,player-sim-2.0,player-sim-3.0-candidate,recommended_for_live_promotion,0.2,0.5,0.4,1.0,fpl-2026-27,1.0437,522,547701,Gray,19,Spurs,Midfielder,5.0,1.723,0.0,1.723,44.71,0.0,1.6,3.4000000000000004,0.3446,1.76,0,2,4,1.575,0,1.0,3.0,0.01,0.0
2026-08-28T11:27:35+00:00,2,2026-08-28T17:30:00Z,player-ensemble-1.0,player-sim-2.0,player-sim-3.0-candidate,recommended_for_live_promotion,0.2,0.5,0.4,1.0,fpl-2026-27,1.0437,523,499721,Moore,19,Spurs,Midfielder,5.0,1.489,0.0,1.489,32.26,0.0,0.8,3.2,0.2977,1.393,0,1,3,1.87,0,2.0,4.0,0.0133,0.0017
2026-08-28T11:27:35+00:00,2,2026-08-28T17:30:00Z,player-ensemble-1.0,player-sim-2.0,player-sim-3.0-candidate,recommended_for_live_promotion,0.2,0.5,0.4,1.0,fpl-2026-27,1.0437,524,499726,Olusesi,19,Spurs,Midfielder,4.5,0.145,0.0,0.145,0.05,0.0,0.0,0.4,0.0323,0.003,0,0,0,0.713,0,0,2.0,0.0,0.0
2026-08-28T11:27:35+00:00,2,2026-08-28T17:30:00Z,player-ensemble-1.0,player-sim-2.0,player-sim-3.0-candidate,recommended_for_live_promotion,0.2,0.5,0.4,1.0,fpl-2026-27,1.0437,525,551226,Fernandes,19,Spurs,Midfielder,6.0,2.441,0.0,2.441,70.7,0.8,1.8,4.800000000000001,0.4068,2.778,1,2,6,1.09,0,1.0,3.0,0.0033,0.0
2026-08-28T11:27:35+00:00,2,2026-08-28T17:30:00Z,player-ensemble-1.0,player-sim-2.0,player-sim-3.0-candidate,recommended_for_live_promotion,0.2,0.5,0.4,1.0,fpl-2026-27,1.035,526,154566,Solanke,19,Spurs,Forward,6.0,1.137,0.0,1.137,24.92,0.0,0.8,2.6000000000000005,0.1895,1.122,0,1,3,1.198,0,1.0,3.0,0.0067,0.0017
2026-08-28T11:27:35+00:00,2,2026-08-28T17:30:00Z,player-ensemble-1.0,player-sim-2.0,player-sim-3.0-candidate,recommended_for_live_promotion,0.2,0.5,0.4,1.0,fpl-2026-27,1.035,527,212319,Richarlison,19,Spurs,Forward,6.0,2.764,0.0,2.764,57.0,0.8,2.0,5.800000000000001,0.4607,2.985,0,2,7,1.88,0,1.0,6.0,0.0183,0.0017
2026-08-28T11:27:35+00:00,2,2026-08-28T17:30:00Z,player-ensemble-1.0,player-sim-2.0,player-sim-3.0-candidate,recommended_for_live_promotion,0.2,0.5,0.4,1.0,fpl-2026-27,1.035,528,490145,Scarlett,19,Spurs,Forward,4.5,0.13,0.0,0.13,0.08,0.0,0.0,0.4,0.0288,0.01,0,0,0,0.608,0,0,2.0,0.0,0.0
2026-08-28T11:27:35+00:00,2,2026-08-28T17:30:00Z,player-ensemble-1.0,player-sim-2.0,player-sim-3.0-candidate,recommended_for_live_promotion,0.2,0.5,0.4,1.0,fpl-2026-27,1.0437,601,611917,Williams-Barnett,19,Spurs,Midfielder,4.5,0.865,0.0,0.865,24.82,0.0,0.4,2.4000000000000004,0.1922,0.908,0,0,3,0.69,0,0,2.0,0.0017,0.0
2026-08-28T11:27:35+00:00,2,2026-08-28T17:30:00Z,player-ensemble-1.0,player-sim-2.0,player-sim-3.0-candidate,recommended_for_live_promotion,0.2,0.5,0.4,1.0,fpl-2026-27,1.07,529,498016,Roefs,20,Sunderland,Goalkeeper,5.0,3.274,0.0,3.274,83.82,1.0,2.8000000000000003,6.200000000000001,0.6547,3.643,1,3,7,1.795,0,0,6.0,0.0033,0.0
2026-08-28T11:27:35+00:00,2,2026-08-28T17:30:00Z,player-ensemble-1.0,player-sim-2.0,player-sim-3.0-candidate,recommended_for_live_promotion,0.2,0.5,0.4,1.0,fpl-2026-27,1.07,530,232571,Patterson,20,Sunderland,Goalkeeper,4.0,0.0,0.0,0.0,0.0,0.0,0.0,0.0,0.0,0.0,0,0,0,0.0,0,0,0,0.0,0.0
2026-08-28T11:27:35+00:00,2,2026-08-28T17:30:00Z,player-ensemble-1.0,player-sim-2.0,player-sim-3.0-candidate,recommended_for_live_promotion,0.2,0.5,0.4,1.0,fpl-2026-27,1.07,531,515046,Ellborg,20,Sunderland,Goalkeeper,4.5,0.466,0.0,0.466,8.6,0.0,0.0,1.6,0.1035,0.437,0,0,1,0.582,0,0,2.0,0.0,0.0
2026-08-28T11:27:35+00:00,2,2026-08-28T17:30:00Z,player-ensemble-1.0,player-sim-2.0,player-sim-3.0-candidate,recommended_for_live_promotion,0.2,0.5,0.4,1.0,fpl-2026-27,1.0,532,223827,Ballard,20,Sunderland,Defender,5.0,3.205,0.0,3.205,62.69,0.8,2.4000000000000004,6.800000000000001,0.6411,3.45,1,2,8,2.227,0,1.0,7.0,0.0217,0.0033
2026-08-28T11:27:35+00:00,2,2026-08-28T17:30:00Z,player-ensemble-1.0,player-sim-2.0,player-sim-3.0-candidate,recommended_for_live_promotion,0.2,0.5,0.4,1.0,fpl-2026-27,1.0,533,200834,Mukiele,20,Sunderland,Defender,5.5,2.617,0.0,2.617,62.56,0.0,1.8,6.200000000000001,0.4758,3.06,0,2,7,0.843,0,0,3.0,0.0067,0.0017
2026-08-28T11:27:35+00:00,2,2026-08-28T17:30:00Z,player-ensemble-1.0,player-sim-2.0,player-sim-3.0-candidate,recommended_for_live_promotion,0.2,0.5,0.4,1.0,fpl-2026-27,1.0,534,487676,Hume,20,Sunderland,Defender,4.5,3.086,0.0,3.086,79.87,0.8,2.4000000000000004,6.4,0.6858,3.327,1,2,7,2.125,0,1.0,6.0,0.0233,0.0033
2026-08-28T11:27:35+00:00,2,2026-08-28T17:30:00Z,player-ensemble-1.0,player-sim-2.0,player-sim-3.0-candidate,recommended_for_live_promotion,0.2,0.5,0.4,1.0,fpl-2026-27,1.0,535,201895,Alderete,20,Sunderland,Defender,5.0,2.631,0.0,2.631,64.07,0.8,1.8,5.800000000000001,0.5261,3.0,1,2,7,1.153,0,1.0,3.0,0.005,0.0017
2026-08-28T11:27:35+00:00,2,2026-08-28T17:30:00Z,player-ensemble-1.0,player-sim-2.0,player-sim-3.0-candidate,recommended_for_live_promotion,0.2,0.5,0.4,1.0,fpl-2026-27,1.0,536,434399,Reinildo,20,Sunderland,Defender,4.5,2.392,0.0,2.392,58.2,0.2,1.6,5.6000000000000005,0.5315,2.493,0,2,6,1.985,0,1.0,6.0,0.0033,0.0
2026-08-28T11:27:35+00:00,2,2026-08-28T17:30:00Z,player-ensemble-1.0,player-sim-2.0,player-sim-3.0-candidate,recommended_for_live_promotion,0.2,0.5,0.4,1.0,fpl-2026-27,1.0,537,519634,Seelt,20,Sunderland,Defender,4.5,0.279,0.0,0.279,2.79,0.0,0.0,1.0,0.0621,0.135,0,0,0,0.857,0,0,3.0,0.005,0.0
2026-08-28T11:27:35+00:00,2,2026-08-28T17:30:00Z,player-ensemble-1.0,player-sim-2.0,player-sim-3.0-candidate,recommended_for_live_promotion,0.2,0.5,0.4,1.0,fpl-2026-27,1.0,538,477547,Hjelde,20,Sunderland,Defender,4.0,0.0,0.0,0.0,0.0,0.0,0.0,0.0,0.0,0.0,0,0,0,0.0,0,0,0,0.0,0.0
2026-08-28T11:27:35+00:00,2,2026-08-28T17:30:00Z,player-ensemble-1.0,player-sim-2.0,player-sim-3.0-candidate,recommended_for_live_promotion,0.2,0.5,0.4,1.0,fpl-2026-27,1.0,539,167512,O'Nien,20,Sunderland,Defender,4.0,1.121,0.0,1.121,22.25,0.0,0.6000000000000001,3.2,0.2802,0.95,0,0,4,1.803,0,1.0,6.0,0.005,0.0
2026-08-28T11:27:35+00:00,2,2026-08-28T17:30:00Z,player-ensemble-1.0,player-sim-2.0,player-sim-3.0-candidate,recommended_for_live_promotion,0.2,0.5,0.4,1.0,fpl-2026-27,1.0,540,105717,Masuaku,20,Sunderland,Defender,4.0,0.0,0.0,0.0,0.0,0.0,0.0,0.0,0.0,0.0,0,0,0,0.0,0,0,0,0.0,0.0
2026-08-28T11:27:35+00:00,2,2026-08-28T17:30:00Z,player-ensemble-1.0,player-sim-2.0,player-sim-3.0-candidate,recommended_for_live_promotion,0.2,0.5,0.4,1.0,fpl-2026-27,1.0,541,93605,Meunier,20,Sunderland,Defender,4.5,1.825,0.0,1.825,39.1,0.0,1.0,5.200000000000001,0.4056,1.762,0,0,6,2.078,0,1.0,6.0,0.0133,0.0
2026-08-28T11:27:35+00:00,2,2026-08-28T17:30:00Z,player-ensemble-1.0,player-sim-2.0,player-sim-3.0-candidate,recommended_for_live_promotion,0.2,0.5,0.4,1.0,fpl-2026-27,1.0437,542,484420,E.Le Fée,20,Sunderland,Midfielder,6.0,3.266,0.0,3.266,77.19,1.2000000000000002,2.8000000000000003,6.2,0.5443,3.615,1,3,7,1.868,0,2.0,4.0,0.01,0.0
2026-08-28T11:27:35+00:00,2,2026-08-28T17:30:00Z,player-ensemble-1.0,player-sim-2.0,player-sim-3.0-candidate,recommended_for_live_promotion,0.2,0.5,0.4,1.0,fpl-2026-27,1.0437,543,547027,Diarra,20,Sunderland,Midfielder,5.5,1.414,0.0,1.414,33.97,0.0,1.0,3.0000000000000004,0.2571,1.5,0,1,3,1.072,0,1.0,2.0,0.0,0.0
2026-08-28T11:27:35+00:00,2,2026-08-28T17:30:00Z,player-ensemble-1.0,player-sim-2.0,player-sim-3.0-candidate,recommended_for_live_promotion,0.2,0.5,0.4,1.0,fpl-2026-27,1.0437,544,84450,Xhaka,20,Sunderland,Midfielder,5.5,3.025,0.0,3.025,76.59,1.0,2.8000000000000003,5.200000000000001,0.5501,3.312,1,3,6,1.88,0.0,1.0,5.0,0.0083,0.0
2026-08-28T11:27:35+00:00,2,2026-08-28T17:30:00Z,player-ensemble-1.0,player-sim-2.0,player-sim-3.0-candidate,recommended_for_live_promotion,0.2,0.5,0.4,1.0,fpl-2026-27,1.0437,545,577669,Sadiki,20,Sunderland,Midfielder,5.0,2.195,0.0,2.195,77.88,0.8,2.0,3.6,0.439,2.388,1,2,4,1.422,0,1.0,3.0,0.0033,0.0
2026-08-28T11:27:35+00:00,2,2026-08-28T17:30:00Z,player-ensemble-1.0,player-sim-2.0,player-sim-3.0-candidate,recommended_for_live_promotion,0.2,0.5,0.4,1.0,fpl-2026-27,1.0437,546,535818,Adingra,20,Sunderland,Midfielder,5.0,0.0,0.0,0.0,0.0,0.0,0.0,0.0,0.0,0.0,0,0,0,0.0,0,0,0,0.0,0.0
2026-08-28T11:27:35+00:00,2,2026-08-28T17:30:00Z,player-ensemble-1.0,player-sim-2.0,player-sim-3.0-candidate,recommended_for_live_promotion,0.2,0.5,0.4,1.0,fpl-2026-27,1.0437,547,461199,Mundle,20,Sunderland,Midfielder,5.0,0.298,0.0,0.298,4.65,0.0,0.0,0.8,0.0597,0.192,0,0,1,0.725,0,0,2.0,0.0017,0.0
2026-08-28T11:27:35+00:00,2,2026-08-28T17:30:00Z,player-ensemble-1.0,player-sim-2.0,player-sim-3.0-candidate,recommended_for_live_promotion,0.2,0.5,0.4,1.0,fpl-2026-27,1.0437,548,554197,Rigg,20,Sunderland,Midfielder,5.0,0.852,0.0,0.852,17.27,0.0,0.4,2.0,0.1704,0.795,0,0,2,1.08,0,1.0,3.0,0.0017,0.0
2026-08-28T11:27:35+00:00,2,2026-08-28T17:30:00Z,player-ensemble-1.0,player-sim-2.0,player-sim-3.0-candidate,recommended_for_live_promotion,0.2,0.5,0.4,1.0,fpl-2026-27,1.0437,549,549912,Talbi,20,Sunderland,Midfielder,5.5,1.593,0.0,1.593,37.03,0.2,1.0,3.4000000000000004,0.2896,1.672,0,1,4,1.277,0,1.0,3.0,0.0083,0.0
2026-08-28T11:27:35+00:00,2,2026-08-28T17:30:00Z,player-ensemble-1.0,player-sim-2.0,player-sim-3.0-candidate,recommended_for_live_promotion,0.2,0.5,0.4,1.0,fpl-2026-27,1.0437,550,699989,Jocelin.T,20,Sunderland,Midfielder,5.0,0.159,0.0,0.159,1.11,0.0,0.0,0.6000000000000001,0.0318,0.027,0,0,0,0.688,0,0,2.0,0.0017,0.0
2026-08-28T11:27:35+00:00,2,2026-08-28T17:30:00Z,player-ensemble-1.0,player-sim-2.0,player-sim-3.0-candidate,recommended_for_live_promotion,0.2,0.5,0.4,1.0,fpl-2026-27,1.0437,551,536661,Angulo,20,Sunderland,Midfielder,5.0,1.007,0.0,1.007,17.29,0.0,0.4,2.4000000000000004,0.2014,0.812,0,0,3,1.788,0,1.0,4.0,0.0017,0.0
2026-08-28T11:27:35+00:00,2,2026-08-28T17:30:00Z,player-ensemble-1.0,player-sim-2.0,player-sim-3.0-candidate,recommended_for_live_promotion,0.2,0.5,0.4,1.0,fpl-2026-27,1.035,552,441264,Brobbey,20,Sunderland,Forward,6.0,2.568,0.0,2.568,54.25,0.6000000000000001,2.0,5.4,0.428,2.73,0,2,6,1.92,0,1.0,6.0,0.02,0.0033
2026-08-28T11:27:35+00:00,2,2026-08-28T17:30:00Z,player-ensemble-1.0,player-sim-2.0,player-sim-3.0-candidate,recommended_for_live_promotion,0.2,0.5,0.4,1.0,fpl-2026-27,1.035,553,437505,Isidor,20,Sunderland,Forward,5.5,1.363,0.0,1.363,27.56,0.0,0.8,3.6,0.2479,1.423,0,1,4,1.123,0,1.0,2.0,0.005,0.0
2026-08-28T11:27:35+00:00,2,2026-08-28T17:30:00Z,player-ensemble-1.0,player-sim-2.0,player-sim-3.0-candidate,recommended_for_live_promotion,0.2,0.5,0.4,1.0,fpl-2026-27,1.0,612,638411,Methalie,20,Sunderland,Defender,4.5,1.315,0.0,1.315,31.5,0.0,0.4,4.800000000000001,0.2922,1.358,0,0,6,1.142,0,0,4.0,0.0067,0.0
2026-08-28T11:27:35+00:00,2,2026-08-28T17:30:00Z,player-ensemble-1.0,player-sim-2.0,player-sim-3.0-candidate,recommended_for_live_promotion,0.2,0.5,0.4,1.0,fpl-2026-27,1.05,613,696104,Ahoka,20,Sunderland,Midfielder,4.5,1.154,0.0,1.154,27.97,0.0,0.6000000000000001,2.8000000000000003,0.2565,1.165,0,0,3,1.112,0,0,3.0,0.0033,0.0
