prediction_created_at,target_gameweek,deadline_time,model_version,control_model_version,challenger_model_version,ensemble_status,ensemble_point_weight,ensemble_probability_6_plus_weight,ensemble_probability_10_plus_weight,ensemble_probability_15_plus_weight,scoring_rules_version,bonus_transition_multiplier,player_id,player_code,web_name,team_id,team_name,position,price,quantitative_expected_points_next_1,qualitative_points_delta_next_1,expected_points_next_1,expected_minutes_next_1,points_p10_next_1,points_p50_next_1,points_p90_next_1,value_next_1,control_expected_points_next_1,control_points_p10_next_1,control_points_p50_next_1,control_points_p90_next_1,component_expected_points_next_1,component_points_p10_next_1,component_points_p50_next_1,component_points_p90_next_1,component_probability_10_plus_next_1,component_probability_15_plus_next_1
2026-09-18T16:27:56+00:00,5,2026-09-18T17:30:00Z,player-sim-2.0,player-sim-2.0,player-sim-3.0-candidate,holdout_rejected,0.0,0.0,0.0,0.0,fpl-2026-27,1.04,1,154561,Raya,1,Arsenal,Goalkeeper,6.0,3.563,0.0,3.563,87.84,1.0,3.0,7.0,0.5939,3.563,1,3,7,2.4,0,2.0,7.0,0.0133,0.0
2026-09-18T16:27:56+00:00,5,2026-09-18T17:30:00Z,player-sim-2.0,player-sim-2.0,player-sim-3.0-candidate,holdout_rejected,0.0,0.0,0.0,0.0,fpl-2026-27,1.04,2,109745,Arrizabalaga,1,Arsenal,Goalkeeper,4.9,0.04,0.0,0.04,0.92,0.0,0.0,0.0,0.0082,0.04,0,0,0,0.327,0,0,0,0.0,0.0
2026-09-18T16:27:56+00:00,5,2026-09-18T17:30:00Z,player-sim-2.0,player-sim-2.0,player-sim-3.0-candidate,holdout_rejected,0.0,0.0,0.0,0.0,fpl-2026-27,1.04,3,437495,Meslier,1,Arsenal,Goalkeeper,4.9,0.24,0.0,0.24,6.91,0.0,0.0,0.0,0.049,0.24,0,0,0,0.293,0,0,0,0.0,0.0
2026-09-18T16:27:56+00:00,5,2026-09-18T17:30:00Z,player-sim-2.0,player-sim-2.0,player-sim-3.0-candidate,holdout_rejected,0.0,0.0,0.0,0.0,fpl-2026-27,1.0,4,226597,Gabriel,1,Arsenal,Defender,8.0,3.973,0.0,3.973,84.4,1.0,3.0,8.0,0.4967,3.973,1,3,8,3.182,0,2.0,8.0,0.0367,0.0033
2026-09-18T16:27:56+00:00,5,2026-09-18T17:30:00Z,player-sim-2.0,player-sim-2.0,player-sim-3.0-candidate,holdout_rejected,0.0,0.0,0.0,0.0,fpl-2026-27,1.0,5,445122,J.Timber,1,Arsenal,Defender,6.5,1.247,0.0,1.247,26.45,0.0,0.0,4.0,0.1918,1.247,0,0,4,0.617,0,0,1.0,0.0,0.0
2026-09-18T16:27:56+00:00,5,2026-09-18T17:30:00Z,player-sim-2.0,player-sim-2.0,player-sim-3.0-candidate,holdout_rejected,0.0,0.0,0.0,0.0,fpl-2026-27,1.0,6,462424,Saliba,1,Arsenal,Defender,5.9,0.0,0.0,0.0,0.0,0.0,0.0,0.0,0.0,0.0,0,0,0,0.0,0,0,0,0.0,0.0
2026-09-18T16:27:56+00:00,5,2026-09-18T17:30:00Z,player-sim-2.0,player-sim-2.0,player-sim-3.0-candidate,holdout_rejected,0.0,0.0,0.0,0.0,fpl-2026-27,1.025,7,499169,Lewis-Skelly,1,Arsenal,Midfielder,5.5,1.768,0.0,1.768,51.35,0.0,2.0,3.0,0.3215,1.768,0,2,3,1.973,0,2.0,3.0,0.0033,0.0017
2026-09-18T16:27:56+00:00,5,2026-09-18T17:30:00Z,player-sim-2.0,player-sim-2.0,player-sim-3.0-candidate,holdout_rejected,0.0,0.0,0.0,0.0,fpl-2026-27,1.0,8,466075,Calafiori,1,Arsenal,Defender,5.8,3.035,0.0,3.035,69.12,0.0,2.0,7.0,0.5233,3.035,0,2,7,3.013,0,2.0,7.0,0.0483,0.01
2026-09-18T16:27:56+00:00,5,2026-09-18T17:30:00Z,player-sim-2.0,player-sim-2.0,player-sim-3.0-candidate,holdout_rejected,0.0,0.0,0.0,0.0,fpl-2026-27,1.0,9,448104,Hincapie,1,Arsenal,Defender,5.3,1.007,0.0,1.007,20.19,0.0,1.0,3.0,0.1899,1.007,0,1,3,0.727,0,0,1.0,0.0017,0.0
2026-09-18T16:27:56+00:00,5,2026-09-18T17:30:00Z,player-sim-2.0,player-sim-2.0,player-sim-3.0-candidate,holdout_rejected,0.0,0.0,0.0,0.0,fpl-2026-27,1.0,10,198869,White,1,Arsenal,Defender,5.5,2.483,0.0,2.483,55.53,0.0,2.0,6.0,0.4515,2.483,0,2,6,2.683,0,2.0,6.0,0.0117,0.0
2026-09-18T16:27:56+00:00,5,2026-09-18T17:30:00Z,player-sim-2.0,player-sim-2.0,player-sim-3.0-candidate,holdout_rejected,0.0,0.0,0.0,0.0,fpl-2026-27,1.0,11,500040,Mosquera,1,Arsenal,Defender,5.3,1.18,0.0,1.18,31.61,0.0,0.0,4.0,0.2226,1.18,0,0,4,1.24,0,0,5.0,0.0033,0.0
2026-09-18T16:27:56+00:00,5,2026-09-18T17:30:00Z,player-sim-2.0,player-sim-2.0,player-sim-3.0-candidate,holdout_rejected,0.0,0.0,0.0,0.0,fpl-2026-27,1.025,12,223340,Saka,1,Arsenal,Midfielder,9.5,4.97,0.0,4.97,74.14,1.0,4.0,10.0,0.5232,4.97,1,4,10,4.315,0,3.0,10.0,0.1067,0.0267
2026-09-18T16:27:56+00:00,5,2026-09-18T17:30:00Z,player-sim-2.0,player-sim-2.0,player-sim-3.0-candidate,holdout_rejected,0.0,0.0,0.0,0.0,fpl-2026-27,1.025,13,204480,Rice,1,Arsenal,Midfielder,7.4,3.787,0.0,3.787,81.87,2.0,3.0,7.0,0.5117,3.787,2,3,7,2.782,0,2.0,5.0,0.0133,0.0
2026-09-18T16:27:56+00:00,5,2026-09-18T17:30:00Z,player-sim-2.0,player-sim-2.0,player-sim-3.0-candidate,holdout_rejected,0.0,0.0,0.0,0.0,fpl-2026-27,1.025,14,232413,Eze,1,Arsenal,Midfielder,6.3,1.295,0.0,1.295,26.53,0.0,1.0,3.0,0.2056,1.295,0,1,3,1.015,0,1.0,2.0,0.0,0.0
2026-09-18T16:27:56+00:00,5,2026-09-18T17:30:00Z,player-sim-2.0,player-sim-2.0,player-sim-3.0-candidate,holdout_rejected,0.0,0.0,0.0,0.0,fpl-2026-27,1.025,15,184029,Ødegaard,1,Arsenal,Midfielder,6.8,3.262,0.0,3.262,61.59,0.0,3.0,7.0,0.4797,3.262,0,3,7,3.393,0,3.0,8.0,0.0417,0.0067
2026-09-18T16:27:56+00:00,5,2026-09-18T17:30:00Z,player-sim-2.0,player-sim-2.0,player-sim-3.0-candidate,holdout_rejected,0.0,0.0,0.0,0.0,fpl-2026-27,1.025,16,248857,Madueke,1,Arsenal,Midfielder,6.2,0.692,0.0,0.692,13.07,0.0,0.0,2.0,0.1116,0.692,0,0,2,0.86,0,0,2.0,0.005,0.0
2026-09-18T16:27:56+00:00,5,2026-09-18T17:30:00Z,player-sim-2.0,player-sim-2.0,player-sim-3.0-candidate,holdout_rejected,0.0,0.0,0.0,0.0,fpl-2026-27,1.025,17,195384,Merino,1,Arsenal,Midfielder,5.8,1.092,0.0,1.092,17.95,0.0,1.0,2.0,0.1882,1.092,0,1,2,1.158,0,1.0,2.0,0.0033,0.0
2026-09-18T16:27:56+00:00,5,2026-09-18T17:30:00Z,player-sim-2.0,player-sim-2.0,player-sim-3.0-candidate,holdout_rejected,0.0,0.0,0.0,0.0,fpl-2026-27,1.025,18,444145,Martinelli,1,Arsenal,Midfielder,6.3,0.0,0.0,0.0,0.0,0.0,0.0,0.0,0.0,0.0,0,0,0,0.0,0,0,0,0.0,0.0
2026-09-18T16:27:56+00:00,5,2026-09-18T17:30:00Z,player-sim-2.0,player-sim-2.0,player-sim-3.0-candidate,holdout_rejected,0.0,0.0,0.0,0.0,fpl-2026-27,1.025,19,481655,Zubimendi,1,Arsenal,Midfielder,5.3,1.703,0.0,1.703,35.62,1.0,1.0,4.0,0.3214,1.703,1,1,4,1.185,0.0,1.0,2.0,0.0017,0.0
2026-09-18T16:27:56+00:00,5,2026-09-18T17:30:00Z,player-sim-2.0,player-sim-2.0,player-sim-3.0-candidate,holdout_rejected,0.0,0.0,0.0,0.0,fpl-2026-27,1.025,20,616077,Dowman,1,Arsenal,Midfielder,5.3,0.037,0.0,0.037,0.62,0.0,0.0,0.0,0.0069,0.037,0,0,0,0.318,0,0,1.0,0.0017,0.0
2026-09-18T16:27:56+00:00,5,2026-09-18T17:30:00Z,player-sim-2.0,player-sim-2.0,player-sim-3.0-candidate,holdout_rejected,0.0,0.0,0.0,0.0,fpl-2026-27,1.025,22,499175,Nwaneri,1,Arsenal,Midfielder,5.4,0.0,0.0,0.0,0.0,0.0,0.0,0.0,0.0,0.0,0,0,0,0.0,0,0,0,0.0,0.0
2026-09-18T16:27:56+00:00,5,2026-09-18T17:30:00Z,player-sim-2.0,player-sim-2.0,player-sim-3.0-candidate,holdout_rejected,0.0,0.0,0.0,0.0,fpl-2026-27,1.025,23,438098,Fábio Vieira,1,Arsenal,Midfielder,5.5,0.0,0.0,0.0,0.0,0.0,0.0,0.0,0.0,0.0,0,0,0,0.0,0,0,0,0.0,0.0
2026-09-18T16:27:56+00:00,5,2026-09-18T17:30:00Z,player-sim-2.0,player-sim-2.0,player-sim-3.0-candidate,holdout_rejected,0.0,0.0,0.0,0.0,fpl-2026-27,1.025,24,200641,Nelson,1,Arsenal,Midfielder,5.5,0.0,0.0,0.0,0.0,0.0,0.0,0.0,0.0,0.0,0,0,0,0.0,0,0,0,0.0,0.0
2026-09-18T16:27:56+00:00,5,2026-09-18T17:30:00Z,player-sim-2.0,player-sim-2.0,player-sim-3.0-candidate,holdout_rejected,0.0,0.0,0.0,0.0,fpl-2026-27,1.02,25,224117,Gyökeres,1,Arsenal,Forward,7.2,1.38,0.0,1.38,21.63,0.0,1.0,5.0,0.1917,1.38,0,1,5,0.517,0,0,1.0,0.005,0.0
2026-09-18T16:27:56+00:00,5,2026-09-18T17:30:00Z,player-sim-2.0,player-sim-2.0,player-sim-3.0-candidate,holdout_rejected,0.0,0.0,0.0,0.0,fpl-2026-27,1.02,26,219847,Havertz,1,Arsenal,Forward,7.6,2.587,0.0,2.587,61.16,0.0,2.0,6.0,0.3404,2.587,0,2,6,2.698,0,2.0,6.0,0.0283,0.005
2026-09-18T16:27:56+00:00,5,2026-09-18T17:30:00Z,player-sim-2.0,player-sim-2.0,player-sim-3.0-candidate,holdout_rejected,0.0,0.0,0.0,0.0,fpl-2026-27,1.02,27,205651,G.Jesus,1,Arsenal,Forward,5.9,0.0,0.0,0.0,0.0,0.0,0.0,0.0,0.0,0.0,0,0,0,0.0,0,0,0,0.0,0.0
2026-09-18T16:27:56+00:00,5,2026-09-18T17:30:00Z,player-sim-2.0,player-sim-2.0,player-sim-3.0-candidate,holdout_rejected,0.0,0.0,0.0,0.0,fpl-2026-27,1.0,31,199798,Konsa,1,Arsenal,Defender,4.5,2.068,0.0,2.068,58.44,0.0,1.0,6.0,0.4596,2.068,0,1,6,1.367,0,1.0,6.0,0.0017,0.0
2026-09-18T16:27:56+00:00,5,2026-09-18T17:30:00Z,player-sim-2.0,player-sim-2.0,player-sim-3.0-candidate,holdout_rejected,0.0,0.0,0.0,0.0,fpl-2026-27,1.025,452,208706,Bruno G.,1,Arsenal,Midfielder,6.7,1.662,0.0,1.662,29.51,0.0,1.0,5.0,0.248,1.662,0,1,5,0.93,0.0,1.0,2.0,0.0017,0.0
2026-09-18T16:27:56+00:00,5,2026-09-18T17:30:00Z,player-sim-2.0,player-sim-2.0,player-sim-3.0-candidate,holdout_rejected,0.0,0.0,0.0,0.0,fpl-2026-27,1.025,557,439509,Tzolis,1,Arsenal,Midfielder,6.4,1.737,0.0,1.737,49.2,0.0,2.0,3.0,0.2714,1.737,0,2,3,1.975,0,2.0,4.0,0.01,0.0
2026-09-18T16:27:56+00:00,5,2026-09-18T17:30:00Z,player-sim-2.0,player-sim-2.0,player-sim-3.0-candidate,holdout_rejected,0.0,0.0,0.0,0.0,fpl-2026-27,1.04,29,72147,M.Bizot,2,Aston Villa,Goalkeeper,4.5,0.0,0.0,0.0,0.0,0.0,0.0,0.0,0.0,0.0,0,0,0,0.0,0,0,0,0.0,0.0
2026-09-18T16:27:56+00:00,5,2026-09-18T17:30:00Z,player-sim-2.0,player-sim-2.0,player-sim-3.0-candidate,holdout_rejected,0.0,0.0,0.0,0.0,fpl-2026-27,1.0,30,101188,Digne,2,Aston Villa,Defender,4.5,0.0,0.0,0.0,0.0,0.0,0.0,0.0,0.0,0.0,0,0,0,0.0,0,0,0,0.0,0.0
2026-09-18T16:27:56+00:00,5,2026-09-18T17:30:00Z,player-sim-2.0,player-sim-2.0,player-sim-3.0-candidate,holdout_rejected,0.0,0.0,0.0,0.0,fpl-2026-27,1.0,32,199796,Cash,2,Aston Villa,Defender,4.4,2.355,0.0,2.355,65.42,0.0,2.0,6.0,0.5352,2.355,0,2,6,1.965,0,1.0,6.0,0.0117,0.0
2026-09-18T16:27:56+00:00,5,2026-09-18T17:30:00Z,player-sim-2.0,player-sim-2.0,player-sim-3.0-candidate,holdout_rejected,0.0,0.0,0.0,0.0,fpl-2026-27,1.0,33,149484,Mings,2,Aston Villa,Defender,4.5,1.773,0.0,1.773,39.24,0.0,1.0,6.0,0.3941,1.773,0,1,6,1.585,0,1.0,6.0,0.01,0.0
2026-09-18T16:27:56+00:00,5,2026-09-18T17:30:00Z,player-sim-2.0,player-sim-2.0,player-sim-3.0-candidate,holdout_rejected,0.0,0.0,0.0,0.0,fpl-2026-27,1.0,34,244954,Pau,2,Aston Villa,Defender,4.5,0.0,0.0,0.0,0.0,0.0,0.0,0.0,0.0,0.0,0,0,0,0.0,0,0,0,0.0,0.0
2026-09-18T16:27:56+00:00,5,2026-09-18T17:30:00Z,player-sim-2.0,player-sim-2.0,player-sim-3.0-candidate,holdout_rejected,0.0,0.0,0.0,0.0,fpl-2026-27,1.025,35,515597,Bogarde,2,Aston Villa,Midfielder,5.0,0.473,0.0,0.473,11.89,0.0,0.0,2.0,0.0947,0.473,0,0,2,0.462,0,0,1.0,0.0,0.0
2026-09-18T16:27:56+00:00,5,2026-09-18T17:30:00Z,player-sim-2.0,player-sim-2.0,player-sim-3.0-candidate,holdout_rejected,0.0,0.0,0.0,0.0,fpl-2026-27,1.0,36,441302,Maatsen,2,Aston Villa,Defender,4.5,0.0,0.0,0.0,0.0,0.0,0.0,0.0,0.0,0.0,0,0,0,0.0,0,0,0,0.0,0.0
2026-09-18T16:27:56+00:00,5,2026-09-18T17:30:00Z,player-sim-2.0,player-sim-2.0,player-sim-3.0-candidate,holdout_rejected,0.0,0.0,0.0,0.0,fpl-2026-27,1.0,37,184667,Lindelöf,2,Aston Villa,Defender,4.5,2.283,0.0,2.283,67.72,0.0,2.0,6.0,0.5074,2.283,0,2,6,2.6,0,2.0,6.0,0.0233,0.0017
2026-09-18T16:27:56+00:00,5,2026-09-18T17:30:00Z,player-sim-2.0,player-sim-2.0,player-sim-3.0-candidate,holdout_rejected,0.0,0.0,0.0,0.0,fpl-2026-27,1.0,38,606798,A.García,2,Aston Villa,Defender,4.0,0.012,0.0,0.012,0.33,0.0,0.0,0.0,0.0029,0.012,0,0,0,0.408,0,0,1.0,0.0,0.0
2026-09-18T16:27:56+00:00,5,2026-09-18T17:30:00Z,player-sim-2.0,player-sim-2.0,player-sim-3.0-candidate,holdout_rejected,0.0,0.0,0.0,0.0,fpl-2026-27,1.0,39,578545,Nedeljkovic,2,Aston Villa,Defender,4.0,0.0,0.0,0.0,0.0,0.0,0.0,0.0,0.0,0.0,0,0,0,0.0,0,0,0,0.0,0.0
2026-09-18T16:27:56+00:00,5,2026-09-18T17:30:00Z,player-sim-2.0,player-sim-2.0,player-sim-3.0-candidate,holdout_rejected,0.0,0.0,0.0,0.0,fpl-2026-27,1.025,41,195546,Buendía,2,Aston Villa,Midfielder,5.9,2.945,0.0,2.945,65.44,1.0,2.0,7.0,0.4992,2.945,1,2,7,2.612,0,2.0,6.0,0.015,0.0017
2026-09-18T16:27:56+00:00,5,2026-09-18T17:30:00Z,player-sim-2.0,player-sim-2.0,player-sim-3.0-candidate,holdout_rejected,0.0,0.0,0.0,0.0,fpl-2026-27,1.025,44,215711,Bailey,2,Aston Villa,Midfielder,5.4,0.0,0.0,0.0,0.0,0.0,0.0,0.0,0.0,0.0,0,0,0,0.0,0,0,0,0.0,0.0
2026-09-18T16:27:56+00:00,5,2026-09-18T17:30:00Z,player-sim-2.0,player-sim-2.0,player-sim-3.0-candidate,holdout_rejected,0.0,0.0,0.0,0.0,fpl-2026-27,1.025,45,122806,McGinn,2,Aston Villa,Midfielder,5.4,3.07,0.0,3.07,78.18,1.0,2.0,7.0,0.5685,3.07,1,2,7,2.613,0,2.0,7.0,0.0233,0.0
2026-09-18T16:27:56+00:00,5,2026-09-18T17:30:00Z,player-sim-2.0,player-sim-2.0,player-sim-3.0-candidate,holdout_rejected,0.0,0.0,0.0,0.0,fpl-2026-27,1.025,46,88894,Barkley,2,Aston Villa,Midfielder,5.0,2.422,0.0,2.422,59.14,0.0,2.0,5.0,0.4843,2.422,0,2,5,2.487,0,2.0,5.0,0.0117,0.0017
2026-09-18T16:27:56+00:00,5,2026-09-18T17:30:00Z,player-sim-2.0,player-sim-2.0,player-sim-3.0-candidate,holdout_rejected,0.0,0.0,0.0,0.0,fpl-2026-27,1.025,47,226944,Kamara,2,Aston Villa,Midfielder,5.0,2.313,0.0,2.313,71.88,0.0,2.0,4.0,0.4627,2.313,0,2,4,2.035,0,2.0,4.0,0.0017,0.0
2026-09-18T16:27:56+00:00,5,2026-09-18T17:30:00Z,player-sim-2.0,player-sim-2.0,player-sim-3.0-candidate,holdout_rejected,0.0,0.0,0.0,0.0,fpl-2026-27,1.025,48,449871,Onana,2,Aston Villa,Midfielder,4.9,0.0,0.0,0.0,0.0,0.0,0.0,0.0,0.0,0.0,0,0,0,0.0,0,0,0,0.0,0.0
2026-09-18T16:27:56+00:00,5,2026-09-18T17:30:00Z,player-sim-2.0,player-sim-2.0,player-sim-3.0-candidate,holdout_rejected,0.0,0.0,0.0,0.0,fpl-2026-27,1.025,49,469247,Iling Jr,2,Aston Villa,Midfielder,5.0,0.0,0.0,0.0,0.0,0.0,0.0,0.0,0.0,0.0,0,0,0,0.0,0,0,0,0.0,0.0
2026-09-18T16:27:56+00:00,5,2026-09-18T17:30:00Z,player-sim-2.0,player-sim-2.0,player-sim-3.0-candidate,holdout_rejected,0.0,0.0,0.0,0.0,fpl-2026-27,1.025,50,645618,Burrowes,2,Aston Villa,Midfielder,4.5,0.0,0.0,0.0,0.0,0.0,0.0,0.0,0.0,0.0,0,0,0,0.39,0,0,1.0,0.0,0.0
2026-09-18T16:27:56+00:00,5,2026-09-18T17:30:00Z,player-sim-2.0,player-sim-2.0,player-sim-3.0-candidate,holdout_rejected,0.0,0.0,0.0,0.0,fpl-2026-27,1.025,51,577285,George Hemmings,2,Aston Villa,Midfielder,4.5,1.84,0.0,1.84,45.97,0.0,2.0,4.0,0.4089,1.84,0,2,4,2.057,0,2.0,3.0,0.0,0.0
2026-09-18T16:27:56+00:00,5,2026-09-18T17:30:00Z,player-sim-2.0,player-sim-2.0,player-sim-3.0-candidate,holdout_rejected,0.0,0.0,0.0,0.0,fpl-2026-27,1.025,52,653481,Alysson,2,Aston Villa,Midfielder,5.0,0.775,0.0,0.775,13.39,0.0,1.0,1.0,0.155,0.775,0,1,1,1.002,0,1.0,1.0,0.0,0.0
2026-09-18T16:27:56+00:00,5,2026-09-18T17:30:00Z,player-sim-2.0,player-sim-2.0,player-sim-3.0-candidate,holdout_rejected,0.0,0.0,0.0,0.0,fpl-2026-27,1.025,53,614071,Manzambi,2,Aston Villa,Midfielder,5.9,0.567,0.0,0.567,11.99,0.0,0.0,2.0,0.0961,0.567,0,0,2,0.59,0,0,2.0,0.0017,0.0
2026-09-18T16:27:56+00:00,5,2026-09-18T17:30:00Z,player-sim-2.0,player-sim-2.0,player-sim-3.0-candidate,holdout_rejected,0.0,0.0,0.0,0.0,fpl-2026-27,1.025,54,448089,Gomes,2,Aston Villa,Midfielder,5.5,1.048,0.0,1.048,28.84,0.0,0.0,4.0,0.1906,1.048,0,0,4,0.555,0,0,2.0,0.0,0.0
2026-09-18T16:27:56+00:00,5,2026-09-18T17:30:00Z,player-sim-2.0,player-sim-2.0,player-sim-3.0-candidate,holdout_rejected,0.0,0.0,0.0,0.0,fpl-2026-27,1.02,55,178301,Watkins,2,Aston Villa,Forward,7.8,0.0,0.0,0.0,0.0,0.0,0.0,0.0,0.0,0.0,0,0,0,0.0,0,0,0,0.0,0.0
2026-09-18T16:27:56+00:00,5,2026-09-18T17:30:00Z,player-sim-2.0,player-sim-2.0,player-sim-3.0-candidate,holdout_rejected,0.0,0.0,0.0,0.0,fpl-2026-27,1.02,56,173879,Abraham,2,Aston Villa,Forward,5.5,0.827,0.0,0.827,12.22,0.0,1.0,2.0,0.1503,0.827,0,1,2,1.013,0,1.0,2.0,0.0017,0.0
2026-09-18T16:27:56+00:00,5,2026-09-18T17:30:00Z,player-sim-2.0,player-sim-2.0,player-sim-3.0-candidate,holdout_rejected,0.0,0.0,0.0,0.0,fpl-2026-27,1.025,160,493105,Garnacho,2,Aston Villa,Midfielder,5.8,0.937,0.0,0.937,16.1,0.0,1.0,1.0,0.1615,0.937,0,1,1,1.0,0,1.0,2.0,0.005,0.0
2026-09-18T16:27:56+00:00,5,2026-09-18T17:30:00Z,player-sim-2.0,player-sim-2.0,player-sim-3.0-candidate,holdout_rejected,0.0,0.0,0.0,0.0,fpl-2026-27,1.02,166,517052,N.Jackson,2,Aston Villa,Forward,6.5,1.792,0.0,1.792,43.07,0.0,1.0,5.0,0.2756,1.792,0,1,5,1.653,0,1.0,5.0,0.0133,0.0
2026-09-18T16:27:56+00:00,5,2026-09-18T17:30:00Z,player-sim-2.0,player-sim-2.0,player-sim-3.0-candidate,holdout_rejected,0.0,0.0,0.0,0.0,fpl-2026-27,1.02,582,690838,Madjo,2,Aston Villa,Forward,5.4,0.0,0.0,0.0,0.0,0.0,0.0,0.0,0.0,0.0,0,0,0,0.0,0,0,0,0.0,0.0
2026-09-18T16:27:56+00:00,5,2026-09-18T17:30:00Z,player-sim-2.0,player-sim-2.0,player-sim-3.0-candidate,holdout_rejected,0.0,0.0,0.0,0.0,fpl-2026-27,1.0,596,487992,Ruggeri,2,Aston Villa,Defender,4.5,0.69,0.0,0.69,13.62,0.0,0.0,1.0,0.1533,0.69,0,0,1,0.728,0,0,1.0,0.0017,0.0
2026-09-18T16:27:56+00:00,5,2026-09-18T17:30:00Z,player-sim-2.0,player-sim-2.0,player-sim-3.0-candidate,holdout_rejected,0.0,0.0,0.0,0.0,fpl-2026-27,1.04,597,433969,Suzuki,2,Aston Villa,Goalkeeper,5.0,2.312,0.0,2.312,53.8,0.0,2.0,7.0,0.4623,2.312,0,2,7,2.07,0,1.0,6.0,0.0017,0.0
2026-09-18T16:27:56+00:00,5,2026-09-18T17:30:00Z,player-sim-2.0,player-sim-2.0,player-sim-3.0-candidate,holdout_rejected,0.0,0.0,0.0,0.0,fpl-2026-27,1.0,606,569577,Rowe,2,Aston Villa,Defender,4.0,0.323,0.0,0.323,8.93,0.0,0.0,1.0,0.0808,0.323,0,0,1,0.405,0,0,1.0,0.0017,0.0
2026-09-18T16:27:56+00:00,5,2026-09-18T17:30:00Z,player-sim-2.0,player-sim-2.0,player-sim-3.0-candidate,holdout_rejected,0.0,0.0,0.0,0.0,fpl-2026-27,1.025,607,571380,Lynch,2,Aston Villa,Midfielder,4.5,0.0,0.0,0.0,0.0,0.0,0.0,0.0,0.0,0.0,0,0,0,0.0,0,0,0,0.0,0.0
2026-09-18T16:27:56+00:00,5,2026-09-18T17:30:00Z,player-sim-2.0,player-sim-2.0,player-sim-3.0-candidate,holdout_rejected,0.0,0.0,0.0,0.0,fpl-2026-27,1.0,611,214590,Wan-Bissaka,2,Aston Villa,Defender,4.5,1.832,0.0,1.832,45.09,1.0,1.0,5.0,0.407,1.832,1,1,5,1.372,0,1.0,4.0,0.0017,0.0
2026-09-18T16:27:56+00:00,5,2026-09-18T17:30:00Z,player-sim-2.0,player-sim-2.0,player-sim-3.0-candidate,holdout_rejected,0.0,0.0,0.0,0.0,fpl-2026-27,1.0312,618,119090,Goretzka,2,Aston Villa,Midfielder,5.9,0.0,0.0,0.0,0.0,0.0,0.0,0.0,0.0,0.0,0,0,0,0.0,0,0,0,0.0,0.0
2026-09-18T16:27:56+00:00,5,2026-09-18T17:30:00Z,player-sim-2.0,player-sim-2.0,player-sim-3.0-candidate,holdout_rejected,0.0,0.0,0.0,0.0,fpl-2026-27,1.0,630,245719,Harwood-Bellis,2,Aston Villa,Defender,4.5,2.005,0.0,2.005,49.49,0.0,1.0,6.0,0.4456,2.005,0,1,6,0.442,0,0,1.0,0.0,0.0
2026-09-18T16:27:56+00:00,5,2026-09-18T17:30:00Z,player-sim-2.0,player-sim-2.0,player-sim-3.0-candidate,holdout_rejected,0.0,0.0,0.0,0.0,fpl-2026-27,1.0375,631,638987,Mbaye,2,Aston Villa,Midfielder,6.0,0.963,0.0,0.963,21.79,0.0,0.0,3.0,0.1605,0.963,0,0,3,0.847,0,0,2.0,0.0017,0.0
2026-09-18T16:27:56+00:00,5,2026-09-18T17:30:00Z,player-sim-2.0,player-sim-2.0,player-sim-3.0-candidate,holdout_rejected,0.0,0.0,0.0,0.0,fpl-2026-27,1.04,57,457569,Petrović,3,Bournemouth,Goalkeeper,4.5,3.058,0.0,3.058,88.83,1.0,2.0,7.0,0.6796,3.058,1,2,7,2.197,0.0,2.0,6.0,0.0,0.0
2026-09-18T16:27:56+00:00,5,2026-09-18T17:30:00Z,player-sim-2.0,player-sim-2.0,player-sim-3.0-candidate,holdout_rejected,0.0,0.0,0.0,0.0,fpl-2026-27,1.04,58,40383,Forster,3,Bournemouth,Goalkeeper,4.0,0.318,0.0,0.318,8.53,0.0,0.0,0.0,0.0796,0.318,0,0,0,0.268,0,0,0,0.0,0.0
2026-09-18T16:27:56+00:00,5,2026-09-18T17:30:00Z,player-sim-2.0,player-sim-2.0,player-sim-3.0-candidate,holdout_rejected,0.0,0.0,0.0,0.0,fpl-2026-27,1.04,59,444172,Dennis,3,Bournemouth,Goalkeeper,4.0,0.0,0.0,0.0,0.0,0.0,0.0,0.0,0.0,0.0,0,0,0,0.0,0,0,0,0.0,0.0
2026-09-18T16:27:56+00:00,5,2026-09-18T17:30:00Z,player-sim-2.0,player-sim-2.0,player-sim-3.0-candidate,holdout_rejected,0.0,0.0,0.0,0.0,fpl-2026-27,1.0,60,463981,Hill,3,Bournemouth,Defender,5.5,3.247,0.0,3.247,77.95,1.0,2.0,7.0,0.5903,3.247,1,2,7,3.143,0,3.0,8.0,0.02,0.0
2026-09-18T16:27:56+00:00,5,2026-09-18T17:30:00Z,player-sim-2.0,player-sim-2.0,player-sim-3.0-candidate,holdout_rejected,0.0,0.0,0.0,0.0,fpl-2026-27,1.0,61,494521,Truffert,3,Bournemouth,Defender,5.5,3.825,0.0,3.825,88.56,1.0,3.0,8.0,0.6955,3.825,1,3,8,2.99,0,2.0,7.0,0.0233,0.0017
2026-09-18T16:27:56+00:00,5,2026-09-18T17:30:00Z,player-sim-2.0,player-sim-2.0,player-sim-3.0-candidate,holdout_rejected,0.0,0.0,0.0,0.0,fpl-2026-27,1.0,62,242882,Diakité,3,Bournemouth,Defender,5.0,0.45,0.0,0.45,10.49,0.0,0.0,1.0,0.09,0.45,0,0,1,0.45,0,0,1.0,0.0017,0.0
2026-09-18T16:27:56+00:00,5,2026-09-18T17:30:00Z,player-sim-2.0,player-sim-2.0,player-sim-3.0-candidate,holdout_rejected,0.0,0.0,0.0,0.0,fpl-2026-27,1.0,63,620487,Milosavljević,3,Bournemouth,Defender,4.9,0.0,0.0,0.0,0.0,0.0,0.0,0.0,0.0,0.0,0,0,0,0.0,0,0,0,0.0,0.0
2026-09-18T16:27:56+00:00,5,2026-09-18T17:30:00Z,player-sim-2.0,player-sim-2.0,player-sim-3.0-candidate,holdout_rejected,0.0,0.0,0.0,0.0,fpl-2026-27,1.0,64,54469,Smith,3,Bournemouth,Defender,4.5,2.197,0.0,2.197,68.95,0.0,2.0,6.0,0.4882,2.197,0,2,6,2.173,0.0,1.0,6.0,0.0033,0.0
2026-09-18T16:27:56+00:00,5,2026-09-18T17:30:00Z,player-sim-2.0,player-sim-2.0,player-sim-3.0-candidate,holdout_rejected,0.0,0.0,0.0,0.0,fpl-2026-27,1.0,65,436893,J.Araujo,3,Bournemouth,Defender,4.4,0.0,0.0,0.0,0.0,0.0,0.0,0.0,0.0,0.0,0,0,0,0.0,0,0,0,0.0,0.0
2026-09-18T16:27:56+00:00,5,2026-09-18T17:30:00Z,player-sim-2.0,player-sim-2.0,player-sim-3.0-candidate,holdout_rejected,0.0,0.0,0.0,0.0,fpl-2026-27,1.0,66,575901,Soler,3,Bournemouth,Defender,4.0,0.003,0.0,0.003,0.05,0.0,0.0,0.0,0.0008,0.003,0,0,0,0.42,0,0,1.0,0.0017,0.0
2026-09-18T16:27:56+00:00,5,2026-09-18T17:30:00Z,player-sim-2.0,player-sim-2.0,player-sim-3.0-candidate,holdout_rejected,0.0,0.0,0.0,0.0,fpl-2026-27,1.025,67,499604,Rayan,3,Bournemouth,Midfielder,6.4,2.512,0.0,2.512,62.47,0.0,2.0,7.0,0.3925,2.512,0,2,7,2.712,0,2.0,7.0,0.0233,0.0017
2026-09-18T16:27:56+00:00,5,2026-09-18T17:30:00Z,player-sim-2.0,player-sim-2.0,player-sim-3.0-candidate,holdout_rejected,0.0,0.0,0.0,0.0,fpl-2026-27,1.025,68,201658,Tavernier,3,Bournemouth,Midfielder,6.1,4.552,0.0,4.552,81.77,1.0,4.0,9.0,0.7462,4.552,1,4,9,4.142,0.0,3.0,10.0,0.1067,0.0267
2026-09-18T16:27:56+00:00,5,2026-09-18T17:30:00Z,player-sim-2.0,player-sim-2.0,player-sim-3.0-candidate,holdout_rejected,0.0,0.0,0.0,0.0,fpl-2026-27,1.025,69,503139,Scott,3,Bournemouth,Midfielder,6.1,4.235,0.0,4.235,84.33,2.0,4.0,7.0,0.6943,4.235,2,4,7,3.263,0,3.0,7.0,0.035,0.0067
2026-09-18T16:27:56+00:00,5,2026-09-18T17:30:00Z,player-sim-2.0,player-sim-2.0,player-sim-3.0-candidate,holdout_rejected,0.0,0.0,0.0,0.0,fpl-2026-27,1.025,70,222683,Kluivert,3,Bournemouth,Midfielder,6.0,2.605,0.0,2.605,58.14,0.0,2.0,7.0,0.4342,2.605,0,2,7,2.563,0,2.0,7.0,0.0167,0.0017
2026-09-18T16:27:56+00:00,5,2026-09-18T17:30:00Z,player-sim-2.0,player-sim-2.0,player-sim-3.0-candidate,holdout_rejected,0.0,0.0,0.0,0.0,fpl-2026-27,1.025,71,155408,Cook,3,Bournemouth,Midfielder,5.0,1.132,0.0,1.132,30.64,0.0,1.0,3.0,0.2263,1.132,0,1,3,1.437,0,1.0,3.0,0.0017,0.0
2026-09-18T16:27:56+00:00,5,2026-09-18T17:30:00Z,player-sim-2.0,player-sim-2.0,player-sim-3.0-candidate,holdout_rejected,0.0,0.0,0.0,0.0,fpl-2026-27,1.025,72,496208,Gannon-Doak,3,Bournemouth,Midfielder,4.9,0.628,0.0,0.628,9.1,0.0,1.0,1.0,0.1282,0.628,0,1,1,0.883,0,1.0,1.0,0.0017,0.0
2026-09-18T16:27:56+00:00,5,2026-09-18T17:30:00Z,player-sim-2.0,player-sim-2.0,player-sim-3.0-candidate,holdout_rejected,0.0,0.0,0.0,0.0,fpl-2026-27,1.025,73,200785,Adams,3,Bournemouth,Midfielder,5.0,1.973,0.0,1.973,49.15,0.0,1.0,4.0,0.3947,1.973,0,1,4,1.518,0.0,1.0,4.0,0.0,0.0
2026-09-18T16:27:56+00:00,5,2026-09-18T17:30:00Z,player-sim-2.0,player-sim-2.0,player-sim-3.0-candidate,holdout_rejected,0.0,0.0,0.0,0.0,fpl-2026-27,1.025,74,111317,Brooks,3,Bournemouth,Midfielder,5.0,1.09,0.0,1.09,17.14,0.0,1.0,2.0,0.218,1.09,0,1,2,0.968,0,1.0,2.0,0.0017,0.0
2026-09-18T16:27:56+00:00,5,2026-09-18T17:30:00Z,player-sim-2.0,player-sim-2.0,player-sim-3.0-candidate,holdout_rejected,0.0,0.0,0.0,0.0,fpl-2026-27,1.025,75,158499,Christie,3,Bournemouth,Midfielder,5.0,0.808,0.0,0.808,15.44,0.0,1.0,1.0,0.1617,0.808,0,1,1,0.897,0,1.0,2.0,0.0017,0.0
2026-09-18T16:27:56+00:00,5,2026-09-18T17:30:00Z,player-sim-2.0,player-sim-2.0,player-sim-3.0-candidate,holdout_rejected,0.0,0.0,0.0,0.0,fpl-2026-27,1.025,76,614574,Tóth.A,3,Bournemouth,Midfielder,4.9,0.14,0.0,0.14,3.01,0.0,0.0,1.0,0.0286,0.14,0,0,1,0.495,0,0,1.0,0.0017,0.0
2026-09-18T16:27:56+00:00,5,2026-09-18T17:30:00Z,player-sim-2.0,player-sim-2.0,player-sim-3.0-candidate,holdout_rejected,0.0,0.0,0.0,0.0,fpl-2026-27,1.025,77,489888,Adli,3,Bournemouth,Midfielder,4.9,0.0,0.0,0.0,0.0,0.0,0.0,0.0,0.0,0.0,0,0,0,0.0,0,0,0,0.0,0.0
2026-09-18T16:27:56+00:00,5,2026-09-18T17:30:00Z,player-sim-2.0,player-sim-2.0,player-sim-3.0-candidate,holdout_rejected,0.0,0.0,0.0,0.0,fpl-2026-27,1.025,78,560262,Kroupi.Jr,3,Bournemouth,Midfielder,7.4,0.0,0.0,0.0,0.0,0.0,0.0,0.0,0.0,0.0,0,0,0,0.0,0,0,0,0.0,0.0
2026-09-18T16:27:56+00:00,5,2026-09-18T17:30:00Z,player-sim-2.0,player-sim-2.0,player-sim-3.0-candidate,holdout_rejected,0.0,0.0,0.0,0.0,fpl-2026-27,1.02,79,444102,Evanilson,3,Bournemouth,Forward,6.0,3.1,0.0,3.1,79.46,1.0,2.0,6.0,0.5167,3.1,1,2,6,2.305,0,2.0,6.0,0.0183,0.0017
2026-09-18T16:27:56+00:00,5,2026-09-18T17:30:00Z,player-sim-2.0,player-sim-2.0,player-sim-3.0-candidate,holdout_rejected,0.0,0.0,0.0,0.0,fpl-2026-27,1.02,80,168636,Enes Ünal,3,Bournemouth,Forward,5.5,0.0,0.0,0.0,0.0,0.0,0.0,0.0,0.0,0.0,0,0,0,0.0,0,0,0,0.0,0.0
2026-09-18T16:27:56+00:00,5,2026-09-18T17:30:00Z,player-sim-2.0,player-sim-2.0,player-sim-3.0-candidate,holdout_rejected,0.0,0.0,0.0,0.0,fpl-2026-27,1.02,81,561245,Rodríguez,3,Bournemouth,Forward,6.0,0.673,0.0,0.673,11.78,0.0,1.0,1.0,0.1122,0.673,0,1,1,0.672,0,0,2.0,0.0,0.0
2026-09-18T16:27:56+00:00,5,2026-09-18T17:30:00Z,player-sim-2.0,player-sim-2.0,player-sim-3.0-candidate,holdout_rejected,0.0,0.0,0.0,0.0,fpl-2026-27,1.0,566,483067,Silva,3,Bournemouth,Defender,5.0,2.912,0.0,2.912,70.18,0.0,2.0,7.0,0.5823,2.912,0,2,7,3.147,0,2.0,8.0,0.0517,0.005
2026-09-18T16:27:56+00:00,5,2026-09-18T17:30:00Z,player-sim-2.0,player-sim-2.0,player-sim-3.0-candidate,holdout_rejected,0.0,0.0,0.0,0.0,fpl-2026-27,1.0,573,494928,Sanchez,3,Bournemouth,Defender,4.4,0.338,0.0,0.338,9.31,0.0,0.0,1.0,0.0769,0.338,0,0,1,0.42,0,0,1.0,0.0017,0.0
2026-09-18T16:27:56+00:00,5,2026-09-18T17:30:00Z,player-sim-2.0,player-sim-2.0,player-sim-3.0-candidate,holdout_rejected,0.0,0.0,0.0,0.0,fpl-2026-27,1.02,608,523700,Jebbison,3,Bournemouth,Forward,5.0,0.44,0.0,0.44,5.99,0.0,0.0,1.0,0.088,0.44,0,0,1,0.75,0,0,2.0,0.0017,0.0017
2026-09-18T16:27:56+00:00,5,2026-09-18T17:30:00Z,player-sim-2.0,player-sim-2.0,player-sim-3.0-candidate,holdout_rejected,0.0,0.0,0.0,0.0,fpl-2026-27,1.05,615,230650,Di Gregorio,3,Bournemouth,Goalkeeper,4.5,0.505,0.0,0.505,11.92,0.0,0.0,2.0,0.1122,0.505,0,0,2,0.477,0,0,2.0,0.0017,0.0
2026-09-18T16:27:56+00:00,5,2026-09-18T17:30:00Z,player-sim-2.0,player-sim-2.0,player-sim-3.0-candidate,holdout_rejected,0.0,0.0,0.0,0.0,fpl-2026-27,1.04,82,200720,Kelleher,4,Brentford,Goalkeeper,5.0,3.7,0.0,3.7,88.38,1.0,3.0,7.0,0.74,3.7,1,3,7,2.65,0,2.0,7.0,0.005,0.0
2026-09-18T16:27:56+00:00,5,2026-09-18T17:30:00Z,player-sim-2.0,player-sim-2.0,player-sim-3.0-candidate,holdout_rejected,0.0,0.0,0.0,0.0,fpl-2026-27,1.04,83,507433,Valdimarsson,4,Brentford,Goalkeeper,4.5,0.028,0.0,0.028,0.71,0.0,0.0,0.0,0.0063,0.028,0,0,0,0.327,0,0,0,0.0017,0.0
2026-09-18T16:27:56+00:00,5,2026-09-18T17:30:00Z,player-sim-2.0,player-sim-2.0,player-sim-3.0-candidate,holdout_rejected,0.0,0.0,0.0,0.0,fpl-2026-27,1.0,84,432830,Collins,4,Brentford,Defender,5.4,0.0,0.0,0.0,0.0,0.0,0.0,0.0,0.0,0.0,0,0,0,0.0,0,0,0,0.0,0.0
2026-09-18T16:27:56+00:00,5,2026-09-18T17:30:00Z,player-sim-2.0,player-sim-2.0,player-sim-3.0-candidate,holdout_rejected,0.0,0.0,0.0,0.0,fpl-2026-27,1.0,85,444765,Van den Berg,4,Brentford,Defender,4.9,0.0,0.0,0.0,0.0,0.0,0.0,0.0,0.0,0.0,0,0,0,0.0,0,0,0,0.0,0.0
2026-09-18T16:27:56+00:00,5,2026-09-18T17:30:00Z,player-sim-2.0,player-sim-2.0,player-sim-3.0-candidate,holdout_rejected,0.0,0.0,0.0,0.0,fpl-2026-27,1.025,86,249231,Lewis-Potter,4,Brentford,Midfielder,5.5,3.432,0.0,3.432,71.08,1.0,3.0,7.0,0.6239,3.432,1,3,7,3.098,0,2.0,7.0,0.045,0.0067
2026-09-18T16:27:56+00:00,5,2026-09-18T17:30:00Z,player-sim-2.0,player-sim-2.0,player-sim-3.0-candidate,holdout_rejected,0.0,0.0,0.0,0.0,fpl-2026-27,1.0,87,191866,Ajer,4,Brentford,Defender,4.5,3.372,0.0,3.372,76.95,0.0,3.0,7.0,0.7493,3.372,0,3,7,2.655,0,2.0,6.0,0.0117,0.0
2026-09-18T16:27:56+00:00,5,2026-09-18T17:30:00Z,player-sim-2.0,player-sim-2.0,player-sim-3.0-candidate,holdout_rejected,0.0,0.0,0.0,0.0,fpl-2026-27,1.0,88,607464,Kayode,4,Brentford,Defender,4.6,2.527,0.0,2.527,60.87,1.0,2.0,6.0,0.5493,2.527,1,2,6,2.23,0,1.0,6.0,0.02,0.0017
2026-09-18T16:27:56+00:00,5,2026-09-18T17:30:00Z,player-sim-2.0,player-sim-2.0,player-sim-3.0-candidate,holdout_rejected,0.0,0.0,0.0,0.0,fpl-2026-27,1.0,89,194010,Henry,4,Brentford,Defender,4.4,0.515,0.0,0.515,12.47,0.0,0.0,1.0,0.117,0.515,0,0,1,0.502,0.0,0,1.0,0.0,0.0
2026-09-18T16:27:56+00:00,5,2026-09-18T17:30:00Z,player-sim-2.0,player-sim-2.0,player-sim-3.0-candidate,holdout_rejected,0.0,0.0,0.0,0.0,fpl-2026-27,1.0,90,472713,Hickey,4,Brentford,Defender,4.5,1.263,0.0,1.263,28.73,0.0,1.0,2.0,0.2807,1.263,0,1,2,1.378,0,1.0,4.0,0.005,0.0
2026-09-18T16:27:56+00:00,5,2026-09-18T17:30:00Z,player-sim-2.0,player-sim-2.0,player-sim-3.0-candidate,holdout_rejected,0.0,0.0,0.0,0.0,fpl-2026-27,1.0,92,570241,Ji-soo,4,Brentford,Defender,4.5,0.428,0.0,0.428,10.91,0.0,0.0,1.0,0.0952,0.428,0,0,1,0.41,0,0,1.0,0.0,0.0
2026-09-18T16:27:56+00:00,5,2026-09-18T17:30:00Z,player-sim-2.0,player-sim-2.0,player-sim-3.0-candidate,holdout_rejected,0.0,0.0,0.0,0.0,fpl-2026-27,1.0,93,513086,Schuster,4,Brentford,Defender,4.5,1.585,0.0,1.585,37.14,0.0,0.0,6.0,0.3522,1.585,0,0,6,1.497,0,0,6.0,0.01,0.0
2026-09-18T16:27:56+00:00,5,2026-09-18T17:30:00Z,player-sim-2.0,player-sim-2.0,player-sim-3.0-candidate,holdout_rejected,0.0,0.0,0.0,0.0,fpl-2026-27,1.025,94,513418,Schade,4,Brentford,Midfielder,6.1,4.148,0.0,4.148,82.59,1.0,3.0,8.0,0.68,4.148,1,3,8,3.225,0,2.0,8.0,0.0433,0.0083
2026-09-18T16:27:56+00:00,5,2026-09-18T17:30:00Z,player-sim-2.0,player-sim-2.0,player-sim-3.0-candidate,holdout_rejected,0.0,0.0,0.0,0.0,fpl-2026-27,1.025,95,533463,O.Dango,4,Brentford,Midfielder,6.3,2.648,0.0,2.648,46.01,1.0,2.0,6.0,0.4204,2.648,1,2,6,2.11,0,1.0,6.0,0.02,0.0017
2026-09-18T16:27:56+00:00,5,2026-09-18T17:30:00Z,player-sim-2.0,player-sim-2.0,player-sim-3.0-candidate,holdout_rejected,0.0,0.0,0.0,0.0,fpl-2026-27,1.025,96,440089,Damsgaard,4,Brentford,Midfielder,5.4,2.662,0.0,2.662,52.46,1.0,2.0,6.0,0.4929,2.662,1,2,6,1.955,0,1.0,5.0,0.0067,0.0017
2026-09-18T16:27:56+00:00,5,2026-09-18T17:30:00Z,player-sim-2.0,player-sim-2.0,player-sim-3.0-candidate,holdout_rejected,0.0,0.0,0.0,0.0,fpl-2026-27,1.025,97,207283,Jensen,4,Brentford,Midfielder,5.4,0.0,0.0,0.0,0.0,0.0,0.0,0.0,0.0,0.0,0,0,0,0.0,0,0,0,0.0,0.0
2026-09-18T16:27:56+00:00,5,2026-09-18T17:30:00Z,player-sim-2.0,player-sim-2.0,player-sim-3.0-candidate,holdout_rejected,0.0,0.0,0.0,0.0,fpl-2026-27,1.025,98,204580,Janelt,4,Brentford,Midfielder,5.0,3.082,0.0,3.082,71.86,0.0,3.0,6.0,0.6163,3.082,0,3,6,2.835,0,2.0,6.0,0.0183,0.0
2026-09-18T16:27:56+00:00,5,2026-09-18T17:30:00Z,player-sim-2.0,player-sim-2.0,player-sim-3.0-candidate,holdout_rejected,0.0,0.0,0.0,0.0,fpl-2026-27,1.025,99,543295,Milambo,4,Brentford,Midfielder,5.0,0.0,0.0,0.0,0.0,0.0,0.0,0.0,0.0,0.0,0,0,0,0.0,0,0,0,0.0,0.0
2026-09-18T16:27:56+00:00,5,2026-09-18T17:30:00Z,player-sim-2.0,player-sim-2.0,player-sim-3.0-candidate,holdout_rejected,0.0,0.0,0.0,0.0,fpl-2026-27,1.025,100,244858,Carvalho,4,Brentford,Midfielder,5.0,0.023,0.0,0.023,0.47,0.0,0.0,0.0,0.0047,0.023,0,0,0,0.313,0,0,1.0,0.0,0.0
2026-09-18T16:27:56+00:00,5,2026-09-18T17:30:00Z,player-sim-2.0,player-sim-2.0,player-sim-3.0-candidate,holdout_rejected,0.0,0.0,0.0,0.0,fpl-2026-27,1.025,102,508395,Yarmoliuk,4,Brentford,Midfielder,4.8,2.087,0.0,2.087,51.05,1.0,1.0,4.0,0.4347,2.087,1,1,4,1.282,0.0,1.0,3.0,0.0017,0.0
2026-09-18T16:27:56+00:00,5,2026-09-18T17:30:00Z,player-sim-2.0,player-sim-2.0,player-sim-3.0-candidate,holdout_rejected,0.0,0.0,0.0,0.0,fpl-2026-27,1.025,103,183656,Dasilva,4,Brentford,Midfielder,4.9,0.0,0.0,0.0,0.0,0.0,0.0,0.0,0.0,0.0,0,0,0,0.0,0,0,0,0.0,0.0
2026-09-18T16:27:56+00:00,5,2026-09-18T17:30:00Z,player-sim-2.0,player-sim-2.0,player-sim-3.0-candidate,holdout_rejected,0.0,0.0,0.0,0.0,fpl-2026-27,1.025,105,444180,Anthony,4,Brentford,Midfielder,5.9,2.43,0.0,2.43,55.57,1.0,2.0,5.0,0.4119,2.43,1,2,5,1.743,0,1.0,4.0,0.0083,0.0
2026-09-18T16:27:56+00:00,5,2026-09-18T17:30:00Z,player-sim-2.0,player-sim-2.0,player-sim-3.0-candidate,holdout_rejected,0.0,0.0,0.0,0.0,fpl-2026-27,1.02,106,502500,Thiago,4,Brentford,Forward,7.8,4.208,0.0,4.208,87.26,1.0,3.0,8.0,0.5395,4.208,1,3,8,3.058,0,2.0,7.0,0.0683,0.0117
2026-09-18T16:27:56+00:00,5,2026-09-18T17:30:00Z,player-sim-2.0,player-sim-2.0,player-sim-3.0-candidate,holdout_rejected,0.0,0.0,0.0,0.0,fpl-2026-27,1.02,107,593174,Furo,4,Brentford,Forward,4.5,0.0,0.0,0.0,0.0,0.0,0.0,0.0,0.0,0.0,0,0,0,0.0,0,0,0,0.0,0.0
2026-09-18T16:27:56+00:00,5,2026-09-18T17:30:00Z,player-sim-2.0,player-sim-2.0,player-sim-3.0-candidate,holdout_rejected,0.0,0.0,0.0,0.0,fpl-2026-27,1.02,108,75115,Wilson,4,Brentford,Forward,5.5,0.962,0.0,0.962,14.31,0.0,1.0,2.0,0.1749,0.962,0,1,2,1.075,0,1.0,2.0,0.0033,0.0
2026-09-18T16:27:56+00:00,5,2026-09-18T17:30:00Z,player-sim-2.0,player-sim-2.0,player-sim-3.0-candidate,holdout_rejected,0.0,0.0,0.0,0.0,fpl-2026-27,1.025,565,513545,M.Sangaré,4,Brentford,Midfielder,5.7,2.413,0.0,2.413,59.39,0.0,2.0,5.0,0.4234,2.413,0,2,5,2.562,0,2.0,5.0,0.0067,0.0
2026-09-18T16:27:56+00:00,5,2026-09-18T17:30:00Z,player-sim-2.0,player-sim-2.0,player-sim-3.0-candidate,holdout_rejected,0.0,0.0,0.0,0.0,fpl-2026-27,1.0,620,613804,Diouf,4,Brentford,Defender,4.5,1.562,0.0,1.562,39.0,0.0,1.0,6.0,0.347,1.562,0,1,6,0.683,0,0,1.0,0.0017,0.0
2026-09-18T16:27:56+00:00,5,2026-09-18T17:30:00Z,player-sim-2.0,player-sim-2.0,player-sim-3.0-candidate,holdout_rejected,0.0,0.0,0.0,0.0,fpl-2026-27,1.0437,657,626464,Nunes,4,Brentford,Midfielder,4.5,0.815,0.0,0.815,20.67,0.0,0.0,3.0,0.1811,0.815,0,0,3,0.713,0,0,3.0,0.0,0.0
2026-09-18T16:27:56+00:00,5,2026-09-18T17:30:00Z,player-sim-2.0,player-sim-2.0,player-sim-3.0-candidate,holdout_rejected,0.0,0.0,0.0,0.0,fpl-2026-27,1.04,109,489639,Verbruggen,5,Brighton,Goalkeeper,4.5,3.132,0.0,3.132,88.87,1.0,2.0,7.0,0.6959,3.132,1,2,7,2.213,0,2.0,6.0,0.0,0.0
2026-09-18T16:27:56+00:00,5,2026-09-18T17:30:00Z,player-sim-2.0,player-sim-2.0,player-sim-3.0-candidate,holdout_rejected,0.0,0.0,0.0,0.0,fpl-2026-27,1.04,111,49262,Steele,5,Brighton,Goalkeeper,4.0,0.207,0.0,0.207,5.24,0.0,0.0,0.0,0.0517,0.207,0,0,0,0.203,0,0,0,0.0,0.0
2026-09-18T16:27:56+00:00,5,2026-09-18T17:30:00Z,player-sim-2.0,player-sim-2.0,player-sim-3.0-candidate,holdout_rejected,0.0,0.0,0.0,0.0,fpl-2026-27,1.0,113,231416,F.Kadıoğlu,5,Brighton,Defender,4.4,2.295,0.0,2.295,70.71,0.0,2.0,6.0,0.5216,2.295,0,2,6,1.927,0,1.0,6.0,0.0033,0.0017
2026-09-18T16:27:56+00:00,5,2026-09-18T17:30:00Z,player-sim-2.0,player-sim-2.0,player-sim-3.0-candidate,holdout_rejected,0.0,0.0,0.0,0.0,fpl-2026-27,1.0,114,204120,Boscagli,5,Brighton,Defender,4.5,2.34,0.0,2.34,64.78,0.0,2.0,6.0,0.52,2.34,0,2,6,2.213,0.0,1.0,6.0,0.0067,0.0
2026-09-18T16:27:56+00:00,5,2026-09-18T17:30:00Z,player-sim-2.0,player-sim-2.0,player-sim-3.0-candidate,holdout_rejected,0.0,0.0,0.0,0.0,fpl-2026-27,1.0,115,465730,De Cuyper,5,Brighton,Defender,4.9,3.625,0.0,3.625,67.72,0.0,2.0,8.0,0.7398,3.625,0,2,8,3.767,0,2.0,9.0,0.0833,0.0217
2026-09-18T16:27:56+00:00,5,2026-09-18T17:30:00Z,player-sim-2.0,player-sim-2.0,player-sim-3.0-candidate,holdout_rejected,0.0,0.0,0.0,0.0,fpl-2026-27,1.0,116,83299,Dunk,5,Brighton,Defender,4.5,2.772,0.0,2.772,83.01,1.0,2.0,6.0,0.6159,2.772,1,2,6,2.165,0.0,1.0,6.0,0.0033,0.0
2026-09-18T16:27:56+00:00,5,2026-09-18T17:30:00Z,player-sim-2.0,player-sim-2.0,player-sim-3.0-candidate,holdout_rejected,0.0,0.0,0.0,0.0,fpl-2026-27,1.0,117,550090,Coppola,5,Brighton,Defender,4.5,0.057,0.0,0.057,2.18,0.0,0.0,0.0,0.0126,0.057,0,0,0,0.322,0,0,1.0,0.0,0.0
2026-09-18T16:27:56+00:00,5,2026-09-18T17:30:00Z,player-sim-2.0,player-sim-2.0,player-sim-3.0-candidate,holdout_rejected,0.0,0.0,0.0,0.0,fpl-2026-27,1.0,118,223434,Igor,5,Brighton,Defender,4.5,0.0,0.0,0.0,0.0,0.0,0.0,0.0,0.0,0.0,0,0,0,0.0,0,0,0,0.0,0.0
2026-09-18T16:27:56+00:00,5,2026-09-18T17:30:00Z,player-sim-2.0,player-sim-2.0,player-sim-3.0-candidate,holdout_rejected,0.0,0.0,0.0,0.0,fpl-2026-27,1.0,119,451490,Costinha,5,Brighton,Defender,4.5,0.85,0.0,0.85,18.96,0.0,1.0,1.0,0.1889,0.85,0,1,1,1.033,0,1.0,1.0,0.0,0.0
2026-09-18T16:27:56+00:00,5,2026-09-18T17:30:00Z,player-sim-2.0,player-sim-2.0,player-sim-3.0-candidate,holdout_rejected,0.0,0.0,0.0,0.0,fpl-2026-27,1.0,120,454490,Svoboda,5,Brighton,Defender,5.0,0.327,0.0,0.327,8.62,0.0,0.0,1.0,0.0653,0.327,0,0,1,0.323,0,0,1.0,0.0,0.0
2026-09-18T16:27:56+00:00,5,2026-09-18T17:30:00Z,player-sim-2.0,player-sim-2.0,player-sim-3.0-candidate,holdout_rejected,0.0,0.0,0.0,0.0,fpl-2026-27,1.025,121,451340,Mitoma,5,Brighton,Midfielder,5.9,0.0,0.0,0.0,0.0,0.0,0.0,0.0,0.0,0.0,0,0,0,0.0,0,0,0,0.0,0.0
2026-09-18T16:27:56+00:00,5,2026-09-18T17:30:00Z,player-sim-2.0,player-sim-2.0,player-sim-3.0-candidate,holdout_rejected,0.0,0.0,0.0,0.0,fpl-2026-27,1.025,122,592031,Minteh,5,Brighton,Midfielder,5.9,0.0,0.0,0.0,0.0,0.0,0.0,0.0,0.0,0.0,0,0,0,0.0,0,0,0,0.0,0.0
2026-09-18T16:27:56+00:00,5,2026-09-18T17:30:00Z,player-sim-2.0,player-sim-2.0,player-sim-3.0-candidate,holdout_rejected,0.0,0.0,0.0,0.0,fpl-2026-27,1.025,123,532529,Hinshelwood,5,Brighton,Midfielder,5.9,0.0,0.0,0.0,0.0,0.0,0.0,0.0,0.0,0.0,0,0,0,0.0,0,0,0,0.0,0.0
2026-09-18T16:27:56+00:00,5,2026-09-18T17:30:00Z,player-sim-2.0,player-sim-2.0,player-sim-3.0-candidate,holdout_rejected,0.0,0.0,0.0,0.0,fpl-2026-27,1.025,124,60307,Groß,5,Brighton,Midfielder,5.7,3.608,0.0,3.608,75.29,1.0,3.0,7.0,0.633,3.608,1,3,7,3.425,0,2.0,8.0,0.0533,0.0083
2026-09-18T16:27:56+00:00,5,2026-09-18T17:30:00Z,player-sim-2.0,player-sim-2.0,player-sim-3.0-candidate,holdout_rejected,0.0,0.0,0.0,0.0,fpl-2026-27,1.02,125,463067,Georginio,5,Brighton,Forward,5.4,0.907,0.0,0.907,22.9,0.0,0.0,3.0,0.1679,0.907,0,0,3,0.752,0,0,2.0,0.0033,0.0
2026-09-18T16:27:56+00:00,5,2026-09-18T17:30:00Z,player-sim-2.0,player-sim-2.0,player-sim-3.0-candidate,holdout_rejected,0.0,0.0,0.0,0.0,fpl-2026-27,1.025,126,219249,O'Riley,5,Brighton,Midfielder,5.4,0.252,0.0,0.252,3.35,0.0,0.0,1.0,0.0466,0.252,0,0,1,0.575,0,0,2.0,0.0,0.0
2026-09-18T16:27:56+00:00,5,2026-09-18T17:30:00Z,player-sim-2.0,player-sim-2.0,player-sim-3.0-candidate,holdout_rejected,0.0,0.0,0.0,0.0,fpl-2026-27,1.025,127,514254,Gomez,5,Brighton,Midfielder,5.0,3.458,0.0,3.458,76.74,1.0,2.0,7.0,0.6917,3.458,1,2,7,2.797,0,2.0,7.0,0.03,0.0033
2026-09-18T16:27:56+00:00,5,2026-09-18T17:30:00Z,player-sim-2.0,player-sim-2.0,player-sim-3.0-candidate,holdout_rejected,0.0,0.0,0.0,0.0,fpl-2026-27,1.025,128,536916,Buonanotte,5,Brighton,Midfielder,5.0,0.0,0.0,0.0,0.0,0.0,0.0,0.0,0.0,0.0,0,0,0,0.0,0,0,0,0.0,0.0
2026-09-18T16:27:56+00:00,5,2026-09-18T17:30:00Z,player-sim-2.0,player-sim-2.0,player-sim-3.0-candidate,holdout_rejected,0.0,0.0,0.0,0.0,fpl-2026-27,1.025,129,509416,Ayari,5,Brighton,Midfielder,5.4,2.12,0.0,2.12,53.87,0.0,2.0,5.0,0.3926,2.12,0,2,5,1.758,0,1.0,4.0,0.0083,0.0017
2026-09-18T16:27:56+00:00,5,2026-09-18T17:30:00Z,player-sim-2.0,player-sim-2.0,player-sim-3.0-candidate,holdout_rejected,0.0,0.0,0.0,0.0,fpl-2026-27,1.0,130,467779,Wieffer,5,Brighton,Defender,4.9,0.0,0.0,0.0,0.0,0.0,0.0,0.0,0.0,0.0,0,0,0,0.0,0,0,0,0.0,0.0
2026-09-18T16:27:56+00:00,5,2026-09-18T17:30:00Z,player-sim-2.0,player-sim-2.0,player-sim-3.0-candidate,holdout_rejected,0.0,0.0,0.0,0.0,fpl-2026-27,1.025,132,597320,Howell,5,Brighton,Midfielder,4.5,0.0,0.0,0.0,0.0,0.0,0.0,0.0,0.0,0.0,0,0,0,0.0,0,0,0,0.0,0.0
2026-09-18T16:27:56+00:00,5,2026-09-18T17:30:00Z,player-sim-2.0,player-sim-2.0,player-sim-3.0-candidate,holdout_rejected,0.0,0.0,0.0,0.0,fpl-2026-27,1.025,133,549074,Watson,5,Brighton,Midfielder,5.0,0.0,0.0,0.0,0.0,0.0,0.0,0.0,0.0,0.0,0,0,0,0.0,0,0,0,0.0,0.0
2026-09-18T16:27:56+00:00,5,2026-09-18T17:30:00Z,player-sim-2.0,player-sim-2.0,player-sim-3.0-candidate,holdout_rejected,0.0,0.0,0.0,0.0,fpl-2026-27,1.025,134,556637,Oriola,5,Brighton,Midfielder,4.5,0.0,0.0,0.0,0.0,0.0,0.0,0.0,0.0,0.0,0,0,0,0.343,0,0,1.0,0.0017,0.0
2026-09-18T16:27:56+00:00,5,2026-09-18T17:30:00Z,player-sim-2.0,player-sim-2.0,player-sim-3.0-candidate,holdout_rejected,0.0,0.0,0.0,0.0,fpl-2026-27,1.025,135,700308,Yohanna,5,Brighton,Midfielder,4.9,0.0,0.0,0.0,0.0,0.0,0.0,0.0,0.0,0.0,0,0,0,0.0,0,0,0,0.0,0.0
2026-09-18T16:27:56+00:00,5,2026-09-18T17:30:00Z,player-sim-2.0,player-sim-2.0,player-sim-3.0-candidate,holdout_rejected,0.0,0.0,0.0,0.0,fpl-2026-27,1.02,137,608181,Tzimas,5,Brighton,Forward,5.4,0.0,0.0,0.0,0.0,0.0,0.0,0.0,0.0,0.0,0,0,0,0.0,0,0,0,0.0,0.0
2026-09-18T16:27:56+00:00,5,2026-09-18T17:30:00Z,player-sim-2.0,player-sim-2.0,player-sim-3.0-candidate,holdout_rejected,0.0,0.0,0.0,0.0,fpl-2026-27,1.02,138,647850,Kostoulas,5,Brighton,Forward,5.5,2.193,0.0,2.193,49.52,0.0,2.0,6.0,0.3988,2.193,0,2,6,2.213,0.0,2.0,6.0,0.0283,0.0033
2026-09-18T16:27:56+00:00,5,2026-09-18T17:30:00Z,player-sim-2.0,player-sim-2.0,player-sim-3.0-candidate,holdout_rejected,0.0,0.0,0.0,0.0,fpl-2026-27,1.02,139,487117,Ferguson,5,Brighton,Forward,5.0,0.0,0.0,0.0,0.0,0.0,0.0,0.0,0.0,0.0,0,0,0,0.0,0,0,0,0.0,0.0
2026-09-18T16:27:56+00:00,5,2026-09-18T17:30:00Z,player-sim-2.0,player-sim-2.0,player-sim-3.0-candidate,holdout_rejected,0.0,0.0,0.0,0.0,fpl-2026-27,1.0,328,222694,Struijk,5,Brighton,Defender,4.9,1.402,0.0,1.402,28.45,0.0,1.0,5.0,0.2861,1.402,0,1,5,0.783,0,0,1.0,0.0033,0.0
2026-09-18T16:27:56+00:00,5,2026-09-18T17:30:00Z,player-sim-2.0,player-sim-2.0,player-sim-3.0-candidate,holdout_rejected,0.0,0.0,0.0,0.0,fpl-2026-27,1.0,504,610799,Vuskovic,5,Brighton,Defender,5.0,2.508,0.0,2.508,67.2,0.0,2.0,6.0,0.5017,2.508,0,2,6,2.843,0,2.0,7.0,0.0183,0.0
2026-09-18T16:27:56+00:00,5,2026-09-18T17:30:00Z,player-sim-2.0,player-sim-2.0,player-sim-3.0-candidate,holdout_rejected,0.0,0.0,0.0,0.0,fpl-2026-27,1.02,594,538007,David,5,Brighton,Forward,6.0,0.758,0.0,0.758,13.09,0.0,0.0,2.0,0.1264,0.758,0,0,2,0.74,0,0,2.0,0.0017,0.0
2026-09-18T16:27:56+00:00,5,2026-09-18T17:30:00Z,player-sim-2.0,player-sim-2.0,player-sim-3.0-candidate,holdout_rejected,0.0,0.0,0.0,0.0,fpl-2026-27,1.025,600,612855,Osman,5,Brighton,Midfielder,5.0,0.887,0.0,0.887,15.72,0.0,1.0,2.0,0.1773,0.887,0,1,2,0.852,0,1.0,2.0,0.0,0.0
2026-09-18T16:27:56+00:00,5,2026-09-18T17:30:00Z,player-sim-2.0,player-sim-2.0,player-sim-3.0-candidate,holdout_rejected,0.0,0.0,0.0,0.0,fpl-2026-27,1.025,605,611695,Yalcouyé,5,Brighton,Midfielder,4.5,2.363,0.0,2.363,51.21,0.0,2.0,6.0,0.5252,2.363,0,2,6,2.327,0,2.0,7.0,0.02,0.0033
2026-09-18T16:27:56+00:00,5,2026-09-18T17:30:00Z,player-sim-2.0,player-sim-2.0,player-sim-3.0-candidate,holdout_rejected,0.0,0.0,0.0,0.0,fpl-2026-27,1.0,614,512123,Hadjam,5,Brighton,Defender,4.5,0.547,0.0,0.547,15.06,0.0,0.0,2.0,0.1215,0.547,0,0,2,0.463,0,0.0,1.0,0.0,0.0
2026-09-18T16:27:56+00:00,5,2026-09-18T17:30:00Z,player-sim-2.0,player-sim-2.0,player-sim-3.0-candidate,holdout_rejected,0.0,0.0,0.0,0.0,fpl-2026-27,1.0312,624,519324,Cozier-Duberry,5,Brighton,Midfielder,5.0,0.0,0.0,0.0,0.0,0.0,0.0,0.0,0.0,0.0,0,0,0,0.0,0,0,0,0.0,0.0
2026-09-18T16:27:56+00:00,5,2026-09-18T17:30:00Z,player-sim-2.0,player-sim-2.0,player-sim-3.0-candidate,holdout_rejected,0.0,0.0,0.0,0.0,fpl-2026-27,1.0375,639,592984,Andrés,5,Brighton,Midfielder,5.5,0.838,0.0,0.838,20.77,0.0,0.0,2.0,0.1524,0.838,0,0,2,0.838,0,0,2.0,0.0033,0.0
2026-09-18T16:27:56+00:00,5,2026-09-18T17:30:00Z,player-sim-2.0,player-sim-2.0,player-sim-3.0-candidate,holdout_rejected,0.0,0.0,0.0,0.0,fpl-2026-27,1.0375,652,471551,Azeez,5,Brighton,Midfielder,5.5,0.0,0.0,0.0,0.0,0.0,0.0,0.0,0.0,0.0,0,0,0,0.0,0,0,0,0.0,0.0
2026-09-18T16:27:56+00:00,5,2026-09-18T17:30:00Z,player-sim-2.0,player-sim-2.0,player-sim-3.0-candidate,holdout_rejected,0.0,0.0,0.0,0.0,fpl-2026-27,1.0437,658,661016,Ibrahim,5,Brighton,Midfielder,4.5,0.995,0.0,0.995,24.14,0.0,0.0,3.0,0.2211,0.995,0,0,3,0.597,0,0,2.0,0.0,0.0
2026-09-18T16:27:56+00:00,5,2026-09-18T17:30:00Z,player-sim-2.0,player-sim-2.0,player-sim-3.0-candidate,holdout_rejected,0.0,0.0,0.0,0.0,fpl-2026-27,1.04,28,98980,Martinez,6,Chelsea,Goalkeeper,5.0,2.765,0.0,2.765,71.44,0.0,2.0,7.0,0.553,2.765,0,2,7,1.938,0,1.0,7.0,0.0033,0.0
2026-09-18T16:27:56+00:00,5,2026-09-18T17:30:00Z,player-sim-2.0,player-sim-2.0,player-sim-3.0-candidate,holdout_rejected,0.0,0.0,0.0,0.0,fpl-2026-27,1.025,40,244850,Rogers,6,Chelsea,Midfielder,7.7,4.165,0.0,4.165,86.76,2.0,3.0,8.0,0.5409,4.165,2,3,8,3.39,0,2.0,8.0,0.0683,0.01
2026-09-18T16:27:56+00:00,5,2026-09-18T17:30:00Z,player-sim-2.0,player-sim-2.0,player-sim-3.0-candidate,holdout_rejected,0.0,0.0,0.0,0.0,fpl-2026-27,1.025,101,56979,Henderson,6,Chelsea,Midfielder,4.9,0.285,0.0,0.285,7.84,0.0,0.0,1.0,0.0582,0.285,0,0,1,0.195,0,0,0,0.0,0.0
2026-09-18T16:27:56+00:00,5,2026-09-18T17:30:00Z,player-sim-2.0,player-sim-2.0,player-sim-3.0-candidate,holdout_rejected,0.0,0.0,0.0,0.0,fpl-2026-27,1.02,136,50175,Welbeck,6,Chelsea,Forward,5.9,1.373,0.0,1.373,22.87,0.0,1.0,4.0,0.2328,1.373,0,1,4,0.772,0,0,2.0,0.0033,0.0
2026-09-18T16:27:56+00:00,5,2026-09-18T17:30:00Z,player-sim-2.0,player-sim-2.0,player-sim-3.0-candidate,holdout_rejected,0.0,0.0,0.0,0.0,fpl-2026-27,1.04,140,215059,Sánchez,6,Chelsea,Goalkeeper,4.9,0.0,0.0,0.0,0.0,0.0,0.0,0.0,0.0,0.0,0,0,0,0.0,0,0,0,0.0,0.0
2026-09-18T16:27:56+00:00,5,2026-09-18T17:30:00Z,player-sim-2.0,player-sim-2.0,player-sim-3.0-candidate,holdout_rejected,0.0,0.0,0.0,0.0,fpl-2026-27,1.04,141,508479,Jörgensen,6,Chelsea,Goalkeeper,5.0,0.0,0.0,0.0,0.0,0.0,0.0,0.0,0.0,0.0,0,0,0,0.0,0,0,0,0.0,0.0
2026-09-18T16:27:56+00:00,5,2026-09-18T17:30:00Z,player-sim-2.0,player-sim-2.0,player-sim-3.0-candidate,holdout_rejected,0.0,0.0,0.0,0.0,fpl-2026-27,1.0,142,225796,James,6,Chelsea,Defender,5.4,1.887,0.0,1.887,47.0,0.0,1.0,6.0,0.3494,1.887,0,1,6,1.338,0,1.0,5.0,0.0033,0.0
2026-09-18T16:27:56+00:00,5,2026-09-18T17:30:00Z,player-sim-2.0,player-sim-2.0,player-sim-3.0-candidate,holdout_rejected,0.0,0.0,0.0,0.0,fpl-2026-27,1.0,143,180736,Chalobah,6,Chelsea,Defender,5.5,0.0,0.0,0.0,0.0,0.0,0.0,0.0,0.0,0.0,0,0,0,0.0,0,0,0,0.0,0.0
2026-09-18T16:27:56+00:00,5,2026-09-18T17:30:00Z,player-sim-2.0,player-sim-2.0,player-sim-3.0-candidate,holdout_rejected,0.0,0.0,0.0,0.0,fpl-2026-27,1.0,144,482609,Gusto,6,Chelsea,Defender,5.0,2.152,0.0,2.152,62.92,1.0,1.0,6.0,0.4303,2.152,1,1,6,1.977,0,1.0,6.0,0.0033,0.0017
2026-09-18T16:27:56+00:00,5,2026-09-18T17:30:00Z,player-sim-2.0,player-sim-2.0,player-sim-3.0-candidate,holdout_rejected,0.0,0.0,0.0,0.0,fpl-2026-27,1.0,145,444463,Fofana,6,Chelsea,Defender,5.0,2.437,0.0,2.437,58.1,0.0,2.0,6.0,0.4873,2.437,0,2,6,1.932,0,1.0,6.0,0.0083,0.0
2026-09-18T16:27:56+00:00,5,2026-09-18T17:30:00Z,player-sim-2.0,player-sim-2.0,player-sim-3.0-candidate,holdout_rejected,0.0,0.0,0.0,0.0,fpl-2026-27,1.0,146,242880,B.Badiashile,6,Chelsea,Defender,4.5,0.0,0.0,0.0,0.0,0.0,0.0,0.0,0.0,0.0,0,0,0,0.0,0,0,0,0.0,0.0
2026-09-18T16:27:56+00:00,5,2026-09-18T17:30:00Z,player-sim-2.0,player-sim-2.0,player-sim-3.0-candidate,holdout_rejected,0.0,0.0,0.0,0.0,fpl-2026-27,1.0,148,551210,Hato,6,Chelsea,Defender,4.5,1.757,0.0,1.757,52.85,0.0,1.0,6.0,0.3904,1.757,0,1,6,2.205,0,1.0,6.0,0.0,0.0
2026-09-18T16:27:56+00:00,5,2026-09-18T17:30:00Z,player-sim-2.0,player-sim-2.0,player-sim-3.0-candidate,holdout_rejected,0.0,0.0,0.0,0.0,fpl-2026-27,1.0,149,460028,Colwill,6,Chelsea,Defender,4.9,1.317,0.0,1.317,37.38,0.0,0.0,5.0,0.2687,1.317,0,0,5,1.648,0,1.0,6.0,0.0017,0.0
2026-09-18T16:27:56+00:00,5,2026-09-18T17:30:00Z,player-sim-2.0,player-sim-2.0,player-sim-3.0-candidate,holdout_rejected,0.0,0.0,0.0,0.0,fpl-2026-27,1.0,150,574458,M.Sarr,6,Chelsea,Defender,4.5,0.0,0.0,0.0,0.0,0.0,0.0,0.0,0.0,0.0,0,0,0,0.0,0,0,0,0.0,0.0
2026-09-18T16:27:56+00:00,5,2026-09-18T17:30:00Z,player-sim-2.0,player-sim-2.0,player-sim-3.0-candidate,holdout_rejected,0.0,0.0,0.0,0.0,fpl-2026-27,1.0,151,577016,Acheampong,6,Chelsea,Defender,4.5,1.327,0.0,1.327,32.06,0.0,1.0,4.0,0.2948,1.327,0,1,4,1.605,0,1.0,6.0,0.0017,0.0
2026-09-18T16:27:56+00:00,5,2026-09-18T17:30:00Z,player-sim-2.0,player-sim-2.0,player-sim-3.0-candidate,holdout_rejected,0.0,0.0,0.0,0.0,fpl-2026-27,1.0,152,620109,Palestra,6,Chelsea,Defender,5.3,0.172,0.0,0.172,4.98,0.0,0.0,0.0,0.0324,0.172,0,0,0,0.123,0,0,0,0.0,0.0
2026-09-18T16:27:56+00:00,5,2026-09-18T17:30:00Z,player-sim-2.0,player-sim-2.0,player-sim-3.0-candidate,holdout_rejected,0.0,0.0,0.0,0.0,fpl-2026-27,1.025,154,244851,Palmer,6,Chelsea,Midfielder,9.7,4.06,0.0,4.06,76.17,1.0,3.0,8.0,0.4186,4.06,1,3,8,3.507,0,2.0,8.0,0.0683,0.0083
2026-09-18T16:27:56+00:00,5,2026-09-18T17:30:00Z,player-sim-2.0,player-sim-2.0,player-sim-3.0-candidate,holdout_rejected,0.0,0.0,0.0,0.0,fpl-2026-27,1.025,156,247632,Neto,6,Chelsea,Midfielder,6.5,2.967,0.0,2.967,67.28,1.0,2.0,7.0,0.4564,2.967,1,2,7,2.247,0,2.0,6.0,0.0267,0.0017
2026-09-18T16:27:56+00:00,5,2026-09-18T17:30:00Z,player-sim-2.0,player-sim-2.0,player-sim-3.0-candidate,holdout_rejected,0.0,0.0,0.0,0.0,fpl-2026-27,1.025,157,624773,Estêvão,6,Chelsea,Midfielder,6.3,0.907,0.0,0.907,15.11,0.0,1.0,1.0,0.1439,0.907,0,1,1,0.995,0,1.0,2.0,0.0033,0.0
2026-09-18T16:27:56+00:00,5,2026-09-18T17:30:00Z,player-sim-2.0,player-sim-2.0,player-sim-3.0-candidate,holdout_rejected,0.0,0.0,0.0,0.0,fpl-2026-27,1.025,158,463936,Gittens,6,Chelsea,Midfielder,5.9,0.128,0.0,0.128,3.47,0.0,0.0,0.0,0.0217,0.128,0,0,0,0.317,0,0,1.0,0.0017,0.0
2026-09-18T16:27:56+00:00,5,2026-09-18T17:30:00Z,player-sim-2.0,player-sim-2.0,player-sim-3.0-candidate,holdout_rejected,0.0,0.0,0.0,0.0,fpl-2026-27,1.025,159,486672,Caicedo,6,Chelsea,Midfielder,5.3,0.603,0.0,0.603,12.76,0.0,0.0,2.0,0.1138,0.603,0,0,2,0.258,0,0,1.0,0.0,0.0
2026-09-18T16:27:56+00:00,5,2026-09-18T17:30:00Z,player-sim-2.0,player-sim-2.0,player-sim-3.0-candidate,holdout_rejected,0.0,0.0,0.0,0.0,fpl-2026-27,1.025,161,514356,Lavia,6,Chelsea,Midfielder,5.0,2.028,0.0,2.028,45.85,0.0,2.0,5.0,0.4057,2.028,0,2,5,2.462,0,2.0,6.0,0.02,0.0
2026-09-18T16:27:56+00:00,5,2026-09-18T17:30:00Z,player-sim-2.0,player-sim-2.0,player-sim-3.0-candidate,holdout_rejected,0.0,0.0,0.0,0.0,fpl-2026-27,1.025,163,491007,D.Essugo,6,Chelsea,Midfielder,4.5,0.0,0.0,0.0,0.0,0.0,0.0,0.0,0.0,0.0,0,0,0,0.0,0,0,0,0.0,0.0
2026-09-18T16:27:56+00:00,5,2026-09-18T17:30:00Z,player-sim-2.0,player-sim-2.0,player-sim-3.0-candidate,holdout_rejected,0.0,0.0,0.0,0.0,fpl-2026-27,1.025,164,593117,Quenda,6,Chelsea,Midfielder,5.3,0.477,0.0,0.477,10.04,0.0,0.0,2.0,0.0899,0.477,0,0,2,0.527,0,0,1.0,0.0017,0.0
2026-09-18T16:27:56+00:00,5,2026-09-18T17:30:00Z,player-sim-2.0,player-sim-2.0,player-sim-3.0-candidate,holdout_rejected,0.0,0.0,0.0,0.0,fpl-2026-27,1.02,165,475168,João Pedro,6,Chelsea,Forward,7.8,3.312,0.0,3.312,61.34,0.0,3.0,8.0,0.4246,3.312,0,3,8,2.798,0,2.0,8.0,0.0567,0.015
2026-09-18T16:27:56+00:00,5,2026-09-18T17:30:00Z,player-sim-2.0,player-sim-2.0,player-sim-3.0-candidate,holdout_rejected,0.0,0.0,0.0,0.0,fpl-2026-27,1.02,168,499309,Marc Guiu,6,Chelsea,Forward,5.0,0.0,0.0,0.0,0.0,0.0,0.0,0.0,0.0,0.0,0,0,0,0.0,0,0,0,0.0,0.0
2026-09-18T16:27:56+00:00,5,2026-09-18T17:30:00Z,player-sim-2.0,player-sim-2.0,player-sim-3.0-candidate,holdout_rejected,0.0,0.0,0.0,0.0,fpl-2026-27,1.02,169,567119,Mheuka,6,Chelsea,Forward,4.5,0.0,0.0,0.0,0.0,0.0,0.0,0.0,0.0,0.0,0,0,0,0.353,0,0,1.0,0.0,0.0
2026-09-18T16:27:56+00:00,5,2026-09-18T17:30:00Z,player-sim-2.0,player-sim-2.0,player-sim-3.0-candidate,holdout_rejected,0.0,0.0,0.0,0.0,fpl-2026-27,1.02,170,503037,Emegha,6,Chelsea,Forward,5.0,0.0,0.0,0.0,0.0,0.0,0.0,0.0,0.0,0.0,0,0,0,0.0,0,0,0,0.0,0.0
2026-09-18T16:27:56+00:00,5,2026-09-18T17:30:00Z,player-sim-2.0,player-sim-2.0,player-sim-3.0-candidate,holdout_rejected,0.0,0.0,0.0,0.0,fpl-2026-27,1.0,200,437499,Lacroix,6,Chelsea,Defender,6.0,3.028,0.0,3.028,68.78,1.0,2.0,7.0,0.5047,3.028,1,2,7,2.38,0,1.0,6.0,0.005,0.0017
2026-09-18T16:27:56+00:00,5,2026-09-18T17:30:00Z,player-sim-2.0,player-sim-2.0,player-sim-3.0-candidate,holdout_rejected,0.0,0.0,0.0,0.0,fpl-2026-27,1.04,560,549939,Penders,6,Chelsea,Goalkeeper,4.4,0.282,0.0,0.282,7.33,0.0,0.0,0.0,0.064,0.282,0,0,0,0.243,0,0,0,0.0,0.0
2026-09-18T16:27:56+00:00,5,2026-09-18T17:30:00Z,player-sim-2.0,player-sim-2.0,player-sim-3.0-candidate,holdout_rejected,0.0,0.0,0.0,0.0,fpl-2026-27,1.0,561,622758,Anselmino,6,Chelsea,Defender,4.5,0.438,0.0,0.438,11.56,0.0,0.0,1.0,0.0974,0.438,0,0,1,0.347,0,0,1.0,0.0017,0.0
2026-09-18T16:27:56+00:00,5,2026-09-18T17:30:00Z,player-sim-2.0,player-sim-2.0,player-sim-3.0-candidate,holdout_rejected,0.0,0.0,0.0,0.0,fpl-2026-27,1.025,568,543158,Barco,6,Chelsea,Midfielder,5.4,0.715,0.0,0.715,14.87,0.0,0.0,2.0,0.1324,0.715,0,0,2,0.75,0,0,1.0,0.005,0.0
2026-09-18T16:27:56+00:00,5,2026-09-18T17:30:00Z,player-sim-2.0,player-sim-2.0,player-sim-3.0-candidate,holdout_rejected,0.0,0.0,0.0,0.0,fpl-2026-27,1.0,583,498444,Chavarria,6,Chelsea,Defender,4.9,1.017,0.0,1.017,21.98,0.0,1.0,2.0,0.2075,1.017,0,1,2,0.913,0,1.0,1.0,0.0,0.0
2026-09-18T16:27:56+00:00,5,2026-09-18T17:30:00Z,player-sim-2.0,player-sim-2.0,player-sim-3.0-candidate,holdout_rejected,0.0,0.0,0.0,0.0,fpl-2026-27,1.0,91,231065,Pinnock,7,Coventry City,Defender,4.5,1.57,0.0,1.57,38.31,0.0,1.0,4.0,0.3489,1.57,0,1,4,1.5,0.0,1.0,5.0,0.0033,0.0
2026-09-18T16:27:56+00:00,5,2026-09-18T17:30:00Z,player-sim-2.0,player-sim-2.0,player-sim-3.0-candidate,holdout_rejected,0.0,0.0,0.0,0.0,fpl-2026-27,1.025,104,428580,Onyeka,7,Coventry City,Midfielder,4.9,1.333,0.0,1.333,36.39,0.0,1.0,3.0,0.2721,1.333,0,1,3,1.508,0,2.0,3.0,0.0,0.0
2026-09-18T16:27:56+00:00,5,2026-09-18T17:30:00Z,player-sim-2.0,player-sim-2.0,player-sim-3.0-candidate,holdout_rejected,0.0,0.0,0.0,0.0,fpl-2026-27,1.04,110,472739,Rushworth,7,Coventry City,Goalkeeper,4.5,2.285,0.0,2.285,65.63,0.0,2.0,6.0,0.5078,2.285,0,2,6,2.135,0,2.0,6.0,0.0,0.0
2026-09-18T16:27:56+00:00,5,2026-09-18T17:30:00Z,player-sim-2.0,player-sim-2.0,player-sim-3.0-candidate,holdout_rejected,0.0,0.0,0.0,0.0,fpl-2026-27,1.04,171,484389,Dovin,7,Coventry City,Goalkeeper,4.0,0.0,0.0,0.0,0.0,0.0,0.0,0.0,0.0,0.0,0,0,0,0.0,0,0,0,0.0,0.0
2026-09-18T16:27:56+00:00,5,2026-09-18T17:30:00Z,player-sim-2.0,player-sim-2.0,player-sim-3.0-candidate,holdout_rejected,0.0,0.0,0.0,0.0,fpl-2026-27,1.04,172,110690,Wilson,7,Coventry City,Goalkeeper,4.4,0.258,0.0,0.258,7.19,0.0,0.0,0.0,0.0587,0.258,0,0,0,0.207,0,0,0,0.0,0.0
2026-09-18T16:27:56+00:00,5,2026-09-18T17:30:00Z,player-sim-2.0,player-sim-2.0,player-sim-3.0-candidate,holdout_rejected,0.0,0.0,0.0,0.0,fpl-2026-27,1.0,173,461102,Thomas,7,Coventry City,Defender,4.0,2.647,0.0,2.647,67.56,0.0,2.0,6.0,0.6617,2.647,0,2,6,3.048,0,2.0,7.0,0.0333,0.0033
2026-09-18T16:27:56+00:00,5,2026-09-18T17:30:00Z,player-sim-2.0,player-sim-2.0,player-sim-3.0-candidate,holdout_rejected,0.0,0.0,0.0,0.0,fpl-2026-27,1.0,174,436761,Kitching,7,Coventry City,Defender,4.0,0.0,0.0,0.0,0.0,0.0,0.0,0.0,0.0,0.0,0,0,0,0.0,0,0,0,0.0,0.0
2026-09-18T16:27:56+00:00,5,2026-09-18T17:30:00Z,player-sim-2.0,player-sim-2.0,player-sim-3.0-candidate,holdout_rejected,0.0,0.0,0.0,0.0,fpl-2026-27,1.0,175,451284,van Ewijk,7,Coventry City,Defender,4.0,2.282,0.0,2.282,69.37,0.0,2.0,6.0,0.5704,2.282,0,2,6,2.01,0,1.0,6.0,0.005,0.0
2026-09-18T16:27:56+00:00,5,2026-09-18T17:30:00Z,player-sim-2.0,player-sim-2.0,player-sim-3.0-candidate,holdout_rejected,0.0,0.0,0.0,0.0,fpl-2026-27,1.0,176,173878,Dasilva,7,Coventry City,Defender,4.0,2.345,0.0,2.345,69.92,0.0,2.0,6.0,0.5863,2.345,0,2,6,2.397,0,2.0,6.0,0.0083,0.0
2026-09-18T16:27:56+00:00,5,2026-09-18T17:30:00Z,player-sim-2.0,player-sim-2.0,player-sim-3.0-candidate,holdout_rejected,0.0,0.0,0.0,0.0,fpl-2026-27,1.0,177,465390,Kesler-Hayden,7,Coventry City,Defender,4.0,0.0,0.0,0.0,0.0,0.0,0.0,0.0,0.0,0.0,0,0,0,0.0,0,0,0,0.0,0.0
2026-09-18T16:27:56+00:00,5,2026-09-18T17:30:00Z,player-sim-2.0,player-sim-2.0,player-sim-3.0-candidate,holdout_rejected,0.0,0.0,0.0,0.0,fpl-2026-27,1.0,178,80178,Bidwell,7,Coventry City,Defender,4.0,0.367,0.0,0.367,9.66,0.0,0.0,1.0,0.0917,0.367,0,0,1,0.352,0,0,1.0,0.0017,0.0
2026-09-18T16:27:56+00:00,5,2026-09-18T17:30:00Z,player-sim-2.0,player-sim-2.0,player-sim-3.0-candidate,holdout_rejected,0.0,0.0,0.0,0.0,fpl-2026-27,1.0,179,204813,Latibeaudiere,7,Coventry City,Defender,4.0,0.378,0.0,0.378,9.59,0.0,0.0,1.0,0.0946,0.378,0,0,1,0.38,0,0,1.0,0.0,0.0
2026-09-18T16:27:56+00:00,5,2026-09-18T17:30:00Z,player-sim-2.0,player-sim-2.0,player-sim-3.0-candidate,holdout_rejected,0.0,0.0,0.0,0.0,fpl-2026-27,1.0,180,220583,Woolfenden,7,Coventry City,Defender,4.0,0.0,0.0,0.0,0.0,0.0,0.0,0.0,0.0,0.0,0,0,0,0.0,0,0,0,0.0,0.0
2026-09-18T16:27:56+00:00,5,2026-09-18T17:30:00Z,player-sim-2.0,player-sim-2.0,player-sim-3.0-candidate,holdout_rejected,0.0,0.0,0.0,0.0,fpl-2026-27,1.0,181,577411,Brau,7,Coventry City,Defender,4.0,0.0,0.0,0.0,0.0,0.0,0.0,0.0,0.0,0.0,0,0,0,0.0,0,0,0,0.0,0.0
2026-09-18T16:27:56+00:00,5,2026-09-18T17:30:00Z,player-sim-2.0,player-sim-2.0,player-sim-3.0-candidate,holdout_rejected,0.0,0.0,0.0,0.0,fpl-2026-27,1.0,182,539142,Amenda,7,Coventry City,Defender,4.0,0.602,0.0,0.602,17.47,0.0,0.0,2.0,0.1504,0.602,0,0,2,0.562,0,0,2.0,0.0,0.0
2026-09-18T16:27:56+00:00,5,2026-09-18T17:30:00Z,player-sim-2.0,player-sim-2.0,player-sim-3.0-candidate,holdout_rejected,0.0,0.0,0.0,0.0,fpl-2026-27,1.025,183,480457,Rudoni,7,Coventry City,Midfielder,4.9,2.128,0.0,2.128,48.76,0.0,2.0,5.0,0.4343,2.128,0,2,5,2.383,0,2.0,6.0,0.0217,0.0017
2026-09-18T16:27:56+00:00,5,2026-09-18T17:30:00Z,player-sim-2.0,player-sim-2.0,player-sim-3.0-candidate,holdout_rejected,0.0,0.0,0.0,0.0,fpl-2026-27,1.025,184,168144,Grimes,7,Coventry City,Midfielder,4.9,1.905,0.0,1.905,59.21,0.0,2.0,4.0,0.3888,1.905,0,2,4,2.088,0,2.0,3.0,0.0,0.0
2026-09-18T16:27:56+00:00,5,2026-09-18T17:30:00Z,player-sim-2.0,player-sim-2.0,player-sim-3.0-candidate,holdout_rejected,0.0,0.0,0.0,0.0,fpl-2026-27,1.025,185,501459,Sakamoto,7,Coventry City,Midfielder,4.8,0.533,0.0,0.533,11.74,0.0,0.0,1.0,0.1111,0.533,0,0,1,0.557,0,0,2.0,0.0,0.0
2026-09-18T16:27:56+00:00,5,2026-09-18T17:30:00Z,player-sim-2.0,player-sim-2.0,player-sim-3.0-candidate,holdout_rejected,0.0,0.0,0.0,0.0,fpl-2026-27,1.025,186,241293,Mason-Clark,7,Coventry City,Midfielder,5.4,1.763,0.0,1.763,43.29,0.0,1.0,4.0,0.3265,1.763,0,1,4,1.695,0,1.0,4.0,0.0083,0.0
2026-09-18T16:27:56+00:00,5,2026-09-18T17:30:00Z,player-sim-2.0,player-sim-2.0,player-sim-3.0-candidate,holdout_rejected,0.0,0.0,0.0,0.0,fpl-2026-27,1.025,187,439668,Eccles,7,Coventry City,Midfielder,4.9,0.0,0.0,0.0,0.0,0.0,0.0,0.0,0.0,0.0,0,0,0,0.0,0,0,0,0.0,0.0
2026-09-18T16:27:56+00:00,5,2026-09-18T17:30:00Z,player-sim-2.0,player-sim-2.0,player-sim-3.0-candidate,holdout_rejected,0.0,0.0,0.0,0.0,fpl-2026-27,1.025,188,226965,Torp,7,Coventry City,Midfielder,5.4,0.913,0.0,0.913,17.8,0.0,1.0,2.0,0.1691,0.913,0,1,2,0.88,0,1.0,2.0,0.0,0.0
2026-09-18T16:27:56+00:00,5,2026-09-18T17:30:00Z,player-sim-2.0,player-sim-2.0,player-sim-3.0-candidate,holdout_rejected,0.0,0.0,0.0,0.0,fpl-2026-27,1.025,189,684268,Shepherd,7,Coventry City,Midfielder,4.4,0.267,0.0,0.267,7.54,0.0,0.0,1.0,0.0606,0.267,0,0,1,0.358,0,0,1.0,0.0033,0.0017
2026-09-18T16:27:56+00:00,5,2026-09-18T17:30:00Z,player-sim-2.0,player-sim-2.0,player-sim-3.0-candidate,holdout_rejected,0.0,0.0,0.0,0.0,fpl-2026-27,1.025,190,469272,Tchaouna,7,Coventry City,Midfielder,5.4,1.205,0.0,1.205,33.28,0.0,1.0,3.0,0.2231,1.205,0,1,3,1.338,0,1.0,3.0,0.0033,0.0
2026-09-18T16:27:56+00:00,5,2026-09-18T17:30:00Z,player-sim-2.0,player-sim-2.0,player-sim-3.0-candidate,holdout_rejected,0.0,0.0,0.0,0.0,fpl-2026-27,1.025,191,492498,Borges Rodrigues,7,Coventry City,Midfielder,4.5,0.0,0.0,0.0,0.0,0.0,0.0,0.0,0.0,0.0,0,0,0,0.0,0,0,0,0.0,0.0
2026-09-18T16:27:56+00:00,5,2026-09-18T17:30:00Z,player-sim-2.0,player-sim-2.0,player-sim-3.0-candidate,holdout_rejected,0.0,0.0,0.0,0.0,fpl-2026-27,1.025,192,629397,Andrews,7,Coventry City,Midfielder,4.5,0.0,0.0,0.0,0.0,0.0,0.0,0.0,0.0,0.0,0,0,0,0.0,0,0,0,0.0,0.0
2026-09-18T16:27:56+00:00,5,2026-09-18T17:30:00Z,player-sim-2.0,player-sim-2.0,player-sim-3.0-candidate,holdout_rejected,0.0,0.0,0.0,0.0,fpl-2026-27,1.02,193,176412,Wright,7,Coventry City,Forward,5.4,0.0,0.0,0.0,0.0,0.0,0.0,0.0,0.0,0.0,0,0,0,0.0,0,0,0,0.0,0.0
2026-09-18T16:27:56+00:00,5,2026-09-18T17:30:00Z,player-sim-2.0,player-sim-2.0,player-sim-3.0-candidate,holdout_rejected,0.0,0.0,0.0,0.0,fpl-2026-27,1.02,194,230730,Thomas-Asante,7,Coventry City,Forward,5.0,1.408,0.0,1.408,28.95,0.0,1.0,3.0,0.2817,1.408,0,1,3,1.452,0,1.0,3.0,0.0017,0.0
2026-09-18T16:27:56+00:00,5,2026-09-18T17:30:00Z,player-sim-2.0,player-sim-2.0,player-sim-3.0-candidate,holdout_rejected,0.0,0.0,0.0,0.0,fpl-2026-27,1.02,195,218997,Simms,7,Coventry City,Forward,5.0,0.812,0.0,0.812,17.47,0.0,0.0,2.0,0.1623,0.812,0,0,2,1.062,0,0,3.0,0.0067,0.0
2026-09-18T16:27:56+00:00,5,2026-09-18T17:30:00Z,player-sim-2.0,player-sim-2.0,player-sim-3.0-candidate,holdout_rejected,0.0,0.0,0.0,0.0,fpl-2026-27,1.02,196,551262,Markelo,7,Coventry City,Forward,5.0,0.0,0.0,0.0,0.0,0.0,0.0,0.0,0.0,0.0,0,0,0,0.0,0,0,0,0.0,0.0
2026-09-18T16:27:56+00:00,5,2026-09-18T17:30:00Z,player-sim-2.0,player-sim-2.0,player-sim-3.0-candidate,holdout_rejected,0.0,0.0,0.0,0.0,fpl-2026-27,1.02,197,549653,Bassette,7,Coventry City,Forward,4.5,0.0,0.0,0.0,0.0,0.0,0.0,0.0,0.0,0.0,0,0,0,0.0,0,0,0,0.0,0.0
2026-09-18T16:27:56+00:00,5,2026-09-18T17:30:00Z,player-sim-2.0,player-sim-2.0,player-sim-3.0-candidate,holdout_rejected,0.0,0.0,0.0,0.0,fpl-2026-27,1.02,492,210156,Awoniyi,7,Coventry City,Forward,5.5,0.0,0.0,0.0,0.0,0.0,0.0,0.0,0.0,0.0,0,0,0,0.0,0,0,0,0.0,0.0
2026-09-18T16:27:56+00:00,5,2026-09-18T17:30:00Z,player-sim-2.0,player-sim-2.0,player-sim-3.0-candidate,holdout_rejected,0.0,0.0,0.0,0.0,fpl-2026-27,1.025,575,661888,Yirenkyi,7,Coventry City,Midfielder,4.9,1.523,0.0,1.523,37.52,0.0,1.0,3.0,0.3109,1.523,0,1,3,1.492,0,1.0,3.0,0.0017,0.0
2026-09-18T16:27:56+00:00,5,2026-09-18T17:30:00Z,player-sim-2.0,player-sim-2.0,player-sim-3.0-candidate,holdout_rejected,0.0,0.0,0.0,0.0,fpl-2026-27,1.025,584,196100,Hamer,7,Coventry City,Midfielder,5.4,1.377,0.0,1.377,29.84,0.0,1.0,3.0,0.2549,1.377,0,1,3,0.792,0,1.0,1.0,0.0017,0.0
2026-09-18T16:27:56+00:00,5,2026-09-18T17:30:00Z,player-sim-2.0,player-sim-2.0,player-sim-3.0-candidate,holdout_rejected,0.0,0.0,0.0,0.0,fpl-2026-27,1.02,599,627221,Cherif,7,Coventry City,Forward,5.0,0.637,0.0,0.637,11.61,0.0,0.0,2.0,0.1273,0.637,0,0,2,0.602,0,0,2.0,0.0,0.0
2026-09-18T16:27:56+00:00,5,2026-09-18T17:30:00Z,player-sim-2.0,player-sim-2.0,player-sim-3.0-candidate,holdout_rejected,0.0,0.0,0.0,0.0,fpl-2026-27,1.05,623,79602,Bentley,7,Coventry City,Goalkeeper,4.0,0.102,0.0,0.102,2.63,0.0,0.0,0.0,0.0254,0.102,0,0,0,0.292,0,0,0,0.0,0.0
2026-09-18T16:27:56+00:00,5,2026-09-18T17:30:00Z,player-sim-2.0,player-sim-2.0,player-sim-3.0-candidate,holdout_rejected,0.0,0.0,0.0,0.0,fpl-2026-27,1.0437,655,242893,Gboho,7,Coventry City,Midfielder,5.5,0.942,0.0,0.942,24.74,0.0,0.0,3.0,0.1712,0.942,0,0,3,0.712,0,0,2.0,0.0033,0.0
2026-09-18T16:27:56+00:00,5,2026-09-18T17:30:00Z,player-sim-2.0,player-sim-2.0,player-sim-3.0-candidate,holdout_rejected,0.0,0.0,0.0,0.0,fpl-2026-27,1.0,656,566213,Mfuni,7,Coventry City,Defender,4.0,1.012,0.0,1.012,26.58,0.0,0.0,4.0,0.2529,1.012,0,0,4,0.627,0,0,2.0,0.0,0.0
2026-09-18T16:27:56+00:00,5,2026-09-18T17:30:00Z,player-sim-2.0,player-sim-2.0,player-sim-3.0-candidate,holdout_rejected,0.0,0.0,0.0,0.0,fpl-2026-27,1.025,42,485337,Guessand,8,Crystal Palace,Midfielder,5.4,0.69,0.0,0.69,13.75,0.0,0.0,1.0,0.1278,0.69,0,0,1,0.845,0,1.0,2.0,0.0,0.0
2026-09-18T16:27:56+00:00,5,2026-09-18T17:30:00Z,player-sim-2.0,player-sim-2.0,player-sim-3.0-candidate,holdout_rejected,0.0,0.0,0.0,0.0,fpl-2026-27,1.0,153,220362,Disasi,8,Crystal Palace,Defender,4.5,0.0,0.0,0.0,0.0,0.0,0.0,0.0,0.0,0.0,0,0,0,0.0,0,0,0,0.0,0.0
2026-09-18T16:27:56+00:00,5,2026-09-18T17:30:00Z,player-sim-2.0,player-sim-2.0,player-sim-3.0-candidate,holdout_rejected,0.0,0.0,0.0,0.0,fpl-2026-27,1.04,198,172649,Henderson,8,Crystal Palace,Goalkeeper,5.0,0.0,0.0,0.0,0.0,0.0,0.0,0.0,0.0,0.0,0,0,0,0.0,0,0,0,0.0,0.0
2026-09-18T16:27:56+00:00,5,2026-09-18T17:30:00Z,player-sim-2.0,player-sim-2.0,player-sim-3.0-candidate,holdout_rejected,0.0,0.0,0.0,0.0,fpl-2026-27,1.04,199,121709,Benitez,8,Crystal Palace,Goalkeeper,4.5,0.512,0.0,0.512,14.5,0.0,0.0,2.0,0.1137,0.512,0,0,2,0.768,0,0,3.0,0.0,0.0
2026-09-18T16:27:56+00:00,5,2026-09-18T17:30:00Z,player-sim-2.0,player-sim-2.0,player-sim-3.0-candidate,holdout_rejected,0.0,0.0,0.0,0.0,fpl-2026-27,1.0,202,427623,Richards,8,Crystal Palace,Defender,5.0,3.62,0.0,3.62,84.86,1.0,3.0,8.0,0.724,3.62,1,3,8,2.653,0,2.0,7.0,0.0233,0.0
2026-09-18T16:27:56+00:00,5,2026-09-18T17:30:00Z,player-sim-2.0,player-sim-2.0,player-sim-3.0-candidate,holdout_rejected,0.0,0.0,0.0,0.0,fpl-2026-27,1.0,203,651426,Canvot,8,Crystal Palace,Defender,4.9,2.355,0.0,2.355,52.82,0.0,1.0,7.0,0.4806,2.355,0,1,7,2.257,0,1.0,6.0,0.0067,0.0
2026-09-18T16:27:56+00:00,5,2026-09-18T17:30:00Z,player-sim-2.0,player-sim-2.0,player-sim-3.0-candidate,holdout_rejected,0.0,0.0,0.0,0.0,fpl-2026-27,1.0,204,244723,Mitchell,8,Crystal Palace,Defender,4.5,3.13,0.0,3.13,82.69,1.0,2.0,7.0,0.6956,3.13,1,2,7,2.547,0.0,2.0,7.0,0.0233,0.0017
2026-09-18T16:27:56+00:00,5,2026-09-18T17:30:00Z,player-sim-2.0,player-sim-2.0,player-sim-3.0-candidate,holdout_rejected,0.0,0.0,0.0,0.0,fpl-2026-27,1.0,205,218364,Sosa,8,Crystal Palace,Defender,4.5,0.0,0.0,0.0,0.0,0.0,0.0,0.0,0.0,0.0,0,0,0,0.0,0,0,0,0.0,0.0
2026-09-18T16:27:56+00:00,5,2026-09-18T17:30:00Z,player-sim-2.0,player-sim-2.0,player-sim-3.0-candidate,holdout_rejected,0.0,0.0,0.0,0.0,fpl-2026-27,1.0,206,515621,Chadi Riad,8,Crystal Palace,Defender,4.4,0.0,0.0,0.0,0.0,0.0,0.0,0.0,0.0,0.0,0,0,0,0.0,0,0,0,0.0,0.0
2026-09-18T16:27:56+00:00,5,2026-09-18T17:30:00Z,player-sim-2.0,player-sim-2.0,player-sim-3.0-candidate,holdout_rejected,0.0,0.0,0.0,0.0,fpl-2026-27,1.0,207,242313,Mingueza,8,Crystal Palace,Defender,4.4,0.587,0.0,0.587,13.11,0.0,0.0,1.0,0.1333,0.587,0,0,1,0.598,0,0,1.0,0.0,0.0
2026-09-18T16:27:56+00:00,5,2026-09-18T17:30:00Z,player-sim-2.0,player-sim-2.0,player-sim-3.0-candidate,holdout_rejected,0.0,0.0,0.0,0.0,fpl-2026-27,1.025,208,232185,Sarr,8,Crystal Palace,Midfielder,6.2,0.943,0.0,0.943,18.1,0.0,0.0,3.0,0.1521,0.943,0,0,3,0.482,0,0,2.0,0.005,0.0
2026-09-18T16:27:56+00:00,5,2026-09-18T17:30:00Z,player-sim-2.0,player-sim-2.0,player-sim-3.0-candidate,holdout_rejected,0.0,0.0,0.0,0.0,fpl-2026-27,1.025,210,496221,Wharton,8,Crystal Palace,Midfielder,5.5,3.21,0.0,3.21,79.74,1.0,2.0,6.0,0.5836,3.21,1,2,6,2.468,0,2.0,5.0,0.005,0.0
2026-09-18T16:27:56+00:00,5,2026-09-18T17:30:00Z,player-sim-2.0,player-sim-2.0,player-sim-3.0-candidate,holdout_rejected,0.0,0.0,0.0,0.0,fpl-2026-27,1.025,211,488024,Yeremy,8,Crystal Palace,Midfielder,5.5,2.63,0.0,2.63,57.83,1.0,2.0,6.0,0.4782,2.63,1,2,6,2.095,0,2.0,5.0,0.0133,0.0017
2026-09-18T16:27:56+00:00,5,2026-09-18T17:30:00Z,player-sim-2.0,player-sim-2.0,player-sim-3.0-candidate,holdout_rejected,0.0,0.0,0.0,0.0,fpl-2026-27,1.025,212,108413,Hughes,8,Crystal Palace,Midfielder,4.4,0.825,0.0,0.825,17.46,0.0,1.0,2.0,0.1875,0.825,0,1,2,0.648,0,0,1.0,0.0,0.0
2026-09-18T16:27:56+00:00,5,2026-09-18T17:30:00Z,player-sim-2.0,player-sim-2.0,player-sim-3.0-candidate,holdout_rejected,0.0,0.0,0.0,0.0,fpl-2026-27,1.025,213,152551,Lerma,8,Crystal Palace,Midfielder,4.9,0.785,0.0,0.785,16.45,0.0,0.0,2.0,0.1602,0.785,0,0,2,0.487,0,0,1.0,0.0,0.0
2026-09-18T16:27:56+00:00,5,2026-09-18T17:30:00Z,player-sim-2.0,player-sim-2.0,player-sim-3.0-candidate,holdout_rejected,0.0,0.0,0.0,0.0,fpl-2026-27,1.025,214,209400,Kamada,8,Crystal Palace,Midfielder,5.0,2.553,0.0,2.553,74.74,1.0,2.0,5.0,0.5107,2.553,1,2,5,2.098,0,2.0,4.0,0.0017,0.0
2026-09-18T16:27:56+00:00,5,2026-09-18T17:30:00Z,player-sim-2.0,player-sim-2.0,player-sim-3.0-candidate,holdout_rejected,0.0,0.0,0.0,0.0,fpl-2026-27,1.025,215,489706,Devenny,8,Crystal Palace,Midfielder,5.0,0.0,0.0,0.0,0.0,0.0,0.0,0.0,0.0,0.0,0,0,0,0.0,0,0,0,0.0,0.0
2026-09-18T16:27:56+00:00,5,2026-09-18T17:30:00Z,player-sim-2.0,player-sim-2.0,player-sim-3.0-candidate,holdout_rejected,0.0,0.0,0.0,0.0,fpl-2026-27,1.025,216,606921,Esse,8,Crystal Palace,Midfielder,5.0,0.0,0.0,0.0,0.0,0.0,0.0,0.0,0.0,0.0,0,0,0,0.0,0,0,0,0.0,0.0
2026-09-18T16:27:56+00:00,5,2026-09-18T17:30:00Z,player-sim-2.0,player-sim-2.0,player-sim-3.0-candidate,holdout_rejected,0.0,0.0,0.0,0.0,fpl-2026-27,1.025,217,536694,M.França,8,Crystal Palace,Midfielder,4.9,0.0,0.0,0.0,0.0,0.0,0.0,0.0,0.0,0.0,0,0,0,0.0,0,0,0,0.0,0.0
2026-09-18T16:27:56+00:00,5,2026-09-18T17:30:00Z,player-sim-2.0,player-sim-2.0,player-sim-3.0-candidate,holdout_rejected,0.0,0.0,0.0,0.0,fpl-2026-27,1.025,218,438464,Doucouré,8,Crystal Palace,Midfielder,4.9,0.38,0.0,0.38,9.09,0.0,0.0,1.0,0.0776,0.38,0,0,1,0.223,0,0,1.0,0.0,0.0
2026-09-18T16:27:56+00:00,5,2026-09-18T17:30:00Z,player-sim-2.0,player-sim-2.0,player-sim-3.0-candidate,holdout_rejected,0.0,0.0,0.0,0.0,fpl-2026-27,1.025,219,450542,J.Rak-Sakyi,8,Crystal Palace,Midfielder,4.9,0.0,0.0,0.0,0.0,0.0,0.0,0.0,0.0,0.0,0,0,0,0.0,0,0,0,0.0,0.0
2026-09-18T16:27:56+00:00,5,2026-09-18T17:30:00Z,player-sim-2.0,player-sim-2.0,player-sim-3.0-candidate,holdout_rejected,0.0,0.0,0.0,0.0,fpl-2026-27,1.0,220,590014,Cardines,8,Crystal Palace,Defender,4.5,0.0,0.0,0.0,0.0,0.0,0.0,0.0,0.0,0.0,0,0,0,0.0,0,0,0,0.0,0.0
2026-09-18T16:27:56+00:00,5,2026-09-18T17:30:00Z,player-sim-2.0,player-sim-2.0,player-sim-3.0-candidate,holdout_rejected,0.0,0.0,0.0,0.0,fpl-2026-27,1.025,221,672492,Drakes-Thomas,8,Crystal Palace,Midfielder,4.5,0.003,0.0,0.003,0.04,0.0,0.0,0.0,0.0007,0.003,0,0,0,0.262,0,0,1.0,0.0,0.0
2026-09-18T16:27:56+00:00,5,2026-09-18T17:30:00Z,player-sim-2.0,player-sim-2.0,player-sim-3.0-candidate,holdout_rejected,0.0,0.0,0.0,0.0,fpl-2026-27,1.02,222,247412,Strand Larsen,8,Crystal Palace,Forward,6.0,2.42,0.0,2.42,59.77,1.0,2.0,6.0,0.4033,2.42,1,2,6,1.542,0,1.0,3.0,0.0033,0.0017
2026-09-18T16:27:56+00:00,5,2026-09-18T17:30:00Z,player-sim-2.0,player-sim-2.0,player-sim-3.0-candidate,holdout_rejected,0.0,0.0,0.0,0.0,fpl-2026-27,1.02,223,231747,Mateta,8,Crystal Palace,Forward,6.3,0.0,0.0,0.0,0.0,0.0,0.0,0.0,0.0,0.0,0,0,0,0.0,0,0,0,0.0,0.0
2026-09-18T16:27:56+00:00,5,2026-09-18T17:30:00Z,player-sim-2.0,player-sim-2.0,player-sim-3.0-candidate,holdout_rejected,0.0,0.0,0.0,0.0,fpl-2026-27,1.02,224,205533,Nketiah,8,Crystal Palace,Forward,5.5,1.522,0.0,1.522,32.48,0.0,1.0,5.0,0.2767,1.522,0,1,5,1.99,0,1.0,6.0,0.0317,0.0017
2026-09-18T16:27:56+00:00,5,2026-09-18T17:30:00Z,player-sim-2.0,player-sim-2.0,player-sim-3.0-candidate,holdout_rejected,0.0,0.0,0.0,0.0,fpl-2026-27,1.02,225,660392,Uche,8,Crystal Palace,Forward,5.0,0.0,0.0,0.0,0.0,0.0,0.0,0.0,0.0,0.0,0,0,0,0.0,0,0,0,0.0,0.0
2026-09-18T16:27:56+00:00,5,2026-09-18T17:30:00Z,player-sim-2.0,player-sim-2.0,player-sim-3.0-candidate,holdout_rejected,0.0,0.0,0.0,0.0,fpl-2026-27,1.025,241,433154,McNeil,8,Crystal Palace,Midfielder,5.4,1.01,0.0,1.01,21.8,0.0,0.0,3.0,0.187,1.01,0,0,3,1.0,0,0,3.0,0.0017,0.0
2026-09-18T16:27:56+00:00,5,2026-09-18T17:30:00Z,player-sim-2.0,player-sim-2.0,player-sim-3.0-candidate,holdout_rejected,0.0,0.0,0.0,0.0,fpl-2026-27,1.04,555,169593,Matthews,8,Crystal Palace,Goalkeeper,4.0,0.317,0.0,0.317,9.37,0.0,0.0,1.0,0.0792,0.317,0,0,1,0.225,0,0,0,0.0,0.0
2026-09-18T16:27:56+00:00,5,2026-09-18T17:30:00Z,player-sim-2.0,player-sim-2.0,player-sim-3.0-candidate,holdout_rejected,0.0,0.0,0.0,0.0,fpl-2026-27,1.0,577,223723,Tomiyasu,8,Crystal Palace,Defender,4.4,0.952,0.0,0.952,21.8,0.0,0.0,2.0,0.2163,0.952,0,0,2,1.18,0,1.0,3.0,0.0017,0.0
2026-09-18T16:27:56+00:00,5,2026-09-18T17:30:00Z,player-sim-2.0,player-sim-2.0,player-sim-3.0-candidate,holdout_rejected,0.0,0.0,0.0,0.0,fpl-2026-27,1.0,588,570794,Khalaili,8,Crystal Palace,Defender,5.0,2.38,0.0,2.38,56.24,0.0,1.0,7.0,0.476,2.38,0,1,7,2.597,0,1.0,7.0,0.025,0.0
2026-09-18T16:27:56+00:00,5,2026-09-18T17:30:00Z,player-sim-2.0,player-sim-2.0,player-sim-3.0-candidate,holdout_rejected,0.0,0.0,0.0,0.0,fpl-2026-27,1.025,595,559152,Gozo,8,Crystal Palace,Midfielder,5.0,0.713,0.0,0.713,13.88,0.0,0.0,2.0,0.1427,0.713,0,0,2,0.725,0,0,2.0,0.0,0.0
2026-09-18T16:27:56+00:00,5,2026-09-18T17:30:00Z,player-sim-2.0,player-sim-2.0,player-sim-3.0-candidate,holdout_rejected,0.0,0.0,0.0,0.0,fpl-2026-27,1.0,633,605972,Ahanor,8,Crystal Palace,Defender,4.5,1.113,0.0,1.113,30.97,0.0,0.0,4.0,0.2474,1.113,0,0,4,1.21,0,0,4.0,0.0033,0.0
2026-09-18T16:27:56+00:00,5,2026-09-18T17:30:00Z,player-sim-2.0,player-sim-2.0,player-sim-3.0-candidate,holdout_rejected,0.0,0.0,0.0,0.0,fpl-2026-27,1.0,643,172850,Chilwell,8,Crystal Palace,Defender,4.5,0.517,0.0,0.517,8.35,0.0,0.0,1.0,0.1148,0.517,0,0,1,1.235,0,1.0,2.0,0.005,0.0
2026-09-18T16:27:56+00:00,5,2026-09-18T17:30:00Z,player-sim-2.0,player-sim-2.0,player-sim-3.0-candidate,holdout_rejected,0.0,0.0,0.0,0.0,fpl-2026-27,1.0375,644,450063,Timber,8,Crystal Palace,Midfielder,5.0,1.623,0.0,1.623,44.48,0.0,1.0,4.0,0.3247,1.623,0,1,4,1.763,0,2.0,3.0,0.005,0.0
2026-09-18T16:27:56+00:00,5,2026-09-18T17:30:00Z,player-sim-2.0,player-sim-2.0,player-sim-3.0-candidate,holdout_rejected,0.0,0.0,0.0,0.0,fpl-2026-27,1.0375,647,533646,Osorio,8,Crystal Palace,Midfielder,5.5,0.922,0.0,0.922,20.44,0.0,0.0,2.0,0.1676,0.922,0,0,2,0.837,0,0,2.0,0.0,0.0
2026-09-18T16:27:56+00:00,5,2026-09-18T17:30:00Z,player-sim-2.0,player-sim-2.0,player-sim-3.0-candidate,holdout_rejected,0.0,0.0,0.0,0.0,fpl-2026-27,1.025,21,128295,Nørgaard,9,Everton,Midfielder,4.9,0.0,0.0,0.0,0.0,0.0,0.0,0.0,0.0,0.0,0,0,0,0.0,0,0,0,0.0,0.0
2026-09-18T16:27:56+00:00,5,2026-09-18T17:30:00Z,player-sim-2.0,player-sim-2.0,player-sim-3.0-candidate,holdout_rejected,0.0,0.0,0.0,0.0,fpl-2026-27,1.025,209,242898,Johnson,9,Everton,Midfielder,5.9,1.915,0.0,1.915,45.79,0.0,1.0,4.0,0.3246,1.915,0,1,4,1.77,0,1.0,4.0,0.0133,0.0017
2026-09-18T16:27:56+00:00,5,2026-09-18T17:30:00Z,player-sim-2.0,player-sim-2.0,player-sim-3.0-candidate,holdout_rejected,0.0,0.0,0.0,0.0,fpl-2026-27,1.04,226,111234,Pickford,9,Everton,Goalkeeper,5.5,3.655,0.0,3.655,88.86,1.0,3.0,7.0,0.6645,3.655,1,3,7,2.625,0,2.0,7.0,0.005,0.0
2026-09-18T16:27:56+00:00,5,2026-09-18T17:30:00Z,player-sim-2.0,player-sim-2.0,player-sim-3.0-candidate,holdout_rejected,0.0,0.0,0.0,0.0,fpl-2026-27,1.04,227,229600,Travers,9,Everton,Goalkeeper,5.0,0.335,0.0,0.335,8.07,0.0,0.0,0.0,0.067,0.335,0,0,0,0.307,0,0,0,0.0,0.0
2026-09-18T16:27:56+00:00,5,2026-09-18T17:30:00Z,player-sim-2.0,player-sim-2.0,player-sim-3.0-candidate,holdout_rejected,0.0,0.0,0.0,0.0,fpl-2026-27,1.04,228,138001,King,9,Everton,Goalkeeper,4.5,0.312,0.0,0.312,7.55,0.0,0.0,0.0,0.0693,0.312,0,0,0,0.303,0,0,0,0.0,0.0
2026-09-18T16:27:56+00:00,5,2026-09-18T17:30:00Z,player-sim-2.0,player-sim-2.0,player-sim-3.0-candidate,holdout_rejected,0.0,0.0,0.0,0.0,fpl-2026-27,1.0,229,17761,Tarkowski,9,Everton,Defender,6.1,4.82,0.0,4.82,87.72,1.0,4.0,9.0,0.7902,4.82,1,4,9,3.582,0,3.0,8.0,0.03,0.0033
2026-09-18T16:27:56+00:00,5,2026-09-18T17:30:00Z,player-sim-2.0,player-sim-2.0,player-sim-3.0-candidate,holdout_rejected,0.0,0.0,0.0,0.0,fpl-2026-27,1.0,230,480455,Branthwaite,9,Everton,Defender,5.5,2.948,0.0,2.948,65.04,0.0,2.0,8.0,0.5361,2.948,0,2,8,3.08,0,2.0,8.0,0.0167,0.0017
2026-09-18T16:27:56+00:00,5,2026-09-18T17:30:00Z,player-sim-2.0,player-sim-2.0,player-sim-3.0-candidate,holdout_rejected,0.0,0.0,0.0,0.0,fpl-2026-27,1.0,231,106611,Keane,9,Everton,Defender,4.8,1.273,0.0,1.273,22.37,0.0,0.0,5.0,0.2653,1.273,0,0,5,0.447,0,0,1.0,0.0067,0.0
2026-09-18T16:27:56+00:00,5,2026-09-18T17:30:00Z,player-sim-2.0,player-sim-2.0,player-sim-3.0-candidate,holdout_rejected,0.0,0.0,0.0,0.0,fpl-2026-27,1.0,232,512462,O'Brien,9,Everton,Defender,4.9,1.188,0.0,1.188,29.34,0.0,0.0,4.0,0.2425,1.188,0,0,4,0.533,0,0,1.0,0.0,0.0
2026-09-18T16:27:56+00:00,5,2026-09-18T17:30:00Z,player-sim-2.0,player-sim-2.0,player-sim-3.0-candidate,holdout_rejected,0.0,0.0,0.0,0.0,fpl-2026-27,1.0,233,224967,Mykolenko,9,Everton,Defender,4.5,3.535,0.0,3.535,83.25,1.0,3.0,7.0,0.7856,3.535,1,3,7,2.828,0,2.0,6.0,0.0117,0.0
2026-09-18T16:27:56+00:00,5,2026-09-18T17:30:00Z,player-sim-2.0,player-sim-2.0,player-sim-3.0-candidate,holdout_rejected,0.0,0.0,0.0,0.0,fpl-2026-27,1.0,234,243571,Patterson,9,Everton,Defender,4.5,0.0,0.0,0.0,0.0,0.0,0.0,0.0,0.0,0.0,0,0,0,0.0,0,0,0,0.0,0.0
2026-09-18T16:27:56+00:00,5,2026-09-18T17:30:00Z,player-sim-2.0,player-sim-2.0,player-sim-3.0-candidate,holdout_rejected,0.0,0.0,0.0,0.0,fpl-2026-27,1.0,235,499300,Aznou,9,Everton,Defender,4.0,0.0,0.0,0.0,0.0,0.0,0.0,0.0,0.0,0.0,0,0,0,0.0,0,0,0,0.0,0.0
2026-09-18T16:27:56+00:00,5,2026-09-18T17:30:00Z,player-sim-2.0,player-sim-2.0,player-sim-3.0-candidate,holdout_rejected,0.0,0.0,0.0,0.0,fpl-2026-27,1.025,236,215413,Dewsbury-Hall,9,Everton,Midfielder,6.5,3.717,0.0,3.717,81.72,1.0,3.0,7.0,0.5718,3.717,1,3,7,3.187,0,3.0,7.0,0.03,0.0033
2026-09-18T16:27:56+00:00,5,2026-09-18T17:30:00Z,player-sim-2.0,player-sim-2.0,player-sim-3.0-candidate,holdout_rejected,0.0,0.0,0.0,0.0,fpl-2026-27,1.025,238,114283,Grealish,9,Everton,Midfielder,6.5,1.218,0.0,1.218,23.81,0.0,1.0,3.0,0.1874,1.218,0,1,3,0.968,0,1.0,2.0,0.0017,0.0
2026-09-18T16:27:56+00:00,5,2026-09-18T17:30:00Z,player-sim-2.0,player-sim-2.0,player-sim-3.0-candidate,holdout_rejected,0.0,0.0,0.0,0.0,fpl-2026-27,1.025,239,232928,Garner,9,Everton,Midfielder,6.0,3.148,0.0,3.148,70.99,1.0,3.0,6.0,0.5247,3.148,1,3,6,2.03,0,2.0,5.0,0.0017,0.0
2026-09-18T16:27:56+00:00,5,2026-09-18T17:30:00Z,player-sim-2.0,player-sim-2.0,player-sim-3.0-candidate,holdout_rejected,0.0,0.0,0.0,0.0,fpl-2026-27,1.025,242,550615,George,9,Everton,Midfielder,5.5,2.305,0.0,2.305,50.03,0.0,2.0,6.0,0.4191,2.305,0,2,6,2.648,0,2.0,6.0,0.0167,0.0017
2026-09-18T16:27:56+00:00,5,2026-09-18T17:30:00Z,player-sim-2.0,player-sim-2.0,player-sim-3.0-candidate,holdout_rejected,0.0,0.0,0.0,0.0,fpl-2026-27,1.025,243,502697,Alcaraz,9,Everton,Midfielder,4.9,0.462,0.0,0.462,8.22,0.0,0.0,1.0,0.0942,0.462,0,0,1,0.715,0,0,1.0,0.0033,0.0
2026-09-18T16:27:56+00:00,5,2026-09-18T17:30:00Z,player-sim-2.0,player-sim-2.0,player-sim-3.0-candidate,holdout_rejected,0.0,0.0,0.0,0.0,fpl-2026-27,1.025,244,609873,Armstrong,9,Everton,Midfielder,5.0,1.722,0.0,1.722,48.36,0.0,2.0,4.0,0.3443,1.722,0,2,4,1.582,0,2.0,3.0,0.005,0.0
2026-09-18T16:27:56+00:00,5,2026-09-18T17:30:00Z,player-sim-2.0,player-sim-2.0,player-sim-3.0-candidate,holdout_rejected,0.0,0.0,0.0,0.0,fpl-2026-27,1.025,245,496661,Dibling,9,Everton,Midfielder,5.4,0.082,0.0,0.082,2.7,0.0,0.0,0.0,0.0151,0.082,0,0,0,0.328,0,0,1.0,0.0,0.0
2026-09-18T16:27:56+00:00,5,2026-09-18T17:30:00Z,player-sim-2.0,player-sim-2.0,player-sim-3.0-candidate,holdout_rejected,0.0,0.0,0.0,0.0,fpl-2026-27,1.025,246,513466,Röhl,9,Everton,Midfielder,4.9,0.0,0.0,0.0,0.0,0.0,0.0,0.0,0.0,0.0,0,0,0,0.0,0,0,0,0.0,0.0
2026-09-18T16:27:56+00:00,5,2026-09-18T17:30:00Z,player-sim-2.0,player-sim-2.0,player-sim-3.0-candidate,holdout_rejected,0.0,0.0,0.0,0.0,fpl-2026-27,1.025,247,244860,Hackney,9,Everton,Midfielder,5.5,1.323,0.0,1.323,27.34,0.0,1.0,3.0,0.2406,1.323,0,1,3,1.422,0,1.0,3.0,0.0033,0.0
2026-09-18T16:27:56+00:00,5,2026-09-18T17:30:00Z,player-sim-2.0,player-sim-2.0,player-sim-3.0-candidate,holdout_rejected,0.0,0.0,0.0,0.0,fpl-2026-27,1.02,248,486385,Beto,9,Everton,Forward,5.4,0.0,0.0,0.0,0.0,0.0,0.0,0.0,0.0,0.0,0,0,0,0.0,0,0,0,0.0,0.0
2026-09-18T16:27:56+00:00,5,2026-09-18T17:30:00Z,player-sim-2.0,player-sim-2.0,player-sim-3.0-candidate,holdout_rejected,0.0,0.0,0.0,0.0,fpl-2026-27,1.02,249,586309,Barry,9,Everton,Forward,5.6,3.992,0.0,3.992,72.17,1.0,3.0,8.0,0.7128,3.992,1,3,8,3.755,0,2.0,9.0,0.0983,0.03
2026-09-18T16:27:56+00:00,5,2026-09-18T17:30:00Z,player-sim-2.0,player-sim-2.0,player-sim-3.0-candidate,holdout_rejected,0.0,0.0,0.0,0.0,fpl-2026-27,1.0,649,154043,Maitland-Niles,9,Everton,Defender,4.5,1.477,0.0,1.477,36.74,0.0,1.0,5.0,0.3282,1.477,0,1,5,1.485,0,1.0,6.0,0.0067,0.0
2026-09-18T16:27:56+00:00,5,2026-09-18T17:30:00Z,player-sim-2.0,player-sim-2.0,player-sim-3.0-candidate,holdout_rejected,0.0,0.0,0.0,0.0,fpl-2026-27,1.0375,654,629068,Graham,9,Everton,Midfielder,4.5,0.738,0.0,0.738,18.0,0.0,0.0,2.0,0.1641,0.738,0,0,2,0.522,0,0,2.0,0.0017,0.0
2026-09-18T16:27:56+00:00,5,2026-09-18T17:30:00Z,player-sim-2.0,player-sim-2.0,player-sim-3.0-candidate,holdout_rejected,0.0,0.0,0.0,0.0,fpl-2026-27,1.04,250,80201,Leno,10,Fulham,Goalkeeper,4.5,3.057,0.0,3.057,88.73,1.0,3.0,7.0,0.6793,3.057,1,3,7,2.212,0,2.0,6.0,0.0017,0.0
2026-09-18T16:27:56+00:00,5,2026-09-18T17:30:00Z,player-sim-2.0,player-sim-2.0,player-sim-3.0-candidate,holdout_rejected,0.0,0.0,0.0,0.0,fpl-2026-27,1.04,251,86873,Lecomte,10,Fulham,Goalkeeper,4.0,0.26,0.0,0.26,7.59,0.0,0.0,0.0,0.065,0.26,0,0,0,0.242,0,0,0,0.0,0.0
2026-09-18T16:27:56+00:00,5,2026-09-18T17:30:00Z,player-sim-2.0,player-sim-2.0,player-sim-3.0-candidate,holdout_rejected,0.0,0.0,0.0,0.0,fpl-2026-27,1.04,252,505079,McNally,10,Fulham,Goalkeeper,4.0,0.0,0.0,0.0,0.0,0.0,0.0,0.0,0.0,0.0,0,0,0,0.0,0,0,0,0.0,0.0
2026-09-18T16:27:56+00:00,5,2026-09-18T17:30:00Z,player-sim-2.0,player-sim-2.0,player-sim-3.0-candidate,holdout_rejected,0.0,0.0,0.0,0.0,fpl-2026-27,1.0,253,174874,Andersen,10,Fulham,Defender,5.0,1.907,0.0,1.907,55.24,0.0,1.0,6.0,0.3813,1.907,0,1,6,1.377,0,0.0,6.0,0.0067,0.0
2026-09-18T16:27:56+00:00,5,2026-09-18T17:30:00Z,player-sim-2.0,player-sim-2.0,player-sim-3.0-candidate,holdout_rejected,0.0,0.0,0.0,0.0,fpl-2026-27,1.0,254,169528,Robinson,10,Fulham,Defender,4.5,2.497,0.0,2.497,68.89,0.0,2.0,6.0,0.5548,2.497,0,2,6,2.313,0,1.0,6.0,0.01,0.0
2026-09-18T16:27:56+00:00,5,2026-09-18T17:30:00Z,player-sim-2.0,player-sim-2.0,player-sim-3.0-candidate,holdout_rejected,0.0,0.0,0.0,0.0,fpl-2026-27,1.0,255,246301,J.Cuenca,10,Fulham,Defender,4.5,0.587,0.0,0.587,15.56,0.0,0.0,2.0,0.1304,0.587,0,0,2,0.882,0,0,4.0,0.0017,0.0
2026-09-18T16:27:56+00:00,5,2026-09-18T17:30:00Z,player-sim-2.0,player-sim-2.0,player-sim-3.0-candidate,holdout_rejected,0.0,0.0,0.0,0.0,fpl-2026-27,1.0,256,167074,Tete,10,Fulham,Defender,4.4,0.0,0.0,0.0,0.0,0.0,0.0,0.0,0.0,0.0,0,0,0,0.0,0,0,0,0.0,0.0
2026-09-18T16:27:56+00:00,5,2026-09-18T17:30:00Z,player-sim-2.0,player-sim-2.0,player-sim-3.0-candidate,holdout_rejected,0.0,0.0,0.0,0.0,fpl-2026-27,1.0,257,232892,Bassey,10,Fulham,Defender,4.5,2.393,0.0,2.393,82.01,0.0,2.0,6.0,0.5318,2.393,0,2,6,2.008,0,1.0,6.0,0.0017,0.0
2026-09-18T16:27:56+00:00,5,2026-09-18T17:30:00Z,player-sim-2.0,player-sim-2.0,player-sim-3.0-candidate,holdout_rejected,0.0,0.0,0.0,0.0,fpl-2026-27,1.0,258,166477,Castagne,10,Fulham,Defender,4.5,2.55,0.0,2.55,67.36,0.0,2.0,6.0,0.5667,2.55,0,2,6,2.45,0,1.0,7.0,0.0267,0.0017
2026-09-18T16:27:56+00:00,5,2026-09-18T17:30:00Z,player-sim-2.0,player-sim-2.0,player-sim-3.0-candidate,holdout_rejected,0.0,0.0,0.0,0.0,fpl-2026-27,1.025,261,153133,Iwobi,10,Fulham,Midfielder,5.4,2.968,0.0,2.968,76.5,1.0,2.0,5.0,0.5497,2.968,1,2,5,2.4,0,2.0,5.0,0.0117,0.0033
2026-09-18T16:27:56+00:00,5,2026-09-18T17:30:00Z,player-sim-2.0,player-sim-2.0,player-sim-3.0-candidate,holdout_rejected,0.0,0.0,0.0,0.0,fpl-2026-27,1.025,262,209289,Smith Rowe,10,Fulham,Midfielder,5.4,1.305,0.0,1.305,25.17,0.0,1.0,2.0,0.2417,1.305,0,1,2,0.893,0,1.0,2.0,0.0017,0.0017
2026-09-18T16:27:56+00:00,5,2026-09-18T17:30:00Z,player-sim-2.0,player-sim-2.0,player-sim-3.0-candidate,holdout_rejected,0.0,0.0,0.0,0.0,fpl-2026-27,1.025,263,560552,Kevin,10,Fulham,Midfielder,5.3,0.91,0.0,0.91,16.55,0.0,1.0,2.0,0.1717,0.91,0,1,2,0.91,0,1.0,2.0,0.0,0.0
2026-09-18T16:27:56+00:00,5,2026-09-18T17:30:00Z,player-sim-2.0,player-sim-2.0,player-sim-3.0-candidate,holdout_rejected,0.0,0.0,0.0,0.0,fpl-2026-27,1.025,264,477555,Bobb,10,Fulham,Midfielder,5.5,2.417,0.0,2.417,56.12,0.0,2.0,5.0,0.4394,2.417,0,2,5,2.58,0,2.0,6.0,0.01,0.0033
2026-09-18T16:27:56+00:00,5,2026-09-18T17:30:00Z,player-sim-2.0,player-sim-2.0,player-sim-3.0-candidate,holdout_rejected,0.0,0.0,0.0,0.0,fpl-2026-27,1.025,265,207189,Berge,10,Fulham,Midfielder,4.9,2.178,0.0,2.178,67.22,1.0,2.0,4.0,0.4446,2.178,1,2,4,1.68,0,2.0,3.0,0.0017,0.0
2026-09-18T16:27:56+00:00,5,2026-09-18T17:30:00Z,player-sim-2.0,player-sim-2.0,player-sim-3.0-candidate,holdout_rejected,0.0,0.0,0.0,0.0,fpl-2026-27,1.025,266,76357,Cairney,10,Fulham,Midfielder,4.9,0.0,0.0,0.0,0.0,0.0,0.0,0.0,0.0,0.0,0,0,0,0.0,0,0,0,0.0,0.0
2026-09-18T16:27:56+00:00,5,2026-09-18T17:30:00Z,player-sim-2.0,player-sim-2.0,player-sim-3.0-candidate,holdout_rejected,0.0,0.0,0.0,0.0,fpl-2026-27,1.025,268,577725,King,10,Fulham,Midfielder,5.5,2.99,0.0,2.99,68.27,0.0,2.0,7.0,0.5436,2.99,0,2,7,2.7,0,2.0,7.0,0.02,0.005
2026-09-18T16:27:56+00:00,5,2026-09-18T17:30:00Z,player-sim-2.0,player-sim-2.0,player-sim-3.0-candidate,holdout_rejected,0.0,0.0,0.0,0.0,fpl-2026-27,1.0,269,184349,Sessegnon,10,Fulham,Defender,4.4,1.015,0.0,1.015,18.76,0.0,1.0,2.0,0.2307,1.015,0,1,2,0.825,0,0,2.0,0.0067,0.0
2026-09-18T16:27:56+00:00,5,2026-09-18T17:30:00Z,player-sim-2.0,player-sim-2.0,player-sim-3.0-candidate,holdout_rejected,0.0,0.0,0.0,0.0,fpl-2026-27,1.025,270,153366,Reed,10,Fulham,Midfielder,4.4,0.015,0.0,0.015,0.36,0.0,0.0,0.0,0.0034,0.015,0,0,0,0.348,0,0,2.0,0.0017,0.0
2026-09-18T16:27:56+00:00,5,2026-09-18T17:30:00Z,player-sim-2.0,player-sim-2.0,player-sim-3.0-candidate,holdout_rejected,0.0,0.0,0.0,0.0,fpl-2026-27,1.02,271,244042,Muniz,10,Fulham,Forward,5.4,0.852,0.0,0.852,13.76,0.0,1.0,2.0,0.1577,0.852,0,1,2,0.957,0,1.0,2.0,0.0067,0.0
2026-09-18T16:27:56+00:00,5,2026-09-18T17:30:00Z,player-sim-2.0,player-sim-2.0,player-sim-3.0-candidate,holdout_rejected,0.0,0.0,0.0,0.0,fpl-2026-27,1.02,272,631786,Kusi-Asare,10,Fulham,Forward,4.5,0.01,0.0,0.01,0.11,0.0,0.0,0.0,0.0022,0.01,0,0,0,0.367,0,0,1.0,0.0017,0.0
2026-09-18T16:27:56+00:00,5,2026-09-18T17:30:00Z,player-sim-2.0,player-sim-2.0,player-sim-3.0-candidate,holdout_rejected,0.0,0.0,0.0,0.0,fpl-2026-27,1.02,569,551466,Gonzalo,10,Fulham,Forward,6.0,2.572,0.0,2.572,63.51,0.0,2.0,6.0,0.4286,2.572,0,2,6,2.78,0,2.0,6.0,0.0333,0.005
2026-09-18T16:27:56+00:00,5,2026-09-18T17:30:00Z,player-sim-2.0,player-sim-2.0,player-sim-3.0-candidate,holdout_rejected,0.0,0.0,0.0,0.0,fpl-2026-27,1.025,570,571779,Palacios,10,Fulham,Midfielder,5.4,1.797,0.0,1.797,44.79,0.0,1.0,4.0,0.3327,1.797,0,1,4,1.897,0,1.0,6.0,0.025,0.005
2026-09-18T16:27:56+00:00,5,2026-09-18T17:30:00Z,player-sim-2.0,player-sim-2.0,player-sim-3.0-candidate,holdout_rejected,0.0,0.0,0.0,0.0,fpl-2026-27,1.025,580,463210,Charles,10,Fulham,Midfielder,5.0,1.768,0.0,1.768,44.95,0.0,1.0,4.0,0.3537,1.768,0,1,4,1.593,0,1.0,3.0,0.0017,0.0
2026-09-18T16:27:56+00:00,5,2026-09-18T17:30:00Z,player-sim-2.0,player-sim-2.0,player-sim-3.0-candidate,holdout_rejected,0.0,0.0,0.0,0.0,fpl-2026-27,1.0,610,547686,De Fougerolles,10,Fulham,Defender,4.0,0.0,0.0,0.0,0.0,0.0,0.0,0.0,0.0,0.0,0,0,0,0.0,0,0,0,0.0,0.0
2026-09-18T16:27:56+00:00,5,2026-09-18T17:30:00Z,player-sim-2.0,player-sim-2.0,player-sim-3.0-candidate,holdout_rejected,0.0,0.0,0.0,0.0,fpl-2026-27,1.0312,626,616069,Zepa,10,Fulham,Midfielder,4.5,0.552,0.0,0.552,15.86,0.0,0.0,2.0,0.1226,0.552,0,0,2,0.4,0,0,2.0,0.0033,0.0
2026-09-18T16:27:56+00:00,5,2026-09-18T17:30:00Z,player-sim-2.0,player-sim-2.0,player-sim-3.0-candidate,holdout_rejected,0.0,0.0,0.0,0.0,fpl-2026-27,1.0375,635,551050,Larsson,10,Fulham,Midfielder,5.0,1.025,0.0,1.025,20.12,0.0,1.0,2.0,0.205,1.025,0,1,2,1.163,0,1.0,2.0,0.0,0.0
2026-09-18T16:27:56+00:00,5,2026-09-18T17:30:00Z,player-sim-2.0,player-sim-2.0,player-sim-3.0-candidate,holdout_rejected,0.0,0.0,0.0,0.0,fpl-2026-27,1.0375,636,500033,Ángel,10,Fulham,Midfielder,5.0,0.72,0.0,0.72,19.71,0.0,0.0,2.0,0.144,0.72,0,0,2,0.425,0,0,2.0,0.0,0.0
2026-09-18T16:27:56+00:00,5,2026-09-18T17:30:00Z,player-sim-2.0,player-sim-2.0,player-sim-3.0-candidate,holdout_rejected,0.0,0.0,0.0,0.0,fpl-2026-27,1.0,650,442299,Affengruber,10,Fulham,Defender,4.5,1.197,0.0,1.197,34.24,0.0,0.0,4.0,0.2659,1.197,0,0,4,1.235,0,0,4.0,0.0083,0.0
2026-09-18T16:27:56+00:00,5,2026-09-18T17:30:00Z,player-sim-2.0,player-sim-2.0,player-sim-3.0-candidate,holdout_rejected,0.0,0.0,0.0,0.0,fpl-2026-27,1.025,240,490094,Iroegbunam,11,Hull City,Midfielder,5.0,0.763,0.0,0.763,17.76,0.0,1.0,2.0,0.1527,0.763,0,1,2,0.685,0,0,1.0,0.0017,0.0
2026-09-18T16:27:56+00:00,5,2026-09-18T17:30:00Z,player-sim-2.0,player-sim-2.0,player-sim-3.0-candidate,holdout_rejected,0.0,0.0,0.0,0.0,fpl-2026-27,1.04,273,167825,Phillips,11,Hull City,Goalkeeper,4.0,0.302,0.0,0.302,7.42,0.0,0.0,0.0,0.0754,0.302,0,0,0,0.267,0,0,0,0.0,0.0
2026-09-18T16:27:56+00:00,5,2026-09-18T17:30:00Z,player-sim-2.0,player-sim-2.0,player-sim-3.0-candidate,holdout_rejected,0.0,0.0,0.0,0.0,fpl-2026-27,1.04,274,105666,Butland,11,Hull City,Goalkeeper,4.5,0.0,0.0,0.0,0.0,0.0,0.0,0.0,0.0,0.0,0,0,0,0.0,0,0,0,0.0,0.0
2026-09-18T16:27:56+00:00,5,2026-09-18T17:30:00Z,player-sim-2.0,player-sim-2.0,player-sim-3.0-candidate,holdout_rejected,0.0,0.0,0.0,0.0,fpl-2026-27,1.04,275,494950,Cartwright,11,Hull City,Goalkeeper,4.0,0.0,0.0,0.0,0.0,0.0,0.0,0.0,0.0,0.0,0,0,0,0.0,0,0,0,0.0,0.0
2026-09-18T16:27:56+00:00,5,2026-09-18T17:30:00Z,player-sim-2.0,player-sim-2.0,player-sim-3.0-candidate,holdout_rejected,0.0,0.0,0.0,0.0,fpl-2026-27,1.04,276,444307,Lo-Tutala,11,Hull City,Goalkeeper,4.0,0.0,0.0,0.0,0.0,0.0,0.0,0.0,0.0,0.0,0,0,0,0.0,0,0,0,0.0,0.0
2026-09-18T16:27:56+00:00,5,2026-09-18T17:30:00Z,player-sim-2.0,player-sim-2.0,player-sim-3.0-candidate,holdout_rejected,0.0,0.0,0.0,0.0,fpl-2026-27,1.0,277,108416,Egan,11,Hull City,Defender,4.1,2.585,0.0,2.585,64.4,0.0,2.0,6.0,0.6305,2.585,0,2,6,2.495,0,2.0,6.0,0.005,0.0
2026-09-18T16:27:56+00:00,5,2026-09-18T17:30:00Z,player-sim-2.0,player-sim-2.0,player-sim-3.0-candidate,holdout_rejected,0.0,0.0,0.0,0.0,fpl-2026-27,1.0,278,501902,Hughes,11,Hull City,Defender,3.9,0.0,0.0,0.0,0.0,0.0,0.0,0.0,0.0,0.0,0,0,0,0.0,0,0,0,0.0,0.0
2026-09-18T16:27:56+00:00,5,2026-09-18T17:30:00Z,player-sim-2.0,player-sim-2.0,player-sim-3.0-candidate,holdout_rejected,0.0,0.0,0.0,0.0,fpl-2026-27,1.0,279,146426,Ajayi,11,Hull City,Defender,4.2,2.642,0.0,2.642,66.35,1.0,2.0,6.0,0.629,2.642,1,2,6,2.982,0,2.0,7.0,0.0367,0.005
2026-09-18T16:27:56+00:00,5,2026-09-18T17:30:00Z,player-sim-2.0,player-sim-2.0,player-sim-3.0-candidate,holdout_rejected,0.0,0.0,0.0,0.0,fpl-2026-27,1.0,280,193278,Coyle,11,Hull City,Defender,4.0,2.267,0.0,2.267,53.05,0.0,2.0,6.0,0.5667,2.267,0,2,6,2.508,0,2.0,6.0,0.0083,0.0
2026-09-18T16:27:56+00:00,5,2026-09-18T17:30:00Z,player-sim-2.0,player-sim-2.0,player-sim-3.0-candidate,holdout_rejected,0.0,0.0,0.0,0.0,fpl-2026-27,1.0,281,433590,Drameh,11,Hull City,Defender,4.0,0.0,0.0,0.0,0.0,0.0,0.0,0.0,0.0,0.0,0,0,0,0.0,0,0,0,0.0,0.0
2026-09-18T16:27:56+00:00,5,2026-09-18T17:30:00Z,player-sim-2.0,player-sim-2.0,player-sim-3.0-candidate,holdout_rejected,0.0,0.0,0.0,0.0,fpl-2026-27,1.0,282,232351,Giles,11,Hull City,Defender,4.0,2.592,0.0,2.592,66.07,0.0,2.0,6.0,0.6479,2.592,0,2,6,2.462,0,2.0,6.0,0.0083,0.0
2026-09-18T16:27:56+00:00,5,2026-09-18T17:30:00Z,player-sim-2.0,player-sim-2.0,player-sim-3.0-candidate,holdout_rejected,0.0,0.0,0.0,0.0,fpl-2026-27,1.0,283,449428,Jacob,11,Hull City,Defender,4.0,0.0,0.0,0.0,0.0,0.0,0.0,0.0,0.0,0.0,0,0,0,0.0,0,0,0,0.0,0.0
2026-09-18T16:27:56+00:00,5,2026-09-18T17:30:00Z,player-sim-2.0,player-sim-2.0,player-sim-3.0-candidate,holdout_rejected,0.0,0.0,0.0,0.0,fpl-2026-27,1.0,284,661800,McCarthy,11,Hull City,Defender,4.0,0.455,0.0,0.455,10.68,0.0,0.0,1.0,0.1138,0.455,0,0,1,0.447,0,0,1.0,0.0,0.0
2026-09-18T16:27:56+00:00,5,2026-09-18T17:30:00Z,player-sim-2.0,player-sim-2.0,player-sim-3.0-candidate,holdout_rejected,0.0,0.0,0.0,0.0,fpl-2026-27,1.0,285,160817,McNair,11,Hull City,Defender,4.0,0.163,0.0,0.163,3.24,0.0,0.0,1.0,0.0408,0.163,0,0,1,0.59,0,0,1.0,0.0,0.0
2026-09-18T16:27:56+00:00,5,2026-09-18T17:30:00Z,player-sim-2.0,player-sim-2.0,player-sim-3.0-candidate,holdout_rejected,0.0,0.0,0.0,0.0,fpl-2026-27,1.025,286,540324,Belloumi,11,Hull City,Midfielder,5.1,2.353,0.0,2.353,59.74,0.0,2.0,5.0,0.4614,2.353,0,2,5,2.528,0,2.0,5.0,0.0117,0.0017
2026-09-18T16:27:56+00:00,5,2026-09-18T17:30:00Z,player-sim-2.0,player-sim-2.0,player-sim-3.0-candidate,holdout_rejected,0.0,0.0,0.0,0.0,fpl-2026-27,1.025,287,232905,Millar,11,Hull City,Midfielder,5.0,0.0,0.0,0.0,0.0,0.0,0.0,0.0,0.0,0.0,0,0,0,0.0,0,0,0,0.0,0.0
2026-09-18T16:27:56+00:00,5,2026-09-18T17:30:00Z,player-sim-2.0,player-sim-2.0,player-sim-3.0-candidate,holdout_rejected,0.0,0.0,0.0,0.0,fpl-2026-27,1.025,288,171270,Dowell,11,Hull City,Midfielder,4.5,0.12,0.0,0.12,2.19,0.0,0.0,1.0,0.0267,0.12,0,0,1,0.36,0,0,2.0,0.0017,0.0
2026-09-18T16:27:56+00:00,5,2026-09-18T17:30:00Z,player-sim-2.0,player-sim-2.0,player-sim-3.0-candidate,holdout_rejected,0.0,0.0,0.0,0.0,fpl-2026-27,1.025,289,101282,Crooks,11,Hull City,Midfielder,4.5,1.028,0.0,1.028,30.24,0.0,0.0,3.0,0.2285,1.028,0,0,3,1.152,0,0,3.0,0.0033,0.0
2026-09-18T16:27:56+00:00,5,2026-09-18T17:30:00Z,player-sim-2.0,player-sim-2.0,player-sim-3.0-candidate,holdout_rejected,0.0,0.0,0.0,0.0,fpl-2026-27,1.025,290,243413,Slater,11,Hull City,Midfielder,4.5,2.227,0.0,2.227,68.98,0.0,2.0,5.0,0.4948,2.227,0,2,5,2.252,0,2.0,5.0,0.0083,0.0017
2026-09-18T16:27:56+00:00,5,2026-09-18T17:30:00Z,player-sim-2.0,player-sim-2.0,player-sim-3.0-candidate,holdout_rejected,0.0,0.0,0.0,0.0,fpl-2026-27,1.025,291,465525,Matazo,11,Hull City,Midfielder,4.5,0.0,0.0,0.0,0.0,0.0,0.0,0.0,0.0,0.0,0,0,0,0.0,0,0,0,0.0,0.0
2026-09-18T16:27:56+00:00,5,2026-09-18T17:30:00Z,player-sim-2.0,player-sim-2.0,player-sim-3.0-candidate,holdout_rejected,0.0,0.0,0.0,0.0,fpl-2026-27,1.025,292,208481,Ömür,11,Hull City,Midfielder,4.9,0.358,0.0,0.358,9.96,0.0,0.0,1.0,0.0731,0.358,0,0,1,0.345,0,0,1.0,0.0,0.0
2026-09-18T16:27:56+00:00,5,2026-09-18T17:30:00Z,player-sim-2.0,player-sim-2.0,player-sim-3.0-candidate,holdout_rejected,0.0,0.0,0.0,0.0,fpl-2026-27,1.025,293,490161,Kamara,11,Hull City,Midfielder,5.0,0.0,0.0,0.0,0.0,0.0,0.0,0.0,0.0,0.0,0,0,0,0.0,0,0,0,0.0,0.0
2026-09-18T16:27:56+00:00,5,2026-09-18T17:30:00Z,player-sim-2.0,player-sim-2.0,player-sim-3.0-candidate,holdout_rejected,0.0,0.0,0.0,0.0,fpl-2026-27,1.025,294,553783,Zambrano,11,Hull City,Midfielder,4.5,0.41,0.0,0.41,9.58,0.0,0.0,2.0,0.0911,0.41,0,0,2,0.345,0,0,1.0,0.0,0.0
2026-09-18T16:27:56+00:00,5,2026-09-18T17:30:00Z,player-sim-2.0,player-sim-2.0,player-sim-3.0-candidate,holdout_rejected,0.0,0.0,0.0,0.0,fpl-2026-27,1.02,295,169432,McBurnie,11,Hull City,Forward,5.5,2.852,0.0,2.852,69.52,0.0,2.0,6.0,0.5185,2.852,0,2,6,2.483,0,2.0,6.0,0.0267,0.0033
2026-09-18T16:27:56+00:00,5,2026-09-18T17:30:00Z,player-sim-2.0,player-sim-2.0,player-sim-3.0-candidate,holdout_rejected,0.0,0.0,0.0,0.0,fpl-2026-27,1.025,296,213292,Akintola,11,Hull City,Midfielder,5.0,0.0,0.0,0.0,0.0,0.0,0.0,0.0,0.0,0.0,0,0,0,0.0,0,0,0,0.0,0.0
2026-09-18T16:27:56+00:00,5,2026-09-18T17:30:00Z,player-sim-2.0,player-sim-2.0,player-sim-3.0-candidate,holdout_rejected,0.0,0.0,0.0,0.0,fpl-2026-27,1.025,297,470294,Gyabi,11,Hull City,Midfielder,4.5,0.0,0.0,0.0,0.0,0.0,0.0,0.0,0.0,0.0,0,0,0,0.0,0,0,0,0.0,0.0
2026-09-18T16:27:56+00:00,5,2026-09-18T17:30:00Z,player-sim-2.0,player-sim-2.0,player-sim-3.0-candidate,holdout_rejected,0.0,0.0,0.0,0.0,fpl-2026-27,1.02,298,500957,Destan,11,Hull City,Forward,4.5,0.0,0.0,0.0,0.0,0.0,0.0,0.0,0.0,0.0,0,0,0,0.0,0,0,0,0.0,0.0
2026-09-18T16:27:56+00:00,5,2026-09-18T17:30:00Z,player-sim-2.0,player-sim-2.0,player-sim-3.0-candidate,holdout_rejected,0.0,0.0,0.0,0.0,fpl-2026-27,1.02,299,534392,Burstow,11,Hull City,Forward,4.5,0.0,0.0,0.0,0.0,0.0,0.0,0.0,0.0,0.0,0,0,0,0.0,0,0,0,0.0,0.0
2026-09-18T16:27:56+00:00,5,2026-09-18T17:30:00Z,player-sim-2.0,player-sim-2.0,player-sim-3.0-candidate,holdout_rejected,0.0,0.0,0.0,0.0,fpl-2026-27,1.025,340,462635,Gelhardt,11,Hull City,Midfielder,5.0,0.297,0.0,0.297,8.75,0.0,0.0,1.0,0.0593,0.297,0,0,1,0.267,0,0,1.0,0.0,0.0
2026-09-18T16:27:56+00:00,5,2026-09-18T17:30:00Z,player-sim-2.0,player-sim-2.0,player-sim-3.0-candidate,holdout_rejected,0.0,0.0,0.0,0.0,fpl-2026-27,1.0,556,169359,Targett,11,Hull City,Defender,4.0,0.392,0.0,0.392,7.95,0.0,0.0,1.0,0.0979,0.392,0,0,1,0.433,0,0,1.0,0.0,0.0
2026-09-18T16:27:56+00:00,5,2026-09-18T17:30:00Z,player-sim-2.0,player-sim-2.0,player-sim-3.0-candidate,holdout_rejected,0.0,0.0,0.0,0.0,fpl-2026-27,1.025,563,445028,Morita,11,Hull City,Midfielder,5.0,0.0,0.0,0.0,0.0,0.0,0.0,0.0,0.0,0.0,0,0,0,0.0,0,0,0,0.0,0.0
2026-09-18T16:27:56+00:00,5,2026-09-18T17:30:00Z,player-sim-2.0,player-sim-2.0,player-sim-3.0-candidate,holdout_rejected,0.0,0.0,0.0,0.0,fpl-2026-27,1.04,572,473284,Tzolakis,11,Hull City,Goalkeeper,4.6,3.41,0.0,3.41,70.47,0.0,3.0,8.0,0.7413,3.41,0,3,8,3.058,0,3.0,7.0,0.01,0.0017
2026-09-18T16:27:56+00:00,5,2026-09-18T17:30:00Z,player-sim-2.0,player-sim-2.0,player-sim-3.0-candidate,holdout_rejected,0.0,0.0,0.0,0.0,fpl-2026-27,1.025,574,552946,Hjertø-Dahl,11,Hull City,Midfielder,4.9,0.537,0.0,0.537,10.49,0.0,0.0,1.0,0.1095,0.537,0,0,1,0.58,0,0,2.0,0.0017,0.0
2026-09-18T16:27:56+00:00,5,2026-09-18T17:30:00Z,player-sim-2.0,player-sim-2.0,player-sim-3.0-candidate,holdout_rejected,0.0,0.0,0.0,0.0,fpl-2026-27,1.025,576,608227,Stroud,11,Hull City,Midfielder,5.0,1.848,0.0,1.848,48.97,0.0,2.0,3.0,0.3697,1.848,0,2,3,2.032,0,2.0,3.0,0.0,0.0
2026-09-18T16:27:56+00:00,5,2026-09-18T17:30:00Z,player-sim-2.0,player-sim-2.0,player-sim-3.0-candidate,holdout_rejected,0.0,0.0,0.0,0.0,fpl-2026-27,1.0,585,597462,Herrington,11,Hull City,Defender,4.0,1.177,0.0,1.177,20.9,0.0,1.0,2.0,0.2942,1.177,0,1,2,1.045,0,1.0,2.0,0.0017,0.0
2026-09-18T16:27:56+00:00,5,2026-09-18T17:30:00Z,player-sim-2.0,player-sim-2.0,player-sim-3.0-candidate,holdout_rejected,0.0,0.0,0.0,0.0,fpl-2026-27,1.0,586,606930,Mendy,11,Hull City,Defender,4.1,0.0,0.0,0.0,0.0,0.0,0.0,0.0,0.0,0.0,0,0,0,0.0,0,0,0,0.0,0.0
2026-09-18T16:27:56+00:00,5,2026-09-18T17:30:00Z,player-sim-2.0,player-sim-2.0,player-sim-3.0-candidate,holdout_rejected,0.0,0.0,0.0,0.0,fpl-2026-27,1.025,589,469266,Gourna-Douath,11,Hull City,Midfielder,5.0,1.09,0.0,1.09,29.77,0.0,1.0,3.0,0.218,1.09,0,1,3,0.905,0.0,0,3.0,0.0,0.0
2026-09-18T16:27:56+00:00,5,2026-09-18T17:30:00Z,player-sim-2.0,player-sim-2.0,player-sim-3.0-candidate,holdout_rejected,0.0,0.0,0.0,0.0,fpl-2026-27,1.0312,617,490884,Cho,11,Hull City,Midfielder,5.0,1.217,0.0,1.217,22.23,0.0,1.0,3.0,0.2433,1.217,0,1,3,1.245,0,1.0,2.0,0.0067,0.0033
2026-09-18T16:27:56+00:00,5,2026-09-18T17:30:00Z,player-sim-2.0,player-sim-2.0,player-sim-3.0-candidate,holdout_rejected,0.0,0.0,0.0,0.0,fpl-2026-27,1.03,632,626751,Ansah,11,Hull City,Forward,5.0,0.0,0.0,0.0,0.0,0.0,0.0,0.0,0.0,0.0,0,0,0,0.0,0,0,0,0.0,0.0
2026-09-18T16:27:56+00:00,5,2026-09-18T17:30:00Z,player-sim-2.0,player-sim-2.0,player-sim-3.0-candidate,holdout_rejected,0.0,0.0,0.0,0.0,fpl-2026-27,1.03,637,631000,Vaz,11,Hull City,Forward,5.0,0.867,0.0,0.867,16.84,0.0,0.0,2.0,0.1733,0.867,0,0,2,0.633,0,0,2.0,0.0,0.0
2026-09-18T16:27:56+00:00,5,2026-09-18T17:30:00Z,player-sim-2.0,player-sim-2.0,player-sim-3.0-candidate,holdout_rejected,0.0,0.0,0.0,0.0,fpl-2026-27,1.0,638,496181,Norton-Cuffy,11,Hull City,Defender,4.0,1.037,0.0,1.037,24.3,0.0,1.0,2.0,0.2592,1.037,0,1,2,1.048,0,1.0,2.0,0.0017,0.0
2026-09-18T16:27:56+00:00,5,2026-09-18T17:30:00Z,player-sim-2.0,player-sim-2.0,player-sim-3.0-candidate,holdout_rejected,0.0,0.0,0.0,0.0,fpl-2026-27,1.0375,642,243951,Thomas,11,Hull City,Midfielder,5.5,1.242,0.0,1.242,26.45,0.0,1.0,3.0,0.2258,1.242,0,1,3,1.082,0,1.0,2.0,0.0017,0.0
2026-09-18T16:27:56+00:00,5,2026-09-18T17:30:00Z,player-sim-2.0,player-sim-2.0,player-sim-3.0-candidate,holdout_rejected,0.0,0.0,0.0,0.0,fpl-2026-27,1.0375,645,647839,Mouzakitis,11,Hull City,Midfielder,5.0,0.82,0.0,0.82,20.18,0.0,0.0,3.0,0.164,0.82,0,0,3,0.487,0,0,2.0,0.0,0.0
2026-09-18T16:27:56+00:00,5,2026-09-18T17:30:00Z,player-sim-2.0,player-sim-2.0,player-sim-3.0-candidate,holdout_rejected,0.0,0.0,0.0,0.0,fpl-2026-27,1.0,259,219924,Diop,12,Ipswich Town,Defender,4.0,2.478,0.0,2.478,64.97,0.0,2.0,6.0,0.6196,2.478,0,2,6,2.28,0,2.0,6.0,0.0033,0.0
2026-09-18T16:27:56+00:00,5,2026-09-18T17:30:00Z,player-sim-2.0,player-sim-2.0,player-sim-3.0-candidate,holdout_rejected,0.0,0.0,0.0,0.0,fpl-2026-27,1.025,267,212314,Lukić,12,Ipswich Town,Midfielder,5.0,2.277,0.0,2.277,68.1,0.0,2.0,5.0,0.4553,2.277,0,2,5,2.05,0,2.0,4.0,0.005,0.0017
2026-09-18T16:27:56+00:00,5,2026-09-18T17:30:00Z,player-sim-2.0,player-sim-2.0,player-sim-3.0-candidate,holdout_rejected,0.0,0.0,0.0,0.0,fpl-2026-27,1.04,300,108813,Walton,12,Ipswich Town,Goalkeeper,4.4,0.218,0.0,0.218,5.55,0.0,0.0,0.0,0.0496,0.218,0,0,0,0.222,0,0,0,0.0017,0.0
2026-09-18T16:27:56+00:00,5,2026-09-18T17:30:00Z,player-sim-2.0,player-sim-2.0,player-sim-3.0-candidate,holdout_rejected,0.0,0.0,0.0,0.0,fpl-2026-27,1.04,301,112520,Palmer,12,Ipswich Town,Goalkeeper,4.0,0.488,0.0,0.488,11.0,0.0,0.0,2.0,0.1221,0.488,0,0,2,0.232,0,0,0,0.0,0.0
2026-09-18T16:27:56+00:00,5,2026-09-18T17:30:00Z,player-sim-2.0,player-sim-2.0,player-sim-3.0-candidate,holdout_rejected,0.0,0.0,0.0,0.0,fpl-2026-27,1.04,302,50093,Button,12,Ipswich Town,Goalkeeper,4.0,0.018,0.0,0.018,0.28,0.0,0.0,0.0,0.0046,0.018,0,0,0,0.265,0,0,0,0.0,0.0
2026-09-18T16:27:56+00:00,5,2026-09-18T17:30:00Z,player-sim-2.0,player-sim-2.0,player-sim-3.0-candidate,holdout_rejected,0.0,0.0,0.0,0.0,fpl-2026-27,1.0,303,183015,Kipré,12,Ipswich Town,Defender,3.9,0.393,0.0,0.393,8.48,0.0,0.0,1.0,0.1008,0.393,0,0,1,0.275,0,0,1.0,0.0,0.0
2026-09-18T16:27:56+00:00,5,2026-09-18T17:30:00Z,player-sim-2.0,player-sim-2.0,player-sim-3.0-candidate,holdout_rejected,0.0,0.0,0.0,0.0,fpl-2026-27,1.0,304,216616,O'Shea,12,Ipswich Town,Defender,4.0,3.392,0.0,3.392,85.54,1.0,3.0,8.0,0.8479,3.392,1,3,8,2.802,0.0,2.0,7.0,0.0117,0.0
2026-09-18T16:27:56+00:00,5,2026-09-18T17:30:00Z,player-sim-2.0,player-sim-2.0,player-sim-3.0-candidate,holdout_rejected,0.0,0.0,0.0,0.0,fpl-2026-27,1.0,305,455084,Davis,12,Ipswich Town,Defender,4.0,3.718,0.0,3.718,84.44,1.0,2.0,8.0,0.9296,3.718,1,2,8,3.103,0,2.0,8.0,0.06,0.0133
2026-09-18T16:27:56+00:00,5,2026-09-18T17:30:00Z,player-sim-2.0,player-sim-2.0,player-sim-3.0-candidate,holdout_rejected,0.0,0.0,0.0,0.0,fpl-2026-27,1.0,306,449429,Greaves,12,Ipswich Town,Defender,4.0,2.847,0.0,2.847,78.72,0.0,2.0,6.0,0.7117,2.847,0,2,6,2.195,0,1.0,6.0,0.0083,0.0
2026-09-18T16:27:56+00:00,5,2026-09-18T17:30:00Z,player-sim-2.0,player-sim-2.0,player-sim-3.0-candidate,holdout_rejected,0.0,0.0,0.0,0.0,fpl-2026-27,1.0,307,222018,Johnson,12,Ipswich Town,Defender,4.0,0.0,0.0,0.0,0.0,0.0,0.0,0.0,0.0,0.0,0,0,0,0.0,0,0,0,0.0,0.0
2026-09-18T16:27:56+00:00,5,2026-09-18T17:30:00Z,player-sim-2.0,player-sim-2.0,player-sim-3.0-candidate,holdout_rejected,0.0,0.0,0.0,0.0,fpl-2026-27,1.0,308,176420,Furlong,12,Ipswich Town,Defender,3.9,0.53,0.0,0.53,9.78,0.0,1.0,1.0,0.1359,0.53,0,1,1,0.53,0,0.0,1.0,0.0,0.0
2026-09-18T16:27:56+00:00,5,2026-09-18T17:30:00Z,player-sim-2.0,player-sim-2.0,player-sim-3.0-candidate,holdout_rejected,0.0,0.0,0.0,0.0,fpl-2026-27,1.025,309,501390,Núñez,12,Ipswich Town,Midfielder,4.9,1.077,0.0,1.077,28.09,0.0,0.0,3.0,0.2197,1.077,0,0,3,1.145,0,0,3.0,0.0033,0.0
2026-09-18T16:27:56+00:00,5,2026-09-18T17:30:00Z,player-sim-2.0,player-sim-2.0,player-sim-3.0-candidate,holdout_rejected,0.0,0.0,0.0,0.0,fpl-2026-27,1.025,310,241117,Matusiwa,12,Ipswich Town,Midfielder,4.9,0.327,0.0,0.327,8.73,0.0,0.0,1.0,0.0667,0.327,0,0,1,0.298,0,0,1.0,0.0,0.0
2026-09-18T16:27:56+00:00,5,2026-09-18T17:30:00Z,player-sim-2.0,player-sim-2.0,player-sim-3.0-candidate,holdout_rejected,0.0,0.0,0.0,0.0,fpl-2026-27,1.025,311,149929,Burns,12,Ipswich Town,Midfielder,5.0,0.0,0.0,0.0,0.0,0.0,0.0,0.0,0.0,0.0,0,0,0,0.0,0,0,0,0.0,0.0
2026-09-18T16:27:56+00:00,5,2026-09-18T17:30:00Z,player-sim-2.0,player-sim-2.0,player-sim-3.0-candidate,holdout_rejected,0.0,0.0,0.0,0.0,fpl-2026-27,1.025,312,231899,Taylor,12,Ipswich Town,Midfielder,4.5,0.0,0.0,0.0,0.0,0.0,0.0,0.0,0.0,0.0,0,0,0,0.0,0,0,0,0.0,0.0
2026-09-18T16:27:56+00:00,5,2026-09-18T17:30:00Z,player-sim-2.0,player-sim-2.0,player-sim-3.0-candidate,holdout_rejected,0.0,0.0,0.0,0.0,fpl-2026-27,1.025,313,443261,Clarke,12,Ipswich Town,Midfielder,5.4,1.28,0.0,1.28,29.42,0.0,1.0,3.0,0.237,1.28,0,1,3,1.213,0,1.0,3.0,0.0017,0.0
2026-09-18T16:27:56+00:00,5,2026-09-18T17:30:00Z,player-sim-2.0,player-sim-2.0,player-sim-3.0-candidate,holdout_rejected,0.0,0.0,0.0,0.0,fpl-2026-27,1.025,314,229164,Ogbene,12,Ipswich Town,Midfielder,4.9,0.0,0.0,0.0,0.0,0.0,0.0,0.0,0.0,0.0,0,0,0,0.0,0,0,0,0.0,0.0
2026-09-18T16:27:56+00:00,5,2026-09-18T17:30:00Z,player-sim-2.0,player-sim-2.0,player-sim-3.0-candidate,holdout_rejected,0.0,0.0,0.0,0.0,fpl-2026-27,1.025,315,531442,Fatawu,12,Ipswich Town,Midfielder,5.4,2.213,0.0,2.213,54.5,0.0,2.0,5.0,0.4099,2.213,0,2,5,2.338,0,2.0,5.0,0.01,0.0
2026-09-18T16:27:56+00:00,5,2026-09-18T17:30:00Z,player-sim-2.0,player-sim-2.0,player-sim-3.0-candidate,holdout_rejected,0.0,0.0,0.0,0.0,fpl-2026-27,1.02,316,543968,Emersonn,12,Ipswich Town,Forward,5.5,2.348,0.0,2.348,46.42,0.0,2.0,6.0,0.427,2.348,0,2,6,2.702,0,2.0,7.0,0.025,0.0033
2026-09-18T16:27:56+00:00,5,2026-09-18T17:30:00Z,player-sim-2.0,player-sim-2.0,player-sim-3.0-candidate,holdout_rejected,0.0,0.0,0.0,0.0,fpl-2026-27,1.02,317,222625,Hirst,12,Ipswich Town,Forward,5.0,0.0,0.0,0.0,0.0,0.0,0.0,0.0,0.0,0.0,0,0,0,0.0,0,0,0,0.0,0.0
2026-09-18T16:27:56+00:00,5,2026-09-18T17:30:00Z,player-sim-2.0,player-sim-2.0,player-sim-3.0-candidate,holdout_rejected,0.0,0.0,0.0,0.0,fpl-2026-27,1.025,318,481624,Philogene,12,Ipswich Town,Midfielder,5.4,0.445,0.0,0.445,9.02,0.0,0.0,1.0,0.0824,0.445,0,0,1,0.588,0,0,2.0,0.0017,0.0
2026-09-18T16:27:56+00:00,5,2026-09-18T17:30:00Z,player-sim-2.0,player-sim-2.0,player-sim-3.0-candidate,holdout_rejected,0.0,0.0,0.0,0.0,fpl-2026-27,1.025,319,172453,Szmodics,12,Ipswich Town,Midfielder,5.0,0.0,0.0,0.0,0.0,0.0,0.0,0.0,0.0,0.0,0,0,0,0.0,0,0,0,0.0,0.0
2026-09-18T16:27:56+00:00,5,2026-09-18T17:30:00Z,player-sim-2.0,player-sim-2.0,player-sim-3.0-candidate,holdout_rejected,0.0,0.0,0.0,0.0,fpl-2026-27,1.02,320,147675,Akpom,12,Ipswich Town,Forward,5.0,0.813,0.0,0.813,13.93,0.0,0.0,2.0,0.1627,0.813,0,0,2,0.918,0,0,2.0,0.0067,0.0
2026-09-18T16:27:56+00:00,5,2026-09-18T17:30:00Z,player-sim-2.0,player-sim-2.0,player-sim-3.0-candidate,holdout_rejected,0.0,0.0,0.0,0.0,fpl-2026-27,1.02,321,557012,Walle Egeli,12,Ipswich Town,Forward,4.5,0.46,0.0,0.46,8.87,0.0,0.0,2.0,0.1022,0.46,0,0,2,0.562,0,0,2.0,0.0033,0.0
2026-09-18T16:27:56+00:00,5,2026-09-18T17:30:00Z,player-sim-2.0,player-sim-2.0,player-sim-3.0-candidate,holdout_rejected,0.0,0.0,0.0,0.0,fpl-2026-27,1.02,322,462387,Al-Hamadi,12,Ipswich Town,Forward,5.0,0.0,0.0,0.0,0.0,0.0,0.0,0.0,0.0,0.0,0,0,0,0.0,0,0,0,0.0,0.0
2026-09-18T16:27:56+00:00,5,2026-09-18T17:30:00Z,player-sim-2.0,player-sim-2.0,player-sim-3.0-candidate,holdout_rejected,0.0,0.0,0.0,0.0,fpl-2026-27,1.025,323,461587,McAteer,12,Ipswich Town,Midfielder,4.5,0.642,0.0,0.642,13.03,0.0,1.0,1.0,0.1426,0.642,0,1,1,0.858,0,1.0,2.0,0.0,0.0
2026-09-18T16:27:56+00:00,5,2026-09-18T17:30:00Z,player-sim-2.0,player-sim-2.0,player-sim-3.0-candidate,holdout_rejected,0.0,0.0,0.0,0.0,fpl-2026-27,1.025,324,232457,Mehmeti,12,Ipswich Town,Midfielder,4.9,0.435,0.0,0.435,12.06,0.0,0.0,2.0,0.0888,0.435,0,0,2,0.267,0,0,1.0,0.0017,0.0017
2026-09-18T16:27:56+00:00,5,2026-09-18T17:30:00Z,player-sim-2.0,player-sim-2.0,player-sim-3.0-candidate,holdout_rejected,0.0,0.0,0.0,0.0,fpl-2026-27,1.04,554,546600,Van Oevelen,12,Ipswich Town,Goalkeeper,4.5,0.0,0.0,0.0,0.0,0.0,0.0,0.0,0.0,0.0,0,0,0,0.0,0,0,0,0.0,0.0
2026-09-18T16:27:56+00:00,5,2026-09-18T17:30:00Z,player-sim-2.0,player-sim-2.0,player-sim-3.0-candidate,holdout_rejected,0.0,0.0,0.0,0.0,fpl-2026-27,1.025,562,442967,Maeda,12,Ipswich Town,Midfielder,5.4,2.017,0.0,2.017,47.93,0.0,2.0,4.0,0.3735,2.017,0,2,4,2.138,0,2.0,6.0,0.01,0.0017
2026-09-18T16:27:56+00:00,5,2026-09-18T17:30:00Z,player-sim-2.0,player-sim-2.0,player-sim-3.0-candidate,holdout_rejected,0.0,0.0,0.0,0.0,fpl-2026-27,1.04,564,240514,Scherpen,12,Ipswich Town,Goalkeeper,4.5,2.632,0.0,2.632,66.34,0.0,2.0,7.0,0.5848,2.632,0,2,7,2.572,0,2.0,7.0,0.0017,0.0
2026-09-18T16:27:56+00:00,5,2026-09-18T17:30:00Z,player-sim-2.0,player-sim-2.0,player-sim-3.0-candidate,holdout_rejected,0.0,0.0,0.0,0.0,fpl-2026-27,1.025,571,216055,Florentino,12,Ipswich Town,Midfielder,4.9,0.793,0.0,0.793,19.22,0.0,0.0,2.0,0.1619,0.793,0,0,2,0.49,0,0,1.0,0.0,0.0
2026-09-18T16:27:56+00:00,5,2026-09-18T17:30:00Z,player-sim-2.0,player-sim-2.0,player-sim-3.0-candidate,holdout_rejected,0.0,0.0,0.0,0.0,fpl-2026-27,1.025,591,474120,Enciso,12,Ipswich Town,Midfielder,5.5,2.608,0.0,2.608,65.98,0.0,2.0,7.0,0.4742,2.608,0,2,7,2.745,0,2.0,7.0,0.035,0.0083
2026-09-18T16:27:56+00:00,5,2026-09-18T17:30:00Z,player-sim-2.0,player-sim-2.0,player-sim-3.0-candidate,holdout_rejected,0.0,0.0,0.0,0.0,fpl-2026-27,1.0,592,572584,Ouattara,12,Ipswich Town,Defender,4.0,0.892,0.0,0.892,18.45,0.0,1.0,1.0,0.2229,0.892,0,1,1,1.035,0.0,1.0,1.0,0.0,0.0
2026-09-18T16:27:56+00:00,5,2026-09-18T17:30:00Z,player-sim-2.0,player-sim-2.0,player-sim-3.0-candidate,holdout_rejected,0.0,0.0,0.0,0.0,fpl-2026-27,1.025,602,524180,Humphreys,12,Ipswich Town,Midfielder,4.5,0.0,0.0,0.0,0.0,0.0,0.0,0.0,0.0,0.0,0,0,0,0.0,0,0,0,0.0,0.0
2026-09-18T16:27:56+00:00,5,2026-09-18T17:30:00Z,player-sim-2.0,player-sim-2.0,player-sim-3.0-candidate,holdout_rejected,0.0,0.0,0.0,0.0,fpl-2026-27,1.0312,619,218543,Palacios,12,Ipswich Town,Midfielder,5.0,1.787,0.0,1.787,44.95,0.0,1.0,4.0,0.3573,1.787,0,1,4,1.833,0,1.0,4.0,0.01,0.0
2026-09-18T16:27:56+00:00,5,2026-09-18T17:30:00Z,player-sim-2.0,player-sim-2.0,player-sim-3.0-candidate,holdout_rejected,0.0,0.0,0.0,0.0,fpl-2026-27,1.03,640,431639,Flemming,12,Ipswich Town,Forward,5.5,2.042,0.0,2.042,38.76,0.0,1.0,6.0,0.3712,2.042,0,1,6,1.273,0,1.0,3.0,0.0033,0.0017
2026-09-18T16:27:56+00:00,5,2026-09-18T17:30:00Z,player-sim-2.0,player-sim-2.0,player-sim-3.0-candidate,holdout_rejected,0.0,0.0,0.0,0.0,fpl-2026-27,1.025,260,153682,Wilson,13,Leeds,Midfielder,6.2,0.0,0.0,0.0,0.0,0.0,0.0,0.0,0.0,0.0,0,0,0,0.0,0,0,0,0.0,0.0
2026-09-18T16:27:56+00:00,5,2026-09-18T17:30:00Z,player-sim-2.0,player-sim-2.0,player-sim-3.0-candidate,holdout_rejected,0.0,0.0,0.0,0.0,fpl-2026-27,1.04,326,201595,Perri,13,Leeds,Goalkeeper,4.5,0.0,0.0,0.0,0.0,0.0,0.0,0.0,0.0,0.0,0,0,0,0.0,0,0,0,0.0,0.0
2026-09-18T16:27:56+00:00,5,2026-09-18T17:30:00Z,player-sim-2.0,player-sim-2.0,player-sim-3.0-candidate,holdout_rejected,0.0,0.0,0.0,0.0,fpl-2026-27,1.0,327,434752,Bijol,13,Leeds,Defender,5.0,2.198,0.0,2.198,40.77,0.0,1.0,6.0,0.4397,2.198,0,1,6,1.902,0,1.0,6.0,0.0083,0.0017
2026-09-18T16:27:56+00:00,5,2026-09-18T17:30:00Z,player-sim-2.0,player-sim-2.0,player-sim-3.0-candidate,holdout_rejected,0.0,0.0,0.0,0.0,fpl-2026-27,1.0,329,214225,Rodon,13,Leeds,Defender,4.4,0.0,0.0,0.0,0.0,0.0,0.0,0.0,0.0,0.0,0,0,0,0.0,0,0,0,0.0,0.0
2026-09-18T16:27:56+00:00,5,2026-09-18T17:30:00Z,player-sim-2.0,player-sim-2.0,player-sim-3.0-candidate,holdout_rejected,0.0,0.0,0.0,0.0,fpl-2026-27,1.0,330,226182,Bogle,13,Leeds,Defender,4.6,4.333,0.0,4.333,73.43,1.0,3.0,8.0,0.942,4.333,1,3,8,3.573,0,2.0,8.0,0.0783,0.0183
2026-09-18T16:27:56+00:00,5,2026-09-18T17:30:00Z,player-sim-2.0,player-sim-2.0,player-sim-3.0-candidate,holdout_rejected,0.0,0.0,0.0,0.0,fpl-2026-27,1.0,331,243526,Gudmundsson,13,Leeds,Defender,4.5,2.143,0.0,2.143,48.69,0.0,1.0,6.0,0.4763,2.143,0,1,6,1.458,0,0,6.0,0.0033,0.0
2026-09-18T16:27:56+00:00,5,2026-09-18T17:30:00Z,player-sim-2.0,player-sim-2.0,player-sim-3.0-candidate,holdout_rejected,0.0,0.0,0.0,0.0,fpl-2026-27,1.0,332,220627,Justin,13,Leeds,Defender,4.5,3.728,0.0,3.728,75.6,1.0,3.0,8.0,0.8285,3.728,1,3,8,3.182,0,2.0,8.0,0.0317,0.0033
2026-09-18T16:27:56+00:00,5,2026-09-18T17:30:00Z,player-sim-2.0,player-sim-2.0,player-sim-3.0-candidate,holdout_rejected,0.0,0.0,0.0,0.0,fpl-2026-27,1.0,333,437738,Bornauw,13,Leeds,Defender,4.5,0.0,0.0,0.0,0.0,0.0,0.0,0.0,0.0,0.0,0,0,0,0.0,0,0,0,0.0,0.0
2026-09-18T16:27:56+00:00,5,2026-09-18T17:30:00Z,player-sim-2.0,player-sim-2.0,player-sim-3.0-candidate,holdout_rejected,0.0,0.0,0.0,0.0,fpl-2026-27,1.0,334,522047,Muharemović,13,Leeds,Defender,5.0,3.343,0.0,3.343,72.0,0.0,3.0,8.0,0.6687,3.343,0,3,8,3.01,0,2.0,8.0,0.0133,0.0017
2026-09-18T16:27:56+00:00,5,2026-09-18T17:30:00Z,player-sim-2.0,player-sim-2.0,player-sim-3.0-candidate,holdout_rejected,0.0,0.0,0.0,0.0,fpl-2026-27,1.025,335,466525,Stach,13,Leeds,Midfielder,6.0,4.125,0.0,4.125,81.14,2.0,4.0,8.0,0.6875,4.125,2,4,8,3.265,0,3.0,8.0,0.0467,0.005
2026-09-18T16:27:56+00:00,5,2026-09-18T17:30:00Z,player-sim-2.0,player-sim-2.0,player-sim-3.0-candidate,holdout_rejected,0.0,0.0,0.0,0.0,fpl-2026-27,1.025,336,435997,Okafor,13,Leeds,Midfielder,5.8,2.805,0.0,2.805,53.96,0.0,2.0,7.0,0.4836,2.805,0,2,7,2.25,0,2.0,5.0,0.0133,0.0
2026-09-18T16:27:56+00:00,5,2026-09-18T17:30:00Z,player-sim-2.0,player-sim-2.0,player-sim-3.0-candidate,holdout_rejected,0.0,0.0,0.0,0.0,fpl-2026-27,1.025,337,427637,Aaronson,13,Leeds,Midfielder,5.4,2.11,0.0,2.11,46.51,1.0,1.0,4.0,0.3907,2.11,1,1,4,1.658,0,1.0,3.0,0.005,0.0
2026-09-18T16:27:56+00:00,5,2026-09-18T17:30:00Z,player-sim-2.0,player-sim-2.0,player-sim-3.0-candidate,holdout_rejected,0.0,0.0,0.0,0.0,fpl-2026-27,1.025,338,199598,Ampadu,13,Leeds,Midfielder,5.4,3.52,0.0,3.52,86.34,2.0,3.0,6.0,0.6519,3.52,2,3,6,2.672,0,2.0,5.0,0.0067,0.0
2026-09-18T16:27:56+00:00,5,2026-09-18T17:30:00Z,player-sim-2.0,player-sim-2.0,player-sim-3.0-candidate,holdout_rejected,0.0,0.0,0.0,0.0,fpl-2026-27,1.025,339,180135,Longstaff,13,Leeds,Midfielder,4.9,0.622,0.0,0.622,11.54,0.0,0.0,1.0,0.1269,0.622,0,0,1,0.763,0,0,2.0,0.0,0.0
2026-09-18T16:27:56+00:00,5,2026-09-18T17:30:00Z,player-sim-2.0,player-sim-2.0,player-sim-3.0-candidate,holdout_rejected,0.0,0.0,0.0,0.0,fpl-2026-27,1.025,341,492859,Gnonto,13,Leeds,Midfielder,5.0,0.0,0.0,0.0,0.0,0.0,0.0,0.0,0.0,0.0,0,0,0,0.0,0,0,0,0.0,0.0
2026-09-18T16:27:56+00:00,5,2026-09-18T17:30:00Z,player-sim-2.0,player-sim-2.0,player-sim-3.0-candidate,holdout_rejected,0.0,0.0,0.0,0.0,fpl-2026-27,1.025,342,221399,Harrison,13,Leeds,Midfielder,5.0,0.0,0.0,0.0,0.0,0.0,0.0,0.0,0.0,0.0,0,0,0,0.0,0,0,0,0.0,0.0
2026-09-18T16:27:56+00:00,5,2026-09-18T17:30:00Z,player-sim-2.0,player-sim-2.0,player-sim-3.0-candidate,holdout_rejected,0.0,0.0,0.0,0.0,fpl-2026-27,1.025,343,200617,James,13,Leeds,Midfielder,4.9,0.648,0.0,0.648,11.26,0.0,0.0,1.0,0.1323,0.648,0,0,1,0.833,0,0,2.0,0.0017,0.0
2026-09-18T16:27:56+00:00,5,2026-09-18T17:30:00Z,player-sim-2.0,player-sim-2.0,player-sim-3.0-candidate,holdout_rejected,0.0,0.0,0.0,0.0,fpl-2026-27,1.025,344,486520,Gruev,13,Leeds,Midfielder,5.0,0.44,0.0,0.44,11.22,0.0,0.0,2.0,0.088,0.44,0,0,2,0.29,0,0,1.0,0.0,0.0
2026-09-18T16:27:56+00:00,5,2026-09-18T17:30:00Z,player-sim-2.0,player-sim-2.0,player-sim-3.0-candidate,holdout_rejected,0.0,0.0,0.0,0.0,fpl-2026-27,1.025,345,248056,Tanaka,13,Leeds,Midfielder,4.9,2.21,0.0,2.21,46.88,0.0,2.0,6.0,0.451,2.21,0,2,6,1.725,0,1.0,5.0,0.0067,0.0017
2026-09-18T16:27:56+00:00,5,2026-09-18T17:30:00Z,player-sim-2.0,player-sim-2.0,player-sim-3.0-candidate,holdout_rejected,0.0,0.0,0.0,0.0,fpl-2026-27,1.02,346,177815,Calvert-Lewin,13,Leeds,Forward,6.0,4.162,0.0,4.162,77.28,1.0,3.0,8.0,0.6936,4.162,1,3,8,3.395,0,2.0,8.0,0.075,0.02
2026-09-18T16:27:56+00:00,5,2026-09-18T17:30:00Z,player-sim-2.0,player-sim-2.0,player-sim-3.0-candidate,holdout_rejected,0.0,0.0,0.0,0.0,fpl-2026-27,1.02,347,174594,Nmecha,13,Leeds,Forward,5.4,1.297,0.0,1.297,17.58,0.0,1.0,3.0,0.2401,1.297,0,1,3,1.27,0.0,1.0,4.0,0.0167,0.0033
2026-09-18T16:27:56+00:00,5,2026-09-18T17:30:00Z,player-sim-2.0,player-sim-2.0,player-sim-3.0-candidate,holdout_rejected,0.0,0.0,0.0,0.0,fpl-2026-27,1.02,348,235826,Piroe,13,Leeds,Forward,5.0,0.0,0.0,0.0,0.0,0.0,0.0,0.0,0.0,0.0,0,0,0,0.0,0,0,0,0.0,0.0
2026-09-18T16:27:56+00:00,5,2026-09-18T17:30:00Z,player-sim-2.0,player-sim-2.0,player-sim-3.0-candidate,holdout_rejected,0.0,0.0,0.0,0.0,fpl-2026-27,1.02,349,565297,Mateo Joseph,13,Leeds,Forward,4.5,0.0,0.0,0.0,0.0,0.0,0.0,0.0,0.0,0.0,0,0,0,0.0,0,0,0,0.0,0.0
2026-09-18T16:27:56+00:00,5,2026-09-18T17:30:00Z,player-sim-2.0,player-sim-2.0,player-sim-3.0-candidate,holdout_rejected,0.0,0.0,0.0,0.0,fpl-2026-27,1.04,385,432720,Trafford,13,Leeds,Goalkeeper,5.0,2.992,0.0,2.992,64.54,0.0,3.0,7.0,0.5983,2.992,0,3,7,2.932,0,2.0,7.0,0.0033,0.0
2026-09-18T16:27:56+00:00,5,2026-09-18T17:30:00Z,player-sim-2.0,player-sim-2.0,player-sim-3.0-candidate,holdout_rejected,0.0,0.0,0.0,0.0,fpl-2026-27,1.0,598,173774,Elvedi,13,Leeds,Defender,4.5,2.182,0.0,2.182,44.96,0.0,1.0,6.0,0.4848,2.182,0,1,6,1.84,0,1.0,6.0,0.01,0.0
2026-09-18T16:27:56+00:00,5,2026-09-18T17:30:00Z,player-sim-2.0,player-sim-2.0,player-sim-3.0-candidate,holdout_rejected,0.0,0.0,0.0,0.0,fpl-2026-27,1.0,603,643970,Lienou,13,Leeds,Defender,4.0,0.463,0.0,0.463,9.7,0.0,0.0,1.0,0.1158,0.463,0,0,1,0.46,0,0,1.0,0.0017,0.0
2026-09-18T16:27:56+00:00,5,2026-09-18T17:30:00Z,player-sim-2.0,player-sim-2.0,player-sim-3.0-candidate,holdout_rejected,0.0,0.0,0.0,0.0,fpl-2026-27,1.025,604,592740,Cresswell,13,Leeds,Midfielder,4.5,0.41,0.0,0.41,10.33,0.0,0.0,2.0,0.0911,0.41,0,0,2,0.302,0,0,1.0,0.0033,0.0017
2026-09-18T16:27:56+00:00,5,2026-09-18T17:30:00Z,player-sim-2.0,player-sim-2.0,player-sim-3.0-candidate,holdout_rejected,0.0,0.0,0.0,0.0,fpl-2026-27,1.05,625,97846,Cairns,13,Leeds,Goalkeeper,4.0,0.482,0.0,0.482,10.85,0.0,0.0,2.0,0.1204,0.482,0,0,2,0.392,0,0,1.0,0.0,0.0
2026-09-18T16:27:56+00:00,5,2026-09-18T17:30:00Z,player-sim-2.0,player-sim-2.0,player-sim-3.0-candidate,holdout_rejected,0.0,0.0,0.0,0.0,fpl-2026-27,1.06,629,155465,Zetterer,13,Leeds,Goalkeeper,4.0,0.697,0.0,0.697,16.02,0.0,0.0,3.0,0.1742,0.697,0,0,3,0.365,0,0,1.0,0.0,0.0
2026-09-18T16:27:56+00:00,5,2026-09-18T17:30:00Z,player-sim-2.0,player-sim-2.0,player-sim-3.0-candidate,holdout_rejected,0.0,0.0,0.0,0.0,fpl-2026-27,1.0,641,437497,Bard,13,Leeds,Defender,4.5,1.078,0.0,1.078,23.05,0.0,0.0,4.0,0.2396,1.078,0,0,4,0.942,0,0,2.0,0.0033,0.0
2026-09-18T16:27:56+00:00,5,2026-09-18T17:30:00Z,player-sim-2.0,player-sim-2.0,player-sim-3.0-candidate,holdout_rejected,0.0,0.0,0.0,0.0,fpl-2026-27,1.0375,648,587982,Bahoya,13,Leeds,Midfielder,5.0,0.652,0.0,0.652,16.83,0.0,0.0,2.0,0.1303,0.652,0,0,2,0.575,0,0,2.0,0.0,0.0
2026-09-18T16:27:56+00:00,5,2026-09-18T17:30:00Z,player-sim-2.0,player-sim-2.0,player-sim-3.0-candidate,holdout_rejected,0.0,0.0,0.0,0.0,fpl-2026-27,1.04,350,116535,A.Becker,14,Liverpool,Goalkeeper,5.5,3.265,0.0,3.265,79.23,1.0,3.0,7.0,0.5936,3.265,1,3,7,2.423,0,2.0,7.0,0.0033,0.0
2026-09-18T16:27:56+00:00,5,2026-09-18T17:30:00Z,player-sim-2.0,player-sim-2.0,player-sim-3.0-candidate,holdout_rejected,0.0,0.0,0.0,0.0,fpl-2026-27,1.04,351,449027,Mamardashvili,14,Liverpool,Goalkeeper,4.9,0.363,0.0,0.363,7.14,0.0,0.0,1.0,0.0741,0.363,0,0,1,0.352,0,0,0,0.0017,0.0
2026-09-18T16:27:56+00:00,5,2026-09-18T17:30:00Z,player-sim-2.0,player-sim-2.0,player-sim-3.0-candidate,holdout_rejected,0.0,0.0,0.0,0.0,fpl-2026-27,1.04,352,155503,Woodman,14,Liverpool,Goalkeeper,4.0,0.08,0.0,0.08,1.42,0.0,0.0,0.0,0.02,0.08,0,0,0,0.263,0,0,0,0.0,0.0
2026-09-18T16:27:56+00:00,5,2026-09-18T17:30:00Z,player-sim-2.0,player-sim-2.0,player-sim-3.0-candidate,holdout_rejected,0.0,0.0,0.0,0.0,fpl-2026-27,1.04,353,586268,Pecsi,14,Liverpool,Goalkeeper,4.0,0.0,0.0,0.0,0.0,0.0,0.0,0.0,0.0,0.0,0,0,0,0.0,0,0,0,0.0,0.0
2026-09-18T16:27:56+00:00,5,2026-09-18T17:30:00Z,player-sim-2.0,player-sim-2.0,player-sim-3.0-candidate,holdout_rejected,0.0,0.0,0.0,0.0,fpl-2026-27,1.04,354,432987,Jaros,14,Liverpool,Goalkeeper,4.0,0.0,0.0,0.0,0.0,0.0,0.0,0.0,0.0,0.0,0,0,0,0.0,0,0,0,0.0,0.0
2026-09-18T16:27:56+00:00,5,2026-09-18T17:30:00Z,player-sim-2.0,player-sim-2.0,player-sim-3.0-candidate,holdout_rejected,0.0,0.0,0.0,0.0,fpl-2026-27,1.04,355,464353,Davies,14,Liverpool,Goalkeeper,4.0,0.297,0.0,0.297,7.2,0.0,0.0,0.0,0.0742,0.297,0,0,0,0.305,0,0,0,0.0,0.0
2026-09-18T16:27:56+00:00,5,2026-09-18T17:30:00Z,player-sim-2.0,player-sim-2.0,player-sim-3.0-candidate,holdout_rejected,0.0,0.0,0.0,0.0,fpl-2026-27,1.0,356,97032,Virgil,14,Liverpool,Defender,6.5,3.968,0.0,3.968,88.88,1.0,4.0,8.0,0.6105,3.968,1,4,8,2.945,0,2.0,7.0,0.0283,0.0033
2026-09-18T16:27:56+00:00,5,2026-09-18T17:30:00Z,player-sim-2.0,player-sim-2.0,player-sim-3.0-candidate,holdout_rejected,0.0,0.0,0.0,0.0,fpl-2026-27,1.0,357,216094,Frimpong,14,Liverpool,Defender,5.3,1.398,0.0,1.398,35.73,0.0,1.0,5.0,0.2638,1.398,0,1,5,1.6,0.0,1.0,6.0,0.005,0.0
2026-09-18T16:27:56+00:00,5,2026-09-18T17:30:00Z,player-sim-2.0,player-sim-2.0,player-sim-3.0-candidate,holdout_rejected,0.0,0.0,0.0,0.0,fpl-2026-27,1.0,358,544877,Kerkez,14,Liverpool,Defender,5.4,2.38,0.0,2.38,63.79,1.0,1.0,6.0,0.4407,2.38,1,1,6,1.92,0,1.0,6.0,0.005,0.0
2026-09-18T16:27:56+00:00,5,2026-09-18T17:30:00Z,player-sim-2.0,player-sim-2.0,player-sim-3.0-candidate,holdout_rejected,0.0,0.0,0.0,0.0,fpl-2026-27,1.0,359,171287,Gomez,14,Liverpool,Defender,4.9,0.182,0.0,0.182,4.69,0.0,0.0,0.0,0.0371,0.182,0,0,0,0.333,0,0,1.0,0.0033,0.0
2026-09-18T16:27:56+00:00,5,2026-09-18T17:30:00Z,player-sim-2.0,player-sim-2.0,player-sim-3.0-candidate,holdout_rejected,0.0,0.0,0.0,0.0,fpl-2026-27,1.0,360,492777,Bradley,14,Liverpool,Defender,5.0,0.0,0.0,0.0,0.0,0.0,0.0,0.0,0.0,0.0,0,0,0,0.0,0,0,0,0.0,0.0
2026-09-18T16:27:56+00:00,5,2026-09-18T17:30:00Z,player-sim-2.0,player-sim-2.0,player-sim-3.0-candidate,holdout_rejected,0.0,0.0,0.0,0.0,fpl-2026-27,1.0,361,519440,Lucky,14,Liverpool,Defender,4.0,0.447,0.0,0.447,9.62,0.0,0.0,1.0,0.1117,0.447,0,0,1,0.363,0,0,1.0,0.0033,0.0
2026-09-18T16:27:56+00:00,5,2026-09-18T17:30:00Z,player-sim-2.0,player-sim-2.0,player-sim-3.0-candidate,holdout_rejected,0.0,0.0,0.0,0.0,fpl-2026-27,1.0,362,606702,Jacquet,14,Liverpool,Defender,5.0,2.722,0.0,2.722,64.95,0.0,2.0,7.0,0.5443,2.722,0,2,7,2.73,0,2.0,7.0,0.005,0.0
2026-09-18T16:27:56+00:00,5,2026-09-18T17:30:00Z,player-sim-2.0,player-sim-2.0,player-sim-3.0-candidate,holdout_rejected,0.0,0.0,0.0,0.0,fpl-2026-27,1.0,363,647681,Leoni,14,Liverpool,Defender,4.0,0.0,0.0,0.0,0.0,0.0,0.0,0.0,0.0,0.0,0,0,0,0.0,0,0,0,0.0,0.0
2026-09-18T16:27:56+00:00,5,2026-09-18T17:30:00Z,player-sim-2.0,player-sim-2.0,player-sim-3.0-candidate,holdout_rejected,0.0,0.0,0.0,0.0,fpl-2026-27,1.0,364,214285,Tsimikas,14,Liverpool,Defender,4.9,0.868,0.0,0.868,21.79,0.0,0.0,2.0,0.1772,0.868,0,0,2,0.975,0.0,0,3.0,0.0017,0.0
2026-09-18T16:27:56+00:00,5,2026-09-18T17:30:00Z,player-sim-2.0,player-sim-2.0,player-sim-3.0-candidate,holdout_rejected,0.0,0.0,0.0,0.0,fpl-2026-27,1.0,365,489580,Ramsay,14,Liverpool,Defender,4.0,0.0,0.0,0.0,0.0,0.0,0.0,0.0,0.0,0.0,0,0,0,0.0,0,0,0,0.0,0.0
2026-09-18T16:27:56+00:00,5,2026-09-18T17:30:00Z,player-sim-2.0,player-sim-2.0,player-sim-3.0-candidate,holdout_rejected,0.0,0.0,0.0,0.0,fpl-2026-27,1.025,366,494595,Wirtz,14,Liverpool,Midfielder,7.3,3.665,0.0,3.665,77.7,1.0,3.0,7.0,0.5021,3.665,1,3,7,2.82,0,2.0,7.0,0.025,0.0
2026-09-18T16:27:56+00:00,5,2026-09-18T17:30:00Z,player-sim-2.0,player-sim-2.0,player-sim-3.0-candidate,holdout_rejected,0.0,0.0,0.0,0.0,fpl-2026-27,1.025,367,243298,Gakpo,14,Liverpool,Midfielder,7.2,3.498,0.0,3.498,66.64,1.0,3.0,7.0,0.4859,3.498,1,3,7,2.877,0,2.0,7.0,0.04,0.0017
2026-09-18T16:27:56+00:00,5,2026-09-18T17:30:00Z,player-sim-2.0,player-sim-2.0,player-sim-3.0-candidate,holdout_rejected,0.0,0.0,0.0,0.0,fpl-2026-27,1.025,368,424876,Szoboszlai,14,Liverpool,Midfielder,7.0,4.345,0.0,4.345,87.37,2.0,4.0,8.0,0.6207,4.345,2,4,8,3.403,0,2.0,8.0,0.0567,0.005
2026-09-18T16:27:56+00:00,5,2026-09-18T17:30:00Z,player-sim-2.0,player-sim-2.0,player-sim-3.0-candidate,holdout_rejected,0.0,0.0,0.0,0.0,fpl-2026-27,1.025,369,611922,Ngumoha,14,Liverpool,Midfielder,5.8,1.017,0.0,1.017,18.25,0.0,1.0,2.0,0.1753,1.017,0,1,2,1.24,0,1.0,3.0,0.005,0.0
2026-09-18T16:27:56+00:00,5,2026-09-18T17:30:00Z,player-sim-2.0,player-sim-2.0,player-sim-3.0-candidate,holdout_rejected,0.0,0.0,0.0,0.0,fpl-2026-27,1.025,370,223541,Chiesa,14,Liverpool,Midfielder,5.4,0.0,0.0,0.0,0.0,0.0,0.0,0.0,0.0,0.0,0,0,0,0.0,0,0,0,0.0,0.0
2026-09-18T16:27:56+00:00,5,2026-09-18T17:30:00Z,player-sim-2.0,player-sim-2.0,player-sim-3.0-candidate,holdout_rejected,0.0,0.0,0.0,0.0,fpl-2026-27,1.025,371,441266,Gravenberch,14,Liverpool,Midfielder,5.9,2.277,0.0,2.277,52.73,1.0,2.0,4.0,0.3859,2.277,1,2,4,1.583,0,1.0,3.0,0.0017,0.0
2026-09-18T16:27:56+00:00,5,2026-09-18T17:30:00Z,player-sim-2.0,player-sim-2.0,player-sim-3.0-candidate,holdout_rejected,0.0,0.0,0.0,0.0,fpl-2026-27,1.025,372,243016,Mac Allister,14,Liverpool,Midfielder,5.4,2.485,0.0,2.485,59.83,1.0,2.0,5.0,0.4602,2.485,1,2,5,1.76,0,1.0,4.0,0.0033,0.0
2026-09-18T16:27:56+00:00,5,2026-09-18T17:30:00Z,player-sim-2.0,player-sim-2.0,player-sim-3.0-candidate,holdout_rejected,0.0,0.0,0.0,0.0,fpl-2026-27,1.025,373,206915,C.Jones,14,Liverpool,Midfielder,5.5,0.0,0.0,0.0,0.0,0.0,0.0,0.0,0.0,0.0,0,0,0,0.0,0,0,0,0.0,0.0
2026-09-18T16:27:56+00:00,5,2026-09-18T17:30:00Z,player-sim-2.0,player-sim-2.0,player-sim-3.0-candidate,holdout_rejected,0.0,0.0,0.0,0.0,fpl-2026-27,1.025,374,158983,Endo,14,Liverpool,Midfielder,4.9,0.062,0.0,0.062,1.32,0.0,0.0,0.0,0.0126,0.062,0,0,0,0.36,0,0,2.0,0.0017,0.0
2026-09-18T16:27:56+00:00,5,2026-09-18T17:30:00Z,player-sim-2.0,player-sim-2.0,player-sim-3.0-candidate,holdout_rejected,0.0,0.0,0.0,0.0,fpl-2026-27,1.025,375,591386,Nyoni,14,Liverpool,Midfielder,4.9,0.395,0.0,0.395,5.75,0.0,0.0,1.0,0.0806,0.395,0,0,1,0.743,0,0,2.0,0.0,0.0
2026-09-18T16:27:56+00:00,5,2026-09-18T17:30:00Z,player-sim-2.0,player-sim-2.0,player-sim-3.0-candidate,holdout_rejected,0.0,0.0,0.0,0.0,fpl-2026-27,1.025,376,535928,Bajcetic,14,Liverpool,Midfielder,5.0,0.0,0.0,0.0,0.0,0.0,0.0,0.0,0.0,0.0,0,0,0,0.0,0,0,0,0.0,0.0
2026-09-18T16:27:56+00:00,5,2026-09-18T17:30:00Z,player-sim-2.0,player-sim-2.0,player-sim-3.0-candidate,holdout_rejected,0.0,0.0,0.0,0.0,fpl-2026-27,1.025,377,551499,Munoz,14,Liverpool,Midfielder,6.5,2.052,0.0,2.052,48.56,0.0,2.0,5.0,0.3156,2.052,0,2,5,2.065,0.0,2.0,5.0,0.01,0.0017
2026-09-18T16:27:56+00:00,5,2026-09-18T17:30:00Z,player-sim-2.0,player-sim-2.0,player-sim-3.0-candidate,holdout_rejected,0.0,0.0,0.0,0.0,fpl-2026-27,1.025,378,491501,McConnell,14,Liverpool,Midfielder,4.4,0.377,0.0,0.377,9.12,0.0,0.0,1.0,0.0856,0.377,0,0,1,0.403,0,0,2.0,0.0033,0.0
2026-09-18T16:27:56+00:00,5,2026-09-18T17:30:00Z,player-sim-2.0,player-sim-2.0,player-sim-3.0-candidate,holdout_rejected,0.0,0.0,0.0,0.0,fpl-2026-27,1.02,379,219168,Isak,14,Liverpool,Forward,9.1,3.193,0.0,3.193,61.45,0.0,3.0,7.0,0.3509,3.193,0,3,7,3.467,0,2.0,8.0,0.0767,0.0233
2026-09-18T16:27:56+00:00,5,2026-09-18T17:30:00Z,player-sim-2.0,player-sim-2.0,player-sim-3.0-candidate,holdout_rejected,0.0,0.0,0.0,0.0,fpl-2026-27,1.02,380,510663,Ekitiké,14,Liverpool,Forward,7.4,0.0,0.0,0.0,0.0,0.0,0.0,0.0,0.0,0.0,0,0,0,0.0,0,0,0,0.0,0.0
2026-09-18T16:27:56+00:00,5,2026-09-18T17:30:00Z,player-sim-2.0,player-sim-2.0,player-sim-3.0-candidate,holdout_rejected,0.0,0.0,0.0,0.0,fpl-2026-27,1.025,381,514514,Koumas,14,Liverpool,Midfielder,5.0,0.567,0.0,0.567,10.48,0.0,0.0,1.0,0.1133,0.567,0,0,1,0.718,0,0,2.0,0.0017,0.0
2026-09-18T16:27:56+00:00,5,2026-09-18T17:30:00Z,player-sim-2.0,player-sim-2.0,player-sim-3.0-candidate,holdout_rejected,0.0,0.0,0.0,0.0,fpl-2026-27,1.02,382,500058,Danns,14,Liverpool,Forward,4.5,0.358,0.0,0.358,7.49,0.0,0.0,1.0,0.0796,0.358,0,0,1,0.38,0,0,2.0,0.0,0.0
2026-09-18T16:27:56+00:00,5,2026-09-18T17:30:00Z,player-sim-2.0,player-sim-2.0,player-sim-3.0-candidate,holdout_rejected,0.0,0.0,0.0,0.0,fpl-2026-27,1.025,383,444884,Elliott,14,Liverpool,Midfielder,5.4,0.0,0.0,0.0,0.0,0.0,0.0,0.0,0.0,0.0,0,0,0,0.0,0,0,0,0.0,0.0
2026-09-18T16:27:56+00:00,5,2026-09-18T17:30:00Z,player-sim-2.0,player-sim-2.0,player-sim-3.0-candidate,holdout_rejected,0.0,0.0,0.0,0.0,fpl-2026-27,1.0,579,445087,Araujo,14,Liverpool,Defender,5.4,1.965,0.0,1.965,42.52,0.0,1.0,6.0,0.3639,1.965,0,1,6,1.753,0.0,1.0,6.0,0.005,0.0
2026-09-18T16:27:56+00:00,5,2026-09-18T17:30:00Z,player-sim-2.0,player-sim-2.0,player-sim-3.0-candidate,holdout_rejected,0.0,0.0,0.0,0.0,fpl-2026-27,1.0375,627,482616,Barcola,14,Liverpool,Midfielder,8.0,1.375,0.0,1.375,34.72,0.0,1.0,3.0,0.1719,1.375,0,1,3,1.403,0,1.0,3.0,0.005,0.0
2026-09-18T16:27:56+00:00,5,2026-09-18T17:30:00Z,player-sim-2.0,player-sim-2.0,player-sim-3.0-candidate,holdout_rejected,0.0,0.0,0.0,0.0,fpl-2026-27,1.025,155,448047,Enzo,15,Man City,Midfielder,6.9,2.915,0.0,2.915,56.51,0.0,2.0,7.0,0.4225,2.915,0,2,7,2.292,0,1.0,6.0,0.0383,0.0067
2026-09-18T16:27:56+00:00,5,2026-09-18T17:30:00Z,player-sim-2.0,player-sim-2.0,player-sim-3.0-candidate,holdout_rejected,0.0,0.0,0.0,0.0,fpl-2026-27,1.025,237,440993,Ndiaye,15,Man City,Midfielder,5.9,3.512,0.0,3.512,69.85,1.0,3.0,7.0,0.5952,3.512,1,3,7,2.812,0,2.0,7.0,0.0317,0.0
2026-09-18T16:27:56+00:00,5,2026-09-18T17:30:00Z,player-sim-2.0,player-sim-2.0,player-sim-3.0-candidate,holdout_rejected,0.0,0.0,0.0,0.0,fpl-2026-27,1.04,384,204936,Donnarumma,15,Man City,Goalkeeper,5.5,3.247,0.0,3.247,86.64,1.0,2.0,7.0,0.5903,3.247,1,2,7,2.57,0,2.0,6.0,0.0017,0.0
2026-09-18T16:27:56+00:00,5,2026-09-18T17:30:00Z,player-sim-2.0,player-sim-2.0,player-sim-3.0-candidate,holdout_rejected,0.0,0.0,0.0,0.0,fpl-2026-27,1.04,386,122074,Bettinelli,15,Man City,Goalkeeper,4.5,0.41,0.0,0.41,8.98,0.0,0.0,1.0,0.0911,0.41,0,0,1,0.307,0,0,0,0.0,0.0
2026-09-18T16:27:56+00:00,5,2026-09-18T17:30:00Z,player-sim-2.0,player-sim-2.0,player-sim-3.0-candidate,holdout_rejected,0.0,0.0,0.0,0.0,fpl-2026-27,1.0,387,472769,O'Reilly,15,Man City,Defender,6.4,2.533,0.0,2.533,45.33,0.0,1.0,7.0,0.3958,2.533,0,1,7,1.962,0,1.0,6.0,0.0233,0.0017
2026-09-18T16:27:56+00:00,5,2026-09-18T17:30:00Z,player-sim-2.0,player-sim-2.0,player-sim-3.0-candidate,holdout_rejected,0.0,0.0,0.0,0.0,fpl-2026-27,1.0,388,209036,Guéhi,15,Man City,Defender,6.0,5.242,0.0,5.242,86.39,1.0,5.0,10.0,0.8736,5.242,1,5,10,3.76,0,3.0,8.0,0.055,0.005
2026-09-18T16:27:56+00:00,5,2026-09-18T17:30:00Z,player-sim-2.0,player-sim-2.0,player-sim-3.0-candidate,holdout_rejected,0.0,0.0,0.0,0.0,fpl-2026-27,1.0,389,465351,Matheus N.,15,Man City,Defender,5.9,2.0,0.0,2.0,43.03,0.0,1.0,6.0,0.339,2.0,0,1,6,1.265,0,0,6.0,0.0033,0.0
2026-09-18T16:27:56+00:00,5,2026-09-18T17:30:00Z,player-sim-2.0,player-sim-2.0,player-sim-3.0-candidate,holdout_rejected,0.0,0.0,0.0,0.0,fpl-2026-27,1.0,390,171314,Rúben,15,Man City,Defender,5.5,3.528,0.0,3.528,76.86,1.0,2.0,7.0,0.6415,3.528,1,2,7,2.952,0,2.0,7.0,0.015,0.0
2026-09-18T16:27:56+00:00,5,2026-09-18T17:30:00Z,player-sim-2.0,player-sim-2.0,player-sim-3.0-candidate,holdout_rejected,0.0,0.0,0.0,0.0,fpl-2026-27,1.0,391,477424,Gvardiol,15,Man City,Defender,5.7,3.617,0.0,3.617,68.24,0.0,3.0,8.0,0.6345,3.617,0,3,8,3.343,0,2.0,8.0,0.0417,0.005
2026-09-18T16:27:56+00:00,5,2026-09-18T17:30:00Z,player-sim-2.0,player-sim-2.0,player-sim-3.0-candidate,holdout_rejected,0.0,0.0,0.0,0.0,fpl-2026-27,1.0,392,448514,Aït-Nouri,15,Man City,Defender,5.3,0.43,0.0,0.43,7.17,0.0,0.0,1.0,0.0811,0.43,0,0,1,0.547,0,0,2.0,0.0,0.0
2026-09-18T16:27:56+00:00,5,2026-09-18T17:30:00Z,player-sim-2.0,player-sim-2.0,player-sim-3.0-candidate,holdout_rejected,0.0,0.0,0.0,0.0,fpl-2026-27,1.0,393,578153,Khusanov,15,Man City,Defender,5.4,2.338,0.0,2.338,53.29,0.0,2.0,6.0,0.433,2.338,0,2,6,2.292,0,1.0,6.0,0.0117,0.0
2026-09-18T16:27:56+00:00,5,2026-09-18T17:30:00Z,player-sim-2.0,player-sim-2.0,player-sim-3.0-candidate,holdout_rejected,0.0,0.0,0.0,0.0,fpl-2026-27,1.0,394,494307,Alleyne,15,Man City,Defender,5.0,0.0,0.0,0.0,0.0,0.0,0.0,0.0,0.0,0.0,0,0,0,0.0,0,0,0,0.0,0.0
2026-09-18T16:27:56+00:00,5,2026-09-18T17:30:00Z,player-sim-2.0,player-sim-2.0,player-sim-3.0-candidate,holdout_rejected,0.0,0.0,0.0,0.0,fpl-2026-27,1.0,395,477064,Lewis,15,Man City,Defender,4.4,0.513,0.0,0.513,10.27,0.0,0.0,1.0,0.1167,0.513,0,0,1,1.172,0.0,0,5.0,0.015,0.0017
2026-09-18T16:27:56+00:00,5,2026-09-18T17:30:00Z,player-sim-2.0,player-sim-2.0,player-sim-3.0-candidate,holdout_rejected,0.0,0.0,0.0,0.0,fpl-2026-27,1.0,396,616222,Vitor Reis,15,Man City,Defender,4.5,0.672,0.0,0.672,12.13,0.0,0.0,2.0,0.1493,0.672,0,0,2,0.56,0,0,1.0,0.0,0.0
2026-09-18T16:27:56+00:00,5,2026-09-18T17:30:00Z,player-sim-2.0,player-sim-2.0,player-sim-3.0-candidate,holdout_rejected,0.0,0.0,0.0,0.0,fpl-2026-27,1.025,397,437730,Semenyo,15,Man City,Midfielder,8.4,3.99,0.0,3.99,87.51,2.0,3.0,8.0,0.475,3.99,2,3,8,3.09,0,2.0,7.0,0.0333,0.005
2026-09-18T16:27:56+00:00,5,2026-09-18T17:30:00Z,player-sim-2.0,player-sim-2.0,player-sim-3.0-candidate,holdout_rejected,0.0,0.0,0.0,0.0,fpl-2026-27,1.025,398,209244,Foden,15,Man City,Midfielder,6.9,0.0,0.0,0.0,0.0,0.0,0.0,0.0,0.0,0.0,0,0,0,0.0,0,0,0,0.0,0.0
2026-09-18T16:27:56+00:00,5,2026-09-18T17:30:00Z,player-sim-2.0,player-sim-2.0,player-sim-3.0-candidate,holdout_rejected,0.0,0.0,0.0,0.0,fpl-2026-27,1.025,399,466052,Cherki,15,Man City,Midfielder,7.8,3.607,0.0,3.607,55.08,1.0,3.0,8.0,0.4624,3.607,1,3,8,3.117,0,2.0,8.0,0.0567,0.01
2026-09-18T16:27:56+00:00,5,2026-09-18T17:30:00Z,player-sim-2.0,player-sim-2.0,player-sim-3.0-candidate,holdout_rejected,0.0,0.0,0.0,0.0,fpl-2026-27,1.025,400,248875,Doku,15,Man City,Midfielder,7.4,0.65,0.0,0.65,11.03,0.0,0.0,2.0,0.0878,0.65,0,0,2,0.322,0,0,1.0,0.0,0.0
2026-09-18T16:27:56+00:00,5,2026-09-18T17:30:00Z,player-sim-2.0,player-sim-2.0,player-sim-3.0-candidate,holdout_rejected,0.0,0.0,0.0,0.0,fpl-2026-27,1.025,402,220566,Rodrigo,15,Man City,Midfielder,6.5,0.0,0.0,0.0,0.0,0.0,0.0,0.0,0.0,0.0,0,0,0,0.0,0,0,0,0.0,0.0
2026-09-18T16:27:56+00:00,5,2026-09-18T17:30:00Z,player-sim-2.0,player-sim-2.0,player-sim-3.0-candidate,holdout_rejected,0.0,0.0,0.0,0.0,fpl-2026-27,1.025,404,433036,Reijnders,15,Man City,Midfielder,6.0,0.0,0.0,0.0,0.0,0.0,0.0,0.0,0.0,0.0,0,0,0,0.0,0,0,0,0.0,0.0
2026-09-18T16:27:56+00:00,5,2026-09-18T17:30:00Z,player-sim-2.0,player-sim-2.0,player-sim-3.0-candidate,holdout_rejected,0.0,0.0,0.0,0.0,fpl-2026-27,1.025,406,91651,Kovačić,15,Man City,Midfielder,5.4,0.458,0.0,0.458,7.75,0.0,0.0,1.0,0.0849,0.458,0,0,1,0.743,0,0,2.0,0.0017,0.0
2026-09-18T16:27:56+00:00,5,2026-09-18T17:30:00Z,player-sim-2.0,player-sim-2.0,player-sim-3.0-candidate,holdout_rejected,0.0,0.0,0.0,0.0,fpl-2026-27,1.025,407,575204,Echeverri,15,Man City,Midfielder,4.9,0.0,0.0,0.0,0.0,0.0,0.0,0.0,0.0,0.0,0,0,0,0.0,0,0,0,0.0,0.0
2026-09-18T16:27:56+00:00,5,2026-09-18T17:30:00Z,player-sim-2.0,player-sim-2.0,player-sim-3.0-candidate,holdout_rejected,0.0,0.0,0.0,0.0,fpl-2026-27,1.025,408,155405,Phillips,15,Man City,Midfielder,5.0,0.0,0.0,0.0,0.0,0.0,0.0,0.0,0.0,0.0,0,0,0,0.0,0,0,0,0.0,0.0
2026-09-18T16:27:56+00:00,5,2026-09-18T17:30:00Z,player-sim-2.0,player-sim-2.0,player-sim-3.0-candidate,holdout_rejected,0.0,0.0,0.0,0.0,fpl-2026-27,1.025,409,590039,Mukasa,15,Man City,Midfielder,4.5,0.0,0.0,0.0,0.0,0.0,0.0,0.0,0.0,0.0,0,0,0,0.0,0,0,0,0.0,0.0
2026-09-18T16:27:56+00:00,5,2026-09-18T17:30:00Z,player-sim-2.0,player-sim-2.0,player-sim-3.0-candidate,holdout_rejected,0.0,0.0,0.0,0.0,fpl-2026-27,1.025,410,649208,Monga,15,Man City,Midfielder,4.9,0.0,0.0,0.0,0.0,0.0,0.0,0.0,0.0,0.0,0,0,0,0.0,0,0,0,0.0,0.0
2026-09-18T16:27:56+00:00,5,2026-09-18T17:30:00Z,player-sim-2.0,player-sim-2.0,player-sim-3.0-candidate,holdout_rejected,0.0,0.0,0.0,0.0,fpl-2026-27,1.02,411,223094,Haaland,15,Man City,Forward,15.6,6.687,0.0,6.687,85.19,2.0,6.0,12.0,0.4286,6.687,2,6,12,5.743,0,4.0,13.0,0.1767,0.0817
2026-09-18T16:27:56+00:00,5,2026-09-18T17:30:00Z,player-sim-2.0,player-sim-2.0,player-sim-3.0-candidate,holdout_rejected,0.0,0.0,0.0,0.0,fpl-2026-27,1.025,481,215379,Anderson,15,Man City,Midfielder,6.3,4.238,0.0,4.238,83.52,2.0,4.0,7.0,0.6727,4.238,2,4,7,3.087,0,3.0,7.0,0.0183,0.0017
2026-09-18T16:27:56+00:00,5,2026-09-18T17:30:00Z,player-sim-2.0,player-sim-2.0,player-sim-3.0-candidate,holdout_rejected,0.0,0.0,0.0,0.0,fpl-2026-27,1.04,587,106921,Rulli,15,Man City,Goalkeeper,5.0,0.383,0.0,0.383,8.78,0.0,0.0,1.0,0.0767,0.383,0,0,1,0.298,0,0,0,0.0,0.0
2026-09-18T16:27:56+00:00,5,2026-09-18T17:30:00Z,player-sim-2.0,player-sim-2.0,player-sim-3.0-candidate,holdout_rejected,0.0,0.0,0.0,0.0,fpl-2026-27,1.0312,616,637238,Bouaddi,15,Man City,Midfielder,5.5,0.945,0.0,0.945,18.46,0.0,1.0,2.0,0.1718,0.945,0,1,2,0.925,0,1.0,2.0,0.005,0.0017
2026-09-18T16:27:56+00:00,5,2026-09-18T17:30:00Z,player-sim-2.0,player-sim-2.0,player-sim-3.0-candidate,holdout_rejected,0.0,0.0,0.0,0.0,fpl-2026-27,1.0312,621,616288,McAidoo,15,Man City,Midfielder,4.5,0.782,0.0,0.782,16.1,0.0,1.0,2.0,0.1737,0.782,0,1,2,0.968,0,1.0,2.0,0.0083,0.0
2026-09-18T16:27:56+00:00,5,2026-09-18T17:30:00Z,player-sim-2.0,player-sim-2.0,player-sim-3.0-candidate,holdout_rejected,0.0,0.0,0.0,0.0,fpl-2026-27,1.0,622,554054,Braithwaite,15,Man City,Defender,4.0,0.845,0.0,0.845,16.16,0.0,0.0,2.0,0.2112,0.845,0,0,2,0.763,0,0,2.0,0.0017,0.0
2026-09-18T16:27:56+00:00,5,2026-09-18T17:30:00Z,player-sim-2.0,player-sim-2.0,player-sim-3.0-candidate,holdout_rejected,0.0,0.0,0.0,0.0,fpl-2026-27,1.0375,628,624777,Allan,15,Man City,Midfielder,6.0,0.747,0.0,0.747,19.08,0.0,0.0,3.0,0.1245,0.747,0,0,3,0.563,0,0,2.0,0.0033,0.0
2026-09-18T16:27:56+00:00,5,2026-09-18T17:30:00Z,player-sim-2.0,player-sim-2.0,player-sim-3.0-candidate,holdout_rejected,0.0,0.0,0.0,0.0,fpl-2026-27,1.0375,653,595480,Samba,15,Man City,Midfielder,4.5,0.77,0.0,0.77,17.47,0.0,0.0,3.0,0.1711,0.77,0,0,3,0.637,0,0,2.0,0.0017,0.0
2026-09-18T16:27:56+00:00,5,2026-09-18T17:30:00Z,player-sim-2.0,player-sim-2.0,player-sim-3.0-candidate,holdout_rejected,0.0,0.0,0.0,0.0,fpl-2026-27,1.025,43,166989,Tielemans,16,Man Utd,Midfielder,5.8,2.848,0.0,2.848,68.43,1.0,2.0,6.0,0.4911,2.848,1,2,6,2.643,0,2.0,6.0,0.0167,0.0
2026-09-18T16:27:56+00:00,5,2026-09-18T17:30:00Z,player-sim-2.0,player-sim-2.0,player-sim-3.0-candidate,holdout_rejected,0.0,0.0,0.0,0.0,fpl-2026-27,1.025,131,535301,Baleba,16,Man Utd,Midfielder,4.9,0.302,0.0,0.302,7.48,0.0,0.0,1.0,0.0616,0.302,0,0,1,0.082,0,0,0,0.0,0.0
2026-09-18T16:27:56+00:00,5,2026-09-18T17:30:00Z,player-sim-2.0,player-sim-2.0,player-sim-3.0-candidate,holdout_rejected,0.0,0.0,0.0,0.0,fpl-2026-27,1.025,162,532605,Andrey Santos,16,Man Utd,Midfielder,4.8,1.01,0.0,1.01,20.95,0.0,1.0,2.0,0.2104,1.01,0,1,2,1.282,0,1.0,3.0,0.0083,0.0017
2026-09-18T16:27:56+00:00,5,2026-09-18T17:30:00Z,player-sim-2.0,player-sim-2.0,player-sim-3.0-candidate,holdout_rejected,0.0,0.0,0.0,0.0,fpl-2026-27,1.04,325,59735,Darlow,16,Man Utd,Goalkeeper,4.5,0.803,0.0,0.803,17.43,0.0,0.0,3.0,0.1785,0.803,0,0,3,0.237,0,0,0,0.0,0.0
2026-09-18T16:27:56+00:00,5,2026-09-18T17:30:00Z,player-sim-2.0,player-sim-2.0,player-sim-3.0-candidate,holdout_rejected,0.0,0.0,0.0,0.0,fpl-2026-27,1.04,412,465247,Lammens,16,Man Utd,Goalkeeper,4.9,3.155,0.0,3.155,85.18,1.0,2.0,7.0,0.6439,3.155,1,2,7,2.553,0,2.0,7.0,0.0,0.0
2026-09-18T16:27:56+00:00,5,2026-09-18T17:30:00Z,player-sim-2.0,player-sim-2.0,player-sim-3.0-candidate,holdout_rejected,0.0,0.0,0.0,0.0,fpl-2026-27,1.04,413,451302,Bayindir,16,Man Utd,Goalkeeper,4.5,0.0,0.0,0.0,0.0,0.0,0.0,0.0,0.0,0.0,0,0,0,0.0,0,0,0,0.0,0.0
2026-09-18T16:27:56+00:00,5,2026-09-18T17:30:00Z,player-sim-2.0,player-sim-2.0,player-sim-3.0-candidate,holdout_rejected,0.0,0.0,0.0,0.0,fpl-2026-27,1.04,414,21205,Heaton,16,Man Utd,Goalkeeper,4.0,0.0,0.0,0.0,0.0,0.0,0.0,0.0,0.0,0.0,0,0,0,0.0,0,0,0,0.0,0.0
2026-09-18T16:27:56+00:00,5,2026-09-18T17:30:00Z,player-sim-2.0,player-sim-2.0,player-sim-3.0-candidate,holdout_rejected,0.0,0.0,0.0,0.0,fpl-2026-27,1.025,415,596777,Dorgu,16,Man Utd,Midfielder,5.8,1.918,0.0,1.918,38.35,0.0,1.0,5.0,0.3307,1.918,0,1,5,1.823,0,1.0,4.0,0.01,0.0017
2026-09-18T16:27:56+00:00,5,2026-09-18T17:30:00Z,player-sim-2.0,player-sim-2.0,player-sim-3.0-candidate,holdout_rejected,0.0,0.0,0.0,0.0,fpl-2026-27,1.0,416,209365,De Ligt,16,Man Utd,Defender,5.0,0.0,0.0,0.0,0.0,0.0,0.0,0.0,0.0,0.0,0,0,0,0.0,0,0,0,0.0,0.0
2026-09-18T16:27:56+00:00,5,2026-09-18T17:30:00Z,player-sim-2.0,player-sim-2.0,player-sim-3.0-candidate,holdout_rejected,0.0,0.0,0.0,0.0,fpl-2026-27,1.0,417,216051,Dalot,16,Man Utd,Defender,4.9,2.698,0.0,2.698,66.17,1.0,2.0,6.0,0.5507,2.698,1,2,6,1.97,0.0,1.0,6.0,0.01,0.0033
2026-09-18T16:27:56+00:00,5,2026-09-18T17:30:00Z,player-sim-2.0,player-sim-2.0,player-sim-3.0-candidate,holdout_rejected,0.0,0.0,0.0,0.0,fpl-2026-27,1.0,418,95658,Maguire,16,Man Utd,Defender,4.9,2.995,0.0,2.995,75.51,0.0,2.0,7.0,0.6112,2.995,0,2,7,2.633,0,2.0,7.0,0.0133,0.0033
2026-09-18T16:27:56+00:00,5,2026-09-18T17:30:00Z,player-sim-2.0,player-sim-2.0,player-sim-3.0-candidate,holdout_rejected,0.0,0.0,0.0,0.0,fpl-2026-27,1.0,419,221820,Martinez,16,Man Utd,Defender,5.0,2.108,0.0,2.108,57.09,0.0,1.0,6.0,0.4217,2.108,0,1,6,1.853,0,1.0,6.0,0.005,0.0
2026-09-18T16:27:56+00:00,5,2026-09-18T17:30:00Z,player-sim-2.0,player-sim-2.0,player-sim-3.0-candidate,holdout_rejected,0.0,0.0,0.0,0.0,fpl-2026-27,1.0,420,550864,Yoro,16,Man Utd,Defender,4.9,0.972,0.0,0.972,19.32,0.0,1.0,2.0,0.1983,0.972,0,1,2,0.765,0,0,1.0,0.0,0.0
2026-09-18T16:27:56+00:00,5,2026-09-18T17:30:00Z,player-sim-2.0,player-sim-2.0,player-sim-3.0-candidate,holdout_rejected,0.0,0.0,0.0,0.0,fpl-2026-27,1.0,421,606745,Heaven,16,Man Utd,Defender,4.4,0.695,0.0,0.695,15.96,0.0,0.0,2.0,0.158,0.695,0,0,2,0.92,0,0.0,3.0,0.005,0.0
2026-09-18T16:27:56+00:00,5,2026-09-18T17:30:00Z,player-sim-2.0,player-sim-2.0,player-sim-3.0-candidate,holdout_rejected,0.0,0.0,0.0,0.0,fpl-2026-27,1.0,422,230001,Mazraoui,16,Man Utd,Defender,4.4,1.0,0.0,1.0,21.93,0.0,1.0,2.0,0.2273,1.0,0,1,2,1.345,0,1.0,4.0,0.0117,0.0
2026-09-18T16:27:56+00:00,5,2026-09-18T17:30:00Z,player-sim-2.0,player-sim-2.0,player-sim-3.0-candidate,holdout_rejected,0.0,0.0,0.0,0.0,fpl-2026-27,1.0,423,106760,Shaw,16,Man Utd,Defender,4.4,1.097,0.0,1.097,32.75,0.0,0.0,5.0,0.2492,1.097,0,0,5,0.845,0,0,4.0,0.0017,0.0
2026-09-18T16:27:56+00:00,5,2026-09-18T17:30:00Z,player-sim-2.0,player-sim-2.0,player-sim-3.0-candidate,holdout_rejected,0.0,0.0,0.0,0.0,fpl-2026-27,1.0,424,577974,Amass,16,Man Utd,Defender,4.0,0.39,0.0,0.39,9.96,0.0,0.0,1.0,0.0975,0.39,0,0,1,0.272,0,0,0,0.0017,0.0
2026-09-18T16:27:56+00:00,5,2026-09-18T17:30:00Z,player-sim-2.0,player-sim-2.0,player-sim-3.0-candidate,holdout_rejected,0.0,0.0,0.0,0.0,fpl-2026-27,1.0,425,547676,Fredricson,16,Man Utd,Defender,4.0,0.0,0.0,0.0,0.0,0.0,0.0,0.0,0.0,0.0,0,0,0,0.0,0,0,0,0.0,0.0
2026-09-18T16:27:56+00:00,5,2026-09-18T17:30:00Z,player-sim-2.0,player-sim-2.0,player-sim-3.0-candidate,holdout_rejected,0.0,0.0,0.0,0.0,fpl-2026-27,1.025,426,141746,B.Fernandes,16,Man Utd,Midfielder,12.0,5.622,0.0,5.622,86.18,2.0,5.0,10.0,0.4685,5.622,2,5,10,4.492,0,3.0,10.0,0.1167,0.0267
2026-09-18T16:27:56+00:00,5,2026-09-18T17:30:00Z,player-sim-2.0,player-sim-2.0,player-sim-3.0-candidate,holdout_rejected,0.0,0.0,0.0,0.0,fpl-2026-27,1.025,427,446008,Mbeumo,16,Man Utd,Midfielder,7.9,4.89,0.0,4.89,82.86,1.0,3.0,10.0,0.619,4.89,1,3,10,4.417,0,3.0,11.0,0.1283,0.05
2026-09-18T16:27:56+00:00,5,2026-09-18T17:30:00Z,player-sim-2.0,player-sim-2.0,player-sim-3.0-candidate,holdout_rejected,0.0,0.0,0.0,0.0,fpl-2026-27,1.025,428,430871,Cunha,16,Man Utd,Midfielder,7.9,3.538,0.0,3.538,74.99,1.0,3.0,7.0,0.4479,3.538,1,3,7,2.912,0,2.0,7.0,0.0267,0.0067
2026-09-18T16:27:56+00:00,5,2026-09-18T17:30:00Z,player-sim-2.0,player-sim-2.0,player-sim-3.0-candidate,holdout_rejected,0.0,0.0,0.0,0.0,fpl-2026-27,1.025,429,176297,Rashford,16,Man Utd,Midfielder,7.0,2.31,0.0,2.31,58.06,0.0,2.0,5.0,0.33,2.31,0,2,5,2.102,0,2.0,4.0,0.0033,0.0
2026-09-18T16:27:56+00:00,5,2026-09-18T17:30:00Z,player-sim-2.0,player-sim-2.0,player-sim-3.0-candidate,holdout_rejected,0.0,0.0,0.0,0.0,fpl-2026-27,1.025,430,184341,Mount,16,Man Utd,Midfielder,5.4,0.325,0.0,0.325,7.37,0.0,0.0,1.0,0.0602,0.325,0,0,1,0.358,0,0,1.0,0.0017,0.0
2026-09-18T16:27:56+00:00,5,2026-09-18T17:30:00Z,player-sim-2.0,player-sim-2.0,player-sim-3.0-candidate,holdout_rejected,0.0,0.0,0.0,0.0,fpl-2026-27,1.025,431,493250,Amad,16,Man Utd,Midfielder,5.7,0.0,0.0,0.0,0.0,0.0,0.0,0.0,0.0,0.0,0,0,0,0.0,0,0,0,0.0,0.0
2026-09-18T16:27:56+00:00,5,2026-09-18T17:30:00Z,player-sim-2.0,player-sim-2.0,player-sim-3.0-candidate,holdout_rejected,0.0,0.0,0.0,0.0,fpl-2026-27,1.025,432,516895,Mainoo,16,Man Utd,Midfielder,5.5,2.56,0.0,2.56,59.95,1.0,2.0,5.0,0.4655,2.56,1,2,5,2.337,0,2.0,5.0,0.0133,0.0033
2026-09-18T16:27:56+00:00,5,2026-09-18T17:30:00Z,player-sim-2.0,player-sim-2.0,player-sim-3.0-candidate,holdout_rejected,0.0,0.0,0.0,0.0,fpl-2026-27,1.025,433,232112,Ugarte,16,Man Utd,Midfielder,5.0,0.0,0.0,0.0,0.0,0.0,0.0,0.0,0.0,0.0,0,0,0,0.0,0,0,0,0.0,0.0
2026-09-18T16:27:56+00:00,5,2026-09-18T17:30:00Z,player-sim-2.0,player-sim-2.0,player-sim-3.0-candidate,holdout_rejected,0.0,0.0,0.0,0.0,fpl-2026-27,1.025,434,547037,J.Fletcher,16,Man Utd,Midfielder,4.9,0.018,0.0,0.018,0.35,0.0,0.0,0.0,0.0037,0.018,0,0,0,0.323,0,0,1.0,0.0,0.0
2026-09-18T16:27:56+00:00,5,2026-09-18T17:30:00Z,player-sim-2.0,player-sim-2.0,player-sim-3.0-candidate,holdout_rejected,0.0,0.0,0.0,0.0,fpl-2026-27,1.025,435,576628,Lacey,16,Man Utd,Midfielder,4.9,0.147,0.0,0.147,2.19,0.0,0.0,1.0,0.0299,0.147,0,0,1,0.567,0,0,2.0,0.0,0.0
2026-09-18T16:27:56+00:00,5,2026-09-18T17:30:00Z,player-sim-2.0,player-sim-2.0,player-sim-3.0-candidate,holdout_rejected,0.0,0.0,0.0,0.0,fpl-2026-27,1.025,436,490881,Collyer,16,Man Utd,Midfielder,5.0,0.0,0.0,0.0,0.0,0.0,0.0,0.0,0.0,0.0,0,0,0,0.0,0,0,0,0.0,0.0
2026-09-18T16:27:56+00:00,5,2026-09-18T17:30:00Z,player-sim-2.0,player-sim-2.0,player-sim-3.0-candidate,holdout_rejected,0.0,0.0,0.0,0.0,fpl-2026-27,1.025,437,576620,Bendito Mantato,16,Man Utd,Midfielder,4.5,0.002,0.0,0.002,0.04,0.0,0.0,0.0,0.0004,0.002,0,0,0,0.41,0,0,1.0,0.0017,0.0
2026-09-18T16:27:56+00:00,5,2026-09-18T17:30:00Z,player-sim-2.0,player-sim-2.0,player-sim-3.0-candidate,holdout_rejected,0.0,0.0,0.0,0.0,fpl-2026-27,1.025,438,519913,Fletcher,16,Man Utd,Midfielder,4.4,0.0,0.0,0.0,0.0,0.0,0.0,0.0,0.0,0.0,0,0,0,0.387,0,0,2.0,0.0,0.0
2026-09-18T16:27:56+00:00,5,2026-09-18T17:30:00Z,player-sim-2.0,player-sim-2.0,player-sim-3.0-candidate,holdout_rejected,0.0,0.0,0.0,0.0,fpl-2026-27,1.02,439,485711,Šeško,16,Man Utd,Forward,7.0,1.767,0.0,1.767,25.65,0.0,1.0,5.0,0.2524,1.767,0,1,5,1.385,0,1.0,3.0,0.0067,0.0
2026-09-18T16:27:56+00:00,5,2026-09-18T17:30:00Z,player-sim-2.0,player-sim-2.0,player-sim-3.0-candidate,holdout_rejected,0.0,0.0,0.0,0.0,fpl-2026-27,1.02,440,458249,Zirkzee,16,Man Utd,Forward,5.4,0.47,0.0,0.47,6.56,0.0,0.0,1.0,0.087,0.47,0,0,1,0.588,0,0,1.0,0.0067,0.0033
2026-09-18T16:27:56+00:00,5,2026-09-18T17:30:00Z,player-sim-2.0,player-sim-2.0,player-sim-3.0-candidate,holdout_rejected,0.0,0.0,0.0,0.0,fpl-2026-27,1.02,441,596047,Obi,16,Man Utd,Forward,4.5,0.0,0.0,0.0,0.0,0.0,0.0,0.0,0.0,0.0,0,0,0,0.0,0,0,0,0.0,0.0
2026-09-18T16:27:56+00:00,5,2026-09-18T17:30:00Z,player-sim-2.0,player-sim-2.0,player-sim-3.0-candidate,holdout_rejected,0.0,0.0,0.0,0.0,fpl-2026-27,1.025,405,465694,N.Gonzalez,17,Newcastle,Midfielder,5.5,0.0,0.0,0.0,0.0,0.0,0.0,0.0,0.0,0.0,0,0,0,0.0,0,0,0,0.0,0.0
2026-09-18T16:27:56+00:00,5,2026-09-18T17:30:00Z,player-sim-2.0,player-sim-2.0,player-sim-3.0-candidate,holdout_rejected,0.0,0.0,0.0,0.0,fpl-2026-27,1.04,442,98747,Pope,17,Newcastle,Goalkeeper,4.9,1.162,0.0,1.162,23.11,0.0,0.0,5.0,0.2371,1.162,0,0,5,0.43,0,0,1.0,0.0,0.0
2026-09-18T16:27:56+00:00,5,2026-09-18T17:30:00Z,player-sim-2.0,player-sim-2.0,player-sim-3.0-candidate,holdout_rejected,0.0,0.0,0.0,0.0,fpl-2026-27,1.04,443,81441,Gillespie,17,Newcastle,Goalkeeper,4.5,0.338,0.0,0.338,6.94,0.0,0.0,0.0,0.0752,0.338,0,0,0,0.308,0,0,0,0.0017,0.0
2026-09-18T16:27:56+00:00,5,2026-09-18T17:30:00Z,player-sim-2.0,player-sim-2.0,player-sim-3.0-candidate,holdout_rejected,0.0,0.0,0.0,0.0,fpl-2026-27,1.04,444,554578,Jaouen,17,Newcastle,Goalkeeper,4.5,0.15,0.0,0.15,2.94,0.0,0.0,0.0,0.0333,0.15,0,0,0,0.157,0,0,0,0.0,0.0
2026-09-18T16:27:56+00:00,5,2026-09-18T17:30:00Z,player-sim-2.0,player-sim-2.0,player-sim-3.0-candidate,holdout_rejected,0.0,0.0,0.0,0.0,fpl-2026-27,1.0,445,465642,Thiaw,17,Newcastle,Defender,5.0,4.102,0.0,4.102,85.35,1.0,3.0,8.0,0.8203,4.102,1,3,8,3.082,0,2.0,7.0,0.0433,0.0033
2026-09-18T16:27:56+00:00,5,2026-09-18T17:30:00Z,player-sim-2.0,player-sim-2.0,player-sim-3.0-candidate,holdout_rejected,0.0,0.0,0.0,0.0,fpl-2026-27,1.0,446,119471,Schär,17,Newcastle,Defender,4.9,0.557,0.0,0.557,10.25,0.0,0.0,1.0,0.1136,0.557,0,0,1,0.517,0,0,1.0,0.0,0.0
2026-09-18T16:27:56+00:00,5,2026-09-18T17:30:00Z,player-sim-2.0,player-sim-2.0,player-sim-3.0-candidate,holdout_rejected,0.0,0.0,0.0,0.0,fpl-2026-27,1.0,447,220237,Botman,17,Newcastle,Defender,5.0,3.857,0.0,3.857,73.61,0.0,3.0,8.0,0.7713,3.857,0,3,8,3.44,0.0,3.0,8.0,0.03,0.0033
2026-09-18T16:27:56+00:00,5,2026-09-18T17:30:00Z,player-sim-2.0,player-sim-2.0,player-sim-3.0-candidate,holdout_rejected,0.0,0.0,0.0,0.0,fpl-2026-27,1.0,448,78916,Burn,17,Newcastle,Defender,4.9,0.0,0.0,0.0,0.0,0.0,0.0,0.0,0.0,0.0,0,0,0,0.0,0,0,0,0.0,0.0
2026-09-18T16:27:56+00:00,5,2026-09-18T17:30:00Z,player-sim-2.0,player-sim-2.0,player-sim-3.0-candidate,holdout_rejected,0.0,0.0,0.0,0.0,fpl-2026-27,1.0,449,487838,Hall,17,Newcastle,Defender,5.2,4.018,0.0,4.018,79.12,1.0,3.0,8.0,0.7727,4.018,1,3,8,3.343,0,2.0,8.0,0.03,0.0067
2026-09-18T16:27:56+00:00,5,2026-09-18T17:30:00Z,player-sim-2.0,player-sim-2.0,player-sim-3.0-candidate,holdout_rejected,0.0,0.0,0.0,0.0,fpl-2026-27,1.0,450,441191,Livramento,17,Newcastle,Defender,4.9,0.885,0.0,0.885,17.63,0.0,1.0,2.0,0.1806,0.885,0,1,2,0.768,0,0,2.0,0.0017,0.0
2026-09-18T16:27:56+00:00,5,2026-09-18T17:30:00Z,player-sim-2.0,player-sim-2.0,player-sim-3.0-candidate,holdout_rejected,0.0,0.0,0.0,0.0,fpl-2026-27,1.0,451,545477,A.Murphy,17,Newcastle,Defender,4.0,0.0,0.0,0.0,0.0,0.0,0.0,0.0,0.0,0.0,0,0,0,0.0,0,0,0,0.0,0.0
2026-09-18T16:27:56+00:00,5,2026-09-18T17:30:00Z,player-sim-2.0,player-sim-2.0,player-sim-3.0-candidate,holdout_rejected,0.0,0.0,0.0,0.0,fpl-2026-27,1.025,453,201666,Barnes,17,Newcastle,Midfielder,6.0,3.56,0.0,3.56,73.27,1.0,3.0,8.0,0.5933,3.56,1,3,8,3.173,0,2.0,8.0,0.045,0.0067
2026-09-18T16:27:56+00:00,5,2026-09-18T17:30:00Z,player-sim-2.0,player-sim-2.0,player-sim-3.0-candidate,holdout_rejected,0.0,0.0,0.0,0.0,fpl-2026-27,1.025,454,449434,Elanga,17,Newcastle,Midfielder,6.2,0.0,0.0,0.0,0.0,0.0,0.0,0.0,0.0,0.0,0,0,0,0.0,0,0,0,0.0,0.0
2026-09-18T16:27:56+00:00,5,2026-09-18T17:30:00Z,player-sim-2.0,player-sim-2.0,player-sim-3.0-candidate,holdout_rejected,0.0,0.0,0.0,0.0,fpl-2026-27,1.025,456,232653,J.Ramsey,17,Newcastle,Midfielder,4.9,0.0,0.0,0.0,0.0,0.0,0.0,0.0,0.0,0.0,0,0,0,0.0,0,0,0,0.0,0.0
2026-09-18T16:27:56+00:00,5,2026-09-18T17:30:00Z,player-sim-2.0,player-sim-2.0,player-sim-3.0-candidate,holdout_rejected,0.0,0.0,0.0,0.0,fpl-2026-27,1.025,457,114243,J.Murphy,17,Newcastle,Midfielder,5.9,1.508,0.0,1.508,30.48,0.0,1.0,3.0,0.2556,1.508,0,1,3,1.458,0,1.0,4.0,0.0017,0.0
2026-09-18T16:27:56+00:00,5,2026-09-18T17:30:00Z,player-sim-2.0,player-sim-2.0,player-sim-3.0-candidate,holdout_rejected,0.0,0.0,0.0,0.0,fpl-2026-27,1.025,458,180974,Joelinton,17,Newcastle,Midfielder,5.4,0.0,0.0,0.0,0.0,0.0,0.0,0.0,0.0,0.0,0,0,0,0.0,0,0,0,0.0,0.0
2026-09-18T16:27:56+00:00,5,2026-09-18T17:30:00Z,player-sim-2.0,player-sim-2.0,player-sim-3.0-candidate,holdout_rejected,0.0,0.0,0.0,0.0,fpl-2026-27,1.025,459,547719,L.Miley,17,Newcastle,Midfielder,5.5,2.512,0.0,2.512,64.02,0.0,2.0,5.0,0.4567,2.512,0,2,5,2.233,0,2.0,4.0,0.01,0.0
2026-09-18T16:27:56+00:00,5,2026-09-18T17:30:00Z,player-sim-2.0,player-sim-2.0,player-sim-3.0-candidate,holdout_rejected,0.0,0.0,0.0,0.0,fpl-2026-27,1.025,460,200089,Willock,17,Newcastle,Midfielder,5.0,1.908,0.0,1.908,43.28,0.0,1.0,4.0,0.3817,1.908,0,1,4,2.017,0,1.0,6.0,0.01,0.0
2026-09-18T16:27:56+00:00,5,2026-09-18T17:30:00Z,player-sim-2.0,player-sim-2.0,player-sim-3.0-candidate,holdout_rejected,0.0,0.0,0.0,0.0,fpl-2026-27,1.025,461,611665,Touré,17,Newcastle,Midfielder,5.8,0.83,0.0,0.83,15.42,0.0,0.0,2.0,0.1431,0.83,0,0,2,0.785,0,0,2.0,0.0033,0.0
2026-09-18T16:27:56+00:00,5,2026-09-18T17:30:00Z,player-sim-2.0,player-sim-2.0,player-sim-3.0-candidate,holdout_rejected,0.0,0.0,0.0,0.0,fpl-2026-27,1.025,462,636852,Steur,17,Newcastle,Midfielder,4.9,1.588,0.0,1.588,36.49,0.0,1.0,3.0,0.3241,1.588,0,1,3,1.537,0,1.0,3.0,0.0,0.0
2026-09-18T16:27:56+00:00,5,2026-09-18T17:30:00Z,player-sim-2.0,player-sim-2.0,player-sim-3.0-candidate,holdout_rejected,0.0,0.0,0.0,0.0,fpl-2026-27,1.02,463,470313,Woltemade,17,Newcastle,Forward,5.9,0.0,0.0,0.0,0.0,0.0,0.0,0.0,0.0,0.0,0,0,0,0.0,0,0,0,0.0,0.0
2026-09-18T16:27:56+00:00,5,2026-09-18T17:30:00Z,player-sim-2.0,player-sim-2.0,player-sim-3.0-candidate,holdout_rejected,0.0,0.0,0.0,0.0,fpl-2026-27,1.02,464,216646,Wissa,17,Newcastle,Forward,6.2,2.8,0.0,2.8,64.19,0.0,2.0,6.0,0.4516,2.8,0,2,6,3.007,0,2.0,7.0,0.055,0.0083
2026-09-18T16:27:56+00:00,5,2026-09-18T17:30:00Z,player-sim-2.0,player-sim-2.0,player-sim-3.0-candidate,holdout_rejected,0.0,0.0,0.0,0.0,fpl-2026-27,1.02,465,538207,Osula,17,Newcastle,Forward,5.9,0.0,0.0,0.0,0.0,0.0,0.0,0.0,0.0,0.0,0,0,0,0.0,0,0,0,0.0,0.0
2026-09-18T16:27:56+00:00,5,2026-09-18T17:30:00Z,player-sim-2.0,player-sim-2.0,player-sim-3.0-candidate,holdout_rejected,0.0,0.0,0.0,0.0,fpl-2026-27,1.02,466,599303,Neave,17,Newcastle,Forward,4.5,0.0,0.0,0.0,0.0,0.0,0.0,0.0,0.0,0.0,0,0,0,0.0,0,0,0,0.0,0.0
2026-09-18T16:27:56+00:00,5,2026-09-18T17:30:00Z,player-sim-2.0,player-sim-2.0,player-sim-3.0-candidate,holdout_rejected,0.0,0.0,0.0,0.0,fpl-2026-27,1.025,559,632794,Bamba,17,Newcastle,Midfielder,4.9,0.638,0.0,0.638,11.56,0.0,0.0,2.0,0.1303,0.638,0,0,2,0.78,0,0,2.0,0.0,0.0
2026-09-18T16:27:56+00:00,5,2026-09-18T17:30:00Z,player-sim-2.0,player-sim-2.0,player-sim-3.0-candidate,holdout_rejected,0.0,0.0,0.0,0.0,fpl-2026-27,1.04,567,470551,Horníček,17,Newcastle,Goalkeeper,5.0,2.855,0.0,2.855,64.42,0.0,2.0,7.0,0.571,2.855,0,2,7,2.612,0,2.0,7.0,0.0017,0.0
2026-09-18T16:27:56+00:00,5,2026-09-18T17:30:00Z,player-sim-2.0,player-sim-2.0,player-sim-3.0-candidate,holdout_rejected,0.0,0.0,0.0,0.0,fpl-2026-27,1.0,593,463726,Dedić,17,Newcastle,Defender,4.5,0.0,0.0,0.0,0.0,0.0,0.0,0.0,0.0,0.0,0,0,0,0.0,0,0,0,0.0,0.0
2026-09-18T16:27:56+00:00,5,2026-09-18T17:30:00Z,player-sim-2.0,player-sim-2.0,player-sim-3.0-candidate,holdout_rejected,0.0,0.0,0.0,0.0,fpl-2026-27,1.0,609,553746,Shahar,17,Newcastle,Defender,4.0,0.0,0.0,0.0,0.0,0.0,0.0,0.0,0.0,0.0,0,0,0,0.0,0,0,0,0.0,0.0
2026-09-18T16:27:56+00:00,5,2026-09-18T17:30:00Z,player-sim-2.0,player-sim-2.0,player-sim-3.0-candidate,holdout_rejected,0.0,0.0,0.0,0.0,fpl-2026-27,1.03,634,613221,Fernandez-Pardo,17,Newcastle,Forward,6.0,1.358,0.0,1.358,28.73,0.0,1.0,3.0,0.2264,1.358,0,1,3,1.463,0,1.0,3.0,0.0067,0.0
2026-09-18T16:27:56+00:00,5,2026-09-18T17:30:00Z,player-sim-2.0,player-sim-2.0,player-sim-3.0-candidate,holdout_rejected,0.0,0.0,0.0,0.0,fpl-2026-27,1.0437,659,665243,Miley,17,Newcastle,Midfielder,4.5,0.917,0.0,0.917,23.44,0.0,0.0,3.0,0.2037,0.917,0,0,3,0.705,0,0,2.0,0.0,0.0
2026-09-18T16:27:56+00:00,5,2026-09-18T17:30:00Z,player-sim-2.0,player-sim-2.0,player-sim-3.0-candidate,holdout_rejected,0.0,0.0,0.0,0.0,fpl-2026-27,1.02,167,463034,Delap,18,Nott'm Forest,Forward,5.5,1.828,0.0,1.828,40.55,0.0,1.0,6.0,0.3324,1.828,0,1,6,1.667,0,1.0,5.0,0.0267,0.005
2026-09-18T16:27:56+00:00,5,2026-09-18T17:30:00Z,player-sim-2.0,player-sim-2.0,player-sim-3.0-candidate,holdout_rejected,0.0,0.0,0.0,0.0,fpl-2026-27,1.0,201,247348,Muñoz,18,Nott'm Forest,Defender,5.4,2.868,0.0,2.868,46.97,0.0,1.0,7.0,0.5312,2.868,0,1,7,2.447,0,1.0,7.0,0.0333,0.0083
2026-09-18T16:27:56+00:00,5,2026-09-18T17:30:00Z,player-sim-2.0,player-sim-2.0,player-sim-3.0-candidate,holdout_rejected,0.0,0.0,0.0,0.0,fpl-2026-27,1.04,467,85633,Sels,18,Nott'm Forest,Goalkeeper,5.0,3.905,0.0,3.905,82.67,1.0,3.0,7.0,0.781,3.905,1,3,7,2.878,0,2.0,7.0,0.0067,0.0
2026-09-18T16:27:56+00:00,5,2026-09-18T17:30:00Z,player-sim-2.0,player-sim-2.0,player-sim-3.0-candidate,holdout_rejected,0.0,0.0,0.0,0.0,fpl-2026-27,1.04,468,221389,John,18,Nott'm Forest,Goalkeeper,4.5,0.167,0.0,0.167,3.64,0.0,0.0,0.0,0.037,0.167,0,0,0,0.325,0,0,0,0.0,0.0
2026-09-18T16:27:56+00:00,5,2026-09-18T17:30:00Z,player-sim-2.0,player-sim-2.0,player-sim-3.0-candidate,holdout_rejected,0.0,0.0,0.0,0.0,fpl-2026-27,1.0,469,215136,N.Williams,18,Nott'm Forest,Defender,5.0,4.507,0.0,4.507,87.24,1.0,4.0,8.0,0.9013,4.507,1,4,8,3.43,0,2.0,8.0,0.055,0.0067
2026-09-18T16:27:56+00:00,5,2026-09-18T17:30:00Z,player-sim-2.0,player-sim-2.0,player-sim-3.0-candidate,holdout_rejected,0.0,0.0,0.0,0.0,fpl-2026-27,1.0,470,485047,Morato,18,Nott'm Forest,Defender,5.0,0.0,0.0,0.0,0.0,0.0,0.0,0.0,0.0,0.0,0,0,0,0.0,0,0,0,0.0,0.0
2026-09-18T16:27:56+00:00,5,2026-09-18T17:30:00Z,player-sim-2.0,player-sim-2.0,player-sim-3.0-candidate,holdout_rejected,0.0,0.0,0.0,0.0,fpl-2026-27,1.0,471,227444,Milenković,18,Nott'm Forest,Defender,5.5,0.0,0.0,0.0,0.0,0.0,0.0,0.0,0.0,0.0,0,0,0,0.0,0,0,0,0.0,0.0
2026-09-18T16:27:56+00:00,5,2026-09-18T17:30:00Z,player-sim-2.0,player-sim-2.0,player-sim-3.0-candidate,holdout_rejected,0.0,0.0,0.0,0.0,fpl-2026-27,1.0,472,575476,Murillo,18,Nott'm Forest,Defender,5.5,4.135,0.0,4.135,78.3,1.0,4.0,8.0,0.7518,4.135,1,4,8,3.487,0,3.0,8.0,0.035,0.005
2026-09-18T16:27:56+00:00,5,2026-09-18T17:30:00Z,player-sim-2.0,player-sim-2.0,player-sim-3.0-candidate,holdout_rejected,0.0,0.0,0.0,0.0,fpl-2026-27,1.0,473,159506,Aina,18,Nott'm Forest,Defender,4.5,3.307,0.0,3.307,64.95,0.0,2.0,7.0,0.7348,3.307,0,2,7,3.103,0,2.0,7.0,0.0133,0.0017
2026-09-18T16:27:56+00:00,5,2026-09-18T17:30:00Z,player-sim-2.0,player-sim-2.0,player-sim-3.0-candidate,holdout_rejected,0.0,0.0,0.0,0.0,fpl-2026-27,1.0,474,575458,Jair Cunha,18,Nott'm Forest,Defender,4.5,1.702,0.0,1.702,33.95,0.0,0.0,6.0,0.3782,1.702,0,0,6,1.843,0,0,6.0,0.0033,0.0
2026-09-18T16:27:56+00:00,5,2026-09-18T17:30:00Z,player-sim-2.0,player-sim-2.0,player-sim-3.0-candidate,holdout_rejected,0.0,0.0,0.0,0.0,fpl-2026-27,1.0,475,500151,Savona,18,Nott'm Forest,Defender,4.5,0.0,0.0,0.0,0.0,0.0,0.0,0.0,0.0,0.0,0,0,0,0.0,0,0,0,0.0,0.0
2026-09-18T16:27:56+00:00,5,2026-09-18T17:30:00Z,player-sim-2.0,player-sim-2.0,player-sim-3.0-candidate,holdout_rejected,0.0,0.0,0.0,0.0,fpl-2026-27,1.0,476,204822,O.Richards,18,Nott'm Forest,Defender,4.0,0.468,0.0,0.468,9.29,0.0,0.0,1.0,0.1171,0.468,0,0,1,0.488,0,0,1.0,0.0017,0.0017
2026-09-18T16:27:56+00:00,5,2026-09-18T17:30:00Z,player-sim-2.0,player-sim-2.0,player-sim-3.0-candidate,holdout_rejected,0.0,0.0,0.0,0.0,fpl-2026-27,1.0,477,549067,Abbott,18,Nott'm Forest,Defender,4.0,0.0,0.0,0.0,0.0,0.0,0.0,0.0,0.0,0.0,0,0,0,0.0,0,0,0,0.0,0.0
2026-09-18T16:27:56+00:00,5,2026-09-18T17:30:00Z,player-sim-2.0,player-sim-2.0,player-sim-3.0-candidate,holdout_rejected,0.0,0.0,0.0,0.0,fpl-2026-27,1.0,478,470315,Netz,18,Nott'm Forest,Defender,4.4,0.387,0.0,0.387,7.36,0.0,0.0,1.0,0.0879,0.387,0,0,1,0.868,0,0,2.0,0.0067,0.0
2026-09-18T16:27:56+00:00,5,2026-09-18T17:30:00Z,player-sim-2.0,player-sim-2.0,player-sim-3.0-candidate,holdout_rejected,0.0,0.0,0.0,0.0,fpl-2026-27,1.0,479,538638,Bindon,18,Nott'm Forest,Defender,4.0,0.0,0.0,0.0,0.0,0.0,0.0,0.0,0.0,0.0,0,0,0,0.0,0,0,0,0.0,0.0
2026-09-18T16:27:56+00:00,5,2026-09-18T17:30:00Z,player-sim-2.0,player-sim-2.0,player-sim-3.0-candidate,holdout_rejected,0.0,0.0,0.0,0.0,fpl-2026-27,1.025,480,222531,Gibbs-White,18,Nott'm Forest,Midfielder,8.0,5.182,0.0,5.182,86.14,2.0,4.0,9.0,0.6477,5.182,2,4,9,4.482,0,3.0,10.0,0.1067,0.0367
2026-09-18T16:27:56+00:00,5,2026-09-18T17:30:00Z,player-sim-2.0,player-sim-2.0,player-sim-3.0-candidate,holdout_rejected,0.0,0.0,0.0,0.0,fpl-2026-27,1.025,482,209046,Hudson-Odoi,18,Nott'm Forest,Midfielder,5.8,0.937,0.0,0.937,15.44,0.0,0.0,2.0,0.1615,0.937,0,0,2,0.613,0,0,2.0,0.0033,0.0017
2026-09-18T16:27:56+00:00,5,2026-09-18T17:30:00Z,player-sim-2.0,player-sim-2.0,player-sim-3.0-candidate,holdout_rejected,0.0,0.0,0.0,0.0,fpl-2026-27,1.025,483,456512,Ndoye,18,Nott'm Forest,Midfielder,5.5,2.952,0.0,2.952,51.0,0.0,2.0,7.0,0.5367,2.952,0,2,7,3.16,0,3.0,8.0,0.0367,0.0083
2026-09-18T16:27:56+00:00,5,2026-09-18T17:30:00Z,player-sim-2.0,player-sim-2.0,player-sim-3.0-candidate,holdout_rejected,0.0,0.0,0.0,0.0,fpl-2026-27,1.025,484,503301,Hutchinson,18,Nott'm Forest,Midfielder,5.4,0.0,0.0,0.0,0.0,0.0,0.0,0.0,0.0,0.0,0,0,0,0.0,0,0,0,0.0,0.0
2026-09-18T16:27:56+00:00,5,2026-09-18T17:30:00Z,player-sim-2.0,player-sim-2.0,player-sim-3.0-candidate,holdout_rejected,0.0,0.0,0.0,0.0,fpl-2026-27,1.025,485,476887,Bakwa,18,Nott'm Forest,Midfielder,5.5,0.0,0.0,0.0,0.0,0.0,0.0,0.0,0.0,0.0,0,0,0,0.0,0,0,0,0.0,0.0
2026-09-18T16:27:56+00:00,5,2026-09-18T17:30:00Z,player-sim-2.0,player-sim-2.0,player-sim-3.0-candidate,holdout_rejected,0.0,0.0,0.0,0.0,fpl-2026-27,1.025,486,432714,McAtee,18,Nott'm Forest,Midfielder,5.5,2.38,0.0,2.38,59.13,0.0,2.0,6.0,0.4327,2.38,0,2,6,2.615,0,2.0,6.0,0.015,0.0017
2026-09-18T16:27:56+00:00,5,2026-09-18T17:30:00Z,player-sim-2.0,player-sim-2.0,player-sim-3.0-candidate,holdout_rejected,0.0,0.0,0.0,0.0,fpl-2026-27,1.025,487,250199,Dominguez,18,Nott'm Forest,Midfielder,4.9,0.515,0.0,0.515,12.83,0.0,0.0,1.0,0.1051,0.515,0,0,1,0.63,0,0.0,1.0,0.0017,0.0
2026-09-18T16:27:56+00:00,5,2026-09-18T17:30:00Z,player-sim-2.0,player-sim-2.0,player-sim-3.0-candidate,holdout_rejected,0.0,0.0,0.0,0.0,fpl-2026-27,1.025,488,210462,I.Sangaré,18,Nott'm Forest,Midfielder,4.9,1.222,0.0,1.222,27.66,0.0,1.0,3.0,0.2493,1.222,0,1,3,1.073,0,0,3.0,0.005,0.0
2026-09-18T16:27:56+00:00,5,2026-09-18T17:30:00Z,player-sim-2.0,player-sim-2.0,player-sim-3.0-candidate,holdout_rejected,0.0,0.0,0.0,0.0,fpl-2026-27,1.025,489,204968,Yates,18,Nott'm Forest,Midfielder,4.5,0.158,0.0,0.158,3.32,0.0,0.0,0.0,0.0352,0.158,0,0,0,0.38,0,0,2.0,0.0017,0.0
2026-09-18T16:27:56+00:00,5,2026-09-18T17:30:00Z,player-sim-2.0,player-sim-2.0,player-sim-3.0-candidate,holdout_rejected,0.0,0.0,0.0,0.0,fpl-2026-27,1.02,490,60689,Wood,18,Nott'm Forest,Forward,5.8,0.962,0.0,0.962,14.35,0.0,1.0,2.0,0.1658,0.962,0,1,2,1.008,0,1.0,2.0,0.0,0.0
2026-09-18T16:27:56+00:00,5,2026-09-18T17:30:00Z,player-sim-2.0,player-sim-2.0,player-sim-3.0-candidate,holdout_rejected,0.0,0.0,0.0,0.0,fpl-2026-27,1.02,491,482973,Igor Jesus,18,Nott'm Forest,Forward,5.8,2.717,0.0,2.717,53.81,1.0,2.0,6.0,0.4684,2.717,1,2,6,2.022,0.0,1.0,6.0,0.0167,0.0017
2026-09-18T16:27:56+00:00,5,2026-09-18T17:30:00Z,player-sim-2.0,player-sim-2.0,player-sim-3.0-candidate,holdout_rejected,0.0,0.0,0.0,0.0,fpl-2026-27,1.02,493,465680,Kalimuendo,18,Nott'm Forest,Forward,5.4,0.157,0.0,0.157,2.38,0.0,0.0,1.0,0.029,0.157,0,0,1,0.495,0,0,1.0,0.0,0.0
2026-09-18T16:27:56+00:00,5,2026-09-18T17:30:00Z,player-sim-2.0,player-sim-2.0,player-sim-3.0-candidate,holdout_rejected,0.0,0.0,0.0,0.0,fpl-2026-27,1.025,558,204561,Schlager,18,Nott'm Forest,Midfielder,5.0,2.208,0.0,2.208,55.65,0.0,2.0,5.0,0.4417,2.208,0,2,5,2.102,0,2.0,4.0,0.0017,0.0
2026-09-18T16:27:56+00:00,5,2026-09-18T17:30:00Z,player-sim-2.0,player-sim-2.0,player-sim-3.0-candidate,holdout_rejected,0.0,0.0,0.0,0.0,fpl-2026-27,1.0,581,568420,Diomande,18,Nott'm Forest,Defender,5.4,1.357,0.0,1.357,26.3,0.0,0.0,5.0,0.2512,1.357,0,0,5,1.42,0.0,0,6.0,0.0117,0.0017
2026-09-18T16:27:56+00:00,5,2026-09-18T17:30:00Z,player-sim-2.0,player-sim-2.0,player-sim-3.0-candidate,holdout_rejected,0.0,0.0,0.0,0.0,fpl-2026-27,1.04,590,428971,Benda,18,Nott'm Forest,Goalkeeper,4.5,0.428,0.0,0.428,8.51,0.0,0.0,1.0,0.0952,0.428,0,0,1,0.335,0,0,0,0.0,0.0
2026-09-18T16:27:56+00:00,5,2026-09-18T17:30:00Z,player-sim-2.0,player-sim-2.0,player-sim-3.0-candidate,holdout_rejected,0.0,0.0,0.0,0.0,fpl-2026-27,1.0,112,469142,Van Hecke,19,Spurs,Defender,4.9,4.318,0.0,4.318,87.84,1.0,4.0,8.0,0.8813,4.318,1,4,8,3.258,0,2.0,8.0,0.03,0.0033
2026-09-18T16:27:56+00:00,5,2026-09-18T17:30:00Z,player-sim-2.0,player-sim-2.0,player-sim-3.0-candidate,holdout_rejected,0.0,0.0,0.0,0.0,fpl-2026-27,1.0,147,109646,Tosin,19,Spurs,Defender,4.4,0.348,0.0,0.348,7.98,0.0,0.0,1.0,0.0792,0.348,0,0,1,0.717,0,0,2.0,0.0,0.0
2026-09-18T16:27:56+00:00,5,2026-09-18T17:30:00Z,player-sim-2.0,player-sim-2.0,player-sim-3.0-candidate,holdout_rejected,0.0,0.0,0.0,0.0,fpl-2026-27,1.02,401,438234,Marmoush,19,Spurs,Forward,7.0,2.222,0.0,2.222,51.98,0.0,2.0,6.0,0.3174,2.222,0,2,6,1.702,0,1.0,4.0,0.01,0.0033
2026-09-18T16:27:56+00:00,5,2026-09-18T17:30:00Z,player-sim-2.0,player-sim-2.0,player-sim-3.0-candidate,holdout_rejected,0.0,0.0,0.0,0.0,fpl-2026-27,1.025,403,510281,Sávio,19,Spurs,Midfielder,6.5,1.48,0.0,1.48,33.55,0.0,0.0,5.0,0.2277,1.48,0,0,5,1.425,0,0,4.0,0.0067,0.0017
2026-09-18T16:27:56+00:00,5,2026-09-18T17:30:00Z,player-sim-2.0,player-sim-2.0,player-sim-3.0-candidate,holdout_rejected,0.0,0.0,0.0,0.0,fpl-2026-27,1.025,455,432422,Tonali,19,Spurs,Midfielder,5.4,2.99,0.0,2.99,78.92,2.0,2.0,5.0,0.5537,2.99,2,2,5,2.312,0,2.0,5.0,0.01,0.0
2026-09-18T16:27:56+00:00,5,2026-09-18T17:30:00Z,player-sim-2.0,player-sim-2.0,player-sim-3.0-candidate,holdout_rejected,0.0,0.0,0.0,0.0,fpl-2026-27,1.04,494,184254,Vicario,19,Spurs,Goalkeeper,4.5,0.0,0.0,0.0,0.0,0.0,0.0,0.0,0.0,0.0,0,0,0,0.0,0,0,0,0.0,0.0
2026-09-18T16:27:56+00:00,5,2026-09-18T17:30:00Z,player-sim-2.0,player-sim-2.0,player-sim-3.0-candidate,holdout_rejected,0.0,0.0,0.0,0.0,fpl-2026-27,1.04,495,214572,Austin,19,Spurs,Goalkeeper,4.0,0.355,0.0,0.355,8.39,0.0,0.0,0.0,0.0887,0.355,0,0,0,0.308,0,0,0,0.0,0.0
2026-09-18T16:27:56+00:00,5,2026-09-18T17:30:00Z,player-sim-2.0,player-sim-2.0,player-sim-3.0-candidate,holdout_rejected,0.0,0.0,0.0,0.0,fpl-2026-27,1.04,496,485055,Kinsky,19,Spurs,Goalkeeper,4.5,2.827,0.0,2.827,67.45,0.0,2.0,7.0,0.6282,2.827,0,2,7,2.483,0,2.0,6.0,0.0,0.0
2026-09-18T16:27:56+00:00,5,2026-09-18T17:30:00Z,player-sim-2.0,player-sim-2.0,player-sim-3.0-candidate,holdout_rejected,0.0,0.0,0.0,0.0,fpl-2026-27,1.04,497,67089,Dubravka,19,Spurs,Goalkeeper,4.0,1.165,0.0,1.165,25.52,0.0,0.0,4.0,0.2913,1.165,0,0,4,0.317,0,0,0,0.0,0.0
2026-09-18T16:27:56+00:00,5,2026-09-18T17:30:00Z,player-sim-2.0,player-sim-2.0,player-sim-3.0-candidate,holdout_rejected,0.0,0.0,0.0,0.0,fpl-2026-27,1.0,498,221466,Senesi,19,Spurs,Defender,5.8,2.162,0.0,2.162,36.8,0.0,0.0,7.0,0.3727,2.162,0,0,7,1.318,0,0,5.0,0.01,0.0033
2026-09-18T16:27:56+00:00,5,2026-09-18T17:30:00Z,player-sim-2.0,player-sim-2.0,player-sim-3.0-candidate,holdout_rejected,0.0,0.0,0.0,0.0,fpl-2026-27,1.0,499,441164,Pedro Porro,19,Spurs,Defender,5.4,2.525,0.0,2.525,56.53,0.0,2.0,6.0,0.4676,2.525,0,2,6,1.852,0,0.0,6.0,0.0183,0.0017
2026-09-18T16:27:56+00:00,5,2026-09-18T17:30:00Z,player-sim-2.0,player-sim-2.0,player-sim-3.0-candidate,holdout_rejected,0.0,0.0,0.0,0.0,fpl-2026-27,1.0,500,221632,Romero,19,Spurs,Defender,5.0,0.0,0.0,0.0,0.0,0.0,0.0,0.0,0.0,0.0,0,0,0,0.0,0,0,0,0.0,0.0
2026-09-18T16:27:56+00:00,5,2026-09-18T17:30:00Z,player-sim-2.0,player-sim-2.0,player-sim-3.0-candidate,holdout_rejected,0.0,0.0,0.0,0.0,fpl-2026-27,1.0,502,122798,Robertson,19,Spurs,Defender,4.4,2.54,0.0,2.54,54.27,0.0,2.0,6.0,0.5773,2.54,0,2,6,2.407,0,1.0,6.0,0.0067,0.0
2026-09-18T16:27:56+00:00,5,2026-09-18T17:30:00Z,player-sim-2.0,player-sim-2.0,player-sim-3.0-candidate,holdout_rejected,0.0,0.0,0.0,0.0,fpl-2026-27,1.0,503,491279,Van de Ven,19,Spurs,Defender,5.0,3.523,0.0,3.523,72.96,0.0,2.0,8.0,0.7047,3.523,0,2,8,2.507,0,1.0,7.0,0.0283,0.0067
2026-09-18T16:27:56+00:00,5,2026-09-18T17:30:00Z,player-sim-2.0,player-sim-2.0,player-sim-3.0-candidate,holdout_rejected,0.0,0.0,0.0,0.0,fpl-2026-27,1.0,505,232859,Spence,19,Spurs,Defender,4.5,0.0,0.0,0.0,0.0,0.0,0.0,0.0,0.0,0.0,0,0,0,0.0,0,0,0,0.0,0.0
2026-09-18T16:27:56+00:00,5,2026-09-18T17:30:00Z,player-sim-2.0,player-sim-2.0,player-sim-3.0-candidate,holdout_rejected,0.0,0.0,0.0,0.0,fpl-2026-27,1.0,506,487053,Udogie,19,Spurs,Defender,4.4,1.203,0.0,1.203,27.61,0.0,1.0,3.0,0.2735,1.203,0,1,3,1.092,0,1.0,3.0,0.0033,0.0
2026-09-18T16:27:56+00:00,5,2026-09-18T17:30:00Z,player-sim-2.0,player-sim-2.0,player-sim-3.0-candidate,holdout_rejected,0.0,0.0,0.0,0.0,fpl-2026-27,1.0,507,548308,Phillips,19,Spurs,Defender,4.5,0.0,0.0,0.0,0.0,0.0,0.0,0.0,0.0,0.0,0,0,0,0.0,0,0,0,0.0,0.0
2026-09-18T16:27:56+00:00,5,2026-09-18T17:30:00Z,player-sim-2.0,player-sim-2.0,player-sim-3.0-candidate,holdout_rejected,0.0,0.0,0.0,0.0,fpl-2026-27,1.0,508,115556,Davies,19,Spurs,Defender,4.0,0.095,0.0,0.095,1.27,0.0,0.0,0.0,0.0238,0.095,0,0,0,0.44,0,0,1.0,0.005,0.0
2026-09-18T16:27:56+00:00,5,2026-09-18T17:30:00Z,player-sim-2.0,player-sim-2.0,player-sim-3.0-candidate,holdout_rejected,0.0,0.0,0.0,0.0,fpl-2026-27,1.0,509,640419,Byfield,19,Spurs,Defender,4.0,0.0,0.0,0.0,0.0,0.0,0.0,0.0,0.0,0.0,0,0,0,0.472,0,0,1.0,0.0033,0.0
2026-09-18T16:27:56+00:00,5,2026-09-18T17:30:00Z,player-sim-2.0,player-sim-2.0,player-sim-3.0-candidate,holdout_rejected,0.0,0.0,0.0,0.0,fpl-2026-27,1.0,510,499716,Rowswell,19,Spurs,Defender,4.0,0.0,0.0,0.0,0.0,0.0,0.0,0.0,0.0,0.0,0,0,0,0.468,0,0,1.0,0.0017,0.0
2026-09-18T16:27:56+00:00,5,2026-09-18T17:30:00Z,player-sim-2.0,player-sim-2.0,player-sim-3.0-candidate,holdout_rejected,0.0,0.0,0.0,0.0,fpl-2026-27,1.0,511,616221,Souza,19,Spurs,Defender,4.0,0.0,0.0,0.0,0.0,0.0,0.0,0.0,0.0,0.0,0,0,0,0.0,0,0,0,0.0,0.0
2026-09-18T16:27:56+00:00,5,2026-09-18T17:30:00Z,player-sim-2.0,player-sim-2.0,player-sim-3.0-candidate,holdout_rejected,0.0,0.0,0.0,0.0,fpl-2026-27,1.025,512,460842,Kudus,19,Spurs,Midfielder,6.5,1.345,0.0,1.345,26.07,0.0,1.0,3.0,0.2069,1.345,0,1,3,0.927,0,1.0,2.0,0.0,0.0
2026-09-18T16:27:56+00:00,5,2026-09-18T17:30:00Z,player-sim-2.0,player-sim-2.0,player-sim-3.0-candidate,holdout_rejected,0.0,0.0,0.0,0.0,fpl-2026-27,1.025,513,493362,Xavi,19,Spurs,Midfielder,5.9,0.0,0.0,0.0,0.0,0.0,0.0,0.0,0.0,0.0,0,0,0,0.0,0,0,0,0.0,0.0
2026-09-18T16:27:56+00:00,5,2026-09-18T17:30:00Z,player-sim-2.0,player-sim-2.0,player-sim-3.0-candidate,holdout_rejected,0.0,0.0,0.0,0.0,fpl-2026-27,1.025,514,511499,Tel,19,Spurs,Midfielder,5.8,2.255,0.0,2.255,48.58,0.0,2.0,5.0,0.3888,2.255,0,2,5,2.122,0,2.0,4.0,0.01,0.0017
2026-09-18T16:27:56+00:00,5,2026-09-18T17:30:00Z,player-sim-2.0,player-sim-2.0,player-sim-3.0-candidate,holdout_rejected,0.0,0.0,0.0,0.0,fpl-2026-27,1.025,515,172780,Maddison,19,Spurs,Midfielder,6.3,0.36,0.0,0.36,5.44,0.0,0.0,1.0,0.0571,0.36,0,0,1,0.823,0,1.0,2.0,0.0017,0.0017
2026-09-18T16:27:56+00:00,5,2026-09-18T17:30:00Z,player-sim-2.0,player-sim-2.0,player-sim-3.0-candidate,holdout_rejected,0.0,0.0,0.0,0.0,fpl-2026-27,1.025,516,202993,Bentancur,19,Spurs,Midfielder,5.5,2.765,0.0,2.765,64.52,1.0,2.0,5.0,0.5027,2.765,1,2,5,2.102,0,2.0,5.0,0.005,0.0
2026-09-18T16:27:56+00:00,5,2026-09-18T17:30:00Z,player-sim-2.0,player-sim-2.0,player-sim-3.0-candidate,holdout_rejected,0.0,0.0,0.0,0.0,fpl-2026-27,1.025,517,550839,Odobert,19,Spurs,Midfielder,5.5,0.0,0.0,0.0,0.0,0.0,0.0,0.0,0.0,0.0,0,0,0,0.0,0,0,0,0.0,0.0
2026-09-18T16:27:56+00:00,5,2026-09-18T17:30:00Z,player-sim-2.0,player-sim-2.0,player-sim-3.0-candidate,holdout_rejected,0.0,0.0,0.0,0.0,fpl-2026-27,1.025,518,482442,P.M.Sarr,19,Spurs,Midfielder,4.9,0.0,0.0,0.0,0.0,0.0,0.0,0.0,0.0,0.0,0,0,0,0.0,0,0,0,0.0,0.0
2026-09-18T16:27:56+00:00,5,2026-09-18T17:30:00Z,player-sim-2.0,player-sim-2.0,player-sim-3.0-candidate,holdout_rejected,0.0,0.0,0.0,0.0,fpl-2026-27,1.025,519,232787,Gallagher,19,Spurs,Midfielder,5.3,1.073,0.0,1.073,28.23,0.0,0.0,3.0,0.2025,1.073,0,0,3,1.173,0,0,3.0,0.005,0.0
2026-09-18T16:27:56+00:00,5,2026-09-18T17:30:00Z,player-sim-2.0,player-sim-2.0,player-sim-3.0-candidate,holdout_rejected,0.0,0.0,0.0,0.0,fpl-2026-27,1.025,520,570526,Bergvall,19,Spurs,Midfielder,5.4,0.93,0.0,0.93,21.06,0.0,0.0,2.0,0.1722,0.93,0,0,2,0.99,0,0,3.0,0.0067,0.0
2026-09-18T16:27:56+00:00,5,2026-09-18T17:30:00Z,player-sim-2.0,player-sim-2.0,player-sim-3.0-candidate,holdout_rejected,0.0,0.0,0.0,0.0,fpl-2026-27,1.025,521,445044,Kulusevski,19,Spurs,Midfielder,6.5,0.0,0.0,0.0,0.0,0.0,0.0,0.0,0.0,0.0,0,0,0,0.0,0,0,0,0.0,0.0
2026-09-18T16:27:56+00:00,5,2026-09-18T17:30:00Z,player-sim-2.0,player-sim-2.0,player-sim-3.0-candidate,holdout_rejected,0.0,0.0,0.0,0.0,fpl-2026-27,1.025,522,547701,Gray,19,Spurs,Midfielder,4.9,1.96,0.0,1.96,49.83,0.0,2.0,4.0,0.4,1.96,0,2,4,1.69,0,2.0,3.0,0.0033,0.0
2026-09-18T16:27:56+00:00,5,2026-09-18T17:30:00Z,player-sim-2.0,player-sim-2.0,player-sim-3.0-candidate,holdout_rejected,0.0,0.0,0.0,0.0,fpl-2026-27,1.025,523,499721,Moore,19,Spurs,Midfielder,5.0,0.0,0.0,0.0,0.0,0.0,0.0,0.0,0.0,0.0,0,0,0,0.0,0,0,0,0.0,0.0
2026-09-18T16:27:56+00:00,5,2026-09-18T17:30:00Z,player-sim-2.0,player-sim-2.0,player-sim-3.0-candidate,holdout_rejected,0.0,0.0,0.0,0.0,fpl-2026-27,1.025,524,499726,Olusesi,19,Spurs,Midfielder,4.4,0.002,0.0,0.002,0.02,0.0,0.0,0.0,0.0004,0.002,0,0,0,0.385,0,0,2.0,0.0017,0.0
2026-09-18T16:27:56+00:00,5,2026-09-18T17:30:00Z,player-sim-2.0,player-sim-2.0,player-sim-3.0-candidate,holdout_rejected,0.0,0.0,0.0,0.0,fpl-2026-27,1.025,525,551226,Fernandes,19,Spurs,Midfielder,5.8,2.382,0.0,2.382,58.48,1.0,2.0,5.0,0.4106,2.382,1,2,5,1.633,0,1.0,4.0,0.005,0.0
2026-09-18T16:27:56+00:00,5,2026-09-18T17:30:00Z,player-sim-2.0,player-sim-2.0,player-sim-3.0-candidate,holdout_rejected,0.0,0.0,0.0,0.0,fpl-2026-27,1.02,526,154566,Solanke,19,Spurs,Forward,5.8,1.4,0.0,1.4,27.55,0.0,1.0,3.0,0.2414,1.4,0,1,3,1.452,0.0,1.0,3.0,0.0067,0.0017
2026-09-18T16:27:56+00:00,5,2026-09-18T17:30:00Z,player-sim-2.0,player-sim-2.0,player-sim-3.0-candidate,holdout_rejected,0.0,0.0,0.0,0.0,fpl-2026-27,1.02,527,212319,Richarlison,19,Spurs,Forward,5.9,0.0,0.0,0.0,0.0,0.0,0.0,0.0,0.0,0.0,0,0,0,0.0,0,0,0,0.0,0.0
2026-09-18T16:27:56+00:00,5,2026-09-18T17:30:00Z,player-sim-2.0,player-sim-2.0,player-sim-3.0-candidate,holdout_rejected,0.0,0.0,0.0,0.0,fpl-2026-27,1.02,528,490145,Scarlett,19,Spurs,Forward,4.5,0.0,0.0,0.0,0.0,0.0,0.0,0.0,0.0,0.0,0,0,0,0.0,0,0,0,0.0,0.0
2026-09-18T16:27:56+00:00,5,2026-09-18T17:30:00Z,player-sim-2.0,player-sim-2.0,player-sim-3.0-candidate,holdout_rejected,0.0,0.0,0.0,0.0,fpl-2026-27,1.025,578,465920,Mudryk,19,Spurs,Midfielder,5.4,0.0,0.0,0.0,0.0,0.0,0.0,0.0,0.0,0.0,0,0,0,0.0,0,0,0,0.0,0.0
2026-09-18T16:27:56+00:00,5,2026-09-18T17:30:00Z,player-sim-2.0,player-sim-2.0,player-sim-3.0-candidate,holdout_rejected,0.0,0.0,0.0,0.0,fpl-2026-27,1.025,601,611917,Williams-Barnett,19,Spurs,Midfielder,4.5,0.358,0.0,0.358,9.57,0.0,0.0,1.0,0.0796,0.358,0,0,1,0.32,0,0,1.0,0.0017,0.0
2026-09-18T16:27:56+00:00,5,2026-09-18T17:30:00Z,player-sim-2.0,player-sim-2.0,player-sim-3.0-candidate,holdout_rejected,0.0,0.0,0.0,0.0,fpl-2026-27,1.0,501,135720,Danso,20,Sunderland,Defender,5.0,1.445,0.0,1.445,43.05,0.0,1.0,4.0,0.289,1.445,0,1,4,1.368,0,0,5.0,0.0033,0.0
2026-09-18T16:27:56+00:00,5,2026-09-18T17:30:00Z,player-sim-2.0,player-sim-2.0,player-sim-3.0-candidate,holdout_rejected,0.0,0.0,0.0,0.0,fpl-2026-27,1.04,529,498016,Roefs,20,Sunderland,Goalkeeper,4.9,2.567,0.0,2.567,85.93,1.0,2.0,6.0,0.5238,2.567,1,2,6,2.04,0,2.0,6.0,0.0033,0.0
2026-09-18T16:27:56+00:00,5,2026-09-18T17:30:00Z,player-sim-2.0,player-sim-2.0,player-sim-3.0-candidate,holdout_rejected,0.0,0.0,0.0,0.0,fpl-2026-27,1.04,530,232571,Patterson,20,Sunderland,Goalkeeper,4.0,0.0,0.0,0.0,0.0,0.0,0.0,0.0,0.0,0.0,0,0,0,0.0,0,0,0,0.0,0.0
2026-09-18T16:27:56+00:00,5,2026-09-18T17:30:00Z,player-sim-2.0,player-sim-2.0,player-sim-3.0-candidate,holdout_rejected,0.0,0.0,0.0,0.0,fpl-2026-27,1.04,531,515046,Ellborg,20,Sunderland,Goalkeeper,4.5,0.083,0.0,0.083,2.02,0.0,0.0,0.0,0.0185,0.083,0,0,0,0.247,0,0,0,0.0,0.0
2026-09-18T16:27:56+00:00,5,2026-09-18T17:30:00Z,player-sim-2.0,player-sim-2.0,player-sim-3.0-candidate,holdout_rejected,0.0,0.0,0.0,0.0,fpl-2026-27,1.0,532,223827,Ballard,20,Sunderland,Defender,4.9,3.025,0.0,3.025,79.72,0.0,2.0,7.0,0.6173,3.025,0,2,7,2.628,0.0,2.0,7.0,0.0233,0.005
2026-09-18T16:27:56+00:00,5,2026-09-18T17:30:00Z,player-sim-2.0,player-sim-2.0,player-sim-3.0-candidate,holdout_rejected,0.0,0.0,0.0,0.0,fpl-2026-27,1.0,533,200834,Mukiele,20,Sunderland,Defender,5.4,3.118,0.0,3.118,70.34,0.0,2.0,8.0,0.5775,3.118,0,2,8,2.167,0,1.0,6.0,0.0217,0.0017
2026-09-18T16:27:56+00:00,5,2026-09-18T17:30:00Z,player-sim-2.0,player-sim-2.0,player-sim-3.0-candidate,holdout_rejected,0.0,0.0,0.0,0.0,fpl-2026-27,1.0,534,487676,Hume,20,Sunderland,Defender,4.4,1.532,0.0,1.532,52.28,0.0,1.0,4.0,0.3481,1.532,0,1,4,1.248,0,1.0,4.0,0.005,0.0017
2026-09-18T16:27:56+00:00,5,2026-09-18T17:30:00Z,player-sim-2.0,player-sim-2.0,player-sim-3.0-candidate,holdout_rejected,0.0,0.0,0.0,0.0,fpl-2026-27,1.0,535,201895,Alderete,20,Sunderland,Defender,4.9,1.007,0.0,1.007,26.55,0.0,0.0,3.0,0.2054,1.007,0,0,3,0.535,0,0,1.0,0.0,0.0
2026-09-18T16:27:56+00:00,5,2026-09-18T17:30:00Z,player-sim-2.0,player-sim-2.0,player-sim-3.0-candidate,holdout_rejected,0.0,0.0,0.0,0.0,fpl-2026-27,1.0,536,434399,Reinildo,20,Sunderland,Defender,4.5,0.0,0.0,0.0,0.0,0.0,0.0,0.0,0.0,0.0,0,0,0,0.0,0,0,0,0.0,0.0
2026-09-18T16:27:56+00:00,5,2026-09-18T17:30:00Z,player-sim-2.0,player-sim-2.0,player-sim-3.0-candidate,holdout_rejected,0.0,0.0,0.0,0.0,fpl-2026-27,1.0,537,519634,Seelt,20,Sunderland,Defender,4.5,0.0,0.0,0.0,0.0,0.0,0.0,0.0,0.0,0.0,0,0,0,0.0,0,0,0,0.0,0.0
2026-09-18T16:27:56+00:00,5,2026-09-18T17:30:00Z,player-sim-2.0,player-sim-2.0,player-sim-3.0-candidate,holdout_rejected,0.0,0.0,0.0,0.0,fpl-2026-27,1.0,538,477547,Hjelde,20,Sunderland,Defender,4.0,0.0,0.0,0.0,0.0,0.0,0.0,0.0,0.0,0.0,0,0,0,0.0,0,0,0,0.0,0.0
2026-09-18T16:27:56+00:00,5,2026-09-18T17:30:00Z,player-sim-2.0,player-sim-2.0,player-sim-3.0-candidate,holdout_rejected,0.0,0.0,0.0,0.0,fpl-2026-27,1.0,539,167512,O'Nien,20,Sunderland,Defender,4.0,0.323,0.0,0.323,11.14,0.0,0.0,1.0,0.0808,0.323,0,0,1,0.692,0,0,2.0,0.005,0.0
2026-09-18T16:27:56+00:00,5,2026-09-18T17:30:00Z,player-sim-2.0,player-sim-2.0,player-sim-3.0-candidate,holdout_rejected,0.0,0.0,0.0,0.0,fpl-2026-27,1.0,540,105717,Masuaku,20,Sunderland,Defender,4.0,0.0,0.0,0.0,0.0,0.0,0.0,0.0,0.0,0.0,0,0,0,0.0,0,0,0,0.0,0.0
2026-09-18T16:27:56+00:00,5,2026-09-18T17:30:00Z,player-sim-2.0,player-sim-2.0,player-sim-3.0-candidate,holdout_rejected,0.0,0.0,0.0,0.0,fpl-2026-27,1.0,541,93605,Meunier,20,Sunderland,Defender,4.5,1.822,0.0,1.822,62.68,0.0,1.0,6.0,0.4048,1.822,0,1,6,1.95,0,1.0,6.0,0.0017,0.0
2026-09-18T16:27:56+00:00,5,2026-09-18T17:30:00Z,player-sim-2.0,player-sim-2.0,player-sim-3.0-candidate,holdout_rejected,0.0,0.0,0.0,0.0,fpl-2026-27,1.025,542,484420,E.Le Fée,20,Sunderland,Midfielder,5.8,3.582,0.0,3.582,83.72,1.0,3.0,7.0,0.6175,3.582,1,3,7,3.172,0,2.0,8.0,0.06,0.0083
2026-09-18T16:27:56+00:00,5,2026-09-18T17:30:00Z,player-sim-2.0,player-sim-2.0,player-sim-3.0-candidate,holdout_rejected,0.0,0.0,0.0,0.0,fpl-2026-27,1.025,543,547027,Diarra,20,Sunderland,Midfielder,5.4,0.0,0.0,0.0,0.0,0.0,0.0,0.0,0.0,0.0,0,0,0,0.0,0,0,0,0.0,0.0
2026-09-18T16:27:56+00:00,5,2026-09-18T17:30:00Z,player-sim-2.0,player-sim-2.0,player-sim-3.0-candidate,holdout_rejected,0.0,0.0,0.0,0.0,fpl-2026-27,1.025,544,84450,Xhaka,20,Sunderland,Midfielder,5.5,3.537,0.0,3.537,84.75,1.0,3.0,6.0,0.643,3.537,1,3,6,2.635,0,2.0,5.0,0.0033,0.0
2026-09-18T16:27:56+00:00,5,2026-09-18T17:30:00Z,player-sim-2.0,player-sim-2.0,player-sim-3.0-candidate,holdout_rejected,0.0,0.0,0.0,0.0,fpl-2026-27,1.025,545,577669,Sadiki,20,Sunderland,Midfielder,4.9,2.332,0.0,2.332,82.72,1.0,2.0,4.0,0.4759,2.332,1,2,4,1.782,0,2.0,3.0,0.0,0.0
2026-09-18T16:27:56+00:00,5,2026-09-18T17:30:00Z,player-sim-2.0,player-sim-2.0,player-sim-3.0-candidate,holdout_rejected,0.0,0.0,0.0,0.0,fpl-2026-27,1.025,546,535818,Adingra,20,Sunderland,Midfielder,4.9,0.0,0.0,0.0,0.0,0.0,0.0,0.0,0.0,0.0,0,0,0,0.0,0,0,0,0.0,0.0
2026-09-18T16:27:56+00:00,5,2026-09-18T17:30:00Z,player-sim-2.0,player-sim-2.0,player-sim-3.0-candidate,holdout_rejected,0.0,0.0,0.0,0.0,fpl-2026-27,1.025,547,461199,Mundle,20,Sunderland,Midfielder,4.9,0.0,0.0,0.0,0.0,0.0,0.0,0.0,0.0,0.0,0,0,0,0.0,0,0,0,0.0,0.0
2026-09-18T16:27:56+00:00,5,2026-09-18T17:30:00Z,player-sim-2.0,player-sim-2.0,player-sim-3.0-candidate,holdout_rejected,0.0,0.0,0.0,0.0,fpl-2026-27,1.025,548,554197,Rigg,20,Sunderland,Midfielder,4.9,0.463,0.0,0.463,9.93,0.0,0.0,1.0,0.0946,0.463,0,0,1,0.743,0,1.0,2.0,0.0,0.0
2026-09-18T16:27:56+00:00,5,2026-09-18T17:30:00Z,player-sim-2.0,player-sim-2.0,player-sim-3.0-candidate,holdout_rejected,0.0,0.0,0.0,0.0,fpl-2026-27,1.025,549,549912,Talbi,20,Sunderland,Midfielder,5.3,0.667,0.0,0.667,16.91,0.0,0.0,2.0,0.1258,0.667,0,0,2,0.52,0,0,2.0,0.0,0.0
2026-09-18T16:27:56+00:00,5,2026-09-18T17:30:00Z,player-sim-2.0,player-sim-2.0,player-sim-3.0-candidate,holdout_rejected,0.0,0.0,0.0,0.0,fpl-2026-27,1.025,550,699989,Jocelin.T,20,Sunderland,Midfielder,5.0,0.008,0.0,0.008,0.4,0.0,0.0,0.0,0.0017,0.008,0,0,0,0.29,0,0,1.0,0.0,0.0
2026-09-18T16:27:56+00:00,5,2026-09-18T17:30:00Z,player-sim-2.0,player-sim-2.0,player-sim-3.0-candidate,holdout_rejected,0.0,0.0,0.0,0.0,fpl-2026-27,1.025,551,536661,N.Angulo,20,Sunderland,Midfielder,5.0,1.765,0.0,1.765,48.0,0.0,2.0,3.0,0.353,1.765,0,2,3,1.962,0,2.0,3.0,0.0,0.0
2026-09-18T16:27:56+00:00,5,2026-09-18T17:30:00Z,player-sim-2.0,player-sim-2.0,player-sim-3.0-candidate,holdout_rejected,0.0,0.0,0.0,0.0,fpl-2026-27,1.02,552,441264,Brobbey,20,Sunderland,Forward,5.8,2.558,0.0,2.558,69.43,1.0,2.0,6.0,0.4411,2.558,1,2,6,1.907,0,2.0,3.0,0.0067,0.0
2026-09-18T16:27:56+00:00,5,2026-09-18T17:30:00Z,player-sim-2.0,player-sim-2.0,player-sim-3.0-candidate,holdout_rejected,0.0,0.0,0.0,0.0,fpl-2026-27,1.02,553,437505,Isidor,20,Sunderland,Forward,5.5,1.53,0.0,1.53,23.34,0.0,1.0,4.0,0.2782,1.53,0,1,4,1.398,0,1.0,3.0,0.0067,0.0017
2026-09-18T16:27:56+00:00,5,2026-09-18T17:30:00Z,player-sim-2.0,player-sim-2.0,player-sim-3.0-candidate,holdout_rejected,0.0,0.0,0.0,0.0,fpl-2026-27,1.0,612,638411,Methalie,20,Sunderland,Defender,4.5,0.487,0.0,0.487,14.07,0.0,0.0,2.0,0.1082,0.487,0,0,2,0.378,0,0,1.0,0.0,0.0
2026-09-18T16:27:56+00:00,5,2026-09-18T17:30:00Z,player-sim-2.0,player-sim-2.0,player-sim-3.0-candidate,holdout_rejected,0.0,0.0,0.0,0.0,fpl-2026-27,1.0312,613,696104,Ahoka,20,Sunderland,Midfielder,4.5,0.478,0.0,0.478,14.2,0.0,0.0,2.0,0.1063,0.478,0,0,2,0.372,0,0,2.0,0.0,0.0
2026-09-18T16:27:56+00:00,5,2026-09-18T17:30:00Z,player-sim-2.0,player-sim-2.0,player-sim-3.0-candidate,holdout_rejected,0.0,0.0,0.0,0.0,fpl-2026-27,1.0375,646,549940,Fofana,20,Sunderland,Midfielder,5.5,1.007,0.0,1.007,23.92,0.0,1.0,2.0,0.183,1.007,0,1,2,1.083,0,1.0,2.0,0.0,0.0
2026-09-18T16:27:56+00:00,5,2026-09-18T17:30:00Z,player-sim-2.0,player-sim-2.0,player-sim-3.0-candidate,holdout_rejected,0.0,0.0,0.0,0.0,fpl-2026-27,1.03,651,661313,J.Angulo,20,Sunderland,Forward,4.5,0.642,0.0,0.642,16.04,0.0,0.0,2.0,0.1426,0.642,0,0,2,0.465,0,0,2.0,0.005,0.0
