prediction_created_at,target_gameweek,deadline_time,model_version,control_model_version,challenger_model_version,ensemble_status,ensemble_point_weight,ensemble_probability_6_plus_weight,ensemble_probability_10_plus_weight,ensemble_probability_15_plus_weight,scoring_rules_version,bonus_transition_multiplier,player_id,player_code,web_name,team_id,team_name,position,price,quantitative_expected_points_next_1,qualitative_points_delta_next_1,expected_points_next_1,expected_minutes_next_1,points_p10_next_1,points_p50_next_1,points_p90_next_1,value_next_1,control_expected_points_next_1,control_points_p10_next_1,control_points_p50_next_1,control_points_p90_next_1,component_expected_points_next_1,component_points_p10_next_1,component_points_p50_next_1,component_points_p90_next_1,component_probability_10_plus_next_1,component_probability_15_plus_next_1
2026-10-10T06:27:48+00:00,6,2026-10-10T10:00:00Z,player-sim-2.0,player-sim-2.0,player-sim-3.0-candidate,holdout_rejected,0.0,0.0,0.0,0.0,fpl-2026-27,1.03,1,154561,Raya,1,Arsenal,Goalkeeper,6.1,4.162,0.0,4.162,88.49,1.0,3.0,7.0,0.6822,4.162,1,3,7,2.993,0,2.0,7.0,0.0217,0.0
2026-10-10T06:27:48+00:00,6,2026-10-10T10:00:00Z,player-sim-2.0,player-sim-2.0,player-sim-3.0-candidate,holdout_rejected,0.0,0.0,0.0,0.0,fpl-2026-27,1.03,2,109745,Arrizabalaga,1,Arsenal,Goalkeeper,4.9,0.013,0.0,0.013,0.14,0.0,0.0,0.0,0.0027,0.013,0,0,0,0.197,0,0,0,0.0,0.0
2026-10-10T06:27:48+00:00,6,2026-10-10T10:00:00Z,player-sim-2.0,player-sim-2.0,player-sim-3.0-candidate,holdout_rejected,0.0,0.0,0.0,0.0,fpl-2026-27,1.03,3,437495,Meslier,1,Arsenal,Goalkeeper,4.9,0.163,0.0,0.163,3.5,0.0,0.0,0.0,0.0333,0.163,0,0,0,0.275,0,0,0,0.0017,0.0
2026-10-10T06:27:48+00:00,6,2026-10-10T10:00:00Z,player-sim-2.0,player-sim-2.0,player-sim-3.0-candidate,holdout_rejected,0.0,0.0,0.0,0.0,fpl-2026-27,1.0,4,226597,Gabriel,1,Arsenal,Defender,8.0,4.887,0.0,4.887,87.08,1.0,4.0,9.0,0.6108,4.887,1,4,9,3.873,0,3.0,9.0,0.0683,0.01
2026-10-10T06:27:48+00:00,6,2026-10-10T10:00:00Z,player-sim-2.0,player-sim-2.0,player-sim-3.0-candidate,holdout_rejected,0.0,0.0,0.0,0.0,fpl-2026-27,1.0,5,445122,J.Timber,1,Arsenal,Defender,6.5,1.753,0.0,1.753,31.29,0.0,1.0,6.0,0.2697,1.753,0,1,6,1.058,0,0,4.0,0.015,0.005
2026-10-10T06:27:48+00:00,6,2026-10-10T10:00:00Z,player-sim-2.0,player-sim-2.0,player-sim-3.0-candidate,holdout_rejected,0.0,0.0,0.0,0.0,fpl-2026-27,1.0,6,462424,Saliba,1,Arsenal,Defender,5.9,0.0,0.0,0.0,0.0,0.0,0.0,0.0,0.0,0.0,0,0,0,0.0,0,0,0,0.0,0.0
2026-10-10T06:27:48+00:00,6,2026-10-10T10:00:00Z,player-sim-2.0,player-sim-2.0,player-sim-3.0-candidate,holdout_rejected,0.0,0.0,0.0,0.0,fpl-2026-27,1.0188,7,499169,Lewis-Skelly,1,Arsenal,Midfielder,5.4,1.478,0.0,1.478,44.26,0.0,1.0,3.0,0.2738,1.478,0,1,3,1.665,0,2.0,3.0,0.0,0.0
2026-10-10T06:27:48+00:00,6,2026-10-10T10:00:00Z,player-sim-2.0,player-sim-2.0,player-sim-3.0-candidate,holdout_rejected,0.0,0.0,0.0,0.0,fpl-2026-27,1.0,8,466075,Calafiori,1,Arsenal,Defender,5.9,4.435,0.0,4.435,77.61,1.0,3.0,9.0,0.7517,4.435,1,3,9,3.537,0,2.0,7.0,0.05,0.0133
2026-10-10T06:27:48+00:00,6,2026-10-10T10:00:00Z,player-sim-2.0,player-sim-2.0,player-sim-3.0-candidate,holdout_rejected,0.0,0.0,0.0,0.0,fpl-2026-27,1.0,9,448104,Hincapie,1,Arsenal,Defender,5.2,0.743,0.0,0.743,13.41,0.0,0.0,1.0,0.1429,0.743,0,0,1,0.665,0,0,1.0,0.0017,0.0
2026-10-10T06:27:48+00:00,6,2026-10-10T10:00:00Z,player-sim-2.0,player-sim-2.0,player-sim-3.0-candidate,holdout_rejected,0.0,0.0,0.0,0.0,fpl-2026-27,1.0,10,198869,White,1,Arsenal,Defender,5.4,2.588,0.0,2.588,51.57,0.0,2.0,7.0,0.4793,2.588,0,2,7,2.477,0,1.0,7.0,0.0217,0.0
2026-10-10T06:27:48+00:00,6,2026-10-10T10:00:00Z,player-sim-2.0,player-sim-2.0,player-sim-3.0-candidate,holdout_rejected,0.0,0.0,0.0,0.0,fpl-2026-27,1.0,11,500040,Mosquera,1,Arsenal,Defender,5.3,0.937,0.0,0.937,23.8,0.0,0.0,4.0,0.1767,0.937,0,0,4,1.43,0,0,6.0,0.0033,0.0
2026-10-10T06:27:48+00:00,6,2026-10-10T10:00:00Z,player-sim-2.0,player-sim-2.0,player-sim-3.0-candidate,holdout_rejected,0.0,0.0,0.0,0.0,fpl-2026-27,1.0188,12,223340,Saka,1,Arsenal,Midfielder,9.6,5.497,0.0,5.497,78.65,2.0,4.0,10.0,0.5726,5.497,2,4,10,5.44,0,3.0,13.0,0.1833,0.0733
2026-10-10T06:27:48+00:00,6,2026-10-10T10:00:00Z,player-sim-2.0,player-sim-2.0,player-sim-3.0-candidate,holdout_rejected,0.0,0.0,0.0,0.0,fpl-2026-27,1.0188,13,204480,Rice,1,Arsenal,Midfielder,7.4,2.877,0.0,2.877,64.45,0.0,2.0,6.0,0.3887,2.877,0,2,6,2.377,0,2.0,6.0,0.0133,0.0017
2026-10-10T06:27:48+00:00,6,2026-10-10T10:00:00Z,player-sim-2.0,player-sim-2.0,player-sim-3.0-candidate,holdout_rejected,0.0,0.0,0.0,0.0,fpl-2026-27,1.0188,14,232413,Eze,1,Arsenal,Midfielder,6.2,1.272,0.0,1.272,20.79,0.0,1.0,3.0,0.2051,1.272,0,1,3,1.043,0,1.0,2.0,0.0033,0.0017
2026-10-10T06:27:48+00:00,6,2026-10-10T10:00:00Z,player-sim-2.0,player-sim-2.0,player-sim-3.0-candidate,holdout_rejected,0.0,0.0,0.0,0.0,fpl-2026-27,1.0188,15,184029,Ødegaard,1,Arsenal,Midfielder,6.8,3.882,0.0,3.882,70.97,2.0,3.0,7.0,0.5708,3.882,2,3,7,3.71,0,3.0,8.0,0.055,0.005
2026-10-10T06:27:48+00:00,6,2026-10-10T10:00:00Z,player-sim-2.0,player-sim-2.0,player-sim-3.0-candidate,holdout_rejected,0.0,0.0,0.0,0.0,fpl-2026-27,1.0188,16,248857,Madueke,1,Arsenal,Midfielder,6.2,0.567,0.0,0.567,9.73,0.0,0.0,1.0,0.0914,0.567,0,0,1,0.635,0,0,1.0,0.0,0.0
2026-10-10T06:27:48+00:00,6,2026-10-10T10:00:00Z,player-sim-2.0,player-sim-2.0,player-sim-3.0-candidate,holdout_rejected,0.0,0.0,0.0,0.0,fpl-2026-27,1.0188,17,195384,Merino,1,Arsenal,Midfielder,5.7,1.233,0.0,1.233,17.59,0.0,1.0,2.0,0.2164,1.233,0,1,2,1.332,0,1.0,2.0,0.0083,0.0017
2026-10-10T06:27:48+00:00,6,2026-10-10T10:00:00Z,player-sim-2.0,player-sim-2.0,player-sim-3.0-candidate,holdout_rejected,0.0,0.0,0.0,0.0,fpl-2026-27,1.0188,18,444145,Martinelli,1,Arsenal,Midfielder,6.3,0.0,0.0,0.0,0.0,0.0,0.0,0.0,0.0,0.0,0,0,0,0.0,0,0,0,0.0,0.0
2026-10-10T06:27:48+00:00,6,2026-10-10T10:00:00Z,player-sim-2.0,player-sim-2.0,player-sim-3.0-candidate,holdout_rejected,0.0,0.0,0.0,0.0,fpl-2026-27,1.0188,19,481655,Zubimendi,1,Arsenal,Midfielder,5.3,1.518,0.0,1.518,28.8,1.0,1.0,3.0,0.2865,1.518,1,1,3,1.115,0,1.0,2.0,0.0017,0.0
2026-10-10T06:27:48+00:00,6,2026-10-10T10:00:00Z,player-sim-2.0,player-sim-2.0,player-sim-3.0-candidate,holdout_rejected,0.0,0.0,0.0,0.0,fpl-2026-27,1.0188,20,616077,Dowman,1,Arsenal,Midfielder,5.3,0.293,0.0,0.293,4.02,0.0,0.0,1.0,0.0553,0.293,0,0,1,0.562,0,0,1.0,0.0033,0.0
2026-10-10T06:27:48+00:00,6,2026-10-10T10:00:00Z,player-sim-2.0,player-sim-2.0,player-sim-3.0-candidate,holdout_rejected,0.0,0.0,0.0,0.0,fpl-2026-27,1.0188,22,499175,Nwaneri,1,Arsenal,Midfielder,5.4,0.0,0.0,0.0,0.0,0.0,0.0,0.0,0.0,0.0,0,0,0,0.0,0,0,0,0.0,0.0
2026-10-10T06:27:48+00:00,6,2026-10-10T10:00:00Z,player-sim-2.0,player-sim-2.0,player-sim-3.0-candidate,holdout_rejected,0.0,0.0,0.0,0.0,fpl-2026-27,1.0188,23,438098,Fábio Vieira,1,Arsenal,Midfielder,5.5,0.0,0.0,0.0,0.0,0.0,0.0,0.0,0.0,0.0,0,0,0,0.0,0,0,0,0.0,0.0
2026-10-10T06:27:48+00:00,6,2026-10-10T10:00:00Z,player-sim-2.0,player-sim-2.0,player-sim-3.0-candidate,holdout_rejected,0.0,0.0,0.0,0.0,fpl-2026-27,1.0188,24,200641,Nelson,1,Arsenal,Midfielder,5.5,0.0,0.0,0.0,0.0,0.0,0.0,0.0,0.0,0.0,0,0,0,0.0,0,0,0,0.0,0.0
2026-10-10T06:27:48+00:00,6,2026-10-10T10:00:00Z,player-sim-2.0,player-sim-2.0,player-sim-3.0-candidate,holdout_rejected,0.0,0.0,0.0,0.0,fpl-2026-27,1.015,25,224117,Gyökeres,1,Arsenal,Forward,7.1,1.343,0.0,1.343,17.52,0.0,1.0,5.0,0.1892,1.343,0,1,5,0.725,0,0,2.0,0.0033,0.0
2026-10-10T06:27:48+00:00,6,2026-10-10T10:00:00Z,player-sim-2.0,player-sim-2.0,player-sim-3.0-candidate,holdout_rejected,0.0,0.0,0.0,0.0,fpl-2026-27,1.015,26,219847,Havertz,1,Arsenal,Forward,7.6,2.568,0.0,2.568,57.79,0.0,2.0,6.0,0.3379,2.568,0,2,6,2.01,0,2.0,6.0,0.025,0.0
2026-10-10T06:27:48+00:00,6,2026-10-10T10:00:00Z,player-sim-2.0,player-sim-2.0,player-sim-3.0-candidate,holdout_rejected,0.0,0.0,0.0,0.0,fpl-2026-27,1.015,27,205651,G.Jesus,1,Arsenal,Forward,5.9,0.0,0.0,0.0,0.0,0.0,0.0,0.0,0.0,0.0,0,0,0,0.0,0,0,0,0.0,0.0
2026-10-10T06:27:48+00:00,6,2026-10-10T10:00:00Z,player-sim-2.0,player-sim-2.0,player-sim-3.0-candidate,holdout_rejected,0.0,0.0,0.0,0.0,fpl-2026-27,1.0,31,199798,Konsa,1,Arsenal,Defender,4.6,2.207,0.0,2.207,47.9,0.0,1.0,6.0,0.4797,2.207,0,1,6,1.452,0,0,6.0,0.0067,0.0017
2026-10-10T06:27:48+00:00,6,2026-10-10T10:00:00Z,player-sim-2.0,player-sim-2.0,player-sim-3.0-candidate,holdout_rejected,0.0,0.0,0.0,0.0,fpl-2026-27,1.0188,452,208706,Bruno G.,1,Arsenal,Midfielder,6.7,1.948,0.0,1.948,33.92,0.0,1.0,6.0,0.2908,1.948,0,1,6,1.207,0,1.0,3.0,0.01,0.0033
2026-10-10T06:27:48+00:00,6,2026-10-10T10:00:00Z,player-sim-2.0,player-sim-2.0,player-sim-3.0-candidate,holdout_rejected,0.0,0.0,0.0,0.0,fpl-2026-27,1.0188,557,439509,Tzolis,1,Arsenal,Midfielder,6.3,0.0,0.0,0.0,0.0,0.0,0.0,0.0,0.0,0.0,0,0,0,0.0,0,0,0,0.0,0.0
2026-10-10T06:27:48+00:00,6,2026-10-10T10:00:00Z,player-sim-2.0,player-sim-2.0,player-sim-3.0-candidate,holdout_rejected,0.0,0.0,0.0,0.0,fpl-2026-27,1.03,29,72147,M.Bizot,2,Aston Villa,Goalkeeper,4.5,0.347,0.0,0.347,9.86,0.0,0.0,1.0,0.077,0.347,0,0,1,0.525,0,0,2.0,0.0,0.0
2026-10-10T06:27:48+00:00,6,2026-10-10T10:00:00Z,player-sim-2.0,player-sim-2.0,player-sim-3.0-candidate,holdout_rejected,0.0,0.0,0.0,0.0,fpl-2026-27,1.0,30,101188,Digne,2,Aston Villa,Defender,4.5,0.0,0.0,0.0,0.0,0.0,0.0,0.0,0.0,0.0,0,0,0,0.0,0,0,0,0.0,0.0
2026-10-10T06:27:48+00:00,6,2026-10-10T10:00:00Z,player-sim-2.0,player-sim-2.0,player-sim-3.0-candidate,holdout_rejected,0.0,0.0,0.0,0.0,fpl-2026-27,1.0,32,199796,Cash,2,Aston Villa,Defender,4.4,1.842,0.0,1.842,53.64,0.0,1.0,6.0,0.4186,1.842,0,1,6,1.65,0,1.0,6.0,0.015,0.0033
2026-10-10T06:27:48+00:00,6,2026-10-10T10:00:00Z,player-sim-2.0,player-sim-2.0,player-sim-3.0-candidate,holdout_rejected,0.0,0.0,0.0,0.0,fpl-2026-27,1.0,33,149484,Mings,2,Aston Villa,Defender,4.5,2.263,0.0,2.263,56.3,0.0,1.0,6.0,0.503,2.263,0,1,6,1.71,0,1.0,6.0,0.0117,0.0017
2026-10-10T06:27:48+00:00,6,2026-10-10T10:00:00Z,player-sim-2.0,player-sim-2.0,player-sim-3.0-candidate,holdout_rejected,0.0,0.0,0.0,0.0,fpl-2026-27,1.0,34,244954,Pau,2,Aston Villa,Defender,4.4,0.752,0.0,0.752,23.13,0.0,0.0,2.0,0.1708,0.752,0,0,2,0.922,0,0,3.0,0.0,0.0
2026-10-10T06:27:48+00:00,6,2026-10-10T10:00:00Z,player-sim-2.0,player-sim-2.0,player-sim-3.0-candidate,holdout_rejected,0.0,0.0,0.0,0.0,fpl-2026-27,1.0188,35,515597,Bogarde,2,Aston Villa,Midfielder,4.9,0.315,0.0,0.315,7.11,0.0,0.0,1.0,0.0643,0.315,0,0,1,0.4,0,0,1.0,0.0,0.0
2026-10-10T06:27:48+00:00,6,2026-10-10T10:00:00Z,player-sim-2.0,player-sim-2.0,player-sim-3.0-candidate,holdout_rejected,0.0,0.0,0.0,0.0,fpl-2026-27,1.0,36,441302,Maatsen,2,Aston Villa,Defender,4.4,0.0,0.0,0.0,0.0,0.0,0.0,0.0,0.0,0.0,0,0,0,0.0,0,0,0,0.0,0.0
2026-10-10T06:27:48+00:00,6,2026-10-10T10:00:00Z,player-sim-2.0,player-sim-2.0,player-sim-3.0-candidate,holdout_rejected,0.0,0.0,0.0,0.0,fpl-2026-27,1.0,37,184667,Lindelöf,2,Aston Villa,Defender,4.5,2.288,0.0,2.288,76.88,0.0,2.0,6.0,0.5085,2.288,0,2,6,2.568,0.0,2.0,6.0,0.015,0.0017
2026-10-10T06:27:48+00:00,6,2026-10-10T10:00:00Z,player-sim-2.0,player-sim-2.0,player-sim-3.0-candidate,holdout_rejected,0.0,0.0,0.0,0.0,fpl-2026-27,1.0,38,606798,A.García,2,Aston Villa,Defender,4.0,0.022,0.0,0.022,0.71,0.0,0.0,0.0,0.0054,0.022,0,0,0,0.243,0,0,1.0,0.0,0.0
2026-10-10T06:27:48+00:00,6,2026-10-10T10:00:00Z,player-sim-2.0,player-sim-2.0,player-sim-3.0-candidate,holdout_rejected,0.0,0.0,0.0,0.0,fpl-2026-27,1.0,39,578545,Nedeljkovic,2,Aston Villa,Defender,4.0,0.0,0.0,0.0,0.0,0.0,0.0,0.0,0.0,0.0,0,0,0,0.0,0,0,0,0.0,0.0
2026-10-10T06:27:48+00:00,6,2026-10-10T10:00:00Z,player-sim-2.0,player-sim-2.0,player-sim-3.0-candidate,holdout_rejected,0.0,0.0,0.0,0.0,fpl-2026-27,1.0188,41,195546,Buendía,2,Aston Villa,Midfielder,5.9,3.572,0.0,3.572,73.32,1.0,3.0,7.0,0.6054,3.572,1,3,7,2.94,0.0,2.0,7.0,0.0283,0.0
2026-10-10T06:27:48+00:00,6,2026-10-10T10:00:00Z,player-sim-2.0,player-sim-2.0,player-sim-3.0-candidate,holdout_rejected,0.0,0.0,0.0,0.0,fpl-2026-27,1.0188,44,215711,Bailey,2,Aston Villa,Midfielder,5.4,0.0,0.0,0.0,0.0,0.0,0.0,0.0,0.0,0.0,0,0,0,0.0,0,0,0,0.0,0.0
2026-10-10T06:27:48+00:00,6,2026-10-10T10:00:00Z,player-sim-2.0,player-sim-2.0,player-sim-3.0-candidate,holdout_rejected,0.0,0.0,0.0,0.0,fpl-2026-27,1.0188,45,122806,McGinn,2,Aston Villa,Midfielder,5.4,3.073,0.0,3.073,82.22,1.0,2.0,6.0,0.5691,3.073,1,2,6,2.645,0,2.0,7.0,0.03,0.0017
2026-10-10T06:27:48+00:00,6,2026-10-10T10:00:00Z,player-sim-2.0,player-sim-2.0,player-sim-3.0-candidate,holdout_rejected,0.0,0.0,0.0,0.0,fpl-2026-27,1.0188,46,88894,Barkley,2,Aston Villa,Midfielder,5.0,2.273,0.0,2.273,54.22,0.0,2.0,5.0,0.4547,2.273,0,2,5,2.002,0,2.0,4.0,0.005,0.0
2026-10-10T06:27:48+00:00,6,2026-10-10T10:00:00Z,player-sim-2.0,player-sim-2.0,player-sim-3.0-candidate,holdout_rejected,0.0,0.0,0.0,0.0,fpl-2026-27,1.0188,47,226944,Kamara,2,Aston Villa,Midfielder,5.0,2.628,0.0,2.628,79.69,1.0,2.0,5.0,0.5257,2.628,1,2,5,2.18,0,2.0,4.0,0.0033,0.0
2026-10-10T06:27:48+00:00,6,2026-10-10T10:00:00Z,player-sim-2.0,player-sim-2.0,player-sim-3.0-candidate,holdout_rejected,0.0,0.0,0.0,0.0,fpl-2026-27,1.0188,48,449871,Onana,2,Aston Villa,Midfielder,4.9,0.0,0.0,0.0,0.0,0.0,0.0,0.0,0.0,0.0,0,0,0,0.0,0,0,0,0.0,0.0
2026-10-10T06:27:48+00:00,6,2026-10-10T10:00:00Z,player-sim-2.0,player-sim-2.0,player-sim-3.0-candidate,holdout_rejected,0.0,0.0,0.0,0.0,fpl-2026-27,1.0188,49,469247,Iling Jr,2,Aston Villa,Midfielder,5.0,0.0,0.0,0.0,0.0,0.0,0.0,0.0,0.0,0.0,0,0,0,0.0,0,0,0,0.0,0.0
2026-10-10T06:27:48+00:00,6,2026-10-10T10:00:00Z,player-sim-2.0,player-sim-2.0,player-sim-3.0-candidate,holdout_rejected,0.0,0.0,0.0,0.0,fpl-2026-27,1.0188,50,645618,Burrowes,2,Aston Villa,Midfielder,4.5,0.0,0.0,0.0,0.0,0.0,0.0,0.0,0.0,0.0,0,0,0,0.345,0,0,1.0,0.0,0.0
2026-10-10T06:27:48+00:00,6,2026-10-10T10:00:00Z,player-sim-2.0,player-sim-2.0,player-sim-3.0-candidate,holdout_rejected,0.0,0.0,0.0,0.0,fpl-2026-27,1.0188,51,577285,George Hemmings,2,Aston Villa,Midfielder,4.5,1.72,0.0,1.72,48.07,0.0,2.0,3.0,0.3822,1.72,0,2,3,1.822,0,2.0,3.0,0.0,0.0
2026-10-10T06:27:48+00:00,6,2026-10-10T10:00:00Z,player-sim-2.0,player-sim-2.0,player-sim-3.0-candidate,holdout_rejected,0.0,0.0,0.0,0.0,fpl-2026-27,1.0188,52,653481,Alysson,2,Aston Villa,Midfielder,5.0,0.537,0.0,0.537,8.18,0.0,0.0,1.0,0.1073,0.537,0,0,1,0.687,0,0.0,1.0,0.0,0.0
2026-10-10T06:27:48+00:00,6,2026-10-10T10:00:00Z,player-sim-2.0,player-sim-2.0,player-sim-3.0-candidate,holdout_rejected,0.0,0.0,0.0,0.0,fpl-2026-27,1.0188,53,614071,Manzambi,2,Aston Villa,Midfielder,5.9,1.078,0.0,1.078,23.49,0.0,0.0,3.0,0.1828,1.078,0,0,3,1.013,0,0,3.0,0.005,0.0
2026-10-10T06:27:48+00:00,6,2026-10-10T10:00:00Z,player-sim-2.0,player-sim-2.0,player-sim-3.0-candidate,holdout_rejected,0.0,0.0,0.0,0.0,fpl-2026-27,1.0188,54,448089,Gomes,2,Aston Villa,Midfielder,5.5,1.15,0.0,1.15,33.88,0.0,0.0,4.0,0.2091,1.15,0,0,4,0.975,0,0,4.0,0.0033,0.0
2026-10-10T06:27:48+00:00,6,2026-10-10T10:00:00Z,player-sim-2.0,player-sim-2.0,player-sim-3.0-candidate,holdout_rejected,0.0,0.0,0.0,0.0,fpl-2026-27,1.015,55,178301,Watkins,2,Aston Villa,Forward,7.8,0.0,0.0,0.0,0.0,0.0,0.0,0.0,0.0,0.0,0,0,0,0.0,0,0,0,0.0,0.0
2026-10-10T06:27:48+00:00,6,2026-10-10T10:00:00Z,player-sim-2.0,player-sim-2.0,player-sim-3.0-candidate,holdout_rejected,0.0,0.0,0.0,0.0,fpl-2026-27,1.015,56,173879,Abraham,2,Aston Villa,Forward,5.5,1.038,0.0,1.038,13.96,0.0,1.0,2.0,0.1888,1.038,0,1,2,1.073,0,1.0,2.0,0.0017,0.0
2026-10-10T06:27:48+00:00,6,2026-10-10T10:00:00Z,player-sim-2.0,player-sim-2.0,player-sim-3.0-candidate,holdout_rejected,0.0,0.0,0.0,0.0,fpl-2026-27,1.0188,160,493105,Garnacho,2,Aston Villa,Midfielder,5.8,0.74,0.0,0.74,11.42,0.0,0.0,1.0,0.1276,0.74,0,0,1,0.952,0,1.0,2.0,0.0017,0.0
2026-10-10T06:27:48+00:00,6,2026-10-10T10:00:00Z,player-sim-2.0,player-sim-2.0,player-sim-3.0-candidate,holdout_rejected,0.0,0.0,0.0,0.0,fpl-2026-27,1.015,166,517052,N.Jackson,2,Aston Villa,Forward,6.5,2.34,0.0,2.34,57.02,0.0,2.0,6.0,0.36,2.34,0,2,6,1.93,0,2.0,6.0,0.0133,0.0017
2026-10-10T06:27:48+00:00,6,2026-10-10T10:00:00Z,player-sim-2.0,player-sim-2.0,player-sim-3.0-candidate,holdout_rejected,0.0,0.0,0.0,0.0,fpl-2026-27,1.015,582,690838,Madjo,2,Aston Villa,Forward,5.4,0.112,0.0,0.112,2.52,0.0,0.0,0.0,0.0207,0.112,0,0,0,0.2,0,0,0,0.0017,0.0
2026-10-10T06:27:48+00:00,6,2026-10-10T10:00:00Z,player-sim-2.0,player-sim-2.0,player-sim-3.0-candidate,holdout_rejected,0.0,0.0,0.0,0.0,fpl-2026-27,1.0,596,487992,Ruggeri,2,Aston Villa,Defender,4.5,1.23,0.0,1.23,25.85,0.0,1.0,4.0,0.2733,1.23,0,1,4,1.14,0,1.0,3.0,0.0017,0.0
2026-10-10T06:27:48+00:00,6,2026-10-10T10:00:00Z,player-sim-2.0,player-sim-2.0,player-sim-3.0-candidate,holdout_rejected,0.0,0.0,0.0,0.0,fpl-2026-27,1.03,597,433969,Suzuki,2,Aston Villa,Goalkeeper,5.0,2.54,0.0,2.54,62.27,0.0,2.0,7.0,0.508,2.54,0,2,7,2.035,0,2.0,6.0,0.0017,0.0
2026-10-10T06:27:48+00:00,6,2026-10-10T10:00:00Z,player-sim-2.0,player-sim-2.0,player-sim-3.0-candidate,holdout_rejected,0.0,0.0,0.0,0.0,fpl-2026-27,1.0,606,569577,Rowe,2,Aston Villa,Defender,4.0,0.253,0.0,0.253,5.3,0.0,0.0,0.0,0.0633,0.253,0,0,0,0.355,0,0,1.0,0.0017,0.0
2026-10-10T06:27:48+00:00,6,2026-10-10T10:00:00Z,player-sim-2.0,player-sim-2.0,player-sim-3.0-candidate,holdout_rejected,0.0,0.0,0.0,0.0,fpl-2026-27,1.0188,607,571380,Lynch,2,Aston Villa,Midfielder,4.5,0.0,0.0,0.0,0.0,0.0,0.0,0.0,0.0,0.0,0,0,0,0.0,0,0,0,0.0,0.0
2026-10-10T06:27:48+00:00,6,2026-10-10T10:00:00Z,player-sim-2.0,player-sim-2.0,player-sim-3.0-candidate,holdout_rejected,0.0,0.0,0.0,0.0,fpl-2026-27,1.0,611,214590,Wan-Bissaka,2,Aston Villa,Defender,4.5,1.8,0.0,1.8,46.07,1.0,1.0,5.0,0.4,1.8,1,1,5,1.598,0,1.0,5.0,0.0033,0.0
2026-10-10T06:27:48+00:00,6,2026-10-10T10:00:00Z,player-sim-2.0,player-sim-2.0,player-sim-3.0-candidate,holdout_rejected,0.0,0.0,0.0,0.0,fpl-2026-27,1.025,618,119090,Goretzka,2,Aston Villa,Midfielder,5.9,0.0,0.0,0.0,0.0,0.0,0.0,0.0,0.0,0.0,0,0,0,0.0,0,0,0,0.0,0.0
2026-10-10T06:27:48+00:00,6,2026-10-10T10:00:00Z,player-sim-2.0,player-sim-2.0,player-sim-3.0-candidate,holdout_rejected,0.0,0.0,0.0,0.0,fpl-2026-27,1.0,630,245719,Harwood-Bellis,2,Aston Villa,Defender,4.5,1.282,0.0,1.282,35.94,0.0,0.0,4.0,0.2848,1.282,0,0,4,0.352,0.0,0,1.0,0.0,0.0
2026-10-10T06:27:48+00:00,6,2026-10-10T10:00:00Z,player-sim-2.0,player-sim-2.0,player-sim-3.0-candidate,holdout_rejected,0.0,0.0,0.0,0.0,fpl-2026-27,1.0312,631,638987,Mbaye,2,Aston Villa,Midfielder,6.0,0.922,0.0,0.922,20.12,0.0,1.0,2.0,0.1536,0.922,0,1,2,0.843,0,1.0,2.0,0.0017,0.0
2026-10-10T06:27:48+00:00,6,2026-10-10T10:00:00Z,player-sim-2.0,player-sim-2.0,player-sim-3.0-candidate,holdout_rejected,0.0,0.0,0.0,0.0,fpl-2026-27,1.07,667,481283,Wright,2,Aston Villa,Goalkeeper,4.0,0.772,0.0,0.772,19.95,0.0,0.0,3.0,0.1929,0.772,0,0,3,0.452,0,0,2.0,0.0,0.0
2026-10-10T06:27:48+00:00,6,2026-10-10T10:00:00Z,player-sim-2.0,player-sim-2.0,player-sim-3.0-candidate,holdout_rejected,0.0,0.0,0.0,0.0,fpl-2026-27,1.03,57,457569,Petrović,3,Bournemouth,Goalkeeper,4.5,2.997,0.0,2.997,88.83,1.0,2.0,6.0,0.6659,2.997,1,2,6,2.26,0.0,2.0,6.0,0.0,0.0
2026-10-10T06:27:48+00:00,6,2026-10-10T10:00:00Z,player-sim-2.0,player-sim-2.0,player-sim-3.0-candidate,holdout_rejected,0.0,0.0,0.0,0.0,fpl-2026-27,1.03,58,40383,Forster,3,Bournemouth,Goalkeeper,4.0,0.133,0.0,0.133,3.06,0.0,0.0,0.0,0.0333,0.133,0,0,0,0.278,0,0,0,0.0,0.0
2026-10-10T06:27:48+00:00,6,2026-10-10T10:00:00Z,player-sim-2.0,player-sim-2.0,player-sim-3.0-candidate,holdout_rejected,0.0,0.0,0.0,0.0,fpl-2026-27,1.03,59,444172,Dennis,3,Bournemouth,Goalkeeper,4.0,0.0,0.0,0.0,0.0,0.0,0.0,0.0,0.0,0.0,0,0,0,0.0,0,0,0,0.0,0.0
2026-10-10T06:27:48+00:00,6,2026-10-10T10:00:00Z,player-sim-2.0,player-sim-2.0,player-sim-3.0-candidate,holdout_rejected,0.0,0.0,0.0,0.0,fpl-2026-27,1.0,60,463981,Hill,3,Bournemouth,Defender,5.5,3.45,0.0,3.45,82.21,1.0,3.0,8.0,0.6273,3.45,1,3,8,2.872,0,2.0,7.0,0.015,0.0033
2026-10-10T06:27:48+00:00,6,2026-10-10T10:00:00Z,player-sim-2.0,player-sim-2.0,player-sim-3.0-candidate,holdout_rejected,0.0,0.0,0.0,0.0,fpl-2026-27,1.0,61,494521,Truffert,3,Bournemouth,Defender,5.4,3.685,0.0,3.685,88.63,1.0,3.0,8.0,0.6824,3.685,1,3,8,2.71,0,2.0,7.0,0.0133,0.0
2026-10-10T06:27:48+00:00,6,2026-10-10T10:00:00Z,player-sim-2.0,player-sim-2.0,player-sim-3.0-candidate,holdout_rejected,0.0,0.0,0.0,0.0,fpl-2026-27,1.0,62,242882,Diakité,3,Bournemouth,Defender,4.9,0.172,0.0,0.172,4.59,0.0,0.0,0.0,0.035,0.172,0,0,0,0.347,0,0,1.0,0.0017,0.0
2026-10-10T06:27:48+00:00,6,2026-10-10T10:00:00Z,player-sim-2.0,player-sim-2.0,player-sim-3.0-candidate,holdout_rejected,0.0,0.0,0.0,0.0,fpl-2026-27,1.0,63,620487,Milosavljević,3,Bournemouth,Defender,4.9,0.0,0.0,0.0,0.0,0.0,0.0,0.0,0.0,0.0,0,0,0,0.0,0,0,0,0.0,0.0
2026-10-10T06:27:48+00:00,6,2026-10-10T10:00:00Z,player-sim-2.0,player-sim-2.0,player-sim-3.0-candidate,holdout_rejected,0.0,0.0,0.0,0.0,fpl-2026-27,1.0,64,54469,Smith,3,Bournemouth,Defender,4.5,2.308,0.0,2.308,75.79,0.0,2.0,6.0,0.513,2.308,0,2,6,1.965,0.0,1.0,6.0,0.0,0.0
2026-10-10T06:27:48+00:00,6,2026-10-10T10:00:00Z,player-sim-2.0,player-sim-2.0,player-sim-3.0-candidate,holdout_rejected,0.0,0.0,0.0,0.0,fpl-2026-27,1.0,65,436893,J.Araujo,3,Bournemouth,Defender,4.4,0.0,0.0,0.0,0.0,0.0,0.0,0.0,0.0,0.0,0,0,0,0.0,0,0,0,0.0,0.0
2026-10-10T06:27:48+00:00,6,2026-10-10T10:00:00Z,player-sim-2.0,player-sim-2.0,player-sim-3.0-candidate,holdout_rejected,0.0,0.0,0.0,0.0,fpl-2026-27,1.0,66,575901,Soler,3,Bournemouth,Defender,4.0,0.002,0.0,0.002,0.02,0.0,0.0,0.0,0.0004,0.002,0,0,0,0.32,0,0,1.0,0.0,0.0
2026-10-10T06:27:48+00:00,6,2026-10-10T10:00:00Z,player-sim-2.0,player-sim-2.0,player-sim-3.0-candidate,holdout_rejected,0.0,0.0,0.0,0.0,fpl-2026-27,1.0188,67,499604,Rayan,3,Bournemouth,Midfielder,6.3,2.715,0.0,2.715,76.63,1.0,2.0,5.0,0.431,2.715,1,2,5,2.69,0,2.0,7.0,0.0267,0.0033
2026-10-10T06:27:48+00:00,6,2026-10-10T10:00:00Z,player-sim-2.0,player-sim-2.0,player-sim-3.0-candidate,holdout_rejected,0.0,0.0,0.0,0.0,fpl-2026-27,1.0188,68,201658,Tavernier,3,Bournemouth,Midfielder,6.1,4.373,0.0,4.373,82.31,2.0,3.0,8.0,0.7169,4.373,2,3,8,3.655,0,3.0,8.0,0.0717,0.015
2026-10-10T06:27:48+00:00,6,2026-10-10T10:00:00Z,player-sim-2.0,player-sim-2.0,player-sim-3.0-candidate,holdout_rejected,0.0,0.0,0.0,0.0,fpl-2026-27,1.0188,69,503139,Scott,3,Bournemouth,Midfielder,6.1,0.0,0.0,0.0,0.0,0.0,0.0,0.0,0.0,0.0,0,0,0,0.0,0,0,0,0.0,0.0
2026-10-10T06:27:48+00:00,6,2026-10-10T10:00:00Z,player-sim-2.0,player-sim-2.0,player-sim-3.0-candidate,holdout_rejected,0.0,0.0,0.0,0.0,fpl-2026-27,1.0188,70,222683,Kluivert,3,Bournemouth,Midfielder,5.9,0.0,0.0,0.0,0.0,0.0,0.0,0.0,0.0,0.0,0,0,0,0.0,0,0,0,0.0,0.0
2026-10-10T06:27:48+00:00,6,2026-10-10T10:00:00Z,player-sim-2.0,player-sim-2.0,player-sim-3.0-candidate,holdout_rejected,0.0,0.0,0.0,0.0,fpl-2026-27,1.0188,71,155408,Cook,3,Bournemouth,Midfielder,5.0,1.13,0.0,1.13,28.15,0.0,1.0,2.0,0.226,1.13,0,1,2,1.318,0,1.0,3.0,0.0,0.0
2026-10-10T06:27:48+00:00,6,2026-10-10T10:00:00Z,player-sim-2.0,player-sim-2.0,player-sim-3.0-candidate,holdout_rejected,0.0,0.0,0.0,0.0,fpl-2026-27,1.0188,72,496208,Gannon-Doak,3,Bournemouth,Midfielder,4.9,0.887,0.0,0.887,13.98,0.0,1.0,1.0,0.181,0.887,0,1,1,0.932,0,1.0,2.0,0.0,0.0
2026-10-10T06:27:48+00:00,6,2026-10-10T10:00:00Z,player-sim-2.0,player-sim-2.0,player-sim-3.0-candidate,holdout_rejected,0.0,0.0,0.0,0.0,fpl-2026-27,1.0188,73,200785,Adams,3,Bournemouth,Midfielder,5.0,2.278,0.0,2.278,58.67,1.0,2.0,4.0,0.4557,2.278,1,2,4,1.707,0.0,1.0,4.0,0.0033,0.0
2026-10-10T06:27:48+00:00,6,2026-10-10T10:00:00Z,player-sim-2.0,player-sim-2.0,player-sim-3.0-candidate,holdout_rejected,0.0,0.0,0.0,0.0,fpl-2026-27,1.0188,74,111317,Brooks,3,Bournemouth,Midfielder,5.0,1.108,0.0,1.108,15.67,0.0,1.0,2.0,0.2217,1.108,0,1,2,1.038,0,1.0,2.0,0.0017,0.0
2026-10-10T06:27:48+00:00,6,2026-10-10T10:00:00Z,player-sim-2.0,player-sim-2.0,player-sim-3.0-candidate,holdout_rejected,0.0,0.0,0.0,0.0,fpl-2026-27,1.0188,75,158499,Christie,3,Bournemouth,Midfielder,5.0,1.185,0.0,1.185,25.71,0.0,1.0,3.0,0.237,1.185,0,1,3,1.307,0,1.0,3.0,0.0017,0.0017
2026-10-10T06:27:48+00:00,6,2026-10-10T10:00:00Z,player-sim-2.0,player-sim-2.0,player-sim-3.0-candidate,holdout_rejected,0.0,0.0,0.0,0.0,fpl-2026-27,1.0188,76,614574,Tóth.A,3,Bournemouth,Midfielder,4.9,0.403,0.0,0.403,5.94,0.0,0.0,1.0,0.0823,0.403,0,0,1,0.618,0,0,1.0,0.0017,0.0
2026-10-10T06:27:48+00:00,6,2026-10-10T10:00:00Z,player-sim-2.0,player-sim-2.0,player-sim-3.0-candidate,holdout_rejected,0.0,0.0,0.0,0.0,fpl-2026-27,1.0188,77,489888,Adli,3,Bournemouth,Midfielder,4.9,0.0,0.0,0.0,0.0,0.0,0.0,0.0,0.0,0.0,0,0,0,0.0,0,0,0,0.0,0.0
2026-10-10T06:27:48+00:00,6,2026-10-10T10:00:00Z,player-sim-2.0,player-sim-2.0,player-sim-3.0-candidate,holdout_rejected,0.0,0.0,0.0,0.0,fpl-2026-27,1.0188,78,560262,Kroupi.Jr,3,Bournemouth,Midfielder,7.4,0.0,0.0,0.0,0.0,0.0,0.0,0.0,0.0,0.0,0,0,0,0.0,0,0,0,0.0,0.0
2026-10-10T06:27:48+00:00,6,2026-10-10T10:00:00Z,player-sim-2.0,player-sim-2.0,player-sim-3.0-candidate,holdout_rejected,0.0,0.0,0.0,0.0,fpl-2026-27,1.015,79,444102,Evanilson,3,Bournemouth,Forward,6.0,3.178,0.0,3.178,83.7,2.0,2.0,6.0,0.5297,3.178,2,2,6,2.267,0,2.0,6.0,0.0133,0.0
2026-10-10T06:27:48+00:00,6,2026-10-10T10:00:00Z,player-sim-2.0,player-sim-2.0,player-sim-3.0-candidate,holdout_rejected,0.0,0.0,0.0,0.0,fpl-2026-27,1.015,80,168636,Enes Ünal,3,Bournemouth,Forward,5.5,0.0,0.0,0.0,0.0,0.0,0.0,0.0,0.0,0.0,0,0,0,0.0,0,0,0,0.0,0.0
2026-10-10T06:27:48+00:00,6,2026-10-10T10:00:00Z,player-sim-2.0,player-sim-2.0,player-sim-3.0-candidate,holdout_rejected,0.0,0.0,0.0,0.0,fpl-2026-27,1.015,81,561245,Rodríguez,3,Bournemouth,Forward,6.0,0.483,0.0,0.483,7.13,0.0,0.0,1.0,0.0805,0.483,0,0,1,0.542,0,0,1.0,0.0017,0.0
2026-10-10T06:27:48+00:00,6,2026-10-10T10:00:00Z,player-sim-2.0,player-sim-2.0,player-sim-3.0-candidate,holdout_rejected,0.0,0.0,0.0,0.0,fpl-2026-27,1.0,566,483067,Silva,3,Bournemouth,Defender,5.0,3.313,0.0,3.313,78.87,0.0,3.0,8.0,0.6627,3.313,0,3,8,3.152,0.0,2.0,8.0,0.0367,0.0033
2026-10-10T06:27:48+00:00,6,2026-10-10T10:00:00Z,player-sim-2.0,player-sim-2.0,player-sim-3.0-candidate,holdout_rejected,0.0,0.0,0.0,0.0,fpl-2026-27,1.0,573,494928,Sanchez,3,Bournemouth,Defender,4.4,0.175,0.0,0.175,5.23,0.0,0.0,0.0,0.0398,0.175,0,0,0,0.293,0,0,1.0,0.0033,0.0
2026-10-10T06:27:48+00:00,6,2026-10-10T10:00:00Z,player-sim-2.0,player-sim-2.0,player-sim-3.0-candidate,holdout_rejected,0.0,0.0,0.0,0.0,fpl-2026-27,1.015,608,523700,Jebbison,3,Bournemouth,Forward,5.0,0.79,0.0,0.79,9.56,0.0,1.0,2.0,0.158,0.79,0,1,2,0.822,0,1.0,2.0,0.0067,0.0
2026-10-10T06:27:48+00:00,6,2026-10-10T10:00:00Z,player-sim-2.0,player-sim-2.0,player-sim-3.0-candidate,holdout_rejected,0.0,0.0,0.0,0.0,fpl-2026-27,1.04,615,230650,Di Gregorio,3,Bournemouth,Goalkeeper,4.5,0.223,0.0,0.223,5.4,0.0,0.0,0.0,0.0496,0.223,0,0,0,0.297,0,0,1.0,0.0,0.0
2026-10-10T06:27:48+00:00,6,2026-10-10T10:00:00Z,player-sim-2.0,player-sim-2.0,player-sim-3.0-candidate,holdout_rejected,0.0,0.0,0.0,0.0,fpl-2026-27,1.03,82,200720,Kelleher,4,Brentford,Goalkeeper,5.0,4.072,0.0,4.072,88.3,2.0,3.0,7.0,0.8143,4.072,2,3,7,3.257,0,3.0,7.0,0.01,0.0
2026-10-10T06:27:48+00:00,6,2026-10-10T10:00:00Z,player-sim-2.0,player-sim-2.0,player-sim-3.0-candidate,holdout_rejected,0.0,0.0,0.0,0.0,fpl-2026-27,1.03,83,507433,Valdimarsson,4,Brentford,Goalkeeper,4.5,0.043,0.0,0.043,0.69,0.0,0.0,0.0,0.0096,0.043,0,0,0,0.343,0,0,0,0.0,0.0
2026-10-10T06:27:48+00:00,6,2026-10-10T10:00:00Z,player-sim-2.0,player-sim-2.0,player-sim-3.0-candidate,holdout_rejected,0.0,0.0,0.0,0.0,fpl-2026-27,1.0,84,432830,Collins,4,Brentford,Defender,5.4,0.0,0.0,0.0,0.0,0.0,0.0,0.0,0.0,0.0,0,0,0,0.0,0,0,0,0.0,0.0
2026-10-10T06:27:48+00:00,6,2026-10-10T10:00:00Z,player-sim-2.0,player-sim-2.0,player-sim-3.0-candidate,holdout_rejected,0.0,0.0,0.0,0.0,fpl-2026-27,1.0,85,444765,Van den Berg,4,Brentford,Defender,4.9,0.0,0.0,0.0,0.0,0.0,0.0,0.0,0.0,0.0,0,0,0,0.0,0,0,0,0.0,0.0
2026-10-10T06:27:48+00:00,6,2026-10-10T10:00:00Z,player-sim-2.0,player-sim-2.0,player-sim-3.0-candidate,holdout_rejected,0.0,0.0,0.0,0.0,fpl-2026-27,1.0188,86,249231,Lewis-Potter,4,Brentford,Midfielder,5.5,3.4,0.0,3.4,74.31,2.0,3.0,7.0,0.6182,3.4,2,3,7,3.11,0,2.0,7.0,0.0367,0.0017
2026-10-10T06:27:48+00:00,6,2026-10-10T10:00:00Z,player-sim-2.0,player-sim-2.0,player-sim-3.0-candidate,holdout_rejected,0.0,0.0,0.0,0.0,fpl-2026-27,1.0,87,191866,Ajer,4,Brentford,Defender,4.5,3.888,0.0,3.888,81.7,1.0,3.0,8.0,0.8641,3.888,1,3,8,3.15,0.0,3.0,8.0,0.0083,0.0017
2026-10-10T06:27:48+00:00,6,2026-10-10T10:00:00Z,player-sim-2.0,player-sim-2.0,player-sim-3.0-candidate,holdout_rejected,0.0,0.0,0.0,0.0,fpl-2026-27,1.0,88,607464,Kayode,4,Brentford,Defender,4.6,2.885,0.0,2.885,61.13,1.0,2.0,6.0,0.6272,2.885,1,2,6,2.618,0.0,1.0,6.0,0.02,0.0017
2026-10-10T06:27:48+00:00,6,2026-10-10T10:00:00Z,player-sim-2.0,player-sim-2.0,player-sim-3.0-candidate,holdout_rejected,0.0,0.0,0.0,0.0,fpl-2026-27,1.0,89,194010,Henry,4,Brentford,Defender,4.4,0.2,0.0,0.2,5.28,0.0,0.0,1.0,0.0455,0.2,0,0,1,0.525,0,0,1.0,0.0,0.0
2026-10-10T06:27:48+00:00,6,2026-10-10T10:00:00Z,player-sim-2.0,player-sim-2.0,player-sim-3.0-candidate,holdout_rejected,0.0,0.0,0.0,0.0,fpl-2026-27,1.0,90,472713,Hickey,4,Brentford,Defender,4.5,1.488,0.0,1.488,30.08,0.0,1.0,4.0,0.3307,1.488,0,1,4,1.417,0,1.0,4.0,0.0,0.0
2026-10-10T06:27:48+00:00,6,2026-10-10T10:00:00Z,player-sim-2.0,player-sim-2.0,player-sim-3.0-candidate,holdout_rejected,0.0,0.0,0.0,0.0,fpl-2026-27,1.0,92,570241,Ji-soo,4,Brentford,Defender,4.4,0.105,0.0,0.105,3.17,0.0,0.0,0.0,0.0239,0.105,0,0,0,0.388,0,0,1.0,0.0,0.0
2026-10-10T06:27:48+00:00,6,2026-10-10T10:00:00Z,player-sim-2.0,player-sim-2.0,player-sim-3.0-candidate,holdout_rejected,0.0,0.0,0.0,0.0,fpl-2026-27,1.0,93,513086,Schuster,4,Brentford,Defender,4.5,2.673,0.0,2.673,53.34,0.0,2.0,7.0,0.5941,2.673,0,2,7,2.137,0,0,7.0,0.0217,0.005
2026-10-10T06:27:48+00:00,6,2026-10-10T10:00:00Z,player-sim-2.0,player-sim-2.0,player-sim-3.0-candidate,holdout_rejected,0.0,0.0,0.0,0.0,fpl-2026-27,1.0188,94,513418,Schade,4,Brentford,Midfielder,6.2,4.352,0.0,4.352,85.94,2.0,3.0,8.0,0.7019,4.352,2,3,8,3.443,0,2.0,8.0,0.06,0.01
2026-10-10T06:27:48+00:00,6,2026-10-10T10:00:00Z,player-sim-2.0,player-sim-2.0,player-sim-3.0-candidate,holdout_rejected,0.0,0.0,0.0,0.0,fpl-2026-27,1.0188,95,533463,O.Dango,4,Brentford,Midfielder,6.3,2.2,0.0,2.2,38.94,1.0,1.0,5.0,0.3492,2.2,1,1,5,2.007,0,1.0,5.0,0.0117,0.005
2026-10-10T06:27:48+00:00,6,2026-10-10T10:00:00Z,player-sim-2.0,player-sim-2.0,player-sim-3.0-candidate,holdout_rejected,0.0,0.0,0.0,0.0,fpl-2026-27,1.0188,96,440089,Damsgaard,4,Brentford,Midfielder,5.4,2.407,0.0,2.407,43.63,0.0,2.0,6.0,0.4457,2.407,0,2,6,1.65,0,1.0,4.0,0.005,0.0017
2026-10-10T06:27:48+00:00,6,2026-10-10T10:00:00Z,player-sim-2.0,player-sim-2.0,player-sim-3.0-candidate,holdout_rejected,0.0,0.0,0.0,0.0,fpl-2026-27,1.0188,97,207283,Jensen,4,Brentford,Midfielder,5.4,0.0,0.0,0.0,0.0,0.0,0.0,0.0,0.0,0.0,0,0,0,0.0,0,0,0,0.0,0.0
2026-10-10T06:27:48+00:00,6,2026-10-10T10:00:00Z,player-sim-2.0,player-sim-2.0,player-sim-3.0-candidate,holdout_rejected,0.0,0.0,0.0,0.0,fpl-2026-27,1.0188,98,204580,Janelt,4,Brentford,Midfielder,5.0,3.485,0.0,3.485,79.15,1.0,3.0,7.0,0.697,3.485,1,3,7,2.897,0.0,2.0,6.0,0.0233,0.0017
2026-10-10T06:27:48+00:00,6,2026-10-10T10:00:00Z,player-sim-2.0,player-sim-2.0,player-sim-3.0-candidate,holdout_rejected,0.0,0.0,0.0,0.0,fpl-2026-27,1.0188,99,543295,Milambo,4,Brentford,Midfielder,5.0,0.0,0.0,0.0,0.0,0.0,0.0,0.0,0.0,0.0,0,0,0,0.0,0,0,0,0.0,0.0
2026-10-10T06:27:48+00:00,6,2026-10-10T10:00:00Z,player-sim-2.0,player-sim-2.0,player-sim-3.0-candidate,holdout_rejected,0.0,0.0,0.0,0.0,fpl-2026-27,1.0188,100,244858,Carvalho,4,Brentford,Midfielder,5.0,0.207,0.0,0.207,3.14,0.0,0.0,1.0,0.0413,0.207,0,0,1,0.512,0,0,1.0,0.0083,0.0017
2026-10-10T06:27:48+00:00,6,2026-10-10T10:00:00Z,player-sim-2.0,player-sim-2.0,player-sim-3.0-candidate,holdout_rejected,0.0,0.0,0.0,0.0,fpl-2026-27,1.0188,102,508395,Yarmoliuk,4,Brentford,Midfielder,4.8,2.037,0.0,2.037,52.92,1.0,2.0,4.0,0.4243,2.037,1,2,4,1.533,0,1.0,3.0,0.0017,0.0
2026-10-10T06:27:48+00:00,6,2026-10-10T10:00:00Z,player-sim-2.0,player-sim-2.0,player-sim-3.0-candidate,holdout_rejected,0.0,0.0,0.0,0.0,fpl-2026-27,1.0188,103,183656,Dasilva,4,Brentford,Midfielder,4.9,0.0,0.0,0.0,0.0,0.0,0.0,0.0,0.0,0.0,0,0,0,0.0,0,0,0,0.0,0.0
2026-10-10T06:27:48+00:00,6,2026-10-10T10:00:00Z,player-sim-2.0,player-sim-2.0,player-sim-3.0-candidate,holdout_rejected,0.0,0.0,0.0,0.0,fpl-2026-27,1.0188,105,444180,Anthony,4,Brentford,Midfielder,5.9,2.832,0.0,2.832,56.19,1.0,2.0,7.0,0.4799,2.832,1,2,7,2.567,0.0,2.0,7.0,0.0383,0.0133
2026-10-10T06:27:48+00:00,6,2026-10-10T10:00:00Z,player-sim-2.0,player-sim-2.0,player-sim-3.0-candidate,holdout_rejected,0.0,0.0,0.0,0.0,fpl-2026-27,1.015,106,502500,Thiago,4,Brentford,Forward,7.8,4.498,0.0,4.498,87.86,1.0,3.0,10.0,0.5767,4.498,1,3,10,3.718,0,2.0,10.0,0.1183,0.0217
2026-10-10T06:27:48+00:00,6,2026-10-10T10:00:00Z,player-sim-2.0,player-sim-2.0,player-sim-3.0-candidate,holdout_rejected,0.0,0.0,0.0,0.0,fpl-2026-27,1.015,107,593174,Furo,4,Brentford,Forward,4.5,0.0,0.0,0.0,0.0,0.0,0.0,0.0,0.0,0.0,0,0,0,0.0,0,0,0,0.0,0.0
2026-10-10T06:27:48+00:00,6,2026-10-10T10:00:00Z,player-sim-2.0,player-sim-2.0,player-sim-3.0-candidate,holdout_rejected,0.0,0.0,0.0,0.0,fpl-2026-27,1.015,108,75115,Wilson,4,Brentford,Forward,5.4,0.843,0.0,0.843,11.15,0.0,1.0,2.0,0.1562,0.843,0,1,2,0.988,0,1.0,2.0,0.01,0.0
2026-10-10T06:27:48+00:00,6,2026-10-10T10:00:00Z,player-sim-2.0,player-sim-2.0,player-sim-3.0-candidate,holdout_rejected,0.0,0.0,0.0,0.0,fpl-2026-27,1.0188,565,513545,M.Sangaré,4,Brentford,Midfielder,5.6,2.377,0.0,2.377,54.3,0.0,2.0,5.0,0.4244,2.377,0,2,5,2.338,0,2.0,6.0,0.0133,0.0033
2026-10-10T06:27:48+00:00,6,2026-10-10T10:00:00Z,player-sim-2.0,player-sim-2.0,player-sim-3.0-candidate,holdout_rejected,0.0,0.0,0.0,0.0,fpl-2026-27,1.0,620,613804,Diouf,4,Brentford,Defender,4.5,1.44,0.0,1.44,32.25,0.0,1.0,4.0,0.32,1.44,0,1,4,0.745,0,0,1.0,0.0017,0.0
2026-10-10T06:27:48+00:00,6,2026-10-10T10:00:00Z,player-sim-2.0,player-sim-2.0,player-sim-3.0-candidate,holdout_rejected,0.0,0.0,0.0,0.0,fpl-2026-27,1.0375,657,626464,Nunes,4,Brentford,Midfielder,4.5,0.675,0.0,0.675,18.09,0.0,0.0,2.0,0.15,0.675,0,0,2,0.487,0,0,2.0,0.0033,0.0
2026-10-10T06:27:48+00:00,6,2026-10-10T10:00:00Z,player-sim-2.0,player-sim-2.0,player-sim-3.0-candidate,holdout_rejected,0.0,0.0,0.0,0.0,fpl-2026-27,1.0,660,612534,Fredrick,4,Brentford,Defender,4.0,1.172,0.0,1.172,24.23,0.0,0.0,5.0,0.2929,1.172,0,0,5,0.87,0,0,3.0,0.005,0.0
2026-10-10T06:27:48+00:00,6,2026-10-10T10:00:00Z,player-sim-2.0,player-sim-2.0,player-sim-3.0-candidate,holdout_rejected,0.0,0.0,0.0,0.0,fpl-2026-27,1.07,661,235448,Balcombe,4,Brentford,Goalkeeper,4.0,0.978,0.0,0.978,21.73,0.0,0.0,4.0,0.2446,0.978,0,0,4,0.61,0,0,2.0,0.0,0.0
2026-10-10T06:27:48+00:00,6,2026-10-10T10:00:00Z,player-sim-2.0,player-sim-2.0,player-sim-3.0-candidate,holdout_rejected,0.0,0.0,0.0,0.0,fpl-2026-27,1.03,109,489639,Verbruggen,5,Brighton,Goalkeeper,4.5,2.978,0.0,2.978,88.79,1.0,2.0,7.0,0.6618,2.978,1,2,7,2.2,0,2.0,6.0,0.0017,0.0
2026-10-10T06:27:48+00:00,6,2026-10-10T10:00:00Z,player-sim-2.0,player-sim-2.0,player-sim-3.0-candidate,holdout_rejected,0.0,0.0,0.0,0.0,fpl-2026-27,1.03,111,49262,Steele,5,Brighton,Goalkeeper,4.0,0.127,0.0,0.127,3.5,0.0,0.0,0.0,0.0317,0.127,0,0,0,0.212,0,0,0,0.0,0.0
2026-10-10T06:27:48+00:00,6,2026-10-10T10:00:00Z,player-sim-2.0,player-sim-2.0,player-sim-3.0-candidate,holdout_rejected,0.0,0.0,0.0,0.0,fpl-2026-27,1.0,113,231416,F.Kadıoğlu,5,Brighton,Defender,4.4,2.292,0.0,2.292,71.09,0.0,1.0,6.0,0.5208,2.292,0,1,6,1.88,0,1.0,6.0,0.0033,0.0
2026-10-10T06:27:48+00:00,6,2026-10-10T10:00:00Z,player-sim-2.0,player-sim-2.0,player-sim-3.0-candidate,holdout_rejected,0.0,0.0,0.0,0.0,fpl-2026-27,1.0,114,204120,Boscagli,5,Brighton,Defender,4.5,2.682,0.0,2.682,73.5,0.0,2.0,6.0,0.5959,2.682,0,2,6,2.36,0,2.0,6.0,0.01,0.0
2026-10-10T06:27:48+00:00,6,2026-10-10T10:00:00Z,player-sim-2.0,player-sim-2.0,player-sim-3.0-candidate,holdout_rejected,0.0,0.0,0.0,0.0,fpl-2026-27,1.0,115,465730,De Cuyper,5,Brighton,Defender,5.0,3.577,0.0,3.577,75.55,0.0,2.0,8.0,0.7153,3.577,0,2,8,3.712,0,2.0,9.0,0.0817,0.02
2026-10-10T06:27:48+00:00,6,2026-10-10T10:00:00Z,player-sim-2.0,player-sim-2.0,player-sim-3.0-candidate,holdout_rejected,0.0,0.0,0.0,0.0,fpl-2026-27,1.0,116,83299,Dunk,5,Brighton,Defender,4.5,2.177,0.0,2.177,68.38,0.0,2.0,6.0,0.4837,2.177,0,2,6,1.798,0,1.0,6.0,0.0033,0.0
2026-10-10T06:27:48+00:00,6,2026-10-10T10:00:00Z,player-sim-2.0,player-sim-2.0,player-sim-3.0-candidate,holdout_rejected,0.0,0.0,0.0,0.0,fpl-2026-27,1.0,117,550090,Coppola,5,Brighton,Defender,4.5,0.018,0.0,0.018,0.55,0.0,0.0,0.0,0.0041,0.018,0,0,0,0.263,0,0,1.0,0.0,0.0
2026-10-10T06:27:48+00:00,6,2026-10-10T10:00:00Z,player-sim-2.0,player-sim-2.0,player-sim-3.0-candidate,holdout_rejected,0.0,0.0,0.0,0.0,fpl-2026-27,1.0,118,223434,Igor,5,Brighton,Defender,4.5,0.0,0.0,0.0,0.0,0.0,0.0,0.0,0.0,0.0,0,0,0,0.0,0,0,0,0.0,0.0
2026-10-10T06:27:48+00:00,6,2026-10-10T10:00:00Z,player-sim-2.0,player-sim-2.0,player-sim-3.0-candidate,holdout_rejected,0.0,0.0,0.0,0.0,fpl-2026-27,1.0,119,451490,Costinha,5,Brighton,Defender,4.5,1.015,0.0,1.015,18.46,0.0,1.0,1.0,0.2256,1.015,0,1,1,1.067,0.0,1.0,1.0,0.0017,0.0
2026-10-10T06:27:48+00:00,6,2026-10-10T10:00:00Z,player-sim-2.0,player-sim-2.0,player-sim-3.0-candidate,holdout_rejected,0.0,0.0,0.0,0.0,fpl-2026-27,1.0,120,454490,Svoboda,5,Brighton,Defender,5.0,0.303,0.0,0.303,6.32,0.0,0.0,1.0,0.0607,0.303,0,0,1,0.473,0,0,1.0,0.0,0.0
2026-10-10T06:27:48+00:00,6,2026-10-10T10:00:00Z,player-sim-2.0,player-sim-2.0,player-sim-3.0-candidate,holdout_rejected,0.0,0.0,0.0,0.0,fpl-2026-27,1.0188,121,451340,Mitoma,5,Brighton,Midfielder,5.9,0.0,0.0,0.0,0.0,0.0,0.0,0.0,0.0,0.0,0,0,0,0.0,0,0,0,0.0,0.0
2026-10-10T06:27:48+00:00,6,2026-10-10T10:00:00Z,player-sim-2.0,player-sim-2.0,player-sim-3.0-candidate,holdout_rejected,0.0,0.0,0.0,0.0,fpl-2026-27,1.0188,122,592031,Minteh,5,Brighton,Midfielder,5.8,0.0,0.0,0.0,0.0,0.0,0.0,0.0,0.0,0.0,0,0,0,0.0,0,0,0,0.0,0.0
2026-10-10T06:27:48+00:00,6,2026-10-10T10:00:00Z,player-sim-2.0,player-sim-2.0,player-sim-3.0-candidate,holdout_rejected,0.0,0.0,0.0,0.0,fpl-2026-27,1.0188,123,532529,Hinshelwood,5,Brighton,Midfielder,5.9,0.477,0.0,0.477,8.52,0.0,0.0,1.0,0.0808,0.477,0,0,1,0.415,0,0,1.0,0.0083,0.0033
2026-10-10T06:27:48+00:00,6,2026-10-10T10:00:00Z,player-sim-2.0,player-sim-2.0,player-sim-3.0-candidate,holdout_rejected,0.0,0.0,0.0,0.0,fpl-2026-27,1.0188,124,60307,Groß,5,Brighton,Midfielder,5.9,3.867,0.0,3.867,80.06,1.0,3.0,8.0,0.6554,3.867,1,3,8,3.963,0,3.0,9.0,0.0767,0.0217
2026-10-10T06:27:48+00:00,6,2026-10-10T10:00:00Z,player-sim-2.0,player-sim-2.0,player-sim-3.0-candidate,holdout_rejected,0.0,0.0,0.0,0.0,fpl-2026-27,1.015,125,463067,Georginio,5,Brighton,Forward,5.3,0.967,0.0,0.967,21.45,0.0,0.0,2.0,0.1824,0.967,0,0,2,0.847,0,0,2.0,0.0,0.0
2026-10-10T06:27:48+00:00,6,2026-10-10T10:00:00Z,player-sim-2.0,player-sim-2.0,player-sim-3.0-candidate,holdout_rejected,0.0,0.0,0.0,0.0,fpl-2026-27,1.0188,126,219249,O'Riley,5,Brighton,Midfielder,5.4,0.575,0.0,0.575,8.06,0.0,0.0,1.0,0.1065,0.575,0,0,1,0.667,0,0,2.0,0.0017,0.0
2026-10-10T06:27:48+00:00,6,2026-10-10T10:00:00Z,player-sim-2.0,player-sim-2.0,player-sim-3.0-candidate,holdout_rejected,0.0,0.0,0.0,0.0,fpl-2026-27,1.0188,127,514254,Gomez,5,Brighton,Midfielder,5.0,3.637,0.0,3.637,81.75,1.0,3.0,7.0,0.7273,3.637,1,3,7,2.918,0,2.0,7.0,0.0317,0.005
2026-10-10T06:27:48+00:00,6,2026-10-10T10:00:00Z,player-sim-2.0,player-sim-2.0,player-sim-3.0-candidate,holdout_rejected,0.0,0.0,0.0,0.0,fpl-2026-27,1.0188,128,536916,Buonanotte,5,Brighton,Midfielder,5.0,0.0,0.0,0.0,0.0,0.0,0.0,0.0,0.0,0.0,0,0,0,0.0,0,0,0,0.0,0.0
2026-10-10T06:27:48+00:00,6,2026-10-10T10:00:00Z,player-sim-2.0,player-sim-2.0,player-sim-3.0-candidate,holdout_rejected,0.0,0.0,0.0,0.0,fpl-2026-27,1.0188,129,509416,Ayari,5,Brighton,Midfielder,5.4,2.463,0.0,2.463,64.37,0.0,2.0,6.0,0.4562,2.463,0,2,6,2.115,0,2.0,6.0,0.015,0.0017
2026-10-10T06:27:48+00:00,6,2026-10-10T10:00:00Z,player-sim-2.0,player-sim-2.0,player-sim-3.0-candidate,holdout_rejected,0.0,0.0,0.0,0.0,fpl-2026-27,1.0,130,467779,Wieffer,5,Brighton,Defender,4.9,0.0,0.0,0.0,0.0,0.0,0.0,0.0,0.0,0.0,0,0,0,0.0,0,0,0,0.0,0.0
2026-10-10T06:27:48+00:00,6,2026-10-10T10:00:00Z,player-sim-2.0,player-sim-2.0,player-sim-3.0-candidate,holdout_rejected,0.0,0.0,0.0,0.0,fpl-2026-27,1.0188,132,597320,Howell,5,Brighton,Midfielder,4.5,0.0,0.0,0.0,0.0,0.0,0.0,0.0,0.0,0.0,0,0,0,0.0,0,0,0,0.0,0.0
2026-10-10T06:27:48+00:00,6,2026-10-10T10:00:00Z,player-sim-2.0,player-sim-2.0,player-sim-3.0-candidate,holdout_rejected,0.0,0.0,0.0,0.0,fpl-2026-27,1.0188,133,549074,Watson,5,Brighton,Midfielder,5.0,0.0,0.0,0.0,0.0,0.0,0.0,0.0,0.0,0.0,0,0,0,0.0,0,0,0,0.0,0.0
2026-10-10T06:27:48+00:00,6,2026-10-10T10:00:00Z,player-sim-2.0,player-sim-2.0,player-sim-3.0-candidate,holdout_rejected,0.0,0.0,0.0,0.0,fpl-2026-27,1.0188,134,556637,Oriola,5,Brighton,Midfielder,4.4,0.0,0.0,0.0,0.0,0.0,0.0,0.0,0.0,0.0,0,0,0,0.307,0,0,1.0,0.0,0.0
2026-10-10T06:27:48+00:00,6,2026-10-10T10:00:00Z,player-sim-2.0,player-sim-2.0,player-sim-3.0-candidate,holdout_rejected,0.0,0.0,0.0,0.0,fpl-2026-27,1.0188,135,700308,Yohanna,5,Brighton,Midfielder,4.8,0.0,0.0,0.0,0.0,0.0,0.0,0.0,0.0,0.0,0,0,0,0.0,0,0,0,0.0,0.0
2026-10-10T06:27:48+00:00,6,2026-10-10T10:00:00Z,player-sim-2.0,player-sim-2.0,player-sim-3.0-candidate,holdout_rejected,0.0,0.0,0.0,0.0,fpl-2026-27,1.015,137,608181,Tzimas,5,Brighton,Forward,5.4,0.0,0.0,0.0,0.0,0.0,0.0,0.0,0.0,0.0,0,0,0,0.0,0,0,0,0.0,0.0
2026-10-10T06:27:48+00:00,6,2026-10-10T10:00:00Z,player-sim-2.0,player-sim-2.0,player-sim-3.0-candidate,holdout_rejected,0.0,0.0,0.0,0.0,fpl-2026-27,1.015,138,647850,Kostoulas,5,Brighton,Forward,5.6,2.828,0.0,2.828,63.29,0.0,2.0,6.0,0.5051,2.828,0,2,6,2.432,0,2.0,6.0,0.0283,0.0017
2026-10-10T06:27:48+00:00,6,2026-10-10T10:00:00Z,player-sim-2.0,player-sim-2.0,player-sim-3.0-candidate,holdout_rejected,0.0,0.0,0.0,0.0,fpl-2026-27,1.015,139,487117,Ferguson,5,Brighton,Forward,5.0,0.0,0.0,0.0,0.0,0.0,0.0,0.0,0.0,0.0,0,0,0,0.0,0,0,0,0.0,0.0
2026-10-10T06:27:48+00:00,6,2026-10-10T10:00:00Z,player-sim-2.0,player-sim-2.0,player-sim-3.0-candidate,holdout_rejected,0.0,0.0,0.0,0.0,fpl-2026-27,1.0,328,222694,Struijk,5,Brighton,Defender,4.9,1.06,0.0,1.06,23.31,0.0,1.0,3.0,0.2163,1.06,0,1,3,0.922,0,0,3.0,0.0033,0.0017
2026-10-10T06:27:48+00:00,6,2026-10-10T10:00:00Z,player-sim-2.0,player-sim-2.0,player-sim-3.0-candidate,holdout_rejected,0.0,0.0,0.0,0.0,fpl-2026-27,1.0,504,610799,Vuskovic,5,Brighton,Defender,5.0,2.92,0.0,2.92,75.55,0.0,2.0,7.0,0.584,2.92,0,2,7,2.653,0,2.0,7.0,0.0183,0.0033
2026-10-10T06:27:48+00:00,6,2026-10-10T10:00:00Z,player-sim-2.0,player-sim-2.0,player-sim-3.0-candidate,holdout_rejected,0.0,0.0,0.0,0.0,fpl-2026-27,1.015,594,538007,David,5,Brighton,Forward,5.9,0.558,0.0,0.558,8.46,0.0,0.0,1.0,0.0946,0.558,0,0,1,0.74,0,0,2.0,0.0083,0.0017
2026-10-10T06:27:48+00:00,6,2026-10-10T10:00:00Z,player-sim-2.0,player-sim-2.0,player-sim-3.0-candidate,holdout_rejected,0.0,0.0,0.0,0.0,fpl-2026-27,1.0188,600,612855,Osman,5,Brighton,Midfielder,5.0,0.637,0.0,0.637,10.25,0.0,1.0,1.0,0.1273,0.637,0,1,1,0.725,0,1.0,1.0,0.0017,0.0
2026-10-10T06:27:48+00:00,6,2026-10-10T10:00:00Z,player-sim-2.0,player-sim-2.0,player-sim-3.0-candidate,holdout_rejected,0.0,0.0,0.0,0.0,fpl-2026-27,1.0188,605,611695,Yalcouyé,5,Brighton,Midfielder,4.5,2.155,0.0,2.155,44.51,0.0,1.0,6.0,0.4789,2.155,0,1,6,2.207,0,1.0,6.0,0.0267,0.0
2026-10-10T06:27:48+00:00,6,2026-10-10T10:00:00Z,player-sim-2.0,player-sim-2.0,player-sim-3.0-candidate,holdout_rejected,0.0,0.0,0.0,0.0,fpl-2026-27,1.0,614,512123,Hadjam,5,Brighton,Defender,4.5,0.392,0.0,0.392,10.58,0.0,0.0,1.0,0.087,0.392,0,0,1,0.32,0,0,1.0,0.0,0.0
2026-10-10T06:27:48+00:00,6,2026-10-10T10:00:00Z,player-sim-2.0,player-sim-2.0,player-sim-3.0-candidate,holdout_rejected,0.0,0.0,0.0,0.0,fpl-2026-27,1.025,624,519324,Cozier-Duberry,5,Brighton,Midfielder,5.0,0.0,0.0,0.0,0.0,0.0,0.0,0.0,0.0,0.0,0,0,0,0.0,0,0,0,0.0,0.0
2026-10-10T06:27:48+00:00,6,2026-10-10T10:00:00Z,player-sim-2.0,player-sim-2.0,player-sim-3.0-candidate,holdout_rejected,0.0,0.0,0.0,0.0,fpl-2026-27,1.0312,639,592984,Andrés,5,Brighton,Midfielder,5.5,1.383,0.0,1.383,31.68,0.0,1.0,4.0,0.2515,1.383,0,1,4,1.423,0,1.0,4.0,0.015,0.0017
2026-10-10T06:27:48+00:00,6,2026-10-10T10:00:00Z,player-sim-2.0,player-sim-2.0,player-sim-3.0-candidate,holdout_rejected,0.0,0.0,0.0,0.0,fpl-2026-27,1.0312,652,471551,Azeez,5,Brighton,Midfielder,5.5,0.0,0.0,0.0,0.0,0.0,0.0,0.0,0.0,0.0,0,0,0,0.0,0,0,0,0.0,0.0
2026-10-10T06:27:48+00:00,6,2026-10-10T10:00:00Z,player-sim-2.0,player-sim-2.0,player-sim-3.0-candidate,holdout_rejected,0.0,0.0,0.0,0.0,fpl-2026-27,1.0375,658,661016,Ibrahim,5,Brighton,Midfielder,4.5,0.747,0.0,0.747,20.27,0.0,0.0,3.0,0.1659,0.747,0,0,3,0.592,0,0,2.0,0.0033,0.0
2026-10-10T06:27:48+00:00,6,2026-10-10T10:00:00Z,player-sim-2.0,player-sim-2.0,player-sim-3.0-candidate,holdout_rejected,0.0,0.0,0.0,0.0,fpl-2026-27,1.03,28,98980,Martinez,6,Chelsea,Goalkeeper,5.0,3.08,0.0,3.08,72.59,0.0,3.0,7.0,0.616,3.08,0,3,7,2.248,0,2.0,7.0,0.0033,0.0
2026-10-10T06:27:48+00:00,6,2026-10-10T10:00:00Z,player-sim-2.0,player-sim-2.0,player-sim-3.0-candidate,holdout_rejected,0.0,0.0,0.0,0.0,fpl-2026-27,1.0188,40,244850,Rogers,6,Chelsea,Midfielder,7.8,4.175,0.0,4.175,86.99,2.0,3.0,8.0,0.5353,4.175,2,3,8,3.43,0.0,2.0,8.0,0.0583,0.01
2026-10-10T06:27:48+00:00,6,2026-10-10T10:00:00Z,player-sim-2.0,player-sim-2.0,player-sim-3.0-candidate,holdout_rejected,0.0,0.0,0.0,0.0,fpl-2026-27,1.0188,101,56979,Henderson,6,Chelsea,Midfielder,4.9,0.972,0.0,0.972,27.78,0.0,0.0,3.0,0.1983,0.972,0,0,3,0.718,0,0,3.0,0.0017,0.0
2026-10-10T06:27:48+00:00,6,2026-10-10T10:00:00Z,player-sim-2.0,player-sim-2.0,player-sim-3.0-candidate,holdout_rejected,0.0,0.0,0.0,0.0,fpl-2026-27,1.015,136,50175,Welbeck,6,Chelsea,Forward,5.9,1.602,0.0,1.602,27.52,0.0,1.0,5.0,0.2715,1.602,0,1,5,1.173,0,1.0,3.0,0.0033,0.0
2026-10-10T06:27:48+00:00,6,2026-10-10T10:00:00Z,player-sim-2.0,player-sim-2.0,player-sim-3.0-candidate,holdout_rejected,0.0,0.0,0.0,0.0,fpl-2026-27,1.03,140,215059,Sánchez,6,Chelsea,Goalkeeper,4.9,0.0,0.0,0.0,0.0,0.0,0.0,0.0,0.0,0.0,0,0,0,0.0,0,0,0,0.0,0.0
2026-10-10T06:27:48+00:00,6,2026-10-10T10:00:00Z,player-sim-2.0,player-sim-2.0,player-sim-3.0-candidate,holdout_rejected,0.0,0.0,0.0,0.0,fpl-2026-27,1.03,141,508479,Jörgensen,6,Chelsea,Goalkeeper,5.0,0.0,0.0,0.0,0.0,0.0,0.0,0.0,0.0,0.0,0,0,0,0.0,0,0,0,0.0,0.0
2026-10-10T06:27:48+00:00,6,2026-10-10T10:00:00Z,player-sim-2.0,player-sim-2.0,player-sim-3.0-candidate,holdout_rejected,0.0,0.0,0.0,0.0,fpl-2026-27,1.0,142,225796,James,6,Chelsea,Defender,5.3,2.205,0.0,2.205,54.85,0.0,1.0,6.0,0.416,2.205,0,1,6,2.023,0,1.0,6.0,0.0133,0.0017
2026-10-10T06:27:48+00:00,6,2026-10-10T10:00:00Z,player-sim-2.0,player-sim-2.0,player-sim-3.0-candidate,holdout_rejected,0.0,0.0,0.0,0.0,fpl-2026-27,1.0,143,180736,Chalobah,6,Chelsea,Defender,5.5,0.0,0.0,0.0,0.0,0.0,0.0,0.0,0.0,0.0,0,0,0,0.0,0,0,0,0.0,0.0
2026-10-10T06:27:48+00:00,6,2026-10-10T10:00:00Z,player-sim-2.0,player-sim-2.0,player-sim-3.0-candidate,holdout_rejected,0.0,0.0,0.0,0.0,fpl-2026-27,1.0,144,482609,Gusto,6,Chelsea,Defender,4.9,2.032,0.0,2.032,48.43,0.0,1.0,6.0,0.4146,2.032,0,1,6,1.645,0,1.0,6.0,0.005,0.0
2026-10-10T06:27:48+00:00,6,2026-10-10T10:00:00Z,player-sim-2.0,player-sim-2.0,player-sim-3.0-candidate,holdout_rejected,0.0,0.0,0.0,0.0,fpl-2026-27,1.0,145,444463,Fofana,6,Chelsea,Defender,5.0,2.757,0.0,2.757,61.81,0.0,2.0,7.0,0.5513,2.757,0,2,7,2.225,0,1.0,6.0,0.0133,0.0
2026-10-10T06:27:48+00:00,6,2026-10-10T10:00:00Z,player-sim-2.0,player-sim-2.0,player-sim-3.0-candidate,holdout_rejected,0.0,0.0,0.0,0.0,fpl-2026-27,1.0,146,242880,B.Badiashile,6,Chelsea,Defender,4.5,0.0,0.0,0.0,0.0,0.0,0.0,0.0,0.0,0.0,0,0,0,0.0,0,0,0,0.0,0.0
2026-10-10T06:27:48+00:00,6,2026-10-10T10:00:00Z,player-sim-2.0,player-sim-2.0,player-sim-3.0-candidate,holdout_rejected,0.0,0.0,0.0,0.0,fpl-2026-27,1.0,148,551210,Hato,6,Chelsea,Defender,4.5,1.513,0.0,1.513,45.29,0.0,1.0,5.0,0.3363,1.513,0,1,5,1.867,0,1.0,6.0,0.0033,0.0017
2026-10-10T06:27:48+00:00,6,2026-10-10T10:00:00Z,player-sim-2.0,player-sim-2.0,player-sim-3.0-candidate,holdout_rejected,0.0,0.0,0.0,0.0,fpl-2026-27,1.0,149,460028,Colwill,6,Chelsea,Defender,4.8,2.187,0.0,2.187,55.25,0.0,2.0,6.0,0.4556,2.187,0,2,6,2.062,0,1.0,6.0,0.005,0.0
2026-10-10T06:27:48+00:00,6,2026-10-10T10:00:00Z,player-sim-2.0,player-sim-2.0,player-sim-3.0-candidate,holdout_rejected,0.0,0.0,0.0,0.0,fpl-2026-27,1.0,150,574458,M.Sarr,6,Chelsea,Defender,4.5,0.0,0.0,0.0,0.0,0.0,0.0,0.0,0.0,0.0,0,0,0,0.0,0,0,0,0.0,0.0
2026-10-10T06:27:48+00:00,6,2026-10-10T10:00:00Z,player-sim-2.0,player-sim-2.0,player-sim-3.0-candidate,holdout_rejected,0.0,0.0,0.0,0.0,fpl-2026-27,1.0,151,577016,Acheampong,6,Chelsea,Defender,4.5,1.493,0.0,1.493,35.34,0.0,1.0,4.0,0.3318,1.493,0,1,4,1.625,0,1.0,6.0,0.0083,0.0
2026-10-10T06:27:48+00:00,6,2026-10-10T10:00:00Z,player-sim-2.0,player-sim-2.0,player-sim-3.0-candidate,holdout_rejected,0.0,0.0,0.0,0.0,fpl-2026-27,1.0,152,620109,Palestra,6,Chelsea,Defender,5.3,0.178,0.0,0.178,4.45,0.0,0.0,0.0,0.0336,0.178,0,0,0,0.333,0,0,1.0,0.0033,0.0
2026-10-10T06:27:48+00:00,6,2026-10-10T10:00:00Z,player-sim-2.0,player-sim-2.0,player-sim-3.0-candidate,holdout_rejected,0.0,0.0,0.0,0.0,fpl-2026-27,1.0188,154,244851,Palmer,6,Chelsea,Midfielder,9.7,4.635,0.0,4.635,82.99,2.0,3.0,9.0,0.4778,4.635,2,3,9,3.7,0,3.0,8.0,0.0733,0.0167
2026-10-10T06:27:48+00:00,6,2026-10-10T10:00:00Z,player-sim-2.0,player-sim-2.0,player-sim-3.0-candidate,holdout_rejected,0.0,0.0,0.0,0.0,fpl-2026-27,1.0188,156,247632,Neto,6,Chelsea,Midfielder,6.5,3.25,0.0,3.25,69.58,1.0,2.0,7.0,0.5,3.25,1,2,7,2.373,0,2.0,6.0,0.0217,0.0033
2026-10-10T06:27:48+00:00,6,2026-10-10T10:00:00Z,player-sim-2.0,player-sim-2.0,player-sim-3.0-candidate,holdout_rejected,0.0,0.0,0.0,0.0,fpl-2026-27,1.0188,157,624773,Estêvão,6,Chelsea,Midfielder,6.3,1.075,0.0,1.075,15.12,0.0,1.0,2.0,0.1706,1.075,0,1,2,1.04,0,1.0,2.0,0.0067,0.0
2026-10-10T06:27:48+00:00,6,2026-10-10T10:00:00Z,player-sim-2.0,player-sim-2.0,player-sim-3.0-candidate,holdout_rejected,0.0,0.0,0.0,0.0,fpl-2026-27,1.0188,158,463936,Gittens,6,Chelsea,Midfielder,5.8,0.0,0.0,0.0,0.0,0.0,0.0,0.0,0.0,0.0,0,0,0,0.0,0,0,0,0.0,0.0
2026-10-10T06:27:48+00:00,6,2026-10-10T10:00:00Z,player-sim-2.0,player-sim-2.0,player-sim-3.0-candidate,holdout_rejected,0.0,0.0,0.0,0.0,fpl-2026-27,1.0188,159,486672,Caicedo,6,Chelsea,Midfielder,5.3,0.618,0.0,0.618,13.3,0.0,0.0,2.0,0.1167,0.618,0,0,2,0.452,0,0,1.0,0.0,0.0
2026-10-10T06:27:48+00:00,6,2026-10-10T10:00:00Z,player-sim-2.0,player-sim-2.0,player-sim-3.0-candidate,holdout_rejected,0.0,0.0,0.0,0.0,fpl-2026-27,1.0188,161,514356,Lavia,6,Chelsea,Midfielder,5.0,1.52,0.0,1.52,41.6,0.0,1.0,3.0,0.304,1.52,0,1,3,1.847,0,1.0,5.0,0.01,0.0017
2026-10-10T06:27:48+00:00,6,2026-10-10T10:00:00Z,player-sim-2.0,player-sim-2.0,player-sim-3.0-candidate,holdout_rejected,0.0,0.0,0.0,0.0,fpl-2026-27,1.0188,163,491007,D.Essugo,6,Chelsea,Midfielder,4.5,0.0,0.0,0.0,0.0,0.0,0.0,0.0,0.0,0.0,0,0,0,0.0,0,0,0,0.0,0.0
2026-10-10T06:27:48+00:00,6,2026-10-10T10:00:00Z,player-sim-2.0,player-sim-2.0,player-sim-3.0-candidate,holdout_rejected,0.0,0.0,0.0,0.0,fpl-2026-27,1.0188,164,593117,Quenda,6,Chelsea,Midfielder,5.3,0.573,0.0,0.573,9.27,0.0,0.0,1.0,0.1082,0.573,0,0,1,0.647,0,0,2.0,0.0017,0.0
2026-10-10T06:27:48+00:00,6,2026-10-10T10:00:00Z,player-sim-2.0,player-sim-2.0,player-sim-3.0-candidate,holdout_rejected,0.0,0.0,0.0,0.0,fpl-2026-27,1.015,165,475168,João Pedro,6,Chelsea,Forward,7.7,3.56,0.0,3.56,61.87,0.0,3.0,8.0,0.4623,3.56,0,3,8,3.048,0,2.0,8.0,0.07,0.0067
2026-10-10T06:27:48+00:00,6,2026-10-10T10:00:00Z,player-sim-2.0,player-sim-2.0,player-sim-3.0-candidate,holdout_rejected,0.0,0.0,0.0,0.0,fpl-2026-27,1.015,168,499309,Marc Guiu,6,Chelsea,Forward,5.0,0.0,0.0,0.0,0.0,0.0,0.0,0.0,0.0,0.0,0,0,0,0.0,0,0,0,0.0,0.0
2026-10-10T06:27:48+00:00,6,2026-10-10T10:00:00Z,player-sim-2.0,player-sim-2.0,player-sim-3.0-candidate,holdout_rejected,0.0,0.0,0.0,0.0,fpl-2026-27,1.015,169,567119,Mheuka,6,Chelsea,Forward,4.5,0.0,0.0,0.0,0.0,0.0,0.0,0.0,0.0,0.0,0,0,0,0.28,0,0,1.0,0.0017,0.0
2026-10-10T06:27:48+00:00,6,2026-10-10T10:00:00Z,player-sim-2.0,player-sim-2.0,player-sim-3.0-candidate,holdout_rejected,0.0,0.0,0.0,0.0,fpl-2026-27,1.015,170,503037,Emegha,6,Chelsea,Forward,4.9,0.0,0.0,0.0,0.0,0.0,0.0,0.0,0.0,0.0,0,0,0,0.0,0,0,0,0.0,0.0
2026-10-10T06:27:48+00:00,6,2026-10-10T10:00:00Z,player-sim-2.0,player-sim-2.0,player-sim-3.0-candidate,holdout_rejected,0.0,0.0,0.0,0.0,fpl-2026-27,1.0,200,437499,Lacroix,6,Chelsea,Defender,5.9,3.418,0.0,3.418,69.39,1.0,3.0,8.0,0.5794,3.418,1,3,8,2.785,0.0,2.0,8.0,0.0167,0.0
2026-10-10T06:27:48+00:00,6,2026-10-10T10:00:00Z,player-sim-2.0,player-sim-2.0,player-sim-3.0-candidate,holdout_rejected,0.0,0.0,0.0,0.0,fpl-2026-27,1.03,560,549939,Penders,6,Chelsea,Goalkeeper,4.4,0.213,0.0,0.213,5.15,0.0,0.0,0.0,0.0485,0.213,0,0,0,0.258,0,0,0,0.0,0.0
2026-10-10T06:27:48+00:00,6,2026-10-10T10:00:00Z,player-sim-2.0,player-sim-2.0,player-sim-3.0-candidate,holdout_rejected,0.0,0.0,0.0,0.0,fpl-2026-27,1.0,561,622758,Anselmino,6,Chelsea,Defender,4.5,0.193,0.0,0.193,4.35,0.0,0.0,0.0,0.043,0.193,0,0,0,0.288,0,0,0,0.0033,0.0
2026-10-10T06:27:48+00:00,6,2026-10-10T10:00:00Z,player-sim-2.0,player-sim-2.0,player-sim-3.0-candidate,holdout_rejected,0.0,0.0,0.0,0.0,fpl-2026-27,1.0188,568,543158,Barco,6,Chelsea,Midfielder,5.4,1.063,0.0,1.063,24.5,0.0,1.0,3.0,0.1969,1.063,0,1,3,1.047,0,1.0,3.0,0.0033,0.0
2026-10-10T06:27:48+00:00,6,2026-10-10T10:00:00Z,player-sim-2.0,player-sim-2.0,player-sim-3.0-candidate,holdout_rejected,0.0,0.0,0.0,0.0,fpl-2026-27,1.0,583,498444,Chavarria,6,Chelsea,Defender,4.9,1.413,0.0,1.413,32.23,0.0,1.0,3.0,0.2884,1.413,0,1,3,1.495,0,1.0,4.0,0.0033,0.0
2026-10-10T06:27:48+00:00,6,2026-10-10T10:00:00Z,player-sim-2.0,player-sim-2.0,player-sim-3.0-candidate,holdout_rejected,0.0,0.0,0.0,0.0,fpl-2026-27,1.0437,662,636846,Nicoll-Jazuli,6,Chelsea,Midfielder,4.5,1.077,0.0,1.077,22.39,0.0,1.0,3.0,0.2393,1.077,0,1,3,0.917,0,1.0,2.0,0.0,0.0
2026-10-10T06:27:48+00:00,6,2026-10-10T10:00:00Z,player-sim-2.0,player-sim-2.0,player-sim-3.0-candidate,holdout_rejected,0.0,0.0,0.0,0.0,fpl-2026-27,1.0,91,231065,Pinnock,7,Coventry City,Defender,4.5,2.495,0.0,2.495,52.95,0.0,1.0,7.0,0.5544,2.495,0,1,7,2.15,0,1.0,7.0,0.0167,0.0033
2026-10-10T06:27:48+00:00,6,2026-10-10T10:00:00Z,player-sim-2.0,player-sim-2.0,player-sim-3.0-candidate,holdout_rejected,0.0,0.0,0.0,0.0,fpl-2026-27,1.0188,104,428580,Onyeka,7,Coventry City,Midfielder,4.9,2.042,0.0,2.042,55.86,0.0,2.0,4.0,0.4167,2.042,0,2,4,1.763,0,2.0,3.0,0.0017,0.0
2026-10-10T06:27:48+00:00,6,2026-10-10T10:00:00Z,player-sim-2.0,player-sim-2.0,player-sim-3.0-candidate,holdout_rejected,0.0,0.0,0.0,0.0,fpl-2026-27,1.03,110,472739,Rushworth,7,Coventry City,Goalkeeper,4.5,3.173,0.0,3.173,78.16,0.0,3.0,7.0,0.7052,3.173,0,3,7,2.852,0.0,2.0,7.0,0.0033,0.0
2026-10-10T06:27:48+00:00,6,2026-10-10T10:00:00Z,player-sim-2.0,player-sim-2.0,player-sim-3.0-candidate,holdout_rejected,0.0,0.0,0.0,0.0,fpl-2026-27,1.03,171,484389,Dovin,7,Coventry City,Goalkeeper,4.0,0.0,0.0,0.0,0.0,0.0,0.0,0.0,0.0,0.0,0,0,0,0.0,0,0,0,0.0,0.0
2026-10-10T06:27:48+00:00,6,2026-10-10T10:00:00Z,player-sim-2.0,player-sim-2.0,player-sim-3.0-candidate,holdout_rejected,0.0,0.0,0.0,0.0,fpl-2026-27,1.03,172,110690,Wilson,7,Coventry City,Goalkeeper,4.4,0.213,0.0,0.213,5.03,0.0,0.0,0.0,0.0485,0.213,0,0,0,0.278,0,0,0,0.0,0.0
2026-10-10T06:27:48+00:00,6,2026-10-10T10:00:00Z,player-sim-2.0,player-sim-2.0,player-sim-3.0-candidate,holdout_rejected,0.0,0.0,0.0,0.0,fpl-2026-27,1.0,173,461102,Thomas,7,Coventry City,Defender,4.0,3.722,0.0,3.722,78.89,0.0,3.0,8.0,0.9304,3.722,0,3,8,3.382,0,3.0,8.0,0.025,0.0017
2026-10-10T06:27:48+00:00,6,2026-10-10T10:00:00Z,player-sim-2.0,player-sim-2.0,player-sim-3.0-candidate,holdout_rejected,0.0,0.0,0.0,0.0,fpl-2026-27,1.0,174,436761,Kitching,7,Coventry City,Defender,4.0,0.0,0.0,0.0,0.0,0.0,0.0,0.0,0.0,0.0,0,0,0,0.0,0,0,0,0.0,0.0
2026-10-10T06:27:48+00:00,6,2026-10-10T10:00:00Z,player-sim-2.0,player-sim-2.0,player-sim-3.0-candidate,holdout_rejected,0.0,0.0,0.0,0.0,fpl-2026-27,1.0,175,451284,van Ewijk,7,Coventry City,Defender,4.0,1.592,0.0,1.592,40.28,0.0,0.0,6.0,0.3979,1.592,0,0,6,1.633,0,0,6.0,0.0033,0.0
2026-10-10T06:27:48+00:00,6,2026-10-10T10:00:00Z,player-sim-2.0,player-sim-2.0,player-sim-3.0-candidate,holdout_rejected,0.0,0.0,0.0,0.0,fpl-2026-27,1.0,176,173878,Dasilva,7,Coventry City,Defender,4.0,3.267,0.0,3.267,75.5,0.0,2.0,7.0,0.8167,3.267,0,2,7,3.208,0,2.0,8.0,0.03,0.005
2026-10-10T06:27:48+00:00,6,2026-10-10T10:00:00Z,player-sim-2.0,player-sim-2.0,player-sim-3.0-candidate,holdout_rejected,0.0,0.0,0.0,0.0,fpl-2026-27,1.0,177,465390,Kesler-Hayden,7,Coventry City,Defender,3.9,0.088,0.0,0.088,2.16,0.0,0.0,0.0,0.0226,0.088,0,0,0,0.217,0,0,0,0.0,0.0
2026-10-10T06:27:48+00:00,6,2026-10-10T10:00:00Z,player-sim-2.0,player-sim-2.0,player-sim-3.0-candidate,holdout_rejected,0.0,0.0,0.0,0.0,fpl-2026-27,1.0,178,80178,Bidwell,7,Coventry City,Defender,4.0,0.172,0.0,0.172,4.03,0.0,0.0,0.0,0.0429,0.172,0,0,0,0.303,0,0,1.0,0.0,0.0
2026-10-10T06:27:48+00:00,6,2026-10-10T10:00:00Z,player-sim-2.0,player-sim-2.0,player-sim-3.0-candidate,holdout_rejected,0.0,0.0,0.0,0.0,fpl-2026-27,1.0,179,204813,Latibeaudiere,7,Coventry City,Defender,4.0,0.247,0.0,0.247,5.64,0.0,0.0,1.0,0.0617,0.247,0,0,1,0.602,0,0,1.0,0.0,0.0
2026-10-10T06:27:48+00:00,6,2026-10-10T10:00:00Z,player-sim-2.0,player-sim-2.0,player-sim-3.0-candidate,holdout_rejected,0.0,0.0,0.0,0.0,fpl-2026-27,1.0,180,220583,Woolfenden,7,Coventry City,Defender,3.9,0.0,0.0,0.0,0.0,0.0,0.0,0.0,0.0,0.0,0,0,0,0.0,0,0,0,0.0,0.0
2026-10-10T06:27:48+00:00,6,2026-10-10T10:00:00Z,player-sim-2.0,player-sim-2.0,player-sim-3.0-candidate,holdout_rejected,0.0,0.0,0.0,0.0,fpl-2026-27,1.0,181,577411,Brau,7,Coventry City,Defender,4.0,0.0,0.0,0.0,0.0,0.0,0.0,0.0,0.0,0.0,0,0,0,0.0,0,0,0,0.0,0.0
2026-10-10T06:27:48+00:00,6,2026-10-10T10:00:00Z,player-sim-2.0,player-sim-2.0,player-sim-3.0-candidate,holdout_rejected,0.0,0.0,0.0,0.0,fpl-2026-27,1.0,182,539142,Amenda,7,Coventry City,Defender,4.0,0.0,0.0,0.0,0.0,0.0,0.0,0.0,0.0,0.0,0,0,0,0.0,0,0,0,0.0,0.0
2026-10-10T06:27:48+00:00,6,2026-10-10T10:00:00Z,player-sim-2.0,player-sim-2.0,player-sim-3.0-candidate,holdout_rejected,0.0,0.0,0.0,0.0,fpl-2026-27,1.0188,183,480457,Rudoni,7,Coventry City,Midfielder,4.9,2.488,0.0,2.488,57.38,0.0,2.0,5.0,0.5078,2.488,0,2,5,2.432,0,2.0,6.0,0.03,0.005
2026-10-10T06:27:48+00:00,6,2026-10-10T10:00:00Z,player-sim-2.0,player-sim-2.0,player-sim-3.0-candidate,holdout_rejected,0.0,0.0,0.0,0.0,fpl-2026-27,1.0188,184,168144,Grimes,7,Coventry City,Midfielder,4.9,2.377,0.0,2.377,72.52,0.0,2.0,5.0,0.485,2.377,0,2,5,2.29,0,2.0,4.0,0.0017,0.0
2026-10-10T06:27:48+00:00,6,2026-10-10T10:00:00Z,player-sim-2.0,player-sim-2.0,player-sim-3.0-candidate,holdout_rejected,0.0,0.0,0.0,0.0,fpl-2026-27,1.0188,185,501459,Sakamoto,7,Coventry City,Midfielder,4.8,0.368,0.0,0.368,7.58,0.0,0.0,1.0,0.0767,0.368,0,0,1,0.418,0,0,1.0,0.0,0.0
2026-10-10T06:27:48+00:00,6,2026-10-10T10:00:00Z,player-sim-2.0,player-sim-2.0,player-sim-3.0-candidate,holdout_rejected,0.0,0.0,0.0,0.0,fpl-2026-27,1.0188,186,241293,Mason-Clark,7,Coventry City,Midfielder,5.3,1.73,0.0,1.73,46.22,0.0,1.0,4.0,0.3264,1.73,0,1,4,1.785,0,1.0,4.0,0.0167,0.0
2026-10-10T06:27:48+00:00,6,2026-10-10T10:00:00Z,player-sim-2.0,player-sim-2.0,player-sim-3.0-candidate,holdout_rejected,0.0,0.0,0.0,0.0,fpl-2026-27,1.0188,187,439668,Eccles,7,Coventry City,Midfielder,4.8,0.0,0.0,0.0,0.0,0.0,0.0,0.0,0.0,0.0,0,0,0,0.0,0,0,0,0.0,0.0
2026-10-10T06:27:48+00:00,6,2026-10-10T10:00:00Z,player-sim-2.0,player-sim-2.0,player-sim-3.0-candidate,holdout_rejected,0.0,0.0,0.0,0.0,fpl-2026-27,1.0188,188,226965,Torp,7,Coventry City,Midfielder,5.3,0.682,0.0,0.682,12.31,0.0,1.0,1.0,0.1286,0.682,0,1,1,0.855,0,1.0,2.0,0.0017,0.0
2026-10-10T06:27:48+00:00,6,2026-10-10T10:00:00Z,player-sim-2.0,player-sim-2.0,player-sim-3.0-candidate,holdout_rejected,0.0,0.0,0.0,0.0,fpl-2026-27,1.0188,189,684268,Shepherd,7,Coventry City,Midfielder,4.4,0.157,0.0,0.157,4.63,0.0,0.0,0.0,0.0356,0.157,0,0,0,0.238,0,0,1.0,0.0,0.0
2026-10-10T06:27:48+00:00,6,2026-10-10T10:00:00Z,player-sim-2.0,player-sim-2.0,player-sim-3.0-candidate,holdout_rejected,0.0,0.0,0.0,0.0,fpl-2026-27,1.0188,190,469272,Tchaouna,7,Coventry City,Midfielder,5.3,1.337,0.0,1.337,31.18,0.0,1.0,3.0,0.2522,1.337,0,1,3,1.367,0,1.0,3.0,0.0067,0.0
2026-10-10T06:27:48+00:00,6,2026-10-10T10:00:00Z,player-sim-2.0,player-sim-2.0,player-sim-3.0-candidate,holdout_rejected,0.0,0.0,0.0,0.0,fpl-2026-27,1.0188,191,492498,Borges Rodrigues,7,Coventry City,Midfielder,4.5,0.0,0.0,0.0,0.0,0.0,0.0,0.0,0.0,0.0,0,0,0,0.0,0,0,0,0.0,0.0
2026-10-10T06:27:48+00:00,6,2026-10-10T10:00:00Z,player-sim-2.0,player-sim-2.0,player-sim-3.0-candidate,holdout_rejected,0.0,0.0,0.0,0.0,fpl-2026-27,1.0188,192,629397,Andrews,7,Coventry City,Midfielder,4.5,0.0,0.0,0.0,0.0,0.0,0.0,0.0,0.0,0.0,0,0,0,0.0,0,0,0,0.0,0.0
2026-10-10T06:27:48+00:00,6,2026-10-10T10:00:00Z,player-sim-2.0,player-sim-2.0,player-sim-3.0-candidate,holdout_rejected,0.0,0.0,0.0,0.0,fpl-2026-27,1.015,193,176412,Wright,7,Coventry City,Forward,5.3,0.0,0.0,0.0,0.0,0.0,0.0,0.0,0.0,0.0,0,0,0,0.0,0,0,0,0.0,0.0
2026-10-10T06:27:48+00:00,6,2026-10-10T10:00:00Z,player-sim-2.0,player-sim-2.0,player-sim-3.0-candidate,holdout_rejected,0.0,0.0,0.0,0.0,fpl-2026-27,1.015,194,230730,Thomas-Asante,7,Coventry City,Forward,5.0,1.815,0.0,1.815,39.72,1.0,1.0,4.0,0.363,1.815,1,1,4,1.527,0,1.0,3.0,0.005,0.0
2026-10-10T06:27:48+00:00,6,2026-10-10T10:00:00Z,player-sim-2.0,player-sim-2.0,player-sim-3.0-candidate,holdout_rejected,0.0,0.0,0.0,0.0,fpl-2026-27,1.015,195,218997,Simms,7,Coventry City,Forward,4.9,1.04,0.0,1.04,19.0,0.0,1.0,2.0,0.2122,1.04,0,1,2,1.203,0,1.0,3.0,0.01,0.0
2026-10-10T06:27:48+00:00,6,2026-10-10T10:00:00Z,player-sim-2.0,player-sim-2.0,player-sim-3.0-candidate,holdout_rejected,0.0,0.0,0.0,0.0,fpl-2026-27,1.015,196,551262,Markelo,7,Coventry City,Forward,5.0,0.0,0.0,0.0,0.0,0.0,0.0,0.0,0.0,0.0,0,0,0,0.0,0,0,0,0.0,0.0
2026-10-10T06:27:48+00:00,6,2026-10-10T10:00:00Z,player-sim-2.0,player-sim-2.0,player-sim-3.0-candidate,holdout_rejected,0.0,0.0,0.0,0.0,fpl-2026-27,1.015,197,549653,Bassette,7,Coventry City,Forward,4.5,0.0,0.0,0.0,0.0,0.0,0.0,0.0,0.0,0.0,0,0,0,0.0,0,0,0,0.0,0.0
2026-10-10T06:27:48+00:00,6,2026-10-10T10:00:00Z,player-sim-2.0,player-sim-2.0,player-sim-3.0-candidate,holdout_rejected,0.0,0.0,0.0,0.0,fpl-2026-27,1.015,492,210156,Awoniyi,7,Coventry City,Forward,5.4,0.0,0.0,0.0,0.0,0.0,0.0,0.0,0.0,0.0,0,0,0,0.0,0,0,0,0.0,0.0
2026-10-10T06:27:48+00:00,6,2026-10-10T10:00:00Z,player-sim-2.0,player-sim-2.0,player-sim-3.0-candidate,holdout_rejected,0.0,0.0,0.0,0.0,fpl-2026-27,1.0188,575,661888,Yirenkyi,7,Coventry City,Midfielder,4.8,1.798,0.0,1.798,45.71,0.0,1.0,3.0,0.3746,1.798,0,1,3,1.615,0,1.0,3.0,0.0033,0.0
2026-10-10T06:27:48+00:00,6,2026-10-10T10:00:00Z,player-sim-2.0,player-sim-2.0,player-sim-3.0-candidate,holdout_rejected,0.0,0.0,0.0,0.0,fpl-2026-27,1.0188,584,196100,Hamer,7,Coventry City,Midfielder,5.3,0.738,0.0,0.738,16.85,0.0,1.0,1.0,0.1393,0.738,0,1,1,0.828,0,1.0,2.0,0.005,0.0
2026-10-10T06:27:48+00:00,6,2026-10-10T10:00:00Z,player-sim-2.0,player-sim-2.0,player-sim-3.0-candidate,holdout_rejected,0.0,0.0,0.0,0.0,fpl-2026-27,1.015,599,627221,Cherif,7,Coventry City,Forward,5.0,0.39,0.0,0.39,7.06,0.0,0.0,1.0,0.078,0.39,0,0,1,0.42,0,0,1.0,0.0,0.0
2026-10-10T06:27:48+00:00,6,2026-10-10T10:00:00Z,player-sim-2.0,player-sim-2.0,player-sim-3.0-candidate,holdout_rejected,0.0,0.0,0.0,0.0,fpl-2026-27,1.04,623,79602,Bentley,7,Coventry City,Goalkeeper,4.0,0.112,0.0,0.112,2.44,0.0,0.0,0.0,0.0279,0.112,0,0,0,0.217,0,0,0,0.0,0.0
2026-10-10T06:27:48+00:00,6,2026-10-10T10:00:00Z,player-sim-2.0,player-sim-2.0,player-sim-3.0-candidate,holdout_rejected,0.0,0.0,0.0,0.0,fpl-2026-27,1.0375,655,242893,Gboho,7,Coventry City,Midfielder,5.5,0.758,0.0,0.758,19.83,0.0,0.0,3.0,0.1379,0.758,0,0,3,0.547,0,0,2.0,0.0033,0.0
2026-10-10T06:27:48+00:00,6,2026-10-10T10:00:00Z,player-sim-2.0,player-sim-2.0,player-sim-3.0-candidate,holdout_rejected,0.0,0.0,0.0,0.0,fpl-2026-27,1.0,656,566213,Mfuni,7,Coventry City,Defender,4.0,1.41,0.0,1.41,31.77,0.0,0.0,6.0,0.3525,1.41,0,0,6,1.398,0,0,6.0,0.005,0.0
2026-10-10T06:27:48+00:00,6,2026-10-10T10:00:00Z,player-sim-2.0,player-sim-2.0,player-sim-3.0-candidate,holdout_rejected,0.0,0.0,0.0,0.0,fpl-2026-27,1.0188,42,485337,Guessand,8,Crystal Palace,Midfielder,5.4,0.475,0.0,0.475,8.56,0.0,0.0,1.0,0.088,0.475,0,0,1,0.677,0,0,2.0,0.0017,0.0
2026-10-10T06:27:48+00:00,6,2026-10-10T10:00:00Z,player-sim-2.0,player-sim-2.0,player-sim-3.0-candidate,holdout_rejected,0.0,0.0,0.0,0.0,fpl-2026-27,1.0,153,220362,Disasi,8,Crystal Palace,Defender,4.5,0.0,0.0,0.0,0.0,0.0,0.0,0.0,0.0,0.0,0,0,0,0.0,0,0,0,0.0,0.0
2026-10-10T06:27:48+00:00,6,2026-10-10T10:00:00Z,player-sim-2.0,player-sim-2.0,player-sim-3.0-candidate,holdout_rejected,0.0,0.0,0.0,0.0,fpl-2026-27,1.03,198,172649,Henderson,8,Crystal Palace,Goalkeeper,4.9,0.0,0.0,0.0,0.0,0.0,0.0,0.0,0.0,0.0,0,0,0,0.0,0,0,0,0.0,0.0
2026-10-10T06:27:48+00:00,6,2026-10-10T10:00:00Z,player-sim-2.0,player-sim-2.0,player-sim-3.0-candidate,holdout_rejected,0.0,0.0,0.0,0.0,fpl-2026-27,1.03,199,121709,Benitez,8,Crystal Palace,Goalkeeper,4.5,1.435,0.0,1.435,36.31,0.0,0.0,5.0,0.3189,1.435,0,0,5,1.078,0,0,3.0,0.0017,0.0
2026-10-10T06:27:48+00:00,6,2026-10-10T10:00:00Z,player-sim-2.0,player-sim-2.0,player-sim-3.0-candidate,holdout_rejected,0.0,0.0,0.0,0.0,fpl-2026-27,1.0,202,427623,Richards,8,Crystal Palace,Defender,4.9,3.933,0.0,3.933,87.4,1.0,3.0,8.0,0.8027,3.933,1,3,8,2.923,0,2.0,7.0,0.0133,0.0
2026-10-10T06:27:48+00:00,6,2026-10-10T10:00:00Z,player-sim-2.0,player-sim-2.0,player-sim-3.0-candidate,holdout_rejected,0.0,0.0,0.0,0.0,fpl-2026-27,1.0,203,651426,Canvot,8,Crystal Palace,Defender,4.8,2.763,0.0,2.763,61.17,0.0,2.0,7.0,0.5757,2.763,0,2,7,2.432,0,2.0,7.0,0.015,0.0
2026-10-10T06:27:48+00:00,6,2026-10-10T10:00:00Z,player-sim-2.0,player-sim-2.0,player-sim-3.0-candidate,holdout_rejected,0.0,0.0,0.0,0.0,fpl-2026-27,1.0,204,244723,Mitchell,8,Crystal Palace,Defender,4.5,3.548,0.0,3.548,82.81,1.0,2.0,7.0,0.7885,3.548,1,2,7,3.043,0.0,2.0,7.0,0.0433,0.0083
2026-10-10T06:27:48+00:00,6,2026-10-10T10:00:00Z,player-sim-2.0,player-sim-2.0,player-sim-3.0-candidate,holdout_rejected,0.0,0.0,0.0,0.0,fpl-2026-27,1.0,205,218364,Sosa,8,Crystal Palace,Defender,4.5,0.0,0.0,0.0,0.0,0.0,0.0,0.0,0.0,0.0,0,0,0,0.0,0,0,0,0.0,0.0
2026-10-10T06:27:48+00:00,6,2026-10-10T10:00:00Z,player-sim-2.0,player-sim-2.0,player-sim-3.0-candidate,holdout_rejected,0.0,0.0,0.0,0.0,fpl-2026-27,1.0,206,515621,Chadi Riad,8,Crystal Palace,Defender,4.3,0.0,0.0,0.0,0.0,0.0,0.0,0.0,0.0,0.0,0,0,0,0.0,0,0,0,0.0,0.0
2026-10-10T06:27:48+00:00,6,2026-10-10T10:00:00Z,player-sim-2.0,player-sim-2.0,player-sim-3.0-candidate,holdout_rejected,0.0,0.0,0.0,0.0,fpl-2026-27,1.0,207,242313,Mingueza,8,Crystal Palace,Defender,4.3,0.387,0.0,0.387,8.7,0.0,0.0,1.0,0.0899,0.387,0,0,1,0.605,0,0,1.0,0.0017,0.0
2026-10-10T06:27:48+00:00,6,2026-10-10T10:00:00Z,player-sim-2.0,player-sim-2.0,player-sim-3.0-candidate,holdout_rejected,0.0,0.0,0.0,0.0,fpl-2026-27,1.0188,208,232185,Sarr,8,Crystal Palace,Midfielder,6.2,0.675,0.0,0.675,10.12,0.0,0.0,2.0,0.1089,0.675,0,0,2,0.648,0,0,1.0,0.0117,0.0033
2026-10-10T06:27:48+00:00,6,2026-10-10T10:00:00Z,player-sim-2.0,player-sim-2.0,player-sim-3.0-candidate,holdout_rejected,0.0,0.0,0.0,0.0,fpl-2026-27,1.0188,210,496221,Wharton,8,Crystal Palace,Midfielder,5.4,3.222,0.0,3.222,83.25,1.0,3.0,6.0,0.5966,3.222,1,3,6,2.435,0,2.0,5.0,0.005,0.0
2026-10-10T06:27:48+00:00,6,2026-10-10T10:00:00Z,player-sim-2.0,player-sim-2.0,player-sim-3.0-candidate,holdout_rejected,0.0,0.0,0.0,0.0,fpl-2026-27,1.0188,211,488024,Yeremy,8,Crystal Palace,Midfielder,5.5,2.992,0.0,2.992,63.52,1.0,2.0,7.0,0.5439,2.992,1,2,7,2.337,0,2.0,6.0,0.02,0.0017
2026-10-10T06:27:48+00:00,6,2026-10-10T10:00:00Z,player-sim-2.0,player-sim-2.0,player-sim-3.0-candidate,holdout_rejected,0.0,0.0,0.0,0.0,fpl-2026-27,1.0188,212,108413,Hughes,8,Crystal Palace,Midfielder,4.4,0.702,0.0,0.702,13.04,0.0,0.0,1.0,0.1595,0.702,0,0,1,0.643,0,0,1.0,0.0017,0.0
2026-10-10T06:27:48+00:00,6,2026-10-10T10:00:00Z,player-sim-2.0,player-sim-2.0,player-sim-3.0-candidate,holdout_rejected,0.0,0.0,0.0,0.0,fpl-2026-27,1.0188,213,152551,Lerma,8,Crystal Palace,Midfielder,4.8,0.76,0.0,0.76,13.56,0.0,0.0,1.0,0.1583,0.76,0,0,1,0.597,0,0,1.0,0.005,0.0
2026-10-10T06:27:48+00:00,6,2026-10-10T10:00:00Z,player-sim-2.0,player-sim-2.0,player-sim-3.0-candidate,holdout_rejected,0.0,0.0,0.0,0.0,fpl-2026-27,1.0188,214,209400,Kamada,8,Crystal Palace,Midfielder,5.0,2.912,0.0,2.912,80.26,1.0,2.0,6.0,0.5823,2.912,1,2,6,2.53,0,2.0,5.0,0.02,0.0
2026-10-10T06:27:48+00:00,6,2026-10-10T10:00:00Z,player-sim-2.0,player-sim-2.0,player-sim-3.0-candidate,holdout_rejected,0.0,0.0,0.0,0.0,fpl-2026-27,1.0188,215,489706,Devenny,8,Crystal Palace,Midfielder,5.0,0.0,0.0,0.0,0.0,0.0,0.0,0.0,0.0,0.0,0,0,0,0.0,0,0,0,0.0,0.0
2026-10-10T06:27:48+00:00,6,2026-10-10T10:00:00Z,player-sim-2.0,player-sim-2.0,player-sim-3.0-candidate,holdout_rejected,0.0,0.0,0.0,0.0,fpl-2026-27,1.0188,216,606921,Esse,8,Crystal Palace,Midfielder,5.0,0.0,0.0,0.0,0.0,0.0,0.0,0.0,0.0,0.0,0,0,0,0.0,0,0,0,0.0,0.0
2026-10-10T06:27:48+00:00,6,2026-10-10T10:00:00Z,player-sim-2.0,player-sim-2.0,player-sim-3.0-candidate,holdout_rejected,0.0,0.0,0.0,0.0,fpl-2026-27,1.0188,217,536694,M.França,8,Crystal Palace,Midfielder,4.9,0.0,0.0,0.0,0.0,0.0,0.0,0.0,0.0,0.0,0,0,0,0.0,0,0,0,0.0,0.0
2026-10-10T06:27:48+00:00,6,2026-10-10T10:00:00Z,player-sim-2.0,player-sim-2.0,player-sim-3.0-candidate,holdout_rejected,0.0,0.0,0.0,0.0,fpl-2026-27,1.0188,218,438464,Doucouré,8,Crystal Palace,Midfielder,4.8,0.218,0.0,0.218,5.45,0.0,0.0,0.0,0.0455,0.218,0,0,0,0.277,0,0,1.0,0.0,0.0
2026-10-10T06:27:48+00:00,6,2026-10-10T10:00:00Z,player-sim-2.0,player-sim-2.0,player-sim-3.0-candidate,holdout_rejected,0.0,0.0,0.0,0.0,fpl-2026-27,1.0188,219,450542,J.Rak-Sakyi,8,Crystal Palace,Midfielder,4.9,0.0,0.0,0.0,0.0,0.0,0.0,0.0,0.0,0.0,0,0,0,0.0,0,0,0,0.0,0.0
2026-10-10T06:27:48+00:00,6,2026-10-10T10:00:00Z,player-sim-2.0,player-sim-2.0,player-sim-3.0-candidate,holdout_rejected,0.0,0.0,0.0,0.0,fpl-2026-27,1.0,220,590014,Cardines,8,Crystal Palace,Defender,4.5,0.0,0.0,0.0,0.0,0.0,0.0,0.0,0.0,0.0,0,0,0,0.0,0,0,0,0.0,0.0
2026-10-10T06:27:48+00:00,6,2026-10-10T10:00:00Z,player-sim-2.0,player-sim-2.0,player-sim-3.0-candidate,holdout_rejected,0.0,0.0,0.0,0.0,fpl-2026-27,1.0188,221,672492,Drakes-Thomas,8,Crystal Palace,Midfielder,4.4,0.0,0.0,0.0,0.0,0.0,0.0,0.0,0.0,0.0,0,0,0,0.215,0,0,1.0,0.0,0.0
2026-10-10T06:27:48+00:00,6,2026-10-10T10:00:00Z,player-sim-2.0,player-sim-2.0,player-sim-3.0-candidate,holdout_rejected,0.0,0.0,0.0,0.0,fpl-2026-27,1.015,222,247412,Strand Larsen,8,Crystal Palace,Forward,6.0,2.345,0.0,2.345,62.59,1.0,2.0,5.0,0.3908,2.345,1,2,5,1.823,0,1.0,4.0,0.01,0.0017
2026-10-10T06:27:48+00:00,6,2026-10-10T10:00:00Z,player-sim-2.0,player-sim-2.0,player-sim-3.0-candidate,holdout_rejected,0.0,0.0,0.0,0.0,fpl-2026-27,1.015,223,231747,Mateta,8,Crystal Palace,Forward,6.3,0.0,0.0,0.0,0.0,0.0,0.0,0.0,0.0,0.0,0,0,0,0.0,0,0,0,0.0,0.0
2026-10-10T06:27:48+00:00,6,2026-10-10T10:00:00Z,player-sim-2.0,player-sim-2.0,player-sim-3.0-candidate,holdout_rejected,0.0,0.0,0.0,0.0,fpl-2026-27,1.015,224,205533,Nketiah,8,Crystal Palace,Forward,5.5,1.367,0.0,1.367,26.8,0.0,1.0,5.0,0.2485,1.367,0,1,5,1.887,0,1.0,5.0,0.01,0.005
2026-10-10T06:27:48+00:00,6,2026-10-10T10:00:00Z,player-sim-2.0,player-sim-2.0,player-sim-3.0-candidate,holdout_rejected,0.0,0.0,0.0,0.0,fpl-2026-27,1.015,225,660392,Uche,8,Crystal Palace,Forward,5.0,0.0,0.0,0.0,0.0,0.0,0.0,0.0,0.0,0.0,0,0,0,0.0,0,0,0,0.0,0.0
2026-10-10T06:27:48+00:00,6,2026-10-10T10:00:00Z,player-sim-2.0,player-sim-2.0,player-sim-3.0-candidate,holdout_rejected,0.0,0.0,0.0,0.0,fpl-2026-27,1.0188,241,433154,McNeil,8,Crystal Palace,Midfielder,5.3,0.61,0.0,0.61,14.27,0.0,0.0,2.0,0.1151,0.61,0,0,2,0.847,0,0,2.0,0.0017,0.0
2026-10-10T06:27:48+00:00,6,2026-10-10T10:00:00Z,player-sim-2.0,player-sim-2.0,player-sim-3.0-candidate,holdout_rejected,0.0,0.0,0.0,0.0,fpl-2026-27,1.03,555,169593,Matthews,8,Crystal Palace,Goalkeeper,4.0,0.163,0.0,0.163,3.6,0.0,0.0,0.0,0.0408,0.163,0,0,0,0.25,0,0,0,0.0,0.0
2026-10-10T06:27:48+00:00,6,2026-10-10T10:00:00Z,player-sim-2.0,player-sim-2.0,player-sim-3.0-candidate,holdout_rejected,0.0,0.0,0.0,0.0,fpl-2026-27,1.0,577,223723,Tomiyasu,8,Crystal Palace,Defender,4.4,0.0,0.0,0.0,0.0,0.0,0.0,0.0,0.0,0.0,0,0,0,0.0,0,0,0,0.0,0.0
2026-10-10T06:27:48+00:00,6,2026-10-10T10:00:00Z,player-sim-2.0,player-sim-2.0,player-sim-3.0-candidate,holdout_rejected,0.0,0.0,0.0,0.0,fpl-2026-27,1.0,588,570794,Khalaili,8,Crystal Palace,Defender,5.0,3.282,0.0,3.282,67.42,0.0,2.0,8.0,0.6563,3.282,0,2,8,2.952,0,2.0,7.0,0.0367,0.0033
2026-10-10T06:27:48+00:00,6,2026-10-10T10:00:00Z,player-sim-2.0,player-sim-2.0,player-sim-3.0-candidate,holdout_rejected,0.0,0.0,0.0,0.0,fpl-2026-27,1.0188,595,559152,Gozo,8,Crystal Palace,Midfielder,4.9,0.5,0.0,0.5,9.33,0.0,0.0,1.0,0.102,0.5,0,0,1,0.658,0,0,2.0,0.0033,0.0
2026-10-10T06:27:48+00:00,6,2026-10-10T10:00:00Z,player-sim-2.0,player-sim-2.0,player-sim-3.0-candidate,holdout_rejected,0.0,0.0,0.0,0.0,fpl-2026-27,1.0,633,605972,Ahanor,8,Crystal Palace,Defender,4.5,1.24,0.0,1.24,28.93,0.0,0.0,5.0,0.2756,1.24,0,0,5,1.06,0,0,4.0,0.0017,0.0
2026-10-10T06:27:48+00:00,6,2026-10-10T10:00:00Z,player-sim-2.0,player-sim-2.0,player-sim-3.0-candidate,holdout_rejected,0.0,0.0,0.0,0.0,fpl-2026-27,1.0,643,172850,Chilwell,8,Crystal Palace,Defender,4.5,0.435,0.0,0.435,7.68,0.0,0.0,1.0,0.0967,0.435,0,0,1,1.025,0,1.0,2.0,0.005,0.0
2026-10-10T06:27:48+00:00,6,2026-10-10T10:00:00Z,player-sim-2.0,player-sim-2.0,player-sim-3.0-candidate,holdout_rejected,0.0,0.0,0.0,0.0,fpl-2026-27,1.0312,644,450063,Timber,8,Crystal Palace,Midfielder,5.0,2.118,0.0,2.118,57.75,0.0,2.0,4.0,0.4237,2.118,0,2,4,2.178,0,2.0,4.0,0.0067,0.0
2026-10-10T06:27:48+00:00,6,2026-10-10T10:00:00Z,player-sim-2.0,player-sim-2.0,player-sim-3.0-candidate,holdout_rejected,0.0,0.0,0.0,0.0,fpl-2026-27,1.0312,647,533646,Osorio,8,Crystal Palace,Midfielder,5.5,0.662,0.0,0.662,14.6,0.0,0.0,2.0,0.1203,0.662,0,0,2,0.645,0,0,2.0,0.0033,0.0
2026-10-10T06:27:48+00:00,6,2026-10-10T10:00:00Z,player-sim-2.0,player-sim-2.0,player-sim-3.0-candidate,holdout_rejected,0.0,0.0,0.0,0.0,fpl-2026-27,1.0188,21,128295,Nørgaard,9,Everton,Midfielder,4.8,0.013,0.0,0.013,0.37,0.0,0.0,0.0,0.0028,0.013,0,0,0,0.162,0,0,0,0.0,0.0
2026-10-10T06:27:48+00:00,6,2026-10-10T10:00:00Z,player-sim-2.0,player-sim-2.0,player-sim-3.0-candidate,holdout_rejected,0.0,0.0,0.0,0.0,fpl-2026-27,1.0188,209,242898,Johnson,9,Everton,Midfielder,5.9,2.372,0.0,2.372,53.99,1.0,2.0,6.0,0.402,2.372,1,2,6,2.102,0,1.0,6.0,0.015,0.0033
2026-10-10T06:27:48+00:00,6,2026-10-10T10:00:00Z,player-sim-2.0,player-sim-2.0,player-sim-3.0-candidate,holdout_rejected,0.0,0.0,0.0,0.0,fpl-2026-27,1.03,226,111234,Pickford,9,Everton,Goalkeeper,5.5,3.857,0.0,3.857,88.81,1.0,3.0,7.0,0.7012,3.857,1,3,7,2.88,0.0,2.0,7.0,0.005,0.0
2026-10-10T06:27:48+00:00,6,2026-10-10T10:00:00Z,player-sim-2.0,player-sim-2.0,player-sim-3.0-candidate,holdout_rejected,0.0,0.0,0.0,0.0,fpl-2026-27,1.03,227,229600,Travers,9,Everton,Goalkeeper,5.0,0.138,0.0,0.138,3.7,0.0,0.0,0.0,0.0277,0.138,0,0,0,0.27,0,0,0,0.0,0.0
2026-10-10T06:27:48+00:00,6,2026-10-10T10:00:00Z,player-sim-2.0,player-sim-2.0,player-sim-3.0-candidate,holdout_rejected,0.0,0.0,0.0,0.0,fpl-2026-27,1.03,228,138001,King,9,Everton,Goalkeeper,4.5,0.155,0.0,0.155,3.46,0.0,0.0,0.0,0.0344,0.155,0,0,0,0.292,0,0,0,0.0,0.0
2026-10-10T06:27:48+00:00,6,2026-10-10T10:00:00Z,player-sim-2.0,player-sim-2.0,player-sim-3.0-candidate,holdout_rejected,0.0,0.0,0.0,0.0,fpl-2026-27,1.0,229,17761,Tarkowski,9,Everton,Defender,6.2,5.152,0.0,5.152,88.61,2.0,5.0,9.0,0.8309,5.152,2,5,9,3.805,0,3.0,8.0,0.0367,0.0
2026-10-10T06:27:48+00:00,6,2026-10-10T10:00:00Z,player-sim-2.0,player-sim-2.0,player-sim-3.0-candidate,holdout_rejected,0.0,0.0,0.0,0.0,fpl-2026-27,1.0,230,480455,Branthwaite,9,Everton,Defender,5.5,3.45,0.0,3.45,76.15,0.0,3.0,8.0,0.6273,3.45,0,3,8,3.367,0,3.0,8.0,0.0183,0.0017
2026-10-10T06:27:48+00:00,6,2026-10-10T10:00:00Z,player-sim-2.0,player-sim-2.0,player-sim-3.0-candidate,holdout_rejected,0.0,0.0,0.0,0.0,fpl-2026-27,1.0,231,106611,Keane,9,Everton,Defender,4.8,0.767,0.0,0.767,12.45,0.0,0.0,3.0,0.1597,0.767,0,0,3,0.475,0,0,0,0.015,0.0033
2026-10-10T06:27:48+00:00,6,2026-10-10T10:00:00Z,player-sim-2.0,player-sim-2.0,player-sim-3.0-candidate,holdout_rejected,0.0,0.0,0.0,0.0,fpl-2026-27,1.0,232,512462,O'Brien,9,Everton,Defender,4.8,0.882,0.0,0.882,16.52,0.0,1.0,2.0,0.1837,0.882,0,1,2,0.67,0,0,1.0,0.0017,0.0
2026-10-10T06:27:48+00:00,6,2026-10-10T10:00:00Z,player-sim-2.0,player-sim-2.0,player-sim-3.0-candidate,holdout_rejected,0.0,0.0,0.0,0.0,fpl-2026-27,1.0,233,224967,Mykolenko,9,Everton,Defender,4.6,2.647,0.0,2.647,65.19,0.0,2.0,6.0,0.5754,2.647,0,2,6,2.292,0,1.0,6.0,0.01,0.0
2026-10-10T06:27:48+00:00,6,2026-10-10T10:00:00Z,player-sim-2.0,player-sim-2.0,player-sim-3.0-candidate,holdout_rejected,0.0,0.0,0.0,0.0,fpl-2026-27,1.0,234,243571,Patterson,9,Everton,Defender,4.5,0.0,0.0,0.0,0.0,0.0,0.0,0.0,0.0,0.0,0,0,0,0.0,0,0,0,0.0,0.0
2026-10-10T06:27:48+00:00,6,2026-10-10T10:00:00Z,player-sim-2.0,player-sim-2.0,player-sim-3.0-candidate,holdout_rejected,0.0,0.0,0.0,0.0,fpl-2026-27,1.0,235,499300,Aznou,9,Everton,Defender,4.0,0.0,0.0,0.0,0.0,0.0,0.0,0.0,0.0,0.0,0,0,0,0.0,0,0,0,0.0,0.0
2026-10-10T06:27:48+00:00,6,2026-10-10T10:00:00Z,player-sim-2.0,player-sim-2.0,player-sim-3.0-candidate,holdout_rejected,0.0,0.0,0.0,0.0,fpl-2026-27,1.0188,236,215413,Dewsbury-Hall,9,Everton,Midfielder,6.6,4.2,0.0,4.2,86.17,2.0,3.0,8.0,0.6364,4.2,2,3,8,3.4,0.0,3.0,8.0,0.0483,0.0083
2026-10-10T06:27:48+00:00,6,2026-10-10T10:00:00Z,player-sim-2.0,player-sim-2.0,player-sim-3.0-candidate,holdout_rejected,0.0,0.0,0.0,0.0,fpl-2026-27,1.0188,238,114283,Grealish,9,Everton,Midfielder,6.5,1.685,0.0,1.685,33.0,0.0,1.0,4.0,0.2592,1.685,0,1,4,1.338,0,1.0,3.0,0.0033,0.0
2026-10-10T06:27:48+00:00,6,2026-10-10T10:00:00Z,player-sim-2.0,player-sim-2.0,player-sim-3.0-candidate,holdout_rejected,0.0,0.0,0.0,0.0,fpl-2026-27,1.0188,239,232928,Garner,9,Everton,Midfielder,6.0,3.31,0.0,3.31,72.23,1.0,3.0,6.0,0.5517,3.31,1,3,6,2.268,0,2.0,5.0,0.0117,0.0
2026-10-10T06:27:48+00:00,6,2026-10-10T10:00:00Z,player-sim-2.0,player-sim-2.0,player-sim-3.0-candidate,holdout_rejected,0.0,0.0,0.0,0.0,fpl-2026-27,1.0188,242,550615,George,9,Everton,Midfielder,5.5,2.317,0.0,2.317,50.16,0.0,2.0,5.0,0.4212,2.317,0,2,5,2.2,0,2.0,5.0,0.015,0.0
2026-10-10T06:27:48+00:00,6,2026-10-10T10:00:00Z,player-sim-2.0,player-sim-2.0,player-sim-3.0-candidate,holdout_rejected,0.0,0.0,0.0,0.0,fpl-2026-27,1.0188,243,502697,Alcaraz,9,Everton,Midfielder,4.9,0.317,0.0,0.317,5.64,0.0,0.0,1.0,0.0646,0.317,0,0,1,0.7,0,0,1.0,0.0017,0.0
2026-10-10T06:27:48+00:00,6,2026-10-10T10:00:00Z,player-sim-2.0,player-sim-2.0,player-sim-3.0-candidate,holdout_rejected,0.0,0.0,0.0,0.0,fpl-2026-27,1.0188,244,609873,Armstrong,9,Everton,Midfielder,5.0,2.698,0.0,2.698,77.12,0.0,2.0,6.0,0.5397,2.698,0,2,6,2.393,0,2.0,5.0,0.01,0.0017
2026-10-10T06:27:48+00:00,6,2026-10-10T10:00:00Z,player-sim-2.0,player-sim-2.0,player-sim-3.0-candidate,holdout_rejected,0.0,0.0,0.0,0.0,fpl-2026-27,1.0188,245,496661,Dibling,9,Everton,Midfielder,5.3,0.338,0.0,0.338,5.67,0.0,0.0,1.0,0.0638,0.338,0,0,1,0.482,0.0,0,1.0,0.0033,0.0
2026-10-10T06:27:48+00:00,6,2026-10-10T10:00:00Z,player-sim-2.0,player-sim-2.0,player-sim-3.0-candidate,holdout_rejected,0.0,0.0,0.0,0.0,fpl-2026-27,1.0188,246,513466,Röhl,9,Everton,Midfielder,4.9,0.78,0.0,0.78,20.7,0.0,0.0,3.0,0.1592,0.78,0,0,3,0.797,0,0,3.0,0.0017,0.0
2026-10-10T06:27:48+00:00,6,2026-10-10T10:00:00Z,player-sim-2.0,player-sim-2.0,player-sim-3.0-candidate,holdout_rejected,0.0,0.0,0.0,0.0,fpl-2026-27,1.0188,247,244860,Hackney,9,Everton,Midfielder,5.4,1.222,0.0,1.222,23.8,0.0,1.0,2.0,0.2262,1.222,0,1,2,1.323,0,1.0,3.0,0.0,0.0
2026-10-10T06:27:48+00:00,6,2026-10-10T10:00:00Z,player-sim-2.0,player-sim-2.0,player-sim-3.0-candidate,holdout_rejected,0.0,0.0,0.0,0.0,fpl-2026-27,1.015,248,486385,Beto,9,Everton,Forward,5.4,0.0,0.0,0.0,0.0,0.0,0.0,0.0,0.0,0.0,0,0,0,0.0,0,0,0,0.0,0.0
2026-10-10T06:27:48+00:00,6,2026-10-10T10:00:00Z,player-sim-2.0,player-sim-2.0,player-sim-3.0-candidate,holdout_rejected,0.0,0.0,0.0,0.0,fpl-2026-27,1.015,249,586309,Barry,9,Everton,Forward,5.7,4.29,0.0,4.29,79.34,2.0,3.0,8.0,0.7526,4.29,2,3,8,3.907,0,2.0,9.0,0.0983,0.0233
2026-10-10T06:27:48+00:00,6,2026-10-10T10:00:00Z,player-sim-2.0,player-sim-2.0,player-sim-3.0-candidate,holdout_rejected,0.0,0.0,0.0,0.0,fpl-2026-27,1.0,649,154043,Maitland-Niles,9,Everton,Defender,4.5,1.903,0.0,1.903,44.91,0.0,1.0,6.0,0.423,1.903,0,1,6,2.015,0,1.0,6.0,0.0117,0.0
2026-10-10T06:27:48+00:00,6,2026-10-10T10:00:00Z,player-sim-2.0,player-sim-2.0,player-sim-3.0-candidate,holdout_rejected,0.0,0.0,0.0,0.0,fpl-2026-27,1.0312,654,629068,Graham,9,Everton,Midfielder,4.5,0.517,0.0,0.517,12.57,0.0,0.0,2.0,0.1148,0.517,0,0,2,0.483,0,0,2.0,0.005,0.0
2026-10-10T06:27:48+00:00,6,2026-10-10T10:00:00Z,player-sim-2.0,player-sim-2.0,player-sim-3.0-candidate,holdout_rejected,0.0,0.0,0.0,0.0,fpl-2026-27,1.03,250,80201,Leno,10,Fulham,Goalkeeper,4.5,3.338,0.0,3.338,88.88,1.0,3.0,7.0,0.7418,3.338,1,3,7,2.498,0,2.0,7.0,0.0017,0.0
2026-10-10T06:27:48+00:00,6,2026-10-10T10:00:00Z,player-sim-2.0,player-sim-2.0,player-sim-3.0-candidate,holdout_rejected,0.0,0.0,0.0,0.0,fpl-2026-27,1.03,251,86873,Lecomte,10,Fulham,Goalkeeper,4.0,0.14,0.0,0.14,3.79,0.0,0.0,0.0,0.035,0.14,0,0,0,0.155,0,0,0,0.0,0.0
2026-10-10T06:27:48+00:00,6,2026-10-10T10:00:00Z,player-sim-2.0,player-sim-2.0,player-sim-3.0-candidate,holdout_rejected,0.0,0.0,0.0,0.0,fpl-2026-27,1.03,252,505079,McNally,10,Fulham,Goalkeeper,4.0,0.0,0.0,0.0,0.0,0.0,0.0,0.0,0.0,0.0,0,0,0,0.0,0,0,0,0.0,0.0
2026-10-10T06:27:48+00:00,6,2026-10-10T10:00:00Z,player-sim-2.0,player-sim-2.0,player-sim-3.0-candidate,holdout_rejected,0.0,0.0,0.0,0.0,fpl-2026-27,1.0,253,174874,Andersen,10,Fulham,Defender,5.0,1.828,0.0,1.828,41.86,0.0,1.0,5.0,0.3657,1.828,0,1,5,1.483,0,0,5.0,0.01,0.0
2026-10-10T06:27:48+00:00,6,2026-10-10T10:00:00Z,player-sim-2.0,player-sim-2.0,player-sim-3.0-candidate,holdout_rejected,0.0,0.0,0.0,0.0,fpl-2026-27,1.0,254,169528,Robinson,10,Fulham,Defender,4.5,2.23,0.0,2.23,58.03,0.0,2.0,6.0,0.4956,2.23,0,2,6,2.177,0,1.0,6.0,0.0133,0.0033
2026-10-10T06:27:48+00:00,6,2026-10-10T10:00:00Z,player-sim-2.0,player-sim-2.0,player-sim-3.0-candidate,holdout_rejected,0.0,0.0,0.0,0.0,fpl-2026-27,1.0,255,246301,J.Cuenca,10,Fulham,Defender,4.5,0.523,0.0,0.523,14.42,0.0,0.0,2.0,0.1163,0.523,0,0,2,0.815,0,0,3.0,0.0017,0.0017
2026-10-10T06:27:48+00:00,6,2026-10-10T10:00:00Z,player-sim-2.0,player-sim-2.0,player-sim-3.0-candidate,holdout_rejected,0.0,0.0,0.0,0.0,fpl-2026-27,1.0,256,167074,Tete,10,Fulham,Defender,4.4,0.603,0.0,0.603,12.44,0.0,0.0,1.0,0.1371,0.603,0,0,1,0.567,0,0,1.0,0.0033,0.0
2026-10-10T06:27:48+00:00,6,2026-10-10T10:00:00Z,player-sim-2.0,player-sim-2.0,player-sim-3.0-candidate,holdout_rejected,0.0,0.0,0.0,0.0,fpl-2026-27,1.0,257,232892,Bassey,10,Fulham,Defender,4.5,3.063,0.0,3.063,84.93,1.0,2.0,7.0,0.6807,3.063,1,2,7,2.393,0,2.0,6.0,0.0067,0.0
2026-10-10T06:27:48+00:00,6,2026-10-10T10:00:00Z,player-sim-2.0,player-sim-2.0,player-sim-3.0-candidate,holdout_rejected,0.0,0.0,0.0,0.0,fpl-2026-27,1.0,258,166477,Castagne,10,Fulham,Defender,4.5,3.302,0.0,3.302,76.55,0.0,2.0,7.0,0.7337,3.302,0,2,7,2.793,0,2.0,7.0,0.0383,0.0
2026-10-10T06:27:48+00:00,6,2026-10-10T10:00:00Z,player-sim-2.0,player-sim-2.0,player-sim-3.0-candidate,holdout_rejected,0.0,0.0,0.0,0.0,fpl-2026-27,1.0188,261,153133,Iwobi,10,Fulham,Midfielder,5.4,3.52,0.0,3.52,77.24,2.0,3.0,7.0,0.6519,3.52,2,3,7,3.187,0,2.0,7.0,0.04,0.0033
2026-10-10T06:27:48+00:00,6,2026-10-10T10:00:00Z,player-sim-2.0,player-sim-2.0,player-sim-3.0-candidate,holdout_rejected,0.0,0.0,0.0,0.0,fpl-2026-27,1.0188,262,209289,Smith Rowe,10,Fulham,Midfielder,5.3,0.822,0.0,0.822,14.74,0.0,1.0,1.0,0.155,0.822,0,1,1,0.765,0,0,2.0,0.0,0.0
2026-10-10T06:27:48+00:00,6,2026-10-10T10:00:00Z,player-sim-2.0,player-sim-2.0,player-sim-3.0-candidate,holdout_rejected,0.0,0.0,0.0,0.0,fpl-2026-27,1.0188,263,560552,Kevin,10,Fulham,Midfielder,5.3,0.923,0.0,0.923,15.34,0.0,1.0,2.0,0.1742,0.923,0,1,2,0.957,0,1.0,1.0,0.0033,0.0017
2026-10-10T06:27:48+00:00,6,2026-10-10T10:00:00Z,player-sim-2.0,player-sim-2.0,player-sim-3.0-candidate,holdout_rejected,0.0,0.0,0.0,0.0,fpl-2026-27,1.0188,264,477555,Bobb,10,Fulham,Midfielder,5.5,2.987,0.0,2.987,62.97,1.0,2.0,7.0,0.543,2.987,1,2,7,2.777,0,2.0,6.0,0.02,0.0
2026-10-10T06:27:48+00:00,6,2026-10-10T10:00:00Z,player-sim-2.0,player-sim-2.0,player-sim-3.0-candidate,holdout_rejected,0.0,0.0,0.0,0.0,fpl-2026-27,1.0188,265,207189,Berge,10,Fulham,Midfielder,4.9,2.333,0.0,2.333,69.81,1.0,2.0,4.0,0.4762,2.333,1,2,4,1.915,0,2.0,3.0,0.0,0.0
2026-10-10T06:27:48+00:00,6,2026-10-10T10:00:00Z,player-sim-2.0,player-sim-2.0,player-sim-3.0-candidate,holdout_rejected,0.0,0.0,0.0,0.0,fpl-2026-27,1.0188,266,76357,Cairney,10,Fulham,Midfielder,4.9,0.0,0.0,0.0,0.0,0.0,0.0,0.0,0.0,0.0,0,0,0,0.0,0,0,0,0.0,0.0
2026-10-10T06:27:48+00:00,6,2026-10-10T10:00:00Z,player-sim-2.0,player-sim-2.0,player-sim-3.0-candidate,holdout_rejected,0.0,0.0,0.0,0.0,fpl-2026-27,1.0188,268,577725,King,10,Fulham,Midfielder,5.6,3.403,0.0,3.403,74.61,1.0,2.0,7.0,0.6077,3.403,1,2,7,3.195,0,2.0,8.0,0.0383,0.0067
2026-10-10T06:27:48+00:00,6,2026-10-10T10:00:00Z,player-sim-2.0,player-sim-2.0,player-sim-3.0-candidate,holdout_rejected,0.0,0.0,0.0,0.0,fpl-2026-27,1.0,269,184349,Sessegnon,10,Fulham,Defender,4.3,0.903,0.0,0.903,14.95,0.0,1.0,2.0,0.2101,0.903,0,1,2,1.028,0,1.0,2.0,0.0083,0.0
2026-10-10T06:27:48+00:00,6,2026-10-10T10:00:00Z,player-sim-2.0,player-sim-2.0,player-sim-3.0-candidate,holdout_rejected,0.0,0.0,0.0,0.0,fpl-2026-27,1.0188,270,153366,Reed,10,Fulham,Midfielder,4.4,0.012,0.0,0.012,0.3,0.0,0.0,0.0,0.0027,0.012,0,0,0,0.368,0,0,1.0,0.0017,0.0
2026-10-10T06:27:48+00:00,6,2026-10-10T10:00:00Z,player-sim-2.0,player-sim-2.0,player-sim-3.0-candidate,holdout_rejected,0.0,0.0,0.0,0.0,fpl-2026-27,1.015,271,244042,Muniz,10,Fulham,Forward,5.4,0.99,0.0,0.99,15.99,0.0,1.0,2.0,0.1833,0.99,0,1,2,0.972,0,1.0,2.0,0.0033,0.0
2026-10-10T06:27:48+00:00,6,2026-10-10T10:00:00Z,player-sim-2.0,player-sim-2.0,player-sim-3.0-candidate,holdout_rejected,0.0,0.0,0.0,0.0,fpl-2026-27,1.015,272,631786,Kusi-Asare,10,Fulham,Forward,4.5,0.008,0.0,0.008,0.16,0.0,0.0,0.0,0.0018,0.008,0,0,0,0.237,0,0,1.0,0.0033,0.0
2026-10-10T06:27:48+00:00,6,2026-10-10T10:00:00Z,player-sim-2.0,player-sim-2.0,player-sim-3.0-candidate,holdout_rejected,0.0,0.0,0.0,0.0,fpl-2026-27,1.015,569,551466,Gonzalo,10,Fulham,Forward,6.1,3.358,0.0,3.358,74.66,1.0,2.0,7.0,0.5505,3.358,1,2,7,3.475,0,2.0,7.0,0.0733,0.0067
2026-10-10T06:27:48+00:00,6,2026-10-10T10:00:00Z,player-sim-2.0,player-sim-2.0,player-sim-3.0-candidate,holdout_rejected,0.0,0.0,0.0,0.0,fpl-2026-27,1.0188,570,571779,Palacios,10,Fulham,Midfielder,5.4,1.59,0.0,1.59,38.12,0.0,1.0,3.0,0.2944,1.59,0,1,3,1.827,0,1.0,6.0,0.0133,0.0
2026-10-10T06:27:48+00:00,6,2026-10-10T10:00:00Z,player-sim-2.0,player-sim-2.0,player-sim-3.0-candidate,holdout_rejected,0.0,0.0,0.0,0.0,fpl-2026-27,1.0188,580,463210,Charles,10,Fulham,Midfielder,5.0,2.37,0.0,2.37,60.54,1.0,2.0,5.0,0.474,2.37,1,2,5,1.798,0,1.0,3.0,0.0033,0.0
2026-10-10T06:27:48+00:00,6,2026-10-10T10:00:00Z,player-sim-2.0,player-sim-2.0,player-sim-3.0-candidate,holdout_rejected,0.0,0.0,0.0,0.0,fpl-2026-27,1.0,610,547686,De Fougerolles,10,Fulham,Defender,4.0,0.0,0.0,0.0,0.0,0.0,0.0,0.0,0.0,0.0,0,0,0,0.0,0,0,0,0.0,0.0
2026-10-10T06:27:48+00:00,6,2026-10-10T10:00:00Z,player-sim-2.0,player-sim-2.0,player-sim-3.0-candidate,holdout_rejected,0.0,0.0,0.0,0.0,fpl-2026-27,1.025,626,616069,Zepa,10,Fulham,Midfielder,4.4,0.34,0.0,0.34,9.69,0.0,0.0,1.0,0.0773,0.34,0,0,1,0.318,0,0,1.0,0.0,0.0
2026-10-10T06:27:48+00:00,6,2026-10-10T10:00:00Z,player-sim-2.0,player-sim-2.0,player-sim-3.0-candidate,holdout_rejected,0.0,0.0,0.0,0.0,fpl-2026-27,1.0312,635,551050,Larsson,10,Fulham,Midfielder,5.0,1.073,0.0,1.073,19.31,0.0,1.0,2.0,0.2147,1.073,0,1,2,1.175,0,1.0,2.0,0.0,0.0
2026-10-10T06:27:48+00:00,6,2026-10-10T10:00:00Z,player-sim-2.0,player-sim-2.0,player-sim-3.0-candidate,holdout_rejected,0.0,0.0,0.0,0.0,fpl-2026-27,1.0312,636,500033,Ángel,10,Fulham,Midfielder,5.0,0.55,0.0,0.55,13.89,0.0,0.0,2.0,0.11,0.55,0,0,2,0.413,0,0,2.0,0.0017,0.0
2026-10-10T06:27:48+00:00,6,2026-10-10T10:00:00Z,player-sim-2.0,player-sim-2.0,player-sim-3.0-candidate,holdout_rejected,0.0,0.0,0.0,0.0,fpl-2026-27,1.0,650,442299,Affengruber,10,Fulham,Defender,4.5,1.773,0.0,1.773,42.82,0.0,1.0,6.0,0.3941,1.773,0,1,6,1.873,0,1.0,6.0,0.01,0.0017
2026-10-10T06:27:48+00:00,6,2026-10-10T10:00:00Z,player-sim-2.0,player-sim-2.0,player-sim-3.0-candidate,holdout_rejected,0.0,0.0,0.0,0.0,fpl-2026-27,1.0188,240,490094,Iroegbunam,11,Hull City,Midfielder,5.0,0.8,0.0,0.8,16.17,0.0,1.0,1.0,0.16,0.8,0,1,1,0.708,0,0.0,1.0,0.0,0.0
2026-10-10T06:27:48+00:00,6,2026-10-10T10:00:00Z,player-sim-2.0,player-sim-2.0,player-sim-3.0-candidate,holdout_rejected,0.0,0.0,0.0,0.0,fpl-2026-27,1.03,273,167825,Phillips,11,Hull City,Goalkeeper,4.0,0.177,0.0,0.177,3.86,0.0,0.0,0.0,0.0442,0.177,0,0,0,0.267,0,0,0,0.0,0.0
2026-10-10T06:27:48+00:00,6,2026-10-10T10:00:00Z,player-sim-2.0,player-sim-2.0,player-sim-3.0-candidate,holdout_rejected,0.0,0.0,0.0,0.0,fpl-2026-27,1.03,274,105666,Butland,11,Hull City,Goalkeeper,4.4,0.0,0.0,0.0,0.0,0.0,0.0,0.0,0.0,0.0,0,0,0,0.0,0,0,0,0.0,0.0
2026-10-10T06:27:48+00:00,6,2026-10-10T10:00:00Z,player-sim-2.0,player-sim-2.0,player-sim-3.0-candidate,holdout_rejected,0.0,0.0,0.0,0.0,fpl-2026-27,1.03,275,494950,Cartwright,11,Hull City,Goalkeeper,4.0,0.0,0.0,0.0,0.0,0.0,0.0,0.0,0.0,0.0,0,0,0,0.0,0,0,0,0.0,0.0
2026-10-10T06:27:48+00:00,6,2026-10-10T10:00:00Z,player-sim-2.0,player-sim-2.0,player-sim-3.0-candidate,holdout_rejected,0.0,0.0,0.0,0.0,fpl-2026-27,1.03,276,444307,Lo-Tutala,11,Hull City,Goalkeeper,4.0,0.0,0.0,0.0,0.0,0.0,0.0,0.0,0.0,0.0,0,0,0,0.0,0,0,0,0.0,0.0
2026-10-10T06:27:48+00:00,6,2026-10-10T10:00:00Z,player-sim-2.0,player-sim-2.0,player-sim-3.0-candidate,holdout_rejected,0.0,0.0,0.0,0.0,fpl-2026-27,1.0,277,108416,Egan,11,Hull City,Defender,4.1,2.787,0.0,2.787,75.41,0.0,2.0,6.0,0.6797,2.787,0,2,6,2.695,0,2.0,6.0,0.005,0.0
2026-10-10T06:27:48+00:00,6,2026-10-10T10:00:00Z,player-sim-2.0,player-sim-2.0,player-sim-3.0-candidate,holdout_rejected,0.0,0.0,0.0,0.0,fpl-2026-27,1.0,278,501902,Hughes,11,Hull City,Defender,3.9,0.0,0.0,0.0,0.0,0.0,0.0,0.0,0.0,0.0,0,0,0,0.0,0,0,0,0.0,0.0
2026-10-10T06:27:48+00:00,6,2026-10-10T10:00:00Z,player-sim-2.0,player-sim-2.0,player-sim-3.0-candidate,holdout_rejected,0.0,0.0,0.0,0.0,fpl-2026-27,1.0,279,146426,Ajayi,11,Hull City,Defender,4.2,2.705,0.0,2.705,76.07,1.0,2.0,6.0,0.644,2.705,1,2,6,2.667,0,2.0,6.0,0.0317,0.005
2026-10-10T06:27:48+00:00,6,2026-10-10T10:00:00Z,player-sim-2.0,player-sim-2.0,player-sim-3.0-candidate,holdout_rejected,0.0,0.0,0.0,0.0,fpl-2026-27,1.0,280,193278,Coyle,11,Hull City,Defender,4.0,2.672,0.0,2.672,64.78,0.0,2.0,6.0,0.6679,2.672,0,2,6,2.618,0,2.0,6.0,0.0083,0.0
2026-10-10T06:27:48+00:00,6,2026-10-10T10:00:00Z,player-sim-2.0,player-sim-2.0,player-sim-3.0-candidate,holdout_rejected,0.0,0.0,0.0,0.0,fpl-2026-27,1.0,281,433590,Drameh,11,Hull City,Defender,4.0,0.0,0.0,0.0,0.0,0.0,0.0,0.0,0.0,0.0,0,0,0,0.0,0,0,0,0.0,0.0
2026-10-10T06:27:48+00:00,6,2026-10-10T10:00:00Z,player-sim-2.0,player-sim-2.0,player-sim-3.0-candidate,holdout_rejected,0.0,0.0,0.0,0.0,fpl-2026-27,1.0,282,232351,Giles,11,Hull City,Defender,4.0,2.795,0.0,2.795,75.2,0.0,2.0,6.0,0.6987,2.795,0,2,6,2.475,0,2.0,6.0,0.0183,0.0
2026-10-10T06:27:48+00:00,6,2026-10-10T10:00:00Z,player-sim-2.0,player-sim-2.0,player-sim-3.0-candidate,holdout_rejected,0.0,0.0,0.0,0.0,fpl-2026-27,1.0,283,449428,Jacob,11,Hull City,Defender,4.0,0.0,0.0,0.0,0.0,0.0,0.0,0.0,0.0,0.0,0,0,0,0.0,0,0,0,0.0,0.0
2026-10-10T06:27:48+00:00,6,2026-10-10T10:00:00Z,player-sim-2.0,player-sim-2.0,player-sim-3.0-candidate,holdout_rejected,0.0,0.0,0.0,0.0,fpl-2026-27,1.0,284,661800,McCarthy,11,Hull City,Defender,4.0,0.197,0.0,0.197,4.49,0.0,0.0,0.0,0.0492,0.197,0,0,0,0.405,0,0,1.0,0.0,0.0
2026-10-10T06:27:48+00:00,6,2026-10-10T10:00:00Z,player-sim-2.0,player-sim-2.0,player-sim-3.0-candidate,holdout_rejected,0.0,0.0,0.0,0.0,fpl-2026-27,1.0,285,160817,McNair,11,Hull City,Defender,4.0,0.148,0.0,0.148,2.41,0.0,0.0,1.0,0.0371,0.148,0,0,1,0.465,0.0,0,1.0,0.0,0.0
2026-10-10T06:27:48+00:00,6,2026-10-10T10:00:00Z,player-sim-2.0,player-sim-2.0,player-sim-3.0-candidate,holdout_rejected,0.0,0.0,0.0,0.0,fpl-2026-27,1.0188,286,540324,Belloumi,11,Hull City,Midfielder,5.1,2.908,0.0,2.908,69.25,1.0,2.0,7.0,0.5703,2.908,1,2,7,2.622,0,2.0,5.0,0.0167,0.0
2026-10-10T06:27:48+00:00,6,2026-10-10T10:00:00Z,player-sim-2.0,player-sim-2.0,player-sim-3.0-candidate,holdout_rejected,0.0,0.0,0.0,0.0,fpl-2026-27,1.0188,287,232905,Millar,11,Hull City,Midfielder,5.0,0.0,0.0,0.0,0.0,0.0,0.0,0.0,0.0,0.0,0,0,0,0.0,0,0,0,0.0,0.0
2026-10-10T06:27:48+00:00,6,2026-10-10T10:00:00Z,player-sim-2.0,player-sim-2.0,player-sim-3.0-candidate,holdout_rejected,0.0,0.0,0.0,0.0,fpl-2026-27,1.0188,288,171270,Dowell,11,Hull City,Midfielder,4.4,0.067,0.0,0.067,1.09,0.0,0.0,0.0,0.0152,0.067,0,0,0,0.238,0,0,1.0,0.0,0.0
2026-10-10T06:27:48+00:00,6,2026-10-10T10:00:00Z,player-sim-2.0,player-sim-2.0,player-sim-3.0-candidate,holdout_rejected,0.0,0.0,0.0,0.0,fpl-2026-27,1.0188,289,101282,Crooks,11,Hull City,Midfielder,4.4,1.27,0.0,1.27,36.93,0.0,1.0,3.0,0.2886,1.27,0,1,3,1.197,0,1.0,3.0,0.0017,0.0
2026-10-10T06:27:48+00:00,6,2026-10-10T10:00:00Z,player-sim-2.0,player-sim-2.0,player-sim-3.0-candidate,holdout_rejected,0.0,0.0,0.0,0.0,fpl-2026-27,1.0188,290,243413,Slater,11,Hull City,Midfielder,4.5,2.445,0.0,2.445,75.92,0.0,2.0,5.0,0.5433,2.445,0,2,5,2.377,0,2.0,5.0,0.0067,0.0
2026-10-10T06:27:48+00:00,6,2026-10-10T10:00:00Z,player-sim-2.0,player-sim-2.0,player-sim-3.0-candidate,holdout_rejected,0.0,0.0,0.0,0.0,fpl-2026-27,1.0188,291,465525,Matazo,11,Hull City,Midfielder,4.5,0.0,0.0,0.0,0.0,0.0,0.0,0.0,0.0,0.0,0,0,0,0.0,0,0,0,0.0,0.0
2026-10-10T06:27:48+00:00,6,2026-10-10T10:00:00Z,player-sim-2.0,player-sim-2.0,player-sim-3.0-candidate,holdout_rejected,0.0,0.0,0.0,0.0,fpl-2026-27,1.0188,292,208481,Ömür,11,Hull City,Midfielder,4.9,0.195,0.0,0.195,5.28,0.0,0.0,0.0,0.0398,0.195,0,0,0,0.347,0,0,1.0,0.0,0.0
2026-10-10T06:27:48+00:00,6,2026-10-10T10:00:00Z,player-sim-2.0,player-sim-2.0,player-sim-3.0-candidate,holdout_rejected,0.0,0.0,0.0,0.0,fpl-2026-27,1.0188,293,490161,Kamara,11,Hull City,Midfielder,5.0,0.0,0.0,0.0,0.0,0.0,0.0,0.0,0.0,0.0,0,0,0,0.0,0,0,0,0.0,0.0
2026-10-10T06:27:48+00:00,6,2026-10-10T10:00:00Z,player-sim-2.0,player-sim-2.0,player-sim-3.0-candidate,holdout_rejected,0.0,0.0,0.0,0.0,fpl-2026-27,1.0188,294,553783,Zambrano,11,Hull City,Midfielder,4.5,0.192,0.0,0.192,4.89,0.0,0.0,0.0,0.0426,0.192,0,0,0,0.327,0,0,1.0,0.0017,0.0
2026-10-10T06:27:48+00:00,6,2026-10-10T10:00:00Z,player-sim-2.0,player-sim-2.0,player-sim-3.0-candidate,holdout_rejected,0.0,0.0,0.0,0.0,fpl-2026-27,1.015,295,169432,McBurnie,11,Hull City,Forward,5.5,3.095,0.0,3.095,77.47,0.0,2.0,7.0,0.5627,3.095,0,2,7,2.465,0,2.0,6.0,0.0233,0.0033
2026-10-10T06:27:48+00:00,6,2026-10-10T10:00:00Z,player-sim-2.0,player-sim-2.0,player-sim-3.0-candidate,holdout_rejected,0.0,0.0,0.0,0.0,fpl-2026-27,1.0188,296,213292,Akintola,11,Hull City,Midfielder,5.0,0.0,0.0,0.0,0.0,0.0,0.0,0.0,0.0,0.0,0,0,0,0.0,0,0,0,0.0,0.0
2026-10-10T06:27:48+00:00,6,2026-10-10T10:00:00Z,player-sim-2.0,player-sim-2.0,player-sim-3.0-candidate,holdout_rejected,0.0,0.0,0.0,0.0,fpl-2026-27,1.0188,297,470294,Gyabi,11,Hull City,Midfielder,4.4,0.0,0.0,0.0,0.0,0.0,0.0,0.0,0.0,0.0,0,0,0,0.0,0,0,0,0.0,0.0
2026-10-10T06:27:48+00:00,6,2026-10-10T10:00:00Z,player-sim-2.0,player-sim-2.0,player-sim-3.0-candidate,holdout_rejected,0.0,0.0,0.0,0.0,fpl-2026-27,1.015,298,500957,Destan,11,Hull City,Forward,4.5,0.0,0.0,0.0,0.0,0.0,0.0,0.0,0.0,0.0,0,0,0,0.0,0,0,0,0.0,0.0
2026-10-10T06:27:48+00:00,6,2026-10-10T10:00:00Z,player-sim-2.0,player-sim-2.0,player-sim-3.0-candidate,holdout_rejected,0.0,0.0,0.0,0.0,fpl-2026-27,1.015,299,534392,Burstow,11,Hull City,Forward,4.5,0.0,0.0,0.0,0.0,0.0,0.0,0.0,0.0,0.0,0,0,0,0.0,0,0,0,0.0,0.0
2026-10-10T06:27:48+00:00,6,2026-10-10T10:00:00Z,player-sim-2.0,player-sim-2.0,player-sim-3.0-candidate,holdout_rejected,0.0,0.0,0.0,0.0,fpl-2026-27,1.0188,340,462635,Gelhardt,11,Hull City,Midfielder,5.0,0.292,0.0,0.292,5.82,0.0,0.0,1.0,0.0583,0.292,0,0,1,0.478,0,0,1.0,0.0017,0.0
2026-10-10T06:27:48+00:00,6,2026-10-10T10:00:00Z,player-sim-2.0,player-sim-2.0,player-sim-3.0-candidate,holdout_rejected,0.0,0.0,0.0,0.0,fpl-2026-27,1.0,556,169359,Targett,11,Hull City,Defender,4.0,0.0,0.0,0.0,0.0,0.0,0.0,0.0,0.0,0.0,0,0,0,0.0,0,0,0,0.0,0.0
2026-10-10T06:27:48+00:00,6,2026-10-10T10:00:00Z,player-sim-2.0,player-sim-2.0,player-sim-3.0-candidate,holdout_rejected,0.0,0.0,0.0,0.0,fpl-2026-27,1.0188,563,445028,Morita,11,Hull City,Midfielder,4.9,0.36,0.0,0.36,10.55,0.0,0.0,1.0,0.0735,0.36,0,0,1,0.593,0,0,2.0,0.0017,0.0
2026-10-10T06:27:48+00:00,6,2026-10-10T10:00:00Z,player-sim-2.0,player-sim-2.0,player-sim-3.0-candidate,holdout_rejected,0.0,0.0,0.0,0.0,fpl-2026-27,1.03,572,473284,Tzolakis,11,Hull City,Goalkeeper,4.7,3.802,0.0,3.802,76.58,0.0,3.0,8.0,0.8089,3.802,0,3,8,3.288,0,2.0,8.0,0.0283,0.0017
2026-10-10T06:27:48+00:00,6,2026-10-10T10:00:00Z,player-sim-2.0,player-sim-2.0,player-sim-3.0-candidate,holdout_rejected,0.0,0.0,0.0,0.0,fpl-2026-27,1.0188,574,552946,Hjertø-Dahl,11,Hull City,Midfielder,4.9,0.322,0.0,0.322,6.46,0.0,0.0,1.0,0.0657,0.322,0,0,1,0.422,0,0,1.0,0.0,0.0
2026-10-10T06:27:48+00:00,6,2026-10-10T10:00:00Z,player-sim-2.0,player-sim-2.0,player-sim-3.0-candidate,holdout_rejected,0.0,0.0,0.0,0.0,fpl-2026-27,1.0188,576,608227,Stroud,11,Hull City,Midfielder,5.0,1.412,0.0,1.412,43.72,0.0,1.0,3.0,0.2823,1.412,0,1,3,1.552,0,1.0,3.0,0.0033,0.0
2026-10-10T06:27:48+00:00,6,2026-10-10T10:00:00Z,player-sim-2.0,player-sim-2.0,player-sim-3.0-candidate,holdout_rejected,0.0,0.0,0.0,0.0,fpl-2026-27,1.0,585,597462,Herrington,11,Hull City,Defender,4.0,1.64,0.0,1.64,33.77,0.0,1.0,5.0,0.41,1.64,0,1,5,1.305,0,1.0,3.0,0.005,0.0
2026-10-10T06:27:48+00:00,6,2026-10-10T10:00:00Z,player-sim-2.0,player-sim-2.0,player-sim-3.0-candidate,holdout_rejected,0.0,0.0,0.0,0.0,fpl-2026-27,1.0,586,606930,Mendy,11,Hull City,Defender,4.1,2.22,0.0,2.22,46.36,0.0,1.0,6.0,0.5415,2.22,0,1,6,2.462,0,1.0,7.0,0.0183,0.0
2026-10-10T06:27:48+00:00,6,2026-10-10T10:00:00Z,player-sim-2.0,player-sim-2.0,player-sim-3.0-candidate,holdout_rejected,0.0,0.0,0.0,0.0,fpl-2026-27,1.0188,589,469266,Gourna-Douath,11,Hull City,Midfielder,5.0,1.127,0.0,1.127,27.39,0.0,1.0,3.0,0.2253,1.127,0,1,3,1.028,0,1.0,3.0,0.0033,0.0
2026-10-10T06:27:48+00:00,6,2026-10-10T10:00:00Z,player-sim-2.0,player-sim-2.0,player-sim-3.0-candidate,holdout_rejected,0.0,0.0,0.0,0.0,fpl-2026-27,1.025,617,490884,Cho,11,Hull City,Midfielder,5.0,1.297,0.0,1.297,21.79,0.0,1.0,2.0,0.2593,1.297,0,1,2,1.34,0,1.0,2.0,0.005,0.0017
2026-10-10T06:27:48+00:00,6,2026-10-10T10:00:00Z,player-sim-2.0,player-sim-2.0,player-sim-3.0-candidate,holdout_rejected,0.0,0.0,0.0,0.0,fpl-2026-27,1.025,632,626751,Ansah,11,Hull City,Forward,5.0,0.0,0.0,0.0,0.0,0.0,0.0,0.0,0.0,0.0,0,0,0,0.0,0,0,0,0.0,0.0
2026-10-10T06:27:48+00:00,6,2026-10-10T10:00:00Z,player-sim-2.0,player-sim-2.0,player-sim-3.0-candidate,holdout_rejected,0.0,0.0,0.0,0.0,fpl-2026-27,1.025,637,631000,Vaz,11,Hull City,Forward,5.0,0.78,0.0,0.78,13.73,0.0,1.0,2.0,0.156,0.78,0,1,2,0.815,0,1.0,2.0,0.0033,0.0
2026-10-10T06:27:48+00:00,6,2026-10-10T10:00:00Z,player-sim-2.0,player-sim-2.0,player-sim-3.0-candidate,holdout_rejected,0.0,0.0,0.0,0.0,fpl-2026-27,1.0,638,496181,Norton-Cuffy,11,Hull City,Defender,4.0,1.038,0.0,1.038,20.21,0.0,1.0,2.0,0.2596,1.038,0,1,2,0.792,0,1.0,1.0,0.0017,0.0
2026-10-10T06:27:48+00:00,6,2026-10-10T10:00:00Z,player-sim-2.0,player-sim-2.0,player-sim-3.0-candidate,holdout_rejected,0.0,0.0,0.0,0.0,fpl-2026-27,1.0312,642,243951,Thomas,11,Hull City,Midfielder,5.5,1.487,0.0,1.487,31.66,0.0,1.0,3.0,0.2703,1.487,0,1,3,1.523,0,1.0,3.0,0.0033,0.0
2026-10-10T06:27:48+00:00,6,2026-10-10T10:00:00Z,player-sim-2.0,player-sim-2.0,player-sim-3.0-candidate,holdout_rejected,0.0,0.0,0.0,0.0,fpl-2026-27,1.0312,645,647839,Mouzakitis,11,Hull City,Midfielder,5.0,0.557,0.0,0.557,14.89,0.0,0.0,2.0,0.1113,0.557,0,0,2,0.43,0,0,2.0,0.0017,0.0
2026-10-10T06:27:48+00:00,6,2026-10-10T10:00:00Z,player-sim-2.0,player-sim-2.0,player-sim-3.0-candidate,holdout_rejected,0.0,0.0,0.0,0.0,fpl-2026-27,1.0,259,219924,Diop,12,Ipswich Town,Defender,4.0,3.337,0.0,3.337,77.99,0.0,2.0,7.0,0.8342,3.337,0,2,7,2.697,0,2.0,6.0,0.0133,0.0017
2026-10-10T06:27:48+00:00,6,2026-10-10T10:00:00Z,player-sim-2.0,player-sim-2.0,player-sim-3.0-candidate,holdout_rejected,0.0,0.0,0.0,0.0,fpl-2026-27,1.0188,267,212314,Lukić,12,Ipswich Town,Midfielder,4.9,2.703,0.0,2.703,76.25,1.0,2.0,5.0,0.5517,2.703,1,2,5,2.195,0,2.0,4.0,0.0033,0.0
2026-10-10T06:27:48+00:00,6,2026-10-10T10:00:00Z,player-sim-2.0,player-sim-2.0,player-sim-3.0-candidate,holdout_rejected,0.0,0.0,0.0,0.0,fpl-2026-27,1.03,300,108813,Walton,12,Ipswich Town,Goalkeeper,4.4,0.823,0.0,0.823,20.21,0.0,0.0,3.0,0.1871,0.823,0,0,3,0.722,0,0,3.0,0.0017,0.0
2026-10-10T06:27:48+00:00,6,2026-10-10T10:00:00Z,player-sim-2.0,player-sim-2.0,player-sim-3.0-candidate,holdout_rejected,0.0,0.0,0.0,0.0,fpl-2026-27,1.03,301,112520,Palmer,12,Ipswich Town,Goalkeeper,4.0,0.193,0.0,0.193,4.91,0.0,0.0,0.0,0.0483,0.193,0,0,0,0.253,0,0,0,0.0,0.0
2026-10-10T06:27:48+00:00,6,2026-10-10T10:00:00Z,player-sim-2.0,player-sim-2.0,player-sim-3.0-candidate,holdout_rejected,0.0,0.0,0.0,0.0,fpl-2026-27,1.03,302,50093,Button,12,Ipswich Town,Goalkeeper,4.0,0.007,0.0,0.007,0.06,0.0,0.0,0.0,0.0017,0.007,0,0,0,0.247,0,0,0,0.0,0.0
2026-10-10T06:27:48+00:00,6,2026-10-10T10:00:00Z,player-sim-2.0,player-sim-2.0,player-sim-3.0-candidate,holdout_rejected,0.0,0.0,0.0,0.0,fpl-2026-27,1.0,303,183015,Kipré,12,Ipswich Town,Defender,3.9,0.223,0.0,0.223,5.42,0.0,0.0,0.0,0.0573,0.223,0,0,0,0.288,0,0,1.0,0.0,0.0
2026-10-10T06:27:48+00:00,6,2026-10-10T10:00:00Z,player-sim-2.0,player-sim-2.0,player-sim-3.0-candidate,holdout_rejected,0.0,0.0,0.0,0.0,fpl-2026-27,1.0,304,216616,O'Shea,12,Ipswich Town,Defender,4.0,3.865,0.0,3.865,87.97,1.0,3.0,8.0,0.9663,3.865,1,3,8,3.225,0,2.0,8.0,0.0217,0.0
2026-10-10T06:27:48+00:00,6,2026-10-10T10:00:00Z,player-sim-2.0,player-sim-2.0,player-sim-3.0-candidate,holdout_rejected,0.0,0.0,0.0,0.0,fpl-2026-27,1.0,305,455084,Davis,12,Ipswich Town,Defender,4.0,3.852,0.0,3.852,86.35,1.0,3.0,8.0,0.9629,3.852,1,3,8,3.717,0,2.0,9.0,0.0983,0.0167
2026-10-10T06:27:48+00:00,6,2026-10-10T10:00:00Z,player-sim-2.0,player-sim-2.0,player-sim-3.0-candidate,holdout_rejected,0.0,0.0,0.0,0.0,fpl-2026-27,1.0,306,449429,Greaves,12,Ipswich Town,Defender,3.9,2.512,0.0,2.512,63.06,0.0,2.0,6.0,0.644,2.512,0,2,6,2.218,0,1.0,6.0,0.01,0.0
2026-10-10T06:27:48+00:00,6,2026-10-10T10:00:00Z,player-sim-2.0,player-sim-2.0,player-sim-3.0-candidate,holdout_rejected,0.0,0.0,0.0,0.0,fpl-2026-27,1.0,307,222018,Johnson,12,Ipswich Town,Defender,4.0,0.0,0.0,0.0,0.0,0.0,0.0,0.0,0.0,0.0,0,0,0,0.0,0,0,0,0.0,0.0
2026-10-10T06:27:48+00:00,6,2026-10-10T10:00:00Z,player-sim-2.0,player-sim-2.0,player-sim-3.0-candidate,holdout_rejected,0.0,0.0,0.0,0.0,fpl-2026-27,1.0,308,176420,Furlong,12,Ipswich Town,Defender,3.9,0.297,0.0,0.297,5.53,0.0,0.0,1.0,0.0761,0.297,0,0,1,0.38,0.0,0,1.0,0.0,0.0
2026-10-10T06:27:48+00:00,6,2026-10-10T10:00:00Z,player-sim-2.0,player-sim-2.0,player-sim-3.0-candidate,holdout_rejected,0.0,0.0,0.0,0.0,fpl-2026-27,1.0188,309,501390,Núñez,12,Ipswich Town,Midfielder,4.9,0.843,0.0,0.843,22.51,0.0,0.0,3.0,0.1721,0.843,0,0,3,1.062,0.0,0,3.0,0.0017,0.0
2026-10-10T06:27:48+00:00,6,2026-10-10T10:00:00Z,player-sim-2.0,player-sim-2.0,player-sim-3.0-candidate,holdout_rejected,0.0,0.0,0.0,0.0,fpl-2026-27,1.0188,310,241117,Matusiwa,12,Ipswich Town,Midfielder,4.9,0.172,0.0,0.172,4.73,0.0,0.0,0.0,0.035,0.172,0,0,0,0.277,0,0,1.0,0.0017,0.0
2026-10-10T06:27:48+00:00,6,2026-10-10T10:00:00Z,player-sim-2.0,player-sim-2.0,player-sim-3.0-candidate,holdout_rejected,0.0,0.0,0.0,0.0,fpl-2026-27,1.0188,311,149929,Burns,12,Ipswich Town,Midfielder,5.0,0.0,0.0,0.0,0.0,0.0,0.0,0.0,0.0,0.0,0,0,0,0.0,0,0,0,0.0,0.0
2026-10-10T06:27:48+00:00,6,2026-10-10T10:00:00Z,player-sim-2.0,player-sim-2.0,player-sim-3.0-candidate,holdout_rejected,0.0,0.0,0.0,0.0,fpl-2026-27,1.0188,312,231899,Taylor,12,Ipswich Town,Midfielder,4.4,0.125,0.0,0.125,2.28,0.0,0.0,0.0,0.0284,0.125,0,0,0,0.292,0,0,1.0,0.0,0.0
2026-10-10T06:27:48+00:00,6,2026-10-10T10:00:00Z,player-sim-2.0,player-sim-2.0,player-sim-3.0-candidate,holdout_rejected,0.0,0.0,0.0,0.0,fpl-2026-27,1.0188,313,443261,Clarke,12,Ipswich Town,Midfielder,5.3,1.692,0.0,1.692,36.31,0.0,1.0,4.0,0.3192,1.692,0,1,4,1.525,0,1.0,4.0,0.0183,0.0
2026-10-10T06:27:48+00:00,6,2026-10-10T10:00:00Z,player-sim-2.0,player-sim-2.0,player-sim-3.0-candidate,holdout_rejected,0.0,0.0,0.0,0.0,fpl-2026-27,1.0188,314,229164,Ogbene,12,Ipswich Town,Midfielder,4.9,0.0,0.0,0.0,0.0,0.0,0.0,0.0,0.0,0.0,0,0,0,0.0,0,0,0,0.0,0.0
2026-10-10T06:27:48+00:00,6,2026-10-10T10:00:00Z,player-sim-2.0,player-sim-2.0,player-sim-3.0-candidate,holdout_rejected,0.0,0.0,0.0,0.0,fpl-2026-27,1.0188,315,531442,Fatawu,12,Ipswich Town,Midfielder,5.4,0.0,0.0,0.0,0.0,0.0,0.0,0.0,0.0,0.0,0,0,0,0.0,0,0,0,0.0,0.0
2026-10-10T06:27:48+00:00,6,2026-10-10T10:00:00Z,player-sim-2.0,player-sim-2.0,player-sim-3.0-candidate,holdout_rejected,0.0,0.0,0.0,0.0,fpl-2026-27,1.015,316,543968,Emersonn,12,Ipswich Town,Forward,5.6,3.075,0.0,3.075,57.18,0.0,2.0,7.0,0.5491,3.075,0,2,7,2.922,0,2.0,7.0,0.0317,0.005
2026-10-10T06:27:48+00:00,6,2026-10-10T10:00:00Z,player-sim-2.0,player-sim-2.0,player-sim-3.0-candidate,holdout_rejected,0.0,0.0,0.0,0.0,fpl-2026-27,1.015,317,222625,Hirst,12,Ipswich Town,Forward,5.0,0.0,0.0,0.0,0.0,0.0,0.0,0.0,0.0,0.0,0,0,0,0.0,0,0,0,0.0,0.0
2026-10-10T06:27:48+00:00,6,2026-10-10T10:00:00Z,player-sim-2.0,player-sim-2.0,player-sim-3.0-candidate,holdout_rejected,0.0,0.0,0.0,0.0,fpl-2026-27,1.0188,318,481624,Philogene,12,Ipswich Town,Midfielder,5.4,0.733,0.0,0.733,11.35,0.0,0.0,1.0,0.1358,0.733,0,0,1,0.683,0,0,2.0,0.005,0.0017
2026-10-10T06:27:48+00:00,6,2026-10-10T10:00:00Z,player-sim-2.0,player-sim-2.0,player-sim-3.0-candidate,holdout_rejected,0.0,0.0,0.0,0.0,fpl-2026-27,1.0188,319,172453,Szmodics,12,Ipswich Town,Midfielder,5.0,0.0,0.0,0.0,0.0,0.0,0.0,0.0,0.0,0.0,0,0,0,0.0,0,0,0,0.0,0.0
2026-10-10T06:27:48+00:00,6,2026-10-10T10:00:00Z,player-sim-2.0,player-sim-2.0,player-sim-3.0-candidate,holdout_rejected,0.0,0.0,0.0,0.0,fpl-2026-27,1.015,320,147675,Akpom,12,Ipswich Town,Forward,5.0,0.69,0.0,0.69,11.29,0.0,0.0,1.0,0.138,0.69,0,0,1,1.128,0,1.0,4.0,0.0033,0.0
2026-10-10T06:27:48+00:00,6,2026-10-10T10:00:00Z,player-sim-2.0,player-sim-2.0,player-sim-3.0-candidate,holdout_rejected,0.0,0.0,0.0,0.0,fpl-2026-27,1.015,321,557012,Walle Egeli,12,Ipswich Town,Forward,4.5,0.33,0.0,0.33,5.26,0.0,0.0,1.0,0.0733,0.33,0,0,1,0.493,0,0,1.0,0.0033,0.0
2026-10-10T06:27:48+00:00,6,2026-10-10T10:00:00Z,player-sim-2.0,player-sim-2.0,player-sim-3.0-candidate,holdout_rejected,0.0,0.0,0.0,0.0,fpl-2026-27,1.015,322,462387,Al-Hamadi,12,Ipswich Town,Forward,5.0,0.0,0.0,0.0,0.0,0.0,0.0,0.0,0.0,0.0,0,0,0,0.0,0,0,0,0.0,0.0
2026-10-10T06:27:48+00:00,6,2026-10-10T10:00:00Z,player-sim-2.0,player-sim-2.0,player-sim-3.0-candidate,holdout_rejected,0.0,0.0,0.0,0.0,fpl-2026-27,1.0188,323,461587,McAteer,12,Ipswich Town,Midfielder,4.4,0.518,0.0,0.518,9.96,0.0,0.0,1.0,0.1178,0.518,0,0,1,0.847,0.0,1.0,2.0,0.0033,0.0
2026-10-10T06:27:48+00:00,6,2026-10-10T10:00:00Z,player-sim-2.0,player-sim-2.0,player-sim-3.0-candidate,holdout_rejected,0.0,0.0,0.0,0.0,fpl-2026-27,1.0188,324,232457,Mehmeti,12,Ipswich Town,Midfielder,4.8,0.163,0.0,0.163,3.73,0.0,0.0,0.0,0.034,0.163,0,0,0,0.34,0,0,1.0,0.0033,0.0
2026-10-10T06:27:48+00:00,6,2026-10-10T10:00:00Z,player-sim-2.0,player-sim-2.0,player-sim-3.0-candidate,holdout_rejected,0.0,0.0,0.0,0.0,fpl-2026-27,1.03,554,546600,Van Oevelen,12,Ipswich Town,Goalkeeper,4.5,0.0,0.0,0.0,0.0,0.0,0.0,0.0,0.0,0.0,0,0,0,0.0,0,0,0,0.0,0.0
2026-10-10T06:27:48+00:00,6,2026-10-10T10:00:00Z,player-sim-2.0,player-sim-2.0,player-sim-3.0-candidate,holdout_rejected,0.0,0.0,0.0,0.0,fpl-2026-27,1.0188,562,442967,Maeda,12,Ipswich Town,Midfielder,5.3,1.942,0.0,1.942,42.6,0.0,1.0,4.0,0.3664,1.942,0,1,4,2.048,0,1.0,4.0,0.0133,0.0017
2026-10-10T06:27:48+00:00,6,2026-10-10T10:00:00Z,player-sim-2.0,player-sim-2.0,player-sim-3.0-candidate,holdout_rejected,0.0,0.0,0.0,0.0,fpl-2026-27,1.03,564,240514,Scherpen,12,Ipswich Town,Goalkeeper,4.5,2.253,0.0,2.253,54.93,0.0,2.0,6.0,0.5007,2.253,0,2,6,2.262,0,2.0,7.0,0.0017,0.0
2026-10-10T06:27:48+00:00,6,2026-10-10T10:00:00Z,player-sim-2.0,player-sim-2.0,player-sim-3.0-candidate,holdout_rejected,0.0,0.0,0.0,0.0,fpl-2026-27,1.0188,571,216055,Florentino,12,Ipswich Town,Midfielder,4.8,0.723,0.0,0.723,14.61,0.0,1.0,1.0,0.1507,0.723,0,1,1,0.662,0,0,1.0,0.0,0.0
2026-10-10T06:27:48+00:00,6,2026-10-10T10:00:00Z,player-sim-2.0,player-sim-2.0,player-sim-3.0-candidate,holdout_rejected,0.0,0.0,0.0,0.0,fpl-2026-27,1.0188,591,474120,Enciso,12,Ipswich Town,Midfielder,5.5,3.068,0.0,3.068,74.38,0.0,2.0,7.0,0.5579,3.068,0,2,7,3.3,0,2.0,8.0,0.0617,0.0133
2026-10-10T06:27:48+00:00,6,2026-10-10T10:00:00Z,player-sim-2.0,player-sim-2.0,player-sim-3.0-candidate,holdout_rejected,0.0,0.0,0.0,0.0,fpl-2026-27,1.0,592,572584,Ouattara,12,Ipswich Town,Defender,4.0,1.348,0.0,1.348,28.72,0.0,1.0,2.0,0.3371,1.348,0,1,2,1.388,0,1.0,3.0,0.0067,0.0
2026-10-10T06:27:48+00:00,6,2026-10-10T10:00:00Z,player-sim-2.0,player-sim-2.0,player-sim-3.0-candidate,holdout_rejected,0.0,0.0,0.0,0.0,fpl-2026-27,1.0188,602,524180,Humphreys,12,Ipswich Town,Midfielder,4.5,0.0,0.0,0.0,0.0,0.0,0.0,0.0,0.0,0.0,0,0,0,0.0,0,0,0,0.0,0.0
2026-10-10T06:27:48+00:00,6,2026-10-10T10:00:00Z,player-sim-2.0,player-sim-2.0,player-sim-3.0-candidate,holdout_rejected,0.0,0.0,0.0,0.0,fpl-2026-27,1.025,619,218543,Palacios,12,Ipswich Town,Midfielder,5.0,2.027,0.0,2.027,52.95,0.0,2.0,4.0,0.4053,2.027,0,2,4,1.843,0,2.0,3.0,0.005,0.0
2026-10-10T06:27:48+00:00,6,2026-10-10T10:00:00Z,player-sim-2.0,player-sim-2.0,player-sim-3.0-candidate,holdout_rejected,0.0,0.0,0.0,0.0,fpl-2026-27,1.025,640,431639,Flemming,12,Ipswich Town,Forward,5.5,2.02,0.0,2.02,34.51,0.0,1.0,5.0,0.3673,2.02,0,1,5,1.29,0,1.0,3.0,0.01,0.0017
2026-10-10T06:27:48+00:00,6,2026-10-10T10:00:00Z,player-sim-2.0,player-sim-2.0,player-sim-3.0-candidate,holdout_rejected,0.0,0.0,0.0,0.0,fpl-2026-27,1.0188,260,153682,Wilson,13,Leeds,Midfielder,6.2,1.033,0.0,1.033,22.54,0.0,1.0,3.0,0.1667,1.033,0,1,3,0.892,0,0,2.0,0.0,0.0
2026-10-10T06:27:48+00:00,6,2026-10-10T10:00:00Z,player-sim-2.0,player-sim-2.0,player-sim-3.0-candidate,holdout_rejected,0.0,0.0,0.0,0.0,fpl-2026-27,1.03,326,201595,Perri,13,Leeds,Goalkeeper,4.5,0.0,0.0,0.0,0.0,0.0,0.0,0.0,0.0,0.0,0,0,0,0.0,0,0,0,0.0,0.0
2026-10-10T06:27:48+00:00,6,2026-10-10T10:00:00Z,player-sim-2.0,player-sim-2.0,player-sim-3.0-candidate,holdout_rejected,0.0,0.0,0.0,0.0,fpl-2026-27,1.0,327,434752,Bijol,13,Leeds,Defender,5.0,1.277,0.0,1.277,29.54,0.0,1.0,4.0,0.2553,1.277,0,1,4,1.328,0,1.0,4.0,0.0017,0.0
2026-10-10T06:27:48+00:00,6,2026-10-10T10:00:00Z,player-sim-2.0,player-sim-2.0,player-sim-3.0-candidate,holdout_rejected,0.0,0.0,0.0,0.0,fpl-2026-27,1.0,329,214225,Rodon,13,Leeds,Defender,4.3,0.0,0.0,0.0,0.0,0.0,0.0,0.0,0.0,0.0,0,0,0,0.0,0,0,0,0.0,0.0
2026-10-10T06:27:48+00:00,6,2026-10-10T10:00:00Z,player-sim-2.0,player-sim-2.0,player-sim-3.0-candidate,holdout_rejected,0.0,0.0,0.0,0.0,fpl-2026-27,1.0,330,226182,Bogle,13,Leeds,Defender,4.6,2.988,0.0,2.988,71.08,0.0,2.0,7.0,0.6496,2.988,0,2,7,2.627,0,2.0,7.0,0.0283,0.0033
2026-10-10T06:27:48+00:00,6,2026-10-10T10:00:00Z,player-sim-2.0,player-sim-2.0,player-sim-3.0-candidate,holdout_rejected,0.0,0.0,0.0,0.0,fpl-2026-27,1.0,331,243526,Gudmundsson,13,Leeds,Defender,4.5,1.875,0.0,1.875,59.44,0.0,1.0,6.0,0.4167,1.875,0,1,6,1.222,0,0,5.0,0.0017,0.0
2026-10-10T06:27:48+00:00,6,2026-10-10T10:00:00Z,player-sim-2.0,player-sim-2.0,player-sim-3.0-candidate,holdout_rejected,0.0,0.0,0.0,0.0,fpl-2026-27,1.0,332,220627,Justin,13,Leeds,Defender,4.5,3.378,0.0,3.378,81.97,1.0,3.0,7.0,0.7507,3.378,1,3,7,2.987,0.0,2.0,7.0,0.0217,0.005
2026-10-10T06:27:48+00:00,6,2026-10-10T10:00:00Z,player-sim-2.0,player-sim-2.0,player-sim-3.0-candidate,holdout_rejected,0.0,0.0,0.0,0.0,fpl-2026-27,1.0,333,437738,Bornauw,13,Leeds,Defender,4.5,0.0,0.0,0.0,0.0,0.0,0.0,0.0,0.0,0.0,0,0,0,0.0,0,0,0,0.0,0.0
2026-10-10T06:27:48+00:00,6,2026-10-10T10:00:00Z,player-sim-2.0,player-sim-2.0,player-sim-3.0-candidate,holdout_rejected,0.0,0.0,0.0,0.0,fpl-2026-27,1.0,334,522047,Muharemović,13,Leeds,Defender,5.0,2.828,0.0,2.828,78.48,0.0,2.0,7.0,0.5657,2.828,0,2,7,2.803,0,2.0,7.0,0.02,0.0017
2026-10-10T06:27:48+00:00,6,2026-10-10T10:00:00Z,player-sim-2.0,player-sim-2.0,player-sim-3.0-candidate,holdout_rejected,0.0,0.0,0.0,0.0,fpl-2026-27,1.0188,335,466525,Stach,13,Leeds,Midfielder,6.0,3.762,0.0,3.762,84.41,2.0,3.0,7.0,0.627,3.762,2,3,7,3.122,0,3.0,7.0,0.03,0.0017
2026-10-10T06:27:48+00:00,6,2026-10-10T10:00:00Z,player-sim-2.0,player-sim-2.0,player-sim-3.0-candidate,holdout_rejected,0.0,0.0,0.0,0.0,fpl-2026-27,1.0188,336,435997,Okafor,13,Leeds,Midfielder,5.8,2.563,0.0,2.563,58.7,1.0,2.0,5.0,0.4419,2.563,1,2,5,2.06,0,2.0,4.0,0.0033,0.0
2026-10-10T06:27:48+00:00,6,2026-10-10T10:00:00Z,player-sim-2.0,player-sim-2.0,player-sim-3.0-candidate,holdout_rejected,0.0,0.0,0.0,0.0,fpl-2026-27,1.0188,337,427637,Aaronson,13,Leeds,Midfielder,5.3,1.837,0.0,1.837,39.65,1.0,1.0,3.0,0.3465,1.837,1,1,3,1.468,0,1.0,3.0,0.0017,0.0
2026-10-10T06:27:48+00:00,6,2026-10-10T10:00:00Z,player-sim-2.0,player-sim-2.0,player-sim-3.0-candidate,holdout_rejected,0.0,0.0,0.0,0.0,fpl-2026-27,1.0188,338,199598,Ampadu,13,Leeds,Midfielder,5.4,3.398,0.0,3.398,87.92,2.0,3.0,5.0,0.6293,3.398,2,3,5,2.705,0,2.0,5.0,0.0067,0.0017
2026-10-10T06:27:48+00:00,6,2026-10-10T10:00:00Z,player-sim-2.0,player-sim-2.0,player-sim-3.0-candidate,holdout_rejected,0.0,0.0,0.0,0.0,fpl-2026-27,1.0188,339,180135,Longstaff,13,Leeds,Midfielder,4.8,0.452,0.0,0.452,7.56,0.0,0.0,1.0,0.0941,0.452,0,0,1,0.648,0,0,1.0,0.0,0.0
2026-10-10T06:27:48+00:00,6,2026-10-10T10:00:00Z,player-sim-2.0,player-sim-2.0,player-sim-3.0-candidate,holdout_rejected,0.0,0.0,0.0,0.0,fpl-2026-27,1.0188,341,492859,Gnonto,13,Leeds,Midfielder,5.0,0.0,0.0,0.0,0.0,0.0,0.0,0.0,0.0,0.0,0,0,0,0.0,0,0,0,0.0,0.0
2026-10-10T06:27:48+00:00,6,2026-10-10T10:00:00Z,player-sim-2.0,player-sim-2.0,player-sim-3.0-candidate,holdout_rejected,0.0,0.0,0.0,0.0,fpl-2026-27,1.0188,342,221399,Harrison,13,Leeds,Midfielder,5.0,0.0,0.0,0.0,0.0,0.0,0.0,0.0,0.0,0.0,0,0,0,0.0,0,0,0,0.0,0.0
2026-10-10T06:27:48+00:00,6,2026-10-10T10:00:00Z,player-sim-2.0,player-sim-2.0,player-sim-3.0-candidate,holdout_rejected,0.0,0.0,0.0,0.0,fpl-2026-27,1.0188,343,200617,James,13,Leeds,Midfielder,4.9,0.0,0.0,0.0,0.0,0.0,0.0,0.0,0.0,0.0,0,0,0,0.0,0,0,0,0.0,0.0
2026-10-10T06:27:48+00:00,6,2026-10-10T10:00:00Z,player-sim-2.0,player-sim-2.0,player-sim-3.0-candidate,holdout_rejected,0.0,0.0,0.0,0.0,fpl-2026-27,1.0188,344,486520,Gruev,13,Leeds,Midfielder,5.0,0.192,0.0,0.192,5.58,0.0,0.0,0.0,0.0383,0.192,0,0,0,0.288,0,0,1.0,0.0017,0.0
2026-10-10T06:27:48+00:00,6,2026-10-10T10:00:00Z,player-sim-2.0,player-sim-2.0,player-sim-3.0-candidate,holdout_rejected,0.0,0.0,0.0,0.0,fpl-2026-27,1.0188,345,248056,Tanaka,13,Leeds,Midfielder,4.9,2.087,0.0,2.087,52.58,0.0,2.0,4.0,0.4259,2.087,0,2,4,1.61,0,1.0,4.0,0.0017,0.0
2026-10-10T06:27:48+00:00,6,2026-10-10T10:00:00Z,player-sim-2.0,player-sim-2.0,player-sim-3.0-candidate,holdout_rejected,0.0,0.0,0.0,0.0,fpl-2026-27,1.015,346,177815,Calvert-Lewin,13,Leeds,Forward,6.0,3.73,0.0,3.73,80.84,1.0,3.0,7.0,0.6217,3.73,1,3,7,3.1,0,2.0,7.0,0.0517,0.0067
2026-10-10T06:27:48+00:00,6,2026-10-10T10:00:00Z,player-sim-2.0,player-sim-2.0,player-sim-3.0-candidate,holdout_rejected,0.0,0.0,0.0,0.0,fpl-2026-27,1.015,347,174594,Nmecha,13,Leeds,Forward,5.4,1.092,0.0,1.092,16.05,0.0,1.0,2.0,0.2022,1.092,0,1,2,1.03,0,1.0,2.0,0.0033,0.0
2026-10-10T06:27:48+00:00,6,2026-10-10T10:00:00Z,player-sim-2.0,player-sim-2.0,player-sim-3.0-candidate,holdout_rejected,0.0,0.0,0.0,0.0,fpl-2026-27,1.015,348,235826,Piroe,13,Leeds,Forward,5.0,0.0,0.0,0.0,0.0,0.0,0.0,0.0,0.0,0.0,0,0,0,0.0,0,0,0,0.0,0.0
2026-10-10T06:27:48+00:00,6,2026-10-10T10:00:00Z,player-sim-2.0,player-sim-2.0,player-sim-3.0-candidate,holdout_rejected,0.0,0.0,0.0,0.0,fpl-2026-27,1.015,349,565297,Mateo Joseph,13,Leeds,Forward,4.5,0.0,0.0,0.0,0.0,0.0,0.0,0.0,0.0,0.0,0,0,0,0.0,0,0,0,0.0,0.0
2026-10-10T06:27:48+00:00,6,2026-10-10T10:00:00Z,player-sim-2.0,player-sim-2.0,player-sim-3.0-candidate,holdout_rejected,0.0,0.0,0.0,0.0,fpl-2026-27,1.03,385,432720,Trafford,13,Leeds,Goalkeeper,5.0,3.0,0.0,3.0,77.42,0.0,3.0,7.0,0.6,3.0,0,3,7,2.64,0,2.0,7.0,0.005,0.0
2026-10-10T06:27:48+00:00,6,2026-10-10T10:00:00Z,player-sim-2.0,player-sim-2.0,player-sim-3.0-candidate,holdout_rejected,0.0,0.0,0.0,0.0,fpl-2026-27,1.0,598,173774,Elvedi,13,Leeds,Defender,4.5,1.815,0.0,1.815,56.55,0.0,1.0,6.0,0.4033,1.815,0,1,6,1.633,0,1.0,6.0,0.0033,0.0
2026-10-10T06:27:48+00:00,6,2026-10-10T10:00:00Z,player-sim-2.0,player-sim-2.0,player-sim-3.0-candidate,holdout_rejected,0.0,0.0,0.0,0.0,fpl-2026-27,1.0,603,643970,Lienou,13,Leeds,Defender,4.0,0.222,0.0,0.222,6.12,0.0,0.0,0.0,0.0554,0.222,0,0,0,0.313,0,0,1.0,0.0017,0.0017
2026-10-10T06:27:48+00:00,6,2026-10-10T10:00:00Z,player-sim-2.0,player-sim-2.0,player-sim-3.0-candidate,holdout_rejected,0.0,0.0,0.0,0.0,fpl-2026-27,1.0188,604,592740,Cresswell,13,Leeds,Midfielder,4.5,0.177,0.0,0.177,5.28,0.0,0.0,0.0,0.0393,0.177,0,0,0,0.277,0,0,1.0,0.0,0.0
2026-10-10T06:27:48+00:00,6,2026-10-10T10:00:00Z,player-sim-2.0,player-sim-2.0,player-sim-3.0-candidate,holdout_rejected,0.0,0.0,0.0,0.0,fpl-2026-27,1.04,625,97846,Cairns,13,Leeds,Goalkeeper,4.0,0.198,0.0,0.198,5.57,0.0,0.0,0.0,0.0496,0.198,0,0,0,0.253,0,0,0,0.0,0.0
2026-10-10T06:27:48+00:00,6,2026-10-10T10:00:00Z,player-sim-2.0,player-sim-2.0,player-sim-3.0-candidate,holdout_rejected,0.0,0.0,0.0,0.0,fpl-2026-27,1.05,629,155465,Zetterer,13,Leeds,Goalkeeper,4.0,0.383,0.0,0.383,10.73,0.0,0.0,1.0,0.0958,0.383,0,0,1,0.317,0,0,0,0.0,0.0
2026-10-10T06:27:48+00:00,6,2026-10-10T10:00:00Z,player-sim-2.0,player-sim-2.0,player-sim-3.0-candidate,holdout_rejected,0.0,0.0,0.0,0.0,fpl-2026-27,1.0,641,437497,Bard,13,Leeds,Defender,4.5,0.738,0.0,0.738,17.73,0.0,0.0,2.0,0.1641,0.738,0,0,2,0.683,0,0.0,1.0,0.0,0.0
2026-10-10T06:27:48+00:00,6,2026-10-10T10:00:00Z,player-sim-2.0,player-sim-2.0,player-sim-3.0-candidate,holdout_rejected,0.0,0.0,0.0,0.0,fpl-2026-27,1.0312,648,587982,Bahoya,13,Leeds,Midfielder,5.0,0.445,0.0,0.445,9.93,0.0,0.0,2.0,0.089,0.445,0,0,2,0.433,0,0,1.0,0.0,0.0
2026-10-10T06:27:48+00:00,6,2026-10-10T10:00:00Z,player-sim-2.0,player-sim-2.0,player-sim-3.0-candidate,holdout_rejected,0.0,0.0,0.0,0.0,fpl-2026-27,1.03,350,116535,A.Becker,14,Liverpool,Goalkeeper,5.5,3.385,0.0,3.385,84.31,1.0,3.0,7.0,0.6155,3.385,1,3,7,2.455,0,2.0,7.0,0.0017,0.0
2026-10-10T06:27:48+00:00,6,2026-10-10T10:00:00Z,player-sim-2.0,player-sim-2.0,player-sim-3.0-candidate,holdout_rejected,0.0,0.0,0.0,0.0,fpl-2026-27,1.03,351,449027,Mamardashvili,14,Liverpool,Goalkeeper,4.8,0.17,0.0,0.17,3.73,0.0,0.0,0.0,0.0354,0.17,0,0,0,0.175,0,0,0,0.0,0.0
2026-10-10T06:27:48+00:00,6,2026-10-10T10:00:00Z,player-sim-2.0,player-sim-2.0,player-sim-3.0-candidate,holdout_rejected,0.0,0.0,0.0,0.0,fpl-2026-27,1.03,352,155503,Woodman,14,Liverpool,Goalkeeper,4.0,0.04,0.0,0.04,0.96,0.0,0.0,0.0,0.01,0.04,0,0,0,0.19,0,0,0,0.0017,0.0
2026-10-10T06:27:48+00:00,6,2026-10-10T10:00:00Z,player-sim-2.0,player-sim-2.0,player-sim-3.0-candidate,holdout_rejected,0.0,0.0,0.0,0.0,fpl-2026-27,1.03,353,586268,Pecsi,14,Liverpool,Goalkeeper,4.0,0.0,0.0,0.0,0.0,0.0,0.0,0.0,0.0,0.0,0,0,0,0.0,0,0,0,0.0,0.0
2026-10-10T06:27:48+00:00,6,2026-10-10T10:00:00Z,player-sim-2.0,player-sim-2.0,player-sim-3.0-candidate,holdout_rejected,0.0,0.0,0.0,0.0,fpl-2026-27,1.03,354,432987,Jaros,14,Liverpool,Goalkeeper,4.0,0.0,0.0,0.0,0.0,0.0,0.0,0.0,0.0,0.0,0,0,0,0.0,0,0,0,0.0,0.0
2026-10-10T06:27:48+00:00,6,2026-10-10T10:00:00Z,player-sim-2.0,player-sim-2.0,player-sim-3.0-candidate,holdout_rejected,0.0,0.0,0.0,0.0,fpl-2026-27,1.03,355,464353,Davies,14,Liverpool,Goalkeeper,4.0,0.127,0.0,0.127,3.43,0.0,0.0,0.0,0.0317,0.127,0,0,0,0.202,0,0,0,0.0,0.0
2026-10-10T06:27:48+00:00,6,2026-10-10T10:00:00Z,player-sim-2.0,player-sim-2.0,player-sim-3.0-candidate,holdout_rejected,0.0,0.0,0.0,0.0,fpl-2026-27,1.0,356,97032,Virgil,14,Liverpool,Defender,6.5,3.762,0.0,3.762,88.72,1.0,3.0,8.0,0.5787,3.762,1,3,8,2.927,0,2.0,7.0,0.015,0.0017
2026-10-10T06:27:48+00:00,6,2026-10-10T10:00:00Z,player-sim-2.0,player-sim-2.0,player-sim-3.0-candidate,holdout_rejected,0.0,0.0,0.0,0.0,fpl-2026-27,1.0,357,216094,Frimpong,14,Liverpool,Defender,5.3,0.843,0.0,0.843,25.03,0.0,0.0,2.0,0.1591,0.843,0,0,2,1.2,0,1.0,4.0,0.005,0.0
2026-10-10T06:27:48+00:00,6,2026-10-10T10:00:00Z,player-sim-2.0,player-sim-2.0,player-sim-3.0-candidate,holdout_rejected,0.0,0.0,0.0,0.0,fpl-2026-27,1.0,358,544877,Kerkez,14,Liverpool,Defender,5.3,2.41,0.0,2.41,67.88,1.0,1.0,6.0,0.4547,2.41,1,1,6,2.048,0,1.0,6.0,0.01,0.0
2026-10-10T06:27:48+00:00,6,2026-10-10T10:00:00Z,player-sim-2.0,player-sim-2.0,player-sim-3.0-candidate,holdout_rejected,0.0,0.0,0.0,0.0,fpl-2026-27,1.0,359,171287,Gomez,14,Liverpool,Defender,4.9,0.042,0.0,0.042,1.71,0.0,0.0,0.0,0.0085,0.042,0,0,0,0.272,0,0,0,0.0,0.0
2026-10-10T06:27:48+00:00,6,2026-10-10T10:00:00Z,player-sim-2.0,player-sim-2.0,player-sim-3.0-candidate,holdout_rejected,0.0,0.0,0.0,0.0,fpl-2026-27,1.0,360,492777,Bradley,14,Liverpool,Defender,5.0,0.0,0.0,0.0,0.0,0.0,0.0,0.0,0.0,0.0,0,0,0,0.0,0,0,0,0.0,0.0
2026-10-10T06:27:48+00:00,6,2026-10-10T10:00:00Z,player-sim-2.0,player-sim-2.0,player-sim-3.0-candidate,holdout_rejected,0.0,0.0,0.0,0.0,fpl-2026-27,1.0,361,519440,Lucky,14,Liverpool,Defender,4.0,0.113,0.0,0.113,3.73,0.0,0.0,0.0,0.0283,0.113,0,0,0,0.387,0,0,1.0,0.0017,0.0
2026-10-10T06:27:48+00:00,6,2026-10-10T10:00:00Z,player-sim-2.0,player-sim-2.0,player-sim-3.0-candidate,holdout_rejected,0.0,0.0,0.0,0.0,fpl-2026-27,1.0,362,606702,Jacquet,14,Liverpool,Defender,5.0,2.978,0.0,2.978,75.37,0.0,2.0,7.0,0.5957,2.978,0,2,7,2.523,0,2.0,6.0,0.0033,0.0
2026-10-10T06:27:48+00:00,6,2026-10-10T10:00:00Z,player-sim-2.0,player-sim-2.0,player-sim-3.0-candidate,holdout_rejected,0.0,0.0,0.0,0.0,fpl-2026-27,1.0,363,647681,Leoni,14,Liverpool,Defender,4.0,0.0,0.0,0.0,0.0,0.0,0.0,0.0,0.0,0.0,0,0,0,0.0,0,0,0,0.0,0.0
2026-10-10T06:27:48+00:00,6,2026-10-10T10:00:00Z,player-sim-2.0,player-sim-2.0,player-sim-3.0-candidate,holdout_rejected,0.0,0.0,0.0,0.0,fpl-2026-27,1.0,364,214285,Tsimikas,14,Liverpool,Defender,4.9,0.653,0.0,0.653,17.89,0.0,0.0,1.0,0.1333,0.653,0,0,1,0.788,0,0,2.0,0.0017,0.0
2026-10-10T06:27:48+00:00,6,2026-10-10T10:00:00Z,player-sim-2.0,player-sim-2.0,player-sim-3.0-candidate,holdout_rejected,0.0,0.0,0.0,0.0,fpl-2026-27,1.0,365,489580,Ramsay,14,Liverpool,Defender,4.0,0.0,0.0,0.0,0.0,0.0,0.0,0.0,0.0,0.0,0,0,0,0.0,0,0,0,0.0,0.0
2026-10-10T06:27:48+00:00,6,2026-10-10T10:00:00Z,player-sim-2.0,player-sim-2.0,player-sim-3.0-candidate,holdout_rejected,0.0,0.0,0.0,0.0,fpl-2026-27,1.0188,366,494595,Wirtz,14,Liverpool,Midfielder,7.3,3.705,0.0,3.705,78.89,2.0,3.0,7.0,0.5075,3.705,2,3,7,2.812,0,2.0,7.0,0.025,0.0067
2026-10-10T06:27:48+00:00,6,2026-10-10T10:00:00Z,player-sim-2.0,player-sim-2.0,player-sim-3.0-candidate,holdout_rejected,0.0,0.0,0.0,0.0,fpl-2026-27,1.0188,367,243298,Gakpo,14,Liverpool,Midfielder,7.2,0.0,0.0,0.0,0.0,0.0,0.0,0.0,0.0,0.0,0,0,0,0.0,0,0,0,0.0,0.0
2026-10-10T06:27:48+00:00,6,2026-10-10T10:00:00Z,player-sim-2.0,player-sim-2.0,player-sim-3.0-candidate,holdout_rejected,0.0,0.0,0.0,0.0,fpl-2026-27,1.0188,368,424876,Szoboszlai,14,Liverpool,Midfielder,6.9,4.005,0.0,4.005,86.92,2.0,3.0,7.0,0.5804,4.005,2,3,7,3.205,0,2.0,7.0,0.0483,0.0083
2026-10-10T06:27:48+00:00,6,2026-10-10T10:00:00Z,player-sim-2.0,player-sim-2.0,player-sim-3.0-candidate,holdout_rejected,0.0,0.0,0.0,0.0,fpl-2026-27,1.0188,369,611922,Ngumoha,14,Liverpool,Midfielder,5.7,0.797,0.0,0.797,14.4,0.0,0.0,2.0,0.1398,0.797,0,0,2,1.133,0,1.0,3.0,0.005,0.0
2026-10-10T06:27:48+00:00,6,2026-10-10T10:00:00Z,player-sim-2.0,player-sim-2.0,player-sim-3.0-candidate,holdout_rejected,0.0,0.0,0.0,0.0,fpl-2026-27,1.0188,370,223541,Chiesa,14,Liverpool,Midfielder,5.3,0.017,0.0,0.017,0.26,0.0,0.0,0.0,0.0032,0.017,0,0,0,0.105,0,0,0,0.0,0.0
2026-10-10T06:27:48+00:00,6,2026-10-10T10:00:00Z,player-sim-2.0,player-sim-2.0,player-sim-3.0-candidate,holdout_rejected,0.0,0.0,0.0,0.0,fpl-2026-27,1.0188,371,441266,Gravenberch,14,Liverpool,Midfielder,5.8,1.977,0.0,1.977,44.24,1.0,1.0,4.0,0.3408,1.977,1,1,4,1.567,0,1.0,3.0,0.0033,0.0
2026-10-10T06:27:48+00:00,6,2026-10-10T10:00:00Z,player-sim-2.0,player-sim-2.0,player-sim-3.0-candidate,holdout_rejected,0.0,0.0,0.0,0.0,fpl-2026-27,1.0188,372,243016,Mac Allister,14,Liverpool,Midfielder,5.4,2.335,0.0,2.335,59.28,1.0,2.0,4.0,0.4324,2.335,1,2,4,1.85,0,1.0,4.0,0.005,0.0
2026-10-10T06:27:48+00:00,6,2026-10-10T10:00:00Z,player-sim-2.0,player-sim-2.0,player-sim-3.0-candidate,holdout_rejected,0.0,0.0,0.0,0.0,fpl-2026-27,1.0188,373,206915,C.Jones,14,Liverpool,Midfielder,5.5,0.0,0.0,0.0,0.0,0.0,0.0,0.0,0.0,0.0,0,0,0,0.0,0,0,0,0.0,0.0
2026-10-10T06:27:48+00:00,6,2026-10-10T10:00:00Z,player-sim-2.0,player-sim-2.0,player-sim-3.0-candidate,holdout_rejected,0.0,0.0,0.0,0.0,fpl-2026-27,1.0188,374,158983,Endo,14,Liverpool,Midfielder,4.9,0.027,0.0,0.027,0.56,0.0,0.0,0.0,0.0054,0.027,0,0,0,0.247,0,0,1.0,0.0,0.0
2026-10-10T06:27:48+00:00,6,2026-10-10T10:00:00Z,player-sim-2.0,player-sim-2.0,player-sim-3.0-candidate,holdout_rejected,0.0,0.0,0.0,0.0,fpl-2026-27,1.0188,375,591386,Nyoni,14,Liverpool,Midfielder,4.8,0.708,0.0,0.708,10.22,0.0,1.0,1.0,0.1476,0.708,0,1,1,0.805,0,1.0,2.0,0.0033,0.0
2026-10-10T06:27:48+00:00,6,2026-10-10T10:00:00Z,player-sim-2.0,player-sim-2.0,player-sim-3.0-candidate,holdout_rejected,0.0,0.0,0.0,0.0,fpl-2026-27,1.0188,376,535928,Bajcetic,14,Liverpool,Midfielder,5.0,0.0,0.0,0.0,0.0,0.0,0.0,0.0,0.0,0.0,0,0,0,0.0,0,0,0,0.0,0.0
2026-10-10T06:27:48+00:00,6,2026-10-10T10:00:00Z,player-sim-2.0,player-sim-2.0,player-sim-3.0-candidate,holdout_rejected,0.0,0.0,0.0,0.0,fpl-2026-27,1.0188,377,551499,Munoz,14,Liverpool,Midfielder,6.5,1.88,0.0,1.88,45.68,0.0,1.0,3.0,0.2892,1.88,0,1,3,1.992,0,1.0,4.0,0.0183,0.0017
2026-10-10T06:27:48+00:00,6,2026-10-10T10:00:00Z,player-sim-2.0,player-sim-2.0,player-sim-3.0-candidate,holdout_rejected,0.0,0.0,0.0,0.0,fpl-2026-27,1.0188,378,491501,McConnell,14,Liverpool,Midfielder,4.4,0.118,0.0,0.118,2.98,0.0,0.0,0.0,0.0269,0.118,0,0,0,0.258,0,0,0,0.0017,0.0
2026-10-10T06:27:48+00:00,6,2026-10-10T10:00:00Z,player-sim-2.0,player-sim-2.0,player-sim-3.0-candidate,holdout_rejected,0.0,0.0,0.0,0.0,fpl-2026-27,1.015,379,219168,Isak,14,Liverpool,Forward,9.1,0.0,0.0,0.0,0.0,0.0,0.0,0.0,0.0,0.0,0,0,0,0.0,0,0,0,0.0,0.0
2026-10-10T06:27:48+00:00,6,2026-10-10T10:00:00Z,player-sim-2.0,player-sim-2.0,player-sim-3.0-candidate,holdout_rejected,0.0,0.0,0.0,0.0,fpl-2026-27,1.015,380,510663,Ekitiké,14,Liverpool,Forward,7.4,0.0,0.0,0.0,0.0,0.0,0.0,0.0,0.0,0.0,0,0,0,0.0,0,0,0,0.0,0.0
2026-10-10T06:27:48+00:00,6,2026-10-10T10:00:00Z,player-sim-2.0,player-sim-2.0,player-sim-3.0-candidate,holdout_rejected,0.0,0.0,0.0,0.0,fpl-2026-27,1.0188,381,514514,Koumas,14,Liverpool,Midfielder,5.0,0.703,0.0,0.703,12.45,0.0,1.0,1.0,0.1407,0.703,0,1,1,0.798,0,1.0,1.0,0.0017,0.0
2026-10-10T06:27:48+00:00,6,2026-10-10T10:00:00Z,player-sim-2.0,player-sim-2.0,player-sim-3.0-candidate,holdout_rejected,0.0,0.0,0.0,0.0,fpl-2026-27,1.015,382,500058,Danns,14,Liverpool,Forward,4.5,0.088,0.0,0.088,2.08,0.0,0.0,0.0,0.0196,0.088,0,0,0,0.358,0,0,1.0,0.0,0.0
2026-10-10T06:27:48+00:00,6,2026-10-10T10:00:00Z,player-sim-2.0,player-sim-2.0,player-sim-3.0-candidate,holdout_rejected,0.0,0.0,0.0,0.0,fpl-2026-27,1.0188,383,444884,Elliott,14,Liverpool,Midfielder,5.4,0.0,0.0,0.0,0.0,0.0,0.0,0.0,0.0,0.0,0,0,0,0.0,0,0,0,0.0,0.0
2026-10-10T06:27:48+00:00,6,2026-10-10T10:00:00Z,player-sim-2.0,player-sim-2.0,player-sim-3.0-candidate,holdout_rejected,0.0,0.0,0.0,0.0,fpl-2026-27,1.0,579,445087,Araujo,14,Liverpool,Defender,5.4,2.01,0.0,2.01,55.38,0.0,1.0,6.0,0.3722,2.01,0,1,6,1.683,0,1.0,5.0,0.0017,0.0
2026-10-10T06:27:48+00:00,6,2026-10-10T10:00:00Z,player-sim-2.0,player-sim-2.0,player-sim-3.0-candidate,holdout_rejected,0.0,0.0,0.0,0.0,fpl-2026-27,1.0312,627,482616,Barcola,14,Liverpool,Midfielder,8.0,1.67,0.0,1.67,42.2,0.0,1.0,3.0,0.2087,1.67,0,1,3,1.868,0,1.0,4.0,0.005,0.0
2026-10-10T06:27:48+00:00,6,2026-10-10T10:00:00Z,player-sim-2.0,player-sim-2.0,player-sim-3.0-candidate,holdout_rejected,0.0,0.0,0.0,0.0,fpl-2026-27,1.0188,155,448047,Enzo,15,Man City,Midfielder,6.9,2.773,0.0,2.773,61.81,0.0,2.0,7.0,0.4019,2.773,0,2,7,1.92,0,1.0,6.0,0.0167,0.0017
2026-10-10T06:27:48+00:00,6,2026-10-10T10:00:00Z,player-sim-2.0,player-sim-2.0,player-sim-3.0-candidate,holdout_rejected,0.0,0.0,0.0,0.0,fpl-2026-27,1.0188,237,440993,Ndiaye,15,Man City,Midfielder,5.8,3.127,0.0,3.127,68.91,1.0,2.0,7.0,0.5391,3.127,1,2,7,2.46,0,2.0,5.0,0.015,0.0
2026-10-10T06:27:48+00:00,6,2026-10-10T10:00:00Z,player-sim-2.0,player-sim-2.0,player-sim-3.0-candidate,holdout_rejected,0.0,0.0,0.0,0.0,fpl-2026-27,1.03,384,204936,Donnarumma,15,Man City,Goalkeeper,5.5,2.585,0.0,2.585,87.66,1.0,2.0,6.0,0.47,2.585,1,2,6,2.03,0,2.0,6.0,0.0033,0.0
2026-10-10T06:27:48+00:00,6,2026-10-10T10:00:00Z,player-sim-2.0,player-sim-2.0,player-sim-3.0-candidate,holdout_rejected,0.0,0.0,0.0,0.0,fpl-2026-27,1.03,386,122074,Bettinelli,15,Man City,Goalkeeper,4.5,0.108,0.0,0.108,3.45,0.0,0.0,0.0,0.0241,0.108,0,0,0,0.212,0,0,0,0.0,0.0
2026-10-10T06:27:48+00:00,6,2026-10-10T10:00:00Z,player-sim-2.0,player-sim-2.0,player-sim-3.0-candidate,holdout_rejected,0.0,0.0,0.0,0.0,fpl-2026-27,1.0,387,472769,O'Reilly,15,Man City,Defender,6.3,1.372,0.0,1.372,23.91,0.0,1.0,5.0,0.2177,1.372,0,1,5,1.372,0,0,5.0,0.0167,0.005
2026-10-10T06:27:48+00:00,6,2026-10-10T10:00:00Z,player-sim-2.0,player-sim-2.0,player-sim-3.0-candidate,holdout_rejected,0.0,0.0,0.0,0.0,fpl-2026-27,1.0,388,209036,Guéhi,15,Man City,Defender,6.0,3.907,0.0,3.907,87.79,1.0,3.0,8.0,0.6511,3.907,1,3,8,3.202,0.0,2.0,8.0,0.0483,0.01
2026-10-10T06:27:48+00:00,6,2026-10-10T10:00:00Z,player-sim-2.0,player-sim-2.0,player-sim-3.0-candidate,holdout_rejected,0.0,0.0,0.0,0.0,fpl-2026-27,1.0,389,465351,Matheus N.,15,Man City,Defender,5.9,1.82,0.0,1.82,48.91,0.0,1.0,6.0,0.3085,1.82,0,1,6,1.362,0,1.0,5.0,0.0,0.0
2026-10-10T06:27:48+00:00,6,2026-10-10T10:00:00Z,player-sim-2.0,player-sim-2.0,player-sim-3.0-candidate,holdout_rejected,0.0,0.0,0.0,0.0,fpl-2026-27,1.0,390,171314,Rúben,15,Man City,Defender,5.5,2.965,0.0,2.965,84.81,1.0,2.0,6.0,0.5391,2.965,1,2,6,2.463,0,2.0,6.0,0.0183,0.0
2026-10-10T06:27:48+00:00,6,2026-10-10T10:00:00Z,player-sim-2.0,player-sim-2.0,player-sim-3.0-candidate,holdout_rejected,0.0,0.0,0.0,0.0,fpl-2026-27,1.0,391,477424,Gvardiol,15,Man City,Defender,5.7,3.315,0.0,3.315,79.52,0.0,3.0,7.0,0.5816,3.315,0,3,7,2.945,0,2.0,7.0,0.025,0.0017
2026-10-10T06:27:48+00:00,6,2026-10-10T10:00:00Z,player-sim-2.0,player-sim-2.0,player-sim-3.0-candidate,holdout_rejected,0.0,0.0,0.0,0.0,fpl-2026-27,1.0,392,448514,Aït-Nouri,15,Man City,Defender,5.2,0.178,0.0,0.178,4.28,0.0,0.0,0.0,0.0343,0.178,0,0,0,0.247,0,0,0,0.0,0.0
2026-10-10T06:27:48+00:00,6,2026-10-10T10:00:00Z,player-sim-2.0,player-sim-2.0,player-sim-3.0-candidate,holdout_rejected,0.0,0.0,0.0,0.0,fpl-2026-27,1.0,393,578153,Khusanov,15,Man City,Defender,5.4,1.568,0.0,1.568,44.21,0.0,1.0,6.0,0.2904,1.568,0,1,6,1.322,0.0,0,5.0,0.0033,0.0
2026-10-10T06:27:48+00:00,6,2026-10-10T10:00:00Z,player-sim-2.0,player-sim-2.0,player-sim-3.0-candidate,holdout_rejected,0.0,0.0,0.0,0.0,fpl-2026-27,1.0,394,494307,Alleyne,15,Man City,Defender,5.0,0.0,0.0,0.0,0.0,0.0,0.0,0.0,0.0,0.0,0,0,0,0.0,0,0,0,0.0,0.0
2026-10-10T06:27:48+00:00,6,2026-10-10T10:00:00Z,player-sim-2.0,player-sim-2.0,player-sim-3.0-candidate,holdout_rejected,0.0,0.0,0.0,0.0,fpl-2026-27,1.0,395,477064,Lewis,15,Man City,Defender,4.4,0.408,0.0,0.408,9.86,0.0,0.0,1.0,0.0928,0.408,0,0,1,0.675,0,0,2.0,0.0017,0.0
2026-10-10T06:27:48+00:00,6,2026-10-10T10:00:00Z,player-sim-2.0,player-sim-2.0,player-sim-3.0-candidate,holdout_rejected,0.0,0.0,0.0,0.0,fpl-2026-27,1.0,396,616222,Vitor Reis,15,Man City,Defender,4.5,0.247,0.0,0.247,5.76,0.0,0.0,1.0,0.0548,0.247,0,0,1,0.507,0,0,1.0,0.0,0.0
2026-10-10T06:27:48+00:00,6,2026-10-10T10:00:00Z,player-sim-2.0,player-sim-2.0,player-sim-3.0-candidate,holdout_rejected,0.0,0.0,0.0,0.0,fpl-2026-27,1.0188,397,437730,Semenyo,15,Man City,Midfielder,8.4,2.883,0.0,2.883,67.58,0.0,2.0,7.0,0.3432,2.883,0,2,7,1.88,0,2.0,5.0,0.0183,0.0
2026-10-10T06:27:48+00:00,6,2026-10-10T10:00:00Z,player-sim-2.0,player-sim-2.0,player-sim-3.0-candidate,holdout_rejected,0.0,0.0,0.0,0.0,fpl-2026-27,1.0188,398,209244,Foden,15,Man City,Midfielder,6.9,0.0,0.0,0.0,0.0,0.0,0.0,0.0,0.0,0.0,0,0,0,0.0,0,0,0,0.0,0.0
2026-10-10T06:27:48+00:00,6,2026-10-10T10:00:00Z,player-sim-2.0,player-sim-2.0,player-sim-3.0-candidate,holdout_rejected,0.0,0.0,0.0,0.0,fpl-2026-27,1.0188,399,466052,Cherki,15,Man City,Midfielder,7.8,3.667,0.0,3.667,60.76,1.0,3.0,8.0,0.4701,3.667,1,3,8,2.955,0,2.0,7.0,0.0433,0.0083
2026-10-10T06:27:48+00:00,6,2026-10-10T10:00:00Z,player-sim-2.0,player-sim-2.0,player-sim-3.0-candidate,holdout_rejected,0.0,0.0,0.0,0.0,fpl-2026-27,1.0188,400,248875,Doku,15,Man City,Midfielder,7.4,0.708,0.0,0.708,11.09,0.0,0.0,2.0,0.0957,0.708,0,0,2,0.597,0,0,2.0,0.0033,0.0
2026-10-10T06:27:48+00:00,6,2026-10-10T10:00:00Z,player-sim-2.0,player-sim-2.0,player-sim-3.0-candidate,holdout_rejected,0.0,0.0,0.0,0.0,fpl-2026-27,1.0188,402,220566,Rodrigo,15,Man City,Midfielder,6.5,0.0,0.0,0.0,0.0,0.0,0.0,0.0,0.0,0.0,0,0,0,0.0,0,0,0,0.0,0.0
2026-10-10T06:27:48+00:00,6,2026-10-10T10:00:00Z,player-sim-2.0,player-sim-2.0,player-sim-3.0-candidate,holdout_rejected,0.0,0.0,0.0,0.0,fpl-2026-27,1.0188,404,433036,Reijnders,15,Man City,Midfielder,6.0,0.0,0.0,0.0,0.0,0.0,0.0,0.0,0.0,0.0,0,0,0,0.0,0,0,0,0.0,0.0
2026-10-10T06:27:48+00:00,6,2026-10-10T10:00:00Z,player-sim-2.0,player-sim-2.0,player-sim-3.0-candidate,holdout_rejected,0.0,0.0,0.0,0.0,fpl-2026-27,1.0188,406,91651,Kovačić,15,Man City,Midfielder,5.3,0.292,0.0,0.292,5.11,0.0,0.0,1.0,0.055,0.292,0,0,1,0.632,0,0,2.0,0.005,0.0
2026-10-10T06:27:48+00:00,6,2026-10-10T10:00:00Z,player-sim-2.0,player-sim-2.0,player-sim-3.0-candidate,holdout_rejected,0.0,0.0,0.0,0.0,fpl-2026-27,1.0188,407,575204,Echeverri,15,Man City,Midfielder,4.9,0.0,0.0,0.0,0.0,0.0,0.0,0.0,0.0,0.0,0,0,0,0.0,0,0,0,0.0,0.0
2026-10-10T06:27:48+00:00,6,2026-10-10T10:00:00Z,player-sim-2.0,player-sim-2.0,player-sim-3.0-candidate,holdout_rejected,0.0,0.0,0.0,0.0,fpl-2026-27,1.0188,408,155405,Phillips,15,Man City,Midfielder,5.0,0.0,0.0,0.0,0.0,0.0,0.0,0.0,0.0,0.0,0,0,0,0.0,0,0,0,0.0,0.0
2026-10-10T06:27:48+00:00,6,2026-10-10T10:00:00Z,player-sim-2.0,player-sim-2.0,player-sim-3.0-candidate,holdout_rejected,0.0,0.0,0.0,0.0,fpl-2026-27,1.0188,409,590039,Mukasa,15,Man City,Midfielder,4.5,0.0,0.0,0.0,0.0,0.0,0.0,0.0,0.0,0.0,0,0,0,0.0,0,0,0,0.0,0.0
2026-10-10T06:27:48+00:00,6,2026-10-10T10:00:00Z,player-sim-2.0,player-sim-2.0,player-sim-3.0-candidate,holdout_rejected,0.0,0.0,0.0,0.0,fpl-2026-27,1.0188,410,649208,Monga,15,Man City,Midfielder,4.9,0.0,0.0,0.0,0.0,0.0,0.0,0.0,0.0,0.0,0,0,0,0.0,0,0,0,0.0,0.0
2026-10-10T06:27:48+00:00,6,2026-10-10T10:00:00Z,player-sim-2.0,player-sim-2.0,player-sim-3.0-candidate,holdout_rejected,0.0,0.0,0.0,0.0,fpl-2026-27,1.015,411,223094,Haaland,15,Man City,Forward,15.6,5.817,0.0,5.817,87.53,2.0,5.0,11.0,0.3729,5.817,2,5,11,4.743,0,3.0,12.0,0.1317,0.0533
2026-10-10T06:27:48+00:00,6,2026-10-10T10:00:00Z,player-sim-2.0,player-sim-2.0,player-sim-3.0-candidate,holdout_rejected,0.0,0.0,0.0,0.0,fpl-2026-27,1.0188,481,215379,Anderson,15,Man City,Midfielder,6.3,3.877,0.0,3.877,85.04,2.0,4.0,7.0,0.6153,3.877,2,4,7,2.873,0,3.0,6.0,0.0117,0.0017
2026-10-10T06:27:48+00:00,6,2026-10-10T10:00:00Z,player-sim-2.0,player-sim-2.0,player-sim-3.0-candidate,holdout_rejected,0.0,0.0,0.0,0.0,fpl-2026-27,1.03,587,106921,Rulli,15,Man City,Goalkeeper,5.0,0.158,0.0,0.158,3.1,0.0,0.0,0.0,0.0317,0.158,0,0,0,0.228,0,0,0,0.0,0.0
2026-10-10T06:27:48+00:00,6,2026-10-10T10:00:00Z,player-sim-2.0,player-sim-2.0,player-sim-3.0-candidate,holdout_rejected,0.0,0.0,0.0,0.0,fpl-2026-27,1.025,616,637238,Bouaddi,15,Man City,Midfielder,5.5,0.625,0.0,0.625,12.17,0.0,0.0,2.0,0.1136,0.625,0,0,2,0.692,0,0,2.0,0.0,0.0
2026-10-10T06:27:48+00:00,6,2026-10-10T10:00:00Z,player-sim-2.0,player-sim-2.0,player-sim-3.0-candidate,holdout_rejected,0.0,0.0,0.0,0.0,fpl-2026-27,1.025,621,616288,McAidoo,15,Man City,Midfielder,4.4,0.527,0.0,0.527,11.32,0.0,0.0,1.0,0.1197,0.527,0,0,1,0.742,0,1.0,2.0,0.0,0.0
2026-10-10T06:27:48+00:00,6,2026-10-10T10:00:00Z,player-sim-2.0,player-sim-2.0,player-sim-3.0-candidate,holdout_rejected,0.0,0.0,0.0,0.0,fpl-2026-27,1.0,622,554054,Braithwaite,15,Man City,Defender,4.0,0.475,0.0,0.475,10.49,0.0,0.0,1.0,0.1187,0.475,0,0,1,0.508,0,0,1.0,0.0,0.0
2026-10-10T06:27:48+00:00,6,2026-10-10T10:00:00Z,player-sim-2.0,player-sim-2.0,player-sim-3.0-candidate,holdout_rejected,0.0,0.0,0.0,0.0,fpl-2026-27,1.0312,628,624777,Allan,15,Man City,Midfielder,6.0,0.427,0.0,0.427,13.0,0.0,0.0,2.0,0.0711,0.427,0,0,2,0.408,0,0,2.0,0.0017,0.0
2026-10-10T06:27:48+00:00,6,2026-10-10T10:00:00Z,player-sim-2.0,player-sim-2.0,player-sim-3.0-candidate,holdout_rejected,0.0,0.0,0.0,0.0,fpl-2026-27,1.0312,653,595480,Samba,15,Man City,Midfielder,4.5,0.475,0.0,0.475,13.6,0.0,0.0,2.0,0.1056,0.475,0,0,2,0.413,0,0,2.0,0.0,0.0
2026-10-10T06:27:48+00:00,6,2026-10-10T10:00:00Z,player-sim-2.0,player-sim-2.0,player-sim-3.0-candidate,holdout_rejected,0.0,0.0,0.0,0.0,fpl-2026-27,1.0188,43,166989,Tielemans,16,Man Utd,Midfielder,5.8,3.48,0.0,3.48,74.35,2.0,3.0,7.0,0.6,3.48,2,3,7,2.88,0,2.0,6.0,0.0217,0.0017
2026-10-10T06:27:48+00:00,6,2026-10-10T10:00:00Z,player-sim-2.0,player-sim-2.0,player-sim-3.0-candidate,holdout_rejected,0.0,0.0,0.0,0.0,fpl-2026-27,1.0188,131,535301,Baleba,16,Man Utd,Midfielder,4.9,0.33,0.0,0.33,8.27,0.0,0.0,2.0,0.0673,0.33,0,0,2,0.302,0,0,1.0,0.0,0.0
2026-10-10T06:27:48+00:00,6,2026-10-10T10:00:00Z,player-sim-2.0,player-sim-2.0,player-sim-3.0-candidate,holdout_rejected,0.0,0.0,0.0,0.0,fpl-2026-27,1.0188,162,532605,Andrey Santos,16,Man Utd,Midfielder,4.8,0.732,0.0,0.732,14.83,0.0,1.0,1.0,0.1524,0.732,0,1,1,1.112,0,1.0,3.0,0.0033,0.0
2026-10-10T06:27:48+00:00,6,2026-10-10T10:00:00Z,player-sim-2.0,player-sim-2.0,player-sim-3.0-candidate,holdout_rejected,0.0,0.0,0.0,0.0,fpl-2026-27,1.03,325,59735,Darlow,16,Man Utd,Goalkeeper,4.5,0.215,0.0,0.215,5.11,0.0,0.0,0.0,0.0478,0.215,0,0,0,0.14,0,0,0,0.0,0.0
2026-10-10T06:27:48+00:00,6,2026-10-10T10:00:00Z,player-sim-2.0,player-sim-2.0,player-sim-3.0-candidate,holdout_rejected,0.0,0.0,0.0,0.0,fpl-2026-27,1.03,412,465247,Lammens,16,Man Utd,Goalkeeper,4.9,3.987,0.0,3.987,85.82,1.0,3.0,7.0,0.8136,3.987,1,3,7,3.087,0.0,2.0,7.0,0.0,0.0
2026-10-10T06:27:48+00:00,6,2026-10-10T10:00:00Z,player-sim-2.0,player-sim-2.0,player-sim-3.0-candidate,holdout_rejected,0.0,0.0,0.0,0.0,fpl-2026-27,1.03,413,451302,Bayindir,16,Man Utd,Goalkeeper,4.5,0.0,0.0,0.0,0.0,0.0,0.0,0.0,0.0,0.0,0,0,0,0.0,0,0,0,0.0,0.0
2026-10-10T06:27:48+00:00,6,2026-10-10T10:00:00Z,player-sim-2.0,player-sim-2.0,player-sim-3.0-candidate,holdout_rejected,0.0,0.0,0.0,0.0,fpl-2026-27,1.03,414,21205,Heaton,16,Man Utd,Goalkeeper,4.0,0.0,0.0,0.0,0.0,0.0,0.0,0.0,0.0,0.0,0,0,0,0.0,0,0,0,0.0,0.0
2026-10-10T06:27:48+00:00,6,2026-10-10T10:00:00Z,player-sim-2.0,player-sim-2.0,player-sim-3.0-candidate,holdout_rejected,0.0,0.0,0.0,0.0,fpl-2026-27,1.0188,415,596777,Dorgu,16,Man Utd,Midfielder,5.8,0.0,0.0,0.0,0.0,0.0,0.0,0.0,0.0,0.0,0,0,0,0.0,0,0,0,0.0,0.0
2026-10-10T06:27:48+00:00,6,2026-10-10T10:00:00Z,player-sim-2.0,player-sim-2.0,player-sim-3.0-candidate,holdout_rejected,0.0,0.0,0.0,0.0,fpl-2026-27,1.0,416,209365,De Ligt,16,Man Utd,Defender,4.9,0.0,0.0,0.0,0.0,0.0,0.0,0.0,0.0,0.0,0,0,0,0.0,0,0,0,0.0,0.0
2026-10-10T06:27:48+00:00,6,2026-10-10T10:00:00Z,player-sim-2.0,player-sim-2.0,player-sim-3.0-candidate,holdout_rejected,0.0,0.0,0.0,0.0,fpl-2026-27,1.0,417,216051,Dalot,16,Man Utd,Defender,4.9,3.428,0.0,3.428,70.91,1.0,2.0,7.0,0.6997,3.428,1,2,7,2.673,0,2.0,6.0,0.0283,0.0033
2026-10-10T06:27:48+00:00,6,2026-10-10T10:00:00Z,player-sim-2.0,player-sim-2.0,player-sim-3.0-candidate,holdout_rejected,0.0,0.0,0.0,0.0,fpl-2026-27,1.0,418,95658,Maguire,16,Man Utd,Defender,4.8,3.803,0.0,3.803,82.46,1.0,3.0,8.0,0.7924,3.803,1,3,8,3.313,0,2.0,8.0,0.0333,0.0017
2026-10-10T06:27:48+00:00,6,2026-10-10T10:00:00Z,player-sim-2.0,player-sim-2.0,player-sim-3.0-candidate,holdout_rejected,0.0,0.0,0.0,0.0,fpl-2026-27,1.0,419,221820,Martinez,16,Man Utd,Defender,4.9,2.718,0.0,2.718,65.52,0.0,2.0,6.0,0.5548,2.718,0,2,6,2.465,0,1.0,6.0,0.0233,0.0
2026-10-10T06:27:48+00:00,6,2026-10-10T10:00:00Z,player-sim-2.0,player-sim-2.0,player-sim-3.0-candidate,holdout_rejected,0.0,0.0,0.0,0.0,fpl-2026-27,1.0,420,550864,Yoro,16,Man Utd,Defender,4.8,0.503,0.0,0.503,10.48,0.0,0.0,1.0,0.1049,0.503,0,0,1,0.668,0,0,1.0,0.0017,0.0
2026-10-10T06:27:48+00:00,6,2026-10-10T10:00:00Z,player-sim-2.0,player-sim-2.0,player-sim-3.0-candidate,holdout_rejected,0.0,0.0,0.0,0.0,fpl-2026-27,1.0,421,606745,Heaven,16,Man Utd,Defender,4.3,0.708,0.0,0.708,14.93,0.0,0.0,2.0,0.1647,0.708,0,0,2,0.888,0,0,4.0,0.0083,0.0
2026-10-10T06:27:48+00:00,6,2026-10-10T10:00:00Z,player-sim-2.0,player-sim-2.0,player-sim-3.0-candidate,holdout_rejected,0.0,0.0,0.0,0.0,fpl-2026-27,1.0,422,230001,Mazraoui,16,Man Utd,Defender,4.4,0.56,0.0,0.56,11.38,0.0,0.0,1.0,0.1273,0.56,0,0,1,1.067,0,0,3.0,0.0067,0.0
2026-10-10T06:27:48+00:00,6,2026-10-10T10:00:00Z,player-sim-2.0,player-sim-2.0,player-sim-3.0-candidate,holdout_rejected,0.0,0.0,0.0,0.0,fpl-2026-27,1.0,423,106760,Shaw,16,Man Utd,Defender,4.3,2.633,0.0,2.633,63.43,0.0,2.0,6.0,0.6124,2.633,0,2,6,2.34,0.0,1.0,6.0,0.005,0.0
2026-10-10T06:27:48+00:00,6,2026-10-10T10:00:00Z,player-sim-2.0,player-sim-2.0,player-sim-3.0-candidate,holdout_rejected,0.0,0.0,0.0,0.0,fpl-2026-27,1.0,424,577974,Amass,16,Man Utd,Defender,4.0,0.21,0.0,0.21,4.39,0.0,0.0,0.0,0.0525,0.21,0,0,0,0.392,0,0,1.0,0.0033,0.0
2026-10-10T06:27:48+00:00,6,2026-10-10T10:00:00Z,player-sim-2.0,player-sim-2.0,player-sim-3.0-candidate,holdout_rejected,0.0,0.0,0.0,0.0,fpl-2026-27,1.0,425,547676,Fredricson,16,Man Utd,Defender,4.0,0.0,0.0,0.0,0.0,0.0,0.0,0.0,0.0,0.0,0,0,0,0.0,0,0,0,0.0,0.0
2026-10-10T06:27:48+00:00,6,2026-10-10T10:00:00Z,player-sim-2.0,player-sim-2.0,player-sim-3.0-candidate,holdout_rejected,0.0,0.0,0.0,0.0,fpl-2026-27,1.0188,426,141746,B.Fernandes,16,Man Utd,Midfielder,11.9,6.032,0.0,6.032,87.39,2.0,5.0,11.0,0.5069,6.032,2,5,11,5.332,0,4.0,12.0,0.16,0.05
2026-10-10T06:27:48+00:00,6,2026-10-10T10:00:00Z,player-sim-2.0,player-sim-2.0,player-sim-3.0-candidate,holdout_rejected,0.0,0.0,0.0,0.0,fpl-2026-27,1.0188,427,446008,Mbeumo,16,Man Utd,Midfielder,7.9,5.437,0.0,5.437,84.77,2.0,4.0,11.0,0.6882,5.437,2,4,11,4.873,0,3.0,12.0,0.1517,0.0367
2026-10-10T06:27:48+00:00,6,2026-10-10T10:00:00Z,player-sim-2.0,player-sim-2.0,player-sim-3.0-candidate,holdout_rejected,0.0,0.0,0.0,0.0,fpl-2026-27,1.0188,428,430871,Cunha,16,Man Utd,Midfielder,7.9,4.128,0.0,4.128,79.3,2.0,3.0,8.0,0.5226,4.128,2,3,8,3.348,0.0,3.0,8.0,0.0283,0.0067
2026-10-10T06:27:48+00:00,6,2026-10-10T10:00:00Z,player-sim-2.0,player-sim-2.0,player-sim-3.0-candidate,holdout_rejected,0.0,0.0,0.0,0.0,fpl-2026-27,1.0188,429,176297,Rashford,16,Man Utd,Midfielder,6.9,2.052,0.0,2.052,45.73,0.0,2.0,6.0,0.2973,2.052,0,2,6,2.148,0,2.0,6.0,0.0167,0.0033
2026-10-10T06:27:48+00:00,6,2026-10-10T10:00:00Z,player-sim-2.0,player-sim-2.0,player-sim-3.0-candidate,holdout_rejected,0.0,0.0,0.0,0.0,fpl-2026-27,1.0188,430,184341,Mount,16,Man Utd,Midfielder,5.4,0.342,0.0,0.342,6.88,0.0,0.0,1.0,0.0633,0.342,0,0,1,0.58,0,0,1.0,0.0067,0.0033
2026-10-10T06:27:48+00:00,6,2026-10-10T10:00:00Z,player-sim-2.0,player-sim-2.0,player-sim-3.0-candidate,holdout_rejected,0.0,0.0,0.0,0.0,fpl-2026-27,1.0188,431,493250,Amad,16,Man Utd,Midfielder,5.7,0.0,0.0,0.0,0.0,0.0,0.0,0.0,0.0,0.0,0,0,0,0.0,0,0,0,0.0,0.0
2026-10-10T06:27:48+00:00,6,2026-10-10T10:00:00Z,player-sim-2.0,player-sim-2.0,player-sim-3.0-candidate,holdout_rejected,0.0,0.0,0.0,0.0,fpl-2026-27,1.0188,432,516895,Mainoo,16,Man Utd,Midfielder,5.5,2.348,0.0,2.348,50.93,0.0,2.0,5.0,0.427,2.348,0,2,5,1.953,0,1.0,5.0,0.0083,0.0
2026-10-10T06:27:48+00:00,6,2026-10-10T10:00:00Z,player-sim-2.0,player-sim-2.0,player-sim-3.0-candidate,holdout_rejected,0.0,0.0,0.0,0.0,fpl-2026-27,1.0188,433,232112,Ugarte,16,Man Utd,Midfielder,5.0,0.0,0.0,0.0,0.0,0.0,0.0,0.0,0.0,0.0,0,0,0,0.0,0,0,0,0.0,0.0
2026-10-10T06:27:48+00:00,6,2026-10-10T10:00:00Z,player-sim-2.0,player-sim-2.0,player-sim-3.0-candidate,holdout_rejected,0.0,0.0,0.0,0.0,fpl-2026-27,1.0188,434,547037,J.Fletcher,16,Man Utd,Midfielder,4.9,0.01,0.0,0.01,0.05,0.0,0.0,0.0,0.002,0.01,0,0,0,0.327,0,0,1.0,0.0017,0.0
2026-10-10T06:27:48+00:00,6,2026-10-10T10:00:00Z,player-sim-2.0,player-sim-2.0,player-sim-3.0-candidate,holdout_rejected,0.0,0.0,0.0,0.0,fpl-2026-27,1.0188,435,576628,Lacey,16,Man Utd,Midfielder,4.9,0.133,0.0,0.133,2.18,0.0,0.0,1.0,0.0272,0.133,0,0,1,0.575,0,0,2.0,0.0033,0.0
2026-10-10T06:27:48+00:00,6,2026-10-10T10:00:00Z,player-sim-2.0,player-sim-2.0,player-sim-3.0-candidate,holdout_rejected,0.0,0.0,0.0,0.0,fpl-2026-27,1.0188,436,490881,Collyer,16,Man Utd,Midfielder,5.0,0.0,0.0,0.0,0.0,0.0,0.0,0.0,0.0,0.0,0,0,0,0.0,0,0,0,0.0,0.0
2026-10-10T06:27:48+00:00,6,2026-10-10T10:00:00Z,player-sim-2.0,player-sim-2.0,player-sim-3.0-candidate,holdout_rejected,0.0,0.0,0.0,0.0,fpl-2026-27,1.0188,437,576620,Bendito Mantato,16,Man Utd,Midfielder,4.4,0.0,0.0,0.0,0.0,0.0,0.0,0.0,0.0,0.0,0,0,0,0.26,0,0,1.0,0.0067,0.0
2026-10-10T06:27:48+00:00,6,2026-10-10T10:00:00Z,player-sim-2.0,player-sim-2.0,player-sim-3.0-candidate,holdout_rejected,0.0,0.0,0.0,0.0,fpl-2026-27,1.0188,438,519913,Fletcher,16,Man Utd,Midfielder,4.4,0.002,0.0,0.002,0.03,0.0,0.0,0.0,0.0004,0.002,0,0,0,0.275,0,0,1.0,0.0,0.0
2026-10-10T06:27:48+00:00,6,2026-10-10T10:00:00Z,player-sim-2.0,player-sim-2.0,player-sim-3.0-candidate,holdout_rejected,0.0,0.0,0.0,0.0,fpl-2026-27,1.015,439,485711,Šeško,16,Man Utd,Forward,7.0,0.0,0.0,0.0,0.0,0.0,0.0,0.0,0.0,0.0,0,0,0,0.0,0,0,0,0.0,0.0
2026-10-10T06:27:48+00:00,6,2026-10-10T10:00:00Z,player-sim-2.0,player-sim-2.0,player-sim-3.0-candidate,holdout_rejected,0.0,0.0,0.0,0.0,fpl-2026-27,1.015,440,458249,Zirkzee,16,Man Utd,Forward,5.3,0.537,0.0,0.537,7.73,0.0,0.0,1.0,0.1013,0.537,0,0,1,0.665,0,0,2.0,0.0017,0.0
2026-10-10T06:27:48+00:00,6,2026-10-10T10:00:00Z,player-sim-2.0,player-sim-2.0,player-sim-3.0-candidate,holdout_rejected,0.0,0.0,0.0,0.0,fpl-2026-27,1.015,441,596047,Obi,16,Man Utd,Forward,4.5,0.0,0.0,0.0,0.0,0.0,0.0,0.0,0.0,0.0,0,0,0,0.0,0,0,0,0.0,0.0
2026-10-10T06:27:48+00:00,6,2026-10-10T10:00:00Z,player-sim-2.0,player-sim-2.0,player-sim-3.0-candidate,holdout_rejected,0.0,0.0,0.0,0.0,fpl-2026-27,1.0188,405,465694,N.Gonzalez,17,Newcastle,Midfielder,5.5,1.047,0.0,1.047,35.71,0.0,1.0,3.0,0.1903,1.047,0,1,3,1.147,0.0,1.0,3.0,0.0017,0.0
2026-10-10T06:27:48+00:00,6,2026-10-10T10:00:00Z,player-sim-2.0,player-sim-2.0,player-sim-3.0-candidate,holdout_rejected,0.0,0.0,0.0,0.0,fpl-2026-27,1.03,442,98747,Pope,17,Newcastle,Goalkeeper,4.9,0.472,0.0,0.472,10.9,0.0,0.0,2.0,0.0963,0.472,0,0,2,0.263,0,0,0,0.0,0.0
2026-10-10T06:27:48+00:00,6,2026-10-10T10:00:00Z,player-sim-2.0,player-sim-2.0,player-sim-3.0-candidate,holdout_rejected,0.0,0.0,0.0,0.0,fpl-2026-27,1.03,443,81441,Gillespie,17,Newcastle,Goalkeeper,4.5,0.205,0.0,0.205,4.47,0.0,0.0,0.0,0.0456,0.205,0,0,0,0.227,0,0,0,0.0,0.0
2026-10-10T06:27:48+00:00,6,2026-10-10T10:00:00Z,player-sim-2.0,player-sim-2.0,player-sim-3.0-candidate,holdout_rejected,0.0,0.0,0.0,0.0,fpl-2026-27,1.03,444,554578,Jaouen,17,Newcastle,Goalkeeper,4.4,0.0,0.0,0.0,0.0,0.0,0.0,0.0,0.0,0.0,0,0,0,0.0,0,0,0,0.0,0.0
2026-10-10T06:27:48+00:00,6,2026-10-10T10:00:00Z,player-sim-2.0,player-sim-2.0,player-sim-3.0-candidate,holdout_rejected,0.0,0.0,0.0,0.0,fpl-2026-27,1.0,445,465642,Thiaw,17,Newcastle,Defender,5.0,3.893,0.0,3.893,86.88,1.0,3.0,8.0,0.7787,3.893,1,3,8,3.065,0,2.0,8.0,0.0167,0.0017
2026-10-10T06:27:48+00:00,6,2026-10-10T10:00:00Z,player-sim-2.0,player-sim-2.0,player-sim-3.0-candidate,holdout_rejected,0.0,0.0,0.0,0.0,fpl-2026-27,1.0,446,119471,Schär,17,Newcastle,Defender,4.9,0.573,0.0,0.573,9.2,0.0,0.0,1.0,0.117,0.573,0,0,1,0.673,0,0,1.0,0.0033,0.0
2026-10-10T06:27:48+00:00,6,2026-10-10T10:00:00Z,player-sim-2.0,player-sim-2.0,player-sim-3.0-candidate,holdout_rejected,0.0,0.0,0.0,0.0,fpl-2026-27,1.0,447,220237,Botman,17,Newcastle,Defender,5.0,4.308,0.0,4.308,83.01,1.0,4.0,8.0,0.8617,4.308,1,4,8,3.433,0,3.0,8.0,0.0283,0.0017
2026-10-10T06:27:48+00:00,6,2026-10-10T10:00:00Z,player-sim-2.0,player-sim-2.0,player-sim-3.0-candidate,holdout_rejected,0.0,0.0,0.0,0.0,fpl-2026-27,1.0,448,78916,Burn,17,Newcastle,Defender,4.8,0.0,0.0,0.0,0.0,0.0,0.0,0.0,0.0,0.0,0,0,0,0.0,0,0,0,0.0,0.0
2026-10-10T06:27:48+00:00,6,2026-10-10T10:00:00Z,player-sim-2.0,player-sim-2.0,player-sim-3.0-candidate,holdout_rejected,0.0,0.0,0.0,0.0,fpl-2026-27,1.0,449,487838,Hall,17,Newcastle,Defender,5.3,4.237,0.0,4.237,82.84,1.0,3.0,8.0,0.7994,4.237,1,3,8,3.682,0,3.0,8.0,0.0517,0.0083
2026-10-10T06:27:48+00:00,6,2026-10-10T10:00:00Z,player-sim-2.0,player-sim-2.0,player-sim-3.0-candidate,holdout_rejected,0.0,0.0,0.0,0.0,fpl-2026-27,1.0,450,441191,Livramento,17,Newcastle,Defender,4.9,0.385,0.0,0.385,6.57,0.0,0.0,1.0,0.0786,0.385,0,0,1,0.387,0,0,1.0,0.0,0.0
2026-10-10T06:27:48+00:00,6,2026-10-10T10:00:00Z,player-sim-2.0,player-sim-2.0,player-sim-3.0-candidate,holdout_rejected,0.0,0.0,0.0,0.0,fpl-2026-27,1.0,451,545477,A.Murphy,17,Newcastle,Defender,4.0,0.0,0.0,0.0,0.0,0.0,0.0,0.0,0.0,0.0,0,0,0,0.0,0,0,0,0.0,0.0
2026-10-10T06:27:48+00:00,6,2026-10-10T10:00:00Z,player-sim-2.0,player-sim-2.0,player-sim-3.0-candidate,holdout_rejected,0.0,0.0,0.0,0.0,fpl-2026-27,1.0188,453,201666,Barnes,17,Newcastle,Midfielder,6.1,3.852,0.0,3.852,81.57,2.0,3.0,8.0,0.6314,3.852,2,3,8,3.082,0,2.0,7.0,0.0283,0.0033
2026-10-10T06:27:48+00:00,6,2026-10-10T10:00:00Z,player-sim-2.0,player-sim-2.0,player-sim-3.0-candidate,holdout_rejected,0.0,0.0,0.0,0.0,fpl-2026-27,1.0188,454,449434,Elanga,17,Newcastle,Midfielder,6.1,0.0,0.0,0.0,0.0,0.0,0.0,0.0,0.0,0.0,0,0,0,0.0,0,0,0,0.0,0.0
2026-10-10T06:27:48+00:00,6,2026-10-10T10:00:00Z,player-sim-2.0,player-sim-2.0,player-sim-3.0-candidate,holdout_rejected,0.0,0.0,0.0,0.0,fpl-2026-27,1.0188,456,232653,J.Ramsey,17,Newcastle,Midfielder,4.8,0.0,0.0,0.0,0.0,0.0,0.0,0.0,0.0,0.0,0,0,0,0.0,0,0,0,0.0,0.0
2026-10-10T06:27:48+00:00,6,2026-10-10T10:00:00Z,player-sim-2.0,player-sim-2.0,player-sim-3.0-candidate,holdout_rejected,0.0,0.0,0.0,0.0,fpl-2026-27,1.0188,457,114243,J.Murphy,17,Newcastle,Midfielder,5.9,1.727,0.0,1.727,41.37,0.0,1.0,3.0,0.2927,1.727,0,1,3,1.482,0,1.0,3.0,0.0033,0.0
2026-10-10T06:27:48+00:00,6,2026-10-10T10:00:00Z,player-sim-2.0,player-sim-2.0,player-sim-3.0-candidate,holdout_rejected,0.0,0.0,0.0,0.0,fpl-2026-27,1.0188,458,180974,Joelinton,17,Newcastle,Midfielder,5.4,0.243,0.0,0.243,5.56,0.0,0.0,0.0,0.0451,0.243,0,0,0,0.255,0.0,0,0,0.0,0.0
2026-10-10T06:27:48+00:00,6,2026-10-10T10:00:00Z,player-sim-2.0,player-sim-2.0,player-sim-3.0-candidate,holdout_rejected,0.0,0.0,0.0,0.0,fpl-2026-27,1.0188,459,547719,L.Miley,17,Newcastle,Midfielder,5.5,2.077,0.0,2.077,54.72,0.0,2.0,5.0,0.3776,2.077,0,2,5,1.742,0,2.0,4.0,0.0033,0.0
2026-10-10T06:27:48+00:00,6,2026-10-10T10:00:00Z,player-sim-2.0,player-sim-2.0,player-sim-3.0-candidate,holdout_rejected,0.0,0.0,0.0,0.0,fpl-2026-27,1.0188,460,200089,Willock,17,Newcastle,Midfielder,5.0,2.322,0.0,2.322,50.56,0.0,2.0,6.0,0.4643,2.322,0,2,6,2.317,0,2.0,6.0,0.0233,0.0017
2026-10-10T06:27:48+00:00,6,2026-10-10T10:00:00Z,player-sim-2.0,player-sim-2.0,player-sim-3.0-candidate,holdout_rejected,0.0,0.0,0.0,0.0,fpl-2026-27,1.0188,461,611665,Touré,17,Newcastle,Midfielder,5.8,0.838,0.0,0.838,13.65,0.0,1.0,1.0,0.1445,0.838,0,1,1,0.822,0,1.0,2.0,0.0017,0.0
2026-10-10T06:27:48+00:00,6,2026-10-10T10:00:00Z,player-sim-2.0,player-sim-2.0,player-sim-3.0-candidate,holdout_rejected,0.0,0.0,0.0,0.0,fpl-2026-27,1.0188,462,636852,Steur,17,Newcastle,Midfielder,4.9,1.68,0.0,1.68,44.83,0.0,1.0,3.0,0.3429,1.68,0,1,3,1.495,0,1.0,3.0,0.0,0.0
2026-10-10T06:27:48+00:00,6,2026-10-10T10:00:00Z,player-sim-2.0,player-sim-2.0,player-sim-3.0-candidate,holdout_rejected,0.0,0.0,0.0,0.0,fpl-2026-27,1.015,463,470313,Woltemade,17,Newcastle,Forward,5.9,0.0,0.0,0.0,0.0,0.0,0.0,0.0,0.0,0.0,0,0,0,0.0,0,0,0,0.0,0.0
2026-10-10T06:27:48+00:00,6,2026-10-10T10:00:00Z,player-sim-2.0,player-sim-2.0,player-sim-3.0-candidate,holdout_rejected,0.0,0.0,0.0,0.0,fpl-2026-27,1.015,464,216646,Wissa,17,Newcastle,Forward,6.2,3.247,0.0,3.247,75.11,0.0,2.0,7.0,0.5237,3.247,0,2,7,2.908,0,2.0,6.0,0.06,0.0017
2026-10-10T06:27:48+00:00,6,2026-10-10T10:00:00Z,player-sim-2.0,player-sim-2.0,player-sim-3.0-candidate,holdout_rejected,0.0,0.0,0.0,0.0,fpl-2026-27,1.015,465,538207,Osula,17,Newcastle,Forward,5.8,0.222,0.0,0.222,4.29,0.0,0.0,0.0,0.0382,0.222,0,0,0,0.473,0,0,1.0,0.0067,0.0033
2026-10-10T06:27:48+00:00,6,2026-10-10T10:00:00Z,player-sim-2.0,player-sim-2.0,player-sim-3.0-candidate,holdout_rejected,0.0,0.0,0.0,0.0,fpl-2026-27,1.015,466,599303,Neave,17,Newcastle,Forward,4.5,0.0,0.0,0.0,0.0,0.0,0.0,0.0,0.0,0.0,0,0,0,0.0,0,0,0,0.0,0.0
2026-10-10T06:27:48+00:00,6,2026-10-10T10:00:00Z,player-sim-2.0,player-sim-2.0,player-sim-3.0-candidate,holdout_rejected,0.0,0.0,0.0,0.0,fpl-2026-27,1.0188,559,632794,Bamba,17,Newcastle,Midfielder,4.9,0.662,0.0,0.662,12.02,0.0,1.0,1.0,0.135,0.662,0,1,1,0.76,0,1.0,2.0,0.0,0.0
2026-10-10T06:27:48+00:00,6,2026-10-10T10:00:00Z,player-sim-2.0,player-sim-2.0,player-sim-3.0-candidate,holdout_rejected,0.0,0.0,0.0,0.0,fpl-2026-27,1.03,567,470551,Horníček,17,Newcastle,Goalkeeper,5.0,3.182,0.0,3.182,76.62,0.0,3.0,7.0,0.6363,3.182,0,3,7,2.87,0,2.0,7.0,0.0,0.0
2026-10-10T06:27:48+00:00,6,2026-10-10T10:00:00Z,player-sim-2.0,player-sim-2.0,player-sim-3.0-candidate,holdout_rejected,0.0,0.0,0.0,0.0,fpl-2026-27,1.0,593,463726,Dedić,17,Newcastle,Defender,4.5,1.26,0.0,1.26,27.64,0.0,0.0,6.0,0.28,1.26,0,0,6,1.087,0,0,4.0,0.0067,0.0
2026-10-10T06:27:48+00:00,6,2026-10-10T10:00:00Z,player-sim-2.0,player-sim-2.0,player-sim-3.0-candidate,holdout_rejected,0.0,0.0,0.0,0.0,fpl-2026-27,1.0,609,553746,Shahar,17,Newcastle,Defender,4.0,0.0,0.0,0.0,0.0,0.0,0.0,0.0,0.0,0.0,0,0,0,0.0,0,0,0,0.0,0.0
2026-10-10T06:27:48+00:00,6,2026-10-10T10:00:00Z,player-sim-2.0,player-sim-2.0,player-sim-3.0-candidate,holdout_rejected,0.0,0.0,0.0,0.0,fpl-2026-27,1.025,634,613221,Fernandez-Pardo,17,Newcastle,Forward,6.0,1.802,0.0,1.802,40.62,0.0,1.0,5.0,0.3003,1.802,0,1,5,1.673,0,1.0,3.0,0.005,0.0033
2026-10-10T06:27:48+00:00,6,2026-10-10T10:00:00Z,player-sim-2.0,player-sim-2.0,player-sim-3.0-candidate,holdout_rejected,0.0,0.0,0.0,0.0,fpl-2026-27,1.0375,659,665243,Miley,17,Newcastle,Midfielder,4.5,0.655,0.0,0.655,17.52,0.0,0.0,2.0,0.1456,0.655,0,0,2,0.563,0,0,2.0,0.0033,0.0017
2026-10-10T06:27:48+00:00,6,2026-10-10T10:00:00Z,player-sim-2.0,player-sim-2.0,player-sim-3.0-candidate,holdout_rejected,0.0,0.0,0.0,0.0,fpl-2026-27,1.0,663,578512,Pivas,17,Newcastle,Defender,4.0,0.982,0.0,0.982,24.41,0.0,0.0,4.0,0.2454,0.982,0,0,4,0.742,0,0.0,2.0,0.0,0.0
2026-10-10T06:27:48+00:00,6,2026-10-10T10:00:00Z,player-sim-2.0,player-sim-2.0,player-sim-3.0-candidate,holdout_rejected,0.0,0.0,0.0,0.0,fpl-2026-27,1.035,664,601767,Salia,17,Newcastle,Forward,4.5,0.905,0.0,0.905,18.25,0.0,0.0,3.0,0.2011,0.905,0,0,3,0.548,0,0,2.0,0.0,0.0
2026-10-10T06:27:48+00:00,6,2026-10-10T10:00:00Z,player-sim-2.0,player-sim-2.0,player-sim-3.0-candidate,holdout_rejected,0.0,0.0,0.0,0.0,fpl-2026-27,1.0437,665,655585,Mills,17,Newcastle,Midfielder,4.5,0.813,0.0,0.813,21.84,0.0,0.0,3.0,0.1807,0.813,0,0,3,0.675,0,0,2.0,0.0033,0.0
2026-10-10T06:27:48+00:00,6,2026-10-10T10:00:00Z,player-sim-2.0,player-sim-2.0,player-sim-3.0-candidate,holdout_rejected,0.0,0.0,0.0,0.0,fpl-2026-27,1.0437,666,671875,Thompson,17,Newcastle,Midfielder,4.5,1.055,0.0,1.055,25.21,0.0,0.0,3.0,0.2344,1.055,0,0,3,0.69,0,0,2.0,0.0033,0.0017
2026-10-10T06:27:48+00:00,6,2026-10-10T10:00:00Z,player-sim-2.0,player-sim-2.0,player-sim-3.0-candidate,holdout_rejected,0.0,0.0,0.0,0.0,fpl-2026-27,1.015,167,463034,Delap,18,Nott'm Forest,Forward,5.6,2.118,0.0,2.118,56.3,0.0,2.0,6.0,0.3783,2.118,0,2,6,1.718,0,1.0,5.0,0.02,0.0
2026-10-10T06:27:48+00:00,6,2026-10-10T10:00:00Z,player-sim-2.0,player-sim-2.0,player-sim-3.0-candidate,holdout_rejected,0.0,0.0,0.0,0.0,fpl-2026-27,1.0,201,247348,Muñoz,18,Nott'm Forest,Defender,5.4,2.872,0.0,2.872,53.29,0.0,1.0,7.0,0.5318,2.872,0,1,7,2.345,0,1.0,6.0,0.0433,0.0083
2026-10-10T06:27:48+00:00,6,2026-10-10T10:00:00Z,player-sim-2.0,player-sim-2.0,player-sim-3.0-candidate,holdout_rejected,0.0,0.0,0.0,0.0,fpl-2026-27,1.03,467,85633,Sels,18,Nott'm Forest,Goalkeeper,5.0,3.585,0.0,3.585,86.15,1.0,3.0,7.0,0.717,3.585,1,3,7,2.777,0,2.0,7.0,0.0033,0.0
2026-10-10T06:27:48+00:00,6,2026-10-10T10:00:00Z,player-sim-2.0,player-sim-2.0,player-sim-3.0-candidate,holdout_rejected,0.0,0.0,0.0,0.0,fpl-2026-27,1.03,468,221389,John,18,Nott'm Forest,Goalkeeper,4.5,0.123,0.0,0.123,2.4,0.0,0.0,0.0,0.0274,0.123,0,0,0,0.233,0,0,0,0.0,0.0
2026-10-10T06:27:48+00:00,6,2026-10-10T10:00:00Z,player-sim-2.0,player-sim-2.0,player-sim-3.0-candidate,holdout_rejected,0.0,0.0,0.0,0.0,fpl-2026-27,1.0,469,215136,N.Williams,18,Nott'm Forest,Defender,5.0,1.878,0.0,1.878,43.49,0.0,0.0,6.0,0.3757,1.878,0,0,6,1.498,0,0,6.0,0.015,0.0017
2026-10-10T06:27:48+00:00,6,2026-10-10T10:00:00Z,player-sim-2.0,player-sim-2.0,player-sim-3.0-candidate,holdout_rejected,0.0,0.0,0.0,0.0,fpl-2026-27,1.0,470,485047,Morato,18,Nott'm Forest,Defender,5.0,0.0,0.0,0.0,0.0,0.0,0.0,0.0,0.0,0.0,0,0,0,0.0,0,0,0,0.0,0.0
2026-10-10T06:27:48+00:00,6,2026-10-10T10:00:00Z,player-sim-2.0,player-sim-2.0,player-sim-3.0-candidate,holdout_rejected,0.0,0.0,0.0,0.0,fpl-2026-27,1.0,471,227444,Milenković,18,Nott'm Forest,Defender,5.4,0.0,0.0,0.0,0.0,0.0,0.0,0.0,0.0,0.0,0,0,0,0.0,0,0,0,0.0,0.0
2026-10-10T06:27:48+00:00,6,2026-10-10T10:00:00Z,player-sim-2.0,player-sim-2.0,player-sim-3.0-candidate,holdout_rejected,0.0,0.0,0.0,0.0,fpl-2026-27,1.0,472,575476,Murillo,18,Nott'm Forest,Defender,5.5,3.908,0.0,3.908,83.0,1.0,3.0,8.0,0.7106,3.908,1,3,8,3.547,0,3.0,8.0,0.0317,0.0
2026-10-10T06:27:48+00:00,6,2026-10-10T10:00:00Z,player-sim-2.0,player-sim-2.0,player-sim-3.0-candidate,holdout_rejected,0.0,0.0,0.0,0.0,fpl-2026-27,1.0,473,159506,Aina,18,Nott'm Forest,Defender,4.4,2.518,0.0,2.518,55.42,0.0,2.0,6.0,0.5723,2.518,0,2,6,2.182,0,1.0,6.0,0.005,0.0
2026-10-10T06:27:48+00:00,6,2026-10-10T10:00:00Z,player-sim-2.0,player-sim-2.0,player-sim-3.0-candidate,holdout_rejected,0.0,0.0,0.0,0.0,fpl-2026-27,1.0,474,575458,Jair Cunha,18,Nott'm Forest,Defender,4.5,2.14,0.0,2.14,51.93,0.0,1.0,6.0,0.4756,2.14,0,1,6,2.412,0,2.0,6.0,0.0083,0.0
2026-10-10T06:27:48+00:00,6,2026-10-10T10:00:00Z,player-sim-2.0,player-sim-2.0,player-sim-3.0-candidate,holdout_rejected,0.0,0.0,0.0,0.0,fpl-2026-27,1.0,475,500151,Savona,18,Nott'm Forest,Defender,4.5,0.0,0.0,0.0,0.0,0.0,0.0,0.0,0.0,0.0,0,0,0,0.0,0,0,0,0.0,0.0
2026-10-10T06:27:48+00:00,6,2026-10-10T10:00:00Z,player-sim-2.0,player-sim-2.0,player-sim-3.0-candidate,holdout_rejected,0.0,0.0,0.0,0.0,fpl-2026-27,1.0,476,204822,O.Richards,18,Nott'm Forest,Defender,4.0,0.192,0.0,0.192,4.89,0.0,0.0,0.0,0.0479,0.192,0,0,0,0.342,0,0,0,0.0017,0.0
2026-10-10T06:27:48+00:00,6,2026-10-10T10:00:00Z,player-sim-2.0,player-sim-2.0,player-sim-3.0-candidate,holdout_rejected,0.0,0.0,0.0,0.0,fpl-2026-27,1.0,477,549067,Abbott,18,Nott'm Forest,Defender,4.0,0.0,0.0,0.0,0.0,0.0,0.0,0.0,0.0,0.0,0,0,0,0.0,0,0,0,0.0,0.0
2026-10-10T06:27:48+00:00,6,2026-10-10T10:00:00Z,player-sim-2.0,player-sim-2.0,player-sim-3.0-candidate,holdout_rejected,0.0,0.0,0.0,0.0,fpl-2026-27,1.0,478,470315,Netz,18,Nott'm Forest,Defender,4.4,0.468,0.0,0.468,8.57,0.0,0.0,1.0,0.1064,0.468,0,0,1,0.758,0,0.0,1.0,0.0017,0.0
2026-10-10T06:27:48+00:00,6,2026-10-10T10:00:00Z,player-sim-2.0,player-sim-2.0,player-sim-3.0-candidate,holdout_rejected,0.0,0.0,0.0,0.0,fpl-2026-27,1.0,479,538638,Bindon,18,Nott'm Forest,Defender,4.0,0.0,0.0,0.0,0.0,0.0,0.0,0.0,0.0,0.0,0,0,0,0.0,0,0,0,0.0,0.0
2026-10-10T06:27:48+00:00,6,2026-10-10T10:00:00Z,player-sim-2.0,player-sim-2.0,player-sim-3.0-candidate,holdout_rejected,0.0,0.0,0.0,0.0,fpl-2026-27,1.0188,480,222531,Gibbs-White,18,Nott'm Forest,Midfielder,8.0,4.703,0.0,4.703,87.55,2.0,3.0,8.0,0.5879,4.703,2,3,8,3.96,0,3.0,9.0,0.0933,0.0167
2026-10-10T06:27:48+00:00,6,2026-10-10T10:00:00Z,player-sim-2.0,player-sim-2.0,player-sim-3.0-candidate,holdout_rejected,0.0,0.0,0.0,0.0,fpl-2026-27,1.0188,482,209046,Hudson-Odoi,18,Nott'm Forest,Midfielder,5.8,0.498,0.0,0.498,9.45,0.0,0.0,1.0,0.0859,0.498,0,0,1,0.475,0,0,1.0,0.0017,0.0017
2026-10-10T06:27:48+00:00,6,2026-10-10T10:00:00Z,player-sim-2.0,player-sim-2.0,player-sim-3.0-candidate,holdout_rejected,0.0,0.0,0.0,0.0,fpl-2026-27,1.0188,483,456512,Ndoye,18,Nott'm Forest,Midfielder,5.5,3.028,0.0,3.028,57.6,1.0,2.0,7.0,0.5506,3.028,1,2,7,3.147,0,3.0,7.0,0.035,0.0083
2026-10-10T06:27:48+00:00,6,2026-10-10T10:00:00Z,player-sim-2.0,player-sim-2.0,player-sim-3.0-candidate,holdout_rejected,0.0,0.0,0.0,0.0,fpl-2026-27,1.0188,484,503301,Hutchinson,18,Nott'm Forest,Midfielder,5.4,0.0,0.0,0.0,0.0,0.0,0.0,0.0,0.0,0.0,0,0,0,0.0,0,0,0,0.0,0.0
2026-10-10T06:27:48+00:00,6,2026-10-10T10:00:00Z,player-sim-2.0,player-sim-2.0,player-sim-3.0-candidate,holdout_rejected,0.0,0.0,0.0,0.0,fpl-2026-27,1.0188,485,476887,Bakwa,18,Nott'm Forest,Midfielder,5.5,0.0,0.0,0.0,0.0,0.0,0.0,0.0,0.0,0.0,0,0,0,0.0,0,0,0,0.0,0.0
2026-10-10T06:27:48+00:00,6,2026-10-10T10:00:00Z,player-sim-2.0,player-sim-2.0,player-sim-3.0-candidate,holdout_rejected,0.0,0.0,0.0,0.0,fpl-2026-27,1.0188,486,432714,McAtee,18,Nott'm Forest,Midfielder,5.5,2.588,0.0,2.588,69.74,0.0,2.0,6.0,0.4706,2.588,0,2,6,2.568,0,2.0,6.0,0.0167,0.0
2026-10-10T06:27:48+00:00,6,2026-10-10T10:00:00Z,player-sim-2.0,player-sim-2.0,player-sim-3.0-candidate,holdout_rejected,0.0,0.0,0.0,0.0,fpl-2026-27,1.0188,487,250199,Dominguez,18,Nott'm Forest,Midfielder,4.9,0.217,0.0,0.217,5.5,0.0,0.0,1.0,0.0442,0.217,0,0,1,0.485,0,0,1.0,0.0,0.0
2026-10-10T06:27:48+00:00,6,2026-10-10T10:00:00Z,player-sim-2.0,player-sim-2.0,player-sim-3.0-candidate,holdout_rejected,0.0,0.0,0.0,0.0,fpl-2026-27,1.0188,488,210462,I.Sangaré,18,Nott'm Forest,Midfielder,4.8,0.888,0.0,0.888,21.26,0.0,1.0,2.0,0.1851,0.888,0,1,2,1.118,0,1.0,3.0,0.0033,0.0
2026-10-10T06:27:48+00:00,6,2026-10-10T10:00:00Z,player-sim-2.0,player-sim-2.0,player-sim-3.0-candidate,holdout_rejected,0.0,0.0,0.0,0.0,fpl-2026-27,1.0188,489,204968,Yates,18,Nott'm Forest,Midfielder,4.4,0.072,0.0,0.072,1.52,0.0,0.0,0.0,0.0163,0.072,0,0,0,0.272,0,0,1.0,0.0,0.0
2026-10-10T06:27:48+00:00,6,2026-10-10T10:00:00Z,player-sim-2.0,player-sim-2.0,player-sim-3.0-candidate,holdout_rejected,0.0,0.0,0.0,0.0,fpl-2026-27,1.015,490,60689,Wood,18,Nott'm Forest,Forward,5.8,0.965,0.0,0.965,15.41,0.0,1.0,2.0,0.1664,0.965,0,1,2,0.975,0,1.0,2.0,0.0017,0.0017
2026-10-10T06:27:48+00:00,6,2026-10-10T10:00:00Z,player-sim-2.0,player-sim-2.0,player-sim-3.0-candidate,holdout_rejected,0.0,0.0,0.0,0.0,fpl-2026-27,1.015,491,482973,Igor Jesus,18,Nott'm Forest,Forward,5.8,0.0,0.0,0.0,0.0,0.0,0.0,0.0,0.0,0.0,0,0,0,0.0,0,0,0,0.0,0.0
2026-10-10T06:27:48+00:00,6,2026-10-10T10:00:00Z,player-sim-2.0,player-sim-2.0,player-sim-3.0-candidate,holdout_rejected,0.0,0.0,0.0,0.0,fpl-2026-27,1.015,493,465680,Kalimuendo,18,Nott'm Forest,Forward,5.4,0.16,0.0,0.16,1.92,0.0,0.0,1.0,0.0296,0.16,0,0,1,0.388,0,0,1.0,0.0,0.0
2026-10-10T06:27:48+00:00,6,2026-10-10T10:00:00Z,player-sim-2.0,player-sim-2.0,player-sim-3.0-candidate,holdout_rejected,0.0,0.0,0.0,0.0,fpl-2026-27,1.0188,558,204561,Schlager,18,Nott'm Forest,Midfielder,5.0,2.453,0.0,2.453,66.94,1.0,2.0,5.0,0.4907,2.453,1,2,5,2.06,0,2.0,4.0,0.0017,0.0
2026-10-10T06:27:48+00:00,6,2026-10-10T10:00:00Z,player-sim-2.0,player-sim-2.0,player-sim-3.0-candidate,holdout_rejected,0.0,0.0,0.0,0.0,fpl-2026-27,1.0,581,568420,Diomande,18,Nott'm Forest,Defender,5.4,1.715,0.0,1.715,38.28,0.0,1.0,6.0,0.3176,1.715,0,1,6,1.695,0,1.0,6.0,0.0067,0.0
2026-10-10T06:27:48+00:00,6,2026-10-10T10:00:00Z,player-sim-2.0,player-sim-2.0,player-sim-3.0-candidate,holdout_rejected,0.0,0.0,0.0,0.0,fpl-2026-27,1.03,590,428971,Benda,18,Nott'm Forest,Goalkeeper,4.5,0.135,0.0,0.135,3.47,0.0,0.0,0.0,0.03,0.135,0,0,0,0.233,0,0,0,0.0,0.0
2026-10-10T06:27:48+00:00,6,2026-10-10T10:00:00Z,player-sim-2.0,player-sim-2.0,player-sim-3.0-candidate,holdout_rejected,0.0,0.0,0.0,0.0,fpl-2026-27,1.0,112,469142,Van Hecke,19,Spurs,Defender,4.9,3.512,0.0,3.512,88.14,1.0,3.0,8.0,0.7167,3.512,1,3,8,2.697,0,2.0,7.0,0.0267,0.005
2026-10-10T06:27:48+00:00,6,2026-10-10T10:00:00Z,player-sim-2.0,player-sim-2.0,player-sim-3.0-candidate,holdout_rejected,0.0,0.0,0.0,0.0,fpl-2026-27,1.0,147,109646,Tosin,19,Spurs,Defender,4.4,0.313,0.0,0.313,6.59,0.0,0.0,1.0,0.0712,0.313,0,0,1,0.537,0,0,1.0,0.0,0.0
2026-10-10T06:27:48+00:00,6,2026-10-10T10:00:00Z,player-sim-2.0,player-sim-2.0,player-sim-3.0-candidate,holdout_rejected,0.0,0.0,0.0,0.0,fpl-2026-27,1.015,401,438234,Marmoush,19,Spurs,Forward,7.0,2.333,0.0,2.333,61.46,0.0,2.0,6.0,0.3333,2.333,0,2,6,1.705,0,2.0,3.0,0.0033,0.0
2026-10-10T06:27:48+00:00,6,2026-10-10T10:00:00Z,player-sim-2.0,player-sim-2.0,player-sim-3.0-candidate,holdout_rejected,0.0,0.0,0.0,0.0,fpl-2026-27,1.0188,403,510281,Sávio,19,Spurs,Midfielder,6.5,1.942,0.0,1.942,47.87,0.0,2.0,5.0,0.2987,1.942,0,2,5,1.742,0,1.0,5.0,0.01,0.0
2026-10-10T06:27:48+00:00,6,2026-10-10T10:00:00Z,player-sim-2.0,player-sim-2.0,player-sim-3.0-candidate,holdout_rejected,0.0,0.0,0.0,0.0,fpl-2026-27,1.0188,455,432422,Tonali,19,Spurs,Midfielder,5.3,3.0,0.0,3.0,82.33,2.0,2.0,5.0,0.566,3.0,2,2,5,2.305,0,2.0,4.0,0.0033,0.0
2026-10-10T06:27:48+00:00,6,2026-10-10T10:00:00Z,player-sim-2.0,player-sim-2.0,player-sim-3.0-candidate,holdout_rejected,0.0,0.0,0.0,0.0,fpl-2026-27,1.03,494,184254,Vicario,19,Spurs,Goalkeeper,4.5,0.0,0.0,0.0,0.0,0.0,0.0,0.0,0.0,0.0,0,0,0,0.0,0,0,0,0.0,0.0
2026-10-10T06:27:48+00:00,6,2026-10-10T10:00:00Z,player-sim-2.0,player-sim-2.0,player-sim-3.0-candidate,holdout_rejected,0.0,0.0,0.0,0.0,fpl-2026-27,1.03,495,214572,Austin,19,Spurs,Goalkeeper,4.0,0.122,0.0,0.122,3.79,0.0,0.0,0.0,0.0304,0.122,0,0,0,0.183,0,0,0,0.0,0.0
2026-10-10T06:27:48+00:00,6,2026-10-10T10:00:00Z,player-sim-2.0,player-sim-2.0,player-sim-3.0-candidate,holdout_rejected,0.0,0.0,0.0,0.0,fpl-2026-27,1.03,496,485055,Kinsky,19,Spurs,Goalkeeper,4.5,2.08,0.0,2.08,74.04,0.0,2.0,6.0,0.4622,2.08,0,2,6,2.023,0,2.0,6.0,0.0,0.0
2026-10-10T06:27:48+00:00,6,2026-10-10T10:00:00Z,player-sim-2.0,player-sim-2.0,player-sim-3.0-candidate,holdout_rejected,0.0,0.0,0.0,0.0,fpl-2026-27,1.03,497,67089,Dubravka,19,Spurs,Goalkeeper,4.0,0.467,0.0,0.467,13.42,0.0,0.0,2.0,0.1167,0.467,0,0,2,0.2,0,0,0,0.0,0.0
2026-10-10T06:27:48+00:00,6,2026-10-10T10:00:00Z,player-sim-2.0,player-sim-2.0,player-sim-3.0-candidate,holdout_rejected,0.0,0.0,0.0,0.0,fpl-2026-27,1.0,498,221466,Senesi,19,Spurs,Defender,5.8,1.042,0.0,1.042,22.62,0.0,0.0,4.0,0.1796,1.042,0,0,4,0.977,0,0,4.0,0.005,0.0
2026-10-10T06:27:48+00:00,6,2026-10-10T10:00:00Z,player-sim-2.0,player-sim-2.0,player-sim-3.0-candidate,holdout_rejected,0.0,0.0,0.0,0.0,fpl-2026-27,1.0,499,441164,Pedro Porro,19,Spurs,Defender,5.4,0.0,0.0,0.0,0.0,0.0,0.0,0.0,0.0,0.0,0,0,0,0.0,0,0,0,0.0,0.0
2026-10-10T06:27:48+00:00,6,2026-10-10T10:00:00Z,player-sim-2.0,player-sim-2.0,player-sim-3.0-candidate,holdout_rejected,0.0,0.0,0.0,0.0,fpl-2026-27,1.0,500,221632,Romero,19,Spurs,Defender,5.0,0.0,0.0,0.0,0.0,0.0,0.0,0.0,0.0,0.0,0,0,0,0.0,0,0,0,0.0,0.0
2026-10-10T06:27:48+00:00,6,2026-10-10T10:00:00Z,player-sim-2.0,player-sim-2.0,player-sim-3.0-candidate,holdout_rejected,0.0,0.0,0.0,0.0,fpl-2026-27,1.0,502,122798,Robertson,19,Spurs,Defender,4.4,2.342,0.0,2.342,62.93,0.0,2.0,6.0,0.5322,2.342,0,2,6,2.01,0,1.0,6.0,0.0067,0.0017
2026-10-10T06:27:48+00:00,6,2026-10-10T10:00:00Z,player-sim-2.0,player-sim-2.0,player-sim-3.0-candidate,holdout_rejected,0.0,0.0,0.0,0.0,fpl-2026-27,1.0,503,491279,Van de Ven,19,Spurs,Defender,5.0,2.613,0.0,2.613,72.4,0.0,2.0,7.0,0.5227,2.613,0,2,7,2.023,0,1.0,6.0,0.0133,0.0
2026-10-10T06:27:48+00:00,6,2026-10-10T10:00:00Z,player-sim-2.0,player-sim-2.0,player-sim-3.0-candidate,holdout_rejected,0.0,0.0,0.0,0.0,fpl-2026-27,1.0,505,232859,Spence,19,Spurs,Defender,4.5,0.0,0.0,0.0,0.0,0.0,0.0,0.0,0.0,0.0,0,0,0,0.0,0,0,0,0.0,0.0
2026-10-10T06:27:48+00:00,6,2026-10-10T10:00:00Z,player-sim-2.0,player-sim-2.0,player-sim-3.0-candidate,holdout_rejected,0.0,0.0,0.0,0.0,fpl-2026-27,1.0,506,487053,Udogie,19,Spurs,Defender,4.4,0.717,0.0,0.717,20.85,0.0,0.0,1.0,0.1629,0.717,0,0,1,0.753,0,0,2.0,0.0,0.0
2026-10-10T06:27:48+00:00,6,2026-10-10T10:00:00Z,player-sim-2.0,player-sim-2.0,player-sim-3.0-candidate,holdout_rejected,0.0,0.0,0.0,0.0,fpl-2026-27,1.0,507,548308,Phillips,19,Spurs,Defender,4.5,0.0,0.0,0.0,0.0,0.0,0.0,0.0,0.0,0.0,0,0,0,0.0,0,0,0,0.0,0.0
2026-10-10T06:27:48+00:00,6,2026-10-10T10:00:00Z,player-sim-2.0,player-sim-2.0,player-sim-3.0-candidate,holdout_rejected,0.0,0.0,0.0,0.0,fpl-2026-27,1.0,508,115556,Davies,19,Spurs,Defender,3.9,0.022,0.0,0.022,0.65,0.0,0.0,0.0,0.0056,0.022,0,0,0,0.275,0,0,0,0.0033,0.0
2026-10-10T06:27:48+00:00,6,2026-10-10T10:00:00Z,player-sim-2.0,player-sim-2.0,player-sim-3.0-candidate,holdout_rejected,0.0,0.0,0.0,0.0,fpl-2026-27,1.0,509,640419,Byfield,19,Spurs,Defender,4.0,0.0,0.0,0.0,0.0,0.0,0.0,0.0,0.0,0.0,0,0,0,0.308,0,0,1.0,0.0,0.0
2026-10-10T06:27:48+00:00,6,2026-10-10T10:00:00Z,player-sim-2.0,player-sim-2.0,player-sim-3.0-candidate,holdout_rejected,0.0,0.0,0.0,0.0,fpl-2026-27,1.0,510,499716,Rowswell,19,Spurs,Defender,4.0,0.0,0.0,0.0,0.0,0.0,0.0,0.0,0.0,0.0,0,0,0,0.225,0,0,1.0,0.0,0.0
2026-10-10T06:27:48+00:00,6,2026-10-10T10:00:00Z,player-sim-2.0,player-sim-2.0,player-sim-3.0-candidate,holdout_rejected,0.0,0.0,0.0,0.0,fpl-2026-27,1.0,511,616221,Souza,19,Spurs,Defender,4.0,0.0,0.0,0.0,0.0,0.0,0.0,0.0,0.0,0.0,0,0,0,0.0,0,0,0,0.0,0.0
2026-10-10T06:27:48+00:00,6,2026-10-10T10:00:00Z,player-sim-2.0,player-sim-2.0,player-sim-3.0-candidate,holdout_rejected,0.0,0.0,0.0,0.0,fpl-2026-27,1.0188,512,460842,Kudus,19,Spurs,Midfielder,6.5,1.095,0.0,1.095,18.8,0.0,1.0,2.0,0.1685,1.095,0,1,2,1.043,0,1.0,2.0,0.0,0.0
2026-10-10T06:27:48+00:00,6,2026-10-10T10:00:00Z,player-sim-2.0,player-sim-2.0,player-sim-3.0-candidate,holdout_rejected,0.0,0.0,0.0,0.0,fpl-2026-27,1.0188,513,493362,Xavi,19,Spurs,Midfielder,5.9,0.0,0.0,0.0,0.0,0.0,0.0,0.0,0.0,0.0,0,0,0,0.0,0,0,0,0.0,0.0
2026-10-10T06:27:48+00:00,6,2026-10-10T10:00:00Z,player-sim-2.0,player-sim-2.0,player-sim-3.0-candidate,holdout_rejected,0.0,0.0,0.0,0.0,fpl-2026-27,1.0188,514,511499,Tel,19,Spurs,Midfielder,5.7,1.787,0.0,1.787,41.27,0.0,1.0,4.0,0.3135,1.787,0,1,4,1.598,0,1.0,3.0,0.005,0.0
2026-10-10T06:27:48+00:00,6,2026-10-10T10:00:00Z,player-sim-2.0,player-sim-2.0,player-sim-3.0-candidate,holdout_rejected,0.0,0.0,0.0,0.0,fpl-2026-27,1.0188,515,172780,Maddison,19,Spurs,Midfielder,6.3,0.615,0.0,0.615,9.54,0.0,1.0,1.0,0.0976,0.615,0,1,1,0.773,0,1.0,1.0,0.0033,0.0
2026-10-10T06:27:48+00:00,6,2026-10-10T10:00:00Z,player-sim-2.0,player-sim-2.0,player-sim-3.0-candidate,holdout_rejected,0.0,0.0,0.0,0.0,fpl-2026-27,1.0188,516,202993,Bentancur,19,Spurs,Midfielder,5.5,2.767,0.0,2.767,69.74,1.0,2.0,5.0,0.503,2.767,1,2,5,2.185,0,2.0,4.0,0.0017,0.0
2026-10-10T06:27:48+00:00,6,2026-10-10T10:00:00Z,player-sim-2.0,player-sim-2.0,player-sim-3.0-candidate,holdout_rejected,0.0,0.0,0.0,0.0,fpl-2026-27,1.0188,517,550839,Odobert,19,Spurs,Midfielder,5.5,0.0,0.0,0.0,0.0,0.0,0.0,0.0,0.0,0.0,0,0,0,0.0,0,0,0,0.0,0.0
2026-10-10T06:27:48+00:00,6,2026-10-10T10:00:00Z,player-sim-2.0,player-sim-2.0,player-sim-3.0-candidate,holdout_rejected,0.0,0.0,0.0,0.0,fpl-2026-27,1.0188,518,482442,P.M.Sarr,19,Spurs,Midfielder,4.9,0.0,0.0,0.0,0.0,0.0,0.0,0.0,0.0,0.0,0,0,0,0.0,0,0,0,0.0,0.0
2026-10-10T06:27:48+00:00,6,2026-10-10T10:00:00Z,player-sim-2.0,player-sim-2.0,player-sim-3.0-candidate,holdout_rejected,0.0,0.0,0.0,0.0,fpl-2026-27,1.0188,519,232787,Gallagher,19,Spurs,Midfielder,5.3,1.075,0.0,1.075,27.05,0.0,1.0,3.0,0.2028,1.075,0,1,3,1.193,0,1.0,3.0,0.0083,0.0033
2026-10-10T06:27:48+00:00,6,2026-10-10T10:00:00Z,player-sim-2.0,player-sim-2.0,player-sim-3.0-candidate,holdout_rejected,0.0,0.0,0.0,0.0,fpl-2026-27,1.0188,520,570526,Bergvall,19,Spurs,Midfielder,5.3,0.777,0.0,0.777,16.63,0.0,1.0,1.0,0.1465,0.777,0,1,1,0.992,0,1.0,2.0,0.0033,0.0
2026-10-10T06:27:48+00:00,6,2026-10-10T10:00:00Z,player-sim-2.0,player-sim-2.0,player-sim-3.0-candidate,holdout_rejected,0.0,0.0,0.0,0.0,fpl-2026-27,1.0188,521,445044,Kulusevski,19,Spurs,Midfielder,6.5,0.0,0.0,0.0,0.0,0.0,0.0,0.0,0.0,0.0,0,0,0,0.0,0,0,0,0.0,0.0
2026-10-10T06:27:48+00:00,6,2026-10-10T10:00:00Z,player-sim-2.0,player-sim-2.0,player-sim-3.0-candidate,holdout_rejected,0.0,0.0,0.0,0.0,fpl-2026-27,1.0188,522,547701,Gray,19,Spurs,Midfielder,4.9,1.803,0.0,1.803,53.23,0.0,2.0,4.0,0.368,1.803,0,2,4,1.663,0,2.0,3.0,0.0017,0.0
2026-10-10T06:27:48+00:00,6,2026-10-10T10:00:00Z,player-sim-2.0,player-sim-2.0,player-sim-3.0-candidate,holdout_rejected,0.0,0.0,0.0,0.0,fpl-2026-27,1.0188,523,499721,Moore,19,Spurs,Midfielder,5.0,0.0,0.0,0.0,0.0,0.0,0.0,0.0,0.0,0.0,0,0,0,0.0,0,0,0,0.0,0.0
2026-10-10T06:27:48+00:00,6,2026-10-10T10:00:00Z,player-sim-2.0,player-sim-2.0,player-sim-3.0-candidate,holdout_rejected,0.0,0.0,0.0,0.0,fpl-2026-27,1.0188,524,499726,Olusesi,19,Spurs,Midfielder,4.4,0.0,0.0,0.0,0.0,0.0,0.0,0.0,0.0,0.0,0,0,0,0.348,0,0,1.0,0.0017,0.0
2026-10-10T06:27:48+00:00,6,2026-10-10T10:00:00Z,player-sim-2.0,player-sim-2.0,player-sim-3.0-candidate,holdout_rejected,0.0,0.0,0.0,0.0,fpl-2026-27,1.0188,525,551226,Fernandes,19,Spurs,Midfielder,5.7,1.957,0.0,1.957,51.3,1.0,1.0,4.0,0.3433,1.957,1,1,4,1.708,0,1.0,4.0,0.0017,0.0
2026-10-10T06:27:48+00:00,6,2026-10-10T10:00:00Z,player-sim-2.0,player-sim-2.0,player-sim-3.0-candidate,holdout_rejected,0.0,0.0,0.0,0.0,fpl-2026-27,1.015,526,154566,Solanke,19,Spurs,Forward,5.8,1.678,0.0,1.678,37.1,1.0,1.0,4.0,0.2894,1.678,1,1,4,1.645,0,1.0,3.0,0.0133,0.0
2026-10-10T06:27:48+00:00,6,2026-10-10T10:00:00Z,player-sim-2.0,player-sim-2.0,player-sim-3.0-candidate,holdout_rejected,0.0,0.0,0.0,0.0,fpl-2026-27,1.015,527,212319,Richarlison,19,Spurs,Forward,5.9,0.0,0.0,0.0,0.0,0.0,0.0,0.0,0.0,0.0,0,0,0,0.0,0,0,0,0.0,0.0
2026-10-10T06:27:48+00:00,6,2026-10-10T10:00:00Z,player-sim-2.0,player-sim-2.0,player-sim-3.0-candidate,holdout_rejected,0.0,0.0,0.0,0.0,fpl-2026-27,1.015,528,490145,Scarlett,19,Spurs,Forward,4.5,0.0,0.0,0.0,0.0,0.0,0.0,0.0,0.0,0.0,0,0,0,0.0,0,0,0,0.0,0.0
2026-10-10T06:27:48+00:00,6,2026-10-10T10:00:00Z,player-sim-2.0,player-sim-2.0,player-sim-3.0-candidate,holdout_rejected,0.0,0.0,0.0,0.0,fpl-2026-27,1.0188,578,465920,Mudryk,19,Spurs,Midfielder,5.3,0.0,0.0,0.0,0.0,0.0,0.0,0.0,0.0,0.0,0,0,0,0.0,0,0,0,0.0,0.0
2026-10-10T06:27:48+00:00,6,2026-10-10T10:00:00Z,player-sim-2.0,player-sim-2.0,player-sim-3.0-candidate,holdout_rejected,0.0,0.0,0.0,0.0,fpl-2026-27,1.0188,601,611917,Williams-Barnett,19,Spurs,Midfielder,4.5,0.143,0.0,0.143,3.76,0.0,0.0,0.0,0.0318,0.143,0,0,0,0.242,0,0,1.0,0.0,0.0
2026-10-10T06:27:48+00:00,6,2026-10-10T10:00:00Z,player-sim-2.0,player-sim-2.0,player-sim-3.0-candidate,holdout_rejected,0.0,0.0,0.0,0.0,fpl-2026-27,1.0,501,135720,Danso,20,Sunderland,Defender,5.0,2.31,0.0,2.31,56.29,0.0,1.0,6.0,0.462,2.31,0,1,6,1.633,0,1.0,6.0,0.005,0.0
2026-10-10T06:27:48+00:00,6,2026-10-10T10:00:00Z,player-sim-2.0,player-sim-2.0,player-sim-3.0-candidate,holdout_rejected,0.0,0.0,0.0,0.0,fpl-2026-27,1.03,529,498016,Roefs,20,Sunderland,Goalkeeper,4.9,2.79,0.0,2.79,87.36,1.0,2.0,6.0,0.5694,2.79,1,2,6,2.198,0,2.0,6.0,0.005,0.0
2026-10-10T06:27:48+00:00,6,2026-10-10T10:00:00Z,player-sim-2.0,player-sim-2.0,player-sim-3.0-candidate,holdout_rejected,0.0,0.0,0.0,0.0,fpl-2026-27,1.03,530,232571,Patterson,20,Sunderland,Goalkeeper,4.0,0.0,0.0,0.0,0.0,0.0,0.0,0.0,0.0,0.0,0,0,0,0.0,0,0,0,0.0,0.0
2026-10-10T06:27:48+00:00,6,2026-10-10T10:00:00Z,player-sim-2.0,player-sim-2.0,player-sim-3.0-candidate,holdout_rejected,0.0,0.0,0.0,0.0,fpl-2026-27,1.03,531,515046,Ellborg,20,Sunderland,Goalkeeper,4.4,0.048,0.0,0.048,1.23,0.0,0.0,0.0,0.011,0.048,0,0,0,0.272,0,0,0,0.0,0.0
2026-10-10T06:27:48+00:00,6,2026-10-10T10:00:00Z,player-sim-2.0,player-sim-2.0,player-sim-3.0-candidate,holdout_rejected,0.0,0.0,0.0,0.0,fpl-2026-27,1.0,532,223827,Ballard,20,Sunderland,Defender,4.9,0.0,0.0,0.0,0.0,0.0,0.0,0.0,0.0,0.0,0,0,0,0.0,0,0,0,0.0,0.0
2026-10-10T06:27:48+00:00,6,2026-10-10T10:00:00Z,player-sim-2.0,player-sim-2.0,player-sim-3.0-candidate,holdout_rejected,0.0,0.0,0.0,0.0,fpl-2026-27,1.0,533,200834,Mukiele,20,Sunderland,Defender,5.4,3.397,0.0,3.397,72.7,0.0,3.0,8.0,0.629,3.397,0,3,8,2.677,0,2.0,8.0,0.0467,0.0033
2026-10-10T06:27:48+00:00,6,2026-10-10T10:00:00Z,player-sim-2.0,player-sim-2.0,player-sim-3.0-candidate,holdout_rejected,0.0,0.0,0.0,0.0,fpl-2026-27,1.0,534,487676,Hume,20,Sunderland,Defender,4.3,1.46,0.0,1.46,39.26,0.0,1.0,4.0,0.3395,1.46,0,1,4,1.432,0,1.0,5.0,0.0083,0.0
2026-10-10T06:27:48+00:00,6,2026-10-10T10:00:00Z,player-sim-2.0,player-sim-2.0,player-sim-3.0-candidate,holdout_rejected,0.0,0.0,0.0,0.0,fpl-2026-27,1.0,535,201895,Alderete,20,Sunderland,Defender,4.8,0.642,0.0,0.642,13.8,0.0,0.0,2.0,0.1337,0.642,0,0,2,0.493,0,0,1.0,0.0017,0.0
2026-10-10T06:27:48+00:00,6,2026-10-10T10:00:00Z,player-sim-2.0,player-sim-2.0,player-sim-3.0-candidate,holdout_rejected,0.0,0.0,0.0,0.0,fpl-2026-27,1.0,536,434399,Reinildo,20,Sunderland,Defender,4.4,1.718,0.0,1.718,62.64,0.0,1.0,5.0,0.3905,1.718,0,1,5,1.863,0,1.0,6.0,0.0017,0.0
2026-10-10T06:27:48+00:00,6,2026-10-10T10:00:00Z,player-sim-2.0,player-sim-2.0,player-sim-3.0-candidate,holdout_rejected,0.0,0.0,0.0,0.0,fpl-2026-27,1.0,537,519634,Seelt,20,Sunderland,Defender,4.5,0.0,0.0,0.0,0.0,0.0,0.0,0.0,0.0,0.0,0,0,0,0.0,0,0,0,0.0,0.0
2026-10-10T06:27:48+00:00,6,2026-10-10T10:00:00Z,player-sim-2.0,player-sim-2.0,player-sim-3.0-candidate,holdout_rejected,0.0,0.0,0.0,0.0,fpl-2026-27,1.0,538,477547,Hjelde,20,Sunderland,Defender,4.0,0.0,0.0,0.0,0.0,0.0,0.0,0.0,0.0,0.0,0,0,0,0.0,0,0,0,0.0,0.0
2026-10-10T06:27:48+00:00,6,2026-10-10T10:00:00Z,player-sim-2.0,player-sim-2.0,player-sim-3.0-candidate,holdout_rejected,0.0,0.0,0.0,0.0,fpl-2026-27,1.0,539,167512,O'Nien,20,Sunderland,Defender,3.9,0.375,0.0,0.375,9.96,0.0,0.0,1.0,0.0962,0.375,0,0,1,0.56,0,0,2.0,0.0,0.0
2026-10-10T06:27:48+00:00,6,2026-10-10T10:00:00Z,player-sim-2.0,player-sim-2.0,player-sim-3.0-candidate,holdout_rejected,0.0,0.0,0.0,0.0,fpl-2026-27,1.0,540,105717,Masuaku,20,Sunderland,Defender,4.0,0.0,0.0,0.0,0.0,0.0,0.0,0.0,0.0,0.0,0,0,0,0.0,0,0,0,0.0,0.0
2026-10-10T06:27:48+00:00,6,2026-10-10T10:00:00Z,player-sim-2.0,player-sim-2.0,player-sim-3.0-candidate,holdout_rejected,0.0,0.0,0.0,0.0,fpl-2026-27,1.0,541,93605,Meunier,20,Sunderland,Defender,4.5,2.462,0.0,2.462,69.61,0.0,2.0,6.0,0.547,2.462,0,2,6,2.727,0,2.0,7.0,0.025,0.005
2026-10-10T06:27:48+00:00,6,2026-10-10T10:00:00Z,player-sim-2.0,player-sim-2.0,player-sim-3.0-candidate,holdout_rejected,0.0,0.0,0.0,0.0,fpl-2026-27,1.0188,542,484420,E.Le Fée,20,Sunderland,Midfielder,5.7,3.985,0.0,3.985,85.63,2.0,3.0,8.0,0.6991,3.985,2,3,8,3.635,0.0,2.0,8.0,0.0783,0.0217
2026-10-10T06:27:48+00:00,6,2026-10-10T10:00:00Z,player-sim-2.0,player-sim-2.0,player-sim-3.0-candidate,holdout_rejected,0.0,0.0,0.0,0.0,fpl-2026-27,1.0188,543,547027,Diarra,20,Sunderland,Midfielder,5.3,0.0,0.0,0.0,0.0,0.0,0.0,0.0,0.0,0.0,0,0,0,0.0,0,0,0,0.0,0.0
2026-10-10T06:27:48+00:00,6,2026-10-10T10:00:00Z,player-sim-2.0,player-sim-2.0,player-sim-3.0-candidate,holdout_rejected,0.0,0.0,0.0,0.0,fpl-2026-27,1.0188,544,84450,Xhaka,20,Sunderland,Midfielder,5.5,3.76,0.0,3.76,87.08,2.0,3.0,7.0,0.6836,3.76,2,3,7,2.91,0,2.0,6.0,0.025,0.0
2026-10-10T06:27:48+00:00,6,2026-10-10T10:00:00Z,player-sim-2.0,player-sim-2.0,player-sim-3.0-candidate,holdout_rejected,0.0,0.0,0.0,0.0,fpl-2026-27,1.0188,545,577669,Sadiki,20,Sunderland,Midfielder,4.9,2.552,0.0,2.552,80.27,1.0,2.0,5.0,0.5208,2.552,1,2,5,2.15,0,2.0,4.0,0.005,0.0
2026-10-10T06:27:48+00:00,6,2026-10-10T10:00:00Z,player-sim-2.0,player-sim-2.0,player-sim-3.0-candidate,holdout_rejected,0.0,0.0,0.0,0.0,fpl-2026-27,1.0188,546,535818,Adingra,20,Sunderland,Midfielder,4.9,0.0,0.0,0.0,0.0,0.0,0.0,0.0,0.0,0.0,0,0,0,0.0,0,0,0,0.0,0.0
2026-10-10T06:27:48+00:00,6,2026-10-10T10:00:00Z,player-sim-2.0,player-sim-2.0,player-sim-3.0-candidate,holdout_rejected,0.0,0.0,0.0,0.0,fpl-2026-27,1.0188,547,461199,Mundle,20,Sunderland,Midfielder,4.8,0.0,0.0,0.0,0.0,0.0,0.0,0.0,0.0,0.0,0,0,0,0.0,0,0,0,0.0,0.0
2026-10-10T06:27:48+00:00,6,2026-10-10T10:00:00Z,player-sim-2.0,player-sim-2.0,player-sim-3.0-candidate,holdout_rejected,0.0,0.0,0.0,0.0,fpl-2026-27,1.0188,548,554197,Rigg,20,Sunderland,Midfielder,4.9,0.307,0.0,0.307,6.48,0.0,0.0,1.0,0.0626,0.307,0,0,1,0.653,0,0,1.0,0.0,0.0
2026-10-10T06:27:48+00:00,6,2026-10-10T10:00:00Z,player-sim-2.0,player-sim-2.0,player-sim-3.0-candidate,holdout_rejected,0.0,0.0,0.0,0.0,fpl-2026-27,1.0188,549,549912,Talbi,20,Sunderland,Midfielder,5.3,0.358,0.0,0.358,9.04,0.0,0.0,1.0,0.0676,0.358,0,0,1,0.572,0,0,2.0,0.0017,0.0
2026-10-10T06:27:48+00:00,6,2026-10-10T10:00:00Z,player-sim-2.0,player-sim-2.0,player-sim-3.0-candidate,holdout_rejected,0.0,0.0,0.0,0.0,fpl-2026-27,1.0188,550,699989,Jocelin.T,20,Sunderland,Midfielder,4.9,0.0,0.0,0.0,0.09,0.0,0.0,0.0,0.0,0.0,0,0,0,0.358,0,0,1.0,0.0033,0.0
2026-10-10T06:27:48+00:00,6,2026-10-10T10:00:00Z,player-sim-2.0,player-sim-2.0,player-sim-3.0-candidate,holdout_rejected,0.0,0.0,0.0,0.0,fpl-2026-27,1.0188,551,536661,N.Angulo,20,Sunderland,Midfielder,5.0,2.15,0.0,2.15,54.34,0.0,2.0,4.0,0.43,2.15,0,2,4,2.545,0.0,2.0,6.0,0.01,0.0
2026-10-10T06:27:48+00:00,6,2026-10-10T10:00:00Z,player-sim-2.0,player-sim-2.0,player-sim-3.0-candidate,holdout_rejected,0.0,0.0,0.0,0.0,fpl-2026-27,1.015,552,441264,Brobbey,20,Sunderland,Forward,5.7,0.0,0.0,0.0,0.0,0.0,0.0,0.0,0.0,0.0,0,0,0,0.0,0,0,0,0.0,0.0
2026-10-10T06:27:48+00:00,6,2026-10-10T10:00:00Z,player-sim-2.0,player-sim-2.0,player-sim-3.0-candidate,holdout_rejected,0.0,0.0,0.0,0.0,fpl-2026-27,1.015,553,437505,Isidor,20,Sunderland,Forward,5.5,1.54,0.0,1.54,20.37,1.0,1.0,4.0,0.28,1.54,1,1,4,1.71,0,1.0,5.0,0.01,0.005
2026-10-10T06:27:48+00:00,6,2026-10-10T10:00:00Z,player-sim-2.0,player-sim-2.0,player-sim-3.0-candidate,holdout_rejected,0.0,0.0,0.0,0.0,fpl-2026-27,1.0,612,638411,Methalie,20,Sunderland,Defender,4.5,0.925,0.0,0.925,25.77,0.0,0.0,4.0,0.2056,0.925,0,0,4,0.772,0,0,2.0,0.0017,0.0
2026-10-10T06:27:48+00:00,6,2026-10-10T10:00:00Z,player-sim-2.0,player-sim-2.0,player-sim-3.0-candidate,holdout_rejected,0.0,0.0,0.0,0.0,fpl-2026-27,1.025,613,696104,Ahoka,20,Sunderland,Midfielder,4.5,0.36,0.0,0.36,8.29,0.0,0.0,1.0,0.08,0.36,0,0,1,0.352,0,0,2.0,0.0,0.0
2026-10-10T06:27:48+00:00,6,2026-10-10T10:00:00Z,player-sim-2.0,player-sim-2.0,player-sim-3.0-candidate,holdout_rejected,0.0,0.0,0.0,0.0,fpl-2026-27,1.0312,646,549940,Fofana,20,Sunderland,Midfielder,5.5,1.22,0.0,1.22,23.23,0.0,1.0,2.0,0.2218,1.22,0,1,2,1.222,0,1.0,2.0,0.0033,0.0
2026-10-10T06:27:48+00:00,6,2026-10-10T10:00:00Z,player-sim-2.0,player-sim-2.0,player-sim-3.0-candidate,holdout_rejected,0.0,0.0,0.0,0.0,fpl-2026-27,1.025,651,661313,J.Angulo,20,Sunderland,Forward,4.5,0.613,0.0,0.613,12.94,0.0,0.0,2.0,0.1363,0.613,0,0,2,0.428,0,0,1.0,0.0017,0.0
