observed_at,player_id,player_code,web_name,team_id,team_code,team_name,position,price,price_change_gameweek,price_change_season,status,news,news_added,chance_of_playing_this_round,chance_of_playing_next_round,selected_by_percent,form,expected_points_this_gameweek,expected_points_next_gameweek,transfers_in_event,transfers_out_event,transfers_in_season,transfers_out_season,penalties_order,direct_free_kicks_order,corners_and_indirect_free_kicks_order
2026-09-18T11:18:53+00:00,1,154561,Raya,1,3,Arsenal,Goalkeeper,6.0,0.0,0.0,a,,,,,41.1,7.2,7.2,7.2,237527,53359,798328,578735,,,
2026-09-18T11:18:53+00:00,2,109745,Arrizabalaga,1,3,Arsenal,Goalkeeper,4.9,0.0,-0.1,a,,,,,0.1,0.0,0.0,0.0,158,505,1354,3959,,,
2026-09-18T11:18:53+00:00,3,437495,Meslier,1,3,Arsenal,Goalkeeper,4.9,0.0,-0.1,a,,,,,0.0,0.0,0.0,0.0,68,185,449,1444,,,
2026-09-18T11:18:53+00:00,4,226597,Gabriel,1,3,Arsenal,Defender,8.0,0.0,0.0,a,,,,,23.2,6.0,6.0,6.0,40589,96397,202799,820476,,,
2026-09-18T11:18:53+00:00,5,445122,J.Timber,1,3,Arsenal,Defender,6.5,0.0,0.0,a,,2026-07-23T12:01:23.272929Z,25,100,0.3,0.2,0.1,0.2,17146,3187,18714,10122,,,
2026-09-18T11:18:53+00:00,6,462424,Saliba,1,3,Arsenal,Defender,5.9,0.0,-0.1,i,Back injury - Unknown return date,2026-07-23T12:01:23.289376Z,0,0,0.2,0.0,0.0,0.0,375,1849,3058,17398,,,
2026-09-18T11:18:53+00:00,7,499169,Lewis-Skelly,1,3,Arsenal,Midfielder,5.5,0.0,0.0,a,,,,,0.6,2.2,2.2,2.2,2848,9456,28298,43117,,,
2026-09-18T11:18:53+00:00,8,466075,Calafiori,1,3,Arsenal,Defender,5.8,0.0,0.3,a,,,,,50.2,7.0,7.0,7.0,228225,66523,1541333,321427,,,
2026-09-18T11:18:53+00:00,9,448104,Hincapie,1,3,Arsenal,Defender,5.3,0.0,-0.2,a,,,,,0.9,0.5,0.5,0.5,2343,13938,14603,110001,,,
2026-09-18T11:18:53+00:00,10,198869,White,1,3,Arsenal,Defender,5.5,0.0,0.0,a,,2026-09-15T19:30:09.494382Z,100,100,5.7,5.2,5.2,5.2,18272,203390,449863,462777,,,
2026-09-18T11:18:53+00:00,11,500040,Mosquera,1,3,Arsenal,Defender,5.3,-0.1,-0.2,a,,2026-09-04T14:00:08.080310Z,50,100,1.8,3.0,1.5,3.0,191,73871,29880,450723,,,
2026-09-18T11:18:53+00:00,12,223340,Saka,1,3,Arsenal,Midfielder,9.5,0.0,0.0,a,,,,,12.9,7.5,7.5,7.5,171197,52940,629573,337862,1,,
2026-09-18T11:18:53+00:00,13,204480,Rice,1,3,Arsenal,Midfielder,7.4,0.0,-0.1,a,,,,,12.5,4.8,4.8,4.8,24754,70051,107915,629220,,,
2026-09-18T11:18:53+00:00,14,232413,Eze,1,3,Arsenal,Midfielder,6.3,0.0,-0.2,a,,,,,1.1,0.8,0.8,0.8,2689,15647,20582,130450,,,
2026-09-18T11:18:53+00:00,15,184029,Ødegaard,1,3,Arsenal,Midfielder,6.8,0.1,0.3,a,,,,,19.8,6.8,6.8,6.8,274729,106390,1504173,433811,3,,
2026-09-18T11:18:53+00:00,16,248857,Madueke,1,3,Arsenal,Midfielder,6.2,-0.1,-0.3,a,,,,,0.2,0.5,0.5,0.5,1040,3200,5127,23984,,,
2026-09-18T11:18:53+00:00,17,195384,Merino,1,3,Arsenal,Midfielder,5.8,0.0,-0.2,a,,,,,0.4,0.8,0.8,0.8,1218,5675,8610,44651,,,
2026-09-18T11:18:53+00:00,18,444145,Martinelli,1,3,Arsenal,Midfielder,6.3,0.0,-0.2,u,Has joined Al Hilal permanently,2026-09-04T12:34:46.738449Z,0,0,0.1,0.0,0.0,0.0,0,1352,2483,21154,,,
2026-09-18T11:18:53+00:00,19,481655,Zubimendi,1,3,Arsenal,Midfielder,5.3,-0.1,-0.2,a,,,,,0.6,1.0,1.0,1.0,1319,8040,7890,61621,,,
2026-09-18T11:18:53+00:00,20,616077,Dowman,1,3,Arsenal,Midfielder,5.3,0.0,-0.2,a,,,,,0.1,0.0,0.0,0.0,792,948,2502,6617,,,
2026-09-18T11:18:53+00:00,22,499175,Nwaneri,1,3,Arsenal,Midfielder,5.4,0.0,-0.1,u,Has joined Borussia Dortmund on loan for the rest of the season,2026-09-02T16:01:07.058827Z,0,0,0.0,0.0,0.0,0.0,0,104,233,1188,,,
2026-09-18T11:18:53+00:00,23,438098,Fábio Vieira,1,3,Arsenal,Midfielder,5.5,0.0,0.0,u,Has joined Hamburger SV permanently,2026-09-02T16:00:28.446370Z,0,0,0.0,0.0,0.0,0.0,0,82,255,873,,,
2026-09-18T11:18:53+00:00,24,200641,Nelson,1,3,Arsenal,Midfielder,5.5,0.0,0.0,u,has departed the club as a free agent.,2026-08-29T00:33:08.556767Z,0,0,0.0,0.0,0.0,0.0,0,56,68,644,,,
2026-09-18T11:18:53+00:00,25,224117,Gyökeres,1,3,Arsenal,Forward,7.2,0.0,-0.3,a,,,,,3.2,0.2,0.2,0.2,4212,48052,27279,585350,2,,
2026-09-18T11:18:53+00:00,26,219847,Havertz,1,3,Arsenal,Forward,7.6,0.1,0.1,a,,,,,8.2,4.2,4.2,4.2,105955,85827,561846,343328,,,
2026-09-18T11:18:53+00:00,27,205651,G.Jesus,1,3,Arsenal,Forward,5.9,0.0,-0.1,u,Has joined FC Barcelona permanently,2026-09-02T16:00:28.475184Z,0,0,0.2,0.0,0.0,0.0,0,2080,4164,28063,,,
2026-09-18T11:18:53+00:00,31,199798,Konsa,1,3,Arsenal,Defender,4.5,0.0,0.0,a,,,,,18.6,2.8,2.8,2.8,279444,53072,1309657,578650,,,
2026-09-18T11:18:53+00:00,452,208706,Bruno G.,1,3,Arsenal,Midfielder,6.7,-0.1,-0.3,a,,2026-09-04T14:00:08.328779Z,100,100,1.8,2.0,2.0,2.0,14249,8440,22996,235630,4,,
2026-09-18T11:18:53+00:00,557,439509,Tzolis,1,3,Arsenal,Midfielder,6.4,0.0,-0.1,a,,,,,13.8,3.5,3.5,3.5,32478,231372,443240,1391642,,,
2026-09-18T11:18:53+00:00,29,72147,M.Bizot,2,7,Aston Villa,Goalkeeper,4.5,0.0,0.0,d,Back injury - 75% chance of playing,2026-09-17T07:30:09.058151Z,,75,0.1,0.2,0.2,0.2,397,1187,4575,6071,,,
2026-09-18T11:18:53+00:00,30,101188,Digne,2,7,Aston Villa,Defender,4.5,0.0,0.0,u,Has joined Paris Saint-Germain permanently,2026-08-10T14:03:30.089007Z,0,0,0.1,0.0,0.0,0.0,0,383,0,8363,,,
2026-09-18T11:18:53+00:00,32,199796,Cash,2,7,Aston Villa,Defender,4.4,-0.1,-0.1,a,,2026-09-09T14:30:08.192142Z,75,100,5.1,1.8,1.4,1.8,3209,100327,90596,383624,,,
2026-09-18T11:18:53+00:00,33,149484,Mings,2,7,Aston Villa,Defender,4.5,0.0,0.0,a,,,,,0.4,1.8,1.8,1.8,2860,4303,14047,15170,,,
2026-09-18T11:18:53+00:00,34,244954,Pau,2,7,Aston Villa,Defender,4.5,0.0,0.0,d,Hamstring injury - 75% chance of playing,2026-09-12T18:00:08.712707Z,,75,0.3,0.8,0.8,0.6,232,7342,11188,22325,,,
2026-09-18T11:18:53+00:00,35,515597,Bogarde,2,7,Aston Villa,Midfielder,5.0,0.0,0.0,a,,,,,0.1,0.2,0.2,0.2,432,851,2699,4218,,,
2026-09-18T11:18:53+00:00,36,441302,Maatsen,2,7,Aston Villa,Defender,4.5,0.0,0.0,d,Ankle injury - 25% chance of playing,2026-09-12T18:00:08.729468Z,,25,0.6,2.2,2.2,0.6,532,24391,31826,48886,,,
2026-09-18T11:18:53+00:00,37,184667,Lindelöf,2,7,Aston Villa,Defender,4.5,0.0,0.0,a,,,,,0.3,1.8,1.8,1.8,2847,3146,12945,12252,,,
2026-09-18T11:18:53+00:00,38,606798,A.García,2,7,Aston Villa,Defender,4.0,0.0,0.0,a,,,,,1.6,0.0,0.0,0.0,6451,12088,42745,59815,,,
2026-09-18T11:18:53+00:00,39,578545,Nedeljkovic,2,7,Aston Villa,Defender,4.0,0.0,0.0,u,Has joined Rangers on loan for the rest of the season,2026-08-19T13:56:46.385411Z,0,0,0.1,0.0,0.0,0.0,0,1079,0,14491,,,
2026-09-18T11:18:53+00:00,41,195546,Buendía,2,7,Aston Villa,Midfielder,5.9,0.0,-0.1,a,,,,,0.9,2.2,2.2,2.2,4976,18300,46555,86164,1,,
2026-09-18T11:18:53+00:00,44,215711,Bailey,2,7,Aston Villa,Midfielder,5.4,0.0,-0.1,u,Has joined Olympiakos permanently,2026-09-04T12:35:14.472260Z,0,0,0.1,0.0,0.0,0.0,0,1430,2096,12513,,,
2026-09-18T11:18:53+00:00,45,122806,McGinn,2,7,Aston Villa,Midfielder,5.4,0.0,-0.1,a,,,,,2.2,2.8,2.8,2.8,15357,19443,60374,141819,,,
2026-09-18T11:18:53+00:00,46,88894,Barkley,2,7,Aston Villa,Midfielder,5.0,0.0,0.0,a,,,,,0.3,2.2,2.2,2.2,2203,3332,15066,13805,,,
2026-09-18T11:18:53+00:00,47,226944,Kamara,2,7,Aston Villa,Midfielder,5.0,0.0,0.0,a,,2026-07-23T12:01:23.337269Z,100,100,0.3,2.2,2.2,2.2,1741,3985,12962,19199,,,
2026-09-18T11:18:53+00:00,48,449871,Onana,2,7,Aston Villa,Midfielder,4.9,-0.1,-0.1,i,Knee injury - Unknown return date,2026-07-23T12:01:23.352497Z,0,0,0.0,0.0,0.0,0.0,56,187,461,1554,,,
2026-09-18T11:18:53+00:00,49,469247,Iling Jr,2,7,Aston Villa,Midfielder,5.0,0.0,0.0,u,Has joined Bolton Wanderers on loan for the rest of the season,2026-08-17T13:52:28.532616Z,0,0,0.0,0.0,0.0,0.0,0,19,0,224,,,
2026-09-18T11:18:53+00:00,50,645618,Burrowes,2,7,Aston Villa,Midfielder,4.5,0.0,0.0,a,,,,,0.6,0.0,0.0,0.0,1773,6211,20637,30705,,,
2026-09-18T11:18:53+00:00,51,577285,George Hemmings,2,7,Aston Villa,Midfielder,4.5,0.0,0.0,a,,,,,1.3,2.0,2.0,2.0,12142,14098,110749,56757,,,
2026-09-18T11:18:53+00:00,52,653481,Alysson,2,7,Aston Villa,Midfielder,5.0,0.0,0.0,a,,,,,0.1,2.0,2.0,2.0,1367,526,3045,2764,,,
2026-09-18T11:18:53+00:00,53,614071,Manzambi,2,7,Aston Villa,Midfielder,5.9,0.0,-0.1,a,,2026-08-15T15:30:06.388335Z,50,100,0.1,0.2,0.1,0.2,1617,861,2760,16490,,,
2026-09-18T11:18:53+00:00,54,448089,Gomes,2,7,Aston Villa,Midfielder,5.5,0.0,0.0,d,Calf injury - 75% chance of playing,2026-09-16T19:30:08.742410Z,0,75,0.0,-0.5,0.0,-0.4,393,285,768,3867,,,
2026-09-18T11:18:53+00:00,55,178301,Watkins,2,7,Aston Villa,Forward,7.8,0.0,-0.2,u,Has joined Al Hilal permanently,2026-09-01T13:15:16.698799Z,0,0,2.7,0.0,0.0,0.0,0,30245,14882,742376,,,
2026-09-18T11:18:53+00:00,56,173879,Abraham,2,7,Aston Villa,Forward,5.5,0.0,0.0,a,,2026-08-15T16:00:07.558543Z,100,100,0.2,0.8,0.8,0.8,3277,2445,12985,10696,,,
2026-09-18T11:18:53+00:00,160,493105,Garnacho,2,7,Aston Villa,Midfielder,5.8,-0.1,-0.2,a,,,,,0.3,0.8,0.8,0.8,756,6148,6865,37560,,,
2026-09-18T11:18:53+00:00,166,517052,N.Jackson,2,7,Aston Villa,Forward,6.5,0.0,0.0,a,,,,,1.2,1.0,1.0,1.0,14247,29307,140675,70108,2,,
2026-09-18T11:18:53+00:00,582,690838,Madjo,2,7,Aston Villa,Forward,5.4,-0.1,-0.1,i,Unspecified injury - Unknown return date,2026-08-15T16:00:07.974271Z,0,0,0.2,0.0,0.0,0.0,239,3770,2656,27896,,,
2026-09-18T11:18:53+00:00,596,487992,Ruggeri,2,7,Aston Villa,Defender,4.5,0.0,0.0,a,,,,,0.1,0.5,0.5,0.5,596,991,2460,5081,,,
2026-09-18T11:18:53+00:00,597,433969,Suzuki,2,7,Aston Villa,Goalkeeper,5.0,0.0,0.0,a,,,,,1.8,3.5,3.5,3.5,13866,15497,134844,52546,,,
2026-09-18T11:18:53+00:00,606,569577,Rowe,2,7,Aston Villa,Defender,4.0,0.0,0.0,a,,,,,0.2,0.0,0.0,0.0,1611,1439,12485,5095,,,
2026-09-18T11:18:53+00:00,607,571380,Lynch,2,7,Aston Villa,Midfielder,4.5,0.0,0.0,u,Has joined Oxford United on loan until January,2026-09-04T12:35:39.820426Z,0,0,0.1,0.0,0.0,0.0,0,1256,7103,7333,,,
2026-09-18T11:18:53+00:00,611,214590,Wan-Bissaka,2,7,Aston Villa,Defender,4.5,0.0,0.0,a,,,,,0.2,1.7,1.7,1.7,3976,1930,16234,5951,,,
2026-09-18T11:18:53+00:00,618,119090,Goretzka,2,7,Aston Villa,Midfielder,5.9,-0.1,-0.1,i,Knee injury - Expected back 10 Oct,2026-09-09T09:30:08.229436Z,0,0,0.0,0.0,0.0,0.0,43,1251,4605,4201,,,
2026-09-18T11:18:53+00:00,630,245719,Harwood-Bellis,2,7,Aston Villa,Defender,4.5,0.0,0.0,a,,,,,0.0,0.0,0.0,0.0,302,302,1900,757,,,
2026-09-18T11:18:53+00:00,631,638987,Mbaye,2,7,Aston Villa,Midfielder,6.0,0.0,0.0,a,,,,,0.1,0.5,0.5,0.5,2161,1215,9004,3425,,,
2026-09-18T11:18:53+00:00,57,457569,Petrović,3,91,Bournemouth,Goalkeeper,4.5,0.0,0.0,a,,,,,3.0,1.8,1.8,1.8,5876,21970,104740,108101,,,
2026-09-18T11:18:53+00:00,58,40383,Forster,3,91,Bournemouth,Goalkeeper,4.0,0.0,0.0,a,,,,,3.5,0.0,0.0,0.0,18779,12461,105468,68663,,,
2026-09-18T11:18:53+00:00,59,444172,Dennis,3,91,Bournemouth,Goalkeeper,4.0,0.0,0.0,u,Has joined MK Dons permanently,2026-08-27T14:53:48.692835Z,0,0,0.1,0.0,0.0,0.0,0,897,1133,6806,,,
2026-09-18T11:18:53+00:00,60,463981,Hill,3,91,Bournemouth,Defender,5.5,0.0,0.0,a,,,,,0.8,2.0,2.0,2.0,2829,9417,27249,38381,,,
2026-09-18T11:18:53+00:00,61,494521,Truffert,3,91,Bournemouth,Defender,5.5,0.0,0.0,a,,,,,3.1,2.0,2.0,2.0,5363,27952,50712,141737,,,
2026-09-18T11:18:53+00:00,62,242882,Diakité,3,91,Bournemouth,Defender,5.0,0.0,0.0,a,,,,,0.2,0.0,0.0,0.0,800,1964,6542,10801,,,
2026-09-18T11:18:53+00:00,63,620487,Milosavljević,3,91,Bournemouth,Defender,4.9,-0.1,-0.1,i,Thigh injury - Unknown return date,2026-08-06T10:00:10.456051Z,0,0,0.0,0.0,0.0,0.0,58,84,290,786,,,
2026-09-18T11:18:53+00:00,64,54469,Smith,3,91,Bournemouth,Defender,4.5,0.0,0.0,a,,,,,0.1,0.5,0.5,0.5,699,1650,6679,6497,,,
2026-09-18T11:18:53+00:00,65,436893,J.Araujo,3,91,Bournemouth,Defender,4.4,0.0,-0.1,i,Thigh injury - Unknown return date,2026-08-09T08:00:05.645826Z,0,0,0.0,0.0,0.0,0.0,82,132,365,1220,,,
2026-09-18T11:18:53+00:00,66,575901,Soler,3,91,Bournemouth,Defender,4.0,0.0,0.0,a,,2026-08-15T16:30:07.021055Z,100,100,0.3,0.0,0.0,0.0,2061,2084,12805,9565,,,
2026-09-18T11:18:53+00:00,67,499604,Rayan,3,91,Bournemouth,Midfielder,6.4,0.0,-0.1,a,,,,,1.6,2.0,2.0,2.0,3584,29680,47521,153816,,,
2026-09-18T11:18:53+00:00,68,201658,Tavernier,3,91,Bournemouth,Midfielder,6.1,0.1,0.1,a,,,,,6.1,7.2,7.2,7.2,266284,47847,559174,161586,3,,
2026-09-18T11:18:53+00:00,69,503139,Scott,3,91,Bournemouth,Midfielder,6.1,0.0,0.1,a,,,,,5.8,7.0,7.0,7.0,62557,64549,514397,157605,,,
2026-09-18T11:18:53+00:00,70,222683,Kluivert,3,91,Bournemouth,Midfielder,6.0,0.0,0.0,a,,,,,1.0,3.8,3.8,3.8,11718,8849,47534,62652,2,,
2026-09-18T11:18:53+00:00,71,155408,Cook,3,91,Bournemouth,Midfielder,5.0,0.0,0.0,a,,,,,0.2,1.8,1.8,1.8,717,3188,12710,12230,,,
2026-09-18T11:18:53+00:00,72,496208,Gannon-Doak,3,91,Bournemouth,Midfielder,4.9,0.0,-0.1,a,,,,,0.1,0.8,0.8,0.8,288,700,1450,4107,,,
2026-09-18T11:18:53+00:00,73,200785,Adams,3,91,Bournemouth,Midfielder,5.0,0.0,0.0,a,,2026-08-15T16:30:07.029928Z,100,100,0.3,2.0,2.0,2.0,2626,3440,16840,14565,,,
2026-09-18T11:18:53+00:00,74,111317,Brooks,3,91,Bournemouth,Midfielder,5.0,0.0,0.0,a,,2026-08-15T16:30:07.037929Z,100,100,0.1,0.5,0.5,0.5,439,768,3118,3329,,,
2026-09-18T11:18:53+00:00,75,158499,Christie,3,91,Bournemouth,Midfielder,5.0,0.0,0.0,a,,2026-07-24T17:30:10.035483Z,100,100,0.0,0.8,0.8,0.8,484,550,3198,1836,,,
2026-09-18T11:18:53+00:00,76,614574,Tóth.A,3,91,Bournemouth,Midfielder,4.9,-0.1,-0.1,a,,,,,0.0,0.2,0.2,0.2,52,119,347,706,,,
2026-09-18T11:18:53+00:00,77,489888,Adli,3,91,Bournemouth,Midfielder,4.9,0.0,-0.1,i,Calf injury - Unknown return date,2026-08-15T16:00:07.590566Z,0,0,0.0,0.0,0.0,0.0,23,189,267,2121,,,
2026-09-18T11:18:53+00:00,78,560262,Kroupi.Jr,3,91,Bournemouth,Midfielder,7.4,0.0,-0.1,i,Foot injury - Expected back 7 Nov,2026-07-29T17:30:09.796802Z,0,0,0.2,0.0,0.0,0.0,126,1574,1031,26263,1,,
2026-09-18T11:18:53+00:00,79,444102,Evanilson,3,91,Bournemouth,Forward,6.0,0.0,0.0,a,,,,,3.2,4.0,4.0,4.0,36709,37776,227766,145621,,,
2026-09-18T11:18:53+00:00,80,168636,Enes Ünal,3,91,Bournemouth,Forward,5.5,0.0,0.0,u,Has joined Getafe permanently,2026-08-14T14:14:21.881112Z,0,0,0.0,0.0,0.0,0.0,0,105,0,1916,,,
2026-09-18T11:18:53+00:00,81,561245,Rodríguez,3,91,Bournemouth,Forward,6.0,0.0,0.0,a,,2026-08-15T16:30:07.054142Z,100,100,0.1,0.5,0.5,0.5,766,1185,4534,5942,,,
2026-09-18T11:18:53+00:00,566,483067,Silva,3,91,Bournemouth,Defender,5.0,0.0,0.0,a,,,,,0.4,2.5,2.5,2.5,1956,5201,24746,20067,,,
2026-09-18T11:18:53+00:00,573,494928,Sanchez,3,91,Bournemouth,Defender,4.4,-0.1,-0.1,a,,,,,0.2,0.0,0.0,0.0,271,1098,1377,6459,,,
2026-09-18T11:18:53+00:00,608,523700,Jebbison,3,91,Bournemouth,Forward,5.0,0.0,0.0,a,,,,,0.1,0.5,0.5,0.5,1735,1782,12112,6089,,,
2026-09-18T11:18:53+00:00,615,230650,Di Gregorio,3,91,Bournemouth,Goalkeeper,4.5,0.0,0.0,a,,,,,0.0,0.0,0.0,0.0,306,484,2706,1492,,,
2026-09-18T11:18:53+00:00,82,200720,Kelleher,4,94,Brentford,Goalkeeper,5.0,0.0,0.0,a,,,,,6.1,3.5,3.5,3.5,7845,52398,230356,189614,,,
2026-09-18T11:18:53+00:00,83,507433,Valdimarsson,4,94,Brentford,Goalkeeper,4.5,0.0,0.0,a,,,,,0.1,0.0,0.0,0.0,266,723,2514,4089,,,
2026-09-18T11:18:53+00:00,84,432830,Collins,4,94,Brentford,Defender,5.4,-0.1,-0.1,i,Calf injury - Unknown return date,2026-09-05T18:00:06.182495Z,0,0,1.1,2.5,0.0,0.0,95,32948,58610,140912,,,
2026-09-18T11:18:53+00:00,85,444765,Van den Berg,4,94,Brentford,Defender,4.9,0.0,-0.1,i,Groin injury - Unknown return date,2026-08-15T15:30:06.416627Z,0,0,0.1,0.0,0.0,0.0,32,680,368,8520,,,
2026-09-18T11:18:53+00:00,86,249231,Lewis-Potter,4,94,Brentford,Midfielder,5.5,0.0,0.0,a,,,,,1.8,4.8,4.8,4.8,5157,35162,185551,101041,,,
2026-09-18T11:18:53+00:00,87,191866,Ajer,4,94,Brentford,Defender,4.5,0.0,0.0,a,,,,,4.1,3.5,3.5,3.5,7649,53444,304189,233166,,,
2026-09-18T11:18:53+00:00,88,607464,Kayode,4,94,Brentford,Defender,4.6,0.0,0.1,a,,,,,7.8,4.2,4.2,4.2,15975,114434,580437,326057,,,
2026-09-18T11:18:53+00:00,89,194010,Henry,4,94,Brentford,Defender,4.4,-0.1,-0.1,a,,,,,0.2,0.2,0.2,0.2,347,1383,1761,7733,,,
2026-09-18T11:18:53+00:00,90,472713,Hickey,4,94,Brentford,Defender,4.5,0.0,0.0,a,,,,,0.1,1.0,1.0,1.0,274,511,1859,2654,,,
2026-09-18T11:18:53+00:00,92,570241,Ji-soo,4,94,Brentford,Defender,4.5,0.0,0.0,a,,,,,0.0,0.0,0.0,0.0,57,143,422,852,,,
2026-09-18T11:18:53+00:00,93,513086,Schuster,4,94,Brentford,Defender,4.5,0.0,0.0,a,,,,,0.1,1.8,1.8,1.8,275,797,1488,4210,,,
2026-09-18T11:18:53+00:00,94,513418,Schade,4,94,Brentford,Midfielder,6.1,0.1,0.1,a,,,,,7.1,7.5,7.5,7.5,348068,45893,542344,207339,2,,
2026-09-18T11:18:53+00:00,95,533463,O.Dango,4,94,Brentford,Midfielder,6.3,-0.1,-0.2,a,,,,,0.5,1.5,1.5,1.5,719,11573,14051,75504,,,
2026-09-18T11:18:53+00:00,96,440089,Damsgaard,4,94,Brentford,Midfielder,5.4,-0.1,-0.1,a,,,,,0.4,3.2,3.2,3.2,1192,6514,13177,26652,,,
2026-09-18T11:18:53+00:00,97,207283,Jensen,4,94,Brentford,Midfielder,5.4,0.0,-0.1,i,Unspecified injury - Expected back 10 Oct,2026-08-30T12:30:08.176795Z,0,0,0.1,1.5,0.0,0.0,12,1511,4481,14048,3,,
2026-09-18T11:18:53+00:00,98,204580,Janelt,4,94,Brentford,Midfielder,5.0,0.0,0.0,a,,,,,2.5,6.2,6.2,6.2,38227,27698,278052,83027,,,
2026-09-18T11:18:53+00:00,99,543295,Milambo,4,94,Brentford,Midfielder,5.0,0.0,0.0,i,Knee injury - Unknown return date,2026-07-23T12:01:23.384798Z,0,0,0.0,0.0,0.0,0.0,14,29,103,148,,,
2026-09-18T11:18:53+00:00,100,244858,Carvalho,4,94,Brentford,Midfielder,5.0,0.0,0.0,a,,2026-08-18T13:58:17.442072Z,100,100,0.0,0.0,0.0,0.0,232,305,1265,1241,,,
2026-09-18T11:18:53+00:00,102,508395,Yarmoliuk,4,94,Brentford,Midfielder,4.8,-0.1,-0.2,a,,,,,0.7,1.5,1.5,1.5,1536,7502,4063,56402,,,
2026-09-18T11:18:53+00:00,103,183656,Dasilva,4,94,Brentford,Midfielder,4.9,0.0,-0.1,i,Hamstring injury - Expected back 10 Oct,2026-09-04T13:30:08.371955Z,0,0,0.0,0.0,0.0,0.0,8,247,388,1799,,,
2026-09-18T11:18:53+00:00,105,444180,Anthony,4,94,Brentford,Midfielder,5.9,-0.1,-0.1,a,,,,,0.1,1.2,1.2,1.2,488,1776,4851,10080,,,
2026-09-18T11:18:53+00:00,106,502500,Thiago,4,94,Brentford,Forward,7.8,-0.1,-0.2,a,,,,,9.1,1.2,1.2,1.2,18029,182266,206013,957243,1,,
2026-09-18T11:18:53+00:00,107,593174,Furo,4,94,Brentford,Forward,4.5,0.0,0.0,i,Unspecified injury - Unknown return date,2026-09-14T14:00:09.985723Z,,0,1.0,0.0,0.0,0.0,6285,17055,60823,53824,,,
2026-09-18T11:18:53+00:00,108,75115,Wilson,4,94,Brentford,Forward,5.5,0.0,0.0,a,,,,,0.3,0.8,0.8,0.8,1376,5155,14054,23178,,,
2026-09-18T11:18:53+00:00,565,513545,M.Sangaré,4,94,Brentford,Midfielder,5.7,0.0,0.2,a,,,,,11.4,5.5,5.5,5.5,24212,168354,1214331,636337,,,
2026-09-18T11:18:53+00:00,620,613804,Diouf,4,94,Brentford,Defender,4.5,0.0,0.0,a,,,,,0.1,0.3,0.3,0.3,914,1465,12996,6455,,,
2026-09-18T11:18:53+00:00,657,626464,Nunes,4,94,Brentford,Midfielder,4.5,0.0,0.0,a,,,,,0.0,0.0,1.1,1.1,1614,372,1614,372,,,
2026-09-18T11:18:53+00:00,109,489639,Verbruggen,5,36,Brighton,Goalkeeper,4.5,0.0,0.0,a,,,,,21.5,4.2,4.2,4.2,74549,108164,678952,507514,,,
2026-09-18T11:18:53+00:00,111,49262,Steele,5,36,Brighton,Goalkeeper,4.0,0.0,0.0,a,,,,,4.2,0.0,0.0,0.0,16742,17457,136505,101800,,,
2026-09-18T11:18:53+00:00,113,231416,F.Kadıoğlu,5,36,Brighton,Defender,4.4,0.0,-0.1,a,,2026-08-23T13:00:07.595211Z,100,100,1.6,2.0,2.0,2.0,3659,14305,25795,123588,,,
2026-09-18T11:18:53+00:00,114,204120,Boscagli,5,36,Brighton,Defender,4.5,0.0,0.0,a,,,,,0.3,3.2,3.2,3.2,1168,2021,14003,10599,,,
2026-09-18T11:18:53+00:00,115,465730,De Cuyper,5,36,Brighton,Defender,4.9,0.1,0.4,a,,,,,24.3,8.0,8.0,8.0,353426,95942,2361207,357978,,,
2026-09-18T11:18:53+00:00,116,83299,Dunk,5,36,Brighton,Defender,4.5,0.0,0.0,a,,,,,1.5,5.5,5.5,5.5,24160,9469,77608,38912,,,
2026-09-18T11:18:53+00:00,117,550090,Coppola,5,36,Brighton,Defender,4.5,0.0,0.0,a,,,,,0.0,0.0,0.0,0.0,160,196,792,946,,,
2026-09-18T11:18:53+00:00,118,223434,Igor,5,36,Brighton,Defender,4.5,0.0,0.0,u,Has joined Burnley permanently,2026-09-02T15:38:15.529699Z,0,0,0.0,0.0,0.0,0.0,0,763,915,5523,,,
2026-09-18T11:18:53+00:00,119,451490,Costinha,5,36,Brighton,Defender,4.5,0.0,0.0,a,,,,,0.0,0.8,0.8,0.8,184,268,1073,1287,,,
2026-09-18T11:18:53+00:00,120,454490,Svoboda,5,36,Brighton,Defender,5.0,0.0,0.0,a,,,,,0.1,0.0,0.0,0.0,578,843,3107,3408,,,
2026-09-18T11:18:53+00:00,121,451340,Mitoma,5,36,Brighton,Midfielder,5.9,0.0,-0.1,i,Hamstring injury - Expected back 10 Oct,2026-07-24T18:30:10.661894Z,0,0,0.0,0.0,0.0,0.0,53,264,416,2909,,,
2026-09-18T11:18:53+00:00,122,592031,Minteh,5,36,Brighton,Midfielder,5.9,0.0,-0.1,i,Leg injury - Expected back 28 Nov,2026-08-14T18:00:06.418033Z,0,0,0.0,0.0,0.0,0.0,26,426,288,6624,,,
2026-09-18T11:18:53+00:00,123,532529,Hinshelwood,5,36,Brighton,Midfielder,5.9,-0.1,-0.1,i,Ankle injury - Expected back 10 Oct,2026-08-27T19:30:07.780933Z,0,0,0.6,4.0,0.0,0.0,113,23380,147606,205937,,,
2026-09-18T11:18:53+00:00,124,60307,Groß,5,36,Brighton,Midfielder,5.7,0.1,0.2,a,,,,,20.3,8.2,8.2,8.2,503478,81440,1259562,505865,1,,
2026-09-18T11:18:53+00:00,125,463067,Georginio,5,36,Brighton,Forward,5.4,0.0,-0.1,a,,2026-08-26T16:00:07.608056Z,75,100,0.5,1.2,0.9,1.2,1798,10260,31480,70404,,,
2026-09-18T11:18:53+00:00,126,219249,O'Riley,5,36,Brighton,Midfielder,5.4,-0.1,-0.1,a,,,,,0.1,0.2,0.2,0.2,511,1099,3108,5816,3,,
2026-09-18T11:18:53+00:00,127,514254,Gomez,5,36,Brighton,Midfielder,5.0,0.0,0.0,a,,,,,4.3,4.0,4.0,4.0,11245,61554,320375,241139,,,
2026-09-18T11:18:53+00:00,128,536916,Buonanotte,5,36,Brighton,Midfielder,5.0,0.0,0.0,u,Has joined Elche on loan for the rest of the season,2026-08-10T14:03:07.561436Z,0,0,0.0,0.0,0.0,0.0,0,15,0,321,,,
2026-09-18T11:18:53+00:00,129,509416,Ayari,5,36,Brighton,Midfielder,5.4,0.0,-0.1,a,,2026-08-30T18:00:07.935334Z,100,100,0.4,3.0,3.0,3.0,3045,3519,9833,38682,,,
2026-09-18T11:18:53+00:00,130,467779,Wieffer,5,36,Brighton,Defender,4.9,-0.1,-0.1,i,Knee injury - Unknown return date,2026-09-04T09:30:08.612904Z,0,0,0.2,1.8,0.0,0.0,48,6055,25906,40528,,,
2026-09-18T11:18:53+00:00,132,597320,Howell,5,36,Brighton,Midfielder,4.5,0.0,0.0,u,Has joined Leicester City on loan for the rest of the season,2026-08-17T13:53:19.019938Z,0,0,0.0,0.0,0.0,0.0,0,348,0,3431,,,
2026-09-18T11:18:53+00:00,133,549074,Watson,5,36,Brighton,Midfielder,5.0,0.0,0.0,u,Has joined Leicester City on loan for the rest of the season,2026-08-03T14:05:44.459483Z,0,0,0.0,0.0,0.0,0.0,0,9,0,130,,,
2026-09-18T11:18:53+00:00,134,556637,Oriola,5,36,Brighton,Midfielder,4.5,0.0,0.0,a,,,,,0.2,0.0,0.0,0.0,829,2552,8343,12378,,,
2026-09-18T11:18:53+00:00,135,700308,Yohanna,5,36,Brighton,Midfielder,4.9,0.0,-0.1,i,Unspecified injury - Expected back 10 Oct,2026-09-10T13:00:08.617941Z,0,0,0.0,0.2,0.0,0.0,27,1000,1235,4911,,,
2026-09-18T11:18:53+00:00,137,608181,Tzimas,5,36,Brighton,Forward,5.4,-0.1,-0.1,i,Knee injury - Unknown return date,2026-07-23T12:01:23.432796Z,0,0,0.0,0.0,0.0,0.0,48,78,282,692,,,
2026-09-18T11:18:53+00:00,138,647850,Kostoulas,5,36,Brighton,Forward,5.5,0.0,0.0,a,,,,,0.9,4.5,4.5,4.5,45892,12026,93425,29457,,,
2026-09-18T11:18:53+00:00,139,487117,Ferguson,5,36,Brighton,Forward,5.0,0.0,0.0,i,Ankle injury - Expected back 10 Oct,2026-07-23T12:01:23.448357Z,0,0,0.0,0.0,0.0,0.0,215,358,1424,2223,,,
2026-09-18T11:18:53+00:00,328,222694,Struijk,5,36,Brighton,Defender,4.9,-0.1,-0.1,a,,2026-08-15T20:30:07.523574Z,100,100,0.2,0.5,0.5,0.5,536,2144,4994,10875,,,
2026-09-18T11:18:53+00:00,504,610799,Vuskovic,5,36,Brighton,Defender,5.0,0.0,0.0,a,,,,,3.1,6.0,6.0,6.0,24471,27948,199883,117820,,,
2026-09-18T11:18:53+00:00,594,538007,David,5,36,Brighton,Forward,6.0,0.0,0.0,a,,,,,0.2,0.2,0.2,0.2,1857,4408,11619,19485,2,,
2026-09-18T11:18:53+00:00,600,612855,Osman,5,36,Brighton,Midfielder,5.0,0.0,0.0,a,,,,,0.0,0.8,0.8,0.8,135,196,818,922,,,
2026-09-18T11:18:53+00:00,605,611695,Yalcouyé,5,36,Brighton,Midfielder,4.5,0.0,0.0,a,,,,,4.0,4.8,4.8,4.8,107275,35083,505471,129972,,,
2026-09-18T11:18:53+00:00,614,512123,Hadjam,5,36,Brighton,Defender,4.5,0.0,0.0,a,,,,,0.0,0.0,0.0,0.0,416,564,3642,1663,,,
2026-09-18T11:18:53+00:00,624,519324,Cozier-Duberry,5,36,Brighton,Midfielder,5.0,0.0,0.0,u,Has joined Middlesbrough on loan for the rest of the season,2026-09-02T15:38:15.552951Z,0,0,0.0,0.0,0.0,0.0,0,10,117,106,,,
2026-09-18T11:18:53+00:00,639,592984,Andrés,5,36,Brighton,Midfielder,5.5,0.0,0.0,a,,,,,0.0,2.0,2.0,2.0,409,211,1183,448,,,
2026-09-18T11:18:53+00:00,652,471551,Azeez,5,36,Brighton,Midfielder,5.5,0.0,0.0,i,Hamstring injury - Expected back 10 Oct,2026-09-04T11:30:08.661589Z,75,0,0.0,0.0,0.0,0.0,52,46,421,139,,,
2026-09-18T11:18:53+00:00,658,661016,Ibrahim,5,36,Brighton,Midfielder,4.5,0.0,0.0,a,,,,,0.0,0.0,1.1,1.1,1068,231,1068,231,,,
2026-09-18T11:18:53+00:00,28,98980,Martinez,6,8,Chelsea,Goalkeeper,5.0,0.0,0.0,a,,,,,4.9,1.8,1.8,1.8,17719,46851,234505,217648,,,
2026-09-18T11:18:53+00:00,40,244850,Rogers,6,8,Chelsea,Midfielder,7.7,0.1,0.2,a,,,,,39.2,6.8,6.8,6.8,571620,53079,2203529,575382,,,
2026-09-18T11:18:53+00:00,101,56979,Henderson,6,8,Chelsea,Midfielder,4.9,0.0,-0.1,d,Wrist injury - 50% chance of playing,2026-08-09T09:30:07.136250Z,0,50,0.0,0.0,0.0,0.0,40,381,608,2427,,,
2026-09-18T11:18:53+00:00,136,50175,Welbeck,6,8,Chelsea,Forward,5.9,0.0,-0.1,a,,2026-08-20T14:00:07.949090Z,100,100,0.9,0.5,0.5,0.5,18537,11205,37564,71136,,,
2026-09-18T11:18:53+00:00,140,215059,Sánchez,6,8,Chelsea,Goalkeeper,4.9,0.0,-0.1,u,Has joined Como on loan for the rest of the season,2026-09-02T16:20:41.841936Z,0,0,0.8,0.5,0.0,0.0,0,12985,10847,169045,,,
2026-09-18T11:18:53+00:00,141,508479,Jörgensen,6,8,Chelsea,Goalkeeper,5.0,0.0,0.0,u,Has joined RC Strasbourg on loan for the rest of the season,2026-08-12T14:07:02.607115Z,0,0,0.0,0.0,0.0,0.0,0,48,0,914,,,
2026-09-18T11:18:53+00:00,142,225796,James,6,8,Chelsea,Defender,5.4,0.0,-0.1,d,Unspecified injury - 75% chance of playing,2026-09-18T10:30:09.719371Z,,75,6.9,0.8,0.8,0.6,17964,94540,167971,478397,,,
2026-09-18T11:18:53+00:00,143,180736,Chalobah,6,8,Chelsea,Defender,5.5,0.0,0.0,u,Has joined Como permanently,2026-08-10T14:03:50.769483Z,0,0,0.1,0.0,0.0,0.0,0,634,0,13559,,,
2026-09-18T11:18:53+00:00,144,482609,Gusto,6,8,Chelsea,Defender,5.0,0.0,0.0,a,,,,,1.0,1.0,1.0,1.0,3670,12007,34390,58599,,,
2026-09-18T11:18:53+00:00,145,444463,Fofana,6,8,Chelsea,Defender,5.0,0.0,0.0,a,,2026-07-23T12:01:23.464591Z,100,100,0.2,1.0,1.0,1.0,2683,2893,15452,6385,,,
2026-09-18T11:18:53+00:00,146,242880,B.Badiashile,6,8,Chelsea,Defender,4.5,0.0,0.0,u,Has joined Napoli on loan for the rest of the season,2026-08-25T14:03:47.079414Z,0,0,0.0,0.0,0.0,0.0,0,117,232,1886,,,
2026-09-18T11:18:53+00:00,148,551210,Hato,6,8,Chelsea,Defender,4.5,0.0,0.0,a,,,,,0.9,2.0,2.0,2.0,4065,17921,89593,48523,,,
2026-09-18T11:18:53+00:00,149,460028,Colwill,6,8,Chelsea,Defender,4.9,0.0,-0.1,a,,,,,0.9,0.5,0.5,0.5,1621,15675,25274,89745,,,
2026-09-18T11:18:53+00:00,150,574458,M.Sarr,6,8,Chelsea,Defender,4.5,0.0,0.0,u,Has joined Real Sociedad on loan for the rest of the season,2026-08-29T00:34:23.077418Z,0,0,0.0,0.0,0.0,0.0,0,388,429,5749,,,
2026-09-18T11:18:53+00:00,151,577016,Acheampong,6,8,Chelsea,Defender,4.5,0.0,0.0,a,,,,,0.4,1.2,1.2,1.2,1266,5148,20449,19673,,,
2026-09-18T11:18:53+00:00,152,620109,Palestra,6,8,Chelsea,Defender,5.3,-0.1,-0.2,d,Thigh injury - 50% chance of playing,2026-08-24T18:30:07.421239Z,0,50,0.7,0.0,0.0,0.0,206,17226,6406,212842,,,
2026-09-18T11:18:53+00:00,154,244851,Palmer,6,8,Chelsea,Midfielder,9.7,0.0,0.2,a,,2026-08-24T22:00:07.971542Z,100,100,26.8,6.5,6.5,6.5,148959,136612,1859795,465331,1,,
2026-09-18T11:18:53+00:00,156,247632,Neto,6,8,Chelsea,Midfielder,6.5,0.0,0.0,a,,,,,1.4,3.0,3.0,3.0,12613,18591,73753,78036,,,
2026-09-18T11:18:53+00:00,157,624773,Estêvão,6,8,Chelsea,Midfielder,6.3,-0.1,-0.2,a,,,,,0.7,0.8,0.8,0.8,2529,8946,15446,81532,2,,
2026-09-18T11:18:53+00:00,158,463936,Gittens,6,8,Chelsea,Midfielder,5.9,0.0,-0.1,a,,,,,0.0,0.0,0.0,0.0,163,364,944,2587,,,
2026-09-18T11:18:53+00:00,159,486672,Caicedo,6,8,Chelsea,Midfielder,5.3,-0.1,-0.2,d,Calf injury - 50% chance of playing,2026-08-30T16:00:08.393562Z,0,50,1.2,0.2,0.0,0.1,527,27437,14581,268110,,,
2026-09-18T11:18:53+00:00,161,514356,Lavia,6,8,Chelsea,Midfielder,5.0,0.0,0.0,a,,,,,0.2,2.8,2.8,2.8,2420,3791,24864,12488,,,
2026-09-18T11:18:53+00:00,163,491007,D.Essugo,6,8,Chelsea,Midfielder,4.5,0.0,0.0,u,Has joined RC Strasbourg on loan for the rest of the season,2026-09-02T16:20:41.865225Z,0,0,0.1,0.0,0.0,0.0,0,1765,2698,13419,,,
2026-09-18T11:18:53+00:00,164,593117,Quenda,6,8,Chelsea,Midfielder,5.3,-0.1,-0.2,a,,2026-07-24T20:30:10.609931Z,100,100,0.0,0.2,0.2,0.2,137,469,814,3156,,,
2026-09-18T11:18:53+00:00,165,475168,João Pedro,6,8,Chelsea,Forward,7.8,0.1,0.3,d,Unspecified injury - 75% chance of playing,2026-09-16T19:00:09.919929Z,,75,71.2,8.2,8.2,6.1,243264,386984,1496614,710677,,,
2026-09-18T11:18:53+00:00,168,499309,Marc Guiu,6,8,Chelsea,Forward,5.0,0.0,0.0,u,Has joined RB Leipzig permanently,2026-09-01T13:24:48.857362Z,0,0,0.2,0.0,0.0,0.0,0,3392,4102,31035,,,
2026-09-18T11:18:53+00:00,169,567119,Mheuka,6,8,Chelsea,Forward,4.5,0.0,0.0,a,,,,,0.5,0.0,0.0,0.0,7663,5064,25915,20963,,,
2026-09-18T11:18:53+00:00,170,503037,Emegha,6,8,Chelsea,Forward,5.0,0.0,0.0,i,Hamstring injury - Expected back 18 Sep,2026-09-09T15:00:09.063849Z,0,0,0.1,0.0,0.0,0.0,108,2470,5986,11196,,,
2026-09-18T11:18:53+00:00,200,437499,Lacroix,6,8,Chelsea,Defender,6.0,0.0,0.0,a,,,,,7.1,2.5,2.5,2.5,7716,102734,164873,377630,,,
2026-09-18T11:18:53+00:00,560,549939,Penders,6,8,Chelsea,Goalkeeper,4.4,0.0,-0.1,a,,,,,0.1,0.0,0.0,0.0,597,535,1676,3235,,,
2026-09-18T11:18:53+00:00,561,622758,Anselmino,6,8,Chelsea,Defender,4.5,0.0,0.0,a,,2026-08-23T19:00:08.536705Z,100,100,0.0,0.0,0.0,0.0,166,191,735,1123,,,
2026-09-18T11:18:53+00:00,568,543158,Barco,6,8,Chelsea,Midfielder,5.4,-0.1,-0.1,a,,,,,0.1,0.2,0.2,0.2,413,1172,2859,6360,,,
2026-09-18T11:18:53+00:00,583,498444,Chavarria,6,8,Chelsea,Defender,4.9,0.0,-0.1,a,,,,,0.1,1.0,1.0,1.0,395,1406,2826,10338,,,
2026-09-18T11:18:53+00:00,91,231065,Pinnock,7,9,Coventry City,Defender,4.5,0.0,0.0,a,,,,,0.1,1.5,1.5,1.5,342,604,2109,3661,,,
2026-09-18T11:18:53+00:00,104,428580,Onyeka,7,9,Coventry City,Midfielder,4.9,0.0,-0.1,a,,2026-09-15T09:00:07.851220Z,,100,0.1,1.5,1.5,1.5,285,1339,3749,8857,,,
2026-09-18T11:18:53+00:00,110,472739,Rushworth,7,9,Coventry City,Goalkeeper,4.5,0.0,0.0,a,,,,,0.8,1.2,1.2,1.2,791,9902,21010,50214,,,
2026-09-18T11:18:53+00:00,171,484389,Dovin,7,9,Coventry City,Goalkeeper,4.0,0.0,0.0,u,Has joined Leyton Orient on loan for the rest of the season,2026-09-02T15:44:14.839336Z,0,0,1.1,0.0,0.0,0.0,0,8687,8924,51476,,,
2026-09-18T11:18:53+00:00,172,110690,Wilson,7,9,Coventry City,Goalkeeper,4.4,-0.1,-0.1,a,,,,,0.4,0.0,0.0,0.0,323,1480,1057,11441,,,
2026-09-18T11:18:53+00:00,173,461102,Thomas,7,9,Coventry City,Defender,4.0,0.0,0.0,a,,,,,8.7,3.8,3.8,3.8,26102,61351,332562,238174,,,
2026-09-18T11:18:53+00:00,174,436761,Kitching,7,9,Coventry City,Defender,4.0,0.0,0.0,u,Has joined Sheffield United on loan for the rest of the season,2026-09-02T16:21:03.612394Z,0,0,0.4,0.0,0.0,0.0,0,4307,981,30063,,,
2026-09-18T11:18:53+00:00,175,451284,van Ewijk,7,9,Coventry City,Defender,4.0,0.0,0.0,a,,,,,9.6,1.5,1.5,1.5,11677,91429,120423,402163,,,
2026-09-18T11:18:53+00:00,176,173878,Dasilva,7,9,Coventry City,Defender,4.0,0.0,0.0,a,,,,,0.7,1.2,1.2,1.2,749,3979,9129,20032,,,
2026-09-18T11:18:53+00:00,177,465390,Kesler-Hayden,7,9,Coventry City,Defender,4.0,0.0,0.0,i,Hamstring injury - Unknown return date,2026-08-27T14:56:28.704361Z,0,0,0.0,0.0,0.0,0.0,138,398,551,3120,,,
2026-09-18T11:18:53+00:00,178,80178,Bidwell,7,9,Coventry City,Defender,4.0,0.0,0.0,a,,,,,0.1,0.0,0.0,0.0,407,588,2221,3115,,,
2026-09-18T11:18:53+00:00,179,204813,Latibeaudiere,7,9,Coventry City,Defender,4.0,0.0,0.0,a,,,,,0.0,0.0,0.0,0.0,133,273,889,1551,,,
2026-09-18T11:18:53+00:00,180,220583,Woolfenden,7,9,Coventry City,Defender,4.0,0.0,0.0,i,Knee injury - Unknown return date,2026-08-27T14:56:28.718566Z,0,0,0.1,0.0,0.0,0.0,205,1054,2185,8285,,,
2026-09-18T11:18:53+00:00,181,577411,Brau,7,9,Coventry City,Defender,4.0,0.0,0.0,u,Has joined Academico de Viseu on loan for the rest of the season,2026-08-29T00:35:59.980316Z,0,0,0.0,0.0,0.0,0.0,0,228,275,2018,,,
2026-09-18T11:18:53+00:00,182,539142,Amenda,7,9,Coventry City,Defender,4.0,0.0,0.0,d,Calf injury - 25% chance of playing,2026-09-17T07:30:09.329041Z,,25,0.7,1.0,1.0,0.2,1375,6163,11423,24382,,,
2026-09-18T11:18:53+00:00,183,480457,Rudoni,7,9,Coventry City,Midfielder,4.9,-0.1,-0.1,a,,2026-07-23T12:01:23.481435Z,100,100,0.1,2.0,2.0,2.0,399,1353,3320,6998,,,
2026-09-18T11:18:53+00:00,184,168144,Grimes,7,9,Coventry City,Midfielder,4.9,-0.1,-0.1,a,,,,,0.1,2.0,2.0,2.0,521,1776,3824,9949,3,,
2026-09-18T11:18:53+00:00,185,501459,Sakamoto,7,9,Coventry City,Midfielder,4.8,-0.1,-0.2,a,,,,,0.1,0.2,0.2,0.2,88,805,836,5185,,,
2026-09-18T11:18:53+00:00,186,241293,Mason-Clark,7,9,Coventry City,Midfielder,5.4,0.0,-0.1,a,,2026-08-19T18:00:08.310507Z,100,100,0.1,1.0,1.0,1.0,84,750,1023,5418,,,
2026-09-18T11:18:53+00:00,187,439668,Eccles,7,9,Coventry City,Midfielder,4.9,0.0,-0.1,i,Unspecified injury - Expected back 12 Oct,2026-09-10T18:30:08.877110Z,0,0,0.0,0.0,0.0,0.0,13,283,609,1328,,,
2026-09-18T11:18:53+00:00,188,226965,Torp,7,9,Coventry City,Midfielder,5.4,0.0,-0.1,a,,,,,0.1,0.8,0.8,0.8,42,930,743,7320,2,,
2026-09-18T11:18:53+00:00,189,684268,Shepherd,7,9,Coventry City,Midfielder,4.4,-0.1,-0.1,a,,,,,0.2,0.0,0.0,0.0,1057,2278,5069,12190,,,
2026-09-18T11:18:53+00:00,190,469272,Tchaouna,7,9,Coventry City,Midfielder,5.4,0.0,-0.1,a,,,,,0.1,1.0,1.0,1.0,32,877,3109,7657,,,
2026-09-18T11:18:53+00:00,191,492498,Borges Rodrigues,7,9,Coventry City,Midfielder,4.5,0.0,0.0,u,Has joined Burton Albion on loan for the rest of the season,2026-09-02T15:44:14.868001Z,0,0,0.1,0.0,0.0,0.0,0,1589,1943,10478,,,
2026-09-18T11:18:53+00:00,192,629397,Andrews,7,9,Coventry City,Midfielder,4.5,0.0,0.0,u,Has joined Oxford United on loan for the rest of the season,2026-08-29T00:35:59.998520Z,0,0,0.3,0.0,0.0,0.0,0,4659,2718,37961,,,
2026-09-18T11:18:53+00:00,193,176412,Wright,7,9,Coventry City,Forward,5.4,0.0,-0.1,i,Thigh injury - Unknown return date,2026-08-14T22:00:07.214508Z,0,0,0.1,0.0,0.0,0.0,81,1070,551,11749,1,,
2026-09-18T11:18:53+00:00,194,230730,Thomas-Asante,7,9,Coventry City,Forward,5.0,0.0,0.0,a,,,,,0.8,1.2,1.2,1.2,7148,10531,49285,48592,4,,
2026-09-18T11:18:53+00:00,195,218997,Simms,7,9,Coventry City,Forward,5.0,0.0,0.0,a,,,,,0.7,0.8,0.8,0.8,2412,10458,38011,56251,,,
2026-09-18T11:18:53+00:00,196,551262,Markelo,7,9,Coventry City,Forward,5.0,0.0,0.0,u,Has joined Shabab Al-Ahli Dubai permanently,2026-08-17T13:53:55.791223Z,0,0,0.0,0.0,0.0,0.0,0,98,0,1120,,,
2026-09-18T11:18:53+00:00,197,549653,Bassette,7,9,Coventry City,Forward,4.5,0.0,0.0,u,Has joined KVC Westerlo on loan for the rest of the season,2026-07-28T12:58:50.001768Z,0,0,0.0,0.0,0.0,0.0,0,236,0,1922,,,
2026-09-18T11:18:53+00:00,492,210156,Awoniyi,7,9,Coventry City,Forward,5.5,0.0,0.0,s,Suspended until 19 Oct,2026-09-13T15:00:09.305127Z,,0,0.5,0.8,0.8,0.0,552,17506,21239,55254,5,,
2026-09-18T11:18:53+00:00,575,661888,Yirenkyi,7,9,Coventry City,Midfielder,4.9,0.0,-0.1,a,,,,,0.2,1.5,1.5,1.5,213,2131,2629,12052,,,
2026-09-18T11:18:53+00:00,584,196100,Hamer,7,9,Coventry City,Midfielder,5.4,0.0,-0.1,a,,,,,0.1,0.8,0.8,0.8,59,818,745,5814,,,
2026-09-18T11:18:53+00:00,599,627221,Cherif,7,9,Coventry City,Forward,5.0,0.0,0.0,a,,,,,0.1,0.2,0.2,0.2,1370,1222,6644,6581,,,
2026-09-18T11:18:53+00:00,623,79602,Bentley,7,9,Coventry City,Goalkeeper,4.0,0.0,0.0,a,,,,,0.6,0.0,0.0,0.0,9920,2274,66983,16195,,,
2026-09-18T11:18:53+00:00,655,242893,Gboho,7,9,Coventry City,Midfielder,5.5,0.0,0.0,a,,,,,0.0,0.0,2.0,2.0,114,35,179,42,,,
2026-09-18T11:18:53+00:00,656,566213,Mfuni,7,9,Coventry City,Defender,4.0,0.0,0.0,a,,,,,0.1,0.0,1.1,1.1,5319,1383,8130,1650,,,
2026-09-18T11:18:53+00:00,42,485337,Guessand,8,31,Crystal Palace,Midfielder,5.4,-0.1,-0.1,a,,,,,0.0,0.5,0.5,0.5,285,686,2259,3255,,,
2026-09-18T11:18:53+00:00,153,220362,Disasi,8,31,Crystal Palace,Defender,4.5,0.0,0.0,s,Suspended until 25 Oct,2026-09-12T15:30:09.445078Z,,0,0.1,0.2,0.2,0.0,129,4269,9373,8612,,,
2026-09-18T11:18:53+00:00,198,172649,Henderson,8,31,Crystal Palace,Goalkeeper,5.0,0.0,0.0,i,Foot injury - Expected back 11 Oct,2026-09-12T14:00:09.378740Z,100,0,1.5,1.2,1.2,0.0,193,51226,55109,100212,,,
2026-09-18T11:18:53+00:00,199,121709,Benitez,8,31,Crystal Palace,Goalkeeper,4.5,0.0,0.0,a,,,,,0.1,0.5,0.5,0.5,1139,660,2818,4282,,,
2026-09-18T11:18:53+00:00,202,427623,Richards,8,31,Crystal Palace,Defender,5.0,0.0,0.0,a,,,,,0.6,1.5,1.5,1.5,1597,7686,20655,33919,,,
2026-09-18T11:18:53+00:00,203,651426,Canvot,8,31,Crystal Palace,Defender,4.9,0.0,-0.1,a,,,,,0.2,0.5,0.5,0.5,230,3738,5313,17672,,,
2026-09-18T11:18:53+00:00,204,244723,Mitchell,8,31,Crystal Palace,Defender,4.5,0.0,0.0,a,,,,,6.1,4.2,4.2,4.2,18858,58612,293612,233294,,,
2026-09-18T11:18:53+00:00,205,218364,Sosa,8,31,Crystal Palace,Defender,4.5,0.0,0.0,u,Has joined FC Cologne on loan for the rest of the season,2026-09-02T16:03:25.710518Z,0,0,0.0,0.0,0.0,0.0,0,242,236,1937,,,
2026-09-18T11:18:53+00:00,206,515621,Chadi Riad,8,31,Crystal Palace,Defender,4.4,0.0,-0.1,i,Knee injury - Unknown return date,2026-08-22T18:00:07.352049Z,0,0,0.0,0.2,0.0,0.0,41,329,612,5497,,,
2026-09-18T11:18:53+00:00,207,242313,Mingueza,8,31,Crystal Palace,Defender,4.4,0.0,-0.1,a,,,,,0.1,0.5,0.5,0.5,224,800,1884,4398,,,
2026-09-18T11:18:53+00:00,208,232185,Sarr,8,31,Crystal Palace,Midfielder,6.2,-0.1,-0.3,a,,2026-08-22T18:00:07.363165Z,0,100,0.6,0.0,0.0,0.0,558,10933,3169,372996,2,,
2026-09-18T11:18:53+00:00,210,496221,Wharton,8,31,Crystal Palace,Midfielder,5.5,0.0,0.0,a,,2026-07-23T12:01:23.498963Z,100,100,0.8,2.5,2.5,2.5,2449,10053,28029,42168,,,
2026-09-18T11:18:53+00:00,211,488024,Yeremy,8,31,Crystal Palace,Midfielder,5.5,0.0,0.0,a,,,,,0.4,3.0,3.0,3.0,1493,10824,44109,25060,,,
2026-09-18T11:18:53+00:00,212,108413,Hughes,8,31,Crystal Palace,Midfielder,4.4,-0.1,-0.1,a,,,,,7.9,0.5,0.5,0.5,23091,80467,107479,418147,,,
2026-09-18T11:18:53+00:00,213,152551,Lerma,8,31,Crystal Palace,Midfielder,4.9,0.0,-0.1,a,,,,,0.1,0.2,0.2,0.2,153,696,1180,5021,,,
2026-09-18T11:18:53+00:00,214,209400,Kamada,8,31,Crystal Palace,Midfielder,5.0,0.0,0.0,a,,,,,0.5,4.5,4.5,4.5,18611,6244,42957,20014,,,
2026-09-18T11:18:53+00:00,215,489706,Devenny,8,31,Crystal Palace,Midfielder,5.0,0.0,0.0,u,Has joined Stoke City permanently,2026-09-02T15:41:07.346849Z,0,0,0.0,0.0,0.0,0.0,0,98,132,888,3,,
2026-09-18T11:18:53+00:00,216,606921,Esse,8,31,Crystal Palace,Midfielder,5.0,0.0,0.0,u,Has joined Millwall on loan for the rest of the season,2026-09-02T15:41:07.376544Z,0,0,0.0,0.0,0.0,0.0,0,359,399,3065,,,
2026-09-18T11:18:53+00:00,217,536694,M.França,8,31,Crystal Palace,Midfielder,4.9,0.0,-0.1,u,Has joined Alverca on loan for the rest of the season,2026-09-11T14:42:19.322912Z,0,0,0.0,0.0,0.0,0.0,0,577,1007,3184,,,
2026-09-18T11:18:53+00:00,218,438464,Doucouré,8,31,Crystal Palace,Midfielder,4.9,0.0,-0.1,a,,,,,0.0,0.0,0.0,0.0,223,715,1925,4032,,,
2026-09-18T11:18:53+00:00,219,450542,J.Rak-Sakyi,8,31,Crystal Palace,Midfielder,4.9,0.0,-0.1,u,has joined  Kasimpasa on loan for the rest of the seaon.,2026-09-10T09:12:47.224598Z,0,0,0.0,0.0,0.0,0.0,0,91,145,432,,,
2026-09-18T11:18:53+00:00,220,590014,Cardines,8,31,Crystal Palace,Defender,4.5,0.0,0.0,u,Has joined Bristol City on loan for the rest of the season,2026-08-12T14:08:46.501813Z,0,0,0.0,0.0,0.0,0.0,0,8,0,125,,,
2026-09-18T11:18:53+00:00,221,672492,Drakes-Thomas,8,31,Crystal Palace,Midfielder,4.5,0.0,0.0,a,,,,,0.1,0.0,0.0,0.0,308,841,2496,4096,,,
2026-09-18T11:18:53+00:00,222,247412,Strand Larsen,8,31,Crystal Palace,Forward,6.0,0.0,0.0,a,,,,,0.6,3.0,3.0,3.0,12086,8529,42120,34445,,,
2026-09-18T11:18:53+00:00,223,231747,Mateta,8,31,Crystal Palace,Forward,6.3,-0.1,-0.2,i,Hamstring injury - Expected back 11 Oct,2026-08-28T21:00:08.020382Z,0,0,1.4,0.5,0.0,0.0,187,23999,25708,439952,1,,
2026-09-18T11:18:53+00:00,224,205533,Nketiah,8,31,Crystal Palace,Forward,5.5,0.0,0.0,a,,2026-09-12T14:00:09.427136Z,,100,0.5,1.8,1.8,1.8,592,20043,45547,43711,,,
2026-09-18T11:18:53+00:00,225,660392,Uche,8,31,Crystal Palace,Forward,5.0,0.0,0.0,u,has returned to Getafe CF,2026-07-23T12:18:56.275922Z,0,0,0.0,0.0,0.0,0.0,0,0,0,0,,,
2026-09-18T11:18:53+00:00,241,433154,McNeil,8,31,Crystal Palace,Midfielder,5.4,0.0,-0.1,a,,,,,0.1,0.8,0.8,0.8,158,1273,1680,7443,,,
2026-09-18T11:18:53+00:00,555,169593,Matthews,8,31,Crystal Palace,Goalkeeper,4.0,0.0,0.0,a,,,,,1.7,0.0,0.0,0.0,2987,5052,21710,27699,,,
2026-09-18T11:18:53+00:00,577,223723,Tomiyasu,8,31,Crystal Palace,Defender,4.4,-0.1,-0.1,a,,,,,0.3,0.5,0.5,0.5,386,2389,3218,11685,,,
2026-09-18T11:18:53+00:00,588,570794,Khalaili,8,31,Crystal Palace,Defender,5.0,0.0,0.0,a,,,,,0.3,3.2,3.2,3.2,5076,4799,31955,12522,,,
2026-09-18T11:18:53+00:00,595,559152,Gozo,8,31,Crystal Palace,Midfielder,5.0,0.0,0.0,a,,,,,0.0,0.5,0.5,0.5,72,169,441,764,,,
2026-09-18T11:18:53+00:00,633,605972,Ahanor,8,31,Crystal Palace,Defender,4.5,0.0,0.0,a,,,,,0.0,1.5,1.5,1.5,624,198,1689,410,,,
2026-09-18T11:18:53+00:00,643,172850,Chilwell,8,31,Crystal Palace,Defender,4.5,0.0,0.0,a,,,,,0.5,4.0,4.0,4.0,2843,7848,42128,13601,,,
2026-09-18T11:18:53+00:00,644,450063,Timber,8,31,Crystal Palace,Midfielder,5.0,0.0,0.0,a,,,,,0.0,3.0,3.0,3.0,1231,538,3644,1102,,,
2026-09-18T11:18:53+00:00,647,533646,Osorio,8,31,Crystal Palace,Midfielder,5.5,0.0,0.0,a,,,,,0.0,0.5,0.5,0.5,74,137,913,302,,,
2026-09-18T11:18:53+00:00,21,128295,Nørgaard,9,11,Everton,Midfielder,4.9,0.0,-0.1,i,Groin injury - Unknown return date,2026-08-15T20:00:06.779594Z,0,0,0.0,0.0,0.0,0.0,38,654,432,6973,,,
2026-09-18T11:18:53+00:00,209,242898,Johnson,9,11,Everton,Midfielder,5.9,0.0,-0.1,a,,,,,0.1,1.5,1.5,1.5,1806,1187,4393,9441,,,
2026-09-18T11:18:53+00:00,226,111234,Pickford,9,11,Everton,Goalkeeper,5.5,0.0,0.0,a,,,,,9.1,4.2,4.2,4.2,60792,35173,250580,214266,,,
2026-09-18T11:18:53+00:00,227,229600,Travers,9,11,Everton,Goalkeeper,5.0,0.0,0.0,a,,,,,0.0,0.0,0.0,0.0,477,394,1459,1794,,,
2026-09-18T11:18:53+00:00,228,138001,King,9,11,Everton,Goalkeeper,4.5,0.0,0.0,a,,,,,0.0,0.0,0.0,0.0,199,254,1023,1525,,,
2026-09-18T11:18:53+00:00,229,17761,Tarkowski,9,11,Everton,Defender,6.1,0.1,0.1,a,,,,,14.2,7.2,7.2,7.2,242434,40283,660377,254668,,,
2026-09-18T11:18:53+00:00,230,480455,Branthwaite,9,11,Everton,Defender,5.5,0.0,0.0,a,,,,,2.3,4.8,4.8,4.8,40159,11094,110235,62366,,,
2026-09-18T11:18:53+00:00,231,106611,Keane,9,11,Everton,Defender,4.8,-0.1,-0.2,a,,,,,0.8,0.0,0.0,0.0,1675,10174,8497,84764,,,
2026-09-18T11:18:53+00:00,232,512462,O'Brien,9,11,Everton,Defender,4.9,0.0,-0.1,a,,,,,0.3,0.2,0.2,0.2,1050,2280,4048,22978,,,
2026-09-18T11:18:53+00:00,233,224967,Mykolenko,9,11,Everton,Defender,4.5,0.0,0.0,a,,,,,3.7,5.5,5.5,5.5,177104,19398,309690,91729,,,
2026-09-18T11:18:53+00:00,234,243571,Patterson,9,11,Everton,Defender,4.5,0.0,0.0,u,Has joined Torino permanently,2026-09-02T16:05:23.326971Z,0,0,0.0,0.0,0.0,0.0,0,273,371,2265,,,
2026-09-18T11:18:53+00:00,235,499300,Aznou,9,11,Everton,Defender,4.0,0.0,0.0,u,Has joined Malaga on loan for the rest of the season,2026-09-01T13:23:16.934847Z,0,0,0.1,0.0,0.0,0.0,0,1396,1728,10343,,,
2026-09-18T11:18:53+00:00,236,215413,Dewsbury-Hall,9,11,Everton,Midfielder,6.5,0.0,0.0,a,,,,,6.0,4.2,4.2,4.2,150299,49776,484947,269580,,,
2026-09-18T11:18:53+00:00,238,114283,Grealish,9,11,Everton,Midfielder,6.5,0.0,0.0,a,,2026-07-29T10:00:10.492904Z,100,100,0.4,0.8,0.8,0.8,8066,5149,34797,19395,,,
2026-09-18T11:18:53+00:00,239,232928,Garner,9,11,Everton,Midfielder,6.0,0.0,0.0,a,,2026-09-06T18:00:08.301702Z,100,100,0.2,2.0,2.0,2.0,9636,2704,16836,11380,2,,
2026-09-18T11:18:53+00:00,242,550615,George,9,11,Everton,Midfielder,5.5,0.0,0.0,a,,,,,0.9,4.5,4.5,4.5,39275,9002,93380,29709,,,
2026-09-18T11:18:53+00:00,243,502697,Alcaraz,9,11,Everton,Midfielder,4.9,0.0,-0.1,a,,,,,0.1,0.2,0.2,0.2,431,856,2593,5258,,,
2026-09-18T11:18:53+00:00,244,609873,Armstrong,9,11,Everton,Midfielder,5.0,0.0,0.0,d,Unspecified injury - 75% chance of playing,2026-09-17T08:30:08.942299Z,,75,0.4,3.5,3.5,2.6,5815,6847,52925,27343,,,
2026-09-18T11:18:53+00:00,245,496661,Dibling,9,11,Everton,Midfielder,5.4,0.0,-0.1,a,,,,,0.0,0.0,0.0,0.0,228,321,995,2445,,,
2026-09-18T11:18:53+00:00,246,513466,Röhl,9,11,Everton,Midfielder,4.9,-0.1,-0.1,d,Unspecified injury - 75% chance of playing,2026-09-16T18:00:09.541933Z,,75,0.0,1.5,1.5,1.1,281,919,1951,3763,,,
2026-09-18T11:18:53+00:00,247,244860,Hackney,9,11,Everton,Midfielder,5.5,0.0,0.0,a,,2026-08-26T22:00:07.797766Z,100,100,0.2,2.2,2.2,2.2,625,1665,3450,10543,,,
2026-09-18T11:18:53+00:00,248,486385,Beto,9,11,Everton,Forward,5.4,0.0,-0.1,u,Has joined Fiorentina permanently,2026-09-02T16:05:23.357221Z,0,0,0.7,0.5,0.0,0.0,0,20798,16222,207804,,,
2026-09-18T11:18:53+00:00,249,586309,Barry,9,11,Everton,Forward,5.6,0.0,0.1,a,,,,,7.4,3.5,3.5,3.5,165687,69580,785631,303426,1,,
2026-09-18T11:18:53+00:00,649,154043,Maitland-Niles,9,11,Everton,Defender,4.5,0.0,0.0,a,,,,,0.9,6.5,6.5,6.5,41993,5135,60957,8965,,,
2026-09-18T11:18:53+00:00,654,629068,Graham,9,11,Everton,Midfielder,4.5,0.0,0.0,a,,,,,0.1,0.0,0.0,0.0,1481,2057,10942,4118,,,
2026-09-18T11:18:53+00:00,250,80201,Leno,10,54,Fulham,Goalkeeper,4.5,0.0,0.0,a,,,,,3.1,3.8,3.8,3.8,30231,14095,103755,87725,,,
2026-09-18T11:18:53+00:00,251,86873,Lecomte,10,54,Fulham,Goalkeeper,4.0,0.0,0.0,a,,,,,1.1,0.0,0.0,0.0,2995,3474,22088,22623,,,
2026-09-18T11:18:53+00:00,252,505079,McNally,10,54,Fulham,Goalkeeper,4.0,0.0,0.0,u,Has joined York City on loan for the rest of the season,2026-09-01T13:25:11.231240Z,0,0,0.1,0.0,0.0,0.0,0,775,2589,5863,,,
2026-09-18T11:18:53+00:00,253,174874,Andersen,10,54,Fulham,Defender,5.0,0.0,0.0,a,,2026-07-23T12:01:23.516350Z,100,100,0.1,0.5,0.5,0.5,1546,1726,11589,7759,,,
2026-09-18T11:18:53+00:00,254,169528,Robinson,10,54,Fulham,Defender,4.5,0.0,0.0,a,,,,,1.4,2.5,2.5,2.5,9110,9280,40026,61976,2,,
2026-09-18T11:18:53+00:00,255,246301,J.Cuenca,10,54,Fulham,Defender,4.5,0.0,0.0,a,,,,,0.0,0.8,0.8,0.8,81,292,1472,1853,,,
2026-09-18T11:18:53+00:00,256,167074,Tete,10,54,Fulham,Defender,4.4,0.0,-0.1,a,,,,,0.2,0.0,0.0,0.0,315,1379,1320,8751,,,
2026-09-18T11:18:53+00:00,257,232892,Bassey,10,54,Fulham,Defender,4.5,0.0,0.0,a,,,,,0.7,2.2,2.2,2.2,3097,3170,20453,27403,,,
2026-09-18T11:18:53+00:00,258,166477,Castagne,10,54,Fulham,Defender,4.5,0.0,0.0,a,,,,,0.8,4.8,4.8,4.8,11405,6211,73918,37326,,,
2026-09-18T11:18:53+00:00,261,153133,Iwobi,10,54,Fulham,Midfielder,5.4,0.0,-0.1,a,,,,,0.7,2.2,2.2,2.2,2559,7797,18404,50579,3,,
2026-09-18T11:18:53+00:00,262,209289,Smith Rowe,10,54,Fulham,Midfielder,5.4,0.0,-0.1,a,,,,,0.2,0.8,0.8,0.8,506,2884,4122,19052,,,
2026-09-18T11:18:53+00:00,263,560552,Kevin,10,54,Fulham,Midfielder,5.3,-0.1,-0.2,a,,,,,0.0,0.8,0.8,0.8,521,572,1729,3838,,,
2026-09-18T11:18:53+00:00,264,477555,Bobb,10,54,Fulham,Midfielder,5.5,0.0,0.0,a,,,,,0.3,2.5,2.5,2.5,2273,3285,13534,18515,,,
2026-09-18T11:18:53+00:00,265,207189,Berge,10,54,Fulham,Midfielder,4.9,0.0,-0.1,a,,,,,0.3,2.0,2.0,2.0,1436,2596,5524,16156,,,
2026-09-18T11:18:53+00:00,266,76357,Cairney,10,54,Fulham,Midfielder,4.9,-0.1,-0.1,i,Knee injury - Expected back 10 Oct,2026-08-14T18:00:06.460944Z,0,0,0.0,0.0,0.0,0.0,13,49,99,299,,,
2026-09-18T11:18:53+00:00,268,577725,King,10,54,Fulham,Midfielder,5.5,0.0,0.0,a,,,,,1.8,5.5,5.5,5.5,79396,21414,218810,73532,,,
2026-09-18T11:18:53+00:00,269,184349,Sessegnon,10,54,Fulham,Defender,4.4,0.0,-0.1,d,Groin injury - 75% chance of playing,2026-09-14T11:30:07.403957Z,,75,0.3,0.8,0.8,0.6,225,4197,2440,16605,,,
2026-09-18T11:18:53+00:00,270,153366,Reed,10,54,Fulham,Midfielder,4.4,-0.1,-0.1,a,,,,,1.2,0.0,0.0,0.0,14691,13744,31968,63324,,,
2026-09-18T11:18:53+00:00,271,244042,Muniz,10,54,Fulham,Forward,5.4,0.0,-0.1,a,,,,,0.4,0.8,0.8,0.8,2843,5125,13688,31239,,,
2026-09-18T11:18:53+00:00,272,631786,Kusi-Asare,10,54,Fulham,Forward,4.5,0.0,0.0,a,,,,,5.7,0.0,0.0,0.0,25392,55215,144677,252176,,,
2026-09-18T11:18:53+00:00,569,551466,Gonzalo,10,54,Fulham,Forward,6.0,0.0,0.0,a,,,,,3.6,3.0,3.0,3.0,30158,61525,349596,266742,1,,
2026-09-18T11:18:53+00:00,570,571779,Palacios,10,54,Fulham,Midfielder,5.4,-0.1,-0.1,a,,,,,0.2,2.8,2.8,2.8,1495,1990,4866,9262,,,
2026-09-18T11:18:53+00:00,580,463210,Charles,10,54,Fulham,Midfielder,5.0,0.0,0.0,a,,,,,0.1,2.2,2.2,2.2,626,554,1614,3537,,,
2026-09-18T11:18:53+00:00,610,547686,De Fougerolles,10,54,Fulham,Defender,4.0,0.0,0.0,u,has joined  Real Salt Lake on loan for the rest of the seaon.,2026-08-28T11:30:08.336405Z,0,0,0.1,0.0,0.0,0.0,0,1062,5787,4640,,,
2026-09-18T11:18:53+00:00,626,616069,Zepa,10,54,Fulham,Midfielder,4.5,0.0,0.0,a,,,,,0.3,0.0,0.0,0.0,960,4345,34131,15702,,,
2026-09-18T11:18:53+00:00,635,551050,Larsson,10,54,Fulham,Midfielder,5.0,0.0,0.0,a,,,,,0.0,1.0,1.0,1.0,171,107,725,215,,,
2026-09-18T11:18:53+00:00,636,500033,Ángel,10,54,Fulham,Midfielder,5.0,0.0,0.0,a,,,,,0.0,0.0,0.0,0.0,75,62,328,130,,,
2026-09-18T11:18:53+00:00,650,442299,Affengruber,10,54,Fulham,Defender,4.5,0.0,0.0,a,,,,,0.0,4.0,4.0,4.0,1942,425,2420,554,,,
2026-09-18T11:18:53+00:00,240,490094,Iroegbunam,11,88,Hull City,Midfielder,5.0,0.0,0.0,a,,2026-08-15T20:00:06.878792Z,100,100,0.0,0.2,0.2,0.2,344,248,1008,989,,,
2026-09-18T11:18:53+00:00,273,167825,Phillips,11,88,Hull City,Goalkeeper,4.0,0.0,0.0,a,,,,,1.4,0.0,0.0,0.0,4361,5682,25390,33829,,,
2026-09-18T11:18:53+00:00,274,105666,Butland,11,88,Hull City,Goalkeeper,4.5,0.0,0.0,i,Arm injury - Unknown return date,2026-08-08T19:00:05.601633Z,0,0,0.1,0.0,0.0,0.0,86,505,546,4549,,,
2026-09-18T11:18:53+00:00,275,494950,Cartwright,11,88,Hull City,Goalkeeper,4.0,0.0,0.0,u,Has joined Grimsby Town on loan for the rest of the season,2026-07-29T13:00:27.959925Z,0,0,0.0,0.0,0.0,0.0,0,38,0,299,,,
2026-09-18T11:18:53+00:00,276,444307,Lo-Tutala,11,88,Hull City,Goalkeeper,4.0,0.0,0.0,u,Has joined Colchester United on loan for the rest of the season,2026-08-17T13:50:27.125537Z,0,0,0.0,0.0,0.0,0.0,0,119,0,978,,,
2026-09-18T11:18:53+00:00,277,108416,Egan,11,88,Hull City,Defender,4.1,0.0,0.1,a,,,,,7.0,6.2,6.2,6.2,97445,37132,699823,179556,,,
2026-09-18T11:18:53+00:00,278,501902,Hughes,11,88,Hull City,Defender,3.9,-0.1,-0.1,i,Groin injury - Unknown return date,2026-08-02T09:00:11.030017Z,0,0,0.3,0.0,0.0,0.0,14420,4743,14831,10073,,,
2026-09-18T11:18:53+00:00,279,146426,Ajayi,11,88,Hull City,Defender,4.2,0.0,0.2,a,,2026-08-22T17:30:07.668197Z,100,100,14.0,6.5,6.5,6.5,211313,74517,1272632,237902,,,
2026-09-18T11:18:53+00:00,280,193278,Coyle,11,88,Hull City,Defender,4.0,0.0,0.0,a,,2026-08-29T16:30:08.151841Z,100,100,0.7,3.2,3.2,3.2,10076,3684,23719,23079,,,
2026-09-18T11:18:53+00:00,281,433590,Drameh,11,88,Hull City,Defender,4.0,0.0,0.0,u,Has joined Genoa permanently,2026-09-02T16:09:06.479140Z,0,0,0.0,0.5,0.0,0.0,0,579,2118,4168,,,
2026-09-18T11:18:53+00:00,282,232351,Giles,11,88,Hull City,Defender,4.0,0.0,0.0,a,,,,,2.8,6.0,6.0,6.0,117588,18883,233204,48339,,,
2026-09-18T11:18:53+00:00,283,449428,Jacob,11,88,Hull City,Defender,4.0,0.0,0.0,u,Has joined Newport County on loan until January,2026-08-02T09:00:11.038361Z,0,0,0.0,0.0,0.0,0.0,0,83,114,646,,,
2026-09-18T11:18:53+00:00,284,661800,McCarthy,11,88,Hull City,Defender,4.0,0.0,0.0,a,,,,,0.1,0.0,0.0,0.0,1174,785,4342,3996,,,
2026-09-18T11:18:53+00:00,285,160817,McNair,11,88,Hull City,Defender,4.0,0.0,0.0,a,,2026-09-09T13:30:08.327907Z,100,100,0.1,0.2,0.2,0.2,607,763,2835,4155,,,
2026-09-18T11:18:53+00:00,286,540324,Belloumi,11,88,Hull City,Midfielder,5.1,0.1,0.1,a,,,,,4.0,6.8,6.8,6.8,304980,27619,371998,53747,,,
2026-09-18T11:18:53+00:00,287,232905,Millar,11,88,Hull City,Midfielder,5.0,0.0,0.0,u,Has joined Birmingham on loan for the rest of the season,2026-09-02T15:36:41.038103Z,0,0,0.0,1.5,0.0,0.0,0,865,3178,7077,,,
2026-09-18T11:18:53+00:00,288,171270,Dowell,11,88,Hull City,Midfielder,4.5,0.0,0.0,a,,,,,0.3,0.0,0.0,0.0,1355,3712,11559,18821,,,
2026-09-18T11:18:53+00:00,289,101282,Crooks,11,88,Hull City,Midfielder,4.5,0.0,0.0,a,,2026-08-29T15:00:08.569326Z,100,100,0.5,0.8,0.8,0.8,3595,4933,18878,34856,,,
2026-09-18T11:18:53+00:00,290,243413,Slater,11,88,Hull City,Midfielder,4.5,0.0,0.0,a,,,,,5.5,3.2,3.2,3.2,53573,51282,473820,228709,,,
2026-09-18T11:18:53+00:00,291,465525,Matazo,11,88,Hull City,Midfielder,4.5,0.0,0.0,i,Knee injury - Unknown return date,2026-07-23T12:01:23.532635Z,0,0,0.0,0.0,0.0,0.0,55,65,339,413,,,
2026-09-18T11:18:53+00:00,292,208481,Ömür,11,88,Hull City,Midfielder,4.9,0.0,-0.1,a,,,,,0.0,0.0,0.0,0.0,264,285,1094,1454,,,
2026-09-18T11:18:53+00:00,293,490161,Kamara,11,88,Hull City,Midfielder,5.0,0.0,0.0,u,Has joined Portsmouth permanently,2026-08-12T14:08:23.542043Z,0,0,0.0,0.0,0.0,0.0,0,20,0,360,,,
2026-09-18T11:18:53+00:00,294,553783,Zambrano,11,88,Hull City,Midfielder,4.5,0.0,0.0,a,,2026-08-04T18:30:11.016909Z,100,100,0.1,0.0,0.0,0.0,1119,995,3634,6173,,,
2026-09-18T11:18:53+00:00,295,169432,McBurnie,11,88,Hull City,Forward,5.5,0.0,0.0,a,,,,,2.0,3.0,3.0,3.0,29786,22938,175274,129610,1,,
2026-09-18T11:18:53+00:00,296,213292,Akintola,11,88,Hull City,Midfielder,5.0,0.0,0.0,u,Has joined Omonoia FC permanently,2026-09-11T14:42:38.120231Z,0,0,0.0,0.0,0.0,0.0,0,1084,2704,4484,,,
2026-09-18T11:18:53+00:00,297,470294,Gyabi,11,88,Hull City,Midfielder,4.5,0.0,0.0,i,Thigh injury - Unknown return date,2026-08-04T18:30:11.027155Z,0,0,0.0,0.0,0.0,0.0,49,185,377,1436,,,
2026-09-18T11:18:53+00:00,298,500957,Destan,11,88,Hull City,Forward,4.5,0.0,0.0,u,Has joined Konyaspor permanently,2026-08-17T13:50:27.145733Z,0,0,0.2,0.0,0.0,0.0,0,2395,0,20587,,,
2026-09-18T11:18:53+00:00,299,534392,Burstow,11,88,Hull City,Forward,4.5,0.0,0.0,u,Has joined Sheffield Wednesday on loan for the rest of the season,2026-08-03T14:05:20.234842Z,0,0,0.0,0.0,0.0,0.0,0,311,0,2796,,,
2026-09-18T11:18:53+00:00,340,462635,Gelhardt,11,88,Hull City,Midfielder,5.0,0.0,0.0,a,,2026-08-17T21:30:07.799839Z,100,100,0.0,0.0,0.0,0.0,249,204,578,878,,,
2026-09-18T11:18:53+00:00,556,169359,Targett,11,88,Hull City,Defender,4.0,0.0,0.0,d,Ankle injury - 75% chance of playing,2026-09-17T14:00:26.419938Z,,75,1.8,0.2,0.2,0.2,3627,15205,24677,73004,,,
2026-09-18T11:18:53+00:00,563,445028,Morita,11,88,Hull City,Midfielder,5.0,0.0,0.0,i,Calf injury - Expected back 11 Oct,2026-09-09T14:00:08.474217Z,0,0,0.0,0.2,0.0,0.0,21,383,701,1538,,,
2026-09-18T11:18:53+00:00,572,473284,Tzolakis,11,88,Hull City,Goalkeeper,4.6,0.0,0.1,a,,,,,11.2,7.0,7.0,7.0,137132,47037,845742,188073,,,
2026-09-18T11:18:53+00:00,574,552946,Hjertø-Dahl,11,88,Hull City,Midfielder,4.9,0.0,-0.1,a,,,,,0.1,0.2,0.2,0.2,265,677,1337,3971,,,
2026-09-18T11:18:53+00:00,576,608227,Stroud,11,88,Hull City,Midfielder,5.0,0.0,0.0,a,,,,,0.1,1.8,1.8,1.8,586,746,3407,4060,,,
2026-09-18T11:18:53+00:00,585,597462,Herrington,11,88,Hull City,Defender,4.0,0.0,0.0,a,,,,,0.6,1.0,1.0,1.0,3017,3090,11358,16383,,,
2026-09-18T11:18:53+00:00,586,606930,Mendy,11,88,Hull City,Defender,4.1,0.0,0.1,i,Concussion - Expected back 11 Oct,2026-09-12T18:00:09.334142Z,100,0,6.7,6.2,6.2,0.0,13096,134763,675966,293449,,,
2026-09-18T11:18:53+00:00,589,469266,Gourna-Douath,11,88,Hull City,Midfielder,5.0,0.0,0.0,a,,,,,0.0,0.8,0.8,0.8,135,239,655,1182,,,
2026-09-18T11:18:53+00:00,617,490884,Cho,11,88,Hull City,Midfielder,5.0,0.0,0.0,a,,,,,0.0,1.0,1.0,1.0,353,203,1388,586,,,
2026-09-18T11:18:53+00:00,632,626751,Ansah,11,88,Hull City,Forward,5.0,0.0,0.0,i,Back injury - Unknown return date,2026-09-09T10:00:08.919489Z,0,0,0.0,0.0,0.0,0.0,121,1175,5017,2937,,,
2026-09-18T11:18:53+00:00,637,631000,Vaz,11,88,Hull City,Forward,5.0,0.0,0.0,a,,,,,0.1,0.5,0.5,0.5,4868,1452,9787,2555,,,
2026-09-18T11:18:53+00:00,638,496181,Norton-Cuffy,11,88,Hull City,Defender,4.0,0.0,0.0,a,,,,,0.3,0.5,0.5,0.5,4522,3217,25124,7466,,,
2026-09-18T11:18:53+00:00,642,243951,Thomas,11,88,Hull City,Midfielder,5.5,0.0,0.0,a,,,,,0.0,1.0,1.0,1.0,1136,446,2465,781,,,
2026-09-18T11:18:53+00:00,645,647839,Mouzakitis,11,88,Hull City,Midfielder,5.0,0.0,0.0,a,,,,,0.0,0.0,0.0,0.0,195,100,675,214,,,
2026-09-18T11:18:53+00:00,259,219924,Diop,12,40,Ipswich Town,Defender,4.0,0.0,0.0,a,,,,,13.4,2.0,2.0,2.0,16607,90210,125970,429886,,,
2026-09-18T11:18:53+00:00,267,212314,Lukić,12,40,Ipswich Town,Midfielder,5.0,0.0,0.0,a,,,,,0.1,2.2,2.2,2.2,366,1089,3125,5657,,,
2026-09-18T11:18:53+00:00,300,108813,Walton,12,40,Ipswich Town,Goalkeeper,4.4,0.0,-0.1,a,,,,,0.4,0.0,0.0,0.0,684,1757,1606,13564,,,
2026-09-18T11:18:53+00:00,301,112520,Palmer,12,40,Ipswich Town,Goalkeeper,4.0,0.0,0.0,a,,,,,4.0,0.0,0.0,0.0,7681,16796,69094,97895,,,
2026-09-18T11:18:53+00:00,302,50093,Button,12,40,Ipswich Town,Goalkeeper,4.0,0.0,0.0,a,,,,,0.6,0.0,0.0,0.0,2322,1944,29381,13456,,,
2026-09-18T11:18:53+00:00,303,183015,Kipré,12,40,Ipswich Town,Defender,3.9,-0.1,-0.1,a,,,,,1.0,0.0,0.0,0.0,36810,8200,38363,22701,,,
2026-09-18T11:18:53+00:00,304,216616,O'Shea,12,40,Ipswich Town,Defender,4.0,0.0,0.0,a,,,,,2.8,2.0,2.0,2.0,5787,16931,61784,108659,,,
2026-09-18T11:18:53+00:00,305,455084,Davis,12,40,Ipswich Town,Defender,4.0,0.0,0.0,a,,,,,6.6,5.8,5.8,5.8,171176,28475,287002,150248,,,
2026-09-18T11:18:53+00:00,306,449429,Greaves,12,40,Ipswich Town,Defender,4.0,0.0,0.0,a,,,,,1.1,0.8,0.8,0.8,1200,5721,7510,32767,,,
2026-09-18T11:18:53+00:00,307,222018,Johnson,12,40,Ipswich Town,Defender,4.0,0.0,0.0,u,Has joined Stoke City on loan for the rest of the season,2026-09-04T12:36:56.236331Z,0,0,0.1,0.0,0.0,0.0,0,993,1137,5763,,,
2026-09-18T11:18:53+00:00,308,176420,Furlong,12,40,Ipswich Town,Defender,3.9,-0.1,-0.1,a,,,,,0.5,0.2,0.2,0.2,3611,2834,4923,15514,,,
2026-09-18T11:18:53+00:00,309,501390,Núñez,12,40,Ipswich Town,Midfielder,4.9,-0.1,-0.1,a,,,,,0.1,1.5,1.5,1.5,289,1492,2969,6732,,,
2026-09-18T11:18:53+00:00,310,241117,Matusiwa,12,40,Ipswich Town,Midfielder,4.9,0.0,-0.1,a,,2026-07-29T18:00:10.305484Z,100,100,0.0,0.0,0.0,0.0,47,32,107,257,,,
2026-09-18T11:18:53+00:00,311,149929,Burns,12,40,Ipswich Town,Midfielder,5.0,0.0,0.0,u,Has joined Leicester City permanently,2026-08-10T14:02:47.597478Z,0,0,0.0,0.0,0.0,0.0,0,20,0,338,,,
2026-09-18T11:18:53+00:00,312,231899,Taylor,12,40,Ipswich Town,Midfielder,4.5,0.0,0.0,i,Knee injury - Unknown return date,2026-07-29T18:00:10.319370Z,0,0,0.0,0.0,0.0,0.0,75,298,552,2330,,,
2026-09-18T11:18:53+00:00,313,443261,Clarke,12,40,Ipswich Town,Midfielder,5.4,0.0,-0.1,a,,,,,0.2,2.2,2.2,2.2,438,2333,5275,14224,1,,
2026-09-18T11:18:53+00:00,314,229164,Ogbene,12,40,Ipswich Town,Midfielder,4.9,0.0,-0.1,u,Has joined Lincoln City on loan until January,2026-09-02T16:04:17.497385Z,0,0,0.0,0.0,0.0,0.0,0,137,104,1124,,,
2026-09-18T11:18:53+00:00,315,531442,Fatawu,12,40,Ipswich Town,Midfielder,5.4,-0.1,-0.1,a,,,,,0.2,2.2,2.2,2.2,516,2205,5182,10382,,,
2026-09-18T11:18:53+00:00,316,543968,Emersonn,12,40,Ipswich Town,Forward,5.5,0.0,0.0,a,,2026-08-31T09:30:08.306145Z,100,100,3.1,6.0,6.0,6.0,133524,22213,257162,114620,2,,
2026-09-18T11:18:53+00:00,317,222625,Hirst,12,40,Ipswich Town,Forward,5.0,0.0,0.0,u,Has joined Stoke City permanently,2026-08-21T13:06:08.606019Z,0,0,0.1,0.0,0.0,0.0,0,1091,0,16323,,,
2026-09-18T11:18:53+00:00,318,481624,Philogene,12,40,Ipswich Town,Midfielder,5.4,0.0,-0.1,a,,2026-08-25T11:30:07.532993Z,100,100,0.1,0.2,0.2,0.2,76,320,261,9039,3,,
2026-09-18T11:18:53+00:00,319,172453,Szmodics,12,40,Ipswich Town,Midfielder,5.0,0.0,0.0,u,Has joined Derby County on loan for the rest of the season,2026-08-17T13:51:41.713979Z,0,0,0.0,0.0,0.0,0.0,0,51,0,738,,,
2026-09-18T11:18:53+00:00,320,147675,Akpom,12,40,Ipswich Town,Forward,5.0,0.0,0.0,a,,,,,1.2,1.5,1.5,1.5,18728,18130,122478,60954,,,
2026-09-18T11:18:53+00:00,321,557012,Walle Egeli,12,40,Ipswich Town,Forward,4.5,0.0,0.0,a,,,,,3.7,0.2,0.2,0.2,51916,39771,302414,174872,,,
2026-09-18T11:18:53+00:00,322,462387,Al-Hamadi,12,40,Ipswich Town,Forward,5.0,0.0,0.0,u,Has joined Sheffield Wednesday on loan for the rest of the season,2026-08-27T14:54:10.215357Z,0,0,0.1,0.0,0.0,0.0,0,823,755,9380,,,
2026-09-18T11:18:53+00:00,323,461587,McAteer,12,40,Ipswich Town,Midfielder,4.5,0.0,0.0,a,,,,,1.1,0.8,0.8,0.8,2044,11399,26405,53221,,,
2026-09-18T11:18:53+00:00,324,232457,Mehmeti,12,40,Ipswich Town,Midfielder,4.9,0.0,-0.1,a,,,,,0.0,0.0,0.0,0.0,62,282,308,2271,,,
2026-09-18T11:18:53+00:00,554,546600,Van Oevelen,12,40,Ipswich Town,Goalkeeper,4.5,0.0,0.0,u,Has joined Valencia on loan for the rest of the season,2026-08-25T14:04:09.529320Z,0,0,0.0,0.0,0.0,0.0,0,204,54,1841,,,
2026-09-18T11:18:53+00:00,562,442967,Maeda,12,40,Ipswich Town,Midfielder,5.4,0.0,-0.1,a,,,,,0.2,1.8,1.8,1.8,205,3409,2709,17808,,,
2026-09-18T11:18:53+00:00,564,240514,Scherpen,12,40,Ipswich Town,Goalkeeper,4.5,0.0,0.0,a,,,,,0.6,1.8,1.8,1.8,2266,3438,13930,19777,,,
2026-09-18T11:18:53+00:00,571,216055,Florentino,12,40,Ipswich Town,Midfielder,4.9,0.0,-0.1,a,,2026-08-25T11:30:07.678802Z,100,100,0.1,0.2,0.2,0.2,158,686,922,6477,,,
2026-09-18T11:18:53+00:00,591,474120,Enciso,12,40,Ipswich Town,Midfielder,5.5,0.0,0.0,a,,2026-08-22T18:00:07.551930Z,100,100,0.8,3.2,3.2,3.2,7493,12473,89592,43294,,,
2026-09-18T11:18:53+00:00,592,572584,Ouattara,12,40,Ipswich Town,Defender,4.0,0.0,0.0,a,,,,,0.9,1.0,1.0,1.0,2254,4444,12470,23102,,,
2026-09-18T11:18:53+00:00,602,524180,Humphreys,12,40,Ipswich Town,Midfielder,4.5,0.0,0.0,u,Has joined Huddersfield Town on loan for the rest of the season,2026-09-02T16:04:17.524642Z,0,0,0.0,0.0,0.0,0.0,0,442,2861,2947,,,
2026-09-18T11:18:53+00:00,619,218543,Palacios,12,40,Ipswich Town,Midfielder,5.0,0.0,0.0,a,,,,,0.1,3.0,3.0,3.0,3734,1097,7466,2358,,,
2026-09-18T11:18:53+00:00,640,431639,Flemming,12,40,Ipswich Town,Forward,5.5,0.0,0.0,a,,,,,0.1,3.0,3.0,3.0,3454,1056,7739,1978,,,
2026-09-18T11:18:53+00:00,260,153682,Wilson,13,2,Leeds,Midfielder,6.2,-0.1,-0.3,a,,,,,2.3,1.2,1.2,1.2,3273,52257,28787,390412,,,
2026-09-18T11:18:53+00:00,326,201595,Perri,13,2,Leeds,Goalkeeper,4.5,0.0,0.0,u,Has joined Torino on loan for the rest of the season,2026-09-01T13:12:39.210133Z,0,0,0.3,0.0,0.0,0.0,0,2885,532,24626,,,
2026-09-18T11:18:53+00:00,327,434752,Bijol,13,2,Leeds,Defender,5.0,0.0,0.0,a,,,,,0.7,3.0,3.0,3.0,3237,11040,67735,51590,,,
2026-09-18T11:18:53+00:00,329,214225,Rodon,13,2,Leeds,Defender,4.4,0.0,-0.1,i,Hamstring injury - Expected back 21 Nov,2026-08-30T16:00:08.564382Z,0,0,0.9,1.8,0.0,0.0,52,24559,26890,277604,,,
2026-09-18T11:18:53+00:00,330,226182,Bogle,13,2,Leeds,Defender,4.6,0.1,0.1,a,,,,,5.3,9.2,9.2,9.2,293982,19860,426952,52438,,,
2026-09-18T11:18:53+00:00,331,243526,Gudmundsson,13,2,Leeds,Defender,4.5,0.0,0.0,a,,2026-08-08T20:00:07.546568Z,100,100,0.1,2.0,2.0,2.0,1283,445,3141,2355,,,
2026-09-18T11:18:53+00:00,332,220627,Justin,13,2,Leeds,Defender,4.5,0.0,0.0,a,,,,,1.5,4.5,4.5,4.5,7325,9938,114243,62883,,,
2026-09-18T11:18:53+00:00,333,437738,Bornauw,13,2,Leeds,Defender,4.5,0.0,0.0,u,Has joined Hamburg SV on loan for the rest of the season,2026-08-19T13:56:14.645970Z,0,0,0.0,0.0,0.0,0.0,0,17,0,289,,,
2026-09-18T11:18:53+00:00,334,522047,Muharemović,13,2,Leeds,Defender,5.0,0.0,0.0,a,,,,,4.3,5.2,5.2,5.2,53408,21124,250604,144066,,,
2026-09-18T11:18:53+00:00,335,466525,Stach,13,2,Leeds,Midfielder,6.0,0.0,0.0,a,,,,,2.7,5.5,5.5,5.5,18489,27233,191730,139555,,,
2026-09-18T11:18:53+00:00,336,435997,Okafor,13,2,Leeds,Midfielder,5.8,-0.1,-0.2,a,,,,,0.4,3.8,3.8,3.8,14183,4113,20118,30838,,,
2026-09-18T11:18:53+00:00,337,427637,Aaronson,13,2,Leeds,Midfielder,5.4,0.0,-0.1,a,,,,,0.5,1.5,1.5,1.5,733,6875,6447,42814,,,
2026-09-18T11:18:53+00:00,338,199598,Ampadu,13,2,Leeds,Midfielder,5.4,0.0,-0.1,a,,,,,1.0,4.0,4.0,4.0,4567,8222,15249,53950,,,
2026-09-18T11:18:53+00:00,339,180135,Longstaff,13,2,Leeds,Midfielder,4.9,0.0,-0.1,a,,,,,0.1,0.5,0.5,0.5,399,1218,2306,7259,,,
2026-09-18T11:18:53+00:00,341,492859,Gnonto,13,2,Leeds,Midfielder,5.0,0.0,0.0,u,Has joined ACF Fiorentina on loan for the rest of the season,2026-09-02T16:04:47.189648Z,0,0,0.0,0.0,0.0,0.0,0,159,244,1738,,,
2026-09-18T11:18:53+00:00,342,221399,Harrison,13,2,Leeds,Midfielder,5.0,0.0,0.0,u,Has joined New England Revolution permanently,2026-07-28T12:59:09.492431Z,0,0,0.0,0.0,0.0,0.0,0,10,0,74,,,
2026-09-18T11:18:53+00:00,343,200617,James,13,2,Leeds,Midfielder,4.9,-0.1,-0.1,a,,,,,0.1,0.5,0.5,0.5,623,1202,3871,7222,,,
2026-09-18T11:18:53+00:00,344,486520,Gruev,13,2,Leeds,Midfielder,5.0,0.0,0.0,d,Knee injury - 25% chance of playing,2026-08-14T23:00:06.272027Z,25,25,0.0,0.0,0.0,0.0,11,35,66,293,,,
2026-09-18T11:18:53+00:00,345,248056,Tanaka,13,2,Leeds,Midfielder,4.9,0.0,-0.1,a,,,,,0.3,3.0,3.0,3.0,8078,2790,18190,14692,,,
2026-09-18T11:18:53+00:00,346,177815,Calvert-Lewin,13,2,Leeds,Forward,6.0,0.0,0.0,a,,,,,24.9,5.0,5.0,5.0,367380,123332,750576,1133300,1,,
2026-09-18T11:18:53+00:00,347,174594,Nmecha,13,2,Leeds,Forward,5.4,0.0,-0.1,a,,,,,0.5,1.5,1.5,1.5,5246,6253,19213,32013,2,,
2026-09-18T11:18:53+00:00,348,235826,Piroe,13,2,Leeds,Forward,5.0,0.0,0.0,u,Has joined West Ham United on loan for the rest of the season,2026-08-19T13:56:14.666726Z,0,0,0.1,0.0,0.0,0.0,0,856,0,10668,3,,
2026-09-18T11:18:53+00:00,349,565297,Mateo Joseph,13,2,Leeds,Forward,4.5,0.0,0.0,i,Knee injury - Unknown return date,2026-07-29T18:00:10.338170Z,0,0,0.1,0.0,0.0,0.0,599,657,2646,3822,,,
2026-09-18T11:18:53+00:00,385,432720,Trafford,13,2,Leeds,Goalkeeper,5.0,0.0,0.0,a,,,,,5.5,4.5,4.5,4.5,26091,27401,235750,140448,,,
2026-09-18T11:18:53+00:00,598,173774,Elvedi,13,2,Leeds,Defender,4.5,0.0,0.0,a,,,,,0.0,1.8,1.8,1.8,667,387,4524,2470,,,
2026-09-18T11:18:53+00:00,603,643970,Lienou,13,2,Leeds,Defender,4.0,0.0,0.0,a,,,,,0.1,0.0,0.0,0.0,1065,864,6515,3357,,,
2026-09-18T11:18:53+00:00,604,592740,Cresswell,13,2,Leeds,Midfielder,4.5,0.0,0.0,a,,,,,0.1,0.0,0.0,0.0,1198,1690,13592,6785,,,
2026-09-18T11:18:53+00:00,625,97846,Cairns,13,2,Leeds,Goalkeeper,4.0,0.0,0.0,a,,,,,0.2,0.0,0.0,0.0,3012,1266,18504,4963,,,
2026-09-18T11:18:53+00:00,629,155465,Zetterer,13,2,Leeds,Goalkeeper,4.0,0.0,0.0,a,,,,,0.7,0.0,0.0,0.0,16515,4302,52999,10707,,,
2026-09-18T11:18:53+00:00,641,437497,Bard,13,2,Leeds,Defender,4.5,0.0,0.0,a,,,,,0.0,0.5,0.5,0.5,319,127,818,260,,,
2026-09-18T11:18:53+00:00,648,587982,Bahoya,13,2,Leeds,Midfielder,5.0,0.0,0.0,a,,,,,0.0,0.0,0.0,0.0,330,354,2099,912,,,
2026-09-18T11:18:53+00:00,350,116535,A.Becker,14,14,Liverpool,Goalkeeper,5.5,0.0,0.0,a,,,,,3.9,4.8,4.8,4.8,17677,20185,130926,129227,,,
2026-09-18T11:18:53+00:00,351,449027,Mamardashvili,14,14,Liverpool,Goalkeeper,4.9,0.0,-0.1,a,,,,,0.1,0.0,0.0,0.0,388,1175,2561,7908,,,
2026-09-18T11:18:53+00:00,352,155503,Woodman,14,14,Liverpool,Goalkeeper,4.0,0.0,0.0,a,,,,,1.0,0.0,0.0,0.0,2207,3885,17206,24287,,,
2026-09-18T11:18:53+00:00,353,586268,Pecsi,14,14,Liverpool,Goalkeeper,4.0,0.0,0.0,u,Has joined TSV Hartberg on loan for the rest of the season,2026-08-18T14:11:18.638344Z,0,0,0.0,0.0,0.0,0.0,0,97,0,1015,,,
2026-09-18T11:18:53+00:00,354,432987,Jaros,14,14,Liverpool,Goalkeeper,4.0,0.0,0.0,i,Knee injury - Unknown return date,2026-07-29T18:00:10.351066Z,0,0,0.0,0.0,0.0,0.0,201,119,1480,1044,,,
2026-09-18T11:18:53+00:00,355,464353,Davies,14,14,Liverpool,Goalkeeper,4.0,0.0,0.0,a,,,,,0.2,0.0,0.0,0.0,760,698,4316,3678,,,
2026-09-18T11:18:53+00:00,356,97032,Virgil,14,14,Liverpool,Defender,6.5,0.0,0.0,a,,,,,16.4,4.2,4.2,4.2,31085,74007,253124,554642,,,
2026-09-18T11:18:53+00:00,357,216094,Frimpong,14,14,Liverpool,Defender,5.3,-0.1,-0.2,a,,,,,1.9,0.5,0.5,0.5,2675,35261,57018,225841,,,
2026-09-18T11:18:53+00:00,358,544877,Kerkez,14,14,Liverpool,Defender,5.4,0.0,-0.1,a,,,,,2.3,1.8,1.8,1.8,2450,35905,44432,169805,,,
2026-09-18T11:18:53+00:00,359,171287,Gomez,14,14,Liverpool,Defender,4.9,-0.1,-0.1,a,,2026-07-26T08:30:10.078473Z,0,100,0.0,0.0,0.0,0.0,142,99,365,1044,,,
2026-09-18T11:18:53+00:00,360,492777,Bradley,14,14,Liverpool,Defender,5.0,0.0,0.0,i,Knee injury - Unknown return date,2026-07-23T12:01:23.565711Z,0,0,0.0,0.0,0.0,0.0,50,102,310,700,,,
2026-09-18T11:18:53+00:00,361,519440,Lucky,14,14,Liverpool,Defender,4.0,0.0,0.0,a,,,,,0.1,0.0,0.0,0.0,658,1023,3518,5065,,,
2026-09-18T11:18:53+00:00,362,606702,Jacquet,14,14,Liverpool,Defender,5.0,0.0,0.0,a,,2026-07-23T12:01:23.581126Z,100,100,3.2,4.5,4.5,4.5,61716,15743,189844,106765,,,
2026-09-18T11:18:53+00:00,363,647681,Leoni,14,14,Liverpool,Defender,4.0,0.0,0.0,i,Knee injury - Unknown return date,2026-07-23T12:01:23.596909Z,0,0,0.0,0.0,0.0,0.0,110,306,785,1900,,,
2026-09-18T11:18:53+00:00,364,214285,Tsimikas,14,14,Liverpool,Defender,4.9,0.0,-0.1,a,,,,,0.1,0.5,0.5,0.5,276,588,1464,3953,,,
2026-09-18T11:18:53+00:00,365,489580,Ramsay,14,14,Liverpool,Defender,4.0,0.0,0.0,u,Has joined St Mirren on loan for the rest of the season,2026-08-26T14:05:26.748768Z,0,0,0.1,0.0,0.0,0.0,0,1014,638,12048,,,
2026-09-18T11:18:53+00:00,366,494595,Wirtz,14,14,Liverpool,Midfielder,7.3,-0.1,-0.2,a,,,,,6.4,3.0,3.0,3.0,4775,143136,129306,686947,4,,
2026-09-18T11:18:53+00:00,367,243298,Gakpo,14,14,Liverpool,Midfielder,7.2,0.0,0.2,a,,2026-09-09T18:30:08.772955Z,75,100,12.5,7.2,5.4,7.2,139089,137381,1249825,608845,3,,
2026-09-18T11:18:53+00:00,368,424876,Szoboszlai,14,14,Liverpool,Midfielder,7.0,0.0,0.0,a,,,,,34.9,4.5,4.5,4.5,74262,403003,874926,1373640,1,,
2026-09-18T11:18:53+00:00,369,611922,Ngumoha,14,14,Liverpool,Midfielder,5.8,0.0,-0.2,a,,,,,0.5,1.0,1.0,1.0,1512,9235,13554,82934,,,
2026-09-18T11:18:53+00:00,370,223541,Chiesa,14,14,Liverpool,Midfielder,5.4,0.0,-0.1,i,Back injury - Unknown return date,2026-08-27T13:30:07.598926Z,0,0,0.0,0.0,0.0,0.0,16,585,665,9761,,,
2026-09-18T11:18:53+00:00,371,441266,Gravenberch,14,14,Liverpool,Midfielder,5.9,0.0,-0.1,a,,,,,1.2,2.0,2.0,2.0,3239,19651,34173,118076,,,
2026-09-18T11:18:53+00:00,372,243016,Mac Allister,14,14,Liverpool,Midfielder,5.4,0.0,-0.1,a,,,,,1.3,1.5,1.5,1.5,9730,16674,39915,87053,5,,
2026-09-18T11:18:53+00:00,373,206915,C.Jones,14,14,Liverpool,Midfielder,5.5,0.0,0.0,u,Has joined Internazionale permanently,2026-08-16T18:30:07.426408Z,0,0,0.0,0.0,0.0,0.0,0,130,34,2560,,,
2026-09-18T11:18:53+00:00,374,158983,Endo,14,14,Liverpool,Midfielder,4.9,0.0,-0.1,a,,2026-07-23T12:01:23.612529Z,100,100,0.1,0.0,0.0,0.0,317,741,2131,4271,,,
2026-09-18T11:18:53+00:00,375,591386,Nyoni,14,14,Liverpool,Midfielder,4.9,0.0,-0.1,a,,,,,0.0,0.5,0.5,0.5,160,470,1229,2677,,,
2026-09-18T11:18:53+00:00,376,535928,Bajcetic,14,14,Liverpool,Midfielder,5.0,0.0,0.0,u,Has joined Celta Vigo permanently,2026-07-23T12:01:23.628373Z,0,0,0.0,0.0,0.0,0.0,0,9,19,104,,,
2026-09-18T11:18:53+00:00,377,551499,Munoz,14,14,Liverpool,Midfielder,6.5,0.0,0.0,a,,,,,1.0,3.5,3.5,3.5,4836,25423,115197,85154,,,
2026-09-18T11:18:53+00:00,378,491501,McConnell,14,14,Liverpool,Midfielder,4.4,-0.1,-0.1,a,,,,,0.2,0.0,0.0,0.0,2346,2214,5503,11051,,,
2026-09-18T11:18:53+00:00,379,219168,Isak,14,14,Liverpool,Forward,9.1,0.0,0.1,a,,,,,21.8,6.2,6.2,6.2,108850,200361,1096113,617398,2,,
2026-09-18T11:18:53+00:00,380,510663,Ekitiké,14,14,Liverpool,Forward,7.4,0.0,-0.1,i,Achilles injury - Unknown return date,2026-07-23T12:01:23.643771Z,0,0,0.1,0.0,0.0,0.0,351,1086,2230,10366,,,
2026-09-18T11:18:53+00:00,381,514514,Koumas,14,14,Liverpool,Midfielder,5.0,0.0,0.0,a,,,,,0.0,0.5,0.5,0.5,175,258,647,1164,,,
2026-09-18T11:18:53+00:00,382,500058,Danns,14,14,Liverpool,Forward,4.5,0.0,0.0,a,,2026-07-23T12:01:23.659279Z,100,100,0.2,0.0,0.0,0.0,7969,2812,18209,6750,,,
2026-09-18T11:18:53+00:00,383,444884,Elliott,14,14,Liverpool,Midfielder,5.4,0.0,-0.1,u,Has joined Valencia on loan for the rest of the season,2026-09-02T16:05:49.104326Z,0,0,0.0,0.0,0.0,0.0,0,529,907,5873,,,
2026-09-18T11:18:53+00:00,579,445087,Araujo,14,14,Liverpool,Defender,5.4,0.0,-0.1,a,,,,,2.9,3.8,3.8,3.8,32947,14643,128090,146844,,,
2026-09-18T11:18:53+00:00,627,482616,Barcola,14,14,Liverpool,Midfielder,8.0,0.0,0.0,a,,,,,1.9,2.0,2.0,2.0,21279,38550,273871,104029,,,
2026-09-18T11:18:53+00:00,155,448047,Enzo,15,43,Man City,Midfielder,6.9,0.0,-0.1,a,,,,,3.4,1.5,1.5,1.5,46018,27690,131134,301673,,,
2026-09-18T11:18:53+00:00,237,440993,Ndiaye,15,43,Man City,Midfielder,5.9,0.0,-0.1,a,,,,,7.5,4.2,4.2,4.2,34068,153960,281449,1030823,,,
2026-09-18T11:18:53+00:00,384,204936,Donnarumma,15,43,Man City,Goalkeeper,5.5,0.0,0.0,a,,,,,7.9,4.2,4.2,4.2,45244,36449,182626,279942,,,
2026-09-18T11:18:53+00:00,386,122074,Bettinelli,15,43,Man City,Goalkeeper,4.5,0.0,0.0,a,,,,,0.0,0.0,0.0,0.0,70,166,505,1016,,,
2026-09-18T11:18:53+00:00,387,472769,O'Reilly,15,43,Man City,Defender,6.4,0.0,-0.1,a,,2026-09-05T18:00:06.379802Z,100,100,11.9,1.2,1.2,1.2,10824,150083,185350,1095533,,,
2026-09-18T11:18:53+00:00,388,209036,Guéhi,15,43,Man City,Defender,6.0,0.0,0.0,a,,,,,18.5,6.5,6.5,6.5,72090,62065,467961,401329,,,
2026-09-18T11:18:53+00:00,389,465351,Matheus N.,15,43,Man City,Defender,5.9,0.0,-0.1,a,,2026-08-27T11:30:08.171622Z,100,100,1.0,2.5,2.5,2.5,5855,3532,11766,70451,4,,
2026-09-18T11:18:53+00:00,390,171314,Rúben,15,43,Man City,Defender,5.5,0.0,0.0,a,,,,,1.9,4.0,4.0,4.0,17954,9273,59260,63327,,,
2026-09-18T11:18:53+00:00,391,477424,Gvardiol,15,43,Man City,Defender,5.7,0.1,0.2,a,,,,,25.2,8.2,8.2,8.2,466596,33875,1559088,353002,,,
2026-09-18T11:18:53+00:00,392,448514,Aït-Nouri,15,43,Man City,Defender,5.3,0.0,-0.2,a,,,,,0.4,0.0,0.0,0.0,1164,5300,7155,58479,,,
2026-09-18T11:18:53+00:00,393,578153,Khusanov,15,43,Man City,Defender,5.4,-0.1,-0.1,a,,,,,1.4,2.2,2.2,2.2,2953,16306,24946,69296,,,
2026-09-18T11:18:53+00:00,394,494307,Alleyne,15,43,Man City,Defender,5.0,0.0,0.0,u,Has joined Burnley on loan for the rest of the season,2026-08-18T14:11:56.324656Z,0,0,0.0,0.0,0.0,0.0,0,32,0,591,,,
2026-09-18T11:18:53+00:00,395,477064,Lewis,15,43,Man City,Defender,4.4,0.0,-0.1,a,,,,,0.2,0.2,0.2,0.2,1004,2354,7813,14689,,,
2026-09-18T11:18:53+00:00,396,616222,Vitor Reis,15,43,Man City,Defender,4.5,0.0,0.0,a,,,,,0.0,0.2,0.2,0.2,137,226,461,1011,,,
2026-09-18T11:18:53+00:00,397,437730,Semenyo,15,43,Man City,Midfielder,8.4,0.0,-0.1,a,,,,,15.0,4.0,4.0,4.0,29601,141981,183093,1107844,2,,
2026-09-18T11:18:53+00:00,398,209244,Foden,15,43,Man City,Midfielder,6.9,-0.1,-0.1,s,Suspended until 17 Oct,2026-09-13T17:00:09.433455Z,,0,2.4,2.2,2.2,0.0,2025,161641,303215,492728,,,
2026-09-18T11:18:53+00:00,399,466052,Cherki,15,43,Man City,Midfielder,7.8,0.0,0.3,a,,,,,28.1,6.5,6.5,6.5,126243,241892,2510400,819599,,,
2026-09-18T11:18:53+00:00,400,248875,Doku,15,43,Man City,Midfielder,7.4,0.0,-0.1,i,Calf injury - Expected back 20 Sep,2026-08-18T17:00:08.385597Z,0,0,0.7,0.0,0.0,0.0,216,6218,1412,125333,3,,
2026-09-18T11:18:53+00:00,402,220566,Rodrigo,15,43,Man City,Midfielder,6.5,0.0,0.0,u,Has joined Barcelona permanently,2026-07-23T12:01:23.675537Z,0,0,0.0,0.0,0.0,0.0,0,47,0,1199,,,
2026-09-18T11:18:53+00:00,404,433036,Reijnders,15,43,Man City,Midfielder,6.0,0.0,0.0,u,Has joined Al Qadsiah permanently,2026-08-20T14:02:58.154273Z,0,0,0.0,0.0,0.0,0.0,0,206,0,8067,,,
2026-09-18T11:18:53+00:00,406,91651,Kovačić,15,43,Man City,Midfielder,5.4,0.0,-0.1,a,,,,,0.1,0.5,0.5,0.5,218,857,2119,5714,,,
2026-09-18T11:18:53+00:00,407,575204,Echeverri,15,43,Man City,Midfielder,4.9,0.0,-0.1,u,Has joined Benfica on loan for the rest of the season,2026-09-03T15:41:24.710479Z,0,0,0.0,0.0,0.0,0.0,0,123,250,1276,,,
2026-09-18T11:18:53+00:00,408,155405,Phillips,15,43,Man City,Midfielder,5.0,0.0,0.0,u,Has joined Sheffield United on loan for the rest of the season,2026-08-18T14:11:56.348781Z,0,0,0.0,0.0,0.0,0.0,0,35,0,555,,,
2026-09-18T11:18:53+00:00,409,590039,Mukasa,15,43,Man City,Midfielder,4.5,0.0,0.0,u,has joined West Ham on loan for the rest of the seaon.,2026-09-03T10:34:10.733520Z,0,0,0.1,0.0,0.0,0.0,0,1440,1621,11309,,,
2026-09-18T11:18:53+00:00,410,649208,Monga,15,43,Man City,Midfielder,4.9,0.0,-0.1,u,Has joined Swansea City on loan for the rest of the season,2026-09-02T16:02:01.136760Z,0,0,0.0,0.0,0.0,0.0,0,106,219,1204,,,
2026-09-18T11:18:53+00:00,411,223094,Haaland,15,43,Man City,Forward,15.6,0.1,0.1,a,,,,,73.1,8.2,8.2,8.2,156866,21412,805231,298649,1,,
2026-09-18T11:18:53+00:00,481,215379,Anderson,15,43,Man City,Midfielder,6.3,0.0,-0.2,a,,2026-08-23T17:00:07.952697Z,100,100,4.2,3.2,3.2,3.2,25341,31730,93086,411059,,,
2026-09-18T11:18:53+00:00,587,106921,Rulli,15,43,Man City,Goalkeeper,5.0,0.0,0.0,a,,,,,0.0,0.0,0.0,0.0,142,172,512,992,,,
2026-09-18T11:18:53+00:00,616,637238,Bouaddi,15,43,Man City,Midfielder,5.5,0.0,0.0,a,,,,,0.2,0.7,0.7,0.7,2629,3504,19882,11073,,,
2026-09-18T11:18:53+00:00,621,616288,McAidoo,15,43,Man City,Midfielder,4.5,0.0,0.0,a,,,,,0.1,0.7,0.7,0.7,829,1719,11093,5870,,,
2026-09-18T11:18:53+00:00,622,554054,Braithwaite,15,43,Man City,Defender,4.0,0.0,0.0,a,,,,,0.2,0.3,0.3,0.3,2089,2398,15993,7324,,,
2026-09-18T11:18:53+00:00,628,624777,Allan,15,43,Man City,Midfielder,6.0,0.0,0.0,a,,,,,0.0,0.0,0.0,0.0,281,218,890,497,,,
2026-09-18T11:18:53+00:00,653,595480,Samba,15,43,Man City,Midfielder,4.5,0.0,0.0,a,,,,,0.0,0.0,0.0,0.0,626,812,3524,1620,,,
2026-09-18T11:18:53+00:00,43,166989,Tielemans,16,1,Man Utd,Midfielder,5.8,-0.1,-0.2,a,,2026-07-23T12:01:23.321726Z,100,100,1.6,2.5,2.5,2.5,7275,21126,40552,146573,3,,
2026-09-18T11:18:53+00:00,131,535301,Baleba,16,1,Man Utd,Midfielder,4.9,-0.1,-0.1,i,Ankle injury - Expected back 19 Sep,2026-08-06T16:00:10.997714Z,0,0,0.1,0.0,0.0,0.0,547,1516,5350,13441,,,
2026-09-18T11:18:53+00:00,162,532605,Andrey Santos,16,1,Man Utd,Midfielder,4.8,-0.1,-0.2,a,,,,,0.6,1.0,1.0,1.0,2564,10684,20893,66842,,,
2026-09-18T11:18:53+00:00,325,59735,Darlow,16,1,Man Utd,Goalkeeper,4.5,0.0,0.0,a,,2026-07-23T12:01:23.549136Z,100,100,0.0,0.0,0.0,0.0,150,276,988,1340,,,
2026-09-18T11:18:53+00:00,412,465247,Lammens,16,1,Man Utd,Goalkeeper,4.9,-0.1,-0.1,a,,,,,10.4,1.8,1.8,1.8,12308,99404,90601,617671,,,
2026-09-18T11:18:53+00:00,413,451302,Bayindir,16,1,Man Utd,Goalkeeper,4.5,0.0,0.0,u,Has joined Celta Vigo on loan for the rest of the season,2026-08-10T14:02:28.608415Z,0,0,0.0,0.0,0.0,0.0,0,89,0,1106,,,
2026-09-18T11:18:53+00:00,414,21205,Heaton,16,1,Man Utd,Goalkeeper,4.0,0.0,0.0,i,Hamstring injury - Unknown return date,2026-08-15T16:00:07.854151Z,0,0,0.1,0.0,0.0,0.0,306,397,1851,3193,,,
2026-09-18T11:18:53+00:00,415,596777,Dorgu,16,1,Man Utd,Midfielder,5.8,0.0,-0.2,a,,,,,0.6,1.5,1.5,1.5,2590,7495,12691,91887,,,
2026-09-18T11:18:53+00:00,416,209365,De Ligt,16,1,Man Utd,Defender,5.0,0.0,0.0,i,Back injury - Unknown return date,2026-07-23T12:01:23.690880Z,0,0,0.0,0.0,0.0,0.0,70,186,370,1411,,,
2026-09-18T11:18:53+00:00,417,216051,Dalot,16,1,Man Utd,Defender,4.9,0.0,-0.1,a,,,,,1.7,1.5,1.5,1.5,3259,16154,24342,124473,,,
2026-09-18T11:18:53+00:00,418,95658,Maguire,16,1,Man Utd,Defender,4.9,0.0,-0.1,a,,,,,9.6,2.0,2.0,2.0,12281,116153,132301,889388,,,
2026-09-18T11:18:53+00:00,419,221820,Martinez,16,1,Man Utd,Defender,5.0,0.0,0.0,a,,2026-07-24T20:00:10.337107Z,100,100,1.3,1.5,1.5,1.5,9567,8158,31977,59318,,,
2026-09-18T11:18:53+00:00,420,550864,Yoro,16,1,Man Utd,Defender,4.9,0.0,-0.1,a,,,,,0.5,0.5,0.5,0.5,570,4251,4735,33154,,,
2026-09-18T11:18:53+00:00,421,606745,Heaven,16,1,Man Utd,Defender,4.4,0.0,-0.1,a,,,,,0.3,0.2,0.2,0.2,542,3067,5699,22017,,,
2026-09-18T11:18:53+00:00,422,230001,Mazraoui,16,1,Man Utd,Defender,4.4,0.0,-0.1,a,,,,,0.5,0.8,0.8,0.8,2279,6785,13479,36956,,,
2026-09-18T11:18:53+00:00,423,106760,Shaw,16,1,Man Utd,Defender,4.4,0.0,-0.1,d,Unspecified injury - 75% chance of playing,2026-09-11T13:00:09.030120Z,75,75,9.2,1.8,1.4,1.4,2076,261221,97333,1130240,,,
2026-09-18T11:18:53+00:00,424,577974,Amass,16,1,Man Utd,Defender,4.0,0.0,0.0,a,,,,,0.2,0.0,0.0,0.0,1218,1468,5728,7785,,,
2026-09-18T11:18:53+00:00,425,547676,Fredricson,16,1,Man Utd,Defender,4.0,0.0,0.0,u,Has joined Lausanne-Sport permanently,2026-08-18T14:12:31.904433Z,0,0,0.0,0.0,0.0,0.0,0,100,0,1261,,,
2026-09-18T11:18:53+00:00,426,141746,B.Fernandes,16,1,Man Utd,Midfielder,12.0,0.0,0.0,a,,,,,40.6,7.2,7.2,7.2,58215,266635,601587,1569126,1,,
2026-09-18T11:18:53+00:00,427,446008,Mbeumo,16,1,Man Utd,Midfielder,7.9,0.0,-0.1,a,,,,,22.0,5.8,5.8,5.8,78176,227410,409679,1811905,2,,
2026-09-18T11:18:53+00:00,428,430871,Cunha,16,1,Man Utd,Midfielder,7.9,0.0,-0.1,a,,,,,5.9,4.0,4.0,4.0,10010,70477,72199,471457,,,
2026-09-18T11:18:53+00:00,429,176297,Rashford,16,1,Man Utd,Midfielder,7.0,0.0,0.0,a,,,,,1.6,2.0,2.0,2.0,15991,19007,78630,107183,,,
2026-09-18T11:18:53+00:00,430,184341,Mount,16,1,Man Utd,Midfielder,5.4,0.0,-0.1,a,,2026-08-15T16:00:07.879135Z,100,100,0.0,0.0,0.0,0.0,315,246,682,1749,,,
2026-09-18T11:18:53+00:00,431,493250,Amad,16,1,Man Utd,Midfielder,5.7,-0.1,-0.3,i,Unspecified injury - Unknown return date,2026-08-22T11:00:08.617283Z,0,0,0.3,0.0,0.0,0.0,66,4755,2033,120597,,,
2026-09-18T11:18:53+00:00,432,516895,Mainoo,16,1,Man Utd,Midfielder,5.5,0.0,0.0,a,,,,,1.6,4.5,4.5,4.5,29919,11271,83018,50283,,,
2026-09-18T11:18:53+00:00,433,232112,Ugarte,16,1,Man Utd,Midfielder,5.0,0.0,0.0,i,Knee injury - Unknown return date,2026-07-23T12:01:23.706702Z,0,0,0.0,0.0,0.0,0.0,14,34,95,238,,,
2026-09-18T11:18:53+00:00,434,547037,J.Fletcher,16,1,Man Utd,Midfielder,4.9,0.0,-0.1,a,,,,,0.0,0.0,0.0,0.0,49,111,275,634,,,
2026-09-18T11:18:53+00:00,435,576628,Lacey,16,1,Man Utd,Midfielder,4.9,0.0,-0.1,a,,,,,0.1,0.2,0.2,0.2,399,499,1221,2901,,,
2026-09-18T11:18:53+00:00,436,490881,Collyer,16,1,Man Utd,Midfielder,5.0,0.0,0.0,u,Has joined West Brom permanently,2026-09-01T13:16:48.584385Z,0,0,0.0,0.0,0.0,0.0,0,121,150,993,,,
2026-09-18T11:18:53+00:00,437,576620,Bendito Mantato,16,1,Man Utd,Midfielder,4.5,0.0,0.0,a,,,,,0.2,0.0,0.0,0.0,565,1496,4605,8574,,,
2026-09-18T11:18:53+00:00,438,519913,Fletcher,16,1,Man Utd,Midfielder,4.4,-0.1,-0.1,a,,,,,0.3,0.0,0.0,0.0,2578,2755,7110,14237,,,
2026-09-18T11:18:53+00:00,439,485711,Šeško,16,1,Man Utd,Forward,7.0,0.0,0.0,a,,2026-07-23T12:01:23.722029Z,100,100,1.8,2.0,2.0,2.0,20696,19852,93176,106196,,,
2026-09-18T11:18:53+00:00,440,458249,Zirkzee,16,1,Man Utd,Forward,5.4,0.0,-0.1,a,,,,,0.4,0.2,0.2,0.2,2302,5139,13576,39639,,,
2026-09-18T11:18:53+00:00,441,596047,Obi,16,1,Man Utd,Forward,4.5,0.0,0.0,u,Has joined Willem II on loan for the rest of the season,2026-09-14T16:12:42.090874Z,,0,1.1,0.0,0.0,0.0,5061,18349,45543,60029,,,
2026-09-18T11:18:53+00:00,405,465694,N.Gonzalez,17,4,Newcastle,Midfielder,5.5,0.0,0.0,i,Concussion - Expected back 12 Oct,2026-09-14T21:30:07.343728Z,,0,0.2,1.2,1.2,0.0,1098,5442,17455,13776,,,
2026-09-18T11:18:53+00:00,442,98747,Pope,17,4,Newcastle,Goalkeeper,4.9,0.0,-0.1,a,,,,,1.0,0.0,0.0,0.0,1551,6223,12213,49711,,,
2026-09-18T11:18:53+00:00,443,81441,Gillespie,17,4,Newcastle,Goalkeeper,4.5,0.0,0.0,a,,,,,0.0,0.0,0.0,0.0,154,191,696,1095,,,
2026-09-18T11:18:53+00:00,444,554578,Jaouen,17,4,Newcastle,Goalkeeper,4.5,0.0,0.0,d,Ankle injury - 50% chance of playing,2026-09-10T16:00:09.127466Z,50,50,0.0,0.0,0.0,0.0,24,222,427,1372,,,
2026-09-18T11:18:53+00:00,445,465642,Thiaw,17,4,Newcastle,Defender,5.0,0.0,0.0,a,,,,,2.2,2.5,2.5,2.5,22005,20977,162337,109140,,,
2026-09-18T11:18:53+00:00,446,119471,Schär,17,4,Newcastle,Defender,4.9,-0.1,-0.1,a,,2026-08-15T16:30:07.209742Z,100,100,0.2,0.2,0.2,0.2,981,2154,6371,12588,,,
2026-09-18T11:18:53+00:00,447,220237,Botman,17,4,Newcastle,Defender,5.0,0.0,0.0,a,,,,,0.7,2.8,2.8,2.8,6139,5538,40448,24425,,,
2026-09-18T11:18:53+00:00,448,78916,Burn,17,4,Newcastle,Defender,4.9,0.0,-0.1,i,Ankle injury - Expected back 19 Sep,2026-08-23T18:00:08.367241Z,0,0,0.8,0.0,0.0,0.0,160,10017,7195,152852,,,
2026-09-18T11:18:53+00:00,449,487838,Hall,17,4,Newcastle,Defender,5.2,0.0,0.2,a,,,,,14.6,4.5,4.5,4.5,172327,96905,1365436,312033,,,
2026-09-18T11:18:53+00:00,450,441191,Livramento,17,4,Newcastle,Defender,4.9,0.0,-0.1,a,,2026-07-23T12:01:23.753221Z,100,100,0.1,1.0,1.0,1.0,3849,1032,7548,4161,,,
2026-09-18T11:18:53+00:00,451,545477,A.Murphy,17,4,Newcastle,Defender,4.0,0.0,0.0,u,Has joined FC Kaiserslautern on loan for the rest of the season,2026-08-12T14:05:29.224600Z,0,0,0.1,0.0,0.0,0.0,0,549,0,6608,,,
2026-09-18T11:18:53+00:00,453,201666,Barnes,17,4,Newcastle,Midfielder,6.0,0.0,0.0,a,,,,,3.9,4.8,4.8,4.8,152548,33234,403257,124164,,,
2026-09-18T11:18:53+00:00,454,449434,Elanga,17,4,Newcastle,Midfielder,6.2,0.0,0.2,i,Unspecified injury - Unknown return date,2026-09-14T20:00:09.505598Z,,0,7.1,4.5,4.5,0.0,53539,477159,1285723,778844,,,
2026-09-18T11:18:53+00:00,456,232653,J.Ramsey,17,4,Newcastle,Midfielder,4.9,0.0,-0.1,i,Thigh injury - Unknown return date,2026-09-15T09:00:08.191022Z,,0,0.3,1.8,1.8,0.0,1785,7738,16542,23946,,,
2026-09-18T11:18:53+00:00,457,114243,J.Murphy,17,4,Newcastle,Midfielder,5.9,0.0,-0.1,a,,,,,0.1,0.5,0.5,0.5,1661,1544,4555,9863,,,
2026-09-18T11:18:53+00:00,458,180974,Joelinton,17,4,Newcastle,Midfielder,5.4,0.0,-0.1,i,Unspecified injury - Unknown return date,2026-08-16T08:00:08.074045Z,0,0,0.0,0.0,0.0,0.0,40,160,207,2142,,,
2026-09-18T11:18:53+00:00,459,547719,L.Miley,17,4,Newcastle,Midfielder,5.5,0.0,0.0,a,,2026-07-23T12:01:23.785456Z,100,100,0.1,2.0,2.0,2.0,967,1117,5614,4806,,,
2026-09-18T11:18:53+00:00,460,200089,Willock,17,4,Newcastle,Midfielder,5.0,0.0,0.0,a,,,,,0.5,3.0,3.0,3.0,5661,7022,53182,26587,,,
2026-09-18T11:18:53+00:00,461,611665,Touré,17,4,Newcastle,Midfielder,5.8,0.0,-0.2,a,,,,,0.1,1.8,1.8,1.8,1420,1319,2966,15414,,,
2026-09-18T11:18:53+00:00,462,636852,Steur,17,4,Newcastle,Midfielder,4.9,0.0,-0.1,a,,,,,0.1,1.2,1.2,1.2,343,852,2079,5653,,,
2026-09-18T11:18:53+00:00,463,470313,Woltemade,17,4,Newcastle,Forward,5.9,0.0,-0.1,u,Has joined Juventus on loan for the rest of the season,2026-09-02T16:07:16.549304Z,0,0,0.5,1.0,0.0,0.0,0,10173,14520,137073,,,
2026-09-18T11:18:53+00:00,464,216646,Wissa,17,4,Newcastle,Forward,6.2,0.0,0.2,a,,,,,18.7,3.8,3.8,3.8,236852,177446,2093454,550032,2,,
2026-09-18T11:18:53+00:00,465,538207,Osula,17,4,Newcastle,Forward,5.9,0.0,-0.1,i,Foot injury - Unknown return date,2026-08-25T19:00:08.004915Z,0,0,0.3,1.0,0.0,0.0,167,5551,21302,83193,1,,
2026-09-18T11:18:53+00:00,466,599303,Neave,17,4,Newcastle,Forward,4.5,0.0,0.0,u,Has joined Wolves on loan for the rest of the season,2026-09-04T12:37:43.515176Z,0,0,0.6,0.0,0.0,0.0,0,7868,23805,47246,,,
2026-09-18T11:18:53+00:00,559,632794,Bamba,17,4,Newcastle,Midfielder,4.9,0.0,-0.1,a,,,,,0.1,0.5,0.5,0.5,324,955,2387,6881,,,
2026-09-18T11:18:53+00:00,567,470551,Horníček,17,4,Newcastle,Goalkeeper,5.0,0.0,0.0,a,,,,,1.5,2.8,2.8,2.8,18479,12444,140360,64426,,,
2026-09-18T11:18:53+00:00,593,463726,Dedić,17,4,Newcastle,Defender,4.5,0.0,0.0,i,Unspecified injury - Unknown return date,2026-09-17T14:30:09.823731Z,75,0,2.4,3.2,2.4,0.0,11032,67669,447558,234099,,,
2026-09-18T11:18:53+00:00,609,553746,Shahar,17,4,Newcastle,Defender,4.0,0.0,0.0,u,has joined Arouca on loan for the rest of the seaon.,2026-09-11T14:41:57.406766Z,0,0,0.2,0.0,0.0,0.0,0,5066,18236,13443,,,
2026-09-18T11:18:53+00:00,634,613221,Fernandez-Pardo,17,4,Newcastle,Forward,6.0,0.0,0.0,a,,,,,0.1,1.0,1.0,1.0,2834,1986,14335,4521,,,
2026-09-18T11:18:53+00:00,659,665243,Miley,17,4,Newcastle,Midfielder,4.5,0.0,0.0,a,,,,,0.0,0.0,1.1,1.1,2631,456,2631,456,,,
2026-09-18T11:18:53+00:00,167,463034,Delap,18,17,Nott'm Forest,Forward,5.5,0.0,0.0,a,,,,,2.3,2.0,2.0,2.0,145489,16579,210272,48546,3,,
2026-09-18T11:18:53+00:00,201,247348,Muñoz,18,17,Nott'm Forest,Defender,5.4,0.0,-0.1,a,,,,,6.0,0.8,0.8,0.8,62995,43194,113122,445034,,,
2026-09-18T11:18:53+00:00,467,85633,Sels,18,17,Nott'm Forest,Goalkeeper,5.0,0.0,0.0,a,,,,,1.7,3.0,3.0,3.0,29994,10409,56861,53280,,,
2026-09-18T11:18:53+00:00,468,221389,John,18,17,Nott'm Forest,Goalkeeper,4.5,0.0,0.0,a,,,,,0.1,0.0,0.0,0.0,163,298,773,1826,,,
2026-09-18T11:18:53+00:00,469,215136,N.Williams,18,17,Nott'm Forest,Defender,5.0,0.0,0.0,a,,,,,9.2,4.2,4.2,4.2,105033,40722,264587,296048,,,
2026-09-18T11:18:53+00:00,470,485047,Morato,18,17,Nott'm Forest,Defender,5.0,0.0,0.0,u,Has joined West Ham on loan for the rest of the season,2026-09-02T16:19:54.503286Z,0,0,0.0,0.0,0.0,0.0,0,372,424,3527,,,
2026-09-18T11:18:53+00:00,471,227444,Milenković,18,17,Nott'm Forest,Defender,5.5,0.0,0.0,i,Hamstring injury - Expected back 11 Oct,2026-09-12T14:00:09.705107Z,,0,1.2,3.0,3.0,0.0,238,40396,17914,85089,,,
2026-09-18T11:18:53+00:00,472,575476,Murillo,18,17,Nott'm Forest,Defender,5.5,0.0,0.0,a,,2026-07-23T12:01:23.801183Z,100,100,2.2,4.8,4.8,4.8,46363,9100,80330,50948,,,
2026-09-18T11:18:53+00:00,473,159506,Aina,18,17,Nott'm Forest,Defender,4.5,0.0,0.0,a,,,,,2.6,2.0,2.0,2.0,15976,20342,62671,145512,,,
2026-09-18T11:18:53+00:00,474,575458,Jair Cunha,18,17,Nott'm Forest,Defender,4.5,0.0,0.0,d,Hamstring injury - 75% chance of playing,2026-09-12T14:00:09.724349Z,,75,0.2,2.5,2.5,1.9,181,4024,9462,11790,,,
2026-09-18T11:18:53+00:00,475,500151,Savona,18,17,Nott'm Forest,Defender,4.5,0.0,0.0,i,Knee injury - Unknown return date,2026-07-23T12:01:23.816304Z,0,0,0.0,0.0,0.0,0.0,13,27,216,246,,,
2026-09-18T11:18:53+00:00,476,204822,O.Richards,18,17,Nott'm Forest,Defender,4.0,0.0,0.0,a,,,,,0.2,0.0,0.0,0.0,879,1381,3557,7261,,,
2026-09-18T11:18:53+00:00,477,549067,Abbott,18,17,Nott'm Forest,Defender,4.0,0.0,0.0,u,Has joined Southampton on loan for the rest of the season,2026-09-02T16:19:54.536676Z,0,0,0.2,0.0,0.0,0.0,0,1900,2459,12710,,,
2026-09-18T11:18:53+00:00,478,470315,Netz,18,17,Nott'm Forest,Defender,4.4,-0.1,-0.1,a,,,,,0.0,0.5,0.5,0.5,200,306,584,1434,,,
2026-09-18T11:18:53+00:00,479,538638,Bindon,18,17,Nott'm Forest,Defender,4.0,0.0,0.0,u,Has joined Charlton Athletic on loan for the rest of the season,2026-09-01T13:16:05.383880Z,0,0,0.1,0.0,0.0,0.0,0,1156,799,7889,,,
2026-09-18T11:18:53+00:00,480,222531,Gibbs-White,18,17,Nott'm Forest,Midfielder,8.0,0.1,0.0,a,,2026-08-24T15:30:08.350159Z,100,100,15.1,6.5,6.5,6.5,529382,31575,928460,575579,1,,
2026-09-18T11:18:53+00:00,482,209046,Hudson-Odoi,18,17,Nott'm Forest,Midfielder,5.8,-0.1,-0.2,a,,2026-07-23T12:01:23.832709Z,100,100,0.2,0.2,0.2,0.2,1571,2217,4680,15985,,,
2026-09-18T11:18:53+00:00,483,456512,Ndoye,18,17,Nott'm Forest,Midfielder,5.5,0.0,0.0,a,,,,,0.8,3.5,3.5,3.5,19665,9648,64716,39221,,,
2026-09-18T11:18:53+00:00,484,503301,Hutchinson,18,17,Nott'm Forest,Midfielder,5.4,0.0,-0.1,u,Has joined AC Milan on loan for the rest of the season,2026-09-01T13:23:52.340206Z,0,0,0.1,0.0,0.0,0.0,0,920,427,10455,,,
2026-09-18T11:18:53+00:00,485,476887,Bakwa,18,17,Nott'm Forest,Midfielder,5.5,0.0,0.0,u,Has joined Lille on loan for the rest of the season,2026-08-27T14:53:03.381941Z,0,0,0.0,0.0,0.0,0.0,0,55,107,1137,,,
2026-09-18T11:18:53+00:00,486,432714,McAtee,18,17,Nott'm Forest,Midfielder,5.5,0.0,0.0,a,,,,,0.1,2.5,2.5,2.5,2844,1359,8867,4772,,,
2026-09-18T11:18:53+00:00,487,250199,Dominguez,18,17,Nott'm Forest,Midfielder,4.9,0.0,-0.1,a,,,,,0.1,0.2,0.2,0.2,219,621,1103,3710,,,
2026-09-18T11:18:53+00:00,488,210462,I.Sangaré,18,17,Nott'm Forest,Midfielder,4.9,0.0,-0.1,a,,2026-08-28T09:30:07.471668Z,100,100,0.5,0.8,0.8,0.8,1303,4837,8635,63411,,,
2026-09-18T11:18:53+00:00,489,204968,Yates,18,17,Nott'm Forest,Midfielder,4.5,0.0,0.0,a,,2026-08-17T20:30:08.195072Z,100,100,1.2,0.0,0.0,0.0,2665,13122,29372,84381,,,
2026-09-18T11:18:53+00:00,490,60689,Wood,18,17,Nott'm Forest,Forward,5.8,-0.1,-0.2,a,,,,,0.9,0.8,0.8,0.8,4529,13034,21442,107287,2,,
2026-09-18T11:18:53+00:00,491,482973,Igor Jesus,18,17,Nott'm Forest,Forward,5.8,-0.1,-0.2,a,,,,,2.7,2.8,2.8,2.8,53377,25922,101836,240415,4,,
2026-09-18T11:18:53+00:00,493,465680,Kalimuendo,18,17,Nott'm Forest,Forward,5.4,0.0,-0.1,a,,,,,0.1,0.2,0.2,0.2,435,725,2762,3600,,,
2026-09-18T11:18:53+00:00,558,204561,Schlager,18,17,Nott'm Forest,Midfielder,5.0,0.0,0.0,a,,,,,0.1,2.8,2.8,2.8,2473,1058,5090,4786,,,
2026-09-18T11:18:53+00:00,581,568420,Diomande,18,17,Nott'm Forest,Defender,5.4,0.0,-0.1,a,,,,,0.5,1.2,1.2,1.2,3265,2876,11377,38950,,,
2026-09-18T11:18:53+00:00,590,428971,Benda,18,17,Nott'm Forest,Goalkeeper,4.5,0.0,0.0,a,,,,,0.1,0.0,0.0,0.0,362,475,2480,2513,,,
2026-09-18T11:18:53+00:00,112,469142,Van Hecke,19,6,Spurs,Defender,4.9,0.0,-0.1,a,,,,,6.7,4.5,4.5,4.5,33116,34810,128482,436253,,,
2026-09-18T11:18:53+00:00,147,109646,Tosin,19,6,Spurs,Defender,4.4,0.0,-0.1,a,,,,,0.2,0.2,0.2,0.2,369,852,1824,7167,,,
2026-09-18T11:18:53+00:00,401,438234,Marmoush,19,6,Spurs,Forward,7.0,0.0,0.0,a,,,,,2.2,1.5,1.5,1.5,25125,38795,212384,134587,2,,
2026-09-18T11:18:53+00:00,403,510281,Sávio,19,6,Spurs,Midfielder,6.5,0.0,0.0,a,,2026-08-29T16:30:08.380416Z,100,100,0.7,1.5,1.5,1.5,10003,10727,94111,70205,,,
2026-09-18T11:18:53+00:00,455,432422,Tonali,19,6,Spurs,Midfielder,5.4,0.0,-0.1,d,Knock - 75% chance of playing,2026-09-14T14:30:07.387706Z,,75,2.0,3.0,3.0,2.2,3200,52469,44249,246166,,,
2026-09-18T11:18:53+00:00,494,184254,Vicario,19,6,Spurs,Goalkeeper,4.5,0.0,0.0,u,Has joined Juventus on loan for the rest of the season,2026-08-19T13:55:33.193962Z,0,0,0.1,0.0,0.0,0.0,0,1514,0,21208,,,
2026-09-18T11:18:53+00:00,495,214572,Austin,19,6,Spurs,Goalkeeper,4.0,0.0,0.0,a,,,,,1.0,0.0,0.0,0.0,5215,3945,26727,19050,,,
2026-09-18T11:18:53+00:00,496,485055,Kinsky,19,6,Spurs,Goalkeeper,4.5,0.0,0.0,a,,,,,18.2,4.0,4.0,4.0,77475,75966,310919,661168,,,
2026-09-18T11:18:53+00:00,497,67089,Dubravka,19,6,Spurs,Goalkeeper,4.0,0.0,0.0,a,,,,,17.6,0.0,0.0,0.0,48176,70156,358982,377967,,,
2026-09-18T11:18:53+00:00,498,221466,Senesi,19,6,Spurs,Defender,5.8,-0.1,-0.2,a,,,,,3.8,0.8,0.8,0.8,2190,60721,27825,424486,,,
2026-09-18T11:18:53+00:00,499,441164,Pedro Porro,19,6,Spurs,Defender,5.4,-0.1,-0.1,d,Unspecified injury - 75% chance of playing,2026-09-11T18:00:09.076279Z,75,75,8.4,2.0,1.5,1.5,1738,223272,119179,898155,,,
2026-09-18T11:18:53+00:00,500,221632,Romero,19,6,Spurs,Defender,5.0,0.0,0.0,u,Has joined Atletico Madrid permanently,2026-08-17T13:49:05.465401Z,0,0,0.1,0.0,0.0,0.0,0,568,0,16472,,,
2026-09-18T11:18:53+00:00,502,122798,Robertson,19,6,Spurs,Defender,4.4,0.0,-0.1,a,,,,,2.6,3.2,3.2,3.2,16642,17746,58165,165715,,,
2026-09-18T11:18:53+00:00,503,491279,Van de Ven,19,6,Spurs,Defender,5.0,0.0,0.0,a,,2026-08-21T15:00:07.610517Z,100,100,3.9,3.8,3.8,3.8,25894,17434,84698,243906,,,
2026-09-18T11:18:53+00:00,505,232859,Spence,19,6,Spurs,Defender,4.5,0.0,0.0,u,Has joined Internazionale permanently,2026-08-18T14:13:08.454214Z,0,0,0.2,0.0,0.0,0.0,0,2364,0,67797,,,
2026-09-18T11:18:53+00:00,506,487053,Udogie,19,6,Spurs,Defender,4.4,-0.1,-0.1,a,,2026-09-11T18:00:09.092110Z,75,100,0.3,1.8,1.4,1.8,718,4492,5008,20363,,,
2026-09-18T11:18:53+00:00,507,548308,Phillips,19,6,Spurs,Defender,4.5,0.0,0.0,u,Has joined Middlesbrough permanently,2026-08-18T14:13:08.474144Z,0,0,0.0,0.0,0.0,0.0,0,96,0,1205,,,
2026-09-18T11:18:53+00:00,508,115556,Davies,19,6,Spurs,Defender,4.0,0.0,0.0,a,,,,,0.8,0.0,0.0,0.0,1758,6380,11510,36085,,,
2026-09-18T11:18:53+00:00,509,640419,Byfield,19,6,Spurs,Defender,4.0,0.0,0.0,a,,,,,0.1,0.0,0.0,0.0,476,492,2135,2263,,,
2026-09-18T11:18:53+00:00,510,499716,Rowswell,19,6,Spurs,Defender,4.0,0.0,0.0,a,,,,,0.1,0.0,0.0,0.0,562,641,2619,3019,,,
2026-09-18T11:18:53+00:00,511,616221,Souza,19,6,Spurs,Defender,4.0,0.0,0.0,u,Has joined FC Porto on loan for the rest of the season,2026-09-01T13:24:26.858636Z,0,0,0.2,0.0,0.0,0.0,0,2025,2555,15620,,,
2026-09-18T11:18:53+00:00,512,460842,Kudus,19,6,Spurs,Midfielder,6.5,0.0,0.0,a,,2026-07-23T12:01:23.848657Z,100,100,0.1,0.8,0.8,0.8,2168,2419,10234,9551,3,,
2026-09-18T11:18:53+00:00,513,493362,Xavi,19,6,Spurs,Midfielder,5.9,0.0,-0.1,i,Knee injury - Unknown return date,2026-07-23T12:01:23.864304Z,0,0,0.0,0.0,0.0,0.0,49,113,290,1032,4,,
2026-09-18T11:18:53+00:00,514,511499,Tel,19,6,Spurs,Midfielder,5.8,0.0,-0.2,a,,,,,0.2,2.0,2.0,2.0,766,4828,8801,43428,,,
2026-09-18T11:18:53+00:00,515,172780,Maddison,19,6,Spurs,Midfielder,6.3,0.0,-0.2,a,,2026-08-25T14:30:07.623508Z,100,100,0.4,0.5,0.5,0.5,1379,3785,4687,93372,,,
2026-09-18T11:18:53+00:00,516,202993,Bentancur,19,6,Spurs,Midfielder,5.5,0.0,0.0,a,,,,,0.2,2.8,2.8,2.8,1747,1326,4405,7374,,,
2026-09-18T11:18:53+00:00,517,550839,Odobert,19,6,Spurs,Midfielder,5.5,0.0,0.0,i,Knee injury - Unknown return date,2026-07-23T12:01:23.879434Z,0,0,0.0,0.0,0.0,0.0,20,18,99,93,,,
2026-09-18T11:18:53+00:00,518,482442,P.M.Sarr,19,6,Spurs,Midfielder,4.9,0.0,-0.1,u,Has joined Juventus on loan for the rest of the season,2026-09-02T16:02:43.386849Z,0,0,0.1,0.0,0.0,0.0,0,1845,4138,22764,,,
2026-09-18T11:18:53+00:00,519,232787,Gallagher,19,6,Spurs,Midfielder,5.3,-0.1,-0.2,a,,,,,0.2,0.8,0.8,0.8,595,2170,3639,15960,,,
2026-09-18T11:18:53+00:00,520,570526,Bergvall,19,6,Spurs,Midfielder,5.4,0.0,-0.1,a,,,,,0.1,0.5,0.5,0.5,292,1051,1728,8727,,,
2026-09-18T11:18:53+00:00,521,445044,Kulusevski,19,6,Spurs,Midfielder,6.5,0.0,0.0,i,Knee injury - Unknown return date,2026-07-23T12:01:23.895175Z,0,0,0.0,0.0,0.0,0.0,59,84,302,656,,,
2026-09-18T11:18:53+00:00,522,547701,Gray,19,6,Spurs,Midfielder,4.9,-0.1,-0.1,a,,,,,0.2,1.8,1.8,1.8,1421,1889,6169,11794,,,
2026-09-18T11:18:53+00:00,523,499721,Moore,19,6,Spurs,Midfielder,5.0,0.0,0.0,u,Has joined FC Köln on loan for the rest of the season,2026-09-04T12:39:48.098158Z,0,0,0.1,0.8,0.0,0.0,0,1605,3258,16110,,,
2026-09-18T11:18:53+00:00,524,499726,Olusesi,19,6,Spurs,Midfielder,4.4,0.0,-0.1,a,,,,,1.1,0.0,0.0,0.0,30131,12883,47521,39748,,,
2026-09-18T11:18:53+00:00,525,551226,Fernandes,19,6,Spurs,Midfielder,5.8,0.0,-0.2,a,,,,,0.8,1.5,1.5,1.5,2073,11502,13383,115644,,,
2026-09-18T11:18:53+00:00,526,154566,Solanke,19,6,Spurs,Forward,5.8,-0.1,-0.2,a,,,,,0.9,1.2,1.2,1.2,4711,10932,26211,86903,1,,
2026-09-18T11:18:53+00:00,527,212319,Richarlison,19,6,Spurs,Forward,5.9,0.0,-0.1,u,not included in squad.,2026-09-04T12:32:39.183614Z,0,0,0.7,0.5,0.0,0.0,0,18023,21439,258091,,,
2026-09-18T11:18:53+00:00,528,490145,Scarlett,19,6,Spurs,Forward,4.5,0.0,0.0,u,Has joined Leyton Orient permanently,2026-09-02T16:02:43.413625Z,0,0,1.2,0.0,0.0,0.0,0,15781,42525,98809,,,
2026-09-18T11:18:53+00:00,578,465920,Mudryk,19,6,Spurs,Midfielder,5.4,0.0,-0.1,i,Ankle injury - Unknown return date,2026-09-11T18:00:09.154412Z,0,0,0.0,0.2,0.0,0.0,31,1930,5419,6838,,,
2026-09-18T11:18:53+00:00,601,611917,Williams-Barnett,19,6,Spurs,Midfielder,4.5,0.0,0.0,a,,,,,0.1,0.0,0.0,0.0,579,1444,10006,6115,,,
2026-09-18T11:18:53+00:00,501,135720,Danso,20,56,Sunderland,Defender,5.0,0.0,0.0,a,,,,,0.2,0.8,0.8,0.8,1348,1308,5243,8799,,,
2026-09-18T11:18:53+00:00,529,498016,Roefs,20,56,Sunderland,Goalkeeper,4.9,-0.1,-0.1,a,,,,,2.6,2.8,2.8,2.8,2142,29617,19432,159423,,,
2026-09-18T11:18:53+00:00,530,232571,Patterson,20,56,Sunderland,Goalkeeper,4.0,0.0,0.0,u,Has joined Wrexham permanently,2026-08-12T14:08:03.064533Z,0,0,0.1,0.0,0.0,0.0,0,678,0,5587,,,
2026-09-18T11:18:53+00:00,531,515046,Ellborg,20,56,Sunderland,Goalkeeper,4.5,0.0,0.0,a,,,,,0.1,0.0,0.0,0.0,157,461,1006,2992,,,
2026-09-18T11:18:53+00:00,532,223827,Ballard,20,56,Sunderland,Defender,4.9,0.0,-0.1,a,,,,,2.7,3.0,3.0,3.0,5519,39805,41115,287580,,,
2026-09-18T11:18:53+00:00,533,200834,Mukiele,20,56,Sunderland,Defender,5.4,-0.1,-0.1,a,,2026-08-09T08:30:05.954750Z,100,100,2.0,3.2,3.2,3.2,4683,23311,38601,115467,,,
2026-09-18T11:18:53+00:00,534,487676,Hume,20,56,Sunderland,Defender,4.4,0.0,-0.1,a,,,,,3.2,2.2,2.2,2.2,1603,68996,36419,346230,,,
2026-09-18T11:18:53+00:00,535,201895,Alderete,20,56,Sunderland,Defender,4.9,0.0,-0.1,a,,2026-08-09T08:30:05.962393Z,100,100,0.2,0.2,0.2,0.2,240,3359,4714,25419,,,
2026-09-18T11:18:53+00:00,536,434399,Reinildo,20,56,Sunderland,Defender,4.5,0.0,0.0,s,Suspended until 10 Oct,2026-09-12T21:30:09.421687Z,,0,0.3,1.8,1.8,0.0,124,7853,3851,20886,,,
2026-09-18T11:18:53+00:00,537,519634,Seelt,20,56,Sunderland,Defender,4.5,0.0,0.0,u,Has joined Swansea City on loan for the rest of the season,2026-08-29T00:34:52.425076Z,0,0,0.0,0.0,0.0,0.0,0,45,61,632,,,
2026-09-18T11:18:53+00:00,538,477547,Hjelde,20,56,Sunderland,Defender,4.0,0.0,0.0,u,Has joined KV Mechelen on loan for the rest of the season,2026-08-12T14:08:03.081789Z,0,0,0.0,0.0,0.0,0.0,0,268,0,2341,,,
2026-09-18T11:18:53+00:00,539,167512,O'Nien,20,56,Sunderland,Defender,4.0,0.0,0.0,a,,,,,2.4,0.2,0.2,0.2,1900,19918,14486,104624,,,
2026-09-18T11:18:53+00:00,540,105717,Masuaku,20,56,Sunderland,Defender,4.0,0.0,0.0,u,Has joined Konyaspor permanently,2026-08-12T14:08:03.097784Z,0,0,0.1,0.0,0.0,0.0,0,1135,0,10792,,,
2026-09-18T11:18:53+00:00,541,93605,Meunier,20,56,Sunderland,Defender,4.5,0.0,0.0,a,,2026-08-16T08:30:07.830062Z,100,100,0.3,2.8,2.8,2.8,836,1713,5266,8335,,,
2026-09-18T11:18:53+00:00,542,484420,E.Le Fée,20,56,Sunderland,Midfielder,5.8,0.0,-0.2,a,,,,,3.6,3.2,3.2,3.2,4836,76419,32667,601937,2,,
2026-09-18T11:18:53+00:00,543,547027,Diarra,20,56,Sunderland,Midfielder,5.4,0.0,-0.1,i,Hamstring injury - Unknown return date,2026-08-30T16:30:08.428960Z,0,0,0.0,1.2,0.0,0.0,10,569,536,5580,1,,
2026-09-18T11:18:53+00:00,544,84450,Xhaka,20,56,Sunderland,Midfielder,5.5,0.0,0.0,a,,,,,3.8,4.8,4.8,4.8,11554,48060,122964,174634,,,
2026-09-18T11:18:53+00:00,545,577669,Sadiki,20,56,Sunderland,Midfielder,4.9,0.0,-0.1,a,,,,,0.2,2.0,2.0,2.0,1020,2933,5162,16289,,,
2026-09-18T11:18:53+00:00,546,535818,Adingra,20,56,Sunderland,Midfielder,4.9,0.0,-0.1,u,Has joined Ajax on loan for the rest of the season,2026-08-20T14:00:08.416985Z,0,0,0.0,0.0,0.0,0.0,0,560,240,7143,,,
2026-09-18T11:18:53+00:00,547,461199,Mundle,20,56,Sunderland,Midfielder,4.9,0.0,-0.1,i,Knee injury - Unknown return date,2026-09-09T14:00:08.462705Z,0,0,0.0,0.2,0.0,0.0,14,116,190,599,,,
2026-09-18T11:18:53+00:00,548,554197,Rigg,20,56,Sunderland,Midfielder,4.9,0.0,-0.1,a,,,,,0.0,0.5,0.5,0.5,54,415,426,2531,,,
2026-09-18T11:18:53+00:00,549,549912,Talbi,20,56,Sunderland,Midfielder,5.3,-0.1,-0.2,a,,,,,0.1,0.2,0.2,0.2,279,1378,1204,10901,,,
2026-09-18T11:18:53+00:00,550,699989,Jocelin.T,20,56,Sunderland,Midfielder,5.0,0.0,0.0,a,,,,,0.0,0.0,0.0,0.0,56,77,266,370,,,
2026-09-18T11:18:53+00:00,551,536661,N.Angulo,20,56,Sunderland,Midfielder,5.0,0.0,0.0,a,,,,,0.1,3.0,3.0,3.0,637,1798,12198,9439,,,
2026-09-18T11:18:53+00:00,552,441264,Brobbey,20,56,Sunderland,Forward,5.8,0.0,-0.2,a,,,,,5.7,1.8,1.8,1.8,10267,121838,89715,850863,,,
2026-09-18T11:18:53+00:00,553,437505,Isidor,20,56,Sunderland,Forward,5.5,0.0,0.0,a,,,,,1.4,3.5,3.5,3.5,5662,21048,91519,70771,,,
2026-09-18T11:18:53+00:00,612,638411,Methalie,20,56,Sunderland,Defender,4.5,0.0,0.0,a,,2026-08-28T13:00:08.950445Z,100,100,0.0,0.0,0.0,0.0,122,85,766,415,,,
2026-09-18T11:18:53+00:00,613,696104,Ahoka,20,56,Sunderland,Midfielder,4.5,0.0,0.0,a,,,,,0.2,0.0,0.0,0.0,1977,3207,24567,12286,,,
2026-09-18T11:18:53+00:00,646,549940,Fofana,20,56,Sunderland,Midfielder,5.5,0.0,0.0,a,,,,,0.0,1.0,1.0,1.0,425,549,3689,1345,,,
2026-09-18T11:18:53+00:00,651,661313,J.Angulo,20,56,Sunderland,Forward,4.5,0.0,0.0,a,,,,,0.7,0.0,0.0,0.0,28345,9835,76669,21207,,,
