observed_at,player_id,player_code,web_name,team_id,team_code,team_name,position,price,price_change_gameweek,price_change_season,status,news,news_added,chance_of_playing_this_round,chance_of_playing_next_round,selected_by_percent,form,expected_points_this_gameweek,expected_points_next_gameweek,transfers_in_event,transfers_out_event,transfers_in_season,transfers_out_season,penalties_order,direct_free_kicks_order,corners_and_indirect_free_kicks_order
2026-10-10T05:42:13+00:00,1,154561,Raya,1,3,Arsenal,Goalkeeper,6.1,0.1,0.1,a,,,,,43.5,7.5,7.5,7.5,281560,88737,1121959,681141,,,
2026-10-10T05:42:13+00:00,2,109745,Arrizabalaga,1,3,Arsenal,Goalkeeper,4.9,0.0,-0.1,a,,,,,0.1,0.0,0.0,0.0,178,354,1555,4367,,,
2026-10-10T05:42:13+00:00,3,437495,Meslier,1,3,Arsenal,Goalkeeper,4.9,0.0,-0.1,a,,,,,0.0,0.0,0.0,0.0,79,159,546,1619,,,
2026-10-10T05:42:13+00:00,4,226597,Gabriel,1,3,Arsenal,Defender,8.0,0.0,0.0,a,,,,,22.6,5.0,5.0,5.0,56329,122575,266572,965466,,,
2026-10-10T05:42:13+00:00,5,445122,J.Timber,1,3,Arsenal,Defender,6.5,0.0,0.0,a,,2026-07-23T12:01:23.272929Z,100,100,0.6,0.5,0.5,0.5,29843,8244,51499,18997,,,
2026-10-10T05:42:13+00:00,6,462424,Saliba,1,3,Arsenal,Defender,5.9,0.0,-0.1,i,Back injury - Unknown return date,2026-07-23T12:01:23.289376Z,0,0,0.2,0.0,0.0,0.0,559,1439,3641,18992,,,
2026-10-10T05:42:13+00:00,7,499169,Lewis-Skelly,1,3,Arsenal,Midfielder,5.4,-0.1,-0.1,a,,,,,0.6,0.5,0.5,0.5,2184,7197,30861,52001,,,
2026-10-10T05:42:13+00:00,8,466075,Calafiori,1,3,Arsenal,Defender,5.9,0.1,0.4,a,,,,,51.2,3.5,3.5,3.5,194484,98204,1774492,436711,,,
2026-10-10T05:42:13+00:00,9,448104,Hincapie,1,3,Arsenal,Defender,5.2,-0.1,-0.3,a,,,,,0.9,0.0,0.0,0.0,2500,7869,17319,119580,,,
2026-10-10T05:42:13+00:00,10,198869,White,1,3,Arsenal,Defender,5.4,-0.1,-0.1,a,,2026-09-20T19:30:08.247780Z,100,100,4.4,0.5,0.5,0.5,6297,114854,459055,613635,,,
2026-10-10T05:42:13+00:00,11,500040,Mosquera,1,3,Arsenal,Defender,5.3,0.0,-0.2,a,,2026-09-04T14:00:08.080310Z,100,100,1.6,0.0,0.0,0.0,4121,17923,34286,476652,,,
2026-10-10T05:42:13+00:00,12,223340,Saka,1,3,Arsenal,Midfielder,9.6,0.1,0.1,a,,,,,16.6,5.0,5.0,5.0,422570,79975,1102192,429826,1,,
2026-10-10T05:42:13+00:00,13,204480,Rice,1,3,Arsenal,Midfielder,7.4,0.0,-0.1,d,Unspecified injury - 75% chance of playing,2026-09-21T13:00:08.896379Z,,75,10.7,3.5,3.5,2.6,9160,166399,121006,809073,,,
2026-10-10T05:42:13+00:00,14,232413,Eze,1,3,Arsenal,Midfielder,6.2,-0.1,-0.3,a,,,,,1.1,1.0,1.0,1.0,9629,9700,30548,142544,,,
2026-10-10T05:42:13+00:00,15,184029,Ødegaard,1,3,Arsenal,Midfielder,6.8,0.0,0.3,a,,,,,20.2,2.5,2.5,2.5,202016,167133,1757736,626582,3,,
2026-10-10T05:42:13+00:00,16,248857,Madueke,1,3,Arsenal,Midfielder,6.2,0.0,-0.3,a,,,,,0.2,0.0,0.0,0.0,1215,2048,6495,26468,,,
2026-10-10T05:42:13+00:00,17,195384,Merino,1,3,Arsenal,Midfielder,5.7,-0.1,-0.3,a,,,,,0.4,1.0,1.0,1.0,3192,3877,11929,49167,,,
2026-10-10T05:42:13+00:00,18,444145,Martinelli,1,3,Arsenal,Midfielder,6.3,0.0,-0.2,u,Has joined Al Hilal permanently,2026-09-04T12:34:46.738449Z,0,0,0.1,0.0,0.0,0.0,0,733,2483,22034,,,
2026-10-10T05:42:13+00:00,19,481655,Zubimendi,1,3,Arsenal,Midfielder,5.3,0.0,-0.2,a,,,,,0.6,1.0,1.0,1.0,743,5397,8758,68340,,,
2026-10-10T05:42:13+00:00,20,616077,Dowman,1,3,Arsenal,Midfielder,5.3,0.0,-0.2,a,,2026-10-05T19:00:10.141532Z,,100,0.1,0.5,0.5,0.5,567,898,3155,7617,,,
2026-10-10T05:42:13+00:00,22,499175,Nwaneri,1,3,Arsenal,Midfielder,5.4,0.0,-0.1,u,Has joined Borussia Dortmund on loan for the rest of the season,2026-09-02T16:01:07.058827Z,0,0,0.0,0.0,0.0,0.0,0,63,233,1263,,,
2026-10-10T05:42:13+00:00,23,438098,Fábio Vieira,1,3,Arsenal,Midfielder,5.5,0.0,0.0,u,Has joined Hamburger SV permanently,2026-09-02T16:00:28.446370Z,0,0,0.0,0.0,0.0,0.0,0,49,255,928,,,
2026-10-10T05:42:13+00:00,24,200641,Nelson,1,3,Arsenal,Midfielder,5.5,0.0,0.0,u,has departed the club as a free agent.,2026-08-29T00:33:08.556767Z,0,0,0.0,0.0,0.0,0.0,0,29,68,683,,,
2026-10-10T05:42:13+00:00,25,224117,Gyökeres,1,3,Arsenal,Forward,7.1,-0.1,-0.4,a,,,,,3.8,0.5,0.5,0.5,81707,28594,109930,622918,2,,
2026-10-10T05:42:13+00:00,26,219847,Havertz,1,3,Arsenal,Forward,7.6,0.0,0.1,d,Hamstring injury - 75% chance of playing,2026-09-24T22:00:09.120308Z,,75,7.0,1.5,1.5,1.1,54665,190790,657898,551262,,,
2026-10-10T05:42:13+00:00,27,205651,G.Jesus,1,3,Arsenal,Forward,5.9,0.0,-0.1,u,Has joined FC Barcelona permanently,2026-09-02T16:00:28.475184Z,0,0,0.1,0.0,0.0,0.0,0,1271,4164,29546,,,
2026-10-10T05:42:13+00:00,31,199798,Konsa,1,3,Arsenal,Defender,4.6,0.1,0.1,d,Unspecified injury - 75% chance of playing,2026-10-05T09:30:09.853316Z,,75,17.6,3.5,3.5,2.6,123653,239397,1496960,830505,,,
2026-10-10T05:42:13+00:00,452,208706,Bruno G.,1,3,Arsenal,Midfielder,6.7,0.0,-0.3,a,,2026-09-04T14:00:08.328779Z,100,100,1.8,4.0,4.0,4.0,13924,12294,38870,249367,4,,
2026-10-10T05:42:13+00:00,557,439509,Tzolis,1,3,Arsenal,Midfielder,6.3,-0.1,-0.2,i,Hamstring injury - Expected back 24 Oct,2026-10-02T15:00:11.091226Z,,0,8.9,2.5,2.5,0.0,13070,476545,463437,1939753,,,
2026-10-10T05:42:13+00:00,29,72147,M.Bizot,2,7,Aston Villa,Goalkeeper,4.5,0.0,0.0,d,Back injury - 75% chance of playing,2026-09-17T07:30:09.058151Z,0,75,0.1,0.0,0.0,0.0,101,1557,4695,7933,,,
2026-10-10T05:42:13+00:00,30,101188,Digne,2,7,Aston Villa,Defender,4.5,0.0,0.0,u,Has joined Paris Saint-Germain permanently,2026-08-10T14:03:30.089007Z,0,0,0.0,0.0,0.0,0.0,0,319,0,8730,,,
2026-10-10T05:42:13+00:00,32,199796,Cash,2,7,Aston Villa,Defender,4.4,0.0,-0.1,a,,2026-09-09T14:30:08.192142Z,100,100,4.6,-0.5,-0.5,-0.5,5430,48083,98081,442072,,,
2026-10-10T05:42:13+00:00,33,149484,Mings,2,7,Aston Villa,Defender,4.5,0.0,0.0,a,,,,,0.4,1.5,1.5,1.5,4163,2657,18883,18681,,,
2026-10-10T05:42:13+00:00,34,244954,Pau,2,7,Aston Villa,Defender,4.4,-0.1,-0.1,d,Hamstring injury - 75% chance of playing,2026-09-12T18:00:08.712707Z,0,75,0.3,0.5,0.0,0.4,82,5074,11275,29432,,,
2026-10-10T05:42:13+00:00,35,515597,Bogarde,2,7,Aston Villa,Midfielder,4.9,-0.1,-0.1,a,,,,,0.1,0.0,0.0,0.0,239,623,2980,4951,,,
2026-10-10T05:42:13+00:00,36,441302,Maatsen,2,7,Aston Villa,Defender,4.4,-0.1,-0.1,i,Ankle injury - Unknown return date,2026-09-12T18:00:08.729468Z,0,0,0.4,0.5,0.0,0.0,74,12299,31916,68037,,,
2026-10-10T05:42:13+00:00,37,184667,Lindelöf,2,7,Aston Villa,Defender,4.5,0.0,0.0,a,,,,,0.3,1.0,1.0,1.0,2558,2537,16158,15560,,,
2026-10-10T05:42:13+00:00,38,606798,A.García,2,7,Aston Villa,Defender,4.0,0.0,0.0,a,,,,,1.5,0.0,0.0,0.0,2717,10061,46163,71961,,,
2026-10-10T05:42:13+00:00,39,578545,Nedeljkovic,2,7,Aston Villa,Defender,4.0,0.0,0.0,u,Has joined Rangers on loan for the rest of the season,2026-08-19T13:56:46.385411Z,0,0,0.1,0.0,0.0,0.0,0,920,0,15605,,,
2026-10-10T05:42:13+00:00,41,195546,Buendía,2,7,Aston Villa,Midfielder,5.9,0.0,-0.1,a,,,,,1.2,7.0,7.0,7.0,29042,10166,77026,101311,1,,
2026-10-10T05:42:13+00:00,44,215711,Bailey,2,7,Aston Villa,Midfielder,5.4,0.0,-0.1,u,Has joined Olympiakos permanently,2026-09-04T12:35:14.472260Z,0,0,0.0,0.0,0.0,0.0,0,705,2096,13436,,,
2026-10-10T05:42:13+00:00,45,122806,McGinn,2,7,Aston Villa,Midfielder,5.4,0.0,-0.1,a,,,,,2.2,6.0,6.0,6.0,16373,19057,80204,166019,,,
2026-10-10T05:42:13+00:00,46,88894,Barkley,2,7,Aston Villa,Midfielder,5.0,0.0,0.0,a,,,,,0.2,1.5,1.5,1.5,883,3085,16440,17562,,,
2026-10-10T05:42:13+00:00,47,226944,Kamara,2,7,Aston Villa,Midfielder,5.0,0.0,0.0,a,,2026-07-23T12:01:23.337269Z,100,100,0.3,4.0,4.0,4.0,2292,2782,15501,22730,,,
2026-10-10T05:42:13+00:00,48,449871,Onana,2,7,Aston Villa,Midfielder,4.9,0.0,-0.1,i,Knee injury - Unknown return date,2026-07-23T12:01:23.352497Z,0,0,0.0,0.0,0.0,0.0,82,138,553,1708,,,
2026-10-10T05:42:13+00:00,49,469247,Iling Jr,2,7,Aston Villa,Midfielder,5.0,0.0,0.0,u,Has joined Bolton Wanderers on loan for the rest of the season,2026-08-17T13:52:28.532616Z,0,0,0.0,0.0,0.0,0.0,0,13,0,238,,,
2026-10-10T05:42:13+00:00,50,645618,Burrowes,2,7,Aston Villa,Midfielder,4.5,0.0,0.0,a,,,,,0.5,0.0,0.0,0.0,877,5388,21702,37112,,,
2026-10-10T05:42:13+00:00,51,577285,George Hemmings,2,7,Aston Villa,Midfielder,4.5,0.0,0.0,a,,,,,1.1,1.0,1.0,1.0,5071,18318,117754,78251,,,
2026-10-10T05:42:13+00:00,52,653481,Alysson,2,7,Aston Villa,Midfielder,5.0,0.0,0.0,d,Unspecified injury - 75% chance of playing,2026-09-19T11:30:09.355376Z,,75,0.0,3.0,3.0,2.2,80,1169,3366,4032,,,
2026-10-10T05:42:13+00:00,53,614071,Manzambi,2,7,Aston Villa,Midfielder,5.9,0.0,-0.1,a,,2026-08-15T15:30:06.388335Z,100,100,0.7,7.0,7.0,7.0,59518,7851,62504,24470,,,
2026-10-10T05:42:13+00:00,54,448089,Gomes,2,7,Aston Villa,Midfielder,5.5,0.0,0.0,a,,2026-09-16T19:30:08.742410Z,100,100,0.0,2.0,2.0,2.0,739,313,1578,4222,,,
2026-10-10T05:42:13+00:00,55,178301,Watkins,2,7,Aston Villa,Forward,7.8,0.0,-0.2,u,Has joined Al Hilal permanently,2026-09-01T13:15:16.698799Z,0,0,2.4,0.0,0.0,0.0,0,17696,14882,765077,,,
2026-10-10T05:42:13+00:00,56,173879,Abraham,2,7,Aston Villa,Forward,5.5,0.0,0.0,a,,2026-08-15T16:00:07.558543Z,100,100,0.2,1.0,1.0,1.0,3087,2757,17135,13933,,,
2026-10-10T05:42:13+00:00,160,493105,Garnacho,2,7,Aston Villa,Midfielder,5.8,0.0,-0.2,a,,,,,0.3,0.0,0.0,0.0,878,3852,7826,42305,,,
2026-10-10T05:42:13+00:00,166,517052,N.Jackson,2,7,Aston Villa,Forward,6.5,0.0,0.0,a,,,,,1.9,3.0,3.0,3.0,83557,16767,228819,93707,2,,
2026-10-10T05:42:13+00:00,582,690838,Madjo,2,7,Aston Villa,Forward,5.4,0.0,-0.1,d,Unspecified injury - 75% chance of playing,2026-08-15T16:00:07.974271Z,0,75,0.2,0.0,0.0,0.0,831,3083,3516,31854,,,
2026-10-10T05:42:13+00:00,596,487992,Ruggeri,2,7,Aston Villa,Defender,4.5,0.0,0.0,a,,,,,0.1,1.5,1.5,1.5,1575,701,4218,5965,,,
2026-10-10T05:42:13+00:00,597,433969,Suzuki,2,7,Aston Villa,Goalkeeper,5.0,0.0,0.0,a,,,,,1.9,2.0,2.0,2.0,22024,12462,159588,68321,,,
2026-10-10T05:42:13+00:00,606,569577,Rowe,2,7,Aston Villa,Defender,4.0,0.0,0.0,a,,,,,0.2,0.0,0.0,0.0,459,1135,13155,6390,,,
2026-10-10T05:42:13+00:00,607,571380,Lynch,2,7,Aston Villa,Midfielder,4.5,0.0,0.0,u,Has joined Oxford United on loan until January,2026-09-04T12:35:39.820426Z,0,0,0.1,0.0,0.0,0.0,0,874,7103,8318,,,
2026-10-10T05:42:13+00:00,611,214590,Wan-Bissaka,2,7,Aston Villa,Defender,4.5,0.0,0.0,a,,,,,0.2,2.0,2.0,2.0,2704,2182,19557,8515,,,
2026-10-10T05:42:13+00:00,618,119090,Goretzka,2,7,Aston Villa,Midfielder,5.9,0.0,-0.1,i,Knee injury - Expected back 17 Oct,2026-09-09T09:30:08.229436Z,0,0,0.0,0.0,0.0,0.0,46,523,4655,4837,,,
2026-10-10T05:42:13+00:00,630,245719,Harwood-Bellis,2,7,Aston Villa,Defender,4.5,0.0,0.0,a,,,,,0.0,0.0,0.0,0.0,340,299,2317,1105,,,
2026-10-10T05:42:13+00:00,631,638987,Mbaye,2,7,Aston Villa,Midfielder,6.0,0.0,0.0,a,,,,,0.1,1.0,1.0,1.0,1561,1793,11069,5474,,,
2026-10-10T05:42:13+00:00,667,481283,Wright,2,7,Aston Villa,Goalkeeper,4.0,0.0,0.0,a,,,,,0.2,0.0,1.0,1.0,15303,1964,15303,1964,,,
2026-10-10T05:42:13+00:00,57,457569,Petrović,3,91,Bournemouth,Goalkeeper,4.5,0.0,0.0,a,,,,,2.9,1.5,1.5,1.5,12569,23145,118552,135816,,,
2026-10-10T05:42:13+00:00,58,40383,Forster,3,91,Bournemouth,Goalkeeper,4.0,0.0,0.0,a,,,,,3.5,0.0,0.0,0.0,17067,13887,126261,85708,,,
2026-10-10T05:42:13+00:00,59,444172,Dennis,3,91,Bournemouth,Goalkeeper,4.0,0.0,0.0,u,Has joined MK Dons permanently,2026-08-27T14:53:48.692835Z,0,0,0.1,0.0,0.0,0.0,0,1046,1133,8014,,,
2026-10-10T05:42:13+00:00,60,463981,Hill,3,91,Bournemouth,Defender,5.5,0.0,0.0,a,,,,,0.8,3.0,3.0,3.0,5937,5558,33678,46152,,,
2026-10-10T05:42:13+00:00,61,494521,Truffert,3,91,Bournemouth,Defender,5.4,-0.1,-0.1,a,,,,,2.9,2.5,2.5,2.5,9269,22830,61138,171113,,,
2026-10-10T05:42:13+00:00,62,242882,Diakité,3,91,Bournemouth,Defender,4.9,-0.1,-0.1,a,,,,,0.2,0.0,0.0,0.0,660,1332,7318,12397,,,
2026-10-10T05:42:13+00:00,63,620487,Milosavljević,3,91,Bournemouth,Defender,4.9,0.0,-0.1,i,Thigh injury - Unknown return date,2026-08-06T10:00:10.456051Z,0,0,0.0,0.0,0.0,0.0,62,96,368,893,,,
2026-10-10T05:42:13+00:00,64,54469,Smith,3,91,Bournemouth,Defender,4.5,0.0,0.0,a,,,,,0.1,1.0,1.0,1.0,900,959,7698,7787,,,
2026-10-10T05:42:13+00:00,65,436893,J.Araujo,3,91,Bournemouth,Defender,4.4,0.0,-0.1,i,Thigh injury - Unknown return date,2026-08-09T08:00:05.645826Z,0,0,0.0,0.0,0.0,0.0,72,103,456,1342,,,
2026-10-10T05:42:13+00:00,66,575901,Soler,3,91,Bournemouth,Defender,4.0,0.0,0.0,a,,2026-08-15T16:30:07.021055Z,100,100,0.3,0.0,0.0,0.0,1166,1755,14257,11640,,,
2026-10-10T05:42:13+00:00,67,499604,Rayan,3,91,Bournemouth,Midfielder,6.3,-0.1,-0.2,a,,,,,1.5,2.0,2.0,2.0,9070,17265,57740,176761,,,
2026-10-10T05:42:13+00:00,68,201658,Tavernier,3,91,Bournemouth,Midfielder,6.1,0.0,0.1,a,,,,,7.1,5.0,5.0,5.0,166357,88738,777550,263462,3,,
2026-10-10T05:42:13+00:00,69,503139,Scott,3,91,Bournemouth,Midfielder,6.1,0.0,0.1,i,Thigh injury - Unknown return date,2026-10-05T09:30:09.910752Z,,0,4.5,3.0,3.0,0.0,26763,163784,550666,333960,,,
2026-10-10T05:42:13+00:00,70,222683,Kluivert,3,91,Bournemouth,Midfielder,5.9,-0.1,-0.1,i,Unspecified injury - Unknown return date,2026-09-20T15:30:09.074071Z,,0,0.7,4.0,4.0,0.0,2378,34392,52735,99274,2,,
2026-10-10T05:42:13+00:00,71,155408,Cook,3,91,Bournemouth,Midfielder,5.0,0.0,0.0,a,,,,,0.2,0.5,0.5,0.5,411,1841,13245,14622,,,
2026-10-10T05:42:13+00:00,72,496208,Gannon-Doak,3,91,Bournemouth,Midfielder,4.9,0.0,-0.1,a,,,,,0.1,1.0,1.0,1.0,223,655,1723,4915,,,
2026-10-10T05:42:13+00:00,73,200785,Adams,3,91,Bournemouth,Midfielder,5.0,0.0,0.0,a,,2026-08-15T16:30:07.029928Z,100,100,0.3,3.0,3.0,3.0,2023,2510,19232,17501,,,
2026-10-10T05:42:13+00:00,74,111317,Brooks,3,91,Bournemouth,Midfielder,5.0,0.0,0.0,a,,2026-08-15T16:30:07.037929Z,100,100,0.1,0.5,0.5,0.5,328,552,3510,4010,,,
2026-10-10T05:42:13+00:00,75,158499,Christie,3,91,Bournemouth,Midfielder,5.0,0.0,0.0,a,,2026-07-24T17:30:10.035483Z,100,100,0.0,1.5,1.5,1.5,730,425,3985,2370,,,
2026-10-10T05:42:13+00:00,76,614574,Tóth.A,3,91,Bournemouth,Midfielder,4.9,0.0,-0.1,a,,,,,0.0,0.5,0.5,0.5,43,87,400,816,,,
2026-10-10T05:42:13+00:00,77,489888,Adli,3,91,Bournemouth,Midfielder,4.9,0.0,-0.1,i,Calf injury - Unknown return date,2026-08-15T16:00:07.590566Z,0,0,0.0,0.0,0.0,0.0,40,115,309,2256,,,
2026-10-10T05:42:13+00:00,78,560262,Kroupi.Jr,3,91,Bournemouth,Midfielder,7.4,0.0,-0.1,i,Foot injury - Expected back 7 Nov,2026-07-29T17:30:09.796802Z,0,0,0.2,0.0,0.0,0.0,294,1205,1340,27723,1,,
2026-10-10T05:42:13+00:00,79,444102,Evanilson,3,91,Bournemouth,Forward,6.0,0.0,0.0,a,,,,,3.3,3.5,3.5,3.5,39807,36639,275268,191466,,,
2026-10-10T05:42:13+00:00,80,168636,Enes Ünal,3,91,Bournemouth,Forward,5.5,0.0,0.0,u,Has joined Getafe permanently,2026-08-14T14:14:21.881112Z,0,0,0.0,0.0,0.0,0.0,0,73,0,2005,,,
2026-10-10T05:42:13+00:00,81,561245,Rodríguez,3,91,Bournemouth,Forward,6.0,0.0,0.0,a,,2026-08-15T16:30:07.054142Z,100,100,0.1,0.5,0.5,0.5,1357,1017,6064,7148,,,
2026-10-10T05:42:13+00:00,566,483067,Silva,3,91,Bournemouth,Defender,5.0,0.0,0.0,a,,,,,0.5,3.0,3.0,3.0,28080,12484,53542,33925,,,
2026-10-10T05:42:13+00:00,573,494928,Sanchez,3,91,Bournemouth,Defender,4.4,0.0,-0.1,a,,,,,0.2,0.0,0.0,0.0,225,722,1645,7379,,,
2026-10-10T05:42:13+00:00,608,523700,Jebbison,3,91,Bournemouth,Forward,5.0,0.0,0.0,a,,,,,0.1,0.5,0.5,0.5,1401,1339,13764,7694,,,
2026-10-10T05:42:13+00:00,615,230650,Di Gregorio,3,91,Bournemouth,Goalkeeper,4.5,0.0,0.0,a,,,,,0.0,0.0,0.0,0.0,260,277,3003,1826,,,
2026-10-10T05:42:13+00:00,82,200720,Kelleher,4,94,Brentford,Goalkeeper,5.0,0.0,0.0,a,,,,,6.1,4.5,4.5,4.5,35282,28661,266919,228927,,,
2026-10-10T05:42:13+00:00,83,507433,Valdimarsson,4,94,Brentford,Goalkeeper,4.5,0.0,0.0,a,,,,,0.1,0.0,0.0,0.0,483,611,3048,4861,,,
2026-10-10T05:42:13+00:00,84,432830,Collins,4,94,Brentford,Defender,5.4,0.0,-0.1,i,Calf injury - Unknown return date,2026-09-05T18:00:06.182495Z,0,0,0.9,0.0,0.0,0.0,166,16099,58785,163455,,,
2026-10-10T05:42:13+00:00,85,444765,Van den Berg,4,94,Brentford,Defender,4.9,0.0,-0.1,i,Groin injury - Unknown return date,2026-08-15T15:30:06.416627Z,0,0,0.1,0.0,0.0,0.0,69,538,442,9144,,,
2026-10-10T05:42:13+00:00,86,249231,Lewis-Potter,4,94,Brentford,Midfielder,5.5,0.0,0.0,a,,,,,1.6,2.0,2.0,2.0,6691,21235,193336,129616,,,
2026-10-10T05:42:13+00:00,87,191866,Ajer,4,94,Brentford,Defender,4.5,0.0,0.0,a,,,,,3.8,4.0,4.0,4.0,26216,47840,331703,301532,,,
2026-10-10T05:42:13+00:00,88,607464,Kayode,4,94,Brentford,Defender,4.6,0.0,0.1,a,,,,,7.6,3.5,3.5,3.5,33326,41249,616024,387483,,,
2026-10-10T05:42:13+00:00,89,194010,Henry,4,94,Brentford,Defender,4.4,0.0,-0.1,a,,,,,0.2,0.0,0.0,0.0,243,983,2067,8981,,,
2026-10-10T05:42:13+00:00,90,472713,Hickey,4,94,Brentford,Defender,4.5,0.0,0.0,a,,,,,0.1,1.0,1.0,1.0,304,438,2218,3171,,,
2026-10-10T05:42:13+00:00,92,570241,Ji-soo,4,94,Brentford,Defender,4.4,-0.1,-0.1,a,,,,,0.0,0.0,0.0,0.0,90,123,524,995,,,
2026-10-10T05:42:13+00:00,93,513086,Schuster,4,94,Brentford,Defender,4.5,0.0,0.0,a,,,,,0.6,8.5,8.5,8.5,37040,5772,38602,10260,,,
2026-10-10T05:42:13+00:00,94,513418,Schade,4,94,Brentford,Midfielder,6.2,0.1,0.2,a,,,,,15.2,12.0,12.0,12.0,798932,75259,1418787,295263,2,,
2026-10-10T05:42:13+00:00,95,533463,O.Dango,4,94,Brentford,Midfielder,6.3,0.0,-0.2,a,,,,,0.4,1.0,1.0,1.0,1677,6701,16038,85280,,,
2026-10-10T05:42:13+00:00,96,440089,Damsgaard,4,94,Brentford,Midfielder,5.4,0.0,-0.1,d,Unspecified injury - 75% chance of playing,2026-10-03T19:30:08.141728Z,,75,0.4,2.0,2.0,1.5,2003,6139,15514,34255,,,
2026-10-10T05:42:13+00:00,97,207283,Jensen,4,94,Brentford,Midfielder,5.4,0.0,-0.1,i,Unspecified injury - Expected back 10 Oct,2026-08-30T12:30:08.176795Z,0,0,0.1,0.0,0.0,0.0,24,1073,4509,15507,3,,
2026-10-10T05:42:13+00:00,98,204580,Janelt,4,94,Brentford,Midfielder,5.0,0.0,0.0,a,,,,,2.5,3.5,3.5,3.5,34487,32376,321547,121467,,,
2026-10-10T05:42:13+00:00,99,543295,Milambo,4,94,Brentford,Midfielder,5.0,0.0,0.0,i,Knee injury - Unknown return date,2026-07-23T12:01:23.384798Z,0,0,0.0,0.0,0.0,0.0,16,12,125,164,,,
2026-10-10T05:42:13+00:00,100,244858,Carvalho,4,94,Brentford,Midfielder,5.0,0.0,0.0,a,,2026-08-18T13:58:17.442072Z,100,100,0.0,3.0,3.0,3.0,867,263,2165,1541,,,
2026-10-10T05:42:13+00:00,102,508395,Yarmoliuk,4,94,Brentford,Midfielder,4.8,0.0,-0.2,a,,,,,0.6,3.5,3.5,3.5,2692,7106,7145,65456,,,
2026-10-10T05:42:13+00:00,103,183656,Dasilva,4,94,Brentford,Midfielder,4.9,0.0,-0.1,i,Hamstring injury - Expected back 10 Oct,2026-09-04T13:30:08.371955Z,0,0,0.0,0.0,0.0,0.0,18,177,409,2022,,,
2026-10-10T05:42:13+00:00,105,444180,Anthony,4,94,Brentford,Midfielder,5.9,0.0,-0.1,a,,,,,0.2,5.5,5.5,5.5,4274,1096,9272,11497,,,
2026-10-10T05:42:13+00:00,106,502500,Thiago,4,94,Brentford,Forward,7.8,0.0,-0.2,a,,,,,9.5,3.0,3.0,3.0,123603,72144,344026,1069052,1,,
2026-10-10T05:42:13+00:00,107,593174,Furo,4,94,Brentford,Forward,4.5,0.0,0.0,i,Unspecified injury - Unknown return date,2026-09-14T14:00:09.985723Z,0,0,0.8,0.0,0.0,0.0,1298,14851,62371,72013,,,
2026-10-10T05:42:13+00:00,108,75115,Wilson,4,94,Brentford,Forward,5.4,-0.1,-0.1,a,,,,,0.3,0.0,0.0,0.0,1979,3520,16328,27585,,,
2026-10-10T05:42:13+00:00,565,513545,M.Sangaré,4,94,Brentford,Midfielder,5.6,-0.1,0.1,a,,,,,9.0,2.0,2.0,2.0,14381,236091,1233669,917980,,,
2026-10-10T05:42:13+00:00,620,613804,Diouf,4,94,Brentford,Defender,4.5,0.0,0.0,a,,,,,0.1,1.0,1.0,1.0,935,1067,14096,7729,,,
2026-10-10T05:42:13+00:00,657,626464,Nunes,4,94,Brentford,Midfielder,4.5,0.0,0.0,a,,,,,0.0,0.0,0.0,0.0,497,339,2239,732,,,
2026-10-10T05:42:13+00:00,660,612534,Fredrick,4,94,Brentford,Defender,4.0,0.0,0.0,a,,,,,0.0,0.0,1.1,1.1,759,99,759,99,,,
2026-10-10T05:42:13+00:00,661,235448,Balcombe,4,94,Brentford,Goalkeeper,4.0,0.0,0.0,a,,,,,0.1,0.0,1.0,1.0,5194,1007,5194,1007,,,
2026-10-10T05:42:13+00:00,109,489639,Verbruggen,5,36,Brighton,Goalkeeper,4.5,0.0,0.0,a,,,,,21.3,7.0,7.0,7.0,141835,168518,835310,704372,,,
2026-10-10T05:42:13+00:00,111,49262,Steele,5,36,Brighton,Goalkeeper,4.0,0.0,0.0,a,,,,,4.0,0.0,0.0,0.0,14326,28785,154513,134540,,,
2026-10-10T05:42:13+00:00,113,231416,F.Kadıoğlu,5,36,Brighton,Defender,4.4,0.0,-0.1,a,,2026-08-23T13:00:07.595211Z,100,100,1.5,5.5,5.5,5.5,8968,15230,35381,142773,,,
2026-10-10T05:42:13+00:00,114,204120,Boscagli,5,36,Brighton,Defender,4.5,0.0,0.0,a,,,,,0.3,6.0,6.0,6.0,5080,1865,19297,12942,,,
2026-10-10T05:42:13+00:00,115,465730,De Cuyper,5,36,Brighton,Defender,5.0,0.1,0.5,a,,,,,30.6,8.5,8.5,8.5,612389,50920,3030728,435951,,,
2026-10-10T05:42:13+00:00,116,83299,Dunk,5,36,Brighton,Defender,4.5,0.0,0.0,a,,2026-09-22T09:30:09.629652Z,,100,1.5,6.0,6.0,6.0,13103,17563,94664,58627,,,
2026-10-10T05:42:13+00:00,117,550090,Coppola,5,36,Brighton,Defender,4.5,0.0,0.0,a,,,,,0.0,0.0,0.0,0.0,178,148,990,1111,,,
2026-10-10T05:42:13+00:00,118,223434,Igor,5,36,Brighton,Defender,4.5,0.0,0.0,u,Has joined Burnley permanently,2026-09-02T15:38:15.529699Z,0,0,0.0,0.0,0.0,0.0,0,443,915,6086,,,
2026-10-10T05:42:13+00:00,119,451490,Costinha,5,36,Brighton,Defender,4.5,0.0,0.0,a,,,,,0.0,1.0,1.0,1.0,287,207,1392,1532,,,
2026-10-10T05:42:13+00:00,120,454490,Svoboda,5,36,Brighton,Defender,5.0,0.0,0.0,a,,,,,0.1,0.5,0.5,0.5,1615,634,4791,4156,,,
2026-10-10T05:42:13+00:00,121,451340,Mitoma,5,36,Brighton,Midfielder,5.9,0.0,-0.1,i,Hamstring injury - Expected back 10 Oct,2026-07-24T18:30:10.661894Z,0,0,0.0,0.0,0.0,0.0,180,237,606,3174,,,
2026-10-10T05:42:13+00:00,122,592031,Minteh,5,36,Brighton,Midfielder,5.8,-0.1,-0.2,i,Leg injury - Expected back 28 Nov,2026-08-14T18:00:06.418033Z,0,0,0.0,0.0,0.0,0.0,63,322,353,6996,,,
2026-10-10T05:42:13+00:00,123,532529,Hinshelwood,5,36,Brighton,Midfielder,5.9,0.0,-0.1,d,Ankle injury - 50% chance of playing,2026-08-27T19:30:07.780933Z,0,50,0.5,0.0,0.0,0.0,593,10070,148214,219296,,,
2026-10-10T05:42:13+00:00,124,60307,Groß,5,36,Brighton,Midfielder,5.9,0.2,0.4,a,,,,,34.6,15.5,15.5,15.5,1380557,30272,2741050,560055,1,,
2026-10-10T05:42:13+00:00,125,463067,Georginio,5,36,Brighton,Forward,5.3,-0.1,-0.2,a,,2026-08-26T16:00:07.608056Z,100,100,0.4,0.5,0.5,0.5,4727,7047,36724,79675,,,
2026-10-10T05:42:13+00:00,126,219249,O'Riley,5,36,Brighton,Midfielder,5.4,0.0,-0.1,a,,,,,0.1,1.0,1.0,1.0,584,762,3758,6718,3,,
2026-10-10T05:42:13+00:00,127,514254,Gomez,5,36,Brighton,Midfielder,5.0,0.0,0.0,a,,,,,3.7,5.5,5.5,5.5,23192,75801,345699,337432,,,
2026-10-10T05:42:13+00:00,128,536916,Buonanotte,5,36,Brighton,Midfielder,5.0,0.0,0.0,u,Has joined Elche on loan for the rest of the season,2026-08-10T14:03:07.561436Z,0,0,0.0,0.0,0.0,0.0,0,11,0,334,,,
2026-10-10T05:42:13+00:00,129,509416,Ayari,5,36,Brighton,Midfielder,5.4,0.0,-0.1,a,,2026-08-30T18:00:07.935334Z,100,100,0.4,5.5,5.5,5.5,4793,3818,15034,43373,,,
2026-10-10T05:42:13+00:00,130,467779,Wieffer,5,36,Brighton,Defender,4.9,0.0,-0.1,i,Knee injury - Unknown return date,2026-09-04T09:30:08.612904Z,0,0,0.2,0.0,0.0,0.0,38,3039,25953,44471,,,
2026-10-10T05:42:13+00:00,132,597320,Howell,5,36,Brighton,Midfielder,4.5,0.0,0.0,u,Has joined Leicester City on loan for the rest of the season,2026-08-17T13:53:19.019938Z,0,0,0.0,0.0,0.0,0.0,0,338,0,3816,,,
2026-10-10T05:42:13+00:00,133,549074,Watson,5,36,Brighton,Midfielder,5.0,0.0,0.0,u,Has joined Leicester City on loan for the rest of the season,2026-08-03T14:05:44.459483Z,0,0,0.0,0.0,0.0,0.0,0,6,0,137,,,
2026-10-10T05:42:13+00:00,134,556637,Oriola,5,36,Brighton,Midfielder,4.4,-0.1,-0.1,a,,,,,0.2,0.0,0.0,0.0,584,2287,8988,15155,,,
2026-10-10T05:42:13+00:00,135,700308,Yohanna,5,36,Brighton,Midfielder,4.8,-0.1,-0.2,i,Unspecified injury - Expected back 10 Oct,2026-09-10T13:00:08.617941Z,0,0,0.0,0.0,0.0,0.0,32,619,1275,5726,,,
2026-10-10T05:42:13+00:00,137,608181,Tzimas,5,36,Brighton,Forward,5.4,0.0,-0.1,i,Knee injury - Unknown return date,2026-07-23T12:01:23.432796Z,0,0,0.0,0.0,0.0,0.0,55,82,352,780,,,
2026-10-10T05:42:13+00:00,138,647850,Kostoulas,5,36,Brighton,Forward,5.6,0.1,0.1,a,,,,,7.5,10.0,10.0,10.0,662778,53195,767469,85705,,,
2026-10-10T05:42:13+00:00,139,487117,Ferguson,5,36,Brighton,Forward,5.0,0.0,0.0,i,Ankle injury - Expected back 10 Oct,2026-07-23T12:01:23.448357Z,0,0,0.0,0.0,0.0,0.0,208,351,1659,2620,,,
2026-10-10T05:42:13+00:00,328,222694,Struijk,5,36,Brighton,Defender,4.9,0.0,-0.1,d,Hamstring injury - 75% chance of playing,2026-09-22T10:00:09.404233Z,100,75,0.2,3.0,3.0,2.2,691,1777,5720,13028,,,
2026-10-10T05:42:13+00:00,504,610799,Vuskovic,5,36,Brighton,Defender,5.0,0.0,0.0,a,,,,,4.1,7.0,7.0,7.0,119890,32057,322990,156869,,,
2026-10-10T05:42:13+00:00,594,538007,David,5,36,Brighton,Forward,5.9,-0.1,-0.1,a,,,,,0.2,0.0,0.0,0.0,4467,3232,16329,23505,2,,
2026-10-10T05:42:13+00:00,600,612855,Osman,5,36,Brighton,Midfielder,5.0,0.0,0.0,a,,,,,0.0,0.5,0.5,0.5,153,186,984,1153,,,
2026-10-10T05:42:13+00:00,605,611695,Yalcouyé,5,36,Brighton,Midfielder,4.5,0.0,0.0,a,,,,,3.9,4.5,4.5,4.5,47141,57969,576030,195923,,,
2026-10-10T05:42:13+00:00,614,512123,Hadjam,5,36,Brighton,Defender,4.5,0.0,0.0,a,,,,,0.0,0.0,0.0,0.0,349,343,4088,2048,,,
2026-10-10T05:42:13+00:00,624,519324,Cozier-Duberry,5,36,Brighton,Midfielder,5.0,0.0,0.0,u,Has joined Middlesbrough on loan for the rest of the season,2026-09-02T15:38:15.552951Z,0,0,0.0,0.0,0.0,0.0,0,7,117,115,,,
2026-10-10T05:42:13+00:00,639,592984,Andrés,5,36,Brighton,Midfielder,5.5,0.0,0.0,a,,,,,0.1,6.0,6.0,6.0,5054,537,6298,1005,,,
2026-10-10T05:42:13+00:00,652,471551,Azeez,5,36,Brighton,Midfielder,5.5,0.0,0.0,i,Hamstring injury - Expected back 10 Oct,2026-09-04T11:30:08.661589Z,0,0,0.0,0.0,0.0,0.0,28,62,451,219,,,
2026-10-10T05:42:13+00:00,658,661016,Ibrahim,5,36,Brighton,Midfielder,4.5,0.0,0.0,a,,,,,0.0,0.0,0.0,0.0,442,273,1605,541,,,
2026-10-10T05:42:13+00:00,28,98980,Martinez,6,8,Chelsea,Goalkeeper,5.0,0.0,0.0,a,,,,,4.7,2.0,2.0,2.0,15769,34142,253536,258723,,,
2026-10-10T05:42:13+00:00,40,244850,Rogers,6,8,Chelsea,Midfielder,7.8,0.1,0.3,a,,,,,42.3,5.0,5.0,5.0,389795,122695,2719218,714382,,,
2026-10-10T05:42:13+00:00,101,56979,Henderson,6,8,Chelsea,Midfielder,4.9,0.0,-0.1,a,,2026-08-09T09:30:07.136250Z,50,100,0.0,1.0,0.5,1.0,734,233,1347,2707,,,
2026-10-10T05:42:13+00:00,136,50175,Welbeck,6,8,Chelsea,Forward,5.9,0.0,-0.1,a,,2026-08-20T14:00:07.949090Z,100,100,1.0,1.5,1.5,1.5,15201,18525,69137,92429,,,
2026-10-10T05:42:13+00:00,140,215059,Sánchez,6,8,Chelsea,Goalkeeper,4.9,0.0,-0.1,u,Has joined Como on loan for the rest of the season,2026-09-02T16:20:41.841936Z,0,0,0.7,0.0,0.0,0.0,0,8024,10847,179632,,,
2026-10-10T05:42:13+00:00,141,508479,Jörgensen,6,8,Chelsea,Goalkeeper,5.0,0.0,0.0,u,Has joined RC Strasbourg on loan for the rest of the season,2026-08-12T14:07:02.607115Z,0,0,0.0,0.0,0.0,0.0,0,38,0,956,,,
2026-10-10T05:42:13+00:00,142,225796,James,6,8,Chelsea,Defender,5.3,-0.1,-0.2,a,,2026-09-18T10:30:09.719371Z,75,100,5.4,0.5,0.4,0.5,3395,115501,171600,638190,,,
2026-10-10T05:42:13+00:00,143,180736,Chalobah,6,8,Chelsea,Defender,5.5,0.0,0.0,u,Has joined Como permanently,2026-08-10T14:03:50.769483Z,0,0,0.1,0.0,0.0,0.0,0,421,0,14051,,,
2026-10-10T05:42:13+00:00,144,482609,Gusto,6,8,Chelsea,Defender,4.9,-0.1,-0.1,a,,,,,0.9,0.5,0.5,0.5,2473,9788,37800,70268,,,
2026-10-10T05:42:13+00:00,145,444463,Fofana,6,8,Chelsea,Defender,5.0,0.0,0.0,a,,2026-07-23T12:01:23.464591Z,100,100,0.2,2.5,2.5,2.5,4979,2045,21085,8986,,,
2026-10-10T05:42:13+00:00,146,242880,B.Badiashile,6,8,Chelsea,Defender,4.5,0.0,0.0,u,Has joined Napoli on loan for the rest of the season,2026-08-25T14:03:47.079414Z,0,0,0.0,0.0,0.0,0.0,0,61,232,1958,,,
2026-10-10T05:42:13+00:00,148,551210,Hato,6,8,Chelsea,Defender,4.5,0.0,0.0,a,,,,,0.8,0.0,0.0,0.0,1729,13387,92124,65714,,,
2026-10-10T05:42:13+00:00,149,460028,Colwill,6,8,Chelsea,Defender,4.8,-0.1,-0.2,a,,,,,0.8,1.0,1.0,1.0,2572,9627,28228,102652,,,
2026-10-10T05:42:13+00:00,150,574458,M.Sarr,6,8,Chelsea,Defender,4.5,0.0,0.0,u,Has joined Real Sociedad on loan for the rest of the season,2026-08-29T00:34:23.077418Z,0,0,0.0,0.0,0.0,0.0,0,261,429,6077,,,
2026-10-10T05:42:13+00:00,151,577016,Acheampong,6,8,Chelsea,Defender,4.5,0.0,0.0,a,,,,,0.3,0.0,0.0,0.0,688,3178,21400,23737,,,
2026-10-10T05:42:13+00:00,152,620109,Palestra,6,8,Chelsea,Defender,5.3,0.0,-0.2,a,,2026-08-24T18:30:07.421239Z,50,100,0.6,0.0,0.0,0.0,1230,7329,7690,223870,,,
2026-10-10T05:42:13+00:00,154,244851,Palmer,6,8,Chelsea,Midfielder,9.7,0.0,0.2,a,,2026-09-21T13:00:09.022726Z,100,100,24.2,3.5,3.5,3.5,104644,359161,2008020,854467,1,,
2026-10-10T05:42:13+00:00,156,247632,Neto,6,8,Chelsea,Midfielder,6.5,0.0,0.0,a,,,,,1.4,2.0,2.0,2.0,11893,15487,89018,97138,,,
2026-10-10T05:42:13+00:00,157,624773,Estêvão,6,8,Chelsea,Midfielder,6.3,0.0,-0.2,a,,,,,0.7,1.0,1.0,1.0,3394,5827,19308,88562,2,,
2026-10-10T05:42:13+00:00,158,463936,Gittens,6,8,Chelsea,Midfielder,5.8,-0.1,-0.2,i,Ankle injury - Unknown return date,2026-09-26T05:30:09.245832Z,,0,0.0,0.0,0.0,0.0,165,363,1144,2993,,,
2026-10-10T05:42:13+00:00,159,486672,Caicedo,6,8,Chelsea,Midfielder,5.3,0.0,-0.2,a,,2026-08-30T16:00:08.393562Z,50,100,1.0,0.0,0.0,0.0,1436,13670,16074,286062,,,
2026-10-10T05:42:13+00:00,161,514356,Lavia,6,8,Chelsea,Midfielder,5.0,0.0,0.0,a,,,,,0.2,1.0,1.0,1.0,913,3692,26288,16802,,,
2026-10-10T05:42:13+00:00,163,491007,D.Essugo,6,8,Chelsea,Midfielder,4.5,0.0,0.0,u,Has joined RC Strasbourg on loan for the rest of the season,2026-09-02T16:20:41.865225Z,0,0,0.1,0.0,0.0,0.0,0,1178,2698,14890,,,
2026-10-10T05:42:13+00:00,164,593117,Quenda,6,8,Chelsea,Midfielder,5.3,0.0,-0.2,a,,2026-07-24T20:30:10.609931Z,100,100,0.0,0.5,0.5,0.5,102,253,934,3473,,,
2026-10-10T05:42:13+00:00,165,475168,João Pedro,6,8,Chelsea,Forward,7.7,-0.1,0.2,a,,2026-09-16T19:00:09.919929Z,75,100,64.8,6.0,4.5,6.0,268240,589929,1782981,1662425,,,
2026-10-10T05:42:13+00:00,168,499309,Marc Guiu,6,8,Chelsea,Forward,5.0,0.0,0.0,u,Has joined RB Leipzig permanently,2026-09-01T13:24:48.857362Z,0,0,0.2,0.0,0.0,0.0,0,2382,4102,34106,,,
2026-10-10T05:42:13+00:00,169,567119,Mheuka,6,8,Chelsea,Forward,4.5,0.0,0.0,a,,,,,0.5,0.0,0.0,0.0,6498,5200,34219,26989,,,
2026-10-10T05:42:13+00:00,170,503037,Emegha,6,8,Chelsea,Forward,4.9,-0.1,-0.1,i,Hamstring injury - Expected back 10 Oct,2026-09-09T15:00:09.063849Z,0,0,0.1,0.0,0.0,0.0,164,1468,6164,12975,,,
2026-10-10T05:42:13+00:00,200,437499,Lacroix,6,8,Chelsea,Defender,5.9,-0.1,-0.1,a,,,,,6.7,2.0,2.0,2.0,17059,48512,183713,444088,,,
2026-10-10T05:42:13+00:00,560,549939,Penders,6,8,Chelsea,Goalkeeper,4.4,0.0,-0.1,a,,,,,0.1,0.0,0.0,0.0,316,439,2091,3759,,,
2026-10-10T05:42:13+00:00,561,622758,Anselmino,6,8,Chelsea,Defender,4.5,0.0,0.0,a,,2026-08-23T19:00:08.536705Z,100,100,0.0,0.0,0.0,0.0,105,144,862,1292,,,
2026-10-10T05:42:13+00:00,568,543158,Barco,6,8,Chelsea,Midfielder,5.4,0.0,-0.1,a,,,,,0.1,1.0,1.0,1.0,333,682,3256,7249,,,
2026-10-10T05:42:13+00:00,583,498444,Chavarria,6,8,Chelsea,Defender,4.9,0.0,-0.1,a,,,,,0.2,1.0,1.0,1.0,958,954,3918,11560,,,
2026-10-10T05:42:13+00:00,662,636846,Nicoll-Jazuli,6,8,Chelsea,Midfielder,4.5,0.0,0.0,a,,,,,0.0,1.0,1.1,1.1,453,106,453,106,,,
2026-10-10T05:42:13+00:00,91,231065,Pinnock,7,9,Coventry City,Defender,4.5,0.0,0.0,a,,,,,0.1,5.0,5.0,5.0,836,472,3005,4243,,,
2026-10-10T05:42:13+00:00,104,428580,Onyeka,7,9,Coventry City,Midfielder,4.9,0.0,-0.1,a,,2026-09-15T09:00:07.851220Z,100,100,0.1,2.5,2.5,2.5,284,814,4094,9941,,,
2026-10-10T05:42:13+00:00,110,472739,Rushworth,7,9,Coventry City,Goalkeeper,4.5,0.0,0.0,a,,,,,0.7,5.5,5.5,5.5,4767,10034,25914,63198,,,
2026-10-10T05:42:13+00:00,171,484389,Dovin,7,9,Coventry City,Goalkeeper,4.0,0.0,0.0,u,Has joined Leyton Orient on loan for the rest of the season,2026-09-02T15:44:14.839336Z,0,0,0.9,0.0,0.0,0.0,0,9617,8924,62785,,,
2026-10-10T05:42:13+00:00,172,110690,Wilson,7,9,Coventry City,Goalkeeper,4.4,0.0,-0.1,a,,,,,0.3,0.0,0.0,0.0,363,1148,1533,12845,,,
2026-10-10T05:42:13+00:00,173,461102,Thomas,7,9,Coventry City,Defender,4.0,0.0,0.0,a,,,,,8.7,4.5,4.5,4.5,74343,64502,411777,317526,,,
2026-10-10T05:42:13+00:00,174,436761,Kitching,7,9,Coventry City,Defender,4.0,0.0,0.0,u,Has joined Sheffield United on loan for the rest of the season,2026-09-02T16:21:03.612394Z,0,0,0.3,0.0,0.0,0.0,0,3478,981,34571,,,
2026-10-10T05:42:13+00:00,175,451284,van Ewijk,7,9,Coventry City,Defender,4.0,0.0,0.0,d,Hamstring injury - 75% chance of playing,2026-09-19T16:00:09.486751Z,,75,7.9,0.0,0.0,0.0,1575,158659,123480,583333,,,
2026-10-10T05:42:13+00:00,176,173878,Dasilva,7,9,Coventry City,Defender,4.0,0.0,0.0,a,,,,,0.8,7.5,7.5,7.5,18064,4453,27347,25419,,,
2026-10-10T05:42:13+00:00,177,465390,Kesler-Hayden,7,9,Coventry City,Defender,3.9,-0.1,-0.1,d,Hamstring injury - 50% chance of playing,2026-08-27T14:56:28.704361Z,0,50,0.1,0.0,0.0,0.0,4658,1426,5257,4651,,,
2026-10-10T05:42:13+00:00,178,80178,Bidwell,7,9,Coventry City,Defender,4.0,0.0,0.0,a,,,,,0.1,0.0,0.0,0.0,305,526,2612,3757,,,
2026-10-10T05:42:13+00:00,179,204813,Latibeaudiere,7,9,Coventry City,Defender,4.0,0.0,0.0,a,,,,,0.0,0.5,0.5,0.5,129,254,1040,1857,,,
2026-10-10T05:42:13+00:00,180,220583,Woolfenden,7,9,Coventry City,Defender,3.9,-0.1,-0.1,i,Knee injury - Unknown return date,2026-08-27T14:56:28.718566Z,0,0,0.1,0.0,0.0,0.0,682,1072,2917,9581,,,
2026-10-10T05:42:13+00:00,181,577411,Brau,7,9,Coventry City,Defender,4.0,0.0,0.0,u,Has joined Academico de Viseu on loan for the rest of the season,2026-08-29T00:35:59.980316Z,0,0,0.0,0.0,0.0,0.0,0,202,275,2272,,,
2026-10-10T05:42:13+00:00,182,539142,Amenda,7,9,Coventry City,Defender,4.0,0.0,0.0,i,Calf injury - Unknown return date,2026-09-17T07:30:09.329041Z,25,0,0.6,0.0,0.0,0.0,73,11177,11518,38079,,,
2026-10-10T05:42:13+00:00,183,480457,Rudoni,7,9,Coventry City,Midfielder,4.9,0.0,-0.1,a,,2026-07-23T12:01:23.481435Z,100,100,0.1,3.5,3.5,3.5,1794,1435,5264,8824,,,
2026-10-10T05:42:13+00:00,184,168144,Grimes,7,9,Coventry City,Midfielder,4.9,0.0,-0.1,a,,,,,0.1,2.5,2.5,2.5,310,1674,4207,12065,3,,
2026-10-10T05:42:13+00:00,185,501459,Sakamoto,7,9,Coventry City,Midfielder,4.8,0.0,-0.2,a,,,,,0.1,0.0,0.0,0.0,165,702,1055,6074,,,
2026-10-10T05:42:13+00:00,186,241293,Mason-Clark,7,9,Coventry City,Midfielder,5.3,-0.1,-0.2,a,,2026-08-19T18:00:08.310507Z,100,100,0.1,1.0,1.0,1.0,119,570,1158,6174,,,
2026-10-10T05:42:13+00:00,187,439668,Eccles,7,9,Coventry City,Midfielder,4.8,-0.1,-0.2,i,Unspecified injury - Expected back 12 Oct,2026-09-10T18:30:08.877110Z,0,0,0.0,0.0,0.0,0.0,52,154,665,1530,,,
2026-10-10T05:42:13+00:00,188,226965,Torp,7,9,Coventry City,Midfielder,5.3,-0.1,-0.2,a,,,,,0.1,0.5,0.5,0.5,52,743,805,8275,2,,
2026-10-10T05:42:13+00:00,189,684268,Shepherd,7,9,Coventry City,Midfielder,4.4,0.0,-0.1,a,,,,,0.3,0.0,0.0,0.0,5318,4294,12038,17165,,,
2026-10-10T05:42:13+00:00,190,469272,Tchaouna,7,9,Coventry City,Midfielder,5.3,-0.1,-0.2,a,,,,,0.1,0.5,0.5,0.5,56,637,3172,8514,,,
2026-10-10T05:42:13+00:00,191,492498,Borges Rodrigues,7,9,Coventry City,Midfielder,4.5,0.0,0.0,u,Has joined Burton Albion on loan for the rest of the season,2026-09-02T15:44:14.868001Z,0,0,0.1,0.0,0.0,0.0,0,1349,1943,12173,,,
2026-10-10T05:42:13+00:00,192,629397,Andrews,7,9,Coventry City,Midfielder,4.5,0.0,0.0,u,Has joined Oxford United on loan for the rest of the season,2026-08-29T00:35:59.998520Z,0,0,0.3,0.0,0.0,0.0,0,4057,2718,43162,,,
2026-10-10T05:42:13+00:00,193,176412,Wright,7,9,Coventry City,Forward,5.3,-0.1,-0.2,i,Thigh injury - Unknown return date,2026-08-14T22:00:07.214508Z,0,0,0.1,0.0,0.0,0.0,68,894,635,12820,1,,
2026-10-10T05:42:13+00:00,194,230730,Thomas-Asante,7,9,Coventry City,Forward,5.0,0.0,0.0,a,,,,,0.8,2.5,2.5,2.5,18053,11233,68678,62258,4,,
2026-10-10T05:42:13+00:00,195,218997,Simms,7,9,Coventry City,Forward,4.9,-0.1,-0.1,a,,,,,0.6,0.5,0.5,0.5,5153,9589,43657,68807,,,
2026-10-10T05:42:13+00:00,196,551262,Markelo,7,9,Coventry City,Forward,5.0,0.0,0.0,u,Has joined Shabab Al-Ahli Dubai permanently,2026-08-17T13:53:55.791223Z,0,0,0.0,0.0,0.0,0.0,0,90,0,1217,,,
2026-10-10T05:42:13+00:00,197,549653,Bassette,7,9,Coventry City,Forward,4.5,0.0,0.0,u,Has joined KVC Westerlo on loan for the rest of the season,2026-07-28T12:58:50.001768Z,0,0,0.0,0.0,0.0,0.0,0,224,0,2183,,,
2026-10-10T05:42:13+00:00,492,210156,Awoniyi,7,9,Coventry City,Forward,5.4,-0.1,-0.1,s,Suspended until 19 Oct,2026-09-13T15:00:09.305127Z,0,0,0.4,-1.0,0.0,0.0,125,8899,21398,68694,5,,
2026-10-10T05:42:13+00:00,575,661888,Yirenkyi,7,9,Coventry City,Midfielder,4.8,-0.1,-0.2,a,,,,,0.1,2.0,2.0,2.0,526,1798,3178,14465,,,
2026-10-10T05:42:13+00:00,584,196100,Hamer,7,9,Coventry City,Midfielder,5.3,-0.1,-0.2,a,,,,,0.1,0.0,0.0,0.0,74,692,824,6699,,,
2026-10-10T05:42:13+00:00,599,627221,Cherif,7,9,Coventry City,Forward,5.0,0.0,0.0,a,,,,,0.1,0.5,0.5,0.5,889,1196,7816,8035,,,
2026-10-10T05:42:13+00:00,623,79602,Bentley,7,9,Coventry City,Goalkeeper,4.0,0.0,0.0,a,,,,,0.8,0.0,0.0,0.0,29293,4756,99671,21648,,,
2026-10-10T05:42:13+00:00,655,242893,Gboho,7,9,Coventry City,Midfielder,5.5,0.0,0.0,a,,,,,0.0,0.0,0.0,0.0,101,69,299,118,,,
2026-10-10T05:42:13+00:00,656,566213,Mfuni,7,9,Coventry City,Defender,4.0,0.0,0.0,a,,,,,0.1,3.0,3.0,3.0,3097,1226,11409,3027,,,
2026-10-10T05:42:13+00:00,42,485337,Guessand,8,31,Crystal Palace,Midfielder,5.4,0.0,-0.1,a,,,,,0.0,0.0,0.0,0.0,154,376,2447,3747,,,
2026-10-10T05:42:13+00:00,153,220362,Disasi,8,31,Crystal Palace,Defender,4.5,0.0,0.0,s,Suspended until 25 Oct,2026-09-12T15:30:09.445078Z,0,0,0.1,-1.5,0.0,0.0,46,1428,9447,11009,,,
2026-10-10T05:42:13+00:00,198,172649,Henderson,8,31,Crystal Palace,Goalkeeper,4.9,-0.1,-0.1,i,Foot injury - Expected back 18 Oct,2026-09-12T14:00:09.378740Z,0,0,1.2,0.0,0.0,0.0,199,18578,55325,127486,,,
2026-10-10T05:42:13+00:00,199,121709,Benitez,8,31,Crystal Palace,Goalkeeper,4.5,0.0,0.0,a,,,,,0.1,4.0,4.0,4.0,1660,762,4752,5179,,,
2026-10-10T05:42:13+00:00,202,427623,Richards,8,31,Crystal Palace,Defender,4.9,-0.1,-0.1,a,,,,,0.6,5.0,5.0,5.0,3456,3737,24368,39468,,,
2026-10-10T05:42:13+00:00,203,651426,Canvot,8,31,Crystal Palace,Defender,4.8,-0.1,-0.2,a,,,,,0.2,4.0,4.0,4.0,1013,1603,6355,20253,,,
2026-10-10T05:42:13+00:00,204,244723,Mitchell,8,31,Crystal Palace,Defender,4.5,0.0,0.0,a,,,,,6.1,4.0,4.0,4.0,31066,35996,327601,284398,,,
2026-10-10T05:42:13+00:00,205,218364,Sosa,8,31,Crystal Palace,Defender,4.5,0.0,0.0,u,Has joined FC Cologne on loan for the rest of the season,2026-09-02T16:03:25.710518Z,0,0,0.0,0.0,0.0,0.0,0,160,236,2129,,,
2026-10-10T05:42:13+00:00,206,515621,Chadi Riad,8,31,Crystal Palace,Defender,4.3,-0.1,-0.2,i,Knee injury - Unknown return date,2026-08-22T18:00:07.352049Z,0,0,0.0,0.0,0.0,0.0,42,244,666,5795,,,
2026-10-10T05:42:13+00:00,207,242313,Mingueza,8,31,Crystal Palace,Defender,4.3,-0.1,-0.2,a,,,,,0.1,0.0,0.0,0.0,201,610,2111,5166,,,
2026-10-10T05:42:13+00:00,208,232185,Sarr,8,31,Crystal Palace,Midfielder,6.2,0.0,-0.3,a,,2026-08-22T18:00:07.363165Z,100,100,0.6,0.5,0.5,0.5,5700,4058,9754,378509,2,,
2026-10-10T05:42:13+00:00,210,496221,Wharton,8,31,Crystal Palace,Midfielder,5.4,-0.1,-0.1,a,,2026-07-23T12:01:23.498963Z,100,100,0.7,2.0,2.0,2.0,1847,6973,30254,50963,,,
2026-10-10T05:42:13+00:00,211,488024,Yeremy,8,31,Crystal Palace,Midfielder,5.5,0.0,0.0,a,,,,,0.3,1.5,1.5,1.5,1174,5612,45718,34009,,,
2026-10-10T05:42:13+00:00,212,108413,Hughes,8,31,Crystal Palace,Midfielder,4.4,0.0,-0.1,a,,,,,6.9,0.5,0.5,0.5,14954,93481,128353,532096,,,
2026-10-10T05:42:13+00:00,213,152551,Lerma,8,31,Crystal Palace,Midfielder,4.8,-0.1,-0.2,a,,,,,0.1,0.5,0.5,0.5,166,624,1372,5805,,,
2026-10-10T05:42:13+00:00,214,209400,Kamada,8,31,Crystal Palace,Midfielder,5.0,0.0,0.0,a,,,,,0.5,5.5,5.5,5.5,6283,5724,53030,27341,,,
2026-10-10T05:42:13+00:00,215,489706,Devenny,8,31,Crystal Palace,Midfielder,5.0,0.0,0.0,u,Has joined Stoke City permanently,2026-09-02T15:41:07.346849Z,0,0,0.0,0.0,0.0,0.0,0,59,132,973,3,,
2026-10-10T05:42:13+00:00,216,606921,Esse,8,31,Crystal Palace,Midfielder,5.0,0.0,0.0,u,Has joined Millwall on loan for the rest of the season,2026-09-02T15:41:07.376544Z,0,0,0.0,0.0,0.0,0.0,0,202,399,3313,,,
2026-10-10T05:42:13+00:00,217,536694,M.França,8,31,Crystal Palace,Midfielder,4.9,0.0,-0.1,u,Has joined Alverca on loan for the rest of the season,2026-09-11T14:42:19.322912Z,0,0,0.0,0.0,0.0,0.0,0,281,1007,3563,,,
2026-10-10T05:42:13+00:00,218,438464,Doucouré,8,31,Crystal Palace,Midfielder,4.8,-0.1,-0.2,a,,,,,0.0,0.0,0.0,0.0,195,464,2169,4629,,,
2026-10-10T05:42:13+00:00,219,450542,J.Rak-Sakyi,8,31,Crystal Palace,Midfielder,4.9,0.0,-0.1,u,has joined  Kasimpasa on loan for the rest of the seaon.,2026-09-10T09:12:47.224598Z,0,0,0.0,0.0,0.0,0.0,0,40,145,482,,,
2026-10-10T05:42:13+00:00,220,590014,Cardines,8,31,Crystal Palace,Defender,4.5,0.0,0.0,u,Has joined Bristol City on loan for the rest of the season,2026-08-12T14:08:46.501813Z,0,0,0.0,0.0,0.0,0.0,0,4,0,129,,,
2026-10-10T05:42:13+00:00,221,672492,Drakes-Thomas,8,31,Crystal Palace,Midfielder,4.4,-0.1,-0.1,a,,,,,0.1,0.0,0.0,0.0,306,718,2854,4963,,,
2026-10-10T05:42:13+00:00,222,247412,Strand Larsen,8,31,Crystal Palace,Forward,6.0,0.0,0.0,a,,,,,0.7,5.0,5.0,5.0,12746,7508,57971,44562,,,
2026-10-10T05:42:13+00:00,223,231747,Mateta,8,31,Crystal Palace,Forward,6.3,0.0,-0.2,i,Hamstring injury - Expected back 18 Oct,2026-08-28T21:00:08.020382Z,0,0,1.2,0.0,0.0,0.0,329,13944,26082,459431,1,,
2026-10-10T05:42:13+00:00,224,205533,Nketiah,8,31,Crystal Palace,Forward,5.5,0.0,0.0,a,,2026-09-12T14:00:09.427136Z,100,100,0.5,0.5,0.5,0.5,2284,5807,48265,52454,,,
2026-10-10T05:42:13+00:00,225,660392,Uche,8,31,Crystal Palace,Forward,5.0,0.0,0.0,u,has returned to Getafe CF,2026-07-23T12:18:56.275922Z,0,0,0.0,0.0,0.0,0.0,0,0,0,0,,,
2026-10-10T05:42:13+00:00,241,433154,McNeil,8,31,Crystal Palace,Midfielder,5.3,-0.1,-0.2,a,,,,,0.1,0.0,0.0,0.0,149,835,1856,8564,,,
2026-10-10T05:42:13+00:00,555,169593,Matthews,8,31,Crystal Palace,Goalkeeper,4.0,0.0,0.0,a,,,,,1.7,0.0,0.0,0.0,2304,4898,24488,33338,,,
2026-10-10T05:42:13+00:00,577,223723,Tomiyasu,8,31,Crystal Palace,Defender,4.4,0.0,-0.1,i,Calf injury - Expected back 18 Oct,2026-09-21T13:30:09.030724Z,,0,0.2,0.5,0.5,0.0,166,2737,3495,14857,,,
2026-10-10T05:42:13+00:00,588,570794,Khalaili,8,31,Crystal Palace,Defender,5.0,0.0,0.0,a,,2026-10-04T22:00:08.963040Z,,100,0.3,6.5,6.5,6.5,3569,3433,36262,17687,,,
2026-10-10T05:42:13+00:00,595,559152,Gozo,8,31,Crystal Palace,Midfielder,4.9,-0.1,-0.1,a,,,,,0.0,0.5,0.5,0.5,60,133,510,926,,,
2026-10-10T05:42:13+00:00,633,605972,Ahanor,8,31,Crystal Palace,Defender,4.5,0.0,0.0,a,,,,,0.0,1.5,1.5,1.5,224,177,1999,629,,,
2026-10-10T05:42:13+00:00,643,172850,Chilwell,8,31,Crystal Palace,Defender,4.5,0.0,0.0,a,,,,,0.4,0.5,0.5,0.5,1010,5129,43564,20339,,,
2026-10-10T05:42:13+00:00,644,450063,Timber,8,31,Crystal Palace,Midfielder,5.0,0.0,0.0,a,,,,,0.0,3.5,3.5,3.5,758,473,4581,1665,,,
2026-10-10T05:42:13+00:00,647,533646,Osorio,8,31,Crystal Palace,Midfielder,5.5,0.0,0.0,a,,,,,0.0,0.0,0.0,0.0,44,109,963,445,,,
2026-10-10T05:42:13+00:00,21,128295,Nørgaard,9,11,Everton,Midfielder,4.8,-0.1,-0.2,d,Groin injury - 50% chance of playing,2026-08-15T20:00:06.779594Z,0,50,0.0,0.0,0.0,0.0,126,585,566,7687,,,
2026-10-10T05:42:13+00:00,209,242898,Johnson,9,11,Everton,Midfielder,5.9,0.0,-0.1,a,,,,,0.1,3.0,3.0,3.0,737,1389,5632,11104,,,
2026-10-10T05:42:13+00:00,226,111234,Pickford,9,11,Everton,Goalkeeper,5.5,0.0,0.0,a,,,,,9.2,7.0,7.0,7.0,48735,32350,316252,252469,,,
2026-10-10T05:42:13+00:00,227,229600,Travers,9,11,Everton,Goalkeeper,5.0,0.0,0.0,a,,,,,0.0,0.0,0.0,0.0,384,389,1942,2251,,,
2026-10-10T05:42:13+00:00,228,138001,King,9,11,Everton,Goalkeeper,4.5,0.0,0.0,a,,,,,0.0,0.0,0.0,0.0,175,250,1242,1817,,,
2026-10-10T05:42:13+00:00,229,17761,Tarkowski,9,11,Everton,Defender,6.2,0.1,0.2,a,,,,,18.3,11.0,11.0,11.0,410199,57813,1121007,321399,,,
2026-10-10T05:42:13+00:00,230,480455,Branthwaite,9,11,Everton,Defender,5.5,0.0,0.0,a,,,,,2.7,7.0,7.0,7.0,46741,15588,166913,80053,,,
2026-10-10T05:42:13+00:00,231,106611,Keane,9,11,Everton,Defender,4.8,0.0,-0.2,a,,,,,0.7,0.0,0.0,0.0,927,6689,9832,93488,,,
2026-10-10T05:42:13+00:00,232,512462,O'Brien,9,11,Everton,Defender,4.8,-0.1,-0.2,a,,,,,0.3,1.0,1.0,1.0,642,1967,4897,25438,,,
2026-10-10T05:42:13+00:00,233,224967,Mykolenko,9,11,Everton,Defender,4.6,0.1,0.1,d,Leg injury - 75% chance of playing,2026-10-01T19:30:09.402881Z,,75,3.7,8.0,8.0,6.0,46291,75147,417483,171600,,,
2026-10-10T05:42:13+00:00,234,243571,Patterson,9,11,Everton,Defender,4.5,0.0,0.0,u,Has joined Torino permanently,2026-09-02T16:05:23.326971Z,0,0,0.0,0.0,0.0,0.0,0,202,371,2515,,,
2026-10-10T05:42:13+00:00,235,499300,Aznou,9,11,Everton,Defender,4.0,0.0,0.0,u,Has joined Malaga on loan for the rest of the season,2026-09-01T13:23:16.934847Z,0,0,0.1,0.0,0.0,0.0,0,1047,1728,11641,,,
2026-10-10T05:42:13+00:00,236,215413,Dewsbury-Hall,9,11,Everton,Midfielder,6.6,0.1,0.1,a,,,,,5.6,2.5,2.5,2.5,51833,94335,602597,373699,,,
2026-10-10T05:42:13+00:00,238,114283,Grealish,9,11,Everton,Midfielder,6.5,0.0,0.0,a,,2026-07-29T10:00:10.492904Z,100,100,0.5,2.0,2.0,2.0,7567,5019,44611,25303,,,
2026-10-10T05:42:13+00:00,239,232928,Garner,9,11,Everton,Midfielder,6.0,0.0,0.0,a,,2026-09-06T18:00:08.301702Z,100,100,0.2,3.5,3.5,3.5,3866,3600,23318,15500,2,,
2026-10-10T05:42:13+00:00,242,550615,George,9,11,Everton,Midfielder,5.5,0.0,0.0,a,,,,,0.8,2.0,2.0,2.0,4011,20848,108676,52512,,,
2026-10-10T05:42:13+00:00,243,502697,Alcaraz,9,11,Everton,Midfielder,4.9,0.0,-0.1,a,,,,,0.1,0.0,0.0,0.0,239,655,2940,6088,,,
2026-10-10T05:42:13+00:00,244,609873,Armstrong,9,11,Everton,Midfielder,5.0,0.0,0.0,a,,2026-09-17T08:30:08.942299Z,75,100,0.4,2.5,1.9,2.5,1409,5032,54469,34386,,,
2026-10-10T05:42:13+00:00,245,496661,Dibling,9,11,Everton,Midfielder,5.3,-0.1,-0.2,a,,,,,0.0,0.5,0.5,0.5,192,272,1247,2771,,,
2026-10-10T05:42:13+00:00,246,513466,Röhl,9,11,Everton,Midfielder,4.9,0.0,-0.1,d,Unspecified injury - 50% chance of playing,2026-09-16T18:00:09.541933Z,0,50,0.0,0.0,0.0,0.0,12,979,1967,5079,,,
2026-10-10T05:42:13+00:00,247,244860,Hackney,9,11,Everton,Midfielder,5.4,-0.1,-0.1,a,,2026-08-26T22:00:07.797766Z,100,100,0.2,1.0,1.0,1.0,274,1806,3825,12646,,,
2026-10-10T05:42:13+00:00,248,486385,Beto,9,11,Everton,Forward,5.4,0.0,-0.1,u,Has joined Fiorentina permanently,2026-09-02T16:05:23.357221Z,0,0,0.6,0.0,0.0,0.0,0,11865,16222,224187,,,
2026-10-10T05:42:13+00:00,249,586309,Barry,9,11,Everton,Forward,5.7,0.1,0.2,a,,,,,8.7,4.0,4.0,4.0,170642,94513,1052797,412689,1,,
2026-10-10T05:42:13+00:00,649,154043,Maitland-Niles,9,11,Everton,Defender,4.5,0.0,0.0,a,,,,,1.5,7.0,7.0,7.0,34877,9771,107909,19663,,,
2026-10-10T05:42:13+00:00,654,629068,Graham,9,11,Everton,Midfielder,4.5,0.0,0.0,a,,,,,0.1,0.0,0.0,0.0,325,1298,11371,5603,,,
2026-10-10T05:42:13+00:00,250,80201,Leno,10,54,Fulham,Goalkeeper,4.5,0.0,0.0,a,,,,,3.9,6.0,6.0,6.0,106050,28105,216947,119147,,,
2026-10-10T05:42:13+00:00,251,86873,Lecomte,10,54,Fulham,Goalkeeper,4.0,0.0,0.0,a,,,,,1.1,0.0,0.0,0.0,5479,5027,28207,28462,,,
2026-10-10T05:42:13+00:00,252,505079,McNally,10,54,Fulham,Goalkeeper,4.0,0.0,0.0,u,Has joined York City on loan for the rest of the season,2026-09-01T13:25:11.231240Z,0,0,0.1,0.0,0.0,0.0,0,1081,2589,7077,,,
2026-10-10T05:42:13+00:00,253,174874,Andersen,10,54,Fulham,Defender,5.0,0.0,0.0,a,,2026-07-23T12:01:23.516350Z,100,100,0.2,0.5,0.5,0.5,6618,2077,18492,10187,,,
2026-10-10T05:42:13+00:00,254,169528,Robinson,10,54,Fulham,Defender,4.5,0.0,0.0,d,Ankle injury - 75% chance of playing,2026-10-09T11:30:11.109085Z,,75,1.5,4.0,4.0,3.0,35591,23958,78076,87933,2,,
2026-10-10T05:42:13+00:00,255,246301,J.Cuenca,10,54,Fulham,Defender,4.5,0.0,0.0,a,,,,,0.0,0.0,0.0,0.0,131,177,1611,2070,,,
2026-10-10T05:42:13+00:00,256,167074,Tete,10,54,Fulham,Defender,4.4,0.0,-0.1,a,,2026-09-18T12:30:09.546158Z,0,100,0.2,0.0,0.0,0.0,212,1436,1543,10881,,,
2026-10-10T05:42:13+00:00,257,232892,Bassey,10,54,Fulham,Defender,4.5,0.0,0.0,a,,,,,0.9,6.0,6.0,6.0,26238,5068,47252,33214,,,
2026-10-10T05:42:13+00:00,258,166477,Castagne,10,54,Fulham,Defender,4.5,0.0,0.0,a,,,,,1.2,3.5,3.5,3.5,45674,11013,122316,49742,,,
2026-10-10T05:42:13+00:00,261,153133,Iwobi,10,54,Fulham,Midfielder,5.4,0.0,-0.1,a,,,,,0.7,4.0,4.0,4.0,11766,6453,30686,58814,3,,
2026-10-10T05:42:13+00:00,262,209289,Smith Rowe,10,54,Fulham,Midfielder,5.3,-0.1,-0.2,a,,,,,0.2,0.5,0.5,0.5,625,2092,4823,21751,,,
2026-10-10T05:42:13+00:00,263,560552,Kevin,10,54,Fulham,Midfielder,5.3,0.0,-0.2,a,,,,,0.0,1.0,1.0,1.0,382,470,2186,4407,,,
2026-10-10T05:42:13+00:00,264,477555,Bobb,10,54,Fulham,Midfielder,5.5,0.0,0.0,a,,,,,0.3,3.0,3.0,3.0,6751,3236,20754,22342,,,
2026-10-10T05:42:13+00:00,265,207189,Berge,10,54,Fulham,Midfielder,4.9,0.0,-0.1,a,,,,,0.3,3.0,3.0,3.0,1473,2431,7204,19187,,,
2026-10-10T05:42:13+00:00,266,76357,Cairney,10,54,Fulham,Midfielder,4.9,0.0,-0.1,i,Knee injury - Expected back 17 Oct,2026-08-14T18:00:06.460944Z,0,0,0.0,0.0,0.0,0.0,25,24,126,335,,,
2026-10-10T05:42:13+00:00,268,577725,King,10,54,Fulham,Midfielder,5.6,0.1,0.1,a,,,,,4.2,2.5,2.5,2.5,287422,46659,531557,125227,,,
2026-10-10T05:42:13+00:00,269,184349,Sessegnon,10,54,Fulham,Defender,4.3,-0.1,-0.2,a,,2026-09-14T11:30:07.403957Z,75,100,0.3,0.0,0.0,0.0,834,2251,3277,19949,,,
2026-10-10T05:42:13+00:00,270,153366,Reed,10,54,Fulham,Midfielder,4.4,0.0,-0.1,a,,,,,1.1,0.0,0.0,0.0,4081,12061,37573,78286,,,
2026-10-10T05:42:13+00:00,271,244042,Muniz,10,54,Fulham,Forward,5.4,0.0,-0.1,a,,,,,0.4,0.5,0.5,0.5,3695,4520,18024,36961,,,
2026-10-10T05:42:13+00:00,272,631786,Kusi-Asare,10,54,Fulham,Forward,4.5,0.0,0.0,a,,,,,5.2,0.0,0.0,0.0,20017,62256,169488,330061,,,
2026-10-10T05:42:13+00:00,569,551466,Gonzalo,10,54,Fulham,Forward,6.1,0.1,0.1,a,,,,,6.6,2.0,2.0,2.0,368422,65253,730731,344638,1,,
2026-10-10T05:42:13+00:00,570,571779,Palacios,10,54,Fulham,Midfielder,5.4,0.0,-0.1,a,,,,,0.2,0.5,0.5,0.5,1226,1669,6515,11315,,,
2026-10-10T05:42:13+00:00,580,463210,Charles,10,54,Fulham,Midfielder,5.0,0.0,0.0,a,,,,,0.1,4.5,4.5,4.5,3032,1054,4762,4730,,,
2026-10-10T05:42:13+00:00,610,547686,De Fougerolles,10,54,Fulham,Defender,4.0,0.0,0.0,u,has joined  Real Salt Lake on loan for the rest of the seaon.,2026-08-28T11:30:08.336405Z,0,0,0.1,0.0,0.0,0.0,0,624,5787,5370,,,
2026-10-10T05:42:13+00:00,626,616069,Zepa,10,54,Fulham,Midfielder,4.4,-0.1,-0.1,a,,,,,0.3,0.0,0.0,0.0,4041,3499,38208,19713,,,
2026-10-10T05:42:13+00:00,635,551050,Larsson,10,54,Fulham,Midfielder,5.0,0.0,0.0,a,,,,,0.0,1.0,1.0,1.0,159,106,904,339,,,
2026-10-10T05:42:13+00:00,636,500033,Ángel,10,54,Fulham,Midfielder,5.0,0.0,0.0,a,,,,,0.0,0.0,0.0,0.0,51,40,388,182,,,
2026-10-10T05:42:13+00:00,650,442299,Affengruber,10,54,Fulham,Defender,4.5,0.0,0.0,a,,,,,0.4,6.0,6.0,6.0,52352,8360,55230,8982,,,
2026-10-10T05:42:13+00:00,240,490094,Iroegbunam,11,88,Hull City,Midfielder,5.0,0.0,0.0,a,,2026-08-15T20:00:06.878792Z,100,100,0.0,0.5,0.5,0.5,114,181,1152,1195,,,
2026-10-10T05:42:13+00:00,273,167825,Phillips,11,88,Hull City,Goalkeeper,4.0,0.0,0.0,a,,,,,1.4,0.0,0.0,0.0,6030,7010,32155,41893,,,
2026-10-10T05:42:13+00:00,274,105666,Butland,11,88,Hull City,Goalkeeper,4.4,-0.1,-0.1,i,Arm injury - Unknown return date,2026-08-08T19:00:05.601633Z,0,0,0.1,0.0,0.0,0.0,100,507,669,5120,,,
2026-10-10T05:42:13+00:00,275,494950,Cartwright,11,88,Hull City,Goalkeeper,4.0,0.0,0.0,u,Has joined Grimsby Town on loan for the rest of the season,2026-07-29T13:00:27.959925Z,0,0,0.0,0.0,0.0,0.0,0,46,0,348,,,
2026-10-10T05:42:13+00:00,276,444307,Lo-Tutala,11,88,Hull City,Goalkeeper,4.0,0.0,0.0,u,Has joined Colchester United on loan for the rest of the season,2026-08-17T13:50:27.125537Z,0,0,0.0,0.0,0.0,0.0,0,194,0,1188,,,
2026-10-10T05:42:13+00:00,277,108416,Egan,11,88,Hull City,Defender,4.1,0.0,0.1,a,,,,,7.3,1.5,1.5,1.5,86575,53988,809734,240909,,,
2026-10-10T05:42:13+00:00,278,501902,Hughes,11,88,Hull City,Defender,3.9,0.0,-0.1,i,Groin injury - Unknown return date,2026-08-02T09:00:11.030017Z,0,0,0.2,0.0,0.0,0.0,1468,2798,17257,13765,,,
2026-10-10T05:42:13+00:00,279,146426,Ajayi,11,88,Hull City,Defender,4.2,0.0,0.2,a,,2026-08-22T17:30:07.668197Z,100,100,14.0,1.0,1.0,1.0,87650,96413,1399035,346915,,,
2026-10-10T05:42:13+00:00,280,193278,Coyle,11,88,Hull City,Defender,4.0,0.0,0.0,a,,2026-08-29T16:30:08.151841Z,100,100,0.7,1.0,1.0,1.0,3701,3787,29273,27595,,,
2026-10-10T05:42:13+00:00,281,433590,Drameh,11,88,Hull City,Defender,4.0,0.0,0.0,u,Has joined Genoa permanently,2026-09-02T16:09:06.479140Z,0,0,0.0,0.0,0.0,0.0,0,349,2118,4602,,,
2026-10-10T05:42:13+00:00,282,232351,Giles,11,88,Hull City,Defender,4.0,0.0,0.0,a,,,,,2.9,2.0,2.0,2.0,39545,24225,296362,76516,,,
2026-10-10T05:42:13+00:00,283,449428,Jacob,11,88,Hull City,Defender,4.0,0.0,0.0,u,Has joined Newport County on loan until January,2026-08-02T09:00:11.038361Z,0,0,0.0,0.0,0.0,0.0,0,65,114,722,,,
2026-10-10T05:42:13+00:00,284,661800,McCarthy,11,88,Hull City,Defender,4.0,0.0,0.0,a,,,,,0.1,0.0,0.0,0.0,614,721,5148,4873,,,
2026-10-10T05:42:13+00:00,285,160817,McNair,11,88,Hull City,Defender,4.0,0.0,0.0,a,,2026-09-09T13:30:08.327907Z,100,100,0.1,0.0,0.0,0.0,322,727,3275,5036,,,
2026-10-10T05:42:13+00:00,286,540324,Belloumi,11,88,Hull City,Midfielder,5.1,0.0,0.1,a,,,,,5.9,8.5,8.5,8.5,165623,51471,595559,111509,,,
2026-10-10T05:42:13+00:00,287,232905,Millar,11,88,Hull City,Midfielder,5.0,0.0,0.0,u,Has joined Birmingham on loan for the rest of the season,2026-09-02T15:36:41.038103Z,0,0,0.0,0.0,0.0,0.0,0,456,3178,7676,,,
2026-10-10T05:42:13+00:00,288,171270,Dowell,11,88,Hull City,Midfielder,4.4,-0.1,-0.1,a,,,,,0.3,0.0,0.0,0.0,952,3396,12709,22979,,,
2026-10-10T05:42:13+00:00,289,101282,Crooks,11,88,Hull City,Midfielder,4.4,-0.1,-0.1,a,,2026-08-29T15:00:08.569326Z,100,100,0.5,0.5,0.5,0.5,8921,7915,28280,44144,,,
2026-10-10T05:42:13+00:00,290,243413,Slater,11,88,Hull City,Midfielder,4.5,0.0,0.0,a,,,,,5.0,2.0,2.0,2.0,31921,71754,514854,312753,,,
2026-10-10T05:42:13+00:00,291,465525,Matazo,11,88,Hull City,Midfielder,4.5,0.0,0.0,i,Knee injury - Unknown return date,2026-07-23T12:01:23.532635Z,0,0,0.0,0.0,0.0,0.0,47,94,398,532,,,
2026-10-10T05:42:13+00:00,292,208481,Ömür,11,88,Hull City,Midfielder,4.9,0.0,-0.1,a,,,,,0.0,0.0,0.0,0.0,114,216,1232,1697,,,
2026-10-10T05:42:13+00:00,293,490161,Kamara,11,88,Hull City,Midfielder,5.0,0.0,0.0,u,Has joined Portsmouth permanently,2026-08-12T14:08:23.542043Z,0,0,0.0,0.0,0.0,0.0,0,15,0,377,,,
2026-10-10T05:42:13+00:00,294,553783,Zambrano,11,88,Hull City,Midfielder,4.5,0.0,0.0,a,,2026-08-04T18:30:11.016909Z,100,100,0.1,0.0,0.0,0.0,230,755,3959,7084,,,
2026-10-10T05:42:13+00:00,295,169432,McBurnie,11,88,Hull City,Forward,5.5,0.0,0.0,a,,,,,1.9,2.5,2.5,2.5,16574,29813,197560,165160,1,,
2026-10-10T05:42:13+00:00,296,213292,Akintola,11,88,Hull City,Midfielder,5.0,0.0,0.0,u,Has joined Omonoia FC permanently,2026-09-11T14:42:38.120231Z,0,0,0.0,0.0,0.0,0.0,0,400,2704,5013,,,
2026-10-10T05:42:13+00:00,297,470294,Gyabi,11,88,Hull City,Midfielder,4.4,-0.1,-0.1,i,Thigh injury - Unknown return date,2026-08-04T18:30:11.027155Z,0,0,0.0,0.0,0.0,0.0,106,209,495,1677,,,
2026-10-10T05:42:13+00:00,298,500957,Destan,11,88,Hull City,Forward,4.5,0.0,0.0,u,Has joined Konyaspor permanently,2026-08-17T13:50:27.145733Z,0,0,0.2,0.0,0.0,0.0,0,2198,0,23151,,,
2026-10-10T05:42:13+00:00,299,534392,Burstow,11,88,Hull City,Forward,4.5,0.0,0.0,u,Has joined Sheffield Wednesday on loan for the rest of the season,2026-08-03T14:05:20.234842Z,0,0,0.0,0.0,0.0,0.0,0,321,0,3171,,,
2026-10-10T05:42:13+00:00,340,462635,Gelhardt,11,88,Hull City,Midfielder,5.0,0.0,0.0,a,,2026-08-17T21:30:07.799839Z,100,100,0.0,0.5,0.5,0.5,131,164,741,1071,,,
2026-10-10T05:42:13+00:00,556,169359,Targett,11,88,Hull City,Defender,4.0,0.0,0.0,i,Ankle injury - Unknown return date,2026-09-17T14:00:26.419938Z,75,0,1.5,0.0,0.0,0.0,159,19223,24883,96499,,,
2026-10-10T05:42:13+00:00,563,445028,Morita,11,88,Hull City,Midfielder,4.9,-0.1,-0.1,a,,2026-09-09T14:00:08.474217Z,0,100,0.0,0.0,0.0,0.0,39,256,742,1852,,,
2026-10-10T05:42:13+00:00,572,473284,Tzolakis,11,88,Hull City,Goalkeeper,4.7,0.1,0.2,a,,,,,13.3,4.0,4.0,4.0,205803,51702,1077131,247352,,,
2026-10-10T05:42:13+00:00,574,552946,Hjertø-Dahl,11,88,Hull City,Midfielder,4.9,0.0,-0.1,a,,,,,0.1,0.0,0.0,0.0,106,572,1467,4692,,,
2026-10-10T05:42:13+00:00,576,608227,Stroud,11,88,Hull City,Midfielder,5.0,0.0,0.0,a,,,,,0.1,0.5,0.5,0.5,215,807,3737,5030,,,
2026-10-10T05:42:13+00:00,585,597462,Herrington,11,88,Hull City,Defender,4.0,0.0,0.0,a,,,,,0.6,1.0,1.0,1.0,1550,2819,13349,19706,,,
2026-10-10T05:42:13+00:00,586,606930,Mendy,11,88,Hull City,Defender,4.1,0.0,0.1,a,,2026-09-12T18:00:09.334142Z,0,100,6.2,0.5,0.0,0.5,16295,45427,692587,370410,,,
2026-10-10T05:42:13+00:00,589,469266,Gourna-Douath,11,88,Hull City,Midfielder,5.0,0.0,0.0,a,,,,,0.0,0.5,0.5,0.5,47,173,716,1408,,,
2026-10-10T05:42:13+00:00,617,490884,Cho,11,88,Hull City,Midfielder,5.0,0.0,0.0,a,,,,,0.0,3.5,3.5,3.5,530,216,1966,828,,,
2026-10-10T05:42:13+00:00,632,626751,Ansah,11,88,Hull City,Forward,5.0,0.0,0.0,i,Back injury - Unknown return date,2026-09-09T10:00:08.919489Z,0,0,0.0,0.0,0.0,0.0,98,588,5145,3668,,,
2026-10-10T05:42:13+00:00,637,631000,Vaz,11,88,Hull City,Forward,5.0,0.0,0.0,a,,,,,0.1,1.0,1.0,1.0,2783,1657,13288,4478,,,
2026-10-10T05:42:13+00:00,638,496181,Norton-Cuffy,11,88,Hull City,Defender,4.0,0.0,0.0,a,,2026-09-21T08:30:09.561308Z,,100,0.2,0.0,0.0,0.0,575,3365,26191,11191,,,
2026-10-10T05:42:13+00:00,642,243951,Thomas,11,88,Hull City,Midfielder,5.5,0.0,0.0,a,,,,,0.0,1.5,1.5,1.5,756,492,3360,1341,,,
2026-10-10T05:42:13+00:00,645,647839,Mouzakitis,11,88,Hull City,Midfielder,5.0,0.0,0.0,a,,,,,0.0,0.0,0.0,0.0,130,119,822,345,,,
2026-10-10T05:42:13+00:00,259,219924,Diop,12,40,Ipswich Town,Defender,4.0,0.0,0.0,a,,,,,12.1,2.5,2.5,2.5,15783,123033,144820,575655,,,
2026-10-10T05:42:13+00:00,267,212314,Lukić,12,40,Ipswich Town,Midfielder,4.9,-0.1,-0.1,a,,,,,0.1,1.5,1.5,1.5,460,1035,3688,6988,,,
2026-10-10T05:42:13+00:00,300,108813,Walton,12,40,Ipswich Town,Goalkeeper,4.4,0.0,-0.1,a,,,,,0.4,1.0,1.0,1.0,4061,2170,5746,16083,,,
2026-10-10T05:42:13+00:00,301,112520,Palmer,12,40,Ipswich Town,Goalkeeper,4.0,0.0,0.0,a,,,,,3.8,0.0,0.0,0.0,11432,24676,82028,125915,,,
2026-10-10T05:42:13+00:00,302,50093,Button,12,40,Ipswich Town,Goalkeeper,4.0,0.0,0.0,a,,,,,0.6,0.0,0.0,0.0,3458,2525,33468,16377,,,
2026-10-10T05:42:13+00:00,303,183015,Kipré,12,40,Ipswich Town,Defender,3.9,0.0,-0.1,a,,,,,0.9,0.0,0.0,0.0,7225,6874,51846,31621,,,
2026-10-10T05:42:13+00:00,304,216616,O'Shea,12,40,Ipswich Town,Defender,4.0,0.0,0.0,a,,,,,2.6,1.5,1.5,1.5,5055,28379,68474,141722,,,
2026-10-10T05:42:13+00:00,305,455084,Davis,12,40,Ipswich Town,Defender,4.0,0.0,0.0,a,,,,,7.6,8.0,8.0,8.0,135314,55013,455517,212629,,,
2026-10-10T05:42:13+00:00,306,449429,Greaves,12,40,Ipswich Town,Defender,3.9,-0.1,-0.1,a,,,,,1.1,0.5,0.5,0.5,9878,9081,17614,43822,,,
2026-10-10T05:42:13+00:00,307,222018,Johnson,12,40,Ipswich Town,Defender,4.0,0.0,0.0,u,Has joined Stoke City on loan for the rest of the season,2026-09-04T12:36:56.236331Z,0,0,0.1,0.0,0.0,0.0,0,674,1137,6621,,,
2026-10-10T05:42:13+00:00,308,176420,Furlong,12,40,Ipswich Town,Defender,3.9,0.0,-0.1,a,,,,,0.6,0.0,0.0,0.0,8667,5073,21304,21850,,,
2026-10-10T05:42:13+00:00,309,501390,Núñez,12,40,Ipswich Town,Midfielder,4.9,0.0,-0.1,a,,,,,0.1,0.0,0.0,0.0,143,1097,3160,8104,,,
2026-10-10T05:42:13+00:00,310,241117,Matusiwa,12,40,Ipswich Town,Midfielder,4.9,0.0,-0.1,a,,2026-07-29T18:00:10.305484Z,100,100,0.0,0.0,0.0,0.0,23,27,134,288,,,
2026-10-10T05:42:13+00:00,311,149929,Burns,12,40,Ipswich Town,Midfielder,5.0,0.0,0.0,u,Has joined Leicester City permanently,2026-08-10T14:02:47.597478Z,0,0,0.0,0.0,0.0,0.0,0,11,0,350,,,
2026-10-10T05:42:13+00:00,312,231899,Taylor,12,40,Ipswich Town,Midfielder,4.4,-0.1,-0.1,a,,2026-07-29T18:00:10.319370Z,0,100,0.0,0.0,0.0,0.0,626,447,1202,2828,,,
2026-10-10T05:42:13+00:00,313,443261,Clarke,12,40,Ipswich Town,Midfielder,5.3,-0.1,-0.2,a,,,,,0.2,1.5,1.5,1.5,460,1714,5811,16508,1,,
2026-10-10T05:42:13+00:00,314,229164,Ogbene,12,40,Ipswich Town,Midfielder,4.9,0.0,-0.1,u,Has joined Lincoln City on loan until January,2026-09-02T16:04:17.497385Z,0,0,0.0,0.0,0.0,0.0,0,99,104,1241,,,
2026-10-10T05:42:13+00:00,315,531442,Fatawu,12,40,Ipswich Town,Midfielder,5.4,0.0,-0.1,s,Suspended until 17 Oct,2026-09-19T15:30:10.126897Z,,0,0.1,0.0,0.0,0.0,86,4211,5388,15055,,,
2026-10-10T05:42:13+00:00,316,543968,Emersonn,12,40,Ipswich Town,Forward,5.6,0.1,0.1,a,,2026-08-31T09:30:08.306145Z,100,100,4.1,7.0,7.0,7.0,84192,37625,367890,156899,2,,
2026-10-10T05:42:13+00:00,317,222625,Hirst,12,40,Ipswich Town,Forward,5.0,0.0,0.0,u,Has joined Stoke City permanently,2026-08-21T13:06:08.606019Z,0,0,0.1,0.0,0.0,0.0,0,916,0,17546,,,
2026-10-10T05:42:13+00:00,318,481624,Philogene,12,40,Ipswich Town,Midfielder,5.4,0.0,-0.1,a,,2026-08-25T11:30:07.532993Z,100,100,0.1,1.0,1.0,1.0,68,278,336,9402,3,,
2026-10-10T05:42:13+00:00,319,172453,Szmodics,12,40,Ipswich Town,Midfielder,5.0,0.0,0.0,u,Has joined Derby County on loan for the rest of the season,2026-08-17T13:51:41.713979Z,0,0,0.0,0.0,0.0,0.0,0,27,0,774,,,
2026-10-10T05:42:13+00:00,320,147675,Akpom,12,40,Ipswich Town,Forward,5.0,0.0,0.0,a,,,,,1.1,0.5,0.5,0.5,7390,15211,133346,79644,,,
2026-10-10T05:42:13+00:00,321,557012,Walle Egeli,12,40,Ipswich Town,Forward,4.5,0.0,0.0,a,,,,,3.5,0.0,0.0,0.0,35473,46278,348094,230765,,,
2026-10-10T05:42:13+00:00,322,462387,Al-Hamadi,12,40,Ipswich Town,Forward,5.0,0.0,0.0,u,Has joined Sheffield Wednesday on loan for the rest of the season,2026-08-27T14:54:10.215357Z,0,0,0.0,0.0,0.0,0.0,0,610,755,10155,,,
2026-10-10T05:42:13+00:00,323,461587,McAteer,12,40,Ipswich Town,Midfielder,4.4,-0.1,-0.1,a,,,,,1.0,0.0,0.0,0.0,3580,11962,30324,67809,,,
2026-10-10T05:42:13+00:00,324,232457,Mehmeti,12,40,Ipswich Town,Midfielder,4.8,-0.1,-0.2,a,,,,,0.0,0.0,0.0,0.0,102,258,428,2589,,,
2026-10-10T05:42:13+00:00,554,546600,Van Oevelen,12,40,Ipswich Town,Goalkeeper,4.5,0.0,0.0,u,Has joined Valencia on loan for the rest of the season,2026-08-25T14:04:09.529320Z,0,0,0.0,0.0,0.0,0.0,0,152,54,2026,,,
2026-10-10T05:42:13+00:00,562,442967,Maeda,12,40,Ipswich Town,Midfielder,5.3,-0.1,-0.2,a,,,,,0.2,1.0,1.0,1.0,248,2808,2976,21578,,,
2026-10-10T05:42:13+00:00,564,240514,Scherpen,12,40,Ipswich Town,Goalkeeper,4.5,0.0,0.0,a,,,,,0.6,0.5,0.5,0.5,1519,4643,16086,25220,,,
2026-10-10T05:42:13+00:00,571,216055,Florentino,12,40,Ipswich Town,Midfielder,4.8,-0.1,-0.2,a,,2026-08-25T11:30:07.678802Z,100,100,0.1,1.0,1.0,1.0,189,706,1134,7437,,,
2026-10-10T05:42:13+00:00,591,474120,Enciso,12,40,Ipswich Town,Midfielder,5.5,0.0,0.0,a,,2026-08-22T18:00:07.551930Z,100,100,0.8,2.0,2.0,2.0,6803,11323,98366,57612,,,
2026-10-10T05:42:13+00:00,592,572584,Ouattara,12,40,Ipswich Town,Defender,4.0,0.0,0.0,a,,,,,0.8,1.5,1.5,1.5,1305,3655,14090,27791,,,
2026-10-10T05:42:13+00:00,602,524180,Humphreys,12,40,Ipswich Town,Midfielder,4.5,0.0,0.0,u,Has joined Huddersfield Town on loan for the rest of the season,2026-09-02T16:04:17.524642Z,0,0,0.0,0.0,0.0,0.0,0,298,2861,3292,,,
2026-10-10T05:42:13+00:00,619,218543,Palacios,12,40,Ipswich Town,Midfielder,5.0,0.0,0.0,a,,,,,0.1,3.0,3.0,3.0,907,1337,9395,3947,,,
2026-10-10T05:42:13+00:00,640,431639,Flemming,12,40,Ipswich Town,Forward,5.5,0.0,0.0,a,,,,,0.1,2.5,2.5,2.5,2027,1662,10389,3884,,,
2026-10-10T05:42:13+00:00,260,153682,Wilson,13,2,Leeds,Midfielder,6.2,0.0,-0.3,d,Thigh injury - 75% chance of playing,2026-09-18T13:30:09.626858Z,0,75,1.4,0.5,0.0,0.4,134,64128,29105,480830,,,
2026-10-10T05:42:13+00:00,326,201595,Perri,13,2,Leeds,Goalkeeper,4.5,0.0,0.0,u,Has joined Torino on loan for the rest of the season,2026-09-01T13:12:39.210133Z,0,0,0.3,0.0,0.0,0.0,0,2210,532,27410,,,
2026-10-10T05:42:13+00:00,327,434752,Bijol,13,2,Leeds,Defender,5.0,0.0,0.0,a,,,,,0.7,0.0,0.0,0.0,1269,8551,69571,62166,,,
2026-10-10T05:42:13+00:00,329,214225,Rodon,13,2,Leeds,Defender,4.3,-0.1,-0.2,i,Hamstring injury - Expected back 21 Nov,2026-08-30T16:00:08.564382Z,0,0,0.7,0.0,0.0,0.0,81,18577,26975,306582,,,
2026-10-10T05:42:13+00:00,330,226182,Bogle,13,2,Leeds,Defender,4.6,0.0,0.1,a,,,,,8.1,10.0,10.0,10.0,234274,57169,760847,116377,,,
2026-10-10T05:42:13+00:00,331,243526,Gudmundsson,13,2,Leeds,Defender,4.5,0.0,0.0,a,,2026-08-08T20:00:07.546568Z,100,100,0.1,6.0,6.0,6.0,1533,726,5131,3156,,,
2026-10-10T05:42:13+00:00,332,220627,Justin,13,2,Leeds,Defender,4.5,0.0,0.0,a,,,,,1.4,5.0,5.0,5.0,11767,12868,129039,77781,,,
2026-10-10T05:42:13+00:00,333,437738,Bornauw,13,2,Leeds,Defender,4.5,0.0,0.0,u,Has joined Hamburg SV on loan for the rest of the season,2026-08-19T13:56:14.645970Z,0,0,0.0,0.0,0.0,0.0,0,10,0,304,,,
2026-10-10T05:42:13+00:00,334,522047,Muharemović,13,2,Leeds,Defender,5.0,0.0,0.0,a,,,,,4.5,6.5,6.5,6.5,80237,54111,351522,202995,,,
2026-10-10T05:42:13+00:00,335,466525,Stach,13,2,Leeds,Midfielder,6.0,0.0,0.0,a,,,,,2.4,4.0,4.0,4.0,9046,33586,206389,178319,,,
2026-10-10T05:42:13+00:00,336,435997,Okafor,13,2,Leeds,Midfielder,5.8,0.0,-0.2,a,,,,,0.4,6.0,6.0,6.0,3839,7464,28946,39250,,,
2026-10-10T05:42:13+00:00,337,427637,Aaronson,13,2,Leeds,Midfielder,5.3,-0.1,-0.2,a,,,,,0.4,1.0,1.0,1.0,371,6054,6934,50783,,,
2026-10-10T05:42:13+00:00,338,199598,Ampadu,13,2,Leeds,Midfielder,5.4,0.0,-0.1,a,,,,,0.9,6.0,6.0,6.0,3791,10329,20224,66008,,,
2026-10-10T05:42:13+00:00,339,180135,Longstaff,13,2,Leeds,Midfielder,4.8,-0.1,-0.2,a,,,,,0.1,0.5,0.5,0.5,316,1068,2689,8552,,,
2026-10-10T05:42:13+00:00,341,492859,Gnonto,13,2,Leeds,Midfielder,5.0,0.0,0.0,u,Has joined ACF Fiorentina on loan for the rest of the season,2026-09-02T16:04:47.189648Z,0,0,0.0,0.0,0.0,0.0,0,94,244,1852,,,
2026-10-10T05:42:13+00:00,342,221399,Harrison,13,2,Leeds,Midfielder,5.0,0.0,0.0,u,Has joined New England Revolution permanently,2026-07-28T12:59:09.492431Z,0,0,0.0,0.0,0.0,0.0,0,5,0,79,,,
2026-10-10T05:42:13+00:00,343,200617,James,13,2,Leeds,Midfielder,4.9,0.0,-0.1,i,Back injury - Expected back 18 Oct,2026-10-08T14:00:11.803126Z,,0,0.1,1.0,1.0,0.0,253,1398,4222,8848,,,
2026-10-10T05:42:13+00:00,344,486520,Gruev,13,2,Leeds,Midfielder,5.0,0.0,0.0,a,,2026-08-14T23:00:06.272027Z,100,100,0.0,0.0,0.0,0.0,68,33,147,328,,,
2026-10-10T05:42:13+00:00,345,248056,Tanaka,13,2,Leeds,Midfielder,4.9,0.0,-0.1,a,,,,,0.3,4.0,4.0,4.0,3839,4178,24357,19413,,,
2026-10-10T05:42:13+00:00,346,177815,Calvert-Lewin,13,2,Leeds,Forward,6.0,0.0,0.0,a,,,,,23.3,6.0,6.0,6.0,165337,386557,1081966,1539499,1,,
2026-10-10T05:42:13+00:00,347,174594,Nmecha,13,2,Leeds,Forward,5.4,0.0,-0.1,a,,,,,0.4,1.0,1.0,1.0,3233,5871,23427,39292,2,,
2026-10-10T05:42:13+00:00,348,235826,Piroe,13,2,Leeds,Forward,5.0,0.0,0.0,u,Has joined West Ham United on loan for the rest of the season,2026-08-19T13:56:14.666726Z,0,0,0.1,0.0,0.0,0.0,0,659,0,11454,3,,
2026-10-10T05:42:13+00:00,349,565297,Mateo Joseph,13,2,Leeds,Forward,4.5,0.0,0.0,i,Knee injury - Unknown return date,2026-07-29T18:00:10.338170Z,0,0,0.1,0.0,0.0,0.0,591,774,3377,4748,,,
2026-10-10T05:42:13+00:00,385,432720,Trafford,13,2,Leeds,Goalkeeper,5.0,0.0,0.0,a,,,,,5.5,6.5,6.5,6.5,41135,29295,283106,173640,,,
2026-10-10T05:42:13+00:00,598,173774,Elvedi,13,2,Leeds,Defender,4.5,0.0,0.0,a,,,,,0.1,4.0,4.0,4.0,544,465,5659,3024,,,
2026-10-10T05:42:13+00:00,603,643970,Lienou,13,2,Leeds,Defender,4.0,0.0,0.0,a,,,,,0.1,0.0,0.0,0.0,352,686,7025,4153,,,
2026-10-10T05:42:13+00:00,604,592740,Cresswell,13,2,Leeds,Midfielder,4.5,0.0,0.0,a,,,,,0.1,0.0,0.0,0.0,517,1225,14273,8253,,,
2026-10-10T05:42:13+00:00,625,97846,Cairns,13,2,Leeds,Goalkeeper,4.0,0.0,0.0,a,,,,,0.2,0.0,0.0,0.0,1449,1101,20408,6259,,,
2026-10-10T05:42:13+00:00,629,155465,Zetterer,13,2,Leeds,Goalkeeper,4.0,0.0,0.0,a,,,,,0.7,0.0,0.0,0.0,5262,3825,60702,15200,,,
2026-10-10T05:42:13+00:00,641,437497,Bard,13,2,Leeds,Defender,4.5,0.0,0.0,a,,,,,0.0,0.5,0.5,0.5,152,114,1014,390,,,
2026-10-10T05:42:13+00:00,648,587982,Bahoya,13,2,Leeds,Midfielder,5.0,0.0,0.0,d,Ankle injury - 75% chance of playing,2026-10-08T14:00:12.276121Z,,75,0.0,0.5,0.5,0.4,133,307,2265,1275,,,
2026-10-10T05:42:13+00:00,350,116535,A.Becker,14,14,Liverpool,Goalkeeper,5.5,0.0,0.0,a,,,,,4.2,8.5,8.5,8.5,24393,22163,157711,155687,,,
2026-10-10T05:42:13+00:00,351,449027,Mamardashvili,14,14,Liverpool,Goalkeeper,4.8,-0.1,-0.2,a,,,,,0.1,0.0,0.0,0.0,342,809,2954,8827,,,
2026-10-10T05:42:13+00:00,352,155503,Woodman,14,14,Liverpool,Goalkeeper,4.0,0.0,0.0,a,,,,,1.0,0.0,0.0,0.0,1428,3790,18922,28648,,,
2026-10-10T05:42:13+00:00,353,586268,Pecsi,14,14,Liverpool,Goalkeeper,4.0,0.0,0.0,u,Has joined TSV Hartberg on loan for the rest of the season,2026-08-18T14:11:18.638344Z,0,0,0.0,0.0,0.0,0.0,0,108,0,1135,,,
2026-10-10T05:42:13+00:00,354,432987,Jaros,14,14,Liverpool,Goalkeeper,4.0,0.0,0.0,i,Knee injury - Unknown return date,2026-07-29T18:00:10.351066Z,0,0,0.0,0.0,0.0,0.0,353,254,1900,1340,,,
2026-10-10T05:42:13+00:00,355,464353,Davies,14,14,Liverpool,Goalkeeper,4.0,0.0,0.0,a,,,,,0.2,0.0,0.0,0.0,519,684,4971,4464,,,
2026-10-10T05:42:13+00:00,356,97032,Virgil,14,14,Liverpool,Defender,6.5,0.0,0.0,a,,,,,16.0,8.0,8.0,8.0,42112,82600,299128,655233,,,
2026-10-10T05:42:13+00:00,357,216094,Frimpong,14,14,Liverpool,Defender,5.3,0.0,-0.2,a,,,,,1.7,0.5,0.5,0.5,2292,20638,59635,254023,,,
2026-10-10T05:42:13+00:00,358,544877,Kerkez,14,14,Liverpool,Defender,5.3,-0.1,-0.2,a,,,,,2.1,3.5,3.5,3.5,4094,21250,49111,198622,,,
2026-10-10T05:42:13+00:00,359,171287,Gomez,14,14,Liverpool,Defender,4.9,0.0,-0.1,a,,2026-07-26T08:30:10.078473Z,100,100,0.0,0.0,0.0,0.0,464,145,884,1209,,,
2026-10-10T05:42:13+00:00,360,492777,Bradley,14,14,Liverpool,Defender,5.0,0.0,0.0,i,Knee injury - Unknown return date,2026-07-23T12:01:23.565711Z,0,0,0.0,0.0,0.0,0.0,80,119,397,831,,,
2026-10-10T05:42:13+00:00,361,519440,Lucky,14,14,Liverpool,Defender,4.0,0.0,0.0,a,,,,,0.1,0.0,0.0,0.0,389,826,3966,6051,,,
2026-10-10T05:42:13+00:00,362,606702,Jacquet,14,14,Liverpool,Defender,5.0,0.0,0.0,a,,2026-10-06T00:30:10.323830Z,100,100,3.4,7.5,7.5,7.5,56784,37042,254666,147075,,,
2026-10-10T05:42:13+00:00,363,647681,Leoni,14,14,Liverpool,Defender,4.0,0.0,0.0,i,Knee injury - Unknown return date,2026-07-23T12:01:23.596909Z,0,0,0.0,0.0,0.0,0.0,96,304,897,2235,,,
2026-10-10T05:42:13+00:00,364,214285,Tsimikas,14,14,Liverpool,Defender,4.9,0.0,-0.1,a,,,,,0.1,0.5,0.5,0.5,154,532,1641,4558,,,
2026-10-10T05:42:13+00:00,365,489580,Ramsay,14,14,Liverpool,Defender,4.0,0.0,0.0,u,Has joined St Mirren on loan for the rest of the season,2026-08-26T14:05:26.748768Z,0,0,0.1,0.0,0.0,0.0,0,785,638,13014,,,
2026-10-10T05:42:13+00:00,366,494595,Wirtz,14,14,Liverpool,Midfielder,7.3,0.0,-0.2,a,,,,,5.5,4.5,4.5,4.5,14469,79026,144737,802423,4,,
2026-10-10T05:42:13+00:00,367,243298,Gakpo,14,14,Liverpool,Midfielder,7.2,0.0,0.2,i,Ankle injury - Unknown return date,2026-09-27T21:30:07.786183Z,100,0,10.1,2.0,2.0,0.0,55282,322378,1341694,949975,3,,
2026-10-10T05:42:13+00:00,368,424876,Szoboszlai,14,14,Liverpool,Midfielder,6.9,-0.1,-0.1,a,,,,,30.7,2.5,2.5,2.5,67990,444651,960349,1912809,1,,
2026-10-10T05:42:13+00:00,369,611922,Ngumoha,14,14,Liverpool,Midfielder,5.7,-0.1,-0.3,a,,,,,0.4,0.5,0.5,0.5,1444,6568,15222,91594,,,
2026-10-10T05:42:13+00:00,370,223541,Chiesa,14,14,Liverpool,Midfielder,5.3,-0.1,-0.2,d,Back injury - 25% chance of playing,2026-08-27T13:30:07.598926Z,0,25,0.0,0.0,0.0,0.0,20,337,685,10170,,,
2026-10-10T05:42:13+00:00,371,441266,Gravenberch,14,14,Liverpool,Midfielder,5.8,-0.1,-0.2,a,,,,,1.1,1.0,1.0,1.0,1937,13033,36475,134386,,,
2026-10-10T05:42:13+00:00,372,243016,Mac Allister,14,14,Liverpool,Midfielder,5.4,0.0,-0.1,a,,,,,1.3,3.0,3.0,3.0,6067,11342,47687,101056,5,,
2026-10-10T05:42:13+00:00,373,206915,C.Jones,14,14,Liverpool,Midfielder,5.5,0.0,0.0,u,Has joined Internazionale permanently,2026-08-16T18:30:07.426408Z,0,0,0.0,0.0,0.0,0.0,0,93,34,2680,,,
2026-10-10T05:42:13+00:00,374,158983,Endo,14,14,Liverpool,Midfielder,4.9,0.0,-0.1,a,,2026-07-23T12:01:23.612529Z,100,100,0.1,0.0,0.0,0.0,210,561,2373,4927,,,
2026-10-10T05:42:13+00:00,375,591386,Nyoni,14,14,Liverpool,Midfielder,4.8,-0.1,-0.2,a,,,,,0.0,0.5,0.5,0.5,140,448,1397,3193,,,
2026-10-10T05:42:13+00:00,376,535928,Bajcetic,14,14,Liverpool,Midfielder,5.0,0.0,0.0,u,Has joined Celta Vigo permanently,2026-07-23T12:01:23.628373Z,0,0,0.0,0.0,0.0,0.0,0,4,19,108,,,
2026-10-10T05:42:13+00:00,377,551499,Munoz,14,14,Liverpool,Midfielder,6.5,0.0,0.0,a,,,,,0.8,1.0,1.0,1.0,3297,18195,119280,108537,,,
2026-10-10T05:42:13+00:00,378,491501,McConnell,14,14,Liverpool,Midfielder,4.4,0.0,-0.1,a,,,,,0.2,0.0,0.0,0.0,1253,2094,7128,13551,,,
2026-10-10T05:42:13+00:00,379,219168,Isak,14,14,Liverpool,Forward,9.1,0.0,0.1,i,Thigh injury - Unknown return date,2026-09-27T10:30:09.051435Z,,0,18.2,5.0,5.0,0.0,132347,498490,1259509,1158459,2,,
2026-10-10T05:42:13+00:00,380,510663,Ekitiké,14,14,Liverpool,Forward,7.4,0.0,-0.1,i,Achilles injury - Unknown return date,2026-07-23T12:01:23.643771Z,0,0,0.1,0.0,0.0,0.0,555,1093,2827,11556,,,
2026-10-10T05:42:13+00:00,381,514514,Koumas,14,14,Liverpool,Midfielder,5.0,0.0,0.0,a,,,,,0.0,0.5,0.5,0.5,817,328,1496,1529,,,
2026-10-10T05:42:13+00:00,382,500058,Danns,14,14,Liverpool,Forward,4.5,0.0,0.0,a,,2026-07-23T12:01:23.659279Z,100,100,0.2,0.0,0.0,0.0,5747,3531,25554,10810,,,
2026-10-10T05:42:13+00:00,383,444884,Elliott,14,14,Liverpool,Midfielder,5.4,0.0,-0.1,u,Has joined Valencia on loan for the rest of the season,2026-09-02T16:05:49.104326Z,0,0,0.0,0.0,0.0,0.0,0,319,907,6239,,,
2026-10-10T05:42:13+00:00,579,445087,Araujo,14,14,Liverpool,Defender,5.4,0.0,-0.1,a,,,,,3.1,6.5,6.5,6.5,30167,17553,162083,167242,,,
2026-10-10T05:42:13+00:00,627,482616,Barcola,14,14,Liverpool,Midfielder,8.0,0.0,0.0,a,,,,,2.0,3.0,3.0,3.0,34393,30878,311855,142124,,,
2026-10-10T05:42:13+00:00,155,448047,Enzo,15,43,Man City,Midfielder,6.9,0.0,-0.1,a,,,,,3.7,4.5,4.5,4.5,52546,26692,194213,333601,,,
2026-10-10T05:42:13+00:00,237,440993,Ndiaye,15,43,Man City,Midfielder,5.8,-0.1,-0.2,a,,,,,6.1,3.0,3.0,3.0,13964,129807,304833,1197810,,,
2026-10-10T05:42:13+00:00,384,204936,Donnarumma,15,43,Man City,Goalkeeper,5.5,0.0,0.0,a,,,,,7.4,4.5,4.5,4.5,16089,53685,212280,339601,,,
2026-10-10T05:42:13+00:00,386,122074,Bettinelli,15,43,Man City,Goalkeeper,4.5,0.0,0.0,a,,,,,0.0,0.0,0.0,0.0,95,146,610,1182,,,
2026-10-10T05:42:13+00:00,387,472769,O'Reilly,15,43,Man City,Defender,6.3,-0.1,-0.2,d,Unspecified injury - 75% chance of playing,2026-10-01T15:30:10.272693Z,100,75,9.9,1.0,1.0,0.8,5725,167586,193069,1304097,,,
2026-10-10T05:42:13+00:00,388,209036,Guéhi,15,43,Man City,Defender,6.0,0.0,0.0,a,,,,,17.8,5.0,5.0,5.0,38425,94146,520345,506122,,,
2026-10-10T05:42:13+00:00,389,465351,Matheus N.,15,43,Man City,Defender,5.9,0.0,-0.1,a,,2026-08-27T11:30:08.171622Z,100,100,1.0,5.0,5.0,5.0,2867,4773,16022,75914,4,,
2026-10-10T05:42:13+00:00,390,171314,Rúben,15,43,Man City,Defender,5.5,0.0,0.0,a,,,,,1.9,3.5,3.5,3.5,7275,14718,69863,79520,,,
2026-10-10T05:42:13+00:00,391,477424,Gvardiol,15,43,Man City,Defender,5.7,0.0,0.2,a,,,,,27.2,7.5,7.5,7.5,267510,121586,1949542,481802,,,
2026-10-10T05:42:13+00:00,392,448514,Aït-Nouri,15,43,Man City,Defender,5.2,-0.1,-0.3,a,,,,,0.4,0.0,0.0,0.0,781,3276,8133,62685,,,
2026-10-10T05:42:13+00:00,393,578153,Khusanov,15,43,Man City,Defender,5.4,0.0,-0.1,a,,,,,1.3,0.0,0.0,0.0,2026,12902,27462,84548,,,
2026-10-10T05:42:13+00:00,394,494307,Alleyne,15,43,Man City,Defender,5.0,0.0,0.0,u,Has joined Burnley on loan for the rest of the season,2026-08-18T14:11:56.324656Z,0,0,0.0,0.0,0.0,0.0,0,23,0,621,,,
2026-10-10T05:42:13+00:00,395,477064,Lewis,15,43,Man City,Defender,4.4,0.0,-0.1,a,,,,,0.2,0.0,0.0,0.0,506,1767,8462,16833,,,
2026-10-10T05:42:13+00:00,396,616222,Vitor Reis,15,43,Man City,Defender,4.5,0.0,0.0,a,,,,,0.0,0.0,0.0,0.0,98,208,578,1231,,,
2026-10-10T05:42:13+00:00,397,437730,Semenyo,15,43,Man City,Midfielder,8.4,0.0,-0.1,d,Ankle injury - 75% chance of playing,2026-09-24T12:00:09.848000Z,,75,13.8,10.0,10.0,7.5,145705,223997,336608,1366697,2,,
2026-10-10T05:42:13+00:00,398,209244,Foden,15,43,Man City,Midfielder,6.9,0.0,-0.1,s,Suspended until 17 Oct,2026-09-13T17:00:09.433455Z,0,0,1.6,-1.0,0.0,0.0,285,48939,303531,586661,,,
2026-10-10T05:42:13+00:00,399,466052,Cherki,15,43,Man City,Midfielder,7.8,0.0,0.3,a,,,,,28.6,4.5,4.5,4.5,252734,188776,2799895,1055721,,,
2026-10-10T05:42:13+00:00,400,248875,Doku,15,43,Man City,Midfielder,7.4,0.0,-0.1,a,,2026-08-18T17:00:08.385597Z,75,100,0.7,0.5,0.4,0.5,9128,3337,10595,129423,3,,
2026-10-10T05:42:13+00:00,402,220566,Rodrigo,15,43,Man City,Midfielder,6.5,0.0,0.0,u,Has joined Barcelona permanently,2026-07-23T12:01:23.675537Z,0,0,0.0,0.0,0.0,0.0,0,30,0,1234,,,
2026-10-10T05:42:13+00:00,404,433036,Reijnders,15,43,Man City,Midfielder,6.0,0.0,0.0,u,Has joined Al Qadsiah permanently,2026-08-20T14:02:58.154273Z,0,0,0.0,0.0,0.0,0.0,0,130,0,8215,,,
2026-10-10T05:42:13+00:00,406,91651,Kovačić,15,43,Man City,Midfielder,5.3,-0.1,-0.2,a,,,,,0.1,0.0,0.0,0.0,157,639,2299,6468,,,
2026-10-10T05:42:13+00:00,407,575204,Echeverri,15,43,Man City,Midfielder,4.9,0.0,-0.1,u,Has joined Benfica on loan for the rest of the season,2026-09-03T15:41:24.710479Z,0,0,0.0,0.0,0.0,0.0,0,75,250,1364,,,
2026-10-10T05:42:13+00:00,408,155405,Phillips,15,43,Man City,Midfielder,5.0,0.0,0.0,u,Has joined Sheffield United on loan for the rest of the season,2026-08-18T14:11:56.348781Z,0,0,0.0,0.0,0.0,0.0,0,22,0,581,,,
2026-10-10T05:42:13+00:00,409,590039,Mukasa,15,43,Man City,Midfielder,4.5,0.0,0.0,u,has joined West Ham on loan for the rest of the seaon.,2026-09-03T10:34:10.733520Z,0,0,0.1,0.0,0.0,0.0,0,940,1621,12507,,,
2026-10-10T05:42:13+00:00,410,649208,Monga,15,43,Man City,Midfielder,4.9,0.0,-0.1,u,Has joined Swansea City on loan for the rest of the season,2026-09-02T16:02:01.136760Z,0,0,0.0,0.0,0.0,0.0,0,75,219,1295,,,
2026-10-10T05:42:13+00:00,411,223094,Haaland,15,43,Man City,Forward,15.6,0.0,0.1,a,,,,,74.2,7.5,7.5,7.5,154642,48395,999919,350053,1,,
2026-10-10T05:42:13+00:00,481,215379,Anderson,15,43,Man City,Midfielder,6.3,0.0,-0.2,a,,2026-08-23T17:00:07.952697Z,100,100,3.8,3.5,3.5,3.5,13420,46984,110859,464824,,,
2026-10-10T05:42:13+00:00,587,106921,Rulli,15,43,Man City,Goalkeeper,5.0,0.0,0.0,a,,,,,0.0,0.0,0.0,0.0,103,147,635,1158,,,
2026-10-10T05:42:13+00:00,616,637238,Bouaddi,15,43,Man City,Midfielder,5.5,0.0,0.0,a,,,,,0.2,0.0,0.0,0.0,1120,2814,21319,14253,,,
2026-10-10T05:42:13+00:00,621,616288,McAidoo,15,43,Man City,Midfielder,4.4,-0.1,-0.1,a,,,,,0.1,0.0,0.0,0.0,706,1457,11875,7480,,,
2026-10-10T05:42:13+00:00,622,554054,Braithwaite,15,43,Man City,Defender,4.0,0.0,0.0,a,,,,,0.2,0.0,0.0,0.0,805,1980,17012,9531,,,
2026-10-10T05:42:13+00:00,628,624777,Allan,15,43,Man City,Midfielder,6.0,0.0,0.0,a,,,,,0.0,0.0,0.0,0.0,299,219,1262,740,,,
2026-10-10T05:42:13+00:00,653,595480,Samba,15,43,Man City,Midfielder,4.5,0.0,0.0,a,,,,,0.0,0.0,0.0,0.0,304,591,3953,2274,,,
2026-10-10T05:42:13+00:00,43,166989,Tielemans,16,1,Man Utd,Midfielder,5.8,0.0,-0.2,a,,2026-07-23T12:01:23.321726Z,100,100,1.4,3.0,3.0,3.0,5408,16386,46855,167010,3,,
2026-10-10T05:42:13+00:00,131,535301,Baleba,16,1,Man Utd,Midfielder,4.9,0.0,-0.1,a,,2026-08-06T16:00:10.997714Z,50,100,0.1,0.0,0.0,0.0,3261,1205,8700,14846,,,
2026-10-10T05:42:13+00:00,162,532605,Andrey Santos,16,1,Man Utd,Midfielder,4.8,0.0,-0.2,a,,,,,0.5,0.0,0.0,0.0,1352,7975,22549,76594,,,
2026-10-10T05:42:13+00:00,325,59735,Darlow,16,1,Man Utd,Goalkeeper,4.5,0.0,0.0,d,Unspecified injury - 75% chance of playing,2026-09-21T13:30:08.885505Z,100,75,0.0,0.0,0.0,0.0,80,328,1087,1709,,,
2026-10-10T05:42:13+00:00,412,465247,Lammens,16,1,Man Utd,Goalkeeper,4.9,0.0,-0.1,a,,,,,9.5,3.0,3.0,3.0,12718,95957,104926,734388,,,
2026-10-10T05:42:13+00:00,413,451302,Bayindir,16,1,Man Utd,Goalkeeper,4.5,0.0,0.0,u,Has joined Celta Vigo on loan for the rest of the season,2026-08-10T14:02:28.608415Z,0,0,0.0,0.0,0.0,0.0,0,63,0,1173,,,
2026-10-10T05:42:13+00:00,414,21205,Heaton,16,1,Man Utd,Goalkeeper,4.0,0.0,0.0,i,Hamstring injury - Unknown return date,2026-08-15T16:00:07.854151Z,0,0,0.1,0.0,0.0,0.0,352,479,2270,3766,,,
2026-10-10T05:42:13+00:00,415,596777,Dorgu,16,1,Man Utd,Midfielder,5.8,0.0,-0.2,i,Hamstring injury - Expected back 25 Oct,2026-09-27T21:30:07.831640Z,,0,0.5,4.0,4.0,0.0,1077,9146,14047,102683,,,
2026-10-10T05:42:13+00:00,416,209365,De Ligt,16,1,Man Utd,Defender,4.9,-0.1,-0.1,i,Back injury - Unknown return date,2026-07-23T12:01:23.690880Z,0,0,0.0,0.0,0.0,0.0,114,180,493,1603,,,
2026-10-10T05:42:13+00:00,417,216051,Dalot,16,1,Man Utd,Defender,4.9,0.0,-0.1,a,,,,,1.6,2.0,2.0,2.0,3460,13876,28239,142371,,,
2026-10-10T05:42:13+00:00,418,95658,Maguire,16,1,Man Utd,Defender,4.8,-0.1,-0.2,a,,,,,8.0,1.5,1.5,1.5,10622,139821,144580,1069512,,,
2026-10-10T05:42:13+00:00,419,221820,Martinez,16,1,Man Utd,Defender,4.9,-0.1,-0.1,a,,2026-07-24T20:00:10.337107Z,100,100,1.3,1.0,1.0,1.0,5851,9280,38777,70133,,,
2026-10-10T05:42:13+00:00,420,550864,Yoro,16,1,Man Utd,Defender,4.8,-0.1,-0.2,a,,,,,0.4,0.0,0.0,0.0,904,3039,5686,36881,,,
2026-10-10T05:42:13+00:00,421,606745,Heaven,16,1,Man Utd,Defender,4.3,-0.1,-0.2,a,,,,,0.3,0.0,0.0,0.0,407,2319,6177,24905,,,
2026-10-10T05:42:13+00:00,422,230001,Mazraoui,16,1,Man Utd,Defender,4.4,0.0,-0.1,d,Back injury - 75% chance of playing,2026-10-04T21:30:08.533022Z,,75,0.5,0.0,0.0,0.0,631,6067,14415,44154,,,
2026-10-10T05:42:13+00:00,423,106760,Shaw,16,1,Man Utd,Defender,4.3,-0.1,-0.2,a,,2026-09-11T13:00:09.030120Z,50,100,7.1,1.0,0.5,1.0,10841,136958,108325,1368887,,,
2026-10-10T05:42:13+00:00,424,577974,Amass,16,1,Man Utd,Defender,4.0,0.0,0.0,a,,,,,0.2,0.0,0.0,0.0,661,1249,6563,9279,,,
2026-10-10T05:42:13+00:00,425,547676,Fredricson,16,1,Man Utd,Defender,4.0,0.0,0.0,u,Has joined Lausanne-Sport permanently,2026-08-18T14:12:31.904433Z,0,0,0.0,0.0,0.0,0.0,0,71,0,1339,,,
2026-10-10T05:42:13+00:00,426,141746,B.Fernandes,16,1,Man Utd,Midfielder,11.9,-0.1,-0.1,a,,,,,37.7,2.0,2.0,2.0,104403,351899,716003,2004849,1,,
2026-10-10T05:42:13+00:00,427,446008,Mbeumo,16,1,Man Utd,Midfielder,7.9,0.0,-0.1,a,,,,,20.1,2.0,2.0,2.0,110055,248814,537034,2135313,2,,
2026-10-10T05:42:13+00:00,428,430871,Cunha,16,1,Man Utd,Midfielder,7.9,0.0,-0.1,a,,,,,6.0,6.0,6.0,6.0,56466,38442,130212,526473,,,
2026-10-10T05:42:13+00:00,429,176297,Rashford,16,1,Man Utd,Midfielder,6.9,-0.1,-0.1,d,Unspecified injury - 75% chance of playing,2026-09-21T10:30:09.221479Z,,75,1.3,2.0,2.0,1.5,5215,29878,86244,140959,,,
2026-10-10T05:42:13+00:00,430,184341,Mount,16,1,Man Utd,Midfielder,5.4,0.0,-0.1,a,,2026-08-15T16:00:07.879135Z,100,100,0.0,0.5,0.5,0.5,265,261,993,2037,,,
2026-10-10T05:42:13+00:00,431,493250,Amad,16,1,Man Utd,Midfielder,5.7,0.0,-0.3,i,Unspecified injury - Unknown return date,2026-08-22T11:00:08.617283Z,0,0,0.3,0.0,0.0,0.0,266,3047,2308,124768,,,
2026-10-10T05:42:13+00:00,432,516895,Mainoo,16,1,Man Utd,Midfielder,5.5,0.0,0.0,d,Unspecified injury - 75% chance of playing,2026-09-21T13:00:09.169862Z,,75,1.5,4.0,4.0,3.0,9425,26102,96519,78379,,,
2026-10-10T05:42:13+00:00,433,232112,Ugarte,16,1,Man Utd,Midfielder,5.0,0.0,0.0,i,Knee injury - Unknown return date,2026-07-23T12:01:23.706702Z,0,0,0.0,0.0,0.0,0.0,33,33,129,273,,,
2026-10-10T05:42:13+00:00,434,547037,J.Fletcher,16,1,Man Utd,Midfielder,4.9,0.0,-0.1,a,,,,,0.0,0.0,0.0,0.0,63,90,343,738,,,
2026-10-10T05:42:13+00:00,435,576628,Lacey,16,1,Man Utd,Midfielder,4.9,0.0,-0.1,a,,,,,0.1,0.0,0.0,0.0,509,534,1862,3499,,,
2026-10-10T05:42:13+00:00,436,490881,Collyer,16,1,Man Utd,Midfielder,5.0,0.0,0.0,u,Has joined West Brom permanently,2026-09-01T13:16:48.584385Z,0,0,0.0,0.0,0.0,0.0,0,64,150,1071,,,
2026-10-10T05:42:13+00:00,437,576620,Bendito Mantato,16,1,Man Utd,Midfielder,4.4,-0.1,-0.1,a,,,,,0.2,0.0,0.0,0.0,819,1345,5483,10126,,,
2026-10-10T05:42:13+00:00,438,519913,Fletcher,16,1,Man Utd,Midfielder,4.4,0.0,-0.1,a,,,,,0.3,0.0,0.0,0.0,2996,3092,11065,17861,,,
2026-10-10T05:42:13+00:00,439,485711,Šeško,16,1,Man Utd,Forward,7.0,0.0,0.0,i,Shin injury - Expected back 18 Oct,2026-09-20T19:30:08.505755Z,100,0,1.5,0.5,0.5,0.0,7171,38839,104610,148512,,,
2026-10-10T05:42:13+00:00,440,458249,Zirkzee,16,1,Man Utd,Forward,5.3,-0.1,-0.2,a,,,,,0.4,1.0,1.0,1.0,3332,4383,17212,44936,,,
2026-10-10T05:42:13+00:00,441,596047,Obi,16,1,Man Utd,Forward,4.5,0.0,0.0,u,Has joined Willem II on loan for the rest of the season,2026-09-14T16:12:42.090874Z,0,0,0.9,0.0,0.0,0.0,0,15452,45543,78394,,,
2026-10-10T05:42:13+00:00,405,465694,N.Gonzalez,17,4,Newcastle,Midfielder,5.5,0.0,0.0,a,,2026-09-14T21:30:07.343728Z,0,100,0.2,0.5,0.0,0.5,1309,2345,18772,17514,,,
2026-10-10T05:42:13+00:00,442,98747,Pope,17,4,Newcastle,Goalkeeper,4.9,0.0,-0.1,a,,,,,0.9,0.0,0.0,0.0,1531,4668,14024,55391,,,
2026-10-10T05:42:13+00:00,443,81441,Gillespie,17,4,Newcastle,Goalkeeper,4.5,0.0,0.0,a,,,,,0.0,0.0,0.0,0.0,74,156,799,1276,,,
2026-10-10T05:42:13+00:00,444,554578,Jaouen,17,4,Newcastle,Goalkeeper,4.4,-0.1,-0.1,i,Hamstring injury - Unknown return date,2026-09-10T16:00:09.127466Z,50,0,0.0,0.0,0.0,0.0,39,209,472,1614,,,
2026-10-10T05:42:13+00:00,445,465642,Thiaw,17,4,Newcastle,Defender,5.0,0.0,0.0,a,,,,,2.2,3.0,3.0,3.0,20593,19588,189894,132599,,,
2026-10-10T05:42:13+00:00,446,119471,Schär,17,4,Newcastle,Defender,4.9,0.0,-0.1,a,,2026-08-15T16:30:07.209742Z,100,100,0.2,0.5,0.5,0.5,1298,1399,7809,14345,,,
2026-10-10T05:42:13+00:00,447,220237,Botman,17,4,Newcastle,Defender,5.0,0.0,0.0,a,,,,,0.8,3.0,3.0,3.0,10397,5578,53071,30872,,,
2026-10-10T05:42:13+00:00,448,78916,Burn,17,4,Newcastle,Defender,4.8,-0.1,-0.2,i,Ankle injury - Expected back 12 Oct,2026-08-23T18:00:08.367241Z,0,0,0.7,0.0,0.0,0.0,162,9178,7377,164086,,,
2026-10-10T05:42:13+00:00,449,487838,Hall,17,4,Newcastle,Defender,5.3,0.1,0.3,a,,,,,20.2,6.5,6.5,6.5,552711,50511,1966213,378344,,,
2026-10-10T05:42:13+00:00,450,441191,Livramento,17,4,Newcastle,Defender,4.9,0.0,-0.1,d,Unspecified injury - 50% chance of playing,2026-09-19T14:00:09.046677Z,100,50,0.1,1.5,1.5,0.8,534,3128,10330,7568,,,
2026-10-10T05:42:13+00:00,451,545477,A.Murphy,17,4,Newcastle,Defender,4.0,0.0,0.0,u,Has joined FC Kaiserslautern on loan for the rest of the season,2026-08-12T14:05:29.224600Z,0,0,0.1,0.0,0.0,0.0,0,454,0,7105,,,
2026-10-10T05:42:13+00:00,453,201666,Barnes,17,4,Newcastle,Midfielder,6.1,0.1,0.1,a,,,,,7.7,5.5,5.5,5.5,389539,59186,860642,191094,,,
2026-10-10T05:42:13+00:00,454,449434,Elanga,17,4,Newcastle,Midfielder,6.1,-0.1,0.1,i,Unspecified injury - Unknown return date,2026-09-14T20:00:09.505598Z,0,0,3.6,0.0,0.0,0.0,443,259838,1286280,1179799,,,
2026-10-10T05:42:13+00:00,456,232653,J.Ramsey,17,4,Newcastle,Midfielder,4.8,-0.1,-0.2,i,Thigh injury - Unknown return date,2026-09-15T09:00:08.191022Z,0,0,0.2,0.0,0.0,0.0,98,7506,16644,33709,,,
2026-10-10T05:42:13+00:00,457,114243,J.Murphy,17,4,Newcastle,Midfielder,5.9,0.0,-0.1,a,,,,,0.1,0.5,0.5,0.5,1711,1424,6814,11603,,,
2026-10-10T05:42:13+00:00,458,180974,Joelinton,17,4,Newcastle,Midfielder,5.4,0.0,-0.1,d,Unspecified injury - 75% chance of playing,2026-08-16T08:00:08.074045Z,0,75,0.0,0.0,0.0,0.0,34,127,245,2289,,,
2026-10-10T05:42:13+00:00,459,547719,L.Miley,17,4,Newcastle,Midfielder,5.5,0.0,0.0,d,Unspecified injury - 75% chance of playing,2026-10-01T15:30:10.335504Z,100,75,0.1,2.0,2.0,1.5,519,1304,6383,6311,,,
2026-10-10T05:42:13+00:00,460,200089,Willock,17,4,Newcastle,Midfielder,5.0,0.0,0.0,a,,,,,0.6,5.5,5.5,5.5,19170,5880,73990,33865,,,
2026-10-10T05:42:13+00:00,461,611665,Touré,17,4,Newcastle,Midfielder,5.8,0.0,-0.2,a,,,,,0.1,3.5,3.5,3.5,603,1475,3986,17082,,,
2026-10-10T05:42:13+00:00,462,636852,Steur,17,4,Newcastle,Midfielder,4.9,0.0,-0.1,a,,,,,0.1,2.5,2.5,2.5,460,700,2616,6497,,,
2026-10-10T05:42:13+00:00,463,470313,Woltemade,17,4,Newcastle,Forward,5.9,0.0,-0.1,u,Has joined Juventus on loan for the rest of the season,2026-09-02T16:07:16.549304Z,0,0,0.5,0.0,0.0,0.0,0,5074,14520,143509,,,
2026-10-10T05:42:13+00:00,464,216646,Wissa,17,4,Newcastle,Forward,6.2,0.0,0.2,a,,,,,19.2,1.0,1.0,1.0,224470,239554,2419982,826564,2,,
2026-10-10T05:42:13+00:00,465,538207,Osula,17,4,Newcastle,Forward,5.8,-0.1,-0.2,d,Foot injury - 50% chance of playing,2026-08-25T19:00:08.004915Z,0,50,0.3,0.0,0.0,0.0,321,3602,21644,87907,1,,
2026-10-10T05:42:13+00:00,466,599303,Neave,17,4,Newcastle,Forward,4.5,0.0,0.0,u,Has joined Wolves on loan for the rest of the season,2026-09-04T12:37:43.515176Z,0,0,0.5,0.0,0.0,0.0,0,6019,23805,54641,,,
2026-10-10T05:42:13+00:00,559,632794,Bamba,17,4,Newcastle,Midfielder,4.9,0.0,-0.1,a,,,,,0.1,1.0,1.0,1.0,194,808,2634,7892,,,
2026-10-10T05:42:13+00:00,567,470551,Horníček,17,4,Newcastle,Goalkeeper,5.0,0.0,0.0,a,,,,,1.5,2.0,2.0,2.0,13768,10386,158418,76939,,,
2026-10-10T05:42:13+00:00,593,463726,Dedić,17,4,Newcastle,Defender,4.5,0.0,0.0,d,Unspecified injury - 50% chance of playing,2026-09-17T14:30:09.823731Z,0,50,1.5,0.0,0.0,0.0,596,67598,448218,337648,,,
2026-10-10T05:42:13+00:00,609,553746,Shahar,17,4,Newcastle,Defender,4.0,0.0,0.0,u,has joined Arouca on loan for the rest of the seaon.,2026-09-11T14:41:57.406766Z,0,0,0.2,0.0,0.0,0.0,0,2355,18236,16253,,,
2026-10-10T05:42:13+00:00,634,613221,Fernandez-Pardo,17,4,Newcastle,Forward,6.0,0.0,0.0,a,,,,,0.1,1.5,1.5,1.5,4285,2427,19356,7327,,,
2026-10-10T05:42:13+00:00,659,665243,Miley,17,4,Newcastle,Midfielder,4.5,0.0,0.0,a,,,,,0.0,0.0,0.0,0.0,2163,944,5601,1546,,,
2026-10-10T05:42:13+00:00,663,578512,Pivas,17,4,Newcastle,Defender,4.0,0.0,0.0,a,,,,,0.0,0.0,1.1,1.1,565,88,565,88,,,
2026-10-10T05:42:13+00:00,664,601767,Salia,17,4,Newcastle,Forward,4.5,0.0,0.0,a,,,,,0.2,0.0,1.0,1.0,16018,2893,16018,2893,,,
2026-10-10T05:42:13+00:00,665,655585,Mills,17,4,Newcastle,Midfielder,4.5,0.0,0.0,a,,,,,0.0,0.0,1.1,1.1,225,43,225,43,,,
2026-10-10T05:42:13+00:00,666,671875,Thompson,17,4,Newcastle,Midfielder,4.5,0.0,0.0,a,,,,,0.0,0.0,1.1,1.1,317,52,317,52,,,
2026-10-10T05:42:13+00:00,167,463034,Delap,18,17,Nott'm Forest,Forward,5.6,0.1,0.1,a,,,,,2.5,3.0,3.0,3.0,38242,60234,325418,113806,3,,
2026-10-10T05:42:13+00:00,201,247348,Muñoz,18,17,Nott'm Forest,Defender,5.4,0.0,-0.1,a,,,,,5.5,2.0,2.0,2.0,15676,55799,166234,509975,,,
2026-10-10T05:42:13+00:00,467,85633,Sels,18,17,Nott'm Forest,Goalkeeper,5.0,0.0,0.0,a,,,,,1.5,2.5,2.5,2.5,3783,12525,70036,68587,,,
2026-10-10T05:42:13+00:00,468,221389,John,18,17,Nott'm Forest,Goalkeeper,4.5,0.0,0.0,a,,,,,0.1,0.0,0.0,0.0,95,247,902,2107,,,
2026-10-10T05:42:13+00:00,469,215136,N.Williams,18,17,Nott'm Forest,Defender,5.0,0.0,0.0,d,Illness - 50% chance of playing,2026-10-09T14:30:11.466887Z,,50,7.8,2.0,2.0,1.0,18389,143501,332875,448759,,,
2026-10-10T05:42:13+00:00,470,485047,Morato,18,17,Nott'm Forest,Defender,5.0,0.0,0.0,u,Has joined West Ham on loan for the rest of the season,2026-09-02T16:19:54.503286Z,0,0,0.0,0.0,0.0,0.0,0,181,424,3761,,,
2026-10-10T05:42:13+00:00,471,227444,Milenković,18,17,Nott'm Forest,Defender,5.4,-0.1,-0.1,i,Knee injury - Unknown return date,2026-09-12T14:00:09.705107Z,0,0,0.9,0.0,0.0,0.0,106,20871,18038,116028,,,
2026-10-10T05:42:13+00:00,472,575476,Murillo,18,17,Nott'm Forest,Defender,5.5,0.0,0.0,a,,2026-07-23T12:01:23.801183Z,100,100,2.2,5.0,5.0,5.0,20357,15311,115854,68572,,,
2026-10-10T05:42:13+00:00,473,159506,Aina,18,17,Nott'm Forest,Defender,4.4,-0.1,-0.1,a,,,,,2.2,1.0,1.0,1.0,2247,39494,70360,189281,,,
2026-10-10T05:42:13+00:00,474,575458,Jair Cunha,18,17,Nott'm Forest,Defender,4.5,0.0,0.0,a,,2026-09-12T14:00:09.724349Z,75,100,0.2,0.5,0.4,0.5,654,1112,10160,13638,,,
2026-10-10T05:42:13+00:00,475,500151,Savona,18,17,Nott'm Forest,Defender,4.5,0.0,0.0,i,Knee injury - Unknown return date,2026-07-23T12:01:23.816304Z,0,0,0.0,0.0,0.0,0.0,31,37,251,295,,,
2026-10-10T05:42:13+00:00,476,204822,O.Richards,18,17,Nott'm Forest,Defender,4.0,0.0,0.0,a,,,,,0.2,0.0,0.0,0.0,458,1221,4158,8772,,,
2026-10-10T05:42:13+00:00,477,549067,Abbott,18,17,Nott'm Forest,Defender,4.0,0.0,0.0,u,Has joined Southampton on loan for the rest of the season,2026-09-02T16:19:54.536676Z,0,0,0.1,0.0,0.0,0.0,0,1502,2459,14575,,,
2026-10-10T05:42:13+00:00,478,470315,Netz,18,17,Nott'm Forest,Defender,4.4,0.0,-0.1,a,,,,,0.0,0.5,0.5,0.5,86,190,716,1661,,,
2026-10-10T05:42:13+00:00,479,538638,Bindon,18,17,Nott'm Forest,Defender,4.0,0.0,0.0,u,Has joined Charlton Athletic on loan for the rest of the season,2026-09-01T13:16:05.383880Z,0,0,0.1,0.0,0.0,0.0,0,931,799,9061,,,
2026-10-10T05:42:13+00:00,480,222531,Gibbs-White,18,17,Nott'm Forest,Midfielder,8.0,0.0,0.0,a,,2026-08-24T15:30:08.350159Z,100,100,15.8,5.0,5.0,5.0,163813,172483,1307495,755177,1,,
2026-10-10T05:42:13+00:00,482,209046,Hudson-Odoi,18,17,Nott'm Forest,Midfielder,5.8,0.0,-0.2,a,,2026-07-23T12:01:23.832709Z,100,100,0.1,0.0,0.0,0.0,497,1745,5508,18145,,,
2026-10-10T05:42:13+00:00,483,456512,Ndoye,18,17,Nott'm Forest,Midfielder,5.5,0.0,0.0,a,,,,,0.6,1.0,1.0,1.0,1692,14889,73288,56052,,,
2026-10-10T05:42:13+00:00,484,503301,Hutchinson,18,17,Nott'm Forest,Midfielder,5.4,0.0,-0.1,u,Has joined AC Milan on loan for the rest of the season,2026-09-01T13:23:52.340206Z,0,0,0.1,0.0,0.0,0.0,0,562,427,11190,,,
2026-10-10T05:42:13+00:00,485,476887,Bakwa,18,17,Nott'm Forest,Midfielder,5.5,0.0,0.0,u,Has joined Lille on loan for the rest of the season,2026-08-27T14:53:03.381941Z,0,0,0.0,0.0,0.0,0.0,0,48,107,1190,,,
2026-10-10T05:42:13+00:00,486,432714,McAtee,18,17,Nott'm Forest,Midfielder,5.5,0.0,0.0,a,,,,,0.1,2.5,2.5,2.5,631,1539,10276,6585,,,
2026-10-10T05:42:13+00:00,487,250199,Dominguez,18,17,Nott'm Forest,Midfielder,4.9,0.0,-0.1,a,,,,,0.1,0.0,0.0,0.0,84,470,1222,4272,,,
2026-10-10T05:42:13+00:00,488,210462,I.Sangaré,18,17,Nott'm Forest,Midfielder,4.8,-0.1,-0.2,a,,2026-08-28T09:30:07.471668Z,100,100,0.4,1.0,1.0,1.0,751,6992,9650,72571,,,
2026-10-10T05:42:13+00:00,489,204968,Yates,18,17,Nott'm Forest,Midfielder,4.4,-0.1,-0.1,a,,2026-08-17T20:30:08.195072Z,100,100,1.1,0.0,0.0,0.0,2022,11704,31668,98059,,,
2026-10-10T05:42:13+00:00,490,60689,Wood,18,17,Nott'm Forest,Forward,5.8,0.0,-0.2,a,,,,,0.9,1.0,1.0,1.0,3980,9791,26559,119638,2,,
2026-10-10T05:42:13+00:00,491,482973,Igor Jesus,18,17,Nott'm Forest,Forward,5.8,0.0,-0.2,i,Calf injury - Unknown return date,2026-10-09T14:30:11.491800Z,,0,2.3,4.0,4.0,0.0,13072,61374,132072,308719,4,,
2026-10-10T05:42:13+00:00,493,465680,Kalimuendo,18,17,Nott'm Forest,Forward,5.4,0.0,-0.1,a,,,,,0.0,0.0,0.0,0.0,329,581,3139,4281,,,
2026-10-10T05:42:13+00:00,558,204561,Schlager,18,17,Nott'm Forest,Midfielder,5.0,0.0,0.0,a,,,,,0.1,2.5,2.5,2.5,346,1446,6026,6463,,,
2026-10-10T05:42:13+00:00,581,568420,Diomande,18,17,Nott'm Forest,Defender,5.4,0.0,-0.1,a,,,,,0.5,3.0,3.0,3.0,2451,3498,14573,42963,,,
2026-10-10T05:42:13+00:00,590,428971,Benda,18,17,Nott'm Forest,Goalkeeper,4.5,0.0,0.0,a,,,,,0.1,0.0,0.0,0.0,193,353,2733,2954,,,
2026-10-10T05:42:13+00:00,112,469142,Van Hecke,19,6,Spurs,Defender,4.9,0.0,-0.1,a,,2026-09-30T16:00:09.552205Z,,100,6.1,7.0,7.0,7.0,41121,90285,177290,535680,,,
2026-10-10T05:42:13+00:00,147,109646,Tosin,19,6,Spurs,Defender,4.4,0.0,-0.1,a,,,,,0.1,0.5,0.5,0.5,171,876,2063,8228,,,
2026-10-10T05:42:13+00:00,401,438234,Marmoush,19,6,Spurs,Forward,7.0,0.0,0.0,a,,,,,2.2,2.0,2.0,2.0,27338,36745,249817,177878,2,,
2026-10-10T05:42:13+00:00,403,510281,Sávio,19,6,Spurs,Midfielder,6.5,0.0,0.0,a,,2026-08-29T16:30:08.380416Z,100,100,0.6,2.5,2.5,2.5,6309,13175,103221,85938,,,
2026-10-10T05:42:13+00:00,455,432422,Tonali,19,6,Spurs,Midfielder,5.3,-0.1,-0.2,a,,2026-09-14T14:30:07.387706Z,100,100,1.7,2.5,2.5,2.5,4023,27163,49612,281770,,,
2026-10-10T05:42:13+00:00,494,184254,Vicario,19,6,Spurs,Goalkeeper,4.5,0.0,0.0,u,Has joined Juventus on loan for the rest of the season,2026-08-19T13:55:33.193962Z,0,0,0.1,0.0,0.0,0.0,0,1058,0,22441,,,
2026-10-10T05:42:13+00:00,495,214572,Austin,19,6,Spurs,Goalkeeper,4.0,0.0,0.0,a,,,,,1.0,0.0,0.0,0.0,3747,3700,31398,23385,,,
2026-10-10T05:42:13+00:00,496,485055,Kinsky,19,6,Spurs,Goalkeeper,4.5,0.0,0.0,a,,,,,16.1,4.5,4.5,4.5,38828,240178,367982,922405,,,
2026-10-10T05:42:13+00:00,497,67089,Dubravka,19,6,Spurs,Goalkeeper,4.0,0.0,0.0,a,,,,,17.0,0.0,0.0,0.0,70854,96949,441493,489599,,,
2026-10-10T05:42:13+00:00,498,221466,Senesi,19,6,Spurs,Defender,5.8,0.0,-0.2,a,,,,,3.4,0.0,0.0,0.0,1990,34856,30134,471319,,,
2026-10-10T05:42:13+00:00,499,441164,Pedro Porro,19,6,Spurs,Defender,5.4,0.0,-0.1,i,Hamstring injury - Unknown return date,2026-09-19T12:00:08.823872Z,100,0,6.7,0.5,0.5,0.0,1976,166094,124750,1083842,,,
2026-10-10T05:42:13+00:00,500,221632,Romero,19,6,Spurs,Defender,5.0,0.0,0.0,u,Has joined Atletico Madrid permanently,2026-08-17T13:49:05.465401Z,0,0,0.1,0.0,0.0,0.0,0,389,0,16903,,,
2026-10-10T05:42:13+00:00,502,122798,Robertson,19,6,Spurs,Defender,4.4,0.0,-0.1,a,,,,,2.4,5.5,5.5,5.5,13999,30253,75671,200929,,,
2026-10-10T05:42:13+00:00,503,491279,Van de Ven,19,6,Spurs,Defender,5.0,0.0,0.0,a,,2026-08-21T15:00:07.610517Z,100,100,3.7,3.5,3.5,3.5,12412,34229,100868,281470,,,
2026-10-10T05:42:13+00:00,505,232859,Spence,19,6,Spurs,Defender,4.5,0.0,0.0,u,Has joined Internazionale permanently,2026-08-18T14:13:08.454214Z,0,0,0.2,0.0,0.0,0.0,0,1631,0,69717,,,
2026-10-10T05:42:13+00:00,506,487053,Udogie,19,6,Spurs,Defender,4.4,0.0,-0.1,a,,2026-09-11T18:00:09.092110Z,100,100,0.3,0.0,0.0,0.0,577,2594,5816,23424,,,
2026-10-10T05:42:13+00:00,507,548308,Phillips,19,6,Spurs,Defender,4.5,0.0,0.0,u,Has joined Middlesbrough permanently,2026-08-18T14:13:08.474144Z,0,0,0.0,0.0,0.0,0.0,0,71,0,1286,,,
2026-10-10T05:42:13+00:00,508,115556,Davies,19,6,Spurs,Defender,3.9,-0.1,-0.1,a,,,,,0.9,0.0,0.0,0.0,12760,7224,24556,44667,,,
2026-10-10T05:42:13+00:00,509,640419,Byfield,19,6,Spurs,Defender,4.0,0.0,0.0,a,,,,,0.1,0.0,0.0,0.0,208,376,2423,2720,,,
2026-10-10T05:42:13+00:00,510,499716,Rowswell,19,6,Spurs,Defender,4.0,0.0,0.0,a,,,,,0.1,0.0,0.0,0.0,253,517,2982,3645,,,
2026-10-10T05:42:13+00:00,511,616221,Souza,19,6,Spurs,Defender,4.0,0.0,0.0,u,Has joined FC Porto on loan for the rest of the season,2026-09-01T13:24:26.858636Z,0,0,0.2,0.0,0.0,0.0,0,1504,2555,17490,,,
2026-10-10T05:42:13+00:00,512,460842,Kudus,19,6,Spurs,Midfielder,6.5,0.0,0.0,a,,2026-07-23T12:01:23.848657Z,100,100,0.2,2.5,2.5,2.5,4844,2221,15638,12176,3,,
2026-10-10T05:42:13+00:00,513,493362,Xavi,19,6,Spurs,Midfielder,5.9,0.0,-0.1,i,Knee injury - Unknown return date,2026-07-23T12:01:23.864304Z,0,0,0.0,0.0,0.0,0.0,79,98,371,1139,4,,
2026-10-10T05:42:13+00:00,514,511499,Tel,19,6,Spurs,Midfielder,5.7,-0.1,-0.3,a,,,,,0.2,0.5,0.5,0.5,356,3472,9288,48289,,,
2026-10-10T05:42:13+00:00,515,172780,Maddison,19,6,Spurs,Midfielder,6.3,0.0,-0.2,a,,2026-08-25T14:30:07.623508Z,100,100,0.4,1.0,1.0,1.0,1395,3313,6444,97566,,,
2026-10-10T05:42:13+00:00,516,202993,Bentancur,19,6,Spurs,Midfielder,5.5,0.0,0.0,a,,,,,0.2,3.5,3.5,3.5,700,1576,5464,9233,,,
2026-10-10T05:42:13+00:00,517,550839,Odobert,19,6,Spurs,Midfielder,5.5,0.0,0.0,i,Knee injury - Unknown return date,2026-07-23T12:01:23.879434Z,0,0,0.0,0.0,0.0,0.0,52,26,154,121,,,
2026-10-10T05:42:13+00:00,518,482442,P.M.Sarr,19,6,Spurs,Midfielder,4.9,0.0,-0.1,u,Has joined Juventus on loan for the rest of the season,2026-09-02T16:02:43.386849Z,0,0,0.1,0.0,0.0,0.0,0,1093,4138,24160,,,
2026-10-10T05:42:13+00:00,519,232787,Gallagher,19,6,Spurs,Midfielder,5.3,0.0,-0.2,a,,,,,0.2,3.0,3.0,3.0,1208,1281,5064,17669,,,
2026-10-10T05:42:13+00:00,520,570526,Bergvall,19,6,Spurs,Midfielder,5.3,-0.1,-0.2,a,,,,,0.1,1.0,1.0,1.0,163,959,1943,9892,,,
2026-10-10T05:42:13+00:00,521,445044,Kulusevski,19,6,Spurs,Midfielder,6.5,0.0,0.0,i,Knee injury - Unknown return date,2026-07-23T12:01:23.895175Z,0,0,0.0,0.0,0.0,0.0,165,106,471,771,,,
2026-10-10T05:42:13+00:00,522,547701,Gray,19,6,Spurs,Midfielder,4.9,0.0,-0.1,a,,,,,0.2,2.5,2.5,2.5,748,1893,7125,14064,,,
2026-10-10T05:42:13+00:00,523,499721,Moore,19,6,Spurs,Midfielder,5.0,0.0,0.0,u,Has joined FC Köln on loan for the rest of the season,2026-09-04T12:39:48.098158Z,0,0,0.1,0.0,0.0,0.0,0,980,3258,17465,,,
2026-10-10T05:42:13+00:00,524,499726,Olusesi,19,6,Spurs,Midfielder,4.4,0.0,-0.1,a,,,,,0.9,0.0,0.0,0.0,6758,10731,56374,52576,,,
2026-10-10T05:42:13+00:00,525,551226,Fernandes,19,6,Spurs,Midfielder,5.7,-0.1,-0.3,a,,,,,0.7,2.0,2.0,2.0,830,11093,14811,129180,,,
2026-10-10T05:42:13+00:00,526,154566,Solanke,19,6,Spurs,Forward,5.8,0.0,-0.2,a,,,,,0.8,2.0,2.0,2.0,3970,9424,31517,98475,1,,
2026-10-10T05:42:13+00:00,527,212319,Richarlison,19,6,Spurs,Forward,5.9,0.0,-0.1,u,not included in squad.,2026-09-04T12:32:39.183614Z,0,0,0.6,0.0,0.0,0.0,0,9021,21439,271504,,,
2026-10-10T05:42:13+00:00,528,490145,Scarlett,19,6,Spurs,Forward,4.5,0.0,0.0,u,Has joined Leyton Orient permanently,2026-09-02T16:02:43.413625Z,0,0,1.0,0.0,0.0,0.0,0,12460,42525,114027,,,
2026-10-10T05:42:13+00:00,578,465920,Mudryk,19,6,Spurs,Midfielder,5.3,-0.1,-0.2,i,Ankle injury - Unknown return date,2026-09-11T18:00:09.154412Z,0,0,0.0,0.0,0.0,0.0,37,800,5457,7848,,,
2026-10-10T05:42:13+00:00,601,611917,Williams-Barnett,19,6,Spurs,Midfielder,4.5,0.0,0.0,a,,,,,0.1,0.0,0.0,0.0,258,986,10340,7269,,,
2026-10-10T05:42:13+00:00,501,135720,Danso,20,56,Sunderland,Defender,5.0,0.0,0.0,a,,,,,0.2,0.5,0.5,0.5,1980,1212,7405,10249,,,
2026-10-10T05:42:13+00:00,529,498016,Roefs,20,56,Sunderland,Goalkeeper,4.9,0.0,-0.1,a,,,,,2.3,1.0,1.0,1.0,3349,24095,23198,190220,,,
2026-10-10T05:42:13+00:00,530,232571,Patterson,20,56,Sunderland,Goalkeeper,4.0,0.0,0.0,u,Has joined Wrexham permanently,2026-08-12T14:08:03.064533Z,0,0,0.1,0.0,0.0,0.0,0,560,0,6212,,,
2026-10-10T05:42:13+00:00,531,515046,Ellborg,20,56,Sunderland,Goalkeeper,4.4,-0.1,-0.1,a,,,,,0.1,0.0,0.0,0.0,248,424,1287,3505,,,
2026-10-10T05:42:13+00:00,532,223827,Ballard,20,56,Sunderland,Defender,4.9,0.0,-0.1,i,Hamstring injury - Unknown return date,2026-09-25T21:30:10.370384Z,,0,2.0,1.0,1.0,0.0,3771,63331,45670,363899,,,
2026-10-10T05:42:13+00:00,533,200834,Mukiele,20,56,Sunderland,Defender,5.4,0.0,-0.1,a,,2026-08-09T08:30:05.954750Z,100,100,1.9,0.0,0.0,0.0,8986,15916,48317,137021,,,
2026-10-10T05:42:13+00:00,534,487676,Hume,20,56,Sunderland,Defender,4.3,-0.1,-0.2,a,,,,,2.5,0.5,0.5,0.5,2080,63600,38706,431275,,,
2026-10-10T05:42:13+00:00,535,201895,Alderete,20,56,Sunderland,Defender,4.8,-0.1,-0.2,a,,2026-08-09T08:30:05.962393Z,100,100,0.2,0.0,0.0,0.0,516,1945,5270,28221,,,
2026-10-10T05:42:13+00:00,536,434399,Reinildo,20,56,Sunderland,Defender,4.4,-0.1,-0.1,a,,2026-09-12T21:30:09.421687Z,0,100,0.2,-1.0,0.0,-1.0,489,2704,4352,25504,,,
2026-10-10T05:42:13+00:00,537,519634,Seelt,20,56,Sunderland,Defender,4.5,0.0,0.0,u,Has joined Swansea City on loan for the rest of the season,2026-08-29T00:34:52.425076Z,0,0,0.0,0.0,0.0,0.0,0,36,61,678,,,
2026-10-10T05:42:13+00:00,538,477547,Hjelde,20,56,Sunderland,Defender,4.0,0.0,0.0,u,Has joined KV Mechelen on loan for the rest of the season,2026-08-12T14:08:03.081789Z,0,0,0.0,0.0,0.0,0.0,0,248,0,2619,,,
2026-10-10T05:42:13+00:00,539,167512,O'Nien,20,56,Sunderland,Defender,3.9,-0.1,-0.1,a,,,,,2.6,0.0,0.0,0.0,29447,23633,44190,133533,,,
2026-10-10T05:42:13+00:00,540,105717,Masuaku,20,56,Sunderland,Defender,4.0,0.0,0.0,u,Has joined Konyaspor permanently,2026-08-12T14:08:03.097784Z,0,0,0.1,0.0,0.0,0.0,0,934,0,11867,,,
2026-10-10T05:42:13+00:00,541,93605,Meunier,20,56,Sunderland,Defender,4.5,0.0,0.0,a,,2026-08-16T08:30:07.830062Z,100,100,0.3,2.5,2.5,2.5,3377,1874,8778,10626,,,
2026-10-10T05:42:13+00:00,542,484420,E.Le Fée,20,56,Sunderland,Midfielder,5.7,-0.1,-0.3,a,,,,,3.2,2.5,2.5,2.5,21711,50424,55283,676999,2,,
2026-10-10T05:42:13+00:00,543,547027,Diarra,20,56,Sunderland,Midfielder,5.3,-0.1,-0.2,i,Hamstring injury - Expected back 18 Oct,2026-08-30T16:30:08.428960Z,0,0,0.0,0.0,0.0,0.0,25,359,563,6042,1,,
2026-10-10T05:42:13+00:00,544,84450,Xhaka,20,56,Sunderland,Midfielder,5.5,0.0,0.0,a,,,,,3.5,1.5,1.5,1.5,10389,40972,134921,226061,,,
2026-10-10T05:42:13+00:00,545,577669,Sadiki,20,56,Sunderland,Midfielder,4.9,0.0,-0.1,a,,,,,0.2,2.0,2.0,2.0,677,2476,5990,19501,,,
2026-10-10T05:42:13+00:00,546,535818,Adingra,20,56,Sunderland,Midfielder,4.9,0.0,-0.1,u,Has joined Ajax on loan for the rest of the season,2026-08-20T14:00:08.416985Z,0,0,0.0,0.0,0.0,0.0,0,345,240,7573,,,
2026-10-10T05:42:13+00:00,547,461199,Mundle,20,56,Sunderland,Midfielder,4.8,-0.1,-0.2,i,Knee injury - Unknown return date,2026-09-09T14:00:08.462705Z,0,0,0.0,0.0,0.0,0.0,16,78,207,696,,,
2026-10-10T05:42:13+00:00,548,554197,Rigg,20,56,Sunderland,Midfielder,4.9,0.0,-0.1,a,,,,,0.0,0.0,0.0,0.0,56,389,493,3009,,,
2026-10-10T05:42:13+00:00,549,549912,Talbi,20,56,Sunderland,Midfielder,5.3,0.0,-0.2,a,,,,,0.1,0.0,0.0,0.0,166,933,1399,12153,,,
2026-10-10T05:42:13+00:00,550,699989,Jocelin.T,20,56,Sunderland,Midfielder,4.9,-0.1,-0.1,a,,,,,0.0,0.0,0.0,0.0,67,82,341,463,,,
2026-10-10T05:42:13+00:00,551,536661,N.Angulo,20,56,Sunderland,Midfielder,5.0,0.0,0.0,a,,,,,0.1,3.0,3.0,3.0,900,1282,13179,11070,,,
2026-10-10T05:42:13+00:00,552,441264,Brobbey,20,56,Sunderland,Forward,5.7,-0.1,-0.3,i,Hamstring injury - Expected back 25 Oct,2026-09-24T21:30:10.382142Z,,0,6.0,9.0,9.0,0.0,204571,143580,296029,1029752,,,
2026-10-10T05:42:13+00:00,553,437505,Isidor,20,56,Sunderland,Forward,5.5,0.0,0.0,a,,,,,1.3,1.0,1.0,1.0,10570,17848,102872,93002,,,
2026-10-10T05:42:13+00:00,612,638411,Methalie,20,56,Sunderland,Defender,4.5,0.0,0.0,a,,2026-08-28T13:00:08.950445Z,100,100,0.0,-0.5,-0.5,-0.5,167,99,956,525,,,
2026-10-10T05:42:13+00:00,613,696104,Ahoka,20,56,Sunderland,Midfielder,4.5,0.0,0.0,a,,,,,0.2,0.0,0.0,0.0,879,2247,25674,14945,,,
2026-10-10T05:42:13+00:00,646,549940,Fofana,20,56,Sunderland,Midfielder,5.5,0.0,0.0,a,,,,,0.0,1.0,1.0,1.0,486,464,4222,1892,,,
2026-10-10T05:42:13+00:00,651,661313,J.Angulo,20,56,Sunderland,Forward,4.5,0.0,0.0,a,,,,,0.8,0.0,0.0,0.0,15294,10712,97162,33727,,,
