observed_at,player_id,player_code,web_name,team_id,team_code,team_name,position,price,price_change_gameweek,price_change_season,status,news,news_added,chance_of_playing_this_round,chance_of_playing_next_round,selected_by_percent,form,expected_points_this_gameweek,expected_points_next_gameweek,transfers_in_event,transfers_out_event,transfers_in_season,transfers_out_season,penalties_order,direct_free_kicks_order,corners_and_indirect_free_kicks_order
2026-09-24T04:55:26+00:00,1,154561,Raya,1,3,Arsenal,Goalkeeper,6.1,0.1,0.1,a,,,,,42.2,6.0,6.0,6.0,110006,37926,950405,630330,,,
2026-09-24T04:55:26+00:00,2,109745,Arrizabalaga,1,3,Arsenal,Goalkeeper,4.9,0.0,-0.1,a,,,,,0.1,0.0,0.0,0.0,82,194,1459,4207,,,
2026-09-24T04:55:26+00:00,3,437495,Meslier,1,3,Arsenal,Goalkeeper,4.9,0.0,-0.1,a,,,,,0.0,0.0,0.0,0.0,39,97,506,1557,,,
2026-09-24T04:55:26+00:00,4,226597,Gabriel,1,3,Arsenal,Defender,8.0,0.0,0.0,a,,,,,22.8,5.0,5.0,5.0,19203,56598,229446,899489,,,
2026-09-24T04:55:26+00:00,5,445122,J.Timber,1,3,Arsenal,Defender,6.5,0.0,0.0,a,,2026-07-23T12:01:23.272929Z,100,100,0.4,0.2,0.2,0.2,9970,3167,31626,13920,,,
2026-09-24T04:55:26+00:00,6,462424,Saliba,1,3,Arsenal,Defender,5.9,0.0,-0.1,i,Back injury - Unknown return date,2026-07-23T12:01:23.289376Z,0,0,0.2,0.0,0.0,0.0,303,900,3385,18453,,,
2026-09-24T04:55:26+00:00,7,499169,Lewis-Skelly,1,3,Arsenal,Midfielder,5.4,-0.1,-0.1,a,,,,,0.6,1.5,1.5,1.5,717,4385,29394,49189,,,
2026-09-24T04:55:26+00:00,8,466075,Calafiori,1,3,Arsenal,Defender,5.8,0.0,0.3,a,,,,,50.6,5.0,5.0,5.0,62483,52699,1642491,391206,,,
2026-09-24T04:55:26+00:00,9,448104,Hincapie,1,3,Arsenal,Defender,5.2,-0.1,-0.3,a,,,,,0.9,0.2,0.2,0.2,1156,4984,15975,116695,,,
2026-09-24T04:55:26+00:00,10,198869,White,1,3,Arsenal,Defender,5.5,0.0,0.0,d,Groin injury - 75% chance of playing,2026-09-20T19:30:08.247780Z,100,75,5.0,2.5,2.5,1.9,3148,57260,455906,556041,,,
2026-09-24T04:55:26+00:00,11,500040,Mosquera,1,3,Arsenal,Defender,5.3,0.0,-0.2,a,,2026-09-04T14:00:08.080310Z,100,100,1.6,1.5,1.5,1.5,956,7821,31121,466550,,,
2026-09-24T04:55:26+00:00,12,223340,Saka,1,3,Arsenal,Midfielder,9.5,0.0,0.0,a,,,,,13.5,5.8,5.8,5.8,83523,38759,763145,388610,1,,
2026-09-24T04:55:26+00:00,13,204480,Rice,1,3,Arsenal,Midfielder,7.4,0.0,-0.1,d,Unspecified injury - 75% chance of playing,2026-09-21T13:00:08.896379Z,,75,11.8,4.2,4.2,3.2,7101,62807,118947,705481,,,
2026-09-24T04:55:26+00:00,14,232413,Eze,1,3,Arsenal,Midfielder,6.3,0.0,-0.2,a,,,,,1.0,0.8,0.8,0.8,1751,5696,22670,138540,,,
2026-09-24T04:55:26+00:00,15,184029,Ødegaard,1,3,Arsenal,Midfielder,6.8,0.0,0.3,a,,,,,19.8,4.5,4.5,4.5,62152,75737,1617872,535186,3,,
2026-09-24T04:55:26+00:00,16,248857,Madueke,1,3,Arsenal,Midfielder,6.2,0.0,-0.3,a,,,,,0.2,0.2,0.2,0.2,613,1338,5893,25758,,,
2026-09-24T04:55:26+00:00,17,195384,Merino,1,3,Arsenal,Midfielder,5.8,0.0,-0.2,a,,,,,0.4,0.8,0.8,0.8,553,2471,9290,47761,,,
2026-09-24T04:55:26+00:00,18,444145,Martinelli,1,3,Arsenal,Midfielder,6.3,0.0,-0.2,u,Has joined Al Hilal permanently,2026-09-04T12:34:46.738449Z,0,0,0.1,0.0,0.0,0.0,0,455,2483,21756,,,
2026-09-24T04:55:26+00:00,19,481655,Zubimendi,1,3,Arsenal,Midfielder,5.3,0.0,-0.2,a,,,,,0.6,1.0,1.0,1.0,403,3171,8418,66114,,,
2026-09-24T04:55:26+00:00,20,616077,Dowman,1,3,Arsenal,Midfielder,5.3,0.0,-0.2,a,,,,,0.1,0.2,0.2,0.2,370,476,2958,7195,,,
2026-09-24T04:55:26+00:00,22,499175,Nwaneri,1,3,Arsenal,Midfielder,5.4,0.0,-0.1,u,Has joined Borussia Dortmund on loan for the rest of the season,2026-09-02T16:01:07.058827Z,0,0,0.0,0.0,0.0,0.0,0,44,233,1244,,,
2026-09-24T04:55:26+00:00,23,438098,Fábio Vieira,1,3,Arsenal,Midfielder,5.5,0.0,0.0,u,Has joined Hamburger SV permanently,2026-09-02T16:00:28.446370Z,0,0,0.0,0.0,0.0,0.0,0,33,255,912,,,
2026-09-24T04:55:26+00:00,24,200641,Nelson,1,3,Arsenal,Midfielder,5.5,0.0,0.0,u,has departed the club as a free agent.,2026-08-29T00:33:08.556767Z,0,0,0.0,0.0,0.0,0.0,0,16,68,670,,,
2026-09-24T04:55:26+00:00,25,224117,Gyökeres,1,3,Arsenal,Forward,7.1,-0.1,-0.4,a,,,,,3.1,0.5,0.5,0.5,4747,13850,32970,608174,2,,
2026-09-24T04:55:26+00:00,26,219847,Havertz,1,3,Arsenal,Forward,7.6,0.0,0.1,a,,,,,8.5,3.2,3.2,3.2,47806,39106,651039,399578,,,
2026-09-24T04:55:26+00:00,27,205651,G.Jesus,1,3,Arsenal,Forward,5.9,0.0,-0.1,u,Has joined FC Barcelona permanently,2026-09-02T16:00:28.475184Z,0,0,0.1,0.0,0.0,0.0,0,784,4164,29059,,,
2026-09-24T04:55:26+00:00,31,199798,Konsa,1,3,Arsenal,Defender,4.6,0.1,0.1,a,,,,,19.4,3.0,3.0,3.0,77647,37206,1450954,628314,,,
2026-09-24T04:55:26+00:00,452,208706,Bruno G.,1,3,Arsenal,Midfielder,6.7,0.0,-0.3,a,,2026-09-04T14:00:08.328779Z,100,100,1.8,2.2,2.2,2.2,4335,6330,29281,243403,4,,
2026-09-24T04:55:26+00:00,557,439509,Tzolis,1,3,Arsenal,Midfielder,6.3,-0.1,-0.2,a,,,,,12.3,2.5,2.5,2.5,9716,126341,460083,1589549,,,
2026-09-24T04:55:26+00:00,29,72147,M.Bizot,2,7,Aston Villa,Goalkeeper,4.5,0.0,0.0,i,Back injury - Expected back 10 Oct,2026-09-17T07:30:09.058151Z,0,0,0.1,0.0,0.0,0.0,47,853,4641,7229,,,
2026-09-24T04:55:26+00:00,30,101188,Digne,2,7,Aston Villa,Defender,4.5,0.0,0.0,u,Has joined Paris Saint-Germain permanently,2026-08-10T14:03:30.089007Z,0,0,0.0,0.0,0.0,0.0,0,184,0,8595,,,
2026-09-24T04:55:26+00:00,32,199796,Cash,2,7,Aston Villa,Defender,4.4,0.0,-0.1,a,,2026-09-09T14:30:08.192142Z,100,100,4.9,1.8,1.8,1.8,2237,21762,94888,415751,,,
2026-09-24T04:55:26+00:00,33,149484,Mings,2,7,Aston Villa,Defender,4.5,0.0,0.0,a,,,,,0.4,2.2,2.2,2.2,1380,1146,16100,17170,,,
2026-09-24T04:55:26+00:00,34,244954,Pau,2,7,Aston Villa,Defender,4.5,0.0,0.0,i,Hamstring injury - Expected back 10 Oct,2026-09-12T18:00:08.712707Z,0,0,0.3,0.8,0.0,0.0,33,2706,11226,27064,,,
2026-09-24T04:55:26+00:00,35,515597,Bogarde,2,7,Aston Villa,Midfielder,4.9,-0.1,-0.1,a,,,,,0.1,0.0,0.0,0.0,144,383,2885,4711,,,
2026-09-24T04:55:26+00:00,36,441302,Maatsen,2,7,Aston Villa,Defender,4.4,-0.1,-0.1,i,Ankle injury - Unknown return date,2026-09-12T18:00:08.729468Z,0,0,0.5,2.2,0.0,0.0,46,5334,31888,61072,,,
2026-09-24T04:55:26+00:00,37,184667,Lindelöf,2,7,Aston Villa,Defender,4.5,0.0,0.0,a,,,,,0.3,2.5,2.5,2.5,806,1062,14406,14085,,,
2026-09-24T04:55:26+00:00,38,606798,A.García,2,7,Aston Villa,Defender,4.0,0.0,0.0,a,,,,,1.5,0.0,0.0,0.0,1530,5113,44976,67013,,,
2026-09-24T04:55:26+00:00,39,578545,Nedeljkovic,2,7,Aston Villa,Defender,4.0,0.0,0.0,u,Has joined Rangers on loan for the rest of the season,2026-08-19T13:56:46.385411Z,0,0,0.1,0.0,0.0,0.0,0,449,0,15134,,,
2026-09-24T04:55:26+00:00,41,195546,Buendía,2,7,Aston Villa,Midfielder,5.9,0.0,-0.1,a,,,,,1.0,4.8,4.8,4.8,10051,3318,58035,94463,1,,
2026-09-24T04:55:26+00:00,44,215711,Bailey,2,7,Aston Villa,Midfielder,5.4,0.0,-0.1,u,Has joined Olympiakos permanently,2026-09-04T12:35:14.472260Z,0,0,0.1,0.0,0.0,0.0,0,400,2096,13131,,,
2026-09-24T04:55:26+00:00,45,122806,McGinn,2,7,Aston Villa,Midfielder,5.4,0.0,-0.1,a,,,,,2.2,4.0,4.0,4.0,5637,7031,69468,153993,,,
2026-09-24T04:55:26+00:00,46,88894,Barkley,2,7,Aston Villa,Midfielder,5.0,0.0,0.0,a,,,,,0.3,2.0,2.0,2.0,459,1519,16016,15996,,,
2026-09-24T04:55:26+00:00,47,226944,Kamara,2,7,Aston Villa,Midfielder,5.0,0.0,0.0,a,,2026-07-23T12:01:23.337269Z,100,100,0.3,3.2,3.2,3.2,1065,1319,14274,21267,,,
2026-09-24T04:55:26+00:00,48,449871,Onana,2,7,Aston Villa,Midfielder,4.9,0.0,-0.1,i,Knee injury - Unknown return date,2026-07-23T12:01:23.352497Z,0,0,0.0,0.0,0.0,0.0,30,76,501,1646,,,
2026-09-24T04:55:26+00:00,49,469247,Iling Jr,2,7,Aston Villa,Midfielder,5.0,0.0,0.0,u,Has joined Bolton Wanderers on loan for the rest of the season,2026-08-17T13:52:28.532616Z,0,0,0.0,0.0,0.0,0.0,0,9,0,234,,,
2026-09-24T04:55:26+00:00,50,645618,Burrowes,2,7,Aston Villa,Midfielder,4.5,0.0,0.0,a,,,,,0.6,0.0,0.0,0.0,526,2883,21351,34607,,,
2026-09-24T04:55:26+00:00,51,577285,George Hemmings,2,7,Aston Villa,Midfielder,4.5,0.0,0.0,a,,,,,1.2,1.8,1.8,1.8,2690,8430,115373,68363,,,
2026-09-24T04:55:26+00:00,52,653481,Alysson,2,7,Aston Villa,Midfielder,5.0,0.0,0.0,d,Unspecified injury - 75% chance of playing,2026-09-19T11:30:09.355376Z,,75,0.0,1.8,1.8,1.4,60,674,3346,3537,,,
2026-09-24T04:55:26+00:00,53,614071,Manzambi,2,7,Aston Villa,Midfielder,5.9,0.0,-0.1,a,,2026-08-15T15:30:06.388335Z,100,100,0.4,3.5,3.5,3.5,24955,2322,27941,18941,,,
2026-09-24T04:55:26+00:00,54,448089,Gomes,2,7,Aston Villa,Midfielder,5.5,0.0,0.0,a,,2026-09-16T19:30:08.742410Z,100,100,0.0,1.0,1.0,1.0,369,145,1208,4054,,,
2026-09-24T04:55:26+00:00,55,178301,Watkins,2,7,Aston Villa,Forward,7.8,0.0,-0.2,u,Has joined Al Hilal permanently,2026-09-01T13:15:16.698799Z,0,0,2.5,0.0,0.0,0.0,0,9970,14882,757351,,,
2026-09-24T04:55:26+00:00,56,173879,Abraham,2,7,Aston Villa,Forward,5.5,0.0,0.0,a,,2026-08-15T16:00:07.558543Z,100,100,0.2,1.0,1.0,1.0,1327,1448,15375,12624,,,
2026-09-24T04:55:26+00:00,160,493105,Garnacho,2,7,Aston Villa,Midfielder,5.8,0.0,-0.2,a,,,,,0.3,0.5,0.5,0.5,414,2377,7362,40830,,,
2026-09-24T04:55:26+00:00,166,517052,N.Jackson,2,7,Aston Villa,Forward,6.5,0.0,0.0,a,,,,,1.4,2.5,2.5,2.5,28522,6294,173784,83234,2,,
2026-09-24T04:55:26+00:00,582,690838,Madjo,2,7,Aston Villa,Forward,5.4,0.0,-0.1,i,Unspecified injury - Unknown return date,2026-08-15T16:00:07.974271Z,0,0,0.2,0.0,0.0,0.0,158,1551,2843,30322,,,
2026-09-24T04:55:26+00:00,596,487992,Ruggeri,2,7,Aston Villa,Defender,4.5,0.0,0.0,a,,,,,0.1,1.0,1.0,1.0,425,275,3068,5539,,,
2026-09-24T04:55:26+00:00,597,433969,Suzuki,2,7,Aston Villa,Goalkeeper,5.0,0.0,0.0,a,,,,,1.9,4.0,4.0,4.0,11697,5309,149261,61168,,,
2026-09-24T04:55:26+00:00,606,569577,Rowe,2,7,Aston Villa,Defender,4.0,0.0,0.0,a,,,,,0.2,0.0,0.0,0.0,257,770,12953,6025,,,
2026-09-24T04:55:26+00:00,607,571380,Lynch,2,7,Aston Villa,Midfielder,4.5,0.0,0.0,u,Has joined Oxford United on loan until January,2026-09-04T12:35:39.820426Z,0,0,0.1,0.0,0.0,0.0,0,592,7103,8036,,,
2026-09-24T04:55:26+00:00,611,214590,Wan-Bissaka,2,7,Aston Villa,Defender,4.5,0.0,0.0,a,,,,,0.2,1.5,1.5,1.5,1220,1217,18073,7550,,,
2026-09-24T04:55:26+00:00,618,119090,Goretzka,2,7,Aston Villa,Midfielder,5.9,0.0,-0.1,i,Knee injury - Expected back 10 Oct,2026-09-09T09:30:08.229436Z,0,0,0.0,0.0,0.0,0.0,16,365,4625,4679,,,
2026-09-24T04:55:26+00:00,630,245719,Harwood-Bellis,2,7,Aston Villa,Defender,4.5,0.0,0.0,a,,,,,0.0,0.0,0.0,0.0,148,150,2125,956,,,
2026-09-24T04:55:26+00:00,631,638987,Mbaye,2,7,Aston Villa,Midfielder,6.0,0.0,0.0,a,,,,,0.1,0.7,0.7,0.7,738,993,10246,4674,,,
2026-09-24T04:55:26+00:00,667,481283,Wright,2,7,Aston Villa,Goalkeeper,4.0,0.0,0.0,a,,,,,0.1,0.0,1.0,1.0,5650,535,5650,535,,,
2026-09-24T04:55:26+00:00,57,457569,Petrović,3,91,Bournemouth,Goalkeeper,4.5,0.0,0.0,a,,,,,3.0,1.8,1.8,1.8,4870,8971,110853,121642,,,
2026-09-24T04:55:26+00:00,58,40383,Forster,3,91,Bournemouth,Goalkeeper,4.0,0.0,0.0,a,,,,,3.5,0.0,0.0,0.0,6910,5888,116104,77709,,,
2026-09-24T04:55:26+00:00,59,444172,Dennis,3,91,Bournemouth,Goalkeeper,4.0,0.0,0.0,u,Has joined MK Dons permanently,2026-08-27T14:53:48.692835Z,0,0,0.1,0.0,0.0,0.0,0,469,1133,7437,,,
2026-09-24T04:55:26+00:00,60,463981,Hill,3,91,Bournemouth,Defender,5.5,0.0,0.0,a,,,,,0.8,2.8,2.8,2.8,2580,2536,30321,43130,,,
2026-09-24T04:55:26+00:00,61,494521,Truffert,3,91,Bournemouth,Defender,5.4,-0.1,-0.1,a,,,,,3.0,2.2,2.2,2.2,3782,10254,55651,158537,,,
2026-09-24T04:55:26+00:00,62,242882,Diakité,3,91,Bournemouth,Defender,4.9,-0.1,-0.1,a,,,,,0.2,0.0,0.0,0.0,398,826,7056,11891,,,
2026-09-24T04:55:26+00:00,63,620487,Milosavljević,3,91,Bournemouth,Defender,4.9,0.0,-0.1,i,Thigh injury - Unknown return date,2026-08-06T10:00:10.456051Z,0,0,0.0,0.0,0.0,0.0,18,36,324,833,,,
2026-09-24T04:55:26+00:00,64,54469,Smith,3,91,Bournemouth,Defender,4.5,0.0,0.0,a,,,,,0.1,0.8,0.8,0.8,341,398,7139,7226,,,
2026-09-24T04:55:26+00:00,65,436893,J.Araujo,3,91,Bournemouth,Defender,4.4,0.0,-0.1,i,Thigh injury - Unknown return date,2026-08-09T08:00:05.645826Z,0,0,0.0,0.0,0.0,0.0,27,38,411,1277,,,
2026-09-24T04:55:26+00:00,66,575901,Soler,3,91,Bournemouth,Defender,4.0,0.0,0.0,a,,2026-08-15T16:30:07.021055Z,100,100,0.3,0.0,0.0,0.0,636,952,13727,10837,,,
2026-09-24T04:55:26+00:00,67,499604,Rayan,3,91,Bournemouth,Midfielder,6.3,-0.1,-0.2,a,,,,,1.6,2.0,2.0,2.0,3251,8474,51921,167970,,,
2026-09-24T04:55:26+00:00,68,201658,Tavernier,3,91,Bournemouth,Midfielder,6.1,0.0,0.1,a,,,,,6.7,5.2,5.2,5.2,69274,35878,680467,210602,3,,
2026-09-24T04:55:26+00:00,69,503139,Scott,3,91,Bournemouth,Midfielder,6.1,0.0,0.1,a,,,,,5.7,7.0,7.0,7.0,18742,33110,542645,203286,,,
2026-09-24T04:55:26+00:00,70,222683,Kluivert,3,91,Bournemouth,Midfielder,6.0,0.0,0.0,i,Unspecified injury - Unknown return date,2026-09-20T15:30:09.074071Z,,0,0.9,3.0,3.0,0.0,2275,15074,52632,79956,2,,
2026-09-24T04:55:26+00:00,71,155408,Cook,3,91,Bournemouth,Midfielder,5.0,0.0,0.0,a,,,,,0.2,1.2,1.2,1.2,221,982,13055,13763,,,
2026-09-24T04:55:26+00:00,72,496208,Gannon-Doak,3,91,Bournemouth,Midfielder,4.9,0.0,-0.1,a,,,,,0.1,0.8,0.8,0.8,115,319,1615,4579,,,
2026-09-24T04:55:26+00:00,73,200785,Adams,3,91,Bournemouth,Midfielder,5.0,0.0,0.0,a,,2026-08-15T16:30:07.029928Z,100,100,0.3,2.8,2.8,2.8,915,1389,18124,16380,,,
2026-09-24T04:55:26+00:00,74,111317,Brooks,3,91,Bournemouth,Midfielder,5.0,0.0,0.0,a,,2026-08-15T16:30:07.037929Z,100,100,0.1,0.8,0.8,0.8,148,279,3330,3737,,,
2026-09-24T04:55:26+00:00,75,158499,Christie,3,91,Bournemouth,Midfielder,5.0,0.0,0.0,a,,2026-07-24T17:30:10.035483Z,100,100,0.0,1.2,1.2,1.2,251,207,3506,2152,,,
2026-09-24T04:55:26+00:00,76,614574,Tóth.A,3,91,Bournemouth,Midfielder,4.9,0.0,-0.1,a,,,,,0.0,0.2,0.2,0.2,22,47,379,776,,,
2026-09-24T04:55:26+00:00,77,489888,Adli,3,91,Bournemouth,Midfielder,4.9,0.0,-0.1,i,Calf injury - Unknown return date,2026-08-15T16:00:07.590566Z,0,0,0.0,0.0,0.0,0.0,20,61,289,2202,,,
2026-09-24T04:55:26+00:00,78,560262,Kroupi.Jr,3,91,Bournemouth,Midfielder,7.4,0.0,-0.1,i,Foot injury - Expected back 7 Nov,2026-07-29T17:30:09.796802Z,0,0,0.2,0.0,0.0,0.0,147,687,1193,27205,1,,
2026-09-24T04:55:26+00:00,79,444102,Evanilson,3,91,Bournemouth,Forward,6.0,0.0,0.0,a,,,,,3.2,3.5,3.5,3.5,13813,17986,249274,172813,,,
2026-09-24T04:55:26+00:00,80,168636,Enes Ünal,3,91,Bournemouth,Forward,5.5,0.0,0.0,u,Has joined Getafe permanently,2026-08-14T14:14:21.881112Z,0,0,0.0,0.0,0.0,0.0,0,36,0,1968,,,
2026-09-24T04:55:26+00:00,81,561245,Rodríguez,3,91,Bournemouth,Forward,6.0,0.0,0.0,a,,2026-08-15T16:30:07.054142Z,100,100,0.1,0.5,0.5,0.5,578,587,5285,6718,,,
2026-09-24T04:55:26+00:00,566,483067,Silva,3,91,Bournemouth,Defender,5.0,0.0,0.0,a,,,,,0.4,2.8,2.8,2.8,4254,2252,29716,23693,,,
2026-09-24T04:55:26+00:00,573,494928,Sanchez,3,91,Bournemouth,Defender,4.4,0.0,-0.1,a,,,,,0.2,0.0,0.0,0.0,123,356,1543,7013,,,
2026-09-24T04:55:26+00:00,608,523700,Jebbison,3,91,Bournemouth,Forward,5.0,0.0,0.0,a,,,,,0.1,0.5,0.5,0.5,717,744,13080,7099,,,
2026-09-24T04:55:26+00:00,615,230650,Di Gregorio,3,91,Bournemouth,Goalkeeper,4.5,0.0,0.0,a,,,,,0.0,0.0,0.0,0.0,157,162,2900,1711,,,
2026-09-24T04:55:26+00:00,82,200720,Kelleher,4,94,Brentford,Goalkeeper,5.0,0.0,0.0,a,,,,,6.1,3.2,3.2,3.2,17114,10331,248751,210597,,,
2026-09-24T04:55:26+00:00,83,507433,Valdimarsson,4,94,Brentford,Goalkeeper,4.5,0.0,0.0,a,,,,,0.1,0.0,0.0,0.0,232,276,2797,4526,,,
2026-09-24T04:55:26+00:00,84,432830,Collins,4,94,Brentford,Defender,5.4,0.0,-0.1,i,Calf injury - Unknown return date,2026-09-05T18:00:06.182495Z,0,0,1.0,1.0,0.0,0.0,94,7795,58713,155151,,,
2026-09-24T04:55:26+00:00,85,444765,Van den Berg,4,94,Brentford,Defender,4.9,0.0,-0.1,i,Groin injury - Unknown return date,2026-08-15T15:30:06.416627Z,0,0,0.1,0.0,0.0,0.0,31,261,404,8867,,,
2026-09-24T04:55:26+00:00,86,249231,Lewis-Potter,4,94,Brentford,Midfielder,5.5,0.0,0.0,a,,,,,1.7,3.0,3.0,3.0,3199,10510,189844,118891,,,
2026-09-24T04:55:26+00:00,87,191866,Ajer,4,94,Brentford,Defender,4.5,0.0,0.0,a,,,,,3.9,3.2,3.2,3.2,9628,18718,315115,272410,,,
2026-09-24T04:55:26+00:00,88,607464,Kayode,4,94,Brentford,Defender,4.6,0.0,0.1,a,,,,,7.6,2.5,2.5,2.5,11250,17691,593948,363925,,,
2026-09-24T04:55:26+00:00,89,194010,Henry,4,94,Brentford,Defender,4.4,0.0,-0.1,a,,,,,0.2,0.2,0.2,0.2,133,492,1957,8490,,,
2026-09-24T04:55:26+00:00,90,472713,Hickey,4,94,Brentford,Defender,4.5,0.0,0.0,a,,,,,0.1,1.0,1.0,1.0,149,205,2063,2938,,,
2026-09-24T04:55:26+00:00,92,570241,Ji-soo,4,94,Brentford,Defender,4.4,-0.1,-0.1,a,,,,,0.0,0.0,0.0,0.0,51,77,485,949,,,
2026-09-24T04:55:26+00:00,93,513086,Schuster,4,94,Brentford,Defender,4.5,0.0,0.0,a,,,,,0.3,5.2,5.2,5.2,13432,1619,14994,6107,,,
2026-09-24T04:55:26+00:00,94,513418,Schade,4,94,Brentford,Midfielder,6.2,0.1,0.2,a,,,,,10.9,9.0,9.0,9.0,337873,18169,957728,238173,2,,
2026-09-24T04:55:26+00:00,95,533463,O.Dango,4,94,Brentford,Midfielder,6.3,0.0,-0.2,a,,,,,0.5,1.0,1.0,1.0,646,3087,15007,81666,,,
2026-09-24T04:55:26+00:00,96,440089,Damsgaard,4,94,Brentford,Midfielder,5.4,0.0,-0.1,a,,,,,0.4,3.8,3.8,3.8,1244,1747,14755,29863,,,
2026-09-24T04:55:26+00:00,97,207283,Jensen,4,94,Brentford,Midfielder,5.4,0.0,-0.1,i,Unspecified injury - Expected back 10 Oct,2026-08-30T12:30:08.176795Z,0,0,0.1,0.0,0.0,0.0,14,522,4499,14956,3,,
2026-09-24T04:55:26+00:00,98,204580,Janelt,4,94,Brentford,Midfielder,5.0,0.0,0.0,a,,,,,2.5,4.8,4.8,4.8,16683,15215,303743,104306,,,
2026-09-24T04:55:26+00:00,99,543295,Milambo,4,94,Brentford,Midfielder,5.0,0.0,0.0,i,Knee injury - Unknown return date,2026-07-23T12:01:23.384798Z,0,0,0.0,0.0,0.0,0.0,6,6,115,158,,,
2026-09-24T04:55:26+00:00,100,244858,Carvalho,4,94,Brentford,Midfielder,5.0,0.0,0.0,a,,2026-08-18T13:58:17.442072Z,100,100,0.0,1.5,1.5,1.5,541,140,1839,1418,,,
2026-09-24T04:55:26+00:00,102,508395,Yarmoliuk,4,94,Brentford,Midfielder,4.8,0.0,-0.2,a,,,,,0.7,2.0,2.0,2.0,1097,2742,5550,61092,,,
2026-09-24T04:55:26+00:00,103,183656,Dasilva,4,94,Brentford,Midfielder,4.9,0.0,-0.1,i,Hamstring injury - Expected back 10 Oct,2026-09-04T13:30:08.371955Z,0,0,0.0,0.0,0.0,0.0,8,87,399,1932,,,
2026-09-24T04:55:26+00:00,105,444180,Anthony,4,94,Brentford,Midfielder,5.9,0.0,-0.1,a,,,,,0.1,3.5,3.5,3.5,1971,487,6969,10888,,,
2026-09-24T04:55:26+00:00,106,502500,Thiago,4,94,Brentford,Forward,7.8,0.0,-0.2,a,,,,,9.0,2.5,2.5,2.5,45154,31279,265577,1028187,1,,
2026-09-24T04:55:26+00:00,107,593174,Furo,4,94,Brentford,Forward,4.5,0.0,0.0,i,Unspecified injury - Unknown return date,2026-09-14T14:00:09.985723Z,0,0,0.9,0.0,0.0,0.0,496,8205,61569,65367,,,
2026-09-24T04:55:26+00:00,108,75115,Wilson,4,94,Brentford,Forward,5.4,-0.1,-0.1,a,,,,,0.3,0.5,0.5,0.5,954,2126,15303,26191,,,
2026-09-24T04:55:26+00:00,565,513545,M.Sangaré,4,94,Brentford,Midfielder,5.6,-0.1,0.1,a,,,,,10.0,2.0,2.0,2.0,7204,126113,1226492,808002,,,
2026-09-24T04:55:26+00:00,620,613804,Diouf,4,94,Brentford,Defender,4.5,0.0,0.0,a,,,,,0.1,0.5,0.5,0.5,395,590,13556,7252,,,
2026-09-24T04:55:26+00:00,657,626464,Nunes,4,94,Brentford,Midfielder,4.5,0.0,0.0,a,,,,,0.0,0.0,0.0,0.0,290,228,2032,621,,,
2026-09-24T04:55:26+00:00,660,612534,Fredrick,4,94,Brentford,Defender,4.0,0.0,0.0,a,,,,,0.0,0.0,1.1,1.1,429,52,429,52,,,
2026-09-24T04:55:26+00:00,661,235448,Balcombe,4,94,Brentford,Goalkeeper,4.0,0.0,0.0,a,,,,,0.0,0.0,1.0,1.0,2477,412,2477,412,,,
2026-09-24T04:55:26+00:00,109,489639,Verbruggen,5,36,Brighton,Goalkeeper,4.5,0.0,0.0,a,,,,,21.6,4.2,4.2,4.2,59916,59110,753391,594964,,,
2026-09-24T04:55:26+00:00,111,49262,Steele,5,36,Brighton,Goalkeeper,4.0,0.0,0.0,a,,,,,4.1,0.0,0.0,0.0,6096,12549,146283,118304,,,
2026-09-24T04:55:26+00:00,113,231416,F.Kadıoğlu,5,36,Brighton,Defender,4.4,0.0,-0.1,a,,2026-08-23T13:00:07.595211Z,100,100,1.6,3.2,3.2,3.2,3386,5854,29799,133397,,,
2026-09-24T04:55:26+00:00,114,204120,Boscagli,5,36,Brighton,Defender,4.5,0.0,0.0,a,,,,,0.3,3.2,3.2,3.2,1665,624,15882,11701,,,
2026-09-24T04:55:26+00:00,115,465730,De Cuyper,5,36,Brighton,Defender,4.9,0.0,0.4,a,,,,,27.4,5.2,5.2,5.2,248769,15880,2667108,400911,,,
2026-09-24T04:55:26+00:00,116,83299,Dunk,5,36,Brighton,Defender,4.5,0.0,0.0,d,Neck injury - 75% chance of playing,2026-09-22T09:30:09.629652Z,,75,1.5,4.0,4.0,3.0,7318,7337,88879,48401,,,
2026-09-24T04:55:26+00:00,117,550090,Coppola,5,36,Brighton,Defender,4.5,0.0,0.0,a,,,,,0.0,0.0,0.0,0.0,88,74,900,1037,,,
2026-09-24T04:55:26+00:00,118,223434,Igor,5,36,Brighton,Defender,4.5,0.0,0.0,u,Has joined Burnley permanently,2026-09-02T15:38:15.529699Z,0,0,0.0,0.0,0.0,0.0,0,237,915,5880,,,
2026-09-24T04:55:26+00:00,119,451490,Costinha,5,36,Brighton,Defender,4.5,0.0,0.0,a,,,,,0.0,0.8,0.8,0.8,129,110,1234,1435,,,
2026-09-24T04:55:26+00:00,120,454490,Svoboda,5,36,Brighton,Defender,5.0,0.0,0.0,a,,,,,0.1,0.2,0.2,0.2,1164,376,4340,3898,,,
2026-09-24T04:55:26+00:00,121,451340,Mitoma,5,36,Brighton,Midfielder,5.9,0.0,-0.1,i,Hamstring injury - Expected back 10 Oct,2026-07-24T18:30:10.661894Z,0,0,0.0,0.0,0.0,0.0,91,140,517,3077,,,
2026-09-24T04:55:26+00:00,122,592031,Minteh,5,36,Brighton,Midfielder,5.8,-0.1,-0.2,i,Leg injury - Expected back 28 Nov,2026-08-14T18:00:06.418033Z,0,0,0.0,0.0,0.0,0.0,37,169,327,6843,,,
2026-09-24T04:55:26+00:00,123,532529,Hinshelwood,5,36,Brighton,Midfielder,5.9,0.0,-0.1,i,Ankle injury - Expected back 10 Oct,2026-08-27T19:30:07.780933Z,0,0,0.6,0.0,0.0,0.0,211,5717,147832,214943,,,
2026-09-24T04:55:26+00:00,124,60307,Groß,5,36,Brighton,Midfielder,5.8,0.1,0.3,a,,,,,28.0,11.2,11.2,11.2,704677,8882,2065170,538665,1,,
2026-09-24T04:55:26+00:00,125,463067,Georginio,5,36,Brighton,Forward,5.3,-0.1,-0.2,a,,2026-08-26T16:00:07.608056Z,100,100,0.5,0.2,0.2,0.2,2157,3283,34154,75911,,,
2026-09-24T04:55:26+00:00,126,219249,O'Riley,5,36,Brighton,Midfielder,5.4,0.0,-0.1,a,,,,,0.1,0.5,0.5,0.5,329,469,3503,6425,3,,
2026-09-24T04:55:26+00:00,127,514254,Gomez,5,36,Brighton,Midfielder,5.0,0.0,0.0,a,,,,,4.0,4.5,4.5,4.5,10323,34124,332830,295755,,,
2026-09-24T04:55:26+00:00,128,536916,Buonanotte,5,36,Brighton,Midfielder,5.0,0.0,0.0,u,Has joined Elche on loan for the rest of the season,2026-08-10T14:03:07.561436Z,0,0,0.0,0.0,0.0,0.0,0,5,0,328,,,
2026-09-24T04:55:26+00:00,129,509416,Ayari,5,36,Brighton,Midfielder,5.4,0.0,-0.1,a,,2026-08-30T18:00:07.935334Z,100,100,0.4,3.2,3.2,3.2,1858,1704,12099,41259,,,
2026-09-24T04:55:26+00:00,130,467779,Wieffer,5,36,Brighton,Defender,4.9,0.0,-0.1,i,Knee injury - Unknown return date,2026-09-04T09:30:08.612904Z,0,0,0.2,0.0,0.0,0.0,25,1641,25940,43073,,,
2026-09-24T04:55:26+00:00,132,597320,Howell,5,36,Brighton,Midfielder,4.5,0.0,0.0,u,Has joined Leicester City on loan for the rest of the season,2026-08-17T13:53:19.019938Z,0,0,0.0,0.0,0.0,0.0,0,171,0,3649,,,
2026-09-24T04:55:26+00:00,133,549074,Watson,5,36,Brighton,Midfielder,5.0,0.0,0.0,u,Has joined Leicester City on loan for the rest of the season,2026-08-03T14:05:44.459483Z,0,0,0.0,0.0,0.0,0.0,0,3,0,134,,,
2026-09-24T04:55:26+00:00,134,556637,Oriola,5,36,Brighton,Midfielder,4.5,0.0,0.0,a,,,,,0.2,0.0,0.0,0.0,293,1177,8697,14045,,,
2026-09-24T04:55:26+00:00,135,700308,Yohanna,5,36,Brighton,Midfielder,4.9,0.0,-0.1,i,Unspecified injury - Expected back 10 Oct,2026-09-10T13:00:08.617941Z,0,0,0.0,0.0,0.0,0.0,16,329,1259,5436,,,
2026-09-24T04:55:26+00:00,137,608181,Tzimas,5,36,Brighton,Forward,5.4,0.0,-0.1,i,Knee injury - Unknown return date,2026-07-23T12:01:23.432796Z,0,0,0.0,0.0,0.0,0.0,27,40,324,738,,,
2026-09-24T04:55:26+00:00,138,647850,Kostoulas,5,36,Brighton,Forward,5.6,0.1,0.1,a,,,,,3.6,6.8,6.8,6.8,264956,12669,369647,45179,,,
2026-09-24T04:55:26+00:00,139,487117,Ferguson,5,36,Brighton,Forward,5.0,0.0,0.0,i,Ankle injury - Expected back 10 Oct,2026-07-23T12:01:23.448357Z,0,0,0.0,0.0,0.0,0.0,103,221,1554,2490,,,
2026-09-24T04:55:26+00:00,328,222694,Struijk,5,36,Brighton,Defender,4.9,0.0,-0.1,d,Hamstring injury - 75% chance of playing,2026-09-22T10:00:09.404233Z,100,75,0.2,1.8,1.8,1.4,623,564,5652,11815,,,
2026-09-24T04:55:26+00:00,504,610799,Vuskovic,5,36,Brighton,Defender,5.0,0.0,0.0,a,,,,,3.6,6.5,6.5,6.5,45811,9856,248911,134668,,,
2026-09-24T04:55:26+00:00,594,538007,David,5,36,Brighton,Forward,5.9,-0.1,-0.1,a,,,,,0.2,0.2,0.2,0.2,2580,1875,14442,22148,2,,
2026-09-24T04:55:26+00:00,600,612855,Osman,5,36,Brighton,Midfielder,5.0,0.0,0.0,a,,,,,0.0,0.5,0.5,0.5,96,108,927,1075,,,
2026-09-24T04:55:26+00:00,605,611695,Yalcouyé,5,36,Brighton,Midfielder,4.5,0.0,0.0,a,,,,,4.0,4.8,4.8,4.8,22036,29065,550925,167019,,,
2026-09-24T04:55:26+00:00,614,512123,Hadjam,5,36,Brighton,Defender,4.5,0.0,0.0,a,,,,,0.0,0.0,0.0,0.0,216,214,3955,1919,,,
2026-09-24T04:55:26+00:00,624,519324,Cozier-Duberry,5,36,Brighton,Midfielder,5.0,0.0,0.0,u,Has joined Middlesbrough on loan for the rest of the season,2026-09-02T15:38:15.552951Z,0,0,0.0,0.0,0.0,0.0,0,3,117,111,,,
2026-09-24T04:55:26+00:00,639,592984,Andrés,5,36,Brighton,Midfielder,5.5,0.0,0.0,a,,,,,0.0,4.0,4.0,4.0,2326,240,3570,708,,,
2026-09-24T04:55:26+00:00,652,471551,Azeez,5,36,Brighton,Midfielder,5.5,0.0,0.0,i,Hamstring injury - Expected back 10 Oct,2026-09-04T11:30:08.661589Z,0,0,0.0,0.0,0.0,0.0,14,37,437,194,,,
2026-09-24T04:55:26+00:00,658,661016,Ibrahim,5,36,Brighton,Midfielder,4.5,0.0,0.0,a,,,,,0.0,0.0,0.0,0.0,258,187,1421,455,,,
2026-09-24T04:55:26+00:00,28,98980,Martinez,6,8,Chelsea,Goalkeeper,5.0,0.0,0.0,a,,,,,4.8,2.2,2.2,2.2,6047,18956,243814,243537,,,
2026-09-24T04:55:26+00:00,40,244850,Rogers,6,8,Chelsea,Midfielder,7.7,0.0,0.2,a,,,,,40.4,5.2,5.2,5.2,119231,59497,2448654,651184,,,
2026-09-24T04:55:26+00:00,101,56979,Henderson,6,8,Chelsea,Midfielder,4.9,0.0,-0.1,a,,2026-08-09T09:30:07.136250Z,50,100,0.0,0.5,0.2,0.5,421,120,1034,2594,,,
2026-09-24T04:55:26+00:00,136,50175,Welbeck,6,8,Chelsea,Forward,5.9,0.0,-0.1,a,,2026-08-20T14:00:07.949090Z,100,100,1.0,1.0,1.0,1.0,5962,7909,59898,81813,,,
2026-09-24T04:55:26+00:00,140,215059,Sánchez,6,8,Chelsea,Goalkeeper,4.9,0.0,-0.1,u,Has joined Como on loan for the rest of the season,2026-09-02T16:20:41.841936Z,0,0,0.7,0.0,0.0,0.0,0,3656,10847,175264,,,
2026-09-24T04:55:26+00:00,141,508479,Jörgensen,6,8,Chelsea,Goalkeeper,5.0,0.0,0.0,u,Has joined RC Strasbourg on loan for the rest of the season,2026-08-12T14:07:02.607115Z,0,0,0.0,0.0,0.0,0.0,0,25,0,943,,,
2026-09-24T04:55:26+00:00,142,225796,James,6,8,Chelsea,Defender,5.4,0.0,-0.1,d,Hamstring injury - 75% chance of playing,2026-09-18T10:30:09.719371Z,75,75,5.9,0.8,0.6,0.6,510,68004,168715,590693,,,
2026-09-24T04:55:26+00:00,143,180736,Chalobah,6,8,Chelsea,Defender,5.5,0.0,0.0,u,Has joined Como permanently,2026-08-10T14:03:50.769483Z,0,0,0.1,0.0,0.0,0.0,0,247,0,13877,,,
2026-09-24T04:55:26+00:00,144,482609,Gusto,6,8,Chelsea,Defender,4.9,-0.1,-0.1,a,,,,,1.0,0.8,0.8,0.8,1401,6124,36728,66604,,,
2026-09-24T04:55:26+00:00,145,444463,Fofana,6,8,Chelsea,Defender,5.0,0.0,0.0,a,,2026-07-23T12:01:23.464591Z,100,100,0.2,2.0,2.0,2.0,1967,1025,18073,7966,,,
2026-09-24T04:55:26+00:00,146,242880,B.Badiashile,6,8,Chelsea,Defender,4.5,0.0,0.0,u,Has joined Napoli on loan for the rest of the season,2026-08-25T14:03:47.079414Z,0,0,0.0,0.0,0.0,0.0,0,36,232,1933,,,
2026-09-24T04:55:26+00:00,148,551210,Hato,6,8,Chelsea,Defender,4.5,0.0,0.0,a,,,,,0.8,1.8,1.8,1.8,659,6565,91054,58892,,,
2026-09-24T04:55:26+00:00,149,460028,Colwill,6,8,Chelsea,Defender,4.8,-0.1,-0.2,a,,,,,0.9,0.8,0.8,0.8,873,4674,26529,97699,,,
2026-09-24T04:55:26+00:00,150,574458,M.Sarr,6,8,Chelsea,Defender,4.5,0.0,0.0,u,Has joined Real Sociedad on loan for the rest of the season,2026-08-29T00:34:23.077418Z,0,0,0.0,0.0,0.0,0.0,0,127,429,5943,,,
2026-09-24T04:55:26+00:00,151,577016,Acheampong,6,8,Chelsea,Defender,4.5,0.0,0.0,a,,,,,0.3,0.5,0.5,0.5,339,1629,21051,22188,,,
2026-09-24T04:55:26+00:00,152,620109,Palestra,6,8,Chelsea,Defender,5.3,0.0,-0.2,d,Thigh injury - 50% chance of playing,2026-08-24T18:30:07.421239Z,50,50,0.6,0.0,0.0,0.0,167,3241,6627,219782,,,
2026-09-24T04:55:26+00:00,154,244851,Palmer,6,8,Chelsea,Midfielder,9.7,0.0,0.2,d,Muscular injury - 75% chance of playing,2026-09-21T13:00:09.022726Z,100,75,26.0,3.8,3.8,2.8,41607,130147,1944983,625453,1,,
2026-09-24T04:55:26+00:00,156,247632,Neto,6,8,Chelsea,Midfielder,6.5,0.0,0.0,a,,,,,1.4,3.2,3.2,3.2,3863,8386,80988,90037,,,
2026-09-24T04:55:26+00:00,157,624773,Estêvão,6,8,Chelsea,Midfielder,6.3,0.0,-0.2,a,,,,,0.7,0.8,0.8,0.8,1339,3694,17253,86429,2,,
2026-09-24T04:55:26+00:00,158,463936,Gittens,6,8,Chelsea,Midfielder,5.8,-0.1,-0.2,a,,,,,0.0,0.0,0.0,0.0,127,178,1106,2808,,,
2026-09-24T04:55:26+00:00,159,486672,Caicedo,6,8,Chelsea,Midfielder,5.3,0.0,-0.2,d,Calf injury - 50% chance of playing,2026-08-30T16:00:08.393562Z,50,50,1.1,0.2,0.1,0.1,342,7564,14980,279956,,,
2026-09-24T04:55:26+00:00,161,514356,Lavia,6,8,Chelsea,Midfielder,5.0,0.0,0.0,a,,,,,0.2,2.5,2.5,2.5,331,2159,25706,15269,,,
2026-09-24T04:55:26+00:00,163,491007,D.Essugo,6,8,Chelsea,Midfielder,4.5,0.0,0.0,u,Has joined RC Strasbourg on loan for the rest of the season,2026-09-02T16:20:41.865225Z,0,0,0.1,0.0,0.0,0.0,0,596,2698,14308,,,
2026-09-24T04:55:26+00:00,164,593117,Quenda,6,8,Chelsea,Midfielder,5.3,0.0,-0.2,a,,2026-07-24T20:30:10.609931Z,100,100,0.0,0.2,0.2,0.2,55,145,887,3365,,,
2026-09-24T04:55:26+00:00,165,475168,João Pedro,6,8,Chelsea,Forward,7.7,-0.1,0.2,d,Knee injury - 75% chance of playing,2026-09-16T19:00:09.919929Z,75,75,65.6,5.5,4.1,4.1,47195,344146,1561936,1416642,,,
2026-09-24T04:55:26+00:00,168,499309,Marc Guiu,6,8,Chelsea,Forward,5.0,0.0,0.0,u,Has joined RB Leipzig permanently,2026-09-01T13:24:48.857362Z,0,0,0.2,0.0,0.0,0.0,0,1280,4102,33004,,,
2026-09-24T04:55:26+00:00,169,567119,Mheuka,6,8,Chelsea,Forward,4.5,0.0,0.0,a,,,,,0.5,0.0,0.0,0.0,3647,2962,31368,24751,,,
2026-09-24T04:55:26+00:00,170,503037,Emegha,6,8,Chelsea,Forward,5.0,0.0,0.0,i,Hamstring injury - Expected back 10 Oct,2026-09-09T15:00:09.063849Z,0,0,0.1,0.0,0.0,0.0,64,902,6064,12409,,,
2026-09-24T04:55:26+00:00,200,437499,Lacroix,6,8,Chelsea,Defender,5.9,-0.1,-0.1,a,,,,,6.8,1.8,1.8,1.8,6220,25046,172874,420622,,,
2026-09-24T04:55:26+00:00,560,549939,Penders,6,8,Chelsea,Goalkeeper,4.4,0.0,-0.1,a,,,,,0.1,0.0,0.0,0.0,205,242,1980,3562,,,
2026-09-24T04:55:26+00:00,561,622758,Anselmino,6,8,Chelsea,Defender,4.5,0.0,0.0,a,,2026-08-23T19:00:08.536705Z,100,100,0.0,0.0,0.0,0.0,48,95,805,1243,,,
2026-09-24T04:55:26+00:00,568,543158,Barco,6,8,Chelsea,Midfielder,5.4,0.0,-0.1,a,,,,,0.1,0.8,0.8,0.8,184,377,3107,6944,,,
2026-09-24T04:55:26+00:00,583,498444,Chavarria,6,8,Chelsea,Defender,4.9,0.0,-0.1,a,,,,,0.1,1.0,1.0,1.0,338,450,3298,11056,,,
2026-09-24T04:55:26+00:00,662,636846,Nicoll-Jazuli,6,8,Chelsea,Midfielder,4.5,0.0,0.0,a,,,,,0.0,1.0,1.1,1.1,284,52,284,52,,,
2026-09-24T04:55:26+00:00,91,231065,Pinnock,7,9,Coventry City,Defender,4.5,0.0,0.0,a,,,,,0.1,3.5,3.5,3.5,306,182,2475,3953,,,
2026-09-24T04:55:26+00:00,104,428580,Onyeka,7,9,Coventry City,Midfielder,4.9,0.0,-0.1,a,,2026-09-15T09:00:07.851220Z,100,100,0.1,1.8,1.8,1.8,138,374,3948,9501,,,
2026-09-24T04:55:26+00:00,110,472739,Rushworth,7,9,Coventry City,Goalkeeper,4.5,0.0,0.0,a,,,,,0.8,3.8,3.8,3.8,2093,4800,23240,57964,,,
2026-09-24T04:55:26+00:00,171,484389,Dovin,7,9,Coventry City,Goalkeeper,4.0,0.0,0.0,u,Has joined Leyton Orient on loan for the rest of the season,2026-09-02T15:44:14.839336Z,0,0,1.0,0.0,0.0,0.0,0,3972,8924,57140,,,
2026-09-24T04:55:26+00:00,172,110690,Wilson,7,9,Coventry City,Goalkeeper,4.4,0.0,-0.1,a,,,,,0.4,0.0,0.0,0.0,187,551,1357,12248,,,
2026-09-24T04:55:26+00:00,173,461102,Thomas,7,9,Coventry City,Defender,4.0,0.0,0.0,a,,,,,8.6,5.2,5.2,5.2,20629,24284,358063,277308,,,
2026-09-24T04:55:26+00:00,174,436761,Kitching,7,9,Coventry City,Defender,4.0,0.0,0.0,u,Has joined Sheffield United on loan for the rest of the season,2026-09-02T16:21:03.612394Z,0,0,0.3,0.0,0.0,0.0,0,1467,981,32560,,,
2026-09-24T04:55:26+00:00,175,451284,van Ewijk,7,9,Coventry City,Defender,4.0,0.0,0.0,d,Hamstring injury - 75% chance of playing,2026-09-19T16:00:09.486751Z,,75,8.9,1.2,1.2,0.9,1046,65290,122951,489964,,,
2026-09-24T04:55:26+00:00,176,173878,Dasilva,7,9,Coventry City,Defender,4.0,0.0,0.0,a,,,,,0.7,4.8,4.8,4.8,4944,1289,14227,22255,,,
2026-09-24T04:55:26+00:00,177,465390,Kesler-Hayden,7,9,Coventry City,Defender,3.9,-0.1,-0.1,i,Hamstring injury - Unknown return date,2026-08-27T14:56:28.704361Z,0,0,0.0,0.0,0.0,0.0,861,336,1460,3561,,,
2026-09-24T04:55:26+00:00,178,80178,Bidwell,7,9,Coventry City,Defender,4.0,0.0,0.0,a,,,,,0.1,0.0,0.0,0.0,157,246,2464,3477,,,
2026-09-24T04:55:26+00:00,179,204813,Latibeaudiere,7,9,Coventry City,Defender,4.0,0.0,0.0,a,,,,,0.0,0.2,0.2,0.2,60,112,971,1715,,,
2026-09-24T04:55:26+00:00,180,220583,Woolfenden,7,9,Coventry City,Defender,4.0,0.0,0.0,i,Knee injury - Unknown return date,2026-08-27T14:56:28.718566Z,0,0,0.1,0.0,0.0,0.0,20,439,2255,8948,,,
2026-09-24T04:55:26+00:00,181,577411,Brau,7,9,Coventry City,Defender,4.0,0.0,0.0,u,Has joined Academico de Viseu on loan for the rest of the season,2026-08-29T00:35:59.980316Z,0,0,0.0,0.0,0.0,0.0,0,82,275,2152,,,
2026-09-24T04:55:26+00:00,182,539142,Amenda,7,9,Coventry City,Defender,4.0,0.0,0.0,i,Calf injury - Unknown return date,2026-09-17T07:30:09.329041Z,25,0,0.6,0.8,0.2,0.0,26,5697,11471,32599,,,
2026-09-24T04:55:26+00:00,183,480457,Rudoni,7,9,Coventry City,Midfielder,4.9,0.0,-0.1,a,,2026-07-23T12:01:23.481435Z,100,100,0.1,3.0,3.0,3.0,726,556,4196,7945,,,
2026-09-24T04:55:26+00:00,184,168144,Grimes,7,9,Coventry City,Midfielder,4.9,0.0,-0.1,a,,,,,0.1,2.2,2.2,2.2,151,742,4048,11133,3,,
2026-09-24T04:55:26+00:00,185,501459,Sakamoto,7,9,Coventry City,Midfielder,4.8,0.0,-0.2,a,,,,,0.1,0.2,0.2,0.2,106,331,996,5703,,,
2026-09-24T04:55:26+00:00,186,241293,Mason-Clark,7,9,Coventry City,Midfielder,5.3,-0.1,-0.2,a,,2026-08-19T18:00:08.310507Z,100,100,0.1,1.2,1.2,1.2,62,314,1101,5918,,,
2026-09-24T04:55:26+00:00,187,439668,Eccles,7,9,Coventry City,Midfielder,4.8,-0.1,-0.2,i,Unspecified injury - Expected back 12 Oct,2026-09-10T18:30:08.877110Z,0,0,0.0,0.0,0.0,0.0,11,79,624,1455,,,
2026-09-24T04:55:26+00:00,188,226965,Torp,7,9,Coventry City,Midfielder,5.3,-0.1,-0.2,a,,,,,0.1,0.5,0.5,0.5,37,366,790,7898,2,,
2026-09-24T04:55:26+00:00,189,684268,Shepherd,7,9,Coventry City,Midfielder,4.4,0.0,-0.1,a,,,,,0.3,0.0,0.0,0.0,3465,1927,10185,14798,,,
2026-09-24T04:55:26+00:00,190,469272,Tchaouna,7,9,Coventry City,Midfielder,5.4,0.0,-0.1,a,,,,,0.1,0.8,0.8,0.8,16,289,3132,8166,,,
2026-09-24T04:55:26+00:00,191,492498,Borges Rodrigues,7,9,Coventry City,Midfielder,4.5,0.0,0.0,u,Has joined Burton Albion on loan for the rest of the season,2026-09-02T15:44:14.868001Z,0,0,0.1,0.0,0.0,0.0,0,573,1943,11397,,,
2026-09-24T04:55:26+00:00,192,629397,Andrews,7,9,Coventry City,Midfielder,4.5,0.0,0.0,u,Has joined Oxford United on loan for the rest of the season,2026-08-29T00:35:59.998520Z,0,0,0.3,0.0,0.0,0.0,0,1680,2718,40785,,,
2026-09-24T04:55:26+00:00,193,176412,Wright,7,9,Coventry City,Forward,5.4,0.0,-0.1,i,Thigh injury - Unknown return date,2026-08-14T22:00:07.214508Z,0,0,0.1,0.0,0.0,0.0,37,441,604,12367,1,,
2026-09-24T04:55:26+00:00,194,230730,Thomas-Asante,7,9,Coventry City,Forward,5.0,0.0,0.0,a,,,,,0.8,1.8,1.8,1.8,6297,4830,56922,55855,4,,
2026-09-24T04:55:26+00:00,195,218997,Simms,7,9,Coventry City,Forward,4.9,-0.1,-0.1,a,,,,,0.6,0.5,0.5,0.5,1202,4552,39706,63770,,,
2026-09-24T04:55:26+00:00,196,551262,Markelo,7,9,Coventry City,Forward,5.0,0.0,0.0,u,Has joined Shabab Al-Ahli Dubai permanently,2026-08-17T13:53:55.791223Z,0,0,0.0,0.0,0.0,0.0,0,53,0,1180,,,
2026-09-24T04:55:26+00:00,197,549653,Bassette,7,9,Coventry City,Forward,4.5,0.0,0.0,u,Has joined KVC Westerlo on loan for the rest of the season,2026-07-28T12:58:50.001768Z,0,0,0.0,0.0,0.0,0.0,0,124,0,2083,,,
2026-09-24T04:55:26+00:00,492,210156,Awoniyi,7,9,Coventry City,Forward,5.4,-0.1,-0.1,s,Suspended until 19 Oct,2026-09-13T15:00:09.305127Z,0,0,0.4,0.5,0.0,0.0,52,4346,21325,64141,5,,
2026-09-24T04:55:26+00:00,575,661888,Yirenkyi,7,9,Coventry City,Midfielder,4.8,-0.1,-0.2,a,,,,,0.1,2.0,2.0,2.0,236,852,2888,13519,,,
2026-09-24T04:55:26+00:00,584,196100,Hamer,7,9,Coventry City,Midfielder,5.4,0.0,-0.1,a,,,,,0.1,0.5,0.5,0.5,36,334,786,6341,,,
2026-09-24T04:55:26+00:00,599,627221,Cherif,7,9,Coventry City,Forward,5.0,0.0,0.0,a,,,,,0.1,0.2,0.2,0.2,420,647,7347,7486,,,
2026-09-24T04:55:26+00:00,623,79602,Bentley,7,9,Coventry City,Goalkeeper,4.0,0.0,0.0,a,,,,,0.6,0.0,0.0,0.0,7185,1799,77563,18691,,,
2026-09-24T04:55:26+00:00,655,242893,Gboho,7,9,Coventry City,Midfielder,5.5,0.0,0.0,a,,,,,0.0,0.0,0.0,0.0,59,45,257,94,,,
2026-09-24T04:55:26+00:00,656,566213,Mfuni,7,9,Coventry City,Defender,4.0,0.0,0.0,a,,,,,0.1,3.0,3.0,3.0,1542,697,9854,2498,,,
2026-09-24T04:55:26+00:00,42,485337,Guessand,8,31,Crystal Palace,Midfielder,5.4,0.0,-0.1,a,,,,,0.0,0.2,0.2,0.2,87,223,2380,3594,,,
2026-09-24T04:55:26+00:00,153,220362,Disasi,8,31,Crystal Palace,Defender,4.5,0.0,0.0,s,Suspended until 25 Oct,2026-09-12T15:30:09.445078Z,0,0,0.1,0.2,0.0,0.0,20,650,9421,10231,,,
2026-09-24T04:55:26+00:00,198,172649,Henderson,8,31,Crystal Palace,Goalkeeper,5.0,0.0,0.0,i,Foot injury - Expected back 11 Oct,2026-09-12T14:00:09.378740Z,0,0,1.3,0.8,0.0,0.0,105,9273,55231,118181,,,
2026-09-24T04:55:26+00:00,199,121709,Benitez,8,31,Crystal Palace,Goalkeeper,4.5,0.0,0.0,a,,,,,0.1,2.0,2.0,2.0,529,266,3621,4683,,,
2026-09-24T04:55:26+00:00,202,427623,Richards,8,31,Crystal Palace,Defender,5.0,0.0,0.0,a,,,,,0.6,2.8,2.8,2.8,1301,1823,22213,37554,,,
2026-09-24T04:55:26+00:00,203,651426,Canvot,8,31,Crystal Palace,Defender,4.8,-0.1,-0.2,a,,,,,0.2,2.2,2.2,2.2,306,727,5648,19377,,,
2026-09-24T04:55:26+00:00,204,244723,Mitchell,8,31,Crystal Palace,Defender,4.5,0.0,0.0,a,,,,,6.0,5.8,5.8,5.8,11219,13218,307754,261620,,,
2026-09-24T04:55:26+00:00,205,218364,Sosa,8,31,Crystal Palace,Defender,4.5,0.0,0.0,u,Has joined FC Cologne on loan for the rest of the season,2026-09-02T16:03:25.710518Z,0,0,0.0,0.0,0.0,0.0,0,83,236,2052,,,
2026-09-24T04:55:26+00:00,206,515621,Chadi Riad,8,31,Crystal Palace,Defender,4.3,-0.1,-0.2,i,Knee injury - Unknown return date,2026-08-22T18:00:07.352049Z,0,0,0.0,0.0,0.0,0.0,20,105,644,5656,,,
2026-09-24T04:55:26+00:00,207,242313,Mingueza,8,31,Crystal Palace,Defender,4.4,0.0,-0.1,a,,,,,0.1,0.5,0.5,0.5,62,236,1972,4792,,,
2026-09-24T04:55:26+00:00,208,232185,Sarr,8,31,Crystal Palace,Midfielder,6.2,0.0,-0.3,a,,2026-08-22T18:00:07.363165Z,100,100,0.6,0.2,0.2,0.2,2070,1787,6124,376238,2,,
2026-09-24T04:55:26+00:00,210,496221,Wharton,8,31,Crystal Palace,Midfielder,5.4,-0.1,-0.1,a,,2026-07-23T12:01:23.498963Z,100,100,0.7,2.0,2.0,2.0,979,3931,29386,47921,,,
2026-09-24T04:55:26+00:00,211,488024,Yeremy,8,31,Crystal Palace,Midfielder,5.5,0.0,0.0,a,,,,,0.3,3.2,3.2,3.2,594,2275,45138,30672,,,
2026-09-24T04:55:26+00:00,212,108413,Hughes,8,31,Crystal Palace,Midfielder,4.4,0.0,-0.1,a,,,,,7.4,0.5,0.5,0.5,7624,37864,121023,476479,,,
2026-09-24T04:55:26+00:00,213,152551,Lerma,8,31,Crystal Palace,Midfielder,4.8,-0.1,-0.2,a,,,,,0.1,0.2,0.2,0.2,64,310,1270,5491,,,
2026-09-24T04:55:26+00:00,214,209400,Kamada,8,31,Crystal Palace,Midfielder,5.0,0.0,0.0,a,,,,,0.5,4.5,4.5,4.5,2621,2476,49368,24093,,,
2026-09-24T04:55:26+00:00,215,489706,Devenny,8,31,Crystal Palace,Midfielder,5.0,0.0,0.0,u,Has joined Stoke City permanently,2026-09-02T15:41:07.346849Z,0,0,0.0,0.0,0.0,0.0,0,30,132,944,3,,
2026-09-24T04:55:26+00:00,216,606921,Esse,8,31,Crystal Palace,Midfielder,5.0,0.0,0.0,u,Has joined Millwall on loan for the rest of the season,2026-09-02T15:41:07.376544Z,0,0,0.0,0.0,0.0,0.0,0,98,399,3209,,,
2026-09-24T04:55:26+00:00,217,536694,M.França,8,31,Crystal Palace,Midfielder,4.9,0.0,-0.1,u,Has joined Alverca on loan for the rest of the season,2026-09-11T14:42:19.322912Z,0,0,0.0,0.0,0.0,0.0,0,123,1007,3405,,,
2026-09-24T04:55:26+00:00,218,438464,Doucouré,8,31,Crystal Palace,Midfielder,4.8,-0.1,-0.2,a,,,,,0.0,0.0,0.0,0.0,84,244,2058,4409,,,
2026-09-24T04:55:26+00:00,219,450542,J.Rak-Sakyi,8,31,Crystal Palace,Midfielder,4.9,0.0,-0.1,u,has joined  Kasimpasa on loan for the rest of the seaon.,2026-09-10T09:12:47.224598Z,0,0,0.0,0.0,0.0,0.0,0,18,145,460,,,
2026-09-24T04:55:26+00:00,220,590014,Cardines,8,31,Crystal Palace,Defender,4.5,0.0,0.0,u,Has joined Bristol City on loan for the rest of the season,2026-08-12T14:08:46.501813Z,0,0,0.0,0.0,0.0,0.0,0,3,0,128,,,
2026-09-24T04:55:26+00:00,221,672492,Drakes-Thomas,8,31,Crystal Palace,Midfielder,4.5,0.0,0.0,a,,,,,0.1,0.0,0.0,0.0,119,347,2667,4592,,,
2026-09-24T04:55:26+00:00,222,247412,Strand Larsen,8,31,Crystal Palace,Forward,6.0,0.0,0.0,a,,,,,0.6,3.2,3.2,3.2,3712,3213,48937,40267,,,
2026-09-24T04:55:26+00:00,223,231747,Mateta,8,31,Crystal Palace,Forward,6.3,0.0,-0.2,i,Hamstring injury - Expected back 11 Oct,2026-08-28T21:00:08.020382Z,0,0,1.3,0.0,0.0,0.0,163,7414,25916,452901,1,,
2026-09-24T04:55:26+00:00,224,205533,Nketiah,8,31,Crystal Palace,Forward,5.5,0.0,0.0,a,,2026-09-12T14:00:09.427136Z,100,100,0.5,1.8,1.8,1.8,988,2863,46969,49510,,,
2026-09-24T04:55:26+00:00,225,660392,Uche,8,31,Crystal Palace,Forward,5.0,0.0,0.0,u,has returned to Getafe CF,2026-07-23T12:18:56.275922Z,0,0,0.0,0.0,0.0,0.0,0,0,0,0,,,
2026-09-24T04:55:26+00:00,241,433154,McNeil,8,31,Crystal Palace,Midfielder,5.4,0.0,-0.1,a,,,,,0.1,0.2,0.2,0.2,53,397,1760,8126,,,
2026-09-24T04:55:26+00:00,555,169593,Matthews,8,31,Crystal Palace,Goalkeeper,4.0,0.0,0.0,a,,,,,1.7,0.0,0.0,0.0,892,2548,23076,30988,,,
2026-09-24T04:55:26+00:00,577,223723,Tomiyasu,8,31,Crystal Palace,Defender,4.4,0.0,-0.1,d,Calf injury - 75% chance of playing,2026-09-21T13:30:09.030724Z,,75,0.3,0.5,0.5,0.4,141,825,3470,12945,,,
2026-09-24T04:55:26+00:00,588,570794,Khalaili,8,31,Crystal Palace,Defender,5.0,0.0,0.0,a,,,,,0.3,4.5,4.5,4.5,1614,853,34307,15107,,,
2026-09-24T04:55:26+00:00,595,559152,Gozo,8,31,Crystal Palace,Midfielder,5.0,0.0,0.0,a,,,,,0.0,0.5,0.5,0.5,33,66,483,859,,,
2026-09-24T04:55:26+00:00,633,605972,Ahanor,8,31,Crystal Palace,Defender,4.5,0.0,0.0,a,,,,,0.0,1.0,1.0,1.0,113,96,1888,548,,,
2026-09-24T04:55:26+00:00,643,172850,Chilwell,8,31,Crystal Palace,Defender,4.5,0.0,0.0,a,,,,,0.4,2.7,2.7,2.7,461,2548,43015,17758,,,
2026-09-24T04:55:26+00:00,644,450063,Timber,8,31,Crystal Palace,Midfielder,5.0,0.0,0.0,a,,,,,0.0,3.0,3.0,3.0,379,255,4202,1447,,,
2026-09-24T04:55:26+00:00,647,533646,Osorio,8,31,Crystal Palace,Midfielder,5.5,0.0,0.0,a,,,,,0.0,0.3,0.3,0.3,18,61,937,397,,,
2026-09-24T04:55:26+00:00,21,128295,Nørgaard,9,11,Everton,Midfielder,4.9,0.0,-0.1,i,Groin injury - Unknown return date,2026-08-15T20:00:06.779594Z,0,0,0.0,0.0,0.0,0.0,31,253,471,7355,,,
2026-09-24T04:55:26+00:00,209,242898,Johnson,9,11,Everton,Midfielder,5.9,0.0,-0.1,a,,,,,0.1,2.0,2.0,2.0,299,596,5194,10311,,,
2026-09-24T04:55:26+00:00,226,111234,Pickford,9,11,Everton,Goalkeeper,5.5,0.0,0.0,a,,,,,9.1,4.5,4.5,4.5,24276,12054,291793,232173,,,
2026-09-24T04:55:26+00:00,227,229600,Travers,9,11,Everton,Goalkeeper,5.0,0.0,0.0,a,,,,,0.0,0.0,0.0,0.0,203,218,1761,2080,,,
2026-09-24T04:55:26+00:00,228,138001,King,9,11,Everton,Goalkeeper,4.5,0.0,0.0,a,,,,,0.0,0.0,0.0,0.0,90,136,1157,1703,,,
2026-09-24T04:55:26+00:00,229,17761,Tarkowski,9,11,Everton,Defender,6.1,0.0,0.1,a,,,,,16.0,9.2,9.2,9.2,184628,14747,895436,278333,,,
2026-09-24T04:55:26+00:00,230,480455,Branthwaite,9,11,Everton,Defender,5.5,0.0,0.0,a,,,,,2.4,5.2,5.2,5.2,16116,5311,136288,69776,,,
2026-09-24T04:55:26+00:00,231,106611,Keane,9,11,Everton,Defender,4.8,0.0,-0.2,a,,,,,0.7,0.0,0.0,0.0,325,3257,9230,90056,,,
2026-09-24T04:55:26+00:00,232,512462,O'Brien,9,11,Everton,Defender,4.8,-0.1,-0.2,a,,,,,0.3,0.5,0.5,0.5,273,936,4528,24407,,,
2026-09-24T04:55:26+00:00,233,224967,Mykolenko,9,11,Everton,Defender,4.6,0.1,0.1,a,,,,,4.2,5.2,5.2,5.2,37709,13650,408901,110103,,,
2026-09-24T04:55:26+00:00,234,243571,Patterson,9,11,Everton,Defender,4.5,0.0,0.0,u,Has joined Torino permanently,2026-09-02T16:05:23.326971Z,0,0,0.0,0.0,0.0,0.0,0,97,371,2410,,,
2026-09-24T04:55:26+00:00,235,499300,Aznou,9,11,Everton,Defender,4.0,0.0,0.0,u,Has joined Malaga on loan for the rest of the season,2026-09-01T13:23:16.934847Z,0,0,0.1,0.0,0.0,0.0,0,461,1728,11055,,,
2026-09-24T04:55:26+00:00,236,215413,Dewsbury-Hall,9,11,Everton,Midfielder,6.6,0.1,0.1,a,,,,,6.0,2.2,2.2,2.2,31440,38596,582204,317960,,,
2026-09-24T04:55:26+00:00,238,114283,Grealish,9,11,Everton,Midfielder,6.5,0.0,0.0,a,,2026-07-29T10:00:10.492904Z,100,100,0.5,1.2,1.2,1.2,2899,2502,39943,22786,,,
2026-09-24T04:55:26+00:00,239,232928,Garner,9,11,Everton,Midfielder,6.0,0.0,0.0,a,,2026-09-06T18:00:08.301702Z,100,100,0.2,2.5,2.5,2.5,1353,1672,20805,13572,2,,
2026-09-24T04:55:26+00:00,242,550615,George,9,11,Everton,Midfielder,5.5,0.0,0.0,a,,,,,0.9,4.0,4.0,4.0,2017,9628,106682,41292,,,
2026-09-24T04:55:26+00:00,243,502697,Alcaraz,9,11,Everton,Midfielder,4.9,0.0,-0.1,a,,,,,0.1,0.0,0.0,0.0,136,348,2837,5781,,,
2026-09-24T04:55:26+00:00,244,609873,Armstrong,9,11,Everton,Midfielder,5.0,0.0,0.0,a,,2026-09-17T08:30:08.942299Z,75,100,0.4,2.0,1.5,2.0,665,2947,53725,32301,,,
2026-09-24T04:55:26+00:00,245,496661,Dibling,9,11,Everton,Midfielder,5.4,0.0,-0.1,a,,,,,0.0,0.2,0.2,0.2,99,124,1154,2623,,,
2026-09-24T04:55:26+00:00,246,513466,Röhl,9,11,Everton,Midfielder,4.9,0.0,-0.1,i,Unspecified injury - Expected back 11 Oct,2026-09-16T18:00:09.541933Z,0,0,0.0,0.8,0.0,0.0,6,514,1961,4614,,,
2026-09-24T04:55:26+00:00,247,244860,Hackney,9,11,Everton,Midfielder,5.4,-0.1,-0.1,a,,2026-08-26T22:00:07.797766Z,100,100,0.2,1.8,1.8,1.8,167,949,3718,11789,,,
2026-09-24T04:55:26+00:00,248,486385,Beto,9,11,Everton,Forward,5.4,0.0,-0.1,u,Has joined Fiorentina permanently,2026-09-02T16:05:23.357221Z,0,0,0.6,0.2,0.0,0.0,0,6138,16222,218460,,,
2026-09-24T04:55:26+00:00,249,586309,Barry,9,11,Everton,Forward,5.6,0.0,0.1,a,,,,,8.2,3.0,3.0,3.0,64088,31449,946243,349625,1,,
2026-09-24T04:55:26+00:00,649,154043,Maitland-Niles,9,11,Everton,Defender,4.5,0.0,0.0,a,,,,,1.3,7.0,7.0,7.0,16429,3453,89461,13345,,,
2026-09-24T04:55:26+00:00,654,629068,Graham,9,11,Everton,Midfielder,4.5,0.0,0.0,a,,,,,0.1,0.0,0.0,0.0,196,858,11242,5163,,,
2026-09-24T04:55:26+00:00,250,80201,Leno,10,54,Fulham,Goalkeeper,4.5,0.0,0.0,a,,,,,3.3,4.0,4.0,4.0,30753,7791,141650,98833,,,
2026-09-24T04:55:26+00:00,251,86873,Lecomte,10,54,Fulham,Goalkeeper,4.0,0.0,0.0,a,,,,,1.1,0.0,0.0,0.0,2050,2011,24778,25446,,,
2026-09-24T04:55:26+00:00,252,505079,McNally,10,54,Fulham,Goalkeeper,4.0,0.0,0.0,u,Has joined York City on loan for the rest of the season,2026-09-01T13:25:11.231240Z,0,0,0.1,0.0,0.0,0.0,0,518,2589,6514,,,
2026-09-24T04:55:26+00:00,253,174874,Andersen,10,54,Fulham,Defender,5.0,0.0,0.0,a,,2026-07-23T12:01:23.516350Z,100,100,0.1,0.8,0.8,0.8,2259,898,14133,9008,,,
2026-09-24T04:55:26+00:00,254,169528,Robinson,10,54,Fulham,Defender,4.5,0.0,0.0,a,,,,,1.4,2.8,2.8,2.8,12993,5028,55478,69003,2,,
2026-09-24T04:55:26+00:00,255,246301,J.Cuenca,10,54,Fulham,Defender,4.5,0.0,0.0,a,,,,,0.0,0.0,0.0,0.0,50,86,1530,1979,,,
2026-09-24T04:55:26+00:00,256,167074,Tete,10,54,Fulham,Defender,4.4,0.0,-0.1,a,,2026-09-18T12:30:09.546158Z,0,100,0.2,0.0,0.0,0.0,38,941,1369,10386,,,
2026-09-24T04:55:26+00:00,257,232892,Bassey,10,54,Fulham,Defender,4.5,0.0,0.0,a,,,,,0.7,3.8,3.8,3.8,4028,1325,25042,29471,,,
2026-09-24T04:55:26+00:00,258,166477,Castagne,10,54,Fulham,Defender,4.5,0.0,0.0,a,,,,,0.9,3.5,3.5,3.5,12424,3760,89066,42489,,,
2026-09-24T04:55:26+00:00,261,153133,Iwobi,10,54,Fulham,Midfielder,5.4,0.0,-0.1,a,,,,,0.7,3.0,3.0,3.0,2590,2642,21510,55003,3,,
2026-09-24T04:55:26+00:00,262,209289,Smith Rowe,10,54,Fulham,Midfielder,5.4,0.0,-0.1,a,,,,,0.2,0.8,0.8,0.8,237,1128,4435,20787,,,
2026-09-24T04:55:26+00:00,263,560552,Kevin,10,54,Fulham,Midfielder,5.3,0.0,-0.2,a,,,,,0.0,0.8,0.8,0.8,162,222,1966,4159,,,
2026-09-24T04:55:26+00:00,264,477555,Bobb,10,54,Fulham,Midfielder,5.5,0.0,0.0,a,,,,,0.3,2.8,2.8,2.8,1702,1463,15705,20569,,,
2026-09-24T04:55:26+00:00,265,207189,Berge,10,54,Fulham,Midfielder,4.9,0.0,-0.1,a,,,,,0.3,2.2,2.2,2.2,485,1091,6216,17847,,,
2026-09-24T04:55:26+00:00,266,76357,Cairney,10,54,Fulham,Midfielder,4.9,0.0,-0.1,i,Knee injury - Expected back 10 Oct,2026-08-14T18:00:06.460944Z,0,0,0.0,0.0,0.0,0.0,7,19,108,330,,,
2026-09-24T04:55:26+00:00,268,577725,King,10,54,Fulham,Midfielder,5.5,0.0,0.0,a,,,,,2.5,4.2,4.2,4.2,70014,13895,314149,92463,,,
2026-09-24T04:55:26+00:00,269,184349,Sessegnon,10,54,Fulham,Defender,4.3,-0.1,-0.2,a,,2026-09-14T11:30:07.403957Z,75,100,0.3,0.5,0.4,0.5,216,1124,2659,18822,,,
2026-09-24T04:55:26+00:00,270,153366,Reed,10,54,Fulham,Midfielder,4.4,0.0,-0.1,a,,,,,1.1,0.0,0.0,0.0,2422,5792,35914,72017,,,
2026-09-24T04:55:26+00:00,271,244042,Muniz,10,54,Fulham,Forward,5.4,0.0,-0.1,a,,,,,0.4,0.5,0.5,0.5,1355,2273,15684,34714,,,
2026-09-24T04:55:26+00:00,272,631786,Kusi-Asare,10,54,Fulham,Forward,4.5,0.0,0.0,a,,,,,5.4,0.0,0.0,0.0,8759,28305,158230,296110,,,
2026-09-24T04:55:26+00:00,569,551466,Gonzalo,10,54,Fulham,Forward,6.0,0.0,0.0,a,,,,,3.8,2.0,2.0,2.0,49546,26431,411855,305816,1,,
2026-09-24T04:55:26+00:00,570,571779,Palacios,10,54,Fulham,Midfielder,5.4,0.0,-0.1,a,,,,,0.2,2.5,2.5,2.5,626,809,5915,10455,,,
2026-09-24T04:55:26+00:00,580,463210,Charles,10,54,Fulham,Midfielder,5.0,0.0,0.0,a,,,,,0.1,3.0,3.0,3.0,435,322,2165,3998,,,
2026-09-24T04:55:26+00:00,610,547686,De Fougerolles,10,54,Fulham,Defender,4.0,0.0,0.0,u,has joined  Real Salt Lake on loan for the rest of the seaon.,2026-08-28T11:30:08.336405Z,0,0,0.1,0.0,0.0,0.0,0,430,5787,5176,,,
2026-09-24T04:55:26+00:00,626,616069,Zepa,10,54,Fulham,Midfielder,4.5,0.0,0.0,a,,,,,0.3,0.0,0.0,0.0,106,1886,34273,18100,,,
2026-09-24T04:55:26+00:00,635,551050,Larsson,10,54,Fulham,Midfielder,5.0,0.0,0.0,a,,,,,0.0,1.0,1.0,1.0,75,59,820,292,,,
2026-09-24T04:55:26+00:00,636,500033,Ángel,10,54,Fulham,Midfielder,5.0,0.0,0.0,a,,,,,0.0,0.0,0.0,0.0,25,21,362,163,,,
2026-09-24T04:55:26+00:00,650,442299,Affengruber,10,54,Fulham,Defender,4.5,0.0,0.0,a,,,,,0.0,4.0,4.0,4.0,2339,523,5217,1145,,,
2026-09-24T04:55:26+00:00,240,490094,Iroegbunam,11,88,Hull City,Midfielder,5.0,0.0,0.0,a,,2026-08-15T20:00:06.878792Z,100,100,0.0,0.5,0.5,0.5,68,117,1106,1131,,,
2026-09-24T04:55:26+00:00,273,167825,Phillips,11,88,Hull City,Goalkeeper,4.0,0.0,0.0,a,,,,,1.4,0.0,0.0,0.0,2407,2795,28532,37678,,,
2026-09-24T04:55:26+00:00,274,105666,Butland,11,88,Hull City,Goalkeeper,4.4,-0.1,-0.1,i,Arm injury - Unknown return date,2026-08-08T19:00:05.601633Z,0,0,0.1,0.0,0.0,0.0,57,256,626,4869,,,
2026-09-24T04:55:26+00:00,275,494950,Cartwright,11,88,Hull City,Goalkeeper,4.0,0.0,0.0,u,Has joined Grimsby Town on loan for the rest of the season,2026-07-29T13:00:27.959925Z,0,0,0.0,0.0,0.0,0.0,0,22,0,324,,,
2026-09-24T04:55:26+00:00,276,444307,Lo-Tutala,11,88,Hull City,Goalkeeper,4.0,0.0,0.0,u,Has joined Colchester United on loan for the rest of the season,2026-08-17T13:50:27.125537Z,0,0,0.0,0.0,0.0,0.0,0,97,0,1091,,,
2026-09-24T04:55:26+00:00,277,108416,Egan,11,88,Hull City,Defender,4.1,0.0,0.1,a,,,,,7.0,4.5,4.5,4.5,23201,24273,746360,211194,,,
2026-09-24T04:55:26+00:00,278,501902,Hughes,11,88,Hull City,Defender,3.9,0.0,-0.1,i,Groin injury - Unknown return date,2026-08-02T09:00:11.030017Z,0,0,0.2,0.0,0.0,0.0,961,1529,16750,12496,,,
2026-09-24T04:55:26+00:00,279,146426,Ajayi,11,88,Hull City,Defender,4.2,0.0,0.2,a,,2026-08-22T17:30:07.668197Z,100,100,14.0,3.2,3.2,3.2,38358,49784,1349743,300286,,,
2026-09-24T04:55:26+00:00,280,193278,Coyle,11,88,Hull City,Defender,4.0,0.0,0.0,a,,2026-08-29T16:30:08.151841Z,100,100,0.7,2.0,2.0,2.0,1770,1673,27342,25481,,,
2026-09-24T04:55:26+00:00,281,433590,Drameh,11,88,Hull City,Defender,4.0,0.0,0.0,u,Has joined Genoa permanently,2026-09-02T16:09:06.479140Z,0,0,0.0,0.2,0.0,0.0,0,204,2118,4457,,,
2026-09-24T04:55:26+00:00,282,232351,Giles,11,88,Hull City,Defender,4.0,0.0,0.0,a,,,,,2.9,4.5,4.5,4.5,18799,11340,275616,63631,,,
2026-09-24T04:55:26+00:00,283,449428,Jacob,11,88,Hull City,Defender,4.0,0.0,0.0,u,Has joined Newport County on loan until January,2026-08-02T09:00:11.038361Z,0,0,0.0,0.0,0.0,0.0,0,29,114,686,,,
2026-09-24T04:55:26+00:00,284,661800,McCarthy,11,88,Hull City,Defender,4.0,0.0,0.0,a,,,,,0.1,0.0,0.0,0.0,324,372,4858,4524,,,
2026-09-24T04:55:26+00:00,285,160817,McNair,11,88,Hull City,Defender,4.0,0.0,0.0,a,,2026-09-09T13:30:08.327907Z,100,100,0.1,0.0,0.0,0.0,161,349,3114,4658,,,
2026-09-24T04:55:26+00:00,286,540324,Belloumi,11,88,Hull City,Midfielder,5.1,0.0,0.1,a,,,,,4.9,7.0,7.0,7.0,63313,20181,493249,80219,,,
2026-09-24T04:55:26+00:00,287,232905,Millar,11,88,Hull City,Midfielder,5.0,0.0,0.0,u,Has joined Birmingham on loan for the rest of the season,2026-09-02T15:36:41.038103Z,0,0,0.0,1.5,0.0,0.0,0,245,3178,7465,,,
2026-09-24T04:55:26+00:00,288,171270,Dowell,11,88,Hull City,Midfielder,4.5,0.0,0.0,a,,,,,0.3,0.0,0.0,0.0,499,1701,12256,21284,,,
2026-09-24T04:55:26+00:00,289,101282,Crooks,11,88,Hull City,Midfielder,4.4,-0.1,-0.1,a,,2026-08-29T15:00:08.569326Z,100,100,0.5,0.2,0.2,0.2,4355,3528,23714,39757,,,
2026-09-24T04:55:26+00:00,290,243413,Slater,11,88,Hull City,Midfielder,4.5,0.0,0.0,a,,,,,5.3,2.2,2.2,2.2,13183,32087,496116,273086,,,
2026-09-24T04:55:26+00:00,291,465525,Matazo,11,88,Hull City,Midfielder,4.5,0.0,0.0,i,Knee injury - Unknown return date,2026-07-23T12:01:23.532635Z,0,0,0.0,0.0,0.0,0.0,27,50,378,488,,,
2026-09-24T04:55:26+00:00,292,208481,Ömür,11,88,Hull City,Midfielder,4.9,0.0,-0.1,a,,,,,0.0,0.0,0.0,0.0,74,125,1192,1606,,,
2026-09-24T04:55:26+00:00,293,490161,Kamara,11,88,Hull City,Midfielder,5.0,0.0,0.0,u,Has joined Portsmouth permanently,2026-08-12T14:08:23.542043Z,0,0,0.0,0.0,0.0,0.0,0,11,0,373,,,
2026-09-24T04:55:26+00:00,294,553783,Zambrano,11,88,Hull City,Midfielder,4.5,0.0,0.0,a,,2026-08-04T18:30:11.016909Z,100,100,0.1,0.0,0.0,0.0,120,425,3849,6754,,,
2026-09-24T04:55:26+00:00,295,169432,McBurnie,11,88,Hull City,Forward,5.5,0.0,0.0,a,,,,,1.9,2.0,2.0,2.0,6287,15623,187273,150970,1,,
2026-09-24T04:55:26+00:00,296,213292,Akintola,11,88,Hull City,Midfielder,5.0,0.0,0.0,u,Has joined Omonoia FC permanently,2026-09-11T14:42:38.120231Z,0,0,0.0,0.0,0.0,0.0,0,225,2704,4838,,,
2026-09-24T04:55:26+00:00,297,470294,Gyabi,11,88,Hull City,Midfielder,4.4,-0.1,-0.1,i,Thigh injury - Unknown return date,2026-08-04T18:30:11.027155Z,0,0,0.0,0.0,0.0,0.0,37,107,426,1575,,,
2026-09-24T04:55:26+00:00,298,500957,Destan,11,88,Hull City,Forward,4.5,0.0,0.0,u,Has joined Konyaspor permanently,2026-08-17T13:50:27.145733Z,0,0,0.2,0.0,0.0,0.0,0,1081,0,22034,,,
2026-09-24T04:55:26+00:00,299,534392,Burstow,11,88,Hull City,Forward,4.5,0.0,0.0,u,Has joined Sheffield Wednesday on loan for the rest of the season,2026-08-03T14:05:20.234842Z,0,0,0.0,0.0,0.0,0.0,0,193,0,3043,,,
2026-09-24T04:55:26+00:00,340,462635,Gelhardt,11,88,Hull City,Midfielder,5.0,0.0,0.0,a,,2026-08-17T21:30:07.799839Z,100,100,0.0,0.2,0.2,0.2,78,94,688,1001,,,
2026-09-24T04:55:26+00:00,556,169359,Targett,11,88,Hull City,Defender,4.0,0.0,0.0,d,Ankle injury - 75% chance of playing,2026-09-17T14:00:26.419938Z,75,75,1.6,0.0,0.0,0.0,90,8372,24814,85648,,,
2026-09-24T04:55:26+00:00,563,445028,Morita,11,88,Hull City,Midfielder,5.0,0.0,0.0,i,Calf injury - Expected back 11 Oct,2026-09-09T14:00:08.474217Z,0,0,0.0,0.2,0.0,0.0,10,125,713,1721,,,
2026-09-24T04:55:26+00:00,572,473284,Tzolakis,11,88,Hull City,Goalkeeper,4.6,0.0,0.1,a,,,,,12.5,6.0,6.0,6.0,99860,16547,971188,212197,,,
2026-09-24T04:55:26+00:00,574,552946,Hjertø-Dahl,11,88,Hull City,Midfielder,4.9,0.0,-0.1,a,,,,,0.1,0.2,0.2,0.2,64,275,1425,4395,,,
2026-09-24T04:55:26+00:00,576,608227,Stroud,11,88,Hull City,Midfielder,5.0,0.0,0.0,a,,,,,0.1,1.0,1.0,1.0,109,392,3631,4615,,,
2026-09-24T04:55:26+00:00,585,597462,Herrington,11,88,Hull City,Defender,4.0,0.0,0.0,a,,,,,0.6,1.0,1.0,1.0,868,1370,12667,18257,,,
2026-09-24T04:55:26+00:00,586,606930,Mendy,11,88,Hull City,Defender,4.1,0.0,0.1,a,,2026-09-12T18:00:09.334142Z,0,100,6.3,2.5,0.0,2.5,5649,30510,681941,355493,,,
2026-09-24T04:55:26+00:00,589,469266,Gourna-Douath,11,88,Hull City,Midfielder,5.0,0.0,0.0,a,,,,,0.0,1.0,1.0,1.0,29,91,698,1326,,,
2026-09-24T04:55:26+00:00,617,490884,Cho,11,88,Hull City,Midfielder,5.0,0.0,0.0,a,,,,,0.0,2.2,2.2,2.2,292,121,1728,733,,,
2026-09-24T04:55:26+00:00,632,626751,Ansah,11,88,Hull City,Forward,5.0,0.0,0.0,i,Back injury - Unknown return date,2026-09-09T10:00:08.919489Z,0,0,0.0,0.0,0.0,0.0,54,350,5101,3430,,,
2026-09-24T04:55:26+00:00,637,631000,Vaz,11,88,Hull City,Forward,5.0,0.0,0.0,a,,,,,0.1,0.7,0.7,0.7,1493,980,11998,3801,,,
2026-09-24T04:55:26+00:00,638,496181,Norton-Cuffy,11,88,Hull City,Defender,4.0,0.0,0.0,d,Hamstring injury - 75% chance of playing,2026-09-21T08:30:09.561308Z,,75,0.2,0.3,0.3,0.2,438,2058,26054,9884,,,
2026-09-24T04:55:26+00:00,642,243951,Thomas,11,88,Hull City,Midfielder,5.5,0.0,0.0,a,,,,,0.0,1.3,1.3,1.3,374,284,2978,1133,,,
2026-09-24T04:55:26+00:00,645,647839,Mouzakitis,11,88,Hull City,Midfielder,5.0,0.0,0.0,a,,,,,0.0,0.0,0.0,0.0,66,78,758,304,,,
2026-09-24T04:55:26+00:00,259,219924,Diop,12,40,Ipswich Town,Defender,4.0,0.0,0.0,a,,,,,12.8,2.5,2.5,2.5,5890,46990,134927,499612,,,
2026-09-24T04:55:26+00:00,267,212314,Lukić,12,40,Ipswich Town,Midfielder,4.9,-0.1,-0.1,a,,,,,0.1,1.5,1.5,1.5,162,441,3390,6394,,,
2026-09-24T04:55:26+00:00,300,108813,Walton,12,40,Ipswich Town,Goalkeeper,4.4,0.0,-0.1,a,,,,,0.4,0.5,0.5,0.5,1374,774,3059,14687,,,
2026-09-24T04:55:26+00:00,301,112520,Palmer,12,40,Ipswich Town,Goalkeeper,4.0,0.0,0.0,a,,,,,3.9,0.0,0.0,0.0,3295,10018,73891,111257,,,
2026-09-24T04:55:26+00:00,302,50093,Button,12,40,Ipswich Town,Goalkeeper,4.0,0.0,0.0,a,,,,,0.6,0.0,0.0,0.0,1242,1087,31252,14939,,,
2026-09-24T04:55:26+00:00,303,183015,Kipré,12,40,Ipswich Town,Defender,3.9,0.0,-0.1,a,,,,,0.9,0.0,0.0,0.0,3787,3608,48408,28355,,,
2026-09-24T04:55:26+00:00,304,216616,O'Shea,12,40,Ipswich Town,Defender,4.0,0.0,0.0,a,,,,,2.7,1.5,1.5,1.5,1571,11891,64990,125234,,,
2026-09-24T04:55:26+00:00,305,455084,Davis,12,40,Ipswich Town,Defender,4.0,0.0,0.0,a,,,,,6.9,5.8,5.8,5.8,41457,21273,361660,178889,,,
2026-09-24T04:55:26+00:00,306,449429,Greaves,12,40,Ipswich Town,Defender,4.0,0.0,0.0,a,,,,,1.1,0.2,0.2,0.2,390,2803,8126,37544,,,
2026-09-24T04:55:26+00:00,307,222018,Johnson,12,40,Ipswich Town,Defender,4.0,0.0,0.0,u,Has joined Stoke City on loan for the rest of the season,2026-09-04T12:36:56.236331Z,0,0,0.1,0.0,0.0,0.0,0,303,1137,6250,,,
2026-09-24T04:55:26+00:00,308,176420,Furlong,12,40,Ipswich Town,Defender,3.9,0.0,-0.1,a,,,,,0.6,0.2,0.2,0.2,5399,2253,18036,19030,,,
2026-09-24T04:55:26+00:00,309,501390,Núñez,12,40,Ipswich Town,Midfielder,4.9,0.0,-0.1,a,,,,,0.1,0.5,0.5,0.5,72,529,3089,7536,,,
2026-09-24T04:55:26+00:00,310,241117,Matusiwa,12,40,Ipswich Town,Midfielder,4.9,0.0,-0.1,a,,2026-07-29T18:00:10.305484Z,100,100,0.0,0.0,0.0,0.0,13,15,124,276,,,
2026-09-24T04:55:26+00:00,311,149929,Burns,12,40,Ipswich Town,Midfielder,5.0,0.0,0.0,u,Has joined Leicester City permanently,2026-08-10T14:02:47.597478Z,0,0,0.0,0.0,0.0,0.0,0,7,0,346,,,
2026-09-24T04:55:26+00:00,312,231899,Taylor,12,40,Ipswich Town,Midfielder,4.4,-0.1,-0.1,i,Knee injury - Unknown return date,2026-07-29T18:00:10.319370Z,0,0,0.0,0.0,0.0,0.0,314,210,890,2591,,,
2026-09-24T04:55:26+00:00,313,443261,Clarke,12,40,Ipswich Town,Midfielder,5.4,0.0,-0.1,a,,,,,0.2,1.0,1.0,1.0,104,790,5455,15584,1,,
2026-09-24T04:55:26+00:00,314,229164,Ogbene,12,40,Ipswich Town,Midfielder,4.9,0.0,-0.1,u,Has joined Lincoln City on loan until January,2026-09-02T16:04:17.497385Z,0,0,0.0,0.0,0.0,0.0,0,54,104,1196,,,
2026-09-24T04:55:26+00:00,315,531442,Fatawu,12,40,Ipswich Town,Midfielder,5.4,0.0,-0.1,s,Suspended until 17 Oct,2026-09-19T15:30:10.126897Z,,0,0.2,1.5,1.5,0.0,50,2135,5352,12979,,,
2026-09-24T04:55:26+00:00,316,543968,Emersonn,12,40,Ipswich Town,Forward,5.5,0.0,0.0,a,,2026-08-31T09:30:08.306145Z,100,100,3.5,4.2,4.2,4.2,27778,19641,311476,138915,2,,
2026-09-24T04:55:26+00:00,317,222625,Hirst,12,40,Ipswich Town,Forward,5.0,0.0,0.0,u,Has joined Stoke City permanently,2026-08-21T13:06:08.606019Z,0,0,0.1,0.0,0.0,0.0,0,379,0,17009,,,
2026-09-24T04:55:26+00:00,318,481624,Philogene,12,40,Ipswich Town,Midfielder,5.4,0.0,-0.1,a,,2026-08-25T11:30:07.532993Z,100,100,0.1,0.5,0.5,0.5,24,129,292,9253,3,,
2026-09-24T04:55:26+00:00,319,172453,Szmodics,12,40,Ipswich Town,Midfielder,5.0,0.0,0.0,u,Has joined Derby County on loan for the rest of the season,2026-08-17T13:51:41.713979Z,0,0,0.0,0.0,0.0,0.0,0,6,0,753,,,
2026-09-24T04:55:26+00:00,320,147675,Akpom,12,40,Ipswich Town,Forward,5.0,0.0,0.0,a,,,,,1.2,1.5,1.5,1.5,4298,8331,130254,72764,,,
2026-09-24T04:55:26+00:00,321,557012,Walle Egeli,12,40,Ipswich Town,Forward,4.5,0.0,0.0,a,,,,,3.5,0.0,0.0,0.0,14973,22672,327594,207159,,,
2026-09-24T04:55:26+00:00,322,462387,Al-Hamadi,12,40,Ipswich Town,Forward,5.0,0.0,0.0,u,Has joined Sheffield Wednesday on loan for the rest of the season,2026-08-27T14:54:10.215357Z,0,0,0.1,0.0,0.0,0.0,0,311,755,9856,,,
2026-09-24T04:55:26+00:00,323,461587,McAteer,12,40,Ipswich Town,Midfielder,4.4,-0.1,-0.1,a,,,,,1.0,0.5,0.5,0.5,843,5492,27587,61339,,,
2026-09-24T04:55:26+00:00,324,232457,Mehmeti,12,40,Ipswich Town,Midfielder,4.8,-0.1,-0.2,a,,,,,0.0,0.0,0.0,0.0,56,117,382,2448,,,
2026-09-24T04:55:26+00:00,554,546600,Van Oevelen,12,40,Ipswich Town,Goalkeeper,4.5,0.0,0.0,u,Has joined Valencia on loan for the rest of the season,2026-08-25T14:04:09.529320Z,0,0,0.0,0.0,0.0,0.0,0,68,54,1942,,,
2026-09-24T04:55:26+00:00,562,442967,Maeda,12,40,Ipswich Town,Midfielder,5.3,-0.1,-0.2,a,,,,,0.2,1.5,1.5,1.5,105,1292,2833,20062,,,
2026-09-24T04:55:26+00:00,564,240514,Scherpen,12,40,Ipswich Town,Goalkeeper,4.5,0.0,0.0,a,,,,,0.6,1.2,1.2,1.2,485,2069,15052,22646,,,
2026-09-24T04:55:26+00:00,571,216055,Florentino,12,40,Ipswich Town,Midfielder,4.8,-0.1,-0.2,a,,2026-08-25T11:30:07.678802Z,100,100,0.1,0.5,0.5,0.5,85,274,1030,7005,,,
2026-09-24T04:55:26+00:00,591,474120,Enciso,12,40,Ipswich Town,Midfielder,5.5,0.0,0.0,a,,2026-08-22T18:00:07.551930Z,100,100,0.8,2.5,2.5,2.5,1742,5333,93305,51622,,,
2026-09-24T04:55:26+00:00,592,572584,Ouattara,12,40,Ipswich Town,Defender,4.0,0.0,0.0,a,,,,,0.9,1.2,1.2,1.2,578,1714,13363,25850,,,
2026-09-24T04:55:26+00:00,602,524180,Humphreys,12,40,Ipswich Town,Midfielder,4.5,0.0,0.0,u,Has joined Huddersfield Town on loan for the rest of the season,2026-09-02T16:04:17.524642Z,0,0,0.0,0.0,0.0,0.0,0,200,2861,3194,,,
2026-09-24T04:55:26+00:00,619,218543,Palacios,12,40,Ipswich Town,Midfielder,5.0,0.0,0.0,a,,,,,0.1,2.8,2.8,2.8,430,705,8918,3315,,,
2026-09-24T04:55:26+00:00,640,431639,Flemming,12,40,Ipswich Town,Forward,5.5,0.0,0.0,a,,,,,0.1,2.0,2.0,2.0,714,845,9076,3067,,,
2026-09-24T04:55:26+00:00,260,153682,Wilson,13,2,Leeds,Midfielder,6.2,0.0,-0.3,i,Thigh injury - Unknown return date,2026-09-18T13:30:09.626858Z,0,0,1.7,0.5,0.0,0.0,56,35107,29027,451809,,,
2026-09-24T04:55:26+00:00,326,201595,Perri,13,2,Leeds,Goalkeeper,4.5,0.0,0.0,u,Has joined Torino on loan for the rest of the season,2026-09-01T13:12:39.210133Z,0,0,0.3,0.0,0.0,0.0,0,1029,532,26229,,,
2026-09-24T04:55:26+00:00,327,434752,Bijol,13,2,Leeds,Defender,5.0,0.0,0.0,a,,,,,0.7,0.5,0.5,0.5,675,4672,68977,58287,,,
2026-09-24T04:55:26+00:00,329,214225,Rodon,13,2,Leeds,Defender,4.3,-0.1,-0.2,i,Hamstring injury - Expected back 21 Nov,2026-08-30T16:00:08.564382Z,0,0,0.8,0.2,0.0,0.0,39,7686,26933,295691,,,
2026-09-24T04:55:26+00:00,330,226182,Bogle,13,2,Leeds,Defender,4.6,0.0,0.1,a,,,,,6.9,9.0,9.0,9.0,103329,19650,629902,78858,,,
2026-09-24T04:55:26+00:00,331,243526,Gudmundsson,13,2,Leeds,Defender,4.5,0.0,0.0,a,,2026-08-08T20:00:07.546568Z,100,100,0.1,3.5,3.5,3.5,401,239,3999,2669,,,
2026-09-24T04:55:26+00:00,332,220627,Justin,13,2,Leeds,Defender,4.5,0.0,0.0,a,,,,,1.5,4.0,4.0,4.0,3323,4785,120595,69698,,,
2026-09-24T04:55:26+00:00,333,437738,Bornauw,13,2,Leeds,Defender,4.5,0.0,0.0,u,Has joined Hamburg SV on loan for the rest of the season,2026-08-19T13:56:14.645970Z,0,0,0.0,0.0,0.0,0.0,0,4,0,298,,,
2026-09-24T04:55:26+00:00,334,522047,Muharemović,13,2,Leeds,Defender,5.0,0.0,0.0,a,,,,,4.3,5.2,5.2,5.2,21796,17652,293081,166536,,,
2026-09-24T04:55:26+00:00,335,466525,Stach,13,2,Leeds,Midfielder,6.0,0.0,0.0,a,,,,,2.5,3.5,3.5,3.5,3935,16851,201278,161584,,,
2026-09-24T04:55:26+00:00,336,435997,Okafor,13,2,Leeds,Midfielder,5.8,0.0,-0.2,a,,,,,0.4,4.2,4.2,4.2,1443,2867,26550,34653,,,
2026-09-24T04:55:26+00:00,337,427637,Aaronson,13,2,Leeds,Midfielder,5.3,-0.1,-0.2,a,,,,,0.5,1.0,1.0,1.0,168,2892,6731,47621,,,
2026-09-24T04:55:26+00:00,338,199598,Ampadu,13,2,Leeds,Midfielder,5.4,0.0,-0.1,a,,,,,0.9,4.0,4.0,4.0,1248,4095,17681,59774,,,
2026-09-24T04:55:26+00:00,339,180135,Longstaff,13,2,Leeds,Midfielder,4.9,0.0,-0.1,a,,,,,0.1,0.2,0.2,0.2,106,536,2479,8020,,,
2026-09-24T04:55:26+00:00,341,492859,Gnonto,13,2,Leeds,Midfielder,5.0,0.0,0.0,u,Has joined ACF Fiorentina on loan for the rest of the season,2026-09-02T16:04:47.189648Z,0,0,0.0,0.0,0.0,0.0,0,45,244,1803,,,
2026-09-24T04:55:26+00:00,342,221399,Harrison,13,2,Leeds,Midfielder,5.0,0.0,0.0,u,Has joined New England Revolution permanently,2026-07-28T12:59:09.492431Z,0,0,0.0,0.0,0.0,0.0,0,5,0,79,,,
2026-09-24T04:55:26+00:00,343,200617,James,13,2,Leeds,Midfielder,4.9,0.0,-0.1,a,,,,,0.1,0.8,0.8,0.8,159,483,4128,7933,,,
2026-09-24T04:55:26+00:00,344,486520,Gruev,13,2,Leeds,Midfielder,5.0,0.0,0.0,a,,2026-08-14T23:00:06.272027Z,100,100,0.0,0.0,0.0,0.0,41,12,120,307,,,
2026-09-24T04:55:26+00:00,345,248056,Tanaka,13,2,Leeds,Midfielder,4.9,0.0,-0.1,a,,,,,0.3,3.5,3.5,3.5,1786,1891,22304,17126,,,
2026-09-24T04:55:26+00:00,346,177815,Calvert-Lewin,13,2,Leeds,Forward,6.0,0.0,0.0,a,,,,,24.9,5.2,5.2,5.2,76672,144677,993301,1297619,1,,
2026-09-24T04:55:26+00:00,347,174594,Nmecha,13,2,Leeds,Forward,5.4,0.0,-0.1,a,,,,,0.5,1.8,1.8,1.8,1555,3179,21749,36600,2,,
2026-09-24T04:55:26+00:00,348,235826,Piroe,13,2,Leeds,Forward,5.0,0.0,0.0,u,Has joined West Ham United on loan for the rest of the season,2026-08-19T13:56:14.666726Z,0,0,0.1,0.0,0.0,0.0,0,358,0,11153,3,,
2026-09-24T04:55:26+00:00,349,565297,Mateo Joseph,13,2,Leeds,Forward,4.5,0.0,0.0,i,Knee injury - Unknown return date,2026-07-29T18:00:10.338170Z,0,0,0.1,0.0,0.0,0.0,258,403,3044,4377,,,
2026-09-24T04:55:26+00:00,385,432720,Trafford,13,2,Leeds,Goalkeeper,5.0,0.0,0.0,a,,,,,5.5,4.8,4.8,4.8,16792,11762,258763,156107,,,
2026-09-24T04:55:26+00:00,598,173774,Elvedi,13,2,Leeds,Defender,4.5,0.0,0.0,a,,,,,0.1,3.2,3.2,3.2,182,172,5297,2731,,,
2026-09-24T04:55:26+00:00,603,643970,Lienou,13,2,Leeds,Defender,4.0,0.0,0.0,a,,,,,0.1,0.0,0.0,0.0,203,432,6876,3899,,,
2026-09-24T04:55:26+00:00,604,592740,Cresswell,13,2,Leeds,Midfielder,4.5,0.0,0.0,a,,,,,0.1,0.0,0.0,0.0,253,765,14009,7793,,,
2026-09-24T04:55:26+00:00,625,97846,Cairns,13,2,Leeds,Goalkeeper,4.0,0.0,0.0,a,,,,,0.2,0.0,0.0,0.0,715,643,19674,5801,,,
2026-09-24T04:55:26+00:00,629,155465,Zetterer,13,2,Leeds,Goalkeeper,4.0,0.0,0.0,a,,,,,0.7,0.0,0.0,0.0,2578,2298,58018,13673,,,
2026-09-24T04:55:26+00:00,641,437497,Bard,13,2,Leeds,Defender,4.5,0.0,0.0,a,,,,,0.0,0.3,0.3,0.3,83,66,945,342,,,
2026-09-24T04:55:26+00:00,648,587982,Bahoya,13,2,Leeds,Midfielder,5.0,0.0,0.0,a,,,,,0.0,0.3,0.3,0.3,88,152,2220,1120,,,
2026-09-24T04:55:26+00:00,350,116535,A.Becker,14,14,Liverpool,Goalkeeper,5.5,0.0,0.0,a,,,,,4.0,6.2,6.2,6.2,9584,9274,142902,142798,,,
2026-09-24T04:55:26+00:00,351,449027,Mamardashvili,14,14,Liverpool,Goalkeeper,4.9,0.0,-0.1,a,,,,,0.1,0.0,0.0,0.0,207,496,2819,8514,,,
2026-09-24T04:55:26+00:00,352,155503,Woodman,14,14,Liverpool,Goalkeeper,4.0,0.0,0.0,a,,,,,1.0,0.0,0.0,0.0,658,1951,18152,26809,,,
2026-09-24T04:55:26+00:00,353,586268,Pecsi,14,14,Liverpool,Goalkeeper,4.0,0.0,0.0,u,Has joined TSV Hartberg on loan for the rest of the season,2026-08-18T14:11:18.638344Z,0,0,0.0,0.0,0.0,0.0,0,51,0,1078,,,
2026-09-24T04:55:26+00:00,354,432987,Jaros,14,14,Liverpool,Goalkeeper,4.0,0.0,0.0,i,Knee injury - Unknown return date,2026-07-29T18:00:10.351066Z,0,0,0.0,0.0,0.0,0.0,173,128,1720,1214,,,
2026-09-24T04:55:26+00:00,355,464353,Davies,14,14,Liverpool,Goalkeeper,4.0,0.0,0.0,a,,,,,0.2,0.0,0.0,0.0,241,378,4693,4158,,,
2026-09-24T04:55:26+00:00,356,97032,Virgil,14,14,Liverpool,Defender,6.5,0.0,0.0,a,,,,,16.2,5.8,5.8,5.8,16831,36061,273847,608694,,,
2026-09-24T04:55:26+00:00,357,216094,Frimpong,14,14,Liverpool,Defender,5.3,0.0,-0.2,a,,,,,1.8,0.5,0.5,0.5,1305,10675,58648,244060,,,
2026-09-24T04:55:26+00:00,358,544877,Kerkez,14,14,Liverpool,Defender,5.4,0.0,-0.1,a,,,,,2.2,3.2,3.2,3.2,2117,8460,47134,185832,,,
2026-09-24T04:55:26+00:00,359,171287,Gomez,14,14,Liverpool,Defender,4.9,0.0,-0.1,a,,2026-07-26T08:30:10.078473Z,100,100,0.0,0.0,0.0,0.0,257,98,677,1162,,,
2026-09-24T04:55:26+00:00,360,492777,Bradley,14,14,Liverpool,Defender,5.0,0.0,0.0,i,Knee injury - Unknown return date,2026-07-23T12:01:23.565711Z,0,0,0.0,0.0,0.0,0.0,39,58,356,770,,,
2026-09-24T04:55:26+00:00,361,519440,Lucky,14,14,Liverpool,Defender,4.0,0.0,0.0,a,,,,,0.1,0.0,0.0,0.0,232,439,3809,5664,,,
2026-09-24T04:55:26+00:00,362,606702,Jacquet,14,14,Liverpool,Defender,5.0,0.0,0.0,a,,2026-07-23T12:01:23.581126Z,100,100,3.4,5.8,5.8,5.8,26926,10554,224808,120587,,,
2026-09-24T04:55:26+00:00,363,647681,Leoni,14,14,Liverpool,Defender,4.0,0.0,0.0,i,Knee injury - Unknown return date,2026-07-23T12:01:23.596909Z,0,0,0.0,0.0,0.0,0.0,55,150,856,2081,,,
2026-09-24T04:55:26+00:00,364,214285,Tsimikas,14,14,Liverpool,Defender,4.9,0.0,-0.1,a,,,,,0.1,0.5,0.5,0.5,64,331,1551,4357,,,
2026-09-24T04:55:26+00:00,365,489580,Ramsay,14,14,Liverpool,Defender,4.0,0.0,0.0,u,Has joined St Mirren on loan for the rest of the season,2026-08-26T14:05:26.748768Z,0,0,0.1,0.0,0.0,0.0,0,374,638,12603,,,
2026-09-24T04:55:26+00:00,366,494595,Wirtz,14,14,Liverpool,Midfielder,7.3,0.0,-0.2,a,,,,,5.8,4.0,4.0,4.0,2264,36746,132532,760143,4,,
2026-09-24T04:55:26+00:00,367,243298,Gakpo,14,14,Liverpool,Midfielder,7.2,0.0,0.2,a,,2026-09-09T18:30:08.772955Z,100,100,12.6,5.0,5.0,5.0,43237,67838,1329649,695435,3,,
2026-09-24T04:55:26+00:00,368,424876,Szoboszlai,14,14,Liverpool,Midfielder,7.0,0.0,0.0,a,,,,,33.0,3.0,3.0,3.0,28906,183173,921265,1651331,1,,
2026-09-24T04:55:26+00:00,369,611922,Ngumoha,14,14,Liverpool,Midfielder,5.7,-0.1,-0.3,a,,,,,0.5,0.5,0.5,0.5,614,3599,14392,88625,,,
2026-09-24T04:55:26+00:00,370,223541,Chiesa,14,14,Liverpool,Midfielder,5.3,-0.1,-0.2,i,Back injury - Unknown return date,2026-08-27T13:30:07.598926Z,0,0,0.0,0.0,0.0,0.0,13,200,678,10033,,,
2026-09-24T04:55:26+00:00,371,441266,Gravenberch,14,14,Liverpool,Midfielder,5.8,-0.1,-0.2,a,,,,,1.1,1.0,1.0,1.0,981,7726,35519,129079,,,
2026-09-24T04:55:26+00:00,372,243016,Mac Allister,14,14,Liverpool,Midfielder,5.4,0.0,-0.1,a,,,,,1.3,2.5,2.5,2.5,3217,5724,44837,95438,5,,
2026-09-24T04:55:26+00:00,373,206915,C.Jones,14,14,Liverpool,Midfielder,5.5,0.0,0.0,u,Has joined Internazionale permanently,2026-08-16T18:30:07.426408Z,0,0,0.0,0.0,0.0,0.0,0,48,34,2635,,,
2026-09-24T04:55:26+00:00,374,158983,Endo,14,14,Liverpool,Midfielder,4.9,0.0,-0.1,a,,2026-07-23T12:01:23.612529Z,100,100,0.1,0.0,0.0,0.0,130,356,2293,4722,,,
2026-09-24T04:55:26+00:00,375,591386,Nyoni,14,14,Liverpool,Midfielder,4.9,0.0,-0.1,a,,,,,0.0,0.8,0.8,0.8,64,258,1321,3003,,,
2026-09-24T04:55:26+00:00,376,535928,Bajcetic,14,14,Liverpool,Midfielder,5.0,0.0,0.0,u,Has joined Celta Vigo permanently,2026-07-23T12:01:23.628373Z,0,0,0.0,0.0,0.0,0.0,0,1,19,105,,,
2026-09-24T04:55:26+00:00,377,551499,Munoz,14,14,Liverpool,Midfielder,6.5,0.0,0.0,a,,,,,0.9,2.8,2.8,2.8,1131,10069,117114,100411,,,
2026-09-24T04:55:26+00:00,378,491501,McConnell,14,14,Liverpool,Midfielder,4.4,0.0,-0.1,a,,,,,0.2,0.0,0.0,0.0,894,1208,6769,12665,,,
2026-09-24T04:55:26+00:00,379,219168,Isak,14,14,Liverpool,Forward,9.1,0.0,0.1,a,,,,,22.4,7.8,7.8,7.8,95835,58112,1222997,718081,2,,
2026-09-24T04:55:26+00:00,380,510663,Ekitiké,14,14,Liverpool,Forward,7.4,0.0,-0.1,i,Achilles injury - Unknown return date,2026-07-23T12:01:23.643771Z,0,0,0.1,0.0,0.0,0.0,281,647,2553,11110,,,
2026-09-24T04:55:26+00:00,381,514514,Koumas,14,14,Liverpool,Midfielder,5.0,0.0,0.0,a,,,,,0.0,0.5,0.5,0.5,114,147,793,1348,,,
2026-09-24T04:55:26+00:00,382,500058,Danns,14,14,Liverpool,Forward,4.5,0.0,0.0,a,,2026-07-23T12:01:23.659279Z,100,100,0.2,0.0,0.0,0.0,2873,1977,22680,9256,,,
2026-09-24T04:55:26+00:00,383,444884,Elliott,14,14,Liverpool,Midfielder,5.4,0.0,-0.1,u,Has joined Valencia on loan for the rest of the season,2026-09-02T16:05:49.104326Z,0,0,0.0,0.0,0.0,0.0,0,175,907,6095,,,
2026-09-24T04:55:26+00:00,579,445087,Araujo,14,14,Liverpool,Defender,5.4,0.0,-0.1,a,,,,,3.0,5.2,5.2,5.2,13753,8562,145669,158251,,,
2026-09-24T04:55:26+00:00,627,482616,Barcola,14,14,Liverpool,Midfielder,8.0,0.0,0.0,a,,,,,1.8,2.3,2.3,2.3,7289,16084,284751,127330,,,
2026-09-24T04:55:26+00:00,155,448047,Enzo,15,43,Man City,Midfielder,6.9,0.0,-0.1,a,,,,,3.6,3.0,3.0,3.0,25334,11453,167001,318362,,,
2026-09-24T04:55:26+00:00,237,440993,Ndiaye,15,43,Man City,Midfielder,5.8,-0.1,-0.2,a,,,,,6.8,3.2,3.2,3.2,5769,60438,296638,1128441,,,
2026-09-24T04:55:26+00:00,384,204936,Donnarumma,15,43,Man City,Goalkeeper,5.5,0.0,0.0,a,,,,,7.6,4.0,4.0,4.0,9022,25181,205213,311097,,,
2026-09-24T04:55:26+00:00,386,122074,Bettinelli,15,43,Man City,Goalkeeper,4.5,0.0,0.0,a,,,,,0.0,0.0,0.0,0.0,42,69,557,1105,,,
2026-09-24T04:55:26+00:00,387,472769,O'Reilly,15,43,Man City,Defender,6.3,-0.1,-0.2,a,,2026-09-05T18:00:06.379802Z,100,100,11.0,1.0,1.0,1.0,4172,61180,191516,1197691,,,
2026-09-24T04:55:26+00:00,388,209036,Guéhi,15,43,Man City,Defender,6.0,0.0,0.0,a,,,,,18.3,5.0,5.0,5.0,20109,41519,502029,453495,,,
2026-09-24T04:55:26+00:00,389,465351,Matheus N.,15,43,Man City,Defender,5.9,0.0,-0.1,a,,2026-08-27T11:30:08.171622Z,100,100,1.0,2.5,2.5,2.5,1368,2357,14523,73498,4,,
2026-09-24T04:55:26+00:00,390,171314,Rúben,15,43,Man City,Defender,5.5,0.0,0.0,a,,,,,1.9,3.8,3.8,3.8,3855,7590,66443,72392,,,
2026-09-24T04:55:26+00:00,391,477424,Gvardiol,15,43,Man City,Defender,5.7,0.0,0.2,a,,,,,26.6,7.0,7.0,7.0,124885,42219,1806917,402435,,,
2026-09-24T04:55:26+00:00,392,448514,Aït-Nouri,15,43,Man City,Defender,5.3,0.0,-0.2,a,,,,,0.4,0.0,0.0,0.0,432,1830,7784,61239,,,
2026-09-24T04:55:26+00:00,393,578153,Khusanov,15,43,Man City,Defender,5.4,0.0,-0.1,a,,,,,1.4,1.8,1.8,1.8,1169,7835,26605,79481,,,
2026-09-24T04:55:26+00:00,394,494307,Alleyne,15,43,Man City,Defender,5.0,0.0,0.0,u,Has joined Burnley on loan for the rest of the season,2026-08-18T14:11:56.324656Z,0,0,0.0,0.0,0.0,0.0,0,16,0,614,,,
2026-09-24T04:55:26+00:00,395,477064,Lewis,15,43,Man City,Defender,4.4,0.0,-0.1,a,,,,,0.2,0.0,0.0,0.0,247,1018,8203,16084,,,
2026-09-24T04:55:26+00:00,396,616222,Vitor Reis,15,43,Man City,Defender,4.5,0.0,0.0,a,,,,,0.0,0.2,0.2,0.2,58,123,538,1146,,,
2026-09-24T04:55:26+00:00,397,437730,Semenyo,15,43,Man City,Midfielder,8.4,0.0,-0.1,a,,,,,15.5,7.8,7.8,7.8,115039,38655,305942,1181355,2,,
2026-09-24T04:55:26+00:00,398,209244,Foden,15,43,Man City,Midfielder,6.9,0.0,-0.1,s,Suspended until 17 Oct,2026-09-13T17:00:09.433455Z,0,0,1.8,2.0,0.0,0.0,147,24313,303393,562035,,,
2026-09-24T04:55:26+00:00,399,466052,Cherki,15,43,Man City,Midfielder,7.8,0.0,0.3,a,,,,,28.3,6.5,6.5,6.5,95136,75568,2642297,942513,,,
2026-09-24T04:55:26+00:00,400,248875,Doku,15,43,Man City,Midfielder,7.4,0.0,-0.1,a,,2026-08-18T17:00:08.385597Z,75,100,0.7,0.2,0.2,0.2,2891,1520,4358,127606,3,,
2026-09-24T04:55:26+00:00,402,220566,Rodrigo,15,43,Man City,Midfielder,6.5,0.0,0.0,u,Has joined Barcelona permanently,2026-07-23T12:01:23.675537Z,0,0,0.0,0.0,0.0,0.0,0,21,0,1225,,,
2026-09-24T04:55:26+00:00,404,433036,Reijnders,15,43,Man City,Midfielder,6.0,0.0,0.0,u,Has joined Al Qadsiah permanently,2026-08-20T14:02:58.154273Z,0,0,0.0,0.0,0.0,0.0,0,75,0,8160,,,
2026-09-24T04:55:26+00:00,406,91651,Kovačić,15,43,Man City,Midfielder,5.4,0.0,-0.1,a,,,,,0.1,0.2,0.2,0.2,80,382,2222,6211,,,
2026-09-24T04:55:26+00:00,407,575204,Echeverri,15,43,Man City,Midfielder,4.9,0.0,-0.1,u,Has joined Benfica on loan for the rest of the season,2026-09-03T15:41:24.710479Z,0,0,0.0,0.0,0.0,0.0,0,41,250,1330,,,
2026-09-24T04:55:26+00:00,408,155405,Phillips,15,43,Man City,Midfielder,5.0,0.0,0.0,u,Has joined Sheffield United on loan for the rest of the season,2026-08-18T14:11:56.348781Z,0,0,0.0,0.0,0.0,0.0,0,8,0,567,,,
2026-09-24T04:55:26+00:00,409,590039,Mukasa,15,43,Man City,Midfielder,4.5,0.0,0.0,u,has joined West Ham on loan for the rest of the seaon.,2026-09-03T10:34:10.733520Z,0,0,0.1,0.0,0.0,0.0,0,495,1621,12062,,,
2026-09-24T04:55:26+00:00,410,649208,Monga,15,43,Man City,Midfielder,4.9,0.0,-0.1,u,Has joined Swansea City on loan for the rest of the season,2026-09-02T16:02:01.136760Z,0,0,0.0,0.0,0.0,0.0,0,43,219,1263,,,
2026-09-24T04:55:26+00:00,411,223094,Haaland,15,43,Man City,Forward,15.6,0.0,0.1,a,,,,,73.7,9.2,9.2,9.2,63714,15578,908991,317236,1,,
2026-09-24T04:55:26+00:00,481,215379,Anderson,15,43,Man City,Midfielder,6.3,0.0,-0.2,a,,2026-08-23T17:00:07.952697Z,100,100,4.0,3.2,3.2,3.2,6404,23772,103843,441612,,,
2026-09-24T04:55:26+00:00,587,106921,Rulli,15,43,Man City,Goalkeeper,5.0,0.0,0.0,a,,,,,0.0,0.0,0.0,0.0,52,87,584,1098,,,
2026-09-24T04:55:26+00:00,616,637238,Bouaddi,15,43,Man City,Midfielder,5.5,0.0,0.0,a,,,,,0.2,0.5,0.5,0.5,698,1839,20897,13278,,,
2026-09-24T04:55:26+00:00,621,616288,McAidoo,15,43,Man City,Midfielder,4.5,0.0,0.0,a,,,,,0.1,0.5,0.5,0.5,157,925,11326,6948,,,
2026-09-24T04:55:26+00:00,622,554054,Braithwaite,15,43,Man City,Defender,4.0,0.0,0.0,a,,,,,0.2,0.2,0.2,0.2,472,1370,16679,8921,,,
2026-09-24T04:55:26+00:00,628,624777,Allan,15,43,Man City,Midfielder,6.0,0.0,0.0,a,,,,,0.0,0.0,0.0,0.0,189,131,1152,652,,,
2026-09-24T04:55:26+00:00,653,595480,Samba,15,43,Man City,Midfielder,4.5,0.0,0.0,a,,,,,0.0,0.0,0.0,0.0,206,404,3855,2087,,,
2026-09-24T04:55:26+00:00,43,166989,Tielemans,16,1,Man Utd,Midfielder,5.8,0.0,-0.2,a,,2026-07-23T12:01:23.321726Z,100,100,1.5,3.0,3.0,3.0,2461,9185,43908,159809,3,,
2026-09-24T04:55:26+00:00,131,535301,Baleba,16,1,Man Utd,Midfielder,4.9,0.0,-0.1,a,,2026-08-06T16:00:10.997714Z,50,100,0.1,0.0,0.0,0.0,940,604,6379,14245,,,
2026-09-24T04:55:26+00:00,162,532605,Andrey Santos,16,1,Man Utd,Midfielder,4.8,0.0,-0.2,a,,,,,0.6,0.5,0.5,0.5,855,4229,22052,72848,,,
2026-09-24T04:55:26+00:00,325,59735,Darlow,16,1,Man Utd,Goalkeeper,4.5,0.0,0.0,d,Unspecified injury - 75% chance of playing,2026-09-21T13:30:08.885505Z,100,75,0.0,0.0,0.0,0.0,54,158,1061,1539,,,
2026-09-24T04:55:26+00:00,412,465247,Lammens,16,1,Man Utd,Goalkeeper,4.9,0.0,-0.1,a,,,,,10.0,2.5,2.5,2.5,5430,40711,97638,679142,,,
2026-09-24T04:55:26+00:00,413,451302,Bayindir,16,1,Man Utd,Goalkeeper,4.5,0.0,0.0,u,Has joined Celta Vigo on loan for the rest of the season,2026-08-10T14:02:28.608415Z,0,0,0.0,0.0,0.0,0.0,0,27,0,1137,,,
2026-09-24T04:55:26+00:00,414,21205,Heaton,16,1,Man Utd,Goalkeeper,4.0,0.0,0.0,i,Hamstring injury - Unknown return date,2026-08-15T16:00:07.854151Z,0,0,0.1,0.0,0.0,0.0,167,220,2085,3507,,,
2026-09-24T04:55:26+00:00,415,596777,Dorgu,16,1,Man Utd,Midfielder,5.8,0.0,-0.2,a,,,,,0.5,2.5,2.5,2.5,858,3272,13828,96809,,,
2026-09-24T04:55:26+00:00,416,209365,De Ligt,16,1,Man Utd,Defender,5.0,0.0,0.0,i,Back injury - Unknown return date,2026-07-23T12:01:23.690880Z,0,0,0.0,0.0,0.0,0.0,60,95,439,1518,,,
2026-09-24T04:55:26+00:00,417,216051,Dalot,16,1,Man Utd,Defender,4.9,0.0,-0.1,a,,,,,1.6,1.8,1.8,1.8,977,6248,25756,134743,,,
2026-09-24T04:55:26+00:00,418,95658,Maguire,16,1,Man Utd,Defender,4.8,-0.1,-0.2,a,,,,,8.7,2.2,2.2,2.2,3390,66818,137348,996509,,,
2026-09-24T04:55:26+00:00,419,221820,Martinez,16,1,Man Utd,Defender,5.0,0.0,0.0,a,,2026-07-24T20:00:10.337107Z,100,100,1.3,1.5,1.5,1.5,3050,5375,35976,66228,,,
2026-09-24T04:55:26+00:00,420,550864,Yoro,16,1,Man Utd,Defender,4.8,-0.1,-0.2,a,,,,,0.5,0.5,0.5,0.5,403,1838,5185,35680,,,
2026-09-24T04:55:26+00:00,421,606745,Heaven,16,1,Man Utd,Defender,4.4,0.0,-0.1,a,,,,,0.3,0.0,0.0,0.0,188,1220,5958,23806,,,
2026-09-24T04:55:26+00:00,422,230001,Mazraoui,16,1,Man Utd,Defender,4.4,0.0,-0.1,a,,,,,0.5,0.5,0.5,0.5,498,2473,14282,40560,,,
2026-09-24T04:55:26+00:00,423,106760,Shaw,16,1,Man Utd,Defender,4.3,-0.1,-0.2,a,,2026-09-11T13:00:09.030120Z,50,100,7.8,2.0,1.0,2.0,2680,69141,100164,1301070,,,
2026-09-24T04:55:26+00:00,424,577974,Amass,16,1,Man Utd,Defender,4.0,0.0,0.0,a,,,,,0.2,0.0,0.0,0.0,338,646,6240,8676,,,
2026-09-24T04:55:26+00:00,425,547676,Fredricson,16,1,Man Utd,Defender,4.0,0.0,0.0,u,Has joined Lausanne-Sport permanently,2026-08-18T14:12:31.904433Z,0,0,0.0,0.0,0.0,0.0,0,38,0,1306,,,
2026-09-24T04:55:26+00:00,426,141746,B.Fernandes,16,1,Man Utd,Midfielder,11.9,-0.1,-0.1,a,,,,,38.6,7.2,7.2,7.2,31969,172911,643569,1825861,1,,
2026-09-24T04:55:26+00:00,427,446008,Mbeumo,16,1,Man Utd,Midfielder,7.9,0.0,-0.1,a,,,,,20.7,5.8,5.8,5.8,27664,112824,454643,1999323,2,,
2026-09-24T04:55:26+00:00,428,430871,Cunha,16,1,Man Utd,Midfielder,7.9,0.0,-0.1,a,,,,,5.7,6.0,6.0,6.0,15716,18335,89462,506366,,,
2026-09-24T04:55:26+00:00,429,176297,Rashford,16,1,Man Utd,Midfielder,7.0,0.0,0.0,d,Unspecified injury - 75% chance of playing,2026-09-21T10:30:09.221479Z,,75,1.5,2.2,2.2,1.7,3893,13893,84922,124974,,,
2026-09-24T04:55:26+00:00,430,184341,Mount,16,1,Man Utd,Midfielder,5.4,0.0,-0.1,a,,2026-08-15T16:00:07.879135Z,100,100,0.0,0.2,0.2,0.2,142,158,870,1934,,,
2026-09-24T04:55:26+00:00,431,493250,Amad,16,1,Man Utd,Midfielder,5.7,0.0,-0.3,i,Unspecified injury - Unknown return date,2026-08-22T11:00:08.617283Z,0,0,0.3,0.0,0.0,0.0,97,1485,2139,123206,,,
2026-09-24T04:55:26+00:00,432,516895,Mainoo,16,1,Man Utd,Midfielder,5.5,0.0,0.0,d,Unspecified injury - 75% chance of playing,2026-09-21T13:00:09.169862Z,,75,1.6,5.2,5.2,3.9,6932,11605,94026,63882,,,
2026-09-24T04:55:26+00:00,433,232112,Ugarte,16,1,Man Utd,Midfielder,5.0,0.0,0.0,i,Knee injury - Unknown return date,2026-07-23T12:01:23.706702Z,0,0,0.0,0.0,0.0,0.0,18,22,114,262,,,
2026-09-24T04:55:26+00:00,434,547037,J.Fletcher,16,1,Man Utd,Midfielder,4.9,0.0,-0.1,a,,,,,0.0,0.0,0.0,0.0,32,50,312,698,,,
2026-09-24T04:55:26+00:00,435,576628,Lacey,16,1,Man Utd,Midfielder,4.9,0.0,-0.1,a,,,,,0.1,0.0,0.0,0.0,318,288,1671,3253,,,
2026-09-24T04:55:26+00:00,436,490881,Collyer,16,1,Man Utd,Midfielder,5.0,0.0,0.0,u,Has joined West Brom permanently,2026-09-01T13:16:48.584385Z,0,0,0.0,0.0,0.0,0.0,0,40,150,1047,,,
2026-09-24T04:55:26+00:00,437,576620,Bendito Mantato,16,1,Man Utd,Midfielder,4.4,-0.1,-0.1,a,,,,,0.2,0.0,0.0,0.0,237,683,4901,9464,,,
2026-09-24T04:55:26+00:00,438,519913,Fletcher,16,1,Man Utd,Midfielder,4.4,0.0,-0.1,a,,,,,0.3,0.0,0.0,0.0,2158,1719,10227,16488,,,
2026-09-24T04:55:26+00:00,439,485711,Šeško,16,1,Man Utd,Forward,7.0,0.0,0.0,d,Shin injury - 75% chance of playing,2026-09-20T19:30:08.505755Z,100,75,1.7,1.8,1.8,1.4,6337,19783,103776,129456,,,
2026-09-24T04:55:26+00:00,440,458249,Zirkzee,16,1,Man Utd,Forward,5.3,-0.1,-0.2,a,,,,,0.4,0.5,0.5,0.5,1462,2581,15342,43134,,,
2026-09-24T04:55:26+00:00,441,596047,Obi,16,1,Man Utd,Forward,4.5,0.0,0.0,u,Has joined Willem II on loan for the rest of the season,2026-09-14T16:12:42.090874Z,0,0,0.9,0.0,0.0,0.0,0,9610,45543,72552,,,
2026-09-24T04:55:26+00:00,405,465694,N.Gonzalez,17,4,Newcastle,Midfielder,5.5,0.0,0.0,a,,2026-09-14T21:30:07.343728Z,0,100,0.2,1.2,0.0,1.2,450,1669,17913,16838,,,
2026-09-24T04:55:26+00:00,442,98747,Pope,17,4,Newcastle,Goalkeeper,4.9,0.0,-0.1,a,,,,,1.0,0.0,0.0,0.0,726,2664,13219,53387,,,
2026-09-24T04:55:26+00:00,443,81441,Gillespie,17,4,Newcastle,Goalkeeper,4.5,0.0,0.0,a,,,,,0.0,0.0,0.0,0.0,33,70,758,1190,,,
2026-09-24T04:55:26+00:00,444,554578,Jaouen,17,4,Newcastle,Goalkeeper,4.4,-0.1,-0.1,d,Ankle injury - 50% chance of playing,2026-09-10T16:00:09.127466Z,50,50,0.0,0.0,0.0,0.0,17,99,450,1504,,,
2026-09-24T04:55:26+00:00,445,465642,Thiaw,17,4,Newcastle,Defender,5.0,0.0,0.0,a,,,,,2.2,2.8,2.8,2.8,7021,8131,176322,121142,,,
2026-09-24T04:55:26+00:00,446,119471,Schär,17,4,Newcastle,Defender,4.9,0.0,-0.1,a,,2026-08-15T16:30:07.209742Z,100,100,0.2,0.2,0.2,0.2,456,785,6967,13731,,,
2026-09-24T04:55:26+00:00,447,220237,Botman,17,4,Newcastle,Defender,5.0,0.0,0.0,a,,,,,0.7,3.0,3.0,3.0,3921,2315,46595,27609,,,
2026-09-24T04:55:26+00:00,448,78916,Burn,17,4,Newcastle,Defender,4.8,-0.1,-0.2,i,Ankle injury - Expected back 12 Oct,2026-08-23T18:00:08.367241Z,0,0,0.7,0.0,0.0,0.0,81,4865,7296,159773,,,
2026-09-24T04:55:26+00:00,449,487838,Hall,17,4,Newcastle,Defender,5.3,0.1,0.3,a,,,,,17.0,7.0,7.0,7.0,214056,14577,1627558,342410,,,
2026-09-24T04:55:26+00:00,450,441191,Livramento,17,4,Newcastle,Defender,4.9,0.0,-0.1,d,Unspecified injury - 75% chance of playing,2026-09-19T14:00:09.046677Z,100,75,0.1,1.0,1.0,0.8,401,1307,10197,5747,,,
2026-09-24T04:55:26+00:00,451,545477,A.Murphy,17,4,Newcastle,Defender,4.0,0.0,0.0,u,Has joined FC Kaiserslautern on loan for the rest of the season,2026-08-12T14:05:29.224600Z,0,0,0.1,0.0,0.0,0.0,0,241,0,6892,,,
2026-09-24T04:55:26+00:00,453,201666,Barnes,17,4,Newcastle,Midfielder,6.1,0.1,0.1,a,,,,,5.5,6.5,6.5,6.5,136376,12579,607479,144487,,,
2026-09-24T04:55:26+00:00,454,449434,Elanga,17,4,Newcastle,Midfielder,6.1,-0.1,0.1,i,Unspecified injury - Unknown return date,2026-09-14T20:00:09.505598Z,0,0,4.7,2.2,0.0,0.0,264,151588,1286101,1071549,,,
2026-09-24T04:55:26+00:00,456,232653,J.Ramsey,17,4,Newcastle,Midfielder,4.9,0.0,-0.1,i,Thigh injury - Unknown return date,2026-09-15T09:00:08.191022Z,0,0,0.2,1.8,0.0,0.0,34,4137,16580,30340,,,
2026-09-24T04:55:26+00:00,457,114243,J.Murphy,17,4,Newcastle,Midfielder,5.9,0.0,-0.1,a,,,,,0.1,0.8,0.8,0.8,768,642,5871,10821,,,
2026-09-24T04:55:26+00:00,458,180974,Joelinton,17,4,Newcastle,Midfielder,5.4,0.0,-0.1,i,Unspecified injury - Unknown return date,2026-08-16T08:00:08.074045Z,0,0,0.0,0.0,0.0,0.0,10,61,221,2223,,,
2026-09-24T04:55:26+00:00,459,547719,L.Miley,17,4,Newcastle,Midfielder,5.5,0.0,0.0,a,,2026-07-23T12:01:23.785456Z,100,100,0.1,2.2,2.2,2.2,390,368,6254,5375,,,
2026-09-24T04:55:26+00:00,460,200089,Willock,17,4,Newcastle,Midfielder,5.0,0.0,0.0,a,,,,,0.5,4.0,4.0,4.0,8292,2109,63112,30094,,,
2026-09-24T04:55:26+00:00,461,611665,Touré,17,4,Newcastle,Midfielder,5.8,0.0,-0.2,a,,,,,0.1,2.0,2.0,2.0,267,722,3650,16329,,,
2026-09-24T04:55:26+00:00,462,636852,Steur,17,4,Newcastle,Midfielder,4.9,0.0,-0.1,a,,,,,0.1,1.8,1.8,1.8,217,318,2373,6115,,,
2026-09-24T04:55:26+00:00,463,470313,Woltemade,17,4,Newcastle,Forward,5.9,0.0,-0.1,u,Has joined Juventus on loan for the rest of the season,2026-09-02T16:07:16.549304Z,0,0,0.5,1.0,0.0,0.0,0,3020,14520,141455,,,
2026-09-24T04:55:26+00:00,464,216646,Wissa,17,4,Newcastle,Forward,6.2,0.0,0.2,a,,,,,18.7,2.8,2.8,2.8,69615,123645,2265127,710655,2,,
2026-09-24T04:55:26+00:00,465,538207,Osula,17,4,Newcastle,Forward,5.8,-0.1,-0.2,i,Foot injury - Unknown return date,2026-08-25T19:00:08.004915Z,0,0,0.3,0.0,0.0,0.0,98,1955,21421,86260,1,,
2026-09-24T04:55:26+00:00,466,599303,Neave,17,4,Newcastle,Forward,4.5,0.0,0.0,u,Has joined Wolves on loan for the rest of the season,2026-09-04T12:37:43.515176Z,0,0,0.5,0.0,0.0,0.0,0,3274,23805,51896,,,
2026-09-24T04:55:26+00:00,559,632794,Bamba,17,4,Newcastle,Midfielder,4.9,0.0,-0.1,a,,,,,0.1,0.5,0.5,0.5,104,398,2544,7482,,,
2026-09-24T04:55:26+00:00,567,470551,Horníček,17,4,Newcastle,Goalkeeper,5.0,0.0,0.0,a,,,,,1.5,3.2,3.2,3.2,6014,3954,150664,70507,,,
2026-09-24T04:55:26+00:00,593,463726,Dedić,17,4,Newcastle,Defender,4.5,0.0,0.0,i,Unspecified injury - Unknown return date,2026-09-17T14:30:09.823731Z,0,0,1.9,3.0,0.0,0.0,214,33746,447836,303796,,,
2026-09-24T04:55:26+00:00,609,553746,Shahar,17,4,Newcastle,Defender,4.0,0.0,0.0,u,has joined Arouca on loan for the rest of the seaon.,2026-09-11T14:41:57.406766Z,0,0,0.2,0.0,0.0,0.0,0,1584,18236,15482,,,
2026-09-24T04:55:26+00:00,634,613221,Fernandez-Pardo,17,4,Newcastle,Forward,6.0,0.0,0.0,a,,,,,0.1,1.3,1.3,1.3,1450,1182,16521,6082,,,
2026-09-24T04:55:26+00:00,659,665243,Miley,17,4,Newcastle,Midfielder,4.5,0.0,0.0,a,,,,,0.0,0.0,0.0,0.0,1222,545,4660,1147,,,
2026-09-24T04:55:26+00:00,663,578512,Pivas,17,4,Newcastle,Defender,4.0,0.0,0.0,a,,,,,0.0,0.0,1.1,1.1,308,39,308,39,,,
2026-09-24T04:55:26+00:00,664,601767,Salia,17,4,Newcastle,Forward,4.5,0.0,0.0,a,,,,,0.1,0.0,1.0,1.0,7406,1084,7406,1084,,,
2026-09-24T04:55:26+00:00,665,655585,Mills,17,4,Newcastle,Midfielder,4.5,0.0,0.0,a,,,,,0.0,0.0,1.1,1.1,136,23,136,23,,,
2026-09-24T04:55:26+00:00,666,671875,Thompson,17,4,Newcastle,Midfielder,4.5,0.0,0.0,a,,,,,0.0,0.0,1.1,1.1,176,22,176,22,,,
2026-09-24T04:55:26+00:00,167,463034,Delap,18,17,Nott'm Forest,Forward,5.6,0.1,0.1,a,,,,,2.7,2.2,2.2,2.2,23023,24756,310199,78328,3,,
2026-09-24T04:55:26+00:00,201,247348,Muñoz,18,17,Nott'm Forest,Defender,5.4,0.0,-0.1,a,,,,,5.8,1.2,1.2,1.2,6769,25434,157327,479610,,,
2026-09-24T04:55:26+00:00,467,85633,Sels,18,17,Nott'm Forest,Goalkeeper,5.0,0.0,0.0,a,,,,,1.6,3.0,3.0,3.0,1631,4890,67884,60952,,,
2026-09-24T04:55:26+00:00,468,221389,John,18,17,Nott'm Forest,Goalkeeper,4.5,0.0,0.0,a,,,,,0.1,0.0,0.0,0.0,46,128,853,1988,,,
2026-09-24T04:55:26+00:00,469,215136,N.Williams,18,17,Nott'm Forest,Defender,5.0,0.0,0.0,a,,,,,8.8,4.2,4.2,4.2,9410,37513,323896,342771,,,
2026-09-24T04:55:26+00:00,470,485047,Morato,18,17,Nott'm Forest,Defender,5.0,0.0,0.0,u,Has joined West Ham on loan for the rest of the season,2026-09-02T16:19:54.503286Z,0,0,0.0,0.0,0.0,0.0,0,93,424,3673,,,
2026-09-24T04:55:26+00:00,471,227444,Milenković,18,17,Nott'm Forest,Defender,5.4,-0.1,-0.1,i,Hamstring injury - Expected back 11 Oct,2026-09-12T14:00:09.705107Z,0,0,1.0,2.5,0.0,0.0,48,10360,17980,105517,,,
2026-09-24T04:55:26+00:00,472,575476,Murillo,18,17,Nott'm Forest,Defender,5.5,0.0,0.0,a,,2026-07-23T12:01:23.801183Z,100,100,2.1,4.8,4.8,4.8,6709,6472,102206,59733,,,
2026-09-24T04:55:26+00:00,473,159506,Aina,18,17,Nott'm Forest,Defender,4.4,-0.1,-0.1,a,,,,,2.4,0.8,0.8,0.8,909,18122,69022,167909,,,
2026-09-24T04:55:26+00:00,474,575458,Jair Cunha,18,17,Nott'm Forest,Defender,4.5,0.0,0.0,a,,2026-09-12T14:00:09.724349Z,75,100,0.2,2.5,1.9,2.5,194,549,9700,13075,,,
2026-09-24T04:55:26+00:00,475,500151,Savona,18,17,Nott'm Forest,Defender,4.5,0.0,0.0,i,Knee injury - Unknown return date,2026-07-23T12:01:23.816304Z,0,0,0.0,0.0,0.0,0.0,17,16,237,274,,,
2026-09-24T04:55:26+00:00,476,204822,O.Richards,18,17,Nott'm Forest,Defender,4.0,0.0,0.0,a,,,,,0.2,0.0,0.0,0.0,239,605,3939,8156,,,
2026-09-24T04:55:26+00:00,477,549067,Abbott,18,17,Nott'm Forest,Defender,4.0,0.0,0.0,u,Has joined Southampton on loan for the rest of the season,2026-09-02T16:19:54.536676Z,0,0,0.1,0.0,0.0,0.0,0,658,2459,13731,,,
2026-09-24T04:55:26+00:00,478,470315,Netz,18,17,Nott'm Forest,Defender,4.4,0.0,-0.1,a,,,,,0.0,0.5,0.5,0.5,45,93,675,1564,,,
2026-09-24T04:55:26+00:00,479,538638,Bindon,18,17,Nott'm Forest,Defender,4.0,0.0,0.0,u,Has joined Charlton Athletic on loan for the rest of the season,2026-09-01T13:16:05.383880Z,0,0,0.1,0.0,0.0,0.0,0,441,799,8571,,,
2026-09-24T04:55:26+00:00,480,222531,Gibbs-White,18,17,Nott'm Forest,Midfielder,8.0,0.0,0.0,a,,2026-08-24T15:30:08.350159Z,100,100,15.7,6.5,6.5,6.5,52297,69776,1195979,652470,1,,
2026-09-24T04:55:26+00:00,482,209046,Hudson-Odoi,18,17,Nott'm Forest,Midfielder,5.8,0.0,-0.2,a,,2026-07-23T12:01:23.832709Z,100,100,0.1,0.2,0.2,0.2,215,1000,5226,17400,,,
2026-09-24T04:55:26+00:00,483,456512,Ndoye,18,17,Nott'm Forest,Midfielder,5.5,0.0,0.0,a,,,,,0.7,3.0,3.0,3.0,604,7222,72200,48385,,,
2026-09-24T04:55:26+00:00,484,503301,Hutchinson,18,17,Nott'm Forest,Midfielder,5.4,0.0,-0.1,u,Has joined AC Milan on loan for the rest of the season,2026-09-01T13:23:52.340206Z,0,0,0.1,0.0,0.0,0.0,0,280,427,10908,,,
2026-09-24T04:55:26+00:00,485,476887,Bakwa,18,17,Nott'm Forest,Midfielder,5.5,0.0,0.0,u,Has joined Lille on loan for the rest of the season,2026-08-27T14:53:03.381941Z,0,0,0.0,0.0,0.0,0.0,0,26,107,1168,,,
2026-09-24T04:55:26+00:00,486,432714,McAtee,18,17,Nott'm Forest,Midfielder,5.5,0.0,0.0,a,,,,,0.1,2.2,2.2,2.2,297,787,9942,5833,,,
2026-09-24T04:55:26+00:00,487,250199,Dominguez,18,17,Nott'm Forest,Midfielder,4.9,0.0,-0.1,a,,,,,0.1,0.2,0.2,0.2,47,257,1185,4059,,,
2026-09-24T04:55:26+00:00,488,210462,I.Sangaré,18,17,Nott'm Forest,Midfielder,4.9,0.0,-0.1,a,,2026-08-28T09:30:07.471668Z,100,100,0.4,0.5,0.5,0.5,259,2583,9158,68162,,,
2026-09-24T04:55:26+00:00,489,204968,Yates,18,17,Nott'm Forest,Midfielder,4.5,0.0,0.0,a,,2026-08-17T20:30:08.195072Z,100,100,1.2,0.0,0.0,0.0,496,6314,30142,92669,,,
2026-09-24T04:55:26+00:00,490,60689,Wood,18,17,Nott'm Forest,Forward,5.8,0.0,-0.2,a,,,,,0.9,0.8,0.8,0.8,1498,5482,24077,115329,2,,
2026-09-24T04:55:26+00:00,491,482973,Igor Jesus,18,17,Nott'm Forest,Forward,5.8,0.0,-0.2,a,,,,,2.6,2.5,2.5,2.5,5718,20110,124718,267455,4,,
2026-09-24T04:55:26+00:00,493,465680,Kalimuendo,18,17,Nott'm Forest,Forward,5.4,0.0,-0.1,a,,,,,0.1,0.0,0.0,0.0,176,338,2986,4038,,,
2026-09-24T04:55:26+00:00,558,204561,Schlager,18,17,Nott'm Forest,Midfielder,5.0,0.0,0.0,a,,,,,0.1,3.0,3.0,3.0,170,657,5850,5674,,,
2026-09-24T04:55:26+00:00,581,568420,Diomande,18,17,Nott'm Forest,Defender,5.4,0.0,-0.1,a,,,,,0.5,1.8,1.8,1.8,1230,1842,13352,41307,,,
2026-09-24T04:55:26+00:00,590,428971,Benda,18,17,Nott'm Forest,Goalkeeper,4.5,0.0,0.0,a,,,,,0.1,0.0,0.0,0.0,105,199,2645,2800,,,
2026-09-24T04:55:26+00:00,112,469142,Van Hecke,19,6,Spurs,Defender,4.9,0.0,-0.1,a,,,,,6.6,5.8,5.8,5.8,14138,22469,150307,467864,,,
2026-09-24T04:55:26+00:00,147,109646,Tosin,19,6,Spurs,Defender,4.4,0.0,-0.1,a,,,,,0.1,0.2,0.2,0.2,84,465,1976,7817,,,
2026-09-24T04:55:26+00:00,401,438234,Marmoush,19,6,Spurs,Forward,7.0,0.0,0.0,a,,,,,2.1,2.0,2.0,2.0,8077,18630,230556,159763,2,,
2026-09-24T04:55:26+00:00,403,510281,Sávio,19,6,Spurs,Midfielder,6.5,0.0,0.0,a,,2026-08-29T16:30:08.380416Z,100,100,0.7,2.0,2.0,2.0,2289,5771,99201,78534,,,
2026-09-24T04:55:26+00:00,455,432422,Tonali,19,6,Spurs,Midfielder,5.3,-0.1,-0.2,a,,2026-09-14T14:30:07.387706Z,100,100,1.9,3.0,3.0,3.0,1836,13096,47425,267703,,,
2026-09-24T04:55:26+00:00,494,184254,Vicario,19,6,Spurs,Goalkeeper,4.5,0.0,0.0,u,Has joined Juventus on loan for the rest of the season,2026-08-19T13:55:33.193962Z,0,0,0.1,0.0,0.0,0.0,0,609,0,21992,,,
2026-09-24T04:55:26+00:00,495,214572,Austin,19,6,Spurs,Goalkeeper,4.0,0.0,0.0,a,,,,,1.0,0.0,0.0,0.0,1577,1841,29228,21526,,,
2026-09-24T04:55:26+00:00,496,485055,Kinsky,19,6,Spurs,Goalkeeper,4.5,0.0,0.0,a,,,,,17.4,4.0,4.0,4.0,13659,96757,342813,778984,,,
2026-09-24T04:55:26+00:00,497,67089,Dubravka,19,6,Spurs,Goalkeeper,4.0,0.0,0.0,a,,,,,17.2,0.0,0.0,0.0,21393,40098,392032,432748,,,
2026-09-24T04:55:26+00:00,498,221466,Senesi,19,6,Spurs,Defender,5.8,0.0,-0.2,a,,,,,3.6,0.0,0.0,0.0,947,18234,29091,454697,,,
2026-09-24T04:55:26+00:00,499,441164,Pedro Porro,19,6,Spurs,Defender,5.4,0.0,-0.1,d,Hamstring injury - 75% chance of playing,2026-09-19T12:00:08.823872Z,100,75,7.7,2.2,2.2,1.7,1528,63178,124302,980926,,,
2026-09-24T04:55:26+00:00,500,221632,Romero,19,6,Spurs,Defender,5.0,0.0,0.0,u,Has joined Atletico Madrid permanently,2026-08-17T13:49:05.465401Z,0,0,0.1,0.0,0.0,0.0,0,230,0,16744,,,
2026-09-24T04:55:26+00:00,502,122798,Robertson,19,6,Spurs,Defender,4.4,0.0,-0.1,a,,,,,2.6,3.5,3.5,3.5,4473,10666,66145,181342,,,
2026-09-24T04:55:26+00:00,503,491279,Van de Ven,19,6,Spurs,Defender,5.0,0.0,0.0,a,,2026-08-21T15:00:07.610517Z,100,100,3.8,4.0,4.0,4.0,4581,16999,93037,264240,,,
2026-09-24T04:55:26+00:00,505,232859,Spence,19,6,Spurs,Defender,4.5,0.0,0.0,u,Has joined Internazionale permanently,2026-08-18T14:13:08.454214Z,0,0,0.2,0.0,0.0,0.0,0,976,0,69062,,,
2026-09-24T04:55:26+00:00,506,487053,Udogie,19,6,Spurs,Defender,4.4,0.0,-0.1,a,,2026-09-11T18:00:09.092110Z,100,100,0.3,1.5,1.5,1.5,275,1379,5514,22209,,,
2026-09-24T04:55:26+00:00,507,548308,Phillips,19,6,Spurs,Defender,4.5,0.0,0.0,u,Has joined Middlesbrough permanently,2026-08-18T14:13:08.474144Z,0,0,0.0,0.0,0.0,0.0,0,49,0,1264,,,
2026-09-24T04:55:26+00:00,508,115556,Davies,19,6,Spurs,Defender,3.9,-0.1,-0.1,a,,,,,0.9,0.0,0.0,0.0,6049,3094,17845,40537,,,
2026-09-24T04:55:26+00:00,509,640419,Byfield,19,6,Spurs,Defender,4.0,0.0,0.0,a,,,,,0.1,0.0,0.0,0.0,110,206,2325,2550,,,
2026-09-24T04:55:26+00:00,510,499716,Rowswell,19,6,Spurs,Defender,4.0,0.0,0.0,a,,,,,0.1,0.0,0.0,0.0,124,276,2853,3404,,,
2026-09-24T04:55:26+00:00,511,616221,Souza,19,6,Spurs,Defender,4.0,0.0,0.0,u,Has joined FC Porto on loan for the rest of the season,2026-09-01T13:24:26.858636Z,0,0,0.2,0.0,0.0,0.0,0,744,2555,16730,,,
2026-09-24T04:55:26+00:00,512,460842,Kudus,19,6,Spurs,Midfielder,6.5,0.0,0.0,a,,2026-07-23T12:01:23.848657Z,100,100,0.1,1.8,1.8,1.8,1821,904,12615,10859,3,,
2026-09-24T04:55:26+00:00,513,493362,Xavi,19,6,Spurs,Midfielder,5.9,0.0,-0.1,i,Knee injury - Unknown return date,2026-07-23T12:01:23.864304Z,0,0,0.0,0.0,0.0,0.0,39,64,331,1105,4,,
2026-09-24T04:55:26+00:00,514,511499,Tel,19,6,Spurs,Midfielder,5.7,-0.1,-0.3,a,,,,,0.2,1.5,1.5,1.5,159,1708,9091,46525,,,
2026-09-24T04:55:26+00:00,515,172780,Maddison,19,6,Spurs,Midfielder,6.3,0.0,-0.2,a,,2026-08-25T14:30:07.623508Z,100,100,0.4,0.5,0.5,0.5,591,1663,5640,95916,,,
2026-09-24T04:55:26+00:00,516,202993,Bentancur,19,6,Spurs,Midfielder,5.5,0.0,0.0,a,,,,,0.2,3.5,3.5,3.5,286,548,5050,8205,,,
2026-09-24T04:55:26+00:00,517,550839,Odobert,19,6,Spurs,Midfielder,5.5,0.0,0.0,i,Knee injury - Unknown return date,2026-07-23T12:01:23.879434Z,0,0,0.0,0.0,0.0,0.0,13,10,115,105,,,
2026-09-24T04:55:26+00:00,518,482442,P.M.Sarr,19,6,Spurs,Midfielder,4.9,0.0,-0.1,u,Has joined Juventus on loan for the rest of the season,2026-09-02T16:02:43.386849Z,0,0,0.1,0.0,0.0,0.0,0,570,4138,23637,,,
2026-09-24T04:55:26+00:00,519,232787,Gallagher,19,6,Spurs,Midfielder,5.3,0.0,-0.2,a,,,,,0.2,2.2,2.2,2.2,684,526,4540,16914,,,
2026-09-24T04:55:26+00:00,520,570526,Bergvall,19,6,Spurs,Midfielder,5.3,-0.1,-0.2,a,,,,,0.1,0.5,0.5,0.5,81,511,1861,9444,,,
2026-09-24T04:55:26+00:00,521,445044,Kulusevski,19,6,Spurs,Midfielder,6.5,0.0,0.0,i,Knee injury - Unknown return date,2026-07-23T12:01:23.895175Z,0,0,0.0,0.0,0.0,0.0,49,51,355,716,,,
2026-09-24T04:55:26+00:00,522,547701,Gray,19,6,Spurs,Midfielder,4.9,0.0,-0.1,a,,,,,0.2,1.8,1.8,1.8,394,1007,6771,13178,,,
2026-09-24T04:55:26+00:00,523,499721,Moore,19,6,Spurs,Midfielder,5.0,0.0,0.0,u,Has joined FC Köln on loan for the rest of the season,2026-09-04T12:39:48.098158Z,0,0,0.1,0.2,0.0,0.0,0,469,3258,16954,,,
2026-09-24T04:55:26+00:00,524,499726,Olusesi,19,6,Spurs,Midfielder,4.4,0.0,-0.1,a,,,,,1.0,0.0,0.0,0.0,5270,6567,54886,48412,,,
2026-09-24T04:55:26+00:00,525,551226,Fernandes,19,6,Spurs,Midfielder,5.7,-0.1,-0.3,a,,,,,0.8,1.5,1.5,1.5,368,5726,14349,123813,,,
2026-09-24T04:55:26+00:00,526,154566,Solanke,19,6,Spurs,Forward,5.8,0.0,-0.2,a,,,,,0.8,1.5,1.5,1.5,1393,4774,28940,93825,1,,
2026-09-24T04:55:26+00:00,527,212319,Richarlison,19,6,Spurs,Forward,5.9,0.0,-0.1,u,not included in squad.,2026-09-04T12:32:39.183614Z,0,0,0.6,0.0,0.0,0.0,0,4747,21439,267230,,,
2026-09-24T04:55:26+00:00,528,490145,Scarlett,19,6,Spurs,Forward,4.5,0.0,0.0,u,Has joined Leyton Orient permanently,2026-09-02T16:02:43.413625Z,0,0,1.1,0.0,0.0,0.0,0,6900,42525,108467,,,
2026-09-24T04:55:26+00:00,578,465920,Mudryk,19,6,Spurs,Midfielder,5.3,-0.1,-0.2,i,Ankle injury - Unknown return date,2026-09-11T18:00:09.154412Z,0,0,0.0,0.2,0.0,0.0,18,486,5438,7534,,,
2026-09-24T04:55:26+00:00,601,611917,Williams-Barnett,19,6,Spurs,Midfielder,4.5,0.0,0.0,a,,,,,0.1,0.0,0.0,0.0,140,647,10222,6930,,,
2026-09-24T04:55:26+00:00,501,135720,Danso,20,56,Sunderland,Defender,5.0,0.0,0.0,a,,,,,0.2,0.8,0.8,0.8,991,682,6416,9719,,,
2026-09-24T04:55:26+00:00,529,498016,Roefs,20,56,Sunderland,Goalkeeper,4.9,0.0,-0.1,a,,,,,2.5,2.5,2.5,2.5,1761,9510,21610,175635,,,
2026-09-24T04:55:26+00:00,530,232571,Patterson,20,56,Sunderland,Goalkeeper,4.0,0.0,0.0,u,Has joined Wrexham permanently,2026-08-12T14:08:03.064533Z,0,0,0.1,0.0,0.0,0.0,0,295,0,5947,,,
2026-09-24T04:55:26+00:00,531,515046,Ellborg,20,56,Sunderland,Goalkeeper,4.5,0.0,0.0,a,,,,,0.1,0.0,0.0,0.0,108,205,1147,3286,,,
2026-09-24T04:55:26+00:00,532,223827,Ballard,20,56,Sunderland,Defender,4.9,0.0,-0.1,a,,,,,2.5,3.5,3.5,3.5,3285,12864,45184,313432,,,
2026-09-24T04:55:26+00:00,533,200834,Mukiele,20,56,Sunderland,Defender,5.4,0.0,-0.1,a,,2026-08-09T08:30:05.954750Z,100,100,1.9,3.2,3.2,3.2,4402,7376,43733,128481,,,
2026-09-24T04:55:26+00:00,534,487676,Hume,20,56,Sunderland,Defender,4.3,-0.1,-0.2,a,,,,,2.8,2.0,2.0,2.0,1058,26341,37684,394016,,,
2026-09-24T04:55:26+00:00,535,201895,Alderete,20,56,Sunderland,Defender,4.8,-0.1,-0.2,a,,2026-08-09T08:30:05.962393Z,100,100,0.2,0.0,0.0,0.0,187,896,4941,27172,,,
2026-09-24T04:55:26+00:00,536,434399,Reinildo,20,56,Sunderland,Defender,4.4,-0.1,-0.1,a,,2026-09-12T21:30:09.421687Z,0,100,0.3,1.5,0.0,1.5,148,1430,4011,24230,,,
2026-09-24T04:55:26+00:00,537,519634,Seelt,20,56,Sunderland,Defender,4.5,0.0,0.0,u,Has joined Swansea City on loan for the rest of the season,2026-08-29T00:34:52.425076Z,0,0,0.0,0.0,0.0,0.0,0,18,61,660,,,
2026-09-24T04:55:26+00:00,538,477547,Hjelde,20,56,Sunderland,Defender,4.0,0.0,0.0,u,Has joined KV Mechelen on loan for the rest of the season,2026-08-12T14:08:03.081789Z,0,0,0.0,0.0,0.0,0.0,0,129,0,2500,,,
2026-09-24T04:55:26+00:00,539,167512,O'Nien,20,56,Sunderland,Defender,3.9,-0.1,-0.1,a,,,,,2.5,0.0,0.0,0.0,14767,9593,29510,119493,,,
2026-09-24T04:55:26+00:00,540,105717,Masuaku,20,56,Sunderland,Defender,4.0,0.0,0.0,u,Has joined Konyaspor permanently,2026-08-12T14:08:03.097784Z,0,0,0.1,0.0,0.0,0.0,0,541,0,11474,,,
2026-09-24T04:55:26+00:00,541,93605,Meunier,20,56,Sunderland,Defender,4.5,0.0,0.0,a,,2026-08-16T08:30:07.830062Z,100,100,0.3,3.2,3.2,3.2,1407,676,6808,9428,,,
2026-09-24T04:55:26+00:00,542,484420,E.Le Fée,20,56,Sunderland,Midfielder,5.7,-0.1,-0.3,a,,,,,3.4,4.0,4.0,4.0,9362,20603,42934,647178,2,,
2026-09-24T04:55:26+00:00,543,547027,Diarra,20,56,Sunderland,Midfielder,5.4,0.0,-0.1,i,Hamstring injury - Unknown return date,2026-08-30T16:30:08.428960Z,0,0,0.0,1.0,0.0,0.0,7,170,545,5853,1,,
2026-09-24T04:55:26+00:00,544,84450,Xhaka,20,56,Sunderland,Midfielder,5.5,0.0,0.0,a,,,,,3.6,3.0,3.0,3.0,5176,20229,129708,205318,,,
2026-09-24T04:55:26+00:00,545,577669,Sadiki,20,56,Sunderland,Midfielder,4.9,0.0,-0.1,a,,,,,0.2,2.0,2.0,2.0,347,1150,5660,18175,,,
2026-09-24T04:55:26+00:00,546,535818,Adingra,20,56,Sunderland,Midfielder,4.9,0.0,-0.1,u,Has joined Ajax on loan for the rest of the season,2026-08-20T14:00:08.416985Z,0,0,0.0,0.0,0.0,0.0,0,170,240,7398,,,
2026-09-24T04:55:26+00:00,547,461199,Mundle,20,56,Sunderland,Midfielder,4.9,0.0,-0.1,i,Knee injury - Unknown return date,2026-09-09T14:00:08.462705Z,0,0,0.0,0.2,0.0,0.0,8,48,199,666,,,
2026-09-24T04:55:26+00:00,548,554197,Rigg,20,56,Sunderland,Midfielder,4.9,0.0,-0.1,a,,,,,0.0,0.2,0.2,0.2,25,196,462,2816,,,
2026-09-24T04:55:26+00:00,549,549912,Talbi,20,56,Sunderland,Midfielder,5.3,0.0,-0.2,a,,,,,0.1,0.0,0.0,0.0,93,478,1326,11698,,,
2026-09-24T04:55:26+00:00,550,699989,Jocelin.T,20,56,Sunderland,Midfielder,5.0,0.0,0.0,a,,,,,0.0,0.0,0.0,0.0,24,34,298,415,,,
2026-09-24T04:55:26+00:00,551,536661,N.Angulo,20,56,Sunderland,Midfielder,5.0,0.0,0.0,a,,,,,0.1,2.8,2.8,2.8,433,656,12712,10444,,,
2026-09-24T04:55:26+00:00,552,441264,Brobbey,20,56,Sunderland,Forward,5.7,-0.1,-0.3,a,,,,,7.0,5.5,5.5,5.5,180018,24340,271476,910512,,,
2026-09-24T04:55:26+00:00,553,437505,Isidor,20,56,Sunderland,Forward,5.5,0.0,0.0,a,,,,,1.3,3.5,3.5,3.5,2151,10141,94453,85295,,,
2026-09-24T04:55:26+00:00,612,638411,Methalie,20,56,Sunderland,Defender,4.5,0.0,0.0,a,,2026-08-28T13:00:08.950445Z,100,100,0.0,-0.2,-0.2,-0.2,91,53,880,479,,,
2026-09-24T04:55:26+00:00,613,696104,Ahoka,20,56,Sunderland,Midfielder,4.5,0.0,0.0,a,,,,,0.2,0.0,0.0,0.0,502,1379,25297,14077,,,
2026-09-24T04:55:26+00:00,646,549940,Fofana,20,56,Sunderland,Midfielder,5.5,0.0,0.0,a,,,,,0.0,1.0,1.0,1.0,279,263,4015,1691,,,
2026-09-24T04:55:26+00:00,651,661313,J.Angulo,20,56,Sunderland,Forward,4.5,0.0,0.0,a,,,,,0.7,0.0,0.0,0.0,7436,6204,89304,29219,,,
