observed_at,player_id,player_code,web_name,team_id,team_code,team_name,position,price,price_change_gameweek,price_change_season,status,news,news_added,chance_of_playing_this_round,chance_of_playing_next_round,selected_by_percent,form,expected_points_this_gameweek,expected_points_next_gameweek,transfers_in_event,transfers_out_event,transfers_in_season,transfers_out_season,penalties_order,direct_free_kicks_order,corners_and_indirect_free_kicks_order
2026-10-01T05:59:12+00:00,1,154561,Raya,1,3,Arsenal,Goalkeeper,6.1,0.1,0.1,a,,,,,42.3,6.0,6.0,6.0,125763,47419,966162,639823,,,
2026-10-01T05:59:12+00:00,2,109745,Arrizabalaga,1,3,Arsenal,Goalkeeper,4.9,0.0,-0.1,a,,,,,0.1,0.0,0.0,0.0,109,255,1486,4268,,,
2026-10-01T05:59:12+00:00,3,437495,Meslier,1,3,Arsenal,Goalkeeper,4.9,0.0,-0.1,a,,,,,0.0,0.0,0.0,0.0,46,122,513,1582,,,
2026-10-01T05:59:12+00:00,4,226597,Gabriel,1,3,Arsenal,Defender,8.0,0.0,0.0,a,,,,,22.7,4.0,4.0,4.0,24425,66208,234668,909099,,,
2026-10-01T05:59:12+00:00,5,445122,J.Timber,1,3,Arsenal,Defender,6.5,0.0,0.0,a,,2026-07-23T12:01:23.272929Z,100,100,0.4,0.3,0.3,0.3,12470,4087,34126,14840,,,
2026-10-01T05:59:12+00:00,6,462424,Saliba,1,3,Arsenal,Defender,5.9,0.0,-0.1,i,Back injury - Unknown return date,2026-07-23T12:01:23.289376Z,0,0,0.2,0.0,0.0,0.0,389,1097,3471,18650,,,
2026-10-01T05:59:12+00:00,7,499169,Lewis-Skelly,1,3,Arsenal,Midfielder,5.4,-0.1,-0.1,a,,,,,0.6,1.0,1.0,1.0,914,4935,29591,49739,,,
2026-10-01T05:59:12+00:00,8,466075,Calafiori,1,3,Arsenal,Defender,5.8,0.0,0.3,a,,,,,50.5,3.0,3.0,3.0,75779,63268,1655787,401775,,,
2026-10-01T05:59:12+00:00,9,448104,Hincapie,1,3,Arsenal,Defender,5.2,-0.1,-0.3,a,,,,,0.9,0.3,0.3,0.3,1432,5702,16251,117413,,,
2026-10-01T05:59:12+00:00,10,198869,White,1,3,Arsenal,Defender,5.5,0.0,0.0,d,Groin injury - 75% chance of playing,2026-09-20T19:30:08.247780Z,100,75,4.9,1.0,1.0,0.8,3244,66974,456002,565755,,,
2026-10-01T05:59:12+00:00,11,500040,Mosquera,1,3,Arsenal,Defender,5.3,0.0,-0.2,a,,2026-09-04T14:00:08.080310Z,100,100,1.6,0.0,0.0,0.0,1191,9384,31356,468113,,,
2026-10-01T05:59:12+00:00,12,223340,Saka,1,3,Arsenal,Midfielder,9.5,0.0,0.0,a,,,,,13.7,4.0,4.0,4.0,108064,47062,787686,396913,1,,
2026-10-01T05:59:12+00:00,13,204480,Rice,1,3,Arsenal,Midfielder,7.4,0.0,-0.1,d,Unspecified injury - 75% chance of playing,2026-09-21T13:00:08.896379Z,,75,11.6,4.0,4.0,3.0,7559,82732,119405,725406,,,
2026-10-01T05:59:12+00:00,14,232413,Eze,1,3,Arsenal,Midfielder,6.2,-0.1,-0.3,a,,,,,1.0,0.7,0.7,0.7,2260,6756,23179,139600,,,
2026-10-01T05:59:12+00:00,15,184029,Ødegaard,1,3,Arsenal,Midfielder,6.8,0.0,0.3,a,,,,,19.8,5.0,5.0,5.0,76022,87918,1631742,547367,3,,
2026-10-01T05:59:12+00:00,16,248857,Madueke,1,3,Arsenal,Midfielder,6.2,0.0,-0.3,a,,,,,0.2,0.3,0.3,0.3,738,1563,6018,25983,,,
2026-10-01T05:59:12+00:00,17,195384,Merino,1,3,Arsenal,Midfielder,5.7,-0.1,-0.3,a,,,,,0.4,0.7,0.7,0.7,742,2871,9479,48161,,,
2026-10-01T05:59:12+00:00,18,444145,Martinelli,1,3,Arsenal,Midfielder,6.3,0.0,-0.2,u,Has joined Al Hilal permanently,2026-09-04T12:34:46.738449Z,0,0,0.1,0.0,0.0,0.0,0,563,2483,21864,,,
2026-10-01T05:59:12+00:00,19,481655,Zubimendi,1,3,Arsenal,Midfielder,5.3,0.0,-0.2,a,,,,,0.6,1.0,1.0,1.0,507,3696,8522,66639,,,
2026-10-01T05:59:12+00:00,20,616077,Dowman,1,3,Arsenal,Midfielder,5.3,0.0,-0.2,a,,,,,0.1,0.3,0.3,0.3,457,576,3045,7295,,,
2026-10-01T05:59:12+00:00,22,499175,Nwaneri,1,3,Arsenal,Midfielder,5.4,0.0,-0.1,u,Has joined Borussia Dortmund on loan for the rest of the season,2026-09-02T16:01:07.058827Z,0,0,0.0,0.0,0.0,0.0,0,49,233,1249,,,
2026-10-01T05:59:12+00:00,23,438098,Fábio Vieira,1,3,Arsenal,Midfielder,5.5,0.0,0.0,u,Has joined Hamburger SV permanently,2026-09-02T16:00:28.446370Z,0,0,0.0,0.0,0.0,0.0,0,39,255,918,,,
2026-10-01T05:59:12+00:00,24,200641,Nelson,1,3,Arsenal,Midfielder,5.5,0.0,0.0,u,has departed the club as a free agent.,2026-08-29T00:33:08.556767Z,0,0,0.0,0.0,0.0,0.0,0,24,68,678,,,
2026-10-01T05:59:12+00:00,25,224117,Gyökeres,1,3,Arsenal,Forward,7.1,-0.1,-0.4,a,,,,,3.1,0.7,0.7,0.7,11079,16784,39302,611108,2,,
2026-10-01T05:59:12+00:00,26,219847,Havertz,1,3,Arsenal,Forward,7.6,0.0,0.1,d,Hamstring injury - 75% chance of playing,2026-09-24T22:00:09.120308Z,,75,8.3,3.7,3.7,2.8,50380,62116,653613,422588,,,
2026-10-01T05:59:12+00:00,27,205651,G.Jesus,1,3,Arsenal,Forward,5.9,0.0,-0.1,u,Has joined FC Barcelona permanently,2026-09-02T16:00:28.475184Z,0,0,0.1,0.0,0.0,0.0,0,1014,4164,29289,,,
2026-10-01T05:59:12+00:00,31,199798,Konsa,1,3,Arsenal,Defender,4.6,0.1,0.1,a,,,,,19.4,3.7,3.7,3.7,90027,45590,1463334,636698,,,
2026-10-01T05:59:12+00:00,452,208706,Bruno G.,1,3,Arsenal,Midfielder,6.7,0.0,-0.3,a,,2026-09-04T14:00:08.328779Z,100,100,1.8,2.7,2.7,2.7,5597,7575,30543,244648,4,,
2026-10-01T05:59:12+00:00,557,439509,Tzolis,1,3,Arsenal,Midfielder,6.3,-0.1,-0.2,a,,,,,12.2,3.3,3.3,3.3,12001,138115,462368,1601323,,,
2026-10-01T05:59:12+00:00,29,72147,M.Bizot,2,7,Aston Villa,Goalkeeper,4.5,0.0,0.0,i,Back injury - Expected back 10 Oct,2026-09-17T07:30:09.058151Z,0,0,0.1,0.0,0.0,0.0,60,1006,4654,7382,,,
2026-10-01T05:59:12+00:00,30,101188,Digne,2,7,Aston Villa,Defender,4.5,0.0,0.0,u,Has joined Paris Saint-Germain permanently,2026-08-10T14:03:30.089007Z,0,0,0.0,0.0,0.0,0.0,0,231,0,8642,,,
2026-10-01T05:59:12+00:00,32,199796,Cash,2,7,Aston Villa,Defender,4.4,0.0,-0.1,a,,2026-09-09T14:30:08.192142Z,100,100,4.8,1.7,1.7,1.7,2638,24942,95289,418931,,,
2026-10-01T05:59:12+00:00,33,149484,Mings,2,7,Aston Villa,Defender,4.5,0.0,0.0,a,,,,,0.4,3.0,3.0,3.0,1676,1396,16396,17420,,,
2026-10-01T05:59:12+00:00,34,244954,Pau,2,7,Aston Villa,Defender,4.4,-0.1,-0.1,i,Hamstring injury - Expected back 10 Oct,2026-09-12T18:00:08.712707Z,0,0,0.3,0.3,0.0,0.0,44,3113,11237,27471,,,
2026-10-01T05:59:12+00:00,35,515597,Bogarde,2,7,Aston Villa,Midfielder,4.9,-0.1,-0.1,a,,,,,0.1,0.0,0.0,0.0,173,440,2914,4768,,,
2026-10-01T05:59:12+00:00,36,441302,Maatsen,2,7,Aston Villa,Defender,4.4,-0.1,-0.1,i,Ankle injury - Unknown return date,2026-09-12T18:00:08.729468Z,0,0,0.5,2.7,0.0,0.0,50,6104,31892,61842,,,
2026-10-01T05:59:12+00:00,37,184667,Lindelöf,2,7,Aston Villa,Defender,4.5,0.0,0.0,a,,,,,0.3,2.7,2.7,2.7,1008,1276,14608,14299,,,
2026-10-01T05:59:12+00:00,38,606798,A.García,2,7,Aston Villa,Defender,4.0,0.0,0.0,a,,,,,1.5,0.0,0.0,0.0,1830,6026,45276,67926,,,
2026-10-01T05:59:12+00:00,39,578545,Nedeljkovic,2,7,Aston Villa,Defender,4.0,0.0,0.0,u,Has joined Rangers on loan for the rest of the season,2026-08-19T13:56:46.385411Z,0,0,0.1,0.0,0.0,0.0,0,553,0,15238,,,
2026-10-01T05:59:12+00:00,41,195546,Buendía,2,7,Aston Villa,Midfielder,5.9,0.0,-0.1,a,,,,,1.0,5.7,5.7,5.7,12060,4118,60044,95263,1,,
2026-10-01T05:59:12+00:00,44,215711,Bailey,2,7,Aston Villa,Midfielder,5.4,0.0,-0.1,u,Has joined Olympiakos permanently,2026-09-04T12:35:14.472260Z,0,0,0.1,0.0,0.0,0.0,0,488,2096,13219,,,
2026-10-01T05:59:12+00:00,45,122806,McGinn,2,7,Aston Villa,Midfielder,5.4,0.0,-0.1,a,,,,,2.2,5.0,5.0,5.0,6744,8414,70575,155376,,,
2026-10-01T05:59:12+00:00,46,88894,Barkley,2,7,Aston Villa,Midfielder,5.0,0.0,0.0,a,,,,,0.3,2.0,2.0,2.0,559,1755,16116,16232,,,
2026-10-01T05:59:12+00:00,47,226944,Kamara,2,7,Aston Villa,Midfielder,5.0,0.0,0.0,a,,2026-07-23T12:01:23.337269Z,100,100,0.3,3.7,3.7,3.7,1294,1556,14503,21504,,,
2026-10-01T05:59:12+00:00,48,449871,Onana,2,7,Aston Villa,Midfielder,4.9,0.0,-0.1,i,Knee injury - Unknown return date,2026-07-23T12:01:23.352497Z,0,0,0.0,0.0,0.0,0.0,40,94,511,1664,,,
2026-10-01T05:59:12+00:00,49,469247,Iling Jr,2,7,Aston Villa,Midfielder,5.0,0.0,0.0,u,Has joined Bolton Wanderers on loan for the rest of the season,2026-08-17T13:52:28.532616Z,0,0,0.0,0.0,0.0,0.0,0,10,0,235,,,
2026-10-01T05:59:12+00:00,50,645618,Burrowes,2,7,Aston Villa,Midfielder,4.5,0.0,0.0,a,,,,,0.6,0.0,0.0,0.0,633,3368,21458,35092,,,
2026-10-01T05:59:12+00:00,51,577285,George Hemmings,2,7,Aston Villa,Midfielder,4.5,0.0,0.0,a,,,,,1.2,1.7,1.7,1.7,3170,9567,115853,69500,,,
2026-10-01T05:59:12+00:00,52,653481,Alysson,2,7,Aston Villa,Midfielder,5.0,0.0,0.0,d,Unspecified injury - 75% chance of playing,2026-09-19T11:30:09.355376Z,,75,0.0,2.3,2.3,1.7,68,778,3354,3641,,,
2026-10-01T05:59:12+00:00,53,614071,Manzambi,2,7,Aston Villa,Midfielder,5.9,0.0,-0.1,a,,2026-08-15T15:30:06.388335Z,100,100,0.4,4.7,4.7,4.7,27905,3217,30891,19836,,,
2026-10-01T05:59:12+00:00,54,448089,Gomes,2,7,Aston Villa,Midfielder,5.5,0.0,0.0,a,,2026-09-16T19:30:08.742410Z,100,100,0.0,1.3,1.3,1.3,457,194,1296,4103,,,
2026-10-01T05:59:12+00:00,55,178301,Watkins,2,7,Aston Villa,Forward,7.8,0.0,-0.2,u,Has joined Al Hilal permanently,2026-09-01T13:15:16.698799Z,0,0,2.5,0.0,0.0,0.0,0,12527,14882,759908,,,
2026-10-01T05:59:12+00:00,56,173879,Abraham,2,7,Aston Villa,Forward,5.5,0.0,0.0,a,,2026-08-15T16:00:07.558543Z,100,100,0.2,1.0,1.0,1.0,1666,1712,15714,12888,,,
2026-10-01T05:59:12+00:00,160,493105,Garnacho,2,7,Aston Villa,Midfielder,5.8,0.0,-0.2,a,,,,,0.3,0.3,0.3,0.3,527,2747,7475,41200,,,
2026-10-01T05:59:12+00:00,166,517052,N.Jackson,2,7,Aston Villa,Forward,6.5,0.0,0.0,a,,,,,1.5,2.7,2.7,2.7,35618,7924,180880,84864,2,,
2026-10-01T05:59:12+00:00,582,690838,Madjo,2,7,Aston Villa,Forward,5.4,0.0,-0.1,i,Unspecified injury - Unknown return date,2026-08-15T16:00:07.974271Z,0,0,0.2,0.0,0.0,0.0,199,1760,2884,30531,,,
2026-10-01T05:59:12+00:00,596,487992,Ruggeri,2,7,Aston Villa,Defender,4.5,0.0,0.0,a,,,,,0.1,1.3,1.3,1.3,512,329,3155,5593,,,
2026-10-01T05:59:12+00:00,597,433969,Suzuki,2,7,Aston Villa,Goalkeeper,5.0,0.0,0.0,a,,,,,1.9,4.7,4.7,4.7,13419,6436,150983,62295,,,
2026-10-01T05:59:12+00:00,606,569577,Rowe,2,7,Aston Villa,Defender,4.0,0.0,0.0,a,,,,,0.2,0.0,0.0,0.0,314,891,13010,6146,,,
2026-10-01T05:59:12+00:00,607,571380,Lynch,2,7,Aston Villa,Midfielder,4.5,0.0,0.0,u,Has joined Oxford United on loan until January,2026-09-04T12:35:39.820426Z,0,0,0.1,0.0,0.0,0.0,0,701,7103,8145,,,
2026-10-01T05:59:12+00:00,611,214590,Wan-Bissaka,2,7,Aston Villa,Defender,4.5,0.0,0.0,a,,,,,0.2,1.7,1.7,1.7,1432,1413,18285,7746,,,
2026-10-01T05:59:12+00:00,618,119090,Goretzka,2,7,Aston Villa,Midfielder,5.9,0.0,-0.1,i,Knee injury - Expected back 10 Oct,2026-09-09T09:30:08.229436Z,0,0,0.0,0.0,0.0,0.0,23,416,4632,4730,,,
2026-10-01T05:59:12+00:00,630,245719,Harwood-Bellis,2,7,Aston Villa,Defender,4.5,0.0,0.0,a,,,,,0.0,0.0,0.0,0.0,186,182,2163,988,,,
2026-10-01T05:59:12+00:00,631,638987,Mbaye,2,7,Aston Villa,Midfielder,6.0,0.0,0.0,a,,,,,0.1,0.7,0.7,0.7,890,1105,10398,4786,,,
2026-10-01T05:59:12+00:00,667,481283,Wright,2,7,Aston Villa,Goalkeeper,4.0,0.0,0.0,a,,,,,0.1,0.0,1.0,1.0,7094,825,7094,825,,,
2026-10-01T05:59:12+00:00,57,457569,Petrović,3,91,Bournemouth,Goalkeeper,4.5,0.0,0.0,a,,,,,3.0,1.3,1.3,1.3,6131,11589,112114,124260,,,
2026-10-01T05:59:12+00:00,58,40383,Forster,3,91,Bournemouth,Goalkeeper,4.0,0.0,0.0,a,,,,,3.5,0.0,0.0,0.0,8101,7240,117295,79061,,,
2026-10-01T05:59:12+00:00,59,444172,Dennis,3,91,Bournemouth,Goalkeeper,4.0,0.0,0.0,u,Has joined MK Dons permanently,2026-08-27T14:53:48.692835Z,0,0,0.1,0.0,0.0,0.0,0,547,1133,7515,,,
2026-10-01T05:59:12+00:00,60,463981,Hill,3,91,Bournemouth,Defender,5.5,0.0,0.0,a,,,,,0.8,2.3,2.3,2.3,3117,3085,30858,43679,,,
2026-10-01T05:59:12+00:00,61,494521,Truffert,3,91,Bournemouth,Defender,5.4,-0.1,-0.1,a,,,,,3.0,1.7,1.7,1.7,4519,12053,56388,160336,,,
2026-10-01T05:59:12+00:00,62,242882,Diakité,3,91,Bournemouth,Defender,4.9,-0.1,-0.1,a,,,,,0.2,0.0,0.0,0.0,465,954,7123,12019,,,
2026-10-01T05:59:12+00:00,63,620487,Milosavljević,3,91,Bournemouth,Defender,4.9,0.0,-0.1,i,Thigh injury - Unknown return date,2026-08-06T10:00:10.456051Z,0,0,0.0,0.0,0.0,0.0,30,45,336,842,,,
2026-10-01T05:59:12+00:00,64,54469,Smith,3,91,Bournemouth,Defender,4.5,0.0,0.0,a,,,,,0.1,0.7,0.7,0.7,397,474,7195,7302,,,
2026-10-01T05:59:12+00:00,65,436893,J.Araujo,3,91,Bournemouth,Defender,4.4,0.0,-0.1,i,Thigh injury - Unknown return date,2026-08-09T08:00:05.645826Z,0,0,0.0,0.0,0.0,0.0,37,53,421,1292,,,
2026-10-01T05:59:12+00:00,66,575901,Soler,3,91,Bournemouth,Defender,4.0,0.0,0.0,a,,2026-08-15T16:30:07.021055Z,100,100,0.3,0.0,0.0,0.0,732,1112,13823,10997,,,
2026-10-01T05:59:12+00:00,67,499604,Rayan,3,91,Bournemouth,Midfielder,6.3,-0.1,-0.2,a,,,,,1.6,2.0,2.0,2.0,3961,9683,52631,169179,,,
2026-10-01T05:59:12+00:00,68,201658,Tavernier,3,91,Bournemouth,Midfielder,6.1,0.0,0.1,a,,,,,6.8,6.7,6.7,6.7,81785,43591,692978,218315,3,,
2026-10-01T05:59:12+00:00,69,503139,Scott,3,91,Bournemouth,Midfielder,6.1,0.0,0.1,a,,,,,5.8,5.3,5.3,5.3,23703,38246,547606,208422,,,
2026-10-01T05:59:12+00:00,70,222683,Kluivert,3,91,Bournemouth,Midfielder,6.0,0.0,0.0,i,Unspecified injury - Unknown return date,2026-09-20T15:30:09.074071Z,,0,0.9,3.0,3.0,0.0,2297,17848,52654,82730,2,,
2026-10-01T05:59:12+00:00,71,155408,Cook,3,91,Bournemouth,Midfielder,5.0,0.0,0.0,a,,,,,0.2,0.7,0.7,0.7,265,1141,13099,13922,,,
2026-10-01T05:59:12+00:00,72,496208,Gannon-Doak,3,91,Bournemouth,Midfielder,4.9,0.0,-0.1,a,,,,,0.1,1.0,1.0,1.0,137,375,1637,4635,,,
2026-10-01T05:59:12+00:00,73,200785,Adams,3,91,Bournemouth,Midfielder,5.0,0.0,0.0,a,,2026-08-15T16:30:07.029928Z,100,100,0.3,3.3,3.3,3.3,1094,1639,18303,16630,,,
2026-10-01T05:59:12+00:00,74,111317,Brooks,3,91,Bournemouth,Midfielder,5.0,0.0,0.0,a,,2026-08-15T16:30:07.037929Z,100,100,0.1,0.7,0.7,0.7,175,324,3357,3782,,,
2026-10-01T05:59:12+00:00,75,158499,Christie,3,91,Bournemouth,Midfielder,5.0,0.0,0.0,a,,2026-07-24T17:30:10.035483Z,100,100,0.0,1.3,1.3,1.3,292,247,3547,2192,,,
2026-10-01T05:59:12+00:00,76,614574,Tóth.A,3,91,Bournemouth,Midfielder,4.9,0.0,-0.1,a,,,,,0.0,0.3,0.3,0.3,26,54,383,783,,,
2026-10-01T05:59:12+00:00,77,489888,Adli,3,91,Bournemouth,Midfielder,4.9,0.0,-0.1,i,Calf injury - Unknown return date,2026-08-15T16:00:07.590566Z,0,0,0.0,0.0,0.0,0.0,22,75,291,2216,,,
2026-10-01T05:59:12+00:00,78,560262,Kroupi.Jr,3,91,Bournemouth,Midfielder,7.4,0.0,-0.1,i,Foot injury - Expected back 7 Nov,2026-07-29T17:30:09.796802Z,0,0,0.2,0.0,0.0,0.0,186,844,1232,27362,1,,
2026-10-01T05:59:12+00:00,79,444102,Evanilson,3,91,Bournemouth,Forward,6.0,0.0,0.0,a,,,,,3.2,3.0,3.0,3.0,17517,20825,252978,175652,,,
2026-10-01T05:59:12+00:00,80,168636,Enes Ünal,3,91,Bournemouth,Forward,5.5,0.0,0.0,u,Has joined Getafe permanently,2026-08-14T14:14:21.881112Z,0,0,0.0,0.0,0.0,0.0,0,48,0,1980,,,
2026-10-01T05:59:12+00:00,81,561245,Rodríguez,3,91,Bournemouth,Forward,6.0,0.0,0.0,a,,2026-08-15T16:30:07.054142Z,100,100,0.1,0.3,0.3,0.3,764,718,5471,6849,,,
2026-10-01T05:59:12+00:00,566,483067,Silva,3,91,Bournemouth,Defender,5.0,0.0,0.0,a,,,,,0.4,2.3,2.3,2.3,6039,3571,31501,25012,,,
2026-10-01T05:59:12+00:00,573,494928,Sanchez,3,91,Bournemouth,Defender,4.4,0.0,-0.1,a,,,,,0.2,0.0,0.0,0.0,151,433,1571,7090,,,
2026-10-01T05:59:12+00:00,608,523700,Jebbison,3,91,Bournemouth,Forward,5.0,0.0,0.0,a,,,,,0.1,0.7,0.7,0.7,876,889,13239,7244,,,
2026-10-01T05:59:12+00:00,615,230650,Di Gregorio,3,91,Bournemouth,Goalkeeper,4.5,0.0,0.0,a,,,,,0.0,0.0,0.0,0.0,183,193,2926,1742,,,
2026-10-01T05:59:12+00:00,82,200720,Kelleher,4,94,Brentford,Goalkeeper,5.0,0.0,0.0,a,,,,,6.1,3.7,3.7,3.7,19703,13398,251340,213664,,,
2026-10-01T05:59:12+00:00,83,507433,Valdimarsson,4,94,Brentford,Goalkeeper,4.5,0.0,0.0,a,,,,,0.1,0.0,0.0,0.0,294,331,2859,4581,,,
2026-10-01T05:59:12+00:00,84,432830,Collins,4,94,Brentford,Defender,5.4,0.0,-0.1,i,Calf injury - Unknown return date,2026-09-05T18:00:06.182495Z,0,0,1.0,0.3,0.0,0.0,118,9321,58737,156677,,,
2026-10-01T05:59:12+00:00,85,444765,Van den Berg,4,94,Brentford,Defender,4.9,0.0,-0.1,i,Groin injury - Unknown return date,2026-08-15T15:30:06.416627Z,0,0,0.1,0.0,0.0,0.0,38,341,411,8947,,,
2026-10-01T05:59:12+00:00,86,249231,Lewis-Potter,4,94,Brentford,Midfielder,5.5,0.0,0.0,a,,,,,1.7,2.0,2.0,2.0,3654,11878,190299,120259,,,
2026-10-01T05:59:12+00:00,87,191866,Ajer,4,94,Brentford,Defender,4.5,0.0,0.0,a,,,,,3.9,3.3,3.3,3.3,11120,22604,316607,276296,,,
2026-10-01T05:59:12+00:00,88,607464,Kayode,4,94,Brentford,Defender,4.6,0.0,0.1,a,,,,,7.6,2.7,2.7,2.7,13061,21029,595759,367263,,,
2026-10-01T05:59:12+00:00,89,194010,Henry,4,94,Brentford,Defender,4.4,0.0,-0.1,a,,,,,0.2,0.0,0.0,0.0,159,583,1983,8581,,,
2026-10-01T05:59:12+00:00,90,472713,Hickey,4,94,Brentford,Defender,4.5,0.0,0.0,a,,,,,0.1,1.0,1.0,1.0,179,247,2093,2980,,,
2026-10-01T05:59:12+00:00,92,570241,Ji-soo,4,94,Brentford,Defender,4.4,-0.1,-0.1,a,,,,,0.0,0.0,0.0,0.0,58,88,492,960,,,
2026-10-01T05:59:12+00:00,93,513086,Schuster,4,94,Brentford,Defender,4.5,0.0,0.0,a,,,,,0.3,7.0,7.0,7.0,15011,2288,16573,6776,,,
2026-10-01T05:59:12+00:00,94,513418,Schade,4,94,Brentford,Midfielder,6.2,0.1,0.2,a,,,,,11.5,8.7,8.7,8.7,389114,24514,1008969,244518,2,,
2026-10-01T05:59:12+00:00,95,533463,O.Dango,4,94,Brentford,Midfielder,6.3,0.0,-0.2,a,,,,,0.5,1.0,1.0,1.0,801,3627,15162,82206,,,
2026-10-01T05:59:12+00:00,96,440089,Damsgaard,4,94,Brentford,Midfielder,5.4,0.0,-0.1,a,,,,,0.4,4.0,4.0,4.0,1556,2026,15067,30142,,,
2026-10-01T05:59:12+00:00,97,207283,Jensen,4,94,Brentford,Midfielder,5.4,0.0,-0.1,i,Unspecified injury - Expected back 10 Oct,2026-08-30T12:30:08.176795Z,0,0,0.1,0.0,0.0,0.0,20,635,4505,15069,3,,
2026-10-01T05:59:12+00:00,98,204580,Janelt,4,94,Brentford,Midfielder,5.0,0.0,0.0,a,,,,,2.5,6.0,6.0,6.0,19346,17673,306406,106764,,,
2026-10-01T05:59:12+00:00,99,543295,Milambo,4,94,Brentford,Midfielder,5.0,0.0,0.0,i,Knee injury - Unknown return date,2026-07-23T12:01:23.384798Z,0,0,0.0,0.0,0.0,0.0,6,7,115,159,,,
2026-10-01T05:59:12+00:00,100,244858,Carvalho,4,94,Brentford,Midfielder,5.0,0.0,0.0,a,,2026-08-18T13:58:17.442072Z,100,100,0.0,2.0,2.0,2.0,606,174,1904,1452,,,
2026-10-01T05:59:12+00:00,102,508395,Yarmoliuk,4,94,Brentford,Midfielder,4.8,0.0,-0.2,a,,,,,0.6,2.3,2.3,2.3,1323,3250,5776,61600,,,
2026-10-01T05:59:12+00:00,103,183656,Dasilva,4,94,Brentford,Midfielder,4.9,0.0,-0.1,i,Hamstring injury - Expected back 10 Oct,2026-09-04T13:30:08.371955Z,0,0,0.0,0.0,0.0,0.0,9,102,400,1947,,,
2026-10-01T05:59:12+00:00,105,444180,Anthony,4,94,Brentford,Midfielder,5.9,0.0,-0.1,a,,,,,0.1,4.0,4.0,4.0,2312,607,7310,11008,,,
2026-10-01T05:59:12+00:00,106,502500,Thiago,4,94,Brentford,Forward,7.8,0.0,-0.2,a,,,,,9.1,2.7,2.7,2.7,57192,37834,277615,1034742,1,,
2026-10-01T05:59:12+00:00,107,593174,Furo,4,94,Brentford,Forward,4.5,0.0,0.0,i,Unspecified injury - Unknown return date,2026-09-14T14:00:09.985723Z,0,0,0.9,0.0,0.0,0.0,616,9457,61689,66619,,,
2026-10-01T05:59:12+00:00,108,75115,Wilson,4,94,Brentford,Forward,5.4,-0.1,-0.1,a,,,,,0.3,0.3,0.3,0.3,1193,2444,15542,26509,,,
2026-10-01T05:59:12+00:00,565,513545,M.Sangaré,4,94,Brentford,Midfielder,5.6,-0.1,0.1,a,,,,,9.9,1.3,1.3,1.3,8350,138097,1227638,819986,,,
2026-10-01T05:59:12+00:00,620,613804,Diouf,4,94,Brentford,Defender,4.5,0.0,0.0,a,,,,,0.1,0.7,0.7,0.7,468,676,13629,7338,,,
2026-10-01T05:59:12+00:00,657,626464,Nunes,4,94,Brentford,Midfielder,4.5,0.0,0.0,a,,,,,0.0,0.0,0.0,0.0,342,267,2084,660,,,
2026-10-01T05:59:12+00:00,660,612534,Fredrick,4,94,Brentford,Defender,4.0,0.0,0.0,a,,,,,0.0,0.0,1.1,1.1,519,66,519,66,,,
2026-10-01T05:59:12+00:00,661,235448,Balcombe,4,94,Brentford,Goalkeeper,4.0,0.0,0.0,a,,,,,0.0,0.0,1.0,1.0,2867,541,2867,541,,,
2026-10-01T05:59:12+00:00,109,489639,Verbruggen,5,36,Brighton,Goalkeeper,4.5,0.0,0.0,a,,,,,21.6,5.7,5.7,5.7,71722,71430,765197,607284,,,
2026-10-01T05:59:12+00:00,111,49262,Steele,5,36,Brighton,Goalkeeper,4.0,0.0,0.0,a,,,,,4.1,0.0,0.0,0.0,7107,14656,147294,120411,,,
2026-10-01T05:59:12+00:00,113,231416,F.Kadıoğlu,5,36,Brighton,Defender,4.4,0.0,-0.1,a,,2026-08-23T13:00:07.595211Z,100,100,1.6,4.3,4.3,4.3,3953,6837,30366,134380,,,
2026-10-01T05:59:12+00:00,114,204120,Boscagli,5,36,Brighton,Defender,4.5,0.0,0.0,a,,,,,0.3,4.7,4.7,4.7,2012,777,16229,11854,,,
2026-10-01T05:59:12+00:00,115,465730,De Cuyper,5,36,Brighton,Defender,5.0,0.1,0.5,a,,,,,27.8,7.0,7.0,7.0,297815,21095,2716154,406126,,,
2026-10-01T05:59:12+00:00,116,83299,Dunk,5,36,Brighton,Defender,4.5,0.0,0.0,d,Neck injury - 75% chance of playing,2026-09-22T09:30:09.629652Z,,75,1.5,5.7,5.7,4.3,7561,9681,89122,50745,,,
2026-10-01T05:59:12+00:00,117,550090,Coppola,5,36,Brighton,Defender,4.5,0.0,0.0,a,,,,,0.0,0.0,0.0,0.0,108,97,920,1060,,,
2026-10-01T05:59:12+00:00,118,223434,Igor,5,36,Brighton,Defender,4.5,0.0,0.0,u,Has joined Burnley permanently,2026-09-02T15:38:15.529699Z,0,0,0.0,0.0,0.0,0.0,0,288,915,5931,,,
2026-10-01T05:59:12+00:00,119,451490,Costinha,5,36,Brighton,Defender,4.5,0.0,0.0,a,,,,,0.0,1.0,1.0,1.0,170,134,1275,1459,,,
2026-10-01T05:59:12+00:00,120,454490,Svoboda,5,36,Brighton,Defender,5.0,0.0,0.0,a,,,,,0.1,0.3,0.3,0.3,1321,463,4497,3985,,,
2026-10-01T05:59:12+00:00,121,451340,Mitoma,5,36,Brighton,Midfielder,5.9,0.0,-0.1,i,Hamstring injury - Expected back 10 Oct,2026-07-24T18:30:10.661894Z,0,0,0.0,0.0,0.0,0.0,125,173,551,3110,,,
2026-10-01T05:59:12+00:00,122,592031,Minteh,5,36,Brighton,Midfielder,5.8,-0.1,-0.2,i,Leg injury - Expected back 28 Nov,2026-08-14T18:00:06.418033Z,0,0,0.0,0.0,0.0,0.0,45,223,335,6897,,,
2026-10-01T05:59:12+00:00,123,532529,Hinshelwood,5,36,Brighton,Midfielder,5.9,0.0,-0.1,i,Ankle injury - Expected back 10 Oct,2026-08-27T19:30:07.780933Z,0,0,0.6,0.0,0.0,0.0,272,6742,147893,215968,,,
2026-10-01T05:59:12+00:00,124,60307,Groß,5,36,Brighton,Midfielder,5.8,0.1,0.3,a,,,,,28.9,10.7,10.7,10.7,785822,11784,2146315,541567,1,,
2026-10-01T05:59:12+00:00,125,463067,Georginio,5,36,Brighton,Forward,5.3,-0.1,-0.2,a,,2026-08-26T16:00:07.608056Z,100,100,0.5,0.3,0.3,0.3,2640,3808,34637,76436,,,
2026-10-01T05:59:12+00:00,126,219249,O'Riley,5,36,Brighton,Midfielder,5.4,0.0,-0.1,a,,,,,0.1,0.7,0.7,0.7,421,564,3595,6520,3,,
2026-10-01T05:59:12+00:00,127,514254,Gomez,5,36,Brighton,Midfielder,5.0,0.0,0.0,a,,,,,4.0,4.3,4.3,4.3,12116,38123,334623,299754,,,
2026-10-01T05:59:12+00:00,128,536916,Buonanotte,5,36,Brighton,Midfielder,5.0,0.0,0.0,u,Has joined Elche on loan for the rest of the season,2026-08-10T14:03:07.561436Z,0,0,0.0,0.0,0.0,0.0,0,7,0,330,,,
2026-10-01T05:59:12+00:00,129,509416,Ayari,5,36,Brighton,Midfielder,5.4,0.0,-0.1,a,,2026-08-30T18:00:07.935334Z,100,100,0.4,4.3,4.3,4.3,2300,1983,12541,41538,,,
2026-10-01T05:59:12+00:00,130,467779,Wieffer,5,36,Brighton,Defender,4.9,0.0,-0.1,i,Knee injury - Unknown return date,2026-09-04T09:30:08.612904Z,0,0,0.2,0.0,0.0,0.0,30,1960,25945,43392,,,
2026-10-01T05:59:12+00:00,132,597320,Howell,5,36,Brighton,Midfielder,4.5,0.0,0.0,u,Has joined Leicester City on loan for the rest of the season,2026-08-17T13:53:19.019938Z,0,0,0.0,0.0,0.0,0.0,0,201,0,3679,,,
2026-10-01T05:59:12+00:00,133,549074,Watson,5,36,Brighton,Midfielder,5.0,0.0,0.0,u,Has joined Leicester City on loan for the rest of the season,2026-08-03T14:05:44.459483Z,0,0,0.0,0.0,0.0,0.0,0,5,0,136,,,
2026-10-01T05:59:12+00:00,134,556637,Oriola,5,36,Brighton,Midfielder,4.5,0.0,0.0,a,,,,,0.2,0.0,0.0,0.0,355,1336,8759,14204,,,
2026-10-01T05:59:12+00:00,135,700308,Yohanna,5,36,Brighton,Midfielder,4.8,-0.1,-0.2,i,Unspecified injury - Expected back 10 Oct,2026-09-10T13:00:08.617941Z,0,0,0.0,0.0,0.0,0.0,24,389,1267,5496,,,
2026-10-01T05:59:12+00:00,137,608181,Tzimas,5,36,Brighton,Forward,5.4,0.0,-0.1,i,Knee injury - Unknown return date,2026-07-23T12:01:23.432796Z,0,0,0.0,0.0,0.0,0.0,37,51,334,749,,,
2026-10-01T05:59:12+00:00,138,647850,Kostoulas,5,36,Brighton,Forward,5.6,0.1,0.1,a,,,,,4.1,7.3,7.3,7.3,310507,18702,415198,51212,,,
2026-10-01T05:59:12+00:00,139,487117,Ferguson,5,36,Brighton,Forward,5.0,0.0,0.0,i,Ankle injury - Expected back 10 Oct,2026-07-23T12:01:23.448357Z,0,0,0.0,0.0,0.0,0.0,132,255,1583,2524,,,
2026-10-01T05:59:12+00:00,328,222694,Struijk,5,36,Brighton,Defender,4.9,0.0,-0.1,d,Hamstring injury - 75% chance of playing,2026-09-22T10:00:09.404233Z,100,75,0.2,2.3,2.3,1.7,640,854,5669,12105,,,
2026-10-01T05:59:12+00:00,504,610799,Vuskovic,5,36,Brighton,Defender,5.0,0.0,0.0,a,,,,,3.7,8.7,8.7,8.7,55608,13182,258708,137994,,,
2026-10-01T05:59:12+00:00,594,538007,David,5,36,Brighton,Forward,5.9,-0.1,-0.1,a,,,,,0.2,0.0,0.0,0.0,3153,2196,15015,22469,2,,
2026-10-01T05:59:12+00:00,600,612855,Osman,5,36,Brighton,Midfielder,5.0,0.0,0.0,a,,,,,0.0,0.3,0.3,0.3,116,126,947,1093,,,
2026-10-01T05:59:12+00:00,605,611695,Yalcouyé,5,36,Brighton,Midfielder,4.5,0.0,0.0,a,,,,,4.0,3.7,3.7,3.7,25923,32714,554812,170668,,,
2026-10-01T05:59:12+00:00,614,512123,Hadjam,5,36,Brighton,Defender,4.5,0.0,0.0,a,,,,,0.0,0.0,0.0,0.0,247,250,3986,1955,,,
2026-10-01T05:59:12+00:00,624,519324,Cozier-Duberry,5,36,Brighton,Midfielder,5.0,0.0,0.0,u,Has joined Middlesbrough on loan for the rest of the season,2026-09-02T15:38:15.552951Z,0,0,0.0,0.0,0.0,0.0,0,5,117,113,,,
2026-10-01T05:59:12+00:00,639,592984,Andrés,5,36,Brighton,Midfielder,5.5,0.0,0.0,a,,,,,0.0,4.0,4.0,4.0,2728,309,3972,777,,,
2026-10-01T05:59:12+00:00,652,471551,Azeez,5,36,Brighton,Midfielder,5.5,0.0,0.0,i,Hamstring injury - Expected back 10 Oct,2026-09-04T11:30:08.661589Z,0,0,0.0,0.0,0.0,0.0,19,44,442,201,,,
2026-10-01T05:59:12+00:00,658,661016,Ibrahim,5,36,Brighton,Midfielder,4.5,0.0,0.0,a,,,,,0.0,0.0,0.0,0.0,311,217,1474,485,,,
2026-10-01T05:59:12+00:00,28,98980,Martinez,6,8,Chelsea,Goalkeeper,5.0,0.0,0.0,a,,,,,4.7,2.3,2.3,2.3,7514,21841,245281,246422,,,
2026-10-01T05:59:12+00:00,40,244850,Rogers,6,8,Chelsea,Midfielder,7.7,0.0,0.2,a,,,,,40.5,5.3,5.3,5.3,146442,69711,2475865,661398,,,
2026-10-01T05:59:12+00:00,101,56979,Henderson,6,8,Chelsea,Midfielder,4.9,0.0,-0.1,a,,2026-08-09T09:30:07.136250Z,50,100,0.0,0.7,0.3,0.7,506,153,1119,2627,,,
2026-10-01T05:59:12+00:00,136,50175,Welbeck,6,8,Chelsea,Forward,5.9,0.0,-0.1,a,,2026-08-20T14:00:07.949090Z,100,100,1.0,1.3,1.3,1.3,7463,9213,61399,83117,,,
2026-10-01T05:59:12+00:00,140,215059,Sánchez,6,8,Chelsea,Goalkeeper,4.9,0.0,-0.1,u,Has joined Como on loan for the rest of the season,2026-09-02T16:20:41.841936Z,0,0,0.7,0.0,0.0,0.0,0,4787,10847,176395,,,
2026-10-01T05:59:12+00:00,141,508479,Jörgensen,6,8,Chelsea,Goalkeeper,5.0,0.0,0.0,u,Has joined RC Strasbourg on loan for the rest of the season,2026-08-12T14:07:02.607115Z,0,0,0.0,0.0,0.0,0.0,0,31,0,949,,,
2026-10-01T05:59:12+00:00,142,225796,James,6,8,Chelsea,Defender,5.4,0.0,-0.1,d,Hamstring injury - 75% chance of playing,2026-09-18T10:30:09.719371Z,75,75,5.8,0.7,0.5,0.5,616,77257,168821,599946,,,
2026-10-01T05:59:12+00:00,143,180736,Chalobah,6,8,Chelsea,Defender,5.5,0.0,0.0,u,Has joined Como permanently,2026-08-10T14:03:50.769483Z,0,0,0.1,0.0,0.0,0.0,0,313,0,13943,,,
2026-10-01T05:59:12+00:00,144,482609,Gusto,6,8,Chelsea,Defender,4.9,-0.1,-0.1,a,,,,,1.0,0.7,0.7,0.7,1560,6850,36887,67330,,,
2026-10-01T05:59:12+00:00,145,444463,Fofana,6,8,Chelsea,Defender,5.0,0.0,0.0,a,,2026-07-23T12:01:23.464591Z,100,100,0.2,2.7,2.7,2.7,2449,1281,18555,8222,,,
2026-10-01T05:59:12+00:00,146,242880,B.Badiashile,6,8,Chelsea,Defender,4.5,0.0,0.0,u,Has joined Napoli on loan for the rest of the season,2026-08-25T14:03:47.079414Z,0,0,0.0,0.0,0.0,0.0,0,43,232,1940,,,
2026-10-01T05:59:12+00:00,148,551210,Hato,6,8,Chelsea,Defender,4.5,0.0,0.0,a,,,,,0.8,1.0,1.0,1.0,807,7290,91202,59617,,,
2026-10-01T05:59:12+00:00,149,460028,Colwill,6,8,Chelsea,Defender,4.8,-0.1,-0.2,a,,,,,0.9,0.7,0.7,0.7,1051,5365,26707,98390,,,
2026-10-01T05:59:12+00:00,150,574458,M.Sarr,6,8,Chelsea,Defender,4.5,0.0,0.0,u,Has joined Real Sociedad on loan for the rest of the season,2026-08-29T00:34:23.077418Z,0,0,0.0,0.0,0.0,0.0,0,168,429,5984,,,
2026-10-01T05:59:12+00:00,151,577016,Acheampong,6,8,Chelsea,Defender,4.5,0.0,0.0,a,,,,,0.3,0.3,0.3,0.3,413,1927,21125,22486,,,
2026-10-01T05:59:12+00:00,152,620109,Palestra,6,8,Chelsea,Defender,5.3,0.0,-0.2,d,Thigh injury - 50% chance of playing,2026-08-24T18:30:07.421239Z,50,50,0.6,0.0,0.0,0.0,217,3782,6677,220323,,,
2026-10-01T05:59:12+00:00,154,244851,Palmer,6,8,Chelsea,Midfielder,9.7,0.0,0.2,d,Muscular injury - 75% chance of playing,2026-09-21T13:00:09.022726Z,100,75,25.7,2.7,2.7,2.0,47998,166245,1951374,661551,1,,
2026-10-01T05:59:12+00:00,156,247632,Neto,6,8,Chelsea,Midfielder,6.5,0.0,0.0,a,,,,,1.4,2.0,2.0,2.0,5087,9571,82212,91222,,,
2026-10-01T05:59:12+00:00,157,624773,Estêvão,6,8,Chelsea,Midfielder,6.3,0.0,-0.2,a,,,,,0.7,1.0,1.0,1.0,1756,4311,17670,87046,2,,
2026-10-01T05:59:12+00:00,158,463936,Gittens,6,8,Chelsea,Midfielder,5.8,-0.1,-0.2,d,Ankle injury - 75% chance of playing,2026-09-26T05:30:09.245832Z,,75,0.0,0.0,0.0,0.0,154,253,1133,2883,,,
2026-10-01T05:59:12+00:00,159,486672,Caicedo,6,8,Chelsea,Midfielder,5.3,0.0,-0.2,d,Calf injury - 50% chance of playing,2026-08-30T16:00:08.393562Z,50,50,1.0,0.0,0.0,0.0,409,8839,15047,281231,,,
2026-10-01T05:59:12+00:00,161,514356,Lavia,6,8,Chelsea,Midfielder,5.0,0.0,0.0,a,,,,,0.2,1.0,1.0,1.0,427,2438,25802,15548,,,
2026-10-01T05:59:12+00:00,163,491007,D.Essugo,6,8,Chelsea,Midfielder,4.5,0.0,0.0,u,Has joined RC Strasbourg on loan for the rest of the season,2026-09-02T16:20:41.865225Z,0,0,0.1,0.0,0.0,0.0,0,719,2698,14431,,,
2026-10-01T05:59:12+00:00,164,593117,Quenda,6,8,Chelsea,Midfielder,5.3,0.0,-0.2,a,,2026-07-24T20:30:10.609931Z,100,100,0.0,0.3,0.3,0.3,71,178,903,3398,,,
2026-10-01T05:59:12+00:00,165,475168,João Pedro,6,8,Chelsea,Forward,7.7,-0.1,0.2,d,Knee injury - 75% chance of playing,2026-09-16T19:00:09.919929Z,75,75,65.1,4.3,3.2,3.2,62188,391357,1576929,1463853,,,
2026-10-01T05:59:12+00:00,168,499309,Marc Guiu,6,8,Chelsea,Forward,5.0,0.0,0.0,u,Has joined RB Leipzig permanently,2026-09-01T13:24:48.857362Z,0,0,0.2,0.0,0.0,0.0,0,1529,4102,33253,,,
2026-10-01T05:59:12+00:00,169,567119,Mheuka,6,8,Chelsea,Forward,4.5,0.0,0.0,a,,,,,0.5,0.0,0.0,0.0,4477,3499,32198,25288,,,
2026-10-01T05:59:12+00:00,170,503037,Emegha,6,8,Chelsea,Forward,4.9,-0.1,-0.1,i,Hamstring injury - Expected back 10 Oct,2026-09-09T15:00:09.063849Z,0,0,0.1,0.0,0.0,0.0,75,1083,6075,12590,,,
2026-10-01T05:59:12+00:00,200,437499,Lacroix,6,8,Chelsea,Defender,5.9,-0.1,-0.1,a,,,,,6.8,2.0,2.0,2.0,7755,29028,174409,424604,,,
2026-10-01T05:59:12+00:00,560,549939,Penders,6,8,Chelsea,Goalkeeper,4.4,0.0,-0.1,a,,,,,0.1,0.0,0.0,0.0,244,293,2019,3613,,,
2026-10-01T05:59:12+00:00,561,622758,Anselmino,6,8,Chelsea,Defender,4.5,0.0,0.0,a,,2026-08-23T19:00:08.536705Z,100,100,0.0,0.0,0.0,0.0,65,102,822,1250,,,
2026-10-01T05:59:12+00:00,568,543158,Barco,6,8,Chelsea,Midfielder,5.4,0.0,-0.1,a,,,,,0.1,0.7,0.7,0.7,231,445,3154,7012,,,
2026-10-01T05:59:12+00:00,583,498444,Chavarria,6,8,Chelsea,Defender,4.9,0.0,-0.1,a,,,,,0.1,1.0,1.0,1.0,409,540,3369,11146,,,
2026-10-01T05:59:12+00:00,662,636846,Nicoll-Jazuli,6,8,Chelsea,Midfielder,4.5,0.0,0.0,a,,,,,0.0,1.0,1.1,1.1,334,72,334,72,,,
2026-10-01T05:59:12+00:00,91,231065,Pinnock,7,9,Coventry City,Defender,4.5,0.0,0.0,a,,,,,0.1,4.3,4.3,4.3,381,229,2550,4000,,,
2026-10-01T05:59:12+00:00,104,428580,Onyeka,7,9,Coventry City,Midfielder,4.9,0.0,-0.1,a,,2026-09-15T09:00:07.851220Z,100,100,0.1,2.3,2.3,2.3,174,446,3984,9573,,,
2026-10-01T05:59:12+00:00,110,472739,Rushworth,7,9,Coventry City,Goalkeeper,4.5,0.0,0.0,a,,,,,0.8,4.3,4.3,4.3,2546,5885,23693,59049,,,
2026-10-01T05:59:12+00:00,171,484389,Dovin,7,9,Coventry City,Goalkeeper,4.0,0.0,0.0,u,Has joined Leyton Orient on loan for the rest of the season,2026-09-02T15:44:14.839336Z,0,0,1.0,0.0,0.0,0.0,0,4704,8924,57872,,,
2026-10-01T05:59:12+00:00,172,110690,Wilson,7,9,Coventry City,Goalkeeper,4.4,0.0,-0.1,a,,,,,0.4,0.0,0.0,0.0,240,669,1410,12366,,,
2026-10-01T05:59:12+00:00,173,461102,Thomas,7,9,Coventry City,Defender,4.0,0.0,0.0,a,,,,,8.5,4.3,4.3,4.3,25790,31643,363224,284667,,,
2026-10-01T05:59:12+00:00,174,436761,Kitching,7,9,Coventry City,Defender,4.0,0.0,0.0,u,Has joined Sheffield United on loan for the rest of the season,2026-09-02T16:21:03.612394Z,0,0,0.3,0.0,0.0,0.0,0,1804,981,32897,,,
2026-10-01T05:59:12+00:00,175,451284,van Ewijk,7,9,Coventry City,Defender,4.0,0.0,0.0,d,Hamstring injury - 75% chance of playing,2026-09-19T16:00:09.486751Z,,75,8.7,1.0,1.0,0.8,1159,75394,123064,500068,,,
2026-10-01T05:59:12+00:00,176,173878,Dasilva,7,9,Coventry City,Defender,4.0,0.0,0.0,a,,,,,0.7,5.7,5.7,5.7,6246,1743,15529,22709,,,
2026-10-01T05:59:12+00:00,177,465390,Kesler-Hayden,7,9,Coventry City,Defender,3.9,-0.1,-0.1,i,Hamstring injury - Unknown return date,2026-08-27T14:56:28.704361Z,0,0,0.0,0.0,0.0,0.0,1016,566,1615,3791,,,
2026-10-01T05:59:12+00:00,178,80178,Bidwell,7,9,Coventry City,Defender,4.0,0.0,0.0,a,,,,,0.1,0.0,0.0,0.0,182,299,2489,3530,,,
2026-10-01T05:59:12+00:00,179,204813,Latibeaudiere,7,9,Coventry City,Defender,4.0,0.0,0.0,a,,,,,0.0,0.3,0.3,0.3,73,135,984,1738,,,
2026-10-01T05:59:12+00:00,180,220583,Woolfenden,7,9,Coventry City,Defender,4.0,0.0,0.0,i,Knee injury - Unknown return date,2026-08-27T14:56:28.718566Z,0,0,0.1,0.0,0.0,0.0,30,499,2265,9008,,,
2026-10-01T05:59:12+00:00,181,577411,Brau,7,9,Coventry City,Defender,4.0,0.0,0.0,u,Has joined Academico de Viseu on loan for the rest of the season,2026-08-29T00:35:59.980316Z,0,0,0.0,0.0,0.0,0.0,0,99,275,2169,,,
2026-10-01T05:59:12+00:00,182,539142,Amenda,7,9,Coventry City,Defender,4.0,0.0,0.0,i,Calf injury - Unknown return date,2026-09-17T07:30:09.329041Z,25,0,0.6,0.7,0.2,0.0,35,6750,11480,33652,,,
2026-10-01T05:59:12+00:00,183,480457,Rudoni,7,9,Coventry City,Midfielder,4.9,0.0,-0.1,a,,2026-07-23T12:01:23.481435Z,100,100,0.1,3.0,3.0,3.0,899,665,4369,8054,,,
2026-10-01T05:59:12+00:00,184,168144,Grimes,7,9,Coventry City,Midfielder,4.9,0.0,-0.1,a,,,,,0.1,2.3,2.3,2.3,183,855,4080,11246,3,,
2026-10-01T05:59:12+00:00,185,501459,Sakamoto,7,9,Coventry City,Midfielder,4.8,0.0,-0.2,a,,,,,0.1,0.0,0.0,0.0,128,382,1018,5754,,,
2026-10-01T05:59:12+00:00,186,241293,Mason-Clark,7,9,Coventry City,Midfielder,5.3,-0.1,-0.2,a,,2026-08-19T18:00:08.310507Z,100,100,0.1,1.3,1.3,1.3,72,360,1111,5964,,,
2026-10-01T05:59:12+00:00,187,439668,Eccles,7,9,Coventry City,Midfielder,4.8,-0.1,-0.2,i,Unspecified injury - Expected back 12 Oct,2026-09-10T18:30:08.877110Z,0,0,0.0,0.0,0.0,0.0,18,89,631,1465,,,
2026-10-01T05:59:12+00:00,188,226965,Torp,7,9,Coventry City,Midfielder,5.3,-0.1,-0.2,a,,,,,0.1,0.3,0.3,0.3,43,431,796,7963,2,,
2026-10-01T05:59:12+00:00,189,684268,Shepherd,7,9,Coventry City,Midfielder,4.4,0.0,-0.1,a,,,,,0.3,0.0,0.0,0.0,4047,2252,10767,15123,,,
2026-10-01T05:59:12+00:00,190,469272,Tchaouna,7,9,Coventry City,Midfielder,5.4,0.0,-0.1,a,,,,,0.1,0.7,0.7,0.7,24,341,3140,8218,,,
2026-10-01T05:59:12+00:00,191,492498,Borges Rodrigues,7,9,Coventry City,Midfielder,4.5,0.0,0.0,u,Has joined Burton Albion on loan for the rest of the season,2026-09-02T15:44:14.868001Z,0,0,0.1,0.0,0.0,0.0,0,670,1943,11494,,,
2026-10-01T05:59:12+00:00,192,629397,Andrews,7,9,Coventry City,Midfielder,4.5,0.0,0.0,u,Has joined Oxford United on loan for the rest of the season,2026-08-29T00:35:59.998520Z,0,0,0.3,0.0,0.0,0.0,0,1951,2718,41056,,,
2026-10-01T05:59:12+00:00,193,176412,Wright,7,9,Coventry City,Forward,5.3,-0.1,-0.2,i,Thigh injury - Unknown return date,2026-08-14T22:00:07.214508Z,0,0,0.1,0.0,0.0,0.0,48,547,615,12473,1,,
2026-10-01T05:59:12+00:00,194,230730,Thomas-Asante,7,9,Coventry City,Forward,5.0,0.0,0.0,a,,,,,0.8,2.0,2.0,2.0,7946,5819,58571,56844,4,,
2026-10-01T05:59:12+00:00,195,218997,Simms,7,9,Coventry City,Forward,4.9,-0.1,-0.1,a,,,,,0.6,0.7,0.7,0.7,1845,5207,40349,64425,,,
2026-10-01T05:59:12+00:00,196,551262,Markelo,7,9,Coventry City,Forward,5.0,0.0,0.0,u,Has joined Shabab Al-Ahli Dubai permanently,2026-08-17T13:53:55.791223Z,0,0,0.0,0.0,0.0,0.0,0,60,0,1187,,,
2026-10-01T05:59:12+00:00,197,549653,Bassette,7,9,Coventry City,Forward,4.5,0.0,0.0,u,Has joined KVC Westerlo on loan for the rest of the season,2026-07-28T12:58:50.001768Z,0,0,0.0,0.0,0.0,0.0,0,145,0,2104,,,
2026-10-01T05:59:12+00:00,492,210156,Awoniyi,7,9,Coventry City,Forward,5.4,-0.1,-0.1,s,Suspended until 19 Oct,2026-09-13T15:00:09.305127Z,0,0,0.4,0.0,0.0,0.0,68,4979,21341,64774,5,,
2026-10-01T05:59:12+00:00,575,661888,Yirenkyi,7,9,Coventry City,Midfielder,4.8,-0.1,-0.2,a,,,,,0.1,1.7,1.7,1.7,291,1001,2943,13668,,,
2026-10-01T05:59:12+00:00,584,196100,Hamer,7,9,Coventry City,Midfielder,5.4,0.0,-0.1,a,,,,,0.1,0.3,0.3,0.3,42,396,792,6403,,,
2026-10-01T05:59:12+00:00,599,627221,Cherif,7,9,Coventry City,Forward,5.0,0.0,0.0,a,,,,,0.1,0.3,0.3,0.3,525,748,7452,7587,,,
2026-10-01T05:59:12+00:00,623,79602,Bentley,7,9,Coventry City,Goalkeeper,4.0,0.0,0.0,a,,,,,0.6,0.0,0.0,0.0,7990,2292,78368,19184,,,
2026-10-01T05:59:12+00:00,655,242893,Gboho,7,9,Coventry City,Midfielder,5.5,0.0,0.0,a,,,,,0.0,0.0,0.0,0.0,69,52,267,101,,,
2026-10-01T05:59:12+00:00,656,566213,Mfuni,7,9,Coventry City,Defender,4.0,0.0,0.0,a,,,,,0.1,3.0,3.0,3.0,1833,848,10145,2649,,,
2026-10-01T05:59:12+00:00,42,485337,Guessand,8,31,Crystal Palace,Midfielder,5.4,0.0,-0.1,a,,,,,0.0,0.0,0.0,0.0,108,264,2401,3635,,,
2026-10-01T05:59:12+00:00,153,220362,Disasi,8,31,Crystal Palace,Defender,4.5,0.0,0.0,s,Suspended until 25 Oct,2026-09-12T15:30:09.445078Z,0,0,0.1,0.0,0.0,0.0,26,757,9427,10338,,,
2026-10-01T05:59:12+00:00,198,172649,Henderson,8,31,Crystal Palace,Goalkeeper,5.0,0.0,0.0,i,Foot injury - Expected back 11 Oct,2026-09-12T14:00:09.378740Z,0,0,1.3,0.7,0.0,0.0,145,11005,55271,119913,,,
2026-10-01T05:59:12+00:00,199,121709,Benitez,8,31,Crystal Palace,Goalkeeper,4.5,0.0,0.0,a,,,,,0.1,2.7,2.7,2.7,668,368,3760,4785,,,
2026-10-01T05:59:12+00:00,202,427623,Richards,8,31,Crystal Palace,Defender,4.9,-0.1,-0.1,a,,,,,0.6,3.7,3.7,3.7,1563,2165,22475,37896,,,
2026-10-01T05:59:12+00:00,203,651426,Canvot,8,31,Crystal Palace,Defender,4.8,-0.1,-0.2,a,,,,,0.2,3.0,3.0,3.0,394,850,5736,19500,,,
2026-10-01T05:59:12+00:00,204,244723,Mitchell,8,31,Crystal Palace,Defender,4.5,0.0,0.0,a,,,,,6.1,7.7,7.7,7.7,14105,15838,310640,264240,,,
2026-10-01T05:59:12+00:00,205,218364,Sosa,8,31,Crystal Palace,Defender,4.5,0.0,0.0,u,Has joined FC Cologne on loan for the rest of the season,2026-09-02T16:03:25.710518Z,0,0,0.0,0.0,0.0,0.0,0,105,236,2074,,,
2026-10-01T05:59:12+00:00,206,515621,Chadi Riad,8,31,Crystal Palace,Defender,4.3,-0.1,-0.2,i,Knee injury - Unknown return date,2026-08-22T18:00:07.352049Z,0,0,0.0,0.0,0.0,0.0,25,120,649,5671,,,
2026-10-01T05:59:12+00:00,207,242313,Mingueza,8,31,Crystal Palace,Defender,4.4,0.0,-0.1,a,,,,,0.1,0.3,0.3,0.3,75,276,1985,4832,,,
2026-10-01T05:59:12+00:00,208,232185,Sarr,8,31,Crystal Palace,Midfielder,6.2,0.0,-0.3,a,,2026-08-22T18:00:07.363165Z,100,100,0.6,0.3,0.3,0.3,2497,2171,6551,376622,2,,
2026-10-01T05:59:12+00:00,210,496221,Wharton,8,31,Crystal Palace,Midfielder,5.4,-0.1,-0.1,a,,2026-07-23T12:01:23.498963Z,100,100,0.7,2.0,2.0,2.0,1152,4501,29559,48491,,,
2026-10-01T05:59:12+00:00,211,488024,Yeremy,8,31,Crystal Palace,Midfielder,5.5,0.0,0.0,a,,,,,0.3,2.7,2.7,2.7,689,2587,45233,30984,,,
2026-10-01T05:59:12+00:00,212,108413,Hughes,8,31,Crystal Palace,Midfielder,4.4,0.0,-0.1,a,,,,,7.3,0.7,0.7,0.7,8955,43642,122354,482257,,,
2026-10-01T05:59:12+00:00,213,152551,Lerma,8,31,Crystal Palace,Midfielder,4.8,-0.1,-0.2,a,,,,,0.1,0.3,0.3,0.3,90,369,1296,5550,,,
2026-10-01T05:59:12+00:00,214,209400,Kamada,8,31,Crystal Palace,Midfielder,5.0,0.0,0.0,a,,,,,0.5,5.3,5.3,5.3,3170,2952,49917,24569,,,
2026-10-01T05:59:12+00:00,215,489706,Devenny,8,31,Crystal Palace,Midfielder,5.0,0.0,0.0,u,Has joined Stoke City permanently,2026-09-02T15:41:07.346849Z,0,0,0.0,0.0,0.0,0.0,0,33,132,947,3,,
2026-10-01T05:59:12+00:00,216,606921,Esse,8,31,Crystal Palace,Midfielder,5.0,0.0,0.0,u,Has joined Millwall on loan for the rest of the season,2026-09-02T15:41:07.376544Z,0,0,0.0,0.0,0.0,0.0,0,120,399,3231,,,
2026-10-01T05:59:12+00:00,217,536694,M.França,8,31,Crystal Palace,Midfielder,4.9,0.0,-0.1,u,Has joined Alverca on loan for the rest of the season,2026-09-11T14:42:19.322912Z,0,0,0.0,0.0,0.0,0.0,0,156,1007,3438,,,
2026-10-01T05:59:12+00:00,218,438464,Doucouré,8,31,Crystal Palace,Midfielder,4.8,-0.1,-0.2,a,,,,,0.0,0.0,0.0,0.0,110,291,2084,4456,,,
2026-10-01T05:59:12+00:00,219,450542,J.Rak-Sakyi,8,31,Crystal Palace,Midfielder,4.9,0.0,-0.1,u,has joined  Kasimpasa on loan for the rest of the seaon.,2026-09-10T09:12:47.224598Z,0,0,0.0,0.0,0.0,0.0,0,23,145,465,,,
2026-10-01T05:59:12+00:00,220,590014,Cardines,8,31,Crystal Palace,Defender,4.5,0.0,0.0,u,Has joined Bristol City on loan for the rest of the season,2026-08-12T14:08:46.501813Z,0,0,0.0,0.0,0.0,0.0,0,3,0,128,,,
2026-10-01T05:59:12+00:00,221,672492,Drakes-Thomas,8,31,Crystal Palace,Midfielder,4.5,0.0,0.0,a,,,,,0.1,0.0,0.0,0.0,136,418,2684,4663,,,
2026-10-01T05:59:12+00:00,222,247412,Strand Larsen,8,31,Crystal Palace,Forward,6.0,0.0,0.0,a,,,,,0.7,3.7,3.7,3.7,4801,3832,50026,40886,,,
2026-10-01T05:59:12+00:00,223,231747,Mateta,8,31,Crystal Palace,Forward,6.3,0.0,-0.2,i,Hamstring injury - Expected back 11 Oct,2026-08-28T21:00:08.020382Z,0,0,1.3,0.0,0.0,0.0,204,8995,25957,454482,1,,
2026-10-01T05:59:12+00:00,224,205533,Nketiah,8,31,Crystal Palace,Forward,5.5,0.0,0.0,a,,2026-09-12T14:00:09.427136Z,100,100,0.5,1.7,1.7,1.7,1248,3300,47229,49947,,,
2026-10-01T05:59:12+00:00,225,660392,Uche,8,31,Crystal Palace,Forward,5.0,0.0,0.0,u,has returned to Getafe CF,2026-07-23T12:18:56.275922Z,0,0,0.0,0.0,0.0,0.0,0,0,0,0,,,
2026-10-01T05:59:12+00:00,241,433154,McNeil,8,31,Crystal Palace,Midfielder,5.4,0.0,-0.1,a,,,,,0.1,0.0,0.0,0.0,72,471,1779,8200,,,
2026-10-01T05:59:12+00:00,555,169593,Matthews,8,31,Crystal Palace,Goalkeeper,4.0,0.0,0.0,a,,,,,1.7,0.0,0.0,0.0,1079,2989,23263,31429,,,
2026-10-01T05:59:12+00:00,577,223723,Tomiyasu,8,31,Crystal Palace,Defender,4.4,0.0,-0.1,d,Calf injury - 75% chance of playing,2026-09-21T13:30:09.030724Z,,75,0.3,0.3,0.3,0.2,149,1157,3478,13277,,,
2026-10-01T05:59:12+00:00,588,570794,Khalaili,8,31,Crystal Palace,Defender,5.0,0.0,0.0,a,,,,,0.3,5.3,5.3,5.3,2035,1088,34728,15342,,,
2026-10-01T05:59:12+00:00,595,559152,Gozo,8,31,Crystal Palace,Midfielder,4.9,-0.1,-0.1,a,,,,,0.0,0.3,0.3,0.3,39,90,489,883,,,
2026-10-01T05:59:12+00:00,633,605972,Ahanor,8,31,Crystal Palace,Defender,4.5,0.0,0.0,a,,,,,0.0,1.0,1.0,1.0,136,105,1911,557,,,
2026-10-01T05:59:12+00:00,643,172850,Chilwell,8,31,Crystal Palace,Defender,4.5,0.0,0.0,a,,,,,0.4,2.7,2.7,2.7,554,2905,43108,18115,,,
2026-10-01T05:59:12+00:00,644,450063,Timber,8,31,Crystal Palace,Midfielder,5.0,0.0,0.0,a,,,,,0.0,3.0,3.0,3.0,453,311,4276,1503,,,
2026-10-01T05:59:12+00:00,647,533646,Osorio,8,31,Crystal Palace,Midfielder,5.5,0.0,0.0,a,,,,,0.0,0.3,0.3,0.3,26,74,945,410,,,
2026-10-01T05:59:12+00:00,21,128295,Nørgaard,9,11,Everton,Midfielder,4.8,-0.1,-0.2,i,Groin injury - Unknown return date,2026-08-15T20:00:06.779594Z,0,0,0.0,0.0,0.0,0.0,54,321,494,7423,,,
2026-10-01T05:59:12+00:00,209,242898,Johnson,9,11,Everton,Midfielder,5.9,0.0,-0.1,a,,,,,0.1,2.3,2.3,2.3,398,696,5293,10411,,,
2026-10-01T05:59:12+00:00,226,111234,Pickford,9,11,Everton,Goalkeeper,5.5,0.0,0.0,a,,,,,9.1,5.0,5.0,5.0,28355,15296,295872,235415,,,
2026-10-01T05:59:12+00:00,227,229600,Travers,9,11,Everton,Goalkeeper,5.0,0.0,0.0,a,,,,,0.0,0.0,0.0,0.0,248,260,1806,2122,,,
2026-10-01T05:59:12+00:00,228,138001,King,9,11,Everton,Goalkeeper,4.5,0.0,0.0,a,,,,,0.0,0.0,0.0,0.0,112,167,1179,1734,,,
2026-10-01T05:59:12+00:00,229,17761,Tarkowski,9,11,Everton,Defender,6.2,0.1,0.2,a,,,,,16.5,8.3,8.3,8.3,231372,20131,942180,283717,,,
2026-10-01T05:59:12+00:00,230,480455,Branthwaite,9,11,Everton,Defender,5.5,0.0,0.0,a,,,,,2.4,5.7,5.7,5.7,19332,7079,139504,71544,,,
2026-10-01T05:59:12+00:00,231,106611,Keane,9,11,Everton,Defender,4.8,0.0,-0.2,a,,,,,0.7,0.0,0.0,0.0,380,3803,9285,90602,,,
2026-10-01T05:59:12+00:00,232,512462,O'Brien,9,11,Everton,Defender,4.8,-0.1,-0.2,a,,,,,0.3,0.7,0.7,0.7,324,1116,4579,24587,,,
2026-10-01T05:59:12+00:00,233,224967,Mykolenko,9,11,Everton,Defender,4.6,0.1,0.1,a,,,,,4.2,5.7,5.7,5.7,40989,21276,412181,117729,,,
2026-10-01T05:59:12+00:00,234,243571,Patterson,9,11,Everton,Defender,4.5,0.0,0.0,u,Has joined Torino permanently,2026-09-02T16:05:23.326971Z,0,0,0.0,0.0,0.0,0.0,0,121,371,2434,,,
2026-10-01T05:59:12+00:00,235,499300,Aznou,9,11,Everton,Defender,4.0,0.0,0.0,u,Has joined Malaga on loan for the rest of the season,2026-09-01T13:23:16.934847Z,0,0,0.1,0.0,0.0,0.0,0,551,1728,11145,,,
2026-10-01T05:59:12+00:00,236,215413,Dewsbury-Hall,9,11,Everton,Midfielder,6.6,0.1,0.1,a,,,,,6.0,2.3,2.3,2.3,33984,44022,584748,323386,,,
2026-10-01T05:59:12+00:00,238,114283,Grealish,9,11,Everton,Midfielder,6.5,0.0,0.0,a,,2026-07-29T10:00:10.492904Z,100,100,0.5,1.7,1.7,1.7,3650,2936,40694,23220,,,
2026-10-01T05:59:12+00:00,239,232928,Garner,9,11,Everton,Midfielder,6.0,0.0,0.0,a,,2026-09-06T18:00:08.301702Z,100,100,0.2,3.0,3.0,3.0,1706,1962,21158,13862,2,,
2026-10-01T05:59:12+00:00,242,550615,George,9,11,Everton,Midfielder,5.5,0.0,0.0,a,,,,,0.9,4.7,4.7,4.7,2404,10628,107069,42292,,,
2026-10-01T05:59:12+00:00,243,502697,Alcaraz,9,11,Everton,Midfielder,4.9,0.0,-0.1,a,,,,,0.1,0.0,0.0,0.0,159,403,2860,5836,,,
2026-10-01T05:59:12+00:00,244,609873,Armstrong,9,11,Everton,Midfielder,5.0,0.0,0.0,a,,2026-09-17T08:30:08.942299Z,75,100,0.4,2.0,1.5,2.0,814,3285,53874,32639,,,
2026-10-01T05:59:12+00:00,245,496661,Dibling,9,11,Everton,Midfielder,5.4,0.0,-0.1,a,,,,,0.0,0.3,0.3,0.3,117,156,1172,2655,,,
2026-10-01T05:59:12+00:00,246,513466,Röhl,9,11,Everton,Midfielder,4.9,0.0,-0.1,i,Unspecified injury - Expected back 11 Oct,2026-09-16T18:00:09.541933Z,0,0,0.0,0.3,0.0,0.0,7,579,1962,4679,,,
2026-10-01T05:59:12+00:00,247,244860,Hackney,9,11,Everton,Midfielder,5.4,-0.1,-0.1,a,,2026-08-26T22:00:07.797766Z,100,100,0.2,2.0,2.0,2.0,190,1070,3741,11910,,,
2026-10-01T05:59:12+00:00,248,486385,Beto,9,11,Everton,Forward,5.4,0.0,-0.1,u,Has joined Fiorentina permanently,2026-09-02T16:05:23.357221Z,0,0,0.6,0.0,0.0,0.0,0,7221,16222,219543,,,
2026-10-01T05:59:12+00:00,249,586309,Barry,9,11,Everton,Forward,5.7,0.1,0.2,a,,,,,8.3,3.3,3.3,3.3,83771,38426,965926,356602,1,,
2026-10-01T05:59:12+00:00,649,154043,Maitland-Niles,9,11,Everton,Defender,4.5,0.0,0.0,a,,,,,1.4,7.0,7.0,7.0,19215,4625,92247,14517,,,
2026-10-01T05:59:12+00:00,654,629068,Graham,9,11,Everton,Midfielder,4.5,0.0,0.0,a,,,,,0.1,0.0,0.0,0.0,228,994,11274,5299,,,
2026-10-01T05:59:12+00:00,250,80201,Leno,10,54,Fulham,Goalkeeper,4.5,0.0,0.0,a,,,,,3.4,4.3,4.3,4.3,38413,11063,149310,102105,,,
2026-10-01T05:59:12+00:00,251,86873,Lecomte,10,54,Fulham,Goalkeeper,4.0,0.0,0.0,a,,,,,1.1,0.0,0.0,0.0,2462,2471,25190,25906,,,
2026-10-01T05:59:12+00:00,252,505079,McNally,10,54,Fulham,Goalkeeper,4.0,0.0,0.0,u,Has joined York City on loan for the rest of the season,2026-09-01T13:25:11.231240Z,0,0,0.1,0.0,0.0,0.0,0,597,2589,6593,,,
2026-10-01T05:59:12+00:00,253,174874,Andersen,10,54,Fulham,Defender,5.0,0.0,0.0,a,,2026-07-23T12:01:23.516350Z,100,100,0.2,0.7,0.7,0.7,2678,1075,14552,9185,,,
2026-10-01T05:59:12+00:00,254,169528,Robinson,10,54,Fulham,Defender,4.5,0.0,0.0,a,,,,,1.5,3.0,3.0,3.0,15605,6534,58090,70509,2,,
2026-10-01T05:59:12+00:00,255,246301,J.Cuenca,10,54,Fulham,Defender,4.5,0.0,0.0,a,,,,,0.0,0.0,0.0,0.0,66,109,1546,2002,,,
2026-10-01T05:59:12+00:00,256,167074,Tete,10,54,Fulham,Defender,4.4,0.0,-0.1,a,,2026-09-18T12:30:09.546158Z,0,100,0.2,0.0,0.0,0.0,55,1028,1386,10473,,,
2026-10-01T05:59:12+00:00,257,232892,Bassey,10,54,Fulham,Defender,4.5,0.0,0.0,a,,,,,0.7,4.3,4.3,4.3,5288,1764,26302,29910,,,
2026-10-01T05:59:12+00:00,258,166477,Castagne,10,54,Fulham,Defender,4.5,0.0,0.0,a,,,,,0.9,2.7,2.7,2.7,14404,4786,91046,43515,,,
2026-10-01T05:59:12+00:00,261,153133,Iwobi,10,54,Fulham,Midfielder,5.4,0.0,-0.1,a,,,,,0.7,3.3,3.3,3.3,3365,3180,22285,55541,3,,
2026-10-01T05:59:12+00:00,262,209289,Smith Rowe,10,54,Fulham,Midfielder,5.3,-0.1,-0.2,a,,,,,0.2,0.7,0.7,0.7,300,1324,4498,20983,,,
2026-10-01T05:59:12+00:00,263,560552,Kevin,10,54,Fulham,Midfielder,5.3,0.0,-0.2,a,,,,,0.0,0.7,0.7,0.7,191,284,1995,4221,,,
2026-10-01T05:59:12+00:00,264,477555,Bobb,10,54,Fulham,Midfielder,5.5,0.0,0.0,a,,,,,0.3,2.7,2.7,2.7,2253,1764,16256,20870,,,
2026-10-01T05:59:12+00:00,265,207189,Berge,10,54,Fulham,Midfielder,4.9,0.0,-0.1,a,,,,,0.3,2.3,2.3,2.3,615,1283,6346,18039,,,
2026-10-01T05:59:12+00:00,266,76357,Cairney,10,54,Fulham,Midfielder,4.9,0.0,-0.1,i,Knee injury - Expected back 10 Oct,2026-08-14T18:00:06.460944Z,0,0,0.0,0.0,0.0,0.0,8,20,109,331,,,
2026-10-01T05:59:12+00:00,268,577725,King,10,54,Fulham,Midfielder,5.5,0.0,0.0,a,,,,,2.6,5.0,5.0,5.0,86347,17919,330482,96487,,,
2026-10-01T05:59:12+00:00,269,184349,Sessegnon,10,54,Fulham,Defender,4.3,-0.1,-0.2,a,,2026-09-14T11:30:07.403957Z,75,100,0.3,0.3,0.2,0.3,295,1280,2738,18978,,,
2026-10-01T05:59:12+00:00,270,153366,Reed,10,54,Fulham,Midfielder,4.4,0.0,-0.1,a,,,,,1.1,0.0,0.0,0.0,2773,6770,36265,72995,,,
2026-10-01T05:59:12+00:00,271,244042,Muniz,10,54,Fulham,Forward,5.4,0.0,-0.1,a,,,,,0.4,0.7,0.7,0.7,1691,2636,16020,35077,,,
2026-10-01T05:59:12+00:00,272,631786,Kusi-Asare,10,54,Fulham,Forward,4.5,0.0,0.0,a,,,,,5.4,0.0,0.0,0.0,10738,32859,160209,300664,,,
2026-10-01T05:59:12+00:00,569,551466,Gonzalo,10,54,Fulham,Forward,6.0,0.0,0.0,a,,,,,4.0,2.0,2.0,2.0,66629,31956,428938,311341,1,,
2026-10-01T05:59:12+00:00,570,571779,Palacios,10,54,Fulham,Midfielder,5.4,0.0,-0.1,a,,,,,0.2,3.0,3.0,3.0,703,936,5992,10582,,,
2026-10-01T05:59:12+00:00,580,463210,Charles,10,54,Fulham,Midfielder,5.0,0.0,0.0,a,,,,,0.1,3.7,3.7,3.7,590,423,2320,4099,,,
2026-10-01T05:59:12+00:00,610,547686,De Fougerolles,10,54,Fulham,Defender,4.0,0.0,0.0,u,has joined  Real Salt Lake on loan for the rest of the seaon.,2026-08-28T11:30:08.336405Z,0,0,0.1,0.0,0.0,0.0,0,498,5787,5244,,,
2026-10-01T05:59:12+00:00,626,616069,Zepa,10,54,Fulham,Midfielder,4.4,-0.1,-0.1,a,,,,,0.3,0.0,0.0,0.0,603,2218,34770,18432,,,
2026-10-01T05:59:12+00:00,635,551050,Larsson,10,54,Fulham,Midfielder,5.0,0.0,0.0,a,,,,,0.0,1.0,1.0,1.0,92,70,837,303,,,
2026-10-01T05:59:12+00:00,636,500033,Ángel,10,54,Fulham,Midfielder,5.0,0.0,0.0,a,,,,,0.0,0.0,0.0,0.0,32,27,369,169,,,
2026-10-01T05:59:12+00:00,650,442299,Affengruber,10,54,Fulham,Defender,4.5,0.0,0.0,a,,,,,0.1,4.0,4.0,4.0,5466,1259,8344,1881,,,
2026-10-01T05:59:12+00:00,240,490094,Iroegbunam,11,88,Hull City,Midfielder,5.0,0.0,0.0,a,,2026-08-15T20:00:06.878792Z,100,100,0.0,0.3,0.3,0.3,75,138,1113,1152,,,
2026-10-01T05:59:12+00:00,273,167825,Phillips,11,88,Hull City,Goalkeeper,4.0,0.0,0.0,a,,,,,1.4,0.0,0.0,0.0,2958,3459,29083,38342,,,
2026-10-01T05:59:12+00:00,274,105666,Butland,11,88,Hull City,Goalkeeper,4.4,-0.1,-0.1,i,Arm injury - Unknown return date,2026-08-08T19:00:05.601633Z,0,0,0.1,0.0,0.0,0.0,67,322,636,4935,,,
2026-10-01T05:59:12+00:00,275,494950,Cartwright,11,88,Hull City,Goalkeeper,4.0,0.0,0.0,u,Has joined Grimsby Town on loan for the rest of the season,2026-07-29T13:00:27.959925Z,0,0,0.0,0.0,0.0,0.0,0,25,0,327,,,
2026-10-01T05:59:12+00:00,276,444307,Lo-Tutala,11,88,Hull City,Goalkeeper,4.0,0.0,0.0,u,Has joined Colchester United on loan for the rest of the season,2026-08-17T13:50:27.125537Z,0,0,0.0,0.0,0.0,0.0,0,113,0,1107,,,
2026-10-01T05:59:12+00:00,277,108416,Egan,11,88,Hull City,Defender,4.1,0.0,0.1,a,,,,,7.0,3.0,3.0,3.0,26839,29126,749998,216047,,,
2026-10-01T05:59:12+00:00,278,501902,Hughes,11,88,Hull City,Defender,3.9,0.0,-0.1,i,Groin injury - Unknown return date,2026-08-02T09:00:11.030017Z,0,0,0.2,0.0,0.0,0.0,1084,1921,16873,12888,,,
2026-10-01T05:59:12+00:00,279,146426,Ajayi,11,88,Hull City,Defender,4.2,0.0,0.2,a,,2026-08-22T17:30:07.668197Z,100,100,14.0,2.3,2.3,2.3,43115,58456,1354500,308958,,,
2026-10-01T05:59:12+00:00,280,193278,Coyle,11,88,Hull City,Defender,4.0,0.0,0.0,a,,2026-08-29T16:30:08.151841Z,100,100,0.7,2.7,2.7,2.7,2048,2010,27620,25818,,,
2026-10-01T05:59:12+00:00,281,433590,Drameh,11,88,Hull City,Defender,4.0,0.0,0.0,u,Has joined Genoa permanently,2026-09-02T16:09:06.479140Z,0,0,0.0,0.0,0.0,0.0,0,252,2118,4505,,,
2026-10-01T05:59:12+00:00,282,232351,Giles,11,88,Hull City,Defender,4.0,0.0,0.0,a,,,,,2.9,4.0,4.0,4.0,21112,13659,277929,65950,,,
2026-10-01T05:59:12+00:00,283,449428,Jacob,11,88,Hull City,Defender,4.0,0.0,0.0,u,Has joined Newport County on loan until January,2026-08-02T09:00:11.038361Z,0,0,0.0,0.0,0.0,0.0,0,34,114,691,,,
2026-10-01T05:59:12+00:00,284,661800,McCarthy,11,88,Hull City,Defender,4.0,0.0,0.0,a,,,,,0.1,0.0,0.0,0.0,390,432,4924,4584,,,
2026-10-01T05:59:12+00:00,285,160817,McNair,11,88,Hull City,Defender,4.0,0.0,0.0,a,,2026-09-09T13:30:08.327907Z,100,100,0.1,0.0,0.0,0.0,192,407,3145,4716,,,
2026-10-01T05:59:12+00:00,286,540324,Belloumi,11,88,Hull City,Midfielder,5.1,0.0,0.1,a,,,,,5.1,7.3,7.3,7.3,75436,24559,505372,84597,,,
2026-10-01T05:59:12+00:00,287,232905,Millar,11,88,Hull City,Midfielder,5.0,0.0,0.0,u,Has joined Birmingham on loan for the rest of the season,2026-09-02T15:36:41.038103Z,0,0,0.0,0.0,0.0,0.0,0,297,3178,7517,,,
2026-10-01T05:59:12+00:00,288,171270,Dowell,11,88,Hull City,Midfielder,4.5,0.0,0.0,a,,,,,0.3,0.0,0.0,0.0,582,1983,12339,21566,,,
2026-10-01T05:59:12+00:00,289,101282,Crooks,11,88,Hull City,Midfielder,4.4,-0.1,-0.1,a,,2026-08-29T15:00:08.569326Z,100,100,0.5,0.3,0.3,0.3,5012,4136,24371,40365,,,
2026-10-01T05:59:12+00:00,290,243413,Slater,11,88,Hull City,Midfielder,4.5,0.0,0.0,a,,,,,5.2,2.3,2.3,2.3,15542,36861,498475,277860,,,
2026-10-01T05:59:12+00:00,291,465525,Matazo,11,88,Hull City,Midfielder,4.5,0.0,0.0,i,Knee injury - Unknown return date,2026-07-23T12:01:23.532635Z,0,0,0.0,0.0,0.0,0.0,29,53,380,491,,,
2026-10-01T05:59:12+00:00,292,208481,Ömür,11,88,Hull City,Midfielder,4.9,0.0,-0.1,a,,,,,0.0,0.0,0.0,0.0,85,145,1203,1626,,,
2026-10-01T05:59:12+00:00,293,490161,Kamara,11,88,Hull City,Midfielder,5.0,0.0,0.0,u,Has joined Portsmouth permanently,2026-08-12T14:08:23.542043Z,0,0,0.0,0.0,0.0,0.0,0,12,0,374,,,
2026-10-01T05:59:12+00:00,294,553783,Zambrano,11,88,Hull City,Midfielder,4.5,0.0,0.0,a,,2026-08-04T18:30:11.016909Z,100,100,0.1,0.0,0.0,0.0,149,486,3878,6815,,,
2026-10-01T05:59:12+00:00,295,169432,McBurnie,11,88,Hull City,Forward,5.5,0.0,0.0,a,,,,,1.9,2.3,2.3,2.3,7838,17755,188824,153102,1,,
2026-10-01T05:59:12+00:00,296,213292,Akintola,11,88,Hull City,Midfielder,5.0,0.0,0.0,u,Has joined Omonoia FC permanently,2026-09-11T14:42:38.120231Z,0,0,0.0,0.0,0.0,0.0,0,265,2704,4878,,,
2026-10-01T05:59:12+00:00,297,470294,Gyabi,11,88,Hull City,Midfielder,4.4,-0.1,-0.1,i,Thigh injury - Unknown return date,2026-08-04T18:30:11.027155Z,0,0,0.0,0.0,0.0,0.0,58,139,447,1607,,,
2026-10-01T05:59:12+00:00,298,500957,Destan,11,88,Hull City,Forward,4.5,0.0,0.0,u,Has joined Konyaspor permanently,2026-08-17T13:50:27.145733Z,0,0,0.2,0.0,0.0,0.0,0,1310,0,22263,,,
2026-10-01T05:59:12+00:00,299,534392,Burstow,11,88,Hull City,Forward,4.5,0.0,0.0,u,Has joined Sheffield Wednesday on loan for the rest of the season,2026-08-03T14:05:20.234842Z,0,0,0.0,0.0,0.0,0.0,0,216,0,3066,,,
2026-10-01T05:59:12+00:00,340,462635,Gelhardt,11,88,Hull City,Midfielder,5.0,0.0,0.0,a,,2026-08-17T21:30:07.799839Z,100,100,0.0,0.3,0.3,0.3,95,108,705,1015,,,
2026-10-01T05:59:12+00:00,556,169359,Targett,11,88,Hull City,Defender,4.0,0.0,0.0,d,Ankle injury - 75% chance of playing,2026-09-17T14:00:26.419938Z,75,75,1.6,0.0,0.0,0.0,111,9774,24835,87050,,,
2026-10-01T05:59:12+00:00,563,445028,Morita,11,88,Hull City,Midfielder,4.9,-0.1,-0.1,i,Calf injury - Expected back 11 Oct,2026-09-09T14:00:08.474217Z,0,0,0.0,0.0,0.0,0.0,24,176,727,1772,,,
2026-10-01T05:59:12+00:00,572,473284,Tzolakis,11,88,Hull City,Goalkeeper,4.7,0.1,0.2,a,,,,,12.8,4.7,4.7,4.7,124371,21522,995699,217172,,,
2026-10-01T05:59:12+00:00,574,552946,Hjertø-Dahl,11,88,Hull City,Midfielder,4.9,0.0,-0.1,a,,,,,0.1,0.3,0.3,0.3,75,327,1436,4447,,,
2026-10-01T05:59:12+00:00,576,608227,Stroud,11,88,Hull City,Midfielder,5.0,0.0,0.0,a,,,,,0.1,1.3,1.3,1.3,144,456,3666,4679,,,
2026-10-01T05:59:12+00:00,585,597462,Herrington,11,88,Hull City,Defender,4.0,0.0,0.0,a,,,,,0.6,1.0,1.0,1.0,1028,1671,12827,18558,,,
2026-10-01T05:59:12+00:00,586,606930,Mendy,11,88,Hull City,Defender,4.1,0.0,0.1,a,,2026-09-12T18:00:09.334142Z,0,100,6.3,3.0,0.0,3.0,6915,33316,683207,358299,,,
2026-10-01T05:59:12+00:00,589,469266,Gourna-Douath,11,88,Hull City,Midfielder,5.0,0.0,0.0,a,,,,,0.0,1.0,1.0,1.0,32,106,701,1341,,,
2026-10-01T05:59:12+00:00,617,490884,Cho,11,88,Hull City,Midfielder,5.0,0.0,0.0,a,,,,,0.0,2.7,2.7,2.7,347,148,1783,760,,,
2026-10-01T05:59:12+00:00,632,626751,Ansah,11,88,Hull City,Forward,5.0,0.0,0.0,i,Back injury - Unknown return date,2026-09-09T10:00:08.919489Z,0,0,0.0,0.0,0.0,0.0,73,411,5120,3491,,,
2026-10-01T05:59:12+00:00,637,631000,Vaz,11,88,Hull City,Forward,5.0,0.0,0.0,a,,,,,0.1,0.7,0.7,0.7,1820,1144,12325,3965,,,
2026-10-01T05:59:12+00:00,638,496181,Norton-Cuffy,11,88,Hull City,Defender,4.0,0.0,0.0,d,Hamstring injury - 75% chance of playing,2026-09-21T08:30:09.561308Z,,75,0.2,0.3,0.3,0.2,450,2555,26066,10381,,,
2026-10-01T05:59:12+00:00,642,243951,Thomas,11,88,Hull City,Midfielder,5.5,0.0,0.0,a,,,,,0.0,1.3,1.3,1.3,462,346,3066,1195,,,
2026-10-01T05:59:12+00:00,645,647839,Mouzakitis,11,88,Hull City,Midfielder,5.0,0.0,0.0,a,,,,,0.0,0.0,0.0,0.0,88,89,780,315,,,
2026-10-01T05:59:12+00:00,259,219924,Diop,12,40,Ipswich Town,Defender,4.0,0.0,0.0,a,,,,,12.7,2.7,2.7,2.7,6973,54830,136010,507452,,,
2026-10-01T05:59:12+00:00,267,212314,Lukić,12,40,Ipswich Town,Midfielder,4.9,-0.1,-0.1,a,,,,,0.1,1.7,1.7,1.7,191,517,3419,6470,,,
2026-10-01T05:59:12+00:00,300,108813,Walton,12,40,Ipswich Town,Goalkeeper,4.4,0.0,-0.1,a,,,,,0.4,0.7,0.7,0.7,1661,1024,3346,14937,,,
2026-10-01T05:59:12+00:00,301,112520,Palmer,12,40,Ipswich Town,Goalkeeper,4.0,0.0,0.0,a,,,,,3.9,0.0,0.0,0.0,3930,11759,74526,112998,,,
2026-10-01T05:59:12+00:00,302,50093,Button,12,40,Ipswich Town,Goalkeeper,4.0,0.0,0.0,a,,,,,0.6,0.0,0.0,0.0,1450,1312,31460,15164,,,
2026-10-01T05:59:12+00:00,303,183015,Kipré,12,40,Ipswich Town,Defender,3.9,0.0,-0.1,a,,,,,0.9,0.0,0.0,0.0,4442,4344,49063,29091,,,
2026-10-01T05:59:12+00:00,304,216616,O'Shea,12,40,Ipswich Town,Defender,4.0,0.0,0.0,a,,,,,2.7,2.0,2.0,2.0,1951,14604,65370,127947,,,
2026-10-01T05:59:12+00:00,305,455084,Davis,12,40,Ipswich Town,Defender,4.0,0.0,0.0,a,,,,,6.9,5.7,5.7,5.7,49831,27452,370034,185068,,,
2026-10-01T05:59:12+00:00,306,449429,Greaves,12,40,Ipswich Town,Defender,4.0,0.0,0.0,a,,,,,1.1,0.7,0.7,0.7,470,3423,8206,38164,,,
2026-10-01T05:59:12+00:00,307,222018,Johnson,12,40,Ipswich Town,Defender,4.0,0.0,0.0,u,Has joined Stoke City on loan for the rest of the season,2026-09-04T12:36:56.236331Z,0,0,0.1,0.0,0.0,0.0,0,359,1137,6306,,,
2026-10-01T05:59:12+00:00,308,176420,Furlong,12,40,Ipswich Town,Defender,3.9,0.0,-0.1,a,,,,,0.6,0.0,0.0,0.0,6364,2876,19001,19653,,,
2026-10-01T05:59:12+00:00,309,501390,Núñez,12,40,Ipswich Town,Midfielder,4.9,0.0,-0.1,a,,,,,0.1,0.0,0.0,0.0,96,629,3113,7636,,,
2026-10-01T05:59:12+00:00,310,241117,Matusiwa,12,40,Ipswich Town,Midfielder,4.9,0.0,-0.1,a,,2026-07-29T18:00:10.305484Z,100,100,0.0,0.0,0.0,0.0,15,18,126,279,,,
2026-10-01T05:59:12+00:00,311,149929,Burns,12,40,Ipswich Town,Midfielder,5.0,0.0,0.0,u,Has joined Leicester City permanently,2026-08-10T14:02:47.597478Z,0,0,0.0,0.0,0.0,0.0,0,8,0,347,,,
2026-10-01T05:59:12+00:00,312,231899,Taylor,12,40,Ipswich Town,Midfielder,4.4,-0.1,-0.1,i,Knee injury - Unknown return date,2026-07-29T18:00:10.319370Z,0,0,0.0,0.0,0.0,0.0,379,270,955,2651,,,
2026-10-01T05:59:12+00:00,313,443261,Clarke,12,40,Ipswich Town,Midfielder,5.4,0.0,-0.1,a,,,,,0.2,1.3,1.3,1.3,144,917,5495,15711,1,,
2026-10-01T05:59:12+00:00,314,229164,Ogbene,12,40,Ipswich Town,Midfielder,4.9,0.0,-0.1,u,Has joined Lincoln City on loan until January,2026-09-02T16:04:17.497385Z,0,0,0.0,0.0,0.0,0.0,0,66,104,1208,,,
2026-10-01T05:59:12+00:00,315,531442,Fatawu,12,40,Ipswich Town,Midfielder,5.4,0.0,-0.1,s,Suspended until 17 Oct,2026-09-19T15:30:10.126897Z,,0,0.2,0.7,0.7,0.0,55,2483,5357,13327,,,
2026-10-01T05:59:12+00:00,316,543968,Emersonn,12,40,Ipswich Town,Forward,5.5,0.0,0.0,a,,2026-08-31T09:30:08.306145Z,100,100,3.5,5.3,5.3,5.3,33912,22835,317610,142109,2,,
2026-10-01T05:59:12+00:00,317,222625,Hirst,12,40,Ipswich Town,Forward,5.0,0.0,0.0,u,Has joined Stoke City permanently,2026-08-21T13:06:08.606019Z,0,0,0.1,0.0,0.0,0.0,0,472,0,17102,,,
2026-10-01T05:59:12+00:00,318,481624,Philogene,12,40,Ipswich Town,Midfielder,5.4,0.0,-0.1,a,,2026-08-25T11:30:07.532993Z,100,100,0.1,0.7,0.7,0.7,33,157,301,9281,3,,
2026-10-01T05:59:12+00:00,319,172453,Szmodics,12,40,Ipswich Town,Midfielder,5.0,0.0,0.0,u,Has joined Derby County on loan for the rest of the season,2026-08-17T13:51:41.713979Z,0,0,0.0,0.0,0.0,0.0,0,13,0,760,,,
2026-10-01T05:59:12+00:00,320,147675,Akpom,12,40,Ipswich Town,Forward,5.0,0.0,0.0,a,,,,,1.2,0.3,0.3,0.3,4989,9524,130945,73957,,,
2026-10-01T05:59:12+00:00,321,557012,Walle Egeli,12,40,Ipswich Town,Forward,4.5,0.0,0.0,a,,,,,3.5,0.0,0.0,0.0,17876,26468,330497,210955,,,
2026-10-01T05:59:12+00:00,322,462387,Al-Hamadi,12,40,Ipswich Town,Forward,5.0,0.0,0.0,u,Has joined Sheffield Wednesday on loan for the rest of the season,2026-08-27T14:54:10.215357Z,0,0,0.0,0.0,0.0,0.0,0,365,755,9910,,,
2026-10-01T05:59:12+00:00,323,461587,McAteer,12,40,Ipswich Town,Midfielder,4.4,-0.1,-0.1,a,,,,,1.0,0.3,0.3,0.3,1466,6358,28210,62205,,,
2026-10-01T05:59:12+00:00,324,232457,Mehmeti,12,40,Ipswich Town,Midfielder,4.8,-0.1,-0.2,a,,,,,0.0,0.0,0.0,0.0,74,141,400,2472,,,
2026-10-01T05:59:12+00:00,554,546600,Van Oevelen,12,40,Ipswich Town,Goalkeeper,4.5,0.0,0.0,u,Has joined Valencia on loan for the rest of the season,2026-08-25T14:04:09.529320Z,0,0,0.0,0.0,0.0,0.0,0,82,54,1956,,,
2026-10-01T05:59:12+00:00,562,442967,Maeda,12,40,Ipswich Town,Midfielder,5.3,-0.1,-0.2,a,,,,,0.2,1.3,1.3,1.3,135,1444,2863,20214,,,
2026-10-01T05:59:12+00:00,564,240514,Scherpen,12,40,Ipswich Town,Goalkeeper,4.5,0.0,0.0,a,,,,,0.6,1.0,1.0,1.0,624,2762,15191,23339,,,
2026-10-01T05:59:12+00:00,571,216055,Florentino,12,40,Ipswich Town,Midfielder,4.8,-0.1,-0.2,a,,2026-08-25T11:30:07.678802Z,100,100,0.1,0.7,0.7,0.7,110,331,1055,7062,,,
2026-10-01T05:59:12+00:00,591,474120,Enciso,12,40,Ipswich Town,Midfielder,5.5,0.0,0.0,a,,2026-08-22T18:00:07.551930Z,100,100,0.8,1.7,1.7,1.7,2190,6044,93753,52333,,,
2026-10-01T05:59:12+00:00,592,572584,Ouattara,12,40,Ipswich Town,Defender,4.0,0.0,0.0,a,,,,,0.9,1.3,1.3,1.3,670,2046,13455,26182,,,
2026-10-01T05:59:12+00:00,602,524180,Humphreys,12,40,Ipswich Town,Midfielder,4.5,0.0,0.0,u,Has joined Huddersfield Town on loan for the rest of the season,2026-09-02T16:04:17.524642Z,0,0,0.0,0.0,0.0,0.0,0,237,2861,3231,,,
2026-10-01T05:59:12+00:00,619,218543,Palacios,12,40,Ipswich Town,Midfielder,5.0,0.0,0.0,a,,,,,0.1,3.3,3.3,3.3,501,822,8989,3432,,,
2026-10-01T05:59:12+00:00,640,431639,Flemming,12,40,Ipswich Town,Forward,5.5,0.0,0.0,a,,,,,0.1,2.0,2.0,2.0,911,981,9273,3203,,,
2026-10-01T05:59:12+00:00,260,153682,Wilson,13,2,Leeds,Midfielder,6.2,0.0,-0.3,i,Thigh injury - Unknown return date,2026-09-18T13:30:09.626858Z,0,0,1.7,0.3,0.0,0.0,72,39999,29043,456701,,,
2026-10-01T05:59:12+00:00,326,201595,Perri,13,2,Leeds,Goalkeeper,4.5,0.0,0.0,u,Has joined Torino on loan for the rest of the season,2026-09-01T13:12:39.210133Z,0,0,0.3,0.0,0.0,0.0,0,1278,532,26478,,,
2026-10-01T05:59:12+00:00,327,434752,Bijol,13,2,Leeds,Defender,5.0,0.0,0.0,a,,,,,0.7,0.3,0.3,0.3,787,5472,69089,59087,,,
2026-10-01T05:59:12+00:00,329,214225,Rodon,13,2,Leeds,Defender,4.3,-0.1,-0.2,i,Hamstring injury - Expected back 21 Nov,2026-08-30T16:00:08.564382Z,0,0,0.8,0.0,0.0,0.0,45,8693,26939,296698,,,
2026-10-01T05:59:12+00:00,330,226182,Bogle,13,2,Leeds,Defender,4.6,0.0,0.1,a,,,,,7.2,11.3,11.3,11.3,123022,25240,649595,84448,,,
2026-10-01T05:59:12+00:00,331,243526,Gudmundsson,13,2,Leeds,Defender,4.5,0.0,0.0,a,,2026-08-08T20:00:07.546568Z,100,100,0.1,4.7,4.7,4.7,520,325,4118,2755,,,
2026-10-01T05:59:12+00:00,332,220627,Justin,13,2,Leeds,Defender,4.5,0.0,0.0,a,,,,,1.4,4.7,4.7,4.7,4140,5767,121412,70680,,,
2026-10-01T05:59:12+00:00,333,437738,Bornauw,13,2,Leeds,Defender,4.5,0.0,0.0,u,Has joined Hamburg SV on loan for the rest of the season,2026-08-19T13:56:14.645970Z,0,0,0.0,0.0,0.0,0.0,0,5,0,299,,,
2026-10-01T05:59:12+00:00,334,522047,Muharemović,13,2,Leeds,Defender,5.0,0.0,0.0,a,,,,,4.3,5.7,5.7,5.7,27440,23707,298725,172591,,,
2026-10-01T05:59:12+00:00,335,466525,Stach,13,2,Leeds,Midfielder,6.0,0.0,0.0,a,,,,,2.5,3.3,3.3,3.3,4733,19305,202076,164038,,,
2026-10-01T05:59:12+00:00,336,435997,Okafor,13,2,Leeds,Midfielder,5.8,0.0,-0.2,a,,,,,0.4,5.0,5.0,5.0,1742,3317,26849,35103,,,
2026-10-01T05:59:12+00:00,337,427637,Aaronson,13,2,Leeds,Midfielder,5.3,-0.1,-0.2,a,,,,,0.5,1.0,1.0,1.0,211,3334,6774,48063,,,
2026-10-01T05:59:12+00:00,338,199598,Ampadu,13,2,Leeds,Midfielder,5.4,0.0,-0.1,a,,,,,0.9,4.7,4.7,4.7,1578,4852,18011,60531,,,
2026-10-01T05:59:12+00:00,339,180135,Longstaff,13,2,Leeds,Midfielder,4.9,0.0,-0.1,a,,,,,0.1,0.3,0.3,0.3,132,625,2505,8109,,,
2026-10-01T05:59:12+00:00,341,492859,Gnonto,13,2,Leeds,Midfielder,5.0,0.0,0.0,u,Has joined ACF Fiorentina on loan for the rest of the season,2026-09-02T16:04:47.189648Z,0,0,0.0,0.0,0.0,0.0,0,52,244,1810,,,
2026-10-01T05:59:12+00:00,342,221399,Harrison,13,2,Leeds,Midfielder,5.0,0.0,0.0,u,Has joined New England Revolution permanently,2026-07-28T12:59:09.492431Z,0,0,0.0,0.0,0.0,0.0,0,5,0,79,,,
2026-10-01T05:59:12+00:00,343,200617,James,13,2,Leeds,Midfielder,4.9,0.0,-0.1,a,,,,,0.1,0.7,0.7,0.7,183,550,4152,8000,,,
2026-10-01T05:59:12+00:00,344,486520,Gruev,13,2,Leeds,Midfielder,5.0,0.0,0.0,a,,2026-08-14T23:00:06.272027Z,100,100,0.0,0.0,0.0,0.0,48,21,127,316,,,
2026-10-01T05:59:12+00:00,345,248056,Tanaka,13,2,Leeds,Midfielder,4.9,0.0,-0.1,a,,,,,0.3,4.3,4.3,4.3,2187,2232,22705,17467,,,
2026-10-01T05:59:12+00:00,346,177815,Calvert-Lewin,13,2,Leeds,Forward,6.0,0.0,0.0,a,,,,,24.8,4.3,4.3,4.3,92609,167148,1009238,1320090,1,,
2026-10-01T05:59:12+00:00,347,174594,Nmecha,13,2,Leeds,Forward,5.4,0.0,-0.1,a,,,,,0.5,1.0,1.0,1.0,1989,3691,22183,37112,2,,
2026-10-01T05:59:12+00:00,348,235826,Piroe,13,2,Leeds,Forward,5.0,0.0,0.0,u,Has joined West Ham United on loan for the rest of the season,2026-08-19T13:56:14.666726Z,0,0,0.1,0.0,0.0,0.0,0,421,0,11216,3,,
2026-10-01T05:59:12+00:00,349,565297,Mateo Joseph,13,2,Leeds,Forward,4.5,0.0,0.0,i,Knee injury - Unknown return date,2026-07-29T18:00:10.338170Z,0,0,0.1,0.0,0.0,0.0,310,477,3096,4451,,,
2026-10-01T05:59:12+00:00,385,432720,Trafford,13,2,Leeds,Goalkeeper,5.0,0.0,0.0,a,,,,,5.5,5.3,5.3,5.3,22053,14709,264024,159054,,,
2026-10-01T05:59:12+00:00,598,173774,Elvedi,13,2,Leeds,Defender,4.5,0.0,0.0,a,,,,,0.1,4.0,4.0,4.0,224,228,5339,2787,,,
2026-10-01T05:59:12+00:00,603,643970,Lienou,13,2,Leeds,Defender,4.0,0.0,0.0,a,,,,,0.1,0.0,0.0,0.0,237,511,6910,3978,,,
2026-10-01T05:59:12+00:00,604,592740,Cresswell,13,2,Leeds,Midfielder,4.5,0.0,0.0,a,,,,,0.1,0.0,0.0,0.0,300,879,14056,7907,,,
2026-10-01T05:59:12+00:00,625,97846,Cairns,13,2,Leeds,Goalkeeper,4.0,0.0,0.0,a,,,,,0.2,0.0,0.0,0.0,831,767,19790,5925,,,
2026-10-01T05:59:12+00:00,629,155465,Zetterer,13,2,Leeds,Goalkeeper,4.0,0.0,0.0,a,,,,,0.7,0.0,0.0,0.0,2994,2751,58434,14126,,,
2026-10-01T05:59:12+00:00,641,437497,Bard,13,2,Leeds,Defender,4.5,0.0,0.0,a,,,,,0.0,0.3,0.3,0.3,96,79,958,355,,,
2026-10-01T05:59:12+00:00,648,587982,Bahoya,13,2,Leeds,Midfielder,5.0,0.0,0.0,a,,,,,0.0,0.3,0.3,0.3,106,175,2238,1143,,,
2026-10-01T05:59:12+00:00,350,116535,A.Becker,14,14,Liverpool,Goalkeeper,5.5,0.0,0.0,a,,,,,4.1,8.3,8.3,8.3,12970,11566,146288,145090,,,
2026-10-01T05:59:12+00:00,351,449027,Mamardashvili,14,14,Liverpool,Goalkeeper,4.9,0.0,-0.1,a,,,,,0.1,0.0,0.0,0.0,253,609,2865,8627,,,
2026-10-01T05:59:12+00:00,352,155503,Woodman,14,14,Liverpool,Goalkeeper,4.0,0.0,0.0,a,,,,,1.0,0.0,0.0,0.0,779,2337,18273,27195,,,
2026-10-01T05:59:12+00:00,353,586268,Pecsi,14,14,Liverpool,Goalkeeper,4.0,0.0,0.0,u,Has joined TSV Hartberg on loan for the rest of the season,2026-08-18T14:11:18.638344Z,0,0,0.0,0.0,0.0,0.0,0,60,0,1087,,,
2026-10-01T05:59:12+00:00,354,432987,Jaros,14,14,Liverpool,Goalkeeper,4.0,0.0,0.0,i,Knee injury - Unknown return date,2026-07-29T18:00:10.351066Z,0,0,0.0,0.0,0.0,0.0,204,157,1751,1243,,,
2026-10-01T05:59:12+00:00,355,464353,Davies,14,14,Liverpool,Goalkeeper,4.0,0.0,0.0,a,,,,,0.2,0.0,0.0,0.0,286,465,4738,4245,,,
2026-10-01T05:59:12+00:00,356,97032,Virgil,14,14,Liverpool,Defender,6.5,0.0,0.0,a,,,,,16.2,7.3,7.3,7.3,21108,43221,278124,615854,,,
2026-10-01T05:59:12+00:00,357,216094,Frimpong,14,14,Liverpool,Defender,5.3,0.0,-0.2,a,,,,,1.8,0.3,0.3,0.3,1596,12605,58939,245990,,,
2026-10-01T05:59:12+00:00,358,544877,Kerkez,14,14,Liverpool,Defender,5.3,-0.1,-0.2,a,,,,,2.2,4.0,4.0,4.0,2600,10275,47617,187647,,,
2026-10-01T05:59:12+00:00,359,171287,Gomez,14,14,Liverpool,Defender,4.9,0.0,-0.1,a,,2026-07-26T08:30:10.078473Z,100,100,0.0,0.0,0.0,0.0,318,114,738,1178,,,
2026-10-01T05:59:12+00:00,360,492777,Bradley,14,14,Liverpool,Defender,5.0,0.0,0.0,i,Knee injury - Unknown return date,2026-07-23T12:01:23.565711Z,0,0,0.0,0.0,0.0,0.0,56,83,373,795,,,
2026-10-01T05:59:12+00:00,361,519440,Lucky,14,14,Liverpool,Defender,4.0,0.0,0.0,a,,,,,0.1,0.0,0.0,0.0,293,573,3870,5798,,,
2026-10-01T05:59:12+00:00,362,606702,Jacquet,14,14,Liverpool,Defender,5.0,0.0,0.0,a,,2026-07-23T12:01:23.581126Z,100,100,3.5,6.7,6.7,6.7,33222,13170,231104,123203,,,
2026-10-01T05:59:12+00:00,363,647681,Leoni,14,14,Liverpool,Defender,4.0,0.0,0.0,i,Knee injury - Unknown return date,2026-07-23T12:01:23.596909Z,0,0,0.0,0.0,0.0,0.0,65,179,866,2110,,,
2026-10-01T05:59:12+00:00,364,214285,Tsimikas,14,14,Liverpool,Defender,4.9,0.0,-0.1,a,,,,,0.1,0.3,0.3,0.3,90,390,1577,4416,,,
2026-10-01T05:59:12+00:00,365,489580,Ramsay,14,14,Liverpool,Defender,4.0,0.0,0.0,u,Has joined St Mirren on loan for the rest of the season,2026-08-26T14:05:26.748768Z,0,0,0.1,0.0,0.0,0.0,0,471,638,12700,,,
2026-10-01T05:59:12+00:00,366,494595,Wirtz,14,14,Liverpool,Midfielder,7.3,0.0,-0.2,a,,,,,5.7,4.0,4.0,4.0,3340,41603,133608,765000,4,,
2026-10-01T05:59:12+00:00,367,243298,Gakpo,14,14,Liverpool,Midfielder,7.2,0.0,0.2,d,Ankle injury - 75% chance of playing,2026-09-27T21:30:07.786183Z,100,75,12.4,5.0,5.0,3.8,51017,89298,1337429,716895,3,,
2026-10-01T05:59:12+00:00,368,424876,Szoboszlai,14,14,Liverpool,Midfielder,7.0,0.0,0.0,a,,,,,32.8,2.7,2.7,2.7,35594,210772,927953,1678930,1,,
2026-10-01T05:59:12+00:00,369,611922,Ngumoha,14,14,Liverpool,Midfielder,5.7,-0.1,-0.3,a,,,,,0.5,0.3,0.3,0.3,768,4208,14546,89234,,,
2026-10-01T05:59:12+00:00,370,223541,Chiesa,14,14,Liverpool,Midfielder,5.3,-0.1,-0.2,i,Back injury - Unknown return date,2026-08-27T13:30:07.598926Z,0,0,0.0,0.0,0.0,0.0,17,246,682,10079,,,
2026-10-01T05:59:12+00:00,371,441266,Gravenberch,14,14,Liverpool,Midfielder,5.8,-0.1,-0.2,a,,,,,1.1,1.0,1.0,1.0,1194,8994,35732,130347,,,
2026-10-01T05:59:12+00:00,372,243016,Mac Allister,14,14,Liverpool,Midfielder,5.4,0.0,-0.1,a,,,,,1.3,2.7,2.7,2.7,3794,6804,45414,96518,5,,
2026-10-01T05:59:12+00:00,373,206915,C.Jones,14,14,Liverpool,Midfielder,5.5,0.0,0.0,u,Has joined Internazionale permanently,2026-08-16T18:30:07.426408Z,0,0,0.0,0.0,0.0,0.0,0,60,34,2647,,,
2026-10-01T05:59:12+00:00,374,158983,Endo,14,14,Liverpool,Midfielder,4.9,0.0,-0.1,a,,2026-07-23T12:01:23.612529Z,100,100,0.1,0.0,0.0,0.0,164,439,2327,4805,,,
2026-10-01T05:59:12+00:00,375,591386,Nyoni,14,14,Liverpool,Midfielder,4.9,0.0,-0.1,a,,,,,0.0,0.7,0.7,0.7,91,309,1348,3054,,,
2026-10-01T05:59:12+00:00,376,535928,Bajcetic,14,14,Liverpool,Midfielder,5.0,0.0,0.0,u,Has joined Celta Vigo permanently,2026-07-23T12:01:23.628373Z,0,0,0.0,0.0,0.0,0.0,0,3,19,107,,,
2026-10-01T05:59:12+00:00,377,551499,Munoz,14,14,Liverpool,Midfielder,6.5,0.0,0.0,a,,,,,0.9,1.7,1.7,1.7,1434,11379,117417,101721,,,
2026-10-01T05:59:12+00:00,378,491501,McConnell,14,14,Liverpool,Midfielder,4.4,0.0,-0.1,a,,,,,0.2,0.0,0.0,0.0,1051,1489,6926,12946,,,
2026-10-01T05:59:12+00:00,379,219168,Isak,14,14,Liverpool,Forward,9.1,0.0,0.1,d,Thigh injury - 75% chance of playing,2026-09-27T10:30:09.051435Z,,75,22.4,7.7,7.7,5.8,114814,81837,1241976,741806,2,,
2026-10-01T05:59:12+00:00,380,510663,Ekitiké,14,14,Liverpool,Forward,7.4,0.0,-0.1,i,Achilles injury - Unknown return date,2026-07-23T12:01:23.643771Z,0,0,0.1,0.0,0.0,0.0,367,823,2639,11286,,,
2026-10-01T05:59:12+00:00,381,514514,Koumas,14,14,Liverpool,Midfielder,5.0,0.0,0.0,a,,,,,0.0,0.7,0.7,0.7,152,189,831,1390,,,
2026-10-01T05:59:12+00:00,382,500058,Danns,14,14,Liverpool,Forward,4.5,0.0,0.0,a,,2026-07-23T12:01:23.659279Z,100,100,0.2,0.0,0.0,0.0,3451,2365,23258,9644,,,
2026-10-01T05:59:12+00:00,383,444884,Elliott,14,14,Liverpool,Midfielder,5.4,0.0,-0.1,u,Has joined Valencia on loan for the rest of the season,2026-09-02T16:05:49.104326Z,0,0,0.0,0.0,0.0,0.0,0,224,907,6144,,,
2026-10-01T05:59:12+00:00,579,445087,Araujo,14,14,Liverpool,Defender,5.4,0.0,-0.1,a,,,,,3.0,7.0,7.0,7.0,16674,10352,148590,160041,,,
2026-10-01T05:59:12+00:00,627,482616,Barcola,14,14,Liverpool,Midfielder,8.0,0.0,0.0,a,,,,,1.9,2.3,2.3,2.3,10639,18722,288101,129968,,,
2026-10-01T05:59:12+00:00,155,448047,Enzo,15,43,Man City,Midfielder,6.9,0.0,-0.1,a,,,,,3.6,4.0,4.0,4.0,30563,14326,172230,321235,,,
2026-10-01T05:59:12+00:00,237,440993,Ndiaye,15,43,Man City,Midfielder,5.8,-0.1,-0.2,a,,,,,6.7,3.0,3.0,3.0,6893,67946,297762,1135949,,,
2026-10-01T05:59:12+00:00,384,204936,Donnarumma,15,43,Man City,Goalkeeper,5.5,0.0,0.0,a,,,,,7.6,5.3,5.3,5.3,10557,30040,206748,315956,,,
2026-10-01T05:59:12+00:00,386,122074,Bettinelli,15,43,Man City,Goalkeeper,4.5,0.0,0.0,a,,,,,0.0,0.0,0.0,0.0,51,88,566,1124,,,
2026-10-01T05:59:12+00:00,387,472769,O'Reilly,15,43,Man City,Defender,6.3,-0.1,-0.2,a,,2026-09-05T18:00:06.379802Z,100,100,10.9,0.7,0.7,0.7,5289,69888,192633,1206399,,,
2026-10-01T05:59:12+00:00,388,209036,Guéhi,15,43,Man City,Defender,6.0,0.0,0.0,a,,,,,18.2,6.0,6.0,6.0,23222,50647,505142,462623,,,
2026-10-01T05:59:12+00:00,389,465351,Matheus N.,15,43,Man City,Defender,5.9,0.0,-0.1,a,,2026-08-27T11:30:08.171622Z,100,100,1.0,3.3,3.3,3.3,1627,2892,14782,74033,4,,
2026-10-01T05:59:12+00:00,390,171314,Rúben,15,43,Man City,Defender,5.5,0.0,0.0,a,,,,,1.9,4.3,4.3,4.3,4610,8988,67198,73790,,,
2026-10-01T05:59:12+00:00,391,477424,Gvardiol,15,43,Man City,Defender,5.7,0.0,0.2,a,,,,,26.8,7.7,7.7,7.7,145502,53751,1827534,413967,,,
2026-10-01T05:59:12+00:00,392,448514,Aït-Nouri,15,43,Man City,Defender,5.3,0.0,-0.2,a,,,,,0.4,0.0,0.0,0.0,519,2150,7871,61559,,,
2026-10-01T05:59:12+00:00,393,578153,Khusanov,15,43,Man City,Defender,5.4,0.0,-0.1,a,,,,,1.4,1.7,1.7,1.7,1392,8930,26828,80576,,,
2026-10-01T05:59:12+00:00,394,494307,Alleyne,15,43,Man City,Defender,5.0,0.0,0.0,u,Has joined Burnley on loan for the rest of the season,2026-08-18T14:11:56.324656Z,0,0,0.0,0.0,0.0,0.0,0,20,0,618,,,
2026-10-01T05:59:12+00:00,395,477064,Lewis,15,43,Man City,Defender,4.4,0.0,-0.1,a,,,,,0.2,0.0,0.0,0.0,300,1195,8256,16261,,,
2026-10-01T05:59:12+00:00,396,616222,Vitor Reis,15,43,Man City,Defender,4.5,0.0,0.0,a,,,,,0.0,0.0,0.0,0.0,71,148,551,1171,,,
2026-10-01T05:59:12+00:00,397,437730,Semenyo,15,43,Man City,Midfielder,8.4,0.0,-0.1,d,Ankle injury - 75% chance of playing,2026-09-24T12:00:09.848000Z,,75,15.3,8.7,8.7,6.5,124993,65562,315896,1208262,2,,
2026-10-01T05:59:12+00:00,398,209244,Foden,15,43,Man City,Midfielder,6.9,0.0,-0.1,s,Suspended until 17 Oct,2026-09-13T17:00:09.433455Z,0,0,1.8,-0.3,0.0,0.0,206,28070,303452,565792,,,
2026-10-01T05:59:12+00:00,399,466052,Cherki,15,43,Man City,Midfielder,7.8,0.0,0.3,a,,,,,28.4,4.0,4.0,4.0,121562,88100,2668723,955045,,,
2026-10-01T05:59:12+00:00,400,248875,Doku,15,43,Man City,Midfielder,7.4,0.0,-0.1,a,,2026-08-18T17:00:08.385597Z,75,100,0.7,0.3,0.2,0.3,4265,2035,5732,128121,3,,
2026-10-01T05:59:12+00:00,402,220566,Rodrigo,15,43,Man City,Midfielder,6.5,0.0,0.0,u,Has joined Barcelona permanently,2026-07-23T12:01:23.675537Z,0,0,0.0,0.0,0.0,0.0,0,25,0,1229,,,
2026-10-01T05:59:12+00:00,404,433036,Reijnders,15,43,Man City,Midfielder,6.0,0.0,0.0,u,Has joined Al Qadsiah permanently,2026-08-20T14:02:58.154273Z,0,0,0.0,0.0,0.0,0.0,0,99,0,8184,,,
2026-10-01T05:59:12+00:00,406,91651,Kovačić,15,43,Man City,Midfielder,5.4,0.0,-0.1,a,,,,,0.1,0.0,0.0,0.0,109,454,2251,6283,,,
2026-10-01T05:59:12+00:00,407,575204,Echeverri,15,43,Man City,Midfielder,4.9,0.0,-0.1,u,Has joined Benfica on loan for the rest of the season,2026-09-03T15:41:24.710479Z,0,0,0.0,0.0,0.0,0.0,0,52,250,1341,,,
2026-10-01T05:59:12+00:00,408,155405,Phillips,15,43,Man City,Midfielder,5.0,0.0,0.0,u,Has joined Sheffield United on loan for the rest of the season,2026-08-18T14:11:56.348781Z,0,0,0.0,0.0,0.0,0.0,0,12,0,571,,,
2026-10-01T05:59:12+00:00,409,590039,Mukasa,15,43,Man City,Midfielder,4.5,0.0,0.0,u,has joined West Ham on loan for the rest of the seaon.,2026-09-03T10:34:10.733520Z,0,0,0.1,0.0,0.0,0.0,0,588,1621,12155,,,
2026-10-01T05:59:12+00:00,410,649208,Monga,15,43,Man City,Midfielder,4.9,0.0,-0.1,u,Has joined Swansea City on loan for the rest of the season,2026-09-02T16:02:01.136760Z,0,0,0.0,0.0,0.0,0.0,0,50,219,1270,,,
2026-10-01T05:59:12+00:00,411,223094,Haaland,15,43,Man City,Forward,15.6,0.0,0.1,a,,,,,73.8,8.0,8.0,8.0,77572,19835,922849,321493,1,,
2026-10-01T05:59:12+00:00,481,215379,Anderson,15,43,Man City,Midfielder,6.3,0.0,-0.2,a,,2026-08-23T17:00:07.952697Z,100,100,4.0,3.3,3.3,3.3,7721,27490,105160,445330,,,
2026-10-01T05:59:12+00:00,587,106921,Rulli,15,43,Man City,Goalkeeper,5.0,0.0,0.0,a,,,,,0.0,0.0,0.0,0.0,69,102,601,1113,,,
2026-10-01T05:59:12+00:00,616,637238,Bouaddi,15,43,Man City,Midfielder,5.5,0.0,0.0,a,,,,,0.2,0.3,0.3,0.3,831,2099,21030,13538,,,
2026-10-01T05:59:12+00:00,621,616288,McAidoo,15,43,Man City,Midfielder,4.5,0.0,0.0,a,,,,,0.1,0.3,0.3,0.3,192,1081,11361,7104,,,
2026-10-01T05:59:12+00:00,622,554054,Braithwaite,15,43,Man City,Defender,4.0,0.0,0.0,a,,,,,0.2,0.0,0.0,0.0,573,1628,16780,9179,,,
2026-10-01T05:59:12+00:00,628,624777,Allan,15,43,Man City,Midfielder,6.0,0.0,0.0,a,,,,,0.0,0.0,0.0,0.0,222,163,1185,684,,,
2026-10-01T05:59:12+00:00,653,595480,Samba,15,43,Man City,Midfielder,4.5,0.0,0.0,a,,,,,0.0,0.0,0.0,0.0,241,487,3890,2170,,,
2026-10-01T05:59:12+00:00,43,166989,Tielemans,16,1,Man Utd,Midfielder,5.8,0.0,-0.2,a,,2026-07-23T12:01:23.321726Z,100,100,1.5,2.7,2.7,2.7,3101,10586,44548,161210,3,,
2026-10-01T05:59:12+00:00,131,535301,Baleba,16,1,Man Utd,Midfielder,4.9,0.0,-0.1,a,,2026-08-06T16:00:10.997714Z,50,100,0.1,0.0,0.0,0.0,1252,717,6691,14358,,,
2026-10-01T05:59:12+00:00,162,532605,Andrey Santos,16,1,Man Utd,Midfielder,4.8,0.0,-0.2,a,,,,,0.6,0.3,0.3,0.3,1028,4886,22225,73505,,,
2026-10-01T05:59:12+00:00,325,59735,Darlow,16,1,Man Utd,Goalkeeper,4.5,0.0,0.0,d,Unspecified injury - 75% chance of playing,2026-09-21T13:30:08.885505Z,100,75,0.0,0.0,0.0,0.0,58,210,1065,1591,,,
2026-10-01T05:59:12+00:00,412,465247,Lammens,16,1,Man Utd,Goalkeeper,4.9,0.0,-0.1,a,,,,,9.9,2.7,2.7,2.7,6629,48124,98837,686555,,,
2026-10-01T05:59:12+00:00,413,451302,Bayindir,16,1,Man Utd,Goalkeeper,4.5,0.0,0.0,u,Has joined Celta Vigo on loan for the rest of the season,2026-08-10T14:02:28.608415Z,0,0,0.0,0.0,0.0,0.0,0,37,0,1147,,,
2026-10-01T05:59:12+00:00,414,21205,Heaton,16,1,Man Utd,Goalkeeper,4.0,0.0,0.0,i,Hamstring injury - Unknown return date,2026-08-15T16:00:07.854151Z,0,0,0.1,0.0,0.0,0.0,189,264,2107,3551,,,
2026-10-01T05:59:12+00:00,415,596777,Dorgu,16,1,Man Utd,Midfielder,5.8,0.0,-0.2,d,Hamstring injury - 75% chance of playing,2026-09-27T21:30:07.831640Z,,75,0.5,3.0,3.0,2.2,1026,4057,13996,97594,,,
2026-10-01T05:59:12+00:00,416,209365,De Ligt,16,1,Man Utd,Defender,5.0,0.0,0.0,i,Back injury - Unknown return date,2026-07-23T12:01:23.690880Z,0,0,0.0,0.0,0.0,0.0,73,131,452,1554,,,
2026-10-01T05:59:12+00:00,417,216051,Dalot,16,1,Man Utd,Defender,4.9,0.0,-0.1,a,,,,,1.6,1.7,1.7,1.7,1224,7441,26003,135936,,,
2026-10-01T05:59:12+00:00,418,95658,Maguire,16,1,Man Utd,Defender,4.8,-0.1,-0.2,a,,,,,8.6,1.7,1.7,1.7,4259,74231,138217,1003922,,,
2026-10-01T05:59:12+00:00,419,221820,Martinez,16,1,Man Utd,Defender,5.0,0.0,0.0,a,,2026-07-24T20:00:10.337107Z,100,100,1.3,1.7,1.7,1.7,3633,6368,36559,67221,,,
2026-10-01T05:59:12+00:00,420,550864,Yoro,16,1,Man Utd,Defender,4.8,-0.1,-0.2,a,,,,,0.5,0.3,0.3,0.3,457,2144,5239,35986,,,
2026-10-01T05:59:12+00:00,421,606745,Heaven,16,1,Man Utd,Defender,4.3,-0.1,-0.2,a,,,,,0.3,0.0,0.0,0.0,233,1465,6003,24051,,,
2026-10-01T05:59:12+00:00,422,230001,Mazraoui,16,1,Man Utd,Defender,4.4,0.0,-0.1,a,,,,,0.5,0.3,0.3,0.3,577,2854,14361,40941,,,
2026-10-01T05:59:12+00:00,423,106760,Shaw,16,1,Man Utd,Defender,4.3,-0.1,-0.2,a,,2026-09-11T13:00:09.030120Z,50,100,7.7,2.0,1.0,2.0,3543,76003,101027,1307932,,,
2026-10-01T05:59:12+00:00,424,577974,Amass,16,1,Man Utd,Defender,4.0,0.0,0.0,a,,,,,0.2,0.0,0.0,0.0,417,778,6319,8808,,,
2026-10-01T05:59:12+00:00,425,547676,Fredricson,16,1,Man Utd,Defender,4.0,0.0,0.0,u,Has joined Lausanne-Sport permanently,2026-08-18T14:12:31.904433Z,0,0,0.0,0.0,0.0,0.0,0,49,0,1317,,,
2026-10-01T05:59:12+00:00,426,141746,B.Fernandes,16,1,Man Utd,Midfielder,11.9,-0.1,-0.1,a,,,,,38.5,2.0,2.0,2.0,42892,195008,654492,1847958,1,,
2026-10-01T05:59:12+00:00,427,446008,Mbeumo,16,1,Man Utd,Midfielder,7.9,0.0,-0.1,a,,,,,20.6,4.0,4.0,4.0,36171,128464,463150,2014963,2,,
2026-10-01T05:59:12+00:00,428,430871,Cunha,16,1,Man Utd,Midfielder,7.9,0.0,-0.1,a,,,,,5.8,5.0,5.0,5.0,21593,21336,95339,509367,,,
2026-10-01T05:59:12+00:00,429,176297,Rashford,16,1,Man Utd,Midfielder,7.0,0.0,0.0,d,Unspecified injury - 75% chance of playing,2026-09-21T10:30:09.221479Z,,75,1.5,2.3,2.3,1.7,4145,17450,85174,128531,,,
2026-10-01T05:59:12+00:00,430,184341,Mount,16,1,Man Utd,Midfielder,5.4,0.0,-0.1,a,,2026-08-15T16:00:07.879135Z,100,100,0.0,0.3,0.3,0.3,182,198,910,1974,,,
2026-10-01T05:59:12+00:00,431,493250,Amad,16,1,Man Utd,Midfielder,5.7,0.0,-0.3,i,Unspecified injury - Unknown return date,2026-08-22T11:00:08.617283Z,0,0,0.3,0.0,0.0,0.0,127,1793,2169,123514,,,
2026-10-01T05:59:12+00:00,432,516895,Mainoo,16,1,Man Utd,Midfielder,5.5,0.0,0.0,d,Unspecified injury - 75% chance of playing,2026-09-21T13:00:09.169862Z,,75,1.6,5.7,5.7,4.3,7608,14886,94702,67163,,,
2026-10-01T05:59:12+00:00,433,232112,Ugarte,16,1,Man Utd,Midfielder,5.0,0.0,0.0,i,Knee injury - Unknown return date,2026-07-23T12:01:23.706702Z,0,0,0.0,0.0,0.0,0.0,23,24,119,264,,,
2026-10-01T05:59:12+00:00,434,547037,J.Fletcher,16,1,Man Utd,Midfielder,4.9,0.0,-0.1,a,,,,,0.0,0.0,0.0,0.0,43,57,323,705,,,
2026-10-01T05:59:12+00:00,435,576628,Lacey,16,1,Man Utd,Midfielder,4.9,0.0,-0.1,a,,,,,0.1,0.0,0.0,0.0,370,354,1723,3319,,,
2026-10-01T05:59:12+00:00,436,490881,Collyer,16,1,Man Utd,Midfielder,5.0,0.0,0.0,u,Has joined West Brom permanently,2026-09-01T13:16:48.584385Z,0,0,0.0,0.0,0.0,0.0,0,46,150,1053,,,
2026-10-01T05:59:12+00:00,437,576620,Bendito Mantato,16,1,Man Utd,Midfielder,4.4,-0.1,-0.1,a,,,,,0.2,0.0,0.0,0.0,417,853,5081,9634,,,
2026-10-01T05:59:12+00:00,438,519913,Fletcher,16,1,Man Utd,Midfielder,4.4,0.0,-0.1,a,,,,,0.3,0.0,0.0,0.0,2552,2092,10621,16861,,,
2026-10-01T05:59:12+00:00,439,485711,Šeško,16,1,Man Utd,Forward,7.0,0.0,0.0,d,Shin injury - 75% chance of playing,2026-09-20T19:30:08.505755Z,100,75,1.6,2.0,2.0,1.5,6596,23814,104035,133487,,,
2026-10-01T05:59:12+00:00,440,458249,Zirkzee,16,1,Man Utd,Forward,5.3,-0.1,-0.2,a,,,,,0.4,0.7,0.7,0.7,1932,3103,15812,43656,,,
2026-10-01T05:59:12+00:00,441,596047,Obi,16,1,Man Utd,Forward,4.5,0.0,0.0,u,Has joined Willem II on loan for the rest of the season,2026-09-14T16:12:42.090874Z,0,0,0.9,0.0,0.0,0.0,0,11208,45543,74150,,,
2026-10-01T05:59:12+00:00,405,465694,N.Gonzalez,17,4,Newcastle,Midfielder,5.5,0.0,0.0,a,,2026-09-14T21:30:07.343728Z,0,100,0.2,1.0,0.0,1.0,593,1834,18056,17003,,,
2026-10-01T05:59:12+00:00,442,98747,Pope,17,4,Newcastle,Goalkeeper,4.9,0.0,-0.1,a,,,,,0.9,0.0,0.0,0.0,857,3095,13350,53818,,,
2026-10-01T05:59:12+00:00,443,81441,Gillespie,17,4,Newcastle,Goalkeeper,4.5,0.0,0.0,a,,,,,0.0,0.0,0.0,0.0,43,87,768,1207,,,
2026-10-01T05:59:12+00:00,444,554578,Jaouen,17,4,Newcastle,Goalkeeper,4.4,-0.1,-0.1,d,Ankle injury - 50% chance of playing,2026-09-10T16:00:09.127466Z,50,50,0.0,0.0,0.0,0.0,20,117,453,1522,,,
2026-10-01T05:59:12+00:00,445,465642,Thiaw,17,4,Newcastle,Defender,5.0,0.0,0.0,a,,,,,2.2,1.7,1.7,1.7,8462,9906,177763,122917,,,
2026-10-01T05:59:12+00:00,446,119471,Schär,17,4,Newcastle,Defender,4.9,0.0,-0.1,a,,2026-08-15T16:30:07.209742Z,100,100,0.2,0.3,0.3,0.3,547,895,7058,13841,,,
2026-10-01T05:59:12+00:00,447,220237,Botman,17,4,Newcastle,Defender,5.0,0.0,0.0,a,,,,,0.7,2.3,2.3,2.3,4691,2972,47365,28266,,,
2026-10-01T05:59:12+00:00,448,78916,Burn,17,4,Newcastle,Defender,4.8,-0.1,-0.2,i,Ankle injury - Expected back 12 Oct,2026-08-23T18:00:08.367241Z,0,0,0.7,0.0,0.0,0.0,110,5736,7325,160644,,,
2026-10-01T05:59:12+00:00,449,487838,Hall,17,4,Newcastle,Defender,5.3,0.1,0.3,a,,,,,17.3,5.7,5.7,5.7,243954,20134,1657456,347967,,,
2026-10-01T05:59:12+00:00,450,441191,Livramento,17,4,Newcastle,Defender,4.9,0.0,-0.1,d,Unspecified injury - 75% chance of playing,2026-09-19T14:00:09.046677Z,100,75,0.1,1.3,1.3,1.0,443,1479,10239,5919,,,
2026-10-01T05:59:12+00:00,451,545477,A.Murphy,17,4,Newcastle,Defender,4.0,0.0,0.0,u,Has joined FC Kaiserslautern on loan for the rest of the season,2026-08-12T14:05:29.224600Z,0,0,0.1,0.0,0.0,0.0,0,285,0,6936,,,
2026-10-01T05:59:12+00:00,453,201666,Barnes,17,4,Newcastle,Midfielder,6.1,0.1,0.1,a,,,,,5.7,7.7,7.7,7.7,158074,17621,629177,149529,,,
2026-10-01T05:59:12+00:00,454,449434,Elanga,17,4,Newcastle,Midfielder,6.1,-0.1,0.1,i,Unspecified injury - Unknown return date,2026-09-14T20:00:09.505598Z,0,0,4.5,0.3,0.0,0.0,324,165512,1286161,1085473,,,
2026-10-01T05:59:12+00:00,456,232653,J.Ramsey,17,4,Newcastle,Midfielder,4.9,0.0,-0.1,i,Thigh injury - Unknown return date,2026-09-15T09:00:08.191022Z,0,0,0.2,2.0,0.0,0.0,64,4686,16610,30889,,,
2026-10-01T05:59:12+00:00,457,114243,J.Murphy,17,4,Newcastle,Midfielder,5.9,0.0,-0.1,a,,,,,0.1,0.7,0.7,0.7,945,766,6048,10945,,,
2026-10-01T05:59:12+00:00,458,180974,Joelinton,17,4,Newcastle,Midfielder,5.4,0.0,-0.1,i,Unspecified injury - Unknown return date,2026-08-16T08:00:08.074045Z,0,0,0.0,0.0,0.0,0.0,18,78,229,2240,,,
2026-10-01T05:59:12+00:00,459,547719,L.Miley,17,4,Newcastle,Midfielder,5.5,0.0,0.0,a,,2026-07-23T12:01:23.785456Z,100,100,0.1,2.0,2.0,2.0,476,454,6340,5461,,,
2026-10-01T05:59:12+00:00,460,200089,Willock,17,4,Newcastle,Midfielder,5.0,0.0,0.0,a,,,,,0.6,4.3,4.3,4.3,9559,2684,64379,30669,,,
2026-10-01T05:59:12+00:00,461,611665,Touré,17,4,Newcastle,Midfielder,5.8,0.0,-0.2,a,,,,,0.1,2.3,2.3,2.3,322,845,3705,16452,,,
2026-10-01T05:59:12+00:00,462,636852,Steur,17,4,Newcastle,Midfielder,4.9,0.0,-0.1,a,,,,,0.1,2.0,2.0,2.0,264,379,2420,6176,,,
2026-10-01T05:59:12+00:00,463,470313,Woltemade,17,4,Newcastle,Forward,5.9,0.0,-0.1,u,Has joined Juventus on loan for the rest of the season,2026-09-02T16:07:16.549304Z,0,0,0.5,0.0,0.0,0.0,0,3658,14520,142093,,,
2026-10-01T05:59:12+00:00,464,216646,Wissa,17,4,Newcastle,Forward,6.2,0.0,0.2,a,,,,,18.7,1.0,1.0,1.0,86088,139701,2281600,726711,2,,
2026-10-01T05:59:12+00:00,465,538207,Osula,17,4,Newcastle,Forward,5.8,-0.1,-0.2,i,Foot injury - Unknown return date,2026-08-25T19:00:08.004915Z,0,0,0.3,0.0,0.0,0.0,124,2346,21447,86651,1,,
2026-10-01T05:59:12+00:00,466,599303,Neave,17,4,Newcastle,Forward,4.5,0.0,0.0,u,Has joined Wolves on loan for the rest of the season,2026-09-04T12:37:43.515176Z,0,0,0.5,0.0,0.0,0.0,0,3853,23805,52475,,,
2026-10-01T05:59:12+00:00,559,632794,Bamba,17,4,Newcastle,Midfielder,4.9,0.0,-0.1,a,,,,,0.1,0.7,0.7,0.7,128,486,2568,7570,,,
2026-10-01T05:59:12+00:00,567,470551,Horníček,17,4,Newcastle,Goalkeeper,5.0,0.0,0.0,a,,,,,1.5,2.0,2.0,2.0,7088,4888,151738,71441,,,
2026-10-01T05:59:12+00:00,593,463726,Dedić,17,4,Newcastle,Defender,4.5,0.0,0.0,i,Unspecified injury - Unknown return date,2026-09-17T14:30:09.823731Z,0,0,1.8,0.3,0.0,0.0,256,37183,447878,307233,,,
2026-10-01T05:59:12+00:00,609,553746,Shahar,17,4,Newcastle,Defender,4.0,0.0,0.0,u,has joined Arouca on loan for the rest of the seaon.,2026-09-11T14:41:57.406766Z,0,0,0.2,0.0,0.0,0.0,0,1847,18236,15745,,,
2026-10-01T05:59:12+00:00,634,613221,Fernandez-Pardo,17,4,Newcastle,Forward,6.0,0.0,0.0,a,,,,,0.1,1.3,1.3,1.3,1968,1401,17039,6301,,,
2026-10-01T05:59:12+00:00,659,665243,Miley,17,4,Newcastle,Midfielder,4.5,0.0,0.0,a,,,,,0.0,0.0,0.0,0.0,1395,640,4833,1242,,,
2026-10-01T05:59:12+00:00,663,578512,Pivas,17,4,Newcastle,Defender,4.0,0.0,0.0,a,,,,,0.0,0.0,1.1,1.1,386,56,386,56,,,
2026-10-01T05:59:12+00:00,664,601767,Salia,17,4,Newcastle,Forward,4.5,0.0,0.0,a,,,,,0.1,0.0,1.0,1.0,9562,1539,9562,1539,,,
2026-10-01T05:59:12+00:00,665,655585,Mills,17,4,Newcastle,Midfielder,4.5,0.0,0.0,a,,,,,0.0,0.0,1.1,1.1,159,29,159,29,,,
2026-10-01T05:59:12+00:00,666,671875,Thompson,17,4,Newcastle,Midfielder,4.5,0.0,0.0,a,,,,,0.0,0.0,1.1,1.1,233,35,233,35,,,
2026-10-01T05:59:12+00:00,167,463034,Delap,18,17,Nott'm Forest,Forward,5.6,0.1,0.1,a,,,,,2.7,2.7,2.7,2.7,24799,28466,311975,82038,3,,
2026-10-01T05:59:12+00:00,201,247348,Muñoz,18,17,Nott'm Forest,Defender,5.4,0.0,-0.1,a,,,,,5.7,1.7,1.7,1.7,7749,29700,158307,483876,,,
2026-10-01T05:59:12+00:00,467,85633,Sels,18,17,Nott'm Forest,Goalkeeper,5.0,0.0,0.0,a,,,,,1.6,3.7,3.7,3.7,1967,6039,68220,62101,,,
2026-10-01T05:59:12+00:00,468,221389,John,18,17,Nott'm Forest,Goalkeeper,4.5,0.0,0.0,a,,,,,0.1,0.0,0.0,0.0,60,152,867,2012,,,
2026-10-01T05:59:12+00:00,469,215136,N.Williams,18,17,Nott'm Forest,Defender,5.0,0.0,0.0,a,,,,,8.7,3.7,3.7,3.7,10867,46358,325353,351616,,,
2026-10-01T05:59:12+00:00,470,485047,Morato,18,17,Nott'm Forest,Defender,5.0,0.0,0.0,u,Has joined West Ham on loan for the rest of the season,2026-09-02T16:19:54.503286Z,0,0,0.0,0.0,0.0,0.0,0,116,424,3696,,,
2026-10-01T05:59:12+00:00,471,227444,Milenković,18,17,Nott'm Forest,Defender,5.4,-0.1,-0.1,i,Hamstring injury - Expected back 11 Oct,2026-09-12T14:00:09.705107Z,0,0,1.0,2.3,0.0,0.0,65,12042,17997,107199,,,
2026-10-01T05:59:12+00:00,472,575476,Murillo,18,17,Nott'm Forest,Defender,5.5,0.0,0.0,a,,2026-07-23T12:01:23.801183Z,100,100,2.1,6.0,6.0,6.0,8207,8058,103704,61319,,,
2026-10-01T05:59:12+00:00,473,159506,Aina,18,17,Nott'm Forest,Defender,4.4,-0.1,-0.1,a,,,,,2.4,1.0,1.0,1.0,1051,20183,69164,169970,,,
2026-10-01T05:59:12+00:00,474,575458,Jair Cunha,18,17,Nott'm Forest,Defender,4.5,0.0,0.0,a,,2026-09-12T14:00:09.724349Z,75,100,0.2,3.0,2.2,3.0,239,632,9745,13158,,,
2026-10-01T05:59:12+00:00,475,500151,Savona,18,17,Nott'm Forest,Defender,4.5,0.0,0.0,i,Knee injury - Unknown return date,2026-07-23T12:01:23.816304Z,0,0,0.0,0.0,0.0,0.0,20,20,240,278,,,
2026-10-01T05:59:12+00:00,476,204822,O.Richards,18,17,Nott'm Forest,Defender,4.0,0.0,0.0,a,,,,,0.2,0.0,0.0,0.0,295,722,3995,8273,,,
2026-10-01T05:59:12+00:00,477,549067,Abbott,18,17,Nott'm Forest,Defender,4.0,0.0,0.0,u,Has joined Southampton on loan for the rest of the season,2026-09-02T16:19:54.536676Z,0,0,0.1,0.0,0.0,0.0,0,811,2459,13884,,,
2026-10-01T05:59:12+00:00,478,470315,Netz,18,17,Nott'm Forest,Defender,4.4,0.0,-0.1,a,,,,,0.0,0.3,0.3,0.3,54,115,684,1586,,,
2026-10-01T05:59:12+00:00,479,538638,Bindon,18,17,Nott'm Forest,Defender,4.0,0.0,0.0,u,Has joined Charlton Athletic on loan for the rest of the season,2026-09-01T13:16:05.383880Z,0,0,0.1,0.0,0.0,0.0,0,516,799,8646,,,
2026-10-01T05:59:12+00:00,480,222531,Gibbs-White,18,17,Nott'm Forest,Midfielder,8.0,0.0,0.0,a,,2026-08-24T15:30:08.350159Z,100,100,15.7,4.3,4.3,4.3,64947,81384,1208629,664078,1,,
2026-10-01T05:59:12+00:00,482,209046,Hudson-Odoi,18,17,Nott'm Forest,Midfielder,5.8,0.0,-0.2,a,,2026-07-23T12:01:23.832709Z,100,100,0.1,0.0,0.0,0.0,255,1151,5266,17551,,,
2026-10-01T05:59:12+00:00,483,456512,Ndoye,18,17,Nott'm Forest,Midfielder,5.5,0.0,0.0,a,,,,,0.7,1.0,1.0,1.0,745,8031,72341,49194,,,
2026-10-01T05:59:12+00:00,484,503301,Hutchinson,18,17,Nott'm Forest,Midfielder,5.4,0.0,-0.1,u,Has joined AC Milan on loan for the rest of the season,2026-09-01T13:23:52.340206Z,0,0,0.1,0.0,0.0,0.0,0,360,427,10988,,,
2026-10-01T05:59:12+00:00,485,476887,Bakwa,18,17,Nott'm Forest,Midfielder,5.5,0.0,0.0,u,Has joined Lille on loan for the rest of the season,2026-08-27T14:53:03.381941Z,0,0,0.0,0.0,0.0,0.0,0,33,107,1175,,,
2026-10-01T05:59:12+00:00,486,432714,McAtee,18,17,Nott'm Forest,Midfielder,5.5,0.0,0.0,a,,,,,0.1,2.3,2.3,2.3,342,898,9987,5944,,,
2026-10-01T05:59:12+00:00,487,250199,Dominguez,18,17,Nott'm Forest,Midfielder,4.9,0.0,-0.1,a,,,,,0.1,0.0,0.0,0.0,62,291,1200,4093,,,
2026-10-01T05:59:12+00:00,488,210462,I.Sangaré,18,17,Nott'm Forest,Midfielder,4.9,0.0,-0.1,a,,2026-08-28T09:30:07.471668Z,100,100,0.4,0.7,0.7,0.7,303,3006,9202,68585,,,
2026-10-01T05:59:12+00:00,489,204968,Yates,18,17,Nott'm Forest,Midfielder,4.5,0.0,0.0,a,,2026-08-17T20:30:08.195072Z,100,100,1.2,0.0,0.0,0.0,586,7292,30232,93647,,,
2026-10-01T05:59:12+00:00,490,60689,Wood,18,17,Nott'm Forest,Forward,5.8,0.0,-0.2,a,,,,,0.9,1.0,1.0,1.0,1963,6418,24542,116265,2,,
2026-10-01T05:59:12+00:00,491,482973,Igor Jesus,18,17,Nott'm Forest,Forward,5.8,0.0,-0.2,a,,,,,2.6,3.0,3.0,3.0,7172,22907,126172,270252,4,,
2026-10-01T05:59:12+00:00,493,465680,Kalimuendo,18,17,Nott'm Forest,Forward,5.4,0.0,-0.1,a,,,,,0.1,0.0,0.0,0.0,226,412,3036,4112,,,
2026-10-01T05:59:12+00:00,558,204561,Schlager,18,17,Nott'm Forest,Midfielder,5.0,0.0,0.0,a,,,,,0.1,2.7,2.7,2.7,220,770,5900,5787,,,
2026-10-01T05:59:12+00:00,581,568420,Diomande,18,17,Nott'm Forest,Defender,5.4,0.0,-0.1,a,,,,,0.5,2.3,2.3,2.3,1504,2231,13626,41696,,,
2026-10-01T05:59:12+00:00,590,428971,Benda,18,17,Nott'm Forest,Goalkeeper,4.5,0.0,0.0,a,,,,,0.1,0.0,0.0,0.0,123,237,2663,2838,,,
2026-10-01T05:59:12+00:00,112,469142,Van Hecke,19,6,Spurs,Defender,4.9,0.0,-0.1,d,Foot injury - 75% chance of playing,2026-09-30T16:00:09.552205Z,,75,6.5,7.3,7.3,5.5,18437,28527,154606,473922,,,
2026-10-01T05:59:12+00:00,147,109646,Tosin,19,6,Spurs,Defender,4.4,0.0,-0.1,a,,,,,0.1,0.3,0.3,0.3,101,556,1993,7908,,,
2026-10-01T05:59:12+00:00,401,438234,Marmoush,19,6,Spurs,Forward,7.0,0.0,0.0,a,,,,,2.1,2.0,2.0,2.0,11182,21419,233661,162552,2,,
2026-10-01T05:59:12+00:00,403,510281,Sávio,19,6,Spurs,Midfielder,6.5,0.0,0.0,a,,2026-08-29T16:30:08.380416Z,100,100,0.7,2.7,2.7,2.7,2830,6738,99742,79501,,,
2026-10-01T05:59:12+00:00,455,432422,Tonali,19,6,Spurs,Midfielder,5.3,-0.1,-0.2,a,,2026-09-14T14:30:07.387706Z,100,100,1.8,3.3,3.3,3.3,2266,14891,47855,269498,,,
2026-10-01T05:59:12+00:00,494,184254,Vicario,19,6,Spurs,Goalkeeper,4.5,0.0,0.0,u,Has joined Juventus on loan for the rest of the season,2026-08-19T13:55:33.193962Z,0,0,0.1,0.0,0.0,0.0,0,711,0,22094,,,
2026-10-01T05:59:12+00:00,495,214572,Austin,19,6,Spurs,Goalkeeper,4.0,0.0,0.0,a,,,,,1.0,0.0,0.0,0.0,1903,2144,29554,21829,,,
2026-10-01T05:59:12+00:00,496,485055,Kinsky,19,6,Spurs,Goalkeeper,4.5,0.0,0.0,a,,,,,17.3,5.0,5.0,5.0,17644,109979,346798,792206,,,
2026-10-01T05:59:12+00:00,497,67089,Dubravka,19,6,Spurs,Goalkeeper,4.0,0.0,0.0,a,,,,,17.1,0.0,0.0,0.0,26170,47469,396809,440119,,,
2026-10-01T05:59:12+00:00,498,221466,Senesi,19,6,Spurs,Defender,5.8,0.0,-0.2,a,,,,,3.5,0.0,0.0,0.0,1169,21303,29313,457766,,,
2026-10-01T05:59:12+00:00,499,441164,Pedro Porro,19,6,Spurs,Defender,5.4,0.0,-0.1,d,Hamstring injury - 75% chance of playing,2026-09-19T12:00:08.823872Z,100,75,7.6,2.7,2.7,2.0,1684,74148,124458,991896,,,
2026-10-01T05:59:12+00:00,500,221632,Romero,19,6,Spurs,Defender,5.0,0.0,0.0,u,Has joined Atletico Madrid permanently,2026-08-17T13:49:05.465401Z,0,0,0.1,0.0,0.0,0.0,0,297,0,16811,,,
2026-10-01T05:59:12+00:00,502,122798,Robertson,19,6,Spurs,Defender,4.4,0.0,-0.1,a,,,,,2.5,4.0,4.0,4.0,5466,12610,67138,183286,,,
2026-10-01T05:59:12+00:00,503,491279,Van de Ven,19,6,Spurs,Defender,5.0,0.0,0.0,a,,2026-08-21T15:00:07.610517Z,100,100,3.8,5.3,5.3,5.3,5667,19544,94123,266785,,,
2026-10-01T05:59:12+00:00,505,232859,Spence,19,6,Spurs,Defender,4.5,0.0,0.0,u,Has joined Internazionale permanently,2026-08-18T14:13:08.454214Z,0,0,0.2,0.0,0.0,0.0,0,1177,0,69263,,,
2026-10-01T05:59:12+00:00,506,487053,Udogie,19,6,Spurs,Defender,4.4,0.0,-0.1,a,,2026-09-11T18:00:09.092110Z,100,100,0.3,1.7,1.7,1.7,338,1606,5577,22436,,,
2026-10-01T05:59:12+00:00,507,548308,Phillips,19,6,Spurs,Defender,4.5,0.0,0.0,u,Has joined Middlesbrough permanently,2026-08-18T14:13:08.474144Z,0,0,0.0,0.0,0.0,0.0,0,54,0,1269,,,
2026-10-01T05:59:12+00:00,508,115556,Davies,19,6,Spurs,Defender,3.9,-0.1,-0.1,a,,,,,0.9,0.0,0.0,0.0,7378,3854,19174,41297,,,
2026-10-01T05:59:12+00:00,509,640419,Byfield,19,6,Spurs,Defender,4.0,0.0,0.0,a,,,,,0.1,0.0,0.0,0.0,124,247,2339,2591,,,
2026-10-01T05:59:12+00:00,510,499716,Rowswell,19,6,Spurs,Defender,4.0,0.0,0.0,a,,,,,0.1,0.0,0.0,0.0,156,337,2885,3465,,,
2026-10-01T05:59:12+00:00,511,616221,Souza,19,6,Spurs,Defender,4.0,0.0,0.0,u,Has joined FC Porto on loan for the rest of the season,2026-09-01T13:24:26.858636Z,0,0,0.2,0.0,0.0,0.0,0,880,2555,16866,,,
2026-10-01T05:59:12+00:00,512,460842,Kudus,19,6,Spurs,Midfielder,6.5,0.0,0.0,a,,2026-07-23T12:01:23.848657Z,100,100,0.2,2.0,2.0,2.0,2227,1114,13021,11069,3,,
2026-10-01T05:59:12+00:00,513,493362,Xavi,19,6,Spurs,Midfielder,5.9,0.0,-0.1,i,Knee injury - Unknown return date,2026-07-23T12:01:23.864304Z,0,0,0.0,0.0,0.0,0.0,52,80,344,1121,4,,
2026-10-01T05:59:12+00:00,514,511499,Tel,19,6,Spurs,Midfielder,5.7,-0.1,-0.3,a,,,,,0.2,1.3,1.3,1.3,198,1936,9130,46753,,,
2026-10-01T05:59:12+00:00,515,172780,Maddison,19,6,Spurs,Midfielder,6.3,0.0,-0.2,a,,2026-08-25T14:30:07.623508Z,100,100,0.4,0.7,0.7,0.7,732,1966,5781,96219,,,
2026-10-01T05:59:12+00:00,516,202993,Bentancur,19,6,Spurs,Midfielder,5.5,0.0,0.0,a,,,,,0.2,4.0,4.0,4.0,369,696,5133,8353,,,
2026-10-01T05:59:12+00:00,517,550839,Odobert,19,6,Spurs,Midfielder,5.5,0.0,0.0,i,Knee injury - Unknown return date,2026-07-23T12:01:23.879434Z,0,0,0.0,0.0,0.0,0.0,25,14,127,109,,,
2026-10-01T05:59:12+00:00,518,482442,P.M.Sarr,19,6,Spurs,Midfielder,4.9,0.0,-0.1,u,Has joined Juventus on loan for the rest of the season,2026-09-02T16:02:43.386849Z,0,0,0.1,0.0,0.0,0.0,0,670,4138,23737,,,
2026-10-01T05:59:12+00:00,519,232787,Gallagher,19,6,Spurs,Midfielder,5.3,0.0,-0.2,a,,,,,0.2,3.0,3.0,3.0,805,650,4661,17038,,,
2026-10-01T05:59:12+00:00,520,570526,Bergvall,19,6,Spurs,Midfielder,5.3,-0.1,-0.2,a,,,,,0.1,0.7,0.7,0.7,105,623,1885,9556,,,
2026-10-01T05:59:12+00:00,521,445044,Kulusevski,19,6,Spurs,Midfielder,6.5,0.0,0.0,i,Knee injury - Unknown return date,2026-07-23T12:01:23.895175Z,0,0,0.0,0.0,0.0,0.0,94,71,400,736,,,
2026-10-01T05:59:12+00:00,522,547701,Gray,19,6,Spurs,Midfielder,4.9,0.0,-0.1,a,,,,,0.2,1.7,1.7,1.7,458,1189,6835,13360,,,
2026-10-01T05:59:12+00:00,523,499721,Moore,19,6,Spurs,Midfielder,5.0,0.0,0.0,u,Has joined FC Köln on loan for the rest of the season,2026-09-04T12:39:48.098158Z,0,0,0.1,0.0,0.0,0.0,0,539,3258,17024,,,
2026-10-01T05:59:12+00:00,524,499726,Olusesi,19,6,Spurs,Midfielder,4.4,0.0,-0.1,a,,,,,1.0,0.0,0.0,0.0,6083,7584,55699,49429,,,
2026-10-01T05:59:12+00:00,525,551226,Fernandes,19,6,Spurs,Midfielder,5.7,-0.1,-0.3,a,,,,,0.8,1.3,1.3,1.3,463,6600,14444,124687,,,
2026-10-01T05:59:12+00:00,526,154566,Solanke,19,6,Spurs,Forward,5.8,0.0,-0.2,a,,,,,0.8,1.7,1.7,1.7,1893,5642,29440,94693,1,,
2026-10-01T05:59:12+00:00,527,212319,Richarlison,19,6,Spurs,Forward,5.9,0.0,-0.1,u,not included in squad.,2026-09-04T12:32:39.183614Z,0,0,0.6,0.0,0.0,0.0,0,5701,21439,268184,,,
2026-10-01T05:59:12+00:00,528,490145,Scarlett,19,6,Spurs,Forward,4.5,0.0,0.0,u,Has joined Leyton Orient permanently,2026-09-02T16:02:43.413625Z,0,0,1.1,0.0,0.0,0.0,0,7990,42525,109557,,,
2026-10-01T05:59:12+00:00,578,465920,Mudryk,19,6,Spurs,Midfielder,5.3,-0.1,-0.2,i,Ankle injury - Unknown return date,2026-09-11T18:00:09.154412Z,0,0,0.0,0.3,0.0,0.0,20,557,5440,7605,,,
2026-10-01T05:59:12+00:00,601,611917,Williams-Barnett,19,6,Spurs,Midfielder,4.5,0.0,0.0,a,,,,,0.1,0.0,0.0,0.0,166,755,10248,7038,,,
2026-10-01T05:59:12+00:00,501,135720,Danso,20,56,Sunderland,Defender,5.0,0.0,0.0,a,,,,,0.2,1.0,1.0,1.0,1147,828,6572,9865,,,
2026-10-01T05:59:12+00:00,529,498016,Roefs,20,56,Sunderland,Goalkeeper,4.9,0.0,-0.1,a,,,,,2.4,1.3,1.3,1.3,2039,11475,21888,177600,,,
2026-10-01T05:59:12+00:00,530,232571,Patterson,20,56,Sunderland,Goalkeeper,4.0,0.0,0.0,u,Has joined Wrexham permanently,2026-08-12T14:08:03.064533Z,0,0,0.1,0.0,0.0,0.0,0,349,0,6001,,,
2026-10-01T05:59:12+00:00,531,515046,Ellborg,20,56,Sunderland,Goalkeeper,4.4,-0.1,-0.1,a,,,,,0.1,0.0,0.0,0.0,134,255,1173,3336,,,
2026-10-01T05:59:12+00:00,532,223827,Ballard,20,56,Sunderland,Defender,4.9,0.0,-0.1,d,Hamstring injury - 75% chance of playing,2026-09-25T21:30:10.370384Z,,75,2.5,2.0,2.0,1.5,3595,16733,45494,317301,,,
2026-10-01T05:59:12+00:00,533,200834,Mukiele,20,56,Sunderland,Defender,5.4,0.0,-0.1,a,,2026-08-09T08:30:05.954750Z,100,100,1.9,1.3,1.3,1.3,5077,8733,44408,129838,,,
2026-10-01T05:59:12+00:00,534,487676,Hume,20,56,Sunderland,Defender,4.3,-0.1,-0.2,a,,,,,2.8,0.7,0.7,0.7,1214,29405,37840,397080,,,
2026-10-01T05:59:12+00:00,535,201895,Alderete,20,56,Sunderland,Defender,4.8,-0.1,-0.2,a,,2026-08-09T08:30:05.962393Z,100,100,0.2,0.0,0.0,0.0,218,1055,4972,27331,,,
2026-10-01T05:59:12+00:00,536,434399,Reinildo,20,56,Sunderland,Defender,4.4,-0.1,-0.1,a,,2026-09-12T21:30:09.421687Z,0,100,0.3,0.0,0.0,0.0,187,1554,4050,24354,,,
2026-10-01T05:59:12+00:00,537,519634,Seelt,20,56,Sunderland,Defender,4.5,0.0,0.0,u,Has joined Swansea City on loan for the rest of the season,2026-08-29T00:34:52.425076Z,0,0,0.0,0.0,0.0,0.0,0,22,61,664,,,
2026-10-01T05:59:12+00:00,538,477547,Hjelde,20,56,Sunderland,Defender,4.0,0.0,0.0,u,Has joined KV Mechelen on loan for the rest of the season,2026-08-12T14:08:03.081789Z,0,0,0.0,0.0,0.0,0.0,0,155,0,2526,,,
2026-10-01T05:59:12+00:00,539,167512,O'Nien,20,56,Sunderland,Defender,3.9,-0.1,-0.1,a,,,,,2.5,0.0,0.0,0.0,17585,11487,32328,121387,,,
2026-10-01T05:59:12+00:00,540,105717,Masuaku,20,56,Sunderland,Defender,4.0,0.0,0.0,u,Has joined Konyaspor permanently,2026-08-12T14:08:03.097784Z,0,0,0.1,0.0,0.0,0.0,0,627,0,11560,,,
2026-10-01T05:59:12+00:00,541,93605,Meunier,20,56,Sunderland,Defender,4.5,0.0,0.0,a,,2026-08-16T08:30:07.830062Z,100,100,0.3,2.3,2.3,2.3,1603,871,7004,9623,,,
2026-10-01T05:59:12+00:00,542,484420,E.Le Fée,20,56,Sunderland,Midfielder,5.7,-0.1,-0.3,a,,,,,3.4,4.3,4.3,4.3,11275,23744,44847,650319,2,,
2026-10-01T05:59:12+00:00,543,547027,Diarra,20,56,Sunderland,Midfielder,5.3,-0.1,-0.2,i,Hamstring injury - Unknown return date,2026-08-30T16:30:08.428960Z,0,0,0.0,0.0,0.0,0.0,20,231,558,5914,1,,
2026-10-01T05:59:12+00:00,544,84450,Xhaka,20,56,Sunderland,Midfielder,5.5,0.0,0.0,a,,,,,3.6,2.0,2.0,2.0,6177,23043,130709,208132,,,
2026-10-01T05:59:12+00:00,545,577669,Sadiki,20,56,Sunderland,Midfielder,4.9,0.0,-0.1,a,,,,,0.2,1.7,1.7,1.7,403,1329,5716,18354,,,
2026-10-01T05:59:12+00:00,546,535818,Adingra,20,56,Sunderland,Midfielder,4.9,0.0,-0.1,u,Has joined Ajax on loan for the rest of the season,2026-08-20T14:00:08.416985Z,0,0,0.0,0.0,0.0,0.0,0,189,240,7417,,,
2026-10-01T05:59:12+00:00,547,461199,Mundle,20,56,Sunderland,Midfielder,4.9,0.0,-0.1,i,Knee injury - Unknown return date,2026-09-09T14:00:08.462705Z,0,0,0.0,0.0,0.0,0.0,10,54,201,672,,,
2026-10-01T05:59:12+00:00,548,554197,Rigg,20,56,Sunderland,Midfielder,4.9,0.0,-0.1,a,,,,,0.0,0.0,0.0,0.0,31,228,468,2848,,,
2026-10-01T05:59:12+00:00,549,549912,Talbi,20,56,Sunderland,Midfielder,5.3,0.0,-0.2,a,,,,,0.1,0.0,0.0,0.0,106,562,1339,11782,,,
2026-10-01T05:59:12+00:00,550,699989,Jocelin.T,20,56,Sunderland,Midfielder,5.0,0.0,0.0,a,,,,,0.0,0.0,0.0,0.0,32,44,306,425,,,
2026-10-01T05:59:12+00:00,551,536661,N.Angulo,20,56,Sunderland,Midfielder,5.0,0.0,0.0,a,,,,,0.1,2.7,2.7,2.7,503,780,12782,10568,,,
2026-10-01T05:59:12+00:00,552,441264,Brobbey,20,56,Sunderland,Forward,5.7,-0.1,-0.3,d,Hamstring injury - 75% chance of playing,2026-09-24T21:30:10.382142Z,,75,6.9,6.7,6.7,5.0,194399,44765,285857,930937,,,
2026-10-01T05:59:12+00:00,553,437505,Isidor,20,56,Sunderland,Forward,5.5,0.0,0.0,a,,,,,1.3,2.0,2.0,2.0,3202,11503,95504,86657,,,
2026-10-01T05:59:12+00:00,612,638411,Methalie,20,56,Sunderland,Defender,4.5,0.0,0.0,a,,2026-08-28T13:00:08.950445Z,100,100,0.0,-0.3,-0.3,-0.3,114,66,903,492,,,
2026-10-01T05:59:12+00:00,613,696104,Ahoka,20,56,Sunderland,Midfielder,4.5,0.0,0.0,a,,,,,0.2,0.0,0.0,0.0,587,1590,25382,14288,,,
2026-10-01T05:59:12+00:00,646,549940,Fofana,20,56,Sunderland,Midfielder,5.5,0.0,0.0,a,,,,,0.0,1.0,1.0,1.0,329,299,4065,1727,,,
2026-10-01T05:59:12+00:00,651,661313,J.Angulo,20,56,Sunderland,Forward,4.5,0.0,0.0,a,,,,,0.7,0.0,0.0,0.0,8711,7235,90579,30250,,,
