observed_at,player_id,player_code,web_name,team_id,team_code,team_name,position,price,price_change_gameweek,price_change_season,status,news,news_added,chance_of_playing_this_round,chance_of_playing_next_round,selected_by_percent,form,expected_points_this_gameweek,expected_points_next_gameweek,transfers_in_event,transfers_out_event,transfers_in_season,transfers_out_season,penalties_order,direct_free_kicks_order,corners_and_indirect_free_kicks_order
2026-09-19T04:40:36+00:00,1,154561,Raya,1,3,Arsenal,Goalkeeper,6.0,0.0,0.0,a,,,,,41.5,5.8,5.8,5.8,14616,1345,855015,593749,,,
2026-09-19T04:40:36+00:00,2,109745,Arrizabalaga,1,3,Arsenal,Goalkeeper,4.9,0.0,-0.1,a,,,,,0.1,0.0,0.0,0.0,10,10,1387,4023,,,
2026-09-19T04:40:36+00:00,3,437495,Meslier,1,3,Arsenal,Goalkeeper,4.9,0.0,-0.1,a,,,,,0.0,0.0,0.0,0.0,3,8,470,1468,,,
2026-09-19T04:40:36+00:00,4,226597,Gabriel,1,3,Arsenal,Defender,8.0,0.0,0.0,a,,,,,23.1,4.8,4.8,4.8,1196,6085,211439,848976,,,
2026-09-19T04:40:36+00:00,5,445122,J.Timber,1,3,Arsenal,Defender,6.5,0.0,0.0,a,,2026-07-23T12:01:23.272929Z,100,100,0.3,0.2,0.2,0.2,778,137,22434,10890,,,
2026-09-19T04:40:36+00:00,6,462424,Saliba,1,3,Arsenal,Defender,5.9,0.0,-0.1,i,Back injury - Unknown return date,2026-07-23T12:01:23.289376Z,0,0,0.2,0.0,0.0,0.0,15,81,3097,17634,,,
2026-09-19T04:40:36+00:00,7,499169,Lewis-Skelly,1,3,Arsenal,Midfielder,5.5,0.0,0.0,a,,,,,0.6,1.8,1.8,1.8,74,262,28751,45066,,,
2026-09-19T04:40:36+00:00,8,466075,Calafiori,1,3,Arsenal,Defender,5.8,0.0,0.3,a,,,,,50.7,5.6,5.6,5.6,5768,1869,1585776,340376,,,
2026-09-19T04:40:36+00:00,9,448104,Hincapie,1,3,Arsenal,Defender,5.3,0.0,-0.2,a,,,,,0.9,0.4,0.4,0.4,82,289,14901,112000,,,
2026-09-19T04:40:36+00:00,10,198869,White,1,3,Arsenal,Defender,5.5,0.0,0.0,a,,2026-09-15T19:30:09.494382Z,100,100,5.5,4.2,4.2,4.2,581,4872,453339,503653,,,
2026-09-19T04:40:36+00:00,11,500040,Mosquera,1,3,Arsenal,Defender,5.3,0.0,-0.2,a,,2026-09-04T14:00:08.080310Z,100,100,1.7,2.4,2.4,2.4,82,720,30247,459449,,,
2026-09-19T04:40:36+00:00,12,223340,Saka,1,3,Arsenal,Midfielder,9.5,0.0,0.0,a,,,,,13.1,6.0,6.0,6.0,9425,1566,689047,351417,1,,
2026-09-19T04:40:36+00:00,13,204480,Rice,1,3,Arsenal,Midfielder,7.4,0.0,-0.1,a,,,,,12.4,3.8,3.8,3.8,804,1655,112650,644329,,,
2026-09-19T04:40:36+00:00,14,232413,Eze,1,3,Arsenal,Midfielder,6.3,0.0,-0.2,a,,,,,1.0,0.6,0.6,0.6,134,341,21053,133185,,,
2026-09-19T04:40:36+00:00,15,184029,Ødegaard,1,3,Arsenal,Midfielder,6.8,0.0,0.3,a,,,,,20.1,5.4,5.4,5.4,7173,2841,1562893,462290,3,,
2026-09-19T04:40:36+00:00,16,248857,Madueke,1,3,Arsenal,Midfielder,6.2,0.0,-0.3,a,,,,,0.2,0.4,0.4,0.4,73,74,5353,24494,,,
2026-09-19T04:40:36+00:00,17,195384,Merino,1,3,Arsenal,Midfielder,5.8,0.0,-0.2,a,,,,,0.4,0.6,0.6,0.6,56,148,8793,45438,,,
2026-09-19T04:40:36+00:00,18,444145,Martinelli,1,3,Arsenal,Midfielder,6.3,0.0,-0.2,u,Has joined Al Hilal permanently,2026-09-04T12:34:46.738449Z,0,0,0.1,0.0,0.0,0.0,0,49,2483,21350,,,
2026-09-19T04:40:36+00:00,19,481655,Zubimendi,1,3,Arsenal,Midfielder,5.3,0.0,-0.2,a,,,,,0.6,0.8,0.8,0.8,31,233,8046,63176,,,
2026-09-19T04:40:36+00:00,20,616077,Dowman,1,3,Arsenal,Midfielder,5.3,0.0,-0.2,a,,,,,0.1,0.0,0.0,0.0,22,31,2610,6750,,,
2026-09-19T04:40:36+00:00,22,499175,Nwaneri,1,3,Arsenal,Midfielder,5.4,0.0,-0.1,u,Has joined Borussia Dortmund on loan for the rest of the season,2026-09-02T16:01:07.058827Z,0,0,0.0,0.0,0.0,0.0,0,4,233,1204,,,
2026-09-19T04:40:36+00:00,23,438098,Fábio Vieira,1,3,Arsenal,Midfielder,5.5,0.0,0.0,u,Has joined Hamburger SV permanently,2026-09-02T16:00:28.446370Z,0,0,0.0,0.0,0.0,0.0,0,6,255,885,,,
2026-09-19T04:40:36+00:00,24,200641,Nelson,1,3,Arsenal,Midfielder,5.5,0.0,0.0,u,has departed the club as a free agent.,2026-08-29T00:33:08.556767Z,0,0,0.0,0.0,0.0,0.0,0,2,68,656,,,
2026-09-19T04:40:36+00:00,25,224117,Gyökeres,1,3,Arsenal,Forward,7.2,0.0,-0.3,a,,,,,3.2,0.2,0.2,0.2,496,1016,28719,595340,2,,
2026-09-19T04:40:36+00:00,26,219847,Havertz,1,3,Arsenal,Forward,7.6,0.0,0.1,a,,,,,8.5,3.4,3.4,3.4,7242,1673,610475,362145,,,
2026-09-19T04:40:36+00:00,27,205651,G.Jesus,1,3,Arsenal,Forward,5.9,0.0,-0.1,u,Has joined FC Barcelona permanently,2026-09-02T16:00:28.475184Z,0,0,0.2,0.0,0.0,0.0,0,70,4164,28345,,,
2026-09-19T04:40:36+00:00,31,199798,Konsa,1,3,Arsenal,Defender,4.6,0.1,0.1,a,,,,,19.4,2.2,2.2,2.2,25661,1403,1398968,592511,,,
2026-09-19T04:40:36+00:00,452,208706,Bruno G.,1,3,Arsenal,Midfielder,6.7,0.0,-0.3,a,,2026-09-04T14:00:08.328779Z,100,100,1.8,1.6,1.6,1.6,363,241,25309,237314,4,,
2026-09-19T04:40:36+00:00,557,439509,Tzolis,1,3,Arsenal,Midfielder,6.4,0.0,-0.1,a,,,,,13.4,2.8,2.8,2.8,986,12629,451353,1475837,,,
2026-09-19T04:40:36+00:00,29,72147,M.Bizot,2,7,Aston Villa,Goalkeeper,4.5,0.0,0.0,i,Back injury - Expected back 10 Oct,2026-09-17T07:30:09.058151Z,0,0,0.1,0.2,0.0,0.0,3,77,4597,6453,,,
2026-09-19T04:40:36+00:00,30,101188,Digne,2,7,Aston Villa,Defender,4.5,0.0,0.0,u,Has joined Paris Saint-Germain permanently,2026-08-10T14:03:30.089007Z,0,0,0.1,0.0,0.0,0.0,0,16,0,8427,,,
2026-09-19T04:40:36+00:00,32,199796,Cash,2,7,Aston Villa,Defender,4.4,0.0,-0.1,a,,2026-09-09T14:30:08.192142Z,100,100,5.1,1.4,1.4,1.4,263,964,92914,394953,,,
2026-09-19T04:40:36+00:00,33,149484,Mings,2,7,Aston Villa,Defender,4.5,0.0,0.0,a,,,,,0.4,1.4,1.4,1.4,79,70,14799,16094,,,
2026-09-19T04:40:36+00:00,34,244954,Pau,2,7,Aston Villa,Defender,4.5,0.0,0.0,i,Hamstring injury - Expected back 10 Oct,2026-09-12T18:00:08.712707Z,0,0,0.3,0.6,0.0,0.0,1,324,11194,24682,,,
2026-09-19T04:40:36+00:00,35,515597,Bogarde,2,7,Aston Villa,Midfielder,5.0,0.0,0.0,a,,,,,0.1,0.2,0.2,0.2,9,15,2750,4343,,,
2026-09-19T04:40:36+00:00,36,441302,Maatsen,2,7,Aston Villa,Defender,4.5,0.0,0.0,i,Ankle injury - Unknown return date,2026-09-12T18:00:08.729468Z,0,0,0.6,1.8,0.0,0.0,2,586,31844,56324,,,
2026-09-19T04:40:36+00:00,37,184667,Lindelöf,2,7,Aston Villa,Defender,4.5,0.0,0.0,a,,,,,0.3,1.4,1.4,1.4,56,71,13656,13094,,,
2026-09-19T04:40:36+00:00,38,606798,A.García,2,7,Aston Villa,Defender,4.0,0.0,0.0,a,,,,,1.6,0.0,0.0,0.0,187,278,43633,62178,,,
2026-09-19T04:40:36+00:00,39,578545,Nedeljkovic,2,7,Aston Villa,Defender,4.0,0.0,0.0,u,Has joined Rangers on loan for the rest of the season,2026-08-19T13:56:46.385411Z,0,0,0.1,0.0,0.0,0.0,0,27,0,14712,,,
2026-09-19T04:40:36+00:00,41,195546,Buendía,2,7,Aston Villa,Midfielder,5.9,0.0,-0.1,a,,,,,0.9,1.8,1.8,1.8,117,448,48101,91593,1,,
2026-09-19T04:40:36+00:00,44,215711,Bailey,2,7,Aston Villa,Midfielder,5.4,0.0,-0.1,u,Has joined Olympiakos permanently,2026-09-04T12:35:14.472260Z,0,0,0.1,0.0,0.0,0.0,0,36,2096,12767,,,
2026-09-19T04:40:36+00:00,45,122806,McGinn,2,7,Aston Villa,Midfielder,5.4,0.0,-0.1,a,,,,,2.2,2.2,2.2,2.2,304,515,64135,147477,,,
2026-09-19T04:40:36+00:00,46,88894,Barkley,2,7,Aston Villa,Midfielder,5.0,0.0,0.0,a,,,,,0.3,1.8,1.8,1.8,55,87,15612,14564,,,
2026-09-19T04:40:36+00:00,47,226944,Kamara,2,7,Aston Villa,Midfielder,5.0,0.0,0.0,a,,2026-07-23T12:01:23.337269Z,100,100,0.3,1.8,1.8,1.8,49,104,13258,20052,,,
2026-09-19T04:40:36+00:00,48,449871,Onana,2,7,Aston Villa,Midfielder,4.9,0.0,-0.1,i,Knee injury - Unknown return date,2026-07-23T12:01:23.352497Z,0,0,0.0,0.0,0.0,0.0,3,5,474,1575,,,
2026-09-19T04:40:36+00:00,49,469247,Iling Jr,2,7,Aston Villa,Midfielder,5.0,0.0,0.0,u,Has joined Bolton Wanderers on loan for the rest of the season,2026-08-17T13:52:28.532616Z,0,0,0.0,0.0,0.0,0.0,0,0,0,225,,,
2026-09-19T04:40:36+00:00,50,645618,Burrowes,2,7,Aston Villa,Midfielder,4.5,0.0,0.0,a,,,,,0.6,0.0,0.0,0.0,62,175,20887,31899,,,
2026-09-19T04:40:36+00:00,51,577285,George Hemmings,2,7,Aston Villa,Midfielder,4.5,0.0,0.0,a,,,,,1.2,1.6,1.6,1.6,253,667,112936,60600,,,
2026-09-19T04:40:36+00:00,52,653481,Alysson,2,7,Aston Villa,Midfielder,5.0,0.0,0.0,a,,,,,0.1,1.6,1.6,1.6,24,18,3310,2881,,,
2026-09-19T04:40:36+00:00,53,614071,Manzambi,2,7,Aston Villa,Midfielder,5.9,0.0,-0.1,a,,2026-08-15T15:30:06.388335Z,100,100,0.1,0.2,0.2,0.2,65,29,3051,16648,,,
2026-09-19T04:40:36+00:00,54,448089,Gomes,2,7,Aston Villa,Midfielder,5.5,0.0,0.0,a,,2026-09-16T19:30:08.742410Z,100,100,0.0,-0.4,-0.4,-0.4,24,4,863,3913,,,
2026-09-19T04:40:36+00:00,55,178301,Watkins,2,7,Aston Villa,Forward,7.8,0.0,-0.2,u,Has joined Al Hilal permanently,2026-09-01T13:15:16.698799Z,0,0,2.6,0.0,0.0,0.0,0,883,14882,748264,,,
2026-09-19T04:40:36+00:00,56,173879,Abraham,2,7,Aston Villa,Forward,5.5,0.0,0.0,a,,2026-08-15T16:00:07.558543Z,100,100,0.2,0.6,0.6,0.6,176,75,14224,11251,,,
2026-09-19T04:40:36+00:00,160,493105,Garnacho,2,7,Aston Villa,Midfielder,5.8,0.0,-0.2,a,,,,,0.3,0.6,0.6,0.6,44,155,6992,38608,,,
2026-09-19T04:40:36+00:00,166,517052,N.Jackson,2,7,Aston Villa,Forward,6.5,0.0,0.0,a,,,,,1.2,0.8,0.8,0.8,769,463,146031,77403,2,,
2026-09-19T04:40:36+00:00,582,690838,Madjo,2,7,Aston Villa,Forward,5.4,0.0,-0.1,i,Unspecified injury - Unknown return date,2026-08-15T16:00:07.974271Z,0,0,0.2,0.0,0.0,0.0,9,78,2694,28849,,,
2026-09-19T04:40:36+00:00,596,487992,Ruggeri,2,7,Aston Villa,Defender,4.5,0.0,0.0,a,,,,,0.1,0.4,0.4,0.4,24,23,2667,5287,,,
2026-09-19T04:40:36+00:00,597,433969,Suzuki,2,7,Aston Villa,Goalkeeper,5.0,0.0,0.0,a,,,,,1.8,2.8,2.8,2.8,333,349,137897,56208,,,
2026-09-19T04:40:36+00:00,606,569577,Rowe,2,7,Aston Villa,Defender,4.0,0.0,0.0,a,,,,,0.2,0.0,0.0,0.0,34,51,12730,5306,,,
2026-09-19T04:40:36+00:00,607,571380,Lynch,2,7,Aston Villa,Midfielder,4.5,0.0,0.0,u,Has joined Oxford United on loan until January,2026-09-04T12:35:39.820426Z,0,0,0.1,0.0,0.0,0.0,0,16,7103,7460,,,
2026-09-19T04:40:36+00:00,611,214590,Wan-Bissaka,2,7,Aston Villa,Defender,4.5,0.0,0.0,a,,,,,0.2,1.2,1.2,1.2,98,66,16951,6399,,,
2026-09-19T04:40:36+00:00,618,119090,Goretzka,2,7,Aston Villa,Midfielder,5.9,0.0,-0.1,i,Knee injury - Expected back 10 Oct,2026-09-09T09:30:08.229436Z,0,0,0.0,0.0,0.0,0.0,2,32,4611,4346,,,
2026-09-19T04:40:36+00:00,630,245719,Harwood-Bellis,2,7,Aston Villa,Defender,4.5,0.0,0.0,a,,,,,0.0,0.0,0.0,0.0,18,5,1995,811,,,
2026-09-19T04:40:36+00:00,631,638987,Mbaye,2,7,Aston Villa,Midfielder,6.0,0.0,0.0,a,,,,,0.1,0.3,0.3,0.3,106,34,9614,3715,,,
2026-09-19T04:40:36+00:00,57,457569,Petrović,3,91,Bournemouth,Goalkeeper,4.5,0.0,0.0,a,,,,,3.0,1.4,1.4,1.4,445,882,106428,113553,,,
2026-09-19T04:40:36+00:00,58,40383,Forster,3,91,Bournemouth,Goalkeeper,4.0,0.0,0.0,a,,,,,3.5,0.0,0.0,0.0,881,290,110075,72111,,,
2026-09-19T04:40:36+00:00,59,444172,Dennis,3,91,Bournemouth,Goalkeeper,4.0,0.0,0.0,u,Has joined MK Dons permanently,2026-08-27T14:53:48.692835Z,0,0,0.1,0.0,0.0,0.0,0,55,1133,7023,,,
2026-09-19T04:40:36+00:00,60,463981,Hill,3,91,Bournemouth,Defender,5.5,0.0,0.0,a,,,,,0.8,1.6,1.6,1.6,168,180,27909,40774,,,
2026-09-19T04:40:36+00:00,61,494521,Truffert,3,91,Bournemouth,Defender,5.5,0.0,0.0,a,,,,,3.1,1.6,1.6,1.6,329,621,52198,148904,,,
2026-09-19T04:40:36+00:00,62,242882,Diakité,3,91,Bournemouth,Defender,5.0,0.0,0.0,a,,,,,0.2,0.0,0.0,0.0,56,48,6714,11113,,,
2026-09-19T04:40:36+00:00,63,620487,Milosavljević,3,91,Bournemouth,Defender,4.9,0.0,-0.1,i,Thigh injury - Unknown return date,2026-08-06T10:00:10.456051Z,0,0,0.0,0.0,0.0,0.0,4,2,310,799,,,
2026-09-19T04:40:36+00:00,64,54469,Smith,3,91,Bournemouth,Defender,4.5,0.0,0.0,a,,,,,0.1,0.4,0.4,0.4,27,23,6825,6851,,,
2026-09-19T04:40:36+00:00,65,436893,J.Araujo,3,91,Bournemouth,Defender,4.4,0.0,-0.1,i,Thigh injury - Unknown return date,2026-08-09T08:00:05.645826Z,0,0,0.0,0.0,0.0,0.0,3,3,387,1242,,,
2026-09-19T04:40:36+00:00,66,575901,Soler,3,91,Bournemouth,Defender,4.0,0.0,0.0,a,,2026-08-15T16:30:07.021055Z,100,100,0.3,0.0,0.0,0.0,59,44,13150,9929,,,
2026-09-19T04:40:36+00:00,67,499604,Rayan,3,91,Bournemouth,Midfielder,6.3,-0.1,-0.2,a,,,,,1.6,1.6,1.6,1.6,279,541,48949,160037,,,
2026-09-19T04:40:36+00:00,68,201658,Tavernier,3,91,Bournemouth,Midfielder,6.1,0.0,0.1,a,,,,,6.5,5.8,5.8,5.8,10959,1369,622152,176093,3,,
2026-09-19T04:40:36+00:00,69,503139,Scott,3,91,Bournemouth,Midfielder,6.1,0.0,0.1,a,,,,,5.8,5.6,5.6,5.6,2108,1563,526011,171739,,,
2026-09-19T04:40:36+00:00,70,222683,Kluivert,3,91,Bournemouth,Midfielder,6.0,0.0,0.0,a,,,,,1.0,3.0,3.0,3.0,529,300,50886,65182,2,,
2026-09-19T04:40:36+00:00,71,155408,Cook,3,91,Bournemouth,Midfielder,5.0,0.0,0.0,a,,,,,0.2,1.4,1.4,1.4,27,54,12861,12835,,,
2026-09-19T04:40:36+00:00,72,496208,Gannon-Doak,3,91,Bournemouth,Midfielder,4.9,0.0,-0.1,a,,,,,0.1,0.6,0.6,0.6,8,25,1508,4285,,,
2026-09-19T04:40:36+00:00,73,200785,Adams,3,91,Bournemouth,Midfielder,5.0,0.0,0.0,a,,2026-08-15T16:30:07.029928Z,100,100,0.3,1.6,1.6,1.6,75,100,17284,15091,,,
2026-09-19T04:40:36+00:00,74,111317,Brooks,3,91,Bournemouth,Midfielder,5.0,0.0,0.0,a,,2026-08-15T16:30:07.037929Z,100,100,0.1,0.4,0.4,0.4,11,15,3193,3473,,,
2026-09-19T04:40:36+00:00,75,158499,Christie,3,91,Bournemouth,Midfielder,5.0,0.0,0.0,a,,2026-07-24T17:30:10.035483Z,100,100,0.0,0.6,0.6,0.6,25,12,3280,1957,,,
2026-09-19T04:40:36+00:00,76,614574,Tóth.A,3,91,Bournemouth,Midfielder,4.9,0.0,-0.1,a,,,,,0.0,0.2,0.2,0.2,2,4,359,733,,,
2026-09-19T04:40:36+00:00,77,489888,Adli,3,91,Bournemouth,Midfielder,4.9,0.0,-0.1,i,Calf injury - Unknown return date,2026-08-15T16:00:07.590566Z,0,0,0.0,0.0,0.0,0.0,1,4,270,2145,,,
2026-09-19T04:40:36+00:00,78,560262,Kroupi.Jr,3,91,Bournemouth,Midfielder,7.4,0.0,-0.1,i,Foot injury - Expected back 7 Nov,2026-07-29T17:30:09.796802Z,0,0,0.2,0.0,0.0,0.0,7,54,1053,26572,1,,
2026-09-19T04:40:36+00:00,79,444102,Evanilson,3,91,Bournemouth,Forward,6.0,0.0,0.0,a,,,,,3.3,3.2,3.2,3.2,1583,955,237044,155782,,,
2026-09-19T04:40:36+00:00,80,168636,Enes Ünal,3,91,Bournemouth,Forward,5.5,0.0,0.0,u,Has joined Getafe permanently,2026-08-14T14:14:21.881112Z,0,0,0.0,0.0,0.0,0.0,0,3,0,1935,,,
2026-09-19T04:40:36+00:00,81,561245,Rodríguez,3,91,Bournemouth,Forward,6.0,0.0,0.0,a,,2026-08-15T16:30:07.054142Z,100,100,0.1,0.4,0.4,0.4,62,35,4769,6166,,,
2026-09-19T04:40:36+00:00,566,483067,Silva,3,91,Bournemouth,Defender,5.0,0.0,0.0,a,,,,,0.4,2.0,2.0,2.0,468,182,25930,21623,,,
2026-09-19T04:40:36+00:00,573,494928,Sanchez,3,91,Bournemouth,Defender,4.4,0.0,-0.1,a,,,,,0.2,0.0,0.0,0.0,13,17,1433,6674,,,
2026-09-19T04:40:36+00:00,608,523700,Jebbison,3,91,Bournemouth,Forward,5.0,0.0,0.0,a,,,,,0.1,0.4,0.4,0.4,63,50,12426,6405,,,
2026-09-19T04:40:36+00:00,615,230650,Di Gregorio,3,91,Bournemouth,Goalkeeper,4.5,0.0,0.0,a,,,,,0.0,0.0,0.0,0.0,13,10,2756,1559,,,
2026-09-19T04:40:36+00:00,82,200720,Kelleher,4,94,Brentford,Goalkeeper,5.0,0.0,0.0,a,,,,,6.1,4.0,4.0,4.0,1423,717,233060,200983,,,
2026-09-19T04:40:36+00:00,83,507433,Valdimarsson,4,94,Brentford,Goalkeeper,4.5,0.0,0.0,a,,,,,0.1,0.0,0.0,0.0,29,28,2594,4278,,,
2026-09-19T04:40:36+00:00,84,432830,Collins,4,94,Brentford,Defender,5.4,0.0,-0.1,i,Calf injury - Unknown return date,2026-09-05T18:00:06.182495Z,0,0,1.0,2.0,0.0,0.0,8,809,58627,148165,,,
2026-09-19T04:40:36+00:00,85,444765,Van den Berg,4,94,Brentford,Defender,4.9,0.0,-0.1,i,Groin injury - Unknown return date,2026-08-15T15:30:06.416627Z,0,0,0.1,0.0,0.0,0.0,4,20,377,8626,,,
2026-09-19T04:40:36+00:00,86,249231,Lewis-Potter,4,94,Brentford,Midfielder,5.5,0.0,0.0,a,,,,,1.8,4.4,4.4,4.4,342,882,186987,109263,,,
2026-09-19T04:40:36+00:00,87,191866,Ajer,4,94,Brentford,Defender,4.5,0.0,0.0,a,,,,,4.0,4.2,4.2,4.2,1029,2955,306516,256647,,,
2026-09-19T04:40:36+00:00,88,607464,Kayode,4,94,Brentford,Defender,4.6,0.0,0.1,a,,,,,7.7,4.6,4.6,4.6,1218,1614,583916,347848,,,
2026-09-19T04:40:36+00:00,89,194010,Henry,4,94,Brentford,Defender,4.4,0.0,-0.1,a,,,,,0.2,0.2,0.2,0.2,20,50,1844,8048,,,
2026-09-19T04:40:36+00:00,90,472713,Hickey,4,94,Brentford,Defender,4.5,0.0,0.0,a,,,,,0.1,1.0,1.0,1.0,17,16,1931,2749,,,
2026-09-19T04:40:36+00:00,92,570241,Ji-soo,4,94,Brentford,Defender,4.5,0.0,0.0,a,,,,,0.0,0.0,0.0,0.0,10,10,444,882,,,
2026-09-19T04:40:36+00:00,93,513086,Schuster,4,94,Brentford,Defender,4.5,0.0,0.0,a,,,,,0.2,4.2,4.2,4.2,1693,56,3255,4544,,,
2026-09-19T04:40:36+00:00,94,513418,Schade,4,94,Brentford,Midfielder,6.1,0.0,0.1,a,,,,,7.8,7.8,7.8,7.8,30997,1258,650852,221262,2,,
2026-09-19T04:40:36+00:00,95,533463,O.Dango,4,94,Brentford,Midfielder,6.3,0.0,-0.2,a,,,,,0.5,1.4,1.4,1.4,73,396,14434,78975,,,
2026-09-19T04:40:36+00:00,96,440089,Damsgaard,4,94,Brentford,Midfielder,5.4,0.0,-0.1,a,,,,,0.4,3.2,3.2,3.2,161,128,13672,28244,,,
2026-09-19T04:40:36+00:00,97,207283,Jensen,4,94,Brentford,Midfielder,5.4,0.0,-0.1,i,Unspecified injury - Expected back 10 Oct,2026-08-30T12:30:08.176795Z,0,0,0.1,1.2,0.0,0.0,4,42,4489,14476,3,,
2026-09-19T04:40:36+00:00,98,204580,Janelt,4,94,Brentford,Midfielder,5.0,0.0,0.0,a,,,,,2.5,5.6,5.6,5.6,2492,964,289552,90055,,,
2026-09-19T04:40:36+00:00,99,543295,Milambo,4,94,Brentford,Midfielder,5.0,0.0,0.0,i,Knee injury - Unknown return date,2026-07-23T12:01:23.384798Z,0,0,0.0,0.0,0.0,0.0,2,3,111,155,,,
2026-09-19T04:40:36+00:00,100,244858,Carvalho,4,94,Brentford,Midfielder,5.0,0.0,0.0,a,,2026-08-18T13:58:17.442072Z,100,100,0.0,1.2,1.2,1.2,88,11,1386,1289,,,
2026-09-19T04:40:36+00:00,102,508395,Yarmoliuk,4,94,Brentford,Midfielder,4.8,0.0,-0.2,a,,,,,0.7,1.8,1.8,1.8,96,167,4549,58517,,,
2026-09-19T04:40:36+00:00,103,183656,Dasilva,4,94,Brentford,Midfielder,4.9,0.0,-0.1,i,Hamstring injury - Expected back 10 Oct,2026-09-04T13:30:08.371955Z,0,0,0.0,0.0,0.0,0.0,1,6,392,1851,,,
2026-09-19T04:40:36+00:00,105,444180,Anthony,4,94,Brentford,Midfielder,5.9,0.0,-0.1,a,,,,,0.1,3.0,3.0,3.0,278,45,5276,10446,,,
2026-09-19T04:40:36+00:00,106,502500,Thiago,4,94,Brentford,Forward,7.8,0.0,-0.2,a,,,,,8.9,2.0,2.0,2.0,5686,3625,226109,1000533,1,,
2026-09-19T04:40:36+00:00,107,593174,Furo,4,94,Brentford,Forward,4.5,0.0,0.0,i,Unspecified injury - Unknown return date,2026-09-14T14:00:09.985723Z,0,0,1.0,0.0,0.0,0.0,72,745,61145,57907,,,
2026-09-19T04:40:36+00:00,108,75115,Wilson,4,94,Brentford,Forward,5.4,-0.1,-0.1,a,,,,,0.3,0.6,0.6,0.6,121,205,14470,24270,,,
2026-09-19T04:40:36+00:00,565,513545,M.Sangaré,4,94,Brentford,Midfielder,5.6,-0.1,0.1,a,,,,,11.0,4.4,4.4,4.4,561,23721,1219849,705610,,,
2026-09-19T04:40:36+00:00,620,613804,Diouf,4,94,Brentford,Defender,4.5,0.0,0.0,a,,,,,0.1,0.5,0.5,0.5,45,68,13206,6730,,,
2026-09-19T04:40:36+00:00,657,626464,Nunes,4,94,Brentford,Midfielder,4.5,0.0,0.0,a,,,,,0.0,0.0,0.0,0.0,46,20,1788,413,,,
2026-09-19T04:40:36+00:00,660,612534,Fredrick,4,94,Brentford,Defender,4.0,0.0,0.0,a,,,,,0.0,0.0,1.1,1.1,19,0,19,0,,,
2026-09-19T04:40:36+00:00,661,235448,Balcombe,4,94,Brentford,Goalkeeper,4.0,0.0,0.0,a,,,,,0.0,0.0,1.0,1.0,155,14,155,14,,,
2026-09-19T04:40:36+00:00,109,489639,Verbruggen,5,36,Brighton,Goalkeeper,4.5,0.0,0.0,a,,,,,21.7,3.4,3.4,3.4,2950,6738,696425,542592,,,
2026-09-19T04:40:36+00:00,111,49262,Steele,5,36,Brighton,Goalkeeper,4.0,0.0,0.0,a,,,,,4.2,0.0,0.0,0.0,944,657,141131,106412,,,
2026-09-19T04:40:36+00:00,113,231416,F.Kadıoğlu,5,36,Brighton,Defender,4.4,0.0,-0.1,a,,2026-08-23T13:00:07.595211Z,100,100,1.6,1.6,1.6,1.6,167,695,26580,128238,,,
2026-09-19T04:40:36+00:00,114,204120,Boscagli,5,36,Brighton,Defender,4.5,0.0,0.0,a,,,,,0.3,2.6,2.6,2.6,52,43,14269,11120,,,
2026-09-19T04:40:36+00:00,115,465730,De Cuyper,5,36,Brighton,Defender,4.9,0.0,0.4,a,,,,,25.1,6.4,6.4,6.4,15176,1245,2433515,386276,,,
2026-09-19T04:40:36+00:00,116,83299,Dunk,5,36,Brighton,Defender,4.5,0.0,0.0,a,,,,,1.5,4.4,4.4,4.4,854,199,82415,41263,,,
2026-09-19T04:40:36+00:00,117,550090,Coppola,5,36,Brighton,Defender,4.5,0.0,0.0,a,,,,,0.0,0.0,0.0,0.0,6,4,818,967,,,
2026-09-19T04:40:36+00:00,118,223434,Igor,5,36,Brighton,Defender,4.5,0.0,0.0,u,Has joined Burnley permanently,2026-09-02T15:38:15.529699Z,0,0,0.0,0.0,0.0,0.0,0,22,915,5665,,,
2026-09-19T04:40:36+00:00,119,451490,Costinha,5,36,Brighton,Defender,4.5,0.0,0.0,a,,,,,0.0,0.6,0.6,0.6,4,7,1109,1332,,,
2026-09-19T04:40:36+00:00,120,454490,Svoboda,5,36,Brighton,Defender,5.0,0.0,0.0,a,,,,,0.1,0.0,0.0,0.0,29,20,3205,3542,,,
2026-09-19T04:40:36+00:00,121,451340,Mitoma,5,36,Brighton,Midfielder,5.9,0.0,-0.1,i,Hamstring injury - Expected back 10 Oct,2026-07-24T18:30:10.661894Z,0,0,0.0,0.0,0.0,0.0,9,11,435,2948,,,
2026-09-19T04:40:36+00:00,122,592031,Minteh,5,36,Brighton,Midfielder,5.9,0.0,-0.1,i,Leg injury - Expected back 28 Nov,2026-08-14T18:00:06.418033Z,0,0,0.0,0.0,0.0,0.0,2,11,292,6685,,,
2026-09-19T04:40:36+00:00,123,532529,Hinshelwood,5,36,Brighton,Midfielder,5.9,0.0,-0.1,i,Ankle injury - Expected back 10 Oct,2026-08-27T19:30:07.780933Z,0,0,0.6,3.2,0.0,0.0,18,542,147639,209768,,,
2026-09-19T04:40:36+00:00,124,60307,Groß,5,36,Brighton,Midfielder,5.7,0.0,0.2,a,,,,,21.4,6.6,6.6,6.6,27644,1483,1388137,531266,1,,
2026-09-19T04:40:36+00:00,125,463067,Georginio,5,36,Brighton,Forward,5.4,0.0,-0.1,a,,2026-08-26T16:00:07.608056Z,100,100,0.5,1.0,1.0,1.0,125,230,32122,72858,,,
2026-09-19T04:40:36+00:00,126,219249,O'Riley,5,36,Brighton,Midfielder,5.4,0.0,-0.1,a,,,,,0.1,0.2,0.2,0.2,24,20,3198,5976,3,,
2026-09-19T04:40:36+00:00,127,514254,Gomez,5,36,Brighton,Midfielder,5.0,0.0,0.0,a,,,,,4.2,3.2,3.2,3.2,295,4565,322802,266196,,,
2026-09-19T04:40:36+00:00,128,536916,Buonanotte,5,36,Brighton,Midfielder,5.0,0.0,0.0,u,Has joined Elche on loan for the rest of the season,2026-08-10T14:03:07.561436Z,0,0,0.0,0.0,0.0,0.0,0,1,0,324,,,
2026-09-19T04:40:36+00:00,129,509416,Ayari,5,36,Brighton,Midfielder,5.4,0.0,-0.1,a,,2026-08-30T18:00:07.935334Z,100,100,0.4,2.4,2.4,2.4,70,89,10311,39644,,,
2026-09-19T04:40:36+00:00,130,467779,Wieffer,5,36,Brighton,Defender,4.9,0.0,-0.1,i,Knee injury - Unknown return date,2026-09-04T09:30:08.612904Z,0,0,0.2,1.4,0.0,0.0,1,129,25916,41561,,,
2026-09-19T04:40:36+00:00,132,597320,Howell,5,36,Brighton,Midfielder,4.5,0.0,0.0,u,Has joined Leicester City on loan for the rest of the season,2026-08-17T13:53:19.019938Z,0,0,0.0,0.0,0.0,0.0,0,14,0,3492,,,
2026-09-19T04:40:36+00:00,133,549074,Watson,5,36,Brighton,Midfielder,5.0,0.0,0.0,u,Has joined Leicester City on loan for the rest of the season,2026-08-03T14:05:44.459483Z,0,0,0.0,0.0,0.0,0.0,0,1,0,132,,,
2026-09-19T04:40:36+00:00,134,556637,Oriola,5,36,Brighton,Midfielder,4.5,0.0,0.0,a,,,,,0.2,0.0,0.0,0.0,27,53,8431,12921,,,
2026-09-19T04:40:36+00:00,135,700308,Yohanna,5,36,Brighton,Midfielder,4.9,0.0,-0.1,i,Unspecified injury - Expected back 10 Oct,2026-09-10T13:00:08.617941Z,0,0,0.0,0.2,0.0,0.0,1,37,1244,5144,,,
2026-09-19T04:40:36+00:00,137,608181,Tzimas,5,36,Brighton,Forward,5.4,0.0,-0.1,i,Knee injury - Unknown return date,2026-07-23T12:01:23.432796Z,0,0,0.0,0.0,0.0,0.0,2,5,299,703,,,
2026-09-19T04:40:36+00:00,138,647850,Kostoulas,5,36,Brighton,Forward,5.5,0.0,0.0,a,,,,,1.0,3.6,3.6,3.6,3009,237,107700,32747,,,
2026-09-19T04:40:36+00:00,139,487117,Ferguson,5,36,Brighton,Forward,5.0,0.0,0.0,i,Ankle injury - Expected back 10 Oct,2026-07-23T12:01:23.448357Z,0,0,0.0,0.0,0.0,0.0,7,16,1458,2285,,,
2026-09-19T04:40:36+00:00,328,222694,Struijk,5,36,Brighton,Defender,4.9,0.0,-0.1,a,,2026-08-15T20:30:07.523574Z,100,100,0.2,0.4,0.4,0.4,12,39,5041,11290,,,
2026-09-19T04:40:36+00:00,504,610799,Vuskovic,5,36,Brighton,Defender,5.0,0.0,0.0,a,,,,,3.2,4.8,4.8,4.8,1315,794,204415,125606,,,
2026-09-19T04:40:36+00:00,594,538007,David,5,36,Brighton,Forward,5.9,-0.1,-0.1,a,,,,,0.2,0.2,0.2,0.2,119,113,11981,20386,2,,
2026-09-19T04:40:36+00:00,600,612855,Osman,5,36,Brighton,Midfielder,5.0,0.0,0.0,a,,,,,0.0,0.6,0.6,0.6,0,4,831,971,,,
2026-09-19T04:40:36+00:00,605,611695,Yalcouyé,5,36,Brighton,Midfielder,4.5,0.0,0.0,a,,,,,4.1,3.8,3.8,3.8,3148,945,532037,138899,,,
2026-09-19T04:40:36+00:00,614,512123,Hadjam,5,36,Brighton,Defender,4.5,0.0,0.0,a,,,,,0.0,0.0,0.0,0.0,38,10,3777,1715,,,
2026-09-19T04:40:36+00:00,624,519324,Cozier-Duberry,5,36,Brighton,Midfielder,5.0,0.0,0.0,u,Has joined Middlesbrough on loan for the rest of the season,2026-09-02T15:38:15.552951Z,0,0,0.0,0.0,0.0,0.0,0,0,117,108,,,
2026-09-19T04:40:36+00:00,639,592984,Andrés,5,36,Brighton,Midfielder,5.5,0.0,0.0,a,,,,,0.0,1.3,1.3,1.3,19,6,1263,474,,,
2026-09-19T04:40:36+00:00,652,471551,Azeez,5,36,Brighton,Midfielder,5.5,0.0,0.0,i,Hamstring injury - Expected back 10 Oct,2026-09-04T11:30:08.661589Z,0,0,0.0,0.0,0.0,0.0,1,3,424,160,,,
2026-09-19T04:40:36+00:00,658,661016,Ibrahim,5,36,Brighton,Midfielder,4.5,0.0,0.0,a,,,,,0.0,0.0,0.0,0.0,23,16,1186,284,,,
2026-09-19T04:40:36+00:00,28,98980,Martinez,6,8,Chelsea,Goalkeeper,5.0,0.0,0.0,a,,,,,4.9,1.8,1.8,1.8,614,2044,238381,226625,,,
2026-09-19T04:40:36+00:00,40,244850,Rogers,6,8,Chelsea,Midfielder,7.7,0.0,0.2,a,,,,,40.0,5.8,5.8,5.8,13676,3418,2343099,595105,,,
2026-09-19T04:40:36+00:00,101,56979,Henderson,6,8,Chelsea,Midfielder,4.9,0.0,-0.1,a,,2026-08-09T09:30:07.136250Z,50,100,0.0,0.4,0.2,0.4,47,7,660,2481,,,
2026-09-19T04:40:36+00:00,136,50175,Welbeck,6,8,Chelsea,Forward,5.9,0.0,-0.1,a,,2026-08-20T14:00:07.949090Z,100,100,1.0,0.8,0.8,0.8,2038,772,55974,74676,,,
2026-09-19T04:40:36+00:00,140,215059,Sánchez,6,8,Chelsea,Goalkeeper,4.9,0.0,-0.1,u,Has joined Como on loan for the rest of the season,2026-09-02T16:20:41.841936Z,0,0,0.7,0.4,0.0,0.0,0,386,10847,171994,,,
2026-09-19T04:40:36+00:00,141,508479,Jörgensen,6,8,Chelsea,Goalkeeper,5.0,0.0,0.0,u,Has joined RC Strasbourg on loan for the rest of the season,2026-08-12T14:07:02.607115Z,0,0,0.0,0.0,0.0,0.0,0,3,0,921,,,
2026-09-19T04:40:36+00:00,142,225796,James,6,8,Chelsea,Defender,5.4,0.0,-0.1,d,Hamstring injury - 75% chance of playing,2026-09-18T10:30:09.719371Z,75,75,6.5,0.6,0.4,0.4,64,7976,168269,530665,,,
2026-09-19T04:40:36+00:00,143,180736,Chalobah,6,8,Chelsea,Defender,5.5,0.0,0.0,u,Has joined Como permanently,2026-08-10T14:03:50.769483Z,0,0,0.1,0.0,0.0,0.0,0,26,0,13656,,,
2026-09-19T04:40:36+00:00,144,482609,Gusto,6,8,Chelsea,Defender,5.0,0.0,0.0,a,,,,,1.0,0.8,0.8,0.8,156,649,35483,61129,,,
2026-09-19T04:40:36+00:00,145,444463,Fofana,6,8,Chelsea,Defender,5.0,0.0,0.0,a,,2026-07-23T12:01:23.464591Z,100,100,0.2,1.6,1.6,1.6,253,122,16359,7063,,,
2026-09-19T04:40:36+00:00,146,242880,B.Badiashile,6,8,Chelsea,Defender,4.5,0.0,0.0,u,Has joined Napoli on loan for the rest of the season,2026-08-25T14:03:47.079414Z,0,0,0.0,0.0,0.0,0.0,0,7,232,1904,,,
2026-09-19T04:40:36+00:00,148,551210,Hato,6,8,Chelsea,Defender,4.5,0.0,0.0,a,,,,,0.9,1.6,1.6,1.6,75,900,90470,53227,,,
2026-09-19T04:40:36+00:00,149,460028,Colwill,6,8,Chelsea,Defender,4.8,-0.1,-0.2,a,,,,,0.9,0.6,0.6,0.6,106,726,25762,93751,,,
2026-09-19T04:40:36+00:00,150,574458,M.Sarr,6,8,Chelsea,Defender,4.5,0.0,0.0,u,Has joined Real Sociedad on loan for the rest of the season,2026-08-29T00:34:23.077418Z,0,0,0.0,0.0,0.0,0.0,0,9,429,5825,,,
2026-09-19T04:40:36+00:00,151,577016,Acheampong,6,8,Chelsea,Defender,4.5,0.0,0.0,a,,,,,0.4,1.0,1.0,1.0,46,172,20758,20731,,,
2026-09-19T04:40:36+00:00,152,620109,Palestra,6,8,Chelsea,Defender,5.3,0.0,-0.2,d,Thigh injury - 50% chance of playing,2026-08-24T18:30:07.421239Z,50,50,0.6,0.0,0.0,0.0,11,344,6471,216885,,,
2026-09-19T04:40:36+00:00,154,244851,Palmer,6,8,Chelsea,Midfielder,9.7,0.0,0.2,a,,2026-08-24T22:00:07.971542Z,100,100,27.0,5.6,5.6,5.6,5117,7776,1908493,503082,1,,
2026-09-19T04:40:36+00:00,156,247632,Neto,6,8,Chelsea,Midfielder,6.5,0.0,0.0,a,,,,,1.4,2.8,2.8,2.8,480,698,77605,82349,,,
2026-09-19T04:40:36+00:00,157,624773,Estêvão,6,8,Chelsea,Midfielder,6.3,0.0,-0.2,a,,,,,0.7,0.8,0.8,0.8,138,324,16052,83059,2,,
2026-09-19T04:40:36+00:00,158,463936,Gittens,6,8,Chelsea,Midfielder,5.9,0.0,-0.1,a,,,,,0.0,0.0,0.0,0.0,14,9,993,2639,,,
2026-09-19T04:40:36+00:00,159,486672,Caicedo,6,8,Chelsea,Midfielder,5.3,0.0,-0.2,d,Calf injury - 50% chance of playing,2026-08-30T16:00:08.393562Z,50,50,1.1,0.2,0.1,0.1,25,721,14663,273113,,,
2026-09-19T04:40:36+00:00,161,514356,Lavia,6,8,Chelsea,Midfielder,5.0,0.0,0.0,a,,,,,0.2,2.2,2.2,2.2,50,200,25425,13310,,,
2026-09-19T04:40:36+00:00,163,491007,D.Essugo,6,8,Chelsea,Midfielder,4.5,0.0,0.0,u,Has joined RC Strasbourg on loan for the rest of the season,2026-09-02T16:20:41.865225Z,0,0,0.1,0.0,0.0,0.0,0,50,2698,13762,,,
2026-09-19T04:40:36+00:00,164,593117,Quenda,6,8,Chelsea,Midfielder,5.3,0.0,-0.2,a,,2026-07-24T20:30:10.609931Z,100,100,0.0,0.4,0.4,0.4,10,14,842,3234,,,
2026-09-19T04:40:36+00:00,165,475168,João Pedro,6,8,Chelsea,Forward,7.8,0.0,0.3,d,Unspecified injury - 75% chance of playing,2026-09-16T19:00:09.919929Z,75,75,68.6,6.6,4.9,4.9,3330,36504,1518071,1109000,,,
2026-09-19T04:40:36+00:00,168,499309,Marc Guiu,6,8,Chelsea,Forward,5.0,0.0,0.0,u,Has joined RB Leipzig permanently,2026-09-01T13:24:48.857362Z,0,0,0.2,0.0,0.0,0.0,0,93,4102,31817,,,
2026-09-19T04:40:36+00:00,169,567119,Mheuka,6,8,Chelsea,Forward,4.5,0.0,0.0,a,,,,,0.5,0.0,0.0,0.0,412,210,28133,21999,,,
2026-09-19T04:40:36+00:00,170,503037,Emegha,6,8,Chelsea,Forward,5.0,0.0,0.0,i,Hamstring injury - Expected back 10 Oct,2026-09-09T15:00:09.063849Z,0,0,0.1,0.0,0.0,0.0,5,77,6005,11584,,,
2026-09-19T04:40:36+00:00,200,437499,Lacroix,6,8,Chelsea,Defender,5.9,-0.1,-0.1,a,,,,,7.0,2.6,2.6,2.6,523,2694,167177,398270,,,
2026-09-19T04:40:36+00:00,560,549939,Penders,6,8,Chelsea,Goalkeeper,4.4,0.0,-0.1,a,,,,,0.1,0.0,0.0,0.0,18,18,1793,3338,,,
2026-09-19T04:40:36+00:00,561,622758,Anselmino,6,8,Chelsea,Defender,4.5,0.0,0.0,a,,2026-08-23T19:00:08.536705Z,100,100,0.0,0.0,0.0,0.0,14,14,771,1162,,,
2026-09-19T04:40:36+00:00,568,543158,Barco,6,8,Chelsea,Midfielder,5.4,0.0,-0.1,a,,,,,0.1,0.6,0.6,0.6,52,37,2975,6604,,,
2026-09-19T04:40:36+00:00,583,498444,Chavarria,6,8,Chelsea,Defender,4.9,0.0,-0.1,a,,,,,0.1,1.0,1.0,1.0,65,46,3025,10652,,,
2026-09-19T04:40:36+00:00,662,636846,Nicoll-Jazuli,6,8,Chelsea,Midfielder,4.5,0.0,0.0,a,,,,,0.0,1.0,1.1,1.1,9,1,9,1,,,
2026-09-19T04:40:36+00:00,91,231065,Pinnock,7,9,Coventry City,Defender,4.5,0.0,0.0,a,,,,,0.1,1.2,1.2,1.2,10,18,2179,3789,,,
2026-09-19T04:40:36+00:00,104,428580,Onyeka,7,9,Coventry City,Midfielder,4.9,0.0,-0.1,a,,2026-09-15T09:00:07.851220Z,100,100,0.1,1.2,1.2,1.2,6,31,3816,9158,,,
2026-09-19T04:40:36+00:00,110,472739,Rushworth,7,9,Coventry City,Goalkeeper,4.5,0.0,0.0,a,,,,,0.8,1.0,1.0,1.0,39,935,21186,54099,,,
2026-09-19T04:40:36+00:00,171,484389,Dovin,7,9,Coventry City,Goalkeeper,4.0,0.0,0.0,u,Has joined Leyton Orient on loan for the rest of the season,2026-09-02T15:44:14.839336Z,0,0,1.0,0.0,0.0,0.0,0,314,8924,53482,,,
2026-09-19T04:40:36+00:00,172,110690,Wilson,7,9,Coventry City,Goalkeeper,4.4,0.0,-0.1,a,,,,,0.4,0.0,0.0,0.0,14,37,1184,11734,,,
2026-09-19T04:40:36+00:00,173,461102,Thomas,7,9,Coventry City,Defender,4.0,0.0,0.0,a,,,,,8.6,3.0,3.0,3.0,861,3923,338295,256947,,,
2026-09-19T04:40:36+00:00,174,436761,Kitching,7,9,Coventry City,Defender,4.0,0.0,0.0,u,Has joined Sheffield United on loan for the rest of the season,2026-09-02T16:21:03.612394Z,0,0,0.4,0.0,0.0,0.0,0,118,981,31211,,,
2026-09-19T04:40:36+00:00,175,451284,van Ewijk,7,9,Coventry City,Defender,4.0,0.0,0.0,a,,,,,9.5,1.2,1.2,1.2,262,5796,122167,430470,,,
2026-09-19T04:40:36+00:00,176,173878,Dasilva,7,9,Coventry City,Defender,4.0,0.0,0.0,a,,,,,0.7,1.0,1.0,1.0,19,93,9302,21059,,,
2026-09-19T04:40:36+00:00,177,465390,Kesler-Hayden,7,9,Coventry City,Defender,3.9,-0.1,-0.1,i,Hamstring injury - Unknown return date,2026-08-27T14:56:28.704361Z,0,0,0.0,0.0,0.0,0.0,21,15,620,3240,,,
2026-09-19T04:40:36+00:00,178,80178,Bidwell,7,9,Coventry City,Defender,4.0,0.0,0.0,a,,,,,0.1,0.0,0.0,0.0,16,14,2323,3245,,,
2026-09-19T04:40:36+00:00,179,204813,Latibeaudiere,7,9,Coventry City,Defender,4.0,0.0,0.0,a,,,,,0.0,0.0,0.0,0.0,5,3,916,1606,,,
2026-09-19T04:40:36+00:00,180,220583,Woolfenden,7,9,Coventry City,Defender,4.0,0.0,0.0,i,Knee injury - Unknown return date,2026-08-27T14:56:28.718566Z,0,0,0.1,0.0,0.0,0.0,3,30,2238,8539,,,
2026-09-19T04:40:36+00:00,181,577411,Brau,7,9,Coventry City,Defender,4.0,0.0,0.0,u,Has joined Academico de Viseu on loan for the rest of the season,2026-08-29T00:35:59.980316Z,0,0,0.0,0.0,0.0,0.0,0,5,275,2075,,,
2026-09-19T04:40:36+00:00,182,539142,Amenda,7,9,Coventry City,Defender,4.0,0.0,0.0,d,Calf injury - 25% chance of playing,2026-09-17T07:30:09.329041Z,25,25,0.7,0.8,0.2,0.2,5,772,11450,27674,,,
2026-09-19T04:40:36+00:00,183,480457,Rudoni,7,9,Coventry City,Midfielder,4.9,0.0,-0.1,a,,2026-07-23T12:01:23.481435Z,100,100,0.1,1.6,1.6,1.6,20,46,3490,7435,,,
2026-09-19T04:40:36+00:00,184,168144,Grimes,7,9,Coventry City,Midfielder,4.9,0.0,-0.1,a,,,,,0.1,1.6,1.6,1.6,12,109,3909,10500,3,,
2026-09-19T04:40:36+00:00,185,501459,Sakamoto,7,9,Coventry City,Midfielder,4.8,0.0,-0.2,a,,,,,0.1,0.2,0.2,0.2,7,20,897,5392,,,
2026-09-19T04:40:36+00:00,186,241293,Mason-Clark,7,9,Coventry City,Midfielder,5.4,0.0,-0.1,a,,2026-08-19T18:00:08.310507Z,100,100,0.1,0.8,0.8,0.8,5,23,1044,5627,,,
2026-09-19T04:40:36+00:00,187,439668,Eccles,7,9,Coventry City,Midfielder,4.9,0.0,-0.1,i,Unspecified injury - Expected back 12 Oct,2026-09-10T18:30:08.877110Z,0,0,0.0,0.0,0.0,0.0,2,10,615,1386,,,
2026-09-19T04:40:36+00:00,188,226965,Torp,7,9,Coventry City,Midfielder,5.3,-0.1,-0.2,a,,,,,0.1,0.6,0.6,0.6,3,24,756,7556,2,,
2026-09-19T04:40:36+00:00,189,684268,Shepherd,7,9,Coventry City,Midfielder,4.4,0.0,-0.1,a,,,,,0.2,0.0,0.0,0.0,976,108,7696,12979,,,
2026-09-19T04:40:36+00:00,190,469272,Tchaouna,7,9,Coventry City,Midfielder,5.4,0.0,-0.1,a,,,,,0.1,0.8,0.8,0.8,2,28,3118,7905,,,
2026-09-19T04:40:36+00:00,191,492498,Borges Rodrigues,7,9,Coventry City,Midfielder,4.5,0.0,0.0,u,Has joined Burton Albion on loan for the rest of the season,2026-09-02T15:44:14.868001Z,0,0,0.1,0.0,0.0,0.0,0,32,1943,10856,,,
2026-09-19T04:40:36+00:00,192,629397,Andrews,7,9,Coventry City,Midfielder,4.5,0.0,0.0,u,Has joined Oxford United on loan for the rest of the season,2026-08-29T00:35:59.998520Z,0,0,0.3,0.0,0.0,0.0,0,144,2718,39249,,,
2026-09-19T04:40:36+00:00,193,176412,Wright,7,9,Coventry City,Forward,5.4,0.0,-0.1,i,Thigh injury - Unknown return date,2026-08-14T22:00:07.214508Z,0,0,0.1,0.0,0.0,0.0,6,28,573,11954,1,,
2026-09-19T04:40:36+00:00,194,230730,Thomas-Asante,7,9,Coventry City,Forward,5.0,0.0,0.0,a,,,,,0.7,1.0,1.0,1.0,194,281,50819,51306,4,,
2026-09-19T04:40:36+00:00,195,218997,Simms,7,9,Coventry City,Forward,5.0,0.0,0.0,a,,,,,0.7,0.6,0.6,0.6,98,317,38602,59535,,,
2026-09-19T04:40:36+00:00,196,551262,Markelo,7,9,Coventry City,Forward,5.0,0.0,0.0,u,Has joined Shabab Al-Ahli Dubai permanently,2026-08-17T13:53:55.791223Z,0,0,0.0,0.0,0.0,0.0,0,6,0,1133,,,
2026-09-19T04:40:36+00:00,197,549653,Bassette,7,9,Coventry City,Forward,4.5,0.0,0.0,u,Has joined KVC Westerlo on loan for the rest of the season,2026-07-28T12:58:50.001768Z,0,0,0.0,0.0,0.0,0.0,0,15,0,1974,,,
2026-09-19T04:40:36+00:00,492,210156,Awoniyi,7,9,Coventry City,Forward,5.4,-0.1,-0.1,s,Suspended until 19 Oct,2026-09-13T15:00:09.305127Z,0,0,0.4,0.6,0.0,0.0,7,553,21280,60348,5,,
2026-09-19T04:40:36+00:00,575,661888,Yirenkyi,7,9,Coventry City,Midfielder,4.9,0.0,-0.1,a,,,,,0.1,1.2,1.2,1.2,2,110,2654,12777,,,
2026-09-19T04:40:36+00:00,584,196100,Hamer,7,9,Coventry City,Midfielder,5.4,0.0,-0.1,a,,,,,0.1,0.6,0.6,0.6,3,18,753,6025,,,
2026-09-19T04:40:36+00:00,599,627221,Cherif,7,9,Coventry City,Forward,5.0,0.0,0.0,a,,,,,0.1,0.2,0.2,0.2,46,38,6973,6877,,,
2026-09-19T04:40:36+00:00,623,79602,Bentley,7,9,Coventry City,Goalkeeper,4.0,0.0,0.0,a,,,,,0.6,0.0,0.0,0.0,684,72,71062,16964,,,
2026-09-19T04:40:36+00:00,655,242893,Gboho,7,9,Coventry City,Midfielder,5.5,0.0,0.0,a,,,,,0.0,0.0,0.0,0.0,7,4,205,53,,,
2026-09-19T04:40:36+00:00,656,566213,Mfuni,7,9,Coventry City,Defender,4.0,0.0,0.0,a,,,,,0.1,0.0,0.0,0.0,41,30,8353,1831,,,
2026-09-19T04:40:36+00:00,42,485337,Guessand,8,31,Crystal Palace,Midfielder,5.4,0.0,-0.1,a,,,,,0.0,0.4,0.4,0.4,3,18,2296,3389,,,
2026-09-19T04:40:36+00:00,153,220362,Disasi,8,31,Crystal Palace,Defender,4.5,0.0,0.0,s,Suspended until 25 Oct,2026-09-12T15:30:09.445078Z,0,0,0.1,0.2,0.0,0.0,1,72,9402,9653,,,
2026-09-19T04:40:36+00:00,198,172649,Henderson,8,31,Crystal Palace,Goalkeeper,5.0,0.0,0.0,i,Foot injury - Expected back 11 Oct,2026-09-12T14:00:09.378740Z,0,0,1.4,1.0,0.0,0.0,8,889,55134,109797,,,
2026-09-19T04:40:36+00:00,199,121709,Benitez,8,31,Crystal Palace,Goalkeeper,4.5,0.0,0.0,a,,,,,0.1,0.4,0.4,0.4,18,13,3110,4430,,,
2026-09-19T04:40:36+00:00,202,427623,Richards,8,31,Crystal Palace,Defender,5.0,0.0,0.0,a,,,,,0.6,1.2,1.2,1.2,70,405,20982,36136,,,
2026-09-19T04:40:36+00:00,203,651426,Canvot,8,31,Crystal Palace,Defender,4.8,-0.1,-0.2,a,,,,,0.2,0.4,0.4,0.4,14,194,5356,18844,,,
2026-09-19T04:40:36+00:00,204,244723,Mitchell,8,31,Crystal Palace,Defender,4.5,0.0,0.0,a,,,,,6.1,3.4,3.4,3.4,448,1332,296983,249734,,,
2026-09-19T04:40:36+00:00,205,218364,Sosa,8,31,Crystal Palace,Defender,4.5,0.0,0.0,u,Has joined FC Cologne on loan for the rest of the season,2026-09-02T16:03:25.710518Z,0,0,0.0,0.0,0.0,0.0,0,6,236,1975,,,
2026-09-19T04:40:36+00:00,206,515621,Chadi Riad,8,31,Crystal Palace,Defender,4.3,-0.1,-0.2,i,Knee injury - Unknown return date,2026-08-22T18:00:07.352049Z,0,0,0.0,0.2,0.0,0.0,1,10,625,5561,,,
2026-09-19T04:40:36+00:00,207,242313,Mingueza,8,31,Crystal Palace,Defender,4.4,0.0,-0.1,a,,,,,0.1,0.4,0.4,0.4,4,17,1914,4573,,,
2026-09-19T04:40:36+00:00,208,232185,Sarr,8,31,Crystal Palace,Midfielder,6.2,0.0,-0.3,a,,2026-08-22T18:00:07.363165Z,100,100,0.6,0.0,0.0,0.0,265,112,4319,374563,2,,
2026-09-19T04:40:36+00:00,210,496221,Wharton,8,31,Crystal Palace,Midfielder,5.5,0.0,0.0,a,,2026-07-23T12:01:23.498963Z,100,100,0.8,2.0,2.0,2.0,91,255,28498,44245,,,
2026-09-19T04:40:36+00:00,211,488024,Yeremy,8,31,Crystal Palace,Midfielder,5.5,0.0,0.0,a,,,,,0.4,2.4,2.4,2.4,70,192,44614,28589,,,
2026-09-19T04:40:36+00:00,212,108413,Hughes,8,31,Crystal Palace,Midfielder,4.4,0.0,-0.1,a,,,,,7.7,0.4,0.4,0.4,1095,2304,114494,440919,,,
2026-09-19T04:40:36+00:00,213,152551,Lerma,8,31,Crystal Palace,Midfielder,4.9,0.0,-0.1,a,,,,,0.1,0.2,0.2,0.2,6,14,1212,5195,,,
2026-09-19T04:40:36+00:00,214,209400,Kamada,8,31,Crystal Palace,Midfielder,5.0,0.0,0.0,a,,,,,0.5,3.6,3.6,3.6,310,134,47057,21751,,,
2026-09-19T04:40:36+00:00,215,489706,Devenny,8,31,Crystal Palace,Midfielder,5.0,0.0,0.0,u,Has joined Stoke City permanently,2026-09-02T15:41:07.346849Z,0,0,0.0,0.0,0.0,0.0,0,2,132,916,3,,
2026-09-19T04:40:36+00:00,216,606921,Esse,8,31,Crystal Palace,Midfielder,5.0,0.0,0.0,u,Has joined Millwall on loan for the rest of the season,2026-09-02T15:41:07.376544Z,0,0,0.0,0.0,0.0,0.0,0,9,399,3120,,,
2026-09-19T04:40:36+00:00,217,536694,M.França,8,31,Crystal Palace,Midfielder,4.9,0.0,-0.1,u,Has joined Alverca on loan for the rest of the season,2026-09-11T14:42:19.322912Z,0,0,0.0,0.0,0.0,0.0,0,14,1007,3296,,,
2026-09-19T04:40:36+00:00,218,438464,Doucouré,8,31,Crystal Palace,Midfielder,4.9,0.0,-0.1,a,,,,,0.0,0.0,0.0,0.0,4,10,1978,4175,,,
2026-09-19T04:40:36+00:00,219,450542,J.Rak-Sakyi,8,31,Crystal Palace,Midfielder,4.9,0.0,-0.1,u,has joined  Kasimpasa on loan for the rest of the seaon.,2026-09-10T09:12:47.224598Z,0,0,0.0,0.0,0.0,0.0,0,1,145,443,,,
2026-09-19T04:40:36+00:00,220,590014,Cardines,8,31,Crystal Palace,Defender,4.5,0.0,0.0,u,Has joined Bristol City on loan for the rest of the season,2026-08-12T14:08:46.501813Z,0,0,0.0,0.0,0.0,0.0,0,2,0,127,,,
2026-09-19T04:40:36+00:00,221,672492,Drakes-Thomas,8,31,Crystal Palace,Midfielder,4.5,0.0,0.0,a,,,,,0.1,0.0,0.0,0.0,5,18,2553,4263,,,
2026-09-19T04:40:36+00:00,222,247412,Strand Larsen,8,31,Crystal Palace,Forward,6.0,0.0,0.0,a,,,,,0.6,2.4,2.4,2.4,442,143,45667,37197,,,
2026-09-19T04:40:36+00:00,223,231747,Mateta,8,31,Crystal Palace,Forward,6.3,0.0,-0.2,i,Hamstring injury - Expected back 11 Oct,2026-08-28T21:00:08.020382Z,0,0,1.4,0.4,0.0,0.0,10,672,25763,446159,1,,
2026-09-19T04:40:36+00:00,224,205533,Nketiah,8,31,Crystal Palace,Forward,5.5,0.0,0.0,a,,2026-09-12T14:00:09.427136Z,100,100,0.5,1.4,1.4,1.4,96,172,46077,46819,,,
2026-09-19T04:40:36+00:00,225,660392,Uche,8,31,Crystal Palace,Forward,5.0,0.0,0.0,u,has returned to Getafe CF,2026-07-23T12:18:56.275922Z,0,0,0.0,0.0,0.0,0.0,0,0,0,0,,,
2026-09-19T04:40:36+00:00,241,433154,McNeil,8,31,Crystal Palace,Midfielder,5.4,0.0,-0.1,a,,,,,0.1,0.6,0.6,0.6,3,22,1710,7751,,,
2026-09-19T04:40:36+00:00,555,169593,Matthews,8,31,Crystal Palace,Goalkeeper,4.0,0.0,0.0,a,,,,,1.7,0.0,0.0,0.0,115,135,22299,28575,,,
2026-09-19T04:40:36+00:00,577,223723,Tomiyasu,8,31,Crystal Palace,Defender,4.4,0.0,-0.1,a,,,,,0.3,0.4,0.4,0.4,20,40,3349,12160,,,
2026-09-19T04:40:36+00:00,588,570794,Khalaili,8,31,Crystal Palace,Defender,5.0,0.0,0.0,a,,,,,0.3,2.6,2.6,2.6,146,84,32839,14338,,,
2026-09-19T04:40:36+00:00,595,559152,Gozo,8,31,Crystal Palace,Midfielder,5.0,0.0,0.0,a,,,,,0.0,0.4,0.4,0.4,0,5,450,798,,,
2026-09-19T04:40:36+00:00,633,605972,Ahanor,8,31,Crystal Palace,Defender,4.5,0.0,0.0,a,,,,,0.0,1.0,1.0,1.0,16,4,1791,456,,,
2026-09-19T04:40:36+00:00,643,172850,Chilwell,8,31,Crystal Palace,Defender,4.5,0.0,0.0,a,,,,,0.5,2.7,2.7,2.7,45,128,42599,15338,,,
2026-09-19T04:40:36+00:00,644,450063,Timber,8,31,Crystal Palace,Midfielder,5.0,0.0,0.0,a,,,,,0.0,2.0,2.0,2.0,29,14,3852,1206,,,
2026-09-19T04:40:36+00:00,647,533646,Osorio,8,31,Crystal Palace,Midfielder,5.5,0.0,0.0,a,,,,,0.0,0.3,0.3,0.3,0,5,919,341,,,
2026-09-19T04:40:36+00:00,21,128295,Nørgaard,9,11,Everton,Midfielder,4.9,0.0,-0.1,i,Groin injury - Unknown return date,2026-08-15T20:00:06.779594Z,0,0,0.0,0.0,0.0,0.0,6,23,446,7125,,,
2026-09-19T04:40:36+00:00,209,242898,Johnson,9,11,Everton,Midfielder,5.9,0.0,-0.1,a,,,,,0.1,1.2,1.2,1.2,20,44,4915,9759,,,
2026-09-19T04:40:36+00:00,226,111234,Pickford,9,11,Everton,Goalkeeper,5.5,0.0,0.0,a,,,,,9.0,3.4,3.4,3.4,857,1019,268374,221138,,,
2026-09-19T04:40:36+00:00,227,229600,Travers,9,11,Everton,Goalkeeper,5.0,0.0,0.0,a,,,,,0.0,0.0,0.0,0.0,18,11,1576,1873,,,
2026-09-19T04:40:36+00:00,228,138001,King,9,11,Everton,Goalkeeper,4.5,0.0,0.0,a,,,,,0.0,0.0,0.0,0.0,10,10,1077,1577,,,
2026-09-19T04:40:36+00:00,229,17761,Tarkowski,9,11,Everton,Defender,6.1,0.0,0.1,a,,,,,14.1,5.8,5.8,5.8,3436,1314,714244,264900,,,
2026-09-19T04:40:36+00:00,230,480455,Branthwaite,9,11,Everton,Defender,5.5,0.0,0.0,a,,,,,2.3,3.8,3.8,3.8,730,482,120902,64947,,,
2026-09-19T04:40:36+00:00,231,106611,Keane,9,11,Everton,Defender,4.8,0.0,-0.2,a,,,,,0.8,0.0,0.0,0.0,53,203,8958,87002,,,
2026-09-19T04:40:36+00:00,232,512462,O'Brien,9,11,Everton,Defender,4.9,0.0,-0.1,a,,,,,0.3,0.2,0.2,0.2,23,42,4278,23513,,,
2026-09-19T04:40:36+00:00,233,224967,Mykolenko,9,11,Everton,Defender,4.6,0.1,0.1,a,,,,,4.2,4.4,4.4,4.4,19530,628,390722,97081,,,
2026-09-19T04:40:36+00:00,234,243571,Patterson,9,11,Everton,Defender,4.5,0.0,0.0,u,Has joined Torino permanently,2026-09-02T16:05:23.326971Z,0,0,0.0,0.0,0.0,0.0,0,9,371,2322,,,
2026-09-19T04:40:36+00:00,235,499300,Aznou,9,11,Everton,Defender,4.0,0.0,0.0,u,Has joined Malaga on loan for the rest of the season,2026-09-01T13:23:16.934847Z,0,0,0.1,0.0,0.0,0.0,0,32,1728,10626,,,
2026-09-19T04:40:36+00:00,236,215413,Dewsbury-Hall,9,11,Everton,Midfielder,6.6,0.1,0.1,a,,,,,6.2,3.4,3.4,3.4,18471,1756,569235,281120,,,
2026-09-19T04:40:36+00:00,238,114283,Grealish,9,11,Everton,Midfielder,6.5,0.0,0.0,a,,2026-07-29T10:00:10.492904Z,100,100,0.4,0.6,0.6,0.6,239,126,37283,20410,,,
2026-09-19T04:40:36+00:00,239,232928,Garner,9,11,Everton,Midfielder,6.0,0.0,0.0,a,,2026-09-06T18:00:08.301702Z,100,100,0.2,1.6,1.6,1.6,229,152,19681,12052,2,,
2026-09-19T04:40:36+00:00,242,550615,George,9,11,Everton,Midfielder,5.5,0.0,0.0,a,,,,,1.0,3.6,3.6,3.6,338,301,105003,31965,,,
2026-09-19T04:40:36+00:00,243,502697,Alcaraz,9,11,Everton,Midfielder,4.9,0.0,-0.1,a,,,,,0.1,0.2,0.2,0.2,18,22,2719,5455,,,
2026-09-19T04:40:36+00:00,244,609873,Armstrong,9,11,Everton,Midfielder,5.0,0.0,0.0,d,Unspecified injury - 75% chance of playing,2026-09-17T08:30:08.942299Z,75,75,0.4,2.8,2.1,2.1,9,458,53069,29812,,,
2026-09-19T04:40:36+00:00,245,496661,Dibling,9,11,Everton,Midfielder,5.4,0.0,-0.1,a,,,,,0.0,0.0,0.0,0.0,6,4,1061,2503,,,
2026-09-19T04:40:36+00:00,246,513466,Röhl,9,11,Everton,Midfielder,4.9,0.0,-0.1,i,Unspecified injury - Expected back 11 Oct,2026-09-16T18:00:09.541933Z,0,0,0.0,1.2,0.0,0.0,2,65,1957,4165,,,
2026-09-19T04:40:36+00:00,247,244860,Hackney,9,11,Everton,Midfielder,5.5,0.0,0.0,a,,2026-08-26T22:00:07.797766Z,100,100,0.2,1.8,1.8,1.8,13,37,3564,10877,,,
2026-09-19T04:40:36+00:00,248,486385,Beto,9,11,Everton,Forward,5.4,0.0,-0.1,u,Has joined Fiorentina permanently,2026-09-02T16:05:23.357221Z,0,0,0.7,0.4,0.0,0.0,0,546,16222,212868,,,
2026-09-19T04:40:36+00:00,249,586309,Barry,9,11,Everton,Forward,5.6,0.0,0.1,a,,,,,7.9,2.8,2.8,2.8,3557,2922,885712,321098,1,,
2026-09-19T04:40:36+00:00,649,154043,Maitland-Niles,9,11,Everton,Defender,4.5,0.0,0.0,a,,,,,1.0,4.3,4.3,4.3,343,219,73375,10111,,,
2026-09-19T04:40:36+00:00,654,629068,Graham,9,11,Everton,Midfielder,4.5,0.0,0.0,a,,,,,0.1,0.0,0.0,0.0,19,50,11065,4355,,,
2026-09-19T04:40:36+00:00,250,80201,Leno,10,54,Fulham,Goalkeeper,4.5,0.0,0.0,a,,,,,3.1,3.0,3.0,3.0,2464,389,113361,91431,,,
2026-09-19T04:40:36+00:00,251,86873,Lecomte,10,54,Fulham,Goalkeeper,4.0,0.0,0.0,a,,,,,1.1,0.0,0.0,0.0,352,150,23080,23585,,,
2026-09-19T04:40:36+00:00,252,505079,McNally,10,54,Fulham,Goalkeeper,4.0,0.0,0.0,u,Has joined York City on loan for the rest of the season,2026-09-01T13:25:11.231240Z,0,0,0.1,0.0,0.0,0.0,0,80,2589,6076,,,
2026-09-19T04:40:36+00:00,253,174874,Andersen,10,54,Fulham,Defender,5.0,0.0,0.0,a,,2026-07-23T12:01:23.516350Z,100,100,0.1,0.4,0.4,0.4,216,59,12090,8169,,,
2026-09-19T04:40:36+00:00,254,169528,Robinson,10,54,Fulham,Defender,4.5,0.0,0.0,a,,,,,1.4,2.0,2.0,2.0,1671,259,44156,64234,2,,
2026-09-19T04:40:36+00:00,255,246301,J.Cuenca,10,54,Fulham,Defender,4.5,0.0,0.0,a,,,,,0.0,0.6,0.6,0.6,4,7,1484,1900,,,
2026-09-19T04:40:36+00:00,256,167074,Tete,10,54,Fulham,Defender,4.4,0.0,-0.1,i,Concussion - Expected back 10 Oct,2026-09-18T12:30:09.546158Z,0,0,0.2,0.0,0.0,0.0,1,150,1332,9595,,,
2026-09-19T04:40:36+00:00,257,232892,Bassey,10,54,Fulham,Defender,4.5,0.0,0.0,a,,,,,0.7,1.8,1.8,1.8,170,80,21184,28226,,,
2026-09-19T04:40:36+00:00,258,166477,Castagne,10,54,Fulham,Defender,4.5,0.0,0.0,a,,,,,0.9,3.8,3.8,3.8,1973,175,78615,38904,,,
2026-09-19T04:40:36+00:00,261,153133,Iwobi,10,54,Fulham,Midfielder,5.4,0.0,-0.1,a,,,,,0.7,1.8,1.8,1.8,130,207,19050,52568,3,,
2026-09-19T04:40:36+00:00,262,209289,Smith Rowe,10,54,Fulham,Midfielder,5.4,0.0,-0.1,a,,,,,0.2,0.6,0.6,0.6,21,47,4219,19706,,,
2026-09-19T04:40:36+00:00,263,560552,Kevin,10,54,Fulham,Midfielder,5.3,0.0,-0.2,a,,,,,0.0,0.6,0.6,0.6,14,18,1818,3955,,,
2026-09-19T04:40:36+00:00,264,477555,Bobb,10,54,Fulham,Midfielder,5.5,0.0,0.0,a,,,,,0.3,2.0,2.0,2.0,143,83,14146,19189,,,
2026-09-19T04:40:36+00:00,265,207189,Berge,10,54,Fulham,Midfielder,4.9,0.0,-0.1,a,,,,,0.3,1.6,1.6,1.6,34,63,5765,16819,,,
2026-09-19T04:40:36+00:00,266,76357,Cairney,10,54,Fulham,Midfielder,4.9,0.0,-0.1,i,Knee injury - Expected back 10 Oct,2026-08-14T18:00:06.460944Z,0,0,0.0,0.0,0.0,0.0,1,2,102,313,,,
2026-09-19T04:40:36+00:00,268,577725,King,10,54,Fulham,Midfielder,5.5,0.0,0.0,a,,,,,2.0,4.4,4.4,4.4,10135,722,254270,79290,,,
2026-09-19T04:40:36+00:00,269,184349,Sessegnon,10,54,Fulham,Defender,4.4,0.0,-0.1,d,Groin injury - 75% chance of playing,2026-09-14T11:30:07.403957Z,75,75,0.3,0.6,0.4,0.4,4,109,2447,17807,,,
2026-09-19T04:40:36+00:00,270,153366,Reed,10,54,Fulham,Midfielder,4.4,0.0,-0.1,a,,,,,1.2,0.0,0.0,0.0,239,323,33731,66548,,,
2026-09-19T04:40:36+00:00,271,244042,Muniz,10,54,Fulham,Forward,5.4,0.0,-0.1,a,,,,,0.4,0.6,0.6,0.6,149,117,14478,32558,,,
2026-09-19T04:40:36+00:00,272,631786,Kusi-Asare,10,54,Fulham,Forward,4.5,0.0,0.0,a,,,,,5.6,0.0,0.0,0.0,820,1605,150291,269410,,,
2026-09-19T04:40:36+00:00,569,551466,Gonzalo,10,54,Fulham,Forward,6.0,0.0,0.0,a,,,,,3.7,2.4,2.4,2.4,5500,1857,367809,281242,1,,
2026-09-19T04:40:36+00:00,570,571779,Palacios,10,54,Fulham,Midfielder,5.4,0.0,-0.1,a,,,,,0.2,2.2,2.2,2.2,125,41,5414,9687,,,
2026-09-19T04:40:36+00:00,580,463210,Charles,10,54,Fulham,Midfielder,5.0,0.0,0.0,a,,,,,0.1,1.8,1.8,1.8,33,19,1763,3695,,,
2026-09-19T04:40:36+00:00,610,547686,De Fougerolles,10,54,Fulham,Defender,4.0,0.0,0.0,u,has joined  Real Salt Lake on loan for the rest of the seaon.,2026-08-28T11:30:08.336405Z,0,0,0.1,0.0,0.0,0.0,0,43,5787,4789,,,
2026-09-19T04:40:36+00:00,626,616069,Zepa,10,54,Fulham,Midfielder,4.5,0.0,0.0,a,,,,,0.3,0.0,0.0,0.0,10,129,34177,16343,,,
2026-09-19T04:40:36+00:00,635,551050,Larsson,10,54,Fulham,Midfielder,5.0,0.0,0.0,a,,,,,0.0,0.7,0.7,0.7,5,3,750,236,,,
2026-09-19T04:40:36+00:00,636,500033,Ángel,10,54,Fulham,Midfielder,5.0,0.0,0.0,a,,,,,0.0,0.0,0.0,0.0,3,1,340,143,,,
2026-09-19T04:40:36+00:00,650,442299,Affengruber,10,54,Fulham,Defender,4.5,0.0,0.0,a,,,,,0.0,2.7,2.7,2.7,142,19,3020,641,,,
2026-09-19T04:40:36+00:00,240,490094,Iroegbunam,11,88,Hull City,Midfielder,5.0,0.0,0.0,a,,2026-08-15T20:00:06.878792Z,100,100,0.0,0.2,0.2,0.2,3,6,1041,1020,,,
2026-09-19T04:40:36+00:00,273,167825,Phillips,11,88,Hull City,Goalkeeper,4.0,0.0,0.0,a,,,,,1.4,0.0,0.0,0.0,227,160,26352,35043,,,
2026-09-19T04:40:36+00:00,274,105666,Butland,11,88,Hull City,Goalkeeper,4.5,0.0,0.0,i,Arm injury - Unknown return date,2026-08-08T19:00:05.601633Z,0,0,0.1,0.0,0.0,0.0,11,19,580,4632,,,
2026-09-19T04:40:36+00:00,275,494950,Cartwright,11,88,Hull City,Goalkeeper,4.0,0.0,0.0,u,Has joined Grimsby Town on loan for the rest of the season,2026-07-29T13:00:27.959925Z,0,0,0.0,0.0,0.0,0.0,0,1,0,303,,,
2026-09-19T04:40:36+00:00,276,444307,Lo-Tutala,11,88,Hull City,Goalkeeper,4.0,0.0,0.0,u,Has joined Colchester United on loan for the rest of the season,2026-08-17T13:50:27.125537Z,0,0,0.0,0.0,0.0,0.0,0,11,0,1005,,,
2026-09-19T04:40:36+00:00,277,108416,Egan,11,88,Hull City,Defender,4.1,0.0,0.1,a,,,,,7.1,5.0,5.0,5.0,4124,968,727283,187889,,,
2026-09-19T04:40:36+00:00,278,501902,Hughes,11,88,Hull City,Defender,3.9,0.0,-0.1,i,Groin injury - Unknown return date,2026-08-02T09:00:11.030017Z,0,0,0.2,0.0,0.0,0.0,370,112,16159,11079,,,
2026-09-19T04:40:36+00:00,279,146426,Ajayi,11,88,Hull City,Defender,4.2,0.0,0.2,a,,2026-08-22T17:30:07.668197Z,100,100,14.3,5.2,5.2,5.2,5767,1716,1317152,252218,,,
2026-09-19T04:40:36+00:00,280,193278,Coyle,11,88,Hull City,Defender,4.0,0.0,0.0,a,,2026-08-29T16:30:08.151841Z,100,100,0.7,2.6,2.6,2.6,236,87,25808,23895,,,
2026-09-19T04:40:36+00:00,281,433590,Drameh,11,88,Hull City,Defender,4.0,0.0,0.0,u,Has joined Genoa permanently,2026-09-02T16:09:06.479140Z,0,0,0.0,0.4,0.0,0.0,0,18,2118,4271,,,
2026-09-19T04:40:36+00:00,282,232351,Giles,11,88,Hull City,Defender,4.0,0.0,0.0,a,,,,,2.9,4.8,4.8,4.8,3962,423,260779,52714,,,
2026-09-19T04:40:36+00:00,283,449428,Jacob,11,88,Hull City,Defender,4.0,0.0,0.0,u,Has joined Newport County on loan until January,2026-08-02T09:00:11.038361Z,0,0,0.0,0.0,0.0,0.0,0,2,114,659,,,
2026-09-19T04:40:36+00:00,284,661800,McCarthy,11,88,Hull City,Defender,4.0,0.0,0.0,a,,,,,0.1,0.0,0.0,0.0,48,19,4582,4171,,,
2026-09-19T04:40:36+00:00,285,160817,McNair,11,88,Hull City,Defender,4.0,0.0,0.0,a,,2026-09-09T13:30:08.327907Z,100,100,0.1,0.2,0.2,0.2,20,13,2973,4322,,,
2026-09-19T04:40:36+00:00,286,540324,Belloumi,11,88,Hull City,Midfielder,5.1,0.0,0.1,a,,,,,4.4,5.4,5.4,5.4,4452,708,434388,60746,,,
2026-09-19T04:40:36+00:00,287,232905,Millar,11,88,Hull City,Midfielder,5.0,0.0,0.0,u,Has joined Birmingham on loan for the rest of the season,2026-09-02T15:36:41.038103Z,0,0,0.0,1.2,0.0,0.0,0,11,3178,7231,,,
2026-09-19T04:40:36+00:00,288,171270,Dowell,11,88,Hull City,Midfielder,4.5,0.0,0.0,a,,,,,0.3,0.0,0.0,0.0,50,92,11807,19675,,,
2026-09-19T04:40:36+00:00,289,101282,Crooks,11,88,Hull City,Midfielder,4.4,-0.1,-0.1,a,,2026-08-29T15:00:08.569326Z,100,100,0.5,0.6,0.6,0.6,128,396,19487,36625,,,
2026-09-19T04:40:36+00:00,290,243413,Slater,11,88,Hull City,Midfielder,4.5,0.0,0.0,a,,,,,5.5,2.6,2.6,2.6,1515,2472,484448,243471,,,
2026-09-19T04:40:36+00:00,291,465525,Matazo,11,88,Hull City,Midfielder,4.5,0.0,0.0,i,Knee injury - Unknown return date,2026-07-23T12:01:23.532635Z,0,0,0.0,0.0,0.0,0.0,4,6,355,444,,,
2026-09-19T04:40:36+00:00,292,208481,Ömür,11,88,Hull City,Midfielder,4.9,0.0,-0.1,a,,,,,0.0,0.0,0.0,0.0,6,6,1124,1487,,,
2026-09-19T04:40:36+00:00,293,490161,Kamara,11,88,Hull City,Midfielder,5.0,0.0,0.0,u,Has joined Portsmouth permanently,2026-08-12T14:08:23.542043Z,0,0,0.0,0.0,0.0,0.0,0,0,0,362,,,
2026-09-19T04:40:36+00:00,294,553783,Zambrano,11,88,Hull City,Midfielder,4.5,0.0,0.0,a,,2026-08-04T18:30:11.016909Z,100,100,0.1,0.0,0.0,0.0,19,13,3748,6342,,,
2026-09-19T04:40:36+00:00,295,169432,McBurnie,11,88,Hull City,Forward,5.5,0.0,0.0,a,,,,,2.0,2.4,2.4,2.4,848,1899,181834,137246,1,,
2026-09-19T04:40:36+00:00,296,213292,Akintola,11,88,Hull City,Midfielder,5.0,0.0,0.0,u,Has joined Omonoia FC permanently,2026-09-11T14:42:38.120231Z,0,0,0.0,0.0,0.0,0.0,0,23,2704,4636,,,
2026-09-19T04:40:36+00:00,297,470294,Gyabi,11,88,Hull City,Midfielder,4.5,0.0,0.0,i,Thigh injury - Unknown return date,2026-08-04T18:30:11.027155Z,0,0,0.0,0.0,0.0,0.0,3,7,392,1475,,,
2026-09-19T04:40:36+00:00,298,500957,Destan,11,88,Hull City,Forward,4.5,0.0,0.0,u,Has joined Konyaspor permanently,2026-08-17T13:50:27.145733Z,0,0,0.2,0.0,0.0,0.0,0,78,0,21031,,,
2026-09-19T04:40:36+00:00,299,534392,Burstow,11,88,Hull City,Forward,4.5,0.0,0.0,u,Has joined Sheffield Wednesday on loan for the rest of the season,2026-08-03T14:05:20.234842Z,0,0,0.0,0.0,0.0,0.0,0,28,0,2878,,,
2026-09-19T04:40:36+00:00,340,462635,Gelhardt,11,88,Hull City,Midfielder,5.0,0.0,0.0,a,,2026-08-17T21:30:07.799839Z,100,100,0.0,0.0,0.0,0.0,9,6,619,913,,,
2026-09-19T04:40:36+00:00,556,169359,Targett,11,88,Hull City,Defender,4.0,0.0,0.0,d,Ankle injury - 75% chance of playing,2026-09-17T14:00:26.419938Z,75,75,1.7,0.2,0.2,0.2,6,651,24730,77927,,,
2026-09-19T04:40:36+00:00,563,445028,Morita,11,88,Hull City,Midfielder,5.0,0.0,0.0,i,Calf injury - Expected back 11 Oct,2026-09-09T14:00:08.474217Z,0,0,0.0,0.2,0.0,0.0,1,10,704,1606,,,
2026-09-19T04:40:36+00:00,572,473284,Tzolakis,11,88,Hull City,Goalkeeper,4.6,0.0,0.1,a,,,,,11.5,5.6,5.6,5.6,5009,1082,876337,196732,,,
2026-09-19T04:40:36+00:00,574,552946,Hjertø-Dahl,11,88,Hull City,Midfielder,4.9,0.0,-0.1,a,,,,,0.1,0.2,0.2,0.2,6,19,1367,4139,,,
2026-09-19T04:40:36+00:00,576,608227,Stroud,11,88,Hull City,Midfielder,5.0,0.0,0.0,a,,,,,0.1,1.4,1.4,1.4,9,20,3531,4243,,,
2026-09-19T04:40:36+00:00,585,597462,Herrington,11,88,Hull City,Defender,4.0,0.0,0.0,a,,,,,0.6,0.8,0.8,0.8,89,73,11888,16960,,,
2026-09-19T04:40:36+00:00,586,606930,Mendy,11,88,Hull City,Defender,4.1,0.0,0.1,i,Concussion - Expected back 11 Oct,2026-09-12T18:00:09.334142Z,0,0,6.5,5.0,0.0,0.0,92,6399,676384,331382,,,
2026-09-19T04:40:36+00:00,589,469266,Gourna-Douath,11,88,Hull City,Midfielder,5.0,0.0,0.0,a,,,,,0.0,0.6,0.6,0.6,5,5,674,1240,,,
2026-09-19T04:40:36+00:00,617,490884,Cho,11,88,Hull City,Midfielder,5.0,0.0,0.0,a,,,,,0.0,0.8,0.8,0.8,13,6,1449,618,,,
2026-09-19T04:40:36+00:00,632,626751,Ansah,11,88,Hull City,Forward,5.0,0.0,0.0,i,Back injury - Unknown return date,2026-09-09T10:00:08.919489Z,0,0,0.0,0.0,0.0,0.0,5,37,5052,3117,,,
2026-09-19T04:40:36+00:00,637,631000,Vaz,11,88,Hull City,Forward,5.0,0.0,0.0,a,,,,,0.1,0.3,0.3,0.3,160,54,10665,2875,,,
2026-09-19T04:40:36+00:00,638,496181,Norton-Cuffy,11,88,Hull City,Defender,4.0,0.0,0.0,a,,,,,0.3,0.3,0.3,0.3,101,87,25717,7913,,,
2026-09-19T04:40:36+00:00,642,243951,Thomas,11,88,Hull City,Midfielder,5.5,0.0,0.0,a,,,,,0.0,0.7,0.7,0.7,32,17,2636,866,,,
2026-09-19T04:40:36+00:00,645,647839,Mouzakitis,11,88,Hull City,Midfielder,5.0,0.0,0.0,a,,,,,0.0,0.0,0.0,0.0,6,1,698,227,,,
2026-09-19T04:40:36+00:00,259,219924,Diop,12,40,Ipswich Town,Defender,4.0,0.0,0.0,a,,,,,13.2,1.6,1.6,1.6,427,5039,129464,457661,,,
2026-09-19T04:40:36+00:00,267,212314,Lukić,12,40,Ipswich Town,Midfielder,5.0,0.0,0.0,a,,,,,0.1,1.8,1.8,1.8,9,30,3237,5983,,,
2026-09-19T04:40:36+00:00,300,108813,Walton,12,40,Ipswich Town,Goalkeeper,4.4,0.0,-0.1,a,,,,,0.4,0.0,0.0,0.0,12,32,1697,13945,,,
2026-09-19T04:40:36+00:00,301,112520,Palmer,12,40,Ipswich Town,Goalkeeper,4.0,0.0,0.0,a,,,,,4.0,0.0,0.0,0.0,433,757,71029,101996,,,
2026-09-19T04:40:36+00:00,302,50093,Button,12,40,Ipswich Town,Goalkeeper,4.0,0.0,0.0,a,,,,,0.6,0.0,0.0,0.0,299,79,30309,13931,,,
2026-09-19T04:40:36+00:00,303,183015,Kipré,12,40,Ipswich Town,Defender,3.9,0.0,-0.1,a,,,,,0.9,0.0,0.0,0.0,704,195,45325,24942,,,
2026-09-19T04:40:36+00:00,304,216616,O'Shea,12,40,Ipswich Town,Defender,4.0,0.0,0.0,a,,,,,2.8,1.6,1.6,1.6,140,1843,63559,115186,,,
2026-09-19T04:40:36+00:00,305,455084,Davis,12,40,Ipswich Town,Defender,4.0,0.0,0.0,a,,,,,6.8,4.6,4.6,4.6,5971,1271,326174,158887,,,
2026-09-19T04:40:36+00:00,306,449429,Greaves,12,40,Ipswich Town,Defender,4.0,0.0,0.0,a,,,,,1.1,0.6,0.6,0.6,41,266,7777,35007,,,
2026-09-19T04:40:36+00:00,307,222018,Johnson,12,40,Ipswich Town,Defender,4.0,0.0,0.0,u,Has joined Stoke City on loan for the rest of the season,2026-09-04T12:36:56.236331Z,0,0,0.1,0.0,0.0,0.0,0,26,1137,5973,,,
2026-09-19T04:40:36+00:00,308,176420,Furlong,12,40,Ipswich Town,Defender,3.9,0.0,-0.1,a,,,,,0.6,0.2,0.2,0.2,1085,149,13722,16926,,,
2026-09-19T04:40:36+00:00,309,501390,Núñez,12,40,Ipswich Town,Midfielder,4.9,0.0,-0.1,a,,,,,0.1,1.2,1.2,1.2,6,30,3023,7037,,,
2026-09-19T04:40:36+00:00,310,241117,Matusiwa,12,40,Ipswich Town,Midfielder,4.9,0.0,-0.1,a,,2026-07-29T18:00:10.305484Z,100,100,0.0,0.0,0.0,0.0,0,1,111,262,,,
2026-09-19T04:40:36+00:00,311,149929,Burns,12,40,Ipswich Town,Midfielder,5.0,0.0,0.0,u,Has joined Leicester City permanently,2026-08-10T14:02:47.597478Z,0,0,0.0,0.0,0.0,0.0,0,0,0,339,,,
2026-09-19T04:40:36+00:00,312,231899,Taylor,12,40,Ipswich Town,Midfielder,4.5,0.0,0.0,i,Knee injury - Unknown return date,2026-07-29T18:00:10.319370Z,0,0,0.0,0.0,0.0,0.0,9,9,585,2390,,,
2026-09-19T04:40:36+00:00,313,443261,Clarke,12,40,Ipswich Town,Midfielder,5.4,0.0,-0.1,a,,,,,0.2,1.8,1.8,1.8,10,58,5361,14852,1,,
2026-09-19T04:40:36+00:00,314,229164,Ogbene,12,40,Ipswich Town,Midfielder,4.9,0.0,-0.1,u,Has joined Lincoln City on loan until January,2026-09-02T16:04:17.497385Z,0,0,0.0,0.0,0.0,0.0,0,5,104,1147,,,
2026-09-19T04:40:36+00:00,315,531442,Fatawu,12,40,Ipswich Town,Midfielder,5.4,0.0,-0.1,a,,,,,0.2,1.8,1.8,1.8,14,32,5316,10876,,,
2026-09-19T04:40:36+00:00,316,543968,Emersonn,12,40,Ipswich Town,Forward,5.5,0.0,0.0,a,,2026-08-31T09:30:08.306145Z,100,100,3.3,4.8,4.8,4.8,4420,594,288118,119868,2,,
2026-09-19T04:40:36+00:00,317,222625,Hirst,12,40,Ipswich Town,Forward,5.0,0.0,0.0,u,Has joined Stoke City permanently,2026-08-21T13:06:08.606019Z,0,0,0.1,0.0,0.0,0.0,0,32,0,16662,,,
2026-09-19T04:40:36+00:00,318,481624,Philogene,12,40,Ipswich Town,Midfielder,5.4,0.0,-0.1,a,,2026-08-25T11:30:07.532993Z,100,100,0.1,0.2,0.2,0.2,3,5,271,9129,3,,
2026-09-19T04:40:36+00:00,319,172453,Szmodics,12,40,Ipswich Town,Midfielder,5.0,0.0,0.0,u,Has joined Derby County on loan for the rest of the season,2026-08-17T13:51:41.713979Z,0,0,0.0,0.0,0.0,0.0,0,1,0,748,,,
2026-09-19T04:40:36+00:00,320,147675,Akpom,12,40,Ipswich Town,Forward,5.0,0.0,0.0,a,,,,,1.2,1.2,1.2,1.2,521,415,126477,64848,,,
2026-09-19T04:40:36+00:00,321,557012,Walle Egeli,12,40,Ipswich Town,Forward,4.5,0.0,0.0,a,,,,,3.6,0.2,0.2,0.2,1527,1570,314148,186057,,,
2026-09-19T04:40:36+00:00,322,462387,Al-Hamadi,12,40,Ipswich Town,Forward,5.0,0.0,0.0,u,Has joined Sheffield Wednesday on loan for the rest of the season,2026-08-27T14:54:10.215357Z,0,0,0.1,0.0,0.0,0.0,0,23,755,9568,,,
2026-09-19T04:40:36+00:00,323,461587,McAteer,12,40,Ipswich Town,Midfielder,4.5,0.0,0.0,a,,,,,1.1,0.6,0.6,0.6,47,328,26791,56175,,,
2026-09-19T04:40:36+00:00,324,232457,Mehmeti,12,40,Ipswich Town,Midfielder,4.9,0.0,-0.1,a,,,,,0.0,0.0,0.0,0.0,1,4,327,2335,,,
2026-09-19T04:40:36+00:00,554,546600,Van Oevelen,12,40,Ipswich Town,Goalkeeper,4.5,0.0,0.0,u,Has joined Valencia on loan for the rest of the season,2026-08-25T14:04:09.529320Z,0,0,0.0,0.0,0.0,0.0,0,7,54,1881,,,
2026-09-19T04:40:36+00:00,562,442967,Maeda,12,40,Ipswich Town,Midfielder,5.4,0.0,-0.1,a,,,,,0.2,1.4,1.4,1.4,8,106,2736,18876,,,
2026-09-19T04:40:36+00:00,564,240514,Scherpen,12,40,Ipswich Town,Goalkeeper,4.5,0.0,0.0,a,,,,,0.6,1.4,1.4,1.4,57,104,14624,20681,,,
2026-09-19T04:40:36+00:00,571,216055,Florentino,12,40,Ipswich Town,Midfielder,4.9,0.0,-0.1,a,,2026-08-25T11:30:07.678802Z,100,100,0.1,0.2,0.2,0.2,4,26,949,6757,,,
2026-09-19T04:40:36+00:00,591,474120,Enciso,12,40,Ipswich Town,Midfielder,5.5,0.0,0.0,a,,2026-08-22T18:00:07.551930Z,100,100,0.8,2.6,2.6,2.6,159,274,91722,46563,,,
2026-09-19T04:40:36+00:00,592,572584,Ouattara,12,40,Ipswich Town,Defender,4.0,0.0,0.0,a,,,,,0.9,0.8,0.8,0.8,41,100,12826,24236,,,
2026-09-19T04:40:36+00:00,602,524180,Humphreys,12,40,Ipswich Town,Midfielder,4.5,0.0,0.0,u,Has joined Huddersfield Town on loan for the rest of the season,2026-09-02T16:04:17.524642Z,0,0,0.0,0.0,0.0,0.0,0,13,2861,3007,,,
2026-09-19T04:40:36+00:00,619,218543,Palacios,12,40,Ipswich Town,Midfielder,5.0,0.0,0.0,a,,,,,0.1,2.2,2.2,2.2,75,34,8563,2644,,,
2026-09-19T04:40:36+00:00,640,431639,Flemming,12,40,Ipswich Town,Forward,5.5,0.0,0.0,a,,,,,0.1,2.0,2.0,2.0,78,26,8440,2248,,,
2026-09-19T04:40:36+00:00,260,153682,Wilson,13,2,Leeds,Midfielder,6.2,0.0,-0.3,i,Thigh injury - Unknown return date,2026-09-18T13:30:09.626858Z,0,0,2.0,1.0,0.0,0.0,4,4395,28975,421097,,,
2026-09-19T04:40:36+00:00,326,201595,Perri,13,2,Leeds,Goalkeeper,4.5,0.0,0.0,u,Has joined Torino on loan for the rest of the season,2026-09-01T13:12:39.210133Z,0,0,0.3,0.0,0.0,0.0,0,79,532,25279,,,
2026-09-19T04:40:36+00:00,327,434752,Bijol,13,2,Leeds,Defender,5.0,0.0,0.0,a,,,,,0.7,2.4,2.4,2.4,69,299,68371,53914,,,
2026-09-19T04:40:36+00:00,329,214225,Rodon,13,2,Leeds,Defender,4.3,-0.1,-0.2,i,Hamstring injury - Expected back 21 Nov,2026-08-30T16:00:08.564382Z,0,0,0.8,1.4,0.0,0.0,2,1920,26896,289925,,,
2026-09-19T04:40:36+00:00,330,226182,Bogle,13,2,Leeds,Defender,4.6,0.0,0.1,a,,,,,5.9,7.4,7.4,7.4,9373,1073,535946,60281,,,
2026-09-19T04:40:36+00:00,331,243526,Gudmundsson,13,2,Leeds,Defender,4.5,0.0,0.0,a,,2026-08-08T20:00:07.546568Z,100,100,0.1,1.6,1.6,1.6,22,20,3620,2450,,,
2026-09-19T04:40:36+00:00,332,220627,Justin,13,2,Leeds,Defender,4.5,0.0,0.0,a,,,,,1.5,3.6,3.6,3.6,189,591,117461,65504,,,
2026-09-19T04:40:36+00:00,333,437738,Bornauw,13,2,Leeds,Defender,4.5,0.0,0.0,u,Has joined Hamburg SV on loan for the rest of the season,2026-08-19T13:56:14.645970Z,0,0,0.0,0.0,0.0,0.0,0,0,0,294,,,
2026-09-19T04:40:36+00:00,334,522047,Muharemović,13,2,Leeds,Defender,5.0,0.0,0.0,a,,,,,4.3,4.2,4.2,4.2,2189,1688,273474,150572,,,
2026-09-19T04:40:36+00:00,335,466525,Stach,13,2,Leeds,Midfielder,6.0,0.0,0.0,a,,,,,2.6,4.4,4.4,4.4,391,1242,197734,145975,,,
2026-09-19T04:40:36+00:00,336,435997,Okafor,13,2,Leeds,Midfielder,5.8,0.0,-0.2,a,,,,,0.4,3.0,3.0,3.0,187,150,25294,31936,,,
2026-09-19T04:40:36+00:00,337,427637,Aaronson,13,2,Leeds,Midfielder,5.4,0.0,-0.1,a,,,,,0.5,1.2,1.2,1.2,10,228,6573,44957,,,
2026-09-19T04:40:36+00:00,338,199598,Ampadu,13,2,Leeds,Midfielder,5.4,0.0,-0.1,a,,,,,0.9,3.2,3.2,3.2,84,366,16517,56045,,,
2026-09-19T04:40:36+00:00,339,180135,Longstaff,13,2,Leeds,Midfielder,4.9,0.0,-0.1,a,,,,,0.1,0.4,0.4,0.4,12,37,2385,7521,,,
2026-09-19T04:40:36+00:00,341,492859,Gnonto,13,2,Leeds,Midfielder,5.0,0.0,0.0,u,Has joined ACF Fiorentina on loan for the rest of the season,2026-09-02T16:04:47.189648Z,0,0,0.0,0.0,0.0,0.0,0,3,244,1761,,,
2026-09-19T04:40:36+00:00,342,221399,Harrison,13,2,Leeds,Midfielder,5.0,0.0,0.0,u,Has joined New England Revolution permanently,2026-07-28T12:59:09.492431Z,0,0,0.0,0.0,0.0,0.0,0,1,0,75,,,
2026-09-19T04:40:36+00:00,343,200617,James,13,2,Leeds,Midfielder,4.9,0.0,-0.1,a,,,,,0.1,0.4,0.4,0.4,14,29,3983,7479,,,
2026-09-19T04:40:36+00:00,344,486520,Gruev,13,2,Leeds,Midfielder,5.0,0.0,0.0,a,,2026-08-14T23:00:06.272027Z,100,100,0.0,0.0,0.0,0.0,4,0,83,295,,,
2026-09-19T04:40:36+00:00,345,248056,Tanaka,13,2,Leeds,Midfielder,4.9,0.0,-0.1,a,,,,,0.3,2.4,2.4,2.4,187,83,20705,15318,,,
2026-09-19T04:40:36+00:00,346,177815,Calvert-Lewin,13,2,Leeds,Forward,6.0,0.0,0.0,a,,,,,25.7,4.0,4.0,4.0,11288,12539,927917,1165481,1,,
2026-09-19T04:40:36+00:00,347,174594,Nmecha,13,2,Leeds,Forward,5.4,0.0,-0.1,a,,,,,0.5,1.2,1.2,1.2,161,171,20355,33592,2,,
2026-09-19T04:40:36+00:00,348,235826,Piroe,13,2,Leeds,Forward,5.0,0.0,0.0,u,Has joined West Ham United on loan for the rest of the season,2026-08-19T13:56:14.666726Z,0,0,0.1,0.0,0.0,0.0,0,22,0,10817,3,,
2026-09-19T04:40:36+00:00,349,565297,Mateo Joseph,13,2,Leeds,Forward,4.5,0.0,0.0,i,Knee injury - Unknown return date,2026-07-29T18:00:10.338170Z,0,0,0.1,0.0,0.0,0.0,46,43,2832,4017,,,
2026-09-19T04:40:36+00:00,385,432720,Trafford,13,2,Leeds,Goalkeeper,5.0,0.0,0.0,a,,,,,5.4,3.6,3.6,3.6,520,1089,242491,145434,,,
2026-09-19T04:40:36+00:00,598,173774,Elvedi,13,2,Leeds,Defender,4.5,0.0,0.0,a,,,,,0.1,1.4,1.4,1.4,17,24,5132,2583,,,
2026-09-19T04:40:36+00:00,603,643970,Lienou,13,2,Leeds,Defender,4.0,0.0,0.0,a,,,,,0.1,0.0,0.0,0.0,33,36,6706,3503,,,
2026-09-19T04:40:36+00:00,604,592740,Cresswell,13,2,Leeds,Midfielder,4.5,0.0,0.0,a,,,,,0.1,0.0,0.0,0.0,24,43,13780,7071,,,
2026-09-19T04:40:36+00:00,625,97846,Cairns,13,2,Leeds,Goalkeeper,4.0,0.0,0.0,a,,,,,0.2,0.0,0.0,0.0,162,52,19121,5210,,,
2026-09-19T04:40:36+00:00,629,155465,Zetterer,13,2,Leeds,Goalkeeper,4.0,0.0,0.0,a,,,,,0.7,0.0,0.0,0.0,441,125,55881,11500,,,
2026-09-19T04:40:36+00:00,641,437497,Bard,13,2,Leeds,Defender,4.5,0.0,0.0,a,,,,,0.0,0.3,0.3,0.3,15,5,877,281,,,
2026-09-19T04:40:36+00:00,648,587982,Bahoya,13,2,Leeds,Midfielder,5.0,0.0,0.0,a,,,,,0.0,0.0,0.0,0.0,10,15,2142,983,,,
2026-09-19T04:40:36+00:00,350,116535,A.Becker,14,14,Liverpool,Goalkeeper,5.5,0.0,0.0,a,,,,,3.9,3.8,3.8,3.8,364,717,133682,134241,,,
2026-09-19T04:40:36+00:00,351,449027,Mamardashvili,14,14,Liverpool,Goalkeeper,4.9,0.0,-0.1,a,,,,,0.1,0.0,0.0,0.0,13,28,2625,8046,,,
2026-09-19T04:40:36+00:00,352,155503,Woodman,14,14,Liverpool,Goalkeeper,4.0,0.0,0.0,a,,,,,1.0,0.0,0.0,0.0,73,123,17567,24981,,,
2026-09-19T04:40:36+00:00,353,586268,Pecsi,14,14,Liverpool,Goalkeeper,4.0,0.0,0.0,u,Has joined TSV Hartberg on loan for the rest of the season,2026-08-18T14:11:18.638344Z,0,0,0.0,0.0,0.0,0.0,0,3,0,1030,,,
2026-09-19T04:40:36+00:00,354,432987,Jaros,14,14,Liverpool,Goalkeeper,4.0,0.0,0.0,i,Knee injury - Unknown return date,2026-07-29T18:00:10.351066Z,0,0,0.0,0.0,0.0,0.0,49,21,1596,1107,,,
2026-09-19T04:40:36+00:00,355,464353,Davies,14,14,Liverpool,Goalkeeper,4.0,0.0,0.0,a,,,,,0.2,0.0,0.0,0.0,32,28,4484,3808,,,
2026-09-19T04:40:36+00:00,356,97032,Virgil,14,14,Liverpool,Defender,6.5,0.0,0.0,a,,,,,16.4,3.4,3.4,3.4,880,4048,257896,576681,,,
2026-09-19T04:40:36+00:00,357,216094,Frimpong,14,14,Liverpool,Defender,5.3,0.0,-0.2,a,,,,,1.9,0.4,0.4,0.4,124,675,57467,234060,,,
2026-09-19T04:40:36+00:00,358,544877,Kerkez,14,14,Liverpool,Defender,5.4,0.0,-0.1,a,,,,,2.3,1.4,1.4,1.4,129,853,45146,178225,,,
2026-09-19T04:40:36+00:00,359,171287,Gomez,14,14,Liverpool,Defender,4.9,0.0,-0.1,a,,2026-07-26T08:30:10.078473Z,100,100,0.0,0.0,0.0,0.0,21,4,441,1068,,,
2026-09-19T04:40:36+00:00,360,492777,Bradley,14,14,Liverpool,Defender,5.0,0.0,0.0,i,Knee injury - Unknown return date,2026-07-23T12:01:23.565711Z,0,0,0.0,0.0,0.0,0.0,3,5,320,717,,,
2026-09-19T04:40:36+00:00,361,519440,Lucky,14,14,Liverpool,Defender,4.0,0.0,0.0,a,,,,,0.1,0.0,0.0,0.0,23,26,3600,5251,,,
2026-09-19T04:40:36+00:00,362,606702,Jacquet,14,14,Liverpool,Defender,5.0,0.0,0.0,a,,2026-07-23T12:01:23.581126Z,100,100,3.3,3.6,3.6,3.6,1215,809,199097,110842,,,
2026-09-19T04:40:36+00:00,363,647681,Leoni,14,14,Liverpool,Defender,4.0,0.0,0.0,i,Knee injury - Unknown return date,2026-07-23T12:01:23.596909Z,0,0,0.0,0.0,0.0,0.0,13,15,814,1946,,,
2026-09-19T04:40:36+00:00,364,214285,Tsimikas,14,14,Liverpool,Defender,4.9,0.0,-0.1,a,,,,,0.1,0.4,0.4,0.4,4,14,1491,4040,,,
2026-09-19T04:40:36+00:00,365,489580,Ramsay,14,14,Liverpool,Defender,4.0,0.0,0.0,u,Has joined St Mirren on loan for the rest of the season,2026-08-26T14:05:26.748768Z,0,0,0.1,0.0,0.0,0.0,0,34,638,12263,,,
2026-09-19T04:40:36+00:00,366,494595,Wirtz,14,14,Liverpool,Midfielder,7.3,0.0,-0.2,a,,,,,6.1,2.4,2.4,2.4,145,4185,130413,727582,4,,
2026-09-19T04:40:36+00:00,367,243298,Gakpo,14,14,Liverpool,Midfielder,7.2,0.0,0.2,a,,2026-09-09T18:30:08.772955Z,100,100,12.8,5.8,5.8,5.8,3523,3621,1289935,631218,3,,
2026-09-19T04:40:36+00:00,368,424876,Szoboszlai,14,14,Liverpool,Midfielder,7.0,0.0,0.0,a,,,,,34.5,3.6,3.6,3.6,2710,16988,895069,1485146,1,,
2026-09-19T04:40:36+00:00,369,611922,Ngumoha,14,14,Liverpool,Midfielder,5.7,-0.1,-0.3,a,,,,,0.5,0.8,0.8,0.8,58,196,13836,85222,,,
2026-09-19T04:40:36+00:00,370,223541,Chiesa,14,14,Liverpool,Midfielder,5.3,-0.1,-0.2,i,Back injury - Unknown return date,2026-08-27T13:30:07.598926Z,0,0,0.0,0.0,0.0,0.0,0,19,665,9852,,,
2026-09-19T04:40:36+00:00,371,441266,Gravenberch,14,14,Liverpool,Midfielder,5.8,-0.1,-0.2,a,,,,,1.2,1.6,1.6,1.6,114,450,34652,121803,,,
2026-09-19T04:40:36+00:00,372,243016,Mac Allister,14,14,Liverpool,Midfielder,5.4,0.0,-0.1,a,,,,,1.3,1.2,1.2,1.2,295,371,41915,90085,5,,
2026-09-19T04:40:36+00:00,373,206915,C.Jones,14,14,Liverpool,Midfielder,5.5,0.0,0.0,u,Has joined Internazionale permanently,2026-08-16T18:30:07.426408Z,0,0,0.0,0.0,0.0,0.0,0,6,34,2593,,,
2026-09-19T04:40:36+00:00,374,158983,Endo,14,14,Liverpool,Midfielder,4.9,0.0,-0.1,a,,2026-07-23T12:01:23.612529Z,100,100,0.1,0.0,0.0,0.0,17,17,2180,4383,,,
2026-09-19T04:40:36+00:00,375,591386,Nyoni,14,14,Liverpool,Midfielder,4.9,0.0,-0.1,a,,,,,0.0,0.4,0.4,0.4,4,14,1261,2759,,,
2026-09-19T04:40:36+00:00,376,535928,Bajcetic,14,14,Liverpool,Midfielder,5.0,0.0,0.0,u,Has joined Celta Vigo permanently,2026-07-23T12:01:23.628373Z,0,0,0.0,0.0,0.0,0.0,0,0,19,104,,,
2026-09-19T04:40:36+00:00,377,551499,Munoz,14,14,Liverpool,Midfielder,6.5,0.0,0.0,a,,,,,1.0,2.8,2.8,2.8,114,554,116097,90896,,,
2026-09-19T04:40:36+00:00,378,491501,McConnell,14,14,Liverpool,Midfielder,4.4,0.0,-0.1,a,,,,,0.2,0.0,0.0,0.0,89,69,5964,11526,,,
2026-09-19T04:40:36+00:00,379,219168,Isak,14,14,Liverpool,Forward,9.1,0.0,0.1,a,,,,,21.9,5.0,5.0,5.0,4560,6047,1131722,666016,2,,
2026-09-19T04:40:36+00:00,380,510663,Ekitiké,14,14,Liverpool,Forward,7.4,0.0,-0.1,i,Achilles injury - Unknown return date,2026-07-23T12:01:23.643771Z,0,0,0.1,0.0,0.0,0.0,37,62,2309,10525,,,
2026-09-19T04:40:36+00:00,381,514514,Koumas,14,14,Liverpool,Midfielder,5.0,0.0,0.0,a,,,,,0.0,0.4,0.4,0.4,7,5,686,1206,,,
2026-09-19T04:40:36+00:00,382,500058,Danns,14,14,Liverpool,Forward,4.5,0.0,0.0,a,,2026-07-23T12:01:23.659279Z,100,100,0.2,0.0,0.0,0.0,338,125,20145,7404,,,
2026-09-19T04:40:36+00:00,383,444884,Elliott,14,14,Liverpool,Midfielder,5.4,0.0,-0.1,u,Has joined Valencia on loan for the rest of the season,2026-09-02T16:05:49.104326Z,0,0,0.0,0.0,0.0,0.0,0,17,907,5937,,,
2026-09-19T04:40:36+00:00,579,445087,Araujo,14,14,Liverpool,Defender,5.4,0.0,-0.1,a,,,,,2.9,3.0,3.0,3.0,920,553,132836,150242,,,
2026-09-19T04:40:36+00:00,627,482616,Barcola,14,14,Liverpool,Midfielder,8.0,0.0,0.0,a,,,,,1.9,1.3,1.3,1.3,620,902,278082,112148,,,
2026-09-19T04:40:36+00:00,155,448047,Enzo,15,43,Man City,Midfielder,6.9,0.0,-0.1,a,,,,,3.5,1.2,1.2,1.2,1178,886,142845,307795,,,
2026-09-19T04:40:36+00:00,237,440993,Ndiaye,15,43,Man City,Midfielder,5.8,-0.1,-0.2,a,,,,,7.3,3.4,3.4,3.4,522,9372,291391,1077375,,,
2026-09-19T04:40:36+00:00,384,204936,Donnarumma,15,43,Man City,Goalkeeper,5.5,0.0,0.0,a,,,,,7.8,3.4,3.4,3.4,923,1289,197114,287205,,,
2026-09-19T04:40:36+00:00,386,122074,Bettinelli,15,43,Man City,Goalkeeper,4.5,0.0,0.0,a,,,,,0.0,0.0,0.0,0.0,5,3,520,1039,,,
2026-09-19T04:40:36+00:00,387,472769,O'Reilly,15,43,Man City,Defender,6.4,0.0,-0.1,a,,2026-09-05T18:00:06.379802Z,100,100,11.5,1.0,1.0,1.0,395,4033,187739,1140544,,,
2026-09-19T04:40:36+00:00,388,209036,Guéhi,15,43,Man City,Defender,6.0,0.0,0.0,a,,,,,18.6,5.2,5.2,5.2,1820,1893,483740,413869,,,
2026-09-19T04:40:36+00:00,389,465351,Matheus N.,15,43,Man City,Defender,5.9,0.0,-0.1,a,,2026-08-27T11:30:08.171622Z,100,100,1.0,2.0,2.0,2.0,136,129,13291,71270,4,,
2026-09-19T04:40:36+00:00,390,171314,Rúben,15,43,Man City,Defender,5.5,0.0,0.0,a,,,,,1.9,3.2,3.2,3.2,388,355,62976,65157,,,
2026-09-19T04:40:36+00:00,391,477424,Gvardiol,15,43,Man City,Defender,5.7,0.0,0.2,a,,,,,25.9,6.6,6.6,6.6,12612,1470,1694644,361686,,,
2026-09-19T04:40:36+00:00,392,448514,Aït-Nouri,15,43,Man City,Defender,5.3,0.0,-0.2,a,,,,,0.4,0.0,0.0,0.0,40,114,7392,59523,,,
2026-09-19T04:40:36+00:00,393,578153,Khusanov,15,43,Man City,Defender,5.4,0.0,-0.1,a,,,,,1.4,1.8,1.8,1.8,119,346,25555,71992,,,
2026-09-19T04:40:36+00:00,394,494307,Alleyne,15,43,Man City,Defender,5.0,0.0,0.0,u,Has joined Burnley on loan for the rest of the season,2026-08-18T14:11:56.324656Z,0,0,0.0,0.0,0.0,0.0,0,4,0,602,,,
2026-09-19T04:40:36+00:00,395,477064,Lewis,15,43,Man City,Defender,4.4,0.0,-0.1,a,,,,,0.2,0.2,0.2,0.2,25,47,7981,15113,,,
2026-09-19T04:40:36+00:00,396,616222,Vitor Reis,15,43,Man City,Defender,4.5,0.0,0.0,a,,,,,0.0,0.2,0.2,0.2,5,11,485,1034,,,
2026-09-19T04:40:36+00:00,397,437730,Semenyo,15,43,Man City,Midfielder,8.4,0.0,-0.1,a,,,,,14.7,3.2,3.2,3.2,714,5386,191617,1148086,2,,
2026-09-19T04:40:36+00:00,398,209244,Foden,15,43,Man City,Midfielder,6.9,0.0,-0.1,s,Suspended until 17 Oct,2026-09-13T17:00:09.433455Z,0,0,2.0,1.8,0.0,0.0,13,3743,303259,541465,,,
2026-09-19T04:40:36+00:00,399,466052,Cherki,15,43,Man City,Midfielder,7.8,0.0,0.3,a,,,,,28.0,5.2,5.2,5.2,2673,8117,2549834,875062,,,
2026-09-19T04:40:36+00:00,400,248875,Doku,15,43,Man City,Midfielder,7.4,0.0,-0.1,d,Calf injury - 75% chance of playing,2026-08-18T17:00:08.385597Z,75,75,0.7,0.0,0.0,0.0,36,131,1503,126217,3,,
2026-09-19T04:40:36+00:00,402,220566,Rodrigo,15,43,Man City,Midfielder,6.5,0.0,0.0,u,Has joined Barcelona permanently,2026-07-23T12:01:23.675537Z,0,0,0.0,0.0,0.0,0.0,0,0,0,1204,,,
2026-09-19T04:40:36+00:00,404,433036,Reijnders,15,43,Man City,Midfielder,6.0,0.0,0.0,u,Has joined Al Qadsiah permanently,2026-08-20T14:02:58.154273Z,0,0,0.0,0.0,0.0,0.0,0,0,0,8085,,,
2026-09-19T04:40:36+00:00,406,91651,Kovačić,15,43,Man City,Midfielder,5.4,0.0,-0.1,a,,,,,0.1,0.4,0.4,0.4,7,25,2149,5854,,,
2026-09-19T04:40:36+00:00,407,575204,Echeverri,15,43,Man City,Midfielder,4.9,0.0,-0.1,u,Has joined Benfica on loan for the rest of the season,2026-09-03T15:41:24.710479Z,0,0,0.0,0.0,0.0,0.0,0,10,250,1299,,,
2026-09-19T04:40:36+00:00,408,155405,Phillips,15,43,Man City,Midfielder,5.0,0.0,0.0,u,Has joined Sheffield United on loan for the rest of the season,2026-08-18T14:11:56.348781Z,0,0,0.0,0.0,0.0,0.0,0,1,0,560,,,
2026-09-19T04:40:36+00:00,409,590039,Mukasa,15,43,Man City,Midfielder,4.5,0.0,0.0,u,has joined West Ham on loan for the rest of the seaon.,2026-09-03T10:34:10.733520Z,0,0,0.1,0.0,0.0,0.0,0,46,1621,11613,,,
2026-09-19T04:40:36+00:00,410,649208,Monga,15,43,Man City,Midfielder,4.9,0.0,-0.1,u,Has joined Swansea City on loan for the rest of the season,2026-09-02T16:02:01.136760Z,0,0,0.0,0.0,0.0,0.0,0,7,219,1227,,,
2026-09-19T04:40:36+00:00,411,223094,Haaland,15,43,Man City,Forward,15.6,0.0,0.1,a,,,,,73.3,6.6,6.6,6.6,4613,811,849890,302469,1,,
2026-09-19T04:40:36+00:00,481,215379,Anderson,15,43,Man City,Midfielder,6.3,0.0,-0.2,a,,2026-08-23T17:00:07.952697Z,100,100,4.2,2.6,2.6,2.6,790,1432,98229,419272,,,
2026-09-19T04:40:36+00:00,587,106921,Rulli,15,43,Man City,Goalkeeper,5.0,0.0,0.0,a,,,,,0.0,0.0,0.0,0.0,3,6,535,1017,,,
2026-09-19T04:40:36+00:00,616,637238,Bouaddi,15,43,Man City,Midfielder,5.5,0.0,0.0,a,,,,,0.2,0.5,0.5,0.5,100,96,20299,11535,,,
2026-09-19T04:40:36+00:00,621,616288,McAidoo,15,43,Man City,Midfielder,4.5,0.0,0.0,a,,,,,0.1,0.5,0.5,0.5,20,55,11189,6078,,,
2026-09-19T04:40:36+00:00,622,554054,Braithwaite,15,43,Man City,Defender,4.0,0.0,0.0,a,,,,,0.2,0.2,0.2,0.2,63,85,16270,7636,,,
2026-09-19T04:40:36+00:00,628,624777,Allan,15,43,Man City,Midfielder,6.0,0.0,0.0,a,,,,,0.0,0.0,0.0,0.0,22,12,985,533,,,
2026-09-19T04:40:36+00:00,653,595480,Samba,15,43,Man City,Midfielder,4.5,0.0,0.0,a,,,,,0.0,0.0,0.0,0.0,29,18,3678,1701,,,
2026-09-19T04:40:36+00:00,43,166989,Tielemans,16,1,Man Utd,Midfielder,5.8,0.0,-0.2,a,,2026-07-23T12:01:23.321726Z,100,100,1.5,2.0,2.0,2.0,217,559,41664,151183,3,,
2026-09-19T04:40:36+00:00,131,535301,Baleba,16,1,Man Utd,Midfielder,4.9,0.0,-0.1,d,Ankle injury - 50% chance of playing,2026-08-06T16:00:10.997714Z,50,50,0.1,0.0,0.0,0.0,39,50,5478,13691,,,
2026-09-19T04:40:36+00:00,162,532605,Andrey Santos,16,1,Man Utd,Midfielder,4.8,0.0,-0.2,a,,,,,0.6,0.8,0.8,0.8,77,273,21274,68892,,,
2026-09-19T04:40:36+00:00,325,59735,Darlow,16,1,Man Utd,Goalkeeper,4.5,0.0,0.0,a,,2026-07-23T12:01:23.549136Z,100,100,0.0,0.0,0.0,0.0,9,4,1016,1385,,,
2026-09-19T04:40:36+00:00,412,465247,Lammens,16,1,Man Utd,Goalkeeper,4.9,0.0,-0.1,a,,,,,10.3,1.4,1.4,1.4,277,3907,92485,642338,,,
2026-09-19T04:40:36+00:00,413,451302,Bayindir,16,1,Man Utd,Goalkeeper,4.5,0.0,0.0,u,Has joined Celta Vigo on loan for the rest of the season,2026-08-10T14:02:28.608415Z,0,0,0.0,0.0,0.0,0.0,0,0,0,1110,,,
2026-09-19T04:40:36+00:00,414,21205,Heaton,16,1,Man Utd,Goalkeeper,4.0,0.0,0.0,i,Hamstring injury - Unknown return date,2026-08-15T16:00:07.854151Z,0,0,0.1,0.0,0.0,0.0,43,24,1961,3311,,,
2026-09-19T04:40:36+00:00,415,596777,Dorgu,16,1,Man Utd,Midfielder,5.8,0.0,-0.2,a,,,,,0.5,1.2,1.2,1.2,55,224,13025,93761,,,
2026-09-19T04:40:36+00:00,416,209365,De Ligt,16,1,Man Utd,Defender,5.0,0.0,0.0,i,Back injury - Unknown return date,2026-07-23T12:01:23.690880Z,0,0,0.0,0.0,0.0,0.0,4,7,383,1430,,,
2026-09-19T04:40:36+00:00,417,216051,Dalot,16,1,Man Utd,Defender,4.9,0.0,-0.1,a,,,,,1.7,1.2,1.2,1.2,59,465,24838,128960,,,
2026-09-19T04:40:36+00:00,418,95658,Maguire,16,1,Man Utd,Defender,4.9,0.0,-0.1,a,,,,,9.2,1.6,1.6,1.6,272,12013,134230,941704,,,
2026-09-19T04:40:36+00:00,419,221820,Martinez,16,1,Man Utd,Defender,5.0,0.0,0.0,a,,2026-07-24T20:00:10.337107Z,100,100,1.3,1.2,1.2,1.2,269,227,33195,61080,,,
2026-09-19T04:40:36+00:00,420,550864,Yoro,16,1,Man Utd,Defender,4.8,-0.1,-0.2,a,,,,,0.5,0.4,0.4,0.4,25,94,4807,33936,,,
2026-09-19T04:40:36+00:00,421,606745,Heaven,16,1,Man Utd,Defender,4.4,0.0,-0.1,a,,,,,0.3,0.2,0.2,0.2,15,81,5785,22667,,,
2026-09-19T04:40:36+00:00,422,230001,Mazraoui,16,1,Man Utd,Defender,4.4,0.0,-0.1,a,,,,,0.5,0.6,0.6,0.6,61,172,13845,38259,,,
2026-09-19T04:40:36+00:00,423,106760,Shaw,16,1,Man Utd,Defender,4.3,-0.1,-0.2,d,Unspecified injury - 50% chance of playing,2026-09-11T13:00:09.030120Z,50,50,8.3,1.4,0.7,0.7,35,14279,97519,1246208,,,
2026-09-19T04:40:36+00:00,424,577974,Amass,16,1,Man Utd,Defender,4.0,0.0,0.0,a,,,,,0.2,0.0,0.0,0.0,33,35,5935,8065,,,
2026-09-19T04:40:36+00:00,425,547676,Fredricson,16,1,Man Utd,Defender,4.0,0.0,0.0,u,Has joined Lausanne-Sport permanently,2026-08-18T14:12:31.904433Z,0,0,0.0,0.0,0.0,0.0,0,3,0,1271,,,
2026-09-19T04:40:36+00:00,426,141746,B.Fernandes,16,1,Man Utd,Midfielder,12.0,0.0,0.0,a,,,,,39.9,5.8,5.8,5.8,1910,16425,613510,1669375,1,,
2026-09-19T04:40:36+00:00,427,446008,Mbeumo,16,1,Man Utd,Midfielder,7.9,0.0,-0.1,a,,,,,21.5,4.6,4.6,4.6,2423,9140,429402,1895639,2,,
2026-09-19T04:40:36+00:00,428,430871,Cunha,16,1,Man Utd,Midfielder,7.9,0.0,-0.1,a,,,,,5.7,3.2,3.2,3.2,301,1569,74047,489600,,,
2026-09-19T04:40:36+00:00,429,176297,Rashford,16,1,Man Utd,Midfielder,7.0,0.0,0.0,a,,,,,1.6,1.6,1.6,1.6,424,522,81453,111603,,,
2026-09-19T04:40:36+00:00,430,184341,Mount,16,1,Man Utd,Midfielder,5.4,0.0,-0.1,a,,2026-08-15T16:00:07.879135Z,100,100,0.0,0.0,0.0,0.0,8,10,736,1786,,,
2026-09-19T04:40:36+00:00,431,493250,Amad,16,1,Man Utd,Midfielder,5.7,0.0,-0.3,i,Unspecified injury - Unknown return date,2026-08-22T11:00:08.617283Z,0,0,0.3,0.0,0.0,0.0,6,123,2048,121844,,,
2026-09-19T04:40:36+00:00,432,516895,Mainoo,16,1,Man Utd,Midfielder,5.5,0.0,0.0,a,,,,,1.6,3.6,3.6,3.6,734,363,87828,52640,,,
2026-09-19T04:40:36+00:00,433,232112,Ugarte,16,1,Man Utd,Midfielder,5.0,0.0,0.0,i,Knee injury - Unknown return date,2026-07-23T12:01:23.706702Z,0,0,0.0,0.0,0.0,0.0,3,1,99,241,,,
2026-09-19T04:40:36+00:00,434,547037,J.Fletcher,16,1,Man Utd,Midfielder,4.9,0.0,-0.1,a,,,,,0.0,0.0,0.0,0.0,1,7,281,655,,,
2026-09-19T04:40:36+00:00,435,576628,Lacey,16,1,Man Utd,Midfielder,4.9,0.0,-0.1,a,,,,,0.1,0.2,0.2,0.2,17,14,1370,2979,,,
2026-09-19T04:40:36+00:00,436,490881,Collyer,16,1,Man Utd,Midfielder,5.0,0.0,0.0,u,Has joined West Brom permanently,2026-09-01T13:16:48.584385Z,0,0,0.0,0.0,0.0,0.0,0,6,150,1013,,,
2026-09-19T04:40:36+00:00,437,576620,Bendito Mantato,16,1,Man Utd,Midfielder,4.5,0.0,0.0,a,,,,,0.2,0.0,0.0,0.0,18,53,4682,8834,,,
2026-09-19T04:40:36+00:00,438,519913,Fletcher,16,1,Man Utd,Midfielder,4.4,0.0,-0.1,a,,,,,0.3,0.0,0.0,0.0,191,97,8260,14866,,,
2026-09-19T04:40:36+00:00,439,485711,Šeško,16,1,Man Utd,Forward,7.0,0.0,0.0,a,,2026-07-23T12:01:23.722029Z,100,100,1.8,1.6,1.6,1.6,1202,624,98641,110297,,,
2026-09-19T04:40:36+00:00,440,458249,Zirkzee,16,1,Man Utd,Forward,5.3,-0.1,-0.2,a,,,,,0.4,0.2,0.2,0.2,100,206,13980,40759,,,
2026-09-19T04:40:36+00:00,441,596047,Obi,16,1,Man Utd,Forward,4.5,0.0,0.0,u,Has joined Willem II on loan for the rest of the season,2026-09-14T16:12:42.090874Z,0,0,1.0,0.0,0.0,0.0,0,943,45543,63885,,,
2026-09-19T04:40:36+00:00,405,465694,N.Gonzalez,17,4,Newcastle,Midfielder,5.5,0.0,0.0,i,Concussion - Expected back 12 Oct,2026-09-14T21:30:07.343728Z,0,0,0.2,1.0,0.0,0.0,3,321,17466,15490,,,
2026-09-19T04:40:36+00:00,442,98747,Pope,17,4,Newcastle,Goalkeeper,4.9,0.0,-0.1,a,,,,,1.0,0.0,0.0,0.0,62,147,12555,50870,,,
2026-09-19T04:40:36+00:00,443,81441,Gillespie,17,4,Newcastle,Goalkeeper,4.5,0.0,0.0,a,,,,,0.0,0.0,0.0,0.0,5,3,730,1123,,,
2026-09-19T04:40:36+00:00,444,554578,Jaouen,17,4,Newcastle,Goalkeeper,4.4,-0.1,-0.1,d,Ankle injury - 50% chance of playing,2026-09-10T16:00:09.127466Z,50,50,0.0,0.0,0.0,0.0,3,11,436,1416,,,
2026-09-19T04:40:36+00:00,445,465642,Thiaw,17,4,Newcastle,Defender,5.0,0.0,0.0,a,,,,,2.2,2.0,2.0,2.0,681,757,169982,113768,,,
2026-09-19T04:40:36+00:00,446,119471,Schär,17,4,Newcastle,Defender,4.9,0.0,-0.1,a,,2026-08-15T16:30:07.209742Z,100,100,0.2,0.2,0.2,0.2,21,50,6532,12996,,,
2026-09-19T04:40:36+00:00,447,220237,Botman,17,4,Newcastle,Defender,5.0,0.0,0.0,a,,,,,0.7,2.2,2.2,2.2,198,333,42872,25627,,,
2026-09-19T04:40:36+00:00,448,78916,Burn,17,4,Newcastle,Defender,4.9,0.0,-0.1,i,Ankle injury - Expected back 12 Oct,2026-08-23T18:00:08.367241Z,0,0,0.8,0.0,0.0,0.0,5,387,7220,155295,,,
2026-09-19T04:40:36+00:00,449,487838,Hall,17,4,Newcastle,Defender,5.2,0.0,0.2,a,,,,,14.9,3.6,3.6,3.6,5285,1873,1418787,329706,,,
2026-09-19T04:40:36+00:00,450,441191,Livramento,17,4,Newcastle,Defender,4.9,0.0,-0.1,a,,2026-07-23T12:01:23.753221Z,100,100,0.1,0.8,0.8,0.8,172,27,9968,4467,,,
2026-09-19T04:40:36+00:00,451,545477,A.Murphy,17,4,Newcastle,Defender,4.0,0.0,0.0,u,Has joined FC Kaiserslautern on loan for the rest of the season,2026-08-12T14:05:29.224600Z,0,0,0.1,0.0,0.0,0.0,0,13,0,6664,,,
2026-09-19T04:40:36+00:00,453,201666,Barnes,17,4,Newcastle,Midfielder,6.1,0.1,0.1,a,,,,,4.5,3.8,3.8,3.8,24377,789,495480,132697,,,
2026-09-19T04:40:36+00:00,454,449434,Elanga,17,4,Newcastle,Midfielder,6.1,-0.1,0.1,i,Unspecified injury - Unknown return date,2026-09-14T20:00:09.505598Z,0,0,5.9,3.6,0.0,0.0,32,22343,1285869,942304,,,
2026-09-19T04:40:36+00:00,456,232653,J.Ramsey,17,4,Newcastle,Midfielder,4.9,0.0,-0.1,i,Thigh injury - Unknown return date,2026-09-15T09:00:08.191022Z,0,0,0.3,1.4,0.0,0.0,3,480,16549,26683,,,
2026-09-19T04:40:36+00:00,457,114243,J.Murphy,17,4,Newcastle,Midfielder,5.9,0.0,-0.1,a,,,,,0.1,0.4,0.4,0.4,61,36,5164,10215,,,
2026-09-19T04:40:36+00:00,458,180974,Joelinton,17,4,Newcastle,Midfielder,5.4,0.0,-0.1,i,Unspecified injury - Unknown return date,2026-08-16T08:00:08.074045Z,0,0,0.0,0.0,0.0,0.0,1,5,212,2167,,,
2026-09-19T04:40:36+00:00,459,547719,L.Miley,17,4,Newcastle,Midfielder,5.5,0.0,0.0,a,,2026-07-23T12:01:23.785456Z,100,100,0.1,1.6,1.6,1.6,25,22,5889,5029,,,
2026-09-19T04:40:36+00:00,460,200089,Willock,17,4,Newcastle,Midfielder,5.0,0.0,0.0,a,,,,,0.5,2.4,2.4,2.4,115,190,54935,28175,,,
2026-09-19T04:40:36+00:00,461,611665,Touré,17,4,Newcastle,Midfielder,5.8,0.0,-0.2,a,,,,,0.1,1.4,1.4,1.4,41,34,3424,15641,,,
2026-09-19T04:40:36+00:00,462,636852,Steur,17,4,Newcastle,Midfielder,4.9,0.0,-0.1,a,,,,,0.1,1.0,1.0,1.0,12,26,2168,5823,,,
2026-09-19T04:40:36+00:00,463,470313,Woltemade,17,4,Newcastle,Forward,5.9,0.0,-0.1,u,Has joined Juventus on loan for the rest of the season,2026-09-02T16:07:16.549304Z,0,0,0.5,0.8,0.0,0.0,0,305,14520,138740,,,
2026-09-19T04:40:36+00:00,464,216646,Wissa,17,4,Newcastle,Forward,6.2,0.0,0.2,a,,,,,19.3,3.0,3.0,3.0,10135,3608,2205647,590618,2,,
2026-09-19T04:40:36+00:00,465,538207,Osula,17,4,Newcastle,Forward,5.8,-0.1,-0.2,i,Foot injury - Unknown return date,2026-08-25T19:00:08.004915Z,0,0,0.3,0.8,0.0,0.0,5,169,21328,84474,1,,
2026-09-19T04:40:36+00:00,466,599303,Neave,17,4,Newcastle,Forward,4.5,0.0,0.0,u,Has joined Wolves on loan for the rest of the season,2026-09-04T12:37:43.515176Z,0,0,0.5,0.0,0.0,0.0,0,259,23805,48881,,,
2026-09-19T04:40:36+00:00,559,632794,Bamba,17,4,Newcastle,Midfielder,4.9,0.0,-0.1,a,,,,,0.1,0.4,0.4,0.4,11,21,2451,7105,,,
2026-09-19T04:40:36+00:00,567,470551,Horníček,17,4,Newcastle,Goalkeeper,5.0,0.0,0.0,a,,,,,1.5,2.2,2.2,2.2,406,271,145056,66824,,,
2026-09-19T04:40:36+00:00,593,463726,Dedić,17,4,Newcastle,Defender,4.5,0.0,0.0,i,Unspecified injury - Unknown return date,2026-09-17T14:30:09.823731Z,0,0,2.1,2.6,0.0,0.0,34,5491,447656,275541,,,
2026-09-19T04:40:36+00:00,609,553746,Shahar,17,4,Newcastle,Defender,4.0,0.0,0.0,u,has joined Arouca on loan for the rest of the seaon.,2026-09-11T14:41:57.406766Z,0,0,0.2,0.0,0.0,0.0,0,138,18236,14036,,,
2026-09-19T04:40:36+00:00,634,613221,Fernandez-Pardo,17,4,Newcastle,Forward,6.0,0.0,0.0,a,,,,,0.1,0.7,0.7,0.7,99,41,15170,4941,,,
2026-09-19T04:40:36+00:00,659,665243,Miley,17,4,Newcastle,Midfielder,4.5,0.0,0.0,a,,,,,0.0,0.0,0.0,0.0,135,31,3573,633,,,
2026-09-19T04:40:36+00:00,167,463034,Delap,18,17,Nott'm Forest,Forward,5.6,0.1,0.1,a,,,,,2.9,1.6,1.6,1.6,15589,778,302765,54350,3,,
2026-09-19T04:40:36+00:00,201,247348,Muñoz,18,17,Nott'm Forest,Defender,5.4,0.0,-0.1,a,,,,,6.0,0.6,0.6,0.6,1298,1815,151856,455991,,,
2026-09-19T04:40:36+00:00,467,85633,Sels,18,17,Nott'm Forest,Goalkeeper,5.0,0.0,0.0,a,,,,,1.6,2.4,2.4,2.4,190,297,66443,56359,,,
2026-09-19T04:40:36+00:00,468,221389,John,18,17,Nott'm Forest,Goalkeeper,4.5,0.0,0.0,a,,,,,0.1,0.0,0.0,0.0,7,13,814,1873,,,
2026-09-19T04:40:36+00:00,469,215136,N.Williams,18,17,Nott'm Forest,Defender,5.0,0.0,0.0,a,,,,,9.1,3.4,3.4,3.4,1481,2268,315967,307526,,,
2026-09-19T04:40:36+00:00,470,485047,Morato,18,17,Nott'm Forest,Defender,5.0,0.0,0.0,u,Has joined West Ham on loan for the rest of the season,2026-09-02T16:19:54.503286Z,0,0,0.0,0.0,0.0,0.0,0,8,424,3588,,,
2026-09-19T04:40:36+00:00,471,227444,Milenković,18,17,Nott'm Forest,Defender,5.4,-0.1,-0.1,i,Hamstring injury - Expected back 11 Oct,2026-09-12T14:00:09.705107Z,0,0,1.1,2.4,0.0,0.0,7,1200,17939,96357,,,
2026-09-19T04:40:36+00:00,472,575476,Murillo,18,17,Nott'm Forest,Defender,5.5,0.0,0.0,a,,2026-07-23T12:01:23.801183Z,100,100,2.1,3.8,3.8,3.8,586,301,96083,53562,,,
2026-09-19T04:40:36+00:00,473,159506,Aina,18,17,Nott'm Forest,Defender,4.5,0.0,0.0,a,,,,,2.6,1.6,1.6,1.6,161,1179,68274,150966,,,
2026-09-19T04:40:36+00:00,474,575458,Jair Cunha,18,17,Nott'm Forest,Defender,4.5,0.0,0.0,d,Hamstring injury - 75% chance of playing,2026-09-12T14:00:09.724349Z,75,75,0.2,2.0,1.5,1.5,10,102,9516,12628,,,
2026-09-19T04:40:36+00:00,475,500151,Savona,18,17,Nott'm Forest,Defender,4.5,0.0,0.0,i,Knee injury - Unknown return date,2026-07-23T12:01:23.816304Z,0,0,0.0,0.0,0.0,0.0,0,0,220,258,,,
2026-09-19T04:40:36+00:00,476,204822,O.Richards,18,17,Nott'm Forest,Defender,4.0,0.0,0.0,a,,,,,0.2,0.0,0.0,0.0,23,30,3723,7581,,,
2026-09-19T04:40:36+00:00,477,549067,Abbott,18,17,Nott'm Forest,Defender,4.0,0.0,0.0,u,Has joined Southampton on loan for the rest of the season,2026-09-02T16:19:54.536676Z,0,0,0.1,0.0,0.0,0.0,0,40,2459,13113,,,
2026-09-19T04:40:36+00:00,478,470315,Netz,18,17,Nott'm Forest,Defender,4.4,0.0,-0.1,a,,,,,0.0,0.4,0.4,0.4,8,8,638,1479,,,
2026-09-19T04:40:36+00:00,479,538638,Bindon,18,17,Nott'm Forest,Defender,4.0,0.0,0.0,u,Has joined Charlton Athletic on loan for the rest of the season,2026-09-01T13:16:05.383880Z,0,0,0.1,0.0,0.0,0.0,0,33,799,8163,,,
2026-09-19T04:40:36+00:00,480,222531,Gibbs-White,18,17,Nott'm Forest,Midfielder,8.0,0.0,0.0,a,,2026-08-24T15:30:08.350159Z,100,100,16.0,5.2,5.2,5.2,8660,2573,1152342,585267,1,,
2026-09-19T04:40:36+00:00,482,209046,Hudson-Odoi,18,17,Nott'm Forest,Midfielder,5.8,0.0,-0.2,a,,2026-07-23T12:01:23.832709Z,100,100,0.2,0.2,0.2,0.2,30,49,5041,16449,,,
2026-09-19T04:40:36+00:00,483,456512,Ndoye,18,17,Nott'm Forest,Midfielder,5.5,0.0,0.0,a,,,,,0.8,2.8,2.8,2.8,79,442,71675,41605,,,
2026-09-19T04:40:36+00:00,484,503301,Hutchinson,18,17,Nott'm Forest,Midfielder,5.4,0.0,-0.1,u,Has joined AC Milan on loan for the rest of the season,2026-09-01T13:23:52.340206Z,0,0,0.1,0.0,0.0,0.0,0,22,427,10650,,,
2026-09-19T04:40:36+00:00,485,476887,Bakwa,18,17,Nott'm Forest,Midfielder,5.5,0.0,0.0,u,Has joined Lille on loan for the rest of the season,2026-08-27T14:53:03.381941Z,0,0,0.0,0.0,0.0,0.0,0,2,107,1144,,,
2026-09-19T04:40:36+00:00,486,432714,McAtee,18,17,Nott'm Forest,Midfielder,5.5,0.0,0.0,a,,,,,0.1,2.0,2.0,2.0,34,43,9679,5089,,,
2026-09-19T04:40:36+00:00,487,250199,Dominguez,18,17,Nott'm Forest,Midfielder,4.9,0.0,-0.1,a,,,,,0.1,0.2,0.2,0.2,3,14,1141,3816,,,
2026-09-19T04:40:36+00:00,488,210462,I.Sangaré,18,17,Nott'm Forest,Midfielder,4.9,0.0,-0.1,a,,2026-08-28T09:30:07.471668Z,100,100,0.4,0.6,0.6,0.6,26,250,8925,65829,,,
2026-09-19T04:40:36+00:00,489,204968,Yates,18,17,Nott'm Forest,Midfielder,4.5,0.0,0.0,a,,2026-08-17T20:30:08.195072Z,100,100,1.2,0.0,0.0,0.0,47,316,29693,86671,,,
2026-09-19T04:40:36+00:00,490,60689,Wood,18,17,Nott'm Forest,Forward,5.8,0.0,-0.2,a,,,,,0.9,0.6,0.6,0.6,156,306,22735,110153,2,,
2026-09-19T04:40:36+00:00,491,482973,Igor Jesus,18,17,Nott'm Forest,Forward,5.8,0.0,-0.2,a,,,,,2.8,2.2,2.2,2.2,769,930,119769,248275,4,,
2026-09-19T04:40:36+00:00,493,465680,Kalimuendo,18,17,Nott'm Forest,Forward,5.4,0.0,-0.1,a,,,,,0.1,0.2,0.2,0.2,11,16,2821,3716,,,
2026-09-19T04:40:36+00:00,558,204561,Schlager,18,17,Nott'm Forest,Midfielder,5.0,0.0,0.0,a,,,,,0.1,2.2,2.2,2.2,28,48,5708,5065,,,
2026-09-19T04:40:36+00:00,581,568420,Diomande,18,17,Nott'm Forest,Defender,5.4,0.0,-0.1,a,,,,,0.5,1.0,1.0,1.0,99,115,12221,39580,,,
2026-09-19T04:40:36+00:00,590,428971,Benda,18,17,Nott'm Forest,Goalkeeper,4.5,0.0,0.0,a,,,,,0.1,0.0,0.0,0.0,13,12,2553,2613,,,
2026-09-19T04:40:36+00:00,112,469142,Van Hecke,19,6,Spurs,Defender,4.9,0.0,-0.1,a,,,,,6.7,3.6,3.6,3.6,742,1501,136911,446896,,,
2026-09-19T04:40:36+00:00,147,109646,Tosin,19,6,Spurs,Defender,4.4,0.0,-0.1,a,,,,,0.2,0.2,0.2,0.2,16,20,1908,7372,,,
2026-09-19T04:40:36+00:00,401,438234,Marmoush,19,6,Spurs,Forward,7.0,0.0,0.0,a,,,,,2.2,1.2,1.2,1.2,1228,867,223707,142000,2,,
2026-09-19T04:40:36+00:00,403,510281,Sávio,19,6,Spurs,Midfielder,6.5,0.0,0.0,a,,2026-08-29T16:30:08.380416Z,100,100,0.7,1.2,1.2,1.2,178,300,97090,73063,,,
2026-09-19T04:40:36+00:00,455,432422,Tonali,19,6,Spurs,Midfielder,5.3,-0.1,-0.2,a,,2026-09-14T14:30:07.387706Z,100,100,2.0,2.4,2.4,2.4,152,916,45741,255523,,,
2026-09-19T04:40:36+00:00,494,184254,Vicario,19,6,Spurs,Goalkeeper,4.5,0.0,0.0,u,Has joined Juventus on loan for the rest of the season,2026-08-19T13:55:33.193962Z,0,0,0.1,0.0,0.0,0.0,0,35,0,21418,,,
2026-09-19T04:40:36+00:00,495,214572,Austin,19,6,Spurs,Goalkeeper,4.0,0.0,0.0,a,,,,,1.0,0.0,0.0,0.0,162,102,27813,19787,,,
2026-09-19T04:40:36+00:00,496,485055,Kinsky,19,6,Spurs,Goalkeeper,4.5,0.0,0.0,a,,,,,18.2,3.2,3.2,3.2,1544,9508,330698,691735,,,
2026-09-19T04:40:36+00:00,497,67089,Dubravka,19,6,Spurs,Goalkeeper,4.0,0.0,0.0,a,,,,,17.5,0.0,0.0,0.0,2738,2752,373377,395402,,,
2026-09-19T04:40:36+00:00,498,221466,Senesi,19,6,Spurs,Defender,5.8,0.0,-0.2,a,,,,,3.7,0.6,0.6,0.6,118,1030,28262,437493,,,
2026-09-19T04:40:36+00:00,499,441164,Pedro Porro,19,6,Spurs,Defender,5.4,0.0,-0.1,a,,2026-09-11T18:00:09.076279Z,100,100,8.4,1.6,1.6,1.6,670,1492,123444,919240,,,
2026-09-19T04:40:36+00:00,500,221632,Romero,19,6,Spurs,Defender,5.0,0.0,0.0,u,Has joined Atletico Madrid permanently,2026-08-17T13:49:05.465401Z,0,0,0.1,0.0,0.0,0.0,0,19,0,16533,,,
2026-09-19T04:40:36+00:00,502,122798,Robertson,19,6,Spurs,Defender,4.4,0.0,-0.1,a,,,,,2.6,2.6,2.6,2.6,327,891,61999,171567,,,
2026-09-19T04:40:36+00:00,503,491279,Van de Ven,19,6,Spurs,Defender,5.0,0.0,0.0,a,,2026-08-21T15:00:07.610517Z,100,100,4.0,3.0,3.0,3.0,476,552,88932,247793,,,
2026-09-19T04:40:36+00:00,505,232859,Spence,19,6,Spurs,Defender,4.5,0.0,0.0,u,Has joined Internazionale permanently,2026-08-18T14:13:08.454214Z,0,0,0.2,0.0,0.0,0.0,0,73,0,68159,,,
2026-09-19T04:40:36+00:00,506,487053,Udogie,19,6,Spurs,Defender,4.4,0.0,-0.1,a,,2026-09-11T18:00:09.092110Z,100,100,0.3,1.4,1.4,1.4,32,67,5271,20897,,,
2026-09-19T04:40:36+00:00,507,548308,Phillips,19,6,Spurs,Defender,4.5,0.0,0.0,u,Has joined Middlesbrough permanently,2026-08-18T14:13:08.474144Z,0,0,0.0,0.0,0.0,0.0,0,4,0,1219,,,
2026-09-19T04:40:36+00:00,508,115556,Davies,19,6,Spurs,Defender,3.9,-0.1,-0.1,a,,,,,0.8,0.0,0.0,0.0,117,164,11913,37607,,,
2026-09-19T04:40:36+00:00,509,640419,Byfield,19,6,Spurs,Defender,4.0,0.0,0.0,a,,,,,0.1,0.0,0.0,0.0,7,12,2222,2356,,,
2026-09-19T04:40:36+00:00,510,499716,Rowswell,19,6,Spurs,Defender,4.0,0.0,0.0,a,,,,,0.1,0.0,0.0,0.0,11,19,2740,3147,,,
2026-09-19T04:40:36+00:00,511,616221,Souza,19,6,Spurs,Defender,4.0,0.0,0.0,u,Has joined FC Porto on loan for the rest of the season,2026-09-01T13:24:26.858636Z,0,0,0.2,0.0,0.0,0.0,0,67,2555,16053,,,
2026-09-19T04:40:36+00:00,512,460842,Kudus,19,6,Spurs,Midfielder,6.5,0.0,0.0,a,,2026-07-23T12:01:23.848657Z,100,100,0.1,0.6,0.6,0.6,82,58,10876,10013,3,,
2026-09-19T04:40:36+00:00,513,493362,Xavi,19,6,Spurs,Midfielder,5.9,0.0,-0.1,i,Knee injury - Unknown return date,2026-07-23T12:01:23.864304Z,0,0,0.0,0.0,0.0,0.0,2,7,294,1048,4,,
2026-09-19T04:40:36+00:00,514,511499,Tel,19,6,Spurs,Midfielder,5.7,-0.1,-0.3,a,,,,,0.2,1.6,1.6,1.6,17,177,8949,44994,,,
2026-09-19T04:40:36+00:00,515,172780,Maddison,19,6,Spurs,Midfielder,6.3,0.0,-0.2,a,,2026-08-25T14:30:07.623508Z,100,100,0.4,0.4,0.4,0.4,69,84,5118,94337,,,
2026-09-19T04:40:36+00:00,516,202993,Bentancur,19,6,Spurs,Midfielder,5.5,0.0,0.0,a,,,,,0.2,2.2,2.2,2.2,18,35,4782,7692,,,
2026-09-19T04:40:36+00:00,517,550839,Odobert,19,6,Spurs,Midfielder,5.5,0.0,0.0,i,Knee injury - Unknown return date,2026-07-23T12:01:23.879434Z,0,0,0.0,0.0,0.0,0.0,1,0,103,95,,,
2026-09-19T04:40:36+00:00,518,482442,P.M.Sarr,19,6,Spurs,Midfielder,4.9,0.0,-0.1,u,Has joined Juventus on loan for the rest of the season,2026-09-02T16:02:43.386849Z,0,0,0.1,0.0,0.0,0.0,0,48,4138,23115,,,
2026-09-19T04:40:36+00:00,519,232787,Gallagher,19,6,Spurs,Midfielder,5.3,0.0,-0.2,a,,,,,0.2,0.6,0.6,0.6,36,40,3892,16428,,,
2026-09-19T04:40:36+00:00,520,570526,Bergvall,19,6,Spurs,Midfielder,5.4,0.0,-0.1,a,,,,,0.1,0.4,0.4,0.4,6,19,1786,8952,,,
2026-09-19T04:40:36+00:00,521,445044,Kulusevski,19,6,Spurs,Midfielder,6.5,0.0,0.0,i,Knee injury - Unknown return date,2026-07-23T12:01:23.895175Z,0,0,0.0,0.0,0.0,0.0,2,7,308,672,,,
2026-09-19T04:40:36+00:00,522,547701,Gray,19,6,Spurs,Midfielder,4.9,0.0,-0.1,a,,,,,0.2,1.4,1.4,1.4,32,57,6409,12228,,,
2026-09-19T04:40:36+00:00,523,499721,Moore,19,6,Spurs,Midfielder,5.0,0.0,0.0,u,Has joined FC Köln on loan for the rest of the season,2026-09-04T12:39:48.098158Z,0,0,0.1,0.6,0.0,0.0,0,45,3258,16530,,,
2026-09-19T04:40:36+00:00,524,499726,Olusesi,19,6,Spurs,Midfielder,4.4,0.0,-0.1,a,,,,,1.0,0.0,0.0,0.0,399,389,50015,42234,,,
2026-09-19T04:40:36+00:00,525,551226,Fernandes,19,6,Spurs,Midfielder,5.8,0.0,-0.2,a,,,,,0.8,1.2,1.2,1.2,47,288,14028,118375,,,
2026-09-19T04:40:36+00:00,526,154566,Solanke,19,6,Spurs,Forward,5.8,0.0,-0.2,a,,,,,0.8,1.0,1.0,1.0,168,274,27715,89325,1,,
2026-09-19T04:40:36+00:00,527,212319,Richarlison,19,6,Spurs,Forward,5.9,0.0,-0.1,u,not included in squad.,2026-09-04T12:32:39.183614Z,0,0,0.7,0.4,0.0,0.0,0,655,21439,263138,,,
2026-09-19T04:40:36+00:00,528,490145,Scarlett,19,6,Spurs,Forward,4.5,0.0,0.0,u,Has joined Leyton Orient permanently,2026-09-02T16:02:43.413625Z,0,0,1.2,0.0,0.0,0.0,0,475,42525,102042,,,
2026-09-19T04:40:36+00:00,578,465920,Mudryk,19,6,Spurs,Midfielder,5.4,0.0,-0.1,i,Ankle injury - Unknown return date,2026-09-11T18:00:09.154412Z,0,0,0.0,0.2,0.0,0.0,2,41,5422,7089,,,
2026-09-19T04:40:36+00:00,601,611917,Williams-Barnett,19,6,Spurs,Midfielder,4.5,0.0,0.0,a,,,,,0.1,0.0,0.0,0.0,17,35,10099,6318,,,
2026-09-19T04:40:36+00:00,501,135720,Danso,20,56,Sunderland,Defender,5.0,0.0,0.0,a,,,,,0.2,0.6,0.6,0.6,69,44,5494,9081,,,
2026-09-19T04:40:36+00:00,529,498016,Roefs,20,56,Sunderland,Goalkeeper,4.9,0.0,-0.1,a,,,,,2.6,2.2,2.2,2.2,194,694,20043,166819,,,
2026-09-19T04:40:36+00:00,530,232571,Patterson,20,56,Sunderland,Goalkeeper,4.0,0.0,0.0,u,Has joined Wrexham permanently,2026-08-12T14:08:03.064533Z,0,0,0.1,0.0,0.0,0.0,0,16,0,5668,,,
2026-09-19T04:40:36+00:00,531,515046,Ellborg,20,56,Sunderland,Goalkeeper,4.5,0.0,0.0,a,,,,,0.1,0.0,0.0,0.0,6,12,1045,3093,,,
2026-09-19T04:40:36+00:00,532,223827,Ballard,20,56,Sunderland,Defender,4.9,0.0,-0.1,a,,,,,2.6,2.4,2.4,2.4,308,1637,42207,302205,,,
2026-09-19T04:40:36+00:00,533,200834,Mukiele,20,56,Sunderland,Defender,5.4,0.0,-0.1,a,,2026-08-09T08:30:05.954750Z,100,100,1.9,2.6,2.6,2.6,408,360,39739,121465,,,
2026-09-19T04:40:36+00:00,534,487676,Hume,20,56,Sunderland,Defender,4.3,-0.1,-0.2,a,,,,,3.0,1.8,1.8,1.8,84,5979,36710,373654,,,
2026-09-19T04:40:36+00:00,535,201895,Alderete,20,56,Sunderland,Defender,4.9,0.0,-0.1,a,,2026-08-09T08:30:05.962393Z,100,100,0.2,0.2,0.2,0.2,11,50,4765,26326,,,
2026-09-19T04:40:36+00:00,536,434399,Reinildo,20,56,Sunderland,Defender,4.5,0.0,0.0,s,Suspended until 10 Oct,2026-09-12T21:30:09.421687Z,0,0,0.3,1.4,0.0,0.0,6,228,3869,23028,,,
2026-09-19T04:40:36+00:00,537,519634,Seelt,20,56,Sunderland,Defender,4.5,0.0,0.0,u,Has joined Swansea City on loan for the rest of the season,2026-08-29T00:34:52.425076Z,0,0,0.0,0.0,0.0,0.0,0,0,61,642,,,
2026-09-19T04:40:36+00:00,538,477547,Hjelde,20,56,Sunderland,Defender,4.0,0.0,0.0,u,Has joined KV Mechelen on loan for the rest of the season,2026-08-12T14:08:03.081789Z,0,0,0.0,0.0,0.0,0.0,0,8,0,2379,,,
2026-09-19T04:40:36+00:00,539,167512,O'Nien,20,56,Sunderland,Defender,3.9,-0.1,-0.1,a,,,,,2.4,0.2,0.2,0.2,199,1031,14942,110931,,,
2026-09-19T04:40:36+00:00,540,105717,Masuaku,20,56,Sunderland,Defender,4.0,0.0,0.0,u,Has joined Konyaspor permanently,2026-08-12T14:08:03.097784Z,0,0,0.1,0.0,0.0,0.0,0,28,0,10961,,,
2026-09-19T04:40:36+00:00,541,93605,Meunier,20,56,Sunderland,Defender,4.5,0.0,0.0,a,,2026-08-16T08:30:07.830062Z,100,100,0.3,2.2,2.2,2.2,83,34,5484,8786,,,
2026-09-19T04:40:36+00:00,542,484420,E.Le Fée,20,56,Sunderland,Midfielder,5.7,-0.1,-0.3,a,,,,,3.5,2.6,2.6,2.6,469,3947,34041,630522,2,,
2026-09-19T04:40:36+00:00,543,547027,Diarra,20,56,Sunderland,Midfielder,5.4,0.0,-0.1,i,Hamstring injury - Unknown return date,2026-08-30T16:30:08.428960Z,0,0,0.0,1.0,0.0,0.0,0,14,538,5697,1,,
2026-09-19T04:40:36+00:00,544,84450,Xhaka,20,56,Sunderland,Midfielder,5.5,0.0,0.0,a,,,,,3.8,3.8,3.8,3.8,585,1108,125117,186197,,,
2026-09-19T04:40:36+00:00,545,577669,Sadiki,20,56,Sunderland,Midfielder,4.9,0.0,-0.1,a,,,,,0.2,1.6,1.6,1.6,26,95,5339,17120,,,
2026-09-19T04:40:36+00:00,546,535818,Adingra,20,56,Sunderland,Midfielder,4.9,0.0,-0.1,u,Has joined Ajax on loan for the rest of the season,2026-08-20T14:00:08.416985Z,0,0,0.0,0.0,0.0,0.0,0,15,240,7243,,,
2026-09-19T04:40:36+00:00,547,461199,Mundle,20,56,Sunderland,Midfielder,4.9,0.0,-0.1,i,Knee injury - Unknown return date,2026-09-09T14:00:08.462705Z,0,0,0.0,0.2,0.0,0.0,2,5,193,623,,,
2026-09-19T04:40:36+00:00,548,554197,Rigg,20,56,Sunderland,Midfielder,4.9,0.0,-0.1,a,,,,,0.0,0.4,0.4,0.4,1,5,438,2625,,,
2026-09-19T04:40:36+00:00,549,549912,Talbi,20,56,Sunderland,Midfielder,5.3,0.0,-0.2,a,,,,,0.1,0.2,0.2,0.2,12,26,1245,11246,,,
2026-09-19T04:40:36+00:00,550,699989,Jocelin.T,20,56,Sunderland,Midfielder,5.0,0.0,0.0,a,,,,,0.0,0.0,0.0,0.0,3,3,277,384,,,
2026-09-19T04:40:36+00:00,551,536661,N.Angulo,20,56,Sunderland,Midfielder,5.0,0.0,0.0,a,,,,,0.1,2.4,2.4,2.4,25,61,12304,9849,,,
2026-09-19T04:40:36+00:00,552,441264,Brobbey,20,56,Sunderland,Forward,5.7,-0.1,-0.3,a,,,,,5.4,1.4,1.4,1.4,663,3049,92121,889221,,,
2026-09-19T04:40:36+00:00,553,437505,Isidor,20,56,Sunderland,Forward,5.5,0.0,0.0,a,,,,,1.3,2.8,2.8,2.8,270,421,92572,75575,,,
2026-09-19T04:40:36+00:00,612,638411,Methalie,20,56,Sunderland,Defender,4.5,0.0,0.0,a,,2026-08-28T13:00:08.950445Z,100,100,0.0,0.0,0.0,0.0,4,6,793,432,,,
2026-09-19T04:40:36+00:00,613,696104,Ahoka,20,56,Sunderland,Midfielder,4.5,0.0,0.0,a,,,,,0.2,0.0,0.0,0.0,36,92,24831,12790,,,
2026-09-19T04:40:36+00:00,646,549940,Fofana,20,56,Sunderland,Midfielder,5.5,0.0,0.0,a,,,,,0.0,0.7,0.7,0.7,28,18,3764,1446,,,
2026-09-19T04:40:36+00:00,651,661313,J.Angulo,20,56,Sunderland,Forward,4.5,0.0,0.0,a,,,,,0.7,0.0,0.0,0.0,995,336,82863,23351,,,
