observed_at,player_id,player_code,web_name,team_id,team_code,team_name,position,price,price_change_gameweek,price_change_season,status,news,news_added,chance_of_playing_this_round,chance_of_playing_next_round,selected_by_percent,form,expected_points_this_gameweek,expected_points_next_gameweek,transfers_in_event,transfers_out_event,transfers_in_season,transfers_out_season,penalties_order,direct_free_kicks_order,corners_and_indirect_free_kicks_order
2026-09-28T05:27:30+00:00,1,154561,Raya,1,3,Arsenal,Goalkeeper,6.1,0.1,0.1,a,,,,,42.2,6.0,6.0,6.0,121034,44725,961433,637129,,,
2026-09-28T05:27:30+00:00,2,109745,Arrizabalaga,1,3,Arsenal,Goalkeeper,4.9,0.0,-0.1,a,,,,,0.1,0.0,0.0,0.0,102,239,1479,4252,,,
2026-09-28T05:27:30+00:00,3,437495,Meslier,1,3,Arsenal,Goalkeeper,4.9,0.0,-0.1,a,,,,,0.0,0.0,0.0,0.0,45,116,512,1576,,,
2026-09-28T05:27:30+00:00,4,226597,Gabriel,1,3,Arsenal,Defender,8.0,0.0,0.0,a,,,,,22.7,5.0,5.0,5.0,22762,63554,233005,906445,,,
2026-09-28T05:27:30+00:00,5,445122,J.Timber,1,3,Arsenal,Defender,6.5,0.0,0.0,a,,2026-07-23T12:01:23.272929Z,100,100,0.4,0.2,0.2,0.2,11661,3832,33317,14585,,,
2026-09-28T05:27:30+00:00,6,462424,Saliba,1,3,Arsenal,Defender,5.9,0.0,-0.1,i,Back injury - Unknown return date,2026-07-23T12:01:23.289376Z,0,0,0.2,0.0,0.0,0.0,370,1042,3452,18595,,,
2026-09-28T05:27:30+00:00,7,499169,Lewis-Skelly,1,3,Arsenal,Midfielder,5.4,-0.1,-0.1,a,,,,,0.6,1.5,1.5,1.5,863,4812,29540,49616,,,
2026-09-28T05:27:30+00:00,8,466075,Calafiori,1,3,Arsenal,Defender,5.8,0.0,0.3,a,,,,,50.5,5.0,5.0,5.0,71797,60300,1651805,398807,,,
2026-09-28T05:27:30+00:00,9,448104,Hincapie,1,3,Arsenal,Defender,5.2,-0.1,-0.3,a,,,,,0.9,0.2,0.2,0.2,1369,5530,16188,117241,,,
2026-09-28T05:27:30+00:00,10,198869,White,1,3,Arsenal,Defender,5.5,0.0,0.0,d,Groin injury - 75% chance of playing,2026-09-20T19:30:08.247780Z,100,75,4.9,2.5,2.5,1.9,3215,64470,455973,563251,,,
2026-09-28T05:27:30+00:00,11,500040,Mosquera,1,3,Arsenal,Defender,5.3,0.0,-0.2,a,,2026-09-04T14:00:08.080310Z,100,100,1.6,1.5,1.5,1.5,1136,9020,31301,467749,,,
2026-09-28T05:27:30+00:00,12,223340,Saka,1,3,Arsenal,Midfielder,9.5,0.0,0.0,a,,,,,13.6,5.8,5.8,5.8,99812,44511,779434,394362,1,,
2026-09-28T05:27:30+00:00,13,204480,Rice,1,3,Arsenal,Midfielder,7.4,0.0,-0.1,d,Unspecified injury - 75% chance of playing,2026-09-21T13:00:08.896379Z,,75,11.7,4.2,4.2,3.2,7434,77727,119280,720401,,,
2026-09-28T05:27:30+00:00,14,232413,Eze,1,3,Arsenal,Midfielder,6.2,-0.1,-0.3,a,,,,,1.0,0.8,0.8,0.8,2124,6503,23043,139347,,,
2026-09-28T05:27:30+00:00,15,184029,Ødegaard,1,3,Arsenal,Midfielder,6.8,0.0,0.3,a,,,,,19.8,4.5,4.5,4.5,71598,84097,1627318,543546,3,,
2026-09-28T05:27:30+00:00,16,248857,Madueke,1,3,Arsenal,Midfielder,6.2,0.0,-0.3,a,,,,,0.2,0.2,0.2,0.2,707,1515,5987,25935,,,
2026-09-28T05:27:30+00:00,17,195384,Merino,1,3,Arsenal,Midfielder,5.8,0.0,-0.2,a,,,,,0.4,0.8,0.8,0.8,698,2775,9435,48065,,,
2026-09-28T05:27:30+00:00,18,444145,Martinelli,1,3,Arsenal,Midfielder,6.3,0.0,-0.2,u,Has joined Al Hilal permanently,2026-09-04T12:34:46.738449Z,0,0,0.1,0.0,0.0,0.0,0,528,2483,21829,,,
2026-09-28T05:27:30+00:00,19,481655,Zubimendi,1,3,Arsenal,Midfielder,5.3,0.0,-0.2,a,,,,,0.6,1.0,1.0,1.0,475,3578,8490,66521,,,
2026-09-28T05:27:30+00:00,20,616077,Dowman,1,3,Arsenal,Midfielder,5.3,0.0,-0.2,a,,,,,0.1,0.2,0.2,0.2,439,562,3027,7281,,,
2026-09-28T05:27:30+00:00,22,499175,Nwaneri,1,3,Arsenal,Midfielder,5.4,0.0,-0.1,u,Has joined Borussia Dortmund on loan for the rest of the season,2026-09-02T16:01:07.058827Z,0,0,0.0,0.0,0.0,0.0,0,48,233,1248,,,
2026-09-28T05:27:30+00:00,23,438098,Fábio Vieira,1,3,Arsenal,Midfielder,5.5,0.0,0.0,u,Has joined Hamburger SV permanently,2026-09-02T16:00:28.446370Z,0,0,0.0,0.0,0.0,0.0,0,37,255,916,,,
2026-09-28T05:27:30+00:00,24,200641,Nelson,1,3,Arsenal,Midfielder,5.5,0.0,0.0,u,has departed the club as a free agent.,2026-08-29T00:33:08.556767Z,0,0,0.0,0.0,0.0,0.0,0,22,68,676,,,
2026-09-28T05:27:30+00:00,25,224117,Gyökeres,1,3,Arsenal,Forward,7.1,-0.1,-0.4,a,,,,,3.1,0.5,0.5,0.5,8659,15991,36882,610315,2,,
2026-09-28T05:27:30+00:00,26,219847,Havertz,1,3,Arsenal,Forward,7.6,0.0,0.1,d,Hamstring injury - 75% chance of playing,2026-09-24T22:00:09.120308Z,,75,8.4,3.2,3.2,2.4,50043,55650,653276,416122,,,
2026-09-28T05:27:30+00:00,27,205651,G.Jesus,1,3,Arsenal,Forward,5.9,0.0,-0.1,u,Has joined FC Barcelona permanently,2026-09-02T16:00:28.475184Z,0,0,0.1,0.0,0.0,0.0,0,961,4164,29236,,,
2026-09-28T05:27:30+00:00,31,199798,Konsa,1,3,Arsenal,Defender,4.6,0.1,0.1,a,,,,,19.4,3.0,3.0,3.0,86609,42831,1459916,633939,,,
2026-09-28T05:27:30+00:00,452,208706,Bruno G.,1,3,Arsenal,Midfielder,6.7,0.0,-0.3,a,,2026-09-04T14:00:08.328779Z,100,100,1.8,2.2,2.2,2.2,5218,7230,30164,244303,4,,
2026-09-28T05:27:30+00:00,557,439509,Tzolis,1,3,Arsenal,Midfielder,6.3,-0.1,-0.2,a,,,,,12.2,2.5,2.5,2.5,11233,134804,461600,1598012,,,
2026-09-28T05:27:30+00:00,29,72147,M.Bizot,2,7,Aston Villa,Goalkeeper,4.5,0.0,0.0,i,Back injury - Expected back 10 Oct,2026-09-17T07:30:09.058151Z,0,0,0.1,0.0,0.0,0.0,58,960,4652,7336,,,
2026-09-28T05:27:30+00:00,30,101188,Digne,2,7,Aston Villa,Defender,4.5,0.0,0.0,u,Has joined Paris Saint-Germain permanently,2026-08-10T14:03:30.089007Z,0,0,0.0,0.0,0.0,0.0,0,209,0,8620,,,
2026-09-28T05:27:30+00:00,32,199796,Cash,2,7,Aston Villa,Defender,4.4,0.0,-0.1,a,,2026-09-09T14:30:08.192142Z,100,100,4.8,1.8,1.8,1.8,2515,24047,95166,418036,,,
2026-09-28T05:27:30+00:00,33,149484,Mings,2,7,Aston Villa,Defender,4.5,0.0,0.0,a,,,,,0.4,2.2,2.2,2.2,1585,1330,16305,17354,,,
2026-09-28T05:27:30+00:00,34,244954,Pau,2,7,Aston Villa,Defender,4.5,0.0,0.0,i,Hamstring injury - Expected back 10 Oct,2026-09-12T18:00:08.712707Z,0,0,0.3,0.8,0.0,0.0,40,2993,11233,27351,,,
2026-09-28T05:27:30+00:00,35,515597,Bogarde,2,7,Aston Villa,Midfielder,4.9,-0.1,-0.1,a,,,,,0.1,0.0,0.0,0.0,162,428,2903,4756,,,
2026-09-28T05:27:30+00:00,36,441302,Maatsen,2,7,Aston Villa,Defender,4.4,-0.1,-0.1,i,Ankle injury - Unknown return date,2026-09-12T18:00:08.729468Z,0,0,0.5,2.2,0.0,0.0,48,5871,31890,61609,,,
2026-09-28T05:27:30+00:00,37,184667,Lindelöf,2,7,Aston Villa,Defender,4.5,0.0,0.0,a,,,,,0.3,2.5,2.5,2.5,947,1204,14547,14227,,,
2026-09-28T05:27:30+00:00,38,606798,A.García,2,7,Aston Villa,Defender,4.0,0.0,0.0,a,,,,,1.5,0.0,0.0,0.0,1761,5782,45207,67682,,,
2026-09-28T05:27:30+00:00,39,578545,Nedeljkovic,2,7,Aston Villa,Defender,4.0,0.0,0.0,u,Has joined Rangers on loan for the rest of the season,2026-08-19T13:56:46.385411Z,0,0,0.1,0.0,0.0,0.0,0,518,0,15203,,,
2026-09-28T05:27:30+00:00,41,195546,Buendía,2,7,Aston Villa,Midfielder,5.9,0.0,-0.1,a,,,,,1.0,4.8,4.8,4.8,11434,3860,59418,95005,1,,
2026-09-28T05:27:30+00:00,44,215711,Bailey,2,7,Aston Villa,Midfielder,5.4,0.0,-0.1,u,Has joined Olympiakos permanently,2026-09-04T12:35:14.472260Z,0,0,0.1,0.0,0.0,0.0,0,450,2096,13181,,,
2026-09-28T05:27:30+00:00,45,122806,McGinn,2,7,Aston Villa,Midfielder,5.4,0.0,-0.1,a,,,,,2.2,4.0,4.0,4.0,6440,7993,70271,154955,,,
2026-09-28T05:27:30+00:00,46,88894,Barkley,2,7,Aston Villa,Midfielder,5.0,0.0,0.0,a,,,,,0.3,2.0,2.0,2.0,538,1702,16095,16179,,,
2026-09-28T05:27:30+00:00,47,226944,Kamara,2,7,Aston Villa,Midfielder,5.0,0.0,0.0,a,,2026-07-23T12:01:23.337269Z,100,100,0.3,3.2,3.2,3.2,1229,1492,14438,21440,,,
2026-09-28T05:27:30+00:00,48,449871,Onana,2,7,Aston Villa,Midfielder,4.9,0.0,-0.1,i,Knee injury - Unknown return date,2026-07-23T12:01:23.352497Z,0,0,0.0,0.0,0.0,0.0,38,91,509,1661,,,
2026-09-28T05:27:30+00:00,49,469247,Iling Jr,2,7,Aston Villa,Midfielder,5.0,0.0,0.0,u,Has joined Bolton Wanderers on loan for the rest of the season,2026-08-17T13:52:28.532616Z,0,0,0.0,0.0,0.0,0.0,0,10,0,235,,,
2026-09-28T05:27:30+00:00,50,645618,Burrowes,2,7,Aston Villa,Midfielder,4.5,0.0,0.0,a,,,,,0.6,0.0,0.0,0.0,610,3240,21435,34964,,,
2026-09-28T05:27:30+00:00,51,577285,George Hemmings,2,7,Aston Villa,Midfielder,4.5,0.0,0.0,a,,,,,1.2,1.8,1.8,1.8,3058,9237,115741,69170,,,
2026-09-28T05:27:30+00:00,52,653481,Alysson,2,7,Aston Villa,Midfielder,5.0,0.0,0.0,d,Unspecified injury - 75% chance of playing,2026-09-19T11:30:09.355376Z,,75,0.0,1.8,1.8,1.4,66,745,3352,3608,,,
2026-09-28T05:27:30+00:00,53,614071,Manzambi,2,7,Aston Villa,Midfielder,5.9,0.0,-0.1,a,,2026-08-15T15:30:06.388335Z,100,100,0.4,3.5,3.5,3.5,26909,2942,29895,19561,,,
2026-09-28T05:27:30+00:00,54,448089,Gomes,2,7,Aston Villa,Midfielder,5.5,0.0,0.0,a,,2026-09-16T19:30:08.742410Z,100,100,0.0,1.0,1.0,1.0,433,182,1272,4091,,,
2026-09-28T05:27:30+00:00,55,178301,Watkins,2,7,Aston Villa,Forward,7.8,0.0,-0.2,u,Has joined Al Hilal permanently,2026-09-01T13:15:16.698799Z,0,0,2.5,0.0,0.0,0.0,0,11808,14882,759189,,,
2026-09-28T05:27:30+00:00,56,173879,Abraham,2,7,Aston Villa,Forward,5.5,0.0,0.0,a,,2026-08-15T16:00:07.558543Z,100,100,0.2,1.0,1.0,1.0,1560,1648,15608,12824,,,
2026-09-28T05:27:30+00:00,160,493105,Garnacho,2,7,Aston Villa,Midfielder,5.8,0.0,-0.2,a,,,,,0.3,0.5,0.5,0.5,497,2656,7445,41109,,,
2026-09-28T05:27:30+00:00,166,517052,N.Jackson,2,7,Aston Villa,Forward,6.5,0.0,0.0,a,,,,,1.5,2.5,2.5,2.5,33064,7440,178326,84380,2,,
2026-09-28T05:27:30+00:00,582,690838,Madjo,2,7,Aston Villa,Forward,5.4,0.0,-0.1,i,Unspecified injury - Unknown return date,2026-08-15T16:00:07.974271Z,0,0,0.2,0.0,0.0,0.0,176,1677,2861,30448,,,
2026-09-28T05:27:30+00:00,596,487992,Ruggeri,2,7,Aston Villa,Defender,4.5,0.0,0.0,a,,,,,0.1,1.0,1.0,1.0,478,304,3121,5568,,,
2026-09-28T05:27:30+00:00,597,433969,Suzuki,2,7,Aston Villa,Goalkeeper,5.0,0.0,0.0,a,,,,,1.9,4.0,4.0,4.0,12897,6078,150461,61937,,,
2026-09-28T05:27:30+00:00,606,569577,Rowe,2,7,Aston Villa,Defender,4.0,0.0,0.0,a,,,,,0.2,0.0,0.0,0.0,295,862,12991,6117,,,
2026-09-28T05:27:30+00:00,607,571380,Lynch,2,7,Aston Villa,Midfielder,4.5,0.0,0.0,u,Has joined Oxford United on loan until January,2026-09-04T12:35:39.820426Z,0,0,0.1,0.0,0.0,0.0,0,683,7103,8127,,,
2026-09-28T05:27:30+00:00,611,214590,Wan-Bissaka,2,7,Aston Villa,Defender,4.5,0.0,0.0,a,,,,,0.2,1.5,1.5,1.5,1375,1371,18228,7704,,,
2026-09-28T05:27:30+00:00,618,119090,Goretzka,2,7,Aston Villa,Midfielder,5.9,0.0,-0.1,i,Knee injury - Expected back 10 Oct,2026-09-09T09:30:08.229436Z,0,0,0.0,0.0,0.0,0.0,22,399,4631,4713,,,
2026-09-28T05:27:30+00:00,630,245719,Harwood-Bellis,2,7,Aston Villa,Defender,4.5,0.0,0.0,a,,,,,0.0,0.0,0.0,0.0,177,174,2154,980,,,
2026-09-28T05:27:30+00:00,631,638987,Mbaye,2,7,Aston Villa,Midfielder,6.0,0.0,0.0,a,,,,,0.1,0.7,0.7,0.7,847,1078,10355,4759,,,
2026-09-28T05:27:30+00:00,667,481283,Wright,2,7,Aston Villa,Goalkeeper,4.0,0.0,0.0,a,,,,,0.1,0.0,1.0,1.0,6740,751,6740,751,,,
2026-09-28T05:27:30+00:00,57,457569,Petrović,3,91,Bournemouth,Goalkeeper,4.5,0.0,0.0,a,,,,,3.0,1.8,1.8,1.8,5740,11069,111723,123740,,,
2026-09-28T05:27:30+00:00,58,40383,Forster,3,91,Bournemouth,Goalkeeper,4.0,0.0,0.0,a,,,,,3.5,0.0,0.0,0.0,7773,6877,116967,78698,,,
2026-09-28T05:27:30+00:00,59,444172,Dennis,3,91,Bournemouth,Goalkeeper,4.0,0.0,0.0,u,Has joined MK Dons permanently,2026-08-27T14:53:48.692835Z,0,0,0.1,0.0,0.0,0.0,0,521,1133,7489,,,
2026-09-28T05:27:30+00:00,60,463981,Hill,3,91,Bournemouth,Defender,5.5,0.0,0.0,a,,,,,0.8,2.8,2.8,2.8,2941,2945,30682,43539,,,
2026-09-28T05:27:30+00:00,61,494521,Truffert,3,91,Bournemouth,Defender,5.4,-0.1,-0.1,a,,,,,3.0,2.2,2.2,2.2,4257,11548,56126,159831,,,
2026-09-28T05:27:30+00:00,62,242882,Diakité,3,91,Bournemouth,Defender,4.9,-0.1,-0.1,a,,,,,0.2,0.0,0.0,0.0,448,922,7106,11987,,,
2026-09-28T05:27:30+00:00,63,620487,Milosavljević,3,91,Bournemouth,Defender,4.9,0.0,-0.1,i,Thigh injury - Unknown return date,2026-08-06T10:00:10.456051Z,0,0,0.0,0.0,0.0,0.0,26,43,332,840,,,
2026-09-28T05:27:30+00:00,64,54469,Smith,3,91,Bournemouth,Defender,4.5,0.0,0.0,a,,,,,0.1,0.8,0.8,0.8,379,455,7177,7283,,,
2026-09-28T05:27:30+00:00,65,436893,J.Araujo,3,91,Bournemouth,Defender,4.4,0.0,-0.1,i,Thigh injury - Unknown return date,2026-08-09T08:00:05.645826Z,0,0,0.0,0.0,0.0,0.0,34,50,418,1289,,,
2026-09-28T05:27:30+00:00,66,575901,Soler,3,91,Bournemouth,Defender,4.0,0.0,0.0,a,,2026-08-15T16:30:07.021055Z,100,100,0.3,0.0,0.0,0.0,702,1075,13793,10960,,,
2026-09-28T05:27:30+00:00,67,499604,Rayan,3,91,Bournemouth,Midfielder,6.3,-0.1,-0.2,a,,,,,1.6,2.0,2.0,2.0,3709,9357,52379,168853,,,
2026-09-28T05:27:30+00:00,68,201658,Tavernier,3,91,Bournemouth,Midfielder,6.1,0.0,0.1,a,,,,,6.7,5.2,5.2,5.2,77513,41067,688706,215791,3,,
2026-09-28T05:27:30+00:00,69,503139,Scott,3,91,Bournemouth,Midfielder,6.1,0.0,0.1,a,,,,,5.8,7.0,7.0,7.0,22348,36763,546251,206939,,,
2026-09-28T05:27:30+00:00,70,222683,Kluivert,3,91,Bournemouth,Midfielder,6.0,0.0,0.0,i,Unspecified injury - Unknown return date,2026-09-20T15:30:09.074071Z,,0,0.9,3.0,3.0,0.0,2289,17027,52646,81909,2,,
2026-09-28T05:27:30+00:00,71,155408,Cook,3,91,Bournemouth,Midfielder,5.0,0.0,0.0,a,,,,,0.2,1.2,1.2,1.2,253,1098,13087,13879,,,
2026-09-28T05:27:30+00:00,72,496208,Gannon-Doak,3,91,Bournemouth,Midfielder,4.9,0.0,-0.1,a,,,,,0.1,0.8,0.8,0.8,135,355,1635,4615,,,
2026-09-28T05:27:30+00:00,73,200785,Adams,3,91,Bournemouth,Midfielder,5.0,0.0,0.0,a,,2026-08-15T16:30:07.029928Z,100,100,0.3,2.8,2.8,2.8,1031,1562,18240,16553,,,
2026-09-28T05:27:30+00:00,74,111317,Brooks,3,91,Bournemouth,Midfielder,5.0,0.0,0.0,a,,2026-08-15T16:30:07.037929Z,100,100,0.1,0.8,0.8,0.8,165,313,3347,3771,,,
2026-09-28T05:27:30+00:00,75,158499,Christie,3,91,Bournemouth,Midfielder,5.0,0.0,0.0,a,,2026-07-24T17:30:10.035483Z,100,100,0.0,1.2,1.2,1.2,278,234,3533,2179,,,
2026-09-28T05:27:30+00:00,76,614574,Tóth.A,3,91,Bournemouth,Midfielder,4.9,0.0,-0.1,a,,,,,0.0,0.2,0.2,0.2,25,54,382,783,,,
2026-09-28T05:27:30+00:00,77,489888,Adli,3,91,Bournemouth,Midfielder,4.9,0.0,-0.1,i,Calf injury - Unknown return date,2026-08-15T16:00:07.590566Z,0,0,0.0,0.0,0.0,0.0,22,71,291,2212,,,
2026-09-28T05:27:30+00:00,78,560262,Kroupi.Jr,3,91,Bournemouth,Midfielder,7.4,0.0,-0.1,i,Foot injury - Expected back 7 Nov,2026-07-29T17:30:09.796802Z,0,0,0.2,0.0,0.0,0.0,173,805,1219,27323,1,,
2026-09-28T05:27:30+00:00,79,444102,Evanilson,3,91,Bournemouth,Forward,6.0,0.0,0.0,a,,,,,3.2,3.5,3.5,3.5,16227,20000,251688,174827,,,
2026-09-28T05:27:30+00:00,80,168636,Enes Ünal,3,91,Bournemouth,Forward,5.5,0.0,0.0,u,Has joined Getafe permanently,2026-08-14T14:14:21.881112Z,0,0,0.0,0.0,0.0,0.0,0,48,0,1980,,,
2026-09-28T05:27:30+00:00,81,561245,Rodríguez,3,91,Bournemouth,Forward,6.0,0.0,0.0,a,,2026-08-15T16:30:07.054142Z,100,100,0.1,0.5,0.5,0.5,703,677,5410,6808,,,
2026-09-28T05:27:30+00:00,566,483067,Silva,3,91,Bournemouth,Defender,5.0,0.0,0.0,a,,,,,0.4,2.8,2.8,2.8,5409,3120,30871,24561,,,
2026-09-28T05:27:30+00:00,573,494928,Sanchez,3,91,Bournemouth,Defender,4.4,0.0,-0.1,a,,,,,0.2,0.0,0.0,0.0,141,408,1561,7065,,,
2026-09-28T05:27:30+00:00,608,523700,Jebbison,3,91,Bournemouth,Forward,5.0,0.0,0.0,a,,,,,0.1,0.5,0.5,0.5,843,854,13206,7209,,,
2026-09-28T05:27:30+00:00,615,230650,Di Gregorio,3,91,Bournemouth,Goalkeeper,4.5,0.0,0.0,a,,,,,0.0,0.0,0.0,0.0,179,183,2922,1732,,,
2026-09-28T05:27:30+00:00,82,200720,Kelleher,4,94,Brentford,Goalkeeper,5.0,0.0,0.0,a,,,,,6.1,3.2,3.2,3.2,18922,12639,250559,212905,,,
2026-09-28T05:27:30+00:00,83,507433,Valdimarsson,4,94,Brentford,Goalkeeper,4.5,0.0,0.0,a,,,,,0.1,0.0,0.0,0.0,279,314,2844,4564,,,
2026-09-28T05:27:30+00:00,84,432830,Collins,4,94,Brentford,Defender,5.4,0.0,-0.1,i,Calf injury - Unknown return date,2026-09-05T18:00:06.182495Z,0,0,1.0,1.0,0.0,0.0,112,8890,58731,156246,,,
2026-09-28T05:27:30+00:00,85,444765,Van den Berg,4,94,Brentford,Defender,4.9,0.0,-0.1,i,Groin injury - Unknown return date,2026-08-15T15:30:06.416627Z,0,0,0.1,0.0,0.0,0.0,36,315,409,8921,,,
2026-09-28T05:27:30+00:00,86,249231,Lewis-Potter,4,94,Brentford,Midfielder,5.5,0.0,0.0,a,,,,,1.7,3.0,3.0,3.0,3540,11512,190185,119893,,,
2026-09-28T05:27:30+00:00,87,191866,Ajer,4,94,Brentford,Defender,4.5,0.0,0.0,a,,,,,3.9,3.2,3.2,3.2,10646,21421,316133,275113,,,
2026-09-28T05:27:30+00:00,88,607464,Kayode,4,94,Brentford,Defender,4.6,0.0,0.1,a,,,,,7.6,2.5,2.5,2.5,12268,20116,594966,366350,,,
2026-09-28T05:27:30+00:00,89,194010,Henry,4,94,Brentford,Defender,4.4,0.0,-0.1,a,,,,,0.2,0.2,0.2,0.2,150,566,1974,8564,,,
2026-09-28T05:27:30+00:00,90,472713,Hickey,4,94,Brentford,Defender,4.5,0.0,0.0,a,,,,,0.1,1.0,1.0,1.0,172,234,2086,2967,,,
2026-09-28T05:27:30+00:00,92,570241,Ji-soo,4,94,Brentford,Defender,4.4,-0.1,-0.1,a,,,,,0.0,0.0,0.0,0.0,58,85,492,957,,,
2026-09-28T05:27:30+00:00,93,513086,Schuster,4,94,Brentford,Defender,4.5,0.0,0.0,a,,,,,0.3,5.2,5.2,5.2,14511,2054,16073,6542,,,
2026-09-28T05:27:30+00:00,94,513418,Schade,4,94,Brentford,Midfielder,6.2,0.1,0.2,a,,,,,11.3,9.0,9.0,9.0,373675,22348,993530,242352,2,,
2026-09-28T05:27:30+00:00,95,533463,O.Dango,4,94,Brentford,Midfielder,6.3,0.0,-0.2,a,,,,,0.5,1.0,1.0,1.0,759,3468,15120,82047,,,
2026-09-28T05:27:30+00:00,96,440089,Damsgaard,4,94,Brentford,Midfielder,5.4,0.0,-0.1,a,,,,,0.4,3.8,3.8,3.8,1463,1948,14974,30064,,,
2026-09-28T05:27:30+00:00,97,207283,Jensen,4,94,Brentford,Midfielder,5.4,0.0,-0.1,i,Unspecified injury - Expected back 10 Oct,2026-08-30T12:30:08.176795Z,0,0,0.1,0.0,0.0,0.0,18,600,4503,15034,3,,
2026-09-28T05:27:30+00:00,98,204580,Janelt,4,94,Brentford,Midfielder,5.0,0.0,0.0,a,,,,,2.5,4.8,4.8,4.8,18509,16970,305569,106061,,,
2026-09-28T05:27:30+00:00,99,543295,Milambo,4,94,Brentford,Midfielder,5.0,0.0,0.0,i,Knee injury - Unknown return date,2026-07-23T12:01:23.384798Z,0,0,0.0,0.0,0.0,0.0,6,7,115,159,,,
2026-09-28T05:27:30+00:00,100,244858,Carvalho,4,94,Brentford,Midfielder,5.0,0.0,0.0,a,,2026-08-18T13:58:17.442072Z,100,100,0.0,1.5,1.5,1.5,588,165,1886,1443,,,
2026-09-28T05:27:30+00:00,102,508395,Yarmoliuk,4,94,Brentford,Midfielder,4.8,0.0,-0.2,a,,,,,0.6,2.0,2.0,2.0,1266,3098,5719,61448,,,
2026-09-28T05:27:30+00:00,103,183656,Dasilva,4,94,Brentford,Midfielder,4.9,0.0,-0.1,i,Hamstring injury - Expected back 10 Oct,2026-09-04T13:30:08.371955Z,0,0,0.0,0.0,0.0,0.0,9,97,400,1942,,,
2026-09-28T05:27:30+00:00,105,444180,Anthony,4,94,Brentford,Midfielder,5.9,0.0,-0.1,a,,,,,0.1,3.5,3.5,3.5,2211,575,7209,10976,,,
2026-09-28T05:27:30+00:00,106,502500,Thiago,4,94,Brentford,Forward,7.8,0.0,-0.2,a,,,,,9.1,2.5,2.5,2.5,52704,35936,273127,1032844,1,,
2026-09-28T05:27:30+00:00,107,593174,Furo,4,94,Brentford,Forward,4.5,0.0,0.0,i,Unspecified injury - Unknown return date,2026-09-14T14:00:09.985723Z,0,0,0.9,0.0,0.0,0.0,586,9089,61659,66251,,,
2026-09-28T05:27:30+00:00,108,75115,Wilson,4,94,Brentford,Forward,5.4,-0.1,-0.1,a,,,,,0.3,0.5,0.5,0.5,1115,2357,15464,26422,,,
2026-09-28T05:27:30+00:00,565,513545,M.Sangaré,4,94,Brentford,Midfielder,5.6,-0.1,0.1,a,,,,,10.0,2.0,2.0,2.0,8042,134932,1227330,816821,,,
2026-09-28T05:27:30+00:00,620,613804,Diouf,4,94,Brentford,Defender,4.5,0.0,0.0,a,,,,,0.1,0.5,0.5,0.5,447,648,13608,7310,,,
2026-09-28T05:27:30+00:00,657,626464,Nunes,4,94,Brentford,Midfielder,4.5,0.0,0.0,a,,,,,0.0,0.0,0.0,0.0,329,262,2071,655,,,
2026-09-28T05:27:30+00:00,660,612534,Fredrick,4,94,Brentford,Defender,4.0,0.0,0.0,a,,,,,0.0,0.0,1.1,1.1,499,63,499,63,,,
2026-09-28T05:27:30+00:00,661,235448,Balcombe,4,94,Brentford,Goalkeeper,4.0,0.0,0.0,a,,,,,0.0,0.0,1.0,1.0,2770,516,2770,516,,,
2026-09-28T05:27:30+00:00,109,489639,Verbruggen,5,36,Brighton,Goalkeeper,4.5,0.0,0.0,a,,,,,21.6,4.2,4.2,4.2,68351,68193,761826,604047,,,
2026-09-28T05:27:30+00:00,111,49262,Steele,5,36,Brighton,Goalkeeper,4.0,0.0,0.0,a,,,,,4.1,0.0,0.0,0.0,6812,14114,146999,119869,,,
2026-09-28T05:27:30+00:00,113,231416,F.Kadıoğlu,5,36,Brighton,Defender,4.4,0.0,-0.1,a,,2026-08-23T13:00:07.595211Z,100,100,1.6,3.2,3.2,3.2,3783,6529,30196,134072,,,
2026-09-28T05:27:30+00:00,114,204120,Boscagli,5,36,Brighton,Defender,4.5,0.0,0.0,a,,,,,0.3,3.2,3.2,3.2,1896,732,16113,11809,,,
2026-09-28T05:27:30+00:00,115,465730,De Cuyper,5,36,Brighton,Defender,5.0,0.1,0.5,a,,,,,27.7,5.2,5.2,5.2,288223,19387,2706562,404418,,,
2026-09-28T05:27:30+00:00,116,83299,Dunk,5,36,Brighton,Defender,4.5,0.0,0.0,d,Neck injury - 75% chance of playing,2026-09-22T09:30:09.629652Z,,75,1.5,4.0,4.0,3.0,7490,9055,89051,50119,,,
2026-09-28T05:27:30+00:00,117,550090,Coppola,5,36,Brighton,Defender,4.5,0.0,0.0,a,,,,,0.0,0.0,0.0,0.0,105,86,917,1049,,,
2026-09-28T05:27:30+00:00,118,223434,Igor,5,36,Brighton,Defender,4.5,0.0,0.0,u,Has joined Burnley permanently,2026-09-02T15:38:15.529699Z,0,0,0.0,0.0,0.0,0.0,0,265,915,5908,,,
2026-09-28T05:27:30+00:00,119,451490,Costinha,5,36,Brighton,Defender,4.5,0.0,0.0,a,,,,,0.0,0.8,0.8,0.8,163,127,1268,1452,,,
2026-09-28T05:27:30+00:00,120,454490,Svoboda,5,36,Brighton,Defender,5.0,0.0,0.0,a,,,,,0.1,0.2,0.2,0.2,1297,446,4473,3968,,,
2026-09-28T05:27:30+00:00,121,451340,Mitoma,5,36,Brighton,Midfielder,5.9,0.0,-0.1,i,Hamstring injury - Expected back 10 Oct,2026-07-24T18:30:10.661894Z,0,0,0.0,0.0,0.0,0.0,114,165,540,3102,,,
2026-09-28T05:27:30+00:00,122,592031,Minteh,5,36,Brighton,Midfielder,5.8,-0.1,-0.2,i,Leg injury - Expected back 28 Nov,2026-08-14T18:00:06.418033Z,0,0,0.0,0.0,0.0,0.0,44,206,334,6880,,,
2026-09-28T05:27:30+00:00,123,532529,Hinshelwood,5,36,Brighton,Midfielder,5.9,0.0,-0.1,i,Ankle injury - Expected back 10 Oct,2026-08-27T19:30:07.780933Z,0,0,0.6,0.0,0.0,0.0,253,6458,147874,215684,,,
2026-09-28T05:27:30+00:00,124,60307,Groß,5,36,Brighton,Midfielder,5.8,0.1,0.3,a,,,,,28.7,11.2,11.2,11.2,763554,10805,2124047,540588,1,,
2026-09-28T05:27:30+00:00,125,463067,Georginio,5,36,Brighton,Forward,5.3,-0.1,-0.2,a,,2026-08-26T16:00:07.608056Z,100,100,0.5,0.2,0.2,0.2,2480,3660,34477,76288,,,
2026-09-28T05:27:30+00:00,126,219249,O'Riley,5,36,Brighton,Midfielder,5.4,0.0,-0.1,a,,,,,0.1,0.5,0.5,0.5,403,542,3577,6498,3,,
2026-09-28T05:27:30+00:00,127,514254,Gomez,5,36,Brighton,Midfielder,5.0,0.0,0.0,a,,,,,4.0,4.5,4.5,4.5,11646,37020,334153,298651,,,
2026-09-28T05:27:30+00:00,128,536916,Buonanotte,5,36,Brighton,Midfielder,5.0,0.0,0.0,u,Has joined Elche on loan for the rest of the season,2026-08-10T14:03:07.561436Z,0,0,0.0,0.0,0.0,0.0,0,6,0,329,,,
2026-09-28T05:27:30+00:00,129,509416,Ayari,5,36,Brighton,Midfielder,5.4,0.0,-0.1,a,,2026-08-30T18:00:07.935334Z,100,100,0.4,3.2,3.2,3.2,2130,1898,12371,41453,,,
2026-09-28T05:27:30+00:00,130,467779,Wieffer,5,36,Brighton,Defender,4.9,0.0,-0.1,i,Knee injury - Unknown return date,2026-09-04T09:30:08.612904Z,0,0,0.2,0.0,0.0,0.0,28,1872,25943,43304,,,
2026-09-28T05:27:30+00:00,132,597320,Howell,5,36,Brighton,Midfielder,4.5,0.0,0.0,u,Has joined Leicester City on loan for the rest of the season,2026-08-17T13:53:19.019938Z,0,0,0.0,0.0,0.0,0.0,0,191,0,3669,,,
2026-09-28T05:27:30+00:00,133,549074,Watson,5,36,Brighton,Midfielder,5.0,0.0,0.0,u,Has joined Leicester City on loan for the rest of the season,2026-08-03T14:05:44.459483Z,0,0,0.0,0.0,0.0,0.0,0,4,0,135,,,
2026-09-28T05:27:30+00:00,134,556637,Oriola,5,36,Brighton,Midfielder,4.5,0.0,0.0,a,,,,,0.2,0.0,0.0,0.0,344,1299,8748,14167,,,
2026-09-28T05:27:30+00:00,135,700308,Yohanna,5,36,Brighton,Midfielder,4.8,-0.1,-0.2,i,Unspecified injury - Expected back 10 Oct,2026-09-10T13:00:08.617941Z,0,0,0.0,0.0,0.0,0.0,23,377,1266,5484,,,
2026-09-28T05:27:30+00:00,137,608181,Tzimas,5,36,Brighton,Forward,5.4,0.0,-0.1,i,Knee injury - Unknown return date,2026-07-23T12:01:23.432796Z,0,0,0.0,0.0,0.0,0.0,33,48,330,746,,,
2026-09-28T05:27:30+00:00,138,647850,Kostoulas,5,36,Brighton,Forward,5.6,0.1,0.1,a,,,,,4.0,6.8,6.8,6.8,296401,17062,401092,49572,,,
2026-09-28T05:27:30+00:00,139,487117,Ferguson,5,36,Brighton,Forward,5.0,0.0,0.0,i,Ankle injury - Expected back 10 Oct,2026-07-23T12:01:23.448357Z,0,0,0.0,0.0,0.0,0.0,120,246,1571,2515,,,
2026-09-28T05:27:30+00:00,328,222694,Struijk,5,36,Brighton,Defender,4.9,0.0,-0.1,d,Hamstring injury - 75% chance of playing,2026-09-22T10:00:09.404233Z,100,75,0.2,1.8,1.8,1.4,636,778,5665,12029,,,
2026-09-28T05:27:30+00:00,504,610799,Vuskovic,5,36,Brighton,Defender,5.0,0.0,0.0,a,,,,,3.6,6.5,6.5,6.5,52603,12194,255703,137006,,,
2026-09-28T05:27:30+00:00,594,538007,David,5,36,Brighton,Forward,5.9,-0.1,-0.1,a,,,,,0.2,0.2,0.2,0.2,2996,2112,14858,22385,2,,
2026-09-28T05:27:30+00:00,600,612855,Osman,5,36,Brighton,Midfielder,5.0,0.0,0.0,a,,,,,0.0,0.5,0.5,0.5,107,123,938,1090,,,
2026-09-28T05:27:30+00:00,605,611695,Yalcouyé,5,36,Brighton,Midfielder,4.5,0.0,0.0,a,,,,,4.0,4.8,4.8,4.8,24945,31605,553834,169559,,,
2026-09-28T05:27:30+00:00,614,512123,Hadjam,5,36,Brighton,Defender,4.5,0.0,0.0,a,,,,,0.0,0.0,0.0,0.0,238,242,3977,1947,,,
2026-09-28T05:27:30+00:00,624,519324,Cozier-Duberry,5,36,Brighton,Midfielder,5.0,0.0,0.0,u,Has joined Middlesbrough on loan for the rest of the season,2026-09-02T15:38:15.552951Z,0,0,0.0,0.0,0.0,0.0,0,5,117,113,,,
2026-09-28T05:27:30+00:00,639,592984,Andrés,5,36,Brighton,Midfielder,5.5,0.0,0.0,a,,,,,0.0,4.0,4.0,4.0,2642,289,3886,757,,,
2026-09-28T05:27:30+00:00,652,471551,Azeez,5,36,Brighton,Midfielder,5.5,0.0,0.0,i,Hamstring injury - Expected back 10 Oct,2026-09-04T11:30:08.661589Z,0,0,0.0,0.0,0.0,0.0,19,41,442,198,,,
2026-09-28T05:27:30+00:00,658,661016,Ibrahim,5,36,Brighton,Midfielder,4.5,0.0,0.0,a,,,,,0.0,0.0,0.0,0.0,299,206,1462,474,,,
2026-09-28T05:27:30+00:00,28,98980,Martinez,6,8,Chelsea,Goalkeeper,5.0,0.0,0.0,a,,,,,4.7,2.2,2.2,2.2,7052,21060,244819,245641,,,
2026-09-28T05:27:30+00:00,40,244850,Rogers,6,8,Chelsea,Midfielder,7.7,0.0,0.2,a,,,,,40.4,5.2,5.2,5.2,137362,66880,2466785,658567,,,
2026-09-28T05:27:30+00:00,101,56979,Henderson,6,8,Chelsea,Midfielder,4.9,0.0,-0.1,a,,2026-08-09T09:30:07.136250Z,50,100,0.0,0.5,0.2,0.5,490,144,1103,2618,,,
2026-09-28T05:27:30+00:00,136,50175,Welbeck,6,8,Chelsea,Forward,5.9,0.0,-0.1,a,,2026-08-20T14:00:07.949090Z,100,100,1.0,1.0,1.0,1.0,6950,8867,60886,82771,,,
2026-09-28T05:27:30+00:00,140,215059,Sánchez,6,8,Chelsea,Goalkeeper,4.9,0.0,-0.1,u,Has joined Como on loan for the rest of the season,2026-09-02T16:20:41.841936Z,0,0,0.7,0.0,0.0,0.0,0,4550,10847,176158,,,
2026-09-28T05:27:30+00:00,141,508479,Jörgensen,6,8,Chelsea,Goalkeeper,5.0,0.0,0.0,u,Has joined RC Strasbourg on loan for the rest of the season,2026-08-12T14:07:02.607115Z,0,0,0.0,0.0,0.0,0.0,0,30,0,948,,,
2026-09-28T05:27:30+00:00,142,225796,James,6,8,Chelsea,Defender,5.4,0.0,-0.1,d,Hamstring injury - 75% chance of playing,2026-09-18T10:30:09.719371Z,75,75,5.8,0.8,0.6,0.6,590,74761,168795,597450,,,
2026-09-28T05:27:30+00:00,143,180736,Chalobah,6,8,Chelsea,Defender,5.5,0.0,0.0,u,Has joined Como permanently,2026-08-10T14:03:50.769483Z,0,0,0.1,0.0,0.0,0.0,0,290,0,13920,,,
2026-09-28T05:27:30+00:00,144,482609,Gusto,6,8,Chelsea,Defender,4.9,-0.1,-0.1,a,,,,,1.0,0.8,0.8,0.8,1512,6654,36839,67134,,,
2026-09-28T05:27:30+00:00,145,444463,Fofana,6,8,Chelsea,Defender,5.0,0.0,0.0,a,,2026-07-23T12:01:23.464591Z,100,100,0.2,2.0,2.0,2.0,2311,1218,18417,8159,,,
2026-09-28T05:27:30+00:00,146,242880,B.Badiashile,6,8,Chelsea,Defender,4.5,0.0,0.0,u,Has joined Napoli on loan for the rest of the season,2026-08-25T14:03:47.079414Z,0,0,0.0,0.0,0.0,0.0,0,41,232,1938,,,
2026-09-28T05:27:30+00:00,148,551210,Hato,6,8,Chelsea,Defender,4.5,0.0,0.0,a,,,,,0.8,1.8,1.8,1.8,769,7064,91164,59391,,,
2026-09-28T05:27:30+00:00,149,460028,Colwill,6,8,Chelsea,Defender,4.8,-0.1,-0.2,a,,,,,0.9,0.8,0.8,0.8,1001,5164,26657,98189,,,
2026-09-28T05:27:30+00:00,150,574458,M.Sarr,6,8,Chelsea,Defender,4.5,0.0,0.0,u,Has joined Real Sociedad on loan for the rest of the season,2026-08-29T00:34:23.077418Z,0,0,0.0,0.0,0.0,0.0,0,155,429,5971,,,
2026-09-28T05:27:30+00:00,151,577016,Acheampong,6,8,Chelsea,Defender,4.5,0.0,0.0,a,,,,,0.3,0.5,0.5,0.5,390,1849,21102,22408,,,
2026-09-28T05:27:30+00:00,152,620109,Palestra,6,8,Chelsea,Defender,5.3,0.0,-0.2,d,Thigh injury - 50% chance of playing,2026-08-24T18:30:07.421239Z,50,50,0.6,0.0,0.0,0.0,193,3620,6653,220161,,,
2026-09-28T05:27:30+00:00,154,244851,Palmer,6,8,Chelsea,Midfielder,9.7,0.0,0.2,d,Muscular injury - 75% chance of playing,2026-09-21T13:00:09.022726Z,100,75,25.8,3.8,3.8,2.8,46011,156394,1949387,651700,1,,
2026-09-28T05:27:30+00:00,156,247632,Neto,6,8,Chelsea,Midfielder,6.5,0.0,0.0,a,,,,,1.4,3.2,3.2,3.2,4698,9254,81823,90905,,,
2026-09-28T05:27:30+00:00,157,624773,Estêvão,6,8,Chelsea,Midfielder,6.3,0.0,-0.2,a,,,,,0.7,0.8,0.8,0.8,1631,4171,17545,86906,2,,
2026-09-28T05:27:30+00:00,158,463936,Gittens,6,8,Chelsea,Midfielder,5.8,-0.1,-0.2,d,Ankle injury - 75% chance of playing,2026-09-26T05:30:09.245832Z,,75,0.0,0.0,0.0,0.0,151,230,1130,2860,,,
2026-09-28T05:27:30+00:00,159,486672,Caicedo,6,8,Chelsea,Midfielder,5.3,0.0,-0.2,d,Calf injury - 50% chance of playing,2026-08-30T16:00:08.393562Z,50,50,1.0,0.2,0.1,0.1,384,8499,15022,280891,,,
2026-09-28T05:27:30+00:00,161,514356,Lavia,6,8,Chelsea,Midfielder,5.0,0.0,0.0,a,,,,,0.2,2.5,2.5,2.5,396,2352,25771,15462,,,
2026-09-28T05:27:30+00:00,163,491007,D.Essugo,6,8,Chelsea,Midfielder,4.5,0.0,0.0,u,Has joined RC Strasbourg on loan for the rest of the season,2026-09-02T16:20:41.865225Z,0,0,0.1,0.0,0.0,0.0,0,679,2698,14391,,,
2026-09-28T05:27:30+00:00,164,593117,Quenda,6,8,Chelsea,Midfielder,5.3,0.0,-0.2,a,,2026-07-24T20:30:10.609931Z,100,100,0.0,0.2,0.2,0.2,68,173,900,3393,,,
2026-09-28T05:27:30+00:00,165,475168,João Pedro,6,8,Chelsea,Forward,7.7,-0.1,0.2,d,Knee injury - 75% chance of playing,2026-09-16T19:00:09.919929Z,75,75,65.3,5.5,4.1,4.1,57365,378845,1572106,1451341,,,
2026-09-28T05:27:30+00:00,168,499309,Marc Guiu,6,8,Chelsea,Forward,5.0,0.0,0.0,u,Has joined RB Leipzig permanently,2026-09-01T13:24:48.857362Z,0,0,0.2,0.0,0.0,0.0,0,1466,4102,33190,,,
2026-09-28T05:27:30+00:00,169,567119,Mheuka,6,8,Chelsea,Forward,4.5,0.0,0.0,a,,,,,0.5,0.0,0.0,0.0,4264,3365,31985,25154,,,
2026-09-28T05:27:30+00:00,170,503037,Emegha,6,8,Chelsea,Forward,4.9,-0.1,-0.1,i,Hamstring injury - Expected back 10 Oct,2026-09-09T15:00:09.063849Z,0,0,0.1,0.0,0.0,0.0,71,1037,6071,12544,,,
2026-09-28T05:27:30+00:00,200,437499,Lacroix,6,8,Chelsea,Defender,5.9,-0.1,-0.1,a,,,,,6.8,1.8,1.8,1.8,7309,27956,173963,423532,,,
2026-09-28T05:27:30+00:00,560,549939,Penders,6,8,Chelsea,Goalkeeper,4.4,0.0,-0.1,a,,,,,0.1,0.0,0.0,0.0,232,282,2007,3602,,,
2026-09-28T05:27:30+00:00,561,622758,Anselmino,6,8,Chelsea,Defender,4.5,0.0,0.0,a,,2026-08-23T19:00:08.536705Z,100,100,0.0,0.0,0.0,0.0,60,101,817,1249,,,
2026-09-28T05:27:30+00:00,568,543158,Barco,6,8,Chelsea,Midfielder,5.4,0.0,-0.1,a,,,,,0.1,0.8,0.8,0.8,212,425,3135,6992,,,
2026-09-28T05:27:30+00:00,583,498444,Chavarria,6,8,Chelsea,Defender,4.9,0.0,-0.1,a,,,,,0.1,1.0,1.0,1.0,385,506,3345,11112,,,
2026-09-28T05:27:30+00:00,662,636846,Nicoll-Jazuli,6,8,Chelsea,Midfielder,4.5,0.0,0.0,a,,,,,0.0,1.0,1.1,1.1,322,67,322,67,,,
2026-09-28T05:27:30+00:00,91,231065,Pinnock,7,9,Coventry City,Defender,4.5,0.0,0.0,a,,,,,0.1,3.5,3.5,3.5,355,209,2524,3980,,,
2026-09-28T05:27:30+00:00,104,428580,Onyeka,7,9,Coventry City,Midfielder,4.9,0.0,-0.1,a,,2026-09-15T09:00:07.851220Z,100,100,0.1,1.8,1.8,1.8,165,431,3975,9558,,,
2026-09-28T05:27:30+00:00,110,472739,Rushworth,7,9,Coventry City,Goalkeeper,4.5,0.0,0.0,a,,,,,0.8,3.8,3.8,3.8,2401,5705,23548,58869,,,
2026-09-28T05:27:30+00:00,171,484389,Dovin,7,9,Coventry City,Goalkeeper,4.0,0.0,0.0,u,Has joined Leyton Orient on loan for the rest of the season,2026-09-02T15:44:14.839336Z,0,0,1.0,0.0,0.0,0.0,0,4499,8924,57667,,,
2026-09-28T05:27:30+00:00,172,110690,Wilson,7,9,Coventry City,Goalkeeper,4.4,0.0,-0.1,a,,,,,0.4,0.0,0.0,0.0,223,630,1393,12327,,,
2026-09-28T05:27:30+00:00,173,461102,Thomas,7,9,Coventry City,Defender,4.0,0.0,0.0,a,,,,,8.6,5.2,5.2,5.2,24424,29148,361858,282172,,,
2026-09-28T05:27:30+00:00,174,436761,Kitching,7,9,Coventry City,Defender,4.0,0.0,0.0,u,Has joined Sheffield United on loan for the rest of the season,2026-09-02T16:21:03.612394Z,0,0,0.3,0.0,0.0,0.0,0,1703,981,32796,,,
2026-09-28T05:27:30+00:00,175,451284,van Ewijk,7,9,Coventry City,Defender,4.0,0.0,0.0,d,Hamstring injury - 75% chance of playing,2026-09-19T16:00:09.486751Z,,75,8.8,1.2,1.2,0.9,1129,72652,123034,497326,,,
2026-09-28T05:27:30+00:00,176,173878,Dasilva,7,9,Coventry City,Defender,4.0,0.0,0.0,a,,,,,0.7,4.8,4.8,4.8,5832,1590,15115,22556,,,
2026-09-28T05:27:30+00:00,177,465390,Kesler-Hayden,7,9,Coventry City,Defender,3.9,-0.1,-0.1,i,Hamstring injury - Unknown return date,2026-08-27T14:56:28.704361Z,0,0,0.0,0.0,0.0,0.0,972,496,1571,3721,,,
2026-09-28T05:27:30+00:00,178,80178,Bidwell,7,9,Coventry City,Defender,4.0,0.0,0.0,a,,,,,0.1,0.0,0.0,0.0,176,281,2483,3512,,,
2026-09-28T05:27:30+00:00,179,204813,Latibeaudiere,7,9,Coventry City,Defender,4.0,0.0,0.0,a,,,,,0.0,0.2,0.2,0.2,72,129,983,1732,,,
2026-09-28T05:27:30+00:00,180,220583,Woolfenden,7,9,Coventry City,Defender,4.0,0.0,0.0,i,Knee injury - Unknown return date,2026-08-27T14:56:28.718566Z,0,0,0.1,0.0,0.0,0.0,24,484,2259,8993,,,
2026-09-28T05:27:30+00:00,181,577411,Brau,7,9,Coventry City,Defender,4.0,0.0,0.0,u,Has joined Academico de Viseu on loan for the rest of the season,2026-08-29T00:35:59.980316Z,0,0,0.0,0.0,0.0,0.0,0,91,275,2161,,,
2026-09-28T05:27:30+00:00,182,539142,Amenda,7,9,Coventry City,Defender,4.0,0.0,0.0,i,Calf injury - Unknown return date,2026-09-17T07:30:09.329041Z,25,0,0.6,0.8,0.2,0.0,32,6472,11477,33374,,,
2026-09-28T05:27:30+00:00,183,480457,Rudoni,7,9,Coventry City,Midfielder,4.9,0.0,-0.1,a,,2026-07-23T12:01:23.481435Z,100,100,0.1,3.0,3.0,3.0,842,630,4312,8019,,,
2026-09-28T05:27:30+00:00,184,168144,Grimes,7,9,Coventry City,Midfielder,4.9,0.0,-0.1,a,,,,,0.1,2.2,2.2,2.2,175,823,4072,11214,3,,
2026-09-28T05:27:30+00:00,185,501459,Sakamoto,7,9,Coventry City,Midfielder,4.8,0.0,-0.2,a,,,,,0.1,0.2,0.2,0.2,121,367,1011,5739,,,
2026-09-28T05:27:30+00:00,186,241293,Mason-Clark,7,9,Coventry City,Midfielder,5.3,-0.1,-0.2,a,,2026-08-19T18:00:08.310507Z,100,100,0.1,1.2,1.2,1.2,69,345,1108,5949,,,
2026-09-28T05:27:30+00:00,187,439668,Eccles,7,9,Coventry City,Midfielder,4.8,-0.1,-0.2,i,Unspecified injury - Expected back 12 Oct,2026-09-10T18:30:08.877110Z,0,0,0.0,0.0,0.0,0.0,15,86,628,1462,,,
2026-09-28T05:27:30+00:00,188,226965,Torp,7,9,Coventry City,Midfielder,5.3,-0.1,-0.2,a,,,,,0.1,0.5,0.5,0.5,43,409,796,7941,2,,
2026-09-28T05:27:30+00:00,189,684268,Shepherd,7,9,Coventry City,Midfielder,4.4,0.0,-0.1,a,,,,,0.3,0.0,0.0,0.0,3943,2160,10663,15031,,,
2026-09-28T05:27:30+00:00,190,469272,Tchaouna,7,9,Coventry City,Midfielder,5.4,0.0,-0.1,a,,,,,0.1,0.8,0.8,0.8,21,330,3137,8207,,,
2026-09-28T05:27:30+00:00,191,492498,Borges Rodrigues,7,9,Coventry City,Midfielder,4.5,0.0,0.0,u,Has joined Burton Albion on loan for the rest of the season,2026-09-02T15:44:14.868001Z,0,0,0.1,0.0,0.0,0.0,0,652,1943,11476,,,
2026-09-28T05:27:30+00:00,192,629397,Andrews,7,9,Coventry City,Midfielder,4.5,0.0,0.0,u,Has joined Oxford United on loan for the rest of the season,2026-08-29T00:35:59.998520Z,0,0,0.3,0.0,0.0,0.0,0,1881,2718,40986,,,
2026-09-28T05:27:30+00:00,193,176412,Wright,7,9,Coventry City,Forward,5.4,0.0,-0.1,i,Thigh injury - Unknown return date,2026-08-14T22:00:07.214508Z,0,0,0.1,0.0,0.0,0.0,42,517,609,12443,1,,
2026-09-28T05:27:30+00:00,194,230730,Thomas-Asante,7,9,Coventry City,Forward,5.0,0.0,0.0,a,,,,,0.8,1.8,1.8,1.8,7428,5552,58053,56577,4,,
2026-09-28T05:27:30+00:00,195,218997,Simms,7,9,Coventry City,Forward,4.9,-0.1,-0.1,a,,,,,0.6,0.5,0.5,0.5,1652,5025,40156,64243,,,
2026-09-28T05:27:30+00:00,196,551262,Markelo,7,9,Coventry City,Forward,5.0,0.0,0.0,u,Has joined Shabab Al-Ahli Dubai permanently,2026-08-17T13:53:55.791223Z,0,0,0.0,0.0,0.0,0.0,0,60,0,1187,,,
2026-09-28T05:27:30+00:00,197,549653,Bassette,7,9,Coventry City,Forward,4.5,0.0,0.0,u,Has joined KVC Westerlo on loan for the rest of the season,2026-07-28T12:58:50.001768Z,0,0,0.0,0.0,0.0,0.0,0,139,0,2098,,,
2026-09-28T05:27:30+00:00,492,210156,Awoniyi,7,9,Coventry City,Forward,5.4,-0.1,-0.1,s,Suspended until 19 Oct,2026-09-13T15:00:09.305127Z,0,0,0.4,0.5,0.0,0.0,62,4784,21335,64579,5,,
2026-09-28T05:27:30+00:00,575,661888,Yirenkyi,7,9,Coventry City,Midfielder,4.8,-0.1,-0.2,a,,,,,0.1,2.0,2.0,2.0,277,978,2929,13645,,,
2026-09-28T05:27:30+00:00,584,196100,Hamer,7,9,Coventry City,Midfielder,5.4,0.0,-0.1,a,,,,,0.1,0.5,0.5,0.5,41,375,791,6382,,,
2026-09-28T05:27:30+00:00,599,627221,Cherif,7,9,Coventry City,Forward,5.0,0.0,0.0,a,,,,,0.1,0.2,0.2,0.2,499,723,7426,7562,,,
2026-09-28T05:27:30+00:00,623,79602,Bentley,7,9,Coventry City,Goalkeeper,4.0,0.0,0.0,a,,,,,0.6,0.0,0.0,0.0,7804,2173,78182,19065,,,
2026-09-28T05:27:30+00:00,655,242893,Gboho,7,9,Coventry City,Midfielder,5.5,0.0,0.0,a,,,,,0.0,0.0,0.0,0.0,68,50,266,99,,,
2026-09-28T05:27:30+00:00,656,566213,Mfuni,7,9,Coventry City,Defender,4.0,0.0,0.0,a,,,,,0.1,3.0,3.0,3.0,1764,824,10076,2625,,,
2026-09-28T05:27:30+00:00,42,485337,Guessand,8,31,Crystal Palace,Midfielder,5.4,0.0,-0.1,a,,,,,0.0,0.0,0.0,0.0,102,248,2395,3619,,,
2026-09-28T05:27:30+00:00,153,220362,Disasi,8,31,Crystal Palace,Defender,4.5,0.0,0.0,s,Suspended until 25 Oct,2026-09-12T15:30:09.445078Z,0,0,0.1,0.0,0.0,0.0,23,721,9424,10302,,,
2026-09-28T05:27:30+00:00,198,172649,Henderson,8,31,Crystal Palace,Goalkeeper,5.0,0.0,0.0,i,Foot injury - Expected back 11 Oct,2026-09-12T14:00:09.378740Z,0,0,1.3,0.7,0.0,0.0,129,10468,55255,119376,,,
2026-09-28T05:27:30+00:00,199,121709,Benitez,8,31,Crystal Palace,Goalkeeper,4.5,0.0,0.0,a,,,,,0.1,2.7,2.7,2.7,632,335,3724,4752,,,
2026-09-28T05:27:30+00:00,202,427623,Richards,8,31,Crystal Palace,Defender,5.0,0.0,0.0,a,,,,,0.6,3.7,3.7,3.7,1495,2065,22407,37796,,,
2026-09-28T05:27:30+00:00,203,651426,Canvot,8,31,Crystal Palace,Defender,4.8,-0.1,-0.2,a,,,,,0.2,3.0,3.0,3.0,361,812,5703,19462,,,
2026-09-28T05:27:30+00:00,204,244723,Mitchell,8,31,Crystal Palace,Defender,4.5,0.0,0.0,a,,,,,6.0,7.7,7.7,7.7,12923,15002,309458,263404,,,
2026-09-28T05:27:30+00:00,205,218364,Sosa,8,31,Crystal Palace,Defender,4.5,0.0,0.0,u,Has joined FC Cologne on loan for the rest of the season,2026-09-02T16:03:25.710518Z,0,0,0.0,0.0,0.0,0.0,0,97,236,2066,,,
2026-09-28T05:27:30+00:00,206,515621,Chadi Riad,8,31,Crystal Palace,Defender,4.3,-0.1,-0.2,i,Knee injury - Unknown return date,2026-08-22T18:00:07.352049Z,0,0,0.0,0.0,0.0,0.0,23,116,647,5667,,,
2026-09-28T05:27:30+00:00,207,242313,Mingueza,8,31,Crystal Palace,Defender,4.4,0.0,-0.1,a,,,,,0.1,0.3,0.3,0.3,73,265,1983,4821,,,
2026-09-28T05:27:30+00:00,208,232185,Sarr,8,31,Crystal Palace,Midfielder,6.2,0.0,-0.3,a,,2026-08-22T18:00:07.363165Z,100,100,0.6,0.3,0.3,0.3,2387,2078,6441,376529,2,,
2026-09-28T05:27:30+00:00,210,496221,Wharton,8,31,Crystal Palace,Midfielder,5.4,-0.1,-0.1,a,,2026-07-23T12:01:23.498963Z,100,100,0.7,2.0,2.0,2.0,1090,4357,29497,48347,,,
2026-09-28T05:27:30+00:00,211,488024,Yeremy,8,31,Crystal Palace,Midfielder,5.5,0.0,0.0,a,,,,,0.3,2.7,2.7,2.7,665,2501,45209,30898,,,
2026-09-28T05:27:30+00:00,212,108413,Hughes,8,31,Crystal Palace,Midfielder,4.4,0.0,-0.1,a,,,,,7.3,0.7,0.7,0.7,8592,42096,121991,480711,,,
2026-09-28T05:27:30+00:00,213,152551,Lerma,8,31,Crystal Palace,Midfielder,4.8,-0.1,-0.2,a,,,,,0.1,0.3,0.3,0.3,83,344,1289,5525,,,
2026-09-28T05:27:30+00:00,214,209400,Kamada,8,31,Crystal Palace,Midfielder,5.0,0.0,0.0,a,,,,,0.5,5.3,5.3,5.3,2982,2805,49729,24422,,,
2026-09-28T05:27:30+00:00,215,489706,Devenny,8,31,Crystal Palace,Midfielder,5.0,0.0,0.0,u,Has joined Stoke City permanently,2026-09-02T15:41:07.346849Z,0,0,0.0,0.0,0.0,0.0,0,32,132,946,3,,
2026-09-28T05:27:30+00:00,216,606921,Esse,8,31,Crystal Palace,Midfielder,5.0,0.0,0.0,u,Has joined Millwall on loan for the rest of the season,2026-09-02T15:41:07.376544Z,0,0,0.0,0.0,0.0,0.0,0,112,399,3223,,,
2026-09-28T05:27:30+00:00,217,536694,M.França,8,31,Crystal Palace,Midfielder,4.9,0.0,-0.1,u,Has joined Alverca on loan for the rest of the season,2026-09-11T14:42:19.322912Z,0,0,0.0,0.0,0.0,0.0,0,149,1007,3431,,,
2026-09-28T05:27:30+00:00,218,438464,Doucouré,8,31,Crystal Palace,Midfielder,4.8,-0.1,-0.2,a,,,,,0.0,0.0,0.0,0.0,105,282,2079,4447,,,
2026-09-28T05:27:30+00:00,219,450542,J.Rak-Sakyi,8,31,Crystal Palace,Midfielder,4.9,0.0,-0.1,u,has joined  Kasimpasa on loan for the rest of the seaon.,2026-09-10T09:12:47.224598Z,0,0,0.0,0.0,0.0,0.0,0,23,145,465,,,
2026-09-28T05:27:30+00:00,220,590014,Cardines,8,31,Crystal Palace,Defender,4.5,0.0,0.0,u,Has joined Bristol City on loan for the rest of the season,2026-08-12T14:08:46.501813Z,0,0,0.0,0.0,0.0,0.0,0,3,0,128,,,
2026-09-28T05:27:30+00:00,221,672492,Drakes-Thomas,8,31,Crystal Palace,Midfielder,4.5,0.0,0.0,a,,,,,0.1,0.0,0.0,0.0,132,402,2680,4647,,,
2026-09-28T05:27:30+00:00,222,247412,Strand Larsen,8,31,Crystal Palace,Forward,6.0,0.0,0.0,a,,,,,0.7,3.7,3.7,3.7,4395,3646,49620,40700,,,
2026-09-28T05:27:30+00:00,223,231747,Mateta,8,31,Crystal Palace,Forward,6.3,0.0,-0.2,i,Hamstring injury - Expected back 11 Oct,2026-08-28T21:00:08.020382Z,0,0,1.3,0.0,0.0,0.0,192,8552,25945,454039,1,,
2026-09-28T05:27:30+00:00,224,205533,Nketiah,8,31,Crystal Palace,Forward,5.5,0.0,0.0,a,,2026-09-12T14:00:09.427136Z,100,100,0.5,1.7,1.7,1.7,1164,3178,47145,49825,,,
2026-09-28T05:27:30+00:00,225,660392,Uche,8,31,Crystal Palace,Forward,5.0,0.0,0.0,u,has returned to Getafe CF,2026-07-23T12:18:56.275922Z,0,0,0.0,0.0,0.0,0.0,0,0,0,0,,,
2026-09-28T05:27:30+00:00,241,433154,McNeil,8,31,Crystal Palace,Midfielder,5.4,0.0,-0.1,a,,,,,0.1,0.0,0.0,0.0,64,445,1771,8174,,,
2026-09-28T05:27:30+00:00,555,169593,Matthews,8,31,Crystal Palace,Goalkeeper,4.0,0.0,0.0,a,,,,,1.7,0.0,0.0,0.0,1013,2895,23197,31335,,,
2026-09-28T05:27:30+00:00,577,223723,Tomiyasu,8,31,Crystal Palace,Defender,4.4,0.0,-0.1,d,Calf injury - 75% chance of playing,2026-09-21T13:30:09.030724Z,,75,0.3,0.3,0.3,0.2,146,1077,3475,13197,,,
2026-09-28T05:27:30+00:00,588,570794,Khalaili,8,31,Crystal Palace,Defender,5.0,0.0,0.0,a,,,,,0.3,5.3,5.3,5.3,1923,1031,34616,15285,,,
2026-09-28T05:27:30+00:00,595,559152,Gozo,8,31,Crystal Palace,Midfielder,4.9,-0.1,-0.1,a,,,,,0.0,0.3,0.3,0.3,38,83,488,876,,,
2026-09-28T05:27:30+00:00,633,605972,Ahanor,8,31,Crystal Palace,Defender,4.5,0.0,0.0,a,,,,,0.0,1.0,1.0,1.0,130,100,1905,552,,,
2026-09-28T05:27:30+00:00,643,172850,Chilwell,8,31,Crystal Palace,Defender,4.5,0.0,0.0,a,,,,,0.4,2.7,2.7,2.7,524,2802,43078,18012,,,
2026-09-28T05:27:30+00:00,644,450063,Timber,8,31,Crystal Palace,Midfielder,5.0,0.0,0.0,a,,,,,0.0,3.0,3.0,3.0,429,288,4252,1480,,,
2026-09-28T05:27:30+00:00,647,533646,Osorio,8,31,Crystal Palace,Midfielder,5.5,0.0,0.0,a,,,,,0.0,0.3,0.3,0.3,26,68,945,404,,,
2026-09-28T05:27:30+00:00,21,128295,Nørgaard,9,11,Everton,Midfielder,4.9,0.0,-0.1,i,Groin injury - Unknown return date,2026-08-15T20:00:06.779594Z,0,0,0.0,0.0,0.0,0.0,48,291,488,7393,,,
2026-09-28T05:27:30+00:00,209,242898,Johnson,9,11,Everton,Midfielder,5.9,0.0,-0.1,a,,,,,0.1,2.0,2.0,2.0,372,666,5267,10381,,,
2026-09-28T05:27:30+00:00,226,111234,Pickford,9,11,Everton,Goalkeeper,5.5,0.0,0.0,a,,,,,9.1,4.5,4.5,4.5,27234,14353,294751,234472,,,
2026-09-28T05:27:30+00:00,227,229600,Travers,9,11,Everton,Goalkeeper,5.0,0.0,0.0,a,,,,,0.0,0.0,0.0,0.0,231,247,1789,2109,,,
2026-09-28T05:27:30+00:00,228,138001,King,9,11,Everton,Goalkeeper,4.5,0.0,0.0,a,,,,,0.0,0.0,0.0,0.0,110,163,1177,1730,,,
2026-09-28T05:27:30+00:00,229,17761,Tarkowski,9,11,Everton,Defender,6.1,0.0,0.1,a,,,,,16.3,9.2,9.2,9.2,210989,18606,921797,282192,,,
2026-09-28T05:27:30+00:00,230,480455,Branthwaite,9,11,Everton,Defender,5.5,0.0,0.0,a,,,,,2.4,5.2,5.2,5.2,18393,6401,138565,70866,,,
2026-09-28T05:27:30+00:00,231,106611,Keane,9,11,Everton,Defender,4.8,0.0,-0.2,a,,,,,0.7,0.0,0.0,0.0,365,3632,9270,90431,,,
2026-09-28T05:27:30+00:00,232,512462,O'Brien,9,11,Everton,Defender,4.8,-0.1,-0.2,a,,,,,0.3,0.5,0.5,0.5,306,1066,4561,24537,,,
2026-09-28T05:27:30+00:00,233,224967,Mykolenko,9,11,Everton,Defender,4.6,0.1,0.1,a,,,,,4.2,5.2,5.2,5.2,40001,17091,411193,113544,,,
2026-09-28T05:27:30+00:00,234,243571,Patterson,9,11,Everton,Defender,4.5,0.0,0.0,u,Has joined Torino permanently,2026-09-02T16:05:23.326971Z,0,0,0.0,0.0,0.0,0.0,0,114,371,2427,,,
2026-09-28T05:27:30+00:00,235,499300,Aznou,9,11,Everton,Defender,4.0,0.0,0.0,u,Has joined Malaga on loan for the rest of the season,2026-09-01T13:23:16.934847Z,0,0,0.1,0.0,0.0,0.0,0,518,1728,11112,,,
2026-09-28T05:27:30+00:00,236,215413,Dewsbury-Hall,9,11,Everton,Midfielder,6.6,0.1,0.1,a,,,,,6.0,2.2,2.2,2.2,33130,42403,583894,321767,,,
2026-09-28T05:27:30+00:00,238,114283,Grealish,9,11,Everton,Midfielder,6.5,0.0,0.0,a,,2026-07-29T10:00:10.492904Z,100,100,0.5,1.7,1.7,1.7,3411,2811,40455,23095,,,
2026-09-28T05:27:30+00:00,239,232928,Garner,9,11,Everton,Midfielder,6.0,0.0,0.0,a,,2026-09-06T18:00:08.301702Z,100,100,0.2,2.5,2.5,2.5,1598,1858,21050,13758,2,,
2026-09-28T05:27:30+00:00,242,550615,George,9,11,Everton,Midfielder,5.5,0.0,0.0,a,,,,,0.9,4.0,4.0,4.0,2269,10323,106934,41987,,,
2026-09-28T05:27:30+00:00,243,502697,Alcaraz,9,11,Everton,Midfielder,4.9,0.0,-0.1,a,,,,,0.1,0.0,0.0,0.0,155,385,2856,5818,,,
2026-09-28T05:27:30+00:00,244,609873,Armstrong,9,11,Everton,Midfielder,5.0,0.0,0.0,a,,2026-09-17T08:30:08.942299Z,75,100,0.4,2.0,1.5,2.0,765,3199,53825,32553,,,
2026-09-28T05:27:30+00:00,245,496661,Dibling,9,11,Everton,Midfielder,5.4,0.0,-0.1,a,,,,,0.0,0.2,0.2,0.2,113,148,1168,2647,,,
2026-09-28T05:27:30+00:00,246,513466,Röhl,9,11,Everton,Midfielder,4.9,0.0,-0.1,i,Unspecified injury - Expected back 11 Oct,2026-09-16T18:00:09.541933Z,0,0,0.0,0.8,0.0,0.0,7,566,1962,4666,,,
2026-09-28T05:27:30+00:00,247,244860,Hackney,9,11,Everton,Midfielder,5.4,-0.1,-0.1,a,,2026-08-26T22:00:07.797766Z,100,100,0.2,1.8,1.8,1.8,184,1039,3735,11879,,,
2026-09-28T05:27:30+00:00,248,486385,Beto,9,11,Everton,Forward,5.4,0.0,-0.1,u,Has joined Fiorentina permanently,2026-09-02T16:05:23.357221Z,0,0,0.6,0.2,0.0,0.0,0,6893,16222,219215,,,
2026-09-28T05:27:30+00:00,249,586309,Barry,9,11,Everton,Forward,5.7,0.1,0.2,a,,,,,8.3,3.0,3.0,3.0,79609,36085,961764,354261,1,,
2026-09-28T05:27:30+00:00,649,154043,Maitland-Niles,9,11,Everton,Defender,4.5,0.0,0.0,a,,,,,1.4,7.0,7.0,7.0,18606,4198,91638,14090,,,
2026-09-28T05:27:30+00:00,654,629068,Graham,9,11,Everton,Midfielder,4.5,0.0,0.0,a,,,,,0.1,0.0,0.0,0.0,222,962,11268,5267,,,
2026-09-28T05:27:30+00:00,250,80201,Leno,10,54,Fulham,Goalkeeper,4.5,0.0,0.0,a,,,,,3.3,4.0,4.0,4.0,35912,10180,146809,101222,,,
2026-09-28T05:27:30+00:00,251,86873,Lecomte,10,54,Fulham,Goalkeeper,4.0,0.0,0.0,a,,,,,1.1,0.0,0.0,0.0,2290,2333,25018,25768,,,
2026-09-28T05:27:30+00:00,252,505079,McNally,10,54,Fulham,Goalkeeper,4.0,0.0,0.0,u,Has joined York City on loan for the rest of the season,2026-09-01T13:25:11.231240Z,0,0,0.1,0.0,0.0,0.0,0,575,2589,6571,,,
2026-09-28T05:27:30+00:00,253,174874,Andersen,10,54,Fulham,Defender,5.0,0.0,0.0,a,,2026-07-23T12:01:23.516350Z,100,100,0.2,0.8,0.8,0.8,2552,1030,14426,9140,,,
2026-09-28T05:27:30+00:00,254,169528,Robinson,10,54,Fulham,Defender,4.5,0.0,0.0,a,,,,,1.5,2.8,2.8,2.8,14744,6074,57229,70049,2,,
2026-09-28T05:27:30+00:00,255,246301,J.Cuenca,10,54,Fulham,Defender,4.5,0.0,0.0,a,,,,,0.0,0.0,0.0,0.0,60,101,1540,1994,,,
2026-09-28T05:27:30+00:00,256,167074,Tete,10,54,Fulham,Defender,4.4,0.0,-0.1,a,,2026-09-18T12:30:09.546158Z,0,100,0.2,0.0,0.0,0.0,52,1005,1383,10450,,,
2026-09-28T05:27:30+00:00,257,232892,Bassey,10,54,Fulham,Defender,4.5,0.0,0.0,a,,,,,0.7,3.8,3.8,3.8,4850,1630,25864,29776,,,
2026-09-28T05:27:30+00:00,258,166477,Castagne,10,54,Fulham,Defender,4.5,0.0,0.0,a,,,,,0.9,3.5,3.5,3.5,13675,4439,90317,43168,,,
2026-09-28T05:27:30+00:00,261,153133,Iwobi,10,54,Fulham,Midfielder,5.4,0.0,-0.1,a,,,,,0.7,3.0,3.0,3.0,3127,3021,22047,55382,3,,
2026-09-28T05:27:30+00:00,262,209289,Smith Rowe,10,54,Fulham,Midfielder,5.3,-0.1,-0.2,a,,,,,0.2,0.8,0.8,0.8,280,1274,4478,20933,,,
2026-09-28T05:27:30+00:00,263,560552,Kevin,10,54,Fulham,Midfielder,5.3,0.0,-0.2,a,,,,,0.0,0.8,0.8,0.8,187,265,1991,4202,,,
2026-09-28T05:27:30+00:00,264,477555,Bobb,10,54,Fulham,Midfielder,5.5,0.0,0.0,a,,,,,0.3,2.8,2.8,2.8,2095,1691,16098,20797,,,
2026-09-28T05:27:30+00:00,265,207189,Berge,10,54,Fulham,Midfielder,4.9,0.0,-0.1,a,,,,,0.3,2.2,2.2,2.2,573,1212,6304,17968,,,
2026-09-28T05:27:30+00:00,266,76357,Cairney,10,54,Fulham,Midfielder,4.9,0.0,-0.1,i,Knee injury - Expected back 10 Oct,2026-08-14T18:00:06.460944Z,0,0,0.0,0.0,0.0,0.0,7,20,108,331,,,
2026-09-28T05:27:30+00:00,268,577725,King,10,54,Fulham,Midfielder,5.5,0.0,0.0,a,,,,,2.5,4.2,4.2,4.2,79976,16573,324111,95141,,,
2026-09-28T05:27:30+00:00,269,184349,Sessegnon,10,54,Fulham,Defender,4.3,-0.1,-0.2,a,,2026-09-14T11:30:07.403957Z,75,100,0.3,0.5,0.4,0.5,275,1240,2718,18938,,,
2026-09-28T05:27:30+00:00,270,153366,Reed,10,54,Fulham,Midfielder,4.4,0.0,-0.1,a,,,,,1.1,0.0,0.0,0.0,2702,6505,36194,72730,,,
2026-09-28T05:27:30+00:00,271,244042,Muniz,10,54,Fulham,Forward,5.4,0.0,-0.1,a,,,,,0.4,0.5,0.5,0.5,1586,2537,15915,34978,,,
2026-09-28T05:27:30+00:00,272,631786,Kusi-Asare,10,54,Fulham,Forward,4.5,0.0,0.0,a,,,,,5.4,0.0,0.0,0.0,10183,31690,159654,299495,,,
2026-09-28T05:27:30+00:00,569,551466,Gonzalo,10,54,Fulham,Forward,6.0,0.0,0.0,a,,,,,3.9,2.0,2.0,2.0,60900,30344,423209,309729,1,,
2026-09-28T05:27:30+00:00,570,571779,Palacios,10,54,Fulham,Midfielder,5.4,0.0,-0.1,a,,,,,0.2,2.5,2.5,2.5,677,908,5966,10554,,,
2026-09-28T05:27:30+00:00,580,463210,Charles,10,54,Fulham,Midfielder,5.0,0.0,0.0,a,,,,,0.1,3.0,3.0,3.0,546,391,2276,4067,,,
2026-09-28T05:27:30+00:00,610,547686,De Fougerolles,10,54,Fulham,Defender,4.0,0.0,0.0,u,has joined  Real Salt Lake on loan for the rest of the seaon.,2026-08-28T11:30:08.336405Z,0,0,0.1,0.0,0.0,0.0,0,480,5787,5226,,,
2026-09-28T05:27:30+00:00,626,616069,Zepa,10,54,Fulham,Midfielder,4.4,-0.1,-0.1,a,,,,,0.3,0.0,0.0,0.0,288,2118,34455,18332,,,
2026-09-28T05:27:30+00:00,635,551050,Larsson,10,54,Fulham,Midfielder,5.0,0.0,0.0,a,,,,,0.0,1.0,1.0,1.0,88,68,833,301,,,
2026-09-28T05:27:30+00:00,636,500033,Ángel,10,54,Fulham,Midfielder,5.0,0.0,0.0,a,,,,,0.0,0.0,0.0,0.0,30,26,367,168,,,
2026-09-28T05:27:30+00:00,650,442299,Affengruber,10,54,Fulham,Defender,4.5,0.0,0.0,a,,,,,0.1,4.0,4.0,4.0,4393,955,7271,1577,,,
2026-09-28T05:27:30+00:00,240,490094,Iroegbunam,11,88,Hull City,Midfielder,5.0,0.0,0.0,a,,2026-08-15T20:00:06.878792Z,100,100,0.0,0.5,0.5,0.5,73,131,1111,1145,,,
2026-09-28T05:27:30+00:00,273,167825,Phillips,11,88,Hull City,Goalkeeper,4.0,0.0,0.0,a,,,,,1.4,0.0,0.0,0.0,2816,3228,28941,38111,,,
2026-09-28T05:27:30+00:00,274,105666,Butland,11,88,Hull City,Goalkeeper,4.4,-0.1,-0.1,i,Arm injury - Unknown return date,2026-08-08T19:00:05.601633Z,0,0,0.1,0.0,0.0,0.0,63,307,632,4920,,,
2026-09-28T05:27:30+00:00,275,494950,Cartwright,11,88,Hull City,Goalkeeper,4.0,0.0,0.0,u,Has joined Grimsby Town on loan for the rest of the season,2026-07-29T13:00:27.959925Z,0,0,0.0,0.0,0.0,0.0,0,24,0,326,,,
2026-09-28T05:27:30+00:00,276,444307,Lo-Tutala,11,88,Hull City,Goalkeeper,4.0,0.0,0.0,u,Has joined Colchester United on loan for the rest of the season,2026-08-17T13:50:27.125537Z,0,0,0.0,0.0,0.0,0.0,0,110,0,1104,,,
2026-09-28T05:27:30+00:00,277,108416,Egan,11,88,Hull City,Defender,4.1,0.0,0.1,a,,,,,7.0,4.5,4.5,4.5,25907,27687,749066,214608,,,
2026-09-28T05:27:30+00:00,278,501902,Hughes,11,88,Hull City,Defender,3.9,0.0,-0.1,i,Groin injury - Unknown return date,2026-08-02T09:00:11.030017Z,0,0,0.2,0.0,0.0,0.0,1054,1836,16843,12803,,,
2026-09-28T05:27:30+00:00,279,146426,Ajayi,11,88,Hull City,Defender,4.2,0.0,0.2,a,,2026-08-22T17:30:07.668197Z,100,100,14.0,3.2,3.2,3.2,41702,56089,1353087,306591,,,
2026-09-28T05:27:30+00:00,280,193278,Coyle,11,88,Hull City,Defender,4.0,0.0,0.0,a,,2026-08-29T16:30:08.151841Z,100,100,0.7,2.0,2.0,2.0,1966,1926,27538,25734,,,
2026-09-28T05:27:30+00:00,281,433590,Drameh,11,88,Hull City,Defender,4.0,0.0,0.0,u,Has joined Genoa permanently,2026-09-02T16:09:06.479140Z,0,0,0.0,0.2,0.0,0.0,0,241,2118,4494,,,
2026-09-28T05:27:30+00:00,282,232351,Giles,11,88,Hull City,Defender,4.0,0.0,0.0,a,,,,,2.9,4.5,4.5,4.5,20425,13026,277242,65317,,,
2026-09-28T05:27:30+00:00,283,449428,Jacob,11,88,Hull City,Defender,4.0,0.0,0.0,u,Has joined Newport County on loan until January,2026-08-02T09:00:11.038361Z,0,0,0.0,0.0,0.0,0.0,0,34,114,691,,,
2026-09-28T05:27:30+00:00,284,661800,McCarthy,11,88,Hull City,Defender,4.0,0.0,0.0,a,,,,,0.1,0.0,0.0,0.0,378,410,4912,4562,,,
2026-09-28T05:27:30+00:00,285,160817,McNair,11,88,Hull City,Defender,4.0,0.0,0.0,a,,2026-09-09T13:30:08.327907Z,100,100,0.1,0.0,0.0,0.0,182,392,3135,4701,,,
2026-09-28T05:27:30+00:00,286,540324,Belloumi,11,88,Hull City,Midfielder,5.1,0.0,0.1,a,,,,,5.1,7.0,7.0,7.0,71949,23130,501885,83168,,,
2026-09-28T05:27:30+00:00,287,232905,Millar,11,88,Hull City,Midfielder,5.0,0.0,0.0,u,Has joined Birmingham on loan for the rest of the season,2026-09-02T15:36:41.038103Z,0,0,0.0,1.5,0.0,0.0,0,278,3178,7498,,,
2026-09-28T05:27:30+00:00,288,171270,Dowell,11,88,Hull City,Midfielder,4.5,0.0,0.0,a,,,,,0.3,0.0,0.0,0.0,558,1899,12315,21482,,,
2026-09-28T05:27:30+00:00,289,101282,Crooks,11,88,Hull City,Midfielder,4.4,-0.1,-0.1,a,,2026-08-29T15:00:08.569326Z,100,100,0.5,0.2,0.2,0.2,4815,3961,24174,40190,,,
2026-09-28T05:27:30+00:00,290,243413,Slater,11,88,Hull City,Midfielder,4.5,0.0,0.0,a,,,,,5.2,2.2,2.2,2.2,14896,35482,497829,276481,,,
2026-09-28T05:27:30+00:00,291,465525,Matazo,11,88,Hull City,Midfielder,4.5,0.0,0.0,i,Knee injury - Unknown return date,2026-07-23T12:01:23.532635Z,0,0,0.0,0.0,0.0,0.0,29,51,380,489,,,
2026-09-28T05:27:30+00:00,292,208481,Ömür,11,88,Hull City,Midfielder,4.9,0.0,-0.1,a,,,,,0.0,0.0,0.0,0.0,84,143,1202,1624,,,
2026-09-28T05:27:30+00:00,293,490161,Kamara,11,88,Hull City,Midfielder,5.0,0.0,0.0,u,Has joined Portsmouth permanently,2026-08-12T14:08:23.542043Z,0,0,0.0,0.0,0.0,0.0,0,12,0,374,,,
2026-09-28T05:27:30+00:00,294,553783,Zambrano,11,88,Hull City,Midfielder,4.5,0.0,0.0,a,,2026-08-04T18:30:11.016909Z,100,100,0.1,0.0,0.0,0.0,140,475,3869,6804,,,
2026-09-28T05:27:30+00:00,295,169432,McBurnie,11,88,Hull City,Forward,5.5,0.0,0.0,a,,,,,1.9,2.0,2.0,2.0,7319,17196,188305,152543,1,,
2026-09-28T05:27:30+00:00,296,213292,Akintola,11,88,Hull City,Midfielder,5.0,0.0,0.0,u,Has joined Omonoia FC permanently,2026-09-11T14:42:38.120231Z,0,0,0.0,0.0,0.0,0.0,0,253,2704,4866,,,
2026-09-28T05:27:30+00:00,297,470294,Gyabi,11,88,Hull City,Midfielder,4.4,-0.1,-0.1,i,Thigh injury - Unknown return date,2026-08-04T18:30:11.027155Z,0,0,0.0,0.0,0.0,0.0,51,128,440,1596,,,
2026-09-28T05:27:30+00:00,298,500957,Destan,11,88,Hull City,Forward,4.5,0.0,0.0,u,Has joined Konyaspor permanently,2026-08-17T13:50:27.145733Z,0,0,0.2,0.0,0.0,0.0,0,1214,0,22167,,,
2026-09-28T05:27:30+00:00,299,534392,Burstow,11,88,Hull City,Forward,4.5,0.0,0.0,u,Has joined Sheffield Wednesday on loan for the rest of the season,2026-08-03T14:05:20.234842Z,0,0,0.0,0.0,0.0,0.0,0,211,0,3061,,,
2026-09-28T05:27:30+00:00,340,462635,Gelhardt,11,88,Hull City,Midfielder,5.0,0.0,0.0,a,,2026-08-17T21:30:07.799839Z,100,100,0.0,0.2,0.2,0.2,92,101,702,1008,,,
2026-09-28T05:27:30+00:00,556,169359,Targett,11,88,Hull City,Defender,4.0,0.0,0.0,d,Ankle injury - 75% chance of playing,2026-09-17T14:00:26.419938Z,75,75,1.6,0.0,0.0,0.0,105,9369,24829,86645,,,
2026-09-28T05:27:30+00:00,563,445028,Morita,11,88,Hull City,Midfielder,5.0,0.0,0.0,i,Calf injury - Expected back 11 Oct,2026-09-09T14:00:08.474217Z,0,0,0.0,0.2,0.0,0.0,23,162,726,1758,,,
2026-09-28T05:27:30+00:00,572,473284,Tzolakis,11,88,Hull City,Goalkeeper,4.7,0.1,0.2,a,,,,,12.7,6.0,6.0,6.0,120395,19946,991723,215596,,,
2026-09-28T05:27:30+00:00,574,552946,Hjertø-Dahl,11,88,Hull City,Midfielder,4.9,0.0,-0.1,a,,,,,0.1,0.2,0.2,0.2,72,312,1433,4432,,,
2026-09-28T05:27:30+00:00,576,608227,Stroud,11,88,Hull City,Midfielder,5.0,0.0,0.0,a,,,,,0.1,1.0,1.0,1.0,135,440,3657,4663,,,
2026-09-28T05:27:30+00:00,585,597462,Herrington,11,88,Hull City,Defender,4.0,0.0,0.0,a,,,,,0.6,1.0,1.0,1.0,993,1585,12792,18472,,,
2026-09-28T05:27:30+00:00,586,606930,Mendy,11,88,Hull City,Defender,4.1,0.0,0.1,a,,2026-09-12T18:00:09.334142Z,0,100,6.3,2.5,0.0,2.5,6532,32575,682824,357558,,,
2026-09-28T05:27:30+00:00,589,469266,Gourna-Douath,11,88,Hull City,Midfielder,5.0,0.0,0.0,a,,,,,0.0,1.0,1.0,1.0,32,105,701,1340,,,
2026-09-28T05:27:30+00:00,617,490884,Cho,11,88,Hull City,Midfielder,5.0,0.0,0.0,a,,,,,0.0,2.2,2.2,2.2,335,142,1771,754,,,
2026-09-28T05:27:30+00:00,632,626751,Ansah,11,88,Hull City,Forward,5.0,0.0,0.0,i,Back injury - Unknown return date,2026-09-09T10:00:08.919489Z,0,0,0.0,0.0,0.0,0.0,65,397,5112,3477,,,
2026-09-28T05:27:30+00:00,637,631000,Vaz,11,88,Hull City,Forward,5.0,0.0,0.0,a,,,,,0.1,0.7,0.7,0.7,1722,1098,12227,3919,,,
2026-09-28T05:27:30+00:00,638,496181,Norton-Cuffy,11,88,Hull City,Defender,4.0,0.0,0.0,d,Hamstring injury - 75% chance of playing,2026-09-21T08:30:09.561308Z,,75,0.2,0.3,0.3,0.2,447,2438,26063,10264,,,
2026-09-28T05:27:30+00:00,642,243951,Thomas,11,88,Hull City,Midfielder,5.5,0.0,0.0,a,,,,,0.0,1.3,1.3,1.3,441,335,3045,1184,,,
2026-09-28T05:27:30+00:00,645,647839,Mouzakitis,11,88,Hull City,Midfielder,5.0,0.0,0.0,a,,,,,0.0,0.0,0.0,0.0,85,87,777,313,,,
2026-09-28T05:27:30+00:00,259,219924,Diop,12,40,Ipswich Town,Defender,4.0,0.0,0.0,a,,,,,12.7,2.5,2.5,2.5,6671,52557,135708,505179,,,
2026-09-28T05:27:30+00:00,267,212314,Lukić,12,40,Ipswich Town,Midfielder,4.9,-0.1,-0.1,a,,,,,0.1,1.5,1.5,1.5,184,488,3412,6441,,,
2026-09-28T05:27:30+00:00,300,108813,Walton,12,40,Ipswich Town,Goalkeeper,4.4,0.0,-0.1,a,,,,,0.4,0.5,0.5,0.5,1569,967,3254,14880,,,
2026-09-28T05:27:30+00:00,301,112520,Palmer,12,40,Ipswich Town,Goalkeeper,4.0,0.0,0.0,a,,,,,3.9,0.0,0.0,0.0,3755,11278,74351,112517,,,
2026-09-28T05:27:30+00:00,302,50093,Button,12,40,Ipswich Town,Goalkeeper,4.0,0.0,0.0,a,,,,,0.6,0.0,0.0,0.0,1371,1247,31381,15099,,,
2026-09-28T05:27:30+00:00,303,183015,Kipré,12,40,Ipswich Town,Defender,3.9,0.0,-0.1,a,,,,,0.9,0.0,0.0,0.0,4265,4159,48886,28906,,,
2026-09-28T05:27:30+00:00,304,216616,O'Shea,12,40,Ipswich Town,Defender,4.0,0.0,0.0,a,,,,,2.7,1.5,1.5,1.5,1838,13938,65257,127281,,,
2026-09-28T05:27:30+00:00,305,455084,Davis,12,40,Ipswich Town,Defender,4.0,0.0,0.0,a,,,,,6.9,5.8,5.8,5.8,47329,25504,367532,183120,,,
2026-09-28T05:27:30+00:00,306,449429,Greaves,12,40,Ipswich Town,Defender,4.0,0.0,0.0,a,,,,,1.1,0.2,0.2,0.2,448,3269,8184,38010,,,
2026-09-28T05:27:30+00:00,307,222018,Johnson,12,40,Ipswich Town,Defender,4.0,0.0,0.0,u,Has joined Stoke City on loan for the rest of the season,2026-09-04T12:36:56.236331Z,0,0,0.1,0.0,0.0,0.0,0,339,1137,6286,,,
2026-09-28T05:27:30+00:00,308,176420,Furlong,12,40,Ipswich Town,Defender,3.9,0.0,-0.1,a,,,,,0.6,0.2,0.2,0.2,6121,2684,18758,19461,,,
2026-09-28T05:27:30+00:00,309,501390,Núñez,12,40,Ipswich Town,Midfielder,4.9,0.0,-0.1,a,,,,,0.1,0.5,0.5,0.5,90,597,3107,7604,,,
2026-09-28T05:27:30+00:00,310,241117,Matusiwa,12,40,Ipswich Town,Midfielder,4.9,0.0,-0.1,a,,2026-07-29T18:00:10.305484Z,100,100,0.0,0.0,0.0,0.0,14,17,125,278,,,
2026-09-28T05:27:30+00:00,311,149929,Burns,12,40,Ipswich Town,Midfielder,5.0,0.0,0.0,u,Has joined Leicester City permanently,2026-08-10T14:02:47.597478Z,0,0,0.0,0.0,0.0,0.0,0,8,0,347,,,
2026-09-28T05:27:30+00:00,312,231899,Taylor,12,40,Ipswich Town,Midfielder,4.4,-0.1,-0.1,i,Knee injury - Unknown return date,2026-07-29T18:00:10.319370Z,0,0,0.0,0.0,0.0,0.0,365,249,941,2630,,,
2026-09-28T05:27:30+00:00,313,443261,Clarke,12,40,Ipswich Town,Midfielder,5.4,0.0,-0.1,a,,,,,0.2,1.0,1.0,1.0,130,885,5481,15679,1,,
2026-09-28T05:27:30+00:00,314,229164,Ogbene,12,40,Ipswich Town,Midfielder,4.9,0.0,-0.1,u,Has joined Lincoln City on loan until January,2026-09-02T16:04:17.497385Z,0,0,0.0,0.0,0.0,0.0,0,64,104,1206,,,
2026-09-28T05:27:30+00:00,315,531442,Fatawu,12,40,Ipswich Town,Midfielder,5.4,0.0,-0.1,s,Suspended until 17 Oct,2026-09-19T15:30:10.126897Z,,0,0.2,1.5,1.5,0.0,52,2372,5354,13216,,,
2026-09-28T05:27:30+00:00,316,543968,Emersonn,12,40,Ipswich Town,Forward,5.5,0.0,0.0,a,,2026-08-31T09:30:08.306145Z,100,100,3.5,4.2,4.2,4.2,31648,21968,315346,141242,2,,
2026-09-28T05:27:30+00:00,317,222625,Hirst,12,40,Ipswich Town,Forward,5.0,0.0,0.0,u,Has joined Stoke City permanently,2026-08-21T13:06:08.606019Z,0,0,0.1,0.0,0.0,0.0,0,451,0,17081,,,
2026-09-28T05:27:30+00:00,318,481624,Philogene,12,40,Ipswich Town,Midfielder,5.4,0.0,-0.1,a,,2026-08-25T11:30:07.532993Z,100,100,0.1,0.5,0.5,0.5,32,150,300,9274,3,,
2026-09-28T05:27:30+00:00,319,172453,Szmodics,12,40,Ipswich Town,Midfielder,5.0,0.0,0.0,u,Has joined Derby County on loan for the rest of the season,2026-08-17T13:51:41.713979Z,0,0,0.0,0.0,0.0,0.0,0,11,0,758,,,
2026-09-28T05:27:30+00:00,320,147675,Akpom,12,40,Ipswich Town,Forward,5.0,0.0,0.0,a,,,,,1.2,1.5,1.5,1.5,4802,9229,130758,73662,,,
2026-09-28T05:27:30+00:00,321,557012,Walle Egeli,12,40,Ipswich Town,Forward,4.5,0.0,0.0,a,,,,,3.5,0.0,0.0,0.0,16950,25378,329571,209865,,,
2026-09-28T05:27:30+00:00,322,462387,Al-Hamadi,12,40,Ipswich Town,Forward,5.0,0.0,0.0,u,Has joined Sheffield Wednesday on loan for the rest of the season,2026-08-27T14:54:10.215357Z,0,0,0.0,0.0,0.0,0.0,0,354,755,9899,,,
2026-09-28T05:27:30+00:00,323,461587,McAteer,12,40,Ipswich Town,Midfielder,4.4,-0.1,-0.1,a,,,,,1.0,0.5,0.5,0.5,1335,6085,28079,61932,,,
2026-09-28T05:27:30+00:00,324,232457,Mehmeti,12,40,Ipswich Town,Midfielder,4.8,-0.1,-0.2,a,,,,,0.0,0.0,0.0,0.0,67,131,393,2462,,,
2026-09-28T05:27:30+00:00,554,546600,Van Oevelen,12,40,Ipswich Town,Goalkeeper,4.5,0.0,0.0,u,Has joined Valencia on loan for the rest of the season,2026-08-25T14:04:09.529320Z,0,0,0.0,0.0,0.0,0.0,0,76,54,1950,,,
2026-09-28T05:27:30+00:00,562,442967,Maeda,12,40,Ipswich Town,Midfielder,5.3,-0.1,-0.2,a,,,,,0.2,1.5,1.5,1.5,121,1391,2849,20161,,,
2026-09-28T05:27:30+00:00,564,240514,Scherpen,12,40,Ipswich Town,Goalkeeper,4.5,0.0,0.0,a,,,,,0.6,1.2,1.2,1.2,568,2685,15135,23262,,,
2026-09-28T05:27:30+00:00,571,216055,Florentino,12,40,Ipswich Town,Midfielder,4.8,-0.1,-0.2,a,,2026-08-25T11:30:07.678802Z,100,100,0.1,0.5,0.5,0.5,107,318,1052,7049,,,
2026-09-28T05:27:30+00:00,591,474120,Enciso,12,40,Ipswich Town,Midfielder,5.5,0.0,0.0,a,,2026-08-22T18:00:07.551930Z,100,100,0.8,2.5,2.5,2.5,2032,5838,93595,52127,,,
2026-09-28T05:27:30+00:00,592,572584,Ouattara,12,40,Ipswich Town,Defender,4.0,0.0,0.0,a,,,,,0.9,1.2,1.2,1.2,648,1971,13433,26107,,,
2026-09-28T05:27:30+00:00,602,524180,Humphreys,12,40,Ipswich Town,Midfielder,4.5,0.0,0.0,u,Has joined Huddersfield Town on loan for the rest of the season,2026-09-02T16:04:17.524642Z,0,0,0.0,0.0,0.0,0.0,0,229,2861,3223,,,
2026-09-28T05:27:30+00:00,619,218543,Palacios,12,40,Ipswich Town,Midfielder,5.0,0.0,0.0,a,,,,,0.1,2.8,2.8,2.8,478,794,8966,3404,,,
2026-09-28T05:27:30+00:00,640,431639,Flemming,12,40,Ipswich Town,Forward,5.5,0.0,0.0,a,,,,,0.1,2.0,2.0,2.0,837,943,9199,3165,,,
2026-09-28T05:27:30+00:00,260,153682,Wilson,13,2,Leeds,Midfielder,6.2,0.0,-0.3,i,Thigh injury - Unknown return date,2026-09-18T13:30:09.626858Z,0,0,1.7,0.5,0.0,0.0,70,38573,29041,455275,,,
2026-09-28T05:27:30+00:00,326,201595,Perri,13,2,Leeds,Goalkeeper,4.5,0.0,0.0,u,Has joined Torino on loan for the rest of the season,2026-09-01T13:12:39.210133Z,0,0,0.3,0.0,0.0,0.0,0,1188,532,26388,,,
2026-09-28T05:27:30+00:00,327,434752,Bijol,13,2,Leeds,Defender,5.0,0.0,0.0,a,,,,,0.7,0.5,0.5,0.5,760,5282,69062,58897,,,
2026-09-28T05:27:30+00:00,329,214225,Rodon,13,2,Leeds,Defender,4.3,-0.1,-0.2,i,Hamstring injury - Expected back 21 Nov,2026-08-30T16:00:08.564382Z,0,0,0.8,0.2,0.0,0.0,43,8417,26937,296422,,,
2026-09-28T05:27:30+00:00,330,226182,Bogle,13,2,Leeds,Defender,4.6,0.0,0.1,a,,,,,7.1,9.0,9.0,9.0,117306,23474,643879,82682,,,
2026-09-28T05:27:30+00:00,331,243526,Gudmundsson,13,2,Leeds,Defender,4.5,0.0,0.0,a,,2026-08-08T20:00:07.546568Z,100,100,0.1,3.5,3.5,3.5,484,304,4082,2734,,,
2026-09-28T05:27:30+00:00,332,220627,Justin,13,2,Leeds,Defender,4.5,0.0,0.0,a,,,,,1.5,4.0,4.0,4.0,3862,5439,121134,70352,,,
2026-09-28T05:27:30+00:00,333,437738,Bornauw,13,2,Leeds,Defender,4.5,0.0,0.0,u,Has joined Hamburg SV on loan for the rest of the season,2026-08-19T13:56:14.645970Z,0,0,0.0,0.0,0.0,0.0,0,5,0,299,,,
2026-09-28T05:27:30+00:00,334,522047,Muharemović,13,2,Leeds,Defender,5.0,0.0,0.0,a,,,,,4.3,5.2,5.2,5.2,25548,21573,296833,170457,,,
2026-09-28T05:27:30+00:00,335,466525,Stach,13,2,Leeds,Midfielder,6.0,0.0,0.0,a,,,,,2.5,3.5,3.5,3.5,4482,18618,201825,163351,,,
2026-09-28T05:27:30+00:00,336,435997,Okafor,13,2,Leeds,Midfielder,5.8,0.0,-0.2,a,,,,,0.4,4.2,4.2,4.2,1646,3191,26753,34977,,,
2026-09-28T05:27:30+00:00,337,427637,Aaronson,13,2,Leeds,Midfielder,5.3,-0.1,-0.2,a,,,,,0.5,1.0,1.0,1.0,204,3210,6767,47939,,,
2026-09-28T05:27:30+00:00,338,199598,Ampadu,13,2,Leeds,Midfielder,5.4,0.0,-0.1,a,,,,,0.9,4.0,4.0,4.0,1497,4640,17930,60319,,,
2026-09-28T05:27:30+00:00,339,180135,Longstaff,13,2,Leeds,Midfielder,4.9,0.0,-0.1,a,,,,,0.1,0.2,0.2,0.2,121,594,2494,8078,,,
2026-09-28T05:27:30+00:00,341,492859,Gnonto,13,2,Leeds,Midfielder,5.0,0.0,0.0,u,Has joined ACF Fiorentina on loan for the rest of the season,2026-09-02T16:04:47.189648Z,0,0,0.0,0.0,0.0,0.0,0,50,244,1808,,,
2026-09-28T05:27:30+00:00,342,221399,Harrison,13,2,Leeds,Midfielder,5.0,0.0,0.0,u,Has joined New England Revolution permanently,2026-07-28T12:59:09.492431Z,0,0,0.0,0.0,0.0,0.0,0,5,0,79,,,
2026-09-28T05:27:30+00:00,343,200617,James,13,2,Leeds,Midfielder,4.9,0.0,-0.1,a,,,,,0.1,0.8,0.8,0.8,176,526,4145,7976,,,
2026-09-28T05:27:30+00:00,344,486520,Gruev,13,2,Leeds,Midfielder,5.0,0.0,0.0,a,,2026-08-14T23:00:06.272027Z,100,100,0.0,0.0,0.0,0.0,45,18,124,313,,,
2026-09-28T05:27:30+00:00,345,248056,Tanaka,13,2,Leeds,Midfielder,4.9,0.0,-0.1,a,,,,,0.3,3.5,3.5,3.5,2062,2132,22580,17367,,,
2026-09-28T05:27:30+00:00,346,177815,Calvert-Lewin,13,2,Leeds,Forward,6.0,0.0,0.0,a,,,,,24.8,5.2,5.2,5.2,87341,161441,1003970,1314383,1,,
2026-09-28T05:27:30+00:00,347,174594,Nmecha,13,2,Leeds,Forward,5.4,0.0,-0.1,a,,,,,0.5,1.8,1.8,1.8,1867,3551,22061,36972,2,,
2026-09-28T05:27:30+00:00,348,235826,Piroe,13,2,Leeds,Forward,5.0,0.0,0.0,u,Has joined West Ham United on loan for the rest of the season,2026-08-19T13:56:14.666726Z,0,0,0.1,0.0,0.0,0.0,0,400,0,11195,3,,
2026-09-28T05:27:30+00:00,349,565297,Mateo Joseph,13,2,Leeds,Forward,4.5,0.0,0.0,i,Knee injury - Unknown return date,2026-07-29T18:00:10.338170Z,0,0,0.1,0.0,0.0,0.0,299,448,3085,4422,,,
2026-09-28T05:27:30+00:00,385,432720,Trafford,13,2,Leeds,Goalkeeper,5.0,0.0,0.0,a,,,,,5.5,4.8,4.8,4.8,20448,13811,262419,158156,,,
2026-09-28T05:27:30+00:00,598,173774,Elvedi,13,2,Leeds,Defender,4.5,0.0,0.0,a,,,,,0.1,3.2,3.2,3.2,210,215,5325,2774,,,
2026-09-28T05:27:30+00:00,603,643970,Lienou,13,2,Leeds,Defender,4.0,0.0,0.0,a,,,,,0.1,0.0,0.0,0.0,229,494,6902,3961,,,
2026-09-28T05:27:30+00:00,604,592740,Cresswell,13,2,Leeds,Midfielder,4.5,0.0,0.0,a,,,,,0.1,0.0,0.0,0.0,285,855,14041,7883,,,
2026-09-28T05:27:30+00:00,625,97846,Cairns,13,2,Leeds,Goalkeeper,4.0,0.0,0.0,a,,,,,0.2,0.0,0.0,0.0,802,742,19761,5900,,,
2026-09-28T05:27:30+00:00,629,155465,Zetterer,13,2,Leeds,Goalkeeper,4.0,0.0,0.0,a,,,,,0.7,0.0,0.0,0.0,2889,2627,58329,14002,,,
2026-09-28T05:27:30+00:00,641,437497,Bard,13,2,Leeds,Defender,4.5,0.0,0.0,a,,,,,0.0,0.3,0.3,0.3,93,73,955,349,,,
2026-09-28T05:27:30+00:00,648,587982,Bahoya,13,2,Leeds,Midfielder,5.0,0.0,0.0,a,,,,,0.0,0.3,0.3,0.3,103,168,2235,1136,,,
2026-09-28T05:27:30+00:00,350,116535,A.Becker,14,14,Liverpool,Goalkeeper,5.5,0.0,0.0,a,,,,,4.1,6.2,6.2,6.2,11801,10966,145119,144490,,,
2026-09-28T05:27:30+00:00,351,449027,Mamardashvili,14,14,Liverpool,Goalkeeper,4.9,0.0,-0.1,a,,,,,0.1,0.0,0.0,0.0,236,581,2848,8599,,,
2026-09-28T05:27:30+00:00,352,155503,Woodman,14,14,Liverpool,Goalkeeper,4.0,0.0,0.0,a,,,,,1.0,0.0,0.0,0.0,744,2244,18238,27102,,,
2026-09-28T05:27:30+00:00,353,586268,Pecsi,14,14,Liverpool,Goalkeeper,4.0,0.0,0.0,u,Has joined TSV Hartberg on loan for the rest of the season,2026-08-18T14:11:18.638344Z,0,0,0.0,0.0,0.0,0.0,0,56,0,1083,,,
2026-09-28T05:27:30+00:00,354,432987,Jaros,14,14,Liverpool,Goalkeeper,4.0,0.0,0.0,i,Knee injury - Unknown return date,2026-07-29T18:00:10.351066Z,0,0,0.0,0.0,0.0,0.0,197,148,1744,1234,,,
2026-09-28T05:27:30+00:00,355,464353,Davies,14,14,Liverpool,Goalkeeper,4.0,0.0,0.0,a,,,,,0.2,0.0,0.0,0.0,271,444,4723,4224,,,
2026-09-28T05:27:30+00:00,356,97032,Virgil,14,14,Liverpool,Defender,6.5,0.0,0.0,a,,,,,16.2,5.8,5.8,5.8,19596,41342,276612,613975,,,
2026-09-28T05:27:30+00:00,357,216094,Frimpong,14,14,Liverpool,Defender,5.3,0.0,-0.2,a,,,,,1.8,0.5,0.5,0.5,1507,12134,58850,245519,,,
2026-09-28T05:27:30+00:00,358,544877,Kerkez,14,14,Liverpool,Defender,5.4,0.0,-0.1,a,,,,,2.2,3.2,3.2,3.2,2447,9661,47464,187033,,,
2026-09-28T05:27:30+00:00,359,171287,Gomez,14,14,Liverpool,Defender,4.9,0.0,-0.1,a,,2026-07-26T08:30:10.078473Z,100,100,0.0,0.0,0.0,0.0,301,108,721,1172,,,
2026-09-28T05:27:30+00:00,360,492777,Bradley,14,14,Liverpool,Defender,5.0,0.0,0.0,i,Knee injury - Unknown return date,2026-07-23T12:01:23.565711Z,0,0,0.0,0.0,0.0,0.0,49,74,366,786,,,
2026-09-28T05:27:30+00:00,361,519440,Lucky,14,14,Liverpool,Defender,4.0,0.0,0.0,a,,,,,0.1,0.0,0.0,0.0,267,539,3844,5764,,,
2026-09-28T05:27:30+00:00,362,606702,Jacquet,14,14,Liverpool,Defender,5.0,0.0,0.0,a,,2026-07-23T12:01:23.581126Z,100,100,3.5,5.8,5.8,5.8,31360,12363,229242,122396,,,
2026-09-28T05:27:30+00:00,363,647681,Leoni,14,14,Liverpool,Defender,4.0,0.0,0.0,i,Knee injury - Unknown return date,2026-07-23T12:01:23.596909Z,0,0,0.0,0.0,0.0,0.0,62,169,863,2100,,,
2026-09-28T05:27:30+00:00,364,214285,Tsimikas,14,14,Liverpool,Defender,4.9,0.0,-0.1,a,,,,,0.1,0.5,0.5,0.5,82,380,1569,4406,,,
2026-09-28T05:27:30+00:00,365,489580,Ramsay,14,14,Liverpool,Defender,4.0,0.0,0.0,u,Has joined St Mirren on loan for the rest of the season,2026-08-26T14:05:26.748768Z,0,0,0.1,0.0,0.0,0.0,0,440,638,12669,,,
2026-09-28T05:27:30+00:00,366,494595,Wirtz,14,14,Liverpool,Midfielder,7.3,0.0,-0.2,a,,,,,5.7,4.0,4.0,4.0,2824,40256,133092,763653,4,,
2026-09-28T05:27:30+00:00,367,243298,Gakpo,14,14,Liverpool,Midfielder,7.2,0.0,0.2,d,Ankle injury - 75% chance of playing,2026-09-27T21:30:07.786183Z,100,75,12.5,5.0,5.0,3.8,50380,76536,1336792,704133,3,,
2026-09-28T05:27:30+00:00,368,424876,Szoboszlai,14,14,Liverpool,Midfielder,7.0,0.0,0.0,a,,,,,32.9,3.0,3.0,3.0,33122,202124,925481,1670282,1,,
2026-09-28T05:27:30+00:00,369,611922,Ngumoha,14,14,Liverpool,Midfielder,5.7,-0.1,-0.3,a,,,,,0.5,0.5,0.5,0.5,703,4064,14481,89090,,,
2026-09-28T05:27:30+00:00,370,223541,Chiesa,14,14,Liverpool,Midfielder,5.3,-0.1,-0.2,i,Back injury - Unknown return date,2026-08-27T13:30:07.598926Z,0,0,0.0,0.0,0.0,0.0,15,232,680,10065,,,
2026-09-28T05:27:30+00:00,371,441266,Gravenberch,14,14,Liverpool,Midfielder,5.8,-0.1,-0.2,a,,,,,1.1,1.0,1.0,1.0,1143,8693,35681,130046,,,
2026-09-28T05:27:30+00:00,372,243016,Mac Allister,14,14,Liverpool,Midfielder,5.4,0.0,-0.1,a,,,,,1.3,2.5,2.5,2.5,3619,6566,45239,96280,5,,
2026-09-28T05:27:30+00:00,373,206915,C.Jones,14,14,Liverpool,Midfielder,5.5,0.0,0.0,u,Has joined Internazionale permanently,2026-08-16T18:30:07.426408Z,0,0,0.0,0.0,0.0,0.0,0,56,34,2643,,,
2026-09-28T05:27:30+00:00,374,158983,Endo,14,14,Liverpool,Midfielder,4.9,0.0,-0.1,a,,2026-07-23T12:01:23.612529Z,100,100,0.1,0.0,0.0,0.0,152,418,2315,4784,,,
2026-09-28T05:27:30+00:00,375,591386,Nyoni,14,14,Liverpool,Midfielder,4.9,0.0,-0.1,a,,,,,0.0,0.8,0.8,0.8,83,300,1340,3045,,,
2026-09-28T05:27:30+00:00,376,535928,Bajcetic,14,14,Liverpool,Midfielder,5.0,0.0,0.0,u,Has joined Celta Vigo permanently,2026-07-23T12:01:23.628373Z,0,0,0.0,0.0,0.0,0.0,0,2,19,106,,,
2026-09-28T05:27:30+00:00,377,551499,Munoz,14,14,Liverpool,Midfielder,6.5,0.0,0.0,a,,,,,0.9,2.8,2.8,2.8,1310,11030,117293,101372,,,
2026-09-28T05:27:30+00:00,378,491501,McConnell,14,14,Liverpool,Midfielder,4.4,0.0,-0.1,a,,,,,0.2,0.0,0.0,0.0,1022,1423,6897,12880,,,
2026-09-28T05:27:30+00:00,379,219168,Isak,14,14,Liverpool,Forward,9.1,0.0,0.1,d,Thigh injury - 75% chance of playing,2026-09-27T10:30:09.051435Z,,75,22.5,7.8,7.8,5.8,112314,69821,1239476,729790,2,,
2026-09-28T05:27:30+00:00,380,510663,Ekitiké,14,14,Liverpool,Forward,7.4,0.0,-0.1,i,Achilles injury - Unknown return date,2026-07-23T12:01:23.643771Z,0,0,0.1,0.0,0.0,0.0,342,780,2614,11243,,,
2026-09-28T05:27:30+00:00,381,514514,Koumas,14,14,Liverpool,Midfielder,5.0,0.0,0.0,a,,,,,0.0,0.5,0.5,0.5,140,179,819,1380,,,
2026-09-28T05:27:30+00:00,382,500058,Danns,14,14,Liverpool,Forward,4.5,0.0,0.0,a,,2026-07-23T12:01:23.659279Z,100,100,0.2,0.0,0.0,0.0,3286,2263,23093,9542,,,
2026-09-28T05:27:30+00:00,383,444884,Elliott,14,14,Liverpool,Midfielder,5.4,0.0,-0.1,u,Has joined Valencia on loan for the rest of the season,2026-09-02T16:05:49.104326Z,0,0,0.0,0.0,0.0,0.0,0,213,907,6133,,,
2026-09-28T05:27:30+00:00,579,445087,Araujo,14,14,Liverpool,Defender,5.4,0.0,-0.1,a,,,,,3.0,5.2,5.2,5.2,15634,9886,147550,159575,,,
2026-09-28T05:27:30+00:00,627,482616,Barcola,14,14,Liverpool,Midfielder,8.0,0.0,0.0,a,,,,,1.9,2.3,2.3,2.3,9181,17938,286643,129184,,,
2026-09-28T05:27:30+00:00,155,448047,Enzo,15,43,Man City,Midfielder,6.9,0.0,-0.1,a,,,,,3.6,3.0,3.0,3.0,29076,13444,170743,320353,,,
2026-09-28T05:27:30+00:00,237,440993,Ndiaye,15,43,Man City,Midfielder,5.8,-0.1,-0.2,a,,,,,6.7,3.2,3.2,3.2,6566,65828,297435,1133831,,,
2026-09-28T05:27:30+00:00,384,204936,Donnarumma,15,43,Man City,Goalkeeper,5.5,0.0,0.0,a,,,,,7.6,5.3,5.3,5.3,10153,28753,206344,314669,,,
2026-09-28T05:27:30+00:00,386,122074,Bettinelli,15,43,Man City,Goalkeeper,4.5,0.0,0.0,a,,,,,0.0,0.0,0.0,0.0,48,85,563,1121,,,
2026-09-28T05:27:30+00:00,387,472769,O'Reilly,15,43,Man City,Defender,6.3,-0.1,-0.2,a,,2026-09-05T18:00:06.379802Z,100,100,10.9,0.7,0.7,0.7,4953,67496,192297,1204007,,,
2026-09-28T05:27:30+00:00,388,209036,Guéhi,15,43,Man City,Defender,6.0,0.0,0.0,a,,,,,18.2,6.0,6.0,6.0,22442,47873,504362,459849,,,
2026-09-28T05:27:30+00:00,389,465351,Matheus N.,15,43,Man City,Defender,5.9,0.0,-0.1,a,,2026-08-27T11:30:08.171622Z,100,100,1.0,3.3,3.3,3.3,1554,2756,14709,73897,4,,
2026-09-28T05:27:30+00:00,390,171314,Rúben,15,43,Man City,Defender,5.5,0.0,0.0,a,,,,,1.9,4.3,4.3,4.3,4373,8658,66961,73460,,,
2026-09-28T05:27:30+00:00,391,477424,Gvardiol,15,43,Man City,Defender,5.7,0.0,0.2,a,,,,,26.8,7.7,7.7,7.7,139900,49689,1821932,409905,,,
2026-09-28T05:27:30+00:00,392,448514,Aït-Nouri,15,43,Man City,Defender,5.3,0.0,-0.2,a,,,,,0.4,0.0,0.0,0.0,494,2072,7846,61481,,,
2026-09-28T05:27:30+00:00,393,578153,Khusanov,15,43,Man City,Defender,5.4,0.0,-0.1,a,,,,,1.4,1.7,1.7,1.7,1330,8650,26766,80296,,,
2026-09-28T05:27:30+00:00,394,494307,Alleyne,15,43,Man City,Defender,5.0,0.0,0.0,u,Has joined Burnley on loan for the rest of the season,2026-08-18T14:11:56.324656Z,0,0,0.0,0.0,0.0,0.0,0,18,0,616,,,
2026-09-28T05:27:30+00:00,395,477064,Lewis,15,43,Man City,Defender,4.4,0.0,-0.1,a,,,,,0.2,0.0,0.0,0.0,280,1142,8236,16208,,,
2026-09-28T05:27:30+00:00,396,616222,Vitor Reis,15,43,Man City,Defender,4.5,0.0,0.0,a,,,,,0.0,0.0,0.0,0.0,69,141,549,1164,,,
2026-09-28T05:27:30+00:00,397,437730,Semenyo,15,43,Man City,Midfielder,8.4,0.0,-0.1,d,Ankle injury - 75% chance of playing,2026-09-24T12:00:09.848000Z,,75,15.4,8.7,8.7,6.5,122599,57700,313502,1200400,2,,
2026-09-28T05:27:30+00:00,398,209244,Foden,15,43,Man City,Midfielder,6.9,0.0,-0.1,s,Suspended until 17 Oct,2026-09-13T17:00:09.433455Z,0,0,1.8,-0.3,0.0,0.0,192,26976,303438,564698,,,
2026-09-28T05:27:30+00:00,399,466052,Cherki,15,43,Man City,Midfielder,7.8,0.0,0.3,a,,,,,28.4,4.0,4.0,4.0,114136,84006,2661297,950951,,,
2026-09-28T05:27:30+00:00,400,248875,Doku,15,43,Man City,Midfielder,7.4,0.0,-0.1,a,,2026-08-18T17:00:08.385597Z,75,100,0.7,0.3,0.2,0.3,3880,1879,5347,127965,3,,
2026-09-28T05:27:30+00:00,402,220566,Rodrigo,15,43,Man City,Midfielder,6.5,0.0,0.0,u,Has joined Barcelona permanently,2026-07-23T12:01:23.675537Z,0,0,0.0,0.0,0.0,0.0,0,22,0,1226,,,
2026-09-28T05:27:30+00:00,404,433036,Reijnders,15,43,Man City,Midfielder,6.0,0.0,0.0,u,Has joined Al Qadsiah permanently,2026-08-20T14:02:58.154273Z,0,0,0.0,0.0,0.0,0.0,0,92,0,8177,,,
2026-09-28T05:27:30+00:00,406,91651,Kovačić,15,43,Man City,Midfielder,5.4,0.0,-0.1,a,,,,,0.1,0.0,0.0,0.0,100,436,2242,6265,,,
2026-09-28T05:27:30+00:00,407,575204,Echeverri,15,43,Man City,Midfielder,4.9,0.0,-0.1,u,Has joined Benfica on loan for the rest of the season,2026-09-03T15:41:24.710479Z,0,0,0.0,0.0,0.0,0.0,0,51,250,1340,,,
2026-09-28T05:27:30+00:00,408,155405,Phillips,15,43,Man City,Midfielder,5.0,0.0,0.0,u,Has joined Sheffield United on loan for the rest of the season,2026-08-18T14:11:56.348781Z,0,0,0.0,0.0,0.0,0.0,0,11,0,570,,,
2026-09-28T05:27:30+00:00,409,590039,Mukasa,15,43,Man City,Midfielder,4.5,0.0,0.0,u,has joined West Ham on loan for the rest of the seaon.,2026-09-03T10:34:10.733520Z,0,0,0.1,0.0,0.0,0.0,0,557,1621,12124,,,
2026-09-28T05:27:30+00:00,410,649208,Monga,15,43,Man City,Midfielder,4.9,0.0,-0.1,u,Has joined Swansea City on loan for the rest of the season,2026-09-02T16:02:01.136760Z,0,0,0.0,0.0,0.0,0.0,0,48,219,1268,,,
2026-09-28T05:27:30+00:00,411,223094,Haaland,15,43,Man City,Forward,15.6,0.0,0.1,a,,,,,73.8,8.0,8.0,8.0,73174,18334,918451,319992,1,,
2026-09-28T05:27:30+00:00,481,215379,Anderson,15,43,Man City,Midfielder,6.3,0.0,-0.2,a,,2026-08-23T17:00:07.952697Z,100,100,4.0,3.3,3.3,3.3,7365,26524,104804,444364,,,
2026-09-28T05:27:30+00:00,587,106921,Rulli,15,43,Man City,Goalkeeper,5.0,0.0,0.0,a,,,,,0.0,0.0,0.0,0.0,67,101,599,1112,,,
2026-09-28T05:27:30+00:00,616,637238,Bouaddi,15,43,Man City,Midfielder,5.5,0.0,0.0,a,,,,,0.2,0.3,0.3,0.3,799,2032,20998,13471,,,
2026-09-28T05:27:30+00:00,621,616288,McAidoo,15,43,Man City,Midfielder,4.5,0.0,0.0,a,,,,,0.1,0.3,0.3,0.3,183,1034,11352,7057,,,
2026-09-28T05:27:30+00:00,622,554054,Braithwaite,15,43,Man City,Defender,4.0,0.0,0.0,a,,,,,0.2,0.0,0.0,0.0,547,1578,16754,9129,,,
2026-09-28T05:27:30+00:00,628,624777,Allan,15,43,Man City,Midfielder,6.0,0.0,0.0,a,,,,,0.0,0.0,0.0,0.0,208,156,1171,677,,,
2026-09-28T05:27:30+00:00,653,595480,Samba,15,43,Man City,Midfielder,4.5,0.0,0.0,a,,,,,0.0,0.0,0.0,0.0,235,463,3884,2146,,,
2026-09-28T05:27:30+00:00,43,166989,Tielemans,16,1,Man Utd,Midfielder,5.8,0.0,-0.2,a,,2026-07-23T12:01:23.321726Z,100,100,1.5,3.0,3.0,3.0,2897,10244,44344,160868,3,,
2026-09-28T05:27:30+00:00,131,535301,Baleba,16,1,Man Utd,Midfielder,4.9,0.0,-0.1,a,,2026-08-06T16:00:10.997714Z,50,100,0.1,0.0,0.0,0.0,1167,680,6606,14321,,,
2026-09-28T05:27:30+00:00,162,532605,Andrey Santos,16,1,Man Utd,Midfielder,4.8,0.0,-0.2,a,,,,,0.6,0.5,0.5,0.5,981,4692,22178,73311,,,
2026-09-28T05:27:30+00:00,325,59735,Darlow,16,1,Man Utd,Goalkeeper,4.5,0.0,0.0,d,Unspecified injury - 75% chance of playing,2026-09-21T13:30:08.885505Z,100,75,0.0,0.0,0.0,0.0,57,200,1064,1581,,,
2026-09-28T05:27:30+00:00,412,465247,Lammens,16,1,Man Utd,Goalkeeper,4.9,0.0,-0.1,a,,,,,9.9,2.5,2.5,2.5,6260,46450,98468,684881,,,
2026-09-28T05:27:30+00:00,413,451302,Bayindir,16,1,Man Utd,Goalkeeper,4.5,0.0,0.0,u,Has joined Celta Vigo on loan for the rest of the season,2026-08-10T14:02:28.608415Z,0,0,0.0,0.0,0.0,0.0,0,33,0,1143,,,
2026-09-28T05:27:30+00:00,414,21205,Heaton,16,1,Man Utd,Goalkeeper,4.0,0.0,0.0,i,Hamstring injury - Unknown return date,2026-08-15T16:00:07.854151Z,0,0,0.1,0.0,0.0,0.0,188,249,2106,3536,,,
2026-09-28T05:27:30+00:00,415,596777,Dorgu,16,1,Man Utd,Midfielder,5.8,0.0,-0.2,d,Hamstring injury - 75% chance of playing,2026-09-27T21:30:07.831640Z,,75,0.5,2.5,2.5,1.9,1018,3667,13988,97204,,,
2026-09-28T05:27:30+00:00,416,209365,De Ligt,16,1,Man Utd,Defender,5.0,0.0,0.0,i,Back injury - Unknown return date,2026-07-23T12:01:23.690880Z,0,0,0.0,0.0,0.0,0.0,67,122,446,1545,,,
2026-09-28T05:27:30+00:00,417,216051,Dalot,16,1,Man Utd,Defender,4.9,0.0,-0.1,a,,,,,1.6,1.8,1.8,1.8,1151,7119,25930,135614,,,
2026-09-28T05:27:30+00:00,418,95658,Maguire,16,1,Man Utd,Defender,4.8,-0.1,-0.2,a,,,,,8.7,2.2,2.2,2.2,4000,72356,137958,1002047,,,
2026-09-28T05:27:30+00:00,419,221820,Martinez,16,1,Man Utd,Defender,5.0,0.0,0.0,a,,2026-07-24T20:00:10.337107Z,100,100,1.3,1.5,1.5,1.5,3494,6109,36420,66962,,,
2026-09-28T05:27:30+00:00,420,550864,Yoro,16,1,Man Utd,Defender,4.8,-0.1,-0.2,a,,,,,0.5,0.5,0.5,0.5,445,2086,5227,35928,,,
2026-09-28T05:27:30+00:00,421,606745,Heaven,16,1,Man Utd,Defender,4.4,0.0,-0.1,a,,,,,0.3,0.0,0.0,0.0,217,1382,5987,23968,,,
2026-09-28T05:27:30+00:00,422,230001,Mazraoui,16,1,Man Utd,Defender,4.4,0.0,-0.1,a,,,,,0.5,0.5,0.5,0.5,545,2758,14329,40845,,,
2026-09-28T05:27:30+00:00,423,106760,Shaw,16,1,Man Utd,Defender,4.3,-0.1,-0.2,a,,2026-09-11T13:00:09.030120Z,50,100,7.7,2.0,1.0,2.0,3297,74004,100781,1305933,,,
2026-09-28T05:27:30+00:00,424,577974,Amass,16,1,Man Utd,Defender,4.0,0.0,0.0,a,,,,,0.2,0.0,0.0,0.0,394,746,6296,8776,,,
2026-09-28T05:27:30+00:00,425,547676,Fredricson,16,1,Man Utd,Defender,4.0,0.0,0.0,u,Has joined Lausanne-Sport permanently,2026-08-18T14:12:31.904433Z,0,0,0.0,0.0,0.0,0.0,0,46,0,1314,,,
2026-09-28T05:27:30+00:00,426,141746,B.Fernandes,16,1,Man Utd,Midfielder,11.9,-0.1,-0.1,a,,,,,38.5,7.2,7.2,7.2,39452,188905,651052,1841855,1,,
2026-09-28T05:27:30+00:00,427,446008,Mbeumo,16,1,Man Utd,Midfielder,7.9,0.0,-0.1,a,,,,,20.6,5.8,5.8,5.8,33297,124209,460276,2010708,2,,
2026-09-28T05:27:30+00:00,428,430871,Cunha,16,1,Man Utd,Midfielder,7.9,0.0,-0.1,a,,,,,5.8,6.0,6.0,6.0,19626,20483,93372,508514,,,
2026-09-28T05:27:30+00:00,429,176297,Rashford,16,1,Man Utd,Midfielder,7.0,0.0,0.0,d,Unspecified injury - 75% chance of playing,2026-09-21T10:30:09.221479Z,,75,1.5,2.2,2.2,1.7,4056,16532,85085,127613,,,
2026-09-28T05:27:30+00:00,430,184341,Mount,16,1,Man Utd,Midfielder,5.4,0.0,-0.1,a,,2026-08-15T16:00:07.879135Z,100,100,0.0,0.2,0.2,0.2,168,187,896,1963,,,
2026-09-28T05:27:30+00:00,431,493250,Amad,16,1,Man Utd,Midfielder,5.7,0.0,-0.3,i,Unspecified injury - Unknown return date,2026-08-22T11:00:08.617283Z,0,0,0.3,0.0,0.0,0.0,113,1683,2155,123404,,,
2026-09-28T05:27:30+00:00,432,516895,Mainoo,16,1,Man Utd,Midfielder,5.5,0.0,0.0,d,Unspecified injury - 75% chance of playing,2026-09-21T13:00:09.169862Z,,75,1.6,5.2,5.2,3.9,7413,13993,94507,66270,,,
2026-09-28T05:27:30+00:00,433,232112,Ugarte,16,1,Man Utd,Midfielder,5.0,0.0,0.0,i,Knee injury - Unknown return date,2026-07-23T12:01:23.706702Z,0,0,0.0,0.0,0.0,0.0,22,23,118,263,,,
2026-09-28T05:27:30+00:00,434,547037,J.Fletcher,16,1,Man Utd,Midfielder,4.9,0.0,-0.1,a,,,,,0.0,0.0,0.0,0.0,41,56,321,704,,,
2026-09-28T05:27:30+00:00,435,576628,Lacey,16,1,Man Utd,Midfielder,4.9,0.0,-0.1,a,,,,,0.1,0.0,0.0,0.0,359,336,1712,3301,,,
2026-09-28T05:27:30+00:00,436,490881,Collyer,16,1,Man Utd,Midfielder,5.0,0.0,0.0,u,Has joined West Brom permanently,2026-09-01T13:16:48.584385Z,0,0,0.0,0.0,0.0,0.0,0,43,150,1050,,,
2026-09-28T05:27:30+00:00,437,576620,Bendito Mantato,16,1,Man Utd,Midfielder,4.4,-0.1,-0.1,a,,,,,0.2,0.0,0.0,0.0,366,806,5030,9587,,,
2026-09-28T05:27:30+00:00,438,519913,Fletcher,16,1,Man Utd,Midfielder,4.4,0.0,-0.1,a,,,,,0.3,0.0,0.0,0.0,2470,2009,10539,16778,,,
2026-09-28T05:27:30+00:00,439,485711,Šeško,16,1,Man Utd,Forward,7.0,0.0,0.0,d,Shin injury - 75% chance of playing,2026-09-20T19:30:08.505755Z,100,75,1.6,1.8,1.8,1.4,6506,22779,103945,132452,,,
2026-09-28T05:27:30+00:00,440,458249,Zirkzee,16,1,Man Utd,Forward,5.3,-0.1,-0.2,a,,,,,0.4,0.5,0.5,0.5,1788,2982,15668,43535,,,
2026-09-28T05:27:30+00:00,441,596047,Obi,16,1,Man Utd,Forward,4.5,0.0,0.0,u,Has joined Willem II on loan for the rest of the season,2026-09-14T16:12:42.090874Z,0,0,0.9,0.0,0.0,0.0,0,10791,45543,73733,,,
2026-09-28T05:27:30+00:00,405,465694,N.Gonzalez,17,4,Newcastle,Midfielder,5.5,0.0,0.0,a,,2026-09-14T21:30:07.343728Z,0,100,0.2,1.2,0.0,1.2,553,1785,18016,16954,,,
2026-09-28T05:27:30+00:00,442,98747,Pope,17,4,Newcastle,Goalkeeper,4.9,0.0,-0.1,a,,,,,0.9,0.0,0.0,0.0,821,2975,13314,53698,,,
2026-09-28T05:27:30+00:00,443,81441,Gillespie,17,4,Newcastle,Goalkeeper,4.5,0.0,0.0,a,,,,,0.0,0.0,0.0,0.0,41,83,766,1203,,,
2026-09-28T05:27:30+00:00,444,554578,Jaouen,17,4,Newcastle,Goalkeeper,4.4,-0.1,-0.1,d,Ankle injury - 50% chance of playing,2026-09-10T16:00:09.127466Z,50,50,0.0,0.0,0.0,0.0,19,113,452,1518,,,
2026-09-28T05:27:30+00:00,445,465642,Thiaw,17,4,Newcastle,Defender,5.0,0.0,0.0,a,,,,,2.2,2.8,2.8,2.8,8021,9356,177322,122367,,,
2026-09-28T05:27:30+00:00,446,119471,Schär,17,4,Newcastle,Defender,4.9,0.0,-0.1,a,,2026-08-15T16:30:07.209742Z,100,100,0.2,0.2,0.2,0.2,521,867,7032,13813,,,
2026-09-28T05:27:30+00:00,447,220237,Botman,17,4,Newcastle,Defender,5.0,0.0,0.0,a,,,,,0.7,3.0,3.0,3.0,4460,2767,47134,28061,,,
2026-09-28T05:27:30+00:00,448,78916,Burn,17,4,Newcastle,Defender,4.8,-0.1,-0.2,i,Ankle injury - Expected back 12 Oct,2026-08-23T18:00:08.367241Z,0,0,0.7,0.0,0.0,0.0,96,5507,7311,160415,,,
2026-09-28T05:27:30+00:00,449,487838,Hall,17,4,Newcastle,Defender,5.3,0.1,0.3,a,,,,,17.2,7.0,7.0,7.0,235833,18244,1649335,346077,,,
2026-09-28T05:27:30+00:00,450,441191,Livramento,17,4,Newcastle,Defender,4.9,0.0,-0.1,d,Unspecified injury - 75% chance of playing,2026-09-19T14:00:09.046677Z,100,75,0.1,1.0,1.0,0.8,425,1430,10221,5870,,,
2026-09-28T05:27:30+00:00,451,545477,A.Murphy,17,4,Newcastle,Defender,4.0,0.0,0.0,u,Has joined FC Kaiserslautern on loan for the rest of the season,2026-08-12T14:05:29.224600Z,0,0,0.1,0.0,0.0,0.0,0,277,0,6928,,,
2026-09-28T05:27:30+00:00,453,201666,Barnes,17,4,Newcastle,Midfielder,6.1,0.1,0.1,a,,,,,5.6,6.5,6.5,6.5,150264,15840,621367,147748,,,
2026-09-28T05:27:30+00:00,454,449434,Elanga,17,4,Newcastle,Midfielder,6.1,-0.1,0.1,i,Unspecified injury - Unknown return date,2026-09-14T20:00:09.505598Z,0,0,4.6,2.2,0.0,0.0,304,161618,1286141,1081579,,,
2026-09-28T05:27:30+00:00,456,232653,J.Ramsey,17,4,Newcastle,Midfielder,4.9,0.0,-0.1,i,Thigh injury - Unknown return date,2026-09-15T09:00:08.191022Z,0,0,0.2,1.8,0.0,0.0,53,4536,16599,30739,,,
2026-09-28T05:27:30+00:00,457,114243,J.Murphy,17,4,Newcastle,Midfielder,5.9,0.0,-0.1,a,,,,,0.1,0.8,0.8,0.8,895,721,5998,10900,,,
2026-09-28T05:27:30+00:00,458,180974,Joelinton,17,4,Newcastle,Midfielder,5.4,0.0,-0.1,i,Unspecified injury - Unknown return date,2026-08-16T08:00:08.074045Z,0,0,0.0,0.0,0.0,0.0,11,73,222,2235,,,
2026-09-28T05:27:30+00:00,459,547719,L.Miley,17,4,Newcastle,Midfielder,5.5,0.0,0.0,a,,2026-07-23T12:01:23.785456Z,100,100,0.1,2.2,2.2,2.2,449,427,6313,5434,,,
2026-09-28T05:27:30+00:00,460,200089,Willock,17,4,Newcastle,Midfielder,5.0,0.0,0.0,a,,,,,0.6,4.0,4.0,4.0,9213,2511,64033,30496,,,
2026-09-28T05:27:30+00:00,461,611665,Touré,17,4,Newcastle,Midfielder,5.8,0.0,-0.2,a,,,,,0.1,2.0,2.0,2.0,309,815,3692,16422,,,
2026-09-28T05:27:30+00:00,462,636852,Steur,17,4,Newcastle,Midfielder,4.9,0.0,-0.1,a,,,,,0.1,1.8,1.8,1.8,257,356,2413,6153,,,
2026-09-28T05:27:30+00:00,463,470313,Woltemade,17,4,Newcastle,Forward,5.9,0.0,-0.1,u,Has joined Juventus on loan for the rest of the season,2026-09-02T16:07:16.549304Z,0,0,0.5,1.0,0.0,0.0,0,3459,14520,141894,,,
2026-09-28T05:27:30+00:00,464,216646,Wissa,17,4,Newcastle,Forward,6.2,0.0,0.2,a,,,,,18.6,2.8,2.8,2.8,80691,135620,2276203,722630,2,,
2026-09-28T05:27:30+00:00,465,538207,Osula,17,4,Newcastle,Forward,5.8,-0.1,-0.2,i,Foot injury - Unknown return date,2026-08-25T19:00:08.004915Z,0,0,0.3,0.0,0.0,0.0,117,2240,21440,86545,1,,
2026-09-28T05:27:30+00:00,466,599303,Neave,17,4,Newcastle,Forward,4.5,0.0,0.0,u,Has joined Wolves on loan for the rest of the season,2026-09-04T12:37:43.515176Z,0,0,0.5,0.0,0.0,0.0,0,3704,23805,52326,,,
2026-09-28T05:27:30+00:00,559,632794,Bamba,17,4,Newcastle,Midfielder,4.9,0.0,-0.1,a,,,,,0.1,0.5,0.5,0.5,123,466,2563,7550,,,
2026-09-28T05:27:30+00:00,567,470551,Horníček,17,4,Newcastle,Goalkeeper,5.0,0.0,0.0,a,,,,,1.5,3.2,3.2,3.2,6777,4588,151427,71141,,,
2026-09-28T05:27:30+00:00,593,463726,Dedić,17,4,Newcastle,Defender,4.5,0.0,0.0,i,Unspecified injury - Unknown return date,2026-09-17T14:30:09.823731Z,0,0,1.8,3.0,0.0,0.0,243,36069,447865,306119,,,
2026-09-28T05:27:30+00:00,609,553746,Shahar,17,4,Newcastle,Defender,4.0,0.0,0.0,u,has joined Arouca on loan for the rest of the seaon.,2026-09-11T14:41:57.406766Z,0,0,0.2,0.0,0.0,0.0,0,1784,18236,15682,,,
2026-09-28T05:27:30+00:00,634,613221,Fernandez-Pardo,17,4,Newcastle,Forward,6.0,0.0,0.0,a,,,,,0.1,1.3,1.3,1.3,1786,1326,16857,6226,,,
2026-09-28T05:27:30+00:00,659,665243,Miley,17,4,Newcastle,Midfielder,4.5,0.0,0.0,a,,,,,0.0,0.0,0.0,0.0,1349,620,4787,1222,,,
2026-09-28T05:27:30+00:00,663,578512,Pivas,17,4,Newcastle,Defender,4.0,0.0,0.0,a,,,,,0.0,0.0,1.1,1.1,368,49,368,49,,,
2026-09-28T05:27:30+00:00,664,601767,Salia,17,4,Newcastle,Forward,4.5,0.0,0.0,a,,,,,0.1,0.0,1.0,1.0,8984,1416,8984,1416,,,
2026-09-28T05:27:30+00:00,665,655585,Mills,17,4,Newcastle,Midfielder,4.5,0.0,0.0,a,,,,,0.0,0.0,1.1,1.1,153,25,153,25,,,
2026-09-28T05:27:30+00:00,666,671875,Thompson,17,4,Newcastle,Midfielder,4.5,0.0,0.0,a,,,,,0.0,0.0,1.1,1.1,223,33,223,33,,,
2026-09-28T05:27:30+00:00,167,463034,Delap,18,17,Nott'm Forest,Forward,5.6,0.1,0.1,a,,,,,2.7,2.2,2.2,2.2,24201,27604,311377,81176,3,,
2026-09-28T05:27:30+00:00,201,247348,Muñoz,18,17,Nott'm Forest,Defender,5.4,0.0,-0.1,a,,,,,5.7,1.7,1.7,1.7,7462,28597,158020,482773,,,
2026-09-28T05:27:30+00:00,467,85633,Sels,18,17,Nott'm Forest,Goalkeeper,5.0,0.0,0.0,a,,,,,1.6,3.0,3.0,3.0,1863,5788,68116,61850,,,
2026-09-28T05:27:30+00:00,468,221389,John,18,17,Nott'm Forest,Goalkeeper,4.5,0.0,0.0,a,,,,,0.1,0.0,0.0,0.0,54,142,861,2002,,,
2026-09-28T05:27:30+00:00,469,215136,N.Williams,18,17,Nott'm Forest,Defender,5.0,0.0,0.0,a,,,,,8.8,4.2,4.2,4.2,10497,43396,324983,348654,,,
2026-09-28T05:27:30+00:00,470,485047,Morato,18,17,Nott'm Forest,Defender,5.0,0.0,0.0,u,Has joined West Ham on loan for the rest of the season,2026-09-02T16:19:54.503286Z,0,0,0.0,0.0,0.0,0.0,0,110,424,3690,,,
2026-09-28T05:27:30+00:00,471,227444,Milenković,18,17,Nott'm Forest,Defender,5.4,-0.1,-0.1,i,Hamstring injury - Expected back 11 Oct,2026-09-12T14:00:09.705107Z,0,0,1.0,2.5,0.0,0.0,59,11624,17991,106781,,,
2026-09-28T05:27:30+00:00,472,575476,Murillo,18,17,Nott'm Forest,Defender,5.5,0.0,0.0,a,,2026-07-23T12:01:23.801183Z,100,100,2.1,4.8,4.8,4.8,7676,7584,103173,60845,,,
2026-09-28T05:27:30+00:00,473,159506,Aina,18,17,Nott'm Forest,Defender,4.4,-0.1,-0.1,a,,,,,2.4,0.8,0.8,0.8,1012,19611,69125,169398,,,
2026-09-28T05:27:30+00:00,474,575458,Jair Cunha,18,17,Nott'm Forest,Defender,4.5,0.0,0.0,a,,2026-09-12T14:00:09.724349Z,75,100,0.2,2.5,1.9,2.5,225,608,9731,13134,,,
2026-09-28T05:27:30+00:00,475,500151,Savona,18,17,Nott'm Forest,Defender,4.5,0.0,0.0,i,Knee injury - Unknown return date,2026-07-23T12:01:23.816304Z,0,0,0.0,0.0,0.0,0.0,20,17,240,275,,,
2026-09-28T05:27:30+00:00,476,204822,O.Richards,18,17,Nott'm Forest,Defender,4.0,0.0,0.0,a,,,,,0.2,0.0,0.0,0.0,280,692,3980,8243,,,
2026-09-28T05:27:30+00:00,477,549067,Abbott,18,17,Nott'm Forest,Defender,4.0,0.0,0.0,u,Has joined Southampton on loan for the rest of the season,2026-09-02T16:19:54.536676Z,0,0,0.1,0.0,0.0,0.0,0,774,2459,13847,,,
2026-09-28T05:27:30+00:00,478,470315,Netz,18,17,Nott'm Forest,Defender,4.4,0.0,-0.1,a,,,,,0.0,0.5,0.5,0.5,54,110,684,1581,,,
2026-09-28T05:27:30+00:00,479,538638,Bindon,18,17,Nott'm Forest,Defender,4.0,0.0,0.0,u,Has joined Charlton Athletic on loan for the rest of the season,2026-09-01T13:16:05.383880Z,0,0,0.1,0.0,0.0,0.0,0,501,799,8631,,,
2026-09-28T05:27:30+00:00,480,222531,Gibbs-White,18,17,Nott'm Forest,Midfielder,8.0,0.0,0.0,a,,2026-08-24T15:30:08.350159Z,100,100,15.7,6.5,6.5,6.5,61129,77871,1204811,660565,1,,
2026-09-28T05:27:30+00:00,482,209046,Hudson-Odoi,18,17,Nott'm Forest,Midfielder,5.8,0.0,-0.2,a,,2026-07-23T12:01:23.832709Z,100,100,0.1,0.2,0.2,0.2,243,1115,5254,17515,,,
2026-09-28T05:27:30+00:00,483,456512,Ndoye,18,17,Nott'm Forest,Midfielder,5.5,0.0,0.0,a,,,,,0.7,3.0,3.0,3.0,711,7808,72307,48971,,,
2026-09-28T05:27:30+00:00,484,503301,Hutchinson,18,17,Nott'm Forest,Midfielder,5.4,0.0,-0.1,u,Has joined AC Milan on loan for the rest of the season,2026-09-01T13:23:52.340206Z,0,0,0.1,0.0,0.0,0.0,0,336,427,10964,,,
2026-09-28T05:27:30+00:00,485,476887,Bakwa,18,17,Nott'm Forest,Midfielder,5.5,0.0,0.0,u,Has joined Lille on loan for the rest of the season,2026-08-27T14:53:03.381941Z,0,0,0.0,0.0,0.0,0.0,0,32,107,1174,,,
2026-09-28T05:27:30+00:00,486,432714,McAtee,18,17,Nott'm Forest,Midfielder,5.5,0.0,0.0,a,,,,,0.1,2.2,2.2,2.2,324,874,9969,5920,,,
2026-09-28T05:27:30+00:00,487,250199,Dominguez,18,17,Nott'm Forest,Midfielder,4.9,0.0,-0.1,a,,,,,0.1,0.2,0.2,0.2,60,281,1198,4083,,,
2026-09-28T05:27:30+00:00,488,210462,I.Sangaré,18,17,Nott'm Forest,Midfielder,4.9,0.0,-0.1,a,,2026-08-28T09:30:07.471668Z,100,100,0.4,0.5,0.5,0.5,284,2881,9183,68460,,,
2026-09-28T05:27:30+00:00,489,204968,Yates,18,17,Nott'm Forest,Midfielder,4.5,0.0,0.0,a,,2026-08-17T20:30:08.195072Z,100,100,1.2,0.0,0.0,0.0,563,7043,30209,93398,,,
2026-09-28T05:27:30+00:00,490,60689,Wood,18,17,Nott'm Forest,Forward,5.8,0.0,-0.2,a,,,,,0.9,0.8,0.8,0.8,1807,6170,24386,116017,2,,
2026-09-28T05:27:30+00:00,491,482973,Igor Jesus,18,17,Nott'm Forest,Forward,5.8,0.0,-0.2,a,,,,,2.6,2.5,2.5,2.5,6685,22174,125685,269519,4,,
2026-09-28T05:27:30+00:00,493,465680,Kalimuendo,18,17,Nott'm Forest,Forward,5.4,0.0,-0.1,a,,,,,0.1,0.0,0.0,0.0,209,399,3019,4099,,,
2026-09-28T05:27:30+00:00,558,204561,Schlager,18,17,Nott'm Forest,Midfielder,5.0,0.0,0.0,a,,,,,0.1,3.0,3.0,3.0,205,740,5885,5757,,,
2026-09-28T05:27:30+00:00,581,568420,Diomande,18,17,Nott'm Forest,Defender,5.4,0.0,-0.1,a,,,,,0.5,1.8,1.8,1.8,1435,2141,13557,41606,,,
2026-09-28T05:27:30+00:00,590,428971,Benda,18,17,Nott'm Forest,Goalkeeper,4.5,0.0,0.0,a,,,,,0.1,0.0,0.0,0.0,120,226,2660,2827,,,
2026-09-28T05:27:30+00:00,112,469142,Van Hecke,19,6,Spurs,Defender,4.9,0.0,-0.1,a,,,,,6.5,5.8,5.8,5.8,17179,26205,153348,471600,,,
2026-09-28T05:27:30+00:00,147,109646,Tosin,19,6,Spurs,Defender,4.4,0.0,-0.1,a,,,,,0.1,0.2,0.2,0.2,93,533,1985,7885,,,
2026-09-28T05:27:30+00:00,401,438234,Marmoush,19,6,Spurs,Forward,7.0,0.0,0.0,a,,,,,2.1,2.0,2.0,2.0,9922,20614,232401,161747,2,,
2026-09-28T05:27:30+00:00,403,510281,Sávio,19,6,Spurs,Midfielder,6.5,0.0,0.0,a,,2026-08-29T16:30:08.380416Z,100,100,0.7,2.0,2.0,2.0,2662,6428,99574,79191,,,
2026-09-28T05:27:30+00:00,455,432422,Tonali,19,6,Spurs,Midfielder,5.3,-0.1,-0.2,a,,2026-09-14T14:30:07.387706Z,100,100,1.9,3.0,3.0,3.0,2133,14371,47722,268978,,,
2026-09-28T05:27:30+00:00,494,184254,Vicario,19,6,Spurs,Goalkeeper,4.5,0.0,0.0,u,Has joined Juventus on loan for the rest of the season,2026-08-19T13:55:33.193962Z,0,0,0.1,0.0,0.0,0.0,0,684,0,22067,,,
2026-09-28T05:27:30+00:00,495,214572,Austin,19,6,Spurs,Goalkeeper,4.0,0.0,0.0,a,,,,,1.0,0.0,0.0,0.0,1811,2063,29462,21748,,,
2026-09-28T05:27:30+00:00,496,485055,Kinsky,19,6,Spurs,Goalkeeper,4.5,0.0,0.0,a,,,,,17.3,4.0,4.0,4.0,16335,106392,345489,788619,,,
2026-09-28T05:27:30+00:00,497,67089,Dubravka,19,6,Spurs,Goalkeeper,4.0,0.0,0.0,a,,,,,17.1,0.0,0.0,0.0,24815,45433,395454,438083,,,
2026-09-28T05:27:30+00:00,498,221466,Senesi,19,6,Spurs,Defender,5.8,0.0,-0.2,a,,,,,3.5,0.0,0.0,0.0,1108,20527,29252,456990,,,
2026-09-28T05:27:30+00:00,499,441164,Pedro Porro,19,6,Spurs,Defender,5.4,0.0,-0.1,d,Hamstring injury - 75% chance of playing,2026-09-19T12:00:08.823872Z,100,75,7.6,2.2,2.2,1.7,1633,71126,124407,988874,,,
2026-09-28T05:27:30+00:00,500,221632,Romero,19,6,Spurs,Defender,5.0,0.0,0.0,u,Has joined Atletico Madrid permanently,2026-08-17T13:49:05.465401Z,0,0,0.1,0.0,0.0,0.0,0,270,0,16784,,,
2026-09-28T05:27:30+00:00,502,122798,Robertson,19,6,Spurs,Defender,4.4,0.0,-0.1,a,,,,,2.5,3.5,3.5,3.5,5130,12017,66802,182693,,,
2026-09-28T05:27:30+00:00,503,491279,Van de Ven,19,6,Spurs,Defender,5.0,0.0,0.0,a,,2026-08-21T15:00:07.610517Z,100,100,3.8,4.0,4.0,4.0,5318,18805,93774,266046,,,
2026-09-28T05:27:30+00:00,505,232859,Spence,19,6,Spurs,Defender,4.5,0.0,0.0,u,Has joined Internazionale permanently,2026-08-18T14:13:08.454214Z,0,0,0.2,0.0,0.0,0.0,0,1122,0,69208,,,
2026-09-28T05:27:30+00:00,506,487053,Udogie,19,6,Spurs,Defender,4.4,0.0,-0.1,a,,2026-09-11T18:00:09.092110Z,100,100,0.3,1.5,1.5,1.5,319,1543,5558,22373,,,
2026-09-28T05:27:30+00:00,507,548308,Phillips,19,6,Spurs,Defender,4.5,0.0,0.0,u,Has joined Middlesbrough permanently,2026-08-18T14:13:08.474144Z,0,0,0.0,0.0,0.0,0.0,0,53,0,1268,,,
2026-09-28T05:27:30+00:00,508,115556,Davies,19,6,Spurs,Defender,3.9,-0.1,-0.1,a,,,,,0.9,0.0,0.0,0.0,7030,3621,18826,41064,,,
2026-09-28T05:27:30+00:00,509,640419,Byfield,19,6,Spurs,Defender,4.0,0.0,0.0,a,,,,,0.1,0.0,0.0,0.0,118,231,2333,2575,,,
2026-09-28T05:27:30+00:00,510,499716,Rowswell,19,6,Spurs,Defender,4.0,0.0,0.0,a,,,,,0.1,0.0,0.0,0.0,145,326,2874,3454,,,
2026-09-28T05:27:30+00:00,511,616221,Souza,19,6,Spurs,Defender,4.0,0.0,0.0,u,Has joined FC Porto on loan for the rest of the season,2026-09-01T13:24:26.858636Z,0,0,0.2,0.0,0.0,0.0,0,845,2555,16831,,,
2026-09-28T05:27:30+00:00,512,460842,Kudus,19,6,Spurs,Midfielder,6.5,0.0,0.0,a,,2026-07-23T12:01:23.848657Z,100,100,0.2,1.8,1.8,1.8,2092,1048,12886,11003,3,,
2026-09-28T05:27:30+00:00,513,493362,Xavi,19,6,Spurs,Midfielder,5.9,0.0,-0.1,i,Knee injury - Unknown return date,2026-07-23T12:01:23.864304Z,0,0,0.0,0.0,0.0,0.0,50,79,342,1120,4,,
2026-09-28T05:27:30+00:00,514,511499,Tel,19,6,Spurs,Midfielder,5.7,-0.1,-0.3,a,,,,,0.2,1.5,1.5,1.5,190,1875,9122,46692,,,
2026-09-28T05:27:30+00:00,515,172780,Maddison,19,6,Spurs,Midfielder,6.3,0.0,-0.2,a,,2026-08-25T14:30:07.623508Z,100,100,0.4,0.5,0.5,0.5,693,1890,5742,96143,,,
2026-09-28T05:27:30+00:00,516,202993,Bentancur,19,6,Spurs,Midfielder,5.5,0.0,0.0,a,,,,,0.2,3.5,3.5,3.5,338,651,5102,8308,,,
2026-09-28T05:27:30+00:00,517,550839,Odobert,19,6,Spurs,Midfielder,5.5,0.0,0.0,i,Knee injury - Unknown return date,2026-07-23T12:01:23.879434Z,0,0,0.0,0.0,0.0,0.0,19,11,121,106,,,
2026-09-28T05:27:30+00:00,518,482442,P.M.Sarr,19,6,Spurs,Midfielder,4.9,0.0,-0.1,u,Has joined Juventus on loan for the rest of the season,2026-09-02T16:02:43.386849Z,0,0,0.1,0.0,0.0,0.0,0,641,4138,23708,,,
2026-09-28T05:27:30+00:00,519,232787,Gallagher,19,6,Spurs,Midfielder,5.3,0.0,-0.2,a,,,,,0.2,2.2,2.2,2.2,766,606,4622,16994,,,
2026-09-28T05:27:30+00:00,520,570526,Bergvall,19,6,Spurs,Midfielder,5.3,-0.1,-0.2,a,,,,,0.1,0.5,0.5,0.5,95,592,1875,9525,,,
2026-09-28T05:27:30+00:00,521,445044,Kulusevski,19,6,Spurs,Midfielder,6.5,0.0,0.0,i,Knee injury - Unknown return date,2026-07-23T12:01:23.895175Z,0,0,0.0,0.0,0.0,0.0,76,60,382,725,,,
2026-09-28T05:27:30+00:00,522,547701,Gray,19,6,Spurs,Midfielder,4.9,0.0,-0.1,a,,,,,0.2,1.8,1.8,1.8,444,1135,6821,13306,,,
2026-09-28T05:27:30+00:00,523,499721,Moore,19,6,Spurs,Midfielder,5.0,0.0,0.0,u,Has joined FC Köln on loan for the rest of the season,2026-09-04T12:39:48.098158Z,0,0,0.1,0.2,0.0,0.0,0,515,3258,17000,,,
2026-09-28T05:27:30+00:00,524,499726,Olusesi,19,6,Spurs,Midfielder,4.4,0.0,-0.1,a,,,,,1.0,0.0,0.0,0.0,5988,7341,55604,49186,,,
2026-09-28T05:27:30+00:00,525,551226,Fernandes,19,6,Spurs,Midfielder,5.7,-0.1,-0.3,a,,,,,0.8,1.5,1.5,1.5,439,6332,14420,124419,,,
2026-09-28T05:27:30+00:00,526,154566,Solanke,19,6,Spurs,Forward,5.8,0.0,-0.2,a,,,,,0.8,1.5,1.5,1.5,1728,5393,29275,94444,1,,
2026-09-28T05:27:30+00:00,527,212319,Richarlison,19,6,Spurs,Forward,5.9,0.0,-0.1,u,not included in squad.,2026-09-04T12:32:39.183614Z,0,0,0.6,0.0,0.0,0.0,0,5442,21439,267925,,,
2026-09-28T05:27:30+00:00,528,490145,Scarlett,19,6,Spurs,Forward,4.5,0.0,0.0,u,Has joined Leyton Orient permanently,2026-09-02T16:02:43.413625Z,0,0,1.1,0.0,0.0,0.0,0,7684,42525,109251,,,
2026-09-28T05:27:30+00:00,578,465920,Mudryk,19,6,Spurs,Midfielder,5.3,-0.1,-0.2,i,Ankle injury - Unknown return date,2026-09-11T18:00:09.154412Z,0,0,0.0,0.2,0.0,0.0,19,536,5439,7584,,,
2026-09-28T05:27:30+00:00,601,611917,Williams-Barnett,19,6,Spurs,Midfielder,4.5,0.0,0.0,a,,,,,0.1,0.0,0.0,0.0,159,728,10241,7011,,,
2026-09-28T05:27:30+00:00,501,135720,Danso,20,56,Sunderland,Defender,5.0,0.0,0.0,a,,,,,0.2,0.8,0.8,0.8,1106,798,6531,9835,,,
2026-09-28T05:27:30+00:00,529,498016,Roefs,20,56,Sunderland,Goalkeeper,4.9,0.0,-0.1,a,,,,,2.5,2.5,2.5,2.5,1977,11047,21826,177172,,,
2026-09-28T05:27:30+00:00,530,232571,Patterson,20,56,Sunderland,Goalkeeper,4.0,0.0,0.0,u,Has joined Wrexham permanently,2026-08-12T14:08:03.064533Z,0,0,0.1,0.0,0.0,0.0,0,331,0,5983,,,
2026-09-28T05:27:30+00:00,531,515046,Ellborg,20,56,Sunderland,Goalkeeper,4.5,0.0,0.0,a,,,,,0.1,0.0,0.0,0.0,123,235,1162,3316,,,
2026-09-28T05:27:30+00:00,532,223827,Ballard,20,56,Sunderland,Defender,4.9,0.0,-0.1,d,Hamstring injury - 75% chance of playing,2026-09-25T21:30:10.370384Z,,75,2.5,3.5,3.5,2.6,3560,15430,45459,315998,,,
2026-09-28T05:27:30+00:00,533,200834,Mukiele,20,56,Sunderland,Defender,5.4,0.0,-0.1,a,,2026-08-09T08:30:05.954750Z,100,100,1.9,3.2,3.2,3.2,4893,8379,44224,129484,,,
2026-09-28T05:27:30+00:00,534,487676,Hume,20,56,Sunderland,Defender,4.3,-0.1,-0.2,a,,,,,2.8,2.0,2.0,2.0,1176,28515,37802,396190,,,
2026-09-28T05:27:30+00:00,535,201895,Alderete,20,56,Sunderland,Defender,4.8,-0.1,-0.2,a,,2026-08-09T08:30:05.962393Z,100,100,0.2,0.0,0.0,0.0,210,1017,4964,27293,,,
2026-09-28T05:27:30+00:00,536,434399,Reinildo,20,56,Sunderland,Defender,4.4,-0.1,-0.1,a,,2026-09-12T21:30:09.421687Z,0,100,0.3,1.5,0.0,1.5,173,1526,4036,24326,,,
2026-09-28T05:27:30+00:00,537,519634,Seelt,20,56,Sunderland,Defender,4.5,0.0,0.0,u,Has joined Swansea City on loan for the rest of the season,2026-08-29T00:34:52.425076Z,0,0,0.0,0.0,0.0,0.0,0,21,61,663,,,
2026-09-28T05:27:30+00:00,538,477547,Hjelde,20,56,Sunderland,Defender,4.0,0.0,0.0,u,Has joined KV Mechelen on loan for the rest of the season,2026-08-12T14:08:03.081789Z,0,0,0.0,0.0,0.0,0.0,0,148,0,2519,,,
2026-09-28T05:27:30+00:00,539,167512,O'Nien,20,56,Sunderland,Defender,3.9,-0.1,-0.1,a,,,,,2.5,0.0,0.0,0.0,16870,10928,31613,120828,,,
2026-09-28T05:27:30+00:00,540,105717,Masuaku,20,56,Sunderland,Defender,4.0,0.0,0.0,u,Has joined Konyaspor permanently,2026-08-12T14:08:03.097784Z,0,0,0.1,0.0,0.0,0.0,0,600,0,11533,,,
2026-09-28T05:27:30+00:00,541,93605,Meunier,20,56,Sunderland,Defender,4.5,0.0,0.0,a,,2026-08-16T08:30:07.830062Z,100,100,0.3,3.2,3.2,3.2,1545,810,6946,9562,,,
2026-09-28T05:27:30+00:00,542,484420,E.Le Fée,20,56,Sunderland,Midfielder,5.7,-0.1,-0.3,a,,,,,3.4,4.0,4.0,4.0,10736,22810,44308,649385,2,,
2026-09-28T05:27:30+00:00,543,547027,Diarra,20,56,Sunderland,Midfielder,5.4,0.0,-0.1,i,Hamstring injury - Unknown return date,2026-08-30T16:30:08.428960Z,0,0,0.0,1.0,0.0,0.0,18,206,556,5889,1,,
2026-09-28T05:27:30+00:00,544,84450,Xhaka,20,56,Sunderland,Midfielder,5.5,0.0,0.0,a,,,,,3.6,3.0,3.0,3.0,5897,22318,130429,207407,,,
2026-09-28T05:27:30+00:00,545,577669,Sadiki,20,56,Sunderland,Midfielder,4.9,0.0,-0.1,a,,,,,0.2,2.0,2.0,2.0,386,1275,5699,18300,,,
2026-09-28T05:27:30+00:00,546,535818,Adingra,20,56,Sunderland,Midfielder,4.9,0.0,-0.1,u,Has joined Ajax on loan for the rest of the season,2026-08-20T14:00:08.416985Z,0,0,0.0,0.0,0.0,0.0,0,182,240,7410,,,
2026-09-28T05:27:30+00:00,547,461199,Mundle,20,56,Sunderland,Midfielder,4.9,0.0,-0.1,i,Knee injury - Unknown return date,2026-09-09T14:00:08.462705Z,0,0,0.0,0.2,0.0,0.0,10,51,201,669,,,
2026-09-28T05:27:30+00:00,548,554197,Rigg,20,56,Sunderland,Midfielder,4.9,0.0,-0.1,a,,,,,0.0,0.2,0.2,0.2,28,217,465,2837,,,
2026-09-28T05:27:30+00:00,549,549912,Talbi,20,56,Sunderland,Midfielder,5.3,0.0,-0.2,a,,,,,0.1,0.0,0.0,0.0,104,539,1337,11759,,,
2026-09-28T05:27:30+00:00,550,699989,Jocelin.T,20,56,Sunderland,Midfielder,5.0,0.0,0.0,a,,,,,0.0,0.0,0.0,0.0,27,39,301,420,,,
2026-09-28T05:27:30+00:00,551,536661,N.Angulo,20,56,Sunderland,Midfielder,5.0,0.0,0.0,a,,,,,0.1,2.8,2.8,2.8,484,743,12763,10531,,,
2026-09-28T05:27:30+00:00,552,441264,Brobbey,20,56,Sunderland,Forward,5.7,-0.1,-0.3,d,Hamstring injury - 75% chance of playing,2026-09-24T21:30:10.382142Z,,75,7.0,5.5,5.5,4.1,192152,39915,283610,926087,,,
2026-09-28T05:27:30+00:00,553,437505,Isidor,20,56,Sunderland,Forward,5.5,0.0,0.0,a,,,,,1.3,3.5,3.5,3.5,2899,11128,95201,86282,,,
2026-09-28T05:27:30+00:00,612,638411,Methalie,20,56,Sunderland,Defender,4.5,0.0,0.0,a,,2026-08-28T13:00:08.950445Z,100,100,0.0,-0.2,-0.2,-0.2,105,64,894,490,,,
2026-09-28T05:27:30+00:00,613,696104,Ahoka,20,56,Sunderland,Midfielder,4.5,0.0,0.0,a,,,,,0.2,0.0,0.0,0.0,566,1532,25361,14230,,,
2026-09-28T05:27:30+00:00,646,549940,Fofana,20,56,Sunderland,Midfielder,5.5,0.0,0.0,a,,,,,0.0,1.0,1.0,1.0,311,290,4047,1718,,,
2026-09-28T05:27:30+00:00,651,661313,J.Angulo,20,56,Sunderland,Forward,4.5,0.0,0.0,a,,,,,0.7,0.0,0.0,0.0,8351,6978,90219,29993,,,
