observed_at,player_id,player_code,web_name,team_id,team_code,team_name,position,price,price_change_gameweek,price_change_season,status,news,news_added,chance_of_playing_this_round,chance_of_playing_next_round,selected_by_percent,form,expected_points_this_gameweek,expected_points_next_gameweek,transfers_in_event,transfers_out_event,transfers_in_season,transfers_out_season,penalties_order,direct_free_kicks_order,corners_and_indirect_free_kicks_order
2026-09-20T04:56:33+00:00,1,154561,Raya,1,3,Arsenal,Goalkeeper,6.0,0.0,0.0,a,,,,,41.8,6.0,6.0,6.0,44791,8569,885190,600973,,,
2026-09-20T04:56:33+00:00,2,109745,Arrizabalaga,1,3,Arsenal,Goalkeeper,4.9,0.0,-0.1,a,,,,,0.1,0.0,0.0,0.0,32,55,1409,4068,,,
2026-09-20T04:56:33+00:00,3,437495,Meslier,1,3,Arsenal,Goalkeeper,4.9,0.0,-0.1,a,,,,,0.0,0.0,0.0,0.0,9,25,476,1485,,,
2026-09-20T04:56:33+00:00,4,226597,Gabriel,1,3,Arsenal,Defender,8.0,0.0,0.0,a,,,,,23.0,5.0,5.0,5.0,4674,17749,214917,860640,,,
2026-09-20T04:56:33+00:00,5,445122,J.Timber,1,3,Arsenal,Defender,6.5,0.0,0.0,a,,2026-07-23T12:01:23.272929Z,100,100,0.3,0.2,0.2,0.2,3000,795,24656,11548,,,
2026-09-20T04:56:33+00:00,6,462424,Saliba,1,3,Arsenal,Defender,5.9,0.0,-0.1,i,Back injury - Unknown return date,2026-07-23T12:01:23.289376Z,0,0,0.2,0.0,0.0,0.0,79,280,3161,17833,,,
2026-09-20T04:56:33+00:00,7,499169,Lewis-Skelly,1,3,Arsenal,Midfielder,5.4,-0.1,-0.1,a,,,,,0.6,1.8,1.8,1.8,232,1440,28909,46244,,,
2026-09-20T04:56:33+00:00,8,466075,Calafiori,1,3,Arsenal,Defender,5.8,0.0,0.3,a,,,,,50.7,5.8,5.8,5.8,19493,13500,1599501,352007,,,
2026-09-20T04:56:33+00:00,9,448104,Hincapie,1,3,Arsenal,Defender,5.3,0.0,-0.2,a,,,,,0.9,0.4,0.4,0.4,294,1399,15113,113110,,,
2026-09-20T04:56:33+00:00,10,198869,White,1,3,Arsenal,Defender,5.5,0.0,0.0,a,,2026-09-15T19:30:09.494382Z,100,100,5.4,4.2,4.2,4.2,1701,17844,454459,516625,,,
2026-09-20T04:56:33+00:00,11,500040,Mosquera,1,3,Arsenal,Defender,5.3,0.0,-0.2,a,,2026-09-04T14:00:08.080310Z,100,100,1.7,2.4,2.4,2.4,269,2498,30434,461227,,,
2026-09-20T04:56:33+00:00,12,223340,Saka,1,3,Arsenal,Midfielder,9.5,0.0,0.0,a,,,,,13.3,6.4,6.4,6.4,27428,9473,707050,359324,1,,
2026-09-20T04:56:33+00:00,13,204480,Rice,1,3,Arsenal,Midfielder,7.4,0.0,-0.1,a,,,,,12.4,4.0,4.0,4.0,2695,10592,114541,653266,,,
2026-09-20T04:56:33+00:00,14,232413,Eze,1,3,Arsenal,Midfielder,6.3,0.0,-0.2,a,,,,,1.0,0.8,0.8,0.8,440,1695,21359,134539,,,
2026-09-20T04:56:33+00:00,15,184029,Ødegaard,1,3,Arsenal,Midfielder,6.8,0.0,0.3,a,,,,,20.0,5.8,5.8,5.8,21586,24364,1577306,483813,3,,
2026-09-20T04:56:33+00:00,16,248857,Madueke,1,3,Arsenal,Midfielder,6.2,0.0,-0.3,a,,,,,0.2,0.4,0.4,0.4,216,377,5496,24797,,,
2026-09-20T04:56:33+00:00,17,195384,Merino,1,3,Arsenal,Midfielder,5.8,0.0,-0.2,a,,,,,0.4,0.8,0.8,0.8,166,742,8903,46032,,,
2026-09-20T04:56:33+00:00,18,444145,Martinelli,1,3,Arsenal,Midfielder,6.3,0.0,-0.2,u,Has joined Al Hilal permanently,2026-09-04T12:34:46.738449Z,0,0,0.1,0.0,0.0,0.0,0,161,2483,21462,,,
2026-09-20T04:56:33+00:00,19,481655,Zubimendi,1,3,Arsenal,Midfielder,5.3,0.0,-0.2,a,,,,,0.6,1.0,1.0,1.0,112,995,8127,63938,,,
2026-09-20T04:56:33+00:00,20,616077,Dowman,1,3,Arsenal,Midfielder,5.3,0.0,-0.2,a,,,,,0.1,0.2,0.2,0.2,127,143,2715,6862,,,
2026-09-20T04:56:33+00:00,22,499175,Nwaneri,1,3,Arsenal,Midfielder,5.4,0.0,-0.1,u,Has joined Borussia Dortmund on loan for the rest of the season,2026-09-02T16:01:07.058827Z,0,0,0.0,0.0,0.0,0.0,0,13,233,1213,,,
2026-09-20T04:56:33+00:00,23,438098,Fábio Vieira,1,3,Arsenal,Midfielder,5.5,0.0,0.0,u,Has joined Hamburger SV permanently,2026-09-02T16:00:28.446370Z,0,0,0.0,0.0,0.0,0.0,0,13,255,892,,,
2026-09-20T04:56:33+00:00,24,200641,Nelson,1,3,Arsenal,Midfielder,5.5,0.0,0.0,u,has departed the club as a free agent.,2026-08-29T00:33:08.556767Z,0,0,0.0,0.0,0.0,0.0,0,6,68,660,,,
2026-09-20T04:56:33+00:00,25,224117,Gyökeres,1,3,Arsenal,Forward,7.1,-0.1,-0.4,a,,,,,3.1,0.4,0.4,0.4,1409,4244,29632,598568,2,,
2026-09-20T04:56:33+00:00,26,219847,Havertz,1,3,Arsenal,Forward,7.6,0.0,0.1,a,,,,,8.5,3.8,3.8,3.8,18719,9971,621952,370443,,,
2026-09-20T04:56:33+00:00,27,205651,G.Jesus,1,3,Arsenal,Forward,5.9,0.0,-0.1,u,Has joined FC Barcelona permanently,2026-09-02T16:00:28.475184Z,0,0,0.2,0.0,0.0,0.0,0,260,4164,28535,,,
2026-09-20T04:56:33+00:00,31,199798,Konsa,1,3,Arsenal,Defender,4.6,0.1,0.1,a,,,,,19.4,2.4,2.4,2.4,38411,10096,1411718,601204,,,
2026-09-20T04:56:33+00:00,452,208706,Bruno G.,1,3,Arsenal,Midfielder,6.7,0.0,-0.3,a,,2026-09-04T14:00:08.328779Z,100,100,1.8,1.8,1.8,1.8,1215,1637,26161,238710,4,,
2026-09-20T04:56:33+00:00,557,439509,Tzolis,1,3,Arsenal,Midfielder,6.3,-0.1,-0.2,a,,,,,12.9,3.2,3.2,3.2,3026,59624,453393,1522832,,,
2026-09-20T04:56:33+00:00,29,72147,M.Bizot,2,7,Aston Villa,Goalkeeper,4.5,0.0,0.0,i,Back injury - Expected back 10 Oct,2026-09-17T07:30:09.058151Z,0,0,0.1,0.2,0.0,0.0,18,318,4612,6694,,,
2026-09-20T04:56:33+00:00,30,101188,Digne,2,7,Aston Villa,Defender,4.5,0.0,0.0,u,Has joined Paris Saint-Germain permanently,2026-08-10T14:03:30.089007Z,0,0,0.0,0.0,0.0,0.0,0,64,0,8475,,,
2026-09-20T04:56:33+00:00,32,199796,Cash,2,7,Aston Villa,Defender,4.4,0.0,-0.1,a,,2026-09-09T14:30:08.192142Z,100,100,5.0,1.2,1.2,1.2,811,7196,93462,401185,,,
2026-09-20T04:56:33+00:00,33,149484,Mings,2,7,Aston Villa,Defender,4.5,0.0,0.0,a,,,,,0.4,2.0,2.0,2.0,462,297,15182,16321,,,
2026-09-20T04:56:33+00:00,34,244954,Pau,2,7,Aston Villa,Defender,4.5,0.0,0.0,i,Hamstring injury - Expected back 10 Oct,2026-09-12T18:00:08.712707Z,0,0,0.3,0.6,0.0,0.0,4,1019,11197,25377,,,
2026-09-20T04:56:33+00:00,35,515597,Bogarde,2,7,Aston Villa,Midfielder,5.0,0.0,0.0,a,,,,,0.1,0.2,0.2,0.2,42,109,2783,4437,,,
2026-09-20T04:56:33+00:00,36,441302,Maatsen,2,7,Aston Villa,Defender,4.5,0.0,0.0,i,Ankle injury - Unknown return date,2026-09-12T18:00:08.729468Z,0,0,0.5,1.8,0.0,0.0,10,1960,31852,57698,,,
2026-09-20T04:56:33+00:00,37,184667,Lindelöf,2,7,Aston Villa,Defender,4.5,0.0,0.0,a,,,,,0.3,1.6,1.6,1.6,300,300,13900,13323,,,
2026-09-20T04:56:33+00:00,38,606798,A.García,2,7,Aston Villa,Defender,4.0,0.0,0.0,a,,,,,1.6,0.0,0.0,0.0,548,1470,43994,63370,,,
2026-09-20T04:56:33+00:00,39,578545,Nedeljkovic,2,7,Aston Villa,Defender,4.0,0.0,0.0,u,Has joined Rangers on loan for the rest of the season,2026-08-19T13:56:46.385411Z,0,0,0.1,0.0,0.0,0.0,0,130,0,14815,,,
2026-09-20T04:56:33+00:00,41,195546,Buendía,2,7,Aston Villa,Midfielder,5.9,0.0,-0.1,a,,,,,0.9,4.2,4.2,4.2,2535,1172,50519,92317,1,,
2026-09-20T04:56:33+00:00,44,215711,Bailey,2,7,Aston Villa,Midfielder,5.4,0.0,-0.1,u,Has joined Olympiakos permanently,2026-09-04T12:35:14.472260Z,0,0,0.1,0.0,0.0,0.0,0,148,2096,12879,,,
2026-09-20T04:56:33+00:00,45,122806,McGinn,2,7,Aston Villa,Midfielder,5.4,0.0,-0.1,a,,,,,2.2,3.4,3.4,3.4,1610,2292,65441,149254,,,
2026-09-20T04:56:33+00:00,46,88894,Barkley,2,7,Aston Villa,Midfielder,5.0,0.0,0.0,a,,,,,0.3,2.0,2.0,2.0,167,472,15724,14949,,,
2026-09-20T04:56:33+00:00,47,226944,Kamara,2,7,Aston Villa,Midfielder,5.0,0.0,0.0,a,,2026-07-23T12:01:23.337269Z,100,100,0.3,3.0,3.0,3.0,301,421,13510,20369,,,
2026-09-20T04:56:33+00:00,48,449871,Onana,2,7,Aston Villa,Midfielder,4.9,0.0,-0.1,i,Knee injury - Unknown return date,2026-07-23T12:01:23.352497Z,0,0,0.0,0.0,0.0,0.0,8,25,479,1595,,,
2026-09-20T04:56:33+00:00,49,469247,Iling Jr,2,7,Aston Villa,Midfielder,5.0,0.0,0.0,u,Has joined Bolton Wanderers on loan for the rest of the season,2026-08-17T13:52:28.532616Z,0,0,0.0,0.0,0.0,0.0,0,5,0,230,,,
2026-09-20T04:56:33+00:00,50,645618,Burrowes,2,7,Aston Villa,Midfielder,4.5,0.0,0.0,a,,,,,0.6,0.0,0.0,0.0,183,885,21008,32609,,,
2026-09-20T04:56:33+00:00,51,577285,George Hemmings,2,7,Aston Villa,Midfielder,4.5,0.0,0.0,a,,,,,1.2,1.8,1.8,1.8,881,3151,113564,63084,,,
2026-09-20T04:56:33+00:00,52,653481,Alysson,2,7,Aston Villa,Midfielder,5.0,0.0,0.0,d,Unspecified injury - 75% chance of playing,2026-09-19T11:30:09.355376Z,,75,0.1,1.6,1.6,1.2,37,216,3323,3079,,,
2026-09-20T04:56:33+00:00,53,614071,Manzambi,2,7,Aston Villa,Midfielder,5.9,0.0,-0.1,a,,2026-08-15T15:30:06.388335Z,100,100,0.2,2.8,2.8,2.8,10384,468,13370,17087,,,
2026-09-20T04:56:33+00:00,54,448089,Gomes,2,7,Aston Villa,Midfielder,5.5,0.0,0.0,a,,2026-09-16T19:30:08.742410Z,100,100,0.0,0.4,0.4,0.4,97,39,936,3948,,,
2026-09-20T04:56:33+00:00,55,178301,Watkins,2,7,Aston Villa,Forward,7.8,0.0,-0.2,u,Has joined Al Hilal permanently,2026-09-01T13:15:16.698799Z,0,0,2.6,0.0,0.0,0.0,0,3210,14882,750591,,,
2026-09-20T04:56:33+00:00,56,173879,Abraham,2,7,Aston Villa,Forward,5.5,0.0,0.0,a,,2026-08-15T16:00:07.558543Z,100,100,0.2,0.8,0.8,0.8,504,414,14552,11590,,,
2026-09-20T04:56:33+00:00,160,493105,Garnacho,2,7,Aston Villa,Midfielder,5.8,0.0,-0.2,a,,,,,0.3,0.6,0.6,0.6,148,743,7096,39196,,,
2026-09-20T04:56:33+00:00,166,517052,N.Jackson,2,7,Aston Villa,Forward,6.5,0.0,0.0,a,,,,,1.2,2.0,2.0,2.0,8641,1651,153903,78591,2,,
2026-09-20T04:56:33+00:00,582,690838,Madjo,2,7,Aston Villa,Forward,5.4,0.0,-0.1,i,Unspecified injury - Unknown return date,2026-08-15T16:00:07.974271Z,0,0,0.2,0.0,0.0,0.0,43,510,2728,29281,,,
2026-09-20T04:56:33+00:00,596,487992,Ruggeri,2,7,Aston Villa,Defender,4.5,0.0,0.0,a,,,,,0.1,1.0,1.0,1.0,155,97,2798,5361,,,
2026-09-20T04:56:33+00:00,597,433969,Suzuki,2,7,Aston Villa,Goalkeeper,5.0,0.0,0.0,a,,,,,1.8,3.2,3.2,3.2,4199,1596,141763,57455,,,
2026-09-20T04:56:33+00:00,606,569577,Rowe,2,7,Aston Villa,Defender,4.0,0.0,0.0,a,,,,,0.2,0.0,0.0,0.0,84,237,12780,5492,,,
2026-09-20T04:56:33+00:00,607,571380,Lynch,2,7,Aston Villa,Midfielder,4.5,0.0,0.0,u,Has joined Oxford United on loan until January,2026-09-04T12:35:39.820426Z,0,0,0.1,0.0,0.0,0.0,0,168,7103,7612,,,
2026-09-20T04:56:33+00:00,611,214590,Wan-Bissaka,2,7,Aston Villa,Defender,4.5,0.0,0.0,a,,,,,0.2,1.5,1.5,1.5,416,309,17269,6642,,,
2026-09-20T04:56:33+00:00,618,119090,Goretzka,2,7,Aston Villa,Midfielder,5.9,0.0,-0.1,i,Knee injury - Expected back 10 Oct,2026-09-09T09:30:08.229436Z,0,0,0.0,0.0,0.0,0.0,4,126,4613,4440,,,
2026-09-20T04:56:33+00:00,630,245719,Harwood-Bellis,2,7,Aston Villa,Defender,4.5,0.0,0.0,a,,,,,0.0,0.0,0.0,0.0,55,49,2032,855,,,
2026-09-20T04:56:33+00:00,631,638987,Mbaye,2,7,Aston Villa,Midfielder,6.0,0.0,0.0,a,,,,,0.1,0.7,0.7,0.7,295,399,9803,4080,,,
2026-09-20T04:56:33+00:00,667,481283,Wright,2,7,Aston Villa,Goalkeeper,4.0,0.0,0.0,a,,,,,0.0,0.0,1.0,1.0,308,23,308,23,,,
2026-09-20T04:56:33+00:00,57,457569,Petrović,3,91,Bournemouth,Goalkeeper,4.5,0.0,0.0,a,,,,,3.0,1.4,1.4,1.4,1630,2967,107613,115638,,,
2026-09-20T04:56:33+00:00,58,40383,Forster,3,91,Bournemouth,Goalkeeper,4.0,0.0,0.0,a,,,,,3.5,0.0,0.0,0.0,2579,1446,111773,73267,,,
2026-09-20T04:56:33+00:00,59,444172,Dennis,3,91,Bournemouth,Goalkeeper,4.0,0.0,0.0,u,Has joined MK Dons permanently,2026-08-27T14:53:48.692835Z,0,0,0.1,0.0,0.0,0.0,0,151,1133,7119,,,
2026-09-20T04:56:33+00:00,60,463981,Hill,3,91,Bournemouth,Defender,5.5,0.0,0.0,a,,,,,0.8,1.6,1.6,1.6,600,757,28341,41351,,,
2026-09-20T04:56:33+00:00,61,494521,Truffert,3,91,Bournemouth,Defender,5.5,0.0,0.0,a,,,,,3.1,1.6,1.6,1.6,1270,2588,53139,150871,,,
2026-09-20T04:56:33+00:00,62,242882,Diakité,3,91,Bournemouth,Defender,5.0,0.0,0.0,a,,,,,0.2,0.0,0.0,0.0,165,207,6823,11272,,,
2026-09-20T04:56:33+00:00,63,620487,Milosavljević,3,91,Bournemouth,Defender,4.9,0.0,-0.1,i,Thigh injury - Unknown return date,2026-08-06T10:00:10.456051Z,0,0,0.0,0.0,0.0,0.0,6,10,312,807,,,
2026-09-20T04:56:33+00:00,64,54469,Smith,3,91,Bournemouth,Defender,4.5,0.0,0.0,a,,,,,0.1,0.4,0.4,0.4,115,99,6913,6927,,,
2026-09-20T04:56:33+00:00,65,436893,J.Araujo,3,91,Bournemouth,Defender,4.4,0.0,-0.1,i,Thigh injury - Unknown return date,2026-08-09T08:00:05.645826Z,0,0,0.0,0.0,0.0,0.0,9,12,393,1251,,,
2026-09-20T04:56:33+00:00,66,575901,Soler,3,91,Bournemouth,Defender,4.0,0.0,0.0,a,,2026-08-15T16:30:07.021055Z,100,100,0.3,0.0,0.0,0.0,219,235,13310,10120,,,
2026-09-20T04:56:33+00:00,67,499604,Rayan,3,91,Bournemouth,Midfielder,6.3,-0.1,-0.2,a,,,,,1.6,1.6,1.6,1.6,985,2356,49655,161852,,,
2026-09-20T04:56:33+00:00,68,201658,Tavernier,3,91,Bournemouth,Midfielder,6.1,0.0,0.1,a,,,,,6.6,5.8,5.8,5.8,29927,8082,641120,182806,3,,
2026-09-20T04:56:33+00:00,69,503139,Scott,3,91,Bournemouth,Midfielder,6.1,0.0,0.1,a,,,,,5.8,5.6,5.6,5.6,6418,9165,530321,179341,,,
2026-09-20T04:56:33+00:00,70,222683,Kluivert,3,91,Bournemouth,Midfielder,6.0,0.0,0.0,a,,,,,1.0,3.0,3.0,3.0,1685,1386,52042,66268,2,,
2026-09-20T04:56:33+00:00,71,155408,Cook,3,91,Bournemouth,Midfielder,5.0,0.0,0.0,a,,,,,0.2,1.4,1.4,1.4,73,281,12907,13062,,,
2026-09-20T04:56:33+00:00,72,496208,Gannon-Doak,3,91,Bournemouth,Midfielder,4.9,0.0,-0.1,a,,,,,0.1,0.6,0.6,0.6,32,79,1532,4339,,,
2026-09-20T04:56:33+00:00,73,200785,Adams,3,91,Bournemouth,Midfielder,5.0,0.0,0.0,a,,2026-08-15T16:30:07.029928Z,100,100,0.3,1.6,1.6,1.6,234,427,17443,15418,,,
2026-09-20T04:56:33+00:00,74,111317,Brooks,3,91,Bournemouth,Midfielder,5.0,0.0,0.0,a,,2026-08-15T16:30:07.037929Z,100,100,0.1,0.4,0.4,0.4,39,78,3221,3536,,,
2026-09-20T04:56:33+00:00,75,158499,Christie,3,91,Bournemouth,Midfielder,5.0,0.0,0.0,a,,2026-07-24T17:30:10.035483Z,100,100,0.0,0.6,0.6,0.6,55,51,3310,1996,,,
2026-09-20T04:56:33+00:00,76,614574,Tóth.A,3,91,Bournemouth,Midfielder,4.9,0.0,-0.1,a,,,,,0.0,0.2,0.2,0.2,6,13,363,742,,,
2026-09-20T04:56:33+00:00,77,489888,Adli,3,91,Bournemouth,Midfielder,4.9,0.0,-0.1,i,Calf injury - Unknown return date,2026-08-15T16:00:07.590566Z,0,0,0.0,0.0,0.0,0.0,8,26,277,2167,,,
2026-09-20T04:56:33+00:00,78,560262,Kroupi.Jr,3,91,Bournemouth,Midfielder,7.4,0.0,-0.1,i,Foot injury - Expected back 7 Nov,2026-07-29T17:30:09.796802Z,0,0,0.2,0.0,0.0,0.0,50,199,1096,26717,1,,
2026-09-20T04:56:33+00:00,79,444102,Evanilson,3,91,Bournemouth,Forward,6.0,0.0,0.0,a,,,,,3.3,3.2,3.2,3.2,5412,3897,240873,158724,,,
2026-09-20T04:56:33+00:00,80,168636,Enes Ünal,3,91,Bournemouth,Forward,5.5,0.0,0.0,u,Has joined Getafe permanently,2026-08-14T14:14:21.881112Z,0,0,0.0,0.0,0.0,0.0,0,11,0,1943,,,
2026-09-20T04:56:33+00:00,81,561245,Rodríguez,3,91,Bournemouth,Forward,6.0,0.0,0.0,a,,2026-08-15T16:30:07.054142Z,100,100,0.1,0.4,0.4,0.4,198,126,4905,6257,,,
2026-09-20T04:56:33+00:00,566,483067,Silva,3,91,Bournemouth,Defender,5.0,0.0,0.0,a,,,,,0.4,2.0,2.0,2.0,939,509,26401,21950,,,
2026-09-20T04:56:33+00:00,573,494928,Sanchez,3,91,Bournemouth,Defender,4.4,0.0,-0.1,a,,,,,0.2,0.0,0.0,0.0,41,78,1461,6735,,,
2026-09-20T04:56:33+00:00,608,523700,Jebbison,3,91,Bournemouth,Forward,5.0,0.0,0.0,a,,,,,0.1,0.4,0.4,0.4,213,201,12576,6556,,,
2026-09-20T04:56:33+00:00,615,230650,Di Gregorio,3,91,Bournemouth,Goalkeeper,4.5,0.0,0.0,a,,,,,0.0,0.0,0.0,0.0,56,41,2799,1590,,,
2026-09-20T04:56:33+00:00,82,200720,Kelleher,4,94,Brentford,Goalkeeper,5.0,0.0,0.0,a,,,,,6.1,4.0,4.0,4.0,6969,2829,238606,203095,,,
2026-09-20T04:56:33+00:00,83,507433,Valdimarsson,4,94,Brentford,Goalkeeper,4.5,0.0,0.0,a,,,,,0.1,0.0,0.0,0.0,73,87,2638,4337,,,
2026-09-20T04:56:33+00:00,84,432830,Collins,4,94,Brentford,Defender,5.4,0.0,-0.1,i,Calf injury - Unknown return date,2026-09-05T18:00:06.182495Z,0,0,1.0,2.0,0.0,0.0,35,2712,58654,150068,,,
2026-09-20T04:56:33+00:00,85,444765,Van den Berg,4,94,Brentford,Defender,4.9,0.0,-0.1,i,Groin injury - Unknown return date,2026-08-15T15:30:06.416627Z,0,0,0.1,0.0,0.0,0.0,13,76,386,8682,,,
2026-09-20T04:56:33+00:00,86,249231,Lewis-Potter,4,94,Brentford,Midfielder,5.5,0.0,0.0,a,,,,,1.7,4.4,4.4,4.4,1220,4163,187865,112544,,,
2026-09-20T04:56:33+00:00,87,191866,Ajer,4,94,Brentford,Defender,4.5,0.0,0.0,a,,,,,4.0,4.2,4.2,4.2,4130,5661,309617,259353,,,
2026-09-20T04:56:33+00:00,88,607464,Kayode,4,94,Brentford,Defender,4.6,0.0,0.1,a,,,,,7.7,4.6,4.6,4.6,4847,5512,587545,351746,,,
2026-09-20T04:56:33+00:00,89,194010,Henry,4,94,Brentford,Defender,4.4,0.0,-0.1,a,,,,,0.2,0.2,0.2,0.2,50,159,1874,8157,,,
2026-09-20T04:56:33+00:00,90,472713,Hickey,4,94,Brentford,Defender,4.5,0.0,0.0,a,,,,,0.1,1.0,1.0,1.0,45,60,1959,2793,,,
2026-09-20T04:56:33+00:00,92,570241,Ji-soo,4,94,Brentford,Defender,4.4,-0.1,-0.1,a,,,,,0.0,0.0,0.0,0.0,25,27,459,899,,,
2026-09-20T04:56:33+00:00,93,513086,Schuster,4,94,Brentford,Defender,4.5,0.0,0.0,a,,,,,0.2,4.2,4.2,4.2,8179,425,9741,4913,,,
2026-09-20T04:56:33+00:00,94,513418,Schade,4,94,Brentford,Midfielder,6.1,0.0,0.1,a,,,,,8.6,7.8,7.8,7.8,107539,4671,727394,224675,2,,
2026-09-20T04:56:33+00:00,95,533463,O.Dango,4,94,Brentford,Midfielder,6.3,0.0,-0.2,a,,,,,0.5,1.4,1.4,1.4,203,1227,14564,79806,,,
2026-09-20T04:56:33+00:00,96,440089,Damsgaard,4,94,Brentford,Midfielder,5.4,0.0,-0.1,a,,,,,0.4,3.2,3.2,3.2,480,603,13991,28719,,,
2026-09-20T04:56:33+00:00,97,207283,Jensen,4,94,Brentford,Midfielder,5.4,0.0,-0.1,i,Unspecified injury - Expected back 10 Oct,2026-08-30T12:30:08.176795Z,0,0,0.1,1.2,0.0,0.0,6,166,4491,14600,3,,
2026-09-20T04:56:33+00:00,98,204580,Janelt,4,94,Brentford,Midfielder,5.0,0.0,0.0,a,,,,,2.5,5.6,5.6,5.6,6945,5642,294005,94733,,,
2026-09-20T04:56:33+00:00,99,543295,Milambo,4,94,Brentford,Midfielder,5.0,0.0,0.0,i,Knee injury - Unknown return date,2026-07-23T12:01:23.384798Z,0,0,0.0,0.0,0.0,0.0,2,3,111,155,,,
2026-09-20T04:56:33+00:00,100,244858,Carvalho,4,94,Brentford,Midfielder,5.0,0.0,0.0,a,,2026-08-18T13:58:17.442072Z,100,100,0.0,1.2,1.2,1.2,234,45,1532,1323,,,
2026-09-20T04:56:33+00:00,102,508395,Yarmoliuk,4,94,Brentford,Midfielder,4.8,0.0,-0.2,a,,,,,0.7,1.8,1.8,1.8,358,878,4811,59228,,,
2026-09-20T04:56:33+00:00,103,183656,Dasilva,4,94,Brentford,Midfielder,4.9,0.0,-0.1,i,Hamstring injury - Expected back 10 Oct,2026-09-04T13:30:08.371955Z,0,0,0.0,0.0,0.0,0.0,2,25,393,1870,,,
2026-09-20T04:56:33+00:00,105,444180,Anthony,4,94,Brentford,Midfielder,5.9,0.0,-0.1,a,,,,,0.1,3.0,3.0,3.0,785,145,5783,10546,,,
2026-09-20T04:56:33+00:00,106,502500,Thiago,4,94,Brentford,Forward,7.8,0.0,-0.2,a,,,,,9.0,2.0,2.0,2.0,17226,8795,237649,1005703,1,,
2026-09-20T04:56:33+00:00,107,593174,Furo,4,94,Brentford,Forward,4.5,0.0,0.0,i,Unspecified injury - Unknown return date,2026-09-14T14:00:09.985723Z,0,0,0.9,0.0,0.0,0.0,187,2715,61260,59877,,,
2026-09-20T04:56:33+00:00,108,75115,Wilson,4,94,Brentford,Forward,5.4,-0.1,-0.1,a,,,,,0.3,0.6,0.6,0.6,327,709,14676,24774,,,
2026-09-20T04:56:33+00:00,565,513545,M.Sangaré,4,94,Brentford,Midfielder,5.6,-0.1,0.1,a,,,,,10.7,4.4,4.4,4.4,2303,61520,1221591,743409,,,
2026-09-20T04:56:33+00:00,620,613804,Diouf,4,94,Brentford,Defender,4.5,0.0,0.0,a,,,,,0.1,0.5,0.5,0.5,139,220,13300,6882,,,
2026-09-20T04:56:33+00:00,657,626464,Nunes,4,94,Brentford,Midfielder,4.5,0.0,0.0,a,,,,,0.0,0.0,0.0,0.0,91,63,1833,456,,,
2026-09-20T04:56:33+00:00,660,612534,Fredrick,4,94,Brentford,Defender,4.0,0.0,0.0,a,,,,,0.0,0.0,1.1,1.1,135,14,135,14,,,
2026-09-20T04:56:33+00:00,661,235448,Balcombe,4,94,Brentford,Goalkeeper,4.0,0.0,0.0,a,,,,,0.0,0.0,1.0,1.0,1267,118,1267,118,,,
2026-09-20T04:56:33+00:00,109,489639,Verbruggen,5,36,Brighton,Goalkeeper,4.5,0.0,0.0,a,,,,,21.7,4.6,4.6,4.6,18313,19228,711788,555082,,,
2026-09-20T04:56:33+00:00,111,49262,Steele,5,36,Brighton,Goalkeeper,4.0,0.0,0.0,a,,,,,4.2,0.0,0.0,0.0,2448,4161,142635,109916,,,
2026-09-20T04:56:33+00:00,113,231416,F.Kadıoğlu,5,36,Brighton,Defender,4.4,0.0,-0.1,a,,2026-08-23T13:00:07.595211Z,100,100,1.6,2.6,2.6,2.6,1060,2177,27473,129720,,,
2026-09-20T04:56:33+00:00,114,204120,Boscagli,5,36,Brighton,Defender,4.5,0.0,0.0,a,,,,,0.3,3.8,3.8,3.8,523,190,14740,11267,,,
2026-09-20T04:56:33+00:00,115,465730,De Cuyper,5,36,Brighton,Defender,4.9,0.0,0.4,a,,,,,25.8,7.6,7.6,7.6,80681,4556,2499020,389587,,,
2026-09-20T04:56:33+00:00,116,83299,Dunk,5,36,Brighton,Defender,4.5,0.0,0.0,a,,,,,1.5,4.4,4.4,4.4,3016,1750,84577,42814,,,
2026-09-20T04:56:33+00:00,117,550090,Coppola,5,36,Brighton,Defender,4.5,0.0,0.0,a,,,,,0.0,0.0,0.0,0.0,19,23,831,986,,,
2026-09-20T04:56:33+00:00,118,223434,Igor,5,36,Brighton,Defender,4.5,0.0,0.0,u,Has joined Burnley permanently,2026-09-02T15:38:15.529699Z,0,0,0.0,0.0,0.0,0.0,0,88,915,5731,,,
2026-09-20T04:56:33+00:00,119,451490,Costinha,5,36,Brighton,Defender,4.5,0.0,0.0,a,,,,,0.0,0.8,0.8,0.8,31,34,1136,1359,,,
2026-09-20T04:56:33+00:00,120,454490,Svoboda,5,36,Brighton,Defender,5.0,0.0,0.0,a,,,,,0.1,0.2,0.2,0.2,227,114,3403,3636,,,
2026-09-20T04:56:33+00:00,121,451340,Mitoma,5,36,Brighton,Midfielder,5.9,0.0,-0.1,i,Hamstring injury - Expected back 10 Oct,2026-07-24T18:30:10.661894Z,0,0,0.0,0.0,0.0,0.0,27,42,453,2979,,,
2026-09-20T04:56:33+00:00,122,592031,Minteh,5,36,Brighton,Midfielder,5.8,-0.1,-0.2,i,Leg injury - Expected back 28 Nov,2026-08-14T18:00:06.418033Z,0,0,0.0,0.0,0.0,0.0,9,61,299,6735,,,
2026-09-20T04:56:33+00:00,123,532529,Hinshelwood,5,36,Brighton,Midfielder,5.9,0.0,-0.1,i,Ankle injury - Expected back 10 Oct,2026-08-27T19:30:07.780933Z,0,0,0.6,3.2,0.0,0.0,58,2208,147679,211434,,,
2026-09-20T04:56:33+00:00,124,60307,Groß,5,36,Brighton,Midfielder,5.8,0.1,0.3,a,,,,,23.9,9.4,9.4,9.4,290933,3396,1651426,533179,1,,
2026-09-20T04:56:33+00:00,125,463067,Georginio,5,36,Brighton,Forward,5.3,-0.1,-0.2,a,,2026-08-26T16:00:07.608056Z,100,100,0.5,1.2,1.2,1.2,512,1222,32509,73850,,,
2026-09-20T04:56:33+00:00,126,219249,O'Riley,5,36,Brighton,Midfielder,5.4,0.0,-0.1,a,,,,,0.1,0.4,0.4,0.4,84,132,3258,6088,3,,
2026-09-20T04:56:33+00:00,127,514254,Gomez,5,36,Brighton,Midfielder,5.0,0.0,0.0,a,,,,,4.1,4.8,4.8,4.8,2393,14491,324900,276122,,,
2026-09-20T04:56:33+00:00,128,536916,Buonanotte,5,36,Brighton,Midfielder,5.0,0.0,0.0,u,Has joined Elche on loan for the rest of the season,2026-08-10T14:03:07.561436Z,0,0,0.0,0.0,0.0,0.0,0,2,0,325,,,
2026-09-20T04:56:33+00:00,129,509416,Ayari,5,36,Brighton,Midfielder,5.4,0.0,-0.1,a,,2026-08-30T18:00:07.935334Z,100,100,0.4,3.0,3.0,3.0,456,594,10697,40149,,,
2026-09-20T04:56:33+00:00,130,467779,Wieffer,5,36,Brighton,Defender,4.9,0.0,-0.1,i,Knee injury - Unknown return date,2026-09-04T09:30:08.612904Z,0,0,0.2,1.4,0.0,0.0,9,529,25924,41961,,,
2026-09-20T04:56:33+00:00,132,597320,Howell,5,36,Brighton,Midfielder,4.5,0.0,0.0,u,Has joined Leicester City on loan for the rest of the season,2026-08-17T13:53:19.019938Z,0,0,0.0,0.0,0.0,0.0,0,63,0,3541,,,
2026-09-20T04:56:33+00:00,133,549074,Watson,5,36,Brighton,Midfielder,5.0,0.0,0.0,u,Has joined Leicester City on loan for the rest of the season,2026-08-03T14:05:44.459483Z,0,0,0.0,0.0,0.0,0.0,0,1,0,132,,,
2026-09-20T04:56:33+00:00,134,556637,Oriola,5,36,Brighton,Midfielder,4.5,0.0,0.0,a,,,,,0.2,0.0,0.0,0.0,69,357,8473,13225,,,
2026-09-20T04:56:33+00:00,135,700308,Yohanna,5,36,Brighton,Midfielder,4.9,0.0,-0.1,i,Unspecified injury - Expected back 10 Oct,2026-09-10T13:00:08.617941Z,0,0,0.0,0.2,0.0,0.0,2,123,1245,5230,,,
2026-09-20T04:56:33+00:00,137,608181,Tzimas,5,36,Brighton,Forward,5.4,0.0,-0.1,i,Knee injury - Unknown return date,2026-07-23T12:01:23.432796Z,0,0,0.0,0.0,0.0,0.0,11,12,308,710,,,
2026-09-20T04:56:33+00:00,138,647850,Kostoulas,5,36,Brighton,Forward,5.5,0.0,0.0,a,,,,,1.7,5.6,5.6,5.6,77609,1644,182300,34154,,,
2026-09-20T04:56:33+00:00,139,487117,Ferguson,5,36,Brighton,Forward,5.0,0.0,0.0,i,Ankle injury - Expected back 10 Oct,2026-07-23T12:01:23.448357Z,0,0,0.0,0.0,0.0,0.0,27,69,1478,2338,,,
2026-09-20T04:56:33+00:00,328,222694,Struijk,5,36,Brighton,Defender,4.9,0.0,-0.1,a,,2026-08-15T20:30:07.523574Z,100,100,0.2,1.4,1.4,1.4,161,142,5190,11393,,,
2026-09-20T04:56:33+00:00,504,610799,Vuskovic,5,36,Brighton,Defender,5.0,0.0,0.0,a,,,,,3.3,6.4,6.4,6.4,12914,2763,216014,127575,,,
2026-09-20T04:56:33+00:00,594,538007,David,5,36,Brighton,Forward,5.9,-0.1,-0.1,a,,,,,0.2,0.2,0.2,0.2,594,564,12456,20837,2,,
2026-09-20T04:56:33+00:00,600,612855,Osman,5,36,Brighton,Midfielder,5.0,0.0,0.0,a,,,,,0.0,0.6,0.6,0.6,18,29,849,996,,,
2026-09-20T04:56:33+00:00,605,611695,Yalcouyé,5,36,Brighton,Midfielder,4.5,0.0,0.0,a,,,,,4.0,4.0,4.0,4.0,8119,11622,537008,149576,,,
2026-09-20T04:56:33+00:00,614,512123,Hadjam,5,36,Brighton,Defender,4.5,0.0,0.0,a,,,,,0.0,0.0,0.0,0.0,92,71,3831,1776,,,
2026-09-20T04:56:33+00:00,624,519324,Cozier-Duberry,5,36,Brighton,Midfielder,5.0,0.0,0.0,u,Has joined Middlesbrough on loan for the rest of the season,2026-09-02T15:38:15.552951Z,0,0,0.0,0.0,0.0,0.0,0,0,117,108,,,
2026-09-20T04:56:33+00:00,639,592984,Andrés,5,36,Brighton,Midfielder,5.5,0.0,0.0,a,,,,,0.0,4.0,4.0,4.0,536,48,1780,516,,,
2026-09-20T04:56:33+00:00,652,471551,Azeez,5,36,Brighton,Midfielder,5.5,0.0,0.0,i,Hamstring injury - Expected back 10 Oct,2026-09-04T11:30:08.661589Z,0,0,0.0,0.0,0.0,0.0,5,16,428,173,,,
2026-09-20T04:56:33+00:00,658,661016,Ibrahim,5,36,Brighton,Midfielder,4.5,0.0,0.0,a,,,,,0.0,0.0,0.0,0.0,80,48,1243,316,,,
2026-09-20T04:56:33+00:00,28,98980,Martinez,6,8,Chelsea,Goalkeeper,5.0,0.0,0.0,a,,,,,4.8,1.8,1.8,1.8,1713,6886,239480,231467,,,
2026-09-20T04:56:33+00:00,40,244850,Rogers,6,8,Chelsea,Midfielder,7.7,0.0,0.2,a,,,,,40.1,5.8,5.8,5.8,38510,17126,2367933,608813,,,
2026-09-20T04:56:33+00:00,101,56979,Henderson,6,8,Chelsea,Midfielder,4.9,0.0,-0.1,a,,2026-08-09T09:30:07.136250Z,50,100,0.0,0.4,0.2,0.4,124,35,737,2509,,,
2026-09-20T04:56:33+00:00,136,50175,Welbeck,6,8,Chelsea,Forward,5.9,0.0,-0.1,a,,2026-08-20T14:00:07.949090Z,100,100,1.0,0.8,0.8,0.8,3047,2581,56983,76485,,,
2026-09-20T04:56:33+00:00,140,215059,Sánchez,6,8,Chelsea,Goalkeeper,4.9,0.0,-0.1,u,Has joined Como on loan for the rest of the season,2026-09-02T16:20:41.841936Z,0,0,0.7,0.4,0.0,0.0,0,1352,10847,172960,,,
2026-09-20T04:56:33+00:00,141,508479,Jörgensen,6,8,Chelsea,Goalkeeper,5.0,0.0,0.0,u,Has joined RC Strasbourg on loan for the rest of the season,2026-08-12T14:07:02.607115Z,0,0,0.0,0.0,0.0,0.0,0,11,0,929,,,
2026-09-20T04:56:33+00:00,142,225796,James,6,8,Chelsea,Defender,5.4,0.0,-0.1,d,Hamstring injury - 75% chance of playing,2026-09-18T10:30:09.719371Z,75,75,6.3,0.6,0.4,0.4,166,25207,168371,547896,,,
2026-09-20T04:56:33+00:00,143,180736,Chalobah,6,8,Chelsea,Defender,5.5,0.0,0.0,u,Has joined Como permanently,2026-08-10T14:03:50.769483Z,0,0,0.1,0.0,0.0,0.0,0,72,0,13702,,,
2026-09-20T04:56:33+00:00,144,482609,Gusto,6,8,Chelsea,Defender,5.0,0.0,0.0,a,,,,,1.0,0.8,0.8,0.8,464,2115,35791,62595,,,
2026-09-20T04:56:33+00:00,145,444463,Fofana,6,8,Chelsea,Defender,5.0,0.0,0.0,a,,2026-07-23T12:01:23.464591Z,100,100,0.2,1.6,1.6,1.6,620,317,16726,7258,,,
2026-09-20T04:56:33+00:00,146,242880,B.Badiashile,6,8,Chelsea,Defender,4.5,0.0,0.0,u,Has joined Napoli on loan for the rest of the season,2026-08-25T14:03:47.079414Z,0,0,0.0,0.0,0.0,0.0,0,13,232,1910,,,
2026-09-20T04:56:33+00:00,148,551210,Hato,6,8,Chelsea,Defender,4.5,0.0,0.0,a,,,,,0.9,1.6,1.6,1.6,213,2745,90608,55072,,,
2026-09-20T04:56:33+00:00,149,460028,Colwill,6,8,Chelsea,Defender,4.8,-0.1,-0.2,a,,,,,0.9,0.6,0.6,0.6,289,1820,25945,94845,,,
2026-09-20T04:56:33+00:00,150,574458,M.Sarr,6,8,Chelsea,Defender,4.5,0.0,0.0,u,Has joined Real Sociedad on loan for the rest of the season,2026-08-29T00:34:23.077418Z,0,0,0.0,0.0,0.0,0.0,0,48,429,5864,,,
2026-09-20T04:56:33+00:00,151,577016,Acheampong,6,8,Chelsea,Defender,4.5,0.0,0.0,a,,,,,0.4,1.0,1.0,1.0,123,552,20835,21111,,,
2026-09-20T04:56:33+00:00,152,620109,Palestra,6,8,Chelsea,Defender,5.3,0.0,-0.2,d,Thigh injury - 50% chance of playing,2026-08-24T18:30:07.421239Z,50,50,0.6,0.0,0.0,0.0,41,1133,6501,217674,,,
2026-09-20T04:56:33+00:00,154,244851,Palmer,6,8,Chelsea,Midfielder,9.7,0.0,0.2,a,,2026-08-24T22:00:07.971542Z,100,100,26.8,5.6,5.6,5.6,13390,31562,1916766,526868,1,,
2026-09-20T04:56:33+00:00,156,247632,Neto,6,8,Chelsea,Midfielder,6.5,0.0,0.0,a,,,,,1.4,2.8,2.8,2.8,1141,2862,78266,84513,,,
2026-09-20T04:56:33+00:00,157,624773,Estêvão,6,8,Chelsea,Midfielder,6.3,0.0,-0.2,a,,,,,0.7,0.8,0.8,0.8,384,1134,16298,83869,2,,
2026-09-20T04:56:33+00:00,158,463936,Gittens,6,8,Chelsea,Midfielder,5.9,0.0,-0.1,a,,,,,0.0,0.0,0.0,0.0,38,48,1017,2678,,,
2026-09-20T04:56:33+00:00,159,486672,Caicedo,6,8,Chelsea,Midfielder,5.3,0.0,-0.2,d,Calf injury - 50% chance of playing,2026-08-30T16:00:08.393562Z,50,50,1.1,0.2,0.1,0.1,100,2626,14738,275018,,,
2026-09-20T04:56:33+00:00,161,514356,Lavia,6,8,Chelsea,Midfielder,5.0,0.0,0.0,a,,,,,0.2,2.2,2.2,2.2,112,826,25487,13936,,,
2026-09-20T04:56:33+00:00,163,491007,D.Essugo,6,8,Chelsea,Midfielder,4.5,0.0,0.0,u,Has joined RC Strasbourg on loan for the rest of the season,2026-09-02T16:20:41.865225Z,0,0,0.1,0.0,0.0,0.0,0,198,2698,13910,,,
2026-09-20T04:56:33+00:00,164,593117,Quenda,6,8,Chelsea,Midfielder,5.3,0.0,-0.2,a,,2026-07-24T20:30:10.609931Z,100,100,0.0,0.4,0.4,0.4,16,45,848,3265,,,
2026-09-20T04:56:33+00:00,165,475168,João Pedro,6,8,Chelsea,Forward,7.8,0.0,0.3,d,Knee injury - 75% chance of playing,2026-09-16T19:00:09.919929Z,75,75,67.8,6.6,4.9,4.9,12754,110530,1527495,1183026,,,
2026-09-20T04:56:33+00:00,168,499309,Marc Guiu,6,8,Chelsea,Forward,5.0,0.0,0.0,u,Has joined RB Leipzig permanently,2026-09-01T13:24:48.857362Z,0,0,0.2,0.0,0.0,0.0,0,392,4102,32116,,,
2026-09-20T04:56:33+00:00,169,567119,Mheuka,6,8,Chelsea,Forward,4.5,0.0,0.0,a,,,,,0.5,0.0,0.0,0.0,1309,786,29030,22575,,,
2026-09-20T04:56:33+00:00,170,503037,Emegha,6,8,Chelsea,Forward,5.0,0.0,0.0,i,Hamstring injury - Expected back 10 Oct,2026-09-09T15:00:09.063849Z,0,0,0.1,0.0,0.0,0.0,18,295,6018,11802,,,
2026-09-20T04:56:33+00:00,200,437499,Lacroix,6,8,Chelsea,Defender,5.9,-0.1,-0.1,a,,,,,6.9,2.6,2.6,2.6,1492,8360,168146,403936,,,
2026-09-20T04:56:33+00:00,560,549939,Penders,6,8,Chelsea,Goalkeeper,4.4,0.0,-0.1,a,,,,,0.1,0.0,0.0,0.0,51,75,1826,3395,,,
2026-09-20T04:56:33+00:00,561,622758,Anselmino,6,8,Chelsea,Defender,4.5,0.0,0.0,a,,2026-08-23T19:00:08.536705Z,100,100,0.0,0.0,0.0,0.0,22,38,779,1186,,,
2026-09-20T04:56:33+00:00,568,543158,Barco,6,8,Chelsea,Midfielder,5.4,0.0,-0.1,a,,,,,0.1,0.6,0.6,0.6,79,130,3002,6697,,,
2026-09-20T04:56:33+00:00,583,498444,Chavarria,6,8,Chelsea,Defender,4.9,0.0,-0.1,a,,,,,0.1,1.0,1.0,1.0,130,133,3090,10739,,,
2026-09-20T04:56:33+00:00,662,636846,Nicoll-Jazuli,6,8,Chelsea,Midfielder,4.5,0.0,0.0,a,,,,,0.0,1.0,1.1,1.1,79,7,79,7,,,
2026-09-20T04:56:33+00:00,91,231065,Pinnock,7,9,Coventry City,Defender,4.5,0.0,0.0,a,,,,,0.1,2.8,2.8,2.8,74,69,2243,3840,,,
2026-09-20T04:56:33+00:00,104,428580,Onyeka,7,9,Coventry City,Midfielder,4.9,0.0,-0.1,a,,2026-09-15T09:00:07.851220Z,100,100,0.1,1.8,1.8,1.8,24,127,3834,9254,,,
2026-09-20T04:56:33+00:00,110,472739,Rushworth,7,9,Coventry City,Goalkeeper,4.5,0.0,0.0,a,,,,,0.8,3.2,3.2,3.2,384,2719,21531,55883,,,
2026-09-20T04:56:33+00:00,171,484389,Dovin,7,9,Coventry City,Goalkeeper,4.0,0.0,0.0,u,Has joined Leyton Orient on loan for the rest of the season,2026-09-02T15:44:14.839336Z,0,0,1.0,0.0,0.0,0.0,0,1249,8924,54417,,,
2026-09-20T04:56:33+00:00,172,110690,Wilson,7,9,Coventry City,Goalkeeper,4.4,0.0,-0.1,a,,,,,0.4,0.0,0.0,0.0,49,141,1219,11838,,,
2026-09-20T04:56:33+00:00,173,461102,Thomas,7,9,Coventry City,Defender,4.0,0.0,0.0,a,,,,,8.6,4.8,4.8,4.8,4344,9467,341778,262491,,,
2026-09-20T04:56:33+00:00,174,436761,Kitching,7,9,Coventry City,Defender,4.0,0.0,0.0,u,Has joined Sheffield United on loan for the rest of the season,2026-09-02T16:21:03.612394Z,0,0,0.4,0.0,0.0,0.0,0,447,981,31540,,,
2026-09-20T04:56:33+00:00,175,451284,van Ewijk,7,9,Coventry City,Defender,4.0,0.0,0.0,d,Hamstring injury - 75% chance of playing,2026-09-19T16:00:09.486751Z,,75,9.3,1.2,1.2,0.9,721,20210,122626,444884,,,
2026-09-20T04:56:33+00:00,176,173878,Dasilva,7,9,Coventry City,Defender,4.0,0.0,0.0,a,,,,,0.7,4.0,4.0,4.0,688,372,9971,21338,,,
2026-09-20T04:56:33+00:00,177,465390,Kesler-Hayden,7,9,Coventry City,Defender,3.9,-0.1,-0.1,i,Hamstring injury - Unknown return date,2026-08-27T14:56:28.704361Z,0,0,0.0,0.0,0.0,0.0,307,90,906,3315,,,
2026-09-20T04:56:33+00:00,178,80178,Bidwell,7,9,Coventry City,Defender,4.0,0.0,0.0,a,,,,,0.1,0.0,0.0,0.0,61,60,2368,3291,,,
2026-09-20T04:56:33+00:00,179,204813,Latibeaudiere,7,9,Coventry City,Defender,4.0,0.0,0.0,a,,,,,0.0,0.2,0.2,0.2,21,31,932,1634,,,
2026-09-20T04:56:33+00:00,180,220583,Woolfenden,7,9,Coventry City,Defender,4.0,0.0,0.0,i,Knee injury - Unknown return date,2026-08-27T14:56:28.718566Z,0,0,0.1,0.0,0.0,0.0,8,134,2243,8643,,,
2026-09-20T04:56:33+00:00,181,577411,Brau,7,9,Coventry City,Defender,4.0,0.0,0.0,u,Has joined Academico de Viseu on loan for the rest of the season,2026-08-29T00:35:59.980316Z,0,0,0.0,0.0,0.0,0.0,0,19,275,2089,,,
2026-09-20T04:56:33+00:00,182,539142,Amenda,7,9,Coventry City,Defender,4.0,0.0,0.0,i,Calf injury - Unknown return date,2026-09-17T07:30:09.329041Z,25,0,0.7,0.8,0.2,0.0,9,1942,11454,28844,,,
2026-09-20T04:56:33+00:00,183,480457,Rudoni,7,9,Coventry City,Midfielder,4.9,0.0,-0.1,a,,2026-07-23T12:01:23.481435Z,100,100,0.1,2.6,2.6,2.6,143,174,3613,7563,,,
2026-09-20T04:56:33+00:00,184,168144,Grimes,7,9,Coventry City,Midfielder,4.9,0.0,-0.1,a,,,,,0.1,2.2,2.2,2.2,48,299,3945,10690,3,,
2026-09-20T04:56:33+00:00,185,501459,Sakamoto,7,9,Coventry City,Midfielder,4.8,0.0,-0.2,a,,,,,0.1,0.2,0.2,0.2,39,109,929,5481,,,
2026-09-20T04:56:33+00:00,186,241293,Mason-Clark,7,9,Coventry City,Midfielder,5.4,0.0,-0.1,a,,2026-08-19T18:00:08.310507Z,100,100,0.1,1.0,1.0,1.0,19,108,1058,5712,,,
2026-09-20T04:56:33+00:00,187,439668,Eccles,7,9,Coventry City,Midfielder,4.8,-0.1,-0.2,i,Unspecified injury - Expected back 12 Oct,2026-09-10T18:30:08.877110Z,0,0,0.0,0.0,0.0,0.0,6,36,619,1412,,,
2026-09-20T04:56:33+00:00,188,226965,Torp,7,9,Coventry City,Midfielder,5.3,-0.1,-0.2,a,,,,,0.1,0.6,0.6,0.6,16,122,769,7654,2,,
2026-09-20T04:56:33+00:00,189,684268,Shepherd,7,9,Coventry City,Midfielder,4.4,0.0,-0.1,a,,,,,0.3,0.0,0.0,0.0,1590,582,8310,13453,,,
2026-09-20T04:56:33+00:00,190,469272,Tchaouna,7,9,Coventry City,Midfielder,5.4,0.0,-0.1,a,,,,,0.1,1.0,1.0,1.0,2,101,3118,7978,,,
2026-09-20T04:56:33+00:00,191,492498,Borges Rodrigues,7,9,Coventry City,Midfielder,4.5,0.0,0.0,u,Has joined Burton Albion on loan for the rest of the season,2026-09-02T15:44:14.868001Z,0,0,0.1,0.0,0.0,0.0,0,197,1943,11021,,,
2026-09-20T04:56:33+00:00,192,629397,Andrews,7,9,Coventry City,Midfielder,4.5,0.0,0.0,u,Has joined Oxford United on loan for the rest of the season,2026-08-29T00:35:59.998520Z,0,0,0.3,0.0,0.0,0.0,0,595,2718,39700,,,
2026-09-20T04:56:33+00:00,193,176412,Wright,7,9,Coventry City,Forward,5.4,0.0,-0.1,i,Thigh injury - Unknown return date,2026-08-14T22:00:07.214508Z,0,0,0.1,0.0,0.0,0.0,14,126,581,12052,1,,
2026-09-20T04:56:33+00:00,194,230730,Thomas-Asante,7,9,Coventry City,Forward,5.0,0.0,0.0,a,,,,,0.7,1.8,1.8,1.8,1111,1368,51736,52393,4,,
2026-09-20T04:56:33+00:00,195,218997,Simms,7,9,Coventry City,Forward,5.0,0.0,0.0,a,,,,,0.7,0.8,0.8,0.8,274,1359,38778,60577,,,
2026-09-20T04:56:33+00:00,196,551262,Markelo,7,9,Coventry City,Forward,5.0,0.0,0.0,u,Has joined Shabab Al-Ahli Dubai permanently,2026-08-17T13:53:55.791223Z,0,0,0.0,0.0,0.0,0.0,0,16,0,1143,,,
2026-09-20T04:56:33+00:00,197,549653,Bassette,7,9,Coventry City,Forward,4.5,0.0,0.0,u,Has joined KVC Westerlo on loan for the rest of the season,2026-07-28T12:58:50.001768Z,0,0,0.0,0.0,0.0,0.0,0,48,0,2007,,,
2026-09-20T04:56:33+00:00,492,210156,Awoniyi,7,9,Coventry City,Forward,5.4,-0.1,-0.1,s,Suspended until 19 Oct,2026-09-13T15:00:09.305127Z,0,0,0.4,0.6,0.0,0.0,21,1614,21294,61409,5,,
2026-09-20T04:56:33+00:00,575,661888,Yirenkyi,7,9,Coventry City,Midfielder,4.9,0.0,-0.1,a,,,,,0.1,1.8,1.8,1.8,30,340,2682,13007,,,
2026-09-20T04:56:33+00:00,584,196100,Hamer,7,9,Coventry City,Midfielder,5.4,0.0,-0.1,a,,,,,0.1,0.6,0.6,0.6,12,92,762,6099,,,
2026-09-20T04:56:33+00:00,599,627221,Cherif,7,9,Coventry City,Forward,5.0,0.0,0.0,a,,,,,0.1,0.2,0.2,0.2,142,160,7069,6999,,,
2026-09-20T04:56:33+00:00,623,79602,Bentley,7,9,Coventry City,Goalkeeper,4.0,0.0,0.0,a,,,,,0.6,0.0,0.0,0.0,1434,311,71812,17203,,,
2026-09-20T04:56:33+00:00,655,242893,Gboho,7,9,Coventry City,Midfielder,5.5,0.0,0.0,a,,,,,0.0,0.0,0.0,0.0,26,20,224,69,,,
2026-09-20T04:56:33+00:00,656,566213,Mfuni,7,9,Coventry City,Defender,4.0,0.0,0.0,a,,,,,0.1,3.0,3.0,3.0,225,188,8537,1989,,,
2026-09-20T04:56:33+00:00,42,485337,Guessand,8,31,Crystal Palace,Midfielder,5.4,0.0,-0.1,a,,,,,0.0,0.4,0.4,0.4,24,53,2317,3424,,,
2026-09-20T04:56:33+00:00,153,220362,Disasi,8,31,Crystal Palace,Defender,4.5,0.0,0.0,s,Suspended until 25 Oct,2026-09-12T15:30:09.445078Z,0,0,0.1,0.2,0.0,0.0,6,243,9407,9824,,,
2026-09-20T04:56:33+00:00,198,172649,Henderson,8,31,Crystal Palace,Goalkeeper,5.0,0.0,0.0,i,Foot injury - Expected back 11 Oct,2026-09-12T14:00:09.378740Z,0,0,1.4,1.0,0.0,0.0,30,3181,55156,112089,,,
2026-09-20T04:56:33+00:00,199,121709,Benitez,8,31,Crystal Palace,Goalkeeper,4.5,0.0,0.0,a,,,,,0.1,0.4,0.4,0.4,97,72,3189,4489,,,
2026-09-20T04:56:33+00:00,202,427623,Richards,8,31,Crystal Palace,Defender,5.0,0.0,0.0,a,,,,,0.6,1.2,1.2,1.2,240,808,21152,36539,,,
2026-09-20T04:56:33+00:00,203,651426,Canvot,8,31,Crystal Palace,Defender,4.8,-0.1,-0.2,a,,,,,0.2,0.4,0.4,0.4,47,368,5389,19018,,,
2026-09-20T04:56:33+00:00,204,244723,Mitchell,8,31,Crystal Palace,Defender,4.5,0.0,0.0,a,,,,,6.0,3.4,3.4,3.4,1724,5426,298259,253828,,,
2026-09-20T04:56:33+00:00,205,218364,Sosa,8,31,Crystal Palace,Defender,4.5,0.0,0.0,u,Has joined FC Cologne on loan for the rest of the season,2026-09-02T16:03:25.710518Z,0,0,0.0,0.0,0.0,0.0,0,28,236,1997,,,
2026-09-20T04:56:33+00:00,206,515621,Chadi Riad,8,31,Crystal Palace,Defender,4.3,-0.1,-0.2,i,Knee injury - Unknown return date,2026-08-22T18:00:07.352049Z,0,0,0.0,0.2,0.0,0.0,6,36,630,5587,,,
2026-09-20T04:56:33+00:00,207,242313,Mingueza,8,31,Crystal Palace,Defender,4.4,0.0,-0.1,a,,,,,0.1,0.4,0.4,0.4,22,53,1932,4609,,,
2026-09-20T04:56:33+00:00,208,232185,Sarr,8,31,Crystal Palace,Midfielder,6.2,0.0,-0.3,a,,2026-08-22T18:00:07.363165Z,100,100,0.6,0.0,0.0,0.0,704,464,4758,374915,2,,
2026-09-20T04:56:33+00:00,210,496221,Wharton,8,31,Crystal Palace,Midfielder,5.5,0.0,0.0,a,,2026-07-23T12:01:23.498963Z,100,100,0.8,2.0,2.0,2.0,260,1131,28667,45121,,,
2026-09-20T04:56:33+00:00,211,488024,Yeremy,8,31,Crystal Palace,Midfielder,5.5,0.0,0.0,a,,,,,0.4,2.4,2.4,2.4,210,830,44754,29227,,,
2026-09-20T04:56:33+00:00,212,108413,Hughes,8,31,Crystal Palace,Midfielder,4.4,0.0,-0.1,a,,,,,7.6,0.4,0.4,0.4,2594,11787,115993,450402,,,
2026-09-20T04:56:33+00:00,213,152551,Lerma,8,31,Crystal Palace,Midfielder,4.9,0.0,-0.1,a,,,,,0.1,0.2,0.2,0.2,13,76,1219,5257,,,
2026-09-20T04:56:33+00:00,214,209400,Kamada,8,31,Crystal Palace,Midfielder,5.0,0.0,0.0,a,,,,,0.5,3.6,3.6,3.6,901,720,47648,22337,,,
2026-09-20T04:56:33+00:00,215,489706,Devenny,8,31,Crystal Palace,Midfielder,5.0,0.0,0.0,u,Has joined Stoke City permanently,2026-09-02T15:41:07.346849Z,0,0,0.0,0.0,0.0,0.0,0,6,132,920,3,,
2026-09-20T04:56:33+00:00,216,606921,Esse,8,31,Crystal Palace,Midfielder,5.0,0.0,0.0,u,Has joined Millwall on loan for the rest of the season,2026-09-02T15:41:07.376544Z,0,0,0.0,0.0,0.0,0.0,0,29,399,3140,,,
2026-09-20T04:56:33+00:00,217,536694,M.França,8,31,Crystal Palace,Midfielder,4.9,0.0,-0.1,u,Has joined Alverca on loan for the rest of the season,2026-09-11T14:42:19.322912Z,0,0,0.0,0.0,0.0,0.0,0,42,1007,3324,,,
2026-09-20T04:56:33+00:00,218,438464,Doucouré,8,31,Crystal Palace,Midfielder,4.9,0.0,-0.1,a,,,,,0.0,0.0,0.0,0.0,19,58,1993,4223,,,
2026-09-20T04:56:33+00:00,219,450542,J.Rak-Sakyi,8,31,Crystal Palace,Midfielder,4.9,0.0,-0.1,u,has joined  Kasimpasa on loan for the rest of the seaon.,2026-09-10T09:12:47.224598Z,0,0,0.0,0.0,0.0,0.0,0,1,145,443,,,
2026-09-20T04:56:33+00:00,220,590014,Cardines,8,31,Crystal Palace,Defender,4.5,0.0,0.0,u,Has joined Bristol City on loan for the rest of the season,2026-08-12T14:08:46.501813Z,0,0,0.0,0.0,0.0,0.0,0,3,0,128,,,
2026-09-20T04:56:33+00:00,221,672492,Drakes-Thomas,8,31,Crystal Palace,Midfielder,4.5,0.0,0.0,a,,,,,0.1,0.0,0.0,0.0,35,115,2583,4360,,,
2026-09-20T04:56:33+00:00,222,247412,Strand Larsen,8,31,Crystal Palace,Forward,6.0,0.0,0.0,a,,,,,0.6,2.4,2.4,2.4,1455,700,46680,37754,,,
2026-09-20T04:56:33+00:00,223,231747,Mateta,8,31,Crystal Palace,Forward,6.3,0.0,-0.2,i,Hamstring injury - Expected back 11 Oct,2026-08-28T21:00:08.020382Z,0,0,1.3,0.4,0.0,0.0,39,2247,25792,447734,1,,
2026-09-20T04:56:33+00:00,224,205533,Nketiah,8,31,Crystal Palace,Forward,5.5,0.0,0.0,a,,2026-09-12T14:00:09.427136Z,100,100,0.5,1.4,1.4,1.4,345,672,46326,47319,,,
2026-09-20T04:56:33+00:00,225,660392,Uche,8,31,Crystal Palace,Forward,5.0,0.0,0.0,u,has returned to Getafe CF,2026-07-23T12:18:56.275922Z,0,0,0.0,0.0,0.0,0.0,0,0,0,0,,,
2026-09-20T04:56:33+00:00,241,433154,McNeil,8,31,Crystal Palace,Midfielder,5.4,0.0,-0.1,a,,,,,0.1,0.6,0.6,0.6,13,96,1720,7825,,,
2026-09-20T04:56:33+00:00,555,169593,Matthews,8,31,Crystal Palace,Goalkeeper,4.0,0.0,0.0,a,,,,,1.7,0.0,0.0,0.0,317,654,22501,29094,,,
2026-09-20T04:56:33+00:00,577,223723,Tomiyasu,8,31,Crystal Palace,Defender,4.4,0.0,-0.1,a,,,,,0.3,0.4,0.4,0.4,53,158,3382,12278,,,
2026-09-20T04:56:33+00:00,588,570794,Khalaili,8,31,Crystal Palace,Defender,5.0,0.0,0.0,a,,,,,0.3,2.6,2.6,2.6,415,264,33108,14518,,,
2026-09-20T04:56:33+00:00,595,559152,Gozo,8,31,Crystal Palace,Midfielder,5.0,0.0,0.0,a,,,,,0.0,0.4,0.4,0.4,2,19,452,812,,,
2026-09-20T04:56:33+00:00,633,605972,Ahanor,8,31,Crystal Palace,Defender,4.5,0.0,0.0,a,,,,,0.0,1.0,1.0,1.0,48,13,1823,465,,,
2026-09-20T04:56:33+00:00,643,172850,Chilwell,8,31,Crystal Palace,Defender,4.5,0.0,0.0,a,,,,,0.5,2.7,2.7,2.7,170,527,42724,15737,,,
2026-09-20T04:56:33+00:00,644,450063,Timber,8,31,Crystal Palace,Midfielder,5.0,0.0,0.0,a,,,,,0.0,2.0,2.0,2.0,94,67,3917,1259,,,
2026-09-20T04:56:33+00:00,647,533646,Osorio,8,31,Crystal Palace,Midfielder,5.5,0.0,0.0,a,,,,,0.0,0.3,0.3,0.3,3,19,922,355,,,
2026-09-20T04:56:33+00:00,21,128295,Nørgaard,9,11,Everton,Midfielder,4.9,0.0,-0.1,i,Groin injury - Unknown return date,2026-08-15T20:00:06.779594Z,0,0,0.0,0.0,0.0,0.0,11,92,451,7194,,,
2026-09-20T04:56:33+00:00,209,242898,Johnson,9,11,Everton,Midfielder,5.9,0.0,-0.1,a,,,,,0.1,1.8,1.8,1.8,93,197,4988,9912,,,
2026-09-20T04:56:33+00:00,226,111234,Pickford,9,11,Everton,Goalkeeper,5.5,0.0,0.0,a,,,,,9.0,5.0,5.0,5.0,6278,3509,273795,223628,,,
2026-09-20T04:56:33+00:00,227,229600,Travers,9,11,Everton,Goalkeeper,5.0,0.0,0.0,a,,,,,0.0,0.0,0.0,0.0,52,54,1610,1916,,,
2026-09-20T04:56:33+00:00,228,138001,King,9,11,Everton,Goalkeeper,4.5,0.0,0.0,a,,,,,0.0,0.0,0.0,0.0,28,36,1095,1603,,,
2026-09-20T04:56:33+00:00,229,17761,Tarkowski,9,11,Everton,Defender,6.1,0.0,0.1,a,,,,,14.5,8.6,8.6,8.6,41263,3899,752071,267485,,,
2026-09-20T04:56:33+00:00,230,480455,Branthwaite,9,11,Everton,Defender,5.5,0.0,0.0,a,,,,,2.3,5.4,5.4,5.4,3733,1499,123905,65964,,,
2026-09-20T04:56:33+00:00,231,106611,Keane,9,11,Everton,Defender,4.8,0.0,-0.2,a,,,,,0.8,0.0,0.0,0.0,117,1007,9022,87806,,,
2026-09-20T04:56:33+00:00,232,512462,O'Brien,9,11,Everton,Defender,4.9,0.0,-0.1,a,,,,,0.3,0.4,0.4,0.4,93,291,4348,23762,,,
2026-09-20T04:56:33+00:00,233,224967,Mykolenko,9,11,Everton,Defender,4.6,0.1,0.1,a,,,,,4.2,5.4,5.4,5.4,24345,3699,395537,100152,,,
2026-09-20T04:56:33+00:00,234,243571,Patterson,9,11,Everton,Defender,4.5,0.0,0.0,u,Has joined Torino permanently,2026-09-02T16:05:23.326971Z,0,0,0.0,0.0,0.0,0.0,0,32,371,2345,,,
2026-09-20T04:56:33+00:00,235,499300,Aznou,9,11,Everton,Defender,4.0,0.0,0.0,u,Has joined Malaga on loan for the rest of the season,2026-09-01T13:23:16.934847Z,0,0,0.1,0.0,0.0,0.0,0,153,1728,10747,,,
2026-09-20T04:56:33+00:00,236,215413,Dewsbury-Hall,9,11,Everton,Midfielder,6.6,0.1,0.1,a,,,,,6.2,4.0,4.0,4.0,21826,13571,572590,292935,,,
2026-09-20T04:56:33+00:00,238,114283,Grealish,9,11,Everton,Midfielder,6.5,0.0,0.0,a,,2026-07-29T10:00:10.492904Z,100,100,0.4,1.2,1.2,1.2,876,743,37920,21027,,,
2026-09-20T04:56:33+00:00,239,232928,Garner,9,11,Everton,Midfielder,6.0,0.0,0.0,a,,2026-09-06T18:00:08.301702Z,100,100,0.2,2.2,2.2,2.2,492,589,19944,12489,2,,
2026-09-20T04:56:33+00:00,242,550615,George,9,11,Everton,Midfielder,5.5,0.0,0.0,a,,,,,0.9,3.8,3.8,3.8,806,4010,105471,35674,,,
2026-09-20T04:56:33+00:00,243,502697,Alcaraz,9,11,Everton,Midfielder,4.9,0.0,-0.1,a,,,,,0.1,0.2,0.2,0.2,48,99,2749,5532,,,
2026-09-20T04:56:33+00:00,244,609873,Armstrong,9,11,Everton,Midfielder,5.0,0.0,0.0,a,,2026-09-17T08:30:08.942299Z,75,100,0.4,3.2,2.4,3.2,175,1338,53235,30692,,,
2026-09-20T04:56:33+00:00,245,496661,Dibling,9,11,Everton,Midfielder,5.4,0.0,-0.1,a,,,,,0.0,0.2,0.2,0.2,31,37,1086,2536,,,
2026-09-20T04:56:33+00:00,246,513466,Röhl,9,11,Everton,Midfielder,4.9,0.0,-0.1,i,Unspecified injury - Expected back 11 Oct,2026-09-16T18:00:09.541933Z,0,0,0.0,1.2,0.0,0.0,4,210,1959,4310,,,
2026-09-20T04:56:33+00:00,247,244860,Hackney,9,11,Everton,Midfielder,5.5,0.0,0.0,a,,2026-08-26T22:00:07.797766Z,100,100,0.2,2.0,2.0,2.0,50,287,3601,11127,,,
2026-09-20T04:56:33+00:00,248,486385,Beto,9,11,Everton,Forward,5.4,0.0,-0.1,u,Has joined Fiorentina permanently,2026-09-02T16:05:23.357221Z,0,0,0.7,0.4,0.0,0.0,0,2030,16222,214352,,,
2026-09-20T04:56:33+00:00,249,586309,Barry,9,11,Everton,Forward,5.6,0.0,0.1,a,,,,,8.0,4.0,4.0,4.0,22396,8396,904551,326572,1,,
2026-09-20T04:56:33+00:00,649,154043,Maitland-Niles,9,11,Everton,Defender,4.5,0.0,0.0,a,,,,,1.0,7.0,7.0,7.0,3749,816,76781,10708,,,
2026-09-20T04:56:33+00:00,654,629068,Graham,9,11,Everton,Midfielder,4.5,0.0,0.0,a,,,,,0.1,0.0,0.0,0.0,57,230,11103,4535,,,
2026-09-20T04:56:33+00:00,250,80201,Leno,10,54,Fulham,Goalkeeper,4.5,0.0,0.0,a,,,,,3.2,3.0,3.0,3.0,8713,1861,119610,92903,,,
2026-09-20T04:56:33+00:00,251,86873,Lecomte,10,54,Fulham,Goalkeeper,4.0,0.0,0.0,a,,,,,1.1,0.0,0.0,0.0,835,534,23563,23969,,,
2026-09-20T04:56:33+00:00,252,505079,McNally,10,54,Fulham,Goalkeeper,4.0,0.0,0.0,u,Has joined York City on loan for the rest of the season,2026-09-01T13:25:11.231240Z,0,0,0.1,0.0,0.0,0.0,0,178,2589,6174,,,
2026-09-20T04:56:33+00:00,253,174874,Andersen,10,54,Fulham,Defender,5.0,0.0,0.0,a,,2026-07-23T12:01:23.516350Z,100,100,0.1,0.4,0.4,0.4,755,203,12629,8313,,,
2026-09-20T04:56:33+00:00,254,169528,Robinson,10,54,Fulham,Defender,4.5,0.0,0.0,a,,,,,1.4,2.0,2.0,2.0,4330,1225,46815,65200,2,,
2026-09-20T04:56:33+00:00,255,246301,J.Cuenca,10,54,Fulham,Defender,4.5,0.0,0.0,a,,,,,0.0,0.6,0.6,0.6,18,19,1498,1912,,,
2026-09-20T04:56:33+00:00,256,167074,Tete,10,54,Fulham,Defender,4.4,0.0,-0.1,i,Concussion - Expected back 10 Oct,2026-09-18T12:30:09.546158Z,0,0,0.2,0.0,0.0,0.0,2,448,1333,9893,,,
2026-09-20T04:56:33+00:00,257,232892,Bassey,10,54,Fulham,Defender,4.5,0.0,0.0,a,,,,,0.7,1.8,1.8,1.8,582,322,21596,28468,,,
2026-09-20T04:56:33+00:00,258,166477,Castagne,10,54,Fulham,Defender,4.5,0.0,0.0,a,,,,,0.9,3.8,3.8,3.8,5716,835,82358,39564,,,
2026-09-20T04:56:33+00:00,261,153133,Iwobi,10,54,Fulham,Midfielder,5.4,0.0,-0.1,a,,,,,0.6,1.8,1.8,1.8,345,941,19265,53302,3,,
2026-09-20T04:56:33+00:00,262,209289,Smith Rowe,10,54,Fulham,Midfielder,5.4,0.0,-0.1,a,,,,,0.2,0.6,0.6,0.6,76,296,4274,19955,,,
2026-09-20T04:56:33+00:00,263,560552,Kevin,10,54,Fulham,Midfielder,5.3,0.0,-0.2,a,,,,,0.0,0.6,0.6,0.6,43,69,1847,4006,,,
2026-09-20T04:56:33+00:00,264,477555,Bobb,10,54,Fulham,Midfielder,5.5,0.0,0.0,a,,,,,0.3,2.0,2.0,2.0,456,408,14459,19514,,,
2026-09-20T04:56:33+00:00,265,207189,Berge,10,54,Fulham,Midfielder,4.9,0.0,-0.1,a,,,,,0.3,1.6,1.6,1.6,123,350,5854,17106,,,
2026-09-20T04:56:33+00:00,266,76357,Cairney,10,54,Fulham,Midfielder,4.9,0.0,-0.1,i,Knee injury - Expected back 10 Oct,2026-08-14T18:00:06.460944Z,0,0,0.0,0.0,0.0,0.0,2,6,103,317,,,
2026-09-20T04:56:33+00:00,268,577725,King,10,54,Fulham,Midfielder,5.5,0.0,0.0,a,,,,,2.1,4.4,4.4,4.4,23095,4040,267230,82608,,,
2026-09-20T04:56:33+00:00,269,184349,Sessegnon,10,54,Fulham,Defender,4.4,0.0,-0.1,d,Groin injury - 75% chance of playing,2026-09-14T11:30:07.403957Z,75,75,0.3,0.6,0.4,0.4,9,463,2452,18161,,,
2026-09-20T04:56:33+00:00,270,153366,Reed,10,54,Fulham,Midfielder,4.4,0.0,-0.1,a,,,,,1.1,0.0,0.0,0.0,734,1669,34226,67894,,,
2026-09-20T04:56:33+00:00,271,244042,Muniz,10,54,Fulham,Forward,5.4,0.0,-0.1,a,,,,,0.4,0.6,0.6,0.6,499,477,14828,32918,,,
2026-09-20T04:56:33+00:00,272,631786,Kusi-Asare,10,54,Fulham,Forward,4.5,0.0,0.0,a,,,,,5.6,0.0,0.0,0.0,2962,7616,152433,275421,,,
2026-09-20T04:56:33+00:00,569,551466,Gonzalo,10,54,Fulham,Forward,6.0,0.0,0.0,a,,,,,3.7,2.4,2.4,2.4,16806,6693,379115,286078,1,,
2026-09-20T04:56:33+00:00,570,571779,Palacios,10,54,Fulham,Midfielder,5.4,0.0,-0.1,a,,,,,0.2,2.2,2.2,2.2,326,204,5615,9850,,,
2026-09-20T04:56:33+00:00,580,463210,Charles,10,54,Fulham,Midfielder,5.0,0.0,0.0,a,,,,,0.1,1.8,1.8,1.8,83,80,1813,3756,,,
2026-09-20T04:56:33+00:00,610,547686,De Fougerolles,10,54,Fulham,Defender,4.0,0.0,0.0,u,has joined  Real Salt Lake on loan for the rest of the seaon.,2026-08-28T11:30:08.336405Z,0,0,0.1,0.0,0.0,0.0,0,136,5787,4882,,,
2026-09-20T04:56:33+00:00,626,616069,Zepa,10,54,Fulham,Midfielder,4.5,0.0,0.0,a,,,,,0.3,0.0,0.0,0.0,33,566,34200,16780,,,
2026-09-20T04:56:33+00:00,635,551050,Larsson,10,54,Fulham,Midfielder,5.0,0.0,0.0,a,,,,,0.0,0.7,0.7,0.7,20,18,765,251,,,
2026-09-20T04:56:33+00:00,636,500033,Ángel,10,54,Fulham,Midfielder,5.0,0.0,0.0,a,,,,,0.0,0.0,0.0,0.0,7,4,344,146,,,
2026-09-20T04:56:33+00:00,650,442299,Affengruber,10,54,Fulham,Defender,4.5,0.0,0.0,a,,,,,0.0,2.7,2.7,2.7,374,79,3252,701,,,
2026-09-20T04:56:33+00:00,240,490094,Iroegbunam,11,88,Hull City,Midfielder,5.0,0.0,0.0,a,,2026-08-15T20:00:06.878792Z,100,100,0.0,0.4,0.4,0.4,17,40,1055,1054,,,
2026-09-20T04:56:33+00:00,273,167825,Phillips,11,88,Hull City,Goalkeeper,4.0,0.0,0.0,a,,,,,1.4,0.0,0.0,0.0,687,756,26812,35639,,,
2026-09-20T04:56:33+00:00,274,105666,Butland,11,88,Hull City,Goalkeeper,4.5,0.0,0.0,i,Arm injury - Unknown return date,2026-08-08T19:00:05.601633Z,0,0,0.1,0.0,0.0,0.0,30,81,599,4694,,,
2026-09-20T04:56:33+00:00,275,494950,Cartwright,11,88,Hull City,Goalkeeper,4.0,0.0,0.0,u,Has joined Grimsby Town on loan for the rest of the season,2026-07-29T13:00:27.959925Z,0,0,0.0,0.0,0.0,0.0,0,6,0,308,,,
2026-09-20T04:56:33+00:00,276,444307,Lo-Tutala,11,88,Hull City,Goalkeeper,4.0,0.0,0.0,u,Has joined Colchester United on loan for the rest of the season,2026-08-17T13:50:27.125537Z,0,0,0.0,0.0,0.0,0.0,0,21,0,1015,,,
2026-09-20T04:56:33+00:00,277,108416,Egan,11,88,Hull City,Defender,4.1,0.0,0.1,a,,,,,7.1,5.2,5.2,5.2,10352,6893,733511,193814,,,
2026-09-20T04:56:33+00:00,278,501902,Hughes,11,88,Hull City,Defender,3.9,0.0,-0.1,i,Groin injury - Unknown return date,2026-08-02T09:00:11.030017Z,0,0,0.2,0.0,0.0,0.0,531,467,16320,11434,,,
2026-09-20T04:56:33+00:00,279,146426,Ajayi,11,88,Hull City,Defender,4.2,0.0,0.2,a,,2026-08-22T17:30:07.668197Z,100,100,14.2,5.4,5.4,5.4,17100,13706,1328485,264208,,,
2026-09-20T04:56:33+00:00,280,193278,Coyle,11,88,Hull City,Defender,4.0,0.0,0.0,a,,2026-08-29T16:30:08.151841Z,100,100,0.7,2.8,2.8,2.8,713,461,26285,24269,,,
2026-09-20T04:56:33+00:00,281,433590,Drameh,11,88,Hull City,Defender,4.0,0.0,0.0,u,Has joined Genoa permanently,2026-09-02T16:09:06.479140Z,0,0,0.0,0.4,0.0,0.0,0,68,2118,4321,,,
2026-09-20T04:56:33+00:00,282,232351,Giles,11,88,Hull City,Defender,4.0,0.0,0.0,a,,,,,2.9,4.8,4.8,4.8,9902,3228,266719,55519,,,
2026-09-20T04:56:33+00:00,283,449428,Jacob,11,88,Hull City,Defender,4.0,0.0,0.0,u,Has joined Newport County on loan until January,2026-08-02T09:00:11.038361Z,0,0,0.0,0.0,0.0,0.0,0,8,114,665,,,
2026-09-20T04:56:33+00:00,284,661800,McCarthy,11,88,Hull City,Defender,4.0,0.0,0.0,a,,,,,0.1,0.0,0.0,0.0,121,92,4655,4244,,,
2026-09-20T04:56:33+00:00,285,160817,McNair,11,88,Hull City,Defender,4.0,0.0,0.0,a,,2026-09-09T13:30:08.327907Z,100,100,0.1,0.2,0.2,0.2,57,66,3010,4375,,,
2026-09-20T04:56:33+00:00,286,540324,Belloumi,11,88,Hull City,Midfielder,5.1,0.0,0.1,a,,,,,4.5,6.2,6.2,6.2,19868,6768,449804,66806,,,
2026-09-20T04:56:33+00:00,287,232905,Millar,11,88,Hull City,Midfielder,5.0,0.0,0.0,u,Has joined Birmingham on loan for the rest of the season,2026-09-02T15:36:41.038103Z,0,0,0.0,1.2,0.0,0.0,0,77,3178,7297,,,
2026-09-20T04:56:33+00:00,288,171270,Dowell,11,88,Hull City,Midfielder,4.5,0.0,0.0,a,,,,,0.3,0.0,0.0,0.0,143,538,11900,20121,,,
2026-09-20T04:56:33+00:00,289,101282,Crooks,11,88,Hull City,Midfielder,4.4,-0.1,-0.1,a,,2026-08-29T15:00:08.569326Z,100,100,0.5,0.6,0.6,0.6,1111,1208,20470,37437,,,
2026-09-20T04:56:33+00:00,290,243413,Slater,11,88,Hull City,Midfielder,4.5,0.0,0.0,a,,,,,5.4,3.0,3.0,3.0,4475,11773,487408,252772,,,
2026-09-20T04:56:33+00:00,291,465525,Matazo,11,88,Hull City,Midfielder,4.5,0.0,0.0,i,Knee injury - Unknown return date,2026-07-23T12:01:23.532635Z,0,0,0.0,0.0,0.0,0.0,13,22,364,460,,,
2026-09-20T04:56:33+00:00,292,208481,Ömür,11,88,Hull City,Midfielder,4.9,0.0,-0.1,a,,,,,0.0,0.0,0.0,0.0,26,36,1144,1517,,,
2026-09-20T04:56:33+00:00,293,490161,Kamara,11,88,Hull City,Midfielder,5.0,0.0,0.0,u,Has joined Portsmouth permanently,2026-08-12T14:08:23.542043Z,0,0,0.0,0.0,0.0,0.0,0,3,0,365,,,
2026-09-20T04:56:33+00:00,294,553783,Zambrano,11,88,Hull City,Midfielder,4.5,0.0,0.0,a,,2026-08-04T18:30:11.016909Z,100,100,0.1,0.0,0.0,0.0,44,128,3773,6457,,,
2026-09-20T04:56:33+00:00,295,169432,McBurnie,11,88,Hull City,Forward,5.5,0.0,0.0,a,,,,,2.0,2.8,2.8,2.8,2620,5032,183606,140379,1,,
2026-09-20T04:56:33+00:00,296,213292,Akintola,11,88,Hull City,Midfielder,5.0,0.0,0.0,u,Has joined Omonoia FC permanently,2026-09-11T14:42:38.120231Z,0,0,0.0,0.0,0.0,0.0,0,79,2704,4692,,,
2026-09-20T04:56:33+00:00,297,470294,Gyabi,11,88,Hull City,Midfielder,4.5,0.0,0.0,i,Thigh injury - Unknown return date,2026-08-04T18:30:11.027155Z,0,0,0.0,0.0,0.0,0.0,5,30,394,1498,,,
2026-09-20T04:56:33+00:00,298,500957,Destan,11,88,Hull City,Forward,4.5,0.0,0.0,u,Has joined Konyaspor permanently,2026-08-17T13:50:27.145733Z,0,0,0.2,0.0,0.0,0.0,0,342,0,21295,,,
2026-09-20T04:56:33+00:00,299,534392,Burstow,11,88,Hull City,Forward,4.5,0.0,0.0,u,Has joined Sheffield Wednesday on loan for the rest of the season,2026-08-03T14:05:20.234842Z,0,0,0.0,0.0,0.0,0.0,0,65,0,2915,,,
2026-09-20T04:56:33+00:00,340,462635,Gelhardt,11,88,Hull City,Midfielder,5.0,0.0,0.0,a,,2026-08-17T21:30:07.799839Z,100,100,0.0,0.2,0.2,0.2,24,30,634,937,,,
2026-09-20T04:56:33+00:00,556,169359,Targett,11,88,Hull City,Defender,4.0,0.0,0.0,d,Ankle injury - 75% chance of playing,2026-09-17T14:00:26.419938Z,75,75,1.7,0.2,0.2,0.2,30,2605,24754,79881,,,
2026-09-20T04:56:33+00:00,563,445028,Morita,11,88,Hull City,Midfielder,5.0,0.0,0.0,i,Calf injury - Expected back 11 Oct,2026-09-09T14:00:08.474217Z,0,0,0.0,0.2,0.0,0.0,3,36,706,1632,,,
2026-09-20T04:56:33+00:00,572,473284,Tzolakis,11,88,Hull City,Goalkeeper,4.6,0.0,0.1,a,,,,,11.7,6.8,6.8,6.8,24887,5114,896215,200764,,,
2026-09-20T04:56:33+00:00,574,552946,Hjertø-Dahl,11,88,Hull City,Midfielder,4.9,0.0,-0.1,a,,,,,0.1,0.2,0.2,0.2,22,76,1383,4196,,,
2026-09-20T04:56:33+00:00,576,608227,Stroud,11,88,Hull City,Midfielder,5.0,0.0,0.0,a,,,,,0.1,1.4,1.4,1.4,37,94,3559,4317,,,
2026-09-20T04:56:33+00:00,585,597462,Herrington,11,88,Hull City,Defender,4.0,0.0,0.0,a,,,,,0.6,1.0,1.0,1.0,302,328,12101,17215,,,
2026-09-20T04:56:33+00:00,586,606930,Mendy,11,88,Hull City,Defender,4.1,0.0,0.1,a,,2026-09-12T18:00:09.334142Z,0,100,6.4,5.0,0.0,5.0,854,18485,677146,343468,,,
2026-09-20T04:56:33+00:00,589,469266,Gourna-Douath,11,88,Hull City,Midfielder,5.0,0.0,0.0,a,,,,,0.0,0.8,0.8,0.8,11,23,680,1258,,,
2026-09-20T04:56:33+00:00,617,490884,Cho,11,88,Hull City,Midfielder,5.0,0.0,0.0,a,,,,,0.0,2.2,2.2,2.2,91,31,1527,643,,,
2026-09-20T04:56:33+00:00,632,626751,Ansah,11,88,Hull City,Forward,5.0,0.0,0.0,i,Back injury - Unknown return date,2026-09-09T10:00:08.919489Z,0,0,0.0,0.0,0.0,0.0,21,105,5068,3185,,,
2026-09-20T04:56:33+00:00,637,631000,Vaz,11,88,Hull City,Forward,5.0,0.0,0.0,a,,,,,0.1,0.7,0.7,0.7,527,221,11032,3042,,,
2026-09-20T04:56:33+00:00,638,496181,Norton-Cuffy,11,88,Hull City,Defender,4.0,0.0,0.0,a,,,,,0.3,0.3,0.3,0.3,229,400,25845,8226,,,
2026-09-20T04:56:33+00:00,642,243951,Thomas,11,88,Hull City,Midfielder,5.5,0.0,0.0,a,,,,,0.0,1.3,1.3,1.3,116,75,2720,924,,,
2026-09-20T04:56:33+00:00,645,647839,Mouzakitis,11,88,Hull City,Midfielder,5.0,0.0,0.0,a,,,,,0.0,0.0,0.0,0.0,18,16,710,242,,,
2026-09-20T04:56:33+00:00,259,219924,Diop,12,40,Ipswich Town,Defender,4.0,0.0,0.0,a,,,,,13.1,2.4,2.4,2.4,1884,14613,130921,467235,,,
2026-09-20T04:56:33+00:00,267,212314,Lukić,12,40,Ipswich Town,Midfielder,4.9,-0.1,-0.1,a,,,,,0.1,2.2,2.2,2.2,33,144,3261,6097,,,
2026-09-20T04:56:33+00:00,300,108813,Walton,12,40,Ipswich Town,Goalkeeper,4.4,0.0,-0.1,a,,,,,0.4,0.4,0.4,0.4,283,164,1968,14077,,,
2026-09-20T04:56:33+00:00,301,112520,Palmer,12,40,Ipswich Town,Goalkeeper,4.0,0.0,0.0,a,,,,,4.0,0.0,0.0,0.0,1218,2967,71814,104206,,,
2026-09-20T04:56:33+00:00,302,50093,Button,12,40,Ipswich Town,Goalkeeper,4.0,0.0,0.0,a,,,,,0.6,0.0,0.0,0.0,585,299,30595,14151,,,
2026-09-20T04:56:33+00:00,303,183015,Kipré,12,40,Ipswich Town,Defender,3.9,0.0,-0.1,a,,,,,0.9,0.0,0.0,0.0,1463,901,46084,25648,,,
2026-09-20T04:56:33+00:00,304,216616,O'Shea,12,40,Ipswich Town,Defender,4.0,0.0,0.0,a,,,,,2.8,2.0,2.0,2.0,494,3841,63913,117184,,,
2026-09-20T04:56:33+00:00,305,455084,Davis,12,40,Ipswich Town,Defender,4.0,0.0,0.0,a,,,,,6.8,5.0,5.0,5.0,16582,5438,336785,163054,,,
2026-09-20T04:56:33+00:00,306,449429,Greaves,12,40,Ipswich Town,Defender,4.0,0.0,0.0,a,,,,,1.1,0.6,0.6,0.6,123,879,7859,35620,,,
2026-09-20T04:56:33+00:00,307,222018,Johnson,12,40,Ipswich Town,Defender,4.0,0.0,0.0,u,Has joined Stoke City on loan for the rest of the season,2026-09-04T12:36:56.236331Z,0,0,0.1,0.0,0.0,0.0,0,94,1137,6041,,,
2026-09-20T04:56:33+00:00,308,176420,Furlong,12,40,Ipswich Town,Defender,3.9,0.0,-0.1,a,,,,,0.6,0.2,0.2,0.2,2172,601,14809,17378,,,
2026-09-20T04:56:33+00:00,309,501390,Núñez,12,40,Ipswich Town,Midfielder,4.9,0.0,-0.1,a,,,,,0.1,1.2,1.2,1.2,26,152,3043,7159,,,
2026-09-20T04:56:33+00:00,310,241117,Matusiwa,12,40,Ipswich Town,Midfielder,4.9,0.0,-0.1,a,,2026-07-29T18:00:10.305484Z,100,100,0.0,0.0,0.0,0.0,5,4,116,265,,,
2026-09-20T04:56:33+00:00,311,149929,Burns,12,40,Ipswich Town,Midfielder,5.0,0.0,0.0,u,Has joined Leicester City permanently,2026-08-10T14:02:47.597478Z,0,0,0.0,0.0,0.0,0.0,0,3,0,342,,,
2026-09-20T04:56:33+00:00,312,231899,Taylor,12,40,Ipswich Town,Midfielder,4.4,-0.1,-0.1,i,Knee injury - Unknown return date,2026-07-29T18:00:10.319370Z,0,0,0.0,0.0,0.0,0.0,19,50,595,2431,,,
2026-09-20T04:56:33+00:00,313,443261,Clarke,12,40,Ipswich Town,Midfielder,5.4,0.0,-0.1,a,,,,,0.2,2.2,2.2,2.2,30,298,5381,15092,1,,
2026-09-20T04:56:33+00:00,314,229164,Ogbene,12,40,Ipswich Town,Midfielder,4.9,0.0,-0.1,u,Has joined Lincoln City on loan until January,2026-09-02T16:04:17.497385Z,0,0,0.0,0.0,0.0,0.0,0,16,104,1158,,,
2026-09-20T04:56:33+00:00,315,531442,Fatawu,12,40,Ipswich Town,Midfielder,5.4,0.0,-0.1,s,Suspended until 17 Oct,2026-09-19T15:30:10.126897Z,,0,0.2,1.6,1.6,0.0,37,593,5339,11437,,,
2026-09-20T04:56:33+00:00,316,543968,Emersonn,12,40,Ipswich Town,Forward,5.5,0.0,0.0,a,,2026-08-31T09:30:08.306145Z,100,100,3.4,5.2,5.2,5.2,13256,5248,296954,124522,2,,
2026-09-20T04:56:33+00:00,317,222625,Hirst,12,40,Ipswich Town,Forward,5.0,0.0,0.0,u,Has joined Stoke City permanently,2026-08-21T13:06:08.606019Z,0,0,0.1,0.0,0.0,0.0,0,109,0,16739,,,
2026-09-20T04:56:33+00:00,318,481624,Philogene,12,40,Ipswich Town,Midfielder,5.4,0.0,-0.1,a,,2026-08-25T11:30:07.532993Z,100,100,0.1,0.4,0.4,0.4,9,38,277,9162,3,,
2026-09-20T04:56:33+00:00,319,172453,Szmodics,12,40,Ipswich Town,Midfielder,5.0,0.0,0.0,u,Has joined Derby County on loan for the rest of the season,2026-08-17T13:51:41.713979Z,0,0,0.0,0.0,0.0,0.0,0,2,0,749,,,
2026-09-20T04:56:33+00:00,320,147675,Akpom,12,40,Ipswich Town,Forward,5.0,0.0,0.0,a,,,,,1.2,1.4,1.4,1.4,1869,2356,127825,66789,,,
2026-09-20T04:56:33+00:00,321,557012,Walle Egeli,12,40,Ipswich Town,Forward,4.5,0.0,0.0,a,,,,,3.6,0.2,0.2,0.2,5171,6667,317792,191154,,,
2026-09-20T04:56:33+00:00,322,462387,Al-Hamadi,12,40,Ipswich Town,Forward,5.0,0.0,0.0,u,Has joined Sheffield Wednesday on loan for the rest of the season,2026-08-27T14:54:10.215357Z,0,0,0.1,0.0,0.0,0.0,0,88,755,9633,,,
2026-09-20T04:56:33+00:00,323,461587,McAteer,12,40,Ipswich Town,Midfielder,4.5,0.0,0.0,a,,,,,1.1,0.6,0.6,0.6,131,1774,26875,57621,,,
2026-09-20T04:56:33+00:00,324,232457,Mehmeti,12,40,Ipswich Town,Midfielder,4.8,-0.1,-0.2,a,,,,,0.0,0.0,0.0,0.0,9,37,335,2368,,,
2026-09-20T04:56:33+00:00,554,546600,Van Oevelen,12,40,Ipswich Town,Goalkeeper,4.5,0.0,0.0,u,Has joined Valencia on loan for the rest of the season,2026-08-25T14:04:09.529320Z,0,0,0.0,0.0,0.0,0.0,0,25,54,1899,,,
2026-09-20T04:56:33+00:00,562,442967,Maeda,12,40,Ipswich Town,Midfielder,5.3,-0.1,-0.2,a,,,,,0.2,1.6,1.6,1.6,34,526,2762,19296,,,
2026-09-20T04:56:33+00:00,564,240514,Scherpen,12,40,Ipswich Town,Goalkeeper,4.5,0.0,0.0,a,,,,,0.6,1.4,1.4,1.4,171,1044,14738,21621,,,
2026-09-20T04:56:33+00:00,571,216055,Florentino,12,40,Ipswich Town,Midfielder,4.9,0.0,-0.1,a,,2026-08-25T11:30:07.678802Z,100,100,0.1,0.4,0.4,0.4,15,71,960,6802,,,
2026-09-20T04:56:33+00:00,591,474120,Enciso,12,40,Ipswich Town,Midfielder,5.5,0.0,0.0,a,,2026-08-22T18:00:07.551930Z,100,100,0.8,3.0,3.0,3.0,568,2010,92131,48299,,,
2026-09-20T04:56:33+00:00,592,572584,Ouattara,12,40,Ipswich Town,Defender,4.0,0.0,0.0,a,,,,,0.9,1.2,1.2,1.2,188,479,12973,24615,,,
2026-09-20T04:56:33+00:00,602,524180,Humphreys,12,40,Ipswich Town,Midfielder,4.5,0.0,0.0,u,Has joined Huddersfield Town on loan for the rest of the season,2026-09-02T16:04:17.524642Z,0,0,0.0,0.0,0.0,0.0,0,60,2861,3054,,,
2026-09-20T04:56:33+00:00,619,218543,Palacios,12,40,Ipswich Town,Midfielder,5.0,0.0,0.0,a,,,,,0.1,2.8,2.8,2.8,203,183,8691,2793,,,
2026-09-20T04:56:33+00:00,640,431639,Flemming,12,40,Ipswich Town,Forward,5.5,0.0,0.0,a,,,,,0.1,2.0,2.0,2.0,268,218,8630,2440,,,
2026-09-20T04:56:33+00:00,260,153682,Wilson,13,2,Leeds,Midfielder,6.2,0.0,-0.3,i,Thigh injury - Unknown return date,2026-09-18T13:30:09.626858Z,0,0,1.9,1.0,0.0,0.0,17,14279,28988,430981,,,
2026-09-20T04:56:33+00:00,326,201595,Perri,13,2,Leeds,Goalkeeper,4.5,0.0,0.0,u,Has joined Torino on loan for the rest of the season,2026-09-01T13:12:39.210133Z,0,0,0.3,0.0,0.0,0.0,0,307,532,25507,,,
2026-09-20T04:56:33+00:00,327,434752,Bijol,13,2,Leeds,Defender,5.0,0.0,0.0,a,,,,,0.7,2.4,2.4,2.4,236,1072,68538,54687,,,
2026-09-20T04:56:33+00:00,329,214225,Rodon,13,2,Leeds,Defender,4.3,-0.1,-0.2,i,Hamstring injury - Expected back 21 Nov,2026-08-30T16:00:08.564382Z,0,0,0.8,1.4,0.0,0.0,5,3499,26899,291504,,,
2026-09-20T04:56:33+00:00,330,226182,Bogle,13,2,Leeds,Defender,4.6,0.0,0.1,a,,,,,6.2,7.4,7.4,7.4,33670,4736,560243,63944,,,
2026-09-20T04:56:33+00:00,331,243526,Gudmundsson,13,2,Leeds,Defender,4.5,0.0,0.0,a,,2026-08-08T20:00:07.546568Z,100,100,0.1,1.6,1.6,1.6,97,66,3695,2496,,,
2026-09-20T04:56:33+00:00,332,220627,Justin,13,2,Leeds,Defender,4.5,0.0,0.0,a,,,,,1.5,3.6,3.6,3.6,540,1861,117812,66774,,,
2026-09-20T04:56:33+00:00,333,437738,Bornauw,13,2,Leeds,Defender,4.5,0.0,0.0,u,Has joined Hamburg SV on loan for the rest of the season,2026-08-19T13:56:14.645970Z,0,0,0.0,0.0,0.0,0.0,0,1,0,295,,,
2026-09-20T04:56:33+00:00,334,522047,Muharemović,13,2,Leeds,Defender,5.0,0.0,0.0,a,,,,,4.3,4.2,4.2,4.2,5602,5140,276887,154024,,,
2026-09-20T04:56:33+00:00,335,466525,Stach,13,2,Leeds,Midfielder,6.0,0.0,0.0,a,,,,,2.6,4.4,4.4,4.4,1170,6212,198513,150945,,,
2026-09-20T04:56:33+00:00,336,435997,Okafor,13,2,Leeds,Midfielder,5.8,0.0,-0.2,a,,,,,0.4,3.0,3.0,3.0,585,866,25692,32652,,,
2026-09-20T04:56:33+00:00,337,427637,Aaronson,13,2,Leeds,Midfielder,5.4,0.0,-0.1,a,,,,,0.5,1.2,1.2,1.2,47,930,6610,45659,,,
2026-09-20T04:56:33+00:00,338,199598,Ampadu,13,2,Leeds,Midfielder,5.4,0.0,-0.1,a,,,,,0.9,3.2,3.2,3.2,252,1507,16685,57186,,,
2026-09-20T04:56:33+00:00,339,180135,Longstaff,13,2,Leeds,Midfielder,4.9,0.0,-0.1,a,,,,,0.1,0.4,0.4,0.4,36,144,2409,7628,,,
2026-09-20T04:56:33+00:00,341,492859,Gnonto,13,2,Leeds,Midfielder,5.0,0.0,0.0,u,Has joined ACF Fiorentina on loan for the rest of the season,2026-09-02T16:04:47.189648Z,0,0,0.0,0.0,0.0,0.0,0,17,244,1775,,,
2026-09-20T04:56:33+00:00,342,221399,Harrison,13,2,Leeds,Midfielder,5.0,0.0,0.0,u,Has joined New England Revolution permanently,2026-07-28T12:59:09.492431Z,0,0,0.0,0.0,0.0,0.0,0,2,0,76,,,
2026-09-20T04:56:33+00:00,343,200617,James,13,2,Leeds,Midfielder,4.9,0.0,-0.1,a,,,,,0.1,0.4,0.4,0.4,52,138,4021,7588,,,
2026-09-20T04:56:33+00:00,344,486520,Gruev,13,2,Leeds,Midfielder,5.0,0.0,0.0,a,,2026-08-14T23:00:06.272027Z,100,100,0.0,0.0,0.0,0.0,13,2,92,297,,,
2026-09-20T04:56:33+00:00,345,248056,Tanaka,13,2,Leeds,Midfielder,4.9,0.0,-0.1,a,,,,,0.3,2.4,2.4,2.4,591,476,21109,15711,,,
2026-09-20T04:56:33+00:00,346,177815,Calvert-Lewin,13,2,Leeds,Forward,6.0,0.0,0.0,a,,,,,25.7,4.0,4.0,4.0,35206,33060,951835,1186002,1,,
2026-09-20T04:56:33+00:00,347,174594,Nmecha,13,2,Leeds,Forward,5.4,0.0,-0.1,a,,,,,0.5,1.2,1.2,1.2,529,753,20723,34174,2,,
2026-09-20T04:56:33+00:00,348,235826,Piroe,13,2,Leeds,Forward,5.0,0.0,0.0,u,Has joined West Ham United on loan for the rest of the season,2026-08-19T13:56:14.666726Z,0,0,0.1,0.0,0.0,0.0,0,104,0,10899,3,,
2026-09-20T04:56:33+00:00,349,565297,Mateo Joseph,13,2,Leeds,Forward,4.5,0.0,0.0,i,Knee injury - Unknown return date,2026-07-29T18:00:10.338170Z,0,0,0.1,0.0,0.0,0.0,112,119,2898,4093,,,
2026-09-20T04:56:33+00:00,385,432720,Trafford,13,2,Leeds,Goalkeeper,5.0,0.0,0.0,a,,,,,5.4,3.6,3.6,3.6,1811,4148,243782,148493,,,
2026-09-20T04:56:33+00:00,598,173774,Elvedi,13,2,Leeds,Defender,4.5,0.0,0.0,a,,,,,0.1,1.4,1.4,1.4,37,62,5152,2621,,,
2026-09-20T04:56:33+00:00,603,643970,Lienou,13,2,Leeds,Defender,4.0,0.0,0.0,a,,,,,0.1,0.0,0.0,0.0,79,117,6752,3584,,,
2026-09-20T04:56:33+00:00,604,592740,Cresswell,13,2,Leeds,Midfielder,4.5,0.0,0.0,a,,,,,0.1,0.0,0.0,0.0,89,206,13845,7234,,,
2026-09-20T04:56:33+00:00,625,97846,Cairns,13,2,Leeds,Goalkeeper,4.0,0.0,0.0,a,,,,,0.2,0.0,0.0,0.0,306,159,19265,5317,,,
2026-09-20T04:56:33+00:00,629,155465,Zetterer,13,2,Leeds,Goalkeeper,4.0,0.0,0.0,a,,,,,0.7,0.0,0.0,0.0,1009,573,56449,11948,,,
2026-09-20T04:56:33+00:00,641,437497,Bard,13,2,Leeds,Defender,4.5,0.0,0.0,a,,,,,0.0,0.3,0.3,0.3,29,18,891,294,,,
2026-09-20T04:56:33+00:00,648,587982,Bahoya,13,2,Leeds,Midfielder,5.0,0.0,0.0,a,,,,,0.0,0.0,0.0,0.0,30,62,2162,1030,,,
2026-09-20T04:56:33+00:00,350,116535,A.Becker,14,14,Liverpool,Goalkeeper,5.5,0.0,0.0,a,,,,,3.9,3.8,3.8,3.8,1382,2656,134700,136180,,,
2026-09-20T04:56:33+00:00,351,449027,Mamardashvili,14,14,Liverpool,Goalkeeper,4.9,0.0,-0.1,a,,,,,0.1,0.0,0.0,0.0,65,131,2677,8149,,,
2026-09-20T04:56:33+00:00,352,155503,Woodman,14,14,Liverpool,Goalkeeper,4.0,0.0,0.0,a,,,,,1.0,0.0,0.0,0.0,242,540,17736,25398,,,
2026-09-20T04:56:33+00:00,353,586268,Pecsi,14,14,Liverpool,Goalkeeper,4.0,0.0,0.0,u,Has joined TSV Hartberg on loan for the rest of the season,2026-08-18T14:11:18.638344Z,0,0,0.0,0.0,0.0,0.0,0,12,0,1039,,,
2026-09-20T04:56:33+00:00,354,432987,Jaros,14,14,Liverpool,Goalkeeper,4.0,0.0,0.0,i,Knee injury - Unknown return date,2026-07-29T18:00:10.351066Z,0,0,0.0,0.0,0.0,0.0,96,57,1643,1143,,,
2026-09-20T04:56:33+00:00,355,464353,Davies,14,14,Liverpool,Goalkeeper,4.0,0.0,0.0,a,,,,,0.2,0.0,0.0,0.0,83,92,4535,3872,,,
2026-09-20T04:56:33+00:00,356,97032,Virgil,14,14,Liverpool,Defender,6.5,0.0,0.0,a,,,,,16.3,3.4,3.4,3.4,3120,12000,260136,584633,,,
2026-09-20T04:56:33+00:00,357,216094,Frimpong,14,14,Liverpool,Defender,5.3,0.0,-0.2,a,,,,,1.8,0.4,0.4,0.4,405,2379,57748,235764,,,
2026-09-20T04:56:33+00:00,358,544877,Kerkez,14,14,Liverpool,Defender,5.4,0.0,-0.1,a,,,,,2.3,1.4,1.4,1.4,493,2923,45510,180295,,,
2026-09-20T04:56:33+00:00,359,171287,Gomez,14,14,Liverpool,Defender,4.9,0.0,-0.1,a,,2026-07-26T08:30:10.078473Z,100,100,0.0,0.0,0.0,0.0,85,23,505,1087,,,
2026-09-20T04:56:33+00:00,360,492777,Bradley,14,14,Liverpool,Defender,5.0,0.0,0.0,i,Knee injury - Unknown return date,2026-07-23T12:01:23.565711Z,0,0,0.0,0.0,0.0,0.0,14,16,331,728,,,
2026-09-20T04:56:33+00:00,361,519440,Lucky,14,14,Liverpool,Defender,4.0,0.0,0.0,a,,,,,0.1,0.0,0.0,0.0,86,101,3663,5326,,,
2026-09-20T04:56:33+00:00,362,606702,Jacquet,14,14,Liverpool,Defender,5.0,0.0,0.0,a,,2026-07-23T12:01:23.581126Z,100,100,3.3,3.6,3.6,3.6,4234,3253,202116,113286,,,
2026-09-20T04:56:33+00:00,363,647681,Leoni,14,14,Liverpool,Defender,4.0,0.0,0.0,i,Knee injury - Unknown return date,2026-07-23T12:01:23.596909Z,0,0,0.0,0.0,0.0,0.0,27,44,828,1975,,,
2026-09-20T04:56:33+00:00,364,214285,Tsimikas,14,14,Liverpool,Defender,4.9,0.0,-0.1,a,,,,,0.1,0.4,0.4,0.4,25,69,1512,4095,,,
2026-09-20T04:56:33+00:00,365,489580,Ramsay,14,14,Liverpool,Defender,4.0,0.0,0.0,u,Has joined St Mirren on loan for the rest of the season,2026-08-26T14:05:26.748768Z,0,0,0.1,0.0,0.0,0.0,0,122,638,12351,,,
2026-09-20T04:56:33+00:00,366,494595,Wirtz,14,14,Liverpool,Midfielder,7.3,0.0,-0.2,a,,,,,6.0,2.4,2.4,2.4,546,13132,130814,736529,4,,
2026-09-20T04:56:33+00:00,367,243298,Gakpo,14,14,Liverpool,Midfielder,7.2,0.0,0.2,a,,2026-09-09T18:30:08.772955Z,100,100,12.7,5.8,5.8,5.8,12118,19355,1298530,646952,3,,
2026-09-20T04:56:33+00:00,368,424876,Szoboszlai,14,14,Liverpool,Midfielder,7.0,0.0,0.0,a,,,,,34.2,3.6,3.6,3.6,9582,54836,901941,1522994,1,,
2026-09-20T04:56:33+00:00,369,611922,Ngumoha,14,14,Liverpool,Midfielder,5.7,-0.1,-0.3,a,,,,,0.5,0.8,0.8,0.8,200,881,13978,85907,,,
2026-09-20T04:56:33+00:00,370,223541,Chiesa,14,14,Liverpool,Midfielder,5.3,-0.1,-0.2,i,Back injury - Unknown return date,2026-08-27T13:30:07.598926Z,0,0,0.0,0.0,0.0,0.0,5,60,670,9893,,,
2026-09-20T04:56:33+00:00,371,441266,Gravenberch,14,14,Liverpool,Midfielder,5.8,-0.1,-0.2,a,,,,,1.1,1.6,1.6,1.6,356,1847,34894,123200,,,
2026-09-20T04:56:33+00:00,372,243016,Mac Allister,14,14,Liverpool,Midfielder,5.4,0.0,-0.1,a,,,,,1.3,1.2,1.2,1.2,929,1735,42549,91449,5,,
2026-09-20T04:56:33+00:00,373,206915,C.Jones,14,14,Liverpool,Midfielder,5.5,0.0,0.0,u,Has joined Internazionale permanently,2026-08-16T18:30:07.426408Z,0,0,0.0,0.0,0.0,0.0,0,14,34,2601,,,
2026-09-20T04:56:33+00:00,374,158983,Endo,14,14,Liverpool,Midfielder,4.9,0.0,-0.1,a,,2026-07-23T12:01:23.612529Z,100,100,0.1,0.0,0.0,0.0,46,87,2209,4453,,,
2026-09-20T04:56:33+00:00,375,591386,Nyoni,14,14,Liverpool,Midfielder,4.9,0.0,-0.1,a,,,,,0.0,0.4,0.4,0.4,14,60,1271,2805,,,
2026-09-20T04:56:33+00:00,376,535928,Bajcetic,14,14,Liverpool,Midfielder,5.0,0.0,0.0,u,Has joined Celta Vigo permanently,2026-07-23T12:01:23.628373Z,0,0,0.0,0.0,0.0,0.0,0,1,19,105,,,
2026-09-20T04:56:33+00:00,377,551499,Munoz,14,14,Liverpool,Midfielder,6.5,0.0,0.0,a,,,,,1.0,2.8,2.8,2.8,436,2578,116419,92920,,,
2026-09-20T04:56:33+00:00,378,491501,McConnell,14,14,Liverpool,Midfielder,4.4,0.0,-0.1,a,,,,,0.2,0.0,0.0,0.0,311,334,6186,11791,,,
2026-09-20T04:56:33+00:00,379,219168,Isak,14,14,Liverpool,Forward,9.1,0.0,0.1,a,,,,,21.9,5.0,5.0,5.0,15374,21284,1142536,681253,2,,
2026-09-20T04:56:33+00:00,380,510663,Ekitiké,14,14,Liverpool,Forward,7.4,0.0,-0.1,i,Achilles injury - Unknown return date,2026-07-23T12:01:23.643771Z,0,0,0.1,0.0,0.0,0.0,101,202,2373,10665,,,
2026-09-20T04:56:33+00:00,381,514514,Koumas,14,14,Liverpool,Midfielder,5.0,0.0,0.0,a,,,,,0.0,0.4,0.4,0.4,32,33,711,1234,,,
2026-09-20T04:56:33+00:00,382,500058,Danns,14,14,Liverpool,Forward,4.5,0.0,0.0,a,,2026-07-23T12:01:23.659279Z,100,100,0.2,0.0,0.0,0.0,1208,517,21015,7796,,,
2026-09-20T04:56:33+00:00,383,444884,Elliott,14,14,Liverpool,Midfielder,5.4,0.0,-0.1,u,Has joined Valencia on loan for the rest of the season,2026-09-02T16:05:49.104326Z,0,0,0.0,0.0,0.0,0.0,0,59,907,5979,,,
2026-09-20T04:56:33+00:00,579,445087,Araujo,14,14,Liverpool,Defender,5.4,0.0,-0.1,a,,,,,2.9,3.0,3.0,3.0,3131,2414,135047,152103,,,
2026-09-20T04:56:33+00:00,627,482616,Barcola,14,14,Liverpool,Midfielder,8.0,0.0,0.0,a,,,,,1.9,1.3,1.3,1.3,2361,3670,279823,114916,,,
2026-09-20T04:56:33+00:00,155,448047,Enzo,15,43,Man City,Midfielder,6.9,0.0,-0.1,a,,,,,3.5,1.2,1.2,1.2,3618,3767,145285,310676,,,
2026-09-20T04:56:33+00:00,237,440993,Ndiaye,15,43,Man City,Midfielder,5.8,-0.1,-0.2,a,,,,,7.1,3.4,3.4,3.4,1755,26136,292624,1094139,,,
2026-09-20T04:56:33+00:00,384,204936,Donnarumma,15,43,Man City,Goalkeeper,5.5,0.0,0.0,a,,,,,7.8,3.4,3.4,3.4,3820,5256,200011,291172,,,
2026-09-20T04:56:33+00:00,386,122074,Bettinelli,15,43,Man City,Goalkeeper,4.5,0.0,0.0,a,,,,,0.0,0.0,0.0,0.0,17,17,532,1053,,,
2026-09-20T04:56:33+00:00,387,472769,O'Reilly,15,43,Man City,Defender,6.4,0.0,-0.1,a,,2026-09-05T18:00:06.379802Z,100,100,11.5,1.0,1.0,1.0,1470,12510,188814,1149021,,,
2026-09-20T04:56:33+00:00,388,209036,Guéhi,15,43,Man City,Defender,6.0,0.0,0.0,a,,,,,18.5,5.2,5.2,5.2,6262,9072,488182,421048,,,
2026-09-20T04:56:33+00:00,389,465351,Matheus N.,15,43,Man City,Defender,5.9,0.0,-0.1,a,,2026-08-27T11:30:08.171622Z,100,100,1.0,2.0,2.0,2.0,476,475,13631,71616,4,,
2026-09-20T04:56:33+00:00,390,171314,Rúben,15,43,Man City,Defender,5.5,0.0,0.0,a,,,,,1.9,3.2,3.2,3.2,1322,1383,63910,66185,,,
2026-09-20T04:56:33+00:00,391,477424,Gvardiol,15,43,Man City,Defender,5.7,0.0,0.2,a,,,,,26.1,6.6,6.6,6.6,42542,6901,1724574,367117,,,
2026-09-20T04:56:33+00:00,392,448514,Aït-Nouri,15,43,Man City,Defender,5.3,0.0,-0.2,a,,,,,0.4,0.0,0.0,0.0,155,423,7507,59832,,,
2026-09-20T04:56:33+00:00,393,578153,Khusanov,15,43,Man City,Defender,5.4,0.0,-0.1,a,,,,,1.4,1.8,1.8,1.8,451,1329,25887,72975,,,
2026-09-20T04:56:33+00:00,394,494307,Alleyne,15,43,Man City,Defender,5.0,0.0,0.0,u,Has joined Burnley on loan for the rest of the season,2026-08-18T14:11:56.324656Z,0,0,0.0,0.0,0.0,0.0,0,5,0,603,,,
2026-09-20T04:56:33+00:00,395,477064,Lewis,15,43,Man City,Defender,4.4,0.0,-0.1,a,,,,,0.2,0.2,0.2,0.2,91,229,8047,15295,,,
2026-09-20T04:56:33+00:00,396,616222,Vitor Reis,15,43,Man City,Defender,4.5,0.0,0.0,a,,,,,0.0,0.2,0.2,0.2,20,28,500,1051,,,
2026-09-20T04:56:33+00:00,397,437730,Semenyo,15,43,Man City,Midfielder,8.4,0.0,-0.1,a,,,,,14.6,3.2,3.2,3.2,2546,19594,193449,1162294,2,,
2026-09-20T04:56:33+00:00,398,209244,Foden,15,43,Man City,Midfielder,6.9,0.0,-0.1,s,Suspended until 17 Oct,2026-09-13T17:00:09.433455Z,0,0,2.0,1.8,0.0,0.0,53,10420,303299,548142,,,
2026-09-20T04:56:33+00:00,399,466052,Cherki,15,43,Man City,Midfielder,7.8,0.0,0.3,a,,,,,27.8,5.2,5.2,5.2,9738,34665,2556899,901610,,,
2026-09-20T04:56:33+00:00,400,248875,Doku,15,43,Man City,Midfielder,7.4,0.0,-0.1,d,Calf injury - 75% chance of playing,2026-08-18T17:00:08.385597Z,75,75,0.7,0.0,0.0,0.0,113,504,1580,126590,3,,
2026-09-20T04:56:33+00:00,402,220566,Rodrigo,15,43,Man City,Midfielder,6.5,0.0,0.0,u,Has joined Barcelona permanently,2026-07-23T12:01:23.675537Z,0,0,0.0,0.0,0.0,0.0,0,1,0,1205,,,
2026-09-20T04:56:33+00:00,404,433036,Reijnders,15,43,Man City,Midfielder,6.0,0.0,0.0,u,Has joined Al Qadsiah permanently,2026-08-20T14:02:58.154273Z,0,0,0.0,0.0,0.0,0.0,0,22,0,8107,,,
2026-09-20T04:56:33+00:00,406,91651,Kovačić,15,43,Man City,Midfielder,5.4,0.0,-0.1,a,,,,,0.1,0.4,0.4,0.4,28,104,2170,5933,,,
2026-09-20T04:56:33+00:00,407,575204,Echeverri,15,43,Man City,Midfielder,4.9,0.0,-0.1,u,Has joined Benfica on loan for the rest of the season,2026-09-03T15:41:24.710479Z,0,0,0.0,0.0,0.0,0.0,0,13,250,1302,,,
2026-09-20T04:56:33+00:00,408,155405,Phillips,15,43,Man City,Midfielder,5.0,0.0,0.0,u,Has joined Sheffield United on loan for the rest of the season,2026-08-18T14:11:56.348781Z,0,0,0.0,0.0,0.0,0.0,0,4,0,563,,,
2026-09-20T04:56:33+00:00,409,590039,Mukasa,15,43,Man City,Midfielder,4.5,0.0,0.0,u,has joined West Ham on loan for the rest of the seaon.,2026-09-03T10:34:10.733520Z,0,0,0.1,0.0,0.0,0.0,0,157,1621,11724,,,
2026-09-20T04:56:33+00:00,410,649208,Monga,15,43,Man City,Midfielder,4.9,0.0,-0.1,u,Has joined Swansea City on loan for the rest of the season,2026-09-02T16:02:01.136760Z,0,0,0.0,0.0,0.0,0.0,0,20,219,1240,,,
2026-09-20T04:56:33+00:00,411,223094,Haaland,15,43,Man City,Forward,15.6,0.0,0.1,a,,,,,73.4,6.6,6.6,6.6,17821,3035,863098,304693,1,,
2026-09-20T04:56:33+00:00,481,215379,Anderson,15,43,Man City,Midfielder,6.3,0.0,-0.2,a,,2026-08-23T17:00:07.952697Z,100,100,4.1,2.6,2.6,2.6,2363,5721,99802,423561,,,
2026-09-20T04:56:33+00:00,587,106921,Rulli,15,43,Man City,Goalkeeper,5.0,0.0,0.0,a,,,,,0.0,0.0,0.0,0.0,19,18,551,1029,,,
2026-09-20T04:56:33+00:00,616,637238,Bouaddi,15,43,Man City,Midfielder,5.5,0.0,0.0,a,,,,,0.2,0.5,0.5,0.5,308,384,20507,11823,,,
2026-09-20T04:56:33+00:00,621,616288,McAidoo,15,43,Man City,Midfielder,4.5,0.0,0.0,a,,,,,0.1,0.5,0.5,0.5,66,253,11235,6276,,,
2026-09-20T04:56:33+00:00,622,554054,Braithwaite,15,43,Man City,Defender,4.0,0.0,0.0,a,,,,,0.2,0.2,0.2,0.2,180,309,16387,7860,,,
2026-09-20T04:56:33+00:00,628,624777,Allan,15,43,Man City,Midfielder,6.0,0.0,0.0,a,,,,,0.0,0.0,0.0,0.0,65,32,1028,553,,,
2026-09-20T04:56:33+00:00,653,595480,Samba,15,43,Man City,Midfielder,4.5,0.0,0.0,a,,,,,0.0,0.0,0.0,0.0,92,83,3741,1766,,,
2026-09-20T04:56:33+00:00,43,166989,Tielemans,16,1,Man Utd,Midfielder,5.8,0.0,-0.2,a,,2026-07-23T12:01:23.321726Z,100,100,1.5,2.0,2.0,2.0,709,2645,42156,153269,3,,
2026-09-20T04:56:33+00:00,131,535301,Baleba,16,1,Man Utd,Midfielder,4.9,0.0,-0.1,d,Ankle injury - 50% chance of playing,2026-08-06T16:00:10.997714Z,50,50,0.1,0.0,0.0,0.0,170,233,5609,13874,,,
2026-09-20T04:56:33+00:00,162,532605,Andrey Santos,16,1,Man Utd,Midfielder,4.8,0.0,-0.2,a,,,,,0.6,0.8,0.8,0.8,274,1291,21471,69910,,,
2026-09-20T04:56:33+00:00,325,59735,Darlow,16,1,Man Utd,Goalkeeper,4.5,0.0,0.0,a,,2026-07-23T12:01:23.549136Z,100,100,0.0,0.0,0.0,0.0,27,30,1034,1411,,,
2026-09-20T04:56:33+00:00,412,465247,Lammens,16,1,Man Utd,Goalkeeper,4.9,0.0,-0.1,a,,,,,10.2,1.4,1.4,1.4,1248,14378,93456,652809,,,
2026-09-20T04:56:33+00:00,413,451302,Bayindir,16,1,Man Utd,Goalkeeper,4.5,0.0,0.0,u,Has joined Celta Vigo on loan for the rest of the season,2026-08-10T14:02:28.608415Z,0,0,0.0,0.0,0.0,0.0,0,5,0,1115,,,
2026-09-20T04:56:33+00:00,414,21205,Heaton,16,1,Man Utd,Goalkeeper,4.0,0.0,0.0,i,Hamstring injury - Unknown return date,2026-08-15T16:00:07.854151Z,0,0,0.1,0.0,0.0,0.0,78,63,1996,3350,,,
2026-09-20T04:56:33+00:00,415,596777,Dorgu,16,1,Man Utd,Midfielder,5.8,0.0,-0.2,a,,,,,0.5,1.2,1.2,1.2,210,1072,13180,94609,,,
2026-09-20T04:56:33+00:00,416,209365,De Ligt,16,1,Man Utd,Defender,5.0,0.0,0.0,i,Back injury - Unknown return date,2026-07-23T12:01:23.690880Z,0,0,0.0,0.0,0.0,0.0,13,20,392,1443,,,
2026-09-20T04:56:33+00:00,417,216051,Dalot,16,1,Man Utd,Defender,4.9,0.0,-0.1,a,,,,,1.7,1.2,1.2,1.2,274,1783,25053,130278,,,
2026-09-20T04:56:33+00:00,418,95658,Maguire,16,1,Man Utd,Defender,4.9,0.0,-0.1,a,,,,,9.1,1.6,1.6,1.6,968,22666,134926,952357,,,
2026-09-20T04:56:33+00:00,419,221820,Martinez,16,1,Man Utd,Defender,5.0,0.0,0.0,a,,2026-07-24T20:00:10.337107Z,100,100,1.3,1.2,1.2,1.2,906,951,33832,61804,,,
2026-09-20T04:56:33+00:00,420,550864,Yoro,16,1,Man Utd,Defender,4.8,-0.1,-0.2,a,,,,,0.5,0.4,0.4,0.4,123,429,4905,34271,,,
2026-09-20T04:56:33+00:00,421,606745,Heaven,16,1,Man Utd,Defender,4.4,0.0,-0.1,a,,,,,0.3,0.2,0.2,0.2,67,342,5837,22928,,,
2026-09-20T04:56:33+00:00,422,230001,Mazraoui,16,1,Man Utd,Defender,4.4,0.0,-0.1,a,,,,,0.5,0.6,0.6,0.6,197,622,13981,38709,,,
2026-09-20T04:56:33+00:00,423,106760,Shaw,16,1,Man Utd,Defender,4.3,-0.1,-0.2,d,Unspecified injury - 50% chance of playing,2026-09-11T13:00:09.030120Z,50,50,8.1,1.4,0.7,0.7,229,35994,97713,1267923,,,
2026-09-20T04:56:33+00:00,424,577974,Amass,16,1,Man Utd,Defender,4.0,0.0,0.0,a,,,,,0.2,0.0,0.0,0.0,113,164,6015,8194,,,
2026-09-20T04:56:33+00:00,425,547676,Fredricson,16,1,Man Utd,Defender,4.0,0.0,0.0,u,Has joined Lausanne-Sport permanently,2026-08-18T14:12:31.904433Z,0,0,0.0,0.0,0.0,0.0,0,12,0,1280,,,
2026-09-20T04:56:33+00:00,426,141746,B.Fernandes,16,1,Man Utd,Midfielder,12.0,0.0,0.0,a,,,,,39.7,5.8,5.8,5.8,8758,39392,620358,1692342,1,,
2026-09-20T04:56:33+00:00,427,446008,Mbeumo,16,1,Man Utd,Midfielder,7.9,0.0,-0.1,a,,,,,21.4,4.6,4.6,4.6,9166,29452,436145,1915951,2,,
2026-09-20T04:56:33+00:00,428,430871,Cunha,16,1,Man Utd,Midfielder,7.9,0.0,-0.1,a,,,,,5.7,3.2,3.2,3.2,1207,6701,74953,494732,,,
2026-09-20T04:56:33+00:00,429,176297,Rashford,16,1,Man Utd,Midfielder,7.0,0.0,0.0,a,,,,,1.6,1.6,1.6,1.6,1476,2194,82505,113275,,,
2026-09-20T04:56:33+00:00,430,184341,Mount,16,1,Man Utd,Midfielder,5.4,0.0,-0.1,a,,2026-08-15T16:00:07.879135Z,100,100,0.0,0.0,0.0,0.0,41,29,769,1805,,,
2026-09-20T04:56:33+00:00,431,493250,Amad,16,1,Man Utd,Midfielder,5.7,0.0,-0.3,i,Unspecified injury - Unknown return date,2026-08-22T11:00:08.617283Z,0,0,0.3,0.0,0.0,0.0,23,503,2065,122224,,,
2026-09-20T04:56:33+00:00,432,516895,Mainoo,16,1,Man Utd,Midfielder,5.5,0.0,0.0,a,,,,,1.6,3.6,3.6,3.6,2308,1970,89402,54247,,,
2026-09-20T04:56:33+00:00,433,232112,Ugarte,16,1,Man Utd,Midfielder,5.0,0.0,0.0,i,Knee injury - Unknown return date,2026-07-23T12:01:23.706702Z,0,0,0.0,0.0,0.0,0.0,8,3,104,243,,,
2026-09-20T04:56:33+00:00,434,547037,J.Fletcher,16,1,Man Utd,Midfielder,4.9,0.0,-0.1,a,,,,,0.0,0.0,0.0,0.0,5,14,285,662,,,
2026-09-20T04:56:33+00:00,435,576628,Lacey,16,1,Man Utd,Midfielder,4.9,0.0,-0.1,a,,,,,0.1,0.2,0.2,0.2,113,67,1466,3032,,,
2026-09-20T04:56:33+00:00,436,490881,Collyer,16,1,Man Utd,Midfielder,5.0,0.0,0.0,u,Has joined West Brom permanently,2026-09-01T13:16:48.584385Z,0,0,0.0,0.0,0.0,0.0,0,15,150,1022,,,
2026-09-20T04:56:33+00:00,437,576620,Bendito Mantato,16,1,Man Utd,Midfielder,4.5,0.0,0.0,a,,,,,0.2,0.0,0.0,0.0,53,198,4717,8979,,,
2026-09-20T04:56:33+00:00,438,519913,Fletcher,16,1,Man Utd,Midfielder,4.4,0.0,-0.1,a,,,,,0.3,0.0,0.0,0.0,606,475,8675,15244,,,
2026-09-20T04:56:33+00:00,439,485711,Šeško,16,1,Man Utd,Forward,7.0,0.0,0.0,a,,2026-07-23T12:01:23.722029Z,100,100,1.8,1.6,1.6,1.6,3787,2718,101226,112391,,,
2026-09-20T04:56:33+00:00,440,458249,Zirkzee,16,1,Man Utd,Forward,5.3,-0.1,-0.2,a,,,,,0.4,0.2,0.2,0.2,439,708,14319,41261,,,
2026-09-20T04:56:33+00:00,441,596047,Obi,16,1,Man Utd,Forward,4.5,0.0,0.0,u,Has joined Willem II on loan for the rest of the season,2026-09-14T16:12:42.090874Z,0,0,1.0,0.0,0.0,0.0,0,3408,45543,66350,,,
2026-09-20T04:56:33+00:00,405,465694,N.Gonzalez,17,4,Newcastle,Midfielder,5.5,0.0,0.0,a,,2026-09-14T21:30:07.343728Z,0,100,0.2,1.0,0.0,1.0,51,973,17514,16142,,,
2026-09-20T04:56:33+00:00,442,98747,Pope,17,4,Newcastle,Goalkeeper,4.9,0.0,-0.1,a,,,,,1.0,0.0,0.0,0.0,228,700,12721,51423,,,
2026-09-20T04:56:33+00:00,443,81441,Gillespie,17,4,Newcastle,Goalkeeper,4.5,0.0,0.0,a,,,,,0.0,0.0,0.0,0.0,12,16,737,1136,,,
2026-09-20T04:56:33+00:00,444,554578,Jaouen,17,4,Newcastle,Goalkeeper,4.4,-0.1,-0.1,d,Ankle injury - 50% chance of playing,2026-09-10T16:00:09.127466Z,50,50,0.0,0.0,0.0,0.0,4,32,437,1437,,,
2026-09-20T04:56:33+00:00,445,465642,Thiaw,17,4,Newcastle,Defender,5.0,0.0,0.0,a,,,,,2.2,2.8,2.8,2.8,2014,2519,171315,115530,,,
2026-09-20T04:56:33+00:00,446,119471,Schär,17,4,Newcastle,Defender,4.9,0.0,-0.1,a,,2026-08-15T16:30:07.209742Z,100,100,0.2,0.4,0.4,0.4,125,260,6636,13206,,,
2026-09-20T04:56:33+00:00,447,220237,Botman,17,4,Newcastle,Defender,5.0,0.0,0.0,a,,,,,0.7,3.0,3.0,3.0,926,739,43600,26033,,,
2026-09-20T04:56:33+00:00,448,78916,Burn,17,4,Newcastle,Defender,4.9,0.0,-0.1,i,Ankle injury - Expected back 12 Oct,2026-08-23T18:00:08.367241Z,0,0,0.8,0.0,0.0,0.0,21,1582,7236,156490,,,
2026-09-20T04:56:33+00:00,449,487838,Hall,17,4,Newcastle,Defender,5.2,0.0,0.2,a,,,,,15.3,6.2,6.2,6.2,48226,4728,1461728,332561,,,
2026-09-20T04:56:33+00:00,450,441191,Livramento,17,4,Newcastle,Defender,4.9,0.0,-0.1,d,Unspecified injury - 75% chance of playing,2026-09-19T14:00:09.046677Z,100,75,0.1,0.8,0.8,0.6,322,436,10118,4876,,,
2026-09-20T04:56:33+00:00,451,545477,A.Murphy,17,4,Newcastle,Defender,4.0,0.0,0.0,u,Has joined FC Kaiserslautern on loan for the rest of the season,2026-08-12T14:05:29.224600Z,0,0,0.1,0.0,0.0,0.0,0,66,0,6717,,,
2026-09-20T04:56:33+00:00,453,201666,Barnes,17,4,Newcastle,Midfielder,6.1,0.1,0.1,a,,,,,4.8,5.6,5.6,5.6,53503,2773,524606,134681,,,
2026-09-20T04:56:33+00:00,454,449434,Elanga,17,4,Newcastle,Midfielder,6.1,-0.1,0.1,i,Unspecified injury - Unknown return date,2026-09-14T20:00:09.505598Z,0,0,5.4,3.6,0.0,0.0,86,74125,1285923,994086,,,
2026-09-20T04:56:33+00:00,456,232653,J.Ramsey,17,4,Newcastle,Midfielder,4.9,0.0,-0.1,i,Thigh injury - Unknown return date,2026-09-15T09:00:08.191022Z,0,0,0.3,1.4,0.0,0.0,11,1636,16557,27839,,,
2026-09-20T04:56:33+00:00,457,114243,J.Murphy,17,4,Newcastle,Midfielder,5.9,0.0,-0.1,a,,,,,0.1,0.6,0.6,0.6,224,189,5327,10368,,,
2026-09-20T04:56:33+00:00,458,180974,Joelinton,17,4,Newcastle,Midfielder,5.4,0.0,-0.1,i,Unspecified injury - Unknown return date,2026-08-16T08:00:08.074045Z,0,0,0.0,0.0,0.0,0.0,3,24,214,2186,,,
2026-09-20T04:56:33+00:00,459,547719,L.Miley,17,4,Newcastle,Midfielder,5.5,0.0,0.0,a,,2026-07-23T12:01:23.785456Z,100,100,0.1,2.4,2.4,2.4,117,122,5981,5129,,,
2026-09-20T04:56:33+00:00,460,200089,Willock,17,4,Newcastle,Midfielder,5.0,0.0,0.0,a,,,,,0.5,4.4,4.4,4.4,2232,627,57052,28612,,,
2026-09-20T04:56:33+00:00,461,611665,Touré,17,4,Newcastle,Midfielder,5.8,0.0,-0.2,a,,,,,0.1,1.6,1.6,1.6,120,200,3503,15807,,,
2026-09-20T04:56:33+00:00,462,636852,Steur,17,4,Newcastle,Midfielder,4.9,0.0,-0.1,a,,,,,0.1,1.6,1.6,1.6,55,105,2211,5902,,,
2026-09-20T04:56:33+00:00,463,470313,Woltemade,17,4,Newcastle,Forward,5.9,0.0,-0.1,u,Has joined Juventus on loan for the rest of the season,2026-09-02T16:07:16.549304Z,0,0,0.5,0.8,0.0,0.0,0,995,14520,139430,,,
2026-09-20T04:56:33+00:00,464,216646,Wissa,17,4,Newcastle,Forward,6.2,0.0,0.2,a,,,,,19.1,3.0,3.0,3.0,26095,35888,2221607,622898,2,,
2026-09-20T04:56:33+00:00,465,538207,Osula,17,4,Newcastle,Forward,5.8,-0.1,-0.2,i,Foot injury - Unknown return date,2026-08-25T19:00:08.004915Z,0,0,0.3,0.8,0.0,0.0,26,640,21349,84945,1,,
2026-09-20T04:56:33+00:00,466,599303,Neave,17,4,Newcastle,Forward,4.5,0.0,0.0,u,Has joined Wolves on loan for the rest of the season,2026-09-04T12:37:43.515176Z,0,0,0.5,0.0,0.0,0.0,0,960,23805,49582,,,
2026-09-20T04:56:33+00:00,559,632794,Bamba,17,4,Newcastle,Midfielder,4.9,0.0,-0.1,a,,,,,0.1,0.6,0.6,0.6,32,109,2472,7193,,,
2026-09-20T04:56:33+00:00,567,470551,Horníček,17,4,Newcastle,Goalkeeper,5.0,0.0,0.0,a,,,,,1.5,2.8,2.8,2.8,1857,1146,146507,67699,,,
2026-09-20T04:56:33+00:00,593,463726,Dedić,17,4,Newcastle,Defender,4.5,0.0,0.0,i,Unspecified injury - Unknown return date,2026-09-17T14:30:09.823731Z,0,0,2.0,2.6,0.0,0.0,75,15836,447697,285886,,,
2026-09-20T04:56:33+00:00,609,553746,Shahar,17,4,Newcastle,Defender,4.0,0.0,0.0,u,has joined Arouca on loan for the rest of the seaon.,2026-09-11T14:41:57.406766Z,0,0,0.2,0.0,0.0,0.0,0,488,18236,14386,,,
2026-09-20T04:56:33+00:00,634,613221,Fernandez-Pardo,17,4,Newcastle,Forward,6.0,0.0,0.0,a,,,,,0.1,1.3,1.3,1.3,469,345,15540,5245,,,
2026-09-20T04:56:33+00:00,659,665243,Miley,17,4,Newcastle,Midfielder,4.5,0.0,0.0,a,,,,,0.0,0.0,0.0,0.0,430,136,3868,738,,,
2026-09-20T04:56:33+00:00,663,578512,Pivas,17,4,Newcastle,Defender,4.0,0.0,0.0,a,,,,,0.0,0.0,1.1,1.1,13,0,13,0,,,
2026-09-20T04:56:33+00:00,664,601767,Salia,17,4,Newcastle,Forward,4.5,0.0,0.0,a,,,,,0.0,0.0,1.0,1.0,433,44,433,44,,,
2026-09-20T04:56:33+00:00,665,655585,Mills,17,4,Newcastle,Midfielder,4.5,0.0,0.0,a,,,,,0.0,0.0,1.1,1.1,9,0,9,0,,,
2026-09-20T04:56:33+00:00,666,671875,Thompson,17,4,Newcastle,Midfielder,4.5,0.0,0.0,a,,,,,0.0,0.0,1.1,1.1,11,0,11,0,,,
2026-09-20T04:56:33+00:00,167,463034,Delap,18,17,Nott'm Forest,Forward,5.6,0.1,0.1,a,,,,,2.9,1.8,1.8,1.8,18525,5873,305701,59445,3,,
2026-09-20T04:56:33+00:00,201,247348,Muñoz,18,17,Nott'm Forest,Defender,5.4,0.0,-0.1,a,,,,,5.9,1.0,1.0,1.0,3292,7375,153850,461551,,,
2026-09-20T04:56:33+00:00,467,85633,Sels,18,17,Nott'm Forest,Goalkeeper,5.0,0.0,0.0,a,,,,,1.6,2.8,2.8,2.8,624,1368,66877,57430,,,
2026-09-20T04:56:33+00:00,468,221389,John,18,17,Nott'm Forest,Goalkeeper,4.5,0.0,0.0,a,,,,,0.1,0.0,0.0,0.0,17,40,824,1900,,,
2026-09-20T04:56:33+00:00,469,215136,N.Williams,18,17,Nott'm Forest,Defender,5.0,0.0,0.0,a,,,,,9.1,3.8,3.8,3.8,4186,9515,318672,314773,,,
2026-09-20T04:56:33+00:00,470,485047,Morato,18,17,Nott'm Forest,Defender,5.0,0.0,0.0,u,Has joined West Ham on loan for the rest of the season,2026-09-02T16:19:54.503286Z,0,0,0.0,0.0,0.0,0.0,0,28,424,3608,,,
2026-09-20T04:56:33+00:00,471,227444,Milenković,18,17,Nott'm Forest,Defender,5.4,-0.1,-0.1,i,Hamstring injury - Expected back 11 Oct,2026-09-12T14:00:09.705107Z,0,0,1.1,2.4,0.0,0.0,19,3787,17951,98944,,,
2026-09-20T04:56:33+00:00,472,575476,Murillo,18,17,Nott'm Forest,Defender,5.5,0.0,0.0,a,,2026-07-23T12:01:23.801183Z,100,100,2.1,4.6,4.6,4.6,2030,1591,97527,54852,,,
2026-09-20T04:56:33+00:00,473,159506,Aina,18,17,Nott'm Forest,Defender,4.5,0.0,0.0,a,,,,,2.5,1.6,1.6,1.6,436,5488,68549,155275,,,
2026-09-20T04:56:33+00:00,474,575458,Jair Cunha,18,17,Nott'm Forest,Defender,4.5,0.0,0.0,a,,2026-09-12T14:00:09.724349Z,75,100,0.2,2.2,1.7,2.2,60,251,9566,12777,,,
2026-09-20T04:56:33+00:00,475,500151,Savona,18,17,Nott'm Forest,Defender,4.5,0.0,0.0,i,Knee injury - Unknown return date,2026-07-23T12:01:23.816304Z,0,0,0.0,0.0,0.0,0.0,5,7,225,265,,,
2026-09-20T04:56:33+00:00,476,204822,O.Richards,18,17,Nott'm Forest,Defender,4.0,0.0,0.0,a,,,,,0.2,0.0,0.0,0.0,74,178,3774,7729,,,
2026-09-20T04:56:33+00:00,477,549067,Abbott,18,17,Nott'm Forest,Defender,4.0,0.0,0.0,u,Has joined Southampton on loan for the rest of the season,2026-09-02T16:19:54.536676Z,0,0,0.1,0.0,0.0,0.0,0,206,2459,13279,,,
2026-09-20T04:56:33+00:00,478,470315,Netz,18,17,Nott'm Forest,Defender,4.4,0.0,-0.1,a,,,,,0.0,0.6,0.6,0.6,18,34,648,1505,,,
2026-09-20T04:56:33+00:00,479,538638,Bindon,18,17,Nott'm Forest,Defender,4.0,0.0,0.0,u,Has joined Charlton Athletic on loan for the rest of the season,2026-09-01T13:16:05.383880Z,0,0,0.1,0.0,0.0,0.0,0,121,799,8251,,,
2026-09-20T04:56:33+00:00,480,222531,Gibbs-White,18,17,Nott'm Forest,Midfielder,8.0,0.0,0.0,a,,2026-08-24T15:30:08.350159Z,100,100,16.0,5.6,5.6,5.6,21704,16508,1165386,599202,1,,
2026-09-20T04:56:33+00:00,482,209046,Hudson-Odoi,18,17,Nott'm Forest,Midfielder,5.8,0.0,-0.2,a,,2026-07-23T12:01:23.832709Z,100,100,0.2,0.2,0.2,0.2,87,259,5098,16659,,,
2026-09-20T04:56:33+00:00,483,456512,Ndoye,18,17,Nott'm Forest,Midfielder,5.5,0.0,0.0,a,,,,,0.8,3.0,3.0,3.0,257,2668,71853,43831,,,
2026-09-20T04:56:33+00:00,484,503301,Hutchinson,18,17,Nott'm Forest,Midfielder,5.4,0.0,-0.1,u,Has joined AC Milan on loan for the rest of the season,2026-09-01T13:23:52.340206Z,0,0,0.1,0.0,0.0,0.0,0,86,427,10714,,,
2026-09-20T04:56:33+00:00,485,476887,Bakwa,18,17,Nott'm Forest,Midfielder,5.5,0.0,0.0,u,Has joined Lille on loan for the rest of the season,2026-08-27T14:53:03.381941Z,0,0,0.0,0.0,0.0,0.0,0,8,107,1150,,,
2026-09-20T04:56:33+00:00,486,432714,McAtee,18,17,Nott'm Forest,Midfielder,5.5,0.0,0.0,a,,,,,0.1,2.4,2.4,2.4,120,229,9765,5275,,,
2026-09-20T04:56:33+00:00,487,250199,Dominguez,18,17,Nott'm Forest,Midfielder,4.9,0.0,-0.1,a,,,,,0.1,0.2,0.2,0.2,18,67,1156,3869,,,
2026-09-20T04:56:33+00:00,488,210462,I.Sangaré,18,17,Nott'm Forest,Midfielder,4.9,0.0,-0.1,a,,2026-08-28T09:30:07.471668Z,100,100,0.4,0.8,0.8,0.8,73,854,8972,66433,,,
2026-09-20T04:56:33+00:00,489,204968,Yates,18,17,Nott'm Forest,Midfielder,4.5,0.0,0.0,a,,2026-08-17T20:30:08.195072Z,100,100,1.2,0.0,0.0,0.0,162,1925,29808,88280,,,
2026-09-20T04:56:33+00:00,490,60689,Wood,18,17,Nott'm Forest,Forward,5.8,0.0,-0.2,a,,,,,0.9,0.8,0.8,0.8,513,1305,23092,111152,2,,
2026-09-20T04:56:33+00:00,491,482973,Igor Jesus,18,17,Nott'm Forest,Forward,5.8,0.0,-0.2,a,,,,,2.8,2.4,2.4,2.4,2431,5316,121431,252661,4,,
2026-09-20T04:56:33+00:00,493,465680,Kalimuendo,18,17,Nott'm Forest,Forward,5.4,0.0,-0.1,a,,,,,0.1,0.2,0.2,0.2,57,97,2867,3797,,,
2026-09-20T04:56:33+00:00,558,204561,Schlager,18,17,Nott'm Forest,Midfielder,5.0,0.0,0.0,a,,,,,0.1,2.6,2.6,2.6,83,210,5763,5227,,,
2026-09-20T04:56:33+00:00,581,568420,Diomande,18,17,Nott'm Forest,Defender,5.4,0.0,-0.1,a,,,,,0.5,1.4,1.4,1.4,387,471,12509,39936,,,
2026-09-20T04:56:33+00:00,590,428971,Benda,18,17,Nott'm Forest,Goalkeeper,4.5,0.0,0.0,a,,,,,0.1,0.0,0.0,0.0,38,51,2578,2652,,,
2026-09-20T04:56:33+00:00,112,469142,Van Hecke,19,6,Spurs,Defender,4.9,0.0,-0.1,a,,,,,6.6,4.8,4.8,4.8,3006,7259,139175,452654,,,
2026-09-20T04:56:33+00:00,147,109646,Tosin,19,6,Spurs,Defender,4.4,0.0,-0.1,a,,,,,0.2,0.2,0.2,0.2,32,107,1924,7459,,,
2026-09-20T04:56:33+00:00,401,438234,Marmoush,19,6,Spurs,Forward,7.0,0.0,0.0,a,,,,,2.2,1.6,1.6,1.6,3104,6227,225583,147360,2,,
2026-09-20T04:56:33+00:00,403,510281,Sávio,19,6,Spurs,Midfielder,6.5,0.0,0.0,a,,2026-08-29T16:30:08.380416Z,100,100,0.7,1.6,1.6,1.6,761,2244,97673,75007,,,
2026-09-20T04:56:33+00:00,455,432422,Tonali,19,6,Spurs,Midfielder,5.3,-0.1,-0.2,a,,2026-09-14T14:30:07.387706Z,100,100,1.9,2.8,2.8,2.8,560,4678,46149,259285,,,
2026-09-20T04:56:33+00:00,494,184254,Vicario,19,6,Spurs,Goalkeeper,4.5,0.0,0.0,u,Has joined Juventus on loan for the rest of the season,2026-08-19T13:55:33.193962Z,0,0,0.1,0.0,0.0,0.0,0,189,0,21572,,,
2026-09-20T04:56:33+00:00,495,214572,Austin,19,6,Spurs,Goalkeeper,4.0,0.0,0.0,a,,,,,1.0,0.0,0.0,0.0,575,518,28226,20203,,,
2026-09-20T04:56:33+00:00,496,485055,Kinsky,19,6,Spurs,Goalkeeper,4.5,0.0,0.0,a,,,,,18.0,3.6,3.6,3.6,4650,34718,333804,716945,,,
2026-09-20T04:56:33+00:00,497,67089,Dubravka,19,6,Spurs,Goalkeeper,4.0,0.0,0.0,a,,,,,17.4,0.0,0.0,0.0,7651,11760,378290,404410,,,
2026-09-20T04:56:33+00:00,498,221466,Senesi,19,6,Spurs,Defender,5.8,0.0,-0.2,a,,,,,3.7,0.6,0.6,0.6,322,5622,28466,442085,,,
2026-09-20T04:56:33+00:00,499,441164,Pedro Porro,19,6,Spurs,Defender,5.4,0.0,-0.1,d,Hamstring injury - 75% chance of playing,2026-09-19T12:00:08.823872Z,100,75,8.2,1.8,1.8,1.4,1170,19046,123944,936794,,,
2026-09-20T04:56:33+00:00,500,221632,Romero,19,6,Spurs,Defender,5.0,0.0,0.0,u,Has joined Atletico Madrid permanently,2026-08-17T13:49:05.465401Z,0,0,0.1,0.0,0.0,0.0,0,78,0,16592,,,
2026-09-20T04:56:33+00:00,502,122798,Robertson,19,6,Spurs,Defender,4.4,0.0,-0.1,a,,,,,2.6,3.4,3.4,3.4,1574,3713,63246,174389,,,
2026-09-20T04:56:33+00:00,503,491279,Van de Ven,19,6,Spurs,Defender,5.0,0.0,0.0,a,,2026-08-21T15:00:07.610517Z,100,100,3.9,3.2,3.2,3.2,1457,4960,89913,252201,,,
2026-09-20T04:56:33+00:00,505,232859,Spence,19,6,Spurs,Defender,4.5,0.0,0.0,u,Has joined Internazionale permanently,2026-08-18T14:13:08.454214Z,0,0,0.2,0.0,0.0,0.0,0,297,0,68383,,,
2026-09-20T04:56:33+00:00,506,487053,Udogie,19,6,Spurs,Defender,4.4,0.0,-0.1,a,,2026-09-11T18:00:09.092110Z,100,100,0.3,1.4,1.4,1.4,103,407,5342,21237,,,
2026-09-20T04:56:33+00:00,507,548308,Phillips,19,6,Spurs,Defender,4.5,0.0,0.0,u,Has joined Middlesbrough permanently,2026-08-18T14:13:08.474144Z,0,0,0.0,0.0,0.0,0.0,0,15,0,1230,,,
2026-09-20T04:56:33+00:00,508,115556,Davies,19,6,Spurs,Defender,3.9,-0.1,-0.1,a,,,,,0.8,0.0,0.0,0.0,1439,791,13235,38234,,,
2026-09-20T04:56:33+00:00,509,640419,Byfield,19,6,Spurs,Defender,4.0,0.0,0.0,a,,,,,0.1,0.0,0.0,0.0,36,58,2251,2402,,,
2026-09-20T04:56:33+00:00,510,499716,Rowswell,19,6,Spurs,Defender,4.0,0.0,0.0,a,,,,,0.1,0.0,0.0,0.0,29,79,2758,3207,,,
2026-09-20T04:56:33+00:00,511,616221,Souza,19,6,Spurs,Defender,4.0,0.0,0.0,u,Has joined FC Porto on loan for the rest of the season,2026-09-01T13:24:26.858636Z,0,0,0.2,0.0,0.0,0.0,0,247,2555,16233,,,
2026-09-20T04:56:33+00:00,512,460842,Kudus,19,6,Spurs,Midfielder,6.5,0.0,0.0,a,,2026-07-23T12:01:23.848657Z,100,100,0.1,1.4,1.4,1.4,511,268,11305,10223,3,,
2026-09-20T04:56:33+00:00,513,493362,Xavi,19,6,Spurs,Midfielder,5.9,0.0,-0.1,i,Knee injury - Unknown return date,2026-07-23T12:01:23.864304Z,0,0,0.0,0.0,0.0,0.0,16,23,308,1064,4,,
2026-09-20T04:56:33+00:00,514,511499,Tel,19,6,Spurs,Midfielder,5.7,-0.1,-0.3,a,,,,,0.2,1.6,1.6,1.6,58,709,8990,45526,,,
2026-09-20T04:56:33+00:00,515,172780,Maddison,19,6,Spurs,Midfielder,6.3,0.0,-0.2,a,,2026-08-25T14:30:07.623508Z,100,100,0.4,0.6,0.6,0.6,206,477,5255,94730,,,
2026-09-20T04:56:33+00:00,516,202993,Bentancur,19,6,Spurs,Midfielder,5.5,0.0,0.0,a,,,,,0.2,3.0,3.0,3.0,79,186,4843,7843,,,
2026-09-20T04:56:33+00:00,517,550839,Odobert,19,6,Spurs,Midfielder,5.5,0.0,0.0,i,Knee injury - Unknown return date,2026-07-23T12:01:23.879434Z,0,0,0.0,0.0,0.0,0.0,7,4,109,99,,,
2026-09-20T04:56:33+00:00,518,482442,P.M.Sarr,19,6,Spurs,Midfielder,4.9,0.0,-0.1,u,Has joined Juventus on loan for the rest of the season,2026-09-02T16:02:43.386849Z,0,0,0.1,0.0,0.0,0.0,0,212,4138,23279,,,
2026-09-20T04:56:33+00:00,519,232787,Gallagher,19,6,Spurs,Midfielder,5.3,0.0,-0.2,a,,,,,0.2,1.8,1.8,1.8,203,166,4059,16554,,,
2026-09-20T04:56:33+00:00,520,570526,Bergvall,19,6,Spurs,Midfielder,5.4,0.0,-0.1,a,,,,,0.1,0.6,0.6,0.6,24,143,1804,9076,,,
2026-09-20T04:56:33+00:00,521,445044,Kulusevski,19,6,Spurs,Midfielder,6.5,0.0,0.0,i,Knee injury - Unknown return date,2026-07-23T12:01:23.895175Z,0,0,0.0,0.0,0.0,0.0,14,17,320,682,,,
2026-09-20T04:56:33+00:00,522,547701,Gray,19,6,Spurs,Midfielder,4.9,0.0,-0.1,a,,,,,0.2,1.8,1.8,1.8,148,301,6525,12472,,,
2026-09-20T04:56:33+00:00,523,499721,Moore,19,6,Spurs,Midfielder,5.0,0.0,0.0,u,Has joined FC Köln on loan for the rest of the season,2026-09-04T12:39:48.098158Z,0,0,0.1,0.6,0.0,0.0,0,184,3258,16669,,,
2026-09-20T04:56:33+00:00,524,499726,Olusesi,19,6,Spurs,Midfielder,4.4,0.0,-0.1,a,,,,,1.0,0.0,0.0,0.0,1398,1976,51014,43821,,,
2026-09-20T04:56:33+00:00,525,551226,Fernandes,19,6,Spurs,Midfielder,5.8,0.0,-0.2,a,,,,,0.8,1.4,1.4,1.4,145,1884,14126,119971,,,
2026-09-20T04:56:33+00:00,526,154566,Solanke,19,6,Spurs,Forward,5.8,0.0,-0.2,a,,,,,0.8,1.4,1.4,1.4,548,1315,28095,90366,1,,
2026-09-20T04:56:33+00:00,527,212319,Richarlison,19,6,Spurs,Forward,5.9,0.0,-0.1,u,not included in squad.,2026-09-04T12:32:39.183614Z,0,0,0.7,0.4,0.0,0.0,0,1727,21439,264210,,,
2026-09-20T04:56:33+00:00,528,490145,Scarlett,19,6,Spurs,Forward,4.5,0.0,0.0,u,Has joined Leyton Orient permanently,2026-09-02T16:02:43.413625Z,0,0,1.2,0.0,0.0,0.0,0,2028,42525,103595,,,
2026-09-20T04:56:33+00:00,578,465920,Mudryk,19,6,Spurs,Midfielder,5.3,-0.1,-0.2,i,Ankle injury - Unknown return date,2026-09-11T18:00:09.154412Z,0,0,0.0,0.2,0.0,0.0,8,183,5428,7231,,,
2026-09-20T04:56:33+00:00,601,611917,Williams-Barnett,19,6,Spurs,Midfielder,4.5,0.0,0.0,a,,,,,0.1,0.0,0.0,0.0,48,176,10130,6459,,,
2026-09-20T04:56:33+00:00,501,135720,Danso,20,56,Sunderland,Defender,5.0,0.0,0.0,a,,,,,0.2,0.6,0.6,0.6,230,153,5655,9190,,,
2026-09-20T04:56:33+00:00,529,498016,Roefs,20,56,Sunderland,Goalkeeper,4.9,0.0,-0.1,a,,,,,2.5,2.2,2.2,2.2,615,3024,20464,169149,,,
2026-09-20T04:56:33+00:00,530,232571,Patterson,20,56,Sunderland,Goalkeeper,4.0,0.0,0.0,u,Has joined Wrexham permanently,2026-08-12T14:08:03.064533Z,0,0,0.1,0.0,0.0,0.0,0,75,0,5727,,,
2026-09-20T04:56:33+00:00,531,515046,Ellborg,20,56,Sunderland,Goalkeeper,4.5,0.0,0.0,a,,,,,0.1,0.0,0.0,0.0,31,46,1070,3127,,,
2026-09-20T04:56:33+00:00,532,223827,Ballard,20,56,Sunderland,Defender,4.9,0.0,-0.1,a,,,,,2.6,2.4,2.4,2.4,855,4298,42754,304866,,,
2026-09-20T04:56:33+00:00,533,200834,Mukiele,20,56,Sunderland,Defender,5.4,0.0,-0.1,a,,2026-08-09T08:30:05.954750Z,100,100,1.9,2.6,2.6,2.6,1430,1714,40761,122819,,,
2026-09-20T04:56:33+00:00,534,487676,Hume,20,56,Sunderland,Defender,4.3,-0.1,-0.2,a,,,,,3.0,1.8,1.8,1.8,449,11772,37075,379447,,,
2026-09-20T04:56:33+00:00,535,201895,Alderete,20,56,Sunderland,Defender,4.8,-0.1,-0.2,a,,2026-08-09T08:30:05.962393Z,100,100,0.2,0.2,0.2,0.2,46,253,4800,26529,,,
2026-09-20T04:56:33+00:00,536,434399,Reinildo,20,56,Sunderland,Defender,4.4,-0.1,-0.1,s,Suspended until 10 Oct,2026-09-12T21:30:09.421687Z,0,0,0.3,1.4,0.0,0.0,24,759,3887,23559,,,
2026-09-20T04:56:33+00:00,537,519634,Seelt,20,56,Sunderland,Defender,4.5,0.0,0.0,u,Has joined Swansea City on loan for the rest of the season,2026-08-29T00:34:52.425076Z,0,0,0.0,0.0,0.0,0.0,0,4,61,646,,,
2026-09-20T04:56:33+00:00,538,477547,Hjelde,20,56,Sunderland,Defender,4.0,0.0,0.0,u,Has joined KV Mechelen on loan for the rest of the season,2026-08-12T14:08:03.081789Z,0,0,0.0,0.0,0.0,0.0,0,39,0,2410,,,
2026-09-20T04:56:33+00:00,539,167512,O'Nien,20,56,Sunderland,Defender,3.9,-0.1,-0.1,a,,,,,2.4,0.2,0.2,0.2,3693,2869,18436,112769,,,
2026-09-20T04:56:33+00:00,540,105717,Masuaku,20,56,Sunderland,Defender,4.0,0.0,0.0,u,Has joined Konyaspor permanently,2026-08-12T14:08:03.097784Z,0,0,0.1,0.0,0.0,0.0,0,160,0,11093,,,
2026-09-20T04:56:33+00:00,541,93605,Meunier,20,56,Sunderland,Defender,4.5,0.0,0.0,a,,2026-08-16T08:30:07.830062Z,100,100,0.3,2.2,2.2,2.2,210,161,5611,8913,,,
2026-09-20T04:56:33+00:00,542,484420,E.Le Fée,20,56,Sunderland,Midfielder,5.7,-0.1,-0.3,a,,,,,3.4,2.6,2.6,2.6,1365,10430,34937,637005,2,,
2026-09-20T04:56:33+00:00,543,547027,Diarra,20,56,Sunderland,Midfielder,5.4,0.0,-0.1,i,Hamstring injury - Unknown return date,2026-08-30T16:30:08.428960Z,0,0,0.0,1.0,0.0,0.0,2,58,540,5741,1,,
2026-09-20T04:56:33+00:00,544,84450,Xhaka,20,56,Sunderland,Midfielder,5.5,0.0,0.0,a,,,,,3.7,3.8,3.8,3.8,1462,6700,125994,191789,,,
2026-09-20T04:56:33+00:00,545,577669,Sadiki,20,56,Sunderland,Midfielder,4.9,0.0,-0.1,a,,,,,0.2,1.6,1.6,1.6,83,381,5396,17406,,,
2026-09-20T04:56:33+00:00,546,535818,Adingra,20,56,Sunderland,Midfielder,4.9,0.0,-0.1,u,Has joined Ajax on loan for the rest of the season,2026-08-20T14:00:08.416985Z,0,0,0.0,0.0,0.0,0.0,0,59,240,7287,,,
2026-09-20T04:56:33+00:00,547,461199,Mundle,20,56,Sunderland,Midfielder,4.9,0.0,-0.1,i,Knee injury - Unknown return date,2026-09-09T14:00:08.462705Z,0,0,0.0,0.2,0.0,0.0,3,17,194,635,,,
2026-09-20T04:56:33+00:00,548,554197,Rigg,20,56,Sunderland,Midfielder,4.9,0.0,-0.1,a,,,,,0.0,0.4,0.4,0.4,4,43,441,2663,,,
2026-09-20T04:56:33+00:00,549,549912,Talbi,20,56,Sunderland,Midfielder,5.3,0.0,-0.2,a,,,,,0.1,0.2,0.2,0.2,31,137,1264,11357,,,
2026-09-20T04:56:33+00:00,550,699989,Jocelin.T,20,56,Sunderland,Midfielder,5.0,0.0,0.0,a,,,,,0.0,0.0,0.0,0.0,8,13,282,394,,,
2026-09-20T04:56:33+00:00,551,536661,N.Angulo,20,56,Sunderland,Midfielder,5.0,0.0,0.0,a,,,,,0.1,2.4,2.4,2.4,69,239,12348,10027,,,
2026-09-20T04:56:33+00:00,552,441264,Brobbey,20,56,Sunderland,Forward,5.7,-0.1,-0.3,a,,,,,5.3,1.4,1.4,1.4,2265,10671,93723,896843,,,
2026-09-20T04:56:33+00:00,553,437505,Isidor,20,56,Sunderland,Forward,5.5,0.0,0.0,a,,,,,1.3,2.8,2.8,2.8,904,2131,93206,77285,,,
2026-09-20T04:56:33+00:00,612,638411,Methalie,20,56,Sunderland,Defender,4.5,0.0,0.0,a,,2026-08-28T13:00:08.950445Z,100,100,0.0,0.0,0.0,0.0,17,13,806,439,,,
2026-09-20T04:56:33+00:00,613,696104,Ahoka,20,56,Sunderland,Midfielder,4.5,0.0,0.0,a,,,,,0.2,0.0,0.0,0.0,136,418,24931,13116,,,
2026-09-20T04:56:33+00:00,646,549940,Fofana,20,56,Sunderland,Midfielder,5.5,0.0,0.0,a,,,,,0.0,0.7,0.7,0.7,69,86,3805,1514,,,
2026-09-20T04:56:33+00:00,651,661313,J.Angulo,20,56,Sunderland,Forward,4.5,0.0,0.0,a,,,,,0.7,0.0,0.0,0.0,3280,1531,85148,24546,,,
