observed_at,player_id,player_code,web_name,team_id,team_code,team_name,position,price,price_change_gameweek,price_change_season,status,news,news_added,chance_of_playing_this_round,chance_of_playing_next_round,selected_by_percent,form,expected_points_this_gameweek,expected_points_next_gameweek,transfers_in_event,transfers_out_event,transfers_in_season,transfers_out_season,penalties_order,direct_free_kicks_order,corners_and_indirect_free_kicks_order
2026-09-15T04:57:33+00:00,1,154561,Raya,1,3,Arsenal,Goalkeeper,6.0,0.0,0.0,a,,,,,40.2,7.2,7.2,7.2,131549,22656,692350,548032,,,
2026-09-15T04:57:33+00:00,2,109745,Arrizabalaga,1,3,Arsenal,Goalkeeper,4.9,0.0,-0.1,a,,,,,0.1,0.0,0.0,0.0,76,275,1272,3729,,,
2026-09-15T04:57:33+00:00,3,437495,Meslier,1,3,Arsenal,Goalkeeper,4.9,0.0,-0.1,a,,,,,0.0,0.0,0.0,0.0,38,100,419,1359,,,
2026-09-15T04:57:33+00:00,4,226597,Gabriel,1,3,Arsenal,Defender,8.0,0.0,0.0,a,,,,,23.5,6.0,6.0,6.0,20954,48787,183164,772866,,,
2026-09-15T04:57:33+00:00,5,445122,J.Timber,1,3,Arsenal,Defender,6.5,0.0,0.0,a,,2026-07-23T12:01:23.272929Z,25,100,0.2,0.2,0.1,0.2,8369,1265,9937,8200,,,
2026-09-15T04:57:33+00:00,6,462424,Saliba,1,3,Arsenal,Defender,5.9,0.0,-0.1,i,Back injury - Unknown return date,2026-07-23T12:01:23.289376Z,0,0,0.2,0.0,0.0,0.0,224,1124,2907,16673,,,
2026-09-15T04:57:33+00:00,7,499169,Lewis-Skelly,1,3,Arsenal,Midfielder,5.5,0.0,0.0,a,,,,,0.6,2.2,2.2,2.2,1553,5366,27003,39027,,,
2026-09-15T04:57:33+00:00,8,466075,Calafiori,1,3,Arsenal,Defender,5.8,0.0,0.3,a,,,,,50.0,7.0,7.0,7.0,129752,28020,1442860,282924,,,
2026-09-15T04:57:33+00:00,9,448104,Hincapie,1,3,Arsenal,Defender,5.3,0.0,-0.2,a,,,,,1.0,0.5,0.5,0.5,1253,8862,13513,104925,,,
2026-09-15T04:57:33+00:00,10,198869,White,1,3,Arsenal,Defender,5.5,0.0,0.0,a,,2026-07-23T12:01:23.305229Z,100,100,6.8,5.2,5.2,5.2,14766,92953,446357,352340,,,
2026-09-15T04:57:33+00:00,11,500040,Mosquera,1,3,Arsenal,Defender,5.4,0.0,-0.1,d,Muscular injury - 50% chance of playing,2026-09-04T14:00:08.080310Z,50,50,2.1,3.0,1.5,1.5,96,42183,29785,419035,,,
2026-09-15T04:57:33+00:00,12,223340,Saka,1,3,Arsenal,Midfielder,9.5,0.0,0.0,a,,,,,12.0,7.5,7.5,7.5,78270,24210,536646,309132,1,,
2026-09-15T04:57:33+00:00,13,204480,Rice,1,3,Arsenal,Midfielder,7.4,0.0,-0.1,a,,,,,12.7,4.8,4.8,4.8,12644,36696,95805,595865,,,
2026-09-15T04:57:33+00:00,14,232413,Eze,1,3,Arsenal,Midfielder,6.3,0.0,-0.2,a,,,,,1.1,0.8,0.8,0.8,1300,9304,19193,124107,,,
2026-09-15T04:57:33+00:00,15,184029,Ødegaard,1,3,Arsenal,Midfielder,6.7,0.0,0.2,a,,,,,19.2,6.8,6.8,6.8,146459,49926,1375903,377347,3,,
2026-09-15T04:57:33+00:00,16,248857,Madueke,1,3,Arsenal,Midfielder,6.2,-0.1,-0.3,a,,,,,0.2,0.5,0.5,0.5,286,1984,4373,22768,,,
2026-09-15T04:57:33+00:00,17,195384,Merino,1,3,Arsenal,Midfielder,5.8,0.0,-0.2,a,,,,,0.4,0.8,0.8,0.8,599,3509,7991,42485,,,
2026-09-15T04:57:33+00:00,18,444145,Martinelli,1,3,Arsenal,Midfielder,6.3,0.0,-0.2,u,Has joined Al Hilal permanently,2026-09-04T12:34:46.738449Z,0,0,0.1,0.0,0.0,0.0,0,844,2483,20646,,,
2026-09-15T04:57:33+00:00,19,481655,Zubimendi,1,3,Arsenal,Midfielder,5.3,-0.1,-0.2,a,,,,,0.6,1.0,1.0,1.0,697,4636,7268,58217,,,
2026-09-15T04:57:33+00:00,20,616077,Dowman,1,3,Arsenal,Midfielder,5.3,0.0,-0.2,a,,,,,0.1,0.0,0.0,0.0,181,552,1891,6221,,,
2026-09-15T04:57:33+00:00,22,499175,Nwaneri,1,3,Arsenal,Midfielder,5.4,0.0,-0.1,u,Has joined Borussia Dortmund on loan for the rest of the season,2026-09-02T16:01:07.058827Z,0,0,0.0,0.0,0.0,0.0,0,70,233,1154,,,
2026-09-15T04:57:33+00:00,23,438098,Fábio Vieira,1,3,Arsenal,Midfielder,5.5,0.0,0.0,u,Has joined Hamburger SV permanently,2026-09-02T16:00:28.446370Z,0,0,0.0,0.0,0.0,0.0,0,44,255,835,,,
2026-09-15T04:57:33+00:00,24,200641,Nelson,1,3,Arsenal,Midfielder,5.5,0.0,0.0,u,has departed the club as a free agent.,2026-08-29T00:33:08.556767Z,0,0,0.0,0.0,0.0,0.0,0,26,68,614,,,
2026-09-15T04:57:33+00:00,25,224117,Gyökeres,1,3,Arsenal,Forward,7.2,0.0,-0.3,a,,,,,3.4,0.2,0.2,0.2,1643,28084,24710,565382,2,,
2026-09-15T04:57:33+00:00,26,219847,Havertz,1,3,Arsenal,Forward,7.6,0.1,0.1,a,,,,,7.9,4.2,4.2,4.2,39326,44817,495217,302318,,,
2026-09-15T04:57:33+00:00,27,205651,G.Jesus,1,3,Arsenal,Forward,5.9,0.0,-0.1,u,Has joined FC Barcelona permanently,2026-09-02T16:00:28.475184Z,0,0,0.2,0.0,0.0,0.0,0,1269,4164,27252,,,
2026-09-15T04:57:33+00:00,31,199798,Konsa,1,3,Arsenal,Defender,4.5,0.0,0.0,a,,,,,17.9,2.8,2.8,2.8,153581,22768,1183794,548346,,,
2026-09-15T04:57:33+00:00,452,208706,Bruno G.,1,3,Arsenal,Midfielder,6.7,-0.1,-0.3,a,,2026-09-04T14:00:08.328779Z,100,100,1.7,2.0,2.0,2.0,8263,4424,17010,231614,4,,
2026-09-15T04:57:33+00:00,557,439509,Tzolis,1,3,Arsenal,Midfielder,6.4,0.0,-0.1,a,,,,,14.9,3.5,3.5,3.5,15992,125359,426754,1285629,,,
2026-09-15T04:57:33+00:00,29,72147,M.Bizot,2,7,Aston Villa,Goalkeeper,4.5,0.0,0.0,a,,,,,0.1,0.2,0.2,0.2,230,572,4408,5456,,,
2026-09-15T04:57:33+00:00,30,101188,Digne,2,7,Aston Villa,Defender,4.5,0.0,0.0,u,Has joined Paris Saint-Germain permanently,2026-08-10T14:03:30.089007Z,0,0,0.1,0.0,0.0,0.0,0,245,0,8225,,,
2026-09-15T04:57:33+00:00,32,199796,Cash,2,7,Aston Villa,Defender,4.5,0.0,0.0,d,Muscular injury - 75% chance of playing,2026-09-09T14:30:08.192142Z,75,75,5.5,1.8,1.4,1.4,499,63800,87886,347097,,,
2026-09-15T04:57:33+00:00,33,149484,Mings,2,7,Aston Villa,Defender,4.5,0.0,0.0,a,,,,,0.4,1.8,1.8,1.8,1236,2196,12423,13063,,,
2026-09-15T04:57:33+00:00,34,244954,Pau,2,7,Aston Villa,Defender,4.5,0.0,0.0,d,Hamstring injury - 75% chance of playing,2026-09-12T18:00:08.712707Z,,75,0.4,0.8,0.8,0.6,185,3698,11141,18681,,,
2026-09-15T04:57:33+00:00,35,515597,Bogarde,2,7,Aston Villa,Midfielder,5.0,0.0,0.0,a,,,,,0.1,0.2,0.2,0.2,259,480,2526,3847,,,
2026-09-15T04:57:33+00:00,36,441302,Maatsen,2,7,Aston Villa,Defender,4.5,0.0,0.0,d,Ankle injury - 25% chance of playing,2026-09-12T18:00:08.729468Z,,25,0.7,2.2,2.2,0.6,491,12483,31785,36978,,,
2026-09-15T04:57:33+00:00,37,184667,Lindelöf,2,7,Aston Villa,Defender,4.5,0.0,0.0,a,,,,,0.3,1.8,1.8,1.8,1268,1340,11366,10446,,,
2026-09-15T04:57:33+00:00,38,606798,A.García,2,7,Aston Villa,Defender,4.0,0.0,0.0,a,,,,,1.6,0.0,0.0,0.0,3857,6548,40151,54275,,,
2026-09-15T04:57:33+00:00,39,578545,Nedeljkovic,2,7,Aston Villa,Defender,4.0,0.0,0.0,u,Has joined Rangers on loan for the rest of the season,2026-08-19T13:56:46.385411Z,0,0,0.1,0.0,0.0,0.0,0,586,0,13998,,,
2026-09-15T04:57:33+00:00,41,195546,Buendía,2,7,Aston Villa,Midfielder,5.9,0.0,-0.1,a,,,,,1.0,2.2,2.2,2.2,1866,9588,43445,77452,1,,
2026-09-15T04:57:33+00:00,44,215711,Bailey,2,7,Aston Villa,Midfielder,5.4,0.0,-0.1,u,Has joined Olympiakos permanently,2026-09-04T12:35:14.472260Z,0,0,0.1,0.0,0.0,0.0,0,865,2096,11948,,,
2026-09-15T04:57:33+00:00,45,122806,McGinn,2,7,Aston Villa,Midfielder,5.4,0.0,-0.1,a,,,,,2.3,2.8,2.8,2.8,7330,9481,52347,131857,,,
2026-09-15T04:57:33+00:00,46,88894,Barkley,2,7,Aston Villa,Midfielder,5.0,0.0,0.0,a,,,,,0.3,2.2,2.2,2.2,970,1667,13833,12140,,,
2026-09-15T04:57:33+00:00,47,226944,Kamara,2,7,Aston Villa,Midfielder,5.0,0.0,0.0,a,,2026-07-23T12:01:23.337269Z,100,100,0.3,2.2,2.2,2.2,935,2175,12156,17389,,,
2026-09-15T04:57:33+00:00,48,449871,Onana,2,7,Aston Villa,Midfielder,4.9,-0.1,-0.1,i,Knee injury - Unknown return date,2026-07-23T12:01:23.352497Z,0,0,0.0,0.0,0.0,0.0,30,105,435,1472,,,
2026-09-15T04:57:33+00:00,49,469247,Iling Jr,2,7,Aston Villa,Midfielder,5.0,0.0,0.0,u,Has joined Bolton Wanderers on loan for the rest of the season,2026-08-17T13:52:28.532616Z,0,0,0.0,0.0,0.0,0.0,0,12,0,217,,,
2026-09-15T04:57:33+00:00,50,645618,Burrowes,2,7,Aston Villa,Midfielder,4.5,0.0,0.0,a,,,,,0.6,0.0,0.0,0.0,1089,3424,19953,27918,,,
2026-09-15T04:57:33+00:00,51,577285,George Hemmings,2,7,Aston Villa,Midfielder,4.5,0.0,0.0,a,,,,,1.3,2.0,2.0,2.0,7088,7176,105695,49835,,,
2026-09-15T04:57:33+00:00,52,653481,Alysson,2,7,Aston Villa,Midfielder,5.0,0.0,0.0,a,,,,,0.1,2.0,2.0,2.0,763,232,2441,2470,,,
2026-09-15T04:57:33+00:00,53,614071,Manzambi,2,7,Aston Villa,Midfielder,5.9,0.0,-0.1,a,,2026-08-15T15:30:06.388335Z,50,100,0.1,0.2,0.1,0.2,814,498,1957,16127,,,
2026-09-15T04:57:33+00:00,54,448089,Gomes,2,7,Aston Villa,Midfielder,5.5,0.0,0.0,a,,2026-08-23T17:30:08.367415Z,0,100,0.0,-0.5,0.0,-0.5,235,120,610,3702,,,
2026-09-15T04:57:33+00:00,55,178301,Watkins,2,7,Aston Villa,Forward,7.8,0.0,-0.2,u,Has joined Al Hilal permanently,2026-09-01T13:15:16.698799Z,0,0,2.8,0.0,0.0,0.0,0,18294,14882,730425,,,
2026-09-15T04:57:33+00:00,56,173879,Abraham,2,7,Aston Villa,Forward,5.5,0.0,0.0,a,,2026-08-15T16:00:07.558543Z,100,100,0.2,0.8,0.8,0.8,1016,1162,10724,9413,,,
2026-09-15T04:57:33+00:00,160,493105,Garnacho,2,7,Aston Villa,Midfielder,5.8,-0.1,-0.2,a,,,,,0.3,0.8,0.8,0.8,373,3820,6482,35232,,,
2026-09-15T04:57:33+00:00,166,517052,N.Jackson,2,7,Aston Villa,Forward,6.5,0.0,0.0,a,,,,,1.2,1.0,1.0,1.0,6000,15138,132428,55939,2,,
2026-09-15T04:57:33+00:00,582,690838,Madjo,2,7,Aston Villa,Forward,5.4,-0.1,-0.1,i,Unspecified injury - Unknown return date,2026-08-15T16:00:07.974271Z,0,0,0.2,0.0,0.0,0.0,147,2014,2564,26140,,,
2026-09-15T04:57:33+00:00,596,487992,Ruggeri,2,7,Aston Villa,Defender,4.5,0.0,0.0,a,,,,,0.1,0.5,0.5,0.5,242,575,2106,4665,,,
2026-09-15T04:57:33+00:00,597,433969,Suzuki,2,7,Aston Villa,Goalkeeper,5.0,0.0,0.0,a,,,,,1.8,3.5,3.5,3.5,7280,7789,128258,44838,,,
2026-09-15T04:57:33+00:00,606,569577,Rowe,2,7,Aston Villa,Defender,4.0,0.0,0.0,a,,,,,0.2,0.0,0.0,0.0,941,786,11815,4442,,,
2026-09-15T04:57:33+00:00,607,571380,Lynch,2,7,Aston Villa,Midfielder,4.5,0.0,0.0,u,Has joined Oxford United on loan until January,2026-09-04T12:35:39.820426Z,0,0,0.1,0.0,0.0,0.0,0,757,7103,6834,,,
2026-09-15T04:57:33+00:00,611,214590,Wan-Bissaka,2,7,Aston Villa,Defender,4.5,0.0,0.0,a,,,,,0.2,1.7,1.7,1.7,2132,875,14390,4896,,,
2026-09-15T04:57:33+00:00,618,119090,Goretzka,2,7,Aston Villa,Midfielder,6.0,0.0,0.0,i,Knee injury - Expected back 10 Oct,2026-09-09T09:30:08.229436Z,0,0,0.0,0.0,0.0,0.0,26,862,4588,3812,,,
2026-09-15T04:57:33+00:00,630,245719,Harwood-Bellis,2,7,Aston Villa,Defender,4.5,0.0,0.0,a,,,,,0.0,0.0,0.0,0.0,143,181,1741,636,,,
2026-09-15T04:57:33+00:00,631,638987,Mbaye,2,7,Aston Villa,Midfielder,6.0,0.0,0.0,a,,,,,0.1,0.5,0.5,0.5,957,655,7800,2865,,,
2026-09-15T04:57:33+00:00,57,457569,Petrović,3,91,Bournemouth,Goalkeeper,4.5,0.0,0.0,a,,,,,3.2,1.8,1.8,1.8,2956,11332,101820,97463,,,
2026-09-15T04:57:33+00:00,58,40383,Forster,3,91,Bournemouth,Goalkeeper,4.0,0.0,0.0,a,,,,,3.5,0.0,0.0,0.0,9792,6214,96481,62416,,,
2026-09-15T04:57:33+00:00,59,444172,Dennis,3,91,Bournemouth,Goalkeeper,4.0,0.0,0.0,u,Has joined MK Dons permanently,2026-08-27T14:53:48.692835Z,0,0,0.1,0.0,0.0,0.0,0,486,1133,6395,,,
2026-09-15T04:57:33+00:00,60,463981,Hill,3,91,Bournemouth,Defender,5.5,0.0,0.0,a,,,,,0.8,2.0,2.0,2.0,1414,4557,25834,33521,,,
2026-09-15T04:57:33+00:00,61,494521,Truffert,3,91,Bournemouth,Defender,5.5,0.0,0.0,a,,,,,3.3,2.0,2.0,2.0,2746,13793,48095,127578,,,
2026-09-15T04:57:33+00:00,62,242882,Diakité,3,91,Bournemouth,Defender,5.0,0.0,0.0,a,,,,,0.2,0.0,0.0,0.0,440,1185,6182,10022,,,
2026-09-15T04:57:33+00:00,63,620487,Milosavljević,3,91,Bournemouth,Defender,4.9,-0.1,-0.1,i,Thigh injury - Unknown return date,2026-08-06T10:00:10.456051Z,0,0,0.0,0.0,0.0,0.0,18,42,250,744,,,
2026-09-15T04:57:33+00:00,64,54469,Smith,3,91,Bournemouth,Defender,4.5,0.0,0.0,a,,,,,0.1,0.5,0.5,0.5,387,831,6367,5678,,,
2026-09-15T04:57:33+00:00,65,436893,J.Araujo,3,91,Bournemouth,Defender,4.4,0.0,-0.1,i,Thigh injury - Unknown return date,2026-08-09T08:00:05.645826Z,0,0,0.0,0.0,0.0,0.0,26,65,309,1153,,,
2026-09-15T04:57:33+00:00,66,575901,Soler,3,91,Bournemouth,Defender,4.0,0.0,0.0,a,,2026-08-15T16:30:07.021055Z,100,100,0.3,0.0,0.0,0.0,1176,1089,11920,8570,,,
2026-09-15T04:57:33+00:00,67,499604,Rayan,3,91,Bournemouth,Midfielder,6.4,0.0,-0.1,a,,,,,1.8,2.0,2.0,2.0,1565,17276,45502,141412,,,
2026-09-15T04:57:33+00:00,68,201658,Tavernier,3,91,Bournemouth,Midfielder,6.1,0.1,0.1,a,,,,,5.1,7.2,7.2,7.2,143501,16854,436391,130593,3,,
2026-09-15T04:57:33+00:00,69,503139,Scott,3,91,Bournemouth,Midfielder,6.1,0.0,0.1,a,,,,,5.9,7.0,7.0,7.0,38307,32816,490147,125872,,,
2026-09-15T04:57:33+00:00,70,222683,Kluivert,3,91,Bournemouth,Midfielder,6.0,0.0,0.0,a,,,,,1.0,3.8,3.8,3.8,5955,3979,41771,57782,2,,
2026-09-15T04:57:33+00:00,71,155408,Cook,3,91,Bournemouth,Midfielder,5.0,0.0,0.0,a,,,,,0.2,1.8,1.8,1.8,386,1822,12379,10864,,,
2026-09-15T04:57:33+00:00,72,496208,Gannon-Doak,3,91,Bournemouth,Midfielder,4.9,0.0,-0.1,a,,,,,0.1,0.8,0.8,0.8,136,375,1298,3782,,,
2026-09-15T04:57:33+00:00,73,200785,Adams,3,91,Bournemouth,Midfielder,5.0,0.0,0.0,a,,2026-08-15T16:30:07.029928Z,100,100,0.3,2.0,2.0,2.0,1462,1879,15676,13004,,,
2026-09-15T04:57:33+00:00,74,111317,Brooks,3,91,Bournemouth,Midfielder,5.0,0.0,0.0,a,,2026-08-15T16:30:07.037929Z,100,100,0.1,0.5,0.5,0.5,216,423,2895,2984,,,
2026-09-15T04:57:33+00:00,75,158499,Christie,3,91,Bournemouth,Midfielder,5.0,0.0,0.0,a,,2026-07-24T17:30:10.035483Z,100,100,0.0,0.8,0.8,0.8,248,302,2962,1588,,,
2026-09-15T04:57:33+00:00,76,614574,Tóth.A,3,91,Bournemouth,Midfielder,5.0,0.0,0.0,a,,,,,0.0,0.2,0.2,0.2,27,54,322,641,,,
2026-09-15T04:57:33+00:00,77,489888,Adli,3,91,Bournemouth,Midfielder,4.9,0.0,-0.1,i,Calf injury - Unknown return date,2026-08-15T16:00:07.590566Z,0,0,0.0,0.0,0.0,0.0,11,122,255,2054,,,
2026-09-15T04:57:33+00:00,78,560262,Kroupi.Jr,3,91,Bournemouth,Midfielder,7.4,0.0,-0.1,i,Foot injury - Expected back 7 Nov,2026-07-29T17:30:09.796802Z,0,0,0.2,0.0,0.0,0.0,69,899,974,25588,1,,
2026-09-15T04:57:33+00:00,79,444102,Evanilson,3,91,Bournemouth,Forward,6.0,0.0,0.0,a,,,,,3.3,4.0,4.0,4.0,21825,17313,212882,125158,,,
2026-09-15T04:57:33+00:00,80,168636,Enes Ünal,3,91,Bournemouth,Forward,5.5,0.0,0.0,u,Has joined Getafe permanently,2026-08-14T14:14:21.881112Z,0,0,0.0,0.0,0.0,0.0,0,55,0,1866,,,
2026-09-15T04:57:33+00:00,81,561245,Rodríguez,3,91,Bournemouth,Forward,6.0,0.0,0.0,a,,2026-08-15T16:30:07.054142Z,100,100,0.1,0.5,0.5,0.5,367,619,4135,5376,,,
2026-09-15T04:57:33+00:00,566,483067,Silva,3,91,Bournemouth,Defender,5.0,0.0,0.0,a,,,,,0.4,2.5,2.5,2.5,789,2051,23579,16917,,,
2026-09-15T04:57:33+00:00,573,494928,Sanchez,3,91,Bournemouth,Defender,4.4,-0.1,-0.1,a,,,,,0.2,0.0,0.0,0.0,124,592,1230,5953,,,
2026-09-15T04:57:33+00:00,608,523700,Jebbison,3,91,Bournemouth,Forward,5.0,0.0,0.0,a,,,,,0.1,0.5,0.5,0.5,915,912,11292,5219,,,
2026-09-15T04:57:33+00:00,615,230650,Di Gregorio,3,91,Bournemouth,Goalkeeper,4.5,0.0,0.0,a,,,,,0.0,0.0,0.0,0.0,174,270,2574,1278,,,
2026-09-15T04:57:33+00:00,82,200720,Kelleher,4,94,Brentford,Goalkeeper,5.0,0.0,0.0,a,,,,,6.4,3.5,3.5,3.5,4594,28766,227105,165982,,,
2026-09-15T04:57:33+00:00,83,507433,Valdimarsson,4,94,Brentford,Goalkeeper,4.5,0.0,0.0,a,,,,,0.1,0.0,0.0,0.0,134,366,2382,3732,,,
2026-09-15T04:57:33+00:00,84,432830,Collins,4,94,Brentford,Defender,5.5,0.0,0.0,i,Calf injury - Unknown return date,2026-09-05T18:00:06.182495Z,0,0,1.2,2.5,0.0,0.0,54,19300,58569,127264,,,
2026-09-15T04:57:33+00:00,85,444765,Van den Berg,4,94,Brentford,Defender,4.9,0.0,-0.1,i,Groin injury - Unknown return date,2026-08-15T15:30:06.416627Z,0,0,0.1,0.0,0.0,0.0,14,371,350,8211,,,
2026-09-15T04:57:33+00:00,86,249231,Lewis-Potter,4,94,Brentford,Midfielder,5.5,0.0,0.0,a,,,,,1.9,4.8,4.8,4.8,2831,20284,183225,86163,,,
2026-09-15T04:57:33+00:00,87,191866,Ajer,4,94,Brentford,Defender,4.5,0.0,0.0,a,,,,,4.4,3.5,3.5,3.5,4694,26477,301234,206199,,,
2026-09-15T04:57:33+00:00,88,607464,Kayode,4,94,Brentford,Defender,4.6,0.0,0.1,a,,,,,8.3,4.2,4.2,4.2,9706,67223,574168,278846,,,
2026-09-15T04:57:33+00:00,89,194010,Henry,4,94,Brentford,Defender,4.4,-0.1,-0.1,a,,,,,0.2,0.2,0.2,0.2,162,787,1576,7137,,,
2026-09-15T04:57:33+00:00,90,472713,Hickey,4,94,Brentford,Defender,4.5,0.0,0.0,a,,,,,0.1,1.0,1.0,1.0,147,272,1732,2415,,,
2026-09-15T04:57:33+00:00,92,570241,Ji-soo,4,94,Brentford,Defender,4.5,0.0,0.0,a,,,,,0.0,0.0,0.0,0.0,33,74,398,783,,,
2026-09-15T04:57:33+00:00,93,513086,Schuster,4,94,Brentford,Defender,4.5,0.0,0.0,a,,,,,0.1,1.8,1.8,1.8,144,270,1357,3683,,,
2026-09-15T04:57:33+00:00,94,513418,Schade,4,94,Brentford,Midfielder,6.0,0.0,0.0,a,,,,,5.6,7.5,7.5,7.5,190202,16473,384478,177919,2,,
2026-09-15T04:57:33+00:00,95,533463,O.Dango,4,94,Brentford,Midfielder,6.4,0.0,-0.1,a,,,,,0.6,1.5,1.5,1.5,279,6318,13611,70249,,,
2026-09-15T04:57:33+00:00,96,440089,Damsgaard,4,94,Brentford,Midfielder,5.5,0.0,0.0,a,,,,,0.5,3.2,3.2,3.2,579,3411,12564,23549,,,
2026-09-15T04:57:33+00:00,97,207283,Jensen,4,94,Brentford,Midfielder,5.4,0.0,-0.1,i,Unspecified injury - Expected back 18 Sep,2026-08-30T12:30:08.176795Z,0,0,0.1,1.5,0.0,0.0,7,823,4476,13360,3,,
2026-09-15T04:57:33+00:00,98,204580,Janelt,4,94,Brentford,Midfielder,5.0,0.0,0.0,a,,,,,2.4,6.2,6.2,6.2,19244,13720,259069,69049,,,
2026-09-15T04:57:33+00:00,99,543295,Milambo,4,94,Brentford,Midfielder,5.0,0.0,0.0,i,Knee injury - Unknown return date,2026-07-23T12:01:23.384798Z,0,0,0.0,0.0,0.0,0.0,8,11,97,130,,,
2026-09-15T04:57:33+00:00,100,244858,Carvalho,4,94,Brentford,Midfielder,5.0,0.0,0.0,a,,2026-08-18T13:58:17.442072Z,100,100,0.0,0.0,0.0,0.0,96,167,1129,1103,,,
2026-09-15T04:57:33+00:00,102,508395,Yarmoliuk,4,94,Brentford,Midfielder,4.8,-0.1,-0.2,a,,,,,0.7,1.5,1.5,1.5,402,3823,2929,52723,,,
2026-09-15T04:57:33+00:00,103,183656,Dasilva,4,94,Brentford,Midfielder,4.9,0.0,-0.1,i,Hamstring injury - Expected back 10 Oct,2026-09-04T13:30:08.371955Z,0,0,0.0,0.0,0.0,0.0,3,138,383,1690,,,
2026-09-15T04:57:33+00:00,105,444180,Anthony,4,94,Brentford,Midfielder,5.9,-0.1,-0.1,a,,,,,0.1,1.2,1.2,1.2,216,1004,4579,9308,,,
2026-09-15T04:57:33+00:00,106,502500,Thiago,4,94,Brentford,Forward,7.9,0.0,-0.1,a,,,,,9.8,1.2,1.2,1.2,4941,100561,192925,875538,1,,
2026-09-15T04:57:33+00:00,107,593174,Furo,4,94,Brentford,Forward,4.5,0.0,0.0,i,Unspecified injury - Unknown return date,2026-09-14T14:00:09.985723Z,,0,1.1,0.0,0.0,0.0,5444,7005,59982,43774,,,
2026-09-15T04:57:33+00:00,108,75115,Wilson,4,94,Brentford,Forward,5.5,0.0,0.0,a,,,,,0.3,0.8,0.8,0.8,633,2885,13311,20908,,,
2026-09-15T04:57:33+00:00,565,513545,M.Sangaré,4,94,Brentford,Midfielder,5.7,0.0,0.2,a,,,,,12.3,5.5,5.5,5.5,13690,88273,1203809,556256,,,
2026-09-15T04:57:33+00:00,620,613804,Diouf,4,94,Brentford,Defender,4.5,0.0,0.0,a,,,,,0.1,0.3,0.3,0.3,547,856,12629,5846,,,
2026-09-15T04:57:33+00:00,657,626464,Nunes,4,94,Brentford,Midfielder,4.5,0.0,0.0,a,,,,,0.0,0.0,1.1,1.1,1197,226,1197,226,,,
2026-09-15T04:57:33+00:00,109,489639,Verbruggen,5,36,Brighton,Goalkeeper,4.5,0.0,0.0,a,,,,,22.0,4.2,4.2,4.2,36636,53660,641039,453010,,,
2026-09-15T04:57:33+00:00,111,49262,Steele,5,36,Brighton,Goalkeeper,4.0,0.0,0.0,a,,,,,4.2,0.0,0.0,0.0,8121,8718,127884,93061,,,
2026-09-15T04:57:33+00:00,113,231416,F.Kadıoğlu,5,36,Brighton,Defender,4.4,0.0,-0.1,a,,2026-08-23T13:00:07.595211Z,100,100,1.7,2.0,2.0,2.0,1973,7082,24109,116365,,,
2026-09-15T04:57:33+00:00,114,204120,Boscagli,5,36,Brighton,Defender,4.5,0.0,0.0,a,,,,,0.3,3.2,3.2,3.2,623,960,13458,9538,,,
2026-09-15T04:57:33+00:00,115,465730,De Cuyper,5,36,Brighton,Defender,4.8,0.0,0.3,a,,,,,23.4,8.0,8.0,8.0,185777,44791,2193558,306827,,,
2026-09-15T04:57:33+00:00,116,83299,Dunk,5,36,Brighton,Defender,4.5,0.0,0.0,a,,,,,1.4,5.5,5.5,5.5,13106,4203,66554,33646,,,
2026-09-15T04:57:33+00:00,117,550090,Coppola,5,36,Brighton,Defender,4.5,0.0,0.0,a,,,,,0.0,0.0,0.0,0.0,104,115,736,865,,,
2026-09-15T04:57:33+00:00,118,223434,Igor,5,36,Brighton,Defender,4.5,0.0,0.0,u,Has joined Burnley permanently,2026-09-02T15:38:15.529699Z,0,0,0.0,0.0,0.0,0.0,0,433,915,5193,,,
2026-09-15T04:57:33+00:00,119,451490,Costinha,5,36,Brighton,Defender,4.5,0.0,0.0,a,,,,,0.0,0.8,0.8,0.8,84,135,973,1154,,,
2026-09-15T04:57:33+00:00,120,454490,Svoboda,5,36,Brighton,Defender,5.0,0.0,0.0,a,,,,,0.1,0.0,0.0,0.0,302,455,2831,3020,,,
2026-09-15T04:57:33+00:00,121,451340,Mitoma,5,36,Brighton,Midfielder,5.9,0.0,-0.1,i,Hamstring injury - Expected back 10 Oct,2026-07-24T18:30:10.661894Z,0,0,0.0,0.0,0.0,0.0,29,149,392,2794,,,
2026-09-15T04:57:33+00:00,122,592031,Minteh,5,36,Brighton,Midfielder,5.9,0.0,-0.1,i,Leg injury - Expected back 28 Nov,2026-08-14T18:00:06.418033Z,0,0,0.0,0.0,0.0,0.0,12,238,274,6436,,,
2026-09-15T04:57:33+00:00,123,532529,Hinshelwood,5,36,Brighton,Midfielder,5.9,-0.1,-0.1,i,Ankle injury - Expected back 10 Oct,2026-08-27T19:30:07.780933Z,0,0,0.7,4.0,0.0,0.0,68,14831,147561,197388,,,
2026-09-15T04:57:33+00:00,124,60307,Groß,5,36,Brighton,Midfielder,5.6,0.0,0.1,a,,,,,18.1,8.2,8.2,8.2,233391,38671,989475,463096,1,,
2026-09-15T04:57:33+00:00,125,463067,Georginio,5,36,Brighton,Forward,5.4,0.0,-0.1,d,Unspecified injury - 75% chance of playing,2026-08-26T16:00:07.608056Z,75,75,0.5,1.2,0.9,0.9,474,6096,30156,66240,,,
2026-09-15T04:57:33+00:00,126,219249,O'Riley,5,36,Brighton,Midfielder,5.5,0.0,0.0,a,,,,,0.1,0.2,0.2,0.2,268,569,2865,5286,3,,
2026-09-15T04:57:33+00:00,127,514254,Gomez,5,36,Brighton,Midfielder,5.0,0.0,0.0,a,,,,,4.6,4.0,4.0,4.0,6129,30994,315259,210579,,,
2026-09-15T04:57:33+00:00,128,536916,Buonanotte,5,36,Brighton,Midfielder,5.0,0.0,0.0,u,Has joined Elche on loan for the rest of the season,2026-08-10T14:03:07.561436Z,0,0,0.0,0.0,0.0,0.0,0,8,0,314,,,
2026-09-15T04:57:33+00:00,129,509416,Ayari,5,36,Brighton,Midfielder,5.4,0.0,-0.1,a,,2026-08-30T18:00:07.935334Z,100,100,0.4,3.0,3.0,3.0,1547,1824,8335,36987,,,
2026-09-15T04:57:33+00:00,130,467779,Wieffer,5,36,Brighton,Defender,5.0,0.0,0.0,i,Knee injury - Unknown return date,2026-09-04T09:30:08.612904Z,0,0,0.2,1.8,0.0,0.0,26,3582,25884,38055,,,
2026-09-15T04:57:33+00:00,132,597320,Howell,5,36,Brighton,Midfielder,4.5,0.0,0.0,u,Has joined Leicester City on loan for the rest of the season,2026-08-17T13:53:19.019938Z,0,0,0.0,0.0,0.0,0.0,0,208,0,3291,,,
2026-09-15T04:57:33+00:00,133,549074,Watson,5,36,Brighton,Midfielder,5.0,0.0,0.0,u,Has joined Leicester City on loan for the rest of the season,2026-08-03T14:05:44.459483Z,0,0,0.0,0.0,0.0,0.0,0,5,0,126,,,
2026-09-15T04:57:33+00:00,134,556637,Oriola,5,36,Brighton,Midfielder,4.5,0.0,0.0,a,,,,,0.3,0.0,0.0,0.0,510,1299,8024,11125,,,
2026-09-15T04:57:33+00:00,135,700308,Yohanna,5,36,Brighton,Midfielder,4.9,0.0,-0.1,i,Unspecified injury - Expected back 10 Oct,2026-09-10T13:00:08.617941Z,0,0,0.0,0.2,0.0,0.0,15,603,1223,4514,,,
2026-09-15T04:57:33+00:00,137,608181,Tzimas,5,36,Brighton,Forward,5.4,-0.1,-0.1,i,Knee injury - Unknown return date,2026-07-23T12:01:23.432796Z,0,0,0.0,0.0,0.0,0.0,25,37,259,651,,,
2026-09-15T04:57:33+00:00,138,647850,Kostoulas,5,36,Brighton,Forward,5.5,0.0,0.0,a,,,,,0.7,4.5,4.5,4.5,19612,4884,67145,22315,,,
2026-09-15T04:57:33+00:00,139,487117,Ferguson,5,36,Brighton,Forward,5.0,0.0,0.0,i,Ankle injury - Expected back 10 Oct,2026-07-23T12:01:23.448357Z,0,0,0.0,0.0,0.0,0.0,126,208,1335,2073,,,
2026-09-15T04:57:33+00:00,328,222694,Struijk,5,36,Brighton,Defender,4.9,-0.1,-0.1,a,,2026-08-15T20:30:07.523574Z,100,100,0.2,0.5,0.5,0.5,354,1170,4812,9901,,,
2026-09-15T04:57:33+00:00,504,610799,Vuskovic,5,36,Brighton,Defender,5.0,0.0,0.0,a,,,,,3.2,6.0,6.0,6.0,13704,13253,189116,103125,,,
2026-09-15T04:57:33+00:00,594,538007,David,5,36,Brighton,Forward,6.0,0.0,0.0,a,,,,,0.2,0.2,0.2,0.2,920,2342,10682,17419,2,,
2026-09-15T04:57:33+00:00,600,612855,Osman,5,36,Brighton,Midfielder,5.0,0.0,0.0,a,,,,,0.0,0.8,0.8,0.8,68,101,751,827,,,
2026-09-15T04:57:33+00:00,605,611695,Yalcouyé,5,36,Brighton,Midfielder,4.5,0.0,0.0,a,,,,,3.6,4.8,4.8,4.8,54264,15134,452460,110023,,,
2026-09-15T04:57:33+00:00,614,512123,Hadjam,5,36,Brighton,Defender,4.5,0.0,0.0,a,,,,,0.0,0.0,0.0,0.0,159,356,3385,1455,,,
2026-09-15T04:57:33+00:00,624,519324,Cozier-Duberry,5,36,Brighton,Midfielder,5.0,0.0,0.0,u,Has joined Middlesbrough on loan for the rest of the season,2026-09-02T15:38:15.552951Z,0,0,0.0,0.0,0.0,0.0,0,9,117,105,,,
2026-09-15T04:57:33+00:00,639,592984,Andrés,5,36,Brighton,Midfielder,5.5,0.0,0.0,a,,,,,0.0,2.0,2.0,2.0,177,98,951,335,,,
2026-09-15T04:57:33+00:00,652,471551,Azeez,5,36,Brighton,Midfielder,5.5,0.0,0.0,d,Hamstring injury - 75% chance of playing,2026-09-04T11:30:08.661589Z,75,75,0.0,0.0,0.0,0.0,41,20,410,113,,,
2026-09-15T04:57:33+00:00,658,661016,Ibrahim,5,36,Brighton,Midfielder,4.5,0.0,0.0,a,,,,,0.0,0.0,1.1,1.1,651,113,651,113,,,
2026-09-15T04:57:33+00:00,28,98980,Martinez,6,8,Chelsea,Goalkeeper,5.0,0.0,0.0,a,,,,,5.0,1.8,1.8,1.8,9875,26867,226661,197664,,,
2026-09-15T04:57:33+00:00,40,244850,Rogers,6,8,Chelsea,Midfielder,7.7,0.1,0.2,a,,,,,37.2,6.8,6.8,6.8,334398,19372,1966307,541675,,,
2026-09-15T04:57:33+00:00,101,56979,Henderson,6,8,Chelsea,Midfielder,4.9,0.0,-0.1,i,Wrist injury - Unknown return date,2026-08-09T09:30:07.136250Z,0,0,0.0,0.0,0.0,0.0,18,249,586,2295,,,
2026-09-15T04:57:33+00:00,136,50175,Welbeck,6,8,Chelsea,Forward,5.9,0.0,-0.1,a,,2026-08-20T14:00:07.949090Z,100,100,0.8,0.5,0.5,0.5,2070,5418,21097,65349,,,
2026-09-15T04:57:33+00:00,140,215059,Sánchez,6,8,Chelsea,Goalkeeper,4.9,0.0,-0.1,u,Has joined Como on loan for the rest of the season,2026-09-02T16:20:41.841936Z,0,0,0.8,0.5,0.0,0.0,0,7582,10847,163642,,,
2026-09-15T04:57:33+00:00,141,508479,Jörgensen,6,8,Chelsea,Goalkeeper,5.0,0.0,0.0,u,Has joined RC Strasbourg on loan for the rest of the season,2026-08-12T14:07:02.607115Z,0,0,0.0,0.0,0.0,0.0,0,28,0,894,,,
2026-09-15T04:57:33+00:00,142,225796,James,6,8,Chelsea,Defender,5.4,0.0,-0.1,a,,,,,7.3,0.8,0.8,0.8,9517,54923,159524,438780,,,
2026-09-15T04:57:33+00:00,143,180736,Chalobah,6,8,Chelsea,Defender,5.5,0.0,0.0,u,Has joined Como permanently,2026-08-10T14:03:50.769483Z,0,0,0.1,0.0,0.0,0.0,0,388,0,13313,,,
2026-09-15T04:57:33+00:00,144,482609,Gusto,6,8,Chelsea,Defender,5.0,0.0,0.0,a,,,,,1.0,1.0,1.0,1.0,1921,7053,32641,53645,,,
2026-09-15T04:57:33+00:00,145,444463,Fofana,6,8,Chelsea,Defender,5.0,0.0,0.0,a,,2026-07-23T12:01:23.464591Z,100,100,0.2,1.0,1.0,1.0,1390,1342,14159,4834,,,
2026-09-15T04:57:33+00:00,146,242880,B.Badiashile,6,8,Chelsea,Defender,4.5,0.0,0.0,u,Has joined Napoli on loan for the rest of the season,2026-08-25T14:03:47.079414Z,0,0,0.0,0.0,0.0,0.0,0,65,232,1834,,,
2026-09-15T04:57:33+00:00,148,551210,Hato,6,8,Chelsea,Defender,4.5,0.0,0.0,a,,,,,1.0,2.0,2.0,2.0,2553,10114,88081,40716,,,
2026-09-15T04:57:33+00:00,149,460028,Colwill,6,8,Chelsea,Defender,4.9,0.0,-0.1,a,,,,,1.0,0.5,0.5,0.5,930,9269,24583,83339,,,
2026-09-15T04:57:33+00:00,150,574458,M.Sarr,6,8,Chelsea,Defender,4.5,0.0,0.0,u,Has joined Real Sociedad on loan for the rest of the season,2026-08-29T00:34:23.077418Z,0,0,0.0,0.0,0.0,0.0,0,214,429,5575,,,
2026-09-15T04:57:33+00:00,151,577016,Acheampong,6,8,Chelsea,Defender,4.5,0.0,0.0,a,,,,,0.4,1.2,1.2,1.2,694,2886,19877,17411,,,
2026-09-15T04:57:33+00:00,152,620109,Palestra,6,8,Chelsea,Defender,5.3,-0.1,-0.2,i,Thigh injury - Expected back 18 Sep,2026-08-24T18:30:07.421239Z,0,0,0.7,0.0,0.0,0.0,72,10214,6272,205830,,,
2026-09-15T04:57:33+00:00,154,244851,Palmer,6,8,Chelsea,Midfielder,9.7,0.0,0.2,a,,2026-08-24T22:00:07.971542Z,100,100,26.8,6.5,6.5,6.5,73418,67938,1784254,396657,1,,
2026-09-15T04:57:33+00:00,156,247632,Neto,6,8,Chelsea,Midfielder,6.5,0.0,0.0,a,,,,,1.4,3.0,3.0,3.0,5872,9799,67012,69244,,,
2026-09-15T04:57:33+00:00,157,624773,Estêvão,6,8,Chelsea,Midfielder,6.3,-0.1,-0.2,a,,,,,0.7,0.8,0.8,0.8,1144,5396,14061,77982,2,,
2026-09-15T04:57:33+00:00,158,463936,Gittens,6,8,Chelsea,Midfielder,5.9,0.0,-0.1,a,,,,,0.0,0.0,0.0,0.0,63,214,844,2437,,,
2026-09-15T04:57:33+00:00,159,486672,Caicedo,6,8,Chelsea,Midfielder,5.3,-0.1,-0.2,i,Calf injury - Expected back 18 Sep,2026-08-30T16:00:08.393562Z,0,0,1.3,0.2,0.0,0.0,287,17281,14341,257954,,,
2026-09-15T04:57:33+00:00,161,514356,Lavia,6,8,Chelsea,Midfielder,5.0,0.0,0.0,a,,,,,0.2,2.8,2.8,2.8,1271,2131,23715,10828,,,
2026-09-15T04:57:33+00:00,163,491007,D.Essugo,6,8,Chelsea,Midfielder,4.5,0.0,0.0,u,Has joined RC Strasbourg on loan for the rest of the season,2026-09-02T16:20:41.865225Z,0,0,0.1,0.0,0.0,0.0,0,1010,2698,12664,,,
2026-09-15T04:57:33+00:00,164,593117,Quenda,6,8,Chelsea,Midfielder,5.3,-0.1,-0.2,a,,2026-07-24T20:30:10.609931Z,100,100,0.0,0.2,0.2,0.2,63,290,740,2977,,,
2026-09-15T04:57:33+00:00,165,475168,João Pedro,6,8,Chelsea,Forward,7.8,0.1,0.3,a,,,,,75.1,8.2,8.2,8.2,162847,11539,1416197,335232,,,
2026-09-15T04:57:33+00:00,168,499309,Marc Guiu,6,8,Chelsea,Forward,5.0,0.0,0.0,u,Has joined RB Leipzig permanently,2026-09-01T13:24:48.857362Z,0,0,0.2,0.0,0.0,0.0,0,1895,4102,29538,,,
2026-09-15T04:57:33+00:00,169,567119,Mheuka,6,8,Chelsea,Forward,4.5,0.0,0.0,a,,,,,0.4,0.0,0.0,0.0,2694,2496,20946,18395,,,
2026-09-15T04:57:33+00:00,170,503037,Emegha,6,8,Chelsea,Forward,5.0,0.0,0.0,i,Hamstring injury - Expected back 18 Sep,2026-09-09T15:00:09.063849Z,0,0,0.1,0.0,0.0,0.0,59,1572,5937,10298,,,
2026-09-15T04:57:33+00:00,200,437499,Lacroix,6,8,Chelsea,Defender,6.0,0.0,0.0,a,,,,,7.5,2.5,2.5,2.5,4000,60544,161157,335440,,,
2026-09-15T04:57:33+00:00,560,549939,Penders,6,8,Chelsea,Goalkeeper,4.4,0.0,-0.1,a,,,,,0.1,0.0,0.0,0.0,355,309,1434,3009,,,
2026-09-15T04:57:33+00:00,561,622758,Anselmino,6,8,Chelsea,Defender,4.5,0.0,0.0,a,,2026-08-23T19:00:08.536705Z,100,100,0.0,0.0,0.0,0.0,117,97,686,1029,,,
2026-09-15T04:57:33+00:00,568,543158,Barco,6,8,Chelsea,Midfielder,5.4,-0.1,-0.1,a,,,,,0.1,0.2,0.2,0.2,240,648,2686,5836,,,
2026-09-15T04:57:33+00:00,583,498444,Chavarria,6,8,Chelsea,Defender,4.9,0.0,-0.1,a,,,,,0.2,1.0,1.0,1.0,206,803,2637,9735,,,
2026-09-15T04:57:33+00:00,91,231065,Pinnock,7,9,Coventry City,Defender,4.5,0.0,0.0,a,,,,,0.1,1.5,1.5,1.5,209,284,1976,3341,,,
2026-09-15T04:57:33+00:00,104,428580,Onyeka,7,9,Coventry City,Midfielder,4.9,0.0,-0.1,a,,,,,0.1,1.5,1.5,1.5,177,576,3641,8094,,,
2026-09-15T04:57:33+00:00,110,472739,Rushworth,7,9,Coventry City,Goalkeeper,4.5,0.0,0.0,a,,,,,0.9,1.2,1.2,1.2,499,4405,20718,44717,,,
2026-09-15T04:57:33+00:00,171,484389,Dovin,7,9,Coventry City,Goalkeeper,4.0,0.0,0.0,u,Has joined Leyton Orient on loan for the rest of the season,2026-09-02T15:44:14.839336Z,0,0,1.1,0.0,0.0,0.0,0,4814,8924,47603,,,
2026-09-15T04:57:33+00:00,172,110690,Wilson,7,9,Coventry City,Goalkeeper,4.5,0.0,0.0,a,,,,,0.4,0.0,0.0,0.0,77,766,811,10727,,,
2026-09-15T04:57:33+00:00,173,461102,Thomas,7,9,Coventry City,Defender,4.0,0.0,0.0,a,,,,,9.0,3.8,3.8,3.8,15425,29474,321885,206297,,,
2026-09-15T04:57:33+00:00,174,436761,Kitching,7,9,Coventry City,Defender,4.0,0.0,0.0,u,Has joined Sheffield United on loan for the rest of the season,2026-09-02T16:21:03.612394Z,0,0,0.4,0.0,0.0,0.0,0,2331,981,28087,,,
2026-09-15T04:57:33+00:00,175,451284,van Ewijk,7,9,Coventry City,Defender,4.0,0.0,0.0,a,,,,,10.2,1.5,1.5,1.5,7125,46535,115871,357269,,,
2026-09-15T04:57:33+00:00,176,173878,Dasilva,7,9,Coventry City,Defender,4.0,0.0,0.0,a,,,,,0.7,1.2,1.2,1.2,412,2013,8792,18066,,,
2026-09-15T04:57:33+00:00,177,465390,Kesler-Hayden,7,9,Coventry City,Defender,4.0,0.0,0.0,i,Hamstring injury - Unknown return date,2026-08-27T14:56:28.704361Z,0,0,0.0,0.0,0.0,0.0,50,204,463,2926,,,
2026-09-15T04:57:33+00:00,178,80178,Bidwell,7,9,Coventry City,Defender,4.0,0.0,0.0,a,,,,,0.1,0.0,0.0,0.0,212,317,2026,2844,,,
2026-09-15T04:57:33+00:00,179,204813,Latibeaudiere,7,9,Coventry City,Defender,4.0,0.0,0.0,a,,,,,0.0,0.0,0.0,0.0,77,142,833,1420,,,
2026-09-15T04:57:33+00:00,180,220583,Woolfenden,7,9,Coventry City,Defender,4.0,0.0,0.0,i,Knee injury - Unknown return date,2026-08-27T14:56:28.718566Z,0,0,0.1,0.0,0.0,0.0,112,564,2092,7795,,,
2026-09-15T04:57:33+00:00,181,577411,Brau,7,9,Coventry City,Defender,4.0,0.0,0.0,u,Has joined Academico de Viseu on loan for the rest of the season,2026-08-29T00:35:59.980316Z,0,0,0.0,0.0,0.0,0.0,0,116,275,1906,,,
2026-09-15T04:57:33+00:00,182,539142,Amenda,7,9,Coventry City,Defender,4.0,0.0,0.0,a,,,,,0.7,1.0,1.0,1.0,990,2189,11038,20408,,,
2026-09-15T04:57:33+00:00,183,480457,Rudoni,7,9,Coventry City,Midfielder,5.0,0.0,0.0,a,,2026-07-23T12:01:23.481435Z,100,100,0.1,2.0,2.0,2.0,196,652,3117,6297,,,
2026-09-15T04:57:33+00:00,184,168144,Grimes,7,9,Coventry City,Midfielder,4.9,-0.1,-0.1,a,,,,,0.1,2.0,2.0,2.0,264,924,3567,9097,3,,
2026-09-15T04:57:33+00:00,185,501459,Sakamoto,7,9,Coventry City,Midfielder,4.9,0.0,-0.1,a,,,,,0.1,0.2,0.2,0.2,45,436,793,4816,,,
2026-09-15T04:57:33+00:00,186,241293,Mason-Clark,7,9,Coventry City,Midfielder,5.4,0.0,-0.1,a,,2026-08-19T18:00:08.310507Z,100,100,0.1,1.0,1.0,1.0,55,389,994,5057,,,
2026-09-15T04:57:33+00:00,187,439668,Eccles,7,9,Coventry City,Midfielder,4.9,0.0,-0.1,i,Unspecified injury - Expected back 12 Oct,2026-09-10T18:30:08.877110Z,0,0,0.0,0.0,0.0,0.0,8,150,604,1195,,,
2026-09-15T04:57:33+00:00,188,226965,Torp,7,9,Coventry City,Midfielder,5.4,0.0,-0.1,a,,,,,0.1,0.8,0.8,0.8,15,502,716,6892,2,,
2026-09-15T04:57:33+00:00,189,684268,Shepherd,7,9,Coventry City,Midfielder,4.5,0.0,0.0,a,,,,,0.2,0.0,0.0,0.0,246,1163,4258,11075,,,
2026-09-15T04:57:33+00:00,190,469272,Tchaouna,7,9,Coventry City,Midfielder,5.4,0.0,-0.1,a,,,,,0.1,1.0,1.0,1.0,17,453,3094,7233,,,
2026-09-15T04:57:33+00:00,191,492498,Borges Rodrigues,7,9,Coventry City,Midfielder,4.5,0.0,0.0,u,Has joined Burton Albion on loan for the rest of the season,2026-09-02T15:44:14.868001Z,0,0,0.1,0.0,0.0,0.0,0,883,1943,9772,,,
2026-09-15T04:57:33+00:00,192,629397,Andrews,7,9,Coventry City,Midfielder,4.5,0.0,0.0,u,Has joined Oxford United on loan for the rest of the season,2026-08-29T00:35:59.998520Z,0,0,0.3,0.0,0.0,0.0,0,2536,2718,35838,,,
2026-09-15T04:57:33+00:00,193,176412,Wright,7,9,Coventry City,Forward,5.4,0.0,-0.1,i,Thigh injury - Unknown return date,2026-08-14T22:00:07.214508Z,0,0,0.1,0.0,0.0,0.0,29,579,499,11258,1,,
2026-09-15T04:57:33+00:00,194,230730,Thomas-Asante,7,9,Coventry City,Forward,5.0,0.0,0.0,a,,,,,0.8,1.2,1.2,1.2,3677,5158,45814,43219,4,,
2026-09-15T04:57:33+00:00,195,218997,Simms,7,9,Coventry City,Forward,5.0,0.0,0.0,a,,,,,0.7,0.8,0.8,0.8,1301,5149,36900,50942,,,
2026-09-15T04:57:33+00:00,196,551262,Markelo,7,9,Coventry City,Forward,5.0,0.0,0.0,u,Has joined Shabab Al-Ahli Dubai permanently,2026-08-17T13:53:55.791223Z,0,0,0.0,0.0,0.0,0.0,0,63,0,1085,,,
2026-09-15T04:57:33+00:00,197,549653,Bassette,7,9,Coventry City,Forward,4.5,0.0,0.0,u,Has joined KVC Westerlo on loan for the rest of the season,2026-07-28T12:58:50.001768Z,0,0,0.0,0.0,0.0,0.0,0,143,0,1829,,,
2026-09-15T04:57:33+00:00,492,210156,Awoniyi,7,9,Coventry City,Forward,5.5,0.0,0.0,s,Suspended until 19 Oct,2026-09-13T15:00:09.305127Z,,0,0.6,0.8,0.8,0.0,488,8930,21175,46678,5,,
2026-09-15T04:57:33+00:00,575,661888,Yirenkyi,7,9,Coventry City,Midfielder,4.9,0.0,-0.1,a,,,,,0.2,1.5,1.5,1.5,130,1142,2546,11063,,,
2026-09-15T04:57:33+00:00,584,196100,Hamer,7,9,Coventry City,Midfielder,5.4,0.0,-0.1,a,,,,,0.1,0.8,0.8,0.8,37,441,723,5437,,,
2026-09-15T04:57:33+00:00,599,627221,Cherif,7,9,Coventry City,Forward,5.0,0.0,0.0,a,,,,,0.1,0.2,0.2,0.2,628,594,5902,5953,,,
2026-09-15T04:57:33+00:00,623,79602,Bentley,7,9,Coventry City,Goalkeeper,4.0,0.0,0.0,a,,,,,0.5,0.0,0.0,0.0,3907,984,60970,14905,,,
2026-09-15T04:57:33+00:00,655,242893,Gboho,7,9,Coventry City,Midfielder,5.5,0.0,0.0,a,,,,,0.0,0.0,2.0,2.0,67,13,132,20,,,
2026-09-15T04:57:33+00:00,656,566213,Mfuni,7,9,Coventry City,Defender,4.0,0.0,0.0,a,,,,,0.1,0.0,1.1,1.1,4100,777,6911,1044,,,
2026-09-15T04:57:33+00:00,42,485337,Guessand,8,31,Crystal Palace,Midfielder,5.5,0.0,0.0,a,,,,,0.0,0.5,0.5,0.5,144,430,2118,2999,,,
2026-09-15T04:57:33+00:00,153,220362,Disasi,8,31,Crystal Palace,Defender,4.5,0.0,0.0,s,Suspended until 25 Oct,2026-09-12T15:30:09.445078Z,,0,0.1,0.2,0.2,0.0,87,2237,9331,6580,,,
2026-09-15T04:57:33+00:00,198,172649,Henderson,8,31,Crystal Palace,Goalkeeper,5.0,0.0,0.0,i,Foot injury - Expected back 11 Oct,2026-09-12T14:00:09.378740Z,100,0,1.7,1.2,1.2,0.0,128,30313,55044,79299,,,
2026-09-15T04:57:33+00:00,199,121709,Benitez,8,31,Crystal Palace,Goalkeeper,4.5,0.0,0.0,a,,,,,0.1,0.5,0.5,0.5,572,345,2251,3967,,,
2026-09-15T04:57:33+00:00,202,427623,Richards,8,31,Crystal Palace,Defender,5.0,0.0,0.0,a,,,,,0.6,1.5,1.5,1.5,875,3516,19933,29749,,,
2026-09-15T04:57:33+00:00,203,651426,Canvot,8,31,Crystal Palace,Defender,4.9,0.0,-0.1,a,,,,,0.2,0.5,0.5,0.5,117,1872,5200,15806,,,
2026-09-15T04:57:33+00:00,204,244723,Mitchell,8,31,Crystal Palace,Defender,4.5,0.0,0.0,a,,,,,6.4,4.2,4.2,4.2,12604,28144,287358,202826,,,
2026-09-15T04:57:33+00:00,205,218364,Sosa,8,31,Crystal Palace,Defender,4.5,0.0,0.0,u,Has joined FC Cologne on loan for the rest of the season,2026-09-02T16:03:25.710518Z,0,0,0.0,0.0,0.0,0.0,0,142,236,1837,,,
2026-09-15T04:57:33+00:00,206,515621,Chadi Riad,8,31,Crystal Palace,Defender,4.4,0.0,-0.1,i,Knee injury - Unknown return date,2026-08-22T18:00:07.352049Z,0,0,0.0,0.2,0.0,0.0,16,177,587,5345,,,
2026-09-15T04:57:33+00:00,207,242313,Mingueza,8,31,Crystal Palace,Defender,4.4,0.0,-0.1,a,,,,,0.1,0.5,0.5,0.5,124,456,1784,4054,,,
2026-09-15T04:57:33+00:00,208,232185,Sarr,8,31,Crystal Palace,Midfielder,6.2,-0.1,-0.3,i,Groin injury - Unknown return date,2026-08-22T18:00:07.363165Z,0,0,0.7,0.0,0.0,0.0,36,6629,2647,368692,2,,
2026-09-15T04:57:33+00:00,210,496221,Wharton,8,31,Crystal Palace,Midfielder,5.5,0.0,0.0,a,,2026-07-23T12:01:23.498963Z,100,100,0.8,2.5,2.5,2.5,1297,5470,26877,37585,,,
2026-09-15T04:57:33+00:00,211,488024,Yeremy,8,31,Crystal Palace,Midfielder,5.5,0.0,0.0,a,,,,,0.4,3.0,3.0,3.0,766,4982,43382,19218,,,
2026-09-15T04:57:33+00:00,212,108413,Hughes,8,31,Crystal Palace,Midfielder,4.4,-0.1,-0.1,a,,,,,8.1,0.5,0.5,0.5,6287,43417,90675,381097,,,
2026-09-15T04:57:33+00:00,213,152551,Lerma,8,31,Crystal Palace,Midfielder,4.9,0.0,-0.1,a,,,,,0.1,0.2,0.2,0.2,82,361,1109,4686,,,
2026-09-15T04:57:33+00:00,214,209400,Kamada,8,31,Crystal Palace,Midfielder,5.0,0.0,0.0,a,,,,,0.5,4.5,4.5,4.5,10569,2466,34915,16236,,,
2026-09-15T04:57:33+00:00,215,489706,Devenny,8,31,Crystal Palace,Midfielder,5.0,0.0,0.0,u,Has joined Stoke City permanently,2026-09-02T15:41:07.346849Z,0,0,0.0,0.0,0.0,0.0,0,54,132,844,3,,
2026-09-15T04:57:33+00:00,216,606921,Esse,8,31,Crystal Palace,Midfielder,5.0,0.0,0.0,u,Has joined Millwall on loan for the rest of the season,2026-09-02T15:41:07.376544Z,0,0,0.0,0.0,0.0,0.0,0,214,399,2920,,,
2026-09-15T04:57:33+00:00,217,536694,M.França,8,31,Crystal Palace,Midfielder,4.9,0.0,-0.1,u,Has joined Alverca on loan for the rest of the season,2026-09-11T14:42:19.322912Z,0,0,0.0,0.0,0.0,0.0,0,368,1007,2975,,,
2026-09-15T04:57:33+00:00,218,438464,Doucouré,8,31,Crystal Palace,Midfielder,4.9,0.0,-0.1,a,,,,,0.1,0.0,0.0,0.0,120,400,1822,3717,,,
2026-09-15T04:57:33+00:00,219,450542,J.Rak-Sakyi,8,31,Crystal Palace,Midfielder,4.9,0.0,-0.1,u,has joined  Kasimpasa on loan for the rest of the seaon.,2026-09-10T09:12:47.224598Z,0,0,0.0,0.0,0.0,0.0,0,66,145,407,,,
2026-09-15T04:57:33+00:00,220,590014,Cardines,8,31,Crystal Palace,Defender,4.5,0.0,0.0,u,Has joined Bristol City on loan for the rest of the season,2026-08-12T14:08:46.501813Z,0,0,0.0,0.0,0.0,0.0,0,5,0,122,,,
2026-09-15T04:57:33+00:00,221,672492,Drakes-Thomas,8,31,Crystal Palace,Midfielder,4.5,0.0,0.0,a,,,,,0.1,0.0,0.0,0.0,157,443,2345,3698,,,
2026-09-15T04:57:33+00:00,222,247412,Strand Larsen,8,31,Crystal Palace,Forward,6.0,0.0,0.0,a,,,,,0.6,3.0,3.0,3.0,6867,3287,36901,29203,,,
2026-09-15T04:57:33+00:00,223,231747,Mateta,8,31,Crystal Palace,Forward,6.3,-0.1,-0.2,i,Hamstring injury - Expected back 11 Oct,2026-08-28T21:00:08.020382Z,0,0,1.5,0.5,0.0,0.0,88,13262,25609,429215,1,,
2026-09-15T04:57:33+00:00,224,205533,Nketiah,8,31,Crystal Palace,Forward,5.5,0.0,0.0,d,Unspecified injury - 75% chance of playing,2026-09-12T14:00:09.427136Z,,75,0.6,1.8,1.8,1.4,211,10810,45166,34478,,,
2026-09-15T04:57:33+00:00,225,660392,Uche,8,31,Crystal Palace,Forward,5.0,0.0,0.0,u,has returned to Getafe CF,2026-07-23T12:18:56.275922Z,0,0,0.0,0.0,0.0,0.0,0,0,0,0,,,
2026-09-15T04:57:33+00:00,241,433154,McNeil,8,31,Crystal Palace,Midfielder,5.4,0.0,-0.1,a,,,,,0.1,0.8,0.8,0.8,72,685,1594,6855,,,
2026-09-15T04:57:33+00:00,555,169593,Matthews,8,31,Crystal Palace,Goalkeeper,4.0,0.0,0.0,a,,,,,1.7,0.0,0.0,0.0,1410,2637,20133,25284,,,
2026-09-15T04:57:33+00:00,577,223723,Tomiyasu,8,31,Crystal Palace,Defender,4.5,0.0,0.0,a,,,,,0.3,0.5,0.5,0.5,171,1282,3003,10578,,,
2026-09-15T04:57:33+00:00,588,570794,Khalaili,8,31,Crystal Palace,Defender,5.0,0.0,0.0,a,,,,,0.3,3.2,3.2,3.2,3272,1537,30151,9260,,,
2026-09-15T04:57:33+00:00,595,559152,Gozo,8,31,Crystal Palace,Midfielder,5.0,0.0,0.0,a,,,,,0.0,0.5,0.5,0.5,42,88,411,683,,,
2026-09-15T04:57:33+00:00,633,605972,Ahanor,8,31,Crystal Palace,Defender,4.5,0.0,0.0,a,,,,,0.0,1.5,1.5,1.5,379,81,1444,293,,,
2026-09-15T04:57:33+00:00,643,172850,Chilwell,8,31,Crystal Palace,Defender,4.5,0.0,0.0,a,,,,,0.5,4.0,4.0,4.0,1843,3995,41128,9748,,,
2026-09-15T04:57:33+00:00,644,450063,Timber,8,31,Crystal Palace,Midfielder,5.0,0.0,0.0,a,,,,,0.0,3.0,3.0,3.0,722,231,3135,795,,,
2026-09-15T04:57:33+00:00,647,533646,Osorio,8,31,Crystal Palace,Midfielder,5.5,0.0,0.0,a,,,,,0.0,0.5,0.5,0.5,39,78,878,243,,,
2026-09-15T04:57:33+00:00,21,128295,Nørgaard,9,11,Everton,Midfielder,4.9,0.0,-0.1,i,Groin injury - Unknown return date,2026-08-15T20:00:06.779594Z,0,0,0.0,0.0,0.0,0.0,20,353,414,6672,,,
2026-09-15T04:57:33+00:00,209,242898,Johnson,9,11,Everton,Midfielder,5.9,0.0,-0.1,a,,,,,0.1,1.5,1.5,1.5,730,607,3317,8861,,,
2026-09-15T04:57:33+00:00,226,111234,Pickford,9,11,Everton,Goalkeeper,5.5,0.0,0.0,a,,,,,8.8,4.2,4.2,4.2,28270,17877,218058,196970,,,
2026-09-15T04:57:33+00:00,227,229600,Travers,9,11,Everton,Goalkeeper,5.0,0.0,0.0,a,,,,,0.0,0.0,0.0,0.0,252,210,1234,1610,,,
2026-09-15T04:57:33+00:00,228,138001,King,9,11,Everton,Goalkeeper,4.5,0.0,0.0,a,,,,,0.0,0.0,0.0,0.0,94,130,918,1401,,,
2026-09-15T04:57:33+00:00,229,17761,Tarkowski,9,11,Everton,Defender,6.1,0.1,0.1,a,,,,,13.0,7.2,7.2,7.2,142929,16563,560872,230948,,,
2026-09-15T04:57:33+00:00,230,480455,Branthwaite,9,11,Everton,Defender,5.5,0.0,0.0,a,,,,,2.1,4.8,4.8,4.8,18665,5009,88741,56281,,,
2026-09-15T04:57:33+00:00,231,106611,Keane,9,11,Everton,Defender,4.8,-0.1,-0.2,a,,,,,0.8,0.0,0.0,0.0,809,5720,7631,80310,,,
2026-09-15T04:57:33+00:00,232,512462,O'Brien,9,11,Everton,Defender,4.9,0.0,-0.1,a,,,,,0.3,0.2,0.2,0.2,444,1219,3442,21917,,,
2026-09-15T04:57:33+00:00,233,224967,Mykolenko,9,11,Everton,Defender,4.5,0.0,0.0,a,,,,,2.9,5.5,5.5,5.5,88026,7022,220612,79353,,,
2026-09-15T04:57:33+00:00,234,243571,Patterson,9,11,Everton,Defender,4.5,0.0,0.0,u,Has joined Torino permanently,2026-09-02T16:05:23.326971Z,0,0,0.0,0.0,0.0,0.0,0,167,371,2159,,,
2026-09-15T04:57:33+00:00,235,499300,Aznou,9,11,Everton,Defender,4.0,0.0,0.0,u,Has joined Malaga on loan for the rest of the season,2026-09-01T13:23:16.934847Z,0,0,0.1,0.0,0.0,0.0,0,823,1728,9770,,,
2026-09-15T04:57:33+00:00,236,215413,Dewsbury-Hall,9,11,Everton,Midfielder,6.5,0.0,0.0,a,,,,,5.0,4.2,4.2,4.2,53595,24948,388243,244752,,,
2026-09-15T04:57:33+00:00,238,114283,Grealish,9,11,Everton,Midfielder,6.5,0.0,0.0,a,,2026-07-29T10:00:10.492904Z,100,100,0.4,0.8,0.8,0.8,3866,2777,30597,17023,,,
2026-09-15T04:57:33+00:00,239,232928,Garner,9,11,Everton,Midfielder,6.0,0.0,0.0,a,,2026-09-06T18:00:08.301702Z,100,100,0.2,2.0,2.0,2.0,3581,1053,10781,9729,2,,
2026-09-15T04:57:33+00:00,242,550615,George,9,11,Everton,Midfielder,5.5,0.0,0.0,a,,,,,0.8,4.5,4.5,4.5,18283,3985,72388,24692,,,
2026-09-15T04:57:33+00:00,243,502697,Alcaraz,9,11,Everton,Midfielder,4.9,0.0,-0.1,a,,,,,0.1,0.2,0.2,0.2,199,464,2361,4866,,,
2026-09-15T04:57:33+00:00,244,609873,Armstrong,9,11,Everton,Midfielder,5.0,0.0,0.0,a,,,,,0.4,3.5,3.5,3.5,3709,2840,50819,23336,,,
2026-09-15T04:57:33+00:00,245,496661,Dibling,9,11,Everton,Midfielder,5.4,0.0,-0.1,a,,,,,0.0,0.0,0.0,0.0,82,171,849,2295,,,
2026-09-15T04:57:33+00:00,246,513466,Röhl,9,11,Everton,Midfielder,4.9,-0.1,-0.1,a,,,,,0.0,1.5,1.5,1.5,167,444,1837,3288,,,
2026-09-15T04:57:33+00:00,247,244860,Hackney,9,11,Everton,Midfielder,5.5,0.0,0.0,a,,2026-08-26T22:00:07.797766Z,100,100,0.2,2.2,2.2,2.2,306,919,3131,9797,,,
2026-09-15T04:57:33+00:00,248,486385,Beto,9,11,Everton,Forward,5.4,0.0,-0.1,u,Has joined Fiorentina permanently,2026-09-02T16:05:23.357221Z,0,0,0.8,0.5,0.0,0.0,0,11845,16222,198851,,,
2026-09-15T04:57:33+00:00,249,586309,Barry,9,11,Everton,Forward,5.6,0.0,0.1,a,,,,,6.5,3.5,3.5,3.5,59519,33095,679463,266941,1,,
2026-09-15T04:57:33+00:00,649,154043,Maitland-Niles,9,11,Everton,Defender,4.5,0.0,0.0,a,,,,,0.6,6.5,6.5,6.5,23780,2344,42744,6174,,,
2026-09-15T04:57:33+00:00,654,629068,Graham,9,11,Everton,Midfielder,4.5,0.0,0.0,a,,,,,0.1,0.0,0.0,0.0,1089,1111,10550,3172,,,
2026-09-15T04:57:33+00:00,250,80201,Leno,10,54,Fulham,Goalkeeper,4.5,0.0,0.0,a,,,,,3.0,3.8,3.8,3.8,15614,6301,89138,79931,,,
2026-09-15T04:57:33+00:00,251,86873,Lecomte,10,54,Fulham,Goalkeeper,4.0,0.0,0.0,a,,,,,1.1,0.0,0.0,0.0,1549,1676,20642,20825,,,
2026-09-15T04:57:33+00:00,252,505079,McNally,10,54,Fulham,Goalkeeper,4.0,0.0,0.0,u,Has joined York City on loan for the rest of the season,2026-09-01T13:25:11.231240Z,0,0,0.1,0.0,0.0,0.0,0,437,2589,5525,,,
2026-09-15T04:57:33+00:00,253,174874,Andersen,10,54,Fulham,Defender,5.0,0.0,0.0,a,,2026-07-23T12:01:23.516350Z,100,100,0.1,0.5,0.5,0.5,796,881,10839,6914,,,
2026-09-15T04:57:33+00:00,254,169528,Robinson,10,54,Fulham,Defender,4.5,0.0,0.0,a,,,,,1.4,2.5,2.5,2.5,4608,4383,35524,57079,2,,
2026-09-15T04:57:33+00:00,255,246301,J.Cuenca,10,54,Fulham,Defender,4.5,0.0,0.0,a,,,,,0.0,0.8,0.8,0.8,40,150,1431,1711,,,
2026-09-15T04:57:33+00:00,256,167074,Tete,10,54,Fulham,Defender,4.4,0.0,-0.1,a,,,,,0.2,0.0,0.0,0.0,174,717,1179,8089,,,
2026-09-15T04:57:33+00:00,257,232892,Bassey,10,54,Fulham,Defender,4.5,0.0,0.0,a,,,,,0.7,2.2,2.2,2.2,1770,1560,19126,25793,,,
2026-09-15T04:57:33+00:00,258,166477,Castagne,10,54,Fulham,Defender,4.5,0.0,0.0,a,,,,,0.8,4.8,4.8,4.8,6226,2765,68739,33880,,,
2026-09-15T04:57:33+00:00,261,153133,Iwobi,10,54,Fulham,Midfielder,5.4,0.0,-0.1,a,,,,,0.7,2.2,2.2,2.2,1318,4250,17163,47032,3,,
2026-09-15T04:57:33+00:00,262,209289,Smith Rowe,10,54,Fulham,Midfielder,5.4,0.0,-0.1,a,,,,,0.3,0.8,0.8,0.8,253,1599,3869,17767,,,
2026-09-15T04:57:33+00:00,263,560552,Kevin,10,54,Fulham,Midfielder,5.3,-0.1,-0.2,a,,,,,0.0,0.8,0.8,0.8,284,313,1492,3579,,,
2026-09-15T04:57:33+00:00,264,477555,Bobb,10,54,Fulham,Midfielder,5.5,0.0,0.0,a,,,,,0.3,2.5,2.5,2.5,948,1769,12209,16999,,,
2026-09-15T04:57:33+00:00,265,207189,Berge,10,54,Fulham,Midfielder,4.9,0.0,-0.1,a,,,,,0.3,2.0,2.0,2.0,830,1341,4918,14901,,,
2026-09-15T04:57:33+00:00,266,76357,Cairney,10,54,Fulham,Midfielder,5.0,0.0,0.0,i,Knee injury - Expected back 10 Oct,2026-08-14T18:00:06.460944Z,0,0,0.0,0.0,0.0,0.0,7,21,93,271,,,
2026-09-15T04:57:33+00:00,268,577725,King,10,54,Fulham,Midfielder,5.5,0.0,0.0,a,,,,,1.4,5.5,5.5,5.5,32953,8960,172367,61078,,,
2026-09-15T04:57:33+00:00,269,184349,Sessegnon,10,54,Fulham,Defender,4.4,0.0,-0.1,d,Groin injury - 75% chance of playing,2026-09-14T11:30:07.403957Z,,75,0.3,0.8,0.8,0.6,200,1868,2415,14276,,,
2026-09-15T04:57:33+00:00,270,153366,Reed,10,54,Fulham,Midfielder,4.4,-0.1,-0.1,a,,,,,1.2,0.0,0.0,0.0,7790,6905,25067,56485,,,
2026-09-15T04:57:33+00:00,271,244042,Muniz,10,54,Fulham,Forward,5.4,0.0,-0.1,a,,,,,0.4,0.8,0.8,0.8,1394,2555,12239,28669,,,
2026-09-15T04:57:33+00:00,272,631786,Kusi-Asare,10,54,Fulham,Forward,4.5,0.0,0.0,a,,,,,5.9,0.0,0.0,0.0,12057,25364,131342,222325,,,
2026-09-15T04:57:33+00:00,569,551466,Gonzalo,10,54,Fulham,Forward,6.0,0.0,0.0,a,,,,,3.7,3.0,3.0,3.0,11053,32444,330491,237661,1,,
2026-09-15T04:57:33+00:00,570,571779,Palacios,10,54,Fulham,Midfielder,5.4,-0.1,-0.1,a,,,,,0.2,2.8,2.8,2.8,201,1131,3572,8403,,,
2026-09-15T04:57:33+00:00,580,463210,Charles,10,54,Fulham,Midfielder,5.0,0.0,0.0,a,,,,,0.1,2.2,2.2,2.2,317,269,1305,3252,,,
2026-09-15T04:57:33+00:00,610,547686,De Fougerolles,10,54,Fulham,Defender,4.0,0.0,0.0,u,has joined  Real Salt Lake on loan for the rest of the seaon.,2026-08-28T11:30:08.336405Z,0,0,0.1,0.0,0.0,0.0,0,623,5787,4201,,,
2026-09-15T04:57:33+00:00,626,616069,Zepa,10,54,Fulham,Midfielder,4.5,0.0,0.0,a,,,,,0.3,0.0,0.0,0.0,800,2421,33971,13778,,,
2026-09-15T04:57:33+00:00,635,551050,Larsson,10,54,Fulham,Midfielder,5.0,0.0,0.0,a,,,,,0.0,1.0,1.0,1.0,81,50,635,158,,,
2026-09-15T04:57:33+00:00,636,500033,Ángel,10,54,Fulham,Midfielder,5.0,0.0,0.0,a,,,,,0.0,0.0,0.0,0.0,36,31,289,99,,,
2026-09-15T04:57:33+00:00,650,442299,Affengruber,10,54,Fulham,Defender,4.5,0.0,0.0,a,,,,,0.0,4.0,4.0,4.0,1119,187,1597,316,,,
2026-09-15T04:57:33+00:00,240,490094,Iroegbunam,11,88,Hull City,Midfielder,5.0,0.0,0.0,a,,2026-08-15T20:00:06.878792Z,100,100,0.0,0.2,0.2,0.2,217,126,881,867,,,
2026-09-15T04:57:33+00:00,273,167825,Phillips,11,88,Hull City,Goalkeeper,4.0,0.0,0.0,a,,,,,1.4,0.0,0.0,0.0,2114,2944,23143,31091,,,
2026-09-15T04:57:33+00:00,274,105666,Butland,11,88,Hull City,Goalkeeper,4.5,0.0,0.0,i,Arm injury - Unknown return date,2026-08-08T19:00:05.601633Z,0,0,0.1,0.0,0.0,0.0,40,303,500,4347,,,
2026-09-15T04:57:33+00:00,275,494950,Cartwright,11,88,Hull City,Goalkeeper,4.0,0.0,0.0,u,Has joined Grimsby Town on loan for the rest of the season,2026-07-29T13:00:27.959925Z,0,0,0.0,0.0,0.0,0.0,0,25,0,286,,,
2026-09-15T04:57:33+00:00,276,444307,Lo-Tutala,11,88,Hull City,Goalkeeper,4.0,0.0,0.0,u,Has joined Colchester United on loan for the rest of the season,2026-08-17T13:50:27.125537Z,0,0,0.0,0.0,0.0,0.0,0,70,0,929,,,
2026-09-15T04:57:33+00:00,277,108416,Egan,11,88,Hull City,Defender,4.1,0.0,0.1,a,,,,,6.7,6.2,6.2,6.2,50448,17313,652826,159737,,,
2026-09-15T04:57:33+00:00,278,501902,Hughes,11,88,Hull City,Defender,3.9,-0.1,-0.1,i,Groin injury - Unknown return date,2026-08-02T09:00:11.030017Z,0,0,0.2,0.0,0.0,0.0,9386,2204,9797,7534,,,
2026-09-15T04:57:33+00:00,279,146426,Ajayi,11,88,Hull City,Defender,4.2,0.0,0.2,a,,2026-08-22T17:30:07.668197Z,100,100,13.6,6.5,6.5,6.5,131135,35878,1192454,199263,,,
2026-09-15T04:57:33+00:00,280,193278,Coyle,11,88,Hull City,Defender,4.0,0.0,0.0,a,,2026-08-29T16:30:08.151841Z,100,100,0.6,3.2,3.2,3.2,5552,1708,19195,21103,,,
2026-09-15T04:57:33+00:00,281,433590,Drameh,11,88,Hull City,Defender,4.0,0.0,0.0,u,Has joined Genoa permanently,2026-09-02T16:09:06.479140Z,0,0,0.0,0.5,0.0,0.0,0,347,2118,3936,,,
2026-09-15T04:57:33+00:00,282,232351,Giles,11,88,Hull City,Defender,4.0,0.0,0.0,a,,,,,2.3,6.0,6.0,6.0,67983,7810,183599,37266,,,
2026-09-15T04:57:33+00:00,283,449428,Jacob,11,88,Hull City,Defender,4.0,0.0,0.0,u,Has joined Newport County on loan until January,2026-08-02T09:00:11.038361Z,0,0,0.0,0.0,0.0,0.0,0,50,114,613,,,
2026-09-15T04:57:33+00:00,284,661800,McCarthy,11,88,Hull City,Defender,4.0,0.0,0.0,a,,,,,0.1,0.0,0.0,0.0,628,419,3796,3630,,,
2026-09-15T04:57:33+00:00,285,160817,McNair,11,88,Hull City,Defender,4.0,0.0,0.0,a,,2026-09-09T13:30:08.327907Z,100,100,0.1,0.2,0.2,0.2,311,404,2539,3796,,,
2026-09-15T04:57:33+00:00,286,540324,Belloumi,11,88,Hull City,Midfielder,5.0,0.0,0.0,a,,,,,2.8,6.8,6.8,6.8,175137,10284,242155,36412,,,
2026-09-15T04:57:33+00:00,287,232905,Millar,11,88,Hull City,Midfielder,5.0,0.0,0.0,u,Has joined Birmingham on loan for the rest of the season,2026-09-02T15:36:41.038103Z,0,0,0.0,1.5,0.0,0.0,0,542,3178,6754,,,
2026-09-15T04:57:33+00:00,288,171270,Dowell,11,88,Hull City,Midfielder,4.5,0.0,0.0,a,,,,,0.3,0.0,0.0,0.0,720,2018,10924,17127,,,
2026-09-15T04:57:33+00:00,289,101282,Crooks,11,88,Hull City,Midfielder,4.5,0.0,0.0,a,,2026-08-29T15:00:08.569326Z,100,100,0.5,0.8,0.8,0.8,2067,2479,17350,32402,,,
2026-09-15T04:57:33+00:00,290,243413,Slater,11,88,Hull City,Midfielder,4.5,0.0,0.0,a,,,,,5.6,3.2,3.2,3.2,30971,25305,451218,202732,,,
2026-09-15T04:57:33+00:00,291,465525,Matazo,11,88,Hull City,Midfielder,4.5,0.0,0.0,i,Knee injury - Unknown return date,2026-07-23T12:01:23.532635Z,0,0,0.0,0.0,0.0,0.0,22,34,306,382,,,
2026-09-15T04:57:33+00:00,292,208481,Ömür,11,88,Hull City,Midfielder,4.9,0.0,-0.1,a,,,,,0.0,0.0,0.0,0.0,157,157,987,1326,,,
2026-09-15T04:57:33+00:00,293,490161,Kamara,11,88,Hull City,Midfielder,5.0,0.0,0.0,u,Has joined Portsmouth permanently,2026-08-12T14:08:23.542043Z,0,0,0.0,0.0,0.0,0.0,0,17,0,357,,,
2026-09-15T04:57:33+00:00,294,553783,Zambrano,11,88,Hull City,Midfielder,4.5,0.0,0.0,a,,2026-08-04T18:30:11.016909Z,100,100,0.1,0.0,0.0,0.0,726,531,3241,5709,,,
2026-09-15T04:57:33+00:00,295,169432,McBurnie,11,88,Hull City,Forward,5.5,0.0,0.0,a,,,,,1.9,3.0,3.0,3.0,15535,11070,161023,117742,1,,
2026-09-15T04:57:33+00:00,296,213292,Akintola,11,88,Hull City,Midfielder,5.0,0.0,0.0,u,Has joined Omonoia FC permanently,2026-09-11T14:42:38.120231Z,0,0,0.0,0.0,0.0,0.0,0,741,2704,4141,,,
2026-09-15T04:57:33+00:00,297,470294,Gyabi,11,88,Hull City,Midfielder,4.5,0.0,0.0,i,Thigh injury - Unknown return date,2026-08-04T18:30:11.027155Z,0,0,0.0,0.0,0.0,0.0,24,98,352,1349,,,
2026-09-15T04:57:33+00:00,298,500957,Destan,11,88,Hull City,Forward,4.5,0.0,0.0,u,Has joined Konyaspor permanently,2026-08-17T13:50:27.145733Z,0,0,0.2,0.0,0.0,0.0,0,1289,0,19481,,,
2026-09-15T04:57:33+00:00,299,534392,Burstow,11,88,Hull City,Forward,4.5,0.0,0.0,u,Has joined Sheffield Wednesday on loan for the rest of the season,2026-08-03T14:05:20.234842Z,0,0,0.0,0.0,0.0,0.0,0,194,0,2679,,,
2026-09-15T04:57:33+00:00,340,462635,Gelhardt,11,88,Hull City,Midfielder,5.0,0.0,0.0,a,,2026-08-17T21:30:07.799839Z,100,100,0.0,0.0,0.0,0.0,140,113,469,787,,,
2026-09-15T04:57:33+00:00,556,169359,Targett,11,88,Hull City,Defender,4.0,0.0,0.0,a,,,,,1.9,0.2,0.2,0.2,2443,7577,23493,65376,,,
2026-09-15T04:57:33+00:00,563,445028,Morita,11,88,Hull City,Midfielder,5.0,0.0,0.0,i,Calf injury - Expected back 11 Oct,2026-09-09T14:00:08.474217Z,0,0,0.0,0.2,0.0,0.0,8,242,688,1397,,,
2026-09-15T04:57:33+00:00,572,473284,Tzolakis,11,88,Hull City,Goalkeeper,4.6,0.0,0.1,a,,,,,10.7,7.0,7.0,7.0,75712,24113,784322,165149,,,
2026-09-15T04:57:33+00:00,574,552946,Hjertø-Dahl,11,88,Hull City,Midfielder,4.9,0.0,-0.1,a,,,,,0.1,0.2,0.2,0.2,126,366,1198,3660,,,
2026-09-15T04:57:33+00:00,576,608227,Stroud,11,88,Hull City,Midfielder,5.0,0.0,0.0,a,,,,,0.1,1.8,1.8,1.8,254,378,3075,3692,,,
2026-09-15T04:57:33+00:00,585,597462,Herrington,11,88,Hull City,Defender,4.0,0.0,0.0,a,,,,,0.6,1.0,1.0,1.0,1723,1545,10064,14838,,,
2026-09-15T04:57:33+00:00,586,606930,Mendy,11,88,Hull City,Defender,4.1,0.0,0.1,d,Concussion - 50% chance of playing,2026-09-12T18:00:09.334142Z,100,50,7.5,6.2,6.2,3.1,11434,67627,674304,226313,,,
2026-09-15T04:57:33+00:00,589,469266,Gourna-Douath,11,88,Hull City,Midfielder,5.0,0.0,0.0,a,,,,,0.0,0.8,0.8,0.8,73,119,593,1062,,,
2026-09-15T04:57:33+00:00,617,490884,Cho,11,88,Hull City,Midfielder,5.0,0.0,0.0,a,,,,,0.0,1.0,1.0,1.0,165,113,1200,496,,,
2026-09-15T04:57:33+00:00,632,626751,Ansah,11,88,Hull City,Forward,5.0,0.0,0.0,i,Back injury - Unknown return date,2026-09-09T10:00:08.919489Z,0,0,0.0,0.0,0.0,0.0,62,708,4958,2470,,,
2026-09-15T04:57:33+00:00,637,631000,Vaz,11,88,Hull City,Forward,5.0,0.0,0.0,a,,,,,0.1,0.5,0.5,0.5,2524,627,7443,1730,,,
2026-09-15T04:57:33+00:00,638,496181,Norton-Cuffy,11,88,Hull City,Defender,4.0,0.0,0.0,a,,,,,0.3,0.5,0.5,0.5,2827,1671,23429,5920,,,
2026-09-15T04:57:33+00:00,642,243951,Thomas,11,88,Hull City,Midfielder,5.5,0.0,0.0,a,,,,,0.0,1.0,1.0,1.0,578,212,1907,547,,,
2026-09-15T04:57:33+00:00,645,647839,Mouzakitis,11,88,Hull City,Midfielder,5.0,0.0,0.0,a,,,,,0.0,0.0,0.0,0.0,104,47,584,161,,,
2026-09-15T04:57:33+00:00,259,219924,Diop,12,40,Ipswich Town,Defender,4.0,0.0,0.0,a,,,,,13.9,2.0,2.0,2.0,9173,46094,118536,385770,,,
2026-09-15T04:57:33+00:00,267,212314,Lukić,12,40,Ipswich Town,Midfielder,5.0,0.0,0.0,a,,,,,0.1,2.2,2.2,2.2,115,544,2874,5112,,,
2026-09-15T04:57:33+00:00,300,108813,Walton,12,40,Ipswich Town,Goalkeeper,4.4,0.0,-0.1,a,,,,,0.4,0.0,0.0,0.0,399,937,1321,12744,,,
2026-09-15T04:57:33+00:00,301,112520,Palmer,12,40,Ipswich Town,Goalkeeper,4.0,0.0,0.0,a,,,,,4.1,0.0,0.0,0.0,3948,8616,65361,89715,,,
2026-09-15T04:57:33+00:00,302,50093,Button,12,40,Ipswich Town,Goalkeeper,4.0,0.0,0.0,a,,,,,0.6,0.0,0.0,0.0,1108,939,28167,12451,,,
2026-09-15T04:57:33+00:00,303,183015,Kipré,12,40,Ipswich Town,Defender,3.9,-0.1,-0.1,a,,,,,0.6,0.0,0.0,0.0,11337,2429,12890,16930,,,
2026-09-15T04:57:33+00:00,304,216616,O'Shea,12,40,Ipswich Town,Defender,4.0,0.0,0.0,a,,,,,2.9,2.0,2.0,2.0,2790,7991,58787,99719,,,
2026-09-15T04:57:33+00:00,305,455084,Davis,12,40,Ipswich Town,Defender,4.0,0.0,0.0,a,,,,,6.0,5.8,5.8,5.8,98858,10759,214684,132532,,,
2026-09-15T04:57:33+00:00,306,449429,Greaves,12,40,Ipswich Town,Defender,4.0,0.0,0.0,a,,,,,1.2,0.8,0.8,0.8,618,2702,6928,29748,,,
2026-09-15T04:57:33+00:00,307,222018,Johnson,12,40,Ipswich Town,Defender,4.0,0.0,0.0,u,Has joined Stoke City on loan for the rest of the season,2026-09-04T12:36:56.236331Z,0,0,0.1,0.0,0.0,0.0,0,555,1137,5325,,,
2026-09-15T04:57:33+00:00,308,176420,Furlong,12,40,Ipswich Town,Defender,4.0,0.0,0.0,a,,,,,0.5,0.2,0.2,0.2,154,1304,1466,13984,,,
2026-09-15T04:57:33+00:00,309,501390,Núñez,12,40,Ipswich Town,Midfielder,4.9,-0.1,-0.1,a,,,,,0.1,1.5,1.5,1.5,118,857,2798,6097,,,
2026-09-15T04:57:33+00:00,310,241117,Matusiwa,12,40,Ipswich Town,Midfielder,4.9,0.0,-0.1,a,,2026-07-29T18:00:10.305484Z,100,100,0.0,0.0,0.0,0.0,25,16,85,241,,,
2026-09-15T04:57:33+00:00,311,149929,Burns,12,40,Ipswich Town,Midfielder,5.0,0.0,0.0,u,Has joined Leicester City permanently,2026-08-10T14:02:47.597478Z,0,0,0.0,0.0,0.0,0.0,0,11,0,329,,,
2026-09-15T04:57:33+00:00,312,231899,Taylor,12,40,Ipswich Town,Midfielder,4.5,0.0,0.0,i,Knee injury - Unknown return date,2026-07-29T18:00:10.319370Z,0,0,0.0,0.0,0.0,0.0,34,179,511,2211,,,
2026-09-15T04:57:33+00:00,313,443261,Clarke,12,40,Ipswich Town,Midfielder,5.4,0.0,-0.1,a,,,,,0.2,2.2,2.2,2.2,189,1300,5026,13191,1,,
2026-09-15T04:57:33+00:00,314,229164,Ogbene,12,40,Ipswich Town,Midfielder,4.9,0.0,-0.1,u,Has joined Lincoln City on loan until January,2026-09-02T16:04:17.497385Z,0,0,0.0,0.0,0.0,0.0,0,77,104,1064,,,
2026-09-15T04:57:33+00:00,315,531442,Fatawu,12,40,Ipswich Town,Midfielder,5.5,0.0,0.0,a,,,,,0.2,2.2,2.2,2.2,266,1197,4932,9374,,,
2026-09-15T04:57:33+00:00,316,543968,Emersonn,12,40,Ipswich Town,Forward,5.5,0.0,0.0,a,,2026-08-31T09:30:08.306145Z,100,100,2.5,6.0,6.0,6.0,76540,9539,200178,101946,2,,
2026-09-15T04:57:33+00:00,317,222625,Hirst,12,40,Ipswich Town,Forward,5.0,0.0,0.0,u,Has joined Stoke City permanently,2026-08-21T13:06:08.606019Z,0,0,0.1,0.0,0.0,0.0,0,541,0,15773,,,
2026-09-15T04:57:33+00:00,318,481624,Philogene,12,40,Ipswich Town,Midfielder,5.4,0.0,-0.1,a,,2026-08-25T11:30:07.532993Z,100,100,0.1,0.2,0.2,0.2,40,163,225,8882,3,,
2026-09-15T04:57:33+00:00,319,172453,Szmodics,12,40,Ipswich Town,Midfielder,5.0,0.0,0.0,u,Has joined Derby County on loan for the rest of the season,2026-08-17T13:51:41.713979Z,0,0,0.0,0.0,0.0,0.0,0,24,0,711,,,
2026-09-15T04:57:33+00:00,320,147675,Akpom,12,40,Ipswich Town,Forward,5.0,0.0,0.0,a,,,,,1.2,1.5,1.5,1.5,10021,9451,113771,52275,,,
2026-09-15T04:57:33+00:00,321,557012,Walle Egeli,12,40,Ipswich Town,Forward,4.5,0.0,0.0,a,,,,,3.6,0.2,0.2,0.2,26316,18274,276814,153375,,,
2026-09-15T04:57:33+00:00,322,462387,Al-Hamadi,12,40,Ipswich Town,Forward,5.0,0.0,0.0,u,Has joined Sheffield Wednesday on loan for the rest of the season,2026-08-27T14:54:10.215357Z,0,0,0.1,0.0,0.0,0.0,0,418,755,8975,,,
2026-09-15T04:57:33+00:00,323,461587,McAteer,12,40,Ipswich Town,Midfielder,4.5,0.0,0.0,a,,,,,1.1,0.8,0.8,0.8,1156,6010,25517,47832,,,
2026-09-15T04:57:33+00:00,324,232457,Mehmeti,12,40,Ipswich Town,Midfielder,4.9,0.0,-0.1,a,,,,,0.0,0.0,0.0,0.0,18,148,264,2137,,,
2026-09-15T04:57:33+00:00,554,546600,Van Oevelen,12,40,Ipswich Town,Goalkeeper,4.5,0.0,0.0,u,Has joined Valencia on loan for the rest of the season,2026-08-25T14:04:09.529320Z,0,0,0.0,0.0,0.0,0.0,0,118,54,1755,,,
2026-09-15T04:57:33+00:00,562,442967,Maeda,12,40,Ipswich Town,Midfielder,5.4,0.0,-0.1,a,,,,,0.3,1.8,1.8,1.8,105,1787,2609,16186,,,
2026-09-15T04:57:33+00:00,564,240514,Scherpen,12,40,Ipswich Town,Goalkeeper,4.5,0.0,0.0,a,,,,,0.6,1.8,1.8,1.8,943,1465,12607,17804,,,
2026-09-15T04:57:33+00:00,571,216055,Florentino,12,40,Ipswich Town,Midfielder,4.9,0.0,-0.1,a,,2026-08-25T11:30:07.678802Z,100,100,0.1,0.2,0.2,0.2,74,295,838,6086,,,
2026-09-15T04:57:33+00:00,591,474120,Enciso,12,40,Ipswich Town,Midfielder,5.5,0.0,0.0,a,,2026-08-22T18:00:07.551930Z,100,100,0.9,3.2,3.2,3.2,3555,6345,85654,37166,,,
2026-09-15T04:57:33+00:00,592,572584,Ouattara,12,40,Ipswich Town,Defender,4.0,0.0,0.0,a,,,,,0.9,1.0,1.0,1.0,1294,2274,11510,20932,,,
2026-09-15T04:57:33+00:00,602,524180,Humphreys,12,40,Ipswich Town,Midfielder,4.5,0.0,0.0,u,Has joined Huddersfield Town on loan for the rest of the season,2026-09-02T16:04:17.524642Z,0,0,0.0,0.0,0.0,0.0,0,273,2861,2778,,,
2026-09-15T04:57:33+00:00,619,218543,Palacios,12,40,Ipswich Town,Midfielder,5.0,0.0,0.0,a,,,,,0.0,3.0,3.0,3.0,693,340,4425,1601,,,
2026-09-15T04:57:33+00:00,640,431639,Flemming,12,40,Ipswich Town,Forward,5.5,0.0,0.0,a,,,,,0.1,3.0,3.0,3.0,1985,447,6270,1369,,,
2026-09-15T04:57:33+00:00,260,153682,Wilson,13,2,Leeds,Midfielder,6.3,0.0,-0.2,a,,,,,2.5,1.2,1.2,1.2,1357,25188,26871,363343,,,
2026-09-15T04:57:33+00:00,326,201595,Perri,13,2,Leeds,Goalkeeper,4.5,0.0,0.0,u,Has joined Torino on loan for the rest of the season,2026-09-01T13:12:39.210133Z,0,0,0.3,0.0,0.0,0.0,0,1601,532,23342,,,
2026-09-15T04:57:33+00:00,327,434752,Bijol,13,2,Leeds,Defender,5.0,0.0,0.0,a,,,,,0.8,3.0,3.0,3.0,1440,5173,65938,45723,,,
2026-09-15T04:57:33+00:00,329,214225,Rodon,13,2,Leeds,Defender,4.4,0.0,-0.1,i,Hamstring injury - Expected back 21 Nov,2026-08-30T16:00:08.564382Z,0,0,1.1,1.8,0.0,0.0,33,12198,26871,265243,,,
2026-09-15T04:57:33+00:00,330,226182,Bogle,13,2,Leeds,Defender,4.5,0.0,0.0,a,,,,,2.6,9.2,9.2,9.2,53644,6547,186614,39125,,,
2026-09-15T04:57:33+00:00,331,243526,Gudmundsson,13,2,Leeds,Defender,4.5,0.0,0.0,a,,2026-08-08T20:00:07.546568Z,100,100,0.1,2.0,2.0,2.0,484,185,2342,2095,,,
2026-09-15T04:57:33+00:00,332,220627,Justin,13,2,Leeds,Defender,4.5,0.0,0.0,a,,,,,1.5,4.5,4.5,4.5,3485,4717,110403,57662,,,
2026-09-15T04:57:33+00:00,333,437738,Bornauw,13,2,Leeds,Defender,4.5,0.0,0.0,u,Has joined Hamburg SV on loan for the rest of the season,2026-08-19T13:56:14.645970Z,0,0,0.0,0.0,0.0,0.0,0,12,0,284,,,
2026-09-15T04:57:33+00:00,334,522047,Muharemović,13,2,Leeds,Defender,5.0,0.0,0.0,a,,,,,3.9,5.2,5.2,5.2,14178,8990,211374,131932,,,
2026-09-15T04:57:33+00:00,335,466525,Stach,13,2,Leeds,Midfielder,6.0,0.0,0.0,a,,,,,2.7,5.5,5.5,5.5,6162,13663,179403,125985,,,
2026-09-15T04:57:33+00:00,336,435997,Okafor,13,2,Leeds,Midfielder,5.8,-0.1,-0.2,a,,,,,0.3,3.8,3.8,3.8,3207,1859,9142,28584,,,
2026-09-15T04:57:33+00:00,337,427637,Aaronson,13,2,Leeds,Midfielder,5.4,0.0,-0.1,a,,,,,0.6,1.5,1.5,1.5,338,3270,6052,39209,,,
2026-09-15T04:57:33+00:00,338,199598,Ampadu,13,2,Leeds,Midfielder,5.4,0.0,-0.1,a,,,,,1.0,4.0,4.0,4.0,1154,4677,11836,50405,,,
2026-09-15T04:57:33+00:00,339,180135,Longstaff,13,2,Leeds,Midfielder,4.9,0.0,-0.1,a,,,,,0.1,0.5,0.5,0.5,189,587,2096,6628,,,
2026-09-15T04:57:33+00:00,341,492859,Gnonto,13,2,Leeds,Midfielder,5.0,0.0,0.0,u,Has joined ACF Fiorentina on loan for the rest of the season,2026-09-02T16:04:47.189648Z,0,0,0.0,0.0,0.0,0.0,0,86,244,1665,,,
2026-09-15T04:57:33+00:00,342,221399,Harrison,13,2,Leeds,Midfielder,5.0,0.0,0.0,u,Has joined New England Revolution permanently,2026-07-28T12:59:09.492431Z,0,0,0.0,0.0,0.0,0.0,0,3,0,67,,,
2026-09-15T04:57:33+00:00,343,200617,James,13,2,Leeds,Midfielder,4.9,-0.1,-0.1,a,,,,,0.1,0.5,0.5,0.5,294,591,3542,6611,,,
2026-09-15T04:57:33+00:00,344,486520,Gruev,13,2,Leeds,Midfielder,5.0,0.0,0.0,d,Knee injury - 25% chance of playing,2026-08-14T23:00:06.272027Z,25,25,0.0,0.0,0.0,0.0,7,17,62,275,,,
2026-09-15T04:57:33+00:00,345,248056,Tanaka,13,2,Leeds,Midfielder,4.9,0.0,-0.1,a,,,,,0.2,3.0,3.0,3.0,2188,1189,12300,13091,,,
2026-09-15T04:57:33+00:00,346,177815,Calvert-Lewin,13,2,Leeds,Forward,6.0,0.0,0.0,a,,,,,22.2,5.0,5.0,5.0,82581,78457,465777,1088425,1,,
2026-09-15T04:57:33+00:00,347,174594,Nmecha,13,2,Leeds,Forward,5.4,0.0,-0.1,a,,,,,0.5,1.5,1.5,1.5,2582,2851,16549,28611,2,,
2026-09-15T04:57:33+00:00,348,235826,Piroe,13,2,Leeds,Forward,5.0,0.0,0.0,u,Has joined West Ham United on loan for the rest of the season,2026-08-19T13:56:14.666726Z,0,0,0.1,0.0,0.0,0.0,0,463,0,10275,3,,
2026-09-15T04:57:33+00:00,349,565297,Mateo Joseph,13,2,Leeds,Forward,4.5,0.0,0.0,i,Knee injury - Unknown return date,2026-07-29T18:00:10.338170Z,0,0,0.1,0.0,0.0,0.0,259,285,2306,3450,,,
2026-09-15T04:57:33+00:00,385,432720,Trafford,13,2,Leeds,Goalkeeper,5.0,0.0,0.0,a,,,,,5.4,4.5,4.5,4.5,10652,14434,220311,127481,,,
2026-09-15T04:57:33+00:00,598,173774,Elvedi,13,2,Leeds,Defender,4.5,0.0,0.0,a,,,,,0.0,1.8,1.8,1.8,295,158,4152,2241,,,
2026-09-15T04:57:33+00:00,603,643970,Lienou,13,2,Leeds,Defender,4.0,0.0,0.0,a,,,,,0.1,0.0,0.0,0.0,577,417,6027,2910,,,
2026-09-15T04:57:33+00:00,604,592740,Cresswell,13,2,Leeds,Midfielder,4.5,0.0,0.0,a,,,,,0.1,0.0,0.0,0.0,667,843,13061,5938,,,
2026-09-15T04:57:33+00:00,625,97846,Cairns,13,2,Leeds,Goalkeeper,4.0,0.0,0.0,a,,,,,0.2,0.0,0.0,0.0,1525,614,17017,4311,,,
2026-09-15T04:57:33+00:00,629,155465,Zetterer,13,2,Leeds,Goalkeeper,4.0,0.0,0.0,a,,,,,0.6,0.0,0.0,0.0,8843,1923,45327,8328,,,
2026-09-15T04:57:33+00:00,641,437497,Bard,13,2,Leeds,Defender,4.5,0.0,0.0,a,,,,,0.0,0.5,0.5,0.5,174,56,673,189,,,
2026-09-15T04:57:33+00:00,648,587982,Bahoya,13,2,Leeds,Midfielder,5.0,0.0,0.0,a,,,,,0.0,0.0,0.0,0.0,164,159,1933,717,,,
2026-09-15T04:57:33+00:00,350,116535,A.Becker,14,14,Liverpool,Goalkeeper,5.5,0.0,0.0,a,,,,,3.9,4.8,4.8,4.8,10418,9590,123667,118632,,,
2026-09-15T04:57:33+00:00,351,449027,Mamardashvili,14,14,Liverpool,Goalkeeper,4.9,0.0,-0.1,a,,,,,0.1,0.0,0.0,0.0,159,718,2332,7451,,,
2026-09-15T04:57:33+00:00,352,155503,Woodman,14,14,Liverpool,Goalkeeper,4.0,0.0,0.0,a,,,,,1.0,0.0,0.0,0.0,1192,2107,16191,22509,,,
2026-09-15T04:57:33+00:00,353,586268,Pecsi,14,14,Liverpool,Goalkeeper,4.0,0.0,0.0,u,Has joined TSV Hartberg on loan for the rest of the season,2026-08-18T14:11:18.638344Z,0,0,0.0,0.0,0.0,0.0,0,50,0,968,,,
2026-09-15T04:57:33+00:00,354,432987,Jaros,14,14,Liverpool,Goalkeeper,4.0,0.0,0.0,i,Knee injury - Unknown return date,2026-07-29T18:00:10.351066Z,0,0,0.0,0.0,0.0,0.0,99,61,1378,986,,,
2026-09-15T04:57:33+00:00,355,464353,Davies,14,14,Liverpool,Goalkeeper,4.0,0.0,0.0,a,,,,,0.2,0.0,0.0,0.0,403,374,3959,3354,,,
2026-09-15T04:57:33+00:00,356,97032,Virgil,14,14,Liverpool,Defender,6.5,0.0,0.0,a,,,,,16.8,4.2,4.2,4.2,17723,34577,239762,515212,,,
2026-09-15T04:57:33+00:00,357,216094,Frimpong,14,14,Liverpool,Defender,5.4,0.0,-0.1,a,,,,,2.0,0.5,0.5,0.5,1308,20115,55651,210695,,,
2026-09-15T04:57:33+00:00,358,544877,Kerkez,14,14,Liverpool,Defender,5.4,0.0,-0.1,a,,,,,2.5,1.8,1.8,1.8,1177,20778,43159,154678,,,
2026-09-15T04:57:33+00:00,359,171287,Gomez,14,14,Liverpool,Defender,4.9,-0.1,-0.1,d,Muscular injury - 75% chance of playing,2026-07-26T08:30:10.078473Z,0,75,0.0,0.0,0.0,0.0,20,72,243,1017,,,
2026-09-15T04:57:33+00:00,360,492777,Bradley,14,14,Liverpool,Defender,5.0,0.0,0.0,i,Knee injury - Unknown return date,2026-07-23T12:01:23.565711Z,0,0,0.0,0.0,0.0,0.0,20,57,280,655,,,
2026-09-15T04:57:33+00:00,361,519440,Lucky,14,14,Liverpool,Defender,4.0,0.0,0.0,a,,,,,0.1,0.0,0.0,0.0,380,553,3240,4595,,,
2026-09-15T04:57:33+00:00,362,606702,Jacquet,14,14,Liverpool,Defender,5.0,0.0,0.0,a,,2026-07-23T12:01:23.581126Z,100,100,3.1,4.5,4.5,4.5,38260,7285,166388,98307,,,
2026-09-15T04:57:33+00:00,363,647681,Leoni,14,14,Liverpool,Defender,4.0,0.0,0.0,i,Knee injury - Unknown return date,2026-07-23T12:01:23.596909Z,0,0,0.0,0.0,0.0,0.0,72,185,747,1779,,,
2026-09-15T04:57:33+00:00,364,214285,Tsimikas,14,14,Liverpool,Defender,4.9,0.0,-0.1,a,,,,,0.1,0.5,0.5,0.5,184,296,1372,3661,,,
2026-09-15T04:57:33+00:00,365,489580,Ramsay,14,14,Liverpool,Defender,4.0,0.0,0.0,u,Has joined St Mirren on loan for the rest of the season,2026-08-26T14:05:26.748768Z,0,0,0.1,0.0,0.0,0.0,0,541,638,11575,,,
2026-09-15T04:57:33+00:00,366,494595,Wirtz,14,14,Liverpool,Midfielder,7.4,0.0,-0.1,a,,,,,7.1,3.0,3.0,3.0,2513,74217,127044,618028,4,,
2026-09-15T04:57:33+00:00,367,243298,Gakpo,14,14,Liverpool,Midfielder,7.2,0.0,0.2,a,,2026-09-09T18:30:08.772955Z,75,100,12.2,7.2,5.4,7.2,58232,86178,1168968,557642,3,,
2026-09-15T04:57:33+00:00,368,424876,Szoboszlai,14,14,Liverpool,Midfielder,7.0,0.0,0.0,a,,,,,36.5,4.5,4.5,4.5,29348,225843,830012,1196480,1,,
2026-09-15T04:57:33+00:00,369,611922,Ngumoha,14,14,Liverpool,Midfielder,5.8,0.0,-0.2,a,,,,,0.5,1.0,1.0,1.0,803,5109,12845,78808,,,
2026-09-15T04:57:33+00:00,370,223541,Chiesa,14,14,Liverpool,Midfielder,5.4,0.0,-0.1,i,Back injury - Unknown return date,2026-08-27T13:30:07.598926Z,0,0,0.0,0.0,0.0,0.0,11,356,660,9532,,,
2026-09-15T04:57:33+00:00,371,441266,Gravenberch,14,14,Liverpool,Midfielder,5.9,0.0,-0.1,a,,,,,1.2,2.0,2.0,2.0,1659,11244,32593,109669,,,
2026-09-15T04:57:33+00:00,372,243016,Mac Allister,14,14,Liverpool,Midfielder,5.4,0.0,-0.1,a,,,,,1.3,1.5,1.5,1.5,3679,9624,33864,80003,5,,
2026-09-15T04:57:33+00:00,373,206915,C.Jones,14,14,Liverpool,Midfielder,5.5,0.0,0.0,u,Has joined Internazionale permanently,2026-08-16T18:30:07.426408Z,0,0,0.0,0.0,0.0,0.0,0,76,34,2506,,,
2026-09-15T04:57:33+00:00,374,158983,Endo,14,14,Liverpool,Midfielder,4.9,0.0,-0.1,a,,2026-07-23T12:01:23.612529Z,100,100,0.1,0.0,0.0,0.0,179,438,1993,3968,,,
2026-09-15T04:57:33+00:00,375,591386,Nyoni,14,14,Liverpool,Midfielder,4.9,0.0,-0.1,a,,,,,0.0,0.5,0.5,0.5,75,273,1144,2480,,,
2026-09-15T04:57:33+00:00,376,535928,Bajcetic,14,14,Liverpool,Midfielder,5.0,0.0,0.0,u,Has joined Celta Vigo permanently,2026-07-23T12:01:23.628373Z,0,0,0.0,0.0,0.0,0.0,0,4,19,99,,,
2026-09-15T04:57:33+00:00,377,551499,Munoz,14,14,Liverpool,Midfielder,6.5,0.0,0.0,a,,,,,1.1,3.5,3.5,3.5,2741,14803,113102,74534,,,
2026-09-15T04:57:33+00:00,378,491501,McConnell,14,14,Liverpool,Midfielder,4.4,-0.1,-0.1,a,,,,,0.2,0.0,0.0,0.0,310,998,3467,9835,,,
2026-09-15T04:57:33+00:00,379,219168,Isak,14,14,Liverpool,Forward,9.1,0.0,0.1,a,,,,,22.2,6.2,6.2,6.2,50715,105706,1037978,522743,2,,
2026-09-15T04:57:33+00:00,380,510663,Ekitiké,14,14,Liverpool,Forward,7.4,0.0,-0.1,i,Achilles injury - Unknown return date,2026-07-23T12:01:23.643771Z,0,0,0.1,0.0,0.0,0.0,190,601,2069,9881,,,
2026-09-15T04:57:33+00:00,381,514514,Koumas,14,14,Liverpool,Midfielder,5.0,0.0,0.0,a,,,,,0.0,0.5,0.5,0.5,79,130,551,1036,,,
2026-09-15T04:57:33+00:00,382,500058,Danns,14,14,Liverpool,Forward,4.5,0.0,0.0,a,,2026-07-23T12:01:23.659279Z,100,100,0.2,0.0,0.0,0.0,3148,1143,13388,5081,,,
2026-09-15T04:57:33+00:00,383,444884,Elliott,14,14,Liverpool,Midfielder,5.4,0.0,-0.1,u,Has joined Valencia on loan for the rest of the season,2026-09-02T16:05:49.104326Z,0,0,0.0,0.0,0.0,0.0,0,325,907,5669,,,
2026-09-15T04:57:33+00:00,579,445087,Araujo,14,14,Liverpool,Defender,5.4,0.0,-0.1,a,,,,,2.8,3.8,3.8,3.8,20277,6802,115420,139003,,,
2026-09-15T04:57:33+00:00,627,482616,Barcola,14,14,Liverpool,Midfielder,8.0,0.0,0.0,a,,,,,2.0,2.0,2.0,2.0,12340,20935,264932,86414,,,
2026-09-15T04:57:33+00:00,155,448047,Enzo,15,43,Man City,Midfielder,6.9,0.0,-0.1,a,,,,,3.3,1.5,1.5,1.5,21813,13978,106929,287961,,,
2026-09-15T04:57:33+00:00,237,440993,Ndiaye,15,43,Man City,Midfielder,5.9,0.0,-0.1,a,,,,,8.1,4.2,4.2,4.2,15596,85831,262977,962694,,,
2026-09-15T04:57:33+00:00,384,204936,Donnarumma,15,43,Man City,Goalkeeper,5.5,0.0,0.0,a,,,,,7.6,4.2,4.2,4.2,18818,18816,156200,262309,,,
2026-09-15T04:57:33+00:00,386,122074,Bettinelli,15,43,Man City,Goalkeeper,4.5,0.0,0.0,a,,,,,0.0,0.0,0.0,0.0,35,96,470,946,,,
2026-09-15T04:57:33+00:00,387,472769,O'Reilly,15,43,Man City,Defender,6.4,0.0,-0.1,a,,2026-09-05T18:00:06.379802Z,100,100,12.5,1.2,1.2,1.2,5894,80135,180420,1025585,,,
2026-09-15T04:57:33+00:00,388,209036,Guéhi,15,43,Man City,Defender,6.0,0.0,0.0,a,,,,,18.5,6.5,6.5,6.5,37266,31737,433137,371001,,,
2026-09-15T04:57:33+00:00,389,465351,Matheus N.,15,43,Man City,Defender,5.9,0.0,-0.1,a,,2026-08-27T11:30:08.171622Z,100,100,1.0,2.5,2.5,2.5,2571,1881,8482,68800,4,,
2026-09-15T04:57:33+00:00,390,171314,Rúben,15,43,Man City,Defender,5.5,0.0,0.0,a,,,,,1.8,4.0,4.0,4.0,8415,4614,49721,58668,,,
2026-09-15T04:57:33+00:00,391,477424,Gvardiol,15,43,Man City,Defender,5.7,0.1,0.2,a,,,,,22.5,8.2,8.2,8.2,222964,16691,1315456,335818,,,
2026-09-15T04:57:33+00:00,392,448514,Aït-Nouri,15,43,Man City,Defender,5.3,0.0,-0.2,a,,,,,0.4,0.0,0.0,0.0,659,2958,6650,56137,,,
2026-09-15T04:57:33+00:00,393,578153,Khusanov,15,43,Man City,Defender,5.5,0.0,0.0,a,,,,,1.5,2.2,2.2,2.2,1745,9015,23738,62005,,,
2026-09-15T04:57:33+00:00,394,494307,Alleyne,15,43,Man City,Defender,5.0,0.0,0.0,u,Has joined Burnley on loan for the rest of the season,2026-08-18T14:11:56.324656Z,0,0,0.0,0.0,0.0,0.0,0,18,0,577,,,
2026-09-15T04:57:33+00:00,395,477064,Lewis,15,43,Man City,Defender,4.4,0.0,-0.1,a,,,,,0.2,0.2,0.2,0.2,577,1311,7386,13646,,,
2026-09-15T04:57:33+00:00,396,616222,Vitor Reis,15,43,Man City,Defender,4.5,0.0,0.0,a,,,,,0.0,0.2,0.2,0.2,84,123,408,908,,,
2026-09-15T04:57:33+00:00,397,437730,Semenyo,15,43,Man City,Midfielder,8.4,0.0,-0.1,a,,,,,15.6,4.0,4.0,4.0,13371,72977,166863,1038840,2,,
2026-09-15T04:57:33+00:00,398,209244,Foden,15,43,Man City,Midfielder,7.0,0.0,0.0,s,Suspended until 17 Oct,2026-09-13T17:00:09.433455Z,,0,3.2,2.2,2.2,0.0,1907,82104,303097,413191,,,
2026-09-15T04:57:33+00:00,399,466052,Cherki,15,43,Man City,Midfielder,7.8,0.0,0.3,a,,,,,28.6,6.5,6.5,6.5,61530,130915,2445687,708622,,,
2026-09-15T04:57:33+00:00,400,248875,Doku,15,43,Man City,Midfielder,7.4,0.0,-0.1,i,Calf injury - Expected back 20 Sep,2026-08-18T17:00:08.385597Z,0,0,0.7,0.0,0.0,0.0,127,3423,1323,122538,3,,
2026-09-15T04:57:33+00:00,402,220566,Rodrigo,15,43,Man City,Midfielder,6.5,0.0,0.0,u,Has joined Barcelona permanently,2026-07-23T12:01:23.675537Z,0,0,0.0,0.0,0.0,0.0,0,30,0,1182,,,
2026-09-15T04:57:33+00:00,404,433036,Reijnders,15,43,Man City,Midfielder,6.0,0.0,0.0,u,Has joined Al Qadsiah permanently,2026-08-20T14:02:58.154273Z,0,0,0.0,0.0,0.0,0.0,0,124,0,7985,,,
2026-09-15T04:57:33+00:00,406,91651,Kovačić,15,43,Man City,Midfielder,5.4,0.0,-0.1,a,,,,,0.1,0.5,0.5,0.5,118,484,2019,5341,,,
2026-09-15T04:57:33+00:00,407,575204,Echeverri,15,43,Man City,Midfielder,4.9,0.0,-0.1,u,Has joined Benfica on loan for the rest of the season,2026-09-03T15:41:24.710479Z,0,0,0.0,0.0,0.0,0.0,0,75,250,1228,,,
2026-09-15T04:57:33+00:00,408,155405,Phillips,15,43,Man City,Midfielder,5.0,0.0,0.0,u,Has joined Sheffield United on loan for the rest of the season,2026-08-18T14:11:56.348781Z,0,0,0.0,0.0,0.0,0.0,0,19,0,539,,,
2026-09-15T04:57:33+00:00,409,590039,Mukasa,15,43,Man City,Midfielder,4.5,0.0,0.0,u,has joined West Ham on loan for the rest of the seaon.,2026-09-03T10:34:10.733520Z,0,0,0.1,0.0,0.0,0.0,0,798,1621,10667,,,
2026-09-15T04:57:33+00:00,410,649208,Monga,15,43,Man City,Midfielder,4.9,0.0,-0.1,u,Has joined Swansea City on loan for the rest of the season,2026-09-02T16:02:01.136760Z,0,0,0.0,0.0,0.0,0.0,0,64,219,1162,,,
2026-09-15T04:57:33+00:00,411,223094,Haaland,15,43,Man City,Forward,15.5,0.0,0.0,a,,,,,72.2,8.2,8.2,8.2,73609,12970,721974,290207,1,,
2026-09-15T04:57:33+00:00,481,215379,Anderson,15,43,Man City,Midfielder,6.3,0.0,-0.2,a,,2026-08-23T17:00:07.952697Z,100,100,4.2,3.2,3.2,3.2,11198,16962,78943,396291,,,
2026-09-15T04:57:33+00:00,587,106921,Rulli,15,43,Man City,Goalkeeper,5.0,0.0,0.0,a,,,,,0.0,0.0,0.0,0.0,77,90,447,910,,,
2026-09-15T04:57:33+00:00,616,637238,Bouaddi,15,43,Man City,Midfielder,5.5,0.0,0.0,a,,,,,0.2,0.7,0.7,0.7,1624,1988,18877,9557,,,
2026-09-15T04:57:33+00:00,621,616288,McAidoo,15,43,Man City,Midfielder,4.5,0.0,0.0,a,,,,,0.1,0.7,0.7,0.7,605,981,10869,5132,,,
2026-09-15T04:57:33+00:00,622,554054,Braithwaite,15,43,Man City,Defender,4.0,0.0,0.0,a,,,,,0.2,0.3,0.3,0.3,1283,1334,15187,6260,,,
2026-09-15T04:57:33+00:00,628,624777,Allan,15,43,Man City,Midfielder,6.0,0.0,0.0,a,,,,,0.0,0.0,0.0,0.0,121,106,730,385,,,
2026-09-15T04:57:33+00:00,653,595480,Samba,15,43,Man City,Midfielder,4.5,0.0,0.0,a,,,,,0.0,0.0,0.0,0.0,362,463,3260,1271,,,
2026-09-15T04:57:33+00:00,43,166989,Tielemans,16,1,Man Utd,Midfielder,5.8,-0.1,-0.2,a,,2026-07-23T12:01:23.321726Z,100,100,1.6,2.5,2.5,2.5,3959,11428,37236,136875,3,,
2026-09-15T04:57:33+00:00,131,535301,Baleba,16,1,Man Utd,Midfielder,4.9,-0.1,-0.1,i,Ankle injury - Expected back 19 Sep,2026-08-06T16:00:10.997714Z,0,0,0.1,0.0,0.0,0.0,298,917,5101,12842,,,
2026-09-15T04:57:33+00:00,162,532605,Andrey Santos,16,1,Man Utd,Midfielder,4.8,-0.1,-0.2,a,,,,,0.6,1.0,1.0,1.0,1371,6224,19700,62382,,,
2026-09-15T04:57:33+00:00,325,59735,Darlow,16,1,Man Utd,Goalkeeper,4.5,0.0,0.0,a,,2026-07-23T12:01:23.549136Z,100,100,0.0,0.0,0.0,0.0,86,138,924,1202,,,
2026-09-15T04:57:33+00:00,412,465247,Lammens,16,1,Man Utd,Goalkeeper,4.9,-0.1,-0.1,a,,,,,10.9,1.8,1.8,1.8,7242,54734,85535,573001,,,
2026-09-15T04:57:33+00:00,413,451302,Bayindir,16,1,Man Utd,Goalkeeper,4.5,0.0,0.0,u,Has joined Celta Vigo on loan for the rest of the season,2026-08-10T14:02:28.608415Z,0,0,0.0,0.0,0.0,0.0,0,47,0,1064,,,
2026-09-15T04:57:33+00:00,414,21205,Heaton,16,1,Man Utd,Goalkeeper,4.0,0.0,0.0,i,Hamstring injury - Unknown return date,2026-08-15T16:00:07.854151Z,0,0,0.1,0.0,0.0,0.0,148,199,1693,2995,,,
2026-09-15T04:57:33+00:00,415,596777,Dorgu,16,1,Man Utd,Midfielder,5.8,0.0,-0.2,a,,,,,0.6,1.5,1.5,1.5,1468,3963,11569,88355,,,
2026-09-15T04:57:33+00:00,416,209365,De Ligt,16,1,Man Utd,Defender,5.0,0.0,0.0,i,Back injury - Unknown return date,2026-07-23T12:01:23.690880Z,0,0,0.0,0.0,0.0,0.0,42,113,342,1338,,,
2026-09-15T04:57:33+00:00,417,216051,Dalot,16,1,Man Utd,Defender,4.9,0.0,-0.1,a,,,,,1.8,1.5,1.5,1.5,1855,7975,22938,116294,,,
2026-09-15T04:57:33+00:00,418,95658,Maguire,16,1,Man Utd,Defender,4.9,0.0,-0.1,a,,,,,10.2,2.0,2.0,2.0,7001,54724,127021,827959,,,
2026-09-15T04:57:33+00:00,419,221820,Martinez,16,1,Man Utd,Defender,5.0,0.0,0.0,a,,2026-07-24T20:00:10.337107Z,100,100,1.3,1.5,1.5,1.5,5571,3909,27981,55069,,,
2026-09-15T04:57:33+00:00,420,550864,Yoro,16,1,Man Utd,Defender,4.9,0.0,-0.1,a,,,,,0.5,0.5,0.5,0.5,325,2360,4490,31263,,,
2026-09-15T04:57:33+00:00,421,606745,Heaven,16,1,Man Utd,Defender,4.4,0.0,-0.1,a,,,,,0.3,0.2,0.2,0.2,331,1708,5488,20658,,,
2026-09-15T04:57:33+00:00,422,230001,Mazraoui,16,1,Man Utd,Defender,4.4,0.0,-0.1,a,,,,,0.5,0.8,0.8,0.8,1471,3766,12671,33937,,,
2026-09-15T04:57:33+00:00,423,106760,Shaw,16,1,Man Utd,Defender,4.4,0.0,-0.1,d,Unspecified injury - 75% chance of playing,2026-09-11T13:00:09.030120Z,75,75,10.6,1.8,1.4,1.4,1389,131129,96646,1000148,,,
2026-09-15T04:57:33+00:00,424,577974,Amass,16,1,Man Utd,Defender,4.0,0.0,0.0,a,,,,,0.2,0.0,0.0,0.0,693,805,5203,7122,,,
2026-09-15T04:57:33+00:00,425,547676,Fredricson,16,1,Man Utd,Defender,4.0,0.0,0.0,u,Has joined Lausanne-Sport permanently,2026-08-18T14:12:31.904433Z,0,0,0.0,0.0,0.0,0.0,0,63,0,1224,,,
2026-09-15T04:57:33+00:00,426,141746,B.Fernandes,16,1,Man Utd,Midfielder,12.0,0.0,0.0,a,,,,,41.9,7.2,7.2,7.2,32648,123085,576020,1425576,1,,
2026-09-15T04:57:33+00:00,427,446008,Mbeumo,16,1,Man Utd,Midfielder,7.9,0.0,-0.1,a,,,,,23.0,5.8,5.8,5.8,39148,101127,370651,1685622,2,,
2026-09-15T04:57:33+00:00,428,430871,Cunha,16,1,Man Utd,Midfielder,7.9,0.0,-0.1,a,,,,,6.2,4.0,4.0,4.0,5688,36369,67877,437349,,,
2026-09-15T04:57:33+00:00,429,176297,Rashford,16,1,Man Utd,Midfielder,7.0,0.0,0.0,a,,,,,1.6,2.0,2.0,2.0,8769,9356,71408,97532,,,
2026-09-15T04:57:33+00:00,430,184341,Mount,16,1,Man Utd,Midfielder,5.4,0.0,-0.1,a,,2026-08-15T16:00:07.879135Z,100,100,0.0,0.0,0.0,0.0,133,129,500,1632,,,
2026-09-15T04:57:33+00:00,431,493250,Amad,16,1,Man Utd,Midfielder,5.8,0.0,-0.2,i,Unspecified injury - Unknown return date,2026-08-22T11:00:08.617283Z,0,0,0.3,0.0,0.0,0.0,42,2660,2009,118502,,,
2026-09-15T04:57:33+00:00,432,516895,Mainoo,16,1,Man Utd,Midfielder,5.5,0.0,0.0,a,,,,,1.5,4.5,4.5,4.5,15760,5064,68859,44076,,,
2026-09-15T04:57:33+00:00,433,232112,Ugarte,16,1,Man Utd,Midfielder,5.0,0.0,0.0,i,Knee injury - Unknown return date,2026-07-23T12:01:23.706702Z,0,0,0.0,0.0,0.0,0.0,9,16,90,220,,,
2026-09-15T04:57:33+00:00,434,547037,J.Fletcher,16,1,Man Utd,Midfielder,4.9,0.0,-0.1,a,,,,,0.0,0.0,0.0,0.0,27,67,253,590,,,
2026-09-15T04:57:33+00:00,435,576628,Lacey,16,1,Man Utd,Midfielder,4.9,0.0,-0.1,a,,,,,0.1,0.2,0.2,0.2,79,291,901,2693,,,
2026-09-15T04:57:33+00:00,436,490881,Collyer,16,1,Man Utd,Midfielder,5.0,0.0,0.0,u,Has joined West Brom permanently,2026-09-01T13:16:48.584385Z,0,0,0.0,0.0,0.0,0.0,0,61,150,933,,,
2026-09-15T04:57:33+00:00,437,576620,Bendito Mantato,16,1,Man Utd,Midfielder,4.5,0.0,0.0,a,,,,,0.2,0.0,0.0,0.0,341,840,4381,7918,,,
2026-09-15T04:57:33+00:00,438,519913,Fletcher,16,1,Man Utd,Midfielder,4.5,0.0,0.0,a,,,,,0.3,0.0,0.0,0.0,314,1272,4846,12754,,,
2026-09-15T04:57:33+00:00,439,485711,Šeško,16,1,Man Utd,Forward,7.0,0.0,0.0,a,,2026-07-23T12:01:23.722029Z,100,100,1.7,2.0,2.0,2.0,11302,9597,83782,95941,,,
2026-09-15T04:57:33+00:00,440,458249,Zirkzee,16,1,Man Utd,Forward,5.4,0.0,-0.1,a,,,,,0.4,0.2,0.2,0.2,1316,2692,12590,37192,,,
2026-09-15T04:57:33+00:00,441,596047,Obi,16,1,Man Utd,Forward,4.5,0.0,0.0,u,Has joined Willem II on loan for the rest of the season,2026-09-14T16:12:42.090874Z,,0,1.2,0.0,0.0,0.0,5061,7601,45543,49281,,,
2026-09-15T04:57:33+00:00,405,465694,N.Gonzalez,17,4,Newcastle,Midfielder,5.5,0.0,0.0,d,Concussion - 50% chance of playing,2026-09-14T21:30:07.343728Z,,50,0.2,1.2,1.2,0.6,1046,1612,17403,9946,,,
2026-09-15T04:57:33+00:00,442,98747,Pope,17,4,Newcastle,Goalkeeper,4.9,0.0,-0.1,a,,,,,1.0,0.0,0.0,0.0,872,3237,11534,46725,,,
2026-09-15T04:57:33+00:00,443,81441,Gillespie,17,4,Newcastle,Goalkeeper,4.5,0.0,0.0,a,,,,,0.0,0.0,0.0,0.0,79,93,621,997,,,
2026-09-15T04:57:33+00:00,444,554578,Jaouen,17,4,Newcastle,Goalkeeper,4.5,0.0,0.0,d,Ankle injury - 50% chance of playing,2026-09-10T16:00:09.127466Z,50,50,0.0,0.0,0.0,0.0,10,121,413,1271,,,
2026-09-15T04:57:33+00:00,445,465642,Thiaw,17,4,Newcastle,Defender,5.0,0.0,0.0,a,,,,,2.2,2.5,2.5,2.5,8855,9408,149187,97571,,,
2026-09-15T04:57:33+00:00,446,119471,Schär,17,4,Newcastle,Defender,5.0,0.0,0.0,a,,2026-08-15T16:30:07.209742Z,100,100,0.2,0.2,0.2,0.2,580,1014,5970,11448,,,
2026-09-15T04:57:33+00:00,447,220237,Botman,17,4,Newcastle,Defender,5.0,0.0,0.0,a,,,,,0.7,2.8,2.8,2.8,2641,2566,36950,21453,,,
2026-09-15T04:57:33+00:00,448,78916,Burn,17,4,Newcastle,Defender,4.9,0.0,-0.1,i,Ankle injury - Expected back 19 Sep,2026-08-23T18:00:08.367241Z,0,0,0.8,0.0,0.0,0.0,97,5584,7132,148419,,,
2026-09-15T04:57:33+00:00,449,487838,Hall,17,4,Newcastle,Defender,5.2,0.0,0.2,a,,,,,14.5,4.5,4.5,4.5,94919,39869,1288028,254997,,,
2026-09-15T04:57:33+00:00,450,441191,Livramento,17,4,Newcastle,Defender,4.9,0.0,-0.1,a,,2026-07-23T12:01:23.753221Z,100,100,0.1,1.0,1.0,1.0,1253,422,4952,3551,,,
2026-09-15T04:57:33+00:00,451,545477,A.Murphy,17,4,Newcastle,Defender,4.0,0.0,0.0,u,Has joined FC Kaiserslautern on loan for the rest of the season,2026-08-12T14:05:29.224600Z,0,0,0.1,0.0,0.0,0.0,0,310,0,6369,,,
2026-09-15T04:57:33+00:00,453,201666,Barnes,17,4,Newcastle,Midfielder,6.0,0.0,0.0,a,,,,,3.0,4.8,4.8,4.8,47886,12221,298595,103151,,,
2026-09-15T04:57:33+00:00,454,449434,Elanga,17,4,Newcastle,Midfielder,6.2,0.0,0.2,i,Unspecified injury - Unknown return date,2026-09-14T20:00:09.505598Z,,0,10.5,4.5,4.5,0.0,53031,143193,1285215,444878,,,
2026-09-15T04:57:33+00:00,456,232653,J.Ramsey,17,4,Newcastle,Midfielder,4.9,0.0,-0.1,a,,,,,0.4,1.8,1.8,1.8,1671,2026,16428,18234,,,
2026-09-15T04:57:33+00:00,457,114243,J.Murphy,17,4,Newcastle,Midfielder,5.9,0.0,-0.1,a,,,,,0.1,0.5,0.5,0.5,475,694,3369,9013,,,
2026-09-15T04:57:33+00:00,458,180974,Joelinton,17,4,Newcastle,Midfielder,5.4,0.0,-0.1,i,Unspecified injury - Unknown return date,2026-08-16T08:00:08.074045Z,0,0,0.0,0.0,0.0,0.0,12,88,179,2070,,,
2026-09-15T04:57:33+00:00,459,547719,L.Miley,17,4,Newcastle,Midfielder,5.5,0.0,0.0,a,,2026-07-23T12:01:23.785456Z,100,100,0.1,2.0,2.0,2.0,355,488,5002,4177,,,
2026-09-15T04:57:33+00:00,460,200089,Willock,17,4,Newcastle,Midfielder,5.0,0.0,0.0,a,,,,,0.5,3.0,3.0,3.0,2711,3316,50232,22881,,,
2026-09-15T04:57:33+00:00,461,611665,Touré,17,4,Newcastle,Midfielder,5.8,0.0,-0.2,a,,,,,0.1,1.8,1.8,1.8,298,768,1844,14863,,,
2026-09-15T04:57:33+00:00,462,636852,Steur,17,4,Newcastle,Midfielder,4.9,0.0,-0.1,a,,,,,0.1,1.2,1.2,1.2,129,442,1865,5243,,,
2026-09-15T04:57:33+00:00,463,470313,Woltemade,17,4,Newcastle,Forward,5.9,0.0,-0.1,u,Has joined Juventus on loan for the rest of the season,2026-09-02T16:07:16.549304Z,0,0,0.6,1.0,0.0,0.0,0,6215,14520,133115,,,
2026-09-15T04:57:33+00:00,464,216646,Wissa,17,4,Newcastle,Forward,6.2,0.0,0.2,a,,,,,18.4,3.8,3.8,3.8,102805,75154,1959407,447740,2,,
2026-09-15T04:57:33+00:00,465,538207,Osula,17,4,Newcastle,Forward,5.9,0.0,-0.1,i,Foot injury - Unknown return date,2026-08-25T19:00:08.004915Z,0,0,0.4,1.0,0.0,0.0,90,2884,21225,80526,1,,
2026-09-15T04:57:33+00:00,466,599303,Neave,17,4,Newcastle,Forward,4.5,0.0,0.0,u,Has joined Wolves on loan for the rest of the season,2026-09-04T12:37:43.515176Z,0,0,0.6,0.0,0.0,0.0,0,4334,23805,43712,,,
2026-09-15T04:57:33+00:00,559,632794,Bamba,17,4,Newcastle,Midfielder,4.9,0.0,-0.1,a,,,,,0.1,0.5,0.5,0.5,152,472,2215,6398,,,
2026-09-15T04:57:33+00:00,567,470551,Horníček,17,4,Newcastle,Goalkeeper,5.0,0.0,0.0,a,,,,,1.4,2.8,2.8,2.8,10406,6124,132287,58106,,,
2026-09-15T04:57:33+00:00,593,463726,Dedić,17,4,Newcastle,Defender,4.5,0.0,0.0,a,,2026-09-09T14:30:08.475769Z,75,100,2.9,3.2,2.4,3.2,5512,22218,442038,188648,,,
2026-09-15T04:57:33+00:00,609,553746,Shahar,17,4,Newcastle,Defender,4.0,0.0,0.0,u,has joined Arouca on loan for the rest of the seaon.,2026-09-11T14:41:57.406766Z,0,0,0.2,0.0,0.0,0.0,0,3255,18236,11632,,,
2026-09-15T04:57:33+00:00,634,613221,Fernandez-Pardo,17,4,Newcastle,Forward,6.0,0.0,0.0,a,,,,,0.1,1.0,1.0,1.0,1434,829,12935,3364,,,
2026-09-15T04:57:33+00:00,659,665243,Miley,17,4,Newcastle,Midfielder,4.5,0.0,0.0,a,,,,,0.0,0.0,1.1,1.1,177,18,177,18,,,
2026-09-15T04:57:33+00:00,167,463034,Delap,18,17,Nott'm Forest,Forward,5.5,0.0,0.0,a,,,,,1.3,2.0,2.0,2.0,50646,5541,115429,37508,3,,
2026-09-15T04:57:33+00:00,201,247348,Muñoz,18,17,Nott'm Forest,Defender,5.4,0.0,-0.1,a,,,,,5.5,0.8,0.8,0.8,14904,22100,65031,423940,,,
2026-09-15T04:57:33+00:00,467,85633,Sels,18,17,Nott'm Forest,Goalkeeper,5.0,0.0,0.0,a,,,,,1.5,3.0,3.0,3.0,12765,3925,39632,46796,,,
2026-09-15T04:57:33+00:00,468,221389,John,18,17,Nott'm Forest,Goalkeeper,4.5,0.0,0.0,a,,,,,0.1,0.0,0.0,0.0,73,150,683,1678,,,
2026-09-15T04:57:33+00:00,469,215136,N.Williams,18,17,Nott'm Forest,Defender,5.0,0.0,0.0,a,,,,,8.4,4.2,4.2,4.2,35924,18198,195478,273524,,,
2026-09-15T04:57:33+00:00,470,485047,Morato,18,17,Nott'm Forest,Defender,5.0,0.0,0.0,u,Has joined West Ham on loan for the rest of the season,2026-09-02T16:19:54.503286Z,0,0,0.0,0.0,0.0,0.0,0,207,424,3362,,,
2026-09-15T04:57:33+00:00,471,227444,Milenković,18,17,Nott'm Forest,Defender,5.5,0.0,0.0,i,Hamstring injury - Expected back 11 Oct,2026-09-12T14:00:09.705107Z,,0,1.4,3.0,3.0,0.0,178,18334,17854,63027,,,
2026-09-15T04:57:33+00:00,472,575476,Murillo,18,17,Nott'm Forest,Defender,5.5,0.0,0.0,a,,2026-07-23T12:01:23.801183Z,100,100,1.8,4.8,4.8,4.8,19997,3372,53964,45220,,,
2026-09-15T04:57:33+00:00,473,159506,Aina,18,17,Nott'm Forest,Defender,4.5,0.0,0.0,a,,,,,2.6,2.0,2.0,2.0,7545,10527,54240,135697,,,
2026-09-15T04:57:33+00:00,474,575458,Jair Cunha,18,17,Nott'm Forest,Defender,4.5,0.0,0.0,d,Hamstring injury - 50% chance of playing,2026-09-12T14:00:09.724349Z,,50,0.2,2.5,2.5,1.2,126,2014,9407,9780,,,
2026-09-15T04:57:33+00:00,475,500151,Savona,18,17,Nott'm Forest,Defender,4.5,0.0,0.0,i,Knee injury - Unknown return date,2026-07-23T12:01:23.816304Z,0,0,0.0,0.0,0.0,0.0,8,10,211,229,,,
2026-09-15T04:57:33+00:00,476,204822,O.Richards,18,17,Nott'm Forest,Defender,4.0,0.0,0.0,a,,,,,0.2,0.0,0.0,0.0,448,694,3126,6574,,,
2026-09-15T04:57:33+00:00,477,549067,Abbott,18,17,Nott'm Forest,Defender,4.0,0.0,0.0,u,Has joined Southampton on loan for the rest of the season,2026-09-02T16:19:54.536676Z,0,0,0.2,0.0,0.0,0.0,0,1055,2459,11865,,,
2026-09-15T04:57:33+00:00,478,470315,Netz,18,17,Nott'm Forest,Defender,4.4,-0.1,-0.1,a,,,,,0.0,0.5,0.5,0.5,91,159,475,1287,,,
2026-09-15T04:57:33+00:00,479,538638,Bindon,18,17,Nott'm Forest,Defender,4.0,0.0,0.0,u,Has joined Charlton Athletic on loan for the rest of the season,2026-09-01T13:16:05.383880Z,0,0,0.1,0.0,0.0,0.0,0,628,799,7361,,,
2026-09-15T04:57:33+00:00,480,222531,Gibbs-White,18,17,Nott'm Forest,Midfielder,7.9,0.0,-0.1,a,,2026-08-24T15:30:08.350159Z,100,100,11.3,6.5,6.5,6.5,193164,15167,592242,559171,1,,
2026-09-15T04:57:33+00:00,482,209046,Hudson-Odoi,18,17,Nott'm Forest,Midfielder,5.8,-0.1,-0.2,a,,2026-07-23T12:01:23.832709Z,100,100,0.2,0.2,0.2,0.2,721,1217,3830,14985,,,
2026-09-15T04:57:33+00:00,483,456512,Ndoye,18,17,Nott'm Forest,Midfielder,5.5,0.0,0.0,a,,,,,0.7,3.5,3.5,3.5,7571,4965,52622,34538,,,
2026-09-15T04:57:33+00:00,484,503301,Hutchinson,18,17,Nott'm Forest,Midfielder,5.4,0.0,-0.1,u,Has joined AC Milan on loan for the rest of the season,2026-09-01T13:23:52.340206Z,0,0,0.1,0.0,0.0,0.0,0,542,427,10077,,,
2026-09-15T04:57:33+00:00,485,476887,Bakwa,18,17,Nott'm Forest,Midfielder,5.5,0.0,0.0,u,Has joined Lille on loan for the rest of the season,2026-08-27T14:53:03.381941Z,0,0,0.0,0.0,0.0,0.0,0,35,107,1117,,,
2026-09-15T04:57:33+00:00,486,432714,McAtee,18,17,Nott'm Forest,Midfielder,5.5,0.0,0.0,a,,,,,0.1,2.5,2.5,2.5,1258,619,7281,4032,,,
2026-09-15T04:57:33+00:00,487,250199,Dominguez,18,17,Nott'm Forest,Midfielder,4.9,0.0,-0.1,a,,,,,0.1,0.2,0.2,0.2,113,332,997,3421,,,
2026-09-15T04:57:33+00:00,488,210462,I.Sangaré,18,17,Nott'm Forest,Midfielder,4.9,0.0,-0.1,a,,2026-08-28T09:30:07.471668Z,100,100,0.5,0.8,0.8,0.8,663,2181,7995,60755,,,
2026-09-15T04:57:33+00:00,489,204968,Yates,18,17,Nott'm Forest,Midfielder,4.5,0.0,0.0,a,,2026-08-17T20:30:08.195072Z,100,100,1.3,0.0,0.0,0.0,1712,7333,28419,78592,,,
2026-09-15T04:57:33+00:00,490,60689,Wood,18,17,Nott'm Forest,Forward,5.8,-0.1,-0.2,a,,,,,1.0,0.8,0.8,0.8,1918,7083,18831,101336,2,,
2026-09-15T04:57:33+00:00,491,482973,Igor Jesus,18,17,Nott'm Forest,Forward,5.8,-0.1,-0.2,a,,,,,2.6,2.8,2.8,2.8,22518,11770,70977,226263,4,,
2026-09-15T04:57:33+00:00,493,465680,Kalimuendo,18,17,Nott'm Forest,Forward,5.4,0.0,-0.1,a,,,,,0.1,0.2,0.2,0.2,249,385,2576,3260,,,
2026-09-15T04:57:33+00:00,558,204561,Schlager,18,17,Nott'm Forest,Midfielder,5.0,0.0,0.0,a,,,,,0.1,2.8,2.8,2.8,1084,484,3701,4212,,,
2026-09-15T04:57:33+00:00,581,568420,Diomande,18,17,Nott'm Forest,Defender,5.4,0.0,-0.1,a,,,,,0.5,1.2,1.2,1.2,1488,1505,9600,37579,,,
2026-09-15T04:57:33+00:00,590,428971,Benda,18,17,Nott'm Forest,Goalkeeper,4.5,0.0,0.0,a,,,,,0.1,0.0,0.0,0.0,195,249,2313,2287,,,
2026-09-15T04:57:33+00:00,112,469142,Van Hecke,19,6,Spurs,Defender,4.9,0.0,-0.1,a,,,,,6.8,4.5,4.5,4.5,17789,15917,113155,417360,,,
2026-09-15T04:57:33+00:00,147,109646,Tosin,19,6,Spurs,Defender,4.4,0.0,-0.1,a,,,,,0.2,0.2,0.2,0.2,192,429,1647,6744,,,
2026-09-15T04:57:33+00:00,401,438234,Marmoush,19,6,Spurs,Forward,7.0,0.0,0.0,a,,,,,2.2,1.5,1.5,1.5,7964,22234,195223,118026,2,,
2026-09-15T04:57:33+00:00,403,510281,Sávio,19,6,Spurs,Midfielder,6.5,0.0,0.0,a,,2026-08-29T16:30:08.380416Z,100,100,0.7,1.5,1.5,1.5,4289,5746,88397,65224,,,
2026-09-15T04:57:33+00:00,455,432422,Tonali,19,6,Spurs,Midfielder,5.4,0.0,-0.1,d,Knock - 75% chance of playing,2026-09-14T14:30:07.387706Z,,75,2.3,3.0,3.0,2.2,2836,22163,43885,215860,,,
2026-09-15T04:57:33+00:00,494,184254,Vicario,19,6,Spurs,Goalkeeper,4.5,0.0,0.0,u,Has joined Juventus on loan for the rest of the season,2026-08-19T13:55:33.193962Z,0,0,0.1,0.0,0.0,0.0,0,928,0,20622,,,
2026-09-15T04:57:33+00:00,495,214572,Austin,19,6,Spurs,Goalkeeper,4.0,0.0,0.0,a,,,,,1.0,0.0,0.0,0.0,2753,2004,24265,17109,,,
2026-09-15T04:57:33+00:00,496,485055,Kinsky,19,6,Spurs,Goalkeeper,4.5,0.0,0.0,a,,,,,18.5,4.0,4.0,4.0,38665,34810,272109,620012,,,
2026-09-15T04:57:33+00:00,497,67089,Dubravka,19,6,Spurs,Goalkeeper,4.0,0.0,0.0,a,,,,,17.7,0.0,0.0,0.0,22661,36463,333467,344274,,,
2026-09-15T04:57:33+00:00,498,221466,Senesi,19,6,Spurs,Defender,5.8,-0.1,-0.2,a,,,,,4.1,0.8,0.8,0.8,1172,35840,26807,399605,,,
2026-09-15T04:57:33+00:00,499,441164,Pedro Porro,19,6,Spurs,Defender,5.5,0.0,0.0,d,Unspecified injury - 75% chance of playing,2026-09-11T18:00:09.076279Z,75,75,9.4,2.0,1.5,1.5,997,120267,118438,795150,,,
2026-09-15T04:57:33+00:00,500,221632,Romero,19,6,Spurs,Defender,5.0,0.0,0.0,u,Has joined Atletico Madrid permanently,2026-08-17T13:49:05.465401Z,0,0,0.1,0.0,0.0,0.0,0,328,0,16232,,,
2026-09-15T04:57:33+00:00,502,122798,Robertson,19,6,Spurs,Defender,4.4,0.0,-0.1,a,,,,,2.7,3.2,3.2,3.2,8960,8490,50483,156459,,,
2026-09-15T04:57:33+00:00,503,491279,Van de Ven,19,6,Spurs,Defender,5.0,0.0,0.0,a,,2026-08-21T15:00:07.610517Z,100,100,3.9,3.8,3.8,3.8,14612,8014,73416,234486,,,
2026-09-15T04:57:33+00:00,505,232859,Spence,19,6,Spurs,Defender,4.5,0.0,0.0,u,Has joined Internazionale permanently,2026-08-18T14:13:08.454214Z,0,0,0.3,0.0,0.0,0.0,0,1454,0,66887,,,
2026-09-15T04:57:33+00:00,506,487053,Udogie,19,6,Spurs,Defender,4.4,-0.1,-0.1,a,,2026-09-11T18:00:09.092110Z,75,100,0.4,1.8,1.4,1.8,88,3307,4378,19178,,,
2026-09-15T04:57:33+00:00,507,548308,Phillips,19,6,Spurs,Defender,4.5,0.0,0.0,u,Has joined Middlesbrough permanently,2026-08-18T14:13:08.474144Z,0,0,0.0,0.0,0.0,0.0,0,46,0,1155,,,
2026-09-15T04:57:33+00:00,508,115556,Davies,19,6,Spurs,Defender,4.0,0.0,0.0,a,,,,,0.9,0.0,0.0,0.0,975,3380,10727,33085,,,
2026-09-15T04:57:33+00:00,509,640419,Byfield,19,6,Spurs,Defender,4.0,0.0,0.0,a,,,,,0.1,0.0,0.0,0.0,262,247,1921,2018,,,
2026-09-15T04:57:33+00:00,510,499716,Rowswell,19,6,Spurs,Defender,4.0,0.0,0.0,a,,,,,0.1,0.0,0.0,0.0,300,309,2357,2687,,,
2026-09-15T04:57:33+00:00,511,616221,Souza,19,6,Spurs,Defender,4.0,0.0,0.0,u,Has joined FC Porto on loan for the rest of the season,2026-09-01T13:24:26.858636Z,0,0,0.2,0.0,0.0,0.0,0,1122,2555,14717,,,
2026-09-15T04:57:33+00:00,512,460842,Kudus,19,6,Spurs,Midfielder,6.5,0.0,0.0,a,,2026-07-23T12:01:23.848657Z,100,100,0.1,0.8,0.8,0.8,797,1275,8863,8407,3,,
2026-09-15T04:57:33+00:00,513,493362,Xavi,19,6,Spurs,Midfielder,5.9,0.0,-0.1,i,Knee injury - Unknown return date,2026-07-23T12:01:23.864304Z,0,0,0.0,0.0,0.0,0.0,28,70,269,989,4,,
2026-09-15T04:57:33+00:00,514,511499,Tel,19,6,Spurs,Midfielder,5.8,0.0,-0.2,a,,,,,0.2,2.0,2.0,2.0,302,2566,8337,41166,,,
2026-09-15T04:57:33+00:00,515,172780,Maddison,19,6,Spurs,Midfielder,6.3,0.0,-0.2,a,,2026-08-25T14:30:07.623508Z,100,100,0.4,0.5,0.5,0.5,571,2026,3879,91613,,,
2026-09-15T04:57:33+00:00,516,202993,Bentancur,19,6,Spurs,Midfielder,5.5,0.0,0.0,a,,,,,0.2,2.8,2.8,2.8,571,667,3229,6715,,,
2026-09-15T04:57:33+00:00,517,550839,Odobert,19,6,Spurs,Midfielder,5.5,0.0,0.0,i,Knee injury - Unknown return date,2026-07-23T12:01:23.879434Z,0,0,0.0,0.0,0.0,0.0,10,8,89,83,,,
2026-09-15T04:57:33+00:00,518,482442,P.M.Sarr,19,6,Spurs,Midfielder,4.9,0.0,-0.1,u,Has joined Juventus on loan for the rest of the season,2026-09-02T16:02:43.386849Z,0,0,0.1,0.0,0.0,0.0,0,1123,4138,22042,,,
2026-09-15T04:57:33+00:00,519,232787,Gallagher,19,6,Spurs,Midfielder,5.4,0.0,-0.1,a,,,,,0.2,0.8,0.8,0.8,131,1215,3175,15005,,,
2026-09-15T04:57:33+00:00,520,570526,Bergvall,19,6,Spurs,Midfielder,5.4,0.0,-0.1,a,,,,,0.1,0.5,0.5,0.5,96,549,1532,8225,,,
2026-09-15T04:57:33+00:00,521,445044,Kulusevski,19,6,Spurs,Midfielder,6.5,0.0,0.0,i,Knee injury - Unknown return date,2026-07-23T12:01:23.895175Z,0,0,0.0,0.0,0.0,0.0,31,42,274,614,,,
2026-09-15T04:57:33+00:00,522,547701,Gray,19,6,Spurs,Midfielder,4.9,-0.1,-0.1,a,,,,,0.2,1.8,1.8,1.8,721,967,5469,10872,,,
2026-09-15T04:57:33+00:00,523,499721,Moore,19,6,Spurs,Midfielder,5.0,0.0,0.0,u,Has joined FC Köln on loan for the rest of the season,2026-09-04T12:39:48.098158Z,0,0,0.1,0.8,0.0,0.0,0,906,3258,15411,,,
2026-09-15T04:57:33+00:00,524,499726,Olusesi,19,6,Spurs,Midfielder,4.4,0.0,-0.1,a,,,,,1.0,0.0,0.0,0.0,21955,6837,39345,33702,,,
2026-09-15T04:57:33+00:00,525,551226,Fernandes,19,6,Spurs,Midfielder,5.8,0.0,-0.2,a,,,,,0.9,1.5,1.5,1.5,711,6450,12021,110592,,,
2026-09-15T04:57:33+00:00,526,154566,Solanke,19,6,Spurs,Forward,5.8,-0.1,-0.2,a,,,,,0.9,1.2,1.2,1.2,1930,5675,23430,81646,1,,
2026-09-15T04:57:33+00:00,527,212319,Richarlison,19,6,Spurs,Forward,5.9,0.0,-0.1,u,not included in squad.,2026-09-04T12:32:39.183614Z,0,0,0.8,0.5,0.0,0.0,0,9880,21439,249948,,,
2026-09-15T04:57:33+00:00,528,490145,Scarlett,19,6,Spurs,Forward,4.5,0.0,0.0,u,Has joined Leyton Orient permanently,2026-09-02T16:02:43.413625Z,0,0,1.3,0.0,0.0,0.0,0,8723,42525,91751,,,
2026-09-15T04:57:33+00:00,578,465920,Mudryk,19,6,Spurs,Midfielder,5.4,0.0,-0.1,i,Ankle injury - Unknown return date,2026-09-11T18:00:09.154412Z,0,0,0.1,0.2,0.0,0.0,18,1295,5406,6203,,,
2026-09-15T04:57:33+00:00,601,611917,Williams-Barnett,19,6,Spurs,Midfielder,4.5,0.0,0.0,a,,,,,0.1,0.0,0.0,0.0,353,832,9780,5503,,,
2026-09-15T04:57:33+00:00,501,135720,Danso,20,56,Sunderland,Defender,5.0,0.0,0.0,a,,,,,0.2,0.8,0.8,0.8,724,686,4619,8177,,,
2026-09-15T04:57:33+00:00,529,498016,Roefs,20,56,Sunderland,Goalkeeper,4.9,-0.1,-0.1,a,,,,,2.7,2.8,2.8,2.8,1092,17014,18382,146820,,,
2026-09-15T04:57:33+00:00,530,232571,Patterson,20,56,Sunderland,Goalkeeper,4.0,0.0,0.0,u,Has joined Wrexham permanently,2026-08-12T14:08:03.064533Z,0,0,0.1,0.0,0.0,0.0,0,420,0,5329,,,
2026-09-15T04:57:33+00:00,531,515046,Ellborg,20,56,Sunderland,Goalkeeper,4.5,0.0,0.0,a,,,,,0.1,0.0,0.0,0.0,59,228,908,2759,,,
2026-09-15T04:57:33+00:00,532,223827,Ballard,20,56,Sunderland,Defender,4.9,0.0,-0.1,a,,,,,2.9,3.0,3.0,3.0,3495,19751,39091,267526,,,
2026-09-15T04:57:33+00:00,533,200834,Mukiele,20,56,Sunderland,Defender,5.4,-0.1,-0.1,a,,2026-08-09T08:30:05.954750Z,100,100,2.1,3.2,3.2,3.2,2778,12833,36696,104989,,,
2026-09-15T04:57:33+00:00,534,487676,Hume,20,56,Sunderland,Defender,4.4,0.0,-0.1,a,,,,,3.6,2.2,2.2,2.2,935,37254,35751,314488,,,
2026-09-15T04:57:33+00:00,535,201895,Alderete,20,56,Sunderland,Defender,4.9,0.0,-0.1,a,,2026-08-09T08:30:05.962393Z,100,100,0.3,0.2,0.2,0.2,128,1883,4602,23943,,,
2026-09-15T04:57:33+00:00,536,434399,Reinildo,20,56,Sunderland,Defender,4.5,0.0,0.0,s,Suspended until 10 Oct,2026-09-12T21:30:09.421687Z,,0,0.3,1.8,1.8,0.0,111,4193,3838,17226,,,
2026-09-15T04:57:33+00:00,537,519634,Seelt,20,56,Sunderland,Defender,4.5,0.0,0.0,u,Has joined Swansea City on loan for the rest of the season,2026-08-29T00:34:52.425076Z,0,0,0.0,0.0,0.0,0.0,0,25,61,612,,,
2026-09-15T04:57:33+00:00,538,477547,Hjelde,20,56,Sunderland,Defender,4.0,0.0,0.0,u,Has joined KV Mechelen on loan for the rest of the season,2026-08-12T14:08:03.081789Z,0,0,0.0,0.0,0.0,0.0,0,142,0,2215,,,
2026-09-15T04:57:33+00:00,539,167512,O'Nien,20,56,Sunderland,Defender,4.0,0.0,0.0,a,,,,,2.5,0.2,0.2,0.2,1121,10048,13707,94754,,,
2026-09-15T04:57:33+00:00,540,105717,Masuaku,20,56,Sunderland,Defender,4.0,0.0,0.0,u,Has joined Konyaspor permanently,2026-08-12T14:08:03.097784Z,0,0,0.1,0.0,0.0,0.0,0,671,0,10328,,,
2026-09-15T04:57:33+00:00,541,93605,Meunier,20,56,Sunderland,Defender,4.5,0.0,0.0,a,,2026-08-16T08:30:07.830062Z,100,100,0.3,2.8,2.8,2.8,501,924,4931,7546,,,
2026-09-15T04:57:33+00:00,542,484420,E.Le Fée,20,56,Sunderland,Midfielder,5.8,0.0,-0.2,a,,,,,4.0,3.2,3.2,3.2,2424,39531,30255,565049,2,,
2026-09-15T04:57:33+00:00,543,547027,Diarra,20,56,Sunderland,Midfielder,5.4,0.0,-0.1,i,Hamstring injury - Unknown return date,2026-08-30T16:30:08.428960Z,0,0,0.0,1.2,0.0,0.0,2,309,528,5320,1,,
2026-09-15T04:57:33+00:00,544,84450,Xhaka,20,56,Sunderland,Midfielder,5.5,0.0,0.0,a,,,,,4.0,4.8,4.8,4.8,6791,26026,118201,152600,,,
2026-09-15T04:57:33+00:00,545,577669,Sadiki,20,56,Sunderland,Midfielder,4.9,0.0,-0.1,a,,,,,0.2,2.0,2.0,2.0,620,1580,4762,14936,,,
2026-09-15T04:57:33+00:00,546,535818,Adingra,20,56,Sunderland,Midfielder,4.9,0.0,-0.1,u,Has joined Ajax on loan for the rest of the season,2026-08-20T14:00:08.416985Z,0,0,0.0,0.0,0.0,0.0,0,311,240,6894,,,
2026-09-15T04:57:33+00:00,547,461199,Mundle,20,56,Sunderland,Midfielder,4.9,0.0,-0.1,i,Knee injury - Unknown return date,2026-09-09T14:00:08.462705Z,0,0,0.0,0.2,0.0,0.0,8,68,184,551,,,
2026-09-15T04:57:33+00:00,548,554197,Rigg,20,56,Sunderland,Midfielder,4.9,0.0,-0.1,a,,,,,0.0,0.5,0.5,0.5,25,228,397,2344,,,
2026-09-15T04:57:33+00:00,549,549912,Talbi,20,56,Sunderland,Midfielder,5.3,-0.1,-0.2,a,,,,,0.1,0.2,0.2,0.2,129,789,1054,10312,,,
2026-09-15T04:57:33+00:00,550,699989,Jocelin.T,20,56,Sunderland,Midfielder,5.0,0.0,0.0,a,,,,,0.0,0.0,0.0,0.0,29,35,239,328,,,
2026-09-15T04:57:33+00:00,551,536661,N.Angulo,20,56,Sunderland,Midfielder,5.0,0.0,0.0,a,,,,,0.1,3.0,3.0,3.0,387,975,11948,8616,,,
2026-09-15T04:57:33+00:00,552,441264,Brobbey,20,56,Sunderland,Forward,5.8,0.0,-0.2,a,,,,,6.2,1.8,1.8,1.8,5787,64280,85235,793305,,,
2026-09-15T04:57:33+00:00,553,437505,Isidor,20,56,Sunderland,Forward,5.5,0.0,0.0,a,,,,,1.5,3.5,3.5,3.5,3671,10991,89528,60714,,,
2026-09-15T04:57:33+00:00,612,638411,Methalie,20,56,Sunderland,Defender,4.5,0.0,0.0,a,,2026-08-28T13:00:08.950445Z,100,100,0.0,0.0,0.0,0.0,66,40,710,370,,,
2026-09-15T04:57:33+00:00,613,696104,Ahoka,20,56,Sunderland,Midfielder,4.5,0.0,0.0,a,,,,,0.2,0.0,0.0,0.0,1224,1741,23814,10820,,,
2026-09-15T04:57:33+00:00,646,549940,Fofana,20,56,Sunderland,Midfielder,5.5,0.0,0.0,a,,,,,0.0,1.0,1.0,1.0,252,312,3516,1108,,,
2026-09-15T04:57:33+00:00,651,661313,J.Angulo,20,56,Sunderland,Forward,4.5,0.0,0.0,a,,,,,0.6,0.0,0.0,0.0,13947,4306,62271,15678,,,
