observed_at,player_id,player_code,web_name,team_id,team_code,team_name,position,price,price_change_gameweek,price_change_season,status,news,news_added,chance_of_playing_this_round,chance_of_playing_next_round,selected_by_percent,form,expected_points_this_gameweek,expected_points_next_gameweek,transfers_in_event,transfers_out_event,transfers_in_season,transfers_out_season,penalties_order,direct_free_kicks_order,corners_and_indirect_free_kicks_order
2026-09-21T04:59:06+00:00,1,154561,Raya,1,3,Arsenal,Goalkeeper,6.1,0.1,0.1,a,,,,,42.0,6.0,6.0,6.0,81515,21568,921914,613972,,,
2026-09-21T04:59:06+00:00,2,109745,Arrizabalaga,1,3,Arsenal,Goalkeeper,4.9,0.0,-0.1,a,,,,,0.1,0.0,0.0,0.0,59,124,1436,4137,,,
2026-09-21T04:59:06+00:00,3,437495,Meslier,1,3,Arsenal,Goalkeeper,4.9,0.0,-0.1,a,,,,,0.0,0.0,0.0,0.0,21,49,488,1509,,,
2026-09-21T04:59:06+00:00,4,226597,Gabriel,1,3,Arsenal,Defender,8.0,0.0,0.0,a,,,,,22.9,5.0,5.0,5.0,11438,37270,221681,880161,,,
2026-09-21T04:59:06+00:00,5,445122,J.Timber,1,3,Arsenal,Defender,6.5,0.0,0.0,a,,2026-07-23T12:01:23.272929Z,100,100,0.3,0.2,0.2,0.2,6254,1860,27910,12613,,,
2026-09-21T04:59:06+00:00,6,462424,Saliba,1,3,Arsenal,Defender,5.9,0.0,-0.1,i,Back injury - Unknown return date,2026-07-23T12:01:23.289376Z,0,0,0.2,0.0,0.0,0.0,195,560,3277,18113,,,
2026-09-21T04:59:06+00:00,7,499169,Lewis-Skelly,1,3,Arsenal,Midfielder,5.4,-0.1,-0.1,a,,,,,0.6,1.5,1.5,1.5,457,3098,29134,47902,,,
2026-09-21T04:59:06+00:00,8,466075,Calafiori,1,3,Arsenal,Defender,5.8,0.0,0.3,a,,,,,50.6,5.0,5.0,5.0,39957,33609,1619965,372116,,,
2026-09-21T04:59:06+00:00,9,448104,Hincapie,1,3,Arsenal,Defender,5.2,-0.1,-0.3,a,,,,,0.9,0.2,0.2,0.2,687,3386,15506,115097,,,
2026-09-21T04:59:06+00:00,10,198869,White,1,3,Arsenal,Defender,5.5,0.0,0.0,d,Groin injury - 75% chance of playing,2026-09-20T19:30:08.247780Z,100,75,5.2,2.5,2.5,1.9,2977,35444,455735,534225,,,
2026-09-21T04:59:06+00:00,11,500040,Mosquera,1,3,Arsenal,Defender,5.3,0.0,-0.2,a,,2026-09-04T14:00:08.080310Z,100,100,1.7,1.5,1.5,1.5,570,5139,30735,463868,,,
2026-09-21T04:59:06+00:00,12,223340,Saka,1,3,Arsenal,Midfielder,9.5,0.0,0.0,a,,,,,13.4,5.8,5.8,5.8,51594,24843,731216,374694,1,,
2026-09-21T04:59:06+00:00,13,204480,Rice,1,3,Arsenal,Midfielder,7.4,0.0,-0.1,a,,,,,12.2,4.2,4.2,4.2,5810,26909,117656,669583,,,
2026-09-21T04:59:06+00:00,14,232413,Eze,1,3,Arsenal,Midfielder,6.3,0.0,-0.2,a,,,,,1.0,0.8,0.8,0.8,966,3684,21885,136528,,,
2026-09-21T04:59:06+00:00,15,184029,Ødegaard,1,3,Arsenal,Midfielder,6.8,0.0,0.3,a,,,,,19.9,4.5,4.5,4.5,41351,51995,1597071,511444,3,,
2026-09-21T04:59:06+00:00,16,248857,Madueke,1,3,Arsenal,Midfielder,6.2,0.0,-0.3,a,,,,,0.2,0.2,0.2,0.2,393,858,5673,25278,,,
2026-09-21T04:59:06+00:00,17,195384,Merino,1,3,Arsenal,Midfielder,5.8,0.0,-0.2,a,,,,,0.4,0.8,0.8,0.8,326,1648,9063,46938,,,
2026-09-21T04:59:06+00:00,18,444145,Martinelli,1,3,Arsenal,Midfielder,6.3,0.0,-0.2,u,Has joined Al Hilal permanently,2026-09-04T12:34:46.738449Z,0,0,0.1,0.0,0.0,0.0,0,291,2483,21592,,,
2026-09-21T04:59:06+00:00,19,481655,Zubimendi,1,3,Arsenal,Midfielder,5.3,0.0,-0.2,a,,,,,0.6,1.0,1.0,1.0,239,2089,8254,65032,,,
2026-09-21T04:59:06+00:00,20,616077,Dowman,1,3,Arsenal,Midfielder,5.3,0.0,-0.2,a,,,,,0.1,0.2,0.2,0.2,244,313,2832,7032,,,
2026-09-21T04:59:06+00:00,22,499175,Nwaneri,1,3,Arsenal,Midfielder,5.4,0.0,-0.1,u,Has joined Borussia Dortmund on loan for the rest of the season,2026-09-02T16:01:07.058827Z,0,0,0.0,0.0,0.0,0.0,0,25,233,1225,,,
2026-09-21T04:59:06+00:00,23,438098,Fábio Vieira,1,3,Arsenal,Midfielder,5.5,0.0,0.0,u,Has joined Hamburger SV permanently,2026-09-02T16:00:28.446370Z,0,0,0.0,0.0,0.0,0.0,0,24,255,903,,,
2026-09-21T04:59:06+00:00,24,200641,Nelson,1,3,Arsenal,Midfielder,5.5,0.0,0.0,u,has departed the club as a free agent.,2026-08-29T00:33:08.556767Z,0,0,0.0,0.0,0.0,0.0,0,9,68,663,,,
2026-09-21T04:59:06+00:00,25,224117,Gyökeres,1,3,Arsenal,Forward,7.1,-0.1,-0.4,a,,,,,3.1,0.5,0.5,0.5,2855,8957,31078,603281,2,,
2026-09-21T04:59:06+00:00,26,219847,Havertz,1,3,Arsenal,Forward,7.6,0.0,0.1,a,,,,,8.5,3.2,3.2,3.2,33116,25588,636349,386060,,,
2026-09-21T04:59:06+00:00,27,205651,G.Jesus,1,3,Arsenal,Forward,5.9,0.0,-0.1,u,Has joined FC Barcelona permanently,2026-09-02T16:00:28.475184Z,0,0,0.1,0.0,0.0,0.0,0,507,4164,28782,,,
2026-09-21T04:59:06+00:00,31,199798,Konsa,1,3,Arsenal,Defender,4.6,0.1,0.1,a,,,,,19.4,3.0,3.0,3.0,55313,23437,1428620,614545,,,
2026-09-21T04:59:06+00:00,452,208706,Bruno G.,1,3,Arsenal,Midfielder,6.7,0.0,-0.3,a,,2026-09-04T14:00:08.328779Z,100,100,1.8,2.2,2.2,2.2,2503,4011,27449,241084,4,,
2026-09-21T04:59:06+00:00,557,439509,Tzolis,1,3,Arsenal,Midfielder,6.3,-0.1,-0.2,a,,,,,12.6,2.5,2.5,2.5,6406,96428,456773,1559636,,,
2026-09-21T04:59:06+00:00,29,72147,M.Bizot,2,7,Aston Villa,Goalkeeper,4.5,0.0,0.0,i,Back injury - Expected back 10 Oct,2026-09-17T07:30:09.058151Z,0,0,0.1,0.2,0.0,0.0,29,589,4623,6965,,,
2026-09-21T04:59:06+00:00,30,101188,Digne,2,7,Aston Villa,Defender,4.5,0.0,0.0,u,Has joined Paris Saint-Germain permanently,2026-08-10T14:03:30.089007Z,0,0,0.0,0.0,0.0,0.0,0,114,0,8525,,,
2026-09-21T04:59:06+00:00,32,199796,Cash,2,7,Aston Villa,Defender,4.4,0.0,-0.1,a,,2026-09-09T14:30:08.192142Z,100,100,4.9,1.2,1.2,1.2,1527,14801,94178,408790,,,
2026-09-21T04:59:06+00:00,33,149484,Mings,2,7,Aston Villa,Defender,4.5,0.0,0.0,a,,,,,0.4,2.0,2.0,2.0,927,733,15647,16757,,,
2026-09-21T04:59:06+00:00,34,244954,Pau,2,7,Aston Villa,Defender,4.5,0.0,0.0,i,Hamstring injury - Expected back 10 Oct,2026-09-12T18:00:08.712707Z,0,0,0.3,0.6,0.0,0.0,16,1896,11209,26254,,,
2026-09-21T04:59:06+00:00,35,515597,Bogarde,2,7,Aston Villa,Midfielder,5.0,0.0,0.0,a,,,,,0.1,0.2,0.2,0.2,95,238,2836,4566,,,
2026-09-21T04:59:06+00:00,36,441302,Maatsen,2,7,Aston Villa,Defender,4.5,0.0,0.0,i,Ankle injury - Unknown return date,2026-09-12T18:00:08.729468Z,0,0,0.5,1.8,0.0,0.0,29,3745,31871,59483,,,
2026-09-21T04:59:06+00:00,37,184667,Lindelöf,2,7,Aston Villa,Defender,4.5,0.0,0.0,a,,,,,0.3,1.6,1.6,1.6,543,647,14143,13670,,,
2026-09-21T04:59:06+00:00,38,606798,A.García,2,7,Aston Villa,Defender,4.0,0.0,0.0,a,,,,,1.5,0.0,0.0,0.0,1036,3346,44482,65246,,,
2026-09-21T04:59:06+00:00,39,578545,Nedeljkovic,2,7,Aston Villa,Defender,4.0,0.0,0.0,u,Has joined Rangers on loan for the rest of the season,2026-08-19T13:56:46.385411Z,0,0,0.1,0.0,0.0,0.0,0,287,0,14972,,,
2026-09-21T04:59:06+00:00,41,195546,Buendía,2,7,Aston Villa,Midfielder,5.9,0.0,-0.1,a,,,,,0.9,4.2,4.2,4.2,6405,2124,54389,93269,1,,
2026-09-21T04:59:06+00:00,44,215711,Bailey,2,7,Aston Villa,Midfielder,5.4,0.0,-0.1,u,Has joined Olympiakos permanently,2026-09-04T12:35:14.472260Z,0,0,0.1,0.0,0.0,0.0,0,278,2096,13009,,,
2026-09-21T04:59:06+00:00,45,122806,McGinn,2,7,Aston Villa,Midfielder,5.4,0.0,-0.1,a,,,,,2.2,3.4,3.4,3.4,3686,4621,67517,151583,,,
2026-09-21T04:59:06+00:00,46,88894,Barkley,2,7,Aston Villa,Midfielder,5.0,0.0,0.0,a,,,,,0.3,2.0,2.0,2.0,309,1010,15866,15487,,,
2026-09-21T04:59:06+00:00,47,226944,Kamara,2,7,Aston Villa,Midfielder,5.0,0.0,0.0,a,,2026-07-23T12:01:23.337269Z,100,100,0.3,3.0,3.0,3.0,679,860,13888,20808,,,
2026-09-21T04:59:06+00:00,48,449871,Onana,2,7,Aston Villa,Midfielder,4.9,0.0,-0.1,i,Knee injury - Unknown return date,2026-07-23T12:01:23.352497Z,0,0,0.0,0.0,0.0,0.0,19,48,490,1618,,,
2026-09-21T04:59:06+00:00,49,469247,Iling Jr,2,7,Aston Villa,Midfielder,5.0,0.0,0.0,u,Has joined Bolton Wanderers on loan for the rest of the season,2026-08-17T13:52:28.532616Z,0,0,0.0,0.0,0.0,0.0,0,7,0,232,,,
2026-09-21T04:59:06+00:00,50,645618,Burrowes,2,7,Aston Villa,Midfielder,4.5,0.0,0.0,a,,,,,0.6,0.0,0.0,0.0,346,1956,21171,33680,,,
2026-09-21T04:59:06+00:00,51,577285,George Hemmings,2,7,Aston Villa,Midfielder,4.5,0.0,0.0,a,,,,,1.2,1.8,1.8,1.8,1822,5907,114505,65840,,,
2026-09-21T04:59:06+00:00,52,653481,Alysson,2,7,Aston Villa,Midfielder,5.0,0.0,0.0,d,Unspecified injury - 75% chance of playing,2026-09-19T11:30:09.355376Z,,75,0.1,1.6,1.6,1.2,51,463,3337,3326,,,
2026-09-21T04:59:06+00:00,53,614071,Manzambi,2,7,Aston Villa,Midfielder,5.9,0.0,-0.1,a,,2026-08-15T15:30:06.388335Z,100,100,0.3,2.8,2.8,2.8,18478,1243,21464,17862,,,
2026-09-21T04:59:06+00:00,54,448089,Gomes,2,7,Aston Villa,Midfielder,5.5,0.0,0.0,a,,2026-09-16T19:30:08.742410Z,100,100,0.0,0.4,0.4,0.4,224,90,1063,3999,,,
2026-09-21T04:59:06+00:00,55,178301,Watkins,2,7,Aston Villa,Forward,7.8,0.0,-0.2,u,Has joined Al Hilal permanently,2026-09-01T13:15:16.698799Z,0,0,2.6,0.0,0.0,0.0,0,6366,14882,753747,,,
2026-09-21T04:59:06+00:00,56,173879,Abraham,2,7,Aston Villa,Forward,5.5,0.0,0.0,a,,2026-08-15T16:00:07.558543Z,100,100,0.2,0.8,0.8,0.8,931,926,14979,12102,,,
2026-09-21T04:59:06+00:00,160,493105,Garnacho,2,7,Aston Villa,Midfielder,5.8,0.0,-0.2,a,,,,,0.3,0.6,0.6,0.6,253,1554,7201,40007,,,
2026-09-21T04:59:06+00:00,166,517052,N.Jackson,2,7,Aston Villa,Forward,6.5,0.0,0.0,a,,,,,1.3,2.0,2.0,2.0,19553,3978,164815,80918,2,,
2026-09-21T04:59:06+00:00,582,690838,Madjo,2,7,Aston Villa,Forward,5.4,0.0,-0.1,i,Unspecified injury - Unknown return date,2026-08-15T16:00:07.974271Z,0,0,0.2,0.0,0.0,0.0,91,1111,2776,29882,,,
2026-09-21T04:59:06+00:00,596,487992,Ruggeri,2,7,Aston Villa,Defender,4.5,0.0,0.0,a,,,,,0.1,1.0,1.0,1.0,299,189,2942,5453,,,
2026-09-21T04:59:06+00:00,597,433969,Suzuki,2,7,Aston Villa,Goalkeeper,5.0,0.0,0.0,a,,,,,1.9,3.2,3.2,3.2,8020,3351,145584,59210,,,
2026-09-21T04:59:06+00:00,606,569577,Rowe,2,7,Aston Villa,Defender,4.0,0.0,0.0,a,,,,,0.2,0.0,0.0,0.0,167,495,12863,5750,,,
2026-09-21T04:59:06+00:00,607,571380,Lynch,2,7,Aston Villa,Midfielder,4.5,0.0,0.0,u,Has joined Oxford United on loan until January,2026-09-04T12:35:39.820426Z,0,0,0.1,0.0,0.0,0.0,0,395,7103,7839,,,
2026-09-21T04:59:06+00:00,611,214590,Wan-Bissaka,2,7,Aston Villa,Defender,4.5,0.0,0.0,a,,,,,0.2,1.5,1.5,1.5,809,753,17662,7086,,,
2026-09-21T04:59:06+00:00,618,119090,Goretzka,2,7,Aston Villa,Midfielder,5.9,0.0,-0.1,i,Knee injury - Expected back 10 Oct,2026-09-09T09:30:08.229436Z,0,0,0.0,0.0,0.0,0.0,7,250,4616,4564,,,
2026-09-21T04:59:06+00:00,630,245719,Harwood-Bellis,2,7,Aston Villa,Defender,4.5,0.0,0.0,a,,,,,0.0,0.0,0.0,0.0,99,104,2076,910,,,
2026-09-21T04:59:06+00:00,631,638987,Mbaye,2,7,Aston Villa,Midfielder,6.0,0.0,0.0,a,,,,,0.1,0.7,0.7,0.7,524,732,10032,4413,,,
2026-09-21T04:59:06+00:00,667,481283,Wright,2,7,Aston Villa,Goalkeeper,4.0,0.0,0.0,a,,,,,0.0,0.0,1.0,1.0,2957,195,2957,195,,,
2026-09-21T04:59:06+00:00,57,457569,Petrović,3,91,Bournemouth,Goalkeeper,4.5,0.0,0.0,a,,,,,3.0,1.8,1.8,1.8,3124,5857,109107,118528,,,
2026-09-21T04:59:06+00:00,58,40383,Forster,3,91,Bournemouth,Goalkeeper,4.0,0.0,0.0,a,,,,,3.5,0.0,0.0,0.0,4733,3556,113927,75377,,,
2026-09-21T04:59:06+00:00,59,444172,Dennis,3,91,Bournemouth,Goalkeeper,4.0,0.0,0.0,u,Has joined MK Dons permanently,2026-08-27T14:53:48.692835Z,0,0,0.1,0.0,0.0,0.0,0,317,1133,7285,,,
2026-09-21T04:59:06+00:00,60,463981,Hill,3,91,Bournemouth,Defender,5.5,0.0,0.0,a,,,,,0.8,2.4,2.4,2.4,1562,1597,29303,42191,,,
2026-09-21T04:59:06+00:00,61,494521,Truffert,3,91,Bournemouth,Defender,5.5,0.0,0.0,a,,,,,3.1,2.0,2.0,2.0,2497,6485,54366,154768,,,
2026-09-21T04:59:06+00:00,62,242882,Diakité,3,91,Bournemouth,Defender,4.9,-0.1,-0.1,a,,,,,0.2,0.0,0.0,0.0,340,536,6998,11601,,,
2026-09-21T04:59:06+00:00,63,620487,Milosavljević,3,91,Bournemouth,Defender,4.9,0.0,-0.1,i,Thigh injury - Unknown return date,2026-08-06T10:00:10.456051Z,0,0,0.0,0.0,0.0,0.0,11,19,317,816,,,
2026-09-21T04:59:06+00:00,64,54469,Smith,3,91,Bournemouth,Defender,4.5,0.0,0.0,a,,,,,0.1,0.8,0.8,0.8,221,237,7019,7065,,,
2026-09-21T04:59:06+00:00,65,436893,J.Araujo,3,91,Bournemouth,Defender,4.4,0.0,-0.1,i,Thigh injury - Unknown return date,2026-08-09T08:00:05.645826Z,0,0,0.0,0.0,0.0,0.0,19,28,403,1267,,,
2026-09-21T04:59:06+00:00,66,575901,Soler,3,91,Bournemouth,Defender,4.0,0.0,0.0,a,,2026-08-15T16:30:07.021055Z,100,100,0.3,0.0,0.0,0.0,426,610,13517,10495,,,
2026-09-21T04:59:06+00:00,67,499604,Rayan,3,91,Bournemouth,Midfielder,6.3,-0.1,-0.2,a,,,,,1.6,2.0,2.0,2.0,2128,5587,50798,165083,,,
2026-09-21T04:59:06+00:00,68,201658,Tavernier,3,91,Bournemouth,Midfielder,6.1,0.0,0.1,a,,,,,6.7,6.2,6.2,6.2,47778,22799,658971,197523,3,,
2026-09-21T04:59:06+00:00,69,503139,Scott,3,91,Bournemouth,Midfielder,6.1,0.0,0.1,a,,,,,5.7,6.0,6.0,6.0,12199,22242,536102,192418,,,
2026-09-21T04:59:06+00:00,70,222683,Kluivert,3,91,Bournemouth,Midfielder,6.0,0.0,0.0,i,Unspecified injury - Unknown return date,2026-09-20T15:30:09.074071Z,,0,1.0,3.0,3.0,0.0,2227,8622,52584,73504,2,,
2026-09-21T04:59:06+00:00,71,155408,Cook,3,91,Bournemouth,Midfielder,5.0,0.0,0.0,a,,,,,0.2,1.6,1.6,1.6,149,648,12983,13429,,,
2026-09-21T04:59:06+00:00,72,496208,Gannon-Doak,3,91,Bournemouth,Midfielder,4.9,0.0,-0.1,a,,,,,0.1,0.8,0.8,0.8,74,207,1574,4467,,,
2026-09-21T04:59:06+00:00,73,200785,Adams,3,91,Bournemouth,Midfielder,5.0,0.0,0.0,a,,2026-08-15T16:30:07.029928Z,100,100,0.3,2.4,2.4,2.4,559,926,17768,15917,,,
2026-09-21T04:59:06+00:00,74,111317,Brooks,3,91,Bournemouth,Midfielder,5.0,0.0,0.0,a,,2026-08-15T16:30:07.037929Z,100,100,0.1,0.6,0.6,0.6,87,178,3269,3636,,,
2026-09-21T04:59:06+00:00,75,158499,Christie,3,91,Bournemouth,Midfielder,5.0,0.0,0.0,a,,2026-07-24T17:30:10.035483Z,100,100,0.0,1.0,1.0,1.0,151,134,3406,2079,,,
2026-09-21T04:59:06+00:00,76,614574,Tóth.A,3,91,Bournemouth,Midfielder,4.9,0.0,-0.1,a,,,,,0.0,0.4,0.4,0.4,14,30,371,759,,,
2026-09-21T04:59:06+00:00,77,489888,Adli,3,91,Bournemouth,Midfielder,4.9,0.0,-0.1,i,Calf injury - Unknown return date,2026-08-15T16:00:07.590566Z,0,0,0.0,0.0,0.0,0.0,13,41,282,2182,,,
2026-09-21T04:59:06+00:00,78,560262,Kroupi.Jr,3,91,Bournemouth,Midfielder,7.4,0.0,-0.1,i,Foot injury - Expected back 7 Nov,2026-07-29T17:30:09.796802Z,0,0,0.2,0.0,0.0,0.0,87,440,1133,26958,1,,
2026-09-21T04:59:06+00:00,79,444102,Evanilson,3,91,Bournemouth,Forward,6.0,0.0,0.0,a,,,,,3.2,3.6,3.6,3.6,9750,11656,245211,166483,,,
2026-09-21T04:59:06+00:00,80,168636,Enes Ünal,3,91,Bournemouth,Forward,5.5,0.0,0.0,u,Has joined Getafe permanently,2026-08-14T14:14:21.881112Z,0,0,0.0,0.0,0.0,0.0,0,23,0,1955,,,
2026-09-21T04:59:06+00:00,81,561245,Rodríguez,3,91,Bournemouth,Forward,6.0,0.0,0.0,a,,2026-08-15T16:30:07.054142Z,100,100,0.1,0.4,0.4,0.4,399,357,5106,6488,,,
2026-09-21T04:59:06+00:00,566,483067,Silva,3,91,Bournemouth,Defender,5.0,0.0,0.0,a,,,,,0.4,2.6,2.6,2.6,1672,1098,27134,22539,,,
2026-09-21T04:59:06+00:00,573,494928,Sanchez,3,91,Bournemouth,Defender,4.4,0.0,-0.1,a,,,,,0.2,0.0,0.0,0.0,87,222,1507,6879,,,
2026-09-21T04:59:06+00:00,608,523700,Jebbison,3,91,Bournemouth,Forward,5.0,0.0,0.0,a,,,,,0.1,0.6,0.6,0.6,474,475,12837,6830,,,
2026-09-21T04:59:06+00:00,615,230650,Di Gregorio,3,91,Bournemouth,Goalkeeper,4.5,0.0,0.0,a,,,,,0.0,0.0,0.0,0.0,104,105,2847,1654,,,
2026-09-21T04:59:06+00:00,82,200720,Kelleher,4,94,Brentford,Goalkeeper,5.0,0.0,0.0,a,,,,,6.1,4.0,4.0,4.0,12360,6344,243997,206610,,,
2026-09-21T04:59:06+00:00,83,507433,Valdimarsson,4,94,Brentford,Goalkeeper,4.5,0.0,0.0,a,,,,,0.1,0.0,0.0,0.0,142,180,2707,4430,,,
2026-09-21T04:59:06+00:00,84,432830,Collins,4,94,Brentford,Defender,5.4,0.0,-0.1,i,Calf injury - Unknown return date,2026-09-05T18:00:06.182495Z,0,0,1.0,2.0,0.0,0.0,61,5279,58680,152635,,,
2026-09-21T04:59:06+00:00,85,444765,Van den Berg,4,94,Brentford,Defender,4.9,0.0,-0.1,i,Groin injury - Unknown return date,2026-08-15T15:30:06.416627Z,0,0,0.1,0.0,0.0,0.0,21,162,394,8768,,,
2026-09-21T04:59:06+00:00,86,249231,Lewis-Potter,4,94,Brentford,Midfielder,5.5,0.0,0.0,a,,,,,1.7,4.4,4.4,4.4,2315,7617,188960,115998,,,
2026-09-21T04:59:06+00:00,87,191866,Ajer,4,94,Brentford,Defender,4.5,0.0,0.0,a,,,,,4.0,4.2,4.2,4.2,6936,11506,312423,265198,,,
2026-09-21T04:59:06+00:00,88,607464,Kayode,4,94,Brentford,Defender,4.6,0.0,0.1,a,,,,,7.7,4.6,4.6,4.6,8479,11312,591177,357546,,,
2026-09-21T04:59:06+00:00,89,194010,Henry,4,94,Brentford,Defender,4.4,0.0,-0.1,a,,,,,0.2,0.2,0.2,0.2,94,322,1918,8320,,,
2026-09-21T04:59:06+00:00,90,472713,Hickey,4,94,Brentford,Defender,4.5,0.0,0.0,a,,,,,0.1,1.0,1.0,1.0,91,135,2005,2868,,,
2026-09-21T04:59:06+00:00,92,570241,Ji-soo,4,94,Brentford,Defender,4.4,-0.1,-0.1,a,,,,,0.0,0.0,0.0,0.0,40,53,474,925,,,
2026-09-21T04:59:06+00:00,93,513086,Schuster,4,94,Brentford,Defender,4.5,0.0,0.0,a,,,,,0.2,4.2,4.2,4.2,10685,974,12247,5462,,,
2026-09-21T04:59:06+00:00,94,513418,Schade,4,94,Brentford,Midfielder,6.1,0.0,0.1,a,,,,,9.8,7.8,7.8,7.8,229404,10585,849259,230589,2,,
2026-09-21T04:59:06+00:00,95,533463,O.Dango,4,94,Brentford,Midfielder,6.3,0.0,-0.2,a,,,,,0.5,1.4,1.4,1.4,433,2159,14794,80738,,,
2026-09-21T04:59:06+00:00,96,440089,Damsgaard,4,94,Brentford,Midfielder,5.4,0.0,-0.1,a,,,,,0.4,3.2,3.2,3.2,837,1201,14348,29317,,,
2026-09-21T04:59:06+00:00,97,207283,Jensen,4,94,Brentford,Midfielder,5.4,0.0,-0.1,i,Unspecified injury - Expected back 10 Oct,2026-08-30T12:30:08.176795Z,0,0,0.1,1.2,0.0,0.0,10,351,4495,14785,3,,
2026-09-21T04:59:06+00:00,98,204580,Janelt,4,94,Brentford,Midfielder,5.0,0.0,0.0,a,,,,,2.5,5.6,5.6,5.6,11977,10677,299037,99768,,,
2026-09-21T04:59:06+00:00,99,543295,Milambo,4,94,Brentford,Midfielder,5.0,0.0,0.0,i,Knee injury - Unknown return date,2026-07-23T12:01:23.384798Z,0,0,0.0,0.0,0.0,0.0,5,6,114,158,,,
2026-09-21T04:59:06+00:00,100,244858,Carvalho,4,94,Brentford,Midfielder,5.0,0.0,0.0,a,,2026-08-18T13:58:17.442072Z,100,100,0.0,1.2,1.2,1.2,389,98,1687,1376,,,
2026-09-21T04:59:06+00:00,102,508395,Yarmoliuk,4,94,Brentford,Midfielder,4.8,0.0,-0.2,a,,,,,0.7,1.8,1.8,1.8,730,1759,5183,60109,,,
2026-09-21T04:59:06+00:00,103,183656,Dasilva,4,94,Brentford,Midfielder,4.9,0.0,-0.1,i,Hamstring injury - Expected back 10 Oct,2026-09-04T13:30:08.371955Z,0,0,0.0,0.0,0.0,0.0,5,53,396,1898,,,
2026-09-21T04:59:06+00:00,105,444180,Anthony,4,94,Brentford,Midfielder,5.9,0.0,-0.1,a,,,,,0.1,3.0,3.0,3.0,1348,316,6346,10717,,,
2026-09-21T04:59:06+00:00,106,502500,Thiago,4,94,Brentford,Forward,7.8,0.0,-0.2,a,,,,,9.0,2.0,2.0,2.0,31611,19835,252034,1016743,1,,
2026-09-21T04:59:06+00:00,107,593174,Furo,4,94,Brentford,Forward,4.5,0.0,0.0,i,Unspecified injury - Unknown return date,2026-09-14T14:00:09.985723Z,0,0,0.9,0.0,0.0,0.0,343,5674,61416,62836,,,
2026-09-21T04:59:06+00:00,108,75115,Wilson,4,94,Brentford,Forward,5.4,-0.1,-0.1,a,,,,,0.3,0.6,0.6,0.6,618,1489,14967,25554,,,
2026-09-21T04:59:06+00:00,565,513545,M.Sangaré,4,94,Brentford,Midfielder,5.6,-0.1,0.1,a,,,,,10.3,4.4,4.4,4.4,4938,95986,1224226,777875,,,
2026-09-21T04:59:06+00:00,620,613804,Diouf,4,94,Brentford,Defender,4.5,0.0,0.0,a,,,,,0.1,0.5,0.5,0.5,260,411,13421,7073,,,
2026-09-21T04:59:06+00:00,657,626464,Nunes,4,94,Brentford,Midfielder,4.5,0.0,0.0,a,,,,,0.0,0.0,0.0,0.0,201,152,1943,545,,,
2026-09-21T04:59:06+00:00,660,612534,Fredrick,4,94,Brentford,Defender,4.0,0.0,0.0,a,,,,,0.0,0.0,1.1,1.1,267,32,267,32,,,
2026-09-21T04:59:06+00:00,661,235448,Balcombe,4,94,Brentford,Goalkeeper,4.0,0.0,0.0,a,,,,,0.0,0.0,1.0,1.0,1836,236,1836,236,,,
2026-09-21T04:59:06+00:00,109,489639,Verbruggen,5,36,Brighton,Goalkeeper,4.5,0.0,0.0,a,,,,,21.7,4.6,4.6,4.6,37670,39289,731145,575143,,,
2026-09-21T04:59:06+00:00,111,49262,Steele,5,36,Brighton,Goalkeeper,4.0,0.0,0.0,a,,,,,4.2,0.0,0.0,0.0,4206,8421,144393,114176,,,
2026-09-21T04:59:06+00:00,113,231416,F.Kadıoğlu,5,36,Brighton,Defender,4.4,0.0,-0.1,a,,2026-08-23T13:00:07.595211Z,100,100,1.6,2.6,2.6,2.6,2303,3888,28716,131431,,,
2026-09-21T04:59:06+00:00,114,204120,Boscagli,5,36,Brighton,Defender,4.5,0.0,0.0,a,,,,,0.3,3.8,3.8,3.8,1149,393,15366,11470,,,
2026-09-21T04:59:06+00:00,115,465730,De Cuyper,5,36,Brighton,Defender,4.9,0.0,0.4,a,,,,,26.6,7.6,7.6,7.6,166640,9270,2584979,394301,,,
2026-09-21T04:59:06+00:00,116,83299,Dunk,5,36,Brighton,Defender,4.5,0.0,0.0,a,,,,,1.5,4.4,4.4,4.4,5672,4052,87233,45116,,,
2026-09-21T04:59:06+00:00,117,550090,Coppola,5,36,Brighton,Defender,4.5,0.0,0.0,a,,,,,0.0,0.0,0.0,0.0,60,52,872,1015,,,
2026-09-21T04:59:06+00:00,118,223434,Igor,5,36,Brighton,Defender,4.5,0.0,0.0,u,Has joined Burnley permanently,2026-09-02T15:38:15.529699Z,0,0,0.0,0.0,0.0,0.0,0,165,915,5808,,,
2026-09-21T04:59:06+00:00,119,451490,Costinha,5,36,Brighton,Defender,4.5,0.0,0.0,a,,,,,0.0,0.8,0.8,0.8,75,71,1180,1396,,,
2026-09-21T04:59:06+00:00,120,454490,Svoboda,5,36,Brighton,Defender,5.0,0.0,0.0,a,,,,,0.1,0.2,0.2,0.2,675,239,3851,3761,,,
2026-09-21T04:59:06+00:00,121,451340,Mitoma,5,36,Brighton,Midfielder,5.9,0.0,-0.1,i,Hamstring injury - Expected back 10 Oct,2026-07-24T18:30:10.661894Z,0,0,0.0,0.0,0.0,0.0,58,96,484,3033,,,
2026-09-21T04:59:06+00:00,122,592031,Minteh,5,36,Brighton,Midfielder,5.8,-0.1,-0.2,i,Leg injury - Expected back 28 Nov,2026-08-14T18:00:06.418033Z,0,0,0.0,0.0,0.0,0.0,22,111,312,6785,,,
2026-09-21T04:59:06+00:00,123,532529,Hinshelwood,5,36,Brighton,Midfielder,5.9,0.0,-0.1,i,Ankle injury - Expected back 10 Oct,2026-08-27T19:30:07.780933Z,0,0,0.6,3.2,0.0,0.0,123,4026,147744,213252,,,
2026-09-21T04:59:06+00:00,124,60307,Groß,5,36,Brighton,Midfielder,5.8,0.1,0.3,a,,,,,26.1,9.4,9.4,9.4,517468,5809,1877961,535592,1,,
2026-09-21T04:59:06+00:00,125,463067,Georginio,5,36,Brighton,Forward,5.3,-0.1,-0.2,a,,2026-08-26T16:00:07.608056Z,100,100,0.5,1.2,1.2,1.2,1323,2346,33320,74974,,,
2026-09-21T04:59:06+00:00,126,219249,O'Riley,5,36,Brighton,Midfielder,5.4,0.0,-0.1,a,,,,,0.1,0.4,0.4,0.4,199,300,3373,6256,3,,
2026-09-21T04:59:06+00:00,127,514254,Gomez,5,36,Brighton,Midfielder,5.0,0.0,0.0,a,,,,,4.1,4.8,4.8,4.8,6546,25000,329053,286631,,,
2026-09-21T04:59:06+00:00,128,536916,Buonanotte,5,36,Brighton,Midfielder,5.0,0.0,0.0,u,Has joined Elche on loan for the rest of the season,2026-08-10T14:03:07.561436Z,0,0,0.0,0.0,0.0,0.0,0,3,0,326,,,
2026-09-21T04:59:06+00:00,129,509416,Ayari,5,36,Brighton,Midfielder,5.4,0.0,-0.1,a,,2026-08-30T18:00:07.935334Z,100,100,0.4,3.0,3.0,3.0,1231,1160,11472,40715,,,
2026-09-21T04:59:06+00:00,130,467779,Wieffer,5,36,Brighton,Defender,4.9,0.0,-0.1,i,Knee injury - Unknown return date,2026-09-04T09:30:08.612904Z,0,0,0.2,1.4,0.0,0.0,17,1124,25932,42556,,,
2026-09-21T04:59:06+00:00,132,597320,Howell,5,36,Brighton,Midfielder,4.5,0.0,0.0,u,Has joined Leicester City on loan for the rest of the season,2026-08-17T13:53:19.019938Z,0,0,0.0,0.0,0.0,0.0,0,120,0,3598,,,
2026-09-21T04:59:06+00:00,133,549074,Watson,5,36,Brighton,Midfielder,5.0,0.0,0.0,u,Has joined Leicester City on loan for the rest of the season,2026-08-03T14:05:44.459483Z,0,0,0.0,0.0,0.0,0.0,0,1,0,132,,,
2026-09-21T04:59:06+00:00,134,556637,Oriola,5,36,Brighton,Midfielder,4.5,0.0,0.0,a,,,,,0.2,0.0,0.0,0.0,180,780,8584,13648,,,
2026-09-21T04:59:06+00:00,135,700308,Yohanna,5,36,Brighton,Midfielder,4.9,0.0,-0.1,i,Unspecified injury - Expected back 10 Oct,2026-09-10T13:00:08.617941Z,0,0,0.0,0.2,0.0,0.0,3,214,1246,5321,,,
2026-09-21T04:59:06+00:00,137,608181,Tzimas,5,36,Brighton,Forward,5.4,0.0,-0.1,i,Knee injury - Unknown return date,2026-07-23T12:01:23.432796Z,0,0,0.0,0.0,0.0,0.0,20,23,317,721,,,
2026-09-21T04:59:06+00:00,138,647850,Kostoulas,5,36,Brighton,Forward,5.6,0.1,0.1,a,,,,,2.9,5.6,5.6,5.6,193054,6021,297745,38531,,,
2026-09-21T04:59:06+00:00,139,487117,Ferguson,5,36,Brighton,Forward,5.0,0.0,0.0,i,Ankle injury - Expected back 10 Oct,2026-07-23T12:01:23.448357Z,0,0,0.0,0.0,0.0,0.0,62,140,1513,2409,,,
2026-09-21T04:59:06+00:00,328,222694,Struijk,5,36,Brighton,Defender,4.9,0.0,-0.1,a,,2026-08-15T20:30:07.523574Z,100,100,0.2,1.4,1.4,1.4,453,279,5482,11530,,,
2026-09-21T04:59:06+00:00,504,610799,Vuskovic,5,36,Brighton,Defender,5.0,0.0,0.0,a,,,,,3.4,6.4,6.4,6.4,30047,5796,233147,130608,,,
2026-09-21T04:59:06+00:00,594,538007,David,5,36,Brighton,Forward,5.9,-0.1,-0.1,a,,,,,0.2,0.2,0.2,0.2,1610,1281,13472,21554,2,,
2026-09-21T04:59:06+00:00,600,612855,Osman,5,36,Brighton,Midfielder,5.0,0.0,0.0,a,,,,,0.0,0.6,0.6,0.6,50,68,881,1035,,,
2026-09-21T04:59:06+00:00,605,611695,Yalcouyé,5,36,Brighton,Midfielder,4.5,0.0,0.0,a,,,,,4.0,4.0,4.0,4.0,15271,21132,544160,159086,,,
2026-09-21T04:59:06+00:00,614,512123,Hadjam,5,36,Brighton,Defender,4.5,0.0,0.0,a,,,,,0.0,0.0,0.0,0.0,151,151,3890,1856,,,
2026-09-21T04:59:06+00:00,624,519324,Cozier-Duberry,5,36,Brighton,Midfielder,5.0,0.0,0.0,u,Has joined Middlesbrough on loan for the rest of the season,2026-09-02T15:38:15.552951Z,0,0,0.0,0.0,0.0,0.0,0,0,117,108,,,
2026-09-21T04:59:06+00:00,639,592984,Andrés,5,36,Brighton,Midfielder,5.5,0.0,0.0,a,,,,,0.0,4.0,4.0,4.0,1354,144,2598,612,,,
2026-09-21T04:59:06+00:00,652,471551,Azeez,5,36,Brighton,Midfielder,5.5,0.0,0.0,i,Hamstring injury - Expected back 10 Oct,2026-09-04T11:30:08.661589Z,0,0,0.0,0.0,0.0,0.0,13,30,436,187,,,
2026-09-21T04:59:06+00:00,658,661016,Ibrahim,5,36,Brighton,Midfielder,4.5,0.0,0.0,a,,,,,0.0,0.0,0.0,0.0,157,115,1320,383,,,
2026-09-21T04:59:06+00:00,28,98980,Martinez,6,8,Chelsea,Goalkeeper,5.0,0.0,0.0,a,,,,,4.8,1.8,1.8,1.8,3737,13014,241504,237595,,,
2026-09-21T04:59:06+00:00,40,244850,Rogers,6,8,Chelsea,Midfielder,7.7,0.0,0.2,a,,,,,40.2,5.8,5.8,5.8,75411,39516,2404834,631203,,,
2026-09-21T04:59:06+00:00,101,56979,Henderson,6,8,Chelsea,Midfielder,4.9,0.0,-0.1,a,,2026-08-09T09:30:07.136250Z,50,100,0.0,0.4,0.2,0.4,271,68,884,2542,,,
2026-09-21T04:59:06+00:00,136,50175,Welbeck,6,8,Chelsea,Forward,5.9,0.0,-0.1,a,,2026-08-20T14:00:07.949090Z,100,100,1.0,0.8,0.8,0.8,4424,5415,58360,79319,,,
2026-09-21T04:59:06+00:00,140,215059,Sánchez,6,8,Chelsea,Goalkeeper,4.9,0.0,-0.1,u,Has joined Como on loan for the rest of the season,2026-09-02T16:20:41.841936Z,0,0,0.7,0.4,0.0,0.0,0,2497,10847,174105,,,
2026-09-21T04:59:06+00:00,141,508479,Jörgensen,6,8,Chelsea,Goalkeeper,5.0,0.0,0.0,u,Has joined RC Strasbourg on loan for the rest of the season,2026-08-12T14:07:02.607115Z,0,0,0.0,0.0,0.0,0.0,0,17,0,935,,,
2026-09-21T04:59:06+00:00,142,225796,James,6,8,Chelsea,Defender,5.4,0.0,-0.1,d,Hamstring injury - 75% chance of playing,2026-09-18T10:30:09.719371Z,75,75,6.1,0.6,0.4,0.4,346,47883,168551,570572,,,
2026-09-21T04:59:06+00:00,143,180736,Chalobah,6,8,Chelsea,Defender,5.5,0.0,0.0,u,Has joined Como permanently,2026-08-10T14:03:50.769483Z,0,0,0.1,0.0,0.0,0.0,0,143,0,13773,,,
2026-09-21T04:59:06+00:00,144,482609,Gusto,6,8,Chelsea,Defender,5.0,0.0,0.0,a,,,,,1.0,0.8,0.8,0.8,1001,4384,36328,64864,,,
2026-09-21T04:59:06+00:00,145,444463,Fofana,6,8,Chelsea,Defender,5.0,0.0,0.0,a,,2026-07-23T12:01:23.464591Z,100,100,0.2,1.6,1.6,1.6,1236,620,17342,7561,,,
2026-09-21T04:59:06+00:00,146,242880,B.Badiashile,6,8,Chelsea,Defender,4.5,0.0,0.0,u,Has joined Napoli on loan for the rest of the season,2026-08-25T14:03:47.079414Z,0,0,0.0,0.0,0.0,0.0,0,26,232,1923,,,
2026-09-21T04:59:06+00:00,148,551210,Hato,6,8,Chelsea,Defender,4.5,0.0,0.0,a,,,,,0.8,1.6,1.6,1.6,424,4791,90819,57118,,,
2026-09-21T04:59:06+00:00,149,460028,Colwill,6,8,Chelsea,Defender,4.8,-0.1,-0.2,a,,,,,0.9,0.6,0.6,0.6,569,3243,26225,96268,,,
2026-09-21T04:59:06+00:00,150,574458,M.Sarr,6,8,Chelsea,Defender,4.5,0.0,0.0,u,Has joined Real Sociedad on loan for the rest of the season,2026-08-29T00:34:23.077418Z,0,0,0.0,0.0,0.0,0.0,0,89,429,5905,,,
2026-09-21T04:59:06+00:00,151,577016,Acheampong,6,8,Chelsea,Defender,4.5,0.0,0.0,a,,,,,0.3,1.0,1.0,1.0,231,1081,20943,21640,,,
2026-09-21T04:59:06+00:00,152,620109,Palestra,6,8,Chelsea,Defender,5.3,0.0,-0.2,d,Thigh injury - 50% chance of playing,2026-08-24T18:30:07.421239Z,50,50,0.6,0.0,0.0,0.0,100,2224,6560,218765,,,
2026-09-21T04:59:06+00:00,154,244851,Palmer,6,8,Chelsea,Midfielder,9.7,0.0,0.2,a,,2026-08-24T22:00:07.971542Z,100,100,26.7,5.6,5.6,5.6,30705,62747,1934081,558053,1,,
2026-09-21T04:59:06+00:00,156,247632,Neto,6,8,Chelsea,Midfielder,6.5,0.0,0.0,a,,,,,1.4,2.8,2.8,2.8,2337,5824,79462,87475,,,
2026-09-21T04:59:06+00:00,157,624773,Estêvão,6,8,Chelsea,Midfielder,6.3,0.0,-0.2,a,,,,,0.7,0.8,0.8,0.8,781,2444,16695,85179,2,,
2026-09-21T04:59:06+00:00,158,463936,Gittens,6,8,Chelsea,Midfielder,5.8,-0.1,-0.2,a,,,,,0.0,0.0,0.0,0.0,80,110,1059,2740,,,
2026-09-21T04:59:06+00:00,159,486672,Caicedo,6,8,Chelsea,Midfielder,5.3,0.0,-0.2,d,Calf injury - 50% chance of playing,2026-08-30T16:00:08.393562Z,50,50,1.1,0.2,0.1,0.1,217,5056,14855,277448,,,
2026-09-21T04:59:06+00:00,161,514356,Lavia,6,8,Chelsea,Midfielder,5.0,0.0,0.0,a,,,,,0.2,2.2,2.2,2.2,217,1568,25592,14678,,,
2026-09-21T04:59:06+00:00,163,491007,D.Essugo,6,8,Chelsea,Midfielder,4.5,0.0,0.0,u,Has joined RC Strasbourg on loan for the rest of the season,2026-09-02T16:20:41.865225Z,0,0,0.1,0.0,0.0,0.0,0,405,2698,14117,,,
2026-09-21T04:59:06+00:00,164,593117,Quenda,6,8,Chelsea,Midfielder,5.3,0.0,-0.2,a,,2026-07-24T20:30:10.609931Z,100,100,0.0,0.4,0.4,0.4,36,96,868,3316,,,
2026-09-21T04:59:06+00:00,165,475168,João Pedro,6,8,Chelsea,Forward,7.8,0.0,0.3,d,Knee injury - 75% chance of playing,2026-09-16T19:00:09.919929Z,75,75,66.7,6.6,4.9,4.9,28150,232662,1542891,1305158,,,
2026-09-21T04:59:06+00:00,168,499309,Marc Guiu,6,8,Chelsea,Forward,5.0,0.0,0.0,u,Has joined RB Leipzig permanently,2026-09-01T13:24:48.857362Z,0,0,0.2,0.0,0.0,0.0,0,826,4102,32550,,,
2026-09-21T04:59:06+00:00,169,567119,Mheuka,6,8,Chelsea,Forward,4.5,0.0,0.0,a,,,,,0.5,0.0,0.0,0.0,2456,1840,30177,23629,,,
2026-09-21T04:59:06+00:00,170,503037,Emegha,6,8,Chelsea,Forward,5.0,0.0,0.0,i,Hamstring injury - Expected back 10 Oct,2026-09-09T15:00:09.063849Z,0,0,0.1,0.0,0.0,0.0,36,612,6036,12119,,,
2026-09-21T04:59:06+00:00,200,437499,Lacroix,6,8,Chelsea,Defender,5.9,-0.1,-0.1,a,,,,,6.9,2.6,2.6,2.6,3715,16854,170369,412430,,,
2026-09-21T04:59:06+00:00,560,549939,Penders,6,8,Chelsea,Goalkeeper,4.4,0.0,-0.1,a,,,,,0.1,0.0,0.0,0.0,137,166,1912,3486,,,
2026-09-21T04:59:06+00:00,561,622758,Anselmino,6,8,Chelsea,Defender,4.5,0.0,0.0,a,,2026-08-23T19:00:08.536705Z,100,100,0.0,0.0,0.0,0.0,35,71,792,1219,,,
2026-09-21T04:59:06+00:00,568,543158,Barco,6,8,Chelsea,Midfielder,5.4,0.0,-0.1,a,,,,,0.1,0.6,0.6,0.6,121,262,3044,6829,,,
2026-09-21T04:59:06+00:00,583,498444,Chavarria,6,8,Chelsea,Defender,4.9,0.0,-0.1,a,,,,,0.1,1.0,1.0,1.0,230,297,3190,10903,,,
2026-09-21T04:59:06+00:00,662,636846,Nicoll-Jazuli,6,8,Chelsea,Midfielder,4.5,0.0,0.0,a,,,,,0.0,1.0,1.1,1.1,187,26,187,26,,,
2026-09-21T04:59:06+00:00,91,231065,Pinnock,7,9,Coventry City,Defender,4.5,0.0,0.0,a,,,,,0.1,2.8,2.8,2.8,191,127,2360,3898,,,
2026-09-21T04:59:06+00:00,104,428580,Onyeka,7,9,Coventry City,Midfielder,4.9,0.0,-0.1,a,,2026-09-15T09:00:07.851220Z,100,100,0.1,1.8,1.8,1.8,87,251,3897,9378,,,
2026-09-21T04:59:06+00:00,110,472739,Rushworth,7,9,Coventry City,Goalkeeper,4.5,0.0,0.0,a,,,,,0.8,3.8,3.8,3.8,1241,3671,22388,56835,,,
2026-09-21T04:59:06+00:00,171,484389,Dovin,7,9,Coventry City,Goalkeeper,4.0,0.0,0.0,u,Has joined Leyton Orient on loan for the rest of the season,2026-09-02T15:44:14.839336Z,0,0,1.0,0.0,0.0,0.0,0,2559,8924,55727,,,
2026-09-21T04:59:06+00:00,172,110690,Wilson,7,9,Coventry City,Goalkeeper,4.4,0.0,-0.1,a,,,,,0.4,0.0,0.0,0.0,115,325,1285,12022,,,
2026-09-21T04:59:06+00:00,173,461102,Thomas,7,9,Coventry City,Defender,4.0,0.0,0.0,a,,,,,8.6,5.2,5.2,5.2,12344,15258,349778,268282,,,
2026-09-21T04:59:06+00:00,174,436761,Kitching,7,9,Coventry City,Defender,4.0,0.0,0.0,u,Has joined Sheffield United on loan for the rest of the season,2026-09-02T16:21:03.612394Z,0,0,0.3,0.0,0.0,0.0,0,943,981,32036,,,
2026-09-21T04:59:06+00:00,175,451284,van Ewijk,7,9,Coventry City,Defender,4.0,0.0,0.0,d,Hamstring injury - 75% chance of playing,2026-09-19T16:00:09.486751Z,,75,9.1,1.2,1.2,0.9,884,42944,122789,467618,,,
2026-09-21T04:59:06+00:00,176,173878,Dasilva,7,9,Coventry City,Defender,4.0,0.0,0.0,a,,,,,0.7,4.8,4.8,4.8,2858,729,12141,21695,,,
2026-09-21T04:59:06+00:00,177,465390,Kesler-Hayden,7,9,Coventry City,Defender,3.9,-0.1,-0.1,i,Hamstring injury - Unknown return date,2026-08-27T14:56:28.704361Z,0,0,0.0,0.0,0.0,0.0,580,190,1179,3415,,,
2026-09-21T04:59:06+00:00,178,80178,Bidwell,7,9,Coventry City,Defender,4.0,0.0,0.0,a,,,,,0.1,0.0,0.0,0.0,108,156,2415,3387,,,
2026-09-21T04:59:06+00:00,179,204813,Latibeaudiere,7,9,Coventry City,Defender,4.0,0.0,0.0,a,,,,,0.0,0.2,0.2,0.2,44,71,955,1674,,,
2026-09-21T04:59:06+00:00,180,220583,Woolfenden,7,9,Coventry City,Defender,4.0,0.0,0.0,i,Knee injury - Unknown return date,2026-08-27T14:56:28.718566Z,0,0,0.1,0.0,0.0,0.0,13,292,2248,8801,,,
2026-09-21T04:59:06+00:00,181,577411,Brau,7,9,Coventry City,Defender,4.0,0.0,0.0,u,Has joined Academico de Viseu on loan for the rest of the season,2026-08-29T00:35:59.980316Z,0,0,0.0,0.0,0.0,0.0,0,51,275,2121,,,
2026-09-21T04:59:06+00:00,182,539142,Amenda,7,9,Coventry City,Defender,4.0,0.0,0.0,i,Calf injury - Unknown return date,2026-09-17T07:30:09.329041Z,25,0,0.6,0.8,0.2,0.0,17,3670,11462,30572,,,
2026-09-21T04:59:06+00:00,183,480457,Rudoni,7,9,Coventry City,Midfielder,4.9,0.0,-0.1,a,,2026-07-23T12:01:23.481435Z,100,100,0.1,3.0,3.0,3.0,425,348,3895,7737,,,
2026-09-21T04:59:06+00:00,184,168144,Grimes,7,9,Coventry City,Midfielder,4.9,0.0,-0.1,a,,,,,0.1,2.2,2.2,2.2,117,527,4014,10918,3,,
2026-09-21T04:59:06+00:00,185,501459,Sakamoto,7,9,Coventry City,Midfielder,4.8,0.0,-0.2,a,,,,,0.1,0.2,0.2,0.2,77,226,967,5598,,,
2026-09-21T04:59:06+00:00,186,241293,Mason-Clark,7,9,Coventry City,Midfielder,5.4,0.0,-0.1,a,,2026-08-19T18:00:08.310507Z,100,100,0.1,1.2,1.2,1.2,34,217,1073,5821,,,
2026-09-21T04:59:06+00:00,187,439668,Eccles,7,9,Coventry City,Midfielder,4.8,-0.1,-0.2,i,Unspecified injury - Expected back 12 Oct,2026-09-10T18:30:08.877110Z,0,0,0.0,0.0,0.0,0.0,10,60,623,1436,,,
2026-09-21T04:59:06+00:00,188,226965,Torp,7,9,Coventry City,Midfielder,5.3,-0.1,-0.2,a,,,,,0.1,0.5,0.5,0.5,29,249,782,7781,2,,
2026-09-21T04:59:06+00:00,189,684268,Shepherd,7,9,Coventry City,Midfielder,4.4,0.0,-0.1,a,,,,,0.3,0.0,0.0,0.0,2563,1375,9283,14246,,,
2026-09-21T04:59:06+00:00,190,469272,Tchaouna,7,9,Coventry City,Midfielder,5.4,0.0,-0.1,a,,,,,0.1,0.8,0.8,0.8,6,182,3122,8059,,,
2026-09-21T04:59:06+00:00,191,492498,Borges Rodrigues,7,9,Coventry City,Midfielder,4.5,0.0,0.0,u,Has joined Burton Albion on loan for the rest of the season,2026-09-02T15:44:14.868001Z,0,0,0.1,0.0,0.0,0.0,0,412,1943,11236,,,
2026-09-21T04:59:06+00:00,192,629397,Andrews,7,9,Coventry City,Midfielder,4.5,0.0,0.0,u,Has joined Oxford United on loan for the rest of the season,2026-08-29T00:35:59.998520Z,0,0,0.3,0.0,0.0,0.0,0,1139,2718,40244,,,
2026-09-21T04:59:06+00:00,193,176412,Wright,7,9,Coventry City,Forward,5.4,0.0,-0.1,i,Thigh injury - Unknown return date,2026-08-14T22:00:07.214508Z,0,0,0.1,0.0,0.0,0.0,24,283,591,12209,1,,
2026-09-21T04:59:06+00:00,194,230730,Thomas-Asante,7,9,Coventry City,Forward,5.0,0.0,0.0,a,,,,,0.8,1.8,1.8,1.8,3736,3165,54361,54190,4,,
2026-09-21T04:59:06+00:00,195,218997,Simms,7,9,Coventry City,Forward,5.0,0.0,0.0,a,,,,,0.6,0.5,0.5,0.5,570,3095,39074,62313,,,
2026-09-21T04:59:06+00:00,196,551262,Markelo,7,9,Coventry City,Forward,5.0,0.0,0.0,u,Has joined Shabab Al-Ahli Dubai permanently,2026-08-17T13:53:55.791223Z,0,0,0.0,0.0,0.0,0.0,0,34,0,1161,,,
2026-09-21T04:59:06+00:00,197,549653,Bassette,7,9,Coventry City,Forward,4.5,0.0,0.0,u,Has joined KVC Westerlo on loan for the rest of the season,2026-07-28T12:58:50.001768Z,0,0,0.0,0.0,0.0,0.0,0,94,0,2053,,,
2026-09-21T04:59:06+00:00,492,210156,Awoniyi,7,9,Coventry City,Forward,5.4,-0.1,-0.1,s,Suspended until 19 Oct,2026-09-13T15:00:09.305127Z,0,0,0.4,0.5,0.0,0.0,42,3149,21315,62944,5,,
2026-09-21T04:59:06+00:00,575,661888,Yirenkyi,7,9,Coventry City,Midfielder,4.8,-0.1,-0.2,a,,,,,0.1,2.0,2.0,2.0,86,629,2738,13296,,,
2026-09-21T04:59:06+00:00,584,196100,Hamer,7,9,Coventry City,Midfielder,5.4,0.0,-0.1,a,,,,,0.1,0.5,0.5,0.5,23,208,773,6215,,,
2026-09-21T04:59:06+00:00,599,627221,Cherif,7,9,Coventry City,Forward,5.0,0.0,0.0,a,,,,,0.1,0.2,0.2,0.2,287,422,7214,7261,,,
2026-09-21T04:59:06+00:00,623,79602,Bentley,7,9,Coventry City,Goalkeeper,4.0,0.0,0.0,a,,,,,0.6,0.0,0.0,0.0,4691,780,75069,17672,,,
2026-09-21T04:59:06+00:00,655,242893,Gboho,7,9,Coventry City,Midfielder,5.5,0.0,0.0,a,,,,,0.0,0.0,0.0,0.0,43,37,241,86,,,
2026-09-21T04:59:06+00:00,656,566213,Mfuni,7,9,Coventry City,Defender,4.0,0.0,0.0,a,,,,,0.1,3.0,3.0,3.0,912,430,9224,2231,,,
2026-09-21T04:59:06+00:00,42,485337,Guessand,8,31,Crystal Palace,Midfielder,5.4,0.0,-0.1,a,,,,,0.0,0.4,0.4,0.4,48,136,2341,3507,,,
2026-09-21T04:59:06+00:00,153,220362,Disasi,8,31,Crystal Palace,Defender,4.5,0.0,0.0,s,Suspended until 25 Oct,2026-09-12T15:30:09.445078Z,0,0,0.1,0.2,0.0,0.0,14,446,9415,10027,,,
2026-09-21T04:59:06+00:00,198,172649,Henderson,8,31,Crystal Palace,Goalkeeper,5.0,0.0,0.0,i,Foot injury - Expected back 11 Oct,2026-09-12T14:00:09.378740Z,0,0,1.3,1.0,0.0,0.0,73,6194,55199,115102,,,
2026-09-21T04:59:06+00:00,199,121709,Benitez,8,31,Crystal Palace,Goalkeeper,4.5,0.0,0.0,a,,,,,0.1,1.6,1.6,1.6,313,169,3405,4586,,,
2026-09-21T04:59:06+00:00,202,427623,Richards,8,31,Crystal Palace,Defender,5.0,0.0,0.0,a,,,,,0.6,2.8,2.8,2.8,779,1283,21691,37014,,,
2026-09-21T04:59:06+00:00,203,651426,Canvot,8,31,Crystal Palace,Defender,4.8,-0.1,-0.2,a,,,,,0.2,2.0,2.0,2.0,161,534,5503,19184,,,
2026-09-21T04:59:06+00:00,204,244723,Mitchell,8,31,Crystal Palace,Defender,4.5,0.0,0.0,a,,,,,6.0,4.8,4.8,4.8,6353,9092,302888,257494,,,
2026-09-21T04:59:06+00:00,205,218364,Sosa,8,31,Crystal Palace,Defender,4.5,0.0,0.0,u,Has joined FC Cologne on loan for the rest of the season,2026-09-02T16:03:25.710518Z,0,0,0.0,0.0,0.0,0.0,0,54,236,2023,,,
2026-09-21T04:59:06+00:00,206,515621,Chadi Riad,8,31,Crystal Palace,Defender,4.3,-0.1,-0.2,i,Knee injury - Unknown return date,2026-08-22T18:00:07.352049Z,0,0,0.0,0.2,0.0,0.0,12,76,636,5627,,,
2026-09-21T04:59:06+00:00,207,242313,Mingueza,8,31,Crystal Palace,Defender,4.4,0.0,-0.1,a,,,,,0.1,0.4,0.4,0.4,43,146,1953,4702,,,
2026-09-21T04:59:06+00:00,208,232185,Sarr,8,31,Crystal Palace,Midfielder,6.2,0.0,-0.3,a,,2026-08-22T18:00:07.363165Z,100,100,0.6,0.2,0.2,0.2,1408,1117,5462,375568,2,,
2026-09-21T04:59:06+00:00,210,496221,Wharton,8,31,Crystal Palace,Midfielder,5.5,0.0,0.0,a,,2026-07-23T12:01:23.498963Z,100,100,0.7,2.4,2.4,2.4,621,2600,29028,46590,,,
2026-09-21T04:59:06+00:00,211,488024,Yeremy,8,31,Crystal Palace,Midfielder,5.5,0.0,0.0,a,,,,,0.4,2.8,2.8,2.8,386,1642,44930,30039,,,
2026-09-21T04:59:06+00:00,212,108413,Hughes,8,31,Crystal Palace,Midfielder,4.4,0.0,-0.1,a,,,,,7.5,0.4,0.4,0.4,5117,25418,118516,464033,,,
2026-09-21T04:59:06+00:00,213,152551,Lerma,8,31,Crystal Palace,Midfielder,4.9,0.0,-0.1,a,,,,,0.1,0.2,0.2,0.2,33,193,1239,5374,,,
2026-09-21T04:59:06+00:00,214,209400,Kamada,8,31,Crystal Palace,Midfielder,5.0,0.0,0.0,a,,,,,0.5,4.2,4.2,4.2,1687,1647,48434,23264,,,
2026-09-21T04:59:06+00:00,215,489706,Devenny,8,31,Crystal Palace,Midfielder,5.0,0.0,0.0,u,Has joined Stoke City permanently,2026-09-02T15:41:07.346849Z,0,0,0.0,0.0,0.0,0.0,0,16,132,930,3,,
2026-09-21T04:59:06+00:00,216,606921,Esse,8,31,Crystal Palace,Midfielder,5.0,0.0,0.0,u,Has joined Millwall on loan for the rest of the season,2026-09-02T15:41:07.376544Z,0,0,0.0,0.0,0.0,0.0,0,59,399,3170,,,
2026-09-21T04:59:06+00:00,217,536694,M.França,8,31,Crystal Palace,Midfielder,4.9,0.0,-0.1,u,Has joined Alverca on loan for the rest of the season,2026-09-11T14:42:19.322912Z,0,0,0.0,0.0,0.0,0.0,0,76,1007,3358,,,
2026-09-21T04:59:06+00:00,218,438464,Doucouré,8,31,Crystal Palace,Midfielder,4.9,0.0,-0.1,a,,,,,0.0,0.0,0.0,0.0,46,145,2020,4310,,,
2026-09-21T04:59:06+00:00,219,450542,J.Rak-Sakyi,8,31,Crystal Palace,Midfielder,4.9,0.0,-0.1,u,has joined  Kasimpasa on loan for the rest of the seaon.,2026-09-10T09:12:47.224598Z,0,0,0.0,0.0,0.0,0.0,0,9,145,451,,,
2026-09-21T04:59:06+00:00,220,590014,Cardines,8,31,Crystal Palace,Defender,4.5,0.0,0.0,u,Has joined Bristol City on loan for the rest of the season,2026-08-12T14:08:46.501813Z,0,0,0.0,0.0,0.0,0.0,0,3,0,128,,,
2026-09-21T04:59:06+00:00,221,672492,Drakes-Thomas,8,31,Crystal Palace,Midfielder,4.5,0.0,0.0,a,,,,,0.1,0.0,0.0,0.0,74,226,2622,4471,,,
2026-09-21T04:59:06+00:00,222,247412,Strand Larsen,8,31,Crystal Palace,Forward,6.0,0.0,0.0,a,,,,,0.6,2.8,2.8,2.8,2599,2052,47824,39106,,,
2026-09-21T04:59:06+00:00,223,231747,Mateta,8,31,Crystal Palace,Forward,6.3,0.0,-0.2,i,Hamstring injury - Expected back 11 Oct,2026-08-28T21:00:08.020382Z,0,0,1.3,0.4,0.0,0.0,98,4837,25851,450324,1,,
2026-09-21T04:59:06+00:00,224,205533,Nketiah,8,31,Crystal Palace,Forward,5.5,0.0,0.0,a,,2026-09-12T14:00:09.427136Z,100,100,0.5,1.6,1.6,1.6,656,1853,46637,48500,,,
2026-09-21T04:59:06+00:00,225,660392,Uche,8,31,Crystal Palace,Forward,5.0,0.0,0.0,u,has returned to Getafe CF,2026-07-23T12:18:56.275922Z,0,0,0.0,0.0,0.0,0.0,0,0,0,0,,,
2026-09-21T04:59:06+00:00,241,433154,McNeil,8,31,Crystal Palace,Midfielder,5.4,0.0,-0.1,a,,,,,0.1,0.6,0.6,0.6,35,246,1742,7975,,,
2026-09-21T04:59:06+00:00,555,169593,Matthews,8,31,Crystal Palace,Goalkeeper,4.0,0.0,0.0,a,,,,,1.7,0.0,0.0,0.0,590,1623,22774,30063,,,
2026-09-21T04:59:06+00:00,577,223723,Tomiyasu,8,31,Crystal Palace,Defender,4.4,0.0,-0.1,a,,,,,0.3,0.6,0.6,0.6,124,360,3453,12480,,,
2026-09-21T04:59:06+00:00,588,570794,Khalaili,8,31,Crystal Palace,Defender,5.0,0.0,0.0,a,,,,,0.3,3.8,3.8,3.8,963,495,33656,14749,,,
2026-09-21T04:59:06+00:00,595,559152,Gozo,8,31,Crystal Palace,Midfielder,5.0,0.0,0.0,a,,,,,0.0,0.4,0.4,0.4,12,43,462,836,,,
2026-09-21T04:59:06+00:00,633,605972,Ahanor,8,31,Crystal Palace,Defender,4.5,0.0,0.0,a,,,,,0.0,1.0,1.0,1.0,85,57,1860,509,,,
2026-09-21T04:59:06+00:00,643,172850,Chilwell,8,31,Crystal Palace,Defender,4.5,0.0,0.0,a,,,,,0.5,2.7,2.7,2.7,304,1677,42858,16887,,,
2026-09-21T04:59:06+00:00,644,450063,Timber,8,31,Crystal Palace,Midfielder,5.0,0.0,0.0,a,,,,,0.0,3.0,3.0,3.0,226,161,4049,1353,,,
2026-09-21T04:59:06+00:00,647,533646,Osorio,8,31,Crystal Palace,Midfielder,5.5,0.0,0.0,a,,,,,0.0,0.3,0.3,0.3,8,38,927,374,,,
2026-09-21T04:59:06+00:00,21,128295,Nørgaard,9,11,Everton,Midfielder,4.9,0.0,-0.1,i,Groin injury - Unknown return date,2026-08-15T20:00:06.779594Z,0,0,0.0,0.0,0.0,0.0,21,165,461,7267,,,
2026-09-21T04:59:06+00:00,209,242898,Johnson,9,11,Everton,Midfielder,5.9,0.0,-0.1,a,,,,,0.1,1.8,1.8,1.8,197,396,5092,10111,,,
2026-09-21T04:59:06+00:00,226,111234,Pickford,9,11,Everton,Goalkeeper,5.5,0.0,0.0,a,,,,,9.1,5.0,5.0,5.0,16025,7326,283542,227445,,,
2026-09-21T04:59:06+00:00,227,229600,Travers,9,11,Everton,Goalkeeper,5.0,0.0,0.0,a,,,,,0.0,0.0,0.0,0.0,125,124,1683,1986,,,
2026-09-21T04:59:06+00:00,228,138001,King,9,11,Everton,Goalkeeper,4.5,0.0,0.0,a,,,,,0.0,0.0,0.0,0.0,59,78,1126,1645,,,
2026-09-21T04:59:06+00:00,229,17761,Tarkowski,9,11,Everton,Defender,6.1,0.0,0.1,a,,,,,15.2,8.6,8.6,8.6,114560,8095,825368,271681,,,
2026-09-21T04:59:06+00:00,230,480455,Branthwaite,9,11,Everton,Defender,5.5,0.0,0.0,a,,,,,2.4,5.4,5.4,5.4,10095,3162,130267,67627,,,
2026-09-21T04:59:06+00:00,231,106611,Keane,9,11,Everton,Defender,4.8,0.0,-0.2,a,,,,,0.7,0.0,0.0,0.0,209,2166,9114,88965,,,
2026-09-21T04:59:06+00:00,232,512462,O'Brien,9,11,Everton,Defender,4.8,-0.1,-0.2,a,,,,,0.3,0.4,0.4,0.4,196,611,4451,24082,,,
2026-09-21T04:59:06+00:00,233,224967,Mykolenko,9,11,Everton,Defender,4.6,0.1,0.1,a,,,,,4.2,5.4,5.4,5.4,31373,8152,402565,104605,,,
2026-09-21T04:59:06+00:00,234,243571,Patterson,9,11,Everton,Defender,4.5,0.0,0.0,u,Has joined Torino permanently,2026-09-02T16:05:23.326971Z,0,0,0.0,0.0,0.0,0.0,0,68,371,2381,,,
2026-09-21T04:59:06+00:00,235,499300,Aznou,9,11,Everton,Defender,4.0,0.0,0.0,u,Has joined Malaga on loan for the rest of the season,2026-09-01T13:23:16.934847Z,0,0,0.1,0.0,0.0,0.0,0,301,1728,10895,,,
2026-09-21T04:59:06+00:00,236,215413,Dewsbury-Hall,9,11,Everton,Midfielder,6.6,0.1,0.1,a,,,,,6.1,4.0,4.0,4.0,26876,26789,577640,306153,,,
2026-09-21T04:59:06+00:00,238,114283,Grealish,9,11,Everton,Midfielder,6.5,0.0,0.0,a,,2026-07-29T10:00:10.492904Z,100,100,0.4,1.2,1.2,1.2,1777,1664,38821,21948,,,
2026-09-21T04:59:06+00:00,239,232928,Garner,9,11,Everton,Midfielder,6.0,0.0,0.0,a,,2026-09-06T18:00:08.301702Z,100,100,0.2,2.2,2.2,2.2,851,1173,20303,13073,2,,
2026-09-21T04:59:06+00:00,242,550615,George,9,11,Everton,Midfielder,5.5,0.0,0.0,a,,,,,0.9,3.8,3.8,3.8,1379,7170,106044,38834,,,
2026-09-21T04:59:06+00:00,243,502697,Alcaraz,9,11,Everton,Midfielder,4.9,0.0,-0.1,a,,,,,0.1,0.2,0.2,0.2,88,211,2789,5644,,,
2026-09-21T04:59:06+00:00,244,609873,Armstrong,9,11,Everton,Midfielder,5.0,0.0,0.0,a,,2026-09-17T08:30:08.942299Z,75,100,0.4,3.2,2.4,3.2,442,2227,53502,31581,,,
2026-09-21T04:59:06+00:00,245,496661,Dibling,9,11,Everton,Midfielder,5.4,0.0,-0.1,a,,,,,0.0,0.2,0.2,0.2,75,84,1130,2583,,,
2026-09-21T04:59:06+00:00,246,513466,Röhl,9,11,Everton,Midfielder,4.9,0.0,-0.1,i,Unspecified injury - Expected back 11 Oct,2026-09-16T18:00:09.541933Z,0,0,0.0,1.2,0.0,0.0,5,369,1960,4469,,,
2026-09-21T04:59:06+00:00,247,244860,Hackney,9,11,Everton,Midfielder,5.4,-0.1,-0.1,a,,2026-08-26T22:00:07.797766Z,100,100,0.2,2.0,2.0,2.0,120,668,3671,11508,,,
2026-09-21T04:59:06+00:00,248,486385,Beto,9,11,Everton,Forward,5.4,0.0,-0.1,u,Has joined Fiorentina permanently,2026-09-02T16:05:23.357221Z,0,0,0.6,0.4,0.0,0.0,0,4232,16222,216554,,,
2026-09-21T04:59:06+00:00,249,586309,Barry,9,11,Everton,Forward,5.6,0.0,0.1,a,,,,,8.1,4.0,4.0,4.0,41435,20436,923590,338612,1,,
2026-09-21T04:59:06+00:00,649,154043,Maitland-Niles,9,11,Everton,Defender,4.5,0.0,0.0,a,,,,,1.2,7.0,7.0,7.0,10403,1887,83435,11779,,,
2026-09-21T04:59:06+00:00,654,629068,Graham,9,11,Everton,Midfielder,4.5,0.0,0.0,a,,,,,0.1,0.0,0.0,0.0,124,538,11170,4843,,,
2026-09-21T04:59:06+00:00,250,80201,Leno,10,54,Fulham,Goalkeeper,4.5,0.0,0.0,a,,,,,3.2,3.6,3.6,3.6,18572,4313,129469,95355,,,
2026-09-21T04:59:06+00:00,251,86873,Lecomte,10,54,Fulham,Goalkeeper,4.0,0.0,0.0,a,,,,,1.1,0.0,0.0,0.0,1467,1214,24195,24649,,,
2026-09-21T04:59:06+00:00,252,505079,McNally,10,54,Fulham,Goalkeeper,4.0,0.0,0.0,u,Has joined York City on loan for the rest of the season,2026-09-01T13:25:11.231240Z,0,0,0.1,0.0,0.0,0.0,0,357,2589,6353,,,
2026-09-21T04:59:06+00:00,253,174874,Andersen,10,54,Fulham,Defender,5.0,0.0,0.0,a,,2026-07-23T12:01:23.516350Z,100,100,0.1,0.6,0.6,0.6,1562,544,13436,8654,,,
2026-09-21T04:59:06+00:00,254,169528,Robinson,10,54,Fulham,Defender,4.5,0.0,0.0,a,,,,,1.4,2.4,2.4,2.4,8292,2819,50777,66794,2,,
2026-09-21T04:59:06+00:00,255,246301,J.Cuenca,10,54,Fulham,Defender,4.5,0.0,0.0,a,,,,,0.0,0.6,0.6,0.6,39,47,1519,1940,,,
2026-09-21T04:59:06+00:00,256,167074,Tete,10,54,Fulham,Defender,4.4,0.0,-0.1,a,,2026-09-18T12:30:09.546158Z,0,100,0.2,0.0,0.0,0.0,8,799,1339,10244,,,
2026-09-21T04:59:06+00:00,257,232892,Bassey,10,54,Fulham,Defender,4.5,0.0,0.0,a,,,,,0.7,3.0,3.0,3.0,2062,754,23076,28900,,,
2026-09-21T04:59:06+00:00,258,166477,Castagne,10,54,Fulham,Defender,4.5,0.0,0.0,a,,,,,0.9,4.0,4.0,4.0,9151,2178,85793,40907,,,
2026-09-21T04:59:06+00:00,261,153133,Iwobi,10,54,Fulham,Midfielder,5.4,0.0,-0.1,a,,,,,0.6,2.8,2.8,2.8,1242,1809,20162,54170,3,,
2026-09-21T04:59:06+00:00,262,209289,Smith Rowe,10,54,Fulham,Midfielder,5.4,0.0,-0.1,a,,,,,0.2,0.6,0.6,0.6,141,713,4339,20372,,,
2026-09-21T04:59:06+00:00,263,560552,Kevin,10,54,Fulham,Midfielder,5.3,0.0,-0.2,a,,,,,0.0,0.8,0.8,0.8,94,147,1898,4084,,,
2026-09-21T04:59:06+00:00,264,477555,Bobb,10,54,Fulham,Midfielder,5.5,0.0,0.0,a,,,,,0.3,2.6,2.6,2.6,1059,921,15062,20027,,,
2026-09-21T04:59:06+00:00,265,207189,Berge,10,54,Fulham,Midfielder,4.9,0.0,-0.1,a,,,,,0.3,2.2,2.2,2.2,298,733,6029,17489,,,
2026-09-21T04:59:06+00:00,266,76357,Cairney,10,54,Fulham,Midfielder,4.9,0.0,-0.1,i,Knee injury - Expected back 10 Oct,2026-08-14T18:00:06.460944Z,0,0,0.0,0.0,0.0,0.0,6,11,107,322,,,
2026-09-21T04:59:06+00:00,268,577725,King,10,54,Fulham,Midfielder,5.5,0.0,0.0,a,,,,,2.3,4.8,4.8,4.8,43686,8567,287821,87135,,,
2026-09-21T04:59:06+00:00,269,184349,Sessegnon,10,54,Fulham,Defender,4.3,-0.1,-0.2,a,,2026-09-14T11:30:07.403957Z,75,100,0.3,0.6,0.4,0.6,57,853,2500,18551,,,
2026-09-21T04:59:06+00:00,270,153366,Reed,10,54,Fulham,Midfielder,4.4,0.0,-0.1,a,,,,,1.1,0.0,0.0,0.0,1614,3817,35106,70042,,,
2026-09-21T04:59:06+00:00,271,244042,Muniz,10,54,Fulham,Forward,5.4,0.0,-0.1,a,,,,,0.4,0.6,0.6,0.6,935,1404,15264,33845,,,
2026-09-21T04:59:06+00:00,272,631786,Kusi-Asare,10,54,Fulham,Forward,4.5,0.0,0.0,a,,,,,5.5,0.0,0.0,0.0,5807,18750,155278,286555,,,
2026-09-21T04:59:06+00:00,569,551466,Gonzalo,10,54,Fulham,Forward,6.0,0.0,0.0,a,,,,,3.8,2.8,2.8,2.8,30106,17081,392415,296466,1,,
2026-09-21T04:59:06+00:00,570,571779,Palacios,10,54,Fulham,Midfielder,5.4,0.0,-0.1,a,,,,,0.2,2.4,2.4,2.4,493,496,5782,10142,,,
2026-09-21T04:59:06+00:00,580,463210,Charles,10,54,Fulham,Midfielder,5.0,0.0,0.0,a,,,,,0.1,2.6,2.6,2.6,242,187,1972,3863,,,
2026-09-21T04:59:06+00:00,610,547686,De Fougerolles,10,54,Fulham,Defender,4.0,0.0,0.0,u,has joined  Real Salt Lake on loan for the rest of the seaon.,2026-08-28T11:30:08.336405Z,0,0,0.1,0.0,0.0,0.0,0,293,5787,5039,,,
2026-09-21T04:59:06+00:00,626,616069,Zepa,10,54,Fulham,Midfielder,4.5,0.0,0.0,a,,,,,0.3,0.0,0.0,0.0,61,1275,34228,17489,,,
2026-09-21T04:59:06+00:00,635,551050,Larsson,10,54,Fulham,Midfielder,5.0,0.0,0.0,a,,,,,0.0,1.0,1.0,1.0,51,42,796,275,,,
2026-09-21T04:59:06+00:00,636,500033,Ángel,10,54,Fulham,Midfielder,5.0,0.0,0.0,a,,,,,0.0,0.0,0.0,0.0,13,11,350,153,,,
2026-09-21T04:59:06+00:00,650,442299,Affengruber,10,54,Fulham,Defender,4.5,0.0,0.0,a,,,,,0.0,4.0,4.0,4.0,1228,211,4106,833,,,
2026-09-21T04:59:06+00:00,240,490094,Iroegbunam,11,88,Hull City,Midfielder,5.0,0.0,0.0,a,,2026-08-15T20:00:06.878792Z,100,100,0.0,0.4,0.4,0.4,45,83,1083,1097,,,
2026-09-21T04:59:06+00:00,273,167825,Phillips,11,88,Hull City,Goalkeeper,4.0,0.0,0.0,a,,,,,1.4,0.0,0.0,0.0,1267,1650,27392,36533,,,
2026-09-21T04:59:06+00:00,274,105666,Butland,11,88,Hull City,Goalkeeper,4.5,0.0,0.0,i,Arm injury - Unknown return date,2026-08-08T19:00:05.601633Z,0,0,0.1,0.0,0.0,0.0,40,154,609,4767,,,
2026-09-21T04:59:06+00:00,275,494950,Cartwright,11,88,Hull City,Goalkeeper,4.0,0.0,0.0,u,Has joined Grimsby Town on loan for the rest of the season,2026-07-29T13:00:27.959925Z,0,0,0.0,0.0,0.0,0.0,0,15,0,317,,,
2026-09-21T04:59:06+00:00,276,444307,Lo-Tutala,11,88,Hull City,Goalkeeper,4.0,0.0,0.0,u,Has joined Colchester United on loan for the rest of the season,2026-08-17T13:50:27.125537Z,0,0,0.0,0.0,0.0,0.0,0,56,0,1050,,,
2026-09-21T04:59:06+00:00,277,108416,Egan,11,88,Hull City,Defender,4.1,0.0,0.1,a,,,,,7.1,5.2,5.2,5.2,16099,15507,739258,202428,,,
2026-09-21T04:59:06+00:00,278,501902,Hughes,11,88,Hull City,Defender,3.9,0.0,-0.1,i,Groin injury - Unknown return date,2026-08-02T09:00:11.030017Z,0,0,0.2,0.0,0.0,0.0,751,981,16540,11948,,,
2026-09-21T04:59:06+00:00,279,146426,Ajayi,11,88,Hull City,Defender,4.2,0.0,0.2,a,,2026-08-22T17:30:07.668197Z,100,100,14.2,5.4,5.4,5.4,29028,31910,1340413,282412,,,
2026-09-21T04:59:06+00:00,280,193278,Coyle,11,88,Hull City,Defender,4.0,0.0,0.0,a,,2026-08-29T16:30:08.151841Z,100,100,0.7,2.8,2.8,2.8,1289,1038,26861,24846,,,
2026-09-21T04:59:06+00:00,281,433590,Drameh,11,88,Hull City,Defender,4.0,0.0,0.0,u,Has joined Genoa permanently,2026-09-02T16:09:06.479140Z,0,0,0.0,0.4,0.0,0.0,0,127,2118,4380,,,
2026-09-21T04:59:06+00:00,282,232351,Giles,11,88,Hull City,Defender,4.0,0.0,0.0,a,,,,,2.9,4.8,4.8,4.8,14569,7280,271386,59571,,,
2026-09-21T04:59:06+00:00,283,449428,Jacob,11,88,Hull City,Defender,4.0,0.0,0.0,u,Has joined Newport County on loan until January,2026-08-02T09:00:11.038361Z,0,0,0.0,0.0,0.0,0.0,0,14,114,671,,,
2026-09-21T04:59:06+00:00,284,661800,McCarthy,11,88,Hull City,Defender,4.0,0.0,0.0,a,,,,,0.1,0.0,0.0,0.0,217,234,4751,4386,,,
2026-09-21T04:59:06+00:00,285,160817,McNair,11,88,Hull City,Defender,4.0,0.0,0.0,a,,2026-09-09T13:30:08.327907Z,100,100,0.1,0.2,0.2,0.2,111,209,3064,4518,,,
2026-09-21T04:59:06+00:00,286,540324,Belloumi,11,88,Hull City,Midfielder,5.1,0.0,0.1,a,,,,,4.7,6.2,6.2,6.2,41183,13528,471119,73566,,,
2026-09-21T04:59:06+00:00,287,232905,Millar,11,88,Hull City,Midfielder,5.0,0.0,0.0,u,Has joined Birmingham on loan for the rest of the season,2026-09-02T15:36:41.038103Z,0,0,0.0,1.2,0.0,0.0,0,165,3178,7385,,,
2026-09-21T04:59:06+00:00,288,171270,Dowell,11,88,Hull City,Midfielder,4.5,0.0,0.0,a,,,,,0.3,0.0,0.0,0.0,314,1119,12071,20702,,,
2026-09-21T04:59:06+00:00,289,101282,Crooks,11,88,Hull City,Midfielder,4.4,-0.1,-0.1,a,,2026-08-29T15:00:08.569326Z,100,100,0.5,0.6,0.6,0.6,2834,2343,22193,38572,,,
2026-09-21T04:59:06+00:00,290,243413,Slater,11,88,Hull City,Midfielder,4.5,0.0,0.0,a,,,,,5.3,3.0,3.0,3.0,9017,22292,491950,263291,,,
2026-09-21T04:59:06+00:00,291,465525,Matazo,11,88,Hull City,Midfielder,4.5,0.0,0.0,i,Knee injury - Unknown return date,2026-07-23T12:01:23.532635Z,0,0,0.0,0.0,0.0,0.0,16,34,367,472,,,
2026-09-21T04:59:06+00:00,292,208481,Ömür,11,88,Hull City,Midfielder,4.9,0.0,-0.1,a,,,,,0.0,0.0,0.0,0.0,47,77,1165,1558,,,
2026-09-21T04:59:06+00:00,293,490161,Kamara,11,88,Hull City,Midfielder,5.0,0.0,0.0,u,Has joined Portsmouth permanently,2026-08-12T14:08:23.542043Z,0,0,0.0,0.0,0.0,0.0,0,8,0,370,,,
2026-09-21T04:59:06+00:00,294,553783,Zambrano,11,88,Hull City,Midfielder,4.5,0.0,0.0,a,,2026-08-04T18:30:11.016909Z,100,100,0.1,0.0,0.0,0.0,86,283,3815,6612,,,
2026-09-21T04:59:06+00:00,295,169432,McBurnie,11,88,Hull City,Forward,5.5,0.0,0.0,a,,,,,1.9,2.6,2.6,2.6,4442,11073,185428,146420,1,,
2026-09-21T04:59:06+00:00,296,213292,Akintola,11,88,Hull City,Midfielder,5.0,0.0,0.0,u,Has joined Omonoia FC permanently,2026-09-11T14:42:38.120231Z,0,0,0.0,0.0,0.0,0.0,0,153,2704,4766,,,
2026-09-21T04:59:06+00:00,297,470294,Gyabi,11,88,Hull City,Midfielder,4.5,0.0,0.0,i,Thigh injury - Unknown return date,2026-08-04T18:30:11.027155Z,0,0,0.0,0.0,0.0,0.0,12,64,401,1532,,,
2026-09-21T04:59:06+00:00,298,500957,Destan,11,88,Hull City,Forward,4.5,0.0,0.0,u,Has joined Konyaspor permanently,2026-08-17T13:50:27.145733Z,0,0,0.2,0.0,0.0,0.0,0,735,0,21688,,,
2026-09-21T04:59:06+00:00,299,534392,Burstow,11,88,Hull City,Forward,4.5,0.0,0.0,u,Has joined Sheffield Wednesday on loan for the rest of the season,2026-08-03T14:05:20.234842Z,0,0,0.0,0.0,0.0,0.0,0,142,0,2992,,,
2026-09-21T04:59:06+00:00,340,462635,Gelhardt,11,88,Hull City,Midfielder,5.0,0.0,0.0,a,,2026-08-17T21:30:07.799839Z,100,100,0.0,0.2,0.2,0.2,50,56,660,963,,,
2026-09-21T04:59:06+00:00,556,169359,Targett,11,88,Hull City,Defender,4.0,0.0,0.0,d,Ankle injury - 75% chance of playing,2026-09-17T14:00:26.419938Z,75,75,1.7,0.2,0.2,0.2,60,5583,24784,82859,,,
2026-09-21T04:59:06+00:00,563,445028,Morita,11,88,Hull City,Midfielder,5.0,0.0,0.0,i,Calf injury - Expected back 11 Oct,2026-09-09T14:00:08.474217Z,0,0,0.0,0.2,0.0,0.0,7,82,710,1678,,,
2026-09-21T04:59:06+00:00,572,473284,Tzolakis,11,88,Hull City,Goalkeeper,4.6,0.0,0.1,a,,,,,12.1,6.8,6.8,6.8,58083,10197,929411,205847,,,
2026-09-21T04:59:06+00:00,574,552946,Hjertø-Dahl,11,88,Hull City,Midfielder,4.9,0.0,-0.1,a,,,,,0.1,0.2,0.2,0.2,43,174,1404,4294,,,
2026-09-21T04:59:06+00:00,576,608227,Stroud,11,88,Hull City,Midfielder,5.0,0.0,0.0,a,,,,,0.1,1.4,1.4,1.4,73,247,3595,4470,,,
2026-09-21T04:59:06+00:00,585,597462,Herrington,11,88,Hull City,Defender,4.0,0.0,0.0,a,,,,,0.6,1.0,1.0,1.0,577,835,12376,17722,,,
2026-09-21T04:59:06+00:00,586,606930,Mendy,11,88,Hull City,Defender,4.1,0.0,0.1,a,,2026-09-12T18:00:09.334142Z,0,100,6.3,5.0,0.0,5.0,3411,24817,679703,349800,,,
2026-09-21T04:59:06+00:00,589,469266,Gourna-Douath,11,88,Hull City,Midfielder,5.0,0.0,0.0,a,,,,,0.0,0.8,0.8,0.8,21,55,690,1290,,,
2026-09-21T04:59:06+00:00,617,490884,Cho,11,88,Hull City,Midfielder,5.0,0.0,0.0,a,,,,,0.0,2.2,2.2,2.2,203,73,1639,685,,,
2026-09-21T04:59:06+00:00,632,626751,Ansah,11,88,Hull City,Forward,5.0,0.0,0.0,i,Back injury - Unknown return date,2026-09-09T10:00:08.919489Z,0,0,0.0,0.0,0.0,0.0,39,235,5086,3315,,,
2026-09-21T04:59:06+00:00,637,631000,Vaz,11,88,Hull City,Forward,5.0,0.0,0.0,a,,,,,0.1,0.7,0.7,0.7,998,584,11503,3405,,,
2026-09-21T04:59:06+00:00,638,496181,Norton-Cuffy,11,88,Hull City,Defender,4.0,0.0,0.0,a,,,,,0.3,0.3,0.3,0.3,395,976,26011,8802,,,
2026-09-21T04:59:06+00:00,642,243951,Thomas,11,88,Hull City,Midfielder,5.5,0.0,0.0,a,,,,,0.0,1.3,1.3,1.3,227,181,2831,1030,,,
2026-09-21T04:59:06+00:00,645,647839,Mouzakitis,11,88,Hull City,Midfielder,5.0,0.0,0.0,a,,,,,0.0,0.0,0.0,0.0,41,52,733,278,,,
2026-09-21T04:59:06+00:00,259,219924,Diop,12,40,Ipswich Town,Defender,4.0,0.0,0.0,a,,,,,13.0,2.4,2.4,2.4,3906,29998,132943,482620,,,
2026-09-21T04:59:06+00:00,267,212314,Lukić,12,40,Ipswich Town,Midfielder,4.9,-0.1,-0.1,a,,,,,0.1,2.2,2.2,2.2,104,296,3332,6249,,,
2026-09-21T04:59:06+00:00,300,108813,Walton,12,40,Ipswich Town,Goalkeeper,4.4,0.0,-0.1,a,,,,,0.4,0.4,0.4,0.4,840,427,2525,14340,,,
2026-09-21T04:59:06+00:00,301,112520,Palmer,12,40,Ipswich Town,Goalkeeper,4.0,0.0,0.0,a,,,,,3.9,0.0,0.0,0.0,2225,6219,72821,107458,,,
2026-09-21T04:59:06+00:00,302,50093,Button,12,40,Ipswich Town,Goalkeeper,4.0,0.0,0.0,a,,,,,0.6,0.0,0.0,0.0,933,657,30943,14509,,,
2026-09-21T04:59:06+00:00,303,183015,Kipré,12,40,Ipswich Town,Defender,3.9,0.0,-0.1,a,,,,,0.9,0.0,0.0,0.0,2697,2189,47318,26936,,,
2026-09-21T04:59:06+00:00,304,216616,O'Shea,12,40,Ipswich Town,Defender,4.0,0.0,0.0,a,,,,,2.7,2.0,2.0,2.0,1021,7105,64440,120448,,,
2026-09-21T04:59:06+00:00,305,455084,Davis,12,40,Ipswich Town,Defender,4.0,0.0,0.0,a,,,,,6.9,5.0,5.0,5.0,28394,12336,348597,169952,,,
2026-09-21T04:59:06+00:00,306,449429,Greaves,12,40,Ipswich Town,Defender,4.0,0.0,0.0,a,,,,,1.1,0.6,0.6,0.6,251,1807,7987,36548,,,
2026-09-21T04:59:06+00:00,307,222018,Johnson,12,40,Ipswich Town,Defender,4.0,0.0,0.0,u,Has joined Stoke City on loan for the rest of the season,2026-09-04T12:36:56.236331Z,0,0,0.1,0.0,0.0,0.0,0,213,1137,6160,,,
2026-09-21T04:59:06+00:00,308,176420,Furlong,12,40,Ipswich Town,Defender,3.9,0.0,-0.1,a,,,,,0.6,0.2,0.2,0.2,3746,1346,16383,18123,,,
2026-09-21T04:59:06+00:00,309,501390,Núñez,12,40,Ipswich Town,Midfielder,4.9,0.0,-0.1,a,,,,,0.1,1.2,1.2,1.2,48,350,3065,7357,,,
2026-09-21T04:59:06+00:00,310,241117,Matusiwa,12,40,Ipswich Town,Midfielder,4.9,0.0,-0.1,a,,2026-07-29T18:00:10.305484Z,100,100,0.0,0.0,0.0,0.0,7,9,118,270,,,
2026-09-21T04:59:06+00:00,311,149929,Burns,12,40,Ipswich Town,Midfielder,5.0,0.0,0.0,u,Has joined Leicester City permanently,2026-08-10T14:02:47.597478Z,0,0,0.0,0.0,0.0,0.0,0,5,0,344,,,
2026-09-21T04:59:06+00:00,312,231899,Taylor,12,40,Ipswich Town,Midfielder,4.4,-0.1,-0.1,i,Knee injury - Unknown return date,2026-07-29T18:00:10.319370Z,0,0,0.0,0.0,0.0,0.0,198,123,774,2504,,,
2026-09-21T04:59:06+00:00,313,443261,Clarke,12,40,Ipswich Town,Midfielder,5.4,0.0,-0.1,a,,,,,0.2,2.2,2.2,2.2,70,559,5421,15353,1,,
2026-09-21T04:59:06+00:00,314,229164,Ogbene,12,40,Ipswich Town,Midfielder,4.9,0.0,-0.1,u,Has joined Lincoln City on loan until January,2026-09-02T16:04:17.497385Z,0,0,0.0,0.0,0.0,0.0,0,37,104,1179,,,
2026-09-21T04:59:06+00:00,315,531442,Fatawu,12,40,Ipswich Town,Midfielder,5.4,0.0,-0.1,s,Suspended until 17 Oct,2026-09-19T15:30:10.126897Z,,0,0.2,1.6,1.6,0.0,42,1434,5344,12278,,,
2026-09-21T04:59:06+00:00,316,543968,Emersonn,12,40,Ipswich Town,Forward,5.5,0.0,0.0,a,,2026-08-31T09:30:08.306145Z,100,100,3.4,5.2,5.2,5.2,20834,13321,304532,132595,2,,
2026-09-21T04:59:06+00:00,317,222625,Hirst,12,40,Ipswich Town,Forward,5.0,0.0,0.0,u,Has joined Stoke City permanently,2026-08-21T13:06:08.606019Z,0,0,0.1,0.0,0.0,0.0,0,238,0,16868,,,
2026-09-21T04:59:06+00:00,318,481624,Philogene,12,40,Ipswich Town,Midfielder,5.4,0.0,-0.1,a,,2026-08-25T11:30:07.532993Z,100,100,0.1,0.4,0.4,0.4,15,81,283,9205,3,,
2026-09-21T04:59:06+00:00,319,172453,Szmodics,12,40,Ipswich Town,Midfielder,5.0,0.0,0.0,u,Has joined Derby County on loan for the rest of the season,2026-08-17T13:51:41.713979Z,0,0,0.0,0.0,0.0,0.0,0,3,0,750,,,
2026-09-21T04:59:06+00:00,320,147675,Akpom,12,40,Ipswich Town,Forward,5.0,0.0,0.0,a,,,,,1.2,1.4,1.4,1.4,3108,5664,129064,70097,,,
2026-09-21T04:59:06+00:00,321,557012,Walle Egeli,12,40,Ipswich Town,Forward,4.5,0.0,0.0,a,,,,,3.6,0.2,0.2,0.2,10030,15292,322651,199779,,,
2026-09-21T04:59:06+00:00,322,462387,Al-Hamadi,12,40,Ipswich Town,Forward,5.0,0.0,0.0,u,Has joined Sheffield Wednesday on loan for the rest of the season,2026-08-27T14:54:10.215357Z,0,0,0.1,0.0,0.0,0.0,0,205,755,9750,,,
2026-09-21T04:59:06+00:00,323,461587,McAteer,12,40,Ipswich Town,Midfielder,4.5,0.0,0.0,a,,,,,1.0,0.6,0.6,0.6,291,3769,27035,59616,,,
2026-09-21T04:59:06+00:00,324,232457,Mehmeti,12,40,Ipswich Town,Midfielder,4.8,-0.1,-0.2,a,,,,,0.0,0.0,0.0,0.0,39,73,365,2404,,,
2026-09-21T04:59:06+00:00,554,546600,Van Oevelen,12,40,Ipswich Town,Goalkeeper,4.5,0.0,0.0,u,Has joined Valencia on loan for the rest of the season,2026-08-25T14:04:09.529320Z,0,0,0.0,0.0,0.0,0.0,0,46,54,1920,,,
2026-09-21T04:59:06+00:00,562,442967,Maeda,12,40,Ipswich Town,Midfielder,5.3,-0.1,-0.2,a,,,,,0.2,1.6,1.6,1.6,68,888,2796,19658,,,
2026-09-21T04:59:06+00:00,564,240514,Scherpen,12,40,Ipswich Town,Goalkeeper,4.5,0.0,0.0,a,,,,,0.6,1.4,1.4,1.4,311,1512,14878,22089,,,
2026-09-21T04:59:06+00:00,571,216055,Florentino,12,40,Ipswich Town,Midfielder,4.8,-0.1,-0.2,a,,2026-08-25T11:30:07.678802Z,100,100,0.1,0.4,0.4,0.4,37,182,982,6913,,,
2026-09-21T04:59:06+00:00,591,474120,Enciso,12,40,Ipswich Town,Midfielder,5.5,0.0,0.0,a,,2026-08-22T18:00:07.551930Z,100,100,0.8,3.0,3.0,3.0,1115,3845,92678,50134,,,
2026-09-21T04:59:06+00:00,592,572584,Ouattara,12,40,Ipswich Town,Defender,4.0,0.0,0.0,a,,,,,0.9,1.2,1.2,1.2,394,1134,13179,25270,,,
2026-09-21T04:59:06+00:00,602,524180,Humphreys,12,40,Ipswich Town,Midfielder,4.5,0.0,0.0,u,Has joined Huddersfield Town on loan for the rest of the season,2026-09-02T16:04:17.524642Z,0,0,0.0,0.0,0.0,0.0,0,139,2861,3133,,,
2026-09-21T04:59:06+00:00,619,218543,Palacios,12,40,Ipswich Town,Midfielder,5.0,0.0,0.0,a,,,,,0.1,2.8,2.8,2.8,326,442,8814,3052,,,
2026-09-21T04:59:06+00:00,640,431639,Flemming,12,40,Ipswich Town,Forward,5.5,0.0,0.0,a,,,,,0.1,2.0,2.0,2.0,496,594,8858,2816,,,
2026-09-21T04:59:06+00:00,260,153682,Wilson,13,2,Leeds,Midfielder,6.2,0.0,-0.3,i,Thigh injury - Unknown return date,2026-09-18T13:30:09.626858Z,0,0,1.8,1.0,0.0,0.0,36,25457,29007,442159,,,
2026-09-21T04:59:06+00:00,326,201595,Perri,13,2,Leeds,Goalkeeper,4.5,0.0,0.0,u,Has joined Torino on loan for the rest of the season,2026-09-01T13:12:39.210133Z,0,0,0.3,0.0,0.0,0.0,0,620,532,25820,,,
2026-09-21T04:59:06+00:00,327,434752,Bijol,13,2,Leeds,Defender,5.0,0.0,0.0,a,,,,,0.7,2.4,2.4,2.4,437,3097,68739,56712,,,
2026-09-21T04:59:06+00:00,329,214225,Rodon,13,2,Leeds,Defender,4.3,-0.1,-0.2,i,Hamstring injury - Expected back 21 Nov,2026-08-30T16:00:08.564382Z,0,0,0.8,1.4,0.0,0.0,23,5566,26917,293571,,,
2026-09-21T04:59:06+00:00,330,226182,Bogle,13,2,Leeds,Defender,4.6,0.0,0.1,a,,,,,6.5,8.4,8.4,8.4,66596,11349,593169,70557,,,
2026-09-21T04:59:06+00:00,331,243526,Gudmundsson,13,2,Leeds,Defender,4.5,0.0,0.0,a,,2026-08-08T20:00:07.546568Z,100,100,0.1,2.8,2.8,2.8,232,130,3830,2560,,,
2026-09-21T04:59:06+00:00,332,220627,Justin,13,2,Leeds,Defender,4.5,0.0,0.0,a,,,,,1.5,5.2,5.2,5.2,1882,3240,119154,68153,,,
2026-09-21T04:59:06+00:00,333,437738,Bornauw,13,2,Leeds,Defender,4.5,0.0,0.0,u,Has joined Hamburg SV on loan for the rest of the season,2026-08-19T13:56:14.645970Z,0,0,0.0,0.0,0.0,0.0,0,4,0,298,,,
2026-09-21T04:59:06+00:00,334,522047,Muharemović,13,2,Leeds,Defender,5.0,0.0,0.0,a,,,,,4.3,5.4,5.4,5.4,12607,10082,283892,158966,,,
2026-09-21T04:59:06+00:00,335,466525,Stach,13,2,Leeds,Midfielder,6.0,0.0,0.0,a,,,,,2.6,5.4,5.4,5.4,2555,12008,199898,156741,,,
2026-09-21T04:59:06+00:00,336,435997,Okafor,13,2,Leeds,Midfielder,5.8,0.0,-0.2,a,,,,,0.4,3.6,3.6,3.6,981,1891,26088,33677,,,
2026-09-21T04:59:06+00:00,337,427637,Aaronson,13,2,Leeds,Midfielder,5.3,-0.1,-0.2,a,,,,,0.5,1.4,1.4,1.4,107,1999,6670,46728,,,
2026-09-21T04:59:06+00:00,338,199598,Ampadu,13,2,Leeds,Midfielder,5.4,0.0,-0.1,a,,,,,0.9,4.2,4.2,4.2,708,2807,17141,58486,,,
2026-09-21T04:59:06+00:00,339,180135,Longstaff,13,2,Leeds,Midfielder,4.9,0.0,-0.1,a,,,,,0.1,0.4,0.4,0.4,80,345,2453,7829,,,
2026-09-21T04:59:06+00:00,341,492859,Gnonto,13,2,Leeds,Midfielder,5.0,0.0,0.0,u,Has joined ACF Fiorentina on loan for the rest of the season,2026-09-02T16:04:47.189648Z,0,0,0.0,0.0,0.0,0.0,0,35,244,1793,,,
2026-09-21T04:59:06+00:00,342,221399,Harrison,13,2,Leeds,Midfielder,5.0,0.0,0.0,u,Has joined New England Revolution permanently,2026-07-28T12:59:09.492431Z,0,0,0.0,0.0,0.0,0.0,0,3,0,77,,,
2026-09-21T04:59:06+00:00,343,200617,James,13,2,Leeds,Midfielder,4.9,0.0,-0.1,a,,,,,0.1,0.6,0.6,0.6,102,317,4071,7767,,,
2026-09-21T04:59:06+00:00,344,486520,Gruev,13,2,Leeds,Midfielder,5.0,0.0,0.0,a,,2026-08-14T23:00:06.272027Z,100,100,0.0,0.0,0.0,0.0,23,3,102,298,,,
2026-09-21T04:59:06+00:00,345,248056,Tanaka,13,2,Leeds,Midfielder,4.9,0.0,-0.1,a,,,,,0.3,2.8,2.8,2.8,1134,1184,21652,16419,,,
2026-09-21T04:59:06+00:00,346,177815,Calvert-Lewin,13,2,Leeds,Forward,6.0,0.0,0.0,a,,,,,25.3,4.4,4.4,4.4,57246,94038,973875,1246980,1,,
2026-09-21T04:59:06+00:00,347,174594,Nmecha,13,2,Leeds,Forward,5.4,0.0,-0.1,a,,,,,0.5,1.4,1.4,1.4,1036,2065,21230,35486,2,,
2026-09-21T04:59:06+00:00,348,235826,Piroe,13,2,Leeds,Forward,5.0,0.0,0.0,u,Has joined West Ham United on loan for the rest of the season,2026-08-19T13:56:14.666726Z,0,0,0.1,0.0,0.0,0.0,0,231,0,11026,3,,
2026-09-21T04:59:06+00:00,349,565297,Mateo Joseph,13,2,Leeds,Forward,4.5,0.0,0.0,i,Knee injury - Unknown return date,2026-07-29T18:00:10.338170Z,0,0,0.1,0.0,0.0,0.0,186,275,2972,4249,,,
2026-09-21T04:59:06+00:00,385,432720,Trafford,13,2,Leeds,Goalkeeper,5.0,0.0,0.0,a,,,,,5.4,5.6,5.6,5.6,7897,7621,249868,151966,,,
2026-09-21T04:59:06+00:00,598,173774,Elvedi,13,2,Leeds,Defender,4.5,0.0,0.0,a,,,,,0.1,2.6,2.6,2.6,108,105,5223,2664,,,
2026-09-21T04:59:06+00:00,603,643970,Lienou,13,2,Leeds,Defender,4.0,0.0,0.0,a,,,,,0.1,0.0,0.0,0.0,142,273,6815,3740,,,
2026-09-21T04:59:06+00:00,604,592740,Cresswell,13,2,Leeds,Midfielder,4.5,0.0,0.0,a,,,,,0.1,0.0,0.0,0.0,189,493,13945,7521,,,
2026-09-21T04:59:06+00:00,625,97846,Cairns,13,2,Leeds,Goalkeeper,4.0,0.0,0.0,a,,,,,0.2,0.0,0.0,0.0,505,399,19464,5557,,,
2026-09-21T04:59:06+00:00,629,155465,Zetterer,13,2,Leeds,Goalkeeper,4.0,0.0,0.0,a,,,,,0.7,0.0,0.0,0.0,1802,1381,57242,12756,,,
2026-09-21T04:59:06+00:00,641,437497,Bard,13,2,Leeds,Defender,4.5,0.0,0.0,a,,,,,0.0,0.3,0.3,0.3,50,44,912,320,,,
2026-09-21T04:59:06+00:00,648,587982,Bahoya,13,2,Leeds,Midfielder,5.0,0.0,0.0,a,,,,,0.0,0.3,0.3,0.3,58,113,2190,1081,,,
2026-09-21T04:59:06+00:00,350,116535,A.Becker,14,14,Liverpool,Goalkeeper,5.5,0.0,0.0,a,,,,,3.9,5.4,5.4,5.4,5112,5722,138430,139246,,,
2026-09-21T04:59:06+00:00,351,449027,Mamardashvili,14,14,Liverpool,Goalkeeper,4.9,0.0,-0.1,a,,,,,0.1,0.0,0.0,0.0,136,328,2748,8346,,,
2026-09-21T04:59:06+00:00,352,155503,Woodman,14,14,Liverpool,Goalkeeper,4.0,0.0,0.0,a,,,,,1.0,0.0,0.0,0.0,441,1265,17935,26123,,,
2026-09-21T04:59:06+00:00,353,586268,Pecsi,14,14,Liverpool,Goalkeeper,4.0,0.0,0.0,u,Has joined TSV Hartberg on loan for the rest of the season,2026-08-18T14:11:18.638344Z,0,0,0.0,0.0,0.0,0.0,0,29,0,1056,,,
2026-09-21T04:59:06+00:00,354,432987,Jaros,14,14,Liverpool,Goalkeeper,4.0,0.0,0.0,i,Knee injury - Unknown return date,2026-07-29T18:00:10.351066Z,0,0,0.0,0.0,0.0,0.0,131,79,1678,1165,,,
2026-09-21T04:59:06+00:00,355,464353,Davies,14,14,Liverpool,Goalkeeper,4.0,0.0,0.0,a,,,,,0.2,0.0,0.0,0.0,143,217,4595,3997,,,
2026-09-21T04:59:06+00:00,356,97032,Virgil,14,14,Liverpool,Defender,6.5,0.0,0.0,a,,,,,16.3,5.0,5.0,5.0,9888,22870,266904,595503,,,
2026-09-21T04:59:06+00:00,357,216094,Frimpong,14,14,Liverpool,Defender,5.3,0.0,-0.2,a,,,,,1.8,0.4,0.4,0.4,840,6694,58183,240079,,,
2026-09-21T04:59:06+00:00,358,544877,Kerkez,14,14,Liverpool,Defender,5.4,0.0,-0.1,a,,,,,2.3,2.6,2.6,2.6,1249,5697,46266,183069,,,
2026-09-21T04:59:06+00:00,359,171287,Gomez,14,14,Liverpool,Defender,4.9,0.0,-0.1,a,,2026-07-26T08:30:10.078473Z,100,100,0.0,0.0,0.0,0.0,167,56,587,1120,,,
2026-09-21T04:59:06+00:00,360,492777,Bradley,14,14,Liverpool,Defender,5.0,0.0,0.0,i,Knee injury - Unknown return date,2026-07-23T12:01:23.565711Z,0,0,0.0,0.0,0.0,0.0,27,36,344,748,,,
2026-09-21T04:59:06+00:00,361,519440,Lucky,14,14,Liverpool,Defender,4.0,0.0,0.0,a,,,,,0.1,0.0,0.0,0.0,161,267,3738,5492,,,
2026-09-21T04:59:06+00:00,362,606702,Jacquet,14,14,Liverpool,Defender,5.0,0.0,0.0,a,,2026-07-23T12:01:23.581126Z,100,100,3.3,4.8,4.8,4.8,14368,6644,212250,116677,,,
2026-09-21T04:59:06+00:00,363,647681,Leoni,14,14,Liverpool,Defender,4.0,0.0,0.0,i,Knee injury - Unknown return date,2026-07-23T12:01:23.596909Z,0,0,0.0,0.0,0.0,0.0,49,101,850,2032,,,
2026-09-21T04:59:06+00:00,364,214285,Tsimikas,14,14,Liverpool,Defender,4.9,0.0,-0.1,a,,,,,0.1,0.4,0.4,0.4,46,212,1533,4238,,,
2026-09-21T04:59:06+00:00,365,489580,Ramsay,14,14,Liverpool,Defender,4.0,0.0,0.0,u,Has joined St Mirren on loan for the rest of the season,2026-08-26T14:05:26.748768Z,0,0,0.1,0.0,0.0,0.0,0,230,638,12459,,,
2026-09-21T04:59:06+00:00,366,494595,Wirtz,14,14,Liverpool,Midfielder,7.3,0.0,-0.2,a,,,,,5.9,3.6,3.6,3.6,1264,25832,131532,749229,4,,
2026-09-21T04:59:06+00:00,367,243298,Gakpo,14,14,Liverpool,Midfielder,7.2,0.0,0.2,a,,2026-09-09T18:30:08.772955Z,100,100,12.6,6.4,6.4,6.4,27387,46104,1313799,673701,3,,
2026-09-21T04:59:06+00:00,368,424876,Szoboszlai,14,14,Liverpool,Midfielder,7.0,0.0,0.0,a,,,,,33.6,4.0,4.0,4.0,18822,123750,911181,1591908,1,,
2026-09-21T04:59:06+00:00,369,611922,Ngumoha,14,14,Liverpool,Midfielder,5.7,-0.1,-0.3,a,,,,,0.5,0.8,0.8,0.8,416,2424,14194,87450,,,
2026-09-21T04:59:06+00:00,370,223541,Chiesa,14,14,Liverpool,Midfielder,5.3,-0.1,-0.2,i,Back injury - Unknown return date,2026-08-27T13:30:07.598926Z,0,0,0.0,0.0,0.0,0.0,8,129,673,9962,,,
2026-09-21T04:59:06+00:00,371,441266,Gravenberch,14,14,Liverpool,Midfielder,5.8,-0.1,-0.2,a,,,,,1.1,1.8,1.8,1.8,656,4876,35194,126229,,,
2026-09-21T04:59:06+00:00,372,243016,Mac Allister,14,14,Liverpool,Midfielder,5.4,0.0,-0.1,a,,,,,1.3,2.2,2.2,2.2,1999,3668,43619,93382,5,,
2026-09-21T04:59:06+00:00,373,206915,C.Jones,14,14,Liverpool,Midfielder,5.5,0.0,0.0,u,Has joined Internazionale permanently,2026-08-16T18:30:07.426408Z,0,0,0.0,0.0,0.0,0.0,0,28,34,2615,,,
2026-09-21T04:59:06+00:00,374,158983,Endo,14,14,Liverpool,Midfielder,4.9,0.0,-0.1,a,,2026-07-23T12:01:23.612529Z,100,100,0.1,0.0,0.0,0.0,77,218,2240,4584,,,
2026-09-21T04:59:06+00:00,375,591386,Nyoni,14,14,Liverpool,Midfielder,4.9,0.0,-0.1,a,,,,,0.0,0.6,0.6,0.6,43,168,1300,2913,,,
2026-09-21T04:59:06+00:00,376,535928,Bajcetic,14,14,Liverpool,Midfielder,5.0,0.0,0.0,u,Has joined Celta Vigo permanently,2026-07-23T12:01:23.628373Z,0,0,0.0,0.0,0.0,0.0,0,1,19,105,,,
2026-09-21T04:59:06+00:00,377,551499,Munoz,14,14,Liverpool,Midfielder,6.5,0.0,0.0,a,,,,,0.9,3.0,3.0,3.0,787,6933,116770,97275,,,
2026-09-21T04:59:06+00:00,378,491501,McConnell,14,14,Liverpool,Midfielder,4.4,0.0,-0.1,a,,,,,0.2,0.0,0.0,0.0,622,740,6497,12197,,,
2026-09-21T04:59:06+00:00,379,219168,Isak,14,14,Liverpool,Forward,9.1,0.0,0.1,a,,,,,22.1,6.6,6.6,6.6,54180,39969,1181342,699938,2,,
2026-09-21T04:59:06+00:00,380,510663,Ekitiké,14,14,Liverpool,Forward,7.4,0.0,-0.1,i,Achilles injury - Unknown return date,2026-07-23T12:01:23.643771Z,0,0,0.1,0.0,0.0,0.0,184,432,2456,10895,,,
2026-09-21T04:59:06+00:00,381,514514,Koumas,14,14,Liverpool,Midfielder,5.0,0.0,0.0,a,,,,,0.0,0.6,0.6,0.6,71,78,750,1279,,,
2026-09-21T04:59:06+00:00,382,500058,Danns,14,14,Liverpool,Forward,4.5,0.0,0.0,a,,2026-07-23T12:01:23.659279Z,100,100,0.2,0.0,0.0,0.0,2063,1246,21870,8525,,,
2026-09-21T04:59:06+00:00,383,444884,Elliott,14,14,Liverpool,Midfielder,5.4,0.0,-0.1,u,Has joined Valencia on loan for the rest of the season,2026-09-02T16:05:49.104326Z,0,0,0.0,0.0,0.0,0.0,0,116,907,6036,,,
2026-09-21T04:59:06+00:00,579,445087,Araujo,14,14,Liverpool,Defender,5.4,0.0,-0.1,a,,,,,3.0,4.4,4.4,4.4,8461,5396,140377,155085,,,
2026-09-21T04:59:06+00:00,627,482616,Barcola,14,14,Liverpool,Midfielder,8.0,0.0,0.0,a,,,,,1.9,2.3,2.3,2.3,4575,10662,282037,121908,,,
2026-09-21T04:59:06+00:00,155,448047,Enzo,15,43,Man City,Midfielder,6.9,0.0,-0.1,a,,,,,3.5,2.6,2.6,2.6,15450,7333,157117,314242,,,
2026-09-21T04:59:06+00:00,237,440993,Ndiaye,15,43,Man City,Midfielder,5.8,-0.1,-0.2,a,,,,,6.9,4.4,4.4,4.4,4002,44228,294871,1112231,,,
2026-09-21T04:59:06+00:00,384,204936,Donnarumma,15,43,Man City,Goalkeeper,5.5,0.0,0.0,a,,,,,7.7,3.8,3.8,3.8,6508,15704,202699,301620,,,
2026-09-21T04:59:06+00:00,386,122074,Bettinelli,15,43,Man City,Goalkeeper,4.5,0.0,0.0,a,,,,,0.0,0.0,0.0,0.0,30,42,545,1078,,,
2026-09-21T04:59:06+00:00,387,472769,O'Reilly,15,43,Man City,Defender,6.4,0.0,-0.1,a,,2026-09-05T18:00:06.379802Z,100,100,11.2,1.2,1.2,1.2,2822,40449,190166,1176960,,,
2026-09-21T04:59:06+00:00,388,209036,Guéhi,15,43,Man City,Defender,6.0,0.0,0.0,a,,,,,18.4,6.0,6.0,6.0,13810,25478,495730,437454,,,
2026-09-21T04:59:06+00:00,389,465351,Matheus N.,15,43,Man City,Defender,5.9,0.0,-0.1,a,,2026-08-27T11:30:08.171622Z,100,100,1.0,2.2,2.2,2.2,961,1376,14116,72517,4,,
2026-09-21T04:59:06+00:00,390,171314,Rúben,15,43,Man City,Defender,5.5,0.0,0.0,a,,,,,1.9,3.4,3.4,3.4,2575,4475,65163,69277,,,
2026-09-21T04:59:06+00:00,391,477424,Gvardiol,15,43,Man City,Defender,5.7,0.0,0.2,a,,,,,26.4,7.4,7.4,7.4,83410,24832,1765442,385048,,,
2026-09-21T04:59:06+00:00,392,448514,Aït-Nouri,15,43,Man City,Defender,5.3,0.0,-0.2,a,,,,,0.4,0.0,0.0,0.0,288,1175,7640,60584,,,
2026-09-21T04:59:06+00:00,393,578153,Khusanov,15,43,Man City,Defender,5.4,0.0,-0.1,a,,,,,1.4,1.8,1.8,1.8,802,4976,26238,76622,,,
2026-09-21T04:59:06+00:00,394,494307,Alleyne,15,43,Man City,Defender,5.0,0.0,0.0,u,Has joined Burnley on loan for the rest of the season,2026-08-18T14:11:56.324656Z,0,0,0.0,0.0,0.0,0.0,0,7,0,605,,,
2026-09-21T04:59:06+00:00,395,477064,Lewis,15,43,Man City,Defender,4.4,0.0,-0.1,a,,,,,0.2,0.2,0.2,0.2,160,630,8116,15696,,,
2026-09-21T04:59:06+00:00,396,616222,Vitor Reis,15,43,Man City,Defender,4.5,0.0,0.0,a,,,,,0.0,0.2,0.2,0.2,43,82,523,1105,,,
2026-09-21T04:59:06+00:00,397,437730,Semenyo,15,43,Man City,Midfielder,8.4,0.0,-0.1,a,,,,,15.0,6.6,6.6,6.6,59541,28387,250444,1171087,2,,
2026-09-21T04:59:06+00:00,398,209244,Foden,15,43,Man City,Midfielder,6.9,0.0,-0.1,s,Suspended until 17 Oct,2026-09-13T17:00:09.433455Z,0,0,1.9,1.8,0.0,0.0,86,17724,303332,555446,,,
2026-09-21T04:59:06+00:00,399,466052,Cherki,15,43,Man City,Midfielder,7.8,0.0,0.3,a,,,,,28.0,6.8,6.8,6.8,52966,55354,2600127,922299,,,
2026-09-21T04:59:06+00:00,400,248875,Doku,15,43,Man City,Midfielder,7.4,0.0,-0.1,a,,2026-08-18T17:00:08.385597Z,75,100,0.7,0.2,0.2,0.2,1212,971,2679,127057,3,,
2026-09-21T04:59:06+00:00,402,220566,Rodrigo,15,43,Man City,Midfielder,6.5,0.0,0.0,u,Has joined Barcelona permanently,2026-07-23T12:01:23.675537Z,0,0,0.0,0.0,0.0,0.0,0,11,0,1215,,,
2026-09-21T04:59:06+00:00,404,433036,Reijnders,15,43,Man City,Midfielder,6.0,0.0,0.0,u,Has joined Al Qadsiah permanently,2026-08-20T14:02:58.154273Z,0,0,0.0,0.0,0.0,0.0,0,50,0,8135,,,
2026-09-21T04:59:06+00:00,406,91651,Kovačić,15,43,Man City,Midfielder,5.4,0.0,-0.1,a,,,,,0.1,0.4,0.4,0.4,48,258,2190,6087,,,
2026-09-21T04:59:06+00:00,407,575204,Echeverri,15,43,Man City,Midfielder,4.9,0.0,-0.1,u,Has joined Benfica on loan for the rest of the season,2026-09-03T15:41:24.710479Z,0,0,0.0,0.0,0.0,0.0,0,25,250,1314,,,
2026-09-21T04:59:06+00:00,408,155405,Phillips,15,43,Man City,Midfielder,5.0,0.0,0.0,u,Has joined Sheffield United on loan for the rest of the season,2026-08-18T14:11:56.348781Z,0,0,0.0,0.0,0.0,0.0,0,7,0,566,,,
2026-09-21T04:59:06+00:00,409,590039,Mukasa,15,43,Man City,Midfielder,4.5,0.0,0.0,u,has joined West Ham on loan for the rest of the seaon.,2026-09-03T10:34:10.733520Z,0,0,0.1,0.0,0.0,0.0,0,323,1621,11890,,,
2026-09-21T04:59:06+00:00,410,649208,Monga,15,43,Man City,Midfielder,4.9,0.0,-0.1,u,Has joined Swansea City on loan for the rest of the season,2026-09-02T16:02:01.136760Z,0,0,0.0,0.0,0.0,0.0,0,29,219,1249,,,
2026-09-21T04:59:06+00:00,411,223094,Haaland,15,43,Man City,Forward,15.6,0.0,0.1,a,,,,,73.5,7.8,7.8,7.8,40136,10133,885413,311791,1,,
2026-09-21T04:59:06+00:00,481,215379,Anderson,15,43,Man City,Midfielder,6.3,0.0,-0.2,a,,2026-08-23T17:00:07.952697Z,100,100,4.1,3.0,3.0,3.0,4296,15383,101735,433223,,,
2026-09-21T04:59:06+00:00,587,106921,Rulli,15,43,Man City,Goalkeeper,5.0,0.0,0.0,a,,,,,0.0,0.0,0.0,0.0,36,54,568,1065,,,
2026-09-21T04:59:06+00:00,616,637238,Bouaddi,15,43,Man City,Midfielder,5.5,0.0,0.0,a,,,,,0.2,0.5,0.5,0.5,506,1211,20705,12650,,,
2026-09-21T04:59:06+00:00,621,616288,McAidoo,15,43,Man City,Midfielder,4.5,0.0,0.0,a,,,,,0.1,0.5,0.5,0.5,117,600,11286,6623,,,
2026-09-21T04:59:06+00:00,622,554054,Braithwaite,15,43,Man City,Defender,4.0,0.0,0.0,a,,,,,0.2,0.2,0.2,0.2,333,837,16540,8388,,,
2026-09-21T04:59:06+00:00,628,624777,Allan,15,43,Man City,Midfielder,6.0,0.0,0.0,a,,,,,0.0,0.0,0.0,0.0,126,85,1089,606,,,
2026-09-21T04:59:06+00:00,653,595480,Samba,15,43,Man City,Midfielder,4.5,0.0,0.0,a,,,,,0.0,0.0,0.0,0.0,160,250,3809,1933,,,
2026-09-21T04:59:06+00:00,43,166989,Tielemans,16,1,Man Utd,Midfielder,5.8,0.0,-0.2,a,,2026-07-23T12:01:23.321726Z,100,100,1.5,2.8,2.8,2.8,1506,6002,42953,156626,3,,
2026-09-21T04:59:06+00:00,131,535301,Baleba,16,1,Man Utd,Midfielder,4.9,0.0,-0.1,a,,2026-08-06T16:00:10.997714Z,50,100,0.1,0.0,0.0,0.0,450,443,5889,14084,,,
2026-09-21T04:59:06+00:00,162,532605,Andrey Santos,16,1,Man Utd,Midfielder,4.8,0.0,-0.2,a,,,,,0.6,0.8,0.8,0.8,590,2830,21787,71449,,,
2026-09-21T04:59:06+00:00,325,59735,Darlow,16,1,Man Utd,Goalkeeper,4.5,0.0,0.0,a,,2026-07-23T12:01:23.549136Z,100,100,0.0,0.0,0.0,0.0,43,75,1050,1456,,,
2026-09-21T04:59:06+00:00,412,465247,Lammens,16,1,Man Utd,Goalkeeper,4.9,0.0,-0.1,a,,,,,10.1,2.2,2.2,2.2,3389,27605,95597,666036,,,
2026-09-21T04:59:06+00:00,413,451302,Bayindir,16,1,Man Utd,Goalkeeper,4.5,0.0,0.0,u,Has joined Celta Vigo on loan for the rest of the season,2026-08-10T14:02:28.608415Z,0,0,0.0,0.0,0.0,0.0,0,18,0,1128,,,
2026-09-21T04:59:06+00:00,414,21205,Heaton,16,1,Man Utd,Goalkeeper,4.0,0.0,0.0,i,Hamstring injury - Unknown return date,2026-08-15T16:00:07.854151Z,0,0,0.1,0.0,0.0,0.0,125,134,2043,3421,,,
2026-09-21T04:59:06+00:00,415,596777,Dorgu,16,1,Man Utd,Midfielder,5.8,0.0,-0.2,a,,,,,0.5,2.0,2.0,2.0,497,2275,13467,95812,,,
2026-09-21T04:59:06+00:00,416,209365,De Ligt,16,1,Man Utd,Defender,5.0,0.0,0.0,i,Back injury - Unknown return date,2026-07-23T12:01:23.690880Z,0,0,0.0,0.0,0.0,0.0,35,55,414,1478,,,
2026-09-21T04:59:06+00:00,417,216051,Dalot,16,1,Man Utd,Defender,4.9,0.0,-0.1,a,,,,,1.6,1.6,1.6,1.6,623,3991,25402,132486,,,
2026-09-21T04:59:06+00:00,418,95658,Maguire,16,1,Man Utd,Defender,4.9,0.0,-0.1,a,,,,,9.0,2.0,2.0,2.0,2175,42120,136133,971811,,,
2026-09-21T04:59:06+00:00,419,221820,Martinez,16,1,Man Utd,Defender,5.0,0.0,0.0,a,,2026-07-24T20:00:10.337107Z,100,100,1.3,1.2,1.2,1.2,2001,3058,34927,63911,,,
2026-09-21T04:59:06+00:00,420,550864,Yoro,16,1,Man Utd,Defender,4.8,-0.1,-0.2,a,,,,,0.5,0.4,0.4,0.4,285,1113,5067,34955,,,
2026-09-21T04:59:06+00:00,421,606745,Heaven,16,1,Man Utd,Defender,4.4,0.0,-0.1,a,,,,,0.3,0.2,0.2,0.2,130,810,5900,23396,,,
2026-09-21T04:59:06+00:00,422,230001,Mazraoui,16,1,Man Utd,Defender,4.4,0.0,-0.1,a,,,,,0.5,0.6,0.6,0.6,371,1630,14155,39717,,,
2026-09-21T04:59:06+00:00,423,106760,Shaw,16,1,Man Utd,Defender,4.3,-0.1,-0.2,a,,2026-09-11T13:00:09.030120Z,50,100,7.9,1.8,0.9,1.8,1266,54753,98750,1286682,,,
2026-09-21T04:59:06+00:00,424,577974,Amass,16,1,Man Utd,Defender,4.0,0.0,0.0,a,,,,,0.2,0.0,0.0,0.0,235,403,6137,8433,,,
2026-09-21T04:59:06+00:00,425,547676,Fredricson,16,1,Man Utd,Defender,4.0,0.0,0.0,u,Has joined Lausanne-Sport permanently,2026-08-18T14:12:31.904433Z,0,0,0.0,0.0,0.0,0.0,0,21,0,1289,,,
2026-09-21T04:59:06+00:00,426,141746,B.Fernandes,16,1,Man Utd,Midfielder,12.0,0.0,0.0,a,,,,,39.1,6.2,6.2,6.2,18211,109110,629811,1762060,1,,
2026-09-21T04:59:06+00:00,427,446008,Mbeumo,16,1,Man Utd,Midfielder,7.9,0.0,-0.1,a,,,,,21.0,5.0,5.0,5.0,17988,73012,444967,1959511,2,,
2026-09-21T04:59:06+00:00,428,430871,Cunha,16,1,Man Utd,Midfielder,7.9,0.0,-0.1,a,,,,,5.7,5.2,5.2,5.2,6718,13743,80464,501774,,,
2026-09-21T04:59:06+00:00,429,176297,Rashford,16,1,Man Utd,Midfielder,7.0,0.0,0.0,a,,,,,1.6,2.0,2.0,2.0,3411,6198,84440,117279,,,
2026-09-21T04:59:06+00:00,430,184341,Mount,16,1,Man Utd,Midfielder,5.4,0.0,-0.1,a,,2026-08-15T16:00:07.879135Z,100,100,0.0,0.2,0.2,0.2,87,95,815,1871,,,
2026-09-21T04:59:06+00:00,431,493250,Amad,16,1,Man Utd,Midfielder,5.7,0.0,-0.3,i,Unspecified injury - Unknown return date,2026-08-22T11:00:08.617283Z,0,0,0.3,0.0,0.0,0.0,52,1001,2094,122722,,,
2026-09-21T04:59:06+00:00,432,516895,Mainoo,16,1,Man Utd,Midfielder,5.5,0.0,0.0,a,,,,,1.6,4.4,4.4,4.4,5241,4990,92335,57267,,,
2026-09-21T04:59:06+00:00,433,232112,Ugarte,16,1,Man Utd,Midfielder,5.0,0.0,0.0,i,Knee injury - Unknown return date,2026-07-23T12:01:23.706702Z,0,0,0.0,0.0,0.0,0.0,14,14,110,254,,,
2026-09-21T04:59:06+00:00,434,547037,J.Fletcher,16,1,Man Utd,Midfielder,4.9,0.0,-0.1,a,,,,,0.0,0.0,0.0,0.0,17,34,297,682,,,
2026-09-21T04:59:06+00:00,435,576628,Lacey,16,1,Man Utd,Midfielder,4.9,0.0,-0.1,a,,,,,0.1,0.2,0.2,0.2,221,168,1574,3133,,,
2026-09-21T04:59:06+00:00,436,490881,Collyer,16,1,Man Utd,Midfielder,5.0,0.0,0.0,u,Has joined West Brom permanently,2026-09-01T13:16:48.584385Z,0,0,0.0,0.0,0.0,0.0,0,27,150,1034,,,
2026-09-21T04:59:06+00:00,437,576620,Bendito Mantato,16,1,Man Utd,Midfielder,4.5,0.0,0.0,a,,,,,0.2,0.0,0.0,0.0,127,427,4791,9208,,,
2026-09-21T04:59:06+00:00,438,519913,Fletcher,16,1,Man Utd,Midfielder,4.4,0.0,-0.1,a,,,,,0.3,0.0,0.0,0.0,1401,1087,9470,15856,,,
2026-09-21T04:59:06+00:00,439,485711,Šeško,16,1,Man Utd,Forward,7.0,0.0,0.0,d,Unspecified injury - 75% chance of playing,2026-09-20T19:30:08.505755Z,100,75,1.7,1.6,1.6,1.2,6034,10301,103473,119974,,,
2026-09-21T04:59:06+00:00,440,458249,Zirkzee,16,1,Man Utd,Forward,5.3,-0.1,-0.2,a,,,,,0.4,0.4,0.4,0.4,900,1704,14780,42257,,,
2026-09-21T04:59:06+00:00,441,596047,Obi,16,1,Man Utd,Forward,4.5,0.0,0.0,u,Has joined Willem II on loan for the rest of the season,2026-09-14T16:12:42.090874Z,0,0,1.0,0.0,0.0,0.0,0,6770,45543,69712,,,
2026-09-21T04:59:06+00:00,405,465694,N.Gonzalez,17,4,Newcastle,Midfielder,5.5,0.0,0.0,a,,2026-09-14T21:30:07.343728Z,0,100,0.2,1.0,0.0,1.0,221,1369,17684,16538,,,
2026-09-21T04:59:06+00:00,442,98747,Pope,17,4,Newcastle,Goalkeeper,4.9,0.0,-0.1,a,,,,,1.0,0.0,0.0,0.0,466,1686,12959,52409,,,
2026-09-21T04:59:06+00:00,443,81441,Gillespie,17,4,Newcastle,Goalkeeper,4.5,0.0,0.0,a,,,,,0.0,0.0,0.0,0.0,24,35,749,1155,,,
2026-09-21T04:59:06+00:00,444,554578,Jaouen,17,4,Newcastle,Goalkeeper,4.4,-0.1,-0.1,d,Ankle injury - 50% chance of playing,2026-09-10T16:00:09.127466Z,50,50,0.0,0.0,0.0,0.0,11,61,444,1466,,,
2026-09-21T04:59:06+00:00,445,465642,Thiaw,17,4,Newcastle,Defender,5.0,0.0,0.0,a,,,,,2.2,2.8,2.8,2.8,4551,5121,173852,118132,,,
2026-09-21T04:59:06+00:00,446,119471,Schär,17,4,Newcastle,Defender,4.9,0.0,-0.1,a,,2026-08-15T16:30:07.209742Z,100,100,0.2,0.4,0.4,0.4,298,538,6809,13484,,,
2026-09-21T04:59:06+00:00,447,220237,Botman,17,4,Newcastle,Defender,5.0,0.0,0.0,a,,,,,0.7,3.0,3.0,3.0,2528,1468,45202,26762,,,
2026-09-21T04:59:06+00:00,448,78916,Burn,17,4,Newcastle,Defender,4.8,-0.1,-0.2,i,Ankle injury - Expected back 12 Oct,2026-08-23T18:00:08.367241Z,0,0,0.8,0.0,0.0,0.0,49,3364,7264,158272,,,
2026-09-21T04:59:06+00:00,449,487838,Hall,17,4,Newcastle,Defender,5.2,0.0,0.2,a,,,,,16.1,6.2,6.2,6.2,125124,8630,1538626,336463,,,
2026-09-21T04:59:06+00:00,450,441191,Livramento,17,4,Newcastle,Defender,4.9,0.0,-0.1,d,Unspecified injury - 75% chance of playing,2026-09-19T14:00:09.046677Z,100,75,0.1,0.8,0.8,0.6,365,912,10161,5352,,,
2026-09-21T04:59:06+00:00,451,545477,A.Murphy,17,4,Newcastle,Defender,4.0,0.0,0.0,u,Has joined FC Kaiserslautern on loan for the rest of the season,2026-08-12T14:05:29.224600Z,0,0,0.1,0.0,0.0,0.0,0,157,0,6808,,,
2026-09-21T04:59:06+00:00,453,201666,Barnes,17,4,Newcastle,Midfielder,6.1,0.1,0.1,a,,,,,5.1,5.6,5.6,5.6,95468,6516,566571,138424,,,
2026-09-21T04:59:06+00:00,454,449434,Elanga,17,4,Newcastle,Midfielder,6.1,-0.1,0.1,i,Unspecified injury - Unknown return date,2026-09-14T20:00:09.505598Z,0,0,5.0,3.6,0.0,0.0,175,120038,1286012,1039999,,,
2026-09-21T04:59:06+00:00,456,232653,J.Ramsey,17,4,Newcastle,Midfielder,4.9,0.0,-0.1,i,Thigh injury - Unknown return date,2026-09-15T09:00:08.191022Z,0,0,0.3,1.4,0.0,0.0,15,2991,16561,29194,,,
2026-09-21T04:59:06+00:00,457,114243,J.Murphy,17,4,Newcastle,Midfielder,5.9,0.0,-0.1,a,,,,,0.1,0.6,0.6,0.6,476,404,5579,10583,,,
2026-09-21T04:59:06+00:00,458,180974,Joelinton,17,4,Newcastle,Midfielder,5.4,0.0,-0.1,i,Unspecified injury - Unknown return date,2026-08-16T08:00:08.074045Z,0,0,0.0,0.0,0.0,0.0,6,43,217,2205,,,
2026-09-21T04:59:06+00:00,459,547719,L.Miley,17,4,Newcastle,Midfielder,5.5,0.0,0.0,a,,2026-07-23T12:01:23.785456Z,100,100,0.1,2.4,2.4,2.4,252,248,6116,5255,,,
2026-09-21T04:59:06+00:00,460,200089,Willock,17,4,Newcastle,Midfielder,5.0,0.0,0.0,a,,,,,0.5,4.4,4.4,4.4,5553,1330,60373,29315,,,
2026-09-21T04:59:06+00:00,461,611665,Touré,17,4,Newcastle,Midfielder,5.8,0.0,-0.2,a,,,,,0.1,1.6,1.6,1.6,185,469,3568,16076,,,
2026-09-21T04:59:06+00:00,462,636852,Steur,17,4,Newcastle,Midfielder,4.9,0.0,-0.1,a,,,,,0.1,1.6,1.6,1.6,119,212,2275,6009,,,
2026-09-21T04:59:06+00:00,463,470313,Woltemade,17,4,Newcastle,Forward,5.9,0.0,-0.1,u,Has joined Juventus on loan for the rest of the season,2026-09-02T16:07:16.549304Z,0,0,0.5,0.8,0.0,0.0,0,1992,14520,140427,,,
2026-09-21T04:59:06+00:00,464,216646,Wissa,17,4,Newcastle,Forward,6.2,0.0,0.2,a,,,,,18.9,3.0,3.0,3.0,47584,86057,2243096,673067,2,,
2026-09-21T04:59:06+00:00,465,538207,Osula,17,4,Newcastle,Forward,5.8,-0.1,-0.2,i,Foot injury - Unknown return date,2026-08-25T19:00:08.004915Z,0,0,0.3,0.8,0.0,0.0,55,1351,21378,85656,1,,
2026-09-21T04:59:06+00:00,466,599303,Neave,17,4,Newcastle,Forward,4.5,0.0,0.0,u,Has joined Wolves on loan for the rest of the season,2026-09-04T12:37:43.515176Z,0,0,0.5,0.0,0.0,0.0,0,2193,23805,50815,,,
2026-09-21T04:59:06+00:00,559,632794,Bamba,17,4,Newcastle,Midfielder,4.9,0.0,-0.1,a,,,,,0.1,0.6,0.6,0.6,71,252,2511,7336,,,
2026-09-21T04:59:06+00:00,567,470551,Horníček,17,4,Newcastle,Goalkeeper,5.0,0.0,0.0,a,,,,,1.5,2.8,2.8,2.8,3822,2467,148472,69020,,,
2026-09-21T04:59:06+00:00,593,463726,Dedić,17,4,Newcastle,Defender,4.5,0.0,0.0,i,Unspecified injury - Unknown return date,2026-09-17T14:30:09.823731Z,0,0,1.9,2.6,0.0,0.0,149,25554,447771,295604,,,
2026-09-21T04:59:06+00:00,609,553746,Shahar,17,4,Newcastle,Defender,4.0,0.0,0.0,u,has joined Arouca on loan for the rest of the seaon.,2026-09-11T14:41:57.406766Z,0,0,0.2,0.0,0.0,0.0,0,1030,18236,14928,,,
2026-09-21T04:59:06+00:00,634,613221,Fernandez-Pardo,17,4,Newcastle,Forward,6.0,0.0,0.0,a,,,,,0.1,1.3,1.3,1.3,925,796,15996,5696,,,
2026-09-21T04:59:06+00:00,659,665243,Miley,17,4,Newcastle,Midfielder,4.5,0.0,0.0,a,,,,,0.0,0.0,0.0,0.0,874,328,4312,930,,,
2026-09-21T04:59:06+00:00,663,578512,Pivas,17,4,Newcastle,Defender,4.0,0.0,0.0,a,,,,,0.0,0.0,1.1,1.1,169,16,169,16,,,
2026-09-21T04:59:06+00:00,664,601767,Salia,17,4,Newcastle,Forward,4.5,0.0,0.0,a,,,,,0.0,0.0,1.0,1.0,3954,484,3954,484,,,
2026-09-21T04:59:06+00:00,665,655585,Mills,17,4,Newcastle,Midfielder,4.5,0.0,0.0,a,,,,,0.0,0.0,1.1,1.1,81,12,81,12,,,
2026-09-21T04:59:06+00:00,666,671875,Thompson,17,4,Newcastle,Midfielder,4.5,0.0,0.0,a,,,,,0.0,0.0,1.1,1.1,93,8,93,8,,,
2026-09-21T04:59:06+00:00,167,463034,Delap,18,17,Nott'm Forest,Forward,5.6,0.1,0.1,a,,,,,2.8,1.8,1.8,1.8,20856,17513,308032,71085,3,,
2026-09-21T04:59:06+00:00,201,247348,Muñoz,18,17,Nott'm Forest,Defender,5.4,0.0,-0.1,a,,,,,5.8,1.0,1.0,1.0,4981,16638,155539,470814,,,
2026-09-21T04:59:06+00:00,467,85633,Sels,18,17,Nott'm Forest,Goalkeeper,5.0,0.0,0.0,a,,,,,1.6,2.8,2.8,2.8,1076,3148,67329,59210,,,
2026-09-21T04:59:06+00:00,468,221389,John,18,17,Nott'm Forest,Goalkeeper,4.5,0.0,0.0,a,,,,,0.1,0.0,0.0,0.0,29,79,836,1939,,,
2026-09-21T04:59:06+00:00,469,215136,N.Williams,18,17,Nott'm Forest,Defender,5.0,0.0,0.0,a,,,,,9.0,3.8,3.8,3.8,6721,22963,321207,328221,,,
2026-09-21T04:59:06+00:00,470,485047,Morato,18,17,Nott'm Forest,Defender,5.0,0.0,0.0,u,Has joined West Ham on loan for the rest of the season,2026-09-02T16:19:54.503286Z,0,0,0.0,0.0,0.0,0.0,0,66,424,3646,,,
2026-09-21T04:59:06+00:00,471,227444,Milenković,18,17,Nott'm Forest,Defender,5.4,-0.1,-0.1,i,Hamstring injury - Expected back 11 Oct,2026-09-12T14:00:09.705107Z,0,0,1.1,2.4,0.0,0.0,30,7188,17962,102345,,,
2026-09-21T04:59:06+00:00,472,575476,Murillo,18,17,Nott'm Forest,Defender,5.5,0.0,0.0,a,,2026-07-23T12:01:23.801183Z,100,100,2.1,4.6,4.6,4.6,4330,3908,99827,57169,,,
2026-09-21T04:59:06+00:00,473,159506,Aina,18,17,Nott'm Forest,Defender,4.5,0.0,0.0,a,,,,,2.5,1.6,1.6,1.6,666,11898,68779,161685,,,
2026-09-21T04:59:06+00:00,474,575458,Jair Cunha,18,17,Nott'm Forest,Defender,4.5,0.0,0.0,a,,2026-09-12T14:00:09.724349Z,75,100,0.2,2.2,1.7,2.2,129,408,9635,12934,,,
2026-09-21T04:59:06+00:00,475,500151,Savona,18,17,Nott'm Forest,Defender,4.5,0.0,0.0,i,Knee injury - Unknown return date,2026-07-23T12:01:23.816304Z,0,0,0.0,0.0,0.0,0.0,11,10,231,268,,,
2026-09-21T04:59:06+00:00,476,204822,O.Richards,18,17,Nott'm Forest,Defender,4.0,0.0,0.0,a,,,,,0.2,0.0,0.0,0.0,158,403,3858,7954,,,
2026-09-21T04:59:06+00:00,477,549067,Abbott,18,17,Nott'm Forest,Defender,4.0,0.0,0.0,u,Has joined Southampton on loan for the rest of the season,2026-09-02T16:19:54.536676Z,0,0,0.1,0.0,0.0,0.0,0,432,2459,13505,,,
2026-09-21T04:59:06+00:00,478,470315,Netz,18,17,Nott'm Forest,Defender,4.4,0.0,-0.1,a,,,,,0.0,0.6,0.6,0.6,35,63,665,1534,,,
2026-09-21T04:59:06+00:00,479,538638,Bindon,18,17,Nott'm Forest,Defender,4.0,0.0,0.0,u,Has joined Charlton Athletic on loan for the rest of the season,2026-09-01T13:16:05.383880Z,0,0,0.1,0.0,0.0,0.0,0,271,799,8401,,,
2026-09-21T04:59:06+00:00,480,222531,Gibbs-White,18,17,Nott'm Forest,Midfielder,8.0,0.0,0.0,a,,2026-08-24T15:30:08.350159Z,100,100,15.8,5.6,5.6,5.6,34501,46138,1178183,628832,1,,
2026-09-21T04:59:06+00:00,482,209046,Hudson-Odoi,18,17,Nott'm Forest,Midfielder,5.8,0.0,-0.2,a,,2026-07-23T12:01:23.832709Z,100,100,0.1,0.2,0.2,0.2,144,672,5155,17072,,,
2026-09-21T04:59:06+00:00,483,456512,Ndoye,18,17,Nott'm Forest,Midfielder,5.5,0.0,0.0,a,,,,,0.7,3.0,3.0,3.0,407,5259,72003,46422,,,
2026-09-21T04:59:06+00:00,484,503301,Hutchinson,18,17,Nott'm Forest,Midfielder,5.4,0.0,-0.1,u,Has joined AC Milan on loan for the rest of the season,2026-09-01T13:23:52.340206Z,0,0,0.1,0.0,0.0,0.0,0,186,427,10814,,,
2026-09-21T04:59:06+00:00,485,476887,Bakwa,18,17,Nott'm Forest,Midfielder,5.5,0.0,0.0,u,Has joined Lille on loan for the rest of the season,2026-08-27T14:53:03.381941Z,0,0,0.0,0.0,0.0,0.0,0,16,107,1158,,,
2026-09-21T04:59:06+00:00,486,432714,McAtee,18,17,Nott'm Forest,Midfielder,5.5,0.0,0.0,a,,,,,0.1,2.4,2.4,2.4,213,533,9858,5579,,,
2026-09-21T04:59:06+00:00,487,250199,Dominguez,18,17,Nott'm Forest,Midfielder,4.9,0.0,-0.1,a,,,,,0.1,0.2,0.2,0.2,37,174,1175,3976,,,
2026-09-21T04:59:06+00:00,488,210462,I.Sangaré,18,17,Nott'm Forest,Midfielder,4.9,0.0,-0.1,a,,2026-08-28T09:30:07.471668Z,100,100,0.4,0.8,0.8,0.8,165,1721,9064,67300,,,
2026-09-21T04:59:06+00:00,489,204968,Yates,18,17,Nott'm Forest,Midfielder,4.5,0.0,0.0,a,,2026-08-17T20:30:08.195072Z,100,100,1.2,0.0,0.0,0.0,331,4341,29977,90696,,,
2026-09-21T04:59:06+00:00,490,60689,Wood,18,17,Nott'm Forest,Forward,5.8,0.0,-0.2,a,,,,,0.9,0.8,0.8,0.8,988,3537,23567,113384,2,,
2026-09-21T04:59:06+00:00,491,482973,Igor Jesus,18,17,Nott'm Forest,Forward,5.8,0.0,-0.2,a,,,,,2.7,2.4,2.4,2.4,4184,13643,123184,260988,4,,
2026-09-21T04:59:06+00:00,493,465680,Kalimuendo,18,17,Nott'm Forest,Forward,5.4,0.0,-0.1,a,,,,,0.1,0.2,0.2,0.2,117,229,2927,3929,,,
2026-09-21T04:59:06+00:00,558,204561,Schlager,18,17,Nott'm Forest,Midfielder,5.0,0.0,0.0,a,,,,,0.1,2.6,2.6,2.6,117,444,5797,5461,,,
2026-09-21T04:59:06+00:00,581,568420,Diomande,18,17,Nott'm Forest,Defender,5.4,0.0,-0.1,a,,,,,0.5,1.4,1.4,1.4,799,1144,12921,40609,,,
2026-09-21T04:59:06+00:00,590,428971,Benda,18,17,Nott'm Forest,Goalkeeper,4.5,0.0,0.0,a,,,,,0.1,0.0,0.0,0.0,72,126,2612,2727,,,
2026-09-21T04:59:06+00:00,112,469142,Van Hecke,19,6,Spurs,Defender,4.9,0.0,-0.1,a,,,,,6.6,4.8,4.8,4.8,7719,13908,143888,459303,,,
2026-09-21T04:59:06+00:00,147,109646,Tosin,19,6,Spurs,Defender,4.4,0.0,-0.1,a,,,,,0.2,0.2,0.2,0.2,61,290,1953,7642,,,
2026-09-21T04:59:06+00:00,401,438234,Marmoush,19,6,Spurs,Forward,7.0,0.0,0.0,a,,,,,2.1,1.6,1.6,1.6,5385,12994,227864,154127,2,,
2026-09-21T04:59:06+00:00,403,510281,Sávio,19,6,Spurs,Midfielder,6.5,0.0,0.0,a,,2026-08-29T16:30:08.380416Z,100,100,0.7,1.6,1.6,1.6,1461,4146,98373,76909,,,
2026-09-21T04:59:06+00:00,455,432422,Tonali,19,6,Spurs,Midfielder,5.3,-0.1,-0.2,a,,2026-09-14T14:30:07.387706Z,100,100,1.9,2.8,2.8,2.8,1192,9202,46781,263809,,,
2026-09-21T04:59:06+00:00,494,184254,Vicario,19,6,Spurs,Goalkeeper,4.5,0.0,0.0,u,Has joined Juventus on loan for the rest of the season,2026-08-19T13:55:33.193962Z,0,0,0.1,0.0,0.0,0.0,0,391,0,21774,,,
2026-09-21T04:59:06+00:00,495,214572,Austin,19,6,Spurs,Goalkeeper,4.0,0.0,0.0,a,,,,,1.0,0.0,0.0,0.0,1088,1140,28739,20825,,,
2026-09-21T04:59:06+00:00,496,485055,Kinsky,19,6,Spurs,Goalkeeper,4.5,0.0,0.0,a,,,,,17.7,3.6,3.6,3.6,8463,66600,337617,748827,,,
2026-09-21T04:59:06+00:00,497,67089,Dubravka,19,6,Spurs,Goalkeeper,4.0,0.0,0.0,a,,,,,17.3,0.0,0.0,0.0,14046,24928,384685,417578,,,
2026-09-21T04:59:06+00:00,498,221466,Senesi,19,6,Spurs,Defender,5.8,0.0,-0.2,a,,,,,3.6,0.6,0.6,0.6,624,12173,28768,448636,,,
2026-09-21T04:59:06+00:00,499,441164,Pedro Porro,19,6,Spurs,Defender,5.4,0.0,-0.1,d,Hamstring injury - 75% chance of playing,2026-09-19T12:00:08.823872Z,100,75,7.9,1.8,1.8,1.4,1339,41590,124113,959338,,,
2026-09-21T04:59:06+00:00,500,221632,Romero,19,6,Spurs,Defender,5.0,0.0,0.0,u,Has joined Atletico Madrid permanently,2026-08-17T13:49:05.465401Z,0,0,0.1,0.0,0.0,0.0,0,144,0,16658,,,
2026-09-21T04:59:06+00:00,502,122798,Robertson,19,6,Spurs,Defender,4.4,0.0,-0.1,a,,,,,2.6,3.4,3.4,3.4,3060,7156,64732,177832,,,
2026-09-21T04:59:06+00:00,503,491279,Van de Ven,19,6,Spurs,Defender,5.0,0.0,0.0,a,,2026-08-21T15:00:07.610517Z,100,100,3.9,3.2,3.2,3.2,2949,11259,91405,258500,,,
2026-09-21T04:59:06+00:00,505,232859,Spence,19,6,Spurs,Defender,4.5,0.0,0.0,u,Has joined Internazionale permanently,2026-08-18T14:13:08.454214Z,0,0,0.2,0.0,0.0,0.0,0,617,0,68703,,,
2026-09-21T04:59:06+00:00,506,487053,Udogie,19,6,Spurs,Defender,4.4,0.0,-0.1,a,,2026-09-11T18:00:09.092110Z,100,100,0.3,1.4,1.4,1.4,199,926,5438,21756,,,
2026-09-21T04:59:06+00:00,507,548308,Phillips,19,6,Spurs,Defender,4.5,0.0,0.0,u,Has joined Middlesbrough permanently,2026-08-18T14:13:08.474144Z,0,0,0.0,0.0,0.0,0.0,0,28,0,1243,,,
2026-09-21T04:59:06+00:00,508,115556,Davies,19,6,Spurs,Defender,3.9,-0.1,-0.1,a,,,,,0.9,0.0,0.0,0.0,3784,1877,15580,39320,,,
2026-09-21T04:59:06+00:00,509,640419,Byfield,19,6,Spurs,Defender,4.0,0.0,0.0,a,,,,,0.1,0.0,0.0,0.0,69,131,2284,2475,,,
2026-09-21T04:59:06+00:00,510,499716,Rowswell,19,6,Spurs,Defender,4.0,0.0,0.0,a,,,,,0.1,0.0,0.0,0.0,71,168,2800,3296,,,
2026-09-21T04:59:06+00:00,511,616221,Souza,19,6,Spurs,Defender,4.0,0.0,0.0,u,Has joined FC Porto on loan for the rest of the season,2026-09-01T13:24:26.858636Z,0,0,0.2,0.0,0.0,0.0,0,488,2555,16474,,,
2026-09-21T04:59:06+00:00,512,460842,Kudus,19,6,Spurs,Midfielder,6.5,0.0,0.0,a,,2026-07-23T12:01:23.848657Z,100,100,0.1,1.4,1.4,1.4,1160,569,11954,10524,3,,
2026-09-21T04:59:06+00:00,513,493362,Xavi,19,6,Spurs,Midfielder,5.9,0.0,-0.1,i,Knee injury - Unknown return date,2026-07-23T12:01:23.864304Z,0,0,0.0,0.0,0.0,0.0,27,35,319,1076,4,,
2026-09-21T04:59:06+00:00,514,511499,Tel,19,6,Spurs,Midfielder,5.7,-0.1,-0.3,a,,,,,0.2,1.6,1.6,1.6,100,1236,9032,46053,,,
2026-09-21T04:59:06+00:00,515,172780,Maddison,19,6,Spurs,Midfielder,6.3,0.0,-0.2,a,,2026-08-25T14:30:07.623508Z,100,100,0.4,0.6,0.6,0.6,393,1074,5442,95327,,,
2026-09-21T04:59:06+00:00,516,202993,Bentancur,19,6,Spurs,Midfielder,5.5,0.0,0.0,a,,,,,0.2,3.0,3.0,3.0,180,351,4944,8008,,,
2026-09-21T04:59:06+00:00,517,550839,Odobert,19,6,Spurs,Midfielder,5.5,0.0,0.0,i,Knee injury - Unknown return date,2026-07-23T12:01:23.879434Z,0,0,0.0,0.0,0.0,0.0,11,7,113,102,,,
2026-09-21T04:59:06+00:00,518,482442,P.M.Sarr,19,6,Spurs,Midfielder,4.9,0.0,-0.1,u,Has joined Juventus on loan for the rest of the season,2026-09-02T16:02:43.386849Z,0,0,0.1,0.0,0.0,0.0,0,401,4138,23468,,,
2026-09-21T04:59:06+00:00,519,232787,Gallagher,19,6,Spurs,Midfielder,5.3,0.0,-0.2,a,,,,,0.2,1.8,1.8,1.8,456,342,4312,16730,,,
2026-09-21T04:59:06+00:00,520,570526,Bergvall,19,6,Spurs,Midfielder,5.4,0.0,-0.1,a,,,,,0.1,0.6,0.6,0.6,52,331,1832,9264,,,
2026-09-21T04:59:06+00:00,521,445044,Kulusevski,19,6,Spurs,Midfielder,6.5,0.0,0.0,i,Knee injury - Unknown return date,2026-07-23T12:01:23.895175Z,0,0,0.0,0.0,0.0,0.0,24,32,330,697,,,
2026-09-21T04:59:06+00:00,522,547701,Gray,19,6,Spurs,Midfielder,4.9,0.0,-0.1,a,,,,,0.2,1.8,1.8,1.8,279,680,6656,12851,,,
2026-09-21T04:59:06+00:00,523,499721,Moore,19,6,Spurs,Midfielder,5.0,0.0,0.0,u,Has joined FC Köln on loan for the rest of the season,2026-09-04T12:39:48.098158Z,0,0,0.1,0.6,0.0,0.0,0,325,3258,16810,,,
2026-09-21T04:59:06+00:00,524,499726,Olusesi,19,6,Spurs,Midfielder,4.4,0.0,-0.1,a,,,,,1.0,0.0,0.0,0.0,3369,4377,52985,46222,,,
2026-09-21T04:59:06+00:00,525,551226,Fernandes,19,6,Spurs,Midfielder,5.7,-0.1,-0.3,a,,,,,0.8,1.4,1.4,1.4,237,4013,14218,122100,,,
2026-09-21T04:59:06+00:00,526,154566,Solanke,19,6,Spurs,Forward,5.8,0.0,-0.2,a,,,,,0.8,1.4,1.4,1.4,942,3081,28489,92132,1,,
2026-09-21T04:59:06+00:00,527,212319,Richarlison,19,6,Spurs,Forward,5.9,0.0,-0.1,u,not included in squad.,2026-09-04T12:32:39.183614Z,0,0,0.7,0.4,0.0,0.0,0,3176,21439,265659,,,
2026-09-21T04:59:06+00:00,528,490145,Scarlett,19,6,Spurs,Forward,4.5,0.0,0.0,u,Has joined Leyton Orient permanently,2026-09-02T16:02:43.413625Z,0,0,1.1,0.0,0.0,0.0,0,4681,42525,106248,,,
2026-09-21T04:59:06+00:00,578,465920,Mudryk,19,6,Spurs,Midfielder,5.3,-0.1,-0.2,i,Ankle injury - Unknown return date,2026-09-11T18:00:09.154412Z,0,0,0.0,0.2,0.0,0.0,13,329,5433,7377,,,
2026-09-21T04:59:06+00:00,601,611917,Williams-Barnett,19,6,Spurs,Midfielder,4.5,0.0,0.0,a,,,,,0.1,0.0,0.0,0.0,97,426,10179,6709,,,
2026-09-21T04:59:06+00:00,501,135720,Danso,20,56,Sunderland,Defender,5.0,0.0,0.0,a,,,,,0.2,0.6,0.6,0.6,618,407,6043,9444,,,
2026-09-21T04:59:06+00:00,529,498016,Roefs,20,56,Sunderland,Goalkeeper,4.9,0.0,-0.1,a,,,,,2.5,2.2,2.2,2.2,1154,6419,21003,172544,,,
2026-09-21T04:59:06+00:00,530,232571,Patterson,20,56,Sunderland,Goalkeeper,4.0,0.0,0.0,u,Has joined Wrexham permanently,2026-08-12T14:08:03.064533Z,0,0,0.1,0.0,0.0,0.0,0,198,0,5850,,,
2026-09-21T04:59:06+00:00,531,515046,Ellborg,20,56,Sunderland,Goalkeeper,4.5,0.0,0.0,a,,,,,0.1,0.0,0.0,0.0,65,122,1104,3203,,,
2026-09-21T04:59:06+00:00,532,223827,Ballard,20,56,Sunderland,Defender,4.9,0.0,-0.1,a,,,,,2.6,2.8,2.8,2.8,1992,8442,43891,309010,,,
2026-09-21T04:59:06+00:00,533,200834,Mukiele,20,56,Sunderland,Defender,5.4,0.0,-0.1,a,,2026-08-09T08:30:05.954750Z,100,100,1.9,2.6,2.6,2.6,2927,4635,42258,125740,,,
2026-09-21T04:59:06+00:00,534,487676,Hume,20,56,Sunderland,Defender,4.3,-0.1,-0.2,a,,,,,2.9,2.0,2.0,2.0,796,19114,37422,386789,,,
2026-09-21T04:59:06+00:00,535,201895,Alderete,20,56,Sunderland,Defender,4.8,-0.1,-0.2,a,,2026-08-09T08:30:05.962393Z,100,100,0.2,0.2,0.2,0.2,125,603,4879,26879,,,
2026-09-21T04:59:06+00:00,536,434399,Reinildo,20,56,Sunderland,Defender,4.4,-0.1,-0.1,a,,2026-09-12T21:30:09.421687Z,0,100,0.3,1.4,0.0,1.4,68,1178,3931,23978,,,
2026-09-21T04:59:06+00:00,537,519634,Seelt,20,56,Sunderland,Defender,4.5,0.0,0.0,u,Has joined Swansea City on loan for the rest of the season,2026-08-29T00:34:52.425076Z,0,0,0.0,0.0,0.0,0.0,0,9,61,651,,,
2026-09-21T04:59:06+00:00,538,477547,Hjelde,20,56,Sunderland,Defender,4.0,0.0,0.0,u,Has joined KV Mechelen on loan for the rest of the season,2026-08-12T14:08:03.081789Z,0,0,0.0,0.0,0.0,0.0,0,85,0,2456,,,
2026-09-21T04:59:06+00:00,539,167512,O'Nien,20,56,Sunderland,Defender,3.9,-0.1,-0.1,a,,,,,2.5,0.2,0.2,0.2,9643,6148,24386,116048,,,
2026-09-21T04:59:06+00:00,540,105717,Masuaku,20,56,Sunderland,Defender,4.0,0.0,0.0,u,Has joined Konyaspor permanently,2026-08-12T14:08:03.097784Z,0,0,0.1,0.0,0.0,0.0,0,378,0,11311,,,
2026-09-21T04:59:06+00:00,541,93605,Meunier,20,56,Sunderland,Defender,4.5,0.0,0.0,a,,2026-08-16T08:30:07.830062Z,100,100,0.3,2.8,2.8,2.8,890,409,6291,9161,,,
2026-09-21T04:59:06+00:00,542,484420,E.Le Fée,20,56,Sunderland,Midfielder,5.7,-0.1,-0.3,a,,,,,3.4,3.6,3.6,3.6,5348,15353,38920,641928,2,,
2026-09-21T04:59:06+00:00,543,547027,Diarra,20,56,Sunderland,Midfielder,5.4,0.0,-0.1,i,Hamstring injury - Unknown return date,2026-08-30T16:30:08.428960Z,0,0,0.0,1.0,0.0,0.0,6,109,544,5792,1,,
2026-09-21T04:59:06+00:00,544,84450,Xhaka,20,56,Sunderland,Midfielder,5.5,0.0,0.0,a,,,,,3.7,4.2,4.2,4.2,3257,13760,127789,198849,,,
2026-09-21T04:59:06+00:00,545,577669,Sadiki,20,56,Sunderland,Midfielder,4.9,0.0,-0.1,a,,,,,0.2,2.0,2.0,2.0,223,780,5536,17805,,,
2026-09-21T04:59:06+00:00,546,535818,Adingra,20,56,Sunderland,Midfielder,4.9,0.0,-0.1,u,Has joined Ajax on loan for the rest of the season,2026-08-20T14:00:08.416985Z,0,0,0.0,0.0,0.0,0.0,0,126,240,7354,,,
2026-09-21T04:59:06+00:00,547,461199,Mundle,20,56,Sunderland,Midfielder,4.9,0.0,-0.1,i,Knee injury - Unknown return date,2026-09-09T14:00:08.462705Z,0,0,0.0,0.2,0.0,0.0,6,31,197,649,,,
2026-09-21T04:59:06+00:00,548,554197,Rigg,20,56,Sunderland,Midfielder,4.9,0.0,-0.1,a,,,,,0.0,0.4,0.4,0.4,12,120,449,2740,,,
2026-09-21T04:59:06+00:00,549,549912,Talbi,20,56,Sunderland,Midfielder,5.3,0.0,-0.2,a,,,,,0.1,0.2,0.2,0.2,64,342,1297,11562,,,
2026-09-21T04:59:06+00:00,550,699989,Jocelin.T,20,56,Sunderland,Midfielder,5.0,0.0,0.0,a,,,,,0.0,0.0,0.0,0.0,15,23,289,404,,,
2026-09-21T04:59:06+00:00,551,536661,N.Angulo,20,56,Sunderland,Midfielder,5.0,0.0,0.0,a,,,,,0.1,3.2,3.2,3.2,259,455,12538,10243,,,
2026-09-21T04:59:06+00:00,552,441264,Brobbey,20,56,Sunderland,Forward,5.7,-0.1,-0.3,a,,,,,6.3,4.8,4.8,4.8,102590,16783,194048,902955,,,
2026-09-21T04:59:06+00:00,553,437505,Isidor,20,56,Sunderland,Forward,5.5,0.0,0.0,a,,,,,1.3,3.0,3.0,3.0,1471,6776,93773,81930,,,
2026-09-21T04:59:06+00:00,612,638411,Methalie,20,56,Sunderland,Defender,4.5,0.0,0.0,a,,2026-08-28T13:00:08.950445Z,100,100,0.0,-0.2,-0.2,-0.2,60,35,849,461,,,
2026-09-21T04:59:06+00:00,613,696104,Ahoka,20,56,Sunderland,Midfielder,4.5,0.0,0.0,a,,,,,0.2,0.0,0.0,0.0,323,906,25118,13604,,,
2026-09-21T04:59:06+00:00,646,549940,Fofana,20,56,Sunderland,Midfielder,5.5,0.0,0.0,a,,,,,0.0,1.0,1.0,1.0,176,186,3912,1614,,,
2026-09-21T04:59:06+00:00,651,661313,J.Angulo,20,56,Sunderland,Forward,4.5,0.0,0.0,a,,,,,0.7,0.0,0.0,0.0,5350,3956,87218,26971,,,
