observed_at,player_id,player_code,web_name,team_id,team_code,team_name,position,price,price_change_gameweek,price_change_season,status,news,news_added,chance_of_playing_this_round,chance_of_playing_next_round,selected_by_percent,form,expected_points_this_gameweek,expected_points_next_gameweek,transfers_in_event,transfers_out_event,transfers_in_season,transfers_out_season,penalties_order,direct_free_kicks_order,corners_and_indirect_free_kicks_order
2026-09-29T05:46:48+00:00,1,154561,Raya,1,3,Arsenal,Goalkeeper,6.1,0.1,0.1,a,,,,,42.3,6.0,6.0,6.0,122701,45718,963100,638122,,,
2026-09-29T05:46:48+00:00,2,109745,Arrizabalaga,1,3,Arsenal,Goalkeeper,4.9,0.0,-0.1,a,,,,,0.1,0.0,0.0,0.0,102,246,1479,4259,,,
2026-09-29T05:46:48+00:00,3,437495,Meslier,1,3,Arsenal,Goalkeeper,4.9,0.0,-0.1,a,,,,,0.0,0.0,0.0,0.0,45,117,512,1577,,,
2026-09-29T05:46:48+00:00,4,226597,Gabriel,1,3,Arsenal,Defender,8.0,0.0,0.0,a,,,,,22.7,5.0,5.0,5.0,23314,64527,233557,907418,,,
2026-09-29T05:46:48+00:00,5,445122,J.Timber,1,3,Arsenal,Defender,6.5,0.0,0.0,a,,2026-07-23T12:01:23.272929Z,100,100,0.4,0.2,0.2,0.2,11976,3926,33632,14679,,,
2026-09-29T05:46:48+00:00,6,462424,Saliba,1,3,Arsenal,Defender,5.9,0.0,-0.1,i,Back injury - Unknown return date,2026-07-23T12:01:23.289376Z,0,0,0.2,0.0,0.0,0.0,378,1063,3460,18616,,,
2026-09-29T05:46:48+00:00,7,499169,Lewis-Skelly,1,3,Arsenal,Midfielder,5.4,-0.1,-0.1,a,,,,,0.6,1.5,1.5,1.5,880,4857,29557,49661,,,
2026-09-29T05:46:48+00:00,8,466075,Calafiori,1,3,Arsenal,Defender,5.8,0.0,0.3,a,,,,,50.5,5.0,5.0,5.0,73231,61367,1653239,399874,,,
2026-09-29T05:46:48+00:00,9,448104,Hincapie,1,3,Arsenal,Defender,5.2,-0.1,-0.3,a,,,,,0.9,0.2,0.2,0.2,1394,5596,16213,117307,,,
2026-09-29T05:46:48+00:00,10,198869,White,1,3,Arsenal,Defender,5.5,0.0,0.0,d,Groin injury - 75% chance of playing,2026-09-20T19:30:08.247780Z,100,75,4.9,2.5,2.5,1.9,3227,65362,455985,564143,,,
2026-09-29T05:46:48+00:00,11,500040,Mosquera,1,3,Arsenal,Defender,5.3,0.0,-0.2,a,,2026-09-04T14:00:08.080310Z,100,100,1.6,1.5,1.5,1.5,1150,9155,31315,467884,,,
2026-09-29T05:46:48+00:00,12,223340,Saka,1,3,Arsenal,Midfielder,9.5,0.0,0.0,a,,,,,13.7,5.8,5.8,5.8,102724,45452,782346,395303,1,,
2026-09-29T05:46:48+00:00,13,204480,Rice,1,3,Arsenal,Midfielder,7.4,0.0,-0.1,d,Unspecified injury - 75% chance of playing,2026-09-21T13:00:08.896379Z,,75,11.7,4.2,4.2,3.2,7477,79554,119323,722228,,,
2026-09-29T05:46:48+00:00,14,232413,Eze,1,3,Arsenal,Midfielder,6.2,-0.1,-0.3,a,,,,,1.0,0.8,0.8,0.8,2175,6602,23094,139446,,,
2026-09-29T05:46:48+00:00,15,184029,Ødegaard,1,3,Arsenal,Midfielder,6.8,0.0,0.3,a,,,,,19.8,4.5,4.5,4.5,73265,85431,1628985,544880,3,,
2026-09-29T05:46:48+00:00,16,248857,Madueke,1,3,Arsenal,Midfielder,6.2,0.0,-0.3,a,,,,,0.2,0.2,0.2,0.2,721,1531,6001,25951,,,
2026-09-29T05:46:48+00:00,17,195384,Merino,1,3,Arsenal,Midfielder,5.8,0.0,-0.2,a,,,,,0.4,0.8,0.8,0.8,715,2806,9452,48096,,,
2026-09-29T05:46:48+00:00,18,444145,Martinelli,1,3,Arsenal,Midfielder,6.3,0.0,-0.2,u,Has joined Al Hilal permanently,2026-09-04T12:34:46.738449Z,0,0,0.1,0.0,0.0,0.0,0,541,2483,21842,,,
2026-09-29T05:46:48+00:00,19,481655,Zubimendi,1,3,Arsenal,Midfielder,5.3,0.0,-0.2,a,,,,,0.6,1.0,1.0,1.0,484,3629,8499,66572,,,
2026-09-29T05:46:48+00:00,20,616077,Dowman,1,3,Arsenal,Midfielder,5.3,0.0,-0.2,a,,,,,0.1,0.2,0.2,0.2,445,565,3033,7284,,,
2026-09-29T05:46:48+00:00,22,499175,Nwaneri,1,3,Arsenal,Midfielder,5.4,0.0,-0.1,u,Has joined Borussia Dortmund on loan for the rest of the season,2026-09-02T16:01:07.058827Z,0,0,0.0,0.0,0.0,0.0,0,48,233,1248,,,
2026-09-29T05:46:48+00:00,23,438098,Fábio Vieira,1,3,Arsenal,Midfielder,5.5,0.0,0.0,u,Has joined Hamburger SV permanently,2026-09-02T16:00:28.446370Z,0,0,0.0,0.0,0.0,0.0,0,38,255,917,,,
2026-09-29T05:46:48+00:00,24,200641,Nelson,1,3,Arsenal,Midfielder,5.5,0.0,0.0,u,has departed the club as a free agent.,2026-08-29T00:33:08.556767Z,0,0,0.0,0.0,0.0,0.0,0,22,68,676,,,
2026-09-29T05:46:48+00:00,25,224117,Gyökeres,1,3,Arsenal,Forward,7.1,-0.1,-0.4,a,,,,,3.1,0.5,0.5,0.5,9601,16297,37824,610621,2,,
2026-09-29T05:46:48+00:00,26,219847,Havertz,1,3,Arsenal,Forward,7.6,0.0,0.1,d,Hamstring injury - 75% chance of playing,2026-09-24T22:00:09.120308Z,,75,8.3,3.2,3.2,2.4,50158,58148,653391,418620,,,
2026-09-29T05:46:48+00:00,27,205651,G.Jesus,1,3,Arsenal,Forward,5.9,0.0,-0.1,u,Has joined FC Barcelona permanently,2026-09-02T16:00:28.475184Z,0,0,0.1,0.0,0.0,0.0,0,981,4164,29256,,,
2026-09-29T05:46:48+00:00,31,199798,Konsa,1,3,Arsenal,Defender,4.6,0.1,0.1,a,,,,,19.4,3.0,3.0,3.0,87878,43842,1461185,634950,,,
2026-09-29T05:46:48+00:00,452,208706,Bruno G.,1,3,Arsenal,Midfielder,6.7,0.0,-0.3,a,,2026-09-04T14:00:08.328779Z,100,100,1.8,2.2,2.2,2.2,5341,7375,30287,244448,4,,
2026-09-29T05:46:48+00:00,557,439509,Tzolis,1,3,Arsenal,Midfielder,6.3,-0.1,-0.2,a,,,,,12.2,2.5,2.5,2.5,11529,136063,461896,1599271,,,
2026-09-29T05:46:48+00:00,29,72147,M.Bizot,2,7,Aston Villa,Goalkeeper,4.5,0.0,0.0,i,Back injury - Expected back 10 Oct,2026-09-17T07:30:09.058151Z,0,0,0.1,0.0,0.0,0.0,59,990,4653,7366,,,
2026-09-29T05:46:48+00:00,30,101188,Digne,2,7,Aston Villa,Defender,4.5,0.0,0.0,u,Has joined Paris Saint-Germain permanently,2026-08-10T14:03:30.089007Z,0,0,0.0,0.0,0.0,0.0,0,216,0,8627,,,
2026-09-29T05:46:48+00:00,32,199796,Cash,2,7,Aston Villa,Defender,4.4,0.0,-0.1,a,,2026-09-09T14:30:08.192142Z,100,100,4.8,1.8,1.8,1.8,2559,24376,95210,418365,,,
2026-09-29T05:46:48+00:00,33,149484,Mings,2,7,Aston Villa,Defender,4.5,0.0,0.0,a,,,,,0.4,2.2,2.2,2.2,1617,1347,16337,17371,,,
2026-09-29T05:46:48+00:00,34,244954,Pau,2,7,Aston Villa,Defender,4.5,0.0,0.0,i,Hamstring injury - Expected back 10 Oct,2026-09-12T18:00:08.712707Z,0,0,0.3,0.8,0.0,0.0,41,3034,11234,27392,,,
2026-09-29T05:46:48+00:00,35,515597,Bogarde,2,7,Aston Villa,Midfielder,4.9,-0.1,-0.1,a,,,,,0.1,0.0,0.0,0.0,164,433,2905,4761,,,
2026-09-29T05:46:48+00:00,36,441302,Maatsen,2,7,Aston Villa,Defender,4.4,-0.1,-0.1,i,Ankle injury - Unknown return date,2026-09-12T18:00:08.729468Z,0,0,0.5,2.2,0.0,0.0,48,5952,31890,61690,,,
2026-09-29T05:46:48+00:00,37,184667,Lindelöf,2,7,Aston Villa,Defender,4.5,0.0,0.0,a,,,,,0.3,2.5,2.5,2.5,972,1228,14572,14251,,,
2026-09-29T05:46:48+00:00,38,606798,A.García,2,7,Aston Villa,Defender,4.0,0.0,0.0,a,,,,,1.5,0.0,0.0,0.0,1794,5867,45240,67767,,,
2026-09-29T05:46:48+00:00,39,578545,Nedeljkovic,2,7,Aston Villa,Defender,4.0,0.0,0.0,u,Has joined Rangers on loan for the rest of the season,2026-08-19T13:56:46.385411Z,0,0,0.1,0.0,0.0,0.0,0,534,0,15219,,,
2026-09-29T05:46:48+00:00,41,195546,Buendía,2,7,Aston Villa,Midfielder,5.9,0.0,-0.1,a,,,,,1.0,4.8,4.8,4.8,11661,3964,59645,95109,1,,
2026-09-29T05:46:48+00:00,44,215711,Bailey,2,7,Aston Villa,Midfielder,5.4,0.0,-0.1,u,Has joined Olympiakos permanently,2026-09-04T12:35:14.472260Z,0,0,0.1,0.0,0.0,0.0,0,459,2096,13190,,,
2026-09-29T05:46:48+00:00,45,122806,McGinn,2,7,Aston Villa,Midfielder,5.4,0.0,-0.1,a,,,,,2.2,4.0,4.0,4.0,6543,8137,70374,155099,,,
2026-09-29T05:46:48+00:00,46,88894,Barkley,2,7,Aston Villa,Midfielder,5.0,0.0,0.0,a,,,,,0.3,2.0,2.0,2.0,542,1723,16099,16200,,,
2026-09-29T05:46:48+00:00,47,226944,Kamara,2,7,Aston Villa,Midfielder,5.0,0.0,0.0,a,,2026-07-23T12:01:23.337269Z,100,100,0.3,3.2,3.2,3.2,1254,1520,14463,21468,,,
2026-09-29T05:46:48+00:00,48,449871,Onana,2,7,Aston Villa,Midfielder,4.9,0.0,-0.1,i,Knee injury - Unknown return date,2026-07-23T12:01:23.352497Z,0,0,0.0,0.0,0.0,0.0,39,92,510,1662,,,
2026-09-29T05:46:48+00:00,49,469247,Iling Jr,2,7,Aston Villa,Midfielder,5.0,0.0,0.0,u,Has joined Bolton Wanderers on loan for the rest of the season,2026-08-17T13:52:28.532616Z,0,0,0.0,0.0,0.0,0.0,0,10,0,235,,,
2026-09-29T05:46:48+00:00,50,645618,Burrowes,2,7,Aston Villa,Midfielder,4.5,0.0,0.0,a,,,,,0.6,0.0,0.0,0.0,613,3286,21438,35010,,,
2026-09-29T05:46:48+00:00,51,577285,George Hemmings,2,7,Aston Villa,Midfielder,4.5,0.0,0.0,a,,,,,1.2,1.8,1.8,1.8,3101,9363,115784,69296,,,
2026-09-29T05:46:48+00:00,52,653481,Alysson,2,7,Aston Villa,Midfielder,5.0,0.0,0.0,d,Unspecified injury - 75% chance of playing,2026-09-19T11:30:09.355376Z,,75,0.0,1.8,1.8,1.4,66,756,3352,3619,,,
2026-09-29T05:46:48+00:00,53,614071,Manzambi,2,7,Aston Villa,Midfielder,5.9,0.0,-0.1,a,,2026-08-15T15:30:06.388335Z,100,100,0.4,3.5,3.5,3.5,27259,3031,30245,19650,,,
2026-09-29T05:46:48+00:00,54,448089,Gomes,2,7,Aston Villa,Midfielder,5.5,0.0,0.0,a,,2026-09-16T19:30:08.742410Z,100,100,0.0,1.0,1.0,1.0,438,185,1277,4094,,,
2026-09-29T05:46:48+00:00,55,178301,Watkins,2,7,Aston Villa,Forward,7.8,0.0,-0.2,u,Has joined Al Hilal permanently,2026-09-01T13:15:16.698799Z,0,0,2.5,0.0,0.0,0.0,0,12062,14882,759443,,,
2026-09-29T05:46:48+00:00,56,173879,Abraham,2,7,Aston Villa,Forward,5.5,0.0,0.0,a,,2026-08-15T16:00:07.558543Z,100,100,0.2,1.0,1.0,1.0,1606,1674,15654,12850,,,
2026-09-29T05:46:48+00:00,160,493105,Garnacho,2,7,Aston Villa,Midfielder,5.8,0.0,-0.2,a,,,,,0.3,0.5,0.5,0.5,505,2684,7453,41137,,,
2026-09-29T05:46:48+00:00,166,517052,N.Jackson,2,7,Aston Villa,Forward,6.5,0.0,0.0,a,,,,,1.5,2.5,2.5,2.5,34026,7602,179288,84542,2,,
2026-09-29T05:46:48+00:00,582,690838,Madjo,2,7,Aston Villa,Forward,5.4,0.0,-0.1,i,Unspecified injury - Unknown return date,2026-08-15T16:00:07.974271Z,0,0,0.2,0.0,0.0,0.0,179,1705,2864,30476,,,
2026-09-29T05:46:48+00:00,596,487992,Ruggeri,2,7,Aston Villa,Defender,4.5,0.0,0.0,a,,,,,0.1,1.0,1.0,1.0,485,309,3128,5573,,,
2026-09-29T05:46:48+00:00,597,433969,Suzuki,2,7,Aston Villa,Goalkeeper,5.0,0.0,0.0,a,,,,,1.9,4.0,4.0,4.0,13062,6197,150626,62056,,,
2026-09-29T05:46:48+00:00,606,569577,Rowe,2,7,Aston Villa,Defender,4.0,0.0,0.0,a,,,,,0.2,0.0,0.0,0.0,303,871,12999,6126,,,
2026-09-29T05:46:48+00:00,607,571380,Lynch,2,7,Aston Villa,Midfielder,4.5,0.0,0.0,u,Has joined Oxford United on loan until January,2026-09-04T12:35:39.820426Z,0,0,0.1,0.0,0.0,0.0,0,688,7103,8132,,,
2026-09-29T05:46:48+00:00,611,214590,Wan-Bissaka,2,7,Aston Villa,Defender,4.5,0.0,0.0,a,,,,,0.2,1.5,1.5,1.5,1385,1381,18238,7714,,,
2026-09-29T05:46:48+00:00,618,119090,Goretzka,2,7,Aston Villa,Midfielder,5.9,0.0,-0.1,i,Knee injury - Expected back 10 Oct,2026-09-09T09:30:08.229436Z,0,0,0.0,0.0,0.0,0.0,22,407,4631,4721,,,
2026-09-29T05:46:48+00:00,630,245719,Harwood-Bellis,2,7,Aston Villa,Defender,4.5,0.0,0.0,a,,,,,0.0,0.0,0.0,0.0,179,176,2156,982,,,
2026-09-29T05:46:48+00:00,631,638987,Mbaye,2,7,Aston Villa,Midfielder,6.0,0.0,0.0,a,,,,,0.1,0.7,0.7,0.7,861,1089,10369,4770,,,
2026-09-29T05:46:48+00:00,667,481283,Wright,2,7,Aston Villa,Goalkeeper,4.0,0.0,0.0,a,,,,,0.1,0.0,1.0,1.0,6878,783,6878,783,,,
2026-09-29T05:46:48+00:00,57,457569,Petrović,3,91,Bournemouth,Goalkeeper,4.5,0.0,0.0,a,,,,,3.0,1.3,1.3,1.3,5904,11266,111887,123937,,,
2026-09-29T05:46:48+00:00,58,40383,Forster,3,91,Bournemouth,Goalkeeper,4.0,0.0,0.0,a,,,,,3.5,0.0,0.0,0.0,7891,7005,117085,78826,,,
2026-09-29T05:46:48+00:00,59,444172,Dennis,3,91,Bournemouth,Goalkeeper,4.0,0.0,0.0,u,Has joined MK Dons permanently,2026-08-27T14:53:48.692835Z,0,0,0.1,0.0,0.0,0.0,0,528,1133,7496,,,
2026-09-29T05:46:48+00:00,60,463981,Hill,3,91,Bournemouth,Defender,5.5,0.0,0.0,a,,,,,0.8,2.3,2.3,2.3,3011,2986,30752,43580,,,
2026-09-29T05:46:48+00:00,61,494521,Truffert,3,91,Bournemouth,Defender,5.4,-0.1,-0.1,a,,,,,3.0,1.7,1.7,1.7,4345,11719,56214,160002,,,
2026-09-29T05:46:48+00:00,62,242882,Diakité,3,91,Bournemouth,Defender,4.9,-0.1,-0.1,a,,,,,0.2,0.0,0.0,0.0,455,931,7113,11996,,,
2026-09-29T05:46:48+00:00,63,620487,Milosavljević,3,91,Bournemouth,Defender,4.9,0.0,-0.1,i,Thigh injury - Unknown return date,2026-08-06T10:00:10.456051Z,0,0,0.0,0.0,0.0,0.0,27,43,333,840,,,
2026-09-29T05:46:48+00:00,64,54469,Smith,3,91,Bournemouth,Defender,4.5,0.0,0.0,a,,,,,0.1,0.7,0.7,0.7,383,460,7181,7288,,,
2026-09-29T05:46:48+00:00,65,436893,J.Araujo,3,91,Bournemouth,Defender,4.4,0.0,-0.1,i,Thigh injury - Unknown return date,2026-08-09T08:00:05.645826Z,0,0,0.0,0.0,0.0,0.0,34,51,418,1290,,,
2026-09-29T05:46:48+00:00,66,575901,Soler,3,91,Bournemouth,Defender,4.0,0.0,0.0,a,,2026-08-15T16:30:07.021055Z,100,100,0.3,0.0,0.0,0.0,712,1093,13803,10978,,,
2026-09-29T05:46:48+00:00,67,499604,Rayan,3,91,Bournemouth,Midfielder,6.3,-0.1,-0.2,a,,,,,1.6,2.0,2.0,2.0,3812,9485,52482,168981,,,
2026-09-29T05:46:48+00:00,68,201658,Tavernier,3,91,Bournemouth,Midfielder,6.1,0.0,0.1,a,,,,,6.8,6.7,6.7,6.7,79040,41937,690233,216661,3,,
2026-09-29T05:46:48+00:00,69,503139,Scott,3,91,Bournemouth,Midfielder,6.1,0.0,0.1,a,,,,,5.8,5.3,5.3,5.3,22812,37314,546715,207490,,,
2026-09-29T05:46:48+00:00,70,222683,Kluivert,3,91,Bournemouth,Midfielder,6.0,0.0,0.0,i,Unspecified injury - Unknown return date,2026-09-20T15:30:09.074071Z,,0,0.9,3.0,3.0,0.0,2291,17307,52648,82189,2,,
2026-09-29T05:46:48+00:00,71,155408,Cook,3,91,Bournemouth,Midfielder,5.0,0.0,0.0,a,,,,,0.2,0.7,0.7,0.7,257,1120,13091,13901,,,
2026-09-29T05:46:48+00:00,72,496208,Gannon-Doak,3,91,Bournemouth,Midfielder,4.9,0.0,-0.1,a,,,,,0.1,1.0,1.0,1.0,135,360,1635,4620,,,
2026-09-29T05:46:48+00:00,73,200785,Adams,3,91,Bournemouth,Midfielder,5.0,0.0,0.0,a,,2026-08-15T16:30:07.029928Z,100,100,0.3,3.3,3.3,3.3,1055,1593,18264,16584,,,
2026-09-29T05:46:48+00:00,74,111317,Brooks,3,91,Bournemouth,Midfielder,5.0,0.0,0.0,a,,2026-08-15T16:30:07.037929Z,100,100,0.1,0.7,0.7,0.7,170,316,3352,3774,,,
2026-09-29T05:46:48+00:00,75,158499,Christie,3,91,Bournemouth,Midfielder,5.0,0.0,0.0,a,,2026-07-24T17:30:10.035483Z,100,100,0.0,1.3,1.3,1.3,286,240,3541,2185,,,
2026-09-29T05:46:48+00:00,76,614574,Tóth.A,3,91,Bournemouth,Midfielder,4.9,0.0,-0.1,a,,,,,0.0,0.3,0.3,0.3,25,54,382,783,,,
2026-09-29T05:46:48+00:00,77,489888,Adli,3,91,Bournemouth,Midfielder,4.9,0.0,-0.1,i,Calf injury - Unknown return date,2026-08-15T16:00:07.590566Z,0,0,0.0,0.0,0.0,0.0,22,72,291,2213,,,
2026-09-29T05:46:48+00:00,78,560262,Kroupi.Jr,3,91,Bournemouth,Midfielder,7.4,0.0,-0.1,i,Foot injury - Expected back 7 Nov,2026-07-29T17:30:09.796802Z,0,0,0.2,0.0,0.0,0.0,179,817,1225,27335,1,,
2026-09-29T05:46:48+00:00,79,444102,Evanilson,3,91,Bournemouth,Forward,6.0,0.0,0.0,a,,,,,3.2,3.0,3.0,3.0,16712,20287,252173,175114,,,
2026-09-29T05:46:48+00:00,80,168636,Enes Ünal,3,91,Bournemouth,Forward,5.5,0.0,0.0,u,Has joined Getafe permanently,2026-08-14T14:14:21.881112Z,0,0,0.0,0.0,0.0,0.0,0,48,0,1980,,,
2026-09-29T05:46:48+00:00,81,561245,Rodríguez,3,91,Bournemouth,Forward,6.0,0.0,0.0,a,,2026-08-15T16:30:07.054142Z,100,100,0.1,0.3,0.3,0.3,725,689,5432,6820,,,
2026-09-29T05:46:48+00:00,566,483067,Silva,3,91,Bournemouth,Defender,5.0,0.0,0.0,a,,,,,0.4,2.3,2.3,2.3,5602,3268,31064,24709,,,
2026-09-29T05:46:48+00:00,573,494928,Sanchez,3,91,Bournemouth,Defender,4.4,0.0,-0.1,a,,,,,0.2,0.0,0.0,0.0,143,419,1563,7076,,,
2026-09-29T05:46:48+00:00,608,523700,Jebbison,3,91,Bournemouth,Forward,5.0,0.0,0.0,a,,,,,0.1,0.7,0.7,0.7,854,868,13217,7223,,,
2026-09-29T05:46:48+00:00,615,230650,Di Gregorio,3,91,Bournemouth,Goalkeeper,4.5,0.0,0.0,a,,,,,0.0,0.0,0.0,0.0,181,186,2924,1735,,,
2026-09-29T05:46:48+00:00,82,200720,Kelleher,4,94,Brentford,Goalkeeper,5.0,0.0,0.0,a,,,,,6.1,3.2,3.2,3.2,19237,12913,250874,213179,,,
2026-09-29T05:46:48+00:00,83,507433,Valdimarsson,4,94,Brentford,Goalkeeper,4.5,0.0,0.0,a,,,,,0.1,0.0,0.0,0.0,284,320,2849,4570,,,
2026-09-29T05:46:48+00:00,84,432830,Collins,4,94,Brentford,Defender,5.4,0.0,-0.1,i,Calf injury - Unknown return date,2026-09-05T18:00:06.182495Z,0,0,1.0,1.0,0.0,0.0,113,9036,58732,156392,,,
2026-09-29T05:46:48+00:00,85,444765,Van den Berg,4,94,Brentford,Defender,4.9,0.0,-0.1,i,Groin injury - Unknown return date,2026-08-15T15:30:06.416627Z,0,0,0.1,0.0,0.0,0.0,37,322,410,8928,,,
2026-09-29T05:46:48+00:00,86,249231,Lewis-Potter,4,94,Brentford,Midfielder,5.5,0.0,0.0,a,,,,,1.7,3.0,3.0,3.0,3582,11648,190227,120029,,,
2026-09-29T05:46:48+00:00,87,191866,Ajer,4,94,Brentford,Defender,4.5,0.0,0.0,a,,,,,3.9,3.2,3.2,3.2,10815,21819,316302,275511,,,
2026-09-29T05:46:48+00:00,88,607464,Kayode,4,94,Brentford,Defender,4.6,0.0,0.1,a,,,,,7.6,2.5,2.5,2.5,12553,20471,595251,366705,,,
2026-09-29T05:46:48+00:00,89,194010,Henry,4,94,Brentford,Defender,4.4,0.0,-0.1,a,,,,,0.2,0.2,0.2,0.2,153,572,1977,8570,,,
2026-09-29T05:46:48+00:00,90,472713,Hickey,4,94,Brentford,Defender,4.5,0.0,0.0,a,,,,,0.1,1.0,1.0,1.0,177,239,2091,2972,,,
2026-09-29T05:46:48+00:00,92,570241,Ji-soo,4,94,Brentford,Defender,4.4,-0.1,-0.1,a,,,,,0.0,0.0,0.0,0.0,58,85,492,957,,,
2026-09-29T05:46:48+00:00,93,513086,Schuster,4,94,Brentford,Defender,4.5,0.0,0.0,a,,,,,0.3,5.2,5.2,5.2,14668,2134,16230,6622,,,
2026-09-29T05:46:48+00:00,94,513418,Schade,4,94,Brentford,Midfielder,6.2,0.1,0.2,a,,,,,11.4,9.0,9.0,9.0,379439,23073,999294,243077,2,,
2026-09-29T05:46:48+00:00,95,533463,O.Dango,4,94,Brentford,Midfielder,6.3,0.0,-0.2,a,,,,,0.5,1.0,1.0,1.0,785,3522,15146,82101,,,
2026-09-29T05:46:48+00:00,96,440089,Damsgaard,4,94,Brentford,Midfielder,5.4,0.0,-0.1,a,,,,,0.4,3.8,3.8,3.8,1499,1977,15010,30093,,,
2026-09-29T05:46:48+00:00,97,207283,Jensen,4,94,Brentford,Midfielder,5.4,0.0,-0.1,i,Unspecified injury - Expected back 10 Oct,2026-08-30T12:30:08.176795Z,0,0,0.1,0.0,0.0,0.0,19,617,4504,15051,3,,
2026-09-29T05:46:48+00:00,98,204580,Janelt,4,94,Brentford,Midfielder,5.0,0.0,0.0,a,,,,,2.5,4.8,4.8,4.8,18770,17226,305830,106317,,,
2026-09-29T05:46:48+00:00,99,543295,Milambo,4,94,Brentford,Midfielder,5.0,0.0,0.0,i,Knee injury - Unknown return date,2026-07-23T12:01:23.384798Z,0,0,0.0,0.0,0.0,0.0,6,7,115,159,,,
2026-09-29T05:46:48+00:00,100,244858,Carvalho,4,94,Brentford,Midfielder,5.0,0.0,0.0,a,,2026-08-18T13:58:17.442072Z,100,100,0.0,1.5,1.5,1.5,595,171,1893,1449,,,
2026-09-29T05:46:48+00:00,102,508395,Yarmoliuk,4,94,Brentford,Midfielder,4.8,0.0,-0.2,a,,,,,0.6,2.0,2.0,2.0,1291,3162,5744,61512,,,
2026-09-29T05:46:48+00:00,103,183656,Dasilva,4,94,Brentford,Midfielder,4.9,0.0,-0.1,i,Hamstring injury - Expected back 10 Oct,2026-09-04T13:30:08.371955Z,0,0,0.0,0.0,0.0,0.0,9,99,400,1944,,,
2026-09-29T05:46:48+00:00,105,444180,Anthony,4,94,Brentford,Midfielder,5.9,0.0,-0.1,a,,,,,0.1,3.5,3.5,3.5,2250,588,7248,10989,,,
2026-09-29T05:46:48+00:00,106,502500,Thiago,4,94,Brentford,Forward,7.8,0.0,-0.2,a,,,,,9.1,2.5,2.5,2.5,54384,36592,274807,1033500,1,,
2026-09-29T05:46:48+00:00,107,593174,Furo,4,94,Brentford,Forward,4.5,0.0,0.0,i,Unspecified injury - Unknown return date,2026-09-14T14:00:09.985723Z,0,0,0.9,0.0,0.0,0.0,598,9242,61671,66404,,,
2026-09-29T05:46:48+00:00,108,75115,Wilson,4,94,Brentford,Forward,5.4,-0.1,-0.1,a,,,,,0.3,0.5,0.5,0.5,1142,2391,15491,26456,,,
2026-09-29T05:46:48+00:00,565,513545,M.Sangaré,4,94,Brentford,Midfielder,5.6,-0.1,0.1,a,,,,,9.9,2.0,2.0,2.0,8155,136087,1227443,817976,,,
2026-09-29T05:46:48+00:00,620,613804,Diouf,4,94,Brentford,Defender,4.5,0.0,0.0,a,,,,,0.1,0.5,0.5,0.5,455,663,13616,7325,,,
2026-09-29T05:46:48+00:00,657,626464,Nunes,4,94,Brentford,Midfielder,4.5,0.0,0.0,a,,,,,0.0,0.0,0.0,0.0,333,264,2075,657,,,
2026-09-29T05:46:48+00:00,660,612534,Fredrick,4,94,Brentford,Defender,4.0,0.0,0.0,a,,,,,0.0,0.0,1.1,1.1,510,65,510,65,,,
2026-09-29T05:46:48+00:00,661,235448,Balcombe,4,94,Brentford,Goalkeeper,4.0,0.0,0.0,a,,,,,0.0,0.0,1.0,1.0,2801,524,2801,524,,,
2026-09-29T05:46:48+00:00,109,489639,Verbruggen,5,36,Brighton,Goalkeeper,4.5,0.0,0.0,a,,,,,21.6,4.2,4.2,4.2,69546,69379,763021,605233,,,
2026-09-29T05:46:48+00:00,111,49262,Steele,5,36,Brighton,Goalkeeper,4.0,0.0,0.0,a,,,,,4.1,0.0,0.0,0.0,6912,14309,147099,120064,,,
2026-09-29T05:46:48+00:00,113,231416,F.Kadıoğlu,5,36,Brighton,Defender,4.4,0.0,-0.1,a,,2026-08-23T13:00:07.595211Z,100,100,1.6,3.2,3.2,3.2,3834,6644,30247,134187,,,
2026-09-29T05:46:48+00:00,114,204120,Boscagli,5,36,Brighton,Defender,4.5,0.0,0.0,a,,,,,0.3,3.2,3.2,3.2,1933,744,16150,11821,,,
2026-09-29T05:46:48+00:00,115,465730,De Cuyper,5,36,Brighton,Defender,5.0,0.1,0.5,a,,,,,27.7,5.2,5.2,5.2,291675,19994,2710014,405025,,,
2026-09-29T05:46:48+00:00,116,83299,Dunk,5,36,Brighton,Defender,4.5,0.0,0.0,d,Neck injury - 75% chance of playing,2026-09-22T09:30:09.629652Z,,75,1.5,4.0,4.0,3.0,7516,9288,89077,50352,,,
2026-09-29T05:46:48+00:00,117,550090,Coppola,5,36,Brighton,Defender,4.5,0.0,0.0,a,,,,,0.0,0.0,0.0,0.0,106,91,918,1054,,,
2026-09-29T05:46:48+00:00,118,223434,Igor,5,36,Brighton,Defender,4.5,0.0,0.0,u,Has joined Burnley permanently,2026-09-02T15:38:15.529699Z,0,0,0.0,0.0,0.0,0.0,0,273,915,5916,,,
2026-09-29T05:46:48+00:00,119,451490,Costinha,5,36,Brighton,Defender,4.5,0.0,0.0,a,,,,,0.0,0.8,0.8,0.8,165,129,1270,1454,,,
2026-09-29T05:46:48+00:00,120,454490,Svoboda,5,36,Brighton,Defender,5.0,0.0,0.0,a,,,,,0.1,0.2,0.2,0.2,1306,451,4482,3973,,,
2026-09-29T05:46:48+00:00,121,451340,Mitoma,5,36,Brighton,Midfielder,5.9,0.0,-0.1,i,Hamstring injury - Expected back 10 Oct,2026-07-24T18:30:10.661894Z,0,0,0.0,0.0,0.0,0.0,116,165,542,3102,,,
2026-09-29T05:46:48+00:00,122,592031,Minteh,5,36,Brighton,Midfielder,5.8,-0.1,-0.2,i,Leg injury - Expected back 28 Nov,2026-08-14T18:00:06.418033Z,0,0,0.0,0.0,0.0,0.0,44,207,334,6881,,,
2026-09-29T05:46:48+00:00,123,532529,Hinshelwood,5,36,Brighton,Midfielder,5.9,0.0,-0.1,i,Ankle injury - Expected back 10 Oct,2026-08-27T19:30:07.780933Z,0,0,0.6,0.0,0.0,0.0,261,6567,147882,215793,,,
2026-09-29T05:46:48+00:00,124,60307,Groß,5,36,Brighton,Midfielder,5.8,0.1,0.3,a,,,,,28.7,11.2,11.2,11.2,771591,11167,2132084,540950,1,,
2026-09-29T05:46:48+00:00,125,463067,Georginio,5,36,Brighton,Forward,5.3,-0.1,-0.2,a,,2026-08-26T16:00:07.608056Z,100,100,0.5,0.2,0.2,0.2,2536,3702,34533,76330,,,
2026-09-29T05:46:48+00:00,126,219249,O'Riley,5,36,Brighton,Midfielder,5.4,0.0,-0.1,a,,,,,0.1,0.5,0.5,0.5,409,549,3583,6505,3,,
2026-09-29T05:46:48+00:00,127,514254,Gomez,5,36,Brighton,Midfielder,5.0,0.0,0.0,a,,,,,4.0,4.5,4.5,4.5,11827,37392,334334,299023,,,
2026-09-29T05:46:48+00:00,128,536916,Buonanotte,5,36,Brighton,Midfielder,5.0,0.0,0.0,u,Has joined Elche on loan for the rest of the season,2026-08-10T14:03:07.561436Z,0,0,0.0,0.0,0.0,0.0,0,7,0,330,,,
2026-09-29T05:46:48+00:00,129,509416,Ayari,5,36,Brighton,Midfielder,5.4,0.0,-0.1,a,,2026-08-30T18:00:07.935334Z,100,100,0.4,3.2,3.2,3.2,2205,1929,12446,41484,,,
2026-09-29T05:46:48+00:00,130,467779,Wieffer,5,36,Brighton,Defender,4.9,0.0,-0.1,i,Knee injury - Unknown return date,2026-09-04T09:30:08.612904Z,0,0,0.2,0.0,0.0,0.0,29,1909,25944,43341,,,
2026-09-29T05:46:48+00:00,132,597320,Howell,5,36,Brighton,Midfielder,4.5,0.0,0.0,u,Has joined Leicester City on loan for the rest of the season,2026-08-17T13:53:19.019938Z,0,0,0.0,0.0,0.0,0.0,0,195,0,3673,,,
2026-09-29T05:46:48+00:00,133,549074,Watson,5,36,Brighton,Midfielder,5.0,0.0,0.0,u,Has joined Leicester City on loan for the rest of the season,2026-08-03T14:05:44.459483Z,0,0,0.0,0.0,0.0,0.0,0,4,0,135,,,
2026-09-29T05:46:48+00:00,134,556637,Oriola,5,36,Brighton,Midfielder,4.5,0.0,0.0,a,,,,,0.2,0.0,0.0,0.0,347,1310,8751,14178,,,
2026-09-29T05:46:48+00:00,135,700308,Yohanna,5,36,Brighton,Midfielder,4.8,-0.1,-0.2,i,Unspecified injury - Expected back 10 Oct,2026-09-10T13:00:08.617941Z,0,0,0.0,0.0,0.0,0.0,23,380,1266,5487,,,
2026-09-29T05:46:48+00:00,137,608181,Tzimas,5,36,Brighton,Forward,5.4,0.0,-0.1,i,Knee injury - Unknown return date,2026-07-23T12:01:23.432796Z,0,0,0.0,0.0,0.0,0.0,34,48,331,746,,,
2026-09-29T05:46:48+00:00,138,647850,Kostoulas,5,36,Brighton,Forward,5.6,0.1,0.1,a,,,,,4.0,6.8,6.8,6.8,301685,17657,406376,50167,,,
2026-09-29T05:46:48+00:00,139,487117,Ferguson,5,36,Brighton,Forward,5.0,0.0,0.0,i,Ankle injury - Expected back 10 Oct,2026-07-23T12:01:23.448357Z,0,0,0.0,0.0,0.0,0.0,124,249,1575,2518,,,
2026-09-29T05:46:48+00:00,328,222694,Struijk,5,36,Brighton,Defender,4.9,0.0,-0.1,d,Hamstring injury - 75% chance of playing,2026-09-22T10:00:09.404233Z,100,75,0.2,1.8,1.8,1.4,638,809,5667,12060,,,
2026-09-29T05:46:48+00:00,504,610799,Vuskovic,5,36,Brighton,Defender,5.0,0.0,0.0,a,,,,,3.6,6.5,6.5,6.5,53486,12534,256586,137346,,,
2026-09-29T05:46:48+00:00,594,538007,David,5,36,Brighton,Forward,5.9,-0.1,-0.1,a,,,,,0.2,0.2,0.2,0.2,3053,2138,14915,22411,2,,
2026-09-29T05:46:48+00:00,600,612855,Osman,5,36,Brighton,Midfielder,5.0,0.0,0.0,a,,,,,0.0,0.5,0.5,0.5,110,124,941,1091,,,
2026-09-29T05:46:48+00:00,605,611695,Yalcouyé,5,36,Brighton,Midfielder,4.5,0.0,0.0,a,,,,,4.0,4.8,4.8,4.8,25355,32011,554244,169965,,,
2026-09-29T05:46:48+00:00,614,512123,Hadjam,5,36,Brighton,Defender,4.5,0.0,0.0,a,,,,,0.0,0.0,0.0,0.0,242,245,3981,1950,,,
2026-09-29T05:46:48+00:00,624,519324,Cozier-Duberry,5,36,Brighton,Midfielder,5.0,0.0,0.0,u,Has joined Middlesbrough on loan for the rest of the season,2026-09-02T15:38:15.552951Z,0,0,0.0,0.0,0.0,0.0,0,5,117,113,,,
2026-09-29T05:46:48+00:00,639,592984,Andrés,5,36,Brighton,Midfielder,5.5,0.0,0.0,a,,,,,0.0,4.0,4.0,4.0,2667,297,3911,765,,,
2026-09-29T05:46:48+00:00,652,471551,Azeez,5,36,Brighton,Midfielder,5.5,0.0,0.0,i,Hamstring injury - Expected back 10 Oct,2026-09-04T11:30:08.661589Z,0,0,0.0,0.0,0.0,0.0,19,41,442,198,,,
2026-09-29T05:46:48+00:00,658,661016,Ibrahim,5,36,Brighton,Midfielder,4.5,0.0,0.0,a,,,,,0.0,0.0,0.0,0.0,301,210,1464,478,,,
2026-09-29T05:46:48+00:00,28,98980,Martinez,6,8,Chelsea,Goalkeeper,5.0,0.0,0.0,a,,,,,4.7,2.2,2.2,2.2,7215,21374,244982,245955,,,
2026-09-29T05:46:48+00:00,40,244850,Rogers,6,8,Chelsea,Midfielder,7.7,0.0,0.2,a,,,,,40.5,5.2,5.2,5.2,140527,67987,2469950,659674,,,
2026-09-29T05:46:48+00:00,101,56979,Henderson,6,8,Chelsea,Midfielder,4.9,0.0,-0.1,a,,2026-08-09T09:30:07.136250Z,50,100,0.0,0.5,0.2,0.5,496,147,1109,2621,,,
2026-09-29T05:46:48+00:00,136,50175,Welbeck,6,8,Chelsea,Forward,5.9,0.0,-0.1,a,,2026-08-20T14:00:07.949090Z,100,100,1.0,1.0,1.0,1.0,7138,8983,61074,82887,,,
2026-09-29T05:46:48+00:00,140,215059,Sánchez,6,8,Chelsea,Goalkeeper,4.9,0.0,-0.1,u,Has joined Como on loan for the rest of the season,2026-09-02T16:20:41.841936Z,0,0,0.7,0.0,0.0,0.0,0,4644,10847,176252,,,
2026-09-29T05:46:48+00:00,141,508479,Jörgensen,6,8,Chelsea,Goalkeeper,5.0,0.0,0.0,u,Has joined RC Strasbourg on loan for the rest of the season,2026-08-12T14:07:02.607115Z,0,0,0.0,0.0,0.0,0.0,0,30,0,948,,,
2026-09-29T05:46:48+00:00,142,225796,James,6,8,Chelsea,Defender,5.4,0.0,-0.1,d,Hamstring injury - 75% chance of playing,2026-09-18T10:30:09.719371Z,75,75,5.8,0.8,0.6,0.6,597,75641,168802,598330,,,
2026-09-29T05:46:48+00:00,143,180736,Chalobah,6,8,Chelsea,Defender,5.5,0.0,0.0,u,Has joined Como permanently,2026-08-10T14:03:50.769483Z,0,0,0.1,0.0,0.0,0.0,0,296,0,13926,,,
2026-09-29T05:46:48+00:00,144,482609,Gusto,6,8,Chelsea,Defender,4.9,-0.1,-0.1,a,,,,,1.0,0.8,0.8,0.8,1526,6730,36853,67210,,,
2026-09-29T05:46:48+00:00,145,444463,Fofana,6,8,Chelsea,Defender,5.0,0.0,0.0,a,,2026-07-23T12:01:23.464591Z,100,100,0.2,2.0,2.0,2.0,2364,1241,18470,8182,,,
2026-09-29T05:46:48+00:00,146,242880,B.Badiashile,6,8,Chelsea,Defender,4.5,0.0,0.0,u,Has joined Napoli on loan for the rest of the season,2026-08-25T14:03:47.079414Z,0,0,0.0,0.0,0.0,0.0,0,42,232,1939,,,
2026-09-29T05:46:48+00:00,148,551210,Hato,6,8,Chelsea,Defender,4.5,0.0,0.0,a,,,,,0.8,1.8,1.8,1.8,784,7145,91179,59472,,,
2026-09-29T05:46:48+00:00,149,460028,Colwill,6,8,Chelsea,Defender,4.8,-0.1,-0.2,a,,,,,0.9,0.8,0.8,0.8,1019,5238,26675,98263,,,
2026-09-29T05:46:48+00:00,150,574458,M.Sarr,6,8,Chelsea,Defender,4.5,0.0,0.0,u,Has joined Real Sociedad on loan for the rest of the season,2026-08-29T00:34:23.077418Z,0,0,0.0,0.0,0.0,0.0,0,159,429,5975,,,
2026-09-29T05:46:48+00:00,151,577016,Acheampong,6,8,Chelsea,Defender,4.5,0.0,0.0,a,,,,,0.3,0.5,0.5,0.5,400,1875,21112,22434,,,
2026-09-29T05:46:48+00:00,152,620109,Palestra,6,8,Chelsea,Defender,5.3,0.0,-0.2,d,Thigh injury - 50% chance of playing,2026-08-24T18:30:07.421239Z,50,50,0.6,0.0,0.0,0.0,198,3677,6658,220218,,,
2026-09-29T05:46:48+00:00,154,244851,Palmer,6,8,Chelsea,Midfielder,9.7,0.0,0.2,d,Muscular injury - 75% chance of playing,2026-09-21T13:00:09.022726Z,100,75,25.7,3.8,3.8,2.8,46779,159917,1950155,655223,1,,
2026-09-29T05:46:48+00:00,156,247632,Neto,6,8,Chelsea,Midfielder,6.5,0.0,0.0,a,,,,,1.4,3.2,3.2,3.2,4877,9383,82002,91034,,,
2026-09-29T05:46:48+00:00,157,624773,Estêvão,6,8,Chelsea,Midfielder,6.3,0.0,-0.2,a,,,,,0.7,0.8,0.8,0.8,1680,4226,17594,86961,2,,
2026-09-29T05:46:48+00:00,158,463936,Gittens,6,8,Chelsea,Midfielder,5.8,-0.1,-0.2,d,Ankle injury - 75% chance of playing,2026-09-26T05:30:09.245832Z,,75,0.0,0.0,0.0,0.0,151,237,1130,2867,,,
2026-09-29T05:46:48+00:00,159,486672,Caicedo,6,8,Chelsea,Midfielder,5.3,0.0,-0.2,d,Calf injury - 50% chance of playing,2026-08-30T16:00:08.393562Z,50,50,1.0,0.2,0.1,0.1,397,8618,15035,281010,,,
2026-09-29T05:46:48+00:00,161,514356,Lavia,6,8,Chelsea,Midfielder,5.0,0.0,0.0,a,,,,,0.2,2.5,2.5,2.5,405,2386,25780,15496,,,
2026-09-29T05:46:48+00:00,163,491007,D.Essugo,6,8,Chelsea,Midfielder,4.5,0.0,0.0,u,Has joined RC Strasbourg on loan for the rest of the season,2026-09-02T16:20:41.865225Z,0,0,0.1,0.0,0.0,0.0,0,695,2698,14407,,,
2026-09-29T05:46:48+00:00,164,593117,Quenda,6,8,Chelsea,Midfielder,5.3,0.0,-0.2,a,,2026-07-24T20:30:10.609931Z,100,100,0.0,0.2,0.2,0.2,68,176,900,3396,,,
2026-09-29T05:46:48+00:00,165,475168,João Pedro,6,8,Chelsea,Forward,7.7,-0.1,0.2,d,Knee injury - 75% chance of playing,2026-09-16T19:00:09.919929Z,75,75,65.2,5.5,4.1,4.1,59229,383320,1573970,1455816,,,
2026-09-29T05:46:48+00:00,168,499309,Marc Guiu,6,8,Chelsea,Forward,5.0,0.0,0.0,u,Has joined RB Leipzig permanently,2026-09-01T13:24:48.857362Z,0,0,0.2,0.0,0.0,0.0,0,1484,4102,33208,,,
2026-09-29T05:46:48+00:00,169,567119,Mheuka,6,8,Chelsea,Forward,4.5,0.0,0.0,a,,,,,0.5,0.0,0.0,0.0,4339,3413,32060,25202,,,
2026-09-29T05:46:48+00:00,170,503037,Emegha,6,8,Chelsea,Forward,4.9,-0.1,-0.1,i,Hamstring injury - Expected back 10 Oct,2026-09-09T15:00:09.063849Z,0,0,0.1,0.0,0.0,0.0,73,1050,6073,12557,,,
2026-09-29T05:46:48+00:00,200,437499,Lacroix,6,8,Chelsea,Defender,5.9,-0.1,-0.1,a,,,,,6.8,1.8,1.8,1.8,7434,28364,174088,423940,,,
2026-09-29T05:46:48+00:00,560,549939,Penders,6,8,Chelsea,Goalkeeper,4.4,0.0,-0.1,a,,,,,0.1,0.0,0.0,0.0,237,290,2012,3610,,,
2026-09-29T05:46:48+00:00,561,622758,Anselmino,6,8,Chelsea,Defender,4.5,0.0,0.0,a,,2026-08-23T19:00:08.536705Z,100,100,0.0,0.0,0.0,0.0,62,101,819,1249,,,
2026-09-29T05:46:48+00:00,568,543158,Barco,6,8,Chelsea,Midfielder,5.4,0.0,-0.1,a,,,,,0.1,0.8,0.8,0.8,222,430,3145,6997,,,
2026-09-29T05:46:48+00:00,583,498444,Chavarria,6,8,Chelsea,Defender,4.9,0.0,-0.1,a,,,,,0.1,1.0,1.0,1.0,394,521,3354,11127,,,
2026-09-29T05:46:48+00:00,662,636846,Nicoll-Jazuli,6,8,Chelsea,Midfielder,4.5,0.0,0.0,a,,,,,0.0,1.0,1.1,1.1,328,71,328,71,,,
2026-09-29T05:46:48+00:00,91,231065,Pinnock,7,9,Coventry City,Defender,4.5,0.0,0.0,a,,,,,0.1,4.3,4.3,4.3,362,216,2531,3987,,,
2026-09-29T05:46:48+00:00,104,428580,Onyeka,7,9,Coventry City,Midfielder,4.9,0.0,-0.1,a,,2026-09-15T09:00:07.851220Z,100,100,0.1,2.3,2.3,2.3,166,434,3976,9561,,,
2026-09-29T05:46:48+00:00,110,472739,Rushworth,7,9,Coventry City,Goalkeeper,4.5,0.0,0.0,a,,,,,0.8,4.3,4.3,4.3,2448,5773,23595,58937,,,
2026-09-29T05:46:48+00:00,171,484389,Dovin,7,9,Coventry City,Goalkeeper,4.0,0.0,0.0,u,Has joined Leyton Orient on loan for the rest of the season,2026-09-02T15:44:14.839336Z,0,0,1.0,0.0,0.0,0.0,0,4576,8924,57744,,,
2026-09-29T05:46:48+00:00,172,110690,Wilson,7,9,Coventry City,Goalkeeper,4.4,0.0,-0.1,a,,,,,0.4,0.0,0.0,0.0,231,639,1401,12336,,,
2026-09-29T05:46:48+00:00,173,461102,Thomas,7,9,Coventry City,Defender,4.0,0.0,0.0,a,,,,,8.6,4.3,4.3,4.3,24926,29836,362360,282860,,,
2026-09-29T05:46:48+00:00,174,436761,Kitching,7,9,Coventry City,Defender,4.0,0.0,0.0,u,Has joined Sheffield United on loan for the rest of the season,2026-09-02T16:21:03.612394Z,0,0,0.3,0.0,0.0,0.0,0,1740,981,32833,,,
2026-09-29T05:46:48+00:00,175,451284,van Ewijk,7,9,Coventry City,Defender,4.0,0.0,0.0,d,Hamstring injury - 75% chance of playing,2026-09-19T16:00:09.486751Z,,75,8.8,1.0,1.0,0.8,1144,73652,123049,498326,,,
2026-09-29T05:46:48+00:00,176,173878,Dasilva,7,9,Coventry City,Defender,4.0,0.0,0.0,a,,,,,0.7,5.7,5.7,5.7,5957,1650,15240,22616,,,
2026-09-29T05:46:48+00:00,177,465390,Kesler-Hayden,7,9,Coventry City,Defender,3.9,-0.1,-0.1,i,Hamstring injury - Unknown return date,2026-08-27T14:56:28.704361Z,0,0,0.0,0.0,0.0,0.0,994,508,1593,3733,,,
2026-09-29T05:46:48+00:00,178,80178,Bidwell,7,9,Coventry City,Defender,4.0,0.0,0.0,a,,,,,0.1,0.0,0.0,0.0,177,289,2484,3520,,,
2026-09-29T05:46:48+00:00,179,204813,Latibeaudiere,7,9,Coventry City,Defender,4.0,0.0,0.0,a,,,,,0.0,0.3,0.3,0.3,72,132,983,1735,,,
2026-09-29T05:46:48+00:00,180,220583,Woolfenden,7,9,Coventry City,Defender,4.0,0.0,0.0,i,Knee injury - Unknown return date,2026-08-27T14:56:28.718566Z,0,0,0.1,0.0,0.0,0.0,24,491,2259,9000,,,
2026-09-29T05:46:48+00:00,181,577411,Brau,7,9,Coventry City,Defender,4.0,0.0,0.0,u,Has joined Academico de Viseu on loan for the rest of the season,2026-08-29T00:35:59.980316Z,0,0,0.0,0.0,0.0,0.0,0,91,275,2161,,,
2026-09-29T05:46:48+00:00,182,539142,Amenda,7,9,Coventry City,Defender,4.0,0.0,0.0,i,Calf injury - Unknown return date,2026-09-17T07:30:09.329041Z,25,0,0.6,0.7,0.2,0.0,32,6556,11477,33458,,,
2026-09-29T05:46:48+00:00,183,480457,Rudoni,7,9,Coventry City,Midfielder,4.9,0.0,-0.1,a,,2026-07-23T12:01:23.481435Z,100,100,0.1,3.0,3.0,3.0,863,641,4333,8030,,,
2026-09-29T05:46:48+00:00,184,168144,Grimes,7,9,Coventry City,Midfielder,4.9,0.0,-0.1,a,,,,,0.1,2.3,2.3,2.3,176,836,4073,11227,3,,
2026-09-29T05:46:48+00:00,185,501459,Sakamoto,7,9,Coventry City,Midfielder,4.8,0.0,-0.2,a,,,,,0.1,0.0,0.0,0.0,123,371,1013,5743,,,
2026-09-29T05:46:48+00:00,186,241293,Mason-Clark,7,9,Coventry City,Midfielder,5.3,-0.1,-0.2,a,,2026-08-19T18:00:08.310507Z,100,100,0.1,1.3,1.3,1.3,70,352,1109,5956,,,
2026-09-29T05:46:48+00:00,187,439668,Eccles,7,9,Coventry City,Midfielder,4.8,-0.1,-0.2,i,Unspecified injury - Expected back 12 Oct,2026-09-10T18:30:08.877110Z,0,0,0.0,0.0,0.0,0.0,16,87,629,1463,,,
2026-09-29T05:46:48+00:00,188,226965,Torp,7,9,Coventry City,Midfielder,5.3,-0.1,-0.2,a,,,,,0.1,0.3,0.3,0.3,43,420,796,7952,2,,
2026-09-29T05:46:48+00:00,189,684268,Shepherd,7,9,Coventry City,Midfielder,4.4,0.0,-0.1,a,,,,,0.3,0.0,0.0,0.0,3964,2194,10684,15065,,,
2026-09-29T05:46:48+00:00,190,469272,Tchaouna,7,9,Coventry City,Midfielder,5.4,0.0,-0.1,a,,,,,0.1,0.7,0.7,0.7,22,332,3138,8209,,,
2026-09-29T05:46:48+00:00,191,492498,Borges Rodrigues,7,9,Coventry City,Midfielder,4.5,0.0,0.0,u,Has joined Burton Albion on loan for the rest of the season,2026-09-02T15:44:14.868001Z,0,0,0.1,0.0,0.0,0.0,0,660,1943,11484,,,
2026-09-29T05:46:48+00:00,192,629397,Andrews,7,9,Coventry City,Midfielder,4.5,0.0,0.0,u,Has joined Oxford United on loan for the rest of the season,2026-08-29T00:35:59.998520Z,0,0,0.3,0.0,0.0,0.0,0,1909,2718,41014,,,
2026-09-29T05:46:48+00:00,193,176412,Wright,7,9,Coventry City,Forward,5.4,0.0,-0.1,i,Thigh injury - Unknown return date,2026-08-14T22:00:07.214508Z,0,0,0.1,0.0,0.0,0.0,44,526,611,12452,1,,
2026-09-29T05:46:48+00:00,194,230730,Thomas-Asante,7,9,Coventry City,Forward,5.0,0.0,0.0,a,,,,,0.8,2.0,2.0,2.0,7596,5649,58221,56674,4,,
2026-09-29T05:46:48+00:00,195,218997,Simms,7,9,Coventry City,Forward,4.9,-0.1,-0.1,a,,,,,0.6,0.7,0.7,0.7,1721,5096,40225,64314,,,
2026-09-29T05:46:48+00:00,196,551262,Markelo,7,9,Coventry City,Forward,5.0,0.0,0.0,u,Has joined Shabab Al-Ahli Dubai permanently,2026-08-17T13:53:55.791223Z,0,0,0.0,0.0,0.0,0.0,0,60,0,1187,,,
2026-09-29T05:46:48+00:00,197,549653,Bassette,7,9,Coventry City,Forward,4.5,0.0,0.0,u,Has joined KVC Westerlo on loan for the rest of the season,2026-07-28T12:58:50.001768Z,0,0,0.0,0.0,0.0,0.0,0,140,0,2099,,,
2026-09-29T05:46:48+00:00,492,210156,Awoniyi,7,9,Coventry City,Forward,5.4,-0.1,-0.1,s,Suspended until 19 Oct,2026-09-13T15:00:09.305127Z,0,0,0.4,0.0,0.0,0.0,63,4853,21336,64648,5,,
2026-09-29T05:46:48+00:00,575,661888,Yirenkyi,7,9,Coventry City,Midfielder,4.8,-0.1,-0.2,a,,,,,0.1,1.7,1.7,1.7,283,991,2935,13658,,,
2026-09-29T05:46:48+00:00,584,196100,Hamer,7,9,Coventry City,Midfielder,5.4,0.0,-0.1,a,,,,,0.1,0.3,0.3,0.3,41,381,791,6388,,,
2026-09-29T05:46:48+00:00,599,627221,Cherif,7,9,Coventry City,Forward,5.0,0.0,0.0,a,,,,,0.1,0.3,0.3,0.3,508,732,7435,7571,,,
2026-09-29T05:46:48+00:00,623,79602,Bentley,7,9,Coventry City,Goalkeeper,4.0,0.0,0.0,a,,,,,0.6,0.0,0.0,0.0,7871,2226,78249,19118,,,
2026-09-29T05:46:48+00:00,655,242893,Gboho,7,9,Coventry City,Midfielder,5.5,0.0,0.0,a,,,,,0.0,0.0,0.0,0.0,68,52,266,101,,,
2026-09-29T05:46:48+00:00,656,566213,Mfuni,7,9,Coventry City,Defender,4.0,0.0,0.0,a,,,,,0.1,3.0,3.0,3.0,1791,831,10103,2632,,,
2026-09-29T05:46:48+00:00,42,485337,Guessand,8,31,Crystal Palace,Midfielder,5.4,0.0,-0.1,a,,,,,0.0,0.0,0.0,0.0,102,255,2395,3626,,,
2026-09-29T05:46:48+00:00,153,220362,Disasi,8,31,Crystal Palace,Defender,4.5,0.0,0.0,s,Suspended until 25 Oct,2026-09-12T15:30:09.445078Z,0,0,0.1,0.0,0.0,0.0,23,742,9424,10323,,,
2026-09-29T05:46:48+00:00,198,172649,Henderson,8,31,Crystal Palace,Goalkeeper,5.0,0.0,0.0,i,Foot injury - Expected back 11 Oct,2026-09-12T14:00:09.378740Z,0,0,1.3,0.7,0.0,0.0,132,10642,55258,119550,,,
2026-09-29T05:46:48+00:00,199,121709,Benitez,8,31,Crystal Palace,Goalkeeper,4.5,0.0,0.0,a,,,,,0.1,2.7,2.7,2.7,642,356,3734,4773,,,
2026-09-29T05:46:48+00:00,202,427623,Richards,8,31,Crystal Palace,Defender,5.0,0.0,0.0,a,,,,,0.6,3.7,3.7,3.7,1521,2105,22433,37836,,,
2026-09-29T05:46:48+00:00,203,651426,Canvot,8,31,Crystal Palace,Defender,4.8,-0.1,-0.2,a,,,,,0.2,3.0,3.0,3.0,367,823,5709,19473,,,
2026-09-29T05:46:48+00:00,204,244723,Mitchell,8,31,Crystal Palace,Defender,4.5,0.0,0.0,a,,,,,6.0,7.7,7.7,7.7,13420,15320,309955,263722,,,
2026-09-29T05:46:48+00:00,205,218364,Sosa,8,31,Crystal Palace,Defender,4.5,0.0,0.0,u,Has joined FC Cologne on loan for the rest of the season,2026-09-02T16:03:25.710518Z,0,0,0.0,0.0,0.0,0.0,0,97,236,2066,,,
2026-09-29T05:46:48+00:00,206,515621,Chadi Riad,8,31,Crystal Palace,Defender,4.3,-0.1,-0.2,i,Knee injury - Unknown return date,2026-08-22T18:00:07.352049Z,0,0,0.0,0.0,0.0,0.0,23,118,647,5669,,,
2026-09-29T05:46:48+00:00,207,242313,Mingueza,8,31,Crystal Palace,Defender,4.4,0.0,-0.1,a,,,,,0.1,0.3,0.3,0.3,73,267,1983,4823,,,
2026-09-29T05:46:48+00:00,208,232185,Sarr,8,31,Crystal Palace,Midfielder,6.2,0.0,-0.3,a,,2026-08-22T18:00:07.363165Z,100,100,0.6,0.3,0.3,0.3,2419,2107,6473,376558,2,,
2026-09-29T05:46:48+00:00,210,496221,Wharton,8,31,Crystal Palace,Midfielder,5.4,-0.1,-0.1,a,,2026-07-23T12:01:23.498963Z,100,100,0.7,2.0,2.0,2.0,1119,4403,29526,48393,,,
2026-09-29T05:46:48+00:00,211,488024,Yeremy,8,31,Crystal Palace,Midfielder,5.5,0.0,0.0,a,,,,,0.3,2.7,2.7,2.7,672,2535,45216,30932,,,
2026-09-29T05:46:48+00:00,212,108413,Hughes,8,31,Crystal Palace,Midfielder,4.4,0.0,-0.1,a,,,,,7.3,0.7,0.7,0.7,8723,42647,122122,481262,,,
2026-09-29T05:46:48+00:00,213,152551,Lerma,8,31,Crystal Palace,Midfielder,4.8,-0.1,-0.2,a,,,,,0.1,0.3,0.3,0.3,86,349,1292,5530,,,
2026-09-29T05:46:48+00:00,214,209400,Kamada,8,31,Crystal Palace,Midfielder,5.0,0.0,0.0,a,,,,,0.5,5.3,5.3,5.3,3066,2860,49813,24477,,,
2026-09-29T05:46:48+00:00,215,489706,Devenny,8,31,Crystal Palace,Midfielder,5.0,0.0,0.0,u,Has joined Stoke City permanently,2026-09-02T15:41:07.346849Z,0,0,0.0,0.0,0.0,0.0,0,33,132,947,3,,
2026-09-29T05:46:48+00:00,216,606921,Esse,8,31,Crystal Palace,Midfielder,5.0,0.0,0.0,u,Has joined Millwall on loan for the rest of the season,2026-09-02T15:41:07.376544Z,0,0,0.0,0.0,0.0,0.0,0,113,399,3224,,,
2026-09-29T05:46:48+00:00,217,536694,M.França,8,31,Crystal Palace,Midfielder,4.9,0.0,-0.1,u,Has joined Alverca on loan for the rest of the season,2026-09-11T14:42:19.322912Z,0,0,0.0,0.0,0.0,0.0,0,151,1007,3433,,,
2026-09-29T05:46:48+00:00,218,438464,Doucouré,8,31,Crystal Palace,Midfielder,4.8,-0.1,-0.2,a,,,,,0.0,0.0,0.0,0.0,106,285,2080,4450,,,
2026-09-29T05:46:48+00:00,219,450542,J.Rak-Sakyi,8,31,Crystal Palace,Midfielder,4.9,0.0,-0.1,u,has joined  Kasimpasa on loan for the rest of the seaon.,2026-09-10T09:12:47.224598Z,0,0,0.0,0.0,0.0,0.0,0,23,145,465,,,
2026-09-29T05:46:48+00:00,220,590014,Cardines,8,31,Crystal Palace,Defender,4.5,0.0,0.0,u,Has joined Bristol City on loan for the rest of the season,2026-08-12T14:08:46.501813Z,0,0,0.0,0.0,0.0,0.0,0,3,0,128,,,
2026-09-29T05:46:48+00:00,221,672492,Drakes-Thomas,8,31,Crystal Palace,Midfielder,4.5,0.0,0.0,a,,,,,0.1,0.0,0.0,0.0,133,409,2681,4654,,,
2026-09-29T05:46:48+00:00,222,247412,Strand Larsen,8,31,Crystal Palace,Forward,6.0,0.0,0.0,a,,,,,0.7,3.7,3.7,3.7,4541,3715,49766,40769,,,
2026-09-29T05:46:48+00:00,223,231747,Mateta,8,31,Crystal Palace,Forward,6.3,0.0,-0.2,i,Hamstring injury - Expected back 11 Oct,2026-08-28T21:00:08.020382Z,0,0,1.3,0.0,0.0,0.0,196,8708,25949,454195,1,,
2026-09-29T05:46:48+00:00,224,205533,Nketiah,8,31,Crystal Palace,Forward,5.5,0.0,0.0,a,,2026-09-12T14:00:09.427136Z,100,100,0.5,1.7,1.7,1.7,1199,3221,47180,49868,,,
2026-09-29T05:46:48+00:00,225,660392,Uche,8,31,Crystal Palace,Forward,5.0,0.0,0.0,u,has returned to Getafe CF,2026-07-23T12:18:56.275922Z,0,0,0.0,0.0,0.0,0.0,0,0,0,0,,,
2026-09-29T05:46:48+00:00,241,433154,McNeil,8,31,Crystal Palace,Midfielder,5.4,0.0,-0.1,a,,,,,0.1,0.0,0.0,0.0,66,449,1773,8178,,,
2026-09-29T05:46:48+00:00,555,169593,Matthews,8,31,Crystal Palace,Goalkeeper,4.0,0.0,0.0,a,,,,,1.7,0.0,0.0,0.0,1041,2928,23225,31368,,,
2026-09-29T05:46:48+00:00,577,223723,Tomiyasu,8,31,Crystal Palace,Defender,4.4,0.0,-0.1,d,Calf injury - 75% chance of playing,2026-09-21T13:30:09.030724Z,,75,0.3,0.3,0.3,0.2,148,1100,3477,13220,,,
2026-09-29T05:46:48+00:00,588,570794,Khalaili,8,31,Crystal Palace,Defender,5.0,0.0,0.0,a,,,,,0.3,5.3,5.3,5.3,1960,1052,34653,15306,,,
2026-09-29T05:46:48+00:00,595,559152,Gozo,8,31,Crystal Palace,Midfielder,4.9,-0.1,-0.1,a,,,,,0.0,0.3,0.3,0.3,39,87,489,880,,,
2026-09-29T05:46:48+00:00,633,605972,Ahanor,8,31,Crystal Palace,Defender,4.5,0.0,0.0,a,,,,,0.0,1.0,1.0,1.0,133,101,1908,553,,,
2026-09-29T05:46:48+00:00,643,172850,Chilwell,8,31,Crystal Palace,Defender,4.5,0.0,0.0,a,,,,,0.4,2.7,2.7,2.7,534,2839,43088,18049,,,
2026-09-29T05:46:48+00:00,644,450063,Timber,8,31,Crystal Palace,Midfielder,5.0,0.0,0.0,a,,,,,0.0,3.0,3.0,3.0,439,296,4262,1488,,,
2026-09-29T05:46:48+00:00,647,533646,Osorio,8,31,Crystal Palace,Midfielder,5.5,0.0,0.0,a,,,,,0.0,0.3,0.3,0.3,26,69,945,405,,,
2026-09-29T05:46:48+00:00,21,128295,Nørgaard,9,11,Everton,Midfielder,4.8,-0.1,-0.2,i,Groin injury - Unknown return date,2026-08-15T20:00:06.779594Z,0,0,0.0,0.0,0.0,0.0,49,302,489,7404,,,
2026-09-29T05:46:48+00:00,209,242898,Johnson,9,11,Everton,Midfielder,5.9,0.0,-0.1,a,,,,,0.1,2.3,2.3,2.3,381,676,5276,10391,,,
2026-09-29T05:46:48+00:00,226,111234,Pickford,9,11,Everton,Goalkeeper,5.5,0.0,0.0,a,,,,,9.1,5.0,5.0,5.0,27661,14705,295178,234824,,,
2026-09-29T05:46:48+00:00,227,229600,Travers,9,11,Everton,Goalkeeper,5.0,0.0,0.0,a,,,,,0.0,0.0,0.0,0.0,235,251,1793,2113,,,
2026-09-29T05:46:48+00:00,228,138001,King,9,11,Everton,Goalkeeper,4.5,0.0,0.0,a,,,,,0.0,0.0,0.0,0.0,111,164,1178,1731,,,
2026-09-29T05:46:48+00:00,229,17761,Tarkowski,9,11,Everton,Defender,6.1,0.0,0.1,a,,,,,16.4,8.3,8.3,8.3,216280,19122,927088,282708,,,
2026-09-29T05:46:48+00:00,230,480455,Branthwaite,9,11,Everton,Defender,5.5,0.0,0.0,a,,,,,2.4,5.7,5.7,5.7,18705,6547,138877,71012,,,
2026-09-29T05:46:48+00:00,231,106611,Keane,9,11,Everton,Defender,4.8,0.0,-0.2,a,,,,,0.7,0.0,0.0,0.0,370,3694,9275,90493,,,
2026-09-29T05:46:48+00:00,232,512462,O'Brien,9,11,Everton,Defender,4.8,-0.1,-0.2,a,,,,,0.3,0.7,0.7,0.7,317,1083,4572,24554,,,
2026-09-29T05:46:48+00:00,233,224967,Mykolenko,9,11,Everton,Defender,4.6,0.1,0.1,a,,,,,4.2,5.7,5.7,5.7,40364,17722,411556,114175,,,
2026-09-29T05:46:48+00:00,234,243571,Patterson,9,11,Everton,Defender,4.5,0.0,0.0,u,Has joined Torino permanently,2026-09-02T16:05:23.326971Z,0,0,0.0,0.0,0.0,0.0,0,115,371,2428,,,
2026-09-29T05:46:48+00:00,235,499300,Aznou,9,11,Everton,Defender,4.0,0.0,0.0,u,Has joined Malaga on loan for the rest of the season,2026-09-01T13:23:16.934847Z,0,0,0.1,0.0,0.0,0.0,0,529,1728,11123,,,
2026-09-29T05:46:48+00:00,236,215413,Dewsbury-Hall,9,11,Everton,Midfielder,6.6,0.1,0.1,a,,,,,6.0,2.3,2.3,2.3,33420,42982,584184,322346,,,
2026-09-29T05:46:48+00:00,238,114283,Grealish,9,11,Everton,Midfielder,6.5,0.0,0.0,a,,2026-07-29T10:00:10.492904Z,100,100,0.5,1.7,1.7,1.7,3496,2849,40540,23133,,,
2026-09-29T05:46:48+00:00,239,232928,Garner,9,11,Everton,Midfielder,6.0,0.0,0.0,a,,2026-09-06T18:00:08.301702Z,100,100,0.2,3.0,3.0,3.0,1639,1890,21091,13790,2,,
2026-09-29T05:46:48+00:00,242,550615,George,9,11,Everton,Midfielder,5.5,0.0,0.0,a,,,,,0.9,4.7,4.7,4.7,2322,10427,106987,42091,,,
2026-09-29T05:46:48+00:00,243,502697,Alcaraz,9,11,Everton,Midfielder,4.9,0.0,-0.1,a,,,,,0.1,0.0,0.0,0.0,156,390,2857,5823,,,
2026-09-29T05:46:48+00:00,244,609873,Armstrong,9,11,Everton,Midfielder,5.0,0.0,0.0,a,,2026-09-17T08:30:08.942299Z,75,100,0.4,2.0,1.5,2.0,787,3229,53847,32583,,,
2026-09-29T05:46:48+00:00,245,496661,Dibling,9,11,Everton,Midfielder,5.4,0.0,-0.1,a,,,,,0.0,0.3,0.3,0.3,113,150,1168,2649,,,
2026-09-29T05:46:48+00:00,246,513466,Röhl,9,11,Everton,Midfielder,4.9,0.0,-0.1,i,Unspecified injury - Expected back 11 Oct,2026-09-16T18:00:09.541933Z,0,0,0.0,0.3,0.0,0.0,7,572,1962,4672,,,
2026-09-29T05:46:48+00:00,247,244860,Hackney,9,11,Everton,Midfielder,5.4,-0.1,-0.1,a,,2026-08-26T22:00:07.797766Z,100,100,0.2,2.0,2.0,2.0,187,1051,3738,11891,,,
2026-09-29T05:46:48+00:00,248,486385,Beto,9,11,Everton,Forward,5.4,0.0,-0.1,u,Has joined Fiorentina permanently,2026-09-02T16:05:23.357221Z,0,0,0.6,0.0,0.0,0.0,0,6996,16222,219318,,,
2026-09-29T05:46:48+00:00,249,586309,Barry,9,11,Everton,Forward,5.7,0.1,0.2,a,,,,,8.3,3.3,3.3,3.3,81164,36953,963319,355129,1,,
2026-09-29T05:46:48+00:00,649,154043,Maitland-Niles,9,11,Everton,Defender,4.5,0.0,0.0,a,,,,,1.4,7.0,7.0,7.0,18842,4353,91874,14245,,,
2026-09-29T05:46:48+00:00,654,629068,Graham,9,11,Everton,Midfielder,4.5,0.0,0.0,a,,,,,0.1,0.0,0.0,0.0,224,973,11270,5278,,,
2026-09-29T05:46:48+00:00,250,80201,Leno,10,54,Fulham,Goalkeeper,4.5,0.0,0.0,a,,,,,3.4,4.0,4.0,4.0,36871,10485,147768,101527,,,
2026-09-29T05:46:48+00:00,251,86873,Lecomte,10,54,Fulham,Goalkeeper,4.0,0.0,0.0,a,,,,,1.1,0.0,0.0,0.0,2342,2381,25070,25816,,,
2026-09-29T05:46:48+00:00,252,505079,McNally,10,54,Fulham,Goalkeeper,4.0,0.0,0.0,u,Has joined York City on loan for the rest of the season,2026-09-01T13:25:11.231240Z,0,0,0.1,0.0,0.0,0.0,0,583,2589,6579,,,
2026-09-29T05:46:48+00:00,253,174874,Andersen,10,54,Fulham,Defender,5.0,0.0,0.0,a,,2026-07-23T12:01:23.516350Z,100,100,0.2,0.8,0.8,0.8,2594,1047,14468,9157,,,
2026-09-29T05:46:48+00:00,254,169528,Robinson,10,54,Fulham,Defender,4.5,0.0,0.0,a,,,,,1.5,2.8,2.8,2.8,15058,6237,57543,70212,2,,
2026-09-29T05:46:48+00:00,255,246301,J.Cuenca,10,54,Fulham,Defender,4.5,0.0,0.0,a,,,,,0.0,0.0,0.0,0.0,62,102,1542,1995,,,
2026-09-29T05:46:48+00:00,256,167074,Tete,10,54,Fulham,Defender,4.4,0.0,-0.1,a,,2026-09-18T12:30:09.546158Z,0,100,0.2,0.0,0.0,0.0,52,1019,1383,10464,,,
2026-09-29T05:46:48+00:00,257,232892,Bassey,10,54,Fulham,Defender,4.5,0.0,0.0,a,,,,,0.7,3.8,3.8,3.8,4988,1680,26002,29826,,,
2026-09-29T05:46:48+00:00,258,166477,Castagne,10,54,Fulham,Defender,4.5,0.0,0.0,a,,,,,0.9,3.5,3.5,3.5,13921,4583,90563,43312,,,
2026-09-29T05:46:48+00:00,261,153133,Iwobi,10,54,Fulham,Midfielder,5.4,0.0,-0.1,a,,,,,0.7,3.0,3.0,3.0,3205,3065,22125,55426,3,,
2026-09-29T05:46:48+00:00,262,209289,Smith Rowe,10,54,Fulham,Midfielder,5.3,-0.1,-0.2,a,,,,,0.2,0.8,0.8,0.8,283,1290,4481,20949,,,
2026-09-29T05:46:48+00:00,263,560552,Kevin,10,54,Fulham,Midfielder,5.3,0.0,-0.2,a,,,,,0.0,0.8,0.8,0.8,189,269,1993,4206,,,
2026-09-29T05:46:48+00:00,264,477555,Bobb,10,54,Fulham,Midfielder,5.5,0.0,0.0,a,,,,,0.3,2.8,2.8,2.8,2156,1724,16159,20830,,,
2026-09-29T05:46:48+00:00,265,207189,Berge,10,54,Fulham,Midfielder,4.9,0.0,-0.1,a,,,,,0.3,2.2,2.2,2.2,583,1235,6314,17991,,,
2026-09-29T05:46:48+00:00,266,76357,Cairney,10,54,Fulham,Midfielder,4.9,0.0,-0.1,i,Knee injury - Expected back 10 Oct,2026-08-14T18:00:06.460944Z,0,0,0.0,0.0,0.0,0.0,8,20,109,331,,,
2026-09-29T05:46:48+00:00,268,577725,King,10,54,Fulham,Midfielder,5.5,0.0,0.0,a,,,,,2.6,4.2,4.2,4.2,82128,17069,326263,95637,,,
2026-09-29T05:46:48+00:00,269,184349,Sessegnon,10,54,Fulham,Defender,4.3,-0.1,-0.2,a,,2026-09-14T11:30:07.403957Z,75,100,0.3,0.5,0.4,0.5,283,1256,2726,18954,,,
2026-09-29T05:46:48+00:00,270,153366,Reed,10,54,Fulham,Midfielder,4.4,0.0,-0.1,a,,,,,1.1,0.0,0.0,0.0,2724,6590,36216,72815,,,
2026-09-29T05:46:48+00:00,271,244042,Muniz,10,54,Fulham,Forward,5.4,0.0,-0.1,a,,,,,0.4,0.5,0.5,0.5,1622,2571,15951,35012,,,
2026-09-29T05:46:48+00:00,272,631786,Kusi-Asare,10,54,Fulham,Forward,4.5,0.0,0.0,a,,,,,5.4,0.0,0.0,0.0,10402,32133,159873,299938,,,
2026-09-29T05:46:48+00:00,569,551466,Gonzalo,10,54,Fulham,Forward,6.0,0.0,0.0,a,,,,,3.9,2.0,2.0,2.0,62991,30933,425300,310318,1,,
2026-09-29T05:46:48+00:00,570,571779,Palacios,10,54,Fulham,Midfielder,5.4,0.0,-0.1,a,,,,,0.2,2.5,2.5,2.5,683,913,5972,10559,,,
2026-09-29T05:46:48+00:00,580,463210,Charles,10,54,Fulham,Midfielder,5.0,0.0,0.0,a,,,,,0.1,3.0,3.0,3.0,559,404,2289,4080,,,
2026-09-29T05:46:48+00:00,610,547686,De Fougerolles,10,54,Fulham,Defender,4.0,0.0,0.0,u,has joined  Real Salt Lake on loan for the rest of the seaon.,2026-08-28T11:30:08.336405Z,0,0,0.1,0.0,0.0,0.0,0,487,5787,5233,,,
2026-09-29T05:46:48+00:00,626,616069,Zepa,10,54,Fulham,Midfielder,4.4,-0.1,-0.1,a,,,,,0.3,0.0,0.0,0.0,404,2164,34571,18378,,,
2026-09-29T05:46:48+00:00,635,551050,Larsson,10,54,Fulham,Midfielder,5.0,0.0,0.0,a,,,,,0.0,1.0,1.0,1.0,89,69,834,302,,,
2026-09-29T05:46:48+00:00,636,500033,Ángel,10,54,Fulham,Midfielder,5.0,0.0,0.0,a,,,,,0.0,0.0,0.0,0.0,31,26,368,168,,,
2026-09-29T05:46:48+00:00,650,442299,Affengruber,10,54,Fulham,Defender,4.5,0.0,0.0,a,,,,,0.1,4.0,4.0,4.0,4786,1062,7664,1684,,,
2026-09-29T05:46:48+00:00,240,490094,Iroegbunam,11,88,Hull City,Midfielder,5.0,0.0,0.0,a,,2026-08-15T20:00:06.878792Z,100,100,0.0,0.3,0.3,0.3,74,134,1112,1148,,,
2026-09-29T05:46:48+00:00,273,167825,Phillips,11,88,Hull City,Goalkeeper,4.0,0.0,0.0,a,,,,,1.4,0.0,0.0,0.0,2866,3327,28991,38210,,,
2026-09-29T05:46:48+00:00,274,105666,Butland,11,88,Hull City,Goalkeeper,4.4,-0.1,-0.1,i,Arm injury - Unknown return date,2026-08-08T19:00:05.601633Z,0,0,0.1,0.0,0.0,0.0,65,311,634,4924,,,
2026-09-29T05:46:48+00:00,275,494950,Cartwright,11,88,Hull City,Goalkeeper,4.0,0.0,0.0,u,Has joined Grimsby Town on loan for the rest of the season,2026-07-29T13:00:27.959925Z,0,0,0.0,0.0,0.0,0.0,0,24,0,326,,,
2026-09-29T05:46:48+00:00,276,444307,Lo-Tutala,11,88,Hull City,Goalkeeper,4.0,0.0,0.0,u,Has joined Colchester United on loan for the rest of the season,2026-08-17T13:50:27.125537Z,0,0,0.0,0.0,0.0,0.0,0,110,0,1104,,,
2026-09-29T05:46:48+00:00,277,108416,Egan,11,88,Hull City,Defender,4.1,0.0,0.1,a,,,,,7.0,3.0,3.0,3.0,26223,28198,749382,215119,,,
2026-09-29T05:46:48+00:00,278,501902,Hughes,11,88,Hull City,Defender,3.9,0.0,-0.1,i,Groin injury - Unknown return date,2026-08-02T09:00:11.030017Z,0,0,0.2,0.0,0.0,0.0,1065,1862,16854,12829,,,
2026-09-29T05:46:48+00:00,279,146426,Ajayi,11,88,Hull City,Defender,4.2,0.0,0.2,a,,2026-08-22T17:30:07.668197Z,100,100,14.0,2.3,2.3,2.3,42181,56938,1353566,307440,,,
2026-09-29T05:46:48+00:00,280,193278,Coyle,11,88,Hull City,Defender,4.0,0.0,0.0,a,,2026-08-29T16:30:08.151841Z,100,100,0.7,2.7,2.7,2.7,1992,1963,27564,25771,,,
2026-09-29T05:46:48+00:00,281,433590,Drameh,11,88,Hull City,Defender,4.0,0.0,0.0,u,Has joined Genoa permanently,2026-09-02T16:09:06.479140Z,0,0,0.0,0.0,0.0,0.0,0,243,2118,4496,,,
2026-09-29T05:46:48+00:00,282,232351,Giles,11,88,Hull City,Defender,4.0,0.0,0.0,a,,,,,2.9,4.0,4.0,4.0,20699,13265,277516,65556,,,
2026-09-29T05:46:48+00:00,283,449428,Jacob,11,88,Hull City,Defender,4.0,0.0,0.0,u,Has joined Newport County on loan until January,2026-08-02T09:00:11.038361Z,0,0,0.0,0.0,0.0,0.0,0,34,114,691,,,
2026-09-29T05:46:48+00:00,284,661800,McCarthy,11,88,Hull City,Defender,4.0,0.0,0.0,a,,,,,0.1,0.0,0.0,0.0,381,418,4915,4570,,,
2026-09-29T05:46:48+00:00,285,160817,McNair,11,88,Hull City,Defender,4.0,0.0,0.0,a,,2026-09-09T13:30:08.327907Z,100,100,0.1,0.0,0.0,0.0,185,399,3138,4708,,,
2026-09-29T05:46:48+00:00,286,540324,Belloumi,11,88,Hull City,Midfielder,5.1,0.0,0.1,a,,,,,5.1,7.3,7.3,7.3,73264,23641,503200,83679,,,
2026-09-29T05:46:48+00:00,287,232905,Millar,11,88,Hull City,Midfielder,5.0,0.0,0.0,u,Has joined Birmingham on loan for the rest of the season,2026-09-02T15:36:41.038103Z,0,0,0.0,0.0,0.0,0.0,0,288,3178,7508,,,
2026-09-29T05:46:48+00:00,288,171270,Dowell,11,88,Hull City,Midfielder,4.5,0.0,0.0,a,,,,,0.3,0.0,0.0,0.0,567,1925,12324,21508,,,
2026-09-29T05:46:48+00:00,289,101282,Crooks,11,88,Hull City,Midfielder,4.4,-0.1,-0.1,a,,2026-08-29T15:00:08.569326Z,100,100,0.5,0.3,0.3,0.3,4887,4030,24246,40259,,,
2026-09-29T05:46:48+00:00,290,243413,Slater,11,88,Hull City,Midfielder,4.5,0.0,0.0,a,,,,,5.2,2.3,2.3,2.3,15159,35963,498092,276962,,,
2026-09-29T05:46:48+00:00,291,465525,Matazo,11,88,Hull City,Midfielder,4.5,0.0,0.0,i,Knee injury - Unknown return date,2026-07-23T12:01:23.532635Z,0,0,0.0,0.0,0.0,0.0,29,51,380,489,,,
2026-09-29T05:46:48+00:00,292,208481,Ömür,11,88,Hull City,Midfielder,4.9,0.0,-0.1,a,,,,,0.0,0.0,0.0,0.0,84,145,1202,1626,,,
2026-09-29T05:46:48+00:00,293,490161,Kamara,11,88,Hull City,Midfielder,5.0,0.0,0.0,u,Has joined Portsmouth permanently,2026-08-12T14:08:23.542043Z,0,0,0.0,0.0,0.0,0.0,0,12,0,374,,,
2026-09-29T05:46:48+00:00,294,553783,Zambrano,11,88,Hull City,Midfielder,4.5,0.0,0.0,a,,2026-08-04T18:30:11.016909Z,100,100,0.1,0.0,0.0,0.0,141,480,3870,6809,,,
2026-09-29T05:46:48+00:00,295,169432,McBurnie,11,88,Hull City,Forward,5.5,0.0,0.0,a,,,,,1.9,2.3,2.3,2.3,7517,17389,188503,152736,1,,
2026-09-29T05:46:48+00:00,296,213292,Akintola,11,88,Hull City,Midfielder,5.0,0.0,0.0,u,Has joined Omonoia FC permanently,2026-09-11T14:42:38.120231Z,0,0,0.0,0.0,0.0,0.0,0,256,2704,4869,,,
2026-09-29T05:46:48+00:00,297,470294,Gyabi,11,88,Hull City,Midfielder,4.4,-0.1,-0.1,i,Thigh injury - Unknown return date,2026-08-04T18:30:11.027155Z,0,0,0.0,0.0,0.0,0.0,55,134,444,1602,,,
2026-09-29T05:46:48+00:00,298,500957,Destan,11,88,Hull City,Forward,4.5,0.0,0.0,u,Has joined Konyaspor permanently,2026-08-17T13:50:27.145733Z,0,0,0.2,0.0,0.0,0.0,0,1251,0,22204,,,
2026-09-29T05:46:48+00:00,299,534392,Burstow,11,88,Hull City,Forward,4.5,0.0,0.0,u,Has joined Sheffield Wednesday on loan for the rest of the season,2026-08-03T14:05:20.234842Z,0,0,0.0,0.0,0.0,0.0,0,211,0,3061,,,
2026-09-29T05:46:48+00:00,340,462635,Gelhardt,11,88,Hull City,Midfielder,5.0,0.0,0.0,a,,2026-08-17T21:30:07.799839Z,100,100,0.0,0.3,0.3,0.3,92,104,702,1011,,,
2026-09-29T05:46:48+00:00,556,169359,Targett,11,88,Hull City,Defender,4.0,0.0,0.0,d,Ankle injury - 75% chance of playing,2026-09-17T14:00:26.419938Z,75,75,1.6,0.0,0.0,0.0,107,9511,24831,86787,,,
2026-09-29T05:46:48+00:00,563,445028,Morita,11,88,Hull City,Midfielder,4.9,-0.1,-0.1,i,Calf injury - Expected back 11 Oct,2026-09-09T14:00:08.474217Z,0,0,0.0,0.0,0.0,0.0,24,166,727,1762,,,
2026-09-29T05:46:48+00:00,572,473284,Tzolakis,11,88,Hull City,Goalkeeper,4.7,0.1,0.2,a,,,,,12.8,4.7,4.7,4.7,121967,20536,993295,216186,,,
2026-09-29T05:46:48+00:00,574,552946,Hjertø-Dahl,11,88,Hull City,Midfielder,4.9,0.0,-0.1,a,,,,,0.1,0.3,0.3,0.3,74,319,1435,4439,,,
2026-09-29T05:46:48+00:00,576,608227,Stroud,11,88,Hull City,Midfielder,5.0,0.0,0.0,a,,,,,0.1,1.3,1.3,1.3,140,448,3662,4671,,,
2026-09-29T05:46:48+00:00,585,597462,Herrington,11,88,Hull City,Defender,4.0,0.0,0.0,a,,,,,0.6,1.0,1.0,1.0,1005,1617,12804,18504,,,
2026-09-29T05:46:48+00:00,586,606930,Mendy,11,88,Hull City,Defender,4.1,0.0,0.1,a,,2026-09-12T18:00:09.334142Z,0,100,6.3,3.0,0.0,3.0,6670,32850,682962,357833,,,
2026-09-29T05:46:48+00:00,589,469266,Gourna-Douath,11,88,Hull City,Midfielder,5.0,0.0,0.0,a,,,,,0.0,1.0,1.0,1.0,32,105,701,1340,,,
2026-09-29T05:46:48+00:00,617,490884,Cho,11,88,Hull City,Midfielder,5.0,0.0,0.0,a,,,,,0.0,2.7,2.7,2.7,341,144,1777,756,,,
2026-09-29T05:46:48+00:00,632,626751,Ansah,11,88,Hull City,Forward,5.0,0.0,0.0,i,Back injury - Unknown return date,2026-09-09T10:00:08.919489Z,0,0,0.0,0.0,0.0,0.0,68,401,5115,3481,,,
2026-09-29T05:46:48+00:00,637,631000,Vaz,11,88,Hull City,Forward,5.0,0.0,0.0,a,,,,,0.1,0.7,0.7,0.7,1762,1116,12267,3937,,,
2026-09-29T05:46:48+00:00,638,496181,Norton-Cuffy,11,88,Hull City,Defender,4.0,0.0,0.0,d,Hamstring injury - 75% chance of playing,2026-09-21T08:30:09.561308Z,,75,0.2,0.3,0.3,0.2,448,2478,26064,10304,,,
2026-09-29T05:46:48+00:00,642,243951,Thomas,11,88,Hull City,Midfielder,5.5,0.0,0.0,a,,,,,0.0,1.3,1.3,1.3,448,340,3052,1189,,,
2026-09-29T05:46:48+00:00,645,647839,Mouzakitis,11,88,Hull City,Midfielder,5.0,0.0,0.0,a,,,,,0.0,0.0,0.0,0.0,86,87,778,313,,,
2026-09-29T05:46:48+00:00,259,219924,Diop,12,40,Ipswich Town,Defender,4.0,0.0,0.0,a,,,,,12.7,2.5,2.5,2.5,6801,53395,135838,506017,,,
2026-09-29T05:46:48+00:00,267,212314,Lukić,12,40,Ipswich Town,Midfielder,4.9,-0.1,-0.1,a,,,,,0.1,1.5,1.5,1.5,185,493,3413,6446,,,
2026-09-29T05:46:48+00:00,300,108813,Walton,12,40,Ipswich Town,Goalkeeper,4.4,0.0,-0.1,a,,,,,0.4,0.5,0.5,0.5,1598,991,3283,14904,,,
2026-09-29T05:46:48+00:00,301,112520,Palmer,12,40,Ipswich Town,Goalkeeper,4.0,0.0,0.0,a,,,,,3.9,0.0,0.0,0.0,3824,11463,74420,112702,,,
2026-09-29T05:46:48+00:00,302,50093,Button,12,40,Ipswich Town,Goalkeeper,4.0,0.0,0.0,a,,,,,0.6,0.0,0.0,0.0,1391,1268,31401,15120,,,
2026-09-29T05:46:48+00:00,303,183015,Kipré,12,40,Ipswich Town,Defender,3.9,0.0,-0.1,a,,,,,0.9,0.0,0.0,0.0,4323,4217,48944,28964,,,
2026-09-29T05:46:48+00:00,304,216616,O'Shea,12,40,Ipswich Town,Defender,4.0,0.0,0.0,a,,,,,2.7,1.5,1.5,1.5,1876,14135,65295,127478,,,
2026-09-29T05:46:48+00:00,305,455084,Davis,12,40,Ipswich Town,Defender,4.0,0.0,0.0,a,,,,,6.9,5.8,5.8,5.8,48279,26236,368482,183852,,,
2026-09-29T05:46:48+00:00,306,449429,Greaves,12,40,Ipswich Town,Defender,4.0,0.0,0.0,a,,,,,1.1,0.2,0.2,0.2,455,3327,8191,38068,,,
2026-09-29T05:46:48+00:00,307,222018,Johnson,12,40,Ipswich Town,Defender,4.0,0.0,0.0,u,Has joined Stoke City on loan for the rest of the season,2026-09-04T12:36:56.236331Z,0,0,0.1,0.0,0.0,0.0,0,346,1137,6293,,,
2026-09-29T05:46:48+00:00,308,176420,Furlong,12,40,Ipswich Town,Defender,3.9,0.0,-0.1,a,,,,,0.6,0.2,0.2,0.2,6231,2753,18868,19530,,,
2026-09-29T05:46:48+00:00,309,501390,Núñez,12,40,Ipswich Town,Midfielder,4.9,0.0,-0.1,a,,,,,0.1,0.5,0.5,0.5,93,607,3110,7614,,,
2026-09-29T05:46:48+00:00,310,241117,Matusiwa,12,40,Ipswich Town,Midfielder,4.9,0.0,-0.1,a,,2026-07-29T18:00:10.305484Z,100,100,0.0,0.0,0.0,0.0,15,18,126,279,,,
2026-09-29T05:46:48+00:00,311,149929,Burns,12,40,Ipswich Town,Midfielder,5.0,0.0,0.0,u,Has joined Leicester City permanently,2026-08-10T14:02:47.597478Z,0,0,0.0,0.0,0.0,0.0,0,8,0,347,,,
2026-09-29T05:46:48+00:00,312,231899,Taylor,12,40,Ipswich Town,Midfielder,4.4,-0.1,-0.1,i,Knee injury - Unknown return date,2026-07-29T18:00:10.319370Z,0,0,0.0,0.0,0.0,0.0,370,255,946,2636,,,
2026-09-29T05:46:48+00:00,313,443261,Clarke,12,40,Ipswich Town,Midfielder,5.4,0.0,-0.1,a,,,,,0.2,1.0,1.0,1.0,138,894,5489,15688,1,,
2026-09-29T05:46:48+00:00,314,229164,Ogbene,12,40,Ipswich Town,Midfielder,4.9,0.0,-0.1,u,Has joined Lincoln City on loan until January,2026-09-02T16:04:17.497385Z,0,0,0.0,0.0,0.0,0.0,0,65,104,1207,,,
2026-09-29T05:46:48+00:00,315,531442,Fatawu,12,40,Ipswich Town,Midfielder,5.4,0.0,-0.1,s,Suspended until 17 Oct,2026-09-19T15:30:10.126897Z,,0,0.2,1.5,1.5,0.0,52,2402,5354,13246,,,
2026-09-29T05:46:48+00:00,316,543968,Emersonn,12,40,Ipswich Town,Forward,5.5,0.0,0.0,a,,2026-08-31T09:30:08.306145Z,100,100,3.5,4.2,4.2,4.2,32408,22300,316106,141574,2,,
2026-09-29T05:46:48+00:00,317,222625,Hirst,12,40,Ipswich Town,Forward,5.0,0.0,0.0,u,Has joined Stoke City permanently,2026-08-21T13:06:08.606019Z,0,0,0.1,0.0,0.0,0.0,0,455,0,17085,,,
2026-09-29T05:46:48+00:00,318,481624,Philogene,12,40,Ipswich Town,Midfielder,5.4,0.0,-0.1,a,,2026-08-25T11:30:07.532993Z,100,100,0.1,0.5,0.5,0.5,32,151,300,9275,3,,
2026-09-29T05:46:48+00:00,319,172453,Szmodics,12,40,Ipswich Town,Midfielder,5.0,0.0,0.0,u,Has joined Derby County on loan for the rest of the season,2026-08-17T13:51:41.713979Z,0,0,0.0,0.0,0.0,0.0,0,13,0,760,,,
2026-09-29T05:46:48+00:00,320,147675,Akpom,12,40,Ipswich Town,Forward,5.0,0.0,0.0,a,,,,,1.2,1.5,1.5,1.5,4863,9326,130819,73759,,,
2026-09-29T05:46:48+00:00,321,557012,Walle Egeli,12,40,Ipswich Town,Forward,4.5,0.0,0.0,a,,,,,3.5,0.0,0.0,0.0,17272,25762,329893,210249,,,
2026-09-29T05:46:48+00:00,322,462387,Al-Hamadi,12,40,Ipswich Town,Forward,5.0,0.0,0.0,u,Has joined Sheffield Wednesday on loan for the rest of the season,2026-08-27T14:54:10.215357Z,0,0,0.0,0.0,0.0,0.0,0,360,755,9905,,,
2026-09-29T05:46:48+00:00,323,461587,McAteer,12,40,Ipswich Town,Midfielder,4.4,-0.1,-0.1,a,,,,,1.0,0.5,0.5,0.5,1385,6183,28129,62030,,,
2026-09-29T05:46:48+00:00,324,232457,Mehmeti,12,40,Ipswich Town,Midfielder,4.8,-0.1,-0.2,a,,,,,0.0,0.0,0.0,0.0,69,132,395,2463,,,
2026-09-29T05:46:48+00:00,554,546600,Van Oevelen,12,40,Ipswich Town,Goalkeeper,4.5,0.0,0.0,u,Has joined Valencia on loan for the rest of the season,2026-08-25T14:04:09.529320Z,0,0,0.0,0.0,0.0,0.0,0,79,54,1953,,,
2026-09-29T05:46:48+00:00,562,442967,Maeda,12,40,Ipswich Town,Midfielder,5.3,-0.1,-0.2,a,,,,,0.2,1.5,1.5,1.5,126,1405,2854,20175,,,
2026-09-29T05:46:48+00:00,564,240514,Scherpen,12,40,Ipswich Town,Goalkeeper,4.5,0.0,0.0,a,,,,,0.6,1.2,1.2,1.2,584,2710,15151,23287,,,
2026-09-29T05:46:48+00:00,571,216055,Florentino,12,40,Ipswich Town,Midfielder,4.8,-0.1,-0.2,a,,2026-08-25T11:30:07.678802Z,100,100,0.1,0.5,0.5,0.5,107,321,1052,7052,,,
2026-09-29T05:46:48+00:00,591,474120,Enciso,12,40,Ipswich Town,Midfielder,5.5,0.0,0.0,a,,2026-08-22T18:00:07.551930Z,100,100,0.8,2.5,2.5,2.5,2079,5916,93642,52205,,,
2026-09-29T05:46:48+00:00,592,572584,Ouattara,12,40,Ipswich Town,Defender,4.0,0.0,0.0,a,,,,,0.9,1.2,1.2,1.2,653,1990,13438,26126,,,
2026-09-29T05:46:48+00:00,602,524180,Humphreys,12,40,Ipswich Town,Midfielder,4.5,0.0,0.0,u,Has joined Huddersfield Town on loan for the rest of the season,2026-09-02T16:04:17.524642Z,0,0,0.0,0.0,0.0,0.0,0,232,2861,3226,,,
2026-09-29T05:46:48+00:00,619,218543,Palacios,12,40,Ipswich Town,Midfielder,5.0,0.0,0.0,a,,,,,0.1,2.8,2.8,2.8,481,805,8969,3415,,,
2026-09-29T05:46:48+00:00,640,431639,Flemming,12,40,Ipswich Town,Forward,5.5,0.0,0.0,a,,,,,0.1,2.0,2.0,2.0,862,956,9224,3178,,,
2026-09-29T05:46:48+00:00,260,153682,Wilson,13,2,Leeds,Midfielder,6.2,0.0,-0.3,i,Thigh injury - Unknown return date,2026-09-18T13:30:09.626858Z,0,0,1.7,0.5,0.0,0.0,71,39089,29042,455791,,,
2026-09-29T05:46:48+00:00,326,201595,Perri,13,2,Leeds,Goalkeeper,4.5,0.0,0.0,u,Has joined Torino on loan for the rest of the season,2026-09-01T13:12:39.210133Z,0,0,0.3,0.0,0.0,0.0,0,1218,532,26418,,,
2026-09-29T05:46:48+00:00,327,434752,Bijol,13,2,Leeds,Defender,5.0,0.0,0.0,a,,,,,0.7,0.5,0.5,0.5,770,5353,69072,58968,,,
2026-09-29T05:46:48+00:00,329,214225,Rodon,13,2,Leeds,Defender,4.3,-0.1,-0.2,i,Hamstring injury - Expected back 21 Nov,2026-08-30T16:00:08.564382Z,0,0,0.8,0.2,0.0,0.0,43,8518,26937,296523,,,
2026-09-29T05:46:48+00:00,330,226182,Bogle,13,2,Leeds,Defender,4.6,0.0,0.1,a,,,,,7.1,9.0,9.0,9.0,119371,24143,645944,83351,,,
2026-09-29T05:46:48+00:00,331,243526,Gudmundsson,13,2,Leeds,Defender,4.5,0.0,0.0,a,,2026-08-08T20:00:07.546568Z,100,100,0.1,3.5,3.5,3.5,496,310,4094,2740,,,
2026-09-29T05:46:48+00:00,332,220627,Justin,13,2,Leeds,Defender,4.5,0.0,0.0,a,,,,,1.5,4.0,4.0,4.0,3968,5558,121240,70471,,,
2026-09-29T05:46:48+00:00,333,437738,Bornauw,13,2,Leeds,Defender,4.5,0.0,0.0,u,Has joined Hamburg SV on loan for the rest of the season,2026-08-19T13:56:14.645970Z,0,0,0.0,0.0,0.0,0.0,0,5,0,299,,,
2026-09-29T05:46:48+00:00,334,522047,Muharemović,13,2,Leeds,Defender,5.0,0.0,0.0,a,,,,,4.3,5.2,5.2,5.2,26201,22156,297486,171040,,,
2026-09-29T05:46:48+00:00,335,466525,Stach,13,2,Leeds,Midfielder,6.0,0.0,0.0,a,,,,,2.5,3.5,3.5,3.5,4567,18858,201910,163591,,,
2026-09-29T05:46:48+00:00,336,435997,Okafor,13,2,Leeds,Midfielder,5.8,0.0,-0.2,a,,,,,0.4,4.2,4.2,4.2,1672,3233,26779,35019,,,
2026-09-29T05:46:48+00:00,337,427637,Aaronson,13,2,Leeds,Midfielder,5.3,-0.1,-0.2,a,,,,,0.5,1.0,1.0,1.0,206,3250,6769,47979,,,
2026-09-29T05:46:48+00:00,338,199598,Ampadu,13,2,Leeds,Midfielder,5.4,0.0,-0.1,a,,,,,0.9,4.0,4.0,4.0,1529,4711,17962,60390,,,
2026-09-29T05:46:48+00:00,339,180135,Longstaff,13,2,Leeds,Midfielder,4.9,0.0,-0.1,a,,,,,0.1,0.2,0.2,0.2,122,602,2495,8086,,,
2026-09-29T05:46:48+00:00,341,492859,Gnonto,13,2,Leeds,Midfielder,5.0,0.0,0.0,u,Has joined ACF Fiorentina on loan for the rest of the season,2026-09-02T16:04:47.189648Z,0,0,0.0,0.0,0.0,0.0,0,51,244,1809,,,
2026-09-29T05:46:48+00:00,342,221399,Harrison,13,2,Leeds,Midfielder,5.0,0.0,0.0,u,Has joined New England Revolution permanently,2026-07-28T12:59:09.492431Z,0,0,0.0,0.0,0.0,0.0,0,5,0,79,,,
2026-09-29T05:46:48+00:00,343,200617,James,13,2,Leeds,Midfielder,4.9,0.0,-0.1,a,,,,,0.1,0.8,0.8,0.8,179,534,4148,7984,,,
2026-09-29T05:46:48+00:00,344,486520,Gruev,13,2,Leeds,Midfielder,5.0,0.0,0.0,a,,2026-08-14T23:00:06.272027Z,100,100,0.0,0.0,0.0,0.0,45,18,124,313,,,
2026-09-29T05:46:48+00:00,345,248056,Tanaka,13,2,Leeds,Midfielder,4.9,0.0,-0.1,a,,,,,0.3,3.5,3.5,3.5,2102,2173,22620,17408,,,
2026-09-29T05:46:48+00:00,346,177815,Calvert-Lewin,13,2,Leeds,Forward,6.0,0.0,0.0,a,,,,,24.8,5.2,5.2,5.2,89429,163505,1006058,1316447,1,,
2026-09-29T05:46:48+00:00,347,174594,Nmecha,13,2,Leeds,Forward,5.4,0.0,-0.1,a,,,,,0.5,1.8,1.8,1.8,1909,3597,22103,37018,2,,
2026-09-29T05:46:48+00:00,348,235826,Piroe,13,2,Leeds,Forward,5.0,0.0,0.0,u,Has joined West Ham United on loan for the rest of the season,2026-08-19T13:56:14.666726Z,0,0,0.1,0.0,0.0,0.0,0,409,0,11204,3,,
2026-09-29T05:46:48+00:00,349,565297,Mateo Joseph,13,2,Leeds,Forward,4.5,0.0,0.0,i,Knee injury - Unknown return date,2026-07-29T18:00:10.338170Z,0,0,0.1,0.0,0.0,0.0,302,461,3088,4435,,,
2026-09-29T05:46:48+00:00,385,432720,Trafford,13,2,Leeds,Goalkeeper,5.0,0.0,0.0,a,,,,,5.5,4.8,4.8,4.8,21030,14124,263001,158469,,,
2026-09-29T05:46:48+00:00,598,173774,Elvedi,13,2,Leeds,Defender,4.5,0.0,0.0,a,,,,,0.1,3.2,3.2,3.2,217,219,5332,2778,,,
2026-09-29T05:46:48+00:00,603,643970,Lienou,13,2,Leeds,Defender,4.0,0.0,0.0,a,,,,,0.1,0.0,0.0,0.0,229,501,6902,3968,,,
2026-09-29T05:46:48+00:00,604,592740,Cresswell,13,2,Leeds,Midfielder,4.5,0.0,0.0,a,,,,,0.1,0.0,0.0,0.0,294,865,14050,7893,,,
2026-09-29T05:46:48+00:00,625,97846,Cairns,13,2,Leeds,Goalkeeper,4.0,0.0,0.0,a,,,,,0.2,0.0,0.0,0.0,813,751,19772,5909,,,
2026-09-29T05:46:48+00:00,629,155465,Zetterer,13,2,Leeds,Goalkeeper,4.0,0.0,0.0,a,,,,,0.7,0.0,0.0,0.0,2936,2676,58376,14051,,,
2026-09-29T05:46:48+00:00,641,437497,Bard,13,2,Leeds,Defender,4.5,0.0,0.0,a,,,,,0.0,0.3,0.3,0.3,93,75,955,351,,,
2026-09-29T05:46:48+00:00,648,587982,Bahoya,13,2,Leeds,Midfielder,5.0,0.0,0.0,a,,,,,0.0,0.3,0.3,0.3,103,169,2235,1137,,,
2026-09-29T05:46:48+00:00,350,116535,A.Becker,14,14,Liverpool,Goalkeeper,5.5,0.0,0.0,a,,,,,4.1,8.3,8.3,8.3,12215,11180,145533,144704,,,
2026-09-29T05:46:48+00:00,351,449027,Mamardashvili,14,14,Liverpool,Goalkeeper,4.9,0.0,-0.1,a,,,,,0.1,0.0,0.0,0.0,240,592,2852,8610,,,
2026-09-29T05:46:48+00:00,352,155503,Woodman,14,14,Liverpool,Goalkeeper,4.0,0.0,0.0,a,,,,,1.0,0.0,0.0,0.0,757,2280,18251,27138,,,
2026-09-29T05:46:48+00:00,353,586268,Pecsi,14,14,Liverpool,Goalkeeper,4.0,0.0,0.0,u,Has joined TSV Hartberg on loan for the rest of the season,2026-08-18T14:11:18.638344Z,0,0,0.0,0.0,0.0,0.0,0,57,0,1084,,,
2026-09-29T05:46:48+00:00,354,432987,Jaros,14,14,Liverpool,Goalkeeper,4.0,0.0,0.0,i,Knee injury - Unknown return date,2026-07-29T18:00:10.351066Z,0,0,0.0,0.0,0.0,0.0,197,151,1744,1237,,,
2026-09-29T05:46:48+00:00,355,464353,Davies,14,14,Liverpool,Goalkeeper,4.0,0.0,0.0,a,,,,,0.2,0.0,0.0,0.0,279,453,4731,4233,,,
2026-09-29T05:46:48+00:00,356,97032,Virgil,14,14,Liverpool,Defender,6.5,0.0,0.0,a,,,,,16.2,7.3,7.3,7.3,20101,42021,277117,614654,,,
2026-09-29T05:46:48+00:00,357,216094,Frimpong,14,14,Liverpool,Defender,5.3,0.0,-0.2,a,,,,,1.8,0.3,0.3,0.3,1536,12301,58879,245686,,,
2026-09-29T05:46:48+00:00,358,544877,Kerkez,14,14,Liverpool,Defender,5.4,0.0,-0.1,a,,,,,2.2,4.0,4.0,4.0,2512,9886,47529,187258,,,
2026-09-29T05:46:48+00:00,359,171287,Gomez,14,14,Liverpool,Defender,4.9,0.0,-0.1,a,,2026-07-26T08:30:10.078473Z,100,100,0.0,0.0,0.0,0.0,303,109,723,1173,,,
2026-09-29T05:46:48+00:00,360,492777,Bradley,14,14,Liverpool,Defender,5.0,0.0,0.0,i,Knee injury - Unknown return date,2026-07-23T12:01:23.565711Z,0,0,0.0,0.0,0.0,0.0,50,76,367,788,,,
2026-09-29T05:46:48+00:00,361,519440,Lucky,14,14,Liverpool,Defender,4.0,0.0,0.0,a,,,,,0.1,0.0,0.0,0.0,277,547,3854,5772,,,
2026-09-29T05:46:48+00:00,362,606702,Jacquet,14,14,Liverpool,Defender,5.0,0.0,0.0,a,,2026-07-23T12:01:23.581126Z,100,100,3.5,6.7,6.7,6.7,32001,12659,229883,122692,,,
2026-09-29T05:46:48+00:00,363,647681,Leoni,14,14,Liverpool,Defender,4.0,0.0,0.0,i,Knee injury - Unknown return date,2026-07-23T12:01:23.596909Z,0,0,0.0,0.0,0.0,0.0,62,171,863,2102,,,
2026-09-29T05:46:48+00:00,364,214285,Tsimikas,14,14,Liverpool,Defender,4.9,0.0,-0.1,a,,,,,0.1,0.3,0.3,0.3,85,385,1572,4411,,,
2026-09-29T05:46:48+00:00,365,489580,Ramsay,14,14,Liverpool,Defender,4.0,0.0,0.0,u,Has joined St Mirren on loan for the rest of the season,2026-08-26T14:05:26.748768Z,0,0,0.1,0.0,0.0,0.0,0,455,638,12684,,,
2026-09-29T05:46:48+00:00,366,494595,Wirtz,14,14,Liverpool,Midfielder,7.3,0.0,-0.2,a,,,,,5.7,4.0,4.0,4.0,3029,40758,133297,764155,4,,
2026-09-29T05:46:48+00:00,367,243298,Gakpo,14,14,Liverpool,Midfielder,7.2,0.0,0.2,d,Ankle injury - 75% chance of playing,2026-09-27T21:30:07.786183Z,100,75,12.5,5.0,5.0,3.8,50591,82497,1337003,710094,3,,
2026-09-29T05:46:48+00:00,368,424876,Szoboszlai,14,14,Liverpool,Midfielder,7.0,0.0,0.0,a,,,,,32.8,2.7,2.7,2.7,34133,204522,926492,1672680,1,,
2026-09-29T05:46:48+00:00,369,611922,Ngumoha,14,14,Liverpool,Midfielder,5.7,-0.1,-0.3,a,,,,,0.5,0.3,0.3,0.3,722,4119,14500,89145,,,
2026-09-29T05:46:48+00:00,370,223541,Chiesa,14,14,Liverpool,Midfielder,5.3,-0.1,-0.2,i,Back injury - Unknown return date,2026-08-27T13:30:07.598926Z,0,0,0.0,0.0,0.0,0.0,16,239,681,10072,,,
2026-09-29T05:46:48+00:00,371,441266,Gravenberch,14,14,Liverpool,Midfielder,5.8,-0.1,-0.2,a,,,,,1.1,1.0,1.0,1.0,1164,8795,35702,130148,,,
2026-09-29T05:46:48+00:00,372,243016,Mac Allister,14,14,Liverpool,Midfielder,5.4,0.0,-0.1,a,,,,,1.3,2.7,2.7,2.7,3688,6650,45308,96364,5,,
2026-09-29T05:46:48+00:00,373,206915,C.Jones,14,14,Liverpool,Midfielder,5.5,0.0,0.0,u,Has joined Internazionale permanently,2026-08-16T18:30:07.426408Z,0,0,0.0,0.0,0.0,0.0,0,56,34,2643,,,
2026-09-29T05:46:48+00:00,374,158983,Endo,14,14,Liverpool,Midfielder,4.9,0.0,-0.1,a,,2026-07-23T12:01:23.612529Z,100,100,0.1,0.0,0.0,0.0,157,426,2320,4792,,,
2026-09-29T05:46:48+00:00,375,591386,Nyoni,14,14,Liverpool,Midfielder,4.9,0.0,-0.1,a,,,,,0.0,0.7,0.7,0.7,85,306,1342,3051,,,
2026-09-29T05:46:48+00:00,376,535928,Bajcetic,14,14,Liverpool,Midfielder,5.0,0.0,0.0,u,Has joined Celta Vigo permanently,2026-07-23T12:01:23.628373Z,0,0,0.0,0.0,0.0,0.0,0,2,19,106,,,
2026-09-29T05:46:48+00:00,377,551499,Munoz,14,14,Liverpool,Midfielder,6.5,0.0,0.0,a,,,,,0.9,1.7,1.7,1.7,1361,11148,117344,101490,,,
2026-09-29T05:46:48+00:00,378,491501,McConnell,14,14,Liverpool,Midfielder,4.4,0.0,-0.1,a,,,,,0.2,0.0,0.0,0.0,1033,1444,6908,12901,,,
2026-09-29T05:46:48+00:00,379,219168,Isak,14,14,Liverpool,Forward,9.1,0.0,0.1,d,Thigh injury - 75% chance of playing,2026-09-27T10:30:09.051435Z,,75,22.4,7.7,7.7,5.8,113215,74781,1240377,734750,2,,
2026-09-29T05:46:48+00:00,380,510663,Ekitiké,14,14,Liverpool,Forward,7.4,0.0,-0.1,i,Achilles injury - Unknown return date,2026-07-23T12:01:23.643771Z,0,0,0.1,0.0,0.0,0.0,354,793,2626,11256,,,
2026-09-29T05:46:48+00:00,381,514514,Koumas,14,14,Liverpool,Midfielder,5.0,0.0,0.0,a,,,,,0.0,0.7,0.7,0.7,146,183,825,1384,,,
2026-09-29T05:46:48+00:00,382,500058,Danns,14,14,Liverpool,Forward,4.5,0.0,0.0,a,,2026-07-23T12:01:23.659279Z,100,100,0.2,0.0,0.0,0.0,3347,2298,23154,9577,,,
2026-09-29T05:46:48+00:00,383,444884,Elliott,14,14,Liverpool,Midfielder,5.4,0.0,-0.1,u,Has joined Valencia on loan for the rest of the season,2026-09-02T16:05:49.104326Z,0,0,0.0,0.0,0.0,0.0,0,218,907,6138,,,
2026-09-29T05:46:48+00:00,579,445087,Araujo,14,14,Liverpool,Defender,5.4,0.0,-0.1,a,,,,,3.0,7.0,7.0,7.0,15997,10047,147913,159736,,,
2026-09-29T05:46:48+00:00,627,482616,Barcola,14,14,Liverpool,Midfielder,8.0,0.0,0.0,a,,,,,1.9,2.3,2.3,2.3,9786,18186,287248,129432,,,
2026-09-29T05:46:48+00:00,155,448047,Enzo,15,43,Man City,Midfielder,6.9,0.0,-0.1,a,,,,,3.6,3.0,3.0,3.0,29670,13741,171337,320650,,,
2026-09-29T05:46:48+00:00,237,440993,Ndiaye,15,43,Man City,Midfielder,5.8,-0.1,-0.2,a,,,,,6.7,3.0,3.0,3.0,6696,66591,297565,1134594,,,
2026-09-29T05:46:48+00:00,384,204936,Donnarumma,15,43,Man City,Goalkeeper,5.5,0.0,0.0,a,,,,,7.6,5.3,5.3,5.3,10322,29229,206513,315145,,,
2026-09-29T05:46:48+00:00,386,122074,Bettinelli,15,43,Man City,Goalkeeper,4.5,0.0,0.0,a,,,,,0.0,0.0,0.0,0.0,51,86,566,1122,,,
2026-09-29T05:46:48+00:00,387,472769,O'Reilly,15,43,Man City,Defender,6.3,-0.1,-0.2,a,,2026-09-05T18:00:06.379802Z,100,100,10.9,0.7,0.7,0.7,5075,68284,192419,1204795,,,
2026-09-29T05:46:48+00:00,388,209036,Guéhi,15,43,Man City,Defender,6.0,0.0,0.0,a,,,,,18.2,6.0,6.0,6.0,22737,48816,504657,460792,,,
2026-09-29T05:46:48+00:00,389,465351,Matheus N.,15,43,Man City,Defender,5.9,0.0,-0.1,a,,2026-08-27T11:30:08.171622Z,100,100,1.0,3.3,3.3,3.3,1580,2804,14735,73945,4,,
2026-09-29T05:46:48+00:00,390,171314,Rúben,15,43,Man City,Defender,5.5,0.0,0.0,a,,,,,1.9,4.3,4.3,4.3,4468,8788,67056,73590,,,
2026-09-29T05:46:48+00:00,391,477424,Gvardiol,15,43,Man City,Defender,5.7,0.0,0.2,a,,,,,26.8,7.7,7.7,7.7,142040,50973,1824072,411189,,,
2026-09-29T05:46:48+00:00,392,448514,Aït-Nouri,15,43,Man City,Defender,5.3,0.0,-0.2,a,,,,,0.4,0.0,0.0,0.0,500,2102,7852,61511,,,
2026-09-29T05:46:48+00:00,393,578153,Khusanov,15,43,Man City,Defender,5.4,0.0,-0.1,a,,,,,1.4,1.7,1.7,1.7,1349,8731,26785,80377,,,
2026-09-29T05:46:48+00:00,394,494307,Alleyne,15,43,Man City,Defender,5.0,0.0,0.0,u,Has joined Burnley on loan for the rest of the season,2026-08-18T14:11:56.324656Z,0,0,0.0,0.0,0.0,0.0,0,19,0,617,,,
2026-09-29T05:46:48+00:00,395,477064,Lewis,15,43,Man City,Defender,4.4,0.0,-0.1,a,,,,,0.2,0.0,0.0,0.0,290,1160,8246,16226,,,
2026-09-29T05:46:48+00:00,396,616222,Vitor Reis,15,43,Man City,Defender,4.5,0.0,0.0,a,,,,,0.0,0.0,0.0,0.0,70,145,550,1168,,,
2026-09-29T05:46:48+00:00,397,437730,Semenyo,15,43,Man City,Midfielder,8.4,0.0,-0.1,d,Ankle injury - 75% chance of playing,2026-09-24T12:00:09.848000Z,,75,15.4,8.7,8.7,6.5,123573,60492,314476,1203192,2,,
2026-09-29T05:46:48+00:00,398,209244,Foden,15,43,Man City,Midfielder,6.9,0.0,-0.1,s,Suspended until 17 Oct,2026-09-13T17:00:09.433455Z,0,0,1.8,-0.3,0.0,0.0,199,27361,303445,565083,,,
2026-09-29T05:46:48+00:00,399,466052,Cherki,15,43,Man City,Midfielder,7.8,0.0,0.3,a,,,,,28.4,4.0,4.0,4.0,117013,85362,2664174,952307,,,
2026-09-29T05:46:48+00:00,400,248875,Doku,15,43,Man City,Midfielder,7.4,0.0,-0.1,a,,2026-08-18T17:00:08.385597Z,75,100,0.7,0.3,0.2,0.3,4030,1934,5497,128020,3,,
2026-09-29T05:46:48+00:00,402,220566,Rodrigo,15,43,Man City,Midfielder,6.5,0.0,0.0,u,Has joined Barcelona permanently,2026-07-23T12:01:23.675537Z,0,0,0.0,0.0,0.0,0.0,0,23,0,1227,,,
2026-09-29T05:46:48+00:00,404,433036,Reijnders,15,43,Man City,Midfielder,6.0,0.0,0.0,u,Has joined Al Qadsiah permanently,2026-08-20T14:02:58.154273Z,0,0,0.0,0.0,0.0,0.0,0,94,0,8179,,,
2026-09-29T05:46:48+00:00,406,91651,Kovačić,15,43,Man City,Midfielder,5.4,0.0,-0.1,a,,,,,0.1,0.0,0.0,0.0,100,440,2242,6269,,,
2026-09-29T05:46:48+00:00,407,575204,Echeverri,15,43,Man City,Midfielder,4.9,0.0,-0.1,u,Has joined Benfica on loan for the rest of the season,2026-09-03T15:41:24.710479Z,0,0,0.0,0.0,0.0,0.0,0,51,250,1340,,,
2026-09-29T05:46:48+00:00,408,155405,Phillips,15,43,Man City,Midfielder,5.0,0.0,0.0,u,Has joined Sheffield United on loan for the rest of the season,2026-08-18T14:11:56.348781Z,0,0,0.0,0.0,0.0,0.0,0,12,0,571,,,
2026-09-29T05:46:48+00:00,409,590039,Mukasa,15,43,Man City,Midfielder,4.5,0.0,0.0,u,has joined West Ham on loan for the rest of the seaon.,2026-09-03T10:34:10.733520Z,0,0,0.1,0.0,0.0,0.0,0,570,1621,12137,,,
2026-09-29T05:46:48+00:00,410,649208,Monga,15,43,Man City,Midfielder,4.9,0.0,-0.1,u,Has joined Swansea City on loan for the rest of the season,2026-09-02T16:02:01.136760Z,0,0,0.0,0.0,0.0,0.0,0,49,219,1269,,,
2026-09-29T05:46:48+00:00,411,223094,Haaland,15,43,Man City,Forward,15.6,0.0,0.1,a,,,,,73.8,8.0,8.0,8.0,74880,18681,920157,320339,1,,
2026-09-29T05:46:48+00:00,481,215379,Anderson,15,43,Man City,Midfielder,6.3,0.0,-0.2,a,,2026-08-23T17:00:07.952697Z,100,100,4.0,3.3,3.3,3.3,7508,26873,104947,444713,,,
2026-09-29T05:46:48+00:00,587,106921,Rulli,15,43,Man City,Goalkeeper,5.0,0.0,0.0,a,,,,,0.0,0.0,0.0,0.0,68,101,600,1112,,,
2026-09-29T05:46:48+00:00,616,637238,Bouaddi,15,43,Man City,Midfielder,5.5,0.0,0.0,a,,,,,0.2,0.3,0.3,0.3,813,2056,21012,13495,,,
2026-09-29T05:46:48+00:00,621,616288,McAidoo,15,43,Man City,Midfielder,4.5,0.0,0.0,a,,,,,0.1,0.3,0.3,0.3,187,1054,11356,7077,,,
2026-09-29T05:46:48+00:00,622,554054,Braithwaite,15,43,Man City,Defender,4.0,0.0,0.0,a,,,,,0.2,0.0,0.0,0.0,554,1603,16761,9154,,,
2026-09-29T05:46:48+00:00,628,624777,Allan,15,43,Man City,Midfielder,6.0,0.0,0.0,a,,,,,0.0,0.0,0.0,0.0,212,156,1175,677,,,
2026-09-29T05:46:48+00:00,653,595480,Samba,15,43,Man City,Midfielder,4.5,0.0,0.0,a,,,,,0.0,0.0,0.0,0.0,237,474,3886,2157,,,
2026-09-29T05:46:48+00:00,43,166989,Tielemans,16,1,Man Utd,Midfielder,5.8,0.0,-0.2,a,,2026-07-23T12:01:23.321726Z,100,100,1.5,3.0,3.0,3.0,2978,10363,44425,160987,3,,
2026-09-29T05:46:48+00:00,131,535301,Baleba,16,1,Man Utd,Midfielder,4.9,0.0,-0.1,a,,2026-08-06T16:00:10.997714Z,50,100,0.1,0.0,0.0,0.0,1196,692,6635,14333,,,
2026-09-29T05:46:48+00:00,162,532605,Andrey Santos,16,1,Man Utd,Midfielder,4.8,0.0,-0.2,a,,,,,0.6,0.5,0.5,0.5,1000,4767,22197,73386,,,
2026-09-29T05:46:48+00:00,325,59735,Darlow,16,1,Man Utd,Goalkeeper,4.5,0.0,0.0,d,Unspecified injury - 75% chance of playing,2026-09-21T13:30:08.885505Z,100,75,0.0,0.0,0.0,0.0,57,203,1064,1584,,,
2026-09-29T05:46:48+00:00,412,465247,Lammens,16,1,Man Utd,Goalkeeper,4.9,0.0,-0.1,a,,,,,9.9,2.5,2.5,2.5,6389,47089,98597,685520,,,
2026-09-29T05:46:48+00:00,413,451302,Bayindir,16,1,Man Utd,Goalkeeper,4.5,0.0,0.0,u,Has joined Celta Vigo on loan for the rest of the season,2026-08-10T14:02:28.608415Z,0,0,0.0,0.0,0.0,0.0,0,34,0,1144,,,
2026-09-29T05:46:48+00:00,414,21205,Heaton,16,1,Man Utd,Goalkeeper,4.0,0.0,0.0,i,Hamstring injury - Unknown return date,2026-08-15T16:00:07.854151Z,0,0,0.1,0.0,0.0,0.0,188,256,2106,3543,,,
2026-09-29T05:46:48+00:00,415,596777,Dorgu,16,1,Man Utd,Midfielder,5.8,0.0,-0.2,d,Hamstring injury - 75% chance of playing,2026-09-27T21:30:07.831640Z,,75,0.5,2.5,2.5,1.9,1018,3820,13988,97357,,,
2026-09-29T05:46:48+00:00,416,209365,De Ligt,16,1,Man Utd,Defender,5.0,0.0,0.0,i,Back injury - Unknown return date,2026-07-23T12:01:23.690880Z,0,0,0.0,0.0,0.0,0.0,68,124,447,1547,,,
2026-09-29T05:46:48+00:00,417,216051,Dalot,16,1,Man Utd,Defender,4.9,0.0,-0.1,a,,,,,1.6,1.8,1.8,1.8,1180,7232,25959,135727,,,
2026-09-29T05:46:48+00:00,418,95658,Maguire,16,1,Man Utd,Defender,4.8,-0.1,-0.2,a,,,,,8.6,2.2,2.2,2.2,4082,73057,138040,1002748,,,
2026-09-29T05:46:48+00:00,419,221820,Martinez,16,1,Man Utd,Defender,5.0,0.0,0.0,a,,2026-07-24T20:00:10.337107Z,100,100,1.3,1.5,1.5,1.5,3540,6209,36466,67062,,,
2026-09-29T05:46:48+00:00,420,550864,Yoro,16,1,Man Utd,Defender,4.8,-0.1,-0.2,a,,,,,0.5,0.5,0.5,0.5,452,2110,5234,35952,,,
2026-09-29T05:46:48+00:00,421,606745,Heaven,16,1,Man Utd,Defender,4.4,0.0,-0.1,a,,,,,0.3,0.0,0.0,0.0,223,1414,5993,24000,,,
2026-09-29T05:46:48+00:00,422,230001,Mazraoui,16,1,Man Utd,Defender,4.4,0.0,-0.1,a,,,,,0.5,0.5,0.5,0.5,557,2797,14341,40884,,,
2026-09-29T05:46:48+00:00,423,106760,Shaw,16,1,Man Utd,Defender,4.3,-0.1,-0.2,a,,2026-09-11T13:00:09.030120Z,50,100,7.7,2.0,1.0,2.0,3384,74724,100868,1306653,,,
2026-09-29T05:46:48+00:00,424,577974,Amass,16,1,Man Utd,Defender,4.0,0.0,0.0,a,,,,,0.2,0.0,0.0,0.0,404,752,6306,8782,,,
2026-09-29T05:46:48+00:00,425,547676,Fredricson,16,1,Man Utd,Defender,4.0,0.0,0.0,u,Has joined Lausanne-Sport permanently,2026-08-18T14:12:31.904433Z,0,0,0.0,0.0,0.0,0.0,0,46,0,1314,,,
2026-09-29T05:46:48+00:00,426,141746,B.Fernandes,16,1,Man Utd,Midfielder,11.9,-0.1,-0.1,a,,,,,38.5,7.2,7.2,7.2,40690,191308,652290,1844258,1,,
2026-09-29T05:46:48+00:00,427,446008,Mbeumo,16,1,Man Utd,Midfielder,7.9,0.0,-0.1,a,,,,,20.6,5.8,5.8,5.8,34356,125757,461335,2012256,2,,
2026-09-29T05:46:48+00:00,428,430871,Cunha,16,1,Man Utd,Midfielder,7.9,0.0,-0.1,a,,,,,5.8,6.0,6.0,6.0,20372,20797,94118,508828,,,
2026-09-29T05:46:48+00:00,429,176297,Rashford,16,1,Man Utd,Midfielder,7.0,0.0,0.0,d,Unspecified injury - 75% chance of playing,2026-09-21T10:30:09.221479Z,,75,1.5,2.2,2.2,1.7,4089,16865,85118,127946,,,
2026-09-29T05:46:48+00:00,430,184341,Mount,16,1,Man Utd,Midfielder,5.4,0.0,-0.1,a,,2026-08-15T16:00:07.879135Z,100,100,0.0,0.2,0.2,0.2,173,195,901,1971,,,
2026-09-29T05:46:48+00:00,431,493250,Amad,16,1,Man Utd,Midfielder,5.7,0.0,-0.3,i,Unspecified injury - Unknown return date,2026-08-22T11:00:08.617283Z,0,0,0.3,0.0,0.0,0.0,118,1726,2160,123447,,,
2026-09-29T05:46:48+00:00,432,516895,Mainoo,16,1,Man Utd,Midfielder,5.5,0.0,0.0,d,Unspecified injury - 75% chance of playing,2026-09-21T13:00:09.169862Z,,75,1.6,5.2,5.2,3.9,7486,14337,94580,66614,,,
2026-09-29T05:46:48+00:00,433,232112,Ugarte,16,1,Man Utd,Midfielder,5.0,0.0,0.0,i,Knee injury - Unknown return date,2026-07-23T12:01:23.706702Z,0,0,0.0,0.0,0.0,0.0,22,23,118,263,,,
2026-09-29T05:46:48+00:00,434,547037,J.Fletcher,16,1,Man Utd,Midfielder,4.9,0.0,-0.1,a,,,,,0.0,0.0,0.0,0.0,41,57,321,705,,,
2026-09-29T05:46:48+00:00,435,576628,Lacey,16,1,Man Utd,Midfielder,4.9,0.0,-0.1,a,,,,,0.1,0.0,0.0,0.0,366,341,1719,3306,,,
2026-09-29T05:46:48+00:00,436,490881,Collyer,16,1,Man Utd,Midfielder,5.0,0.0,0.0,u,Has joined West Brom permanently,2026-09-01T13:16:48.584385Z,0,0,0.0,0.0,0.0,0.0,0,43,150,1050,,,
2026-09-29T05:46:48+00:00,437,576620,Bendito Mantato,16,1,Man Utd,Midfielder,4.4,-0.1,-0.1,a,,,,,0.2,0.0,0.0,0.0,382,820,5046,9601,,,
2026-09-29T05:46:48+00:00,438,519913,Fletcher,16,1,Man Utd,Midfielder,4.4,0.0,-0.1,a,,,,,0.3,0.0,0.0,0.0,2505,2045,10574,16814,,,
2026-09-29T05:46:48+00:00,439,485711,Šeško,16,1,Man Utd,Forward,7.0,0.0,0.0,d,Shin injury - 75% chance of playing,2026-09-20T19:30:08.505755Z,100,75,1.6,1.8,1.8,1.4,6541,23172,103980,132845,,,
2026-09-29T05:46:48+00:00,440,458249,Zirkzee,16,1,Man Utd,Forward,5.3,-0.1,-0.2,a,,,,,0.4,0.5,0.5,0.5,1837,3026,15717,43579,,,
2026-09-29T05:46:48+00:00,441,596047,Obi,16,1,Man Utd,Forward,4.5,0.0,0.0,u,Has joined Willem II on loan for the rest of the season,2026-09-14T16:12:42.090874Z,0,0,0.9,0.0,0.0,0.0,0,10944,45543,73886,,,
2026-09-29T05:46:48+00:00,405,465694,N.Gonzalez,17,4,Newcastle,Midfielder,5.5,0.0,0.0,a,,2026-09-14T21:30:07.343728Z,0,100,0.2,1.0,0.0,1.0,564,1802,18027,16971,,,
2026-09-29T05:46:48+00:00,442,98747,Pope,17,4,Newcastle,Goalkeeper,4.9,0.0,-0.1,a,,,,,0.9,0.0,0.0,0.0,829,3022,13322,53745,,,
2026-09-29T05:46:48+00:00,443,81441,Gillespie,17,4,Newcastle,Goalkeeper,4.5,0.0,0.0,a,,,,,0.0,0.0,0.0,0.0,42,85,767,1205,,,
2026-09-29T05:46:48+00:00,444,554578,Jaouen,17,4,Newcastle,Goalkeeper,4.4,-0.1,-0.1,d,Ankle injury - 50% chance of playing,2026-09-10T16:00:09.127466Z,50,50,0.0,0.0,0.0,0.0,19,114,452,1519,,,
2026-09-29T05:46:48+00:00,445,465642,Thiaw,17,4,Newcastle,Defender,5.0,0.0,0.0,a,,,,,2.2,1.7,1.7,1.7,8185,9542,177486,122553,,,
2026-09-29T05:46:48+00:00,446,119471,Schär,17,4,Newcastle,Defender,4.9,0.0,-0.1,a,,2026-08-15T16:30:07.209742Z,100,100,0.2,0.3,0.3,0.3,529,880,7040,13826,,,
2026-09-29T05:46:48+00:00,447,220237,Botman,17,4,Newcastle,Defender,5.0,0.0,0.0,a,,,,,0.7,2.3,2.3,2.3,4542,2842,47216,28136,,,
2026-09-29T05:46:48+00:00,448,78916,Burn,17,4,Newcastle,Defender,4.8,-0.1,-0.2,i,Ankle injury - Expected back 12 Oct,2026-08-23T18:00:08.367241Z,0,0,0.7,0.0,0.0,0.0,102,5585,7317,160493,,,
2026-09-29T05:46:48+00:00,449,487838,Hall,17,4,Newcastle,Defender,5.3,0.1,0.3,a,,,,,17.3,5.7,5.7,5.7,238635,18964,1652137,346797,,,
2026-09-29T05:46:48+00:00,450,441191,Livramento,17,4,Newcastle,Defender,4.9,0.0,-0.1,d,Unspecified injury - 75% chance of playing,2026-09-19T14:00:09.046677Z,100,75,0.1,1.3,1.3,1.0,431,1442,10227,5882,,,
2026-09-29T05:46:48+00:00,451,545477,A.Murphy,17,4,Newcastle,Defender,4.0,0.0,0.0,u,Has joined FC Kaiserslautern on loan for the rest of the season,2026-08-12T14:05:29.224600Z,0,0,0.1,0.0,0.0,0.0,0,278,0,6929,,,
2026-09-29T05:46:48+00:00,453,201666,Barnes,17,4,Newcastle,Midfielder,6.1,0.1,0.1,a,,,,,5.6,7.7,7.7,7.7,152982,16466,624085,148374,,,
2026-09-29T05:46:48+00:00,454,449434,Elanga,17,4,Newcastle,Midfielder,6.1,-0.1,0.1,i,Unspecified injury - Unknown return date,2026-09-14T20:00:09.505598Z,0,0,4.6,0.3,0.0,0.0,312,163073,1286149,1083034,,,
2026-09-29T05:46:48+00:00,456,232653,J.Ramsey,17,4,Newcastle,Midfielder,4.9,0.0,-0.1,i,Thigh injury - Unknown return date,2026-09-15T09:00:08.191022Z,0,0,0.2,2.0,0.0,0.0,55,4596,16601,30799,,,
2026-09-29T05:46:48+00:00,457,114243,J.Murphy,17,4,Newcastle,Midfielder,5.9,0.0,-0.1,a,,,,,0.1,0.7,0.7,0.7,914,733,6017,10912,,,
2026-09-29T05:46:48+00:00,458,180974,Joelinton,17,4,Newcastle,Midfielder,5.4,0.0,-0.1,i,Unspecified injury - Unknown return date,2026-08-16T08:00:08.074045Z,0,0,0.0,0.0,0.0,0.0,12,74,223,2236,,,
2026-09-29T05:46:48+00:00,459,547719,L.Miley,17,4,Newcastle,Midfielder,5.5,0.0,0.0,a,,2026-07-23T12:01:23.785456Z,100,100,0.1,2.0,2.0,2.0,459,431,6323,5438,,,
2026-09-29T05:46:48+00:00,460,200089,Willock,17,4,Newcastle,Midfielder,5.0,0.0,0.0,a,,,,,0.6,4.3,4.3,4.3,9351,2585,64171,30570,,,
2026-09-29T05:46:48+00:00,461,611665,Touré,17,4,Newcastle,Midfielder,5.8,0.0,-0.2,a,,,,,0.1,2.3,2.3,2.3,312,827,3695,16434,,,
2026-09-29T05:46:48+00:00,462,636852,Steur,17,4,Newcastle,Midfielder,4.9,0.0,-0.1,a,,,,,0.1,2.0,2.0,2.0,260,365,2416,6162,,,
2026-09-29T05:46:48+00:00,463,470313,Woltemade,17,4,Newcastle,Forward,5.9,0.0,-0.1,u,Has joined Juventus on loan for the rest of the season,2026-09-02T16:07:16.549304Z,0,0,0.5,0.0,0.0,0.0,0,3529,14520,141964,,,
2026-09-29T05:46:48+00:00,464,216646,Wissa,17,4,Newcastle,Forward,6.2,0.0,0.2,a,,,,,18.7,1.0,1.0,1.0,82716,137124,2278228,724134,2,,
2026-09-29T05:46:48+00:00,465,538207,Osula,17,4,Newcastle,Forward,5.8,-0.1,-0.2,i,Foot injury - Unknown return date,2026-08-25T19:00:08.004915Z,0,0,0.3,0.0,0.0,0.0,118,2268,21441,86573,1,,
2026-09-29T05:46:48+00:00,466,599303,Neave,17,4,Newcastle,Forward,4.5,0.0,0.0,u,Has joined Wolves on loan for the rest of the season,2026-09-04T12:37:43.515176Z,0,0,0.5,0.0,0.0,0.0,0,3757,23805,52379,,,
2026-09-29T05:46:48+00:00,559,632794,Bamba,17,4,Newcastle,Midfielder,4.9,0.0,-0.1,a,,,,,0.1,0.7,0.7,0.7,124,472,2564,7556,,,
2026-09-29T05:46:48+00:00,567,470551,Horníček,17,4,Newcastle,Goalkeeper,5.0,0.0,0.0,a,,,,,1.5,2.0,2.0,2.0,6897,4705,151547,71258,,,
2026-09-29T05:46:48+00:00,593,463726,Dedić,17,4,Newcastle,Defender,4.5,0.0,0.0,i,Unspecified injury - Unknown return date,2026-09-17T14:30:09.823731Z,0,0,1.8,0.3,0.0,0.0,245,36437,447867,306487,,,
2026-09-29T05:46:48+00:00,609,553746,Shahar,17,4,Newcastle,Defender,4.0,0.0,0.0,u,has joined Arouca on loan for the rest of the seaon.,2026-09-11T14:41:57.406766Z,0,0,0.2,0.0,0.0,0.0,0,1815,18236,15713,,,
2026-09-29T05:46:48+00:00,634,613221,Fernandez-Pardo,17,4,Newcastle,Forward,6.0,0.0,0.0,a,,,,,0.1,1.3,1.3,1.3,1848,1356,16919,6256,,,
2026-09-29T05:46:48+00:00,659,665243,Miley,17,4,Newcastle,Midfielder,4.5,0.0,0.0,a,,,,,0.0,0.0,0.0,0.0,1364,624,4802,1226,,,
2026-09-29T05:46:48+00:00,663,578512,Pivas,17,4,Newcastle,Defender,4.0,0.0,0.0,a,,,,,0.0,0.0,1.1,1.1,376,51,376,51,,,
2026-09-29T05:46:48+00:00,664,601767,Salia,17,4,Newcastle,Forward,4.5,0.0,0.0,a,,,,,0.1,0.0,1.0,1.0,9188,1466,9188,1466,,,
2026-09-29T05:46:48+00:00,665,655585,Mills,17,4,Newcastle,Midfielder,4.5,0.0,0.0,a,,,,,0.0,0.0,1.1,1.1,156,26,156,26,,,
2026-09-29T05:46:48+00:00,666,671875,Thompson,17,4,Newcastle,Midfielder,4.5,0.0,0.0,a,,,,,0.0,0.0,1.1,1.1,227,35,227,35,,,
2026-09-29T05:46:48+00:00,167,463034,Delap,18,17,Nott'm Forest,Forward,5.6,0.1,0.1,a,,,,,2.7,2.7,2.7,2.7,24403,27916,311579,81488,3,,
2026-09-29T05:46:48+00:00,201,247348,Muñoz,18,17,Nott'm Forest,Defender,5.4,0.0,-0.1,a,,,,,5.7,1.7,1.7,1.7,7556,28991,158114,483167,,,
2026-09-29T05:46:48+00:00,467,85633,Sels,18,17,Nott'm Forest,Goalkeeper,5.0,0.0,0.0,a,,,,,1.6,3.7,3.7,3.7,1908,5866,68161,61928,,,
2026-09-29T05:46:48+00:00,468,221389,John,18,17,Nott'm Forest,Goalkeeper,4.5,0.0,0.0,a,,,,,0.1,0.0,0.0,0.0,57,147,864,2007,,,
2026-09-29T05:46:48+00:00,469,215136,N.Williams,18,17,Nott'm Forest,Defender,5.0,0.0,0.0,a,,,,,8.7,3.7,3.7,3.7,10618,44090,325104,349348,,,
2026-09-29T05:46:48+00:00,470,485047,Morato,18,17,Nott'm Forest,Defender,5.0,0.0,0.0,u,Has joined West Ham on loan for the rest of the season,2026-09-02T16:19:54.503286Z,0,0,0.0,0.0,0.0,0.0,0,111,424,3691,,,
2026-09-29T05:46:48+00:00,471,227444,Milenković,18,17,Nott'm Forest,Defender,5.4,-0.1,-0.1,i,Hamstring injury - Expected back 11 Oct,2026-09-12T14:00:09.705107Z,0,0,1.0,2.3,0.0,0.0,62,11771,17994,106928,,,
2026-09-29T05:46:48+00:00,472,575476,Murillo,18,17,Nott'm Forest,Defender,5.5,0.0,0.0,a,,2026-07-23T12:01:23.801183Z,100,100,2.1,6.0,6.0,6.0,7829,7697,103326,60958,,,
2026-09-29T05:46:48+00:00,473,159506,Aina,18,17,Nott'm Forest,Defender,4.4,-0.1,-0.1,a,,,,,2.4,1.0,1.0,1.0,1026,19808,69139,169595,,,
2026-09-29T05:46:48+00:00,474,575458,Jair Cunha,18,17,Nott'm Forest,Defender,4.5,0.0,0.0,a,,2026-09-12T14:00:09.724349Z,75,100,0.2,3.0,2.2,3.0,235,622,9741,13148,,,
2026-09-29T05:46:48+00:00,475,500151,Savona,18,17,Nott'm Forest,Defender,4.5,0.0,0.0,i,Knee injury - Unknown return date,2026-07-23T12:01:23.816304Z,0,0,0.0,0.0,0.0,0.0,20,18,240,276,,,
2026-09-29T05:46:48+00:00,476,204822,O.Richards,18,17,Nott'm Forest,Defender,4.0,0.0,0.0,a,,,,,0.2,0.0,0.0,0.0,286,707,3986,8258,,,
2026-09-29T05:46:48+00:00,477,549067,Abbott,18,17,Nott'm Forest,Defender,4.0,0.0,0.0,u,Has joined Southampton on loan for the rest of the season,2026-09-02T16:19:54.536676Z,0,0,0.1,0.0,0.0,0.0,0,788,2459,13861,,,
2026-09-29T05:46:48+00:00,478,470315,Netz,18,17,Nott'm Forest,Defender,4.4,0.0,-0.1,a,,,,,0.0,0.3,0.3,0.3,54,114,684,1585,,,
2026-09-29T05:46:48+00:00,479,538638,Bindon,18,17,Nott'm Forest,Defender,4.0,0.0,0.0,u,Has joined Charlton Athletic on loan for the rest of the season,2026-09-01T13:16:05.383880Z,0,0,0.1,0.0,0.0,0.0,0,507,799,8637,,,
2026-09-29T05:46:48+00:00,480,222531,Gibbs-White,18,17,Nott'm Forest,Midfielder,8.0,0.0,0.0,a,,2026-08-24T15:30:08.350159Z,100,100,15.7,4.3,4.3,4.3,62529,79151,1206211,661845,1,,
2026-09-29T05:46:48+00:00,482,209046,Hudson-Odoi,18,17,Nott'm Forest,Midfielder,5.8,0.0,-0.2,a,,2026-07-23T12:01:23.832709Z,100,100,0.1,0.0,0.0,0.0,246,1123,5257,17523,,,
2026-09-29T05:46:48+00:00,483,456512,Ndoye,18,17,Nott'm Forest,Midfielder,5.5,0.0,0.0,a,,,,,0.7,1.0,1.0,1.0,717,7881,72313,49044,,,
2026-09-29T05:46:48+00:00,484,503301,Hutchinson,18,17,Nott'm Forest,Midfielder,5.4,0.0,-0.1,u,Has joined AC Milan on loan for the rest of the season,2026-09-01T13:23:52.340206Z,0,0,0.1,0.0,0.0,0.0,0,343,427,10971,,,
2026-09-29T05:46:48+00:00,485,476887,Bakwa,18,17,Nott'm Forest,Midfielder,5.5,0.0,0.0,u,Has joined Lille on loan for the rest of the season,2026-08-27T14:53:03.381941Z,0,0,0.0,0.0,0.0,0.0,0,33,107,1175,,,
2026-09-29T05:46:48+00:00,486,432714,McAtee,18,17,Nott'm Forest,Midfielder,5.5,0.0,0.0,a,,,,,0.1,2.3,2.3,2.3,335,883,9980,5929,,,
2026-09-29T05:46:48+00:00,487,250199,Dominguez,18,17,Nott'm Forest,Midfielder,4.9,0.0,-0.1,a,,,,,0.1,0.0,0.0,0.0,61,286,1199,4088,,,
2026-09-29T05:46:48+00:00,488,210462,I.Sangaré,18,17,Nott'm Forest,Midfielder,4.9,0.0,-0.1,a,,2026-08-28T09:30:07.471668Z,100,100,0.4,0.7,0.7,0.7,288,2925,9187,68504,,,
2026-09-29T05:46:48+00:00,489,204968,Yates,18,17,Nott'm Forest,Midfielder,4.5,0.0,0.0,a,,2026-08-17T20:30:08.195072Z,100,100,1.2,0.0,0.0,0.0,571,7121,30217,93476,,,
2026-09-29T05:46:48+00:00,490,60689,Wood,18,17,Nott'm Forest,Forward,5.8,0.0,-0.2,a,,,,,0.9,1.0,1.0,1.0,1854,6258,24433,116105,2,,
2026-09-29T05:46:48+00:00,491,482973,Igor Jesus,18,17,Nott'm Forest,Forward,5.8,0.0,-0.2,a,,,,,2.6,3.0,3.0,3.0,6858,22421,125858,269766,4,,
2026-09-29T05:46:48+00:00,493,465680,Kalimuendo,18,17,Nott'm Forest,Forward,5.4,0.0,-0.1,a,,,,,0.1,0.0,0.0,0.0,211,401,3021,4101,,,
2026-09-29T05:46:48+00:00,558,204561,Schlager,18,17,Nott'm Forest,Midfielder,5.0,0.0,0.0,a,,,,,0.1,2.7,2.7,2.7,212,751,5892,5768,,,
2026-09-29T05:46:48+00:00,581,568420,Diomande,18,17,Nott'm Forest,Defender,5.4,0.0,-0.1,a,,,,,0.5,2.3,2.3,2.3,1457,2164,13579,41629,,,
2026-09-29T05:46:48+00:00,590,428971,Benda,18,17,Nott'm Forest,Goalkeeper,4.5,0.0,0.0,a,,,,,0.1,0.0,0.0,0.0,120,230,2660,2831,,,
2026-09-29T05:46:48+00:00,112,469142,Van Hecke,19,6,Spurs,Defender,4.9,0.0,-0.1,a,,,,,6.6,7.3,7.3,7.3,17683,26762,153852,472157,,,
2026-09-29T05:46:48+00:00,147,109646,Tosin,19,6,Spurs,Defender,4.4,0.0,-0.1,a,,,,,0.1,0.2,0.2,0.2,97,541,1989,7893,,,
2026-09-29T05:46:48+00:00,401,438234,Marmoush,19,6,Spurs,Forward,7.0,0.0,0.0,a,,,,,2.1,2.0,2.0,2.0,10322,20922,232801,162055,2,,
2026-09-29T05:46:48+00:00,403,510281,Sávio,19,6,Spurs,Midfielder,6.5,0.0,0.0,a,,2026-08-29T16:30:08.380416Z,100,100,0.7,2.7,2.7,2.7,2734,6537,99646,79300,,,
2026-09-29T05:46:48+00:00,455,432422,Tonali,19,6,Spurs,Midfielder,5.3,-0.1,-0.2,a,,2026-09-14T14:30:07.387706Z,100,100,1.8,3.3,3.3,3.3,2178,14579,47767,269186,,,
2026-09-29T05:46:48+00:00,494,184254,Vicario,19,6,Spurs,Goalkeeper,4.5,0.0,0.0,u,Has joined Juventus on loan for the rest of the season,2026-08-19T13:55:33.193962Z,0,0,0.1,0.0,0.0,0.0,0,691,0,22074,,,
2026-09-29T05:46:48+00:00,495,214572,Austin,19,6,Spurs,Goalkeeper,4.0,0.0,0.0,a,,,,,1.0,0.0,0.0,0.0,1847,2089,29498,21774,,,
2026-09-29T05:46:48+00:00,496,485055,Kinsky,19,6,Spurs,Goalkeeper,4.5,0.0,0.0,a,,,,,17.3,5.0,5.0,5.0,16807,107716,345961,789943,,,
2026-09-29T05:46:48+00:00,497,67089,Dubravka,19,6,Spurs,Goalkeeper,4.0,0.0,0.0,a,,,,,17.1,0.0,0.0,0.0,25338,46183,395977,438833,,,
2026-09-29T05:46:48+00:00,498,221466,Senesi,19,6,Spurs,Defender,5.8,0.0,-0.2,a,,,,,3.5,0.0,0.0,0.0,1129,20809,29273,457272,,,
2026-09-29T05:46:48+00:00,499,441164,Pedro Porro,19,6,Spurs,Defender,5.4,0.0,-0.1,d,Hamstring injury - 75% chance of playing,2026-09-19T12:00:08.823872Z,100,75,7.6,2.7,2.7,2.0,1651,72122,124425,989870,,,
2026-09-29T05:46:48+00:00,500,221632,Romero,19,6,Spurs,Defender,5.0,0.0,0.0,u,Has joined Atletico Madrid permanently,2026-08-17T13:49:05.465401Z,0,0,0.1,0.0,0.0,0.0,0,277,0,16791,,,
2026-09-29T05:46:48+00:00,502,122798,Robertson,19,6,Spurs,Defender,4.4,0.0,-0.1,a,,,,,2.5,4.0,4.0,4.0,5250,12232,66922,182908,,,
2026-09-29T05:46:48+00:00,503,491279,Van de Ven,19,6,Spurs,Defender,5.0,0.0,0.0,a,,2026-08-21T15:00:07.610517Z,100,100,3.8,5.3,5.3,5.3,5421,19084,93877,266325,,,
2026-09-29T05:46:48+00:00,505,232859,Spence,19,6,Spurs,Defender,4.5,0.0,0.0,u,Has joined Internazionale permanently,2026-08-18T14:13:08.454214Z,0,0,0.2,0.0,0.0,0.0,0,1136,0,69222,,,
2026-09-29T05:46:48+00:00,506,487053,Udogie,19,6,Spurs,Defender,4.4,0.0,-0.1,a,,2026-09-11T18:00:09.092110Z,100,100,0.3,1.7,1.7,1.7,326,1565,5565,22395,,,
2026-09-29T05:46:48+00:00,507,548308,Phillips,19,6,Spurs,Defender,4.5,0.0,0.0,u,Has joined Middlesbrough permanently,2026-08-18T14:13:08.474144Z,0,0,0.0,0.0,0.0,0.0,0,54,0,1269,,,
2026-09-29T05:46:48+00:00,508,115556,Davies,19,6,Spurs,Defender,3.9,-0.1,-0.1,a,,,,,0.9,0.0,0.0,0.0,7156,3699,18952,41142,,,
2026-09-29T05:46:48+00:00,509,640419,Byfield,19,6,Spurs,Defender,4.0,0.0,0.0,a,,,,,0.1,0.0,0.0,0.0,118,239,2333,2583,,,
2026-09-29T05:46:48+00:00,510,499716,Rowswell,19,6,Spurs,Defender,4.0,0.0,0.0,a,,,,,0.1,0.0,0.0,0.0,148,330,2877,3458,,,
2026-09-29T05:46:48+00:00,511,616221,Souza,19,6,Spurs,Defender,4.0,0.0,0.0,u,Has joined FC Porto on loan for the rest of the season,2026-09-01T13:24:26.858636Z,0,0,0.2,0.0,0.0,0.0,0,857,2555,16843,,,
2026-09-29T05:46:48+00:00,512,460842,Kudus,19,6,Spurs,Midfielder,6.5,0.0,0.0,a,,2026-07-23T12:01:23.848657Z,100,100,0.2,2.0,2.0,2.0,2146,1073,12940,11028,3,,
2026-09-29T05:46:48+00:00,513,493362,Xavi,19,6,Spurs,Midfielder,5.9,0.0,-0.1,i,Knee injury - Unknown return date,2026-07-23T12:01:23.864304Z,0,0,0.0,0.0,0.0,0.0,50,79,342,1120,4,,
2026-09-29T05:46:48+00:00,514,511499,Tel,19,6,Spurs,Midfielder,5.7,-0.1,-0.3,a,,,,,0.2,1.3,1.3,1.3,195,1894,9127,46711,,,
2026-09-29T05:46:48+00:00,515,172780,Maddison,19,6,Spurs,Midfielder,6.3,0.0,-0.2,a,,2026-08-25T14:30:07.623508Z,100,100,0.4,0.7,0.7,0.7,715,1916,5764,96169,,,
2026-09-29T05:46:48+00:00,516,202993,Bentancur,19,6,Spurs,Midfielder,5.5,0.0,0.0,a,,,,,0.2,4.0,4.0,4.0,344,669,5108,8326,,,
2026-09-29T05:46:48+00:00,517,550839,Odobert,19,6,Spurs,Midfielder,5.5,0.0,0.0,i,Knee injury - Unknown return date,2026-07-23T12:01:23.879434Z,0,0,0.0,0.0,0.0,0.0,24,13,126,108,,,
2026-09-29T05:46:48+00:00,518,482442,P.M.Sarr,19,6,Spurs,Midfielder,4.9,0.0,-0.1,u,Has joined Juventus on loan for the rest of the season,2026-09-02T16:02:43.386849Z,0,0,0.1,0.0,0.0,0.0,0,647,4138,23714,,,
2026-09-29T05:46:48+00:00,519,232787,Gallagher,19,6,Spurs,Midfielder,5.3,0.0,-0.2,a,,,,,0.2,3.0,3.0,3.0,779,628,4635,17016,,,
2026-09-29T05:46:48+00:00,520,570526,Bergvall,19,6,Spurs,Midfielder,5.3,-0.1,-0.2,a,,,,,0.1,0.7,0.7,0.7,100,600,1880,9533,,,
2026-09-29T05:46:48+00:00,521,445044,Kulusevski,19,6,Spurs,Midfielder,6.5,0.0,0.0,i,Knee injury - Unknown return date,2026-07-23T12:01:23.895175Z,0,0,0.0,0.0,0.0,0.0,84,64,390,729,,,
2026-09-29T05:46:48+00:00,522,547701,Gray,19,6,Spurs,Midfielder,4.9,0.0,-0.1,a,,,,,0.2,1.7,1.7,1.7,452,1154,6829,13325,,,
2026-09-29T05:46:48+00:00,523,499721,Moore,19,6,Spurs,Midfielder,5.0,0.0,0.0,u,Has joined FC Köln on loan for the rest of the season,2026-09-04T12:39:48.098158Z,0,0,0.1,0.0,0.0,0.0,0,520,3258,17005,,,
2026-09-29T05:46:48+00:00,524,499726,Olusesi,19,6,Spurs,Midfielder,4.4,0.0,-0.1,a,,,,,1.0,0.0,0.0,0.0,6026,7427,55642,49272,,,
2026-09-29T05:46:48+00:00,525,551226,Fernandes,19,6,Spurs,Midfielder,5.7,-0.1,-0.3,a,,,,,0.8,1.3,1.3,1.3,449,6415,14430,124502,,,
2026-09-29T05:46:48+00:00,526,154566,Solanke,19,6,Spurs,Forward,5.8,0.0,-0.2,a,,,,,0.8,1.7,1.7,1.7,1783,5490,29330,94541,1,,
2026-09-29T05:46:48+00:00,527,212319,Richarlison,19,6,Spurs,Forward,5.9,0.0,-0.1,u,not included in squad.,2026-09-04T12:32:39.183614Z,0,0,0.6,0.0,0.0,0.0,0,5526,21439,268009,,,
2026-09-29T05:46:48+00:00,528,490145,Scarlett,19,6,Spurs,Forward,4.5,0.0,0.0,u,Has joined Leyton Orient permanently,2026-09-02T16:02:43.413625Z,0,0,1.1,0.0,0.0,0.0,0,7801,42525,109368,,,
2026-09-29T05:46:48+00:00,578,465920,Mudryk,19,6,Spurs,Midfielder,5.3,-0.1,-0.2,i,Ankle injury - Unknown return date,2026-09-11T18:00:09.154412Z,0,0,0.0,0.2,0.0,0.0,19,546,5439,7594,,,
2026-09-29T05:46:48+00:00,601,611917,Williams-Barnett,19,6,Spurs,Midfielder,4.5,0.0,0.0,a,,,,,0.1,0.0,0.0,0.0,162,739,10244,7022,,,
2026-09-29T05:46:48+00:00,501,135720,Danso,20,56,Sunderland,Defender,5.0,0.0,0.0,a,,,,,0.2,1.0,1.0,1.0,1121,806,6546,9843,,,
2026-09-29T05:46:48+00:00,529,498016,Roefs,20,56,Sunderland,Goalkeeper,4.9,0.0,-0.1,a,,,,,2.5,2.5,2.5,2.5,1999,11212,21848,177337,,,
2026-09-29T05:46:48+00:00,530,232571,Patterson,20,56,Sunderland,Goalkeeper,4.0,0.0,0.0,u,Has joined Wrexham permanently,2026-08-12T14:08:03.064533Z,0,0,0.1,0.0,0.0,0.0,0,337,0,5989,,,
2026-09-29T05:46:48+00:00,531,515046,Ellborg,20,56,Sunderland,Goalkeeper,4.4,-0.1,-0.1,a,,,,,0.1,0.0,0.0,0.0,126,242,1165,3323,,,
2026-09-29T05:46:48+00:00,532,223827,Ballard,20,56,Sunderland,Defender,4.9,0.0,-0.1,d,Hamstring injury - 75% chance of playing,2026-09-25T21:30:10.370384Z,,75,2.5,3.5,3.5,2.6,3575,15955,45474,316523,,,
2026-09-29T05:46:48+00:00,533,200834,Mukiele,20,56,Sunderland,Defender,5.4,0.0,-0.1,a,,2026-08-09T08:30:05.954750Z,100,100,1.9,3.2,3.2,3.2,4951,8500,44282,129605,,,
2026-09-29T05:46:48+00:00,534,487676,Hume,20,56,Sunderland,Defender,4.3,-0.1,-0.2,a,,,,,2.8,2.0,2.0,2.0,1186,28858,37812,396533,,,
2026-09-29T05:46:48+00:00,535,201895,Alderete,20,56,Sunderland,Defender,4.8,-0.1,-0.2,a,,2026-08-09T08:30:05.962393Z,100,100,0.2,0.0,0.0,0.0,211,1031,4965,27307,,,
2026-09-29T05:46:48+00:00,536,434399,Reinildo,20,56,Sunderland,Defender,4.4,-0.1,-0.1,a,,2026-09-12T21:30:09.421687Z,0,100,0.3,1.5,0.0,1.5,175,1535,4038,24335,,,
2026-09-29T05:46:48+00:00,537,519634,Seelt,20,56,Sunderland,Defender,4.5,0.0,0.0,u,Has joined Swansea City on loan for the rest of the season,2026-08-29T00:34:52.425076Z,0,0,0.0,0.0,0.0,0.0,0,22,61,664,,,
2026-09-29T05:46:48+00:00,538,477547,Hjelde,20,56,Sunderland,Defender,4.0,0.0,0.0,u,Has joined KV Mechelen on loan for the rest of the season,2026-08-12T14:08:03.081789Z,0,0,0.0,0.0,0.0,0.0,0,150,0,2521,,,
2026-09-29T05:46:48+00:00,539,167512,O'Nien,20,56,Sunderland,Defender,3.9,-0.1,-0.1,a,,,,,2.5,0.0,0.0,0.0,17144,11141,31887,121041,,,
2026-09-29T05:46:48+00:00,540,105717,Masuaku,20,56,Sunderland,Defender,4.0,0.0,0.0,u,Has joined Konyaspor permanently,2026-08-12T14:08:03.097784Z,0,0,0.1,0.0,0.0,0.0,0,607,0,11540,,,
2026-09-29T05:46:48+00:00,541,93605,Meunier,20,56,Sunderland,Defender,4.5,0.0,0.0,a,,2026-08-16T08:30:07.830062Z,100,100,0.3,3.2,3.2,3.2,1562,829,6963,9581,,,
2026-09-29T05:46:48+00:00,542,484420,E.Le Fée,20,56,Sunderland,Midfielder,5.7,-0.1,-0.3,a,,,,,3.4,4.0,4.0,4.0,10935,23167,44507,649742,2,,
2026-09-29T05:46:48+00:00,543,547027,Diarra,20,56,Sunderland,Midfielder,5.3,-0.1,-0.2,i,Hamstring injury - Unknown return date,2026-08-30T16:30:08.428960Z,0,0,0.0,1.0,0.0,0.0,19,218,557,5901,1,,
2026-09-29T05:46:48+00:00,544,84450,Xhaka,20,56,Sunderland,Midfielder,5.5,0.0,0.0,a,,,,,3.6,3.0,3.0,3.0,5989,22557,130521,207646,,,
2026-09-29T05:46:48+00:00,545,577669,Sadiki,20,56,Sunderland,Midfielder,4.9,0.0,-0.1,a,,,,,0.2,2.0,2.0,2.0,392,1298,5705,18323,,,
2026-09-29T05:46:48+00:00,546,535818,Adingra,20,56,Sunderland,Midfielder,4.9,0.0,-0.1,u,Has joined Ajax on loan for the rest of the season,2026-08-20T14:00:08.416985Z,0,0,0.0,0.0,0.0,0.0,0,185,240,7413,,,
2026-09-29T05:46:48+00:00,547,461199,Mundle,20,56,Sunderland,Midfielder,4.9,0.0,-0.1,i,Knee injury - Unknown return date,2026-09-09T14:00:08.462705Z,0,0,0.0,0.2,0.0,0.0,10,52,201,670,,,
2026-09-29T05:46:48+00:00,548,554197,Rigg,20,56,Sunderland,Midfielder,4.9,0.0,-0.1,a,,,,,0.0,0.2,0.2,0.2,29,220,466,2840,,,
2026-09-29T05:46:48+00:00,549,549912,Talbi,20,56,Sunderland,Midfielder,5.3,0.0,-0.2,a,,,,,0.1,0.0,0.0,0.0,105,551,1338,11771,,,
2026-09-29T05:46:48+00:00,550,699989,Jocelin.T,20,56,Sunderland,Midfielder,5.0,0.0,0.0,a,,,,,0.0,0.0,0.0,0.0,27,39,301,420,,,
2026-09-29T05:46:48+00:00,551,536661,N.Angulo,20,56,Sunderland,Midfielder,5.0,0.0,0.0,a,,,,,0.1,2.8,2.8,2.8,493,757,12772,10545,,,
2026-09-29T05:46:48+00:00,552,441264,Brobbey,20,56,Sunderland,Forward,5.7,-0.1,-0.3,d,Hamstring injury - 75% chance of playing,2026-09-24T21:30:10.382142Z,,75,7.0,5.5,5.5,4.1,192984,41909,284442,928081,,,
2026-09-29T05:46:48+00:00,553,437505,Isidor,20,56,Sunderland,Forward,5.5,0.0,0.0,a,,,,,1.3,3.5,3.5,3.5,3037,11276,95339,86430,,,
2026-09-29T05:46:48+00:00,612,638411,Methalie,20,56,Sunderland,Defender,4.5,0.0,0.0,a,,2026-08-28T13:00:08.950445Z,100,100,0.0,-0.2,-0.2,-0.2,108,64,897,490,,,
2026-09-29T05:46:48+00:00,613,696104,Ahoka,20,56,Sunderland,Midfielder,4.5,0.0,0.0,a,,,,,0.2,0.0,0.0,0.0,573,1557,25368,14255,,,
2026-09-29T05:46:48+00:00,646,549940,Fofana,20,56,Sunderland,Midfielder,5.5,0.0,0.0,a,,,,,0.0,1.0,1.0,1.0,316,291,4052,1719,,,
2026-09-29T05:46:48+00:00,651,661313,J.Angulo,20,56,Sunderland,Forward,4.5,0.0,0.0,a,,,,,0.7,0.0,0.0,0.0,8479,7080,90347,30095,,,
