observed_at,player_id,player_code,web_name,team_id,team_code,team_name,position,price,price_change_gameweek,price_change_season,status,news,news_added,chance_of_playing_this_round,chance_of_playing_next_round,selected_by_percent,form,expected_points_this_gameweek,expected_points_next_gameweek,transfers_in_event,transfers_out_event,transfers_in_season,transfers_out_season,penalties_order,direct_free_kicks_order,corners_and_indirect_free_kicks_order
2026-10-09T06:12:36+00:00,1,154561,Raya,1,3,Arsenal,Goalkeeper,6.1,0.1,0.1,a,,,,,42.7,7.5,7.5,7.5,184304,68532,1024703,660936,,,
2026-10-09T06:12:36+00:00,2,109745,Arrizabalaga,1,3,Arsenal,Goalkeeper,4.9,0.0,-0.1,a,,,,,0.1,0.0,0.0,0.0,143,312,1520,4325,,,
2026-10-09T06:12:36+00:00,3,437495,Meslier,1,3,Arsenal,Goalkeeper,4.9,0.0,-0.1,a,,,,,0.0,0.0,0.0,0.0,61,139,528,1599,,,
2026-10-09T06:12:36+00:00,4,226597,Gabriel,1,3,Arsenal,Defender,8.0,0.0,0.0,a,,,,,22.7,5.0,5.0,5.0,39041,89632,249284,932523,,,
2026-10-09T06:12:36+00:00,5,445122,J.Timber,1,3,Arsenal,Defender,6.5,0.0,0.0,a,,2026-07-23T12:01:23.272929Z,100,100,0.5,0.5,0.5,0.5,20373,6130,42029,16883,,,
2026-10-09T06:12:36+00:00,6,462424,Saliba,1,3,Arsenal,Defender,5.9,0.0,-0.1,i,Back injury - Unknown return date,2026-07-23T12:01:23.289376Z,0,0,0.2,0.0,0.0,0.0,493,1307,3575,18860,,,
2026-10-09T06:12:36+00:00,7,499169,Lewis-Skelly,1,3,Arsenal,Midfielder,5.4,-0.1,-0.1,a,,,,,0.6,0.5,0.5,0.5,1453,5912,30130,50716,,,
2026-10-09T06:12:36+00:00,8,466075,Calafiori,1,3,Arsenal,Defender,5.9,0.1,0.4,a,,,,,50.7,3.5,3.5,3.5,125563,80015,1705571,418522,,,
2026-10-09T06:12:36+00:00,9,448104,Hincapie,1,3,Arsenal,Defender,5.2,-0.1,-0.3,a,,,,,0.9,0.0,0.0,0.0,2001,6678,16820,118389,,,
2026-10-09T06:12:36+00:00,10,198869,White,1,3,Arsenal,Defender,5.5,0.0,0.0,d,Groin injury - 75% chance of playing,2026-09-20T19:30:08.247780Z,100,75,4.7,0.5,0.5,0.4,3511,88469,456269,587250,,,
2026-10-09T06:12:36+00:00,11,500040,Mosquera,1,3,Arsenal,Defender,5.3,0.0,-0.2,a,,2026-09-04T14:00:08.080310Z,100,100,1.6,0.0,0.0,0.0,2310,12699,32475,471428,,,
2026-10-09T06:12:36+00:00,12,223340,Saka,1,3,Arsenal,Midfielder,9.6,0.1,0.1,a,,,,,14.9,5.0,5.0,5.0,236603,61760,916225,411611,1,,
2026-10-09T06:12:36+00:00,13,204480,Rice,1,3,Arsenal,Midfielder,7.4,0.0,-0.1,d,Unspecified injury - 75% chance of playing,2026-09-21T13:00:08.896379Z,,75,11.2,3.5,3.5,2.6,8334,119258,120180,761932,,,
2026-10-09T06:12:36+00:00,14,232413,Eze,1,3,Arsenal,Midfielder,6.2,-0.1,-0.3,a,,,,,1.0,1.0,1.0,1.0,4489,8148,25408,140992,,,
2026-10-09T06:12:36+00:00,15,184029,Ødegaard,1,3,Arsenal,Midfielder,6.8,0.0,0.3,a,,,,,19.9,2.5,2.5,2.5,122470,119801,1678190,579250,3,,
2026-10-09T06:12:36+00:00,16,248857,Madueke,1,3,Arsenal,Midfielder,6.2,0.0,-0.3,a,,,,,0.2,0.0,0.0,0.0,947,1800,6227,26220,,,
2026-10-09T06:12:36+00:00,17,195384,Merino,1,3,Arsenal,Midfielder,5.7,-0.1,-0.3,a,,,,,0.4,1.0,1.0,1.0,1745,3356,10482,48646,,,
2026-10-09T06:12:36+00:00,18,444145,Martinelli,1,3,Arsenal,Midfielder,6.3,0.0,-0.2,u,Has joined Al Hilal permanently,2026-09-04T12:34:46.738449Z,0,0,0.1,0.0,0.0,0.0,0,675,2483,21976,,,
2026-10-09T06:12:36+00:00,19,481655,Zubimendi,1,3,Arsenal,Midfielder,5.3,0.0,-0.2,a,,,,,0.6,1.0,1.0,1.0,624,4501,8639,67444,,,
2026-10-09T06:12:36+00:00,20,616077,Dowman,1,3,Arsenal,Midfielder,5.3,0.0,-0.2,d,Unspecified injury - 75% chance of playing,2026-10-05T19:00:10.141532Z,,75,0.1,0.5,0.5,0.4,496,765,3084,7484,,,
2026-10-09T06:12:36+00:00,22,499175,Nwaneri,1,3,Arsenal,Midfielder,5.4,0.0,-0.1,u,Has joined Borussia Dortmund on loan for the rest of the season,2026-09-02T16:01:07.058827Z,0,0,0.0,0.0,0.0,0.0,0,58,233,1258,,,
2026-10-09T06:12:36+00:00,23,438098,Fábio Vieira,1,3,Arsenal,Midfielder,5.5,0.0,0.0,u,Has joined Hamburger SV permanently,2026-09-02T16:00:28.446370Z,0,0,0.0,0.0,0.0,0.0,0,45,255,924,,,
2026-10-09T06:12:36+00:00,24,200641,Nelson,1,3,Arsenal,Midfielder,5.5,0.0,0.0,u,has departed the club as a free agent.,2026-08-29T00:33:08.556767Z,0,0,0.0,0.0,0.0,0.0,0,27,68,681,,,
2026-10-09T06:12:36+00:00,25,224117,Gyökeres,1,3,Arsenal,Forward,7.1,-0.1,-0.4,a,,,,,3.4,0.5,0.5,0.5,42310,22159,70533,616483,2,,
2026-10-09T06:12:36+00:00,26,219847,Havertz,1,3,Arsenal,Forward,7.6,0.0,0.1,d,Hamstring injury - 75% chance of playing,2026-09-24T22:00:09.120308Z,,75,7.7,1.5,1.5,1.1,52235,115296,655468,475768,,,
2026-10-09T06:12:36+00:00,27,205651,G.Jesus,1,3,Arsenal,Forward,5.9,0.0,-0.1,u,Has joined FC Barcelona permanently,2026-09-02T16:00:28.475184Z,0,0,0.1,0.0,0.0,0.0,0,1165,4164,29440,,,
2026-10-09T06:12:36+00:00,31,199798,Konsa,1,3,Arsenal,Defender,4.6,0.1,0.1,d,Unspecified injury - 75% chance of playing,2026-10-05T09:30:09.853316Z,,75,18.7,3.5,3.5,2.6,107585,125751,1480892,716859,,,
2026-10-09T06:12:36+00:00,452,208706,Bruno G.,1,3,Arsenal,Midfielder,6.7,0.0,-0.3,a,,2026-09-04T14:00:08.328779Z,100,100,1.8,4.0,4.0,4.0,9123,9769,34069,246842,4,,
2026-10-09T06:12:36+00:00,557,439509,Tzolis,1,3,Arsenal,Midfielder,6.3,-0.1,-0.2,d,Hamstring injury - 75% chance of playing,2026-10-02T15:00:11.091226Z,,75,11.2,2.5,2.5,1.9,12869,238956,463236,1702164,,,
2026-10-09T06:12:36+00:00,29,72147,M.Bizot,2,7,Aston Villa,Goalkeeper,4.5,0.0,0.0,i,Back injury - Expected back 10 Oct,2026-09-17T07:30:09.058151Z,0,0,0.1,0.0,0.0,0.0,86,1249,4680,7625,,,
2026-10-09T06:12:36+00:00,30,101188,Digne,2,7,Aston Villa,Defender,4.5,0.0,0.0,u,Has joined Paris Saint-Germain permanently,2026-08-10T14:03:30.089007Z,0,0,0.0,0.0,0.0,0.0,0,278,0,8689,,,
2026-10-09T06:12:36+00:00,32,199796,Cash,2,7,Aston Villa,Defender,4.4,0.0,-0.1,a,,2026-09-09T14:30:08.192142Z,100,100,4.7,-0.5,-0.5,-0.5,3840,33896,96491,427885,,,
2026-10-09T06:12:36+00:00,33,149484,Mings,2,7,Aston Villa,Defender,4.5,0.0,0.0,a,,,,,0.4,1.5,1.5,1.5,2846,1971,17566,17995,,,
2026-10-09T06:12:36+00:00,34,244954,Pau,2,7,Aston Villa,Defender,4.4,-0.1,-0.1,i,Hamstring injury - Expected back 10 Oct,2026-09-12T18:00:08.712707Z,0,0,0.3,0.5,0.0,0.0,63,4011,11256,28369,,,
2026-10-09T06:12:36+00:00,35,515597,Bogarde,2,7,Aston Villa,Midfielder,4.9,-0.1,-0.1,a,,,,,0.1,0.0,0.0,0.0,201,513,2942,4841,,,
2026-10-09T06:12:36+00:00,36,441302,Maatsen,2,7,Aston Villa,Defender,4.4,-0.1,-0.1,i,Ankle injury - Unknown return date,2026-09-12T18:00:08.729468Z,0,0,0.5,0.5,0.0,0.0,64,8565,31906,64303,,,
2026-10-09T06:12:36+00:00,37,184667,Lindelöf,2,7,Aston Villa,Defender,4.5,0.0,0.0,a,,,,,0.3,1.0,1.0,1.0,1753,1822,15353,14845,,,
2026-10-09T06:12:36+00:00,38,606798,A.García,2,7,Aston Villa,Defender,4.0,0.0,0.0,a,,,,,1.5,0.0,0.0,0.0,2203,7683,45649,69583,,,
2026-10-09T06:12:36+00:00,39,578545,Nedeljkovic,2,7,Aston Villa,Defender,4.0,0.0,0.0,u,Has joined Rangers on loan for the rest of the season,2026-08-19T13:56:46.385411Z,0,0,0.1,0.0,0.0,0.0,0,710,0,15395,,,
2026-10-09T06:12:36+00:00,41,195546,Buendía,2,7,Aston Villa,Midfielder,5.9,0.0,-0.1,a,,,,,1.1,7.0,7.0,7.0,19297,6700,67281,97845,1,,
2026-10-09T06:12:36+00:00,44,215711,Bailey,2,7,Aston Villa,Midfielder,5.4,0.0,-0.1,u,Has joined Olympiakos permanently,2026-09-04T12:35:14.472260Z,0,0,0.1,0.0,0.0,0.0,0,590,2096,13321,,,
2026-10-09T06:12:36+00:00,45,122806,McGinn,2,7,Aston Villa,Midfielder,5.4,0.0,-0.1,a,,,,,2.2,6.0,6.0,6.0,10662,12787,74493,159749,,,
2026-10-09T06:12:36+00:00,46,88894,Barkley,2,7,Aston Villa,Midfielder,5.0,0.0,0.0,a,,,,,0.2,1.5,1.5,1.5,699,2291,16256,16768,,,
2026-10-09T06:12:36+00:00,47,226944,Kamara,2,7,Aston Villa,Midfielder,5.0,0.0,0.0,a,,2026-07-23T12:01:23.337269Z,100,100,0.3,4.0,4.0,4.0,1686,2070,14895,22018,,,
2026-10-09T06:12:36+00:00,48,449871,Onana,2,7,Aston Villa,Midfielder,4.9,0.0,-0.1,i,Knee injury - Unknown return date,2026-07-23T12:01:23.352497Z,0,0,0.0,0.0,0.0,0.0,62,119,533,1689,,,
2026-10-09T06:12:36+00:00,49,469247,Iling Jr,2,7,Aston Villa,Midfielder,5.0,0.0,0.0,u,Has joined Bolton Wanderers on loan for the rest of the season,2026-08-17T13:52:28.532616Z,0,0,0.0,0.0,0.0,0.0,0,12,0,237,,,
2026-10-09T06:12:36+00:00,50,645618,Burrowes,2,7,Aston Villa,Midfielder,4.5,0.0,0.0,a,,,,,0.6,0.0,0.0,0.0,736,4164,21561,35888,,,
2026-10-09T06:12:36+00:00,51,577285,George Hemmings,2,7,Aston Villa,Midfielder,4.5,0.0,0.0,a,,,,,1.1,1.0,1.0,1.0,3955,12936,116638,72869,,,
2026-10-09T06:12:36+00:00,52,653481,Alysson,2,7,Aston Villa,Midfielder,5.0,0.0,0.0,d,Unspecified injury - 75% chance of playing,2026-09-19T11:30:09.355376Z,,75,0.0,3.0,3.0,2.2,76,958,3362,3821,,,
2026-10-09T06:12:36+00:00,53,614071,Manzambi,2,7,Aston Villa,Midfielder,5.9,0.0,-0.1,a,,2026-08-15T15:30:06.388335Z,100,100,0.5,7.0,7.0,7.0,39811,5343,42797,21962,,,
2026-10-09T06:12:36+00:00,54,448089,Gomes,2,7,Aston Villa,Midfielder,5.5,0.0,0.0,a,,2026-09-16T19:30:08.742410Z,100,100,0.0,2.0,2.0,2.0,601,258,1440,4167,,,
2026-10-09T06:12:36+00:00,55,178301,Watkins,2,7,Aston Villa,Forward,7.8,0.0,-0.2,u,Has joined Al Hilal permanently,2026-09-01T13:15:16.698799Z,0,0,2.4,0.0,0.0,0.0,0,15386,14882,762767,,,
2026-10-09T06:12:36+00:00,56,173879,Abraham,2,7,Aston Villa,Forward,5.5,0.0,0.0,a,,2026-08-15T16:00:07.558543Z,100,100,0.2,1.0,1.0,1.0,2315,2191,16363,13367,,,
2026-10-09T06:12:36+00:00,160,493105,Garnacho,2,7,Aston Villa,Midfielder,5.8,0.0,-0.2,a,,,,,0.3,0.0,0.0,0.0,702,3257,7650,41710,,,
2026-10-09T06:12:36+00:00,166,517052,N.Jackson,2,7,Aston Villa,Forward,6.5,0.0,0.0,a,,,,,1.7,3.0,3.0,3.0,55900,11866,201162,88806,2,,
2026-10-09T06:12:36+00:00,582,690838,Madjo,2,7,Aston Villa,Forward,5.4,0.0,-0.1,i,Unspecified injury - Unknown return date,2026-08-15T16:00:07.974271Z,0,0,0.2,0.0,0.0,0.0,463,2389,3148,31160,,,
2026-10-09T06:12:36+00:00,596,487992,Ruggeri,2,7,Aston Villa,Defender,4.5,0.0,0.0,a,,,,,0.1,1.5,1.5,1.5,971,457,3614,5721,,,
2026-10-09T06:12:36+00:00,597,433969,Suzuki,2,7,Aston Villa,Goalkeeper,5.0,0.0,0.0,a,,,,,1.9,2.0,2.0,2.0,17639,9148,155203,65007,,,
2026-10-09T06:12:36+00:00,606,569577,Rowe,2,7,Aston Villa,Defender,4.0,0.0,0.0,a,,,,,0.2,0.0,0.0,0.0,385,1017,13081,6272,,,
2026-10-09T06:12:36+00:00,607,571380,Lynch,2,7,Aston Villa,Midfielder,4.5,0.0,0.0,u,Has joined Oxford United on loan until January,2026-09-04T12:35:39.820426Z,0,0,0.1,0.0,0.0,0.0,0,797,7103,8241,,,
2026-10-09T06:12:36+00:00,611,214590,Wan-Bissaka,2,7,Aston Villa,Defender,4.5,0.0,0.0,a,,,,,0.2,2.0,2.0,2.0,1979,1760,18832,8093,,,
2026-10-09T06:12:36+00:00,618,119090,Goretzka,2,7,Aston Villa,Midfielder,5.9,0.0,-0.1,i,Knee injury - Expected back 10 Oct,2026-09-09T09:30:08.229436Z,0,0,0.0,0.0,0.0,0.0,34,468,4643,4782,,,
2026-10-09T06:12:36+00:00,630,245719,Harwood-Bellis,2,7,Aston Villa,Defender,4.5,0.0,0.0,a,,,,,0.0,0.0,0.0,0.0,271,237,2248,1043,,,
2026-10-09T06:12:36+00:00,631,638987,Mbaye,2,7,Aston Villa,Midfielder,6.0,0.0,0.0,a,,,,,0.1,1.0,1.0,1.0,1215,1427,10723,5108,,,
2026-10-09T06:12:36+00:00,667,481283,Wright,2,7,Aston Villa,Goalkeeper,4.0,0.0,0.0,a,,,,,0.2,0.0,1.0,1.0,10767,1358,10767,1358,,,
2026-10-09T06:12:36+00:00,57,457569,Petrović,3,91,Bournemouth,Goalkeeper,4.5,0.0,0.0,a,,,,,2.9,1.5,1.5,1.5,9083,16681,115066,129352,,,
2026-10-09T06:12:36+00:00,58,40383,Forster,3,91,Bournemouth,Goalkeeper,4.0,0.0,0.0,a,,,,,3.5,0.0,0.0,0.0,11576,10026,120770,81847,,,
2026-10-09T06:12:36+00:00,59,444172,Dennis,3,91,Bournemouth,Goalkeeper,4.0,0.0,0.0,u,Has joined MK Dons permanently,2026-08-27T14:53:48.692835Z,0,0,0.1,0.0,0.0,0.0,0,769,1133,7737,,,
2026-10-09T06:12:36+00:00,60,463981,Hill,3,91,Bournemouth,Defender,5.5,0.0,0.0,a,,,,,0.8,3.0,3.0,3.0,4512,4192,32253,44786,,,
2026-10-09T06:12:36+00:00,61,494521,Truffert,3,91,Bournemouth,Defender,5.4,-0.1,-0.1,a,,,,,3.0,2.5,2.5,2.5,6831,16684,58700,164967,,,
2026-10-09T06:12:36+00:00,62,242882,Diakité,3,91,Bournemouth,Defender,4.9,-0.1,-0.1,a,,,,,0.2,0.0,0.0,0.0,574,1141,7232,12206,,,
2026-10-09T06:12:36+00:00,63,620487,Milosavljević,3,91,Bournemouth,Defender,4.9,0.0,-0.1,i,Thigh injury - Unknown return date,2026-08-06T10:00:10.456051Z,0,0,0.0,0.0,0.0,0.0,43,74,349,871,,,
2026-10-09T06:12:36+00:00,64,54469,Smith,3,91,Bournemouth,Defender,4.5,0.0,0.0,a,,,,,0.1,1.0,1.0,1.0,579,660,7377,7488,,,
2026-10-09T06:12:36+00:00,65,436893,J.Araujo,3,91,Bournemouth,Defender,4.4,0.0,-0.1,i,Thigh injury - Unknown return date,2026-08-09T08:00:05.645826Z,0,0,0.0,0.0,0.0,0.0,52,84,436,1323,,,
2026-10-09T06:12:36+00:00,66,575901,Soler,3,91,Bournemouth,Defender,4.0,0.0,0.0,a,,2026-08-15T16:30:07.021055Z,100,100,0.3,0.0,0.0,0.0,916,1423,14007,11308,,,
2026-10-09T06:12:36+00:00,67,499604,Rayan,3,91,Bournemouth,Midfielder,6.3,-0.1,-0.2,a,,,,,1.5,2.0,2.0,2.0,6203,12671,54873,172167,,,
2026-10-09T06:12:36+00:00,68,201658,Tavernier,3,91,Bournemouth,Midfielder,6.1,0.0,0.1,a,,,,,6.9,5.0,5.0,5.0,119123,64774,730316,239498,3,,
2026-10-09T06:12:36+00:00,69,503139,Scott,3,91,Bournemouth,Midfielder,6.1,0.0,0.1,i,Thigh injury - Unknown return date,2026-10-05T09:30:09.910752Z,,0,5.3,3.0,3.0,0.0,26589,92455,550492,262631,,,
2026-10-09T06:12:36+00:00,70,222683,Kluivert,3,91,Bournemouth,Midfielder,6.0,0.0,0.0,i,Unspecified injury - Unknown return date,2026-09-20T15:30:09.074071Z,,0,0.8,4.0,4.0,0.0,2330,25005,52687,89887,2,,
2026-10-09T06:12:36+00:00,71,155408,Cook,3,91,Bournemouth,Midfielder,5.0,0.0,0.0,a,,,,,0.2,0.5,0.5,0.5,334,1435,13168,14216,,,
2026-10-09T06:12:36+00:00,72,496208,Gannon-Doak,3,91,Bournemouth,Midfielder,4.9,0.0,-0.1,a,,,,,0.1,1.0,1.0,1.0,185,493,1685,4753,,,
2026-10-09T06:12:36+00:00,73,200785,Adams,3,91,Bournemouth,Midfielder,5.0,0.0,0.0,a,,2026-08-15T16:30:07.029928Z,100,100,0.3,3.0,3.0,3.0,1500,2065,18709,17056,,,
2026-10-09T06:12:36+00:00,74,111317,Brooks,3,91,Bournemouth,Midfielder,5.0,0.0,0.0,a,,2026-08-15T16:30:07.037929Z,100,100,0.1,0.5,0.5,0.5,242,432,3424,3890,,,
2026-10-09T06:12:36+00:00,75,158499,Christie,3,91,Bournemouth,Midfielder,5.0,0.0,0.0,a,,2026-07-24T17:30:10.035483Z,100,100,0.0,1.5,1.5,1.5,473,320,3728,2265,,,
2026-10-09T06:12:36+00:00,76,614574,Tóth.A,3,91,Bournemouth,Midfielder,4.9,0.0,-0.1,a,,,,,0.0,0.5,0.5,0.5,37,74,394,803,,,
2026-10-09T06:12:36+00:00,77,489888,Adli,3,91,Bournemouth,Midfielder,4.9,0.0,-0.1,i,Calf injury - Unknown return date,2026-08-15T16:00:07.590566Z,0,0,0.0,0.0,0.0,0.0,33,94,302,2235,,,
2026-10-09T06:12:36+00:00,78,560262,Kroupi.Jr,3,91,Bournemouth,Midfielder,7.4,0.0,-0.1,i,Foot injury - Expected back 7 Nov,2026-07-29T17:30:09.796802Z,0,0,0.2,0.0,0.0,0.0,249,1062,1295,27580,1,,
2026-10-09T06:12:36+00:00,79,444102,Evanilson,3,91,Bournemouth,Forward,6.0,0.0,0.0,a,,,,,3.2,3.5,3.5,3.5,28066,27687,263527,182514,,,
2026-10-09T06:12:36+00:00,80,168636,Enes Ünal,3,91,Bournemouth,Forward,5.5,0.0,0.0,u,Has joined Getafe permanently,2026-08-14T14:14:21.881112Z,0,0,0.0,0.0,0.0,0.0,0,62,0,1994,,,
2026-10-09T06:12:36+00:00,81,561245,Rodríguez,3,91,Bournemouth,Forward,6.0,0.0,0.0,a,,2026-08-15T16:30:07.054142Z,100,100,0.1,0.5,0.5,0.5,1066,882,5773,7013,,,
2026-10-09T06:12:36+00:00,566,483067,Silva,3,91,Bournemouth,Defender,5.0,0.0,0.0,a,,,,,0.5,3.0,3.0,3.0,16690,7894,42152,29335,,,
2026-10-09T06:12:36+00:00,573,494928,Sanchez,3,91,Bournemouth,Defender,4.4,0.0,-0.1,a,,,,,0.2,0.0,0.0,0.0,180,553,1600,7210,,,
2026-10-09T06:12:36+00:00,608,523700,Jebbison,3,91,Bournemouth,Forward,5.0,0.0,0.0,a,,,,,0.1,0.5,0.5,0.5,1160,1097,13523,7452,,,
2026-10-09T06:12:36+00:00,615,230650,Di Gregorio,3,91,Bournemouth,Goalkeeper,4.5,0.0,0.0,a,,,,,0.0,0.0,0.0,0.0,220,235,2963,1784,,,
2026-10-09T06:12:36+00:00,82,200720,Kelleher,4,94,Brentford,Goalkeeper,5.0,0.0,0.0,a,,,,,6.1,4.5,4.5,4.5,26938,19965,258575,220231,,,
2026-10-09T06:12:36+00:00,83,507433,Valdimarsson,4,94,Brentford,Goalkeeper,4.5,0.0,0.0,a,,,,,0.1,0.0,0.0,0.0,383,451,2948,4701,,,
2026-10-09T06:12:36+00:00,84,432830,Collins,4,94,Brentford,Defender,5.4,0.0,-0.1,i,Calf injury - Unknown return date,2026-09-05T18:00:06.182495Z,0,0,0.9,0.0,0.0,0.0,139,12176,58758,159532,,,
2026-10-09T06:12:36+00:00,85,444765,Van den Berg,4,94,Brentford,Defender,4.9,0.0,-0.1,i,Groin injury - Unknown return date,2026-08-15T15:30:06.416627Z,0,0,0.1,0.0,0.0,0.0,57,451,430,9057,,,
2026-10-09T06:12:36+00:00,86,249231,Lewis-Potter,4,94,Brentford,Midfielder,5.5,0.0,0.0,a,,,,,1.7,2.0,2.0,2.0,4947,15465,191592,123846,,,
2026-10-09T06:12:36+00:00,87,191866,Ajer,4,94,Brentford,Defender,4.5,0.0,0.0,a,,,,,3.8,4.0,4.0,4.0,17643,31788,323130,285480,,,
2026-10-09T06:12:36+00:00,88,607464,Kayode,4,94,Brentford,Defender,4.6,0.0,0.1,a,,,,,7.6,3.5,3.5,3.5,21790,29586,604488,375820,,,
2026-10-09T06:12:36+00:00,89,194010,Henry,4,94,Brentford,Defender,4.4,0.0,-0.1,a,,,,,0.2,0.0,0.0,0.0,198,762,2022,8760,,,
2026-10-09T06:12:36+00:00,90,472713,Hickey,4,94,Brentford,Defender,4.5,0.0,0.0,a,,,,,0.1,1.0,1.0,1.0,240,331,2154,3064,,,
2026-10-09T06:12:36+00:00,92,570241,Ji-soo,4,94,Brentford,Defender,4.4,-0.1,-0.1,a,,,,,0.0,0.0,0.0,0.0,74,103,508,975,,,
2026-10-09T06:12:36+00:00,93,513086,Schuster,4,94,Brentford,Defender,4.5,0.0,0.0,a,,,,,0.4,8.5,8.5,8.5,24652,3988,26214,8476,,,
2026-10-09T06:12:36+00:00,94,513418,Schade,4,94,Brentford,Midfielder,6.2,0.1,0.2,a,,,,,13.0,12.0,12.0,12.0,545951,47069,1165806,267073,2,,
2026-10-09T06:12:36+00:00,95,533463,O.Dango,4,94,Brentford,Midfielder,6.3,0.0,-0.2,a,,,,,0.5,1.0,1.0,1.0,1178,4804,15539,83383,,,
2026-10-09T06:12:36+00:00,96,440089,Damsgaard,4,94,Brentford,Midfielder,5.4,0.0,-0.1,d,Unspecified injury - 75% chance of playing,2026-10-03T19:30:08.141728Z,,75,0.4,2.0,2.0,1.5,1883,3789,15394,31905,,,
2026-10-09T06:12:36+00:00,97,207283,Jensen,4,94,Brentford,Midfielder,5.4,0.0,-0.1,i,Unspecified injury - Expected back 10 Oct,2026-08-30T12:30:08.176795Z,0,0,0.1,0.0,0.0,0.0,23,827,4508,15261,3,,
2026-10-09T06:12:36+00:00,98,204580,Janelt,4,94,Brentford,Midfielder,5.0,0.0,0.0,a,,,,,2.5,3.5,3.5,3.5,25894,23936,312954,113027,,,
2026-10-09T06:12:36+00:00,99,543295,Milambo,4,94,Brentford,Midfielder,5.0,0.0,0.0,i,Knee injury - Unknown return date,2026-07-23T12:01:23.384798Z,0,0,0.0,0.0,0.0,0.0,11,9,120,161,,,
2026-10-09T06:12:36+00:00,100,244858,Carvalho,4,94,Brentford,Midfielder,5.0,0.0,0.0,a,,2026-08-18T13:58:17.442072Z,100,100,0.0,3.0,3.0,3.0,727,214,2025,1492,,,
2026-10-09T06:12:36+00:00,102,508395,Yarmoliuk,4,94,Brentford,Midfielder,4.8,0.0,-0.2,a,,,,,0.6,3.5,3.5,3.5,1860,4722,6313,63072,,,
2026-10-09T06:12:36+00:00,103,183656,Dasilva,4,94,Brentford,Midfielder,4.9,0.0,-0.1,i,Hamstring injury - Expected back 10 Oct,2026-09-04T13:30:08.371955Z,0,0,0.0,0.0,0.0,0.0,15,133,406,1978,,,
2026-10-09T06:12:36+00:00,105,444180,Anthony,4,94,Brentford,Midfielder,5.9,0.0,-0.1,a,,,,,0.2,5.5,5.5,5.5,3265,843,8263,11244,,,
2026-10-09T06:12:36+00:00,106,502500,Thiago,4,94,Brentford,Forward,7.8,0.0,-0.2,a,,,,,9.3,3.0,3.0,3.0,87270,51886,307693,1048794,1,,
2026-10-09T06:12:36+00:00,107,593174,Furo,4,94,Brentford,Forward,4.5,0.0,0.0,i,Unspecified injury - Unknown return date,2026-09-14T14:00:09.985723Z,0,0,0.9,0.0,0.0,0.0,1080,11710,62153,68872,,,
2026-10-09T06:12:36+00:00,108,75115,Wilson,4,94,Brentford,Forward,5.4,-0.1,-0.1,a,,,,,0.3,0.0,0.0,0.0,1557,2966,15906,27031,,,
2026-10-09T06:12:36+00:00,565,513545,M.Sangaré,4,94,Brentford,Midfielder,5.6,-0.1,0.1,a,,,,,9.5,2.0,2.0,2.0,10814,175734,1230102,857623,,,
2026-10-09T06:12:36+00:00,620,613804,Diouf,4,94,Brentford,Defender,4.5,0.0,0.0,a,,,,,0.1,1.0,1.0,1.0,678,847,13839,7509,,,
2026-10-09T06:12:36+00:00,657,626464,Nunes,4,94,Brentford,Midfielder,4.5,0.0,0.0,a,,,,,0.0,0.0,0.0,0.0,406,307,2148,700,,,
2026-10-09T06:12:36+00:00,660,612534,Fredrick,4,94,Brentford,Defender,4.0,0.0,0.0,a,,,,,0.0,0.0,1.1,1.1,632,81,632,81,,,
2026-10-09T06:12:36+00:00,661,235448,Balcombe,4,94,Brentford,Goalkeeper,4.0,0.0,0.0,a,,,,,0.0,0.0,1.0,1.0,3810,753,3810,753,,,
2026-10-09T06:12:36+00:00,109,489639,Verbruggen,5,36,Brighton,Goalkeeper,4.5,0.0,0.0,a,,,,,21.6,7.0,7.0,7.0,101669,109077,795144,644931,,,
2026-10-09T06:12:36+00:00,111,49262,Steele,5,36,Brighton,Goalkeeper,4.0,0.0,0.0,a,,,,,4.1,0.0,0.0,0.0,9896,20158,150083,125913,,,
2026-10-09T06:12:36+00:00,113,231416,F.Kadıoğlu,5,36,Brighton,Defender,4.4,0.0,-0.1,a,,2026-08-23T13:00:07.595211Z,100,100,1.6,5.5,5.5,5.5,6043,10131,32456,137674,,,
2026-10-09T06:12:36+00:00,114,204120,Boscagli,5,36,Brighton,Defender,4.5,0.0,0.0,a,,,,,0.3,6.0,6.0,6.0,3434,1256,17651,12333,,,
2026-10-09T06:12:36+00:00,115,465730,De Cuyper,5,36,Brighton,Defender,5.0,0.1,0.5,a,,,,,28.8,8.5,8.5,8.5,409932,35986,2828271,421017,,,
2026-10-09T06:12:36+00:00,116,83299,Dunk,5,36,Brighton,Defender,4.5,0.0,0.0,d,Neck injury - 75% chance of playing,2026-09-22T09:30:09.629652Z,,75,1.5,6.0,6.0,4.5,8092,14737,89653,55801,,,
2026-10-09T06:12:36+00:00,117,550090,Coppola,5,36,Brighton,Defender,4.5,0.0,0.0,a,,,,,0.0,0.0,0.0,0.0,142,123,954,1086,,,
2026-10-09T06:12:36+00:00,118,223434,Igor,5,36,Brighton,Defender,4.5,0.0,0.0,u,Has joined Burnley permanently,2026-09-02T15:38:15.529699Z,0,0,0.0,0.0,0.0,0.0,0,372,915,6015,,,
2026-10-09T06:12:36+00:00,119,451490,Costinha,5,36,Brighton,Defender,4.5,0.0,0.0,a,,,,,0.0,1.0,1.0,1.0,223,163,1328,1488,,,
2026-10-09T06:12:36+00:00,120,454490,Svoboda,5,36,Brighton,Defender,5.0,0.0,0.0,a,,,,,0.1,0.5,0.5,0.5,1457,537,4633,4059,,,
2026-10-09T06:12:36+00:00,121,451340,Mitoma,5,36,Brighton,Midfielder,5.9,0.0,-0.1,i,Hamstring injury - Expected back 10 Oct,2026-07-24T18:30:10.661894Z,0,0,0.0,0.0,0.0,0.0,161,211,587,3148,,,
2026-10-09T06:12:36+00:00,122,592031,Minteh,5,36,Brighton,Midfielder,5.8,-0.1,-0.2,i,Leg injury - Expected back 28 Nov,2026-08-14T18:00:06.418033Z,0,0,0.0,0.0,0.0,0.0,53,278,343,6952,,,
2026-10-09T06:12:36+00:00,123,532529,Hinshelwood,5,36,Brighton,Midfielder,5.9,0.0,-0.1,i,Ankle injury - Expected back 10 Oct,2026-08-27T19:30:07.780933Z,0,0,0.5,0.0,0.0,0.0,381,8341,148002,217567,,,
2026-10-09T06:12:36+00:00,124,60307,Groß,5,36,Brighton,Midfielder,5.9,0.2,0.4,a,,,,,31.1,15.5,15.5,15.5,1009195,20012,2369688,549795,1,,
2026-10-09T06:12:36+00:00,125,463067,Georginio,5,36,Brighton,Forward,5.3,-0.1,-0.2,a,,2026-08-26T16:00:07.608056Z,100,100,0.5,0.5,0.5,0.5,3571,5145,35568,77773,,,
2026-10-09T06:12:36+00:00,126,219249,O'Riley,5,36,Brighton,Midfielder,5.4,0.0,-0.1,a,,,,,0.1,1.0,1.0,1.0,505,664,3679,6620,3,,
2026-10-09T06:12:36+00:00,127,514254,Gomez,5,36,Brighton,Midfielder,5.0,0.0,0.0,a,,,,,3.9,5.5,5.5,5.5,16461,51990,338968,313621,,,
2026-10-09T06:12:36+00:00,128,536916,Buonanotte,5,36,Brighton,Midfielder,5.0,0.0,0.0,u,Has joined Elche on loan for the rest of the season,2026-08-10T14:03:07.561436Z,0,0,0.0,0.0,0.0,0.0,0,9,0,332,,,
2026-10-09T06:12:36+00:00,129,509416,Ayari,5,36,Brighton,Midfielder,5.4,0.0,-0.1,a,,2026-08-30T18:00:07.935334Z,100,100,0.4,5.5,5.5,5.5,3370,2728,13611,42283,,,
2026-10-09T06:12:36+00:00,130,467779,Wieffer,5,36,Brighton,Defender,4.9,0.0,-0.1,i,Knee injury - Unknown return date,2026-09-04T09:30:08.612904Z,0,0,0.2,0.0,0.0,0.0,36,2448,25951,43880,,,
2026-10-09T06:12:36+00:00,132,597320,Howell,5,36,Brighton,Midfielder,4.5,0.0,0.0,u,Has joined Leicester City on loan for the rest of the season,2026-08-17T13:53:19.019938Z,0,0,0.0,0.0,0.0,0.0,0,265,0,3743,,,
2026-10-09T06:12:36+00:00,133,549074,Watson,5,36,Brighton,Midfielder,5.0,0.0,0.0,u,Has joined Leicester City on loan for the rest of the season,2026-08-03T14:05:44.459483Z,0,0,0.0,0.0,0.0,0.0,0,6,0,137,,,
2026-10-09T06:12:36+00:00,134,556637,Oriola,5,36,Brighton,Midfielder,4.5,0.0,0.0,a,,,,,0.2,0.0,0.0,0.0,412,1653,8816,14521,,,
2026-10-09T06:12:36+00:00,135,700308,Yohanna,5,36,Brighton,Midfielder,4.8,-0.1,-0.2,i,Unspecified injury - Expected back 10 Oct,2026-09-10T13:00:08.617941Z,0,0,0.0,0.0,0.0,0.0,28,498,1271,5605,,,
2026-10-09T06:12:36+00:00,137,608181,Tzimas,5,36,Brighton,Forward,5.4,0.0,-0.1,i,Knee injury - Unknown return date,2026-07-23T12:01:23.432796Z,0,0,0.0,0.0,0.0,0.0,47,68,344,766,,,
2026-10-09T06:12:36+00:00,138,647850,Kostoulas,5,36,Brighton,Forward,5.6,0.1,0.1,a,,,,,5.5,10.0,10.0,10.0,446621,32392,551312,64902,,,
2026-10-09T06:12:36+00:00,139,487117,Ferguson,5,36,Brighton,Forward,5.0,0.0,0.0,i,Ankle injury - Expected back 10 Oct,2026-07-23T12:01:23.448357Z,0,0,0.0,0.0,0.0,0.0,173,300,1624,2569,,,
2026-10-09T06:12:36+00:00,328,222694,Struijk,5,36,Brighton,Defender,4.9,0.0,-0.1,d,Hamstring injury - 75% chance of playing,2026-09-22T10:00:09.404233Z,100,75,0.2,3.0,3.0,2.2,664,1304,5693,12555,,,
2026-10-09T06:12:36+00:00,504,610799,Vuskovic,5,36,Brighton,Defender,5.0,0.0,0.0,a,,,,,3.9,7.0,7.0,7.0,85909,21410,289009,146222,,,
2026-10-09T06:12:36+00:00,594,538007,David,5,36,Brighton,Forward,5.9,-0.1,-0.1,a,,,,,0.2,0.0,0.0,0.0,3823,2672,15685,22945,2,,
2026-10-09T06:12:36+00:00,600,612855,Osman,5,36,Brighton,Midfielder,5.0,0.0,0.0,a,,,,,0.0,0.5,0.5,0.5,131,152,962,1119,,,
2026-10-09T06:12:36+00:00,605,611695,Yalcouyé,5,36,Brighton,Midfielder,4.5,0.0,0.0,a,,,,,3.9,4.5,4.5,4.5,33928,42550,562817,180504,,,
2026-10-09T06:12:36+00:00,614,512123,Hadjam,5,36,Brighton,Defender,4.5,0.0,0.0,a,,,,,0.0,0.0,0.0,0.0,286,280,4025,1985,,,
2026-10-09T06:12:36+00:00,624,519324,Cozier-Duberry,5,36,Brighton,Midfielder,5.0,0.0,0.0,u,Has joined Middlesbrough on loan for the rest of the season,2026-09-02T15:38:15.552951Z,0,0,0.0,0.0,0.0,0.0,0,6,117,114,,,
2026-10-09T06:12:36+00:00,639,592984,Andrés,5,36,Brighton,Midfielder,5.5,0.0,0.0,a,,,,,0.0,6.0,6.0,6.0,3706,418,4950,886,,,
2026-10-09T06:12:36+00:00,652,471551,Azeez,5,36,Brighton,Midfielder,5.5,0.0,0.0,i,Hamstring injury - Expected back 10 Oct,2026-09-04T11:30:08.661589Z,0,0,0.0,0.0,0.0,0.0,23,52,446,209,,,
2026-10-09T06:12:36+00:00,658,661016,Ibrahim,5,36,Brighton,Midfielder,4.5,0.0,0.0,a,,,,,0.0,0.0,0.0,0.0,367,233,1530,501,,,
2026-10-09T06:12:36+00:00,28,98980,Martinez,6,8,Chelsea,Goalkeeper,5.0,0.0,0.0,a,,,,,4.7,2.0,2.0,2.0,11293,27138,249060,251719,,,
2026-10-09T06:12:36+00:00,40,244850,Rogers,6,8,Chelsea,Midfielder,7.8,0.1,0.3,a,,,,,41.3,5.0,5.0,5.0,252699,90337,2582122,682024,,,
2026-10-09T06:12:36+00:00,101,56979,Henderson,6,8,Chelsea,Midfielder,4.9,0.0,-0.1,a,,2026-08-09T09:30:07.136250Z,50,100,0.0,1.0,0.5,1.0,624,200,1237,2674,,,
2026-10-09T06:12:36+00:00,136,50175,Welbeck,6,8,Chelsea,Forward,5.9,0.0,-0.1,a,,2026-08-20T14:00:07.949090Z,100,100,1.0,1.5,1.5,1.5,11985,12196,65921,86100,,,
2026-10-09T06:12:36+00:00,140,215059,Sánchez,6,8,Chelsea,Goalkeeper,4.9,0.0,-0.1,u,Has joined Como on loan for the rest of the season,2026-09-02T16:20:41.841936Z,0,0,0.7,0.0,0.0,0.0,0,6126,10847,177734,,,
2026-10-09T06:12:36+00:00,141,508479,Jörgensen,6,8,Chelsea,Goalkeeper,5.0,0.0,0.0,u,Has joined RC Strasbourg on loan for the rest of the season,2026-08-12T14:07:02.607115Z,0,0,0.0,0.0,0.0,0.0,0,36,0,954,,,
2026-10-09T06:12:36+00:00,142,225796,James,6,8,Chelsea,Defender,5.3,-0.1,-0.2,d,Hamstring injury - 75% chance of playing,2026-09-18T10:30:09.719371Z,75,75,5.6,0.5,0.4,0.4,809,97589,169014,620278,,,
2026-10-09T06:12:36+00:00,143,180736,Chalobah,6,8,Chelsea,Defender,5.5,0.0,0.0,u,Has joined Como permanently,2026-08-10T14:03:50.769483Z,0,0,0.1,0.0,0.0,0.0,0,378,0,14008,,,
2026-10-09T06:12:36+00:00,144,482609,Gusto,6,8,Chelsea,Defender,4.9,-0.1,-0.1,a,,,,,0.9,0.5,0.5,0.5,2060,8084,37387,68564,,,
2026-10-09T06:12:36+00:00,145,444463,Fofana,6,8,Chelsea,Defender,5.0,0.0,0.0,a,,2026-07-23T12:01:23.464591Z,100,100,0.2,2.5,2.5,2.5,3712,1636,19818,8577,,,
2026-10-09T06:12:36+00:00,146,242880,B.Badiashile,6,8,Chelsea,Defender,4.5,0.0,0.0,u,Has joined Napoli on loan for the rest of the season,2026-08-25T14:03:47.079414Z,0,0,0.0,0.0,0.0,0.0,0,54,232,1951,,,
2026-10-09T06:12:36+00:00,148,551210,Hato,6,8,Chelsea,Defender,4.5,0.0,0.0,a,,,,,0.8,0.0,0.0,0.0,1242,9486,91637,61813,,,
2026-10-09T06:12:36+00:00,149,460028,Colwill,6,8,Chelsea,Defender,4.8,-0.1,-0.2,a,,,,,0.9,1.0,1.0,1.0,1740,6877,27396,99902,,,
2026-10-09T06:12:36+00:00,150,574458,M.Sarr,6,8,Chelsea,Defender,4.5,0.0,0.0,u,Has joined Real Sociedad on loan for the rest of the season,2026-08-29T00:34:23.077418Z,0,0,0.0,0.0,0.0,0.0,0,213,429,6029,,,
2026-10-09T06:12:36+00:00,151,577016,Acheampong,6,8,Chelsea,Defender,4.5,0.0,0.0,a,,,,,0.3,0.0,0.0,0.0,553,2435,21265,22994,,,
2026-10-09T06:12:36+00:00,152,620109,Palestra,6,8,Chelsea,Defender,5.3,0.0,-0.2,d,Thigh injury - 50% chance of playing,2026-08-24T18:30:07.421239Z,50,50,0.6,0.0,0.0,0.0,419,5475,6879,222016,,,
2026-10-09T06:12:36+00:00,154,244851,Palmer,6,8,Chelsea,Midfielder,9.7,0.0,0.2,d,Muscular injury - 75% chance of playing,2026-09-21T13:00:09.022726Z,100,75,24.7,3.5,3.5,2.6,62054,268250,1965430,763556,1,,
2026-10-09T06:12:36+00:00,156,247632,Neto,6,8,Chelsea,Midfielder,6.5,0.0,0.0,a,,,,,1.4,2.0,2.0,2.0,8349,11919,85474,93570,,,
2026-10-09T06:12:36+00:00,157,624773,Estêvão,6,8,Chelsea,Midfielder,6.3,0.0,-0.2,a,,,,,0.7,1.0,1.0,1.0,2578,5005,18492,87740,2,,
2026-10-09T06:12:36+00:00,158,463936,Gittens,6,8,Chelsea,Midfielder,5.8,-0.1,-0.2,d,Ankle injury - 75% chance of playing,2026-09-26T05:30:09.245832Z,,75,0.0,0.0,0.0,0.0,163,310,1142,2940,,,
2026-10-09T06:12:36+00:00,159,486672,Caicedo,6,8,Chelsea,Midfielder,5.3,0.0,-0.2,d,Calf injury - 50% chance of playing,2026-08-30T16:00:08.393562Z,50,50,1.0,0.0,0.0,0.0,499,11408,15137,283800,,,
2026-10-09T06:12:36+00:00,161,514356,Lavia,6,8,Chelsea,Midfielder,5.0,0.0,0.0,a,,,,,0.2,1.0,1.0,1.0,669,2949,26044,16059,,,
2026-10-09T06:12:36+00:00,163,491007,D.Essugo,6,8,Chelsea,Midfielder,4.5,0.0,0.0,u,Has joined RC Strasbourg on loan for the rest of the season,2026-09-02T16:20:41.865225Z,0,0,0.1,0.0,0.0,0.0,0,903,2698,14615,,,
2026-10-09T06:12:36+00:00,164,593117,Quenda,6,8,Chelsea,Midfielder,5.3,0.0,-0.2,a,,2026-07-24T20:30:10.609931Z,100,100,0.0,0.5,0.5,0.5,86,218,918,3438,,,
2026-10-09T06:12:36+00:00,165,475168,João Pedro,6,8,Chelsea,Forward,7.7,-0.1,0.2,d,Knee injury - 75% chance of playing,2026-09-16T19:00:09.919929Z,75,75,64.0,6.0,4.5,4.5,98268,515405,1613009,1587901,,,
2026-10-09T06:12:36+00:00,168,499309,Marc Guiu,6,8,Chelsea,Forward,5.0,0.0,0.0,u,Has joined RB Leipzig permanently,2026-09-01T13:24:48.857362Z,0,0,0.2,0.0,0.0,0.0,0,1916,4102,33640,,,
2026-10-09T06:12:36+00:00,169,567119,Mheuka,6,8,Chelsea,Forward,4.5,0.0,0.0,a,,,,,0.5,0.0,0.0,0.0,5495,4260,33216,26049,,,
2026-10-09T06:12:36+00:00,170,503037,Emegha,6,8,Chelsea,Forward,4.9,-0.1,-0.1,i,Hamstring injury - Expected back 10 Oct,2026-09-09T15:00:09.063849Z,0,0,0.1,0.0,0.0,0.0,130,1274,6130,12781,,,
2026-10-09T06:12:36+00:00,200,437499,Lacroix,6,8,Chelsea,Defender,5.9,-0.1,-0.1,a,,,,,6.7,2.0,2.0,2.0,12477,37107,179131,432683,,,
2026-10-09T06:12:36+00:00,560,549939,Penders,6,8,Chelsea,Goalkeeper,4.4,0.0,-0.1,a,,,,,0.1,0.0,0.0,0.0,278,365,2053,3685,,,
2026-10-09T06:12:36+00:00,561,622758,Anselmino,6,8,Chelsea,Defender,4.5,0.0,0.0,a,,2026-08-23T19:00:08.536705Z,100,100,0.0,0.0,0.0,0.0,84,124,841,1272,,,
2026-10-09T06:12:36+00:00,568,543158,Barco,6,8,Chelsea,Midfielder,5.4,0.0,-0.1,a,,,,,0.1,1.0,1.0,1.0,293,557,3216,7124,,,
2026-10-09T06:12:36+00:00,583,498444,Chavarria,6,8,Chelsea,Defender,4.9,0.0,-0.1,a,,,,,0.2,1.0,1.0,1.0,649,709,3609,11315,,,
2026-10-09T06:12:36+00:00,662,636846,Nicoll-Jazuli,6,8,Chelsea,Midfielder,4.5,0.0,0.0,a,,,,,0.0,1.0,1.1,1.1,399,94,399,94,,,
2026-10-09T06:12:36+00:00,91,231065,Pinnock,7,9,Coventry City,Defender,4.5,0.0,0.0,a,,,,,0.1,5.0,5.0,5.0,608,341,2777,4112,,,
2026-10-09T06:12:36+00:00,104,428580,Onyeka,7,9,Coventry City,Midfielder,4.9,0.0,-0.1,a,,2026-09-15T09:00:07.851220Z,100,100,0.1,2.5,2.5,2.5,208,604,4018,9731,,,
2026-10-09T06:12:36+00:00,110,472739,Rushworth,7,9,Coventry City,Goalkeeper,4.5,0.0,0.0,a,,,,,0.8,5.5,5.5,5.5,3526,7533,24673,60697,,,
2026-10-09T06:12:36+00:00,171,484389,Dovin,7,9,Coventry City,Goalkeeper,4.0,0.0,0.0,u,Has joined Leyton Orient on loan for the rest of the season,2026-09-02T15:44:14.839336Z,0,0,1.0,0.0,0.0,0.0,0,6700,8924,59868,,,
2026-10-09T06:12:36+00:00,172,110690,Wilson,7,9,Coventry City,Goalkeeper,4.4,0.0,-0.1,a,,,,,0.4,0.0,0.0,0.0,290,879,1460,12576,,,
2026-10-09T06:12:36+00:00,173,461102,Thomas,7,9,Coventry City,Defender,4.0,0.0,0.0,a,,,,,8.6,4.5,4.5,4.5,44706,45376,382140,298400,,,
2026-10-09T06:12:36+00:00,174,436761,Kitching,7,9,Coventry City,Defender,4.0,0.0,0.0,u,Has joined Sheffield United on loan for the rest of the season,2026-09-02T16:21:03.612394Z,0,0,0.3,0.0,0.0,0.0,0,2497,981,33590,,,
2026-10-09T06:12:36+00:00,175,451284,van Ewijk,7,9,Coventry City,Defender,4.0,0.0,0.0,d,Hamstring injury - 75% chance of playing,2026-09-19T16:00:09.486751Z,,75,8.4,0.0,0.0,0.0,1342,106125,123247,530799,,,
2026-10-09T06:12:36+00:00,176,173878,Dasilva,7,9,Coventry City,Defender,4.0,0.0,0.0,a,,,,,0.8,7.5,7.5,7.5,10975,2917,20258,23883,,,
2026-10-09T06:12:36+00:00,177,465390,Kesler-Hayden,7,9,Coventry City,Defender,3.9,-0.1,-0.1,d,Hamstring injury - 50% chance of playing,2026-08-27T14:56:28.704361Z,0,50,0.1,0.0,0.0,0.0,4175,1155,4774,4380,,,
2026-10-09T06:12:36+00:00,178,80178,Bidwell,7,9,Coventry City,Defender,4.0,0.0,0.0,a,,,,,0.1,0.0,0.0,0.0,231,393,2538,3624,,,
2026-10-09T06:12:36+00:00,179,204813,Latibeaudiere,7,9,Coventry City,Defender,4.0,0.0,0.0,a,,,,,0.0,0.5,0.5,0.5,91,184,1002,1787,,,
2026-10-09T06:12:36+00:00,180,220583,Woolfenden,7,9,Coventry City,Defender,3.9,-0.1,-0.1,i,Knee injury - Unknown return date,2026-08-27T14:56:28.718566Z,0,0,0.1,0.0,0.0,0.0,317,748,2552,9257,,,
2026-10-09T06:12:36+00:00,181,577411,Brau,7,9,Coventry City,Defender,4.0,0.0,0.0,u,Has joined Academico de Viseu on loan for the rest of the season,2026-08-29T00:35:59.980316Z,0,0,0.0,0.0,0.0,0.0,0,139,275,2209,,,
2026-10-09T06:12:36+00:00,182,539142,Amenda,7,9,Coventry City,Defender,4.0,0.0,0.0,i,Calf injury - Unknown return date,2026-09-17T07:30:09.329041Z,25,0,0.6,0.0,0.0,0.0,55,8643,11500,35545,,,
2026-10-09T06:12:36+00:00,183,480457,Rudoni,7,9,Coventry City,Midfielder,4.9,0.0,-0.1,a,,2026-07-23T12:01:23.481435Z,100,100,0.1,3.5,3.5,3.5,1314,1004,4784,8393,,,
2026-10-09T06:12:36+00:00,184,168144,Grimes,7,9,Coventry City,Midfielder,4.9,0.0,-0.1,a,,,,,0.1,2.5,2.5,2.5,242,1161,4139,11552,3,,
2026-10-09T06:12:36+00:00,185,501459,Sakamoto,7,9,Coventry City,Midfielder,4.8,0.0,-0.2,a,,,,,0.1,0.0,0.0,0.0,140,501,1030,5873,,,
2026-10-09T06:12:36+00:00,186,241293,Mason-Clark,7,9,Coventry City,Midfielder,5.3,-0.1,-0.2,a,,2026-08-19T18:00:08.310507Z,100,100,0.1,1.0,1.0,1.0,94,437,1133,6041,,,
2026-10-09T06:12:36+00:00,187,439668,Eccles,7,9,Coventry City,Midfielder,4.8,-0.1,-0.2,i,Unspecified injury - Expected back 12 Oct,2026-09-10T18:30:08.877110Z,0,0,0.0,0.0,0.0,0.0,38,123,651,1499,,,
2026-10-09T06:12:36+00:00,188,226965,Torp,7,9,Coventry City,Midfielder,5.3,-0.1,-0.2,a,,,,,0.1,0.5,0.5,0.5,48,567,801,8099,2,,
2026-10-09T06:12:36+00:00,189,684268,Shepherd,7,9,Coventry City,Midfielder,4.4,0.0,-0.1,a,,,,,0.3,0.0,0.0,0.0,4699,3470,11419,16341,,,
2026-10-09T06:12:36+00:00,190,469272,Tchaouna,7,9,Coventry City,Midfielder,5.4,0.0,-0.1,a,,,,,0.1,0.5,0.5,0.5,38,467,3154,8344,,,
2026-10-09T06:12:36+00:00,191,492498,Borges Rodrigues,7,9,Coventry City,Midfielder,4.5,0.0,0.0,u,Has joined Burton Albion on loan for the rest of the season,2026-09-02T15:44:14.868001Z,0,0,0.1,0.0,0.0,0.0,0,945,1943,11769,,,
2026-10-09T06:12:36+00:00,192,629397,Andrews,7,9,Coventry City,Midfielder,4.5,0.0,0.0,u,Has joined Oxford United on loan for the rest of the season,2026-08-29T00:35:59.998520Z,0,0,0.3,0.0,0.0,0.0,0,2729,2718,41834,,,
2026-10-09T06:12:36+00:00,193,176412,Wright,7,9,Coventry City,Forward,5.3,-0.1,-0.2,i,Thigh injury - Unknown return date,2026-08-14T22:00:07.214508Z,0,0,0.1,0.0,0.0,0.0,53,730,620,12656,1,,
2026-10-09T06:12:36+00:00,194,230730,Thomas-Asante,7,9,Coventry City,Forward,5.0,0.0,0.0,a,,,,,0.8,2.5,2.5,2.5,12163,8152,62788,59177,4,,
2026-10-09T06:12:36+00:00,195,218997,Simms,7,9,Coventry City,Forward,4.9,-0.1,-0.1,a,,,,,0.6,0.5,0.5,0.5,3223,6957,41727,66175,,,
2026-10-09T06:12:36+00:00,196,551262,Markelo,7,9,Coventry City,Forward,5.0,0.0,0.0,u,Has joined Shabab Al-Ahli Dubai permanently,2026-08-17T13:53:55.791223Z,0,0,0.0,0.0,0.0,0.0,0,72,0,1199,,,
2026-10-09T06:12:36+00:00,197,549653,Bassette,7,9,Coventry City,Forward,4.5,0.0,0.0,u,Has joined KVC Westerlo on loan for the rest of the season,2026-07-28T12:58:50.001768Z,0,0,0.0,0.0,0.0,0.0,0,176,0,2135,,,
2026-10-09T06:12:36+00:00,492,210156,Awoniyi,7,9,Coventry City,Forward,5.4,-0.1,-0.1,s,Suspended until 19 Oct,2026-09-13T15:00:09.305127Z,0,0,0.4,-1.0,0.0,0.0,97,6587,21370,66382,5,,
2026-10-09T06:12:36+00:00,575,661888,Yirenkyi,7,9,Coventry City,Midfielder,4.8,-0.1,-0.2,a,,,,,0.1,2.0,2.0,2.0,385,1307,3037,13974,,,
2026-10-09T06:12:36+00:00,584,196100,Hamer,7,9,Coventry City,Midfielder,5.4,0.0,-0.1,a,,,,,0.1,0.0,0.0,0.0,58,512,808,6519,,,
2026-10-09T06:12:36+00:00,599,627221,Cherif,7,9,Coventry City,Forward,5.0,0.0,0.0,a,,,,,0.1,0.5,0.5,0.5,687,951,7614,7790,,,
2026-10-09T06:12:36+00:00,623,79602,Bentley,7,9,Coventry City,Goalkeeper,4.0,0.0,0.0,a,,,,,0.7,0.0,0.0,0.0,15120,3282,85498,20174,,,
2026-10-09T06:12:36+00:00,655,242893,Gboho,7,9,Coventry City,Midfielder,5.5,0.0,0.0,a,,,,,0.0,0.0,0.0,0.0,88,60,286,109,,,
2026-10-09T06:12:36+00:00,656,566213,Mfuni,7,9,Coventry City,Defender,4.0,0.0,0.0,a,,,,,0.1,3.0,3.0,3.0,2357,1033,10669,2834,,,
2026-10-09T06:12:36+00:00,42,485337,Guessand,8,31,Crystal Palace,Midfielder,5.4,0.0,-0.1,a,,,,,0.0,0.0,0.0,0.0,127,309,2420,3680,,,
2026-10-09T06:12:36+00:00,153,220362,Disasi,8,31,Crystal Palace,Defender,4.5,0.0,0.0,s,Suspended until 25 Oct,2026-09-12T15:30:09.445078Z,0,0,0.1,-1.5,0.0,0.0,39,1021,9440,10602,,,
2026-10-09T06:12:36+00:00,198,172649,Henderson,8,31,Crystal Palace,Goalkeeper,4.9,-0.1,-0.1,i,Foot injury - Expected back 11 Oct,2026-09-12T14:00:09.378740Z,0,0,1.3,0.0,0.0,0.0,181,14454,55307,123362,,,
2026-10-09T06:12:36+00:00,199,121709,Benitez,8,31,Crystal Palace,Goalkeeper,4.5,0.0,0.0,a,,,,,0.1,4.0,4.0,4.0,1055,535,4147,4952,,,
2026-10-09T06:12:36+00:00,202,427623,Richards,8,31,Crystal Palace,Defender,4.9,-0.1,-0.1,a,,,,,0.6,5.0,5.0,5.0,2485,2894,23397,38625,,,
2026-10-09T06:12:36+00:00,203,651426,Canvot,8,31,Crystal Palace,Defender,4.8,-0.1,-0.2,a,,,,,0.2,4.0,4.0,4.0,702,1167,6044,19817,,,
2026-10-09T06:12:36+00:00,204,244723,Mitchell,8,31,Crystal Palace,Defender,4.5,0.0,0.0,a,,,,,6.1,4.0,4.0,4.0,21679,24151,318214,272553,,,
2026-10-09T06:12:36+00:00,205,218364,Sosa,8,31,Crystal Palace,Defender,4.5,0.0,0.0,u,Has joined FC Cologne on loan for the rest of the season,2026-09-02T16:03:25.710518Z,0,0,0.0,0.0,0.0,0.0,0,135,236,2104,,,
2026-10-09T06:12:36+00:00,206,515621,Chadi Riad,8,31,Crystal Palace,Defender,4.3,-0.1,-0.2,i,Knee injury - Unknown return date,2026-08-22T18:00:07.352049Z,0,0,0.0,0.0,0.0,0.0,35,183,659,5734,,,
2026-10-09T06:12:36+00:00,207,242313,Mingueza,8,31,Crystal Palace,Defender,4.3,-0.1,-0.2,a,,,,,0.1,0.0,0.0,0.0,121,400,2031,4956,,,
2026-10-09T06:12:36+00:00,208,232185,Sarr,8,31,Crystal Palace,Midfielder,6.2,0.0,-0.3,a,,2026-08-22T18:00:07.363165Z,100,100,0.6,0.5,0.5,0.5,3661,2927,7715,377378,2,,
2026-10-09T06:12:36+00:00,210,496221,Wharton,8,31,Crystal Palace,Midfielder,5.4,-0.1,-0.1,a,,2026-07-23T12:01:23.498963Z,100,100,0.7,2.0,2.0,2.0,1494,5559,29901,49549,,,
2026-10-09T06:12:36+00:00,211,488024,Yeremy,8,31,Crystal Palace,Midfielder,5.5,0.0,0.0,a,,,,,0.3,1.5,1.5,1.5,900,3713,45444,32110,,,
2026-10-09T06:12:36+00:00,212,108413,Hughes,8,31,Crystal Palace,Midfielder,4.4,0.0,-0.1,a,,,,,7.1,0.5,0.5,0.5,11242,61866,124641,500481,,,
2026-10-09T06:12:36+00:00,213,152551,Lerma,8,31,Crystal Palace,Midfielder,4.8,-0.1,-0.2,a,,,,,0.1,0.5,0.5,0.5,125,482,1331,5663,,,
2026-10-09T06:12:36+00:00,214,209400,Kamada,8,31,Crystal Palace,Midfielder,5.0,0.0,0.0,a,,,,,0.5,5.5,5.5,5.5,4459,4161,51206,25778,,,
2026-10-09T06:12:36+00:00,215,489706,Devenny,8,31,Crystal Palace,Midfielder,5.0,0.0,0.0,u,Has joined Stoke City permanently,2026-09-02T15:41:07.346849Z,0,0,0.0,0.0,0.0,0.0,0,46,132,960,3,,
2026-10-09T06:12:36+00:00,216,606921,Esse,8,31,Crystal Palace,Midfielder,5.0,0.0,0.0,u,Has joined Millwall on loan for the rest of the season,2026-09-02T15:41:07.376544Z,0,0,0.0,0.0,0.0,0.0,0,157,399,3268,,,
2026-10-09T06:12:36+00:00,217,536694,M.França,8,31,Crystal Palace,Midfielder,4.9,0.0,-0.1,u,Has joined Alverca on loan for the rest of the season,2026-09-11T14:42:19.322912Z,0,0,0.0,0.0,0.0,0.0,0,201,1007,3483,,,
2026-10-09T06:12:36+00:00,218,438464,Doucouré,8,31,Crystal Palace,Midfielder,4.8,-0.1,-0.2,a,,,,,0.0,0.0,0.0,0.0,143,366,2117,4531,,,
2026-10-09T06:12:36+00:00,219,450542,J.Rak-Sakyi,8,31,Crystal Palace,Midfielder,4.9,0.0,-0.1,u,has joined  Kasimpasa on loan for the rest of the seaon.,2026-09-10T09:12:47.224598Z,0,0,0.0,0.0,0.0,0.0,0,34,145,476,,,
2026-10-09T06:12:36+00:00,220,590014,Cardines,8,31,Crystal Palace,Defender,4.5,0.0,0.0,u,Has joined Bristol City on loan for the rest of the season,2026-08-12T14:08:46.501813Z,0,0,0.0,0.0,0.0,0.0,0,3,0,128,,,
2026-10-09T06:12:36+00:00,221,672492,Drakes-Thomas,8,31,Crystal Palace,Midfielder,4.4,-0.1,-0.1,a,,,,,0.1,0.0,0.0,0.0,204,540,2752,4785,,,
2026-10-09T06:12:36+00:00,222,247412,Strand Larsen,8,31,Crystal Palace,Forward,6.0,0.0,0.0,a,,,,,0.7,5.0,5.0,5.0,8270,5416,53495,42470,,,
2026-10-09T06:12:36+00:00,223,231747,Mateta,8,31,Crystal Palace,Forward,6.3,0.0,-0.2,i,Hamstring injury - Expected back 11 Oct,2026-08-28T21:00:08.020382Z,0,0,1.3,0.0,0.0,0.0,278,11214,26031,456701,1,,
2026-10-09T06:12:36+00:00,224,205533,Nketiah,8,31,Crystal Palace,Forward,5.5,0.0,0.0,a,,2026-09-12T14:00:09.427136Z,100,100,0.5,0.5,0.5,0.5,1702,4351,47683,50998,,,
2026-10-09T06:12:36+00:00,225,660392,Uche,8,31,Crystal Palace,Forward,5.0,0.0,0.0,u,has returned to Getafe CF,2026-07-23T12:18:56.275922Z,0,0,0.0,0.0,0.0,0.0,0,0,0,0,,,
2026-10-09T06:12:36+00:00,241,433154,McNeil,8,31,Crystal Palace,Midfielder,5.3,-0.1,-0.2,a,,,,,0.1,0.0,0.0,0.0,114,631,1821,8360,,,
2026-10-09T06:12:36+00:00,555,169593,Matthews,8,31,Crystal Palace,Goalkeeper,4.0,0.0,0.0,a,,,,,1.7,0.0,0.0,0.0,1502,3772,23686,32212,,,
2026-10-09T06:12:36+00:00,577,223723,Tomiyasu,8,31,Crystal Palace,Defender,4.4,0.0,-0.1,d,Calf injury - 75% chance of playing,2026-09-21T13:30:09.030724Z,,75,0.3,0.5,0.5,0.4,154,1729,3483,13849,,,
2026-10-09T06:12:36+00:00,588,570794,Khalaili,8,31,Crystal Palace,Defender,5.0,0.0,0.0,d,Hamstring injury - 75% chance of playing,2026-10-04T22:00:08.963040Z,,75,0.3,6.5,6.5,4.9,2361,2451,35054,16705,,,
2026-10-09T06:12:36+00:00,595,559152,Gozo,8,31,Crystal Palace,Midfielder,4.9,-0.1,-0.1,a,,,,,0.0,0.5,0.5,0.5,43,110,493,903,,,
2026-10-09T06:12:36+00:00,633,605972,Ahanor,8,31,Crystal Palace,Defender,4.5,0.0,0.0,a,,,,,0.0,1.5,1.5,1.5,175,134,1950,586,,,
2026-10-09T06:12:36+00:00,643,172850,Chilwell,8,31,Crystal Palace,Defender,4.5,0.0,0.0,a,,,,,0.4,0.5,0.5,0.5,755,3749,43309,18959,,,
2026-10-09T06:12:36+00:00,644,450063,Timber,8,31,Crystal Palace,Midfielder,5.0,0.0,0.0,a,,,,,0.0,3.5,3.5,3.5,598,393,4421,1585,,,
2026-10-09T06:12:36+00:00,647,533646,Osorio,8,31,Crystal Palace,Midfielder,5.5,0.0,0.0,a,,,,,0.0,0.0,0.0,0.0,37,89,956,425,,,
2026-10-09T06:12:36+00:00,21,128295,Nørgaard,9,11,Everton,Midfielder,4.8,-0.1,-0.2,i,Groin injury - Unknown return date,2026-08-15T20:00:06.779594Z,0,0,0.0,0.0,0.0,0.0,78,440,518,7542,,,
2026-10-09T06:12:36+00:00,209,242898,Johnson,9,11,Everton,Midfielder,5.9,0.0,-0.1,a,,,,,0.1,3.0,3.0,3.0,571,985,5466,10700,,,
2026-10-09T06:12:36+00:00,226,111234,Pickford,9,11,Everton,Goalkeeper,5.5,0.0,0.0,a,,,,,9.2,7.0,7.0,7.0,37469,22905,304986,243024,,,
2026-10-09T06:12:36+00:00,227,229600,Travers,9,11,Everton,Goalkeeper,5.0,0.0,0.0,a,,,,,0.0,0.0,0.0,0.0,319,327,1877,2189,,,
2026-10-09T06:12:36+00:00,228,138001,King,9,11,Everton,Goalkeeper,4.5,0.0,0.0,a,,,,,0.0,0.0,0.0,0.0,144,202,1211,1769,,,
2026-10-09T06:12:36+00:00,229,17761,Tarkowski,9,11,Everton,Defender,6.2,0.1,0.2,a,,,,,17.4,11.0,11.0,11.0,307633,36539,1018441,300125,,,
2026-10-09T06:12:36+00:00,230,480455,Branthwaite,9,11,Everton,Defender,5.5,0.0,0.0,a,,,,,2.5,7.0,7.0,7.0,31124,10920,151296,75385,,,
2026-10-09T06:12:36+00:00,231,106611,Keane,9,11,Everton,Defender,4.8,0.0,-0.2,a,,,,,0.7,0.0,0.0,0.0,603,4986,9508,91785,,,
2026-10-09T06:12:36+00:00,232,512462,O'Brien,9,11,Everton,Defender,4.8,-0.1,-0.2,a,,,,,0.3,1.0,1.0,1.0,472,1510,4727,24981,,,
2026-10-09T06:12:36+00:00,233,224967,Mykolenko,9,11,Everton,Defender,4.6,0.1,0.1,d,Leg injury - 75% chance of playing,2026-10-01T19:30:09.402881Z,,75,4.0,8.0,8.0,6.0,43375,43754,414567,140207,,,
2026-10-09T06:12:36+00:00,234,243571,Patterson,9,11,Everton,Defender,4.5,0.0,0.0,u,Has joined Torino permanently,2026-09-02T16:05:23.326971Z,0,0,0.0,0.0,0.0,0.0,0,162,371,2475,,,
2026-10-09T06:12:36+00:00,235,499300,Aznou,9,11,Everton,Defender,4.0,0.0,0.0,u,Has joined Malaga on loan for the rest of the season,2026-09-01T13:23:16.934847Z,0,0,0.1,0.0,0.0,0.0,0,745,1728,11339,,,
2026-10-09T06:12:36+00:00,236,215413,Dewsbury-Hall,9,11,Everton,Midfielder,6.6,0.1,0.1,a,,,,,5.8,2.5,2.5,2.5,41397,66712,592161,346076,,,
2026-10-09T06:12:36+00:00,238,114283,Grealish,9,11,Everton,Midfielder,6.5,0.0,0.0,a,,2026-07-29T10:00:10.492904Z,100,100,0.5,2.0,2.0,2.0,5387,3872,42431,24156,,,
2026-10-09T06:12:36+00:00,239,232928,Garner,9,11,Everton,Midfielder,6.0,0.0,0.0,a,,2026-09-06T18:00:08.301702Z,100,100,0.2,3.5,3.5,3.5,2728,2726,22180,14626,2,,
2026-10-09T06:12:36+00:00,242,550615,George,9,11,Everton,Midfielder,5.5,0.0,0.0,a,,,,,0.9,2.0,2.0,2.0,3150,14579,107815,46243,,,
2026-10-09T06:12:36+00:00,243,502697,Alcaraz,9,11,Everton,Midfielder,4.9,0.0,-0.1,a,,,,,0.1,0.0,0.0,0.0,196,510,2897,5943,,,
2026-10-09T06:12:36+00:00,244,609873,Armstrong,9,11,Everton,Midfielder,5.0,0.0,0.0,a,,2026-09-17T08:30:08.942299Z,75,100,0.4,2.5,1.9,2.5,1104,4042,54164,33396,,,
2026-10-09T06:12:36+00:00,245,496661,Dibling,9,11,Everton,Midfielder,5.3,-0.1,-0.2,a,,,,,0.0,0.5,0.5,0.5,148,204,1203,2703,,,
2026-10-09T06:12:36+00:00,246,513466,Röhl,9,11,Everton,Midfielder,4.9,0.0,-0.1,i,Unspecified injury - Expected back 11 Oct,2026-09-16T18:00:09.541933Z,0,0,0.0,0.0,0.0,0.0,8,754,1963,4854,,,
2026-10-09T06:12:36+00:00,247,244860,Hackney,9,11,Everton,Midfielder,5.4,-0.1,-0.1,a,,2026-08-26T22:00:07.797766Z,100,100,0.2,1.0,1.0,1.0,236,1396,3787,12236,,,
2026-10-09T06:12:36+00:00,248,486385,Beto,9,11,Everton,Forward,5.4,0.0,-0.1,u,Has joined Fiorentina permanently,2026-09-02T16:05:23.357221Z,0,0,0.6,0.0,0.0,0.0,0,9212,16222,221534,,,
2026-10-09T06:12:36+00:00,249,586309,Barry,9,11,Everton,Forward,5.7,0.1,0.2,a,,,,,8.5,4.0,4.0,4.0,120536,59784,1002691,377960,1,,
2026-10-09T06:12:36+00:00,649,154043,Maitland-Niles,9,11,Everton,Defender,4.5,0.0,0.0,a,,,,,1.4,7.0,7.0,7.0,25792,7019,98824,16911,,,
2026-10-09T06:12:36+00:00,654,629068,Graham,9,11,Everton,Midfielder,4.5,0.0,0.0,a,,,,,0.1,0.0,0.0,0.0,268,1144,11314,5449,,,
2026-10-09T06:12:36+00:00,250,80201,Leno,10,54,Fulham,Goalkeeper,4.5,0.0,0.0,a,,,,,3.5,6.0,6.0,6.0,65107,19129,176004,110171,,,
2026-10-09T06:12:36+00:00,251,86873,Lecomte,10,54,Fulham,Goalkeeper,4.0,0.0,0.0,a,,,,,1.1,0.0,0.0,0.0,3606,3557,26334,26992,,,
2026-10-09T06:12:36+00:00,252,505079,McNally,10,54,Fulham,Goalkeeper,4.0,0.0,0.0,u,Has joined York City on loan for the rest of the season,2026-09-01T13:25:11.231240Z,0,0,0.1,0.0,0.0,0.0,0,785,2589,6781,,,
2026-10-09T06:12:36+00:00,253,174874,Andersen,10,54,Fulham,Defender,5.0,0.0,0.0,a,,2026-07-23T12:01:23.516350Z,100,100,0.2,0.5,0.5,0.5,4042,1485,15916,9595,,,
2026-10-09T06:12:36+00:00,254,169528,Robinson,10,54,Fulham,Defender,4.5,0.0,0.0,a,,,,,1.5,4.0,4.0,4.0,29172,10667,71657,74642,2,,
2026-10-09T06:12:36+00:00,255,246301,J.Cuenca,10,54,Fulham,Defender,4.5,0.0,0.0,a,,,,,0.0,0.0,0.0,0.0,80,135,1560,2028,,,
2026-10-09T06:12:36+00:00,256,167074,Tete,10,54,Fulham,Defender,4.4,0.0,-0.1,a,,2026-09-18T12:30:09.546158Z,0,100,0.2,0.0,0.0,0.0,113,1204,1444,10649,,,
2026-10-09T06:12:36+00:00,257,232892,Bassey,10,54,Fulham,Defender,4.5,0.0,0.0,a,,,,,0.8,6.0,6.0,6.0,12340,3150,33354,31296,,,
2026-10-09T06:12:36+00:00,258,166477,Castagne,10,54,Fulham,Defender,4.5,0.0,0.0,a,,,,,1.0,3.5,3.5,3.5,23843,7359,100485,46088,,,
2026-10-09T06:12:36+00:00,261,153133,Iwobi,10,54,Fulham,Midfielder,5.4,0.0,-0.1,a,,,,,0.7,4.0,4.0,4.0,6552,4579,25472,56940,3,,
2026-10-09T06:12:36+00:00,262,209289,Smith Rowe,10,54,Fulham,Midfielder,5.3,-0.1,-0.2,a,,,,,0.2,0.5,0.5,0.5,442,1603,4640,21262,,,
2026-10-09T06:12:36+00:00,263,560552,Kevin,10,54,Fulham,Midfielder,5.3,0.0,-0.2,a,,,,,0.0,1.0,1.0,1.0,268,362,2072,4299,,,
2026-10-09T06:12:36+00:00,264,477555,Bobb,10,54,Fulham,Midfielder,5.5,0.0,0.0,a,,,,,0.3,3.0,3.0,3.0,4063,2443,18066,21549,,,
2026-10-09T06:12:36+00:00,265,207189,Berge,10,54,Fulham,Midfielder,4.9,0.0,-0.1,a,,,,,0.3,3.0,3.0,3.0,966,1770,6697,18526,,,
2026-10-09T06:12:36+00:00,266,76357,Cairney,10,54,Fulham,Midfielder,4.9,0.0,-0.1,i,Knee injury - Expected back 10 Oct,2026-08-14T18:00:06.460944Z,0,0,0.0,0.0,0.0,0.0,18,22,119,333,,,
2026-10-09T06:12:36+00:00,268,577725,King,10,54,Fulham,Midfielder,5.6,0.1,0.1,a,,,,,3.3,2.5,2.5,2.5,172848,29869,416983,108437,,,
2026-10-09T06:12:36+00:00,269,184349,Sessegnon,10,54,Fulham,Defender,4.3,-0.1,-0.2,a,,2026-09-14T11:30:07.403957Z,75,100,0.3,0.0,0.0,0.0,477,1636,2920,19334,,,
2026-10-09T06:12:36+00:00,270,153366,Reed,10,54,Fulham,Midfielder,4.4,0.0,-0.1,a,,,,,1.1,0.0,0.0,0.0,3376,8938,36868,75163,,,
2026-10-09T06:12:36+00:00,271,244042,Muniz,10,54,Fulham,Forward,5.4,0.0,-0.1,a,,,,,0.4,0.5,0.5,0.5,2545,3413,16874,35854,,,
2026-10-09T06:12:36+00:00,272,631786,Kusi-Asare,10,54,Fulham,Forward,4.5,0.0,0.0,a,,,,,5.3,0.0,0.0,0.0,14563,44543,164034,312348,,,
2026-10-09T06:12:36+00:00,569,551466,Gonzalo,10,54,Fulham,Forward,6.0,0.0,0.0,a,,,,,4.7,2.0,2.0,2.0,155944,46041,518253,325426,1,,
2026-10-09T06:12:36+00:00,570,571779,Palacios,10,54,Fulham,Midfielder,5.4,0.0,-0.1,a,,,,,0.2,0.5,0.5,0.5,916,1232,6205,10878,,,
2026-10-09T06:12:36+00:00,580,463210,Charles,10,54,Fulham,Midfielder,5.0,0.0,0.0,a,,,,,0.1,4.5,4.5,4.5,1541,676,3271,4352,,,
2026-10-09T06:12:36+00:00,610,547686,De Fougerolles,10,54,Fulham,Defender,4.0,0.0,0.0,u,has joined  Real Salt Lake on loan for the rest of the seaon.,2026-08-28T11:30:08.336405Z,0,0,0.1,0.0,0.0,0.0,0,562,5787,5308,,,
2026-10-09T06:12:36+00:00,626,616069,Zepa,10,54,Fulham,Midfielder,4.4,-0.1,-0.1,a,,,,,0.3,0.0,0.0,0.0,2063,2819,36230,19033,,,
2026-10-09T06:12:36+00:00,635,551050,Larsson,10,54,Fulham,Midfielder,5.0,0.0,0.0,a,,,,,0.0,1.0,1.0,1.0,120,87,865,320,,,
2026-10-09T06:12:36+00:00,636,500033,Ángel,10,54,Fulham,Midfielder,5.0,0.0,0.0,a,,,,,0.0,0.0,0.0,0.0,39,34,376,176,,,
2026-10-09T06:12:36+00:00,650,442299,Affengruber,10,54,Fulham,Defender,4.5,0.0,0.0,a,,,,,0.2,6.0,6.0,6.0,22174,4251,25052,4873,,,
2026-10-09T06:12:36+00:00,240,490094,Iroegbunam,11,88,Hull City,Midfielder,5.0,0.0,0.0,a,,2026-08-15T20:00:06.878792Z,100,100,0.0,0.5,0.5,0.5,89,161,1127,1175,,,
2026-10-09T06:12:36+00:00,273,167825,Phillips,11,88,Hull City,Goalkeeper,4.0,0.0,0.0,a,,,,,1.4,0.0,0.0,0.0,4223,5074,30348,39957,,,
2026-10-09T06:12:36+00:00,274,105666,Butland,11,88,Hull City,Goalkeeper,4.4,-0.1,-0.1,i,Arm injury - Unknown return date,2026-08-08T19:00:05.601633Z,0,0,0.1,0.0,0.0,0.0,79,399,648,5012,,,
2026-10-09T06:12:36+00:00,275,494950,Cartwright,11,88,Hull City,Goalkeeper,4.0,0.0,0.0,u,Has joined Grimsby Town on loan for the rest of the season,2026-07-29T13:00:27.959925Z,0,0,0.0,0.0,0.0,0.0,0,35,0,337,,,
2026-10-09T06:12:36+00:00,276,444307,Lo-Tutala,11,88,Hull City,Goalkeeper,4.0,0.0,0.0,u,Has joined Colchester United on loan for the rest of the season,2026-08-17T13:50:27.125537Z,0,0,0.0,0.0,0.0,0.0,0,146,0,1140,,,
2026-10-09T06:12:36+00:00,277,108416,Egan,11,88,Hull City,Defender,4.1,0.0,0.1,a,,,,,7.1,1.5,1.5,1.5,48165,39876,771324,226797,,,
2026-10-09T06:12:36+00:00,278,501902,Hughes,11,88,Hull City,Defender,3.9,0.0,-0.1,i,Groin injury - Unknown return date,2026-08-02T09:00:11.030017Z,0,0,0.2,0.0,0.0,0.0,1290,2329,17079,13296,,,
2026-10-09T06:12:36+00:00,279,146426,Ajayi,11,88,Hull City,Defender,4.2,0.0,0.2,a,,2026-08-22T17:30:07.668197Z,100,100,13.9,1.0,1.0,1.0,59516,75184,1370901,325686,,,
2026-10-09T06:12:36+00:00,280,193278,Coyle,11,88,Hull City,Defender,4.0,0.0,0.0,a,,2026-08-29T16:30:08.151841Z,100,100,0.7,1.0,1.0,1.0,2678,2780,28250,26588,,,
2026-10-09T06:12:36+00:00,281,433590,Drameh,11,88,Hull City,Defender,4.0,0.0,0.0,u,Has joined Genoa permanently,2026-09-02T16:09:06.479140Z,0,0,0.0,0.0,0.0,0.0,0,302,2118,4555,,,
2026-10-09T06:12:36+00:00,282,232351,Giles,11,88,Hull City,Defender,4.0,0.0,0.0,a,,,,,2.9,2.0,2.0,2.0,28111,18281,284928,70572,,,
2026-10-09T06:12:36+00:00,283,449428,Jacob,11,88,Hull City,Defender,4.0,0.0,0.0,u,Has joined Newport County on loan until January,2026-08-02T09:00:11.038361Z,0,0,0.0,0.0,0.0,0.0,0,44,114,701,,,
2026-10-09T06:12:36+00:00,284,661800,McCarthy,11,88,Hull City,Defender,4.0,0.0,0.0,a,,,,,0.1,0.0,0.0,0.0,499,568,5033,4720,,,
2026-10-09T06:12:36+00:00,285,160817,McNair,11,88,Hull City,Defender,4.0,0.0,0.0,a,,2026-09-09T13:30:08.327907Z,100,100,0.1,0.0,0.0,0.0,244,525,3197,4834,,,
2026-10-09T06:12:36+00:00,286,540324,Belloumi,11,88,Hull City,Midfielder,5.1,0.0,0.1,a,,,,,5.5,8.5,8.5,8.5,109118,36489,539054,96527,,,
2026-10-09T06:12:36+00:00,287,232905,Millar,11,88,Hull City,Midfielder,5.0,0.0,0.0,u,Has joined Birmingham on loan for the rest of the season,2026-09-02T15:36:41.038103Z,0,0,0.0,0.0,0.0,0.0,0,374,3178,7594,,,
2026-10-09T06:12:36+00:00,288,171270,Dowell,11,88,Hull City,Midfielder,4.4,-0.1,-0.1,a,,,,,0.3,0.0,0.0,0.0,757,2584,12514,22167,,,
2026-10-09T06:12:36+00:00,289,101282,Crooks,11,88,Hull City,Midfielder,4.4,-0.1,-0.1,a,,2026-08-29T15:00:08.569326Z,100,100,0.5,0.5,0.5,0.5,6431,5682,25790,41911,,,
2026-10-09T06:12:36+00:00,290,243413,Slater,11,88,Hull City,Midfielder,4.5,0.0,0.0,a,,,,,5.1,2.0,2.0,2.0,21113,50728,504046,291727,,,
2026-10-09T06:12:36+00:00,291,465525,Matazo,11,88,Hull City,Midfielder,4.5,0.0,0.0,i,Knee injury - Unknown return date,2026-07-23T12:01:23.532635Z,0,0,0.0,0.0,0.0,0.0,34,78,385,516,,,
2026-10-09T06:12:36+00:00,292,208481,Ömür,11,88,Hull City,Midfielder,4.9,0.0,-0.1,a,,,,,0.0,0.0,0.0,0.0,91,168,1209,1649,,,
2026-10-09T06:12:36+00:00,293,490161,Kamara,11,88,Hull City,Midfielder,5.0,0.0,0.0,u,Has joined Portsmouth permanently,2026-08-12T14:08:23.542043Z,0,0,0.0,0.0,0.0,0.0,0,15,0,377,,,
2026-10-09T06:12:36+00:00,294,553783,Zambrano,11,88,Hull City,Midfielder,4.5,0.0,0.0,a,,2026-08-04T18:30:11.016909Z,100,100,0.1,0.0,0.0,0.0,175,597,3904,6926,,,
2026-10-09T06:12:36+00:00,295,169432,McBurnie,11,88,Hull City,Forward,5.5,0.0,0.0,a,,,,,1.9,2.5,2.5,2.5,11709,23021,192695,158368,1,,
2026-10-09T06:12:36+00:00,296,213292,Akintola,11,88,Hull City,Midfielder,5.0,0.0,0.0,u,Has joined Omonoia FC permanently,2026-09-11T14:42:38.120231Z,0,0,0.0,0.0,0.0,0.0,0,329,2704,4942,,,
2026-10-09T06:12:36+00:00,297,470294,Gyabi,11,88,Hull City,Midfielder,4.4,-0.1,-0.1,i,Thigh injury - Unknown return date,2026-08-04T18:30:11.027155Z,0,0,0.0,0.0,0.0,0.0,75,170,464,1638,,,
2026-10-09T06:12:36+00:00,298,500957,Destan,11,88,Hull City,Forward,4.5,0.0,0.0,u,Has joined Konyaspor permanently,2026-08-17T13:50:27.145733Z,0,0,0.2,0.0,0.0,0.0,0,1754,0,22707,,,
2026-10-09T06:12:36+00:00,299,534392,Burstow,11,88,Hull City,Forward,4.5,0.0,0.0,u,Has joined Sheffield Wednesday on loan for the rest of the season,2026-08-03T14:05:20.234842Z,0,0,0.0,0.0,0.0,0.0,0,271,0,3121,,,
2026-10-09T06:12:36+00:00,340,462635,Gelhardt,11,88,Hull City,Midfielder,5.0,0.0,0.0,a,,2026-08-17T21:30:07.799839Z,100,100,0.0,0.5,0.5,0.5,117,137,727,1044,,,
2026-10-09T06:12:36+00:00,556,169359,Targett,11,88,Hull City,Defender,4.0,0.0,0.0,d,Ankle injury - 75% chance of playing,2026-09-17T14:00:26.419938Z,75,75,1.6,0.0,0.0,0.0,139,13169,24863,90445,,,
2026-10-09T06:12:36+00:00,563,445028,Morita,11,88,Hull City,Midfielder,4.9,-0.1,-0.1,i,Calf injury - Expected back 11 Oct,2026-09-09T14:00:08.474217Z,0,0,0.0,0.0,0.0,0.0,25,225,728,1821,,,
2026-10-09T06:12:36+00:00,572,473284,Tzolakis,11,88,Hull City,Goalkeeper,4.7,0.1,0.2,a,,,,,13.0,4.0,4.0,4.0,158730,34550,1030058,230200,,,
2026-10-09T06:12:36+00:00,574,552946,Hjertø-Dahl,11,88,Hull City,Midfielder,4.9,0.0,-0.1,a,,,,,0.1,0.0,0.0,0.0,84,402,1445,4522,,,
2026-10-09T06:12:36+00:00,576,608227,Stroud,11,88,Hull City,Midfielder,5.0,0.0,0.0,a,,,,,0.1,0.5,0.5,0.5,176,604,3698,4827,,,
2026-10-09T06:12:36+00:00,585,597462,Herrington,11,88,Hull City,Defender,4.0,0.0,0.0,a,,,,,0.6,1.0,1.0,1.0,1272,2181,13071,19068,,,
2026-10-09T06:12:36+00:00,586,606930,Mendy,11,88,Hull City,Defender,4.1,0.0,0.1,a,,2026-09-12T18:00:09.334142Z,0,100,6.2,0.5,0.0,0.5,10397,38524,686689,363507,,,
2026-10-09T06:12:36+00:00,589,469266,Gourna-Douath,11,88,Hull City,Midfielder,5.0,0.0,0.0,a,,,,,0.0,0.5,0.5,0.5,39,132,708,1367,,,
2026-10-09T06:12:36+00:00,617,490884,Cho,11,88,Hull City,Midfielder,5.0,0.0,0.0,a,,,,,0.0,3.5,3.5,3.5,431,186,1867,798,,,
2026-10-09T06:12:36+00:00,632,626751,Ansah,11,88,Hull City,Forward,5.0,0.0,0.0,i,Back injury - Unknown return date,2026-09-09T10:00:08.919489Z,0,0,0.0,0.0,0.0,0.0,87,509,5134,3589,,,
2026-10-09T06:12:36+00:00,637,631000,Vaz,11,88,Hull City,Forward,5.0,0.0,0.0,a,,,,,0.1,1.0,1.0,1.0,2278,1407,12783,4228,,,
2026-10-09T06:12:36+00:00,638,496181,Norton-Cuffy,11,88,Hull City,Defender,4.0,0.0,0.0,d,Hamstring injury - 75% chance of playing,2026-09-21T08:30:09.561308Z,,75,0.2,0.0,0.0,0.0,473,3036,26089,10862,,,
2026-10-09T06:12:36+00:00,642,243951,Thomas,11,88,Hull City,Midfielder,5.5,0.0,0.0,a,,,,,0.0,1.5,1.5,1.5,620,409,3224,1258,,,
2026-10-09T06:12:36+00:00,645,647839,Mouzakitis,11,88,Hull City,Midfielder,5.0,0.0,0.0,a,,,,,0.0,0.0,0.0,0.0,108,103,800,329,,,
2026-10-09T06:12:36+00:00,259,219924,Diop,12,40,Ipswich Town,Defender,4.0,0.0,0.0,a,,,,,12.5,2.5,2.5,2.5,10428,79433,139465,532055,,,
2026-10-09T06:12:36+00:00,267,212314,Lukić,12,40,Ipswich Town,Midfielder,4.9,-0.1,-0.1,a,,,,,0.1,1.5,1.5,1.5,309,735,3537,6688,,,
2026-10-09T06:12:36+00:00,300,108813,Walton,12,40,Ipswich Town,Goalkeeper,4.4,0.0,-0.1,a,,,,,0.4,1.0,1.0,1.0,2638,1502,4323,15415,,,
2026-10-09T06:12:36+00:00,301,112520,Palmer,12,40,Ipswich Town,Goalkeeper,4.0,0.0,0.0,a,,,,,3.8,0.0,0.0,0.0,6771,16821,77367,118060,,,
2026-10-09T06:12:36+00:00,302,50093,Button,12,40,Ipswich Town,Goalkeeper,4.0,0.0,0.0,a,,,,,0.6,0.0,0.0,0.0,2286,1830,32296,15682,,,
2026-10-09T06:12:36+00:00,303,183015,Kipré,12,40,Ipswich Town,Defender,3.9,0.0,-0.1,a,,,,,0.9,0.0,0.0,0.0,5678,5505,50299,30252,,,
2026-10-09T06:12:36+00:00,304,216616,O'Shea,12,40,Ipswich Town,Defender,4.0,0.0,0.0,a,,,,,2.6,1.5,1.5,1.5,2986,19757,66405,133100,,,
2026-10-09T06:12:36+00:00,305,455084,Davis,12,40,Ipswich Town,Defender,4.0,0.0,0.0,a,,,,,7.2,8.0,8.0,8.0,82108,39534,402311,197150,,,
2026-10-09T06:12:36+00:00,306,449429,Greaves,12,40,Ipswich Town,Defender,3.9,-0.1,-0.1,a,,,,,1.1,0.5,0.5,0.5,2446,5313,10182,40054,,,
2026-10-09T06:12:36+00:00,307,222018,Johnson,12,40,Ipswich Town,Defender,4.0,0.0,0.0,u,Has joined Stoke City on loan for the rest of the season,2026-09-04T12:36:56.236331Z,0,0,0.1,0.0,0.0,0.0,0,488,1137,6435,,,
2026-10-09T06:12:36+00:00,308,176420,Furlong,12,40,Ipswich Town,Defender,3.9,0.0,-0.1,a,,,,,0.6,0.0,0.0,0.0,7600,3881,20237,20658,,,
2026-10-09T06:12:36+00:00,309,501390,Núñez,12,40,Ipswich Town,Midfielder,4.9,0.0,-0.1,a,,,,,0.1,0.0,0.0,0.0,113,850,3130,7857,,,
2026-10-09T06:12:36+00:00,310,241117,Matusiwa,12,40,Ipswich Town,Midfielder,4.9,0.0,-0.1,a,,2026-07-29T18:00:10.305484Z,100,100,0.0,0.0,0.0,0.0,19,22,130,283,,,
2026-10-09T06:12:36+00:00,311,149929,Burns,12,40,Ipswich Town,Midfielder,5.0,0.0,0.0,u,Has joined Leicester City permanently,2026-08-10T14:02:47.597478Z,0,0,0.0,0.0,0.0,0.0,0,10,0,349,,,
2026-10-09T06:12:36+00:00,312,231899,Taylor,12,40,Ipswich Town,Midfielder,4.4,-0.1,-0.1,i,Knee injury - Unknown return date,2026-07-29T18:00:10.319370Z,0,0,0.0,0.0,0.0,0.0,425,361,1001,2742,,,
2026-10-09T06:12:36+00:00,313,443261,Clarke,12,40,Ipswich Town,Midfielder,5.4,0.0,-0.1,a,,,,,0.2,1.5,1.5,1.5,293,1240,5644,16034,1,,
2026-10-09T06:12:36+00:00,314,229164,Ogbene,12,40,Ipswich Town,Midfielder,4.9,0.0,-0.1,u,Has joined Lincoln City on loan until January,2026-09-02T16:04:17.497385Z,0,0,0.0,0.0,0.0,0.0,0,82,104,1224,,,
2026-10-09T06:12:36+00:00,315,531442,Fatawu,12,40,Ipswich Town,Midfielder,5.4,0.0,-0.1,s,Suspended until 17 Oct,2026-09-19T15:30:10.126897Z,,0,0.2,0.0,0.0,0.0,74,3264,5376,14108,,,
2026-10-09T06:12:36+00:00,316,543968,Emersonn,12,40,Ipswich Town,Forward,5.5,0.0,0.0,a,,2026-08-31T09:30:08.306145Z,100,100,3.8,7.0,7.0,7.0,56662,29243,340360,148517,2,,
2026-10-09T06:12:36+00:00,317,222625,Hirst,12,40,Ipswich Town,Forward,5.0,0.0,0.0,u,Has joined Stoke City permanently,2026-08-21T13:06:08.606019Z,0,0,0.1,0.0,0.0,0.0,0,640,0,17270,,,
2026-10-09T06:12:36+00:00,318,481624,Philogene,12,40,Ipswich Town,Midfielder,5.4,0.0,-0.1,a,,2026-08-25T11:30:07.532993Z,100,100,0.1,1.0,1.0,1.0,46,202,314,9326,3,,
2026-10-09T06:12:36+00:00,319,172453,Szmodics,12,40,Ipswich Town,Midfielder,5.0,0.0,0.0,u,Has joined Derby County on loan for the rest of the season,2026-08-17T13:51:41.713979Z,0,0,0.0,0.0,0.0,0.0,0,20,0,767,,,
2026-10-09T06:12:36+00:00,320,147675,Akpom,12,40,Ipswich Town,Forward,5.0,0.0,0.0,a,,,,,1.2,0.5,0.5,0.5,6020,11993,131976,76426,,,
2026-10-09T06:12:36+00:00,321,557012,Walle Egeli,12,40,Ipswich Town,Forward,4.5,0.0,0.0,a,,,,,3.5,0.0,0.0,0.0,25474,35074,338095,219561,,,
2026-10-09T06:12:36+00:00,322,462387,Al-Hamadi,12,40,Ipswich Town,Forward,5.0,0.0,0.0,u,Has joined Sheffield Wednesday on loan for the rest of the season,2026-08-27T14:54:10.215357Z,0,0,0.0,0.0,0.0,0.0,0,478,755,10023,,,
2026-10-09T06:12:36+00:00,323,461587,McAteer,12,40,Ipswich Town,Midfielder,4.4,-0.1,-0.1,a,,,,,1.0,0.0,0.0,0.0,2274,8615,29018,64462,,,
2026-10-09T06:12:36+00:00,324,232457,Mehmeti,12,40,Ipswich Town,Midfielder,4.8,-0.1,-0.2,a,,,,,0.0,0.0,0.0,0.0,91,192,417,2523,,,
2026-10-09T06:12:36+00:00,554,546600,Van Oevelen,12,40,Ipswich Town,Goalkeeper,4.5,0.0,0.0,u,Has joined Valencia on loan for the rest of the season,2026-08-25T14:04:09.529320Z,0,0,0.0,0.0,0.0,0.0,0,114,54,1988,,,
2026-10-09T06:12:36+00:00,562,442967,Maeda,12,40,Ipswich Town,Midfielder,5.3,-0.1,-0.2,a,,,,,0.2,1.0,1.0,1.0,182,1989,2910,20759,,,
2026-10-09T06:12:36+00:00,564,240514,Scherpen,12,40,Ipswich Town,Goalkeeper,4.5,0.0,0.0,a,,,,,0.6,0.5,0.5,0.5,1072,3558,15639,24135,,,
2026-10-09T06:12:36+00:00,571,216055,Florentino,12,40,Ipswich Town,Midfielder,4.8,-0.1,-0.2,a,,2026-08-25T11:30:07.678802Z,100,100,0.1,1.0,1.0,1.0,141,474,1086,7205,,,
2026-10-09T06:12:36+00:00,591,474120,Enciso,12,40,Ipswich Town,Midfielder,5.5,0.0,0.0,a,,2026-08-22T18:00:07.551930Z,100,100,0.8,2.0,2.0,2.0,4076,8126,95639,54415,,,
2026-10-09T06:12:36+00:00,592,572584,Ouattara,12,40,Ipswich Town,Defender,4.0,0.0,0.0,a,,,,,0.8,1.5,1.5,1.5,951,2690,13736,26826,,,
2026-10-09T06:12:36+00:00,602,524180,Humphreys,12,40,Ipswich Town,Midfielder,4.5,0.0,0.0,u,Has joined Huddersfield Town on loan for the rest of the season,2026-09-02T16:04:17.524642Z,0,0,0.0,0.0,0.0,0.0,0,272,2861,3266,,,
2026-10-09T06:12:36+00:00,619,218543,Palacios,12,40,Ipswich Town,Midfielder,5.0,0.0,0.0,a,,,,,0.1,3.0,3.0,3.0,707,1058,9195,3668,,,
2026-10-09T06:12:36+00:00,640,431639,Flemming,12,40,Ipswich Town,Forward,5.5,0.0,0.0,a,,,,,0.1,2.5,2.5,2.5,1406,1289,9768,3511,,,
2026-10-09T06:12:36+00:00,260,153682,Wilson,13,2,Leeds,Midfielder,6.2,0.0,-0.3,d,Thigh injury - 75% chance of playing,2026-09-18T13:30:09.626858Z,0,75,1.6,0.5,0.0,0.4,94,51731,29065,468433,,,
2026-10-09T06:12:36+00:00,326,201595,Perri,13,2,Leeds,Goalkeeper,4.5,0.0,0.0,u,Has joined Torino on loan for the rest of the season,2026-09-01T13:12:39.210133Z,0,0,0.3,0.0,0.0,0.0,0,1687,532,26887,,,
2026-10-09T06:12:36+00:00,327,434752,Bijol,13,2,Leeds,Defender,5.0,0.0,0.0,a,,,,,0.7,0.0,0.0,0.0,1014,6805,69316,60420,,,
2026-10-09T06:12:36+00:00,329,214225,Rodon,13,2,Leeds,Defender,4.3,-0.1,-0.2,i,Hamstring injury - Expected back 21 Nov,2026-08-30T16:00:08.564382Z,0,0,0.7,0.0,0.0,0.0,63,12004,26957,300009,,,
2026-10-09T06:12:36+00:00,330,226182,Bogle,13,2,Leeds,Defender,4.6,0.0,0.1,a,,,,,7.6,10.0,10.0,10.0,172813,39397,699386,98605,,,
2026-10-09T06:12:36+00:00,331,243526,Gudmundsson,13,2,Leeds,Defender,4.5,0.0,0.0,a,,2026-08-08T20:00:07.546568Z,100,100,0.1,6.0,6.0,6.0,1012,507,4610,2937,,,
2026-10-09T06:12:36+00:00,332,220627,Justin,13,2,Leeds,Defender,4.5,0.0,0.0,a,,,,,1.4,5.0,5.0,5.0,7564,8764,124836,73677,,,
2026-10-09T06:12:36+00:00,333,437738,Bornauw,13,2,Leeds,Defender,4.5,0.0,0.0,u,Has joined Hamburg SV on loan for the rest of the season,2026-08-19T13:56:14.645970Z,0,0,0.0,0.0,0.0,0.0,0,6,0,300,,,
2026-10-09T06:12:36+00:00,334,522047,Muharemović,13,2,Leeds,Defender,5.0,0.0,0.0,a,,,,,4.4,6.5,6.5,6.5,49980,36196,321265,185080,,,
2026-10-09T06:12:36+00:00,335,466525,Stach,13,2,Leeds,Midfielder,6.0,0.0,0.0,a,,,,,2.4,4.0,4.0,4.0,6726,25116,204069,169849,,,
2026-10-09T06:12:36+00:00,336,435997,Okafor,13,2,Leeds,Midfielder,5.8,0.0,-0.2,a,,,,,0.4,6.0,6.0,6.0,2715,4926,27822,36712,,,
2026-10-09T06:12:36+00:00,337,427637,Aaronson,13,2,Leeds,Midfielder,5.3,-0.1,-0.2,a,,,,,0.5,1.0,1.0,1.0,277,4382,6840,49111,,,
2026-10-09T06:12:36+00:00,338,199598,Ampadu,13,2,Leeds,Midfielder,5.4,0.0,-0.1,a,,,,,0.9,6.0,6.0,6.0,2594,7096,19027,62775,,,
2026-10-09T06:12:36+00:00,339,180135,Longstaff,13,2,Leeds,Midfielder,4.8,-0.1,-0.2,a,,,,,0.1,0.5,0.5,0.5,206,814,2579,8298,,,
2026-10-09T06:12:36+00:00,341,492859,Gnonto,13,2,Leeds,Midfielder,5.0,0.0,0.0,u,Has joined ACF Fiorentina on loan for the rest of the season,2026-09-02T16:04:47.189648Z,0,0,0.0,0.0,0.0,0.0,0,73,244,1831,,,
2026-10-09T06:12:36+00:00,342,221399,Harrison,13,2,Leeds,Midfielder,5.0,0.0,0.0,u,Has joined New England Revolution permanently,2026-07-28T12:59:09.492431Z,0,0,0.0,0.0,0.0,0.0,0,5,0,79,,,
2026-10-09T06:12:36+00:00,343,200617,James,13,2,Leeds,Midfielder,4.9,0.0,-0.1,i,Back injury - Expected back 18 Oct,2026-10-08T14:00:11.803126Z,,0,0.1,1.0,1.0,0.0,247,823,4216,8273,,,
2026-10-09T06:12:36+00:00,344,486520,Gruev,13,2,Leeds,Midfielder,5.0,0.0,0.0,a,,2026-08-14T23:00:06.272027Z,100,100,0.0,0.0,0.0,0.0,56,25,135,320,,,
2026-10-09T06:12:36+00:00,345,248056,Tanaka,13,2,Leeds,Midfielder,4.9,0.0,-0.1,a,,,,,0.3,4.0,4.0,4.0,2956,3067,23474,18302,,,
2026-10-09T06:12:36+00:00,346,177815,Calvert-Lewin,13,2,Leeds,Forward,6.0,0.0,0.0,a,,,,,24.4,6.0,6.0,6.0,127686,240729,1044315,1393671,1,,
2026-10-09T06:12:36+00:00,347,174594,Nmecha,13,2,Leeds,Forward,5.4,0.0,-0.1,a,,,,,0.5,1.0,1.0,1.0,2589,4626,22783,38047,2,,
2026-10-09T06:12:36+00:00,348,235826,Piroe,13,2,Leeds,Forward,5.0,0.0,0.0,u,Has joined West Ham United on loan for the rest of the season,2026-08-19T13:56:14.666726Z,0,0,0.1,0.0,0.0,0.0,0,533,0,11328,3,,
2026-10-09T06:12:36+00:00,349,565297,Mateo Joseph,13,2,Leeds,Forward,4.5,0.0,0.0,i,Knee injury - Unknown return date,2026-07-29T18:00:10.338170Z,0,0,0.1,0.0,0.0,0.0,427,609,3213,4583,,,
2026-10-09T06:12:36+00:00,385,432720,Trafford,13,2,Leeds,Goalkeeper,5.0,0.0,0.0,a,,,,,5.5,6.5,6.5,6.5,31748,21410,273719,165755,,,
2026-10-09T06:12:36+00:00,598,173774,Elvedi,13,2,Leeds,Defender,4.5,0.0,0.0,a,,,,,0.1,4.0,4.0,4.0,372,334,5487,2893,,,
2026-10-09T06:12:36+00:00,603,643970,Lienou,13,2,Leeds,Defender,4.0,0.0,0.0,a,,,,,0.1,0.0,0.0,0.0,293,595,6966,4062,,,
2026-10-09T06:12:36+00:00,604,592740,Cresswell,13,2,Leeds,Midfielder,4.5,0.0,0.0,a,,,,,0.1,0.0,0.0,0.0,394,1034,14150,8062,,,
2026-10-09T06:12:36+00:00,625,97846,Cairns,13,2,Leeds,Goalkeeper,4.0,0.0,0.0,a,,,,,0.2,0.0,0.0,0.0,1063,924,20022,6082,,,
2026-10-09T06:12:36+00:00,629,155465,Zetterer,13,2,Leeds,Goalkeeper,4.0,0.0,0.0,a,,,,,0.7,0.0,0.0,0.0,3909,3252,59349,14627,,,
2026-10-09T06:12:36+00:00,641,437497,Bard,13,2,Leeds,Defender,4.5,0.0,0.0,a,,,,,0.0,0.5,0.5,0.5,120,96,982,372,,,
2026-10-09T06:12:36+00:00,648,587982,Bahoya,13,2,Leeds,Midfielder,5.0,0.0,0.0,d,Ankle injury - 75% chance of playing,2026-10-08T14:00:12.276121Z,,75,0.0,0.5,0.5,0.4,129,220,2261,1188,,,
2026-10-09T06:12:36+00:00,350,116535,A.Becker,14,14,Liverpool,Goalkeeper,5.5,0.0,0.0,a,,,,,4.2,8.5,8.5,8.5,18948,15993,152266,149517,,,
2026-10-09T06:12:36+00:00,351,449027,Mamardashvili,14,14,Liverpool,Goalkeeper,4.8,-0.1,-0.2,a,,,,,0.1,0.0,0.0,0.0,310,724,2922,8742,,,
2026-10-09T06:12:36+00:00,352,155503,Woodman,14,14,Liverpool,Goalkeeper,4.0,0.0,0.0,a,,,,,1.0,0.0,0.0,0.0,1043,2988,18537,27846,,,
2026-10-09T06:12:36+00:00,353,586268,Pecsi,14,14,Liverpool,Goalkeeper,4.0,0.0,0.0,u,Has joined TSV Hartberg on loan for the rest of the season,2026-08-18T14:11:18.638344Z,0,0,0.0,0.0,0.0,0.0,0,81,0,1108,,,
2026-10-09T06:12:36+00:00,354,432987,Jaros,14,14,Liverpool,Goalkeeper,4.0,0.0,0.0,i,Knee injury - Unknown return date,2026-07-29T18:00:10.351066Z,0,0,0.0,0.0,0.0,0.0,258,197,1805,1283,,,
2026-10-09T06:12:36+00:00,355,464353,Davies,14,14,Liverpool,Goalkeeper,4.0,0.0,0.0,a,,,,,0.2,0.0,0.0,0.0,381,556,4833,4336,,,
2026-10-09T06:12:36+00:00,356,97032,Virgil,14,14,Liverpool,Defender,6.5,0.0,0.0,a,,,,,16.2,8.0,8.0,8.0,32138,58680,289154,631313,,,
2026-10-09T06:12:36+00:00,357,216094,Frimpong,14,14,Liverpool,Defender,5.3,0.0,-0.2,a,,,,,1.7,0.5,0.5,0.5,1991,15700,59334,249085,,,
2026-10-09T06:12:36+00:00,358,544877,Kerkez,14,14,Liverpool,Defender,5.3,-0.1,-0.2,a,,,,,2.2,3.5,3.5,3.5,3361,14357,48378,191729,,,
2026-10-09T06:12:36+00:00,359,171287,Gomez,14,14,Liverpool,Defender,4.9,0.0,-0.1,a,,2026-07-26T08:30:10.078473Z,100,100,0.0,0.0,0.0,0.0,405,138,825,1202,,,
2026-10-09T06:12:36+00:00,360,492777,Bradley,14,14,Liverpool,Defender,5.0,0.0,0.0,i,Knee injury - Unknown return date,2026-07-23T12:01:23.565711Z,0,0,0.0,0.0,0.0,0.0,73,100,390,812,,,
2026-10-09T06:12:36+00:00,361,519440,Lucky,14,14,Liverpool,Defender,4.0,0.0,0.0,a,,,,,0.1,0.0,0.0,0.0,341,683,3918,5908,,,
2026-10-09T06:12:36+00:00,362,606702,Jacquet,14,14,Liverpool,Defender,5.0,0.0,0.0,d,Hamstring injury - 75% chance of playing,2026-10-06T00:30:10.323830Z,100,75,3.4,7.5,7.5,5.6,41695,26392,239577,136425,,,
2026-10-09T06:12:36+00:00,363,647681,Leoni,14,14,Liverpool,Defender,4.0,0.0,0.0,i,Knee injury - Unknown return date,2026-07-23T12:01:23.596909Z,0,0,0.0,0.0,0.0,0.0,80,231,881,2162,,,
2026-10-09T06:12:36+00:00,364,214285,Tsimikas,14,14,Liverpool,Defender,4.9,0.0,-0.1,a,,,,,0.1,0.5,0.5,0.5,127,459,1614,4485,,,
2026-10-09T06:12:36+00:00,365,489580,Ramsay,14,14,Liverpool,Defender,4.0,0.0,0.0,u,Has joined St Mirren on loan for the rest of the season,2026-08-26T14:05:26.748768Z,0,0,0.1,0.0,0.0,0.0,0,612,638,12841,,,
2026-10-09T06:12:36+00:00,366,494595,Wirtz,14,14,Liverpool,Midfielder,7.3,0.0,-0.2,a,,,,,5.6,4.5,4.5,4.5,7826,55081,138094,778478,4,,
2026-10-09T06:12:36+00:00,367,243298,Gakpo,14,14,Liverpool,Midfielder,7.2,0.0,0.2,d,Ankle injury - 75% chance of playing,2026-09-27T21:30:07.786183Z,100,75,11.7,2.0,2.0,1.5,54200,157717,1340612,785314,3,,
2026-10-09T06:12:36+00:00,368,424876,Szoboszlai,14,14,Liverpool,Midfielder,6.9,-0.1,-0.1,a,,,,,32.0,2.5,2.5,2.5,49207,296331,941566,1764489,1,,
2026-10-09T06:12:36+00:00,369,611922,Ngumoha,14,14,Liverpool,Midfielder,5.7,-0.1,-0.3,a,,,,,0.5,0.5,0.5,0.5,1033,5173,14811,90199,,,
2026-10-09T06:12:36+00:00,370,223541,Chiesa,14,14,Liverpool,Midfielder,5.3,-0.1,-0.2,i,Back injury - Unknown return date,2026-08-27T13:30:07.598926Z,0,0,0.0,0.0,0.0,0.0,20,288,685,10121,,,
2026-10-09T06:12:36+00:00,371,441266,Gravenberch,14,14,Liverpool,Midfielder,5.8,-0.1,-0.2,a,,,,,1.1,1.0,1.0,1.0,1581,10770,36119,132123,,,
2026-10-09T06:12:36+00:00,372,243016,Mac Allister,14,14,Liverpool,Midfielder,5.4,0.0,-0.1,a,,,,,1.3,3.0,3.0,3.0,4816,8694,46436,98408,5,,
2026-10-09T06:12:36+00:00,373,206915,C.Jones,14,14,Liverpool,Midfielder,5.5,0.0,0.0,u,Has joined Internazionale permanently,2026-08-16T18:30:07.426408Z,0,0,0.0,0.0,0.0,0.0,0,81,34,2668,,,
2026-10-09T06:12:36+00:00,374,158983,Endo,14,14,Liverpool,Midfielder,4.9,0.0,-0.1,a,,2026-07-23T12:01:23.612529Z,100,100,0.1,0.0,0.0,0.0,185,499,2348,4865,,,
2026-10-09T06:12:36+00:00,375,591386,Nyoni,14,14,Liverpool,Midfielder,4.9,0.0,-0.1,a,,,,,0.0,0.5,0.5,0.5,110,358,1367,3103,,,
2026-10-09T06:12:36+00:00,376,535928,Bajcetic,14,14,Liverpool,Midfielder,5.0,0.0,0.0,u,Has joined Celta Vigo permanently,2026-07-23T12:01:23.628373Z,0,0,0.0,0.0,0.0,0.0,0,4,19,108,,,
2026-10-09T06:12:36+00:00,377,551499,Munoz,14,14,Liverpool,Midfielder,6.5,0.0,0.0,a,,,,,0.9,1.0,1.0,1.0,2102,14159,118085,104501,,,
2026-10-09T06:12:36+00:00,378,491501,McConnell,14,14,Liverpool,Midfielder,4.4,0.0,-0.1,a,,,,,0.2,0.0,0.0,0.0,1167,1799,7042,13256,,,
2026-10-09T06:12:36+00:00,379,219168,Isak,14,14,Liverpool,Forward,9.1,0.0,0.1,d,Thigh injury - 75% chance of playing,2026-09-27T10:30:09.051435Z,,75,21.5,5.0,5.0,3.8,128432,169723,1255594,829692,2,,
2026-10-09T06:12:36+00:00,380,510663,Ekitiké,14,14,Liverpool,Forward,7.4,0.0,-0.1,i,Achilles injury - Unknown return date,2026-07-23T12:01:23.643771Z,0,0,0.1,0.0,0.0,0.0,489,983,2761,11446,,,
2026-10-09T06:12:36+00:00,381,514514,Koumas,14,14,Liverpool,Midfielder,5.0,0.0,0.0,a,,,,,0.0,0.5,0.5,0.5,230,235,909,1436,,,
2026-10-09T06:12:36+00:00,382,500058,Danns,14,14,Liverpool,Forward,4.5,0.0,0.0,a,,2026-07-23T12:01:23.659279Z,100,100,0.2,0.0,0.0,0.0,4335,2919,24142,10198,,,
2026-10-09T06:12:36+00:00,383,444884,Elliott,14,14,Liverpool,Midfielder,5.4,0.0,-0.1,u,Has joined Valencia on loan for the rest of the season,2026-09-02T16:05:49.104326Z,0,0,0.0,0.0,0.0,0.0,0,272,907,6192,,,
2026-10-09T06:12:36+00:00,579,445087,Araujo,14,14,Liverpool,Defender,5.4,0.0,-0.1,a,,,,,3.1,6.5,6.5,6.5,23409,13409,155325,163098,,,
2026-10-09T06:12:36+00:00,627,482616,Barcola,14,14,Liverpool,Midfielder,8.0,0.0,0.0,a,,,,,1.9,3.0,3.0,3.0,19081,24042,296543,135288,,,
2026-10-09T06:12:36+00:00,155,448047,Enzo,15,43,Man City,Midfielder,6.9,0.0,-0.1,a,,,,,3.7,4.5,4.5,4.5,40219,20137,181886,327046,,,
2026-10-09T06:12:36+00:00,237,440993,Ndiaye,15,43,Man City,Midfielder,5.8,-0.1,-0.2,a,,,,,6.5,3.0,3.0,3.0,9758,90139,300627,1158142,,,
2026-10-09T06:12:36+00:00,384,204936,Donnarumma,15,43,Man City,Goalkeeper,5.5,0.0,0.0,a,,,,,7.5,4.5,4.5,4.5,13235,40062,209426,325978,,,
2026-10-09T06:12:36+00:00,386,122074,Bettinelli,15,43,Man City,Goalkeeper,4.5,0.0,0.0,a,,,,,0.0,0.0,0.0,0.0,75,106,590,1142,,,
2026-10-09T06:12:36+00:00,387,472769,O'Reilly,15,43,Man City,Defender,6.3,-0.1,-0.2,d,Unspecified injury - 75% chance of playing,2026-10-01T15:30:10.272693Z,100,75,10.5,1.0,1.0,0.8,5540,108449,192884,1244960,,,
2026-10-09T06:12:36+00:00,388,209036,Guéhi,15,43,Man City,Defender,6.0,0.0,0.0,a,,,,,18.0,5.0,5.0,5.0,30519,69641,512439,481617,,,
2026-10-09T06:12:36+00:00,389,465351,Matheus N.,15,43,Man City,Defender,5.9,0.0,-0.1,a,,2026-08-27T11:30:08.171622Z,100,100,1.0,5.0,5.0,5.0,2231,3756,15386,74897,4,,
2026-10-09T06:12:36+00:00,390,171314,Rúben,15,43,Man City,Defender,5.5,0.0,0.0,a,,,,,1.9,3.5,3.5,3.5,5928,11472,68516,76274,,,
2026-10-09T06:12:36+00:00,391,477424,Gvardiol,15,43,Man City,Defender,5.7,0.0,0.2,a,,,,,27.0,7.5,7.5,7.5,195114,84052,1877146,444268,,,
2026-10-09T06:12:36+00:00,392,448514,Aït-Nouri,15,43,Man City,Defender,5.2,-0.1,-0.3,a,,,,,0.4,0.0,0.0,0.0,637,2665,7989,62074,,,
2026-10-09T06:12:36+00:00,393,578153,Khusanov,15,43,Man City,Defender,5.4,0.0,-0.1,a,,,,,1.3,0.0,0.0,0.0,1718,10709,27154,82355,,,
2026-10-09T06:12:36+00:00,394,494307,Alleyne,15,43,Man City,Defender,5.0,0.0,0.0,u,Has joined Burnley on loan for the rest of the season,2026-08-18T14:11:56.324656Z,0,0,0.0,0.0,0.0,0.0,0,22,0,620,,,
2026-10-09T06:12:36+00:00,395,477064,Lewis,15,43,Man City,Defender,4.4,0.0,-0.1,a,,,,,0.2,0.0,0.0,0.0,402,1458,8358,16524,,,
2026-10-09T06:12:36+00:00,396,616222,Vitor Reis,15,43,Man City,Defender,4.5,0.0,0.0,a,,,,,0.0,0.0,0.0,0.0,91,180,571,1203,,,
2026-10-09T06:12:36+00:00,397,437730,Semenyo,15,43,Man City,Midfielder,8.4,0.0,-0.1,d,Ankle injury - 75% chance of playing,2026-09-24T12:00:09.848000Z,,75,14.7,10.0,10.0,7.5,135146,131902,326049,1274602,2,,
2026-10-09T06:12:36+00:00,398,209244,Foden,15,43,Man City,Midfielder,6.9,0.0,-0.1,s,Suspended until 17 Oct,2026-09-13T17:00:09.433455Z,0,0,1.7,-1.0,0.0,0.0,255,36095,303501,573817,,,
2026-10-09T06:12:36+00:00,399,466052,Cherki,15,43,Man City,Midfielder,7.8,0.0,0.3,a,,,,,28.5,4.5,4.5,4.5,177473,128252,2724634,995197,,,
2026-10-09T06:12:36+00:00,400,248875,Doku,15,43,Man City,Midfielder,7.4,0.0,-0.1,a,,2026-08-18T17:00:08.385597Z,75,100,0.7,0.5,0.4,0.5,6543,2711,8010,128797,3,,
2026-10-09T06:12:36+00:00,402,220566,Rodrigo,15,43,Man City,Midfielder,6.5,0.0,0.0,u,Has joined Barcelona permanently,2026-07-23T12:01:23.675537Z,0,0,0.0,0.0,0.0,0.0,0,30,0,1234,,,
2026-10-09T06:12:36+00:00,404,433036,Reijnders,15,43,Man City,Midfielder,6.0,0.0,0.0,u,Has joined Al Qadsiah permanently,2026-08-20T14:02:58.154273Z,0,0,0.0,0.0,0.0,0.0,0,115,0,8200,,,
2026-10-09T06:12:36+00:00,406,91651,Kovačić,15,43,Man City,Midfielder,5.3,-0.1,-0.2,a,,,,,0.1,0.0,0.0,0.0,138,545,2280,6374,,,
2026-10-09T06:12:36+00:00,407,575204,Echeverri,15,43,Man City,Midfielder,4.9,0.0,-0.1,u,Has joined Benfica on loan for the rest of the season,2026-09-03T15:41:24.710479Z,0,0,0.0,0.0,0.0,0.0,0,61,250,1350,,,
2026-10-09T06:12:36+00:00,408,155405,Phillips,15,43,Man City,Midfielder,5.0,0.0,0.0,u,Has joined Sheffield United on loan for the rest of the season,2026-08-18T14:11:56.348781Z,0,0,0.0,0.0,0.0,0.0,0,18,0,577,,,
2026-10-09T06:12:36+00:00,409,590039,Mukasa,15,43,Man City,Midfielder,4.5,0.0,0.0,u,has joined West Ham on loan for the rest of the seaon.,2026-09-03T10:34:10.733520Z,0,0,0.1,0.0,0.0,0.0,0,756,1621,12323,,,
2026-10-09T06:12:36+00:00,410,649208,Monga,15,43,Man City,Midfielder,4.9,0.0,-0.1,u,Has joined Swansea City on loan for the rest of the season,2026-09-02T16:02:01.136760Z,0,0,0.0,0.0,0.0,0.0,0,63,219,1283,,,
2026-10-09T06:12:36+00:00,411,223094,Haaland,15,43,Man City,Forward,15.6,0.0,0.1,a,,,,,74.0,7.5,7.5,7.5,108892,33574,954169,335232,1,,
2026-10-09T06:12:36+00:00,481,215379,Anderson,15,43,Man City,Midfielder,6.3,0.0,-0.2,a,,2026-08-23T17:00:07.952697Z,100,100,3.9,3.5,3.5,3.5,10504,35745,107943,453585,,,
2026-10-09T06:12:36+00:00,587,106921,Rulli,15,43,Man City,Goalkeeper,5.0,0.0,0.0,a,,,,,0.0,0.0,0.0,0.0,89,121,621,1132,,,
2026-10-09T06:12:36+00:00,616,637238,Bouaddi,15,43,Man City,Midfielder,5.5,0.0,0.0,a,,,,,0.2,0.0,0.0,0.0,972,2419,21171,13858,,,
2026-10-09T06:12:36+00:00,621,616288,McAidoo,15,43,Man City,Midfielder,4.4,-0.1,-0.1,a,,,,,0.1,0.0,0.0,0.0,333,1273,11502,7296,,,
2026-10-09T06:12:36+00:00,622,554054,Braithwaite,15,43,Man City,Defender,4.0,0.0,0.0,a,,,,,0.2,0.0,0.0,0.0,677,1823,16884,9374,,,
2026-10-09T06:12:36+00:00,628,624777,Allan,15,43,Man City,Midfielder,6.0,0.0,0.0,a,,,,,0.0,0.0,0.0,0.0,255,196,1218,717,,,
2026-10-09T06:12:36+00:00,653,595480,Samba,15,43,Man City,Midfielder,4.5,0.0,0.0,a,,,,,0.0,0.0,0.0,0.0,281,544,3930,2227,,,
2026-10-09T06:12:36+00:00,43,166989,Tielemans,16,1,Man Utd,Midfielder,5.8,0.0,-0.2,a,,2026-07-23T12:01:23.321726Z,100,100,1.5,3.0,3.0,3.0,4127,13164,45574,163788,3,,
2026-10-09T06:12:36+00:00,131,535301,Baleba,16,1,Man Utd,Midfielder,4.9,0.0,-0.1,a,,2026-08-06T16:00:10.997714Z,50,100,0.1,0.0,0.0,0.0,2190,967,7629,14608,,,
2026-10-09T06:12:36+00:00,162,532605,Andrey Santos,16,1,Man Utd,Midfielder,4.8,0.0,-0.2,a,,,,,0.6,0.0,0.0,0.0,1178,6227,22375,74846,,,
2026-10-09T06:12:36+00:00,325,59735,Darlow,16,1,Man Utd,Goalkeeper,4.5,0.0,0.0,d,Unspecified injury - 75% chance of playing,2026-09-21T13:30:08.885505Z,100,75,0.0,0.0,0.0,0.0,71,276,1078,1657,,,
2026-10-09T06:12:36+00:00,412,465247,Lammens,16,1,Man Utd,Goalkeeper,4.9,0.0,-0.1,a,,,,,9.7,3.0,3.0,3.0,9401,66821,101609,705252,,,
2026-10-09T06:12:36+00:00,413,451302,Bayindir,16,1,Man Utd,Goalkeeper,4.5,0.0,0.0,u,Has joined Celta Vigo on loan for the rest of the season,2026-08-10T14:02:28.608415Z,0,0,0.0,0.0,0.0,0.0,0,57,0,1167,,,
2026-10-09T06:12:36+00:00,414,21205,Heaton,16,1,Man Utd,Goalkeeper,4.0,0.0,0.0,i,Hamstring injury - Unknown return date,2026-08-15T16:00:07.854151Z,0,0,0.1,0.0,0.0,0.0,274,370,2192,3657,,,
2026-10-09T06:12:36+00:00,415,596777,Dorgu,16,1,Man Utd,Midfielder,5.8,0.0,-0.2,d,Hamstring injury - 75% chance of playing,2026-09-27T21:30:07.831640Z,,75,0.5,4.0,4.0,3.0,1058,6082,14028,99619,,,
2026-10-09T06:12:36+00:00,416,209365,De Ligt,16,1,Man Utd,Defender,4.9,-0.1,-0.1,i,Back injury - Unknown return date,2026-07-23T12:01:23.690880Z,0,0,0.0,0.0,0.0,0.0,100,158,479,1581,,,
2026-10-09T06:12:36+00:00,417,216051,Dalot,16,1,Man Utd,Defender,4.9,0.0,-0.1,a,,,,,1.6,2.0,2.0,2.0,2156,10000,26935,138495,,,
2026-10-09T06:12:36+00:00,418,95658,Maguire,16,1,Man Utd,Defender,4.8,-0.1,-0.2,a,,,,,8.4,1.5,1.5,1.5,6992,97167,140950,1026858,,,
2026-10-09T06:12:36+00:00,419,221820,Martinez,16,1,Man Utd,Defender,4.9,-0.1,-0.1,a,,2026-07-24T20:00:10.337107Z,100,100,1.3,1.0,1.0,1.0,4684,7759,37610,68612,,,
2026-10-09T06:12:36+00:00,420,550864,Yoro,16,1,Man Utd,Defender,4.8,-0.1,-0.2,a,,,,,0.5,0.0,0.0,0.0,654,2567,5436,36409,,,
2026-10-09T06:12:36+00:00,421,606745,Heaven,16,1,Man Utd,Defender,4.3,-0.1,-0.2,a,,,,,0.3,0.0,0.0,0.0,323,1830,6093,24416,,,
2026-10-09T06:12:36+00:00,422,230001,Mazraoui,16,1,Man Utd,Defender,4.4,0.0,-0.1,d,Back injury - 75% chance of playing,2026-10-04T21:30:08.533022Z,,75,0.5,0.0,0.0,0.0,620,4108,14404,42195,,,
2026-10-09T06:12:36+00:00,423,106760,Shaw,16,1,Man Utd,Defender,4.3,-0.1,-0.2,a,,2026-09-11T13:00:09.030120Z,50,100,7.5,1.0,0.5,1.0,6420,98143,103904,1330072,,,
2026-10-09T06:12:36+00:00,424,577974,Amass,16,1,Man Utd,Defender,4.0,0.0,0.0,a,,,,,0.2,0.0,0.0,0.0,515,986,6417,9016,,,
2026-10-09T06:12:36+00:00,425,547676,Fredricson,16,1,Man Utd,Defender,4.0,0.0,0.0,u,Has joined Lausanne-Sport permanently,2026-08-18T14:12:31.904433Z,0,0,0.0,0.0,0.0,0.0,0,64,0,1332,,,
2026-10-09T06:12:36+00:00,426,141746,B.Fernandes,16,1,Man Utd,Midfielder,11.9,-0.1,-0.1,a,,,,,38.3,2.0,2.0,2.0,71317,253727,682917,1906677,1,,
2026-10-09T06:12:36+00:00,427,446008,Mbeumo,16,1,Man Utd,Midfielder,7.9,0.0,-0.1,a,,,,,20.4,2.0,2.0,2.0,64059,174915,491038,2061414,2,,
2026-10-09T06:12:36+00:00,428,430871,Cunha,16,1,Man Utd,Midfielder,7.9,0.0,-0.1,a,,,,,5.9,6.0,6.0,6.0,35571,28969,109317,517000,,,
2026-10-09T06:12:36+00:00,429,176297,Rashford,16,1,Man Utd,Midfielder,6.9,-0.1,-0.1,d,Unspecified injury - 75% chance of playing,2026-09-21T10:30:09.221479Z,,75,1.4,2.0,2.0,1.5,4586,23342,85615,134423,,,
2026-10-09T06:12:36+00:00,430,184341,Mount,16,1,Man Utd,Midfielder,5.4,0.0,-0.1,a,,2026-08-15T16:00:07.879135Z,100,100,0.0,0.5,0.5,0.5,224,230,952,2006,,,
2026-10-09T06:12:36+00:00,431,493250,Amad,16,1,Man Utd,Midfielder,5.7,0.0,-0.3,i,Unspecified injury - Unknown return date,2026-08-22T11:00:08.617283Z,0,0,0.3,0.0,0.0,0.0,178,2357,2220,124078,,,
2026-10-09T06:12:36+00:00,432,516895,Mainoo,16,1,Man Utd,Midfielder,5.5,0.0,0.0,d,Unspecified injury - 75% chance of playing,2026-09-21T13:00:09.169862Z,,75,1.5,4.0,4.0,3.0,8583,20215,95677,72492,,,
2026-10-09T06:12:36+00:00,433,232112,Ugarte,16,1,Man Utd,Midfielder,5.0,0.0,0.0,i,Knee injury - Unknown return date,2026-07-23T12:01:23.706702Z,0,0,0.0,0.0,0.0,0.0,27,31,123,271,,,
2026-10-09T06:12:36+00:00,434,547037,J.Fletcher,16,1,Man Utd,Midfielder,4.9,0.0,-0.1,a,,,,,0.0,0.0,0.0,0.0,53,71,333,719,,,
2026-10-09T06:12:36+00:00,435,576628,Lacey,16,1,Man Utd,Midfielder,4.9,0.0,-0.1,a,,,,,0.1,0.0,0.0,0.0,444,431,1797,3396,,,
2026-10-09T06:12:36+00:00,436,490881,Collyer,16,1,Man Utd,Midfielder,5.0,0.0,0.0,u,Has joined West Brom permanently,2026-09-01T13:16:48.584385Z,0,0,0.0,0.0,0.0,0.0,0,51,150,1058,,,
2026-10-09T06:12:36+00:00,437,576620,Bendito Mantato,16,1,Man Utd,Midfielder,4.4,-0.1,-0.1,a,,,,,0.2,0.0,0.0,0.0,618,1094,5282,9875,,,
2026-10-09T06:12:36+00:00,438,519913,Fletcher,16,1,Man Utd,Midfielder,4.4,0.0,-0.1,a,,,,,0.3,0.0,0.0,0.0,2794,2540,10863,17309,,,
2026-10-09T06:12:36+00:00,439,485711,Šeško,16,1,Man Utd,Forward,7.0,0.0,0.0,d,Shin injury - 75% chance of playing,2026-09-20T19:30:08.505755Z,100,75,1.6,0.5,0.5,0.4,7005,29933,104444,139606,,,
2026-10-09T06:12:36+00:00,440,458249,Zirkzee,16,1,Man Utd,Forward,5.3,-0.1,-0.2,a,,,,,0.4,1.0,1.0,1.0,2586,3738,16466,44291,,,
2026-10-09T06:12:36+00:00,441,596047,Obi,16,1,Man Utd,Forward,4.5,0.0,0.0,u,Has joined Willem II on loan for the rest of the season,2026-09-14T16:12:42.090874Z,0,0,0.9,0.0,0.0,0.0,0,13224,45543,76166,,,
2026-10-09T06:12:36+00:00,405,465694,N.Gonzalez,17,4,Newcastle,Midfielder,5.5,0.0,0.0,a,,2026-09-14T21:30:07.343728Z,0,100,0.2,0.5,0.0,0.5,924,2071,18387,17240,,,
2026-10-09T06:12:36+00:00,442,98747,Pope,17,4,Newcastle,Goalkeeper,4.9,0.0,-0.1,a,,,,,0.9,0.0,0.0,0.0,1144,3839,13637,54562,,,
2026-10-09T06:12:36+00:00,443,81441,Gillespie,17,4,Newcastle,Goalkeeper,4.5,0.0,0.0,a,,,,,0.0,0.0,0.0,0.0,57,112,782,1232,,,
2026-10-09T06:12:36+00:00,444,554578,Jaouen,17,4,Newcastle,Goalkeeper,4.4,-0.1,-0.1,i,Hamstring injury - Unknown return date,2026-09-10T16:00:09.127466Z,50,0,0.0,0.0,0.0,0.0,24,163,457,1568,,,
2026-10-09T06:12:36+00:00,445,465642,Thiaw,17,4,Newcastle,Defender,5.0,0.0,0.0,a,,,,,2.2,3.0,3.0,3.0,13550,14241,182851,127252,,,
2026-10-09T06:12:36+00:00,446,119471,Schär,17,4,Newcastle,Defender,4.9,0.0,-0.1,a,,2026-08-15T16:30:07.209742Z,100,100,0.2,0.5,0.5,0.5,868,1118,7379,14064,,,
2026-10-09T06:12:36+00:00,447,220237,Botman,17,4,Newcastle,Defender,5.0,0.0,0.0,a,,,,,0.7,3.0,3.0,3.0,7051,4200,49725,29494,,,
2026-10-09T06:12:36+00:00,448,78916,Burn,17,4,Newcastle,Defender,4.8,-0.1,-0.2,i,Ankle injury - Expected back 12 Oct,2026-08-23T18:00:08.367241Z,0,0,0.7,0.0,0.0,0.0,141,7341,7356,162249,,,
2026-10-09T06:12:36+00:00,449,487838,Hall,17,4,Newcastle,Defender,5.3,0.1,0.3,a,,,,,18.3,6.5,6.5,6.5,354183,34077,1767685,361910,,,
2026-10-09T06:12:36+00:00,450,441191,Livramento,17,4,Newcastle,Defender,4.9,0.0,-0.1,d,Unspecified injury - 50% chance of playing,2026-09-19T14:00:09.046677Z,100,50,0.1,1.5,1.5,0.8,507,2004,10303,6444,,,
2026-10-09T06:12:36+00:00,451,545477,A.Murphy,17,4,Newcastle,Defender,4.0,0.0,0.0,u,Has joined FC Kaiserslautern on loan for the rest of the season,2026-08-12T14:05:29.224600Z,0,0,0.1,0.0,0.0,0.0,0,378,0,7029,,,
2026-10-09T06:12:36+00:00,453,201666,Barnes,17,4,Newcastle,Midfielder,6.1,0.1,0.1,a,,,,,6.4,5.5,5.5,5.5,237291,40290,708394,172198,,,
2026-10-09T06:12:36+00:00,454,449434,Elanga,17,4,Newcastle,Midfielder,6.1,-0.1,0.1,i,Unspecified injury - Unknown return date,2026-09-14T20:00:09.505598Z,0,0,4.2,0.0,0.0,0.0,386,203226,1286223,1123187,,,
2026-10-09T06:12:36+00:00,456,232653,J.Ramsey,17,4,Newcastle,Midfielder,4.8,-0.1,-0.2,i,Thigh injury - Unknown return date,2026-09-15T09:00:08.191022Z,0,0,0.2,0.0,0.0,0.0,90,5861,16636,32064,,,
2026-10-09T06:12:36+00:00,457,114243,J.Murphy,17,4,Newcastle,Midfielder,5.9,0.0,-0.1,a,,,,,0.1,0.5,0.5,0.5,1264,1064,6367,11243,,,
2026-10-09T06:12:36+00:00,458,180974,Joelinton,17,4,Newcastle,Midfielder,5.4,0.0,-0.1,d,Unspecified injury - 75% chance of playing,2026-08-16T08:00:08.074045Z,0,75,0.0,0.0,0.0,0.0,29,104,240,2266,,,
2026-10-09T06:12:36+00:00,459,547719,L.Miley,17,4,Newcastle,Midfielder,5.5,0.0,0.0,d,Unspecified injury - 75% chance of playing,2026-10-01T15:30:10.335504Z,100,75,0.1,2.0,2.0,1.5,504,857,6368,5864,,,
2026-10-09T06:12:36+00:00,460,200089,Willock,17,4,Newcastle,Midfielder,5.0,0.0,0.0,a,,,,,0.6,5.5,5.5,5.5,13285,4078,68105,32063,,,
2026-10-09T06:12:36+00:00,461,611665,Touré,17,4,Newcastle,Midfielder,5.8,0.0,-0.2,a,,,,,0.1,3.5,3.5,3.5,456,1107,3839,16714,,,
2026-10-09T06:12:36+00:00,462,636852,Steur,17,4,Newcastle,Midfielder,4.9,0.0,-0.1,a,,,,,0.1,2.5,2.5,2.5,340,516,2496,6313,,,
2026-10-09T06:12:36+00:00,463,470313,Woltemade,17,4,Newcastle,Forward,5.9,0.0,-0.1,u,Has joined Juventus on loan for the rest of the season,2026-09-02T16:07:16.549304Z,0,0,0.5,0.0,0.0,0.0,0,4383,14520,142818,,,
2026-10-09T06:12:36+00:00,464,216646,Wissa,17,4,Newcastle,Forward,6.2,0.0,0.2,a,,,,,18.8,1.0,1.0,1.0,137606,179756,2333118,766766,2,,
2026-10-09T06:12:36+00:00,465,538207,Osula,17,4,Newcastle,Forward,5.8,-0.1,-0.2,d,Foot injury - 50% chance of playing,2026-08-25T19:00:08.004915Z,0,50,0.3,0.0,0.0,0.0,167,3041,21490,87346,1,,
2026-10-09T06:12:36+00:00,466,599303,Neave,17,4,Newcastle,Forward,4.5,0.0,0.0,u,Has joined Wolves on loan for the rest of the season,2026-09-04T12:37:43.515176Z,0,0,0.5,0.0,0.0,0.0,0,4769,23805,53391,,,
2026-10-09T06:12:36+00:00,559,632794,Bamba,17,4,Newcastle,Midfielder,4.9,0.0,-0.1,a,,,,,0.1,1.0,1.0,1.0,149,625,2589,7709,,,
2026-10-09T06:12:36+00:00,567,470551,Horníček,17,4,Newcastle,Goalkeeper,5.0,0.0,0.0,a,,,,,1.5,2.0,2.0,2.0,9797,7326,154447,73879,,,
2026-10-09T06:12:36+00:00,593,463726,Dedić,17,4,Newcastle,Defender,4.5,0.0,0.0,d,Unspecified injury - 50% chance of playing,2026-09-17T14:30:09.823731Z,0,50,1.7,0.0,0.0,0.0,339,50893,447961,320943,,,
2026-10-09T06:12:36+00:00,609,553746,Shahar,17,4,Newcastle,Defender,4.0,0.0,0.0,u,has joined Arouca on loan for the rest of the seaon.,2026-09-11T14:41:57.406766Z,0,0,0.2,0.0,0.0,0.0,0,2096,18236,15994,,,
2026-10-09T06:12:36+00:00,634,613221,Fernandez-Pardo,17,4,Newcastle,Forward,6.0,0.0,0.0,a,,,,,0.1,1.5,1.5,1.5,3059,1890,18130,6790,,,
2026-10-09T06:12:36+00:00,659,665243,Miley,17,4,Newcastle,Midfielder,4.5,0.0,0.0,a,,,,,0.0,0.0,0.0,0.0,1694,767,5132,1369,,,
2026-10-09T06:12:36+00:00,663,578512,Pivas,17,4,Newcastle,Defender,4.0,0.0,0.0,a,,,,,0.0,0.0,1.1,1.1,485,79,485,79,,,
2026-10-09T06:12:36+00:00,664,601767,Salia,17,4,Newcastle,Forward,4.5,0.0,0.0,a,,,,,0.2,0.0,1.0,1.0,12425,2171,12425,2171,,,
2026-10-09T06:12:36+00:00,665,655585,Mills,17,4,Newcastle,Midfielder,4.5,0.0,0.0,a,,,,,0.0,0.0,1.1,1.1,189,37,189,37,,,
2026-10-09T06:12:36+00:00,666,671875,Thompson,17,4,Newcastle,Midfielder,4.5,0.0,0.0,a,,,,,0.0,0.0,1.1,1.1,273,43,273,43,,,
2026-10-09T06:12:36+00:00,167,463034,Delap,18,17,Nott'm Forest,Forward,5.6,0.1,0.1,a,,,,,2.7,3.0,3.0,3.0,30047,38730,317223,92302,3,,
2026-10-09T06:12:36+00:00,201,247348,Muñoz,18,17,Nott'm Forest,Defender,5.4,0.0,-0.1,a,,,,,5.6,2.0,2.0,2.0,10466,39802,161024,493978,,,
2026-10-09T06:12:36+00:00,467,85633,Sels,18,17,Nott'm Forest,Goalkeeper,5.0,0.0,0.0,a,,,,,1.6,2.5,2.5,2.5,2769,8708,69022,64770,,,
2026-10-09T06:12:36+00:00,468,221389,John,18,17,Nott'm Forest,Goalkeeper,4.5,0.0,0.0,a,,,,,0.1,0.0,0.0,0.0,75,189,882,2049,,,
2026-10-09T06:12:36+00:00,469,215136,N.Williams,18,17,Nott'm Forest,Defender,5.0,0.0,0.0,a,,,,,8.6,2.0,2.0,2.0,15909,65425,330395,370683,,,
2026-10-09T06:12:36+00:00,470,485047,Morato,18,17,Nott'm Forest,Defender,5.0,0.0,0.0,u,Has joined West Ham on loan for the rest of the season,2026-09-02T16:19:54.503286Z,0,0,0.0,0.0,0.0,0.0,0,147,424,3727,,,
2026-10-09T06:12:36+00:00,471,227444,Milenković,18,17,Nott'm Forest,Defender,5.4,-0.1,-0.1,i,Hamstring injury - Expected back 11 Oct,2026-09-12T14:00:09.705107Z,0,0,1.0,0.0,0.0,0.0,93,15486,18025,110643,,,
2026-10-09T06:12:36+00:00,472,575476,Murillo,18,17,Nott'm Forest,Defender,5.5,0.0,0.0,a,,2026-07-23T12:01:23.801183Z,100,100,2.2,5.0,5.0,5.0,12788,11155,108285,64416,,,
2026-10-09T06:12:36+00:00,473,159506,Aina,18,17,Nott'm Forest,Defender,4.4,-0.1,-0.1,a,,,,,2.3,1.0,1.0,1.0,1469,27146,69582,176933,,,
2026-10-09T06:12:36+00:00,474,575458,Jair Cunha,18,17,Nott'm Forest,Defender,4.5,0.0,0.0,a,,2026-09-12T14:00:09.724349Z,75,100,0.2,0.5,0.4,0.5,374,824,9880,13350,,,
2026-10-09T06:12:36+00:00,475,500151,Savona,18,17,Nott'm Forest,Defender,4.5,0.0,0.0,i,Knee injury - Unknown return date,2026-07-23T12:01:23.816304Z,0,0,0.0,0.0,0.0,0.0,23,26,243,284,,,
2026-10-09T06:12:36+00:00,476,204822,O.Richards,18,17,Nott'm Forest,Defender,4.0,0.0,0.0,a,,,,,0.2,0.0,0.0,0.0,366,937,4066,8488,,,
2026-10-09T06:12:36+00:00,477,549067,Abbott,18,17,Nott'm Forest,Defender,4.0,0.0,0.0,u,Has joined Southampton on loan for the rest of the season,2026-09-02T16:19:54.536676Z,0,0,0.1,0.0,0.0,0.0,0,1094,2459,14167,,,
2026-10-09T06:12:36+00:00,478,470315,Netz,18,17,Nott'm Forest,Defender,4.4,0.0,-0.1,a,,,,,0.0,0.5,0.5,0.5,72,149,702,1620,,,
2026-10-09T06:12:36+00:00,479,538638,Bindon,18,17,Nott'm Forest,Defender,4.0,0.0,0.0,u,Has joined Charlton Athletic on loan for the rest of the season,2026-09-01T13:16:05.383880Z,0,0,0.1,0.0,0.0,0.0,0,697,799,8827,,,
2026-10-09T06:12:36+00:00,480,222531,Gibbs-White,18,17,Nott'm Forest,Midfielder,8.0,0.0,0.0,a,,2026-08-24T15:30:08.350159Z,100,100,15.7,5.0,5.0,5.0,102882,119518,1246564,702212,1,,
2026-10-09T06:12:36+00:00,482,209046,Hudson-Odoi,18,17,Nott'm Forest,Midfielder,5.8,0.0,-0.2,a,,2026-07-23T12:01:23.832709Z,100,100,0.1,0.0,0.0,0.0,384,1411,5395,17811,,,
2026-10-09T06:12:36+00:00,483,456512,Ndoye,18,17,Nott'm Forest,Midfielder,5.5,0.0,0.0,a,,,,,0.7,1.0,1.0,1.0,1143,10627,72739,51790,,,
2026-10-09T06:12:36+00:00,484,503301,Hutchinson,18,17,Nott'm Forest,Midfielder,5.4,0.0,-0.1,u,Has joined AC Milan on loan for the rest of the season,2026-09-01T13:23:52.340206Z,0,0,0.1,0.0,0.0,0.0,0,471,427,11099,,,
2026-10-09T06:12:36+00:00,485,476887,Bakwa,18,17,Nott'm Forest,Midfielder,5.5,0.0,0.0,u,Has joined Lille on loan for the rest of the season,2026-08-27T14:53:03.381941Z,0,0,0.0,0.0,0.0,0.0,0,43,107,1185,,,
2026-10-09T06:12:36+00:00,486,432714,McAtee,18,17,Nott'm Forest,Midfielder,5.5,0.0,0.0,a,,,,,0.1,2.5,2.5,2.5,473,1181,10118,6227,,,
2026-10-09T06:12:36+00:00,487,250199,Dominguez,18,17,Nott'm Forest,Midfielder,4.9,0.0,-0.1,a,,,,,0.1,0.0,0.0,0.0,74,368,1212,4170,,,
2026-10-09T06:12:36+00:00,488,210462,I.Sangaré,18,17,Nott'm Forest,Midfielder,4.8,-0.1,-0.2,a,,2026-08-28T09:30:07.471668Z,100,100,0.4,1.0,1.0,1.0,471,4389,9370,69968,,,
2026-10-09T06:12:36+00:00,489,204968,Yates,18,17,Nott'm Forest,Midfielder,4.4,-0.1,-0.1,a,,2026-08-17T20:30:08.195072Z,100,100,1.1,0.0,0.0,0.0,793,9298,30439,95653,,,
2026-10-09T06:12:36+00:00,490,60689,Wood,18,17,Nott'm Forest,Forward,5.8,0.0,-0.2,a,,,,,0.9,1.0,1.0,1.0,2794,7920,25373,117767,2,,
2026-10-09T06:12:36+00:00,491,482973,Igor Jesus,18,17,Nott'm Forest,Forward,5.8,0.0,-0.2,a,,,,,2.6,4.0,4.0,4.0,11199,31109,130199,278454,4,,
2026-10-09T06:12:36+00:00,493,465680,Kalimuendo,18,17,Nott'm Forest,Forward,5.4,0.0,-0.1,a,,,,,0.1,0.0,0.0,0.0,284,498,3094,4198,,,
2026-10-09T06:12:36+00:00,558,204561,Schlager,18,17,Nott'm Forest,Midfielder,5.0,0.0,0.0,a,,,,,0.1,2.5,2.5,2.5,280,1059,5960,6076,,,
2026-10-09T06:12:36+00:00,581,568420,Diomande,18,17,Nott'm Forest,Defender,5.4,0.0,-0.1,a,,,,,0.5,3.0,3.0,3.0,1962,2807,14084,42272,,,
2026-10-09T06:12:36+00:00,590,428971,Benda,18,17,Nott'm Forest,Goalkeeper,4.5,0.0,0.0,a,,,,,0.1,0.0,0.0,0.0,159,284,2699,2885,,,
2026-10-09T06:12:36+00:00,112,469142,Van Hecke,19,6,Spurs,Defender,4.9,0.0,-0.1,d,Foot injury - 75% chance of playing,2026-09-30T16:00:09.552205Z,,75,6.2,7.0,7.0,5.2,24415,60717,160584,506112,,,
2026-10-09T06:12:36+00:00,147,109646,Tosin,19,6,Spurs,Defender,4.4,0.0,-0.1,a,,,,,0.1,0.5,0.5,0.5,135,681,2027,8033,,,
2026-10-09T06:12:36+00:00,401,438234,Marmoush,19,6,Spurs,Forward,7.0,0.0,0.0,a,,,,,2.2,2.0,2.0,2.0,18217,27829,240696,168962,2,,
2026-10-09T06:12:36+00:00,403,510281,Sávio,19,6,Spurs,Midfielder,6.5,0.0,0.0,a,,2026-08-29T16:30:08.380416Z,100,100,0.6,2.5,2.5,2.5,4334,9481,101246,82244,,,
2026-10-09T06:12:36+00:00,455,432422,Tonali,19,6,Spurs,Midfielder,5.3,-0.1,-0.2,a,,2026-09-14T14:30:07.387706Z,100,100,1.8,2.5,2.5,2.5,3088,19643,48677,274250,,,
2026-10-09T06:12:36+00:00,494,184254,Vicario,19,6,Spurs,Goalkeeper,4.5,0.0,0.0,u,Has joined Juventus on loan for the rest of the season,2026-08-19T13:55:33.193962Z,0,0,0.1,0.0,0.0,0.0,0,872,0,22255,,,
2026-10-09T06:12:36+00:00,495,214572,Austin,19,6,Spurs,Goalkeeper,4.0,0.0,0.0,a,,,,,1.0,0.0,0.0,0.0,2648,2814,30299,22499,,,
2026-10-09T06:12:36+00:00,496,485055,Kinsky,19,6,Spurs,Goalkeeper,4.5,0.0,0.0,a,,,,,16.8,4.5,4.5,4.5,26819,157186,355973,839413,,,
2026-10-09T06:12:36+00:00,497,67089,Dubravka,19,6,Spurs,Goalkeeper,4.0,0.0,0.0,a,,,,,17.0,0.0,0.0,0.0,42923,67529,413562,460179,,,
2026-10-09T06:12:36+00:00,498,221466,Senesi,19,6,Spurs,Defender,5.8,0.0,-0.2,a,,,,,3.5,0.0,0.0,0.0,1582,26876,29726,463339,,,
2026-10-09T06:12:36+00:00,499,441164,Pedro Porro,19,6,Spurs,Defender,5.4,0.0,-0.1,d,Hamstring injury - 75% chance of playing,2026-09-19T12:00:08.823872Z,100,75,7.3,0.5,0.5,0.4,1882,101272,124656,1019020,,,
2026-10-09T06:12:36+00:00,500,221632,Romero,19,6,Spurs,Defender,5.0,0.0,0.0,u,Has joined Atletico Madrid permanently,2026-08-17T13:49:05.465401Z,0,0,0.1,0.0,0.0,0.0,0,337,0,16851,,,
2026-10-09T06:12:36+00:00,502,122798,Robertson,19,6,Spurs,Defender,4.4,0.0,-0.1,a,,,,,2.5,5.5,5.5,5.5,9082,19145,70754,189821,,,
2026-10-09T06:12:36+00:00,503,491279,Van de Ven,19,6,Spurs,Defender,5.0,0.0,0.0,a,,2026-08-21T15:00:07.610517Z,100,100,3.8,3.5,3.5,3.5,9049,25989,97505,273230,,,
2026-10-09T06:12:36+00:00,505,232859,Spence,19,6,Spurs,Defender,4.5,0.0,0.0,u,Has joined Internazionale permanently,2026-08-18T14:13:08.454214Z,0,0,0.2,0.0,0.0,0.0,0,1410,0,69496,,,
2026-10-09T06:12:36+00:00,506,487053,Udogie,19,6,Spurs,Defender,4.4,0.0,-0.1,a,,2026-09-11T18:00:09.092110Z,100,100,0.3,0.0,0.0,0.0,449,2028,5688,22858,,,
2026-10-09T06:12:36+00:00,507,548308,Phillips,19,6,Spurs,Defender,4.5,0.0,0.0,u,Has joined Middlesbrough permanently,2026-08-18T14:13:08.474144Z,0,0,0.0,0.0,0.0,0.0,0,64,0,1279,,,
2026-10-09T06:12:36+00:00,508,115556,Davies,19,6,Spurs,Defender,3.9,-0.1,-0.1,a,,,,,0.9,0.0,0.0,0.0,9634,5368,21430,42811,,,
2026-10-09T06:12:36+00:00,509,640419,Byfield,19,6,Spurs,Defender,4.0,0.0,0.0,a,,,,,0.1,0.0,0.0,0.0,157,308,2372,2652,,,
2026-10-09T06:12:36+00:00,510,499716,Rowswell,19,6,Spurs,Defender,4.0,0.0,0.0,a,,,,,0.1,0.0,0.0,0.0,198,417,2927,3545,,,
2026-10-09T06:12:36+00:00,511,616221,Souza,19,6,Spurs,Defender,4.0,0.0,0.0,u,Has joined FC Porto on loan for the rest of the season,2026-09-01T13:24:26.858636Z,0,0,0.2,0.0,0.0,0.0,0,1151,2555,17137,,,
2026-10-09T06:12:36+00:00,512,460842,Kudus,19,6,Spurs,Midfielder,6.5,0.0,0.0,a,,2026-07-23T12:01:23.848657Z,100,100,0.2,2.5,2.5,2.5,3273,1620,14067,11575,3,,
2026-10-09T06:12:36+00:00,513,493362,Xavi,19,6,Spurs,Midfielder,5.9,0.0,-0.1,i,Knee injury - Unknown return date,2026-07-23T12:01:23.864304Z,0,0,0.0,0.0,0.0,0.0,67,93,359,1134,4,,
2026-10-09T06:12:36+00:00,514,511499,Tel,19,6,Spurs,Midfielder,5.7,-0.1,-0.3,a,,,,,0.2,0.5,0.5,0.5,273,2559,9205,47376,,,
2026-10-09T06:12:36+00:00,515,172780,Maddison,19,6,Spurs,Midfielder,6.3,0.0,-0.2,a,,2026-08-25T14:30:07.623508Z,100,100,0.4,1.0,1.0,1.0,1056,2530,6105,96783,,,
2026-10-09T06:12:36+00:00,516,202993,Bentancur,19,6,Spurs,Midfielder,5.5,0.0,0.0,a,,,,,0.2,3.5,3.5,3.5,541,1115,5305,8772,,,
2026-10-09T06:12:36+00:00,517,550839,Odobert,19,6,Spurs,Midfielder,5.5,0.0,0.0,i,Knee injury - Unknown return date,2026-07-23T12:01:23.879434Z,0,0,0.0,0.0,0.0,0.0,41,19,143,114,,,
2026-10-09T06:12:36+00:00,518,482442,P.M.Sarr,19,6,Spurs,Midfielder,4.9,0.0,-0.1,u,Has joined Juventus on loan for the rest of the season,2026-09-02T16:02:43.386849Z,0,0,0.1,0.0,0.0,0.0,0,850,4138,23917,,,
2026-10-09T06:12:36+00:00,519,232787,Gallagher,19,6,Spurs,Midfielder,5.3,0.0,-0.2,a,,,,,0.2,3.0,3.0,3.0,982,915,4838,17303,,,
2026-10-09T06:12:36+00:00,520,570526,Bergvall,19,6,Spurs,Midfielder,5.3,-0.1,-0.2,a,,,,,0.1,1.0,1.0,1.0,133,772,1913,9705,,,
2026-10-09T06:12:36+00:00,521,445044,Kulusevski,19,6,Spurs,Midfielder,6.5,0.0,0.0,i,Knee injury - Unknown return date,2026-07-23T12:01:23.895175Z,0,0,0.0,0.0,0.0,0.0,136,97,442,762,,,
2026-10-09T06:12:36+00:00,522,547701,Gray,19,6,Spurs,Midfielder,4.9,0.0,-0.1,a,,,,,0.2,2.5,2.5,2.5,583,1506,6960,13677,,,
2026-10-09T06:12:36+00:00,523,499721,Moore,19,6,Spurs,Midfielder,5.0,0.0,0.0,u,Has joined FC Köln on loan for the rest of the season,2026-09-04T12:39:48.098158Z,0,0,0.1,0.0,0.0,0.0,0,709,3258,17194,,,
2026-10-09T06:12:36+00:00,524,499726,Olusesi,19,6,Spurs,Midfielder,4.4,0.0,-0.1,a,,,,,1.0,0.0,0.0,0.0,6455,8867,56071,50712,,,
2026-10-09T06:12:36+00:00,525,551226,Fernandes,19,6,Spurs,Midfielder,5.7,-0.1,-0.3,a,,,,,0.7,2.0,2.0,2.0,634,8518,14615,126605,,,
2026-10-09T06:12:36+00:00,526,154566,Solanke,19,6,Spurs,Forward,5.8,0.0,-0.2,a,,,,,0.8,2.0,2.0,2.0,2814,7393,30361,96444,1,,
2026-10-09T06:12:36+00:00,527,212319,Richarlison,19,6,Spurs,Forward,5.9,0.0,-0.1,u,not included in squad.,2026-09-04T12:32:39.183614Z,0,0,0.6,0.0,0.0,0.0,0,7211,21439,269694,,,
2026-10-09T06:12:36+00:00,528,490145,Scarlett,19,6,Spurs,Forward,4.5,0.0,0.0,u,Has joined Leyton Orient permanently,2026-09-02T16:02:43.413625Z,0,0,1.1,0.0,0.0,0.0,0,9932,42525,111499,,,
2026-10-09T06:12:36+00:00,578,465920,Mudryk,19,6,Spurs,Midfielder,5.3,-0.1,-0.2,i,Ankle injury - Unknown return date,2026-09-11T18:00:09.154412Z,0,0,0.0,0.0,0.0,0.0,29,668,5449,7716,,,
2026-10-09T06:12:36+00:00,601,611917,Williams-Barnett,19,6,Spurs,Midfielder,4.5,0.0,0.0,a,,,,,0.1,0.0,0.0,0.0,206,858,10288,7141,,,
2026-10-09T06:12:36+00:00,501,135720,Danso,20,56,Sunderland,Defender,5.0,0.0,0.0,a,,,,,0.2,0.5,0.5,0.5,1507,1008,6932,10045,,,
2026-10-09T06:12:36+00:00,529,498016,Roefs,20,56,Sunderland,Goalkeeper,4.9,0.0,-0.1,a,,,,,2.4,1.0,1.0,1.0,2642,16283,22491,182408,,,
2026-10-09T06:12:36+00:00,530,232571,Patterson,20,56,Sunderland,Goalkeeper,4.0,0.0,0.0,u,Has joined Wrexham permanently,2026-08-12T14:08:03.064533Z,0,0,0.1,0.0,0.0,0.0,0,444,0,6096,,,
2026-10-09T06:12:36+00:00,531,515046,Ellborg,20,56,Sunderland,Goalkeeper,4.4,-0.1,-0.1,a,,,,,0.1,0.0,0.0,0.0,179,324,1218,3405,,,
2026-10-09T06:12:36+00:00,532,223827,Ballard,20,56,Sunderland,Defender,4.9,0.0,-0.1,i,Hamstring injury - Unknown return date,2026-09-25T21:30:10.370384Z,,0,2.4,1.0,1.0,0.0,3750,31731,45649,332299,,,
2026-10-09T06:12:36+00:00,533,200834,Mukiele,20,56,Sunderland,Defender,5.4,0.0,-0.1,a,,2026-08-09T08:30:05.954750Z,100,100,1.9,0.0,0.0,0.0,6775,11613,46106,132718,,,
2026-10-09T06:12:36+00:00,534,487676,Hume,20,56,Sunderland,Defender,4.3,-0.1,-0.2,a,,,,,2.7,0.5,0.5,0.5,1565,41154,38191,408829,,,
2026-10-09T06:12:36+00:00,535,201895,Alderete,20,56,Sunderland,Defender,4.8,-0.1,-0.2,a,,2026-08-09T08:30:05.962393Z,100,100,0.2,0.0,0.0,0.0,330,1409,5084,27685,,,
2026-10-09T06:12:36+00:00,536,434399,Reinildo,20,56,Sunderland,Defender,4.4,-0.1,-0.1,a,,2026-09-12T21:30:09.421687Z,0,100,0.3,-1.0,0.0,-1.0,334,1975,4197,24775,,,
2026-10-09T06:12:36+00:00,537,519634,Seelt,20,56,Sunderland,Defender,4.5,0.0,0.0,u,Has joined Swansea City on loan for the rest of the season,2026-08-29T00:34:52.425076Z,0,0,0.0,0.0,0.0,0.0,0,31,61,673,,,
2026-10-09T06:12:36+00:00,538,477547,Hjelde,20,56,Sunderland,Defender,4.0,0.0,0.0,u,Has joined KV Mechelen on loan for the rest of the season,2026-08-12T14:08:03.081789Z,0,0,0.0,0.0,0.0,0.0,0,203,0,2574,,,
2026-10-09T06:12:36+00:00,539,167512,O'Nien,20,56,Sunderland,Defender,3.9,-0.1,-0.1,a,,,,,2.5,0.0,0.0,0.0,22404,16281,37147,126181,,,
2026-10-09T06:12:36+00:00,540,105717,Masuaku,20,56,Sunderland,Defender,4.0,0.0,0.0,u,Has joined Konyaspor permanently,2026-08-12T14:08:03.097784Z,0,0,0.1,0.0,0.0,0.0,0,779,0,11712,,,
2026-10-09T06:12:36+00:00,541,93605,Meunier,20,56,Sunderland,Defender,4.5,0.0,0.0,a,,2026-08-16T08:30:07.830062Z,100,100,0.3,2.5,2.5,2.5,2331,1325,7732,10077,,,
2026-10-09T06:12:36+00:00,542,484420,E.Le Fée,20,56,Sunderland,Midfielder,5.7,-0.1,-0.3,a,,,,,3.3,2.5,2.5,2.5,15586,34059,49158,660634,2,,
2026-10-09T06:12:36+00:00,543,547027,Diarra,20,56,Sunderland,Midfielder,5.3,-0.1,-0.2,i,Hamstring injury - Expected back 18 Oct,2026-08-30T16:30:08.428960Z,0,0,0.0,0.0,0.0,0.0,22,288,560,5971,1,,
2026-10-09T06:12:36+00:00,544,84450,Xhaka,20,56,Sunderland,Midfielder,5.5,0.0,0.0,a,,,,,3.6,1.5,1.5,1.5,8183,30287,132715,215376,,,
2026-10-09T06:12:36+00:00,545,577669,Sadiki,20,56,Sunderland,Midfielder,4.9,0.0,-0.1,a,,,,,0.2,2.0,2.0,2.0,517,1809,5830,18834,,,
2026-10-09T06:12:36+00:00,546,535818,Adingra,20,56,Sunderland,Midfielder,4.9,0.0,-0.1,u,Has joined Ajax on loan for the rest of the season,2026-08-20T14:00:08.416985Z,0,0,0.0,0.0,0.0,0.0,0,244,240,7472,,,
2026-10-09T06:12:36+00:00,547,461199,Mundle,20,56,Sunderland,Midfielder,4.9,0.0,-0.1,i,Knee injury - Unknown return date,2026-09-09T14:00:08.462705Z,0,0,0.0,0.0,0.0,0.0,11,61,202,679,,,
2026-10-09T06:12:36+00:00,548,554197,Rigg,20,56,Sunderland,Midfielder,4.9,0.0,-0.1,a,,,,,0.0,0.0,0.0,0.0,46,299,483,2919,,,
2026-10-09T06:12:36+00:00,549,549912,Talbi,20,56,Sunderland,Midfielder,5.3,0.0,-0.2,a,,,,,0.1,0.0,0.0,0.0,135,704,1368,11924,,,
2026-10-09T06:12:36+00:00,550,699989,Jocelin.T,20,56,Sunderland,Midfielder,5.0,0.0,0.0,a,,,,,0.0,0.0,0.0,0.0,55,59,329,440,,,
2026-10-09T06:12:36+00:00,551,536661,N.Angulo,20,56,Sunderland,Midfielder,5.0,0.0,0.0,a,,,,,0.1,3.0,3.0,3.0,696,987,12975,10775,,,
2026-10-09T06:12:36+00:00,552,441264,Brobbey,20,56,Sunderland,Forward,5.7,-0.1,-0.3,i,Hamstring injury - Expected back 25 Oct,2026-09-24T21:30:10.382142Z,,0,6.6,9.0,9.0,0.0,203214,83106,294672,969278,,,
2026-10-09T06:12:36+00:00,553,437505,Isidor,20,56,Sunderland,Forward,5.5,0.0,0.0,a,,,,,1.3,1.0,1.0,1.0,5988,14286,98290,89440,,,
2026-10-09T06:12:36+00:00,612,638411,Methalie,20,56,Sunderland,Defender,4.5,0.0,0.0,a,,2026-08-28T13:00:08.950445Z,100,100,0.0,-0.5,-0.5,-0.5,144,80,933,506,,,
2026-10-09T06:12:36+00:00,613,696104,Ahoka,20,56,Sunderland,Midfielder,4.5,0.0,0.0,a,,,,,0.2,0.0,0.0,0.0,699,1861,25494,14559,,,
2026-10-09T06:12:36+00:00,646,549940,Fofana,20,56,Sunderland,Midfielder,5.5,0.0,0.0,a,,,,,0.0,1.0,1.0,1.0,404,365,4140,1793,,,
2026-10-09T06:12:36+00:00,651,661313,J.Angulo,20,56,Sunderland,Forward,4.5,0.0,0.0,a,,,,,0.8,0.0,0.0,0.0,11542,8766,93410,31781,,,
