observed_at,player_id,player_code,web_name,team_id,team_code,team_name,position,price,price_change_gameweek,price_change_season,status,news,news_added,chance_of_playing_this_round,chance_of_playing_next_round,selected_by_percent,form,expected_points_this_gameweek,expected_points_next_gameweek,transfers_in_event,transfers_out_event,transfers_in_season,transfers_out_season,penalties_order,direct_free_kicks_order,corners_and_indirect_free_kicks_order
2026-09-18T04:47:13+00:00,1,154561,Raya,1,3,Arsenal,Goalkeeper,6.0,0.0,0.0,a,,,,,41.0,7.2,7.2,7.2,223774,48741,784575,574117,,,
2026-09-18T04:47:13+00:00,2,109745,Arrizabalaga,1,3,Arsenal,Goalkeeper,4.9,0.0,-0.1,a,,,,,0.1,0.0,0.0,0.0,153,473,1349,3927,,,
2026-09-18T04:47:13+00:00,3,437495,Meslier,1,3,Arsenal,Goalkeeper,4.9,0.0,-0.1,a,,,,,0.0,0.0,0.0,0.0,67,183,448,1442,,,
2026-09-18T04:47:13+00:00,4,226597,Gabriel,1,3,Arsenal,Defender,8.0,0.0,0.0,a,,,,,23.2,6.0,6.0,6.0,37986,89053,200196,813132,,,
2026-09-18T04:47:13+00:00,5,445122,J.Timber,1,3,Arsenal,Defender,6.5,0.0,0.0,a,,2026-07-23T12:01:23.272929Z,25,100,0.3,0.2,0.1,0.2,16050,2932,17618,9867,,,
2026-09-18T04:47:13+00:00,6,462424,Saliba,1,3,Arsenal,Defender,5.9,0.0,-0.1,i,Back injury - Unknown return date,2026-07-23T12:01:23.289376Z,0,0,0.2,0.0,0.0,0.0,361,1782,3044,17331,,,
2026-09-18T04:47:13+00:00,7,499169,Lewis-Skelly,1,3,Arsenal,Midfielder,5.5,0.0,0.0,a,,,,,0.6,2.2,2.2,2.2,2721,8903,28171,42564,,,
2026-09-18T04:47:13+00:00,8,466075,Calafiori,1,3,Arsenal,Defender,5.8,0.0,0.3,a,,,,,50.2,7.0,7.0,7.0,213658,60638,1526766,315542,,,
2026-09-18T04:47:13+00:00,9,448104,Hincapie,1,3,Arsenal,Defender,5.3,0.0,-0.2,a,,,,,0.9,0.5,0.5,0.5,2233,13343,14493,109406,,,
2026-09-18T04:47:13+00:00,10,198869,White,1,3,Arsenal,Defender,5.5,0.0,0.0,d,Muscular injury - 75% chance of playing,2026-09-15T19:30:09.494382Z,100,75,5.8,5.2,5.2,3.9,17887,187034,449478,446421,,,
2026-09-18T04:47:13+00:00,11,500040,Mosquera,1,3,Arsenal,Defender,5.3,-0.1,-0.2,d,Muscular injury - 50% chance of playing,2026-09-04T14:00:08.080310Z,50,50,1.8,3.0,1.5,1.5,152,69460,29841,446312,,,
2026-09-18T04:47:13+00:00,12,223340,Saka,1,3,Arsenal,Midfielder,9.5,0.0,0.0,a,,,,,12.8,7.5,7.5,7.5,155714,48911,614090,333833,1,,
2026-09-18T04:47:13+00:00,13,204480,Rice,1,3,Arsenal,Midfielder,7.4,0.0,-0.1,a,,,,,12.5,4.8,4.8,4.8,23281,65338,106442,624507,,,
2026-09-18T04:47:13+00:00,14,232413,Eze,1,3,Arsenal,Midfielder,6.3,0.0,-0.2,a,,,,,1.1,0.8,0.8,0.8,2582,14881,20475,129684,,,
2026-09-18T04:47:13+00:00,15,184029,Ødegaard,1,3,Arsenal,Midfielder,6.8,0.1,0.3,a,,,,,19.7,6.8,6.8,6.8,257561,97955,1487005,425376,3,,
2026-09-18T04:47:13+00:00,16,248857,Madueke,1,3,Arsenal,Midfielder,6.2,-0.1,-0.3,a,,,,,0.2,0.5,0.5,0.5,981,3073,5068,23857,,,
2026-09-18T04:47:13+00:00,17,195384,Merino,1,3,Arsenal,Midfielder,5.8,0.0,-0.2,a,,,,,0.4,0.8,0.8,0.8,1176,5466,8568,44442,,,
2026-09-18T04:47:13+00:00,18,444145,Martinelli,1,3,Arsenal,Midfielder,6.3,0.0,-0.2,u,Has joined Al Hilal permanently,2026-09-04T12:34:46.738449Z,0,0,0.1,0.0,0.0,0.0,0,1308,2483,21110,,,
2026-09-18T04:47:13+00:00,19,481655,Zubimendi,1,3,Arsenal,Midfielder,5.3,-0.1,-0.2,a,,,,,0.6,1.0,1.0,1.0,1274,7584,7845,61165,,,
2026-09-18T04:47:13+00:00,20,616077,Dowman,1,3,Arsenal,Midfielder,5.3,0.0,-0.2,a,,,,,0.1,0.0,0.0,0.0,768,922,2478,6591,,,
2026-09-18T04:47:13+00:00,22,499175,Nwaneri,1,3,Arsenal,Midfielder,5.4,0.0,-0.1,u,Has joined Borussia Dortmund on loan for the rest of the season,2026-09-02T16:01:07.058827Z,0,0,0.0,0.0,0.0,0.0,0,98,233,1182,,,
2026-09-18T04:47:13+00:00,23,438098,Fábio Vieira,1,3,Arsenal,Midfielder,5.5,0.0,0.0,u,Has joined Hamburger SV permanently,2026-09-02T16:00:28.446370Z,0,0,0.0,0.0,0.0,0.0,0,78,255,869,,,
2026-09-18T04:47:13+00:00,24,200641,Nelson,1,3,Arsenal,Midfielder,5.5,0.0,0.0,u,has departed the club as a free agent.,2026-08-29T00:33:08.556767Z,0,0,0.0,0.0,0.0,0.0,0,54,68,642,,,
2026-09-18T04:47:13+00:00,25,224117,Gyökeres,1,3,Arsenal,Forward,7.2,0.0,-0.3,a,,,,,3.3,0.2,0.2,0.2,3837,45198,26904,582496,2,,
2026-09-18T04:47:13+00:00,26,219847,Havertz,1,3,Arsenal,Forward,7.6,0.1,0.1,a,,,,,8.1,4.2,4.2,4.2,91574,80058,547465,337559,,,
2026-09-18T04:47:13+00:00,27,205651,G.Jesus,1,3,Arsenal,Forward,5.9,0.0,-0.1,u,Has joined FC Barcelona permanently,2026-09-02T16:00:28.475184Z,0,0,0.2,0.0,0.0,0.0,0,2021,4164,28004,,,
2026-09-18T04:47:13+00:00,31,199798,Konsa,1,3,Arsenal,Defender,4.5,0.0,0.0,a,,,,,18.5,2.8,2.8,2.8,259154,49140,1289367,574718,,,
2026-09-18T04:47:13+00:00,452,208706,Bruno G.,1,3,Arsenal,Midfielder,6.7,-0.1,-0.3,a,,2026-09-04T14:00:08.328779Z,100,100,1.8,2.0,2.0,2.0,13537,7897,22284,235087,4,,
2026-09-18T04:47:13+00:00,557,439509,Tzolis,1,3,Arsenal,Midfielder,6.4,0.0,-0.1,a,,,,,14.0,3.5,3.5,3.5,29966,212371,440728,1372641,,,
2026-09-18T04:47:13+00:00,29,72147,M.Bizot,2,7,Aston Villa,Goalkeeper,4.5,0.0,0.0,d,Back injury - 75% chance of playing,2026-09-17T07:30:09.058151Z,,75,0.1,0.2,0.2,0.2,384,1094,4562,5978,,,
2026-09-18T04:47:13+00:00,30,101188,Digne,2,7,Aston Villa,Defender,4.5,0.0,0.0,u,Has joined Paris Saint-Germain permanently,2026-08-10T14:03:30.089007Z,0,0,0.1,0.0,0.0,0.0,0,373,0,8353,,,
2026-09-18T04:47:13+00:00,32,199796,Cash,2,7,Aston Villa,Defender,4.4,-0.1,-0.1,a,,2026-09-09T14:30:08.192142Z,75,100,5.1,1.8,1.4,1.8,2439,96795,89826,380092,,,
2026-09-18T04:47:13+00:00,33,149484,Mings,2,7,Aston Villa,Defender,4.5,0.0,0.0,a,,,,,0.4,1.8,1.8,1.8,2589,3996,13776,14863,,,
2026-09-18T04:47:13+00:00,34,244954,Pau,2,7,Aston Villa,Defender,4.5,0.0,0.0,d,Hamstring injury - 75% chance of playing,2026-09-12T18:00:08.712707Z,,75,0.3,0.8,0.8,0.6,222,6737,11178,21720,,,
2026-09-18T04:47:13+00:00,35,515597,Bogarde,2,7,Aston Villa,Midfielder,5.0,0.0,0.0,a,,,,,0.1,0.2,0.2,0.2,417,811,2684,4178,,,
2026-09-18T04:47:13+00:00,36,441302,Maatsen,2,7,Aston Villa,Defender,4.5,0.0,0.0,d,Ankle injury - 25% chance of playing,2026-09-12T18:00:08.729468Z,,25,0.6,2.2,2.2,0.6,525,22111,31819,46606,,,
2026-09-18T04:47:13+00:00,37,184667,Lindelöf,2,7,Aston Villa,Defender,4.5,0.0,0.0,a,,,,,0.3,1.8,1.8,1.8,2577,2825,12675,11931,,,
2026-09-18T04:47:13+00:00,38,606798,A.García,2,7,Aston Villa,Defender,4.0,0.0,0.0,a,,,,,1.6,0.0,0.0,0.0,6190,11407,42484,59134,,,
2026-09-18T04:47:13+00:00,39,578545,Nedeljkovic,2,7,Aston Villa,Defender,4.0,0.0,0.0,u,Has joined Rangers on loan for the rest of the season,2026-08-19T13:56:46.385411Z,0,0,0.1,0.0,0.0,0.0,0,1008,0,14420,,,
2026-09-18T04:47:13+00:00,41,195546,Buendía,2,7,Aston Villa,Midfielder,5.9,0.0,-0.1,a,,,,,0.9,2.2,2.2,2.2,4429,16640,46008,84504,1,,
2026-09-18T04:47:13+00:00,44,215711,Bailey,2,7,Aston Villa,Midfielder,5.4,0.0,-0.1,u,Has joined Olympiakos permanently,2026-09-04T12:35:14.472260Z,0,0,0.1,0.0,0.0,0.0,0,1365,2096,12448,,,
2026-09-18T04:47:13+00:00,45,122806,McGinn,2,7,Aston Villa,Midfielder,5.4,0.0,-0.1,a,,,,,2.2,2.8,2.8,2.8,13996,17701,59013,140077,,,
2026-09-18T04:47:13+00:00,46,88894,Barkley,2,7,Aston Villa,Midfielder,5.0,0.0,0.0,a,,,,,0.3,2.2,2.2,2.2,1958,3072,14821,13545,,,
2026-09-18T04:47:13+00:00,47,226944,Kamara,2,7,Aston Villa,Midfielder,5.0,0.0,0.0,a,,2026-07-23T12:01:23.337269Z,100,100,0.3,2.2,2.2,2.2,1641,3730,12862,18944,,,
2026-09-18T04:47:13+00:00,48,449871,Onana,2,7,Aston Villa,Midfielder,4.9,-0.1,-0.1,i,Knee injury - Unknown return date,2026-07-23T12:01:23.352497Z,0,0,0.0,0.0,0.0,0.0,52,179,457,1546,,,
2026-09-18T04:47:13+00:00,49,469247,Iling Jr,2,7,Aston Villa,Midfielder,5.0,0.0,0.0,u,Has joined Bolton Wanderers on loan for the rest of the season,2026-08-17T13:52:28.532616Z,0,0,0.0,0.0,0.0,0.0,0,19,0,224,,,
2026-09-18T04:47:13+00:00,50,645618,Burrowes,2,7,Aston Villa,Midfielder,4.5,0.0,0.0,a,,,,,0.6,0.0,0.0,0.0,1705,5865,20569,30359,,,
2026-09-18T04:47:13+00:00,51,577285,George Hemmings,2,7,Aston Villa,Midfielder,4.5,0.0,0.0,a,,,,,1.3,2.0,2.0,2.0,11439,13037,110046,55696,,,
2026-09-18T04:47:13+00:00,52,653481,Alysson,2,7,Aston Villa,Midfielder,5.0,0.0,0.0,a,,,,,0.1,2.0,2.0,2.0,1292,485,2970,2723,,,
2026-09-18T04:47:13+00:00,53,614071,Manzambi,2,7,Aston Villa,Midfielder,5.9,0.0,-0.1,a,,2026-08-15T15:30:06.388335Z,50,100,0.1,0.2,0.1,0.2,1514,816,2657,16445,,,
2026-09-18T04:47:13+00:00,54,448089,Gomes,2,7,Aston Villa,Midfielder,5.5,0.0,0.0,d,Calf injury - 75% chance of playing,2026-09-16T19:30:08.742410Z,0,75,0.0,-0.5,0.0,-0.4,386,254,761,3836,,,
2026-09-18T04:47:13+00:00,55,178301,Watkins,2,7,Aston Villa,Forward,7.8,0.0,-0.2,u,Has joined Al Hilal permanently,2026-09-01T13:15:16.698799Z,0,0,2.7,0.0,0.0,0.0,0,28773,14882,740904,,,
2026-09-18T04:47:13+00:00,56,173879,Abraham,2,7,Aston Villa,Forward,5.5,0.0,0.0,a,,2026-08-15T16:00:07.558543Z,100,100,0.2,0.8,0.8,0.8,2829,2270,12537,10521,,,
2026-09-18T04:47:13+00:00,160,493105,Garnacho,2,7,Aston Villa,Midfielder,5.8,-0.1,-0.2,a,,,,,0.3,0.8,0.8,0.8,716,5831,6825,37243,,,
2026-09-18T04:47:13+00:00,166,517052,N.Jackson,2,7,Aston Villa,Forward,6.5,0.0,0.0,a,,,,,1.2,1.0,1.0,1.0,12628,26689,139056,67490,2,,
2026-09-18T04:47:13+00:00,582,690838,Madjo,2,7,Aston Villa,Forward,5.4,-0.1,-0.1,i,Unspecified injury - Unknown return date,2026-08-15T16:00:07.974271Z,0,0,0.2,0.0,0.0,0.0,220,3472,2637,27598,,,
2026-09-18T04:47:13+00:00,596,487992,Ruggeri,2,7,Aston Villa,Defender,4.5,0.0,0.0,a,,,,,0.1,0.5,0.5,0.5,526,940,2390,5030,,,
2026-09-18T04:47:13+00:00,597,433969,Suzuki,2,7,Aston Villa,Goalkeeper,5.0,0.0,0.0,a,,,,,1.8,3.5,3.5,3.5,12767,14180,133745,51229,,,
2026-09-18T04:47:13+00:00,606,569577,Rowe,2,7,Aston Villa,Defender,4.0,0.0,0.0,a,,,,,0.2,0.0,0.0,0.0,1548,1371,12422,5027,,,
2026-09-18T04:47:13+00:00,607,571380,Lynch,2,7,Aston Villa,Midfielder,4.5,0.0,0.0,u,Has joined Oxford United on loan until January,2026-09-04T12:35:39.820426Z,0,0,0.1,0.0,0.0,0.0,0,1208,7103,7285,,,
2026-09-18T04:47:13+00:00,611,214590,Wan-Bissaka,2,7,Aston Villa,Defender,4.5,0.0,0.0,a,,,,,0.2,1.7,1.7,1.7,3719,1774,15977,5795,,,
2026-09-18T04:47:13+00:00,618,119090,Goretzka,2,7,Aston Villa,Midfielder,5.9,-0.1,-0.1,i,Knee injury - Expected back 10 Oct,2026-09-09T09:30:08.229436Z,0,0,0.0,0.0,0.0,0.0,37,1214,4599,4164,,,
2026-09-18T04:47:13+00:00,630,245719,Harwood-Bellis,2,7,Aston Villa,Defender,4.5,0.0,0.0,a,,,,,0.0,0.0,0.0,0.0,276,290,1874,745,,,
2026-09-18T04:47:13+00:00,631,638987,Mbaye,2,7,Aston Villa,Midfielder,6.0,0.0,0.0,a,,,,,0.1,0.5,0.5,0.5,1978,1116,8821,3326,,,
2026-09-18T04:47:13+00:00,57,457569,Petrović,3,91,Bournemouth,Goalkeeper,4.5,0.0,0.0,a,,,,,3.1,1.8,1.8,1.8,5431,20242,104295,106373,,,
2026-09-18T04:47:13+00:00,58,40383,Forster,3,91,Bournemouth,Goalkeeper,4.0,0.0,0.0,a,,,,,3.5,0.0,0.0,0.0,17487,11610,104176,67812,,,
2026-09-18T04:47:13+00:00,59,444172,Dennis,3,91,Bournemouth,Goalkeeper,4.0,0.0,0.0,u,Has joined MK Dons permanently,2026-08-27T14:53:48.692835Z,0,0,0.1,0.0,0.0,0.0,0,833,1133,6742,,,
2026-09-18T04:47:13+00:00,60,463981,Hill,3,91,Bournemouth,Defender,5.5,0.0,0.0,a,,,,,0.8,2.0,2.0,2.0,2643,8552,27063,37516,,,
2026-09-18T04:47:13+00:00,61,494521,Truffert,3,91,Bournemouth,Defender,5.5,0.0,0.0,a,,,,,3.2,2.0,2.0,2.0,4944,25518,50293,139303,,,
2026-09-18T04:47:13+00:00,62,242882,Diakité,3,91,Bournemouth,Defender,5.0,0.0,0.0,a,,,,,0.2,0.0,0.0,0.0,754,1871,6496,10708,,,
2026-09-18T04:47:13+00:00,63,620487,Milosavljević,3,91,Bournemouth,Defender,4.9,-0.1,-0.1,i,Thigh injury - Unknown return date,2026-08-06T10:00:10.456051Z,0,0,0.0,0.0,0.0,0.0,47,80,279,782,,,
2026-09-18T04:47:13+00:00,64,54469,Smith,3,91,Bournemouth,Defender,4.5,0.0,0.0,a,,,,,0.1,0.5,0.5,0.5,661,1519,6641,6366,,,
2026-09-18T04:47:13+00:00,65,436893,J.Araujo,3,91,Bournemouth,Defender,4.4,0.0,-0.1,i,Thigh injury - Unknown return date,2026-08-09T08:00:05.645826Z,0,0,0.0,0.0,0.0,0.0,75,126,358,1214,,,
2026-09-18T04:47:13+00:00,66,575901,Soler,3,91,Bournemouth,Defender,4.0,0.0,0.0,a,,2026-08-15T16:30:07.021055Z,100,100,0.3,0.0,0.0,0.0,1958,1969,12702,9450,,,
2026-09-18T04:47:13+00:00,67,499604,Rayan,3,91,Bournemouth,Midfielder,6.4,0.0,-0.1,a,,,,,1.7,2.0,2.0,2.0,3185,27672,47122,151808,,,
2026-09-18T04:47:13+00:00,68,201658,Tavernier,3,91,Bournemouth,Midfielder,6.1,0.1,0.1,a,,,,,6.0,7.2,7.2,7.2,249605,43235,542495,156974,3,,
2026-09-18T04:47:13+00:00,69,503139,Scott,3,91,Bournemouth,Midfielder,6.1,0.0,0.1,a,,,,,5.8,7.0,7.0,7.0,59101,59907,510941,152963,,,
2026-09-18T04:47:13+00:00,70,222683,Kluivert,3,91,Bournemouth,Midfielder,6.0,0.0,0.0,a,,,,,1.0,3.8,3.8,3.8,10780,7982,46596,61785,2,,
2026-09-18T04:47:13+00:00,71,155408,Cook,3,91,Bournemouth,Midfielder,5.0,0.0,0.0,a,,,,,0.2,1.8,1.8,1.8,665,2999,12658,12041,,,
2026-09-18T04:47:13+00:00,72,496208,Gannon-Doak,3,91,Bournemouth,Midfielder,4.9,0.0,-0.1,a,,,,,0.1,0.8,0.8,0.8,266,656,1428,4063,,,
2026-09-18T04:47:13+00:00,73,200785,Adams,3,91,Bournemouth,Midfielder,5.0,0.0,0.0,a,,2026-08-15T16:30:07.029928Z,100,100,0.3,2.0,2.0,2.0,2493,3271,16707,14396,,,
2026-09-18T04:47:13+00:00,74,111317,Brooks,3,91,Bournemouth,Midfielder,5.0,0.0,0.0,a,,2026-08-15T16:30:07.037929Z,100,100,0.1,0.5,0.5,0.5,403,721,3082,3282,,,
2026-09-18T04:47:13+00:00,75,158499,Christie,3,91,Bournemouth,Midfielder,5.0,0.0,0.0,a,,2026-07-24T17:30:10.035483Z,100,100,0.0,0.8,0.8,0.8,456,516,3170,1802,,,
2026-09-18T04:47:13+00:00,76,614574,Tóth.A,3,91,Bournemouth,Midfielder,4.9,-0.1,-0.1,a,,,,,0.0,0.2,0.2,0.2,46,111,341,698,,,
2026-09-18T04:47:13+00:00,77,489888,Adli,3,91,Bournemouth,Midfielder,4.9,0.0,-0.1,i,Calf injury - Unknown return date,2026-08-15T16:00:07.590566Z,0,0,0.0,0.0,0.0,0.0,22,182,266,2114,,,
2026-09-18T04:47:13+00:00,78,560262,Kroupi.Jr,3,91,Bournemouth,Midfielder,7.4,0.0,-0.1,i,Foot injury - Expected back 7 Nov,2026-07-29T17:30:09.796802Z,0,0,0.2,0.0,0.0,0.0,123,1497,1028,26186,1,,
2026-09-18T04:47:13+00:00,79,444102,Evanilson,3,91,Bournemouth,Forward,6.0,0.0,0.0,a,,,,,3.3,4.0,4.0,4.0,34066,34274,225123,142119,,,
2026-09-18T04:47:13+00:00,80,168636,Enes Ünal,3,91,Bournemouth,Forward,5.5,0.0,0.0,u,Has joined Getafe permanently,2026-08-14T14:14:21.881112Z,0,0,0.0,0.0,0.0,0.0,0,99,0,1910,,,
2026-09-18T04:47:13+00:00,81,561245,Rodríguez,3,91,Bournemouth,Forward,6.0,0.0,0.0,a,,2026-08-15T16:30:07.054142Z,100,100,0.1,0.5,0.5,0.5,709,1115,4477,5872,,,
2026-09-18T04:47:13+00:00,566,483067,Silva,3,91,Bournemouth,Defender,5.0,0.0,0.0,a,,,,,0.4,2.5,2.5,2.5,1753,4600,24543,19466,,,
2026-09-18T04:47:13+00:00,573,494928,Sanchez,3,91,Bournemouth,Defender,4.4,-0.1,-0.1,a,,,,,0.2,0.0,0.0,0.0,260,1023,1366,6384,,,
2026-09-18T04:47:13+00:00,608,523700,Jebbison,3,91,Bournemouth,Forward,5.0,0.0,0.0,a,,,,,0.1,0.5,0.5,0.5,1625,1648,12002,5955,,,
2026-09-18T04:47:13+00:00,615,230650,Di Gregorio,3,91,Bournemouth,Goalkeeper,4.5,0.0,0.0,a,,,,,0.0,0.0,0.0,0.0,292,453,2692,1461,,,
2026-09-18T04:47:13+00:00,82,200720,Kelleher,4,94,Brentford,Goalkeeper,5.0,0.0,0.0,a,,,,,6.1,3.5,3.5,3.5,7437,48679,229948,185895,,,
2026-09-18T04:47:13+00:00,83,507433,Valdimarsson,4,94,Brentford,Goalkeeper,4.5,0.0,0.0,a,,,,,0.1,0.0,0.0,0.0,253,682,2501,4048,,,
2026-09-18T04:47:13+00:00,84,432830,Collins,4,94,Brentford,Defender,5.4,-0.1,-0.1,i,Calf injury - Unknown return date,2026-09-05T18:00:06.182495Z,0,0,1.1,2.5,0.0,0.0,91,30925,58606,138889,,,
2026-09-18T04:47:13+00:00,85,444765,Van den Berg,4,94,Brentford,Defender,4.9,0.0,-0.1,i,Groin injury - Unknown return date,2026-08-15T15:30:06.416627Z,0,0,0.1,0.0,0.0,0.0,30,636,366,8476,,,
2026-09-18T04:47:13+00:00,86,249231,Lewis-Potter,4,94,Brentford,Midfielder,5.5,0.0,0.0,a,,,,,1.8,4.8,4.8,4.8,4809,32615,185203,98494,,,
2026-09-18T04:47:13+00:00,87,191866,Ajer,4,94,Brentford,Defender,4.5,0.0,0.0,a,,,,,4.1,3.5,3.5,3.5,7250,48603,303790,228325,,,
2026-09-18T04:47:13+00:00,88,607464,Kayode,4,94,Brentford,Defender,4.6,0.0,0.1,a,,,,,7.8,4.2,4.2,4.2,15272,107324,579734,318947,,,
2026-09-18T04:47:13+00:00,89,194010,Henry,4,94,Brentford,Defender,4.4,-0.1,-0.1,a,,,,,0.2,0.2,0.2,0.2,334,1294,1748,7644,,,
2026-09-18T04:47:13+00:00,90,472713,Hickey,4,94,Brentford,Defender,4.5,0.0,0.0,a,,,,,0.1,1.0,1.0,1.0,259,489,1844,2632,,,
2026-09-18T04:47:13+00:00,92,570241,Ji-soo,4,94,Brentford,Defender,4.5,0.0,0.0,a,,,,,0.0,0.0,0.0,0.0,55,132,420,841,,,
2026-09-18T04:47:13+00:00,93,513086,Schuster,4,94,Brentford,Defender,4.5,0.0,0.0,a,,,,,0.1,1.8,1.8,1.8,251,691,1464,4104,,,
2026-09-18T04:47:13+00:00,94,513418,Schade,4,94,Brentford,Midfielder,6.1,0.1,0.1,a,,,,,6.9,7.5,7.5,7.5,324761,41904,519037,203350,2,,
2026-09-18T04:47:13+00:00,95,533463,O.Dango,4,94,Brentford,Midfielder,6.3,-0.1,-0.2,a,,,,,0.5,1.5,1.5,1.5,654,10632,13986,74563,,,
2026-09-18T04:47:13+00:00,96,440089,Damsgaard,4,94,Brentford,Midfielder,5.4,-0.1,-0.1,a,,,,,0.4,3.2,3.2,3.2,1076,5979,13061,26117,,,
2026-09-18T04:47:13+00:00,97,207283,Jensen,4,94,Brentford,Midfielder,5.4,0.0,-0.1,i,Unspecified injury - Expected back 10 Oct,2026-08-30T12:30:08.176795Z,0,0,0.1,1.5,0.0,0.0,12,1398,4481,13935,3,,
2026-09-18T04:47:13+00:00,98,204580,Janelt,4,94,Brentford,Midfielder,5.0,0.0,0.0,a,,,,,2.5,6.2,6.2,6.2,35190,25505,275015,80834,,,
2026-09-18T04:47:13+00:00,99,543295,Milambo,4,94,Brentford,Midfielder,5.0,0.0,0.0,i,Knee injury - Unknown return date,2026-07-23T12:01:23.384798Z,0,0,0.0,0.0,0.0,0.0,14,26,103,145,,,
2026-09-18T04:47:13+00:00,100,244858,Carvalho,4,94,Brentford,Midfielder,5.0,0.0,0.0,a,,2026-08-18T13:58:17.442072Z,100,100,0.0,0.0,0.0,0.0,213,283,1246,1219,,,
2026-09-18T04:47:13+00:00,102,508395,Yarmoliuk,4,94,Brentford,Midfielder,4.8,-0.1,-0.2,a,,,,,0.7,1.5,1.5,1.5,1382,6823,3909,55723,,,
2026-09-18T04:47:13+00:00,103,183656,Dasilva,4,94,Brentford,Midfielder,4.9,0.0,-0.1,i,Hamstring injury - Expected back 10 Oct,2026-09-04T13:30:08.371955Z,0,0,0.0,0.0,0.0,0.0,7,235,387,1787,,,
2026-09-18T04:47:13+00:00,105,444180,Anthony,4,94,Brentford,Midfielder,5.9,-0.1,-0.1,a,,,,,0.1,1.2,1.2,1.2,459,1655,4822,9959,,,
2026-09-18T04:47:13+00:00,106,502500,Thiago,4,94,Brentford,Forward,7.8,-0.1,-0.2,a,,,,,9.2,1.2,1.2,1.2,14717,169042,202701,944019,1,,
2026-09-18T04:47:13+00:00,107,593174,Furo,4,94,Brentford,Forward,4.5,0.0,0.0,i,Unspecified injury - Unknown return date,2026-09-14T14:00:09.985723Z,,0,1.0,0.0,0.0,0.0,6209,15833,60747,52602,,,
2026-09-18T04:47:13+00:00,108,75115,Wilson,4,94,Brentford,Forward,5.5,0.0,0.0,a,,,,,0.3,0.8,0.8,0.8,1267,4838,13945,22861,,,
2026-09-18T04:47:13+00:00,565,513545,M.Sangaré,4,94,Brentford,Midfielder,5.7,0.0,0.2,a,,,,,11.6,5.5,5.5,5.5,22680,153696,1212799,621679,,,
2026-09-18T04:47:13+00:00,620,613804,Diouf,4,94,Brentford,Defender,4.5,0.0,0.0,a,,,,,0.1,0.3,0.3,0.3,875,1380,12957,6370,,,
2026-09-18T04:47:13+00:00,657,626464,Nunes,4,94,Brentford,Midfielder,4.5,0.0,0.0,a,,,,,0.0,0.0,1.1,1.1,1575,357,1575,357,,,
2026-09-18T04:47:13+00:00,109,489639,Verbruggen,5,36,Brighton,Goalkeeper,4.5,0.0,0.0,a,,,,,21.6,4.2,4.2,4.2,69522,99539,673925,498889,,,
2026-09-18T04:47:13+00:00,111,49262,Steele,5,36,Brighton,Goalkeeper,4.0,0.0,0.0,a,,,,,4.2,0.0,0.0,0.0,15530,16307,135293,100650,,,
2026-09-18T04:47:13+00:00,113,231416,F.Kadıoğlu,5,36,Brighton,Defender,4.4,0.0,-0.1,a,,2026-08-23T13:00:07.595211Z,100,100,1.6,2.0,2.0,2.0,3455,13030,25591,122313,,,
2026-09-18T04:47:13+00:00,114,204120,Boscagli,5,36,Brighton,Defender,4.5,0.0,0.0,a,,,,,0.3,3.2,3.2,3.2,1080,1863,13915,10441,,,
2026-09-18T04:47:13+00:00,115,465730,De Cuyper,5,36,Brighton,Defender,4.9,0.1,0.4,a,,,,,24.3,8.0,8.0,8.0,332762,87920,2340543,349956,,,
2026-09-18T04:47:13+00:00,116,83299,Dunk,5,36,Brighton,Defender,4.5,0.0,0.0,a,,,,,1.5,5.5,5.5,5.5,22705,8656,76153,38099,,,
2026-09-18T04:47:13+00:00,117,550090,Coppola,5,36,Brighton,Defender,4.5,0.0,0.0,a,,,,,0.0,0.0,0.0,0.0,154,185,786,935,,,
2026-09-18T04:47:13+00:00,118,223434,Igor,5,36,Brighton,Defender,4.5,0.0,0.0,u,Has joined Burnley permanently,2026-09-02T15:38:15.529699Z,0,0,0.0,0.0,0.0,0.0,0,718,915,5478,,,
2026-09-18T04:47:13+00:00,119,451490,Costinha,5,36,Brighton,Defender,4.5,0.0,0.0,a,,,,,0.0,0.8,0.8,0.8,178,246,1067,1265,,,
2026-09-18T04:47:13+00:00,120,454490,Svoboda,5,36,Brighton,Defender,5.0,0.0,0.0,a,,,,,0.1,0.0,0.0,0.0,551,797,3080,3362,,,
2026-09-18T04:47:13+00:00,121,451340,Mitoma,5,36,Brighton,Midfielder,5.9,0.0,-0.1,i,Hamstring injury - Expected back 10 Oct,2026-07-24T18:30:10.661894Z,0,0,0.0,0.0,0.0,0.0,49,250,412,2895,,,
2026-09-18T04:47:13+00:00,122,592031,Minteh,5,36,Brighton,Midfielder,5.9,0.0,-0.1,i,Leg injury - Expected back 28 Nov,2026-08-14T18:00:06.418033Z,0,0,0.0,0.0,0.0,0.0,24,398,286,6596,,,
2026-09-18T04:47:13+00:00,123,532529,Hinshelwood,5,36,Brighton,Midfielder,5.9,-0.1,-0.1,i,Ankle injury - Expected back 10 Oct,2026-08-27T19:30:07.780933Z,0,0,0.7,4.0,0.0,0.0,107,22229,147600,204786,,,
2026-09-18T04:47:13+00:00,124,60307,Groß,5,36,Brighton,Midfielder,5.7,0.1,0.2,a,,,,,20.1,8.2,8.2,8.2,468244,74361,1224328,498786,1,,
2026-09-18T04:47:13+00:00,125,463067,Georginio,5,36,Brighton,Forward,5.4,0.0,-0.1,a,,2026-08-26T16:00:07.608056Z,75,100,0.5,1.2,0.9,1.2,1612,9563,31294,69707,,,
2026-09-18T04:47:13+00:00,126,219249,O'Riley,5,36,Brighton,Midfielder,5.4,-0.1,-0.1,a,,,,,0.1,0.2,0.2,0.2,490,1037,3087,5754,3,,
2026-09-18T04:47:13+00:00,127,514254,Gomez,5,36,Brighton,Midfielder,5.0,0.0,0.0,a,,,,,4.4,4.0,4.0,4.0,10589,55955,319719,235540,,,
2026-09-18T04:47:13+00:00,128,536916,Buonanotte,5,36,Brighton,Midfielder,5.0,0.0,0.0,u,Has joined Elche on loan for the rest of the season,2026-08-10T14:03:07.561436Z,0,0,0.0,0.0,0.0,0.0,0,14,0,320,,,
2026-09-18T04:47:13+00:00,129,509416,Ayari,5,36,Brighton,Midfielder,5.4,0.0,-0.1,a,,2026-08-30T18:00:07.935334Z,100,100,0.4,3.0,3.0,3.0,2822,3211,9610,38374,,,
2026-09-18T04:47:13+00:00,130,467779,Wieffer,5,36,Brighton,Defender,4.9,-0.1,-0.1,i,Knee injury - Unknown return date,2026-09-04T09:30:08.612904Z,0,0,0.2,1.8,0.0,0.0,46,5700,25904,40173,,,
2026-09-18T04:47:13+00:00,132,597320,Howell,5,36,Brighton,Midfielder,4.5,0.0,0.0,u,Has joined Leicester City on loan for the rest of the season,2026-08-17T13:53:19.019938Z,0,0,0.0,0.0,0.0,0.0,0,334,0,3417,,,
2026-09-18T04:47:13+00:00,133,549074,Watson,5,36,Brighton,Midfielder,5.0,0.0,0.0,u,Has joined Leicester City on loan for the rest of the season,2026-08-03T14:05:44.459483Z,0,0,0.0,0.0,0.0,0.0,0,8,0,129,,,
2026-09-18T04:47:13+00:00,134,556637,Oriola,5,36,Brighton,Midfielder,4.5,0.0,0.0,a,,,,,0.2,0.0,0.0,0.0,801,2394,8315,12220,,,
2026-09-18T04:47:13+00:00,135,700308,Yohanna,5,36,Brighton,Midfielder,4.9,0.0,-0.1,i,Unspecified injury - Expected back 10 Oct,2026-09-10T13:00:08.617941Z,0,0,0.0,0.2,0.0,0.0,27,944,1235,4855,,,
2026-09-18T04:47:13+00:00,137,608181,Tzimas,5,36,Brighton,Forward,5.4,-0.1,-0.1,i,Knee injury - Unknown return date,2026-07-23T12:01:23.432796Z,0,0,0.0,0.0,0.0,0.0,44,72,278,686,,,
2026-09-18T04:47:13+00:00,138,647850,Kostoulas,5,36,Brighton,Forward,5.5,0.0,0.0,a,,,,,0.9,4.5,4.5,4.5,41515,10873,89048,28304,,,
2026-09-18T04:47:13+00:00,139,487117,Ferguson,5,36,Brighton,Forward,5.0,0.0,0.0,i,Ankle injury - Expected back 10 Oct,2026-07-23T12:01:23.448357Z,0,0,0.0,0.0,0.0,0.0,207,340,1416,2205,,,
2026-09-18T04:47:13+00:00,328,222694,Struijk,5,36,Brighton,Defender,4.9,-0.1,-0.1,a,,2026-08-15T20:30:07.523574Z,100,100,0.2,0.5,0.5,0.5,519,2014,4977,10745,,,
2026-09-18T04:47:13+00:00,504,610799,Vuskovic,5,36,Brighton,Defender,5.0,0.0,0.0,a,,,,,3.1,6.0,6.0,6.0,23184,25660,198596,115532,,,
2026-09-18T04:47:13+00:00,594,538007,David,5,36,Brighton,Forward,6.0,0.0,0.0,a,,,,,0.2,0.2,0.2,0.2,1753,4136,11515,19213,2,,
2026-09-18T04:47:13+00:00,600,612855,Osman,5,36,Brighton,Midfielder,5.0,0.0,0.0,a,,,,,0.0,0.8,0.8,0.8,128,183,811,909,,,
2026-09-18T04:47:13+00:00,605,611695,Yalcouyé,5,36,Brighton,Midfielder,4.5,0.0,0.0,a,,,,,3.9,4.8,4.8,4.8,99320,32233,497516,127122,,,
2026-09-18T04:47:13+00:00,614,512123,Hadjam,5,36,Brighton,Defender,4.5,0.0,0.0,a,,,,,0.0,0.0,0.0,0.0,389,550,3615,1649,,,
2026-09-18T04:47:13+00:00,624,519324,Cozier-Duberry,5,36,Brighton,Midfielder,5.0,0.0,0.0,u,Has joined Middlesbrough on loan for the rest of the season,2026-09-02T15:38:15.552951Z,0,0,0.0,0.0,0.0,0.0,0,9,117,105,,,
2026-09-18T04:47:13+00:00,639,592984,Andrés,5,36,Brighton,Midfielder,5.5,0.0,0.0,a,,,,,0.0,2.0,2.0,2.0,392,194,1166,431,,,
2026-09-18T04:47:13+00:00,652,471551,Azeez,5,36,Brighton,Midfielder,5.5,0.0,0.0,d,Hamstring injury - 75% chance of playing,2026-09-04T11:30:08.661589Z,75,75,0.0,0.0,0.0,0.0,51,45,420,138,,,
2026-09-18T04:47:13+00:00,658,661016,Ibrahim,5,36,Brighton,Midfielder,4.5,0.0,0.0,a,,,,,0.0,0.0,1.1,1.1,1042,221,1042,221,,,
2026-09-18T04:47:13+00:00,28,98980,Martinez,6,8,Chelsea,Goalkeeper,5.0,0.0,0.0,a,,,,,4.9,1.8,1.8,1.8,16705,44128,233491,214925,,,
2026-09-18T04:47:13+00:00,40,244850,Rogers,6,8,Chelsea,Midfielder,7.7,0.1,0.2,a,,,,,38.9,6.8,6.8,6.8,532367,47929,2164276,570232,,,
2026-09-18T04:47:13+00:00,101,56979,Henderson,6,8,Chelsea,Midfielder,4.9,0.0,-0.1,d,Wrist injury - 50% chance of playing,2026-08-09T09:30:07.136250Z,0,50,0.0,0.0,0.0,0.0,36,360,604,2406,,,
2026-09-18T04:47:13+00:00,136,50175,Welbeck,6,8,Chelsea,Forward,5.9,0.0,-0.1,a,,2026-08-20T14:00:07.949090Z,100,100,0.8,0.5,0.5,0.5,13857,10209,32884,70140,,,
2026-09-18T04:47:13+00:00,140,215059,Sánchez,6,8,Chelsea,Goalkeeper,4.9,0.0,-0.1,u,Has joined Como on loan for the rest of the season,2026-09-02T16:20:41.841936Z,0,0,0.8,0.5,0.0,0.0,0,12200,10847,168260,,,
2026-09-18T04:47:13+00:00,141,508479,Jörgensen,6,8,Chelsea,Goalkeeper,5.0,0.0,0.0,u,Has joined RC Strasbourg on loan for the rest of the season,2026-08-12T14:07:02.607115Z,0,0,0.0,0.0,0.0,0.0,0,46,0,912,,,
2026-09-18T04:47:13+00:00,142,225796,James,6,8,Chelsea,Defender,5.4,0.0,-0.1,a,,,,,7.0,0.8,0.8,0.8,16994,87500,167001,471357,,,
2026-09-18T04:47:13+00:00,143,180736,Chalobah,6,8,Chelsea,Defender,5.5,0.0,0.0,u,Has joined Como permanently,2026-08-10T14:03:50.769483Z,0,0,0.1,0.0,0.0,0.0,0,615,0,13540,,,
2026-09-18T04:47:13+00:00,144,482609,Gusto,6,8,Chelsea,Defender,5.0,0.0,0.0,a,,,,,1.0,1.0,1.0,1.0,3452,11387,34172,57979,,,
2026-09-18T04:47:13+00:00,145,444463,Fofana,6,8,Chelsea,Defender,5.0,0.0,0.0,a,,2026-07-23T12:01:23.464591Z,100,100,0.2,1.0,1.0,1.0,2524,2687,15293,6179,,,
2026-09-18T04:47:13+00:00,146,242880,B.Badiashile,6,8,Chelsea,Defender,4.5,0.0,0.0,u,Has joined Napoli on loan for the rest of the season,2026-08-25T14:03:47.079414Z,0,0,0.0,0.0,0.0,0.0,0,110,232,1879,,,
2026-09-18T04:47:13+00:00,148,551210,Hato,6,8,Chelsea,Defender,4.5,0.0,0.0,a,,,,,0.9,2.0,2.0,2.0,3830,16500,89358,47102,,,
2026-09-18T04:47:13+00:00,149,460028,Colwill,6,8,Chelsea,Defender,4.9,0.0,-0.1,a,,,,,0.9,0.5,0.5,0.5,1540,14661,25193,88731,,,
2026-09-18T04:47:13+00:00,150,574458,M.Sarr,6,8,Chelsea,Defender,4.5,0.0,0.0,u,Has joined Real Sociedad on loan for the rest of the season,2026-08-29T00:34:23.077418Z,0,0,0.0,0.0,0.0,0.0,0,369,429,5730,,,
2026-09-18T04:47:13+00:00,151,577016,Acheampong,6,8,Chelsea,Defender,4.5,0.0,0.0,a,,,,,0.4,1.2,1.2,1.2,1181,4843,20364,19368,,,
2026-09-18T04:47:13+00:00,152,620109,Palestra,6,8,Chelsea,Defender,5.3,-0.1,-0.2,d,Thigh injury - 50% chance of playing,2026-08-24T18:30:07.421239Z,0,50,0.7,0.0,0.0,0.0,186,15929,6386,211545,,,
2026-09-18T04:47:13+00:00,154,244851,Palmer,6,8,Chelsea,Midfielder,9.7,0.0,0.2,a,,2026-08-24T22:00:07.971542Z,100,100,26.8,6.5,6.5,6.5,136585,126105,1847421,454824,1,,
2026-09-18T04:47:13+00:00,156,247632,Neto,6,8,Chelsea,Midfielder,6.5,0.0,0.0,a,,,,,1.4,3.0,3.0,3.0,11584,17297,72724,76742,,,
2026-09-18T04:47:13+00:00,157,624773,Estêvão,6,8,Chelsea,Midfielder,6.3,-0.1,-0.2,a,,,,,0.7,0.8,0.8,0.8,2372,8534,15289,81120,2,,
2026-09-18T04:47:13+00:00,158,463936,Gittens,6,8,Chelsea,Midfielder,5.9,0.0,-0.1,a,,,,,0.0,0.0,0.0,0.0,156,343,937,2566,,,
2026-09-18T04:47:13+00:00,159,486672,Caicedo,6,8,Chelsea,Midfielder,5.3,-0.1,-0.2,d,Calf injury - 50% chance of playing,2026-08-30T16:00:08.393562Z,0,50,1.2,0.2,0.0,0.1,507,26110,14561,266783,,,
2026-09-18T04:47:13+00:00,161,514356,Lavia,6,8,Chelsea,Midfielder,5.0,0.0,0.0,a,,,,,0.2,2.8,2.8,2.8,2230,3598,24674,12295,,,
2026-09-18T04:47:13+00:00,163,491007,D.Essugo,6,8,Chelsea,Midfielder,4.5,0.0,0.0,u,Has joined RC Strasbourg on loan for the rest of the season,2026-09-02T16:20:41.865225Z,0,0,0.1,0.0,0.0,0.0,0,1655,2698,13309,,,
2026-09-18T04:47:13+00:00,164,593117,Quenda,6,8,Chelsea,Midfielder,5.3,-0.1,-0.2,a,,2026-07-24T20:30:10.609931Z,100,100,0.0,0.2,0.2,0.2,131,449,808,3136,,,
2026-09-18T04:47:13+00:00,165,475168,João Pedro,6,8,Chelsea,Forward,7.8,0.1,0.3,d,Unspecified injury - 75% chance of playing,2026-09-16T19:00:09.919929Z,,75,72.4,8.2,8.2,6.1,236905,282275,1490255,605968,,,
2026-09-18T04:47:13+00:00,168,499309,Marc Guiu,6,8,Chelsea,Forward,5.0,0.0,0.0,u,Has joined RB Leipzig permanently,2026-09-01T13:24:48.857362Z,0,0,0.2,0.0,0.0,0.0,0,3170,4102,30813,,,
2026-09-18T04:47:13+00:00,169,567119,Mheuka,6,8,Chelsea,Forward,4.5,0.0,0.0,a,,,,,0.5,0.0,0.0,0.0,7018,4770,25270,20669,,,
2026-09-18T04:47:13+00:00,170,503037,Emegha,6,8,Chelsea,Forward,5.0,0.0,0.0,i,Hamstring injury - Expected back 18 Sep,2026-09-09T15:00:09.063849Z,0,0,0.1,0.0,0.0,0.0,101,2357,5979,11083,,,
2026-09-18T04:47:13+00:00,200,437499,Lacroix,6,8,Chelsea,Defender,6.0,0.0,0.0,a,,,,,7.1,2.5,2.5,2.5,7250,96386,164407,371282,,,
2026-09-18T04:47:13+00:00,560,549939,Penders,6,8,Chelsea,Goalkeeper,4.4,0.0,-0.1,a,,,,,0.1,0.0,0.0,0.0,570,508,1649,3208,,,
2026-09-18T04:47:13+00:00,561,622758,Anselmino,6,8,Chelsea,Defender,4.5,0.0,0.0,a,,2026-08-23T19:00:08.536705Z,100,100,0.0,0.0,0.0,0.0,163,179,732,1111,,,
2026-09-18T04:47:13+00:00,568,543158,Barco,6,8,Chelsea,Midfielder,5.4,-0.1,-0.1,a,,,,,0.1,0.2,0.2,0.2,394,1113,2840,6301,,,
2026-09-18T04:47:13+00:00,583,498444,Chavarria,6,8,Chelsea,Defender,4.9,0.0,-0.1,a,,,,,0.1,1.0,1.0,1.0,363,1327,2794,10259,,,
2026-09-18T04:47:13+00:00,91,231065,Pinnock,7,9,Coventry City,Defender,4.5,0.0,0.0,a,,,,,0.1,1.5,1.5,1.5,325,562,2092,3619,,,
2026-09-18T04:47:13+00:00,104,428580,Onyeka,7,9,Coventry City,Midfielder,4.9,0.0,-0.1,a,,2026-09-15T09:00:07.851220Z,,100,0.1,1.5,1.5,1.5,269,1235,3733,8753,,,
2026-09-18T04:47:13+00:00,110,472739,Rushworth,7,9,Coventry City,Goalkeeper,4.5,0.0,0.0,a,,,,,0.8,1.2,1.2,1.2,756,9297,20975,49609,,,
2026-09-18T04:47:13+00:00,171,484389,Dovin,7,9,Coventry City,Goalkeeper,4.0,0.0,0.0,u,Has joined Leyton Orient on loan for the rest of the season,2026-09-02T15:44:14.839336Z,0,0,1.1,0.0,0.0,0.0,0,8124,8924,50913,,,
2026-09-18T04:47:13+00:00,172,110690,Wilson,7,9,Coventry City,Goalkeeper,4.4,-0.1,-0.1,a,,,,,0.4,0.0,0.0,0.0,283,1387,1017,11348,,,
2026-09-18T04:47:13+00:00,173,461102,Thomas,7,9,Coventry City,Defender,4.0,0.0,0.0,a,,,,,8.8,3.8,3.8,3.8,24505,56808,330965,233631,,,
2026-09-18T04:47:13+00:00,174,436761,Kitching,7,9,Coventry City,Defender,4.0,0.0,0.0,u,Has joined Sheffield United on loan for the rest of the season,2026-09-02T16:21:03.612394Z,0,0,0.4,0.0,0.0,0.0,0,4015,981,29771,,,
2026-09-18T04:47:13+00:00,175,451284,van Ewijk,7,9,Coventry City,Defender,4.0,0.0,0.0,a,,,,,9.7,1.5,1.5,1.5,11196,84612,119942,395346,,,
2026-09-18T04:47:13+00:00,176,173878,Dasilva,7,9,Coventry City,Defender,4.0,0.0,0.0,a,,,,,0.7,1.2,1.2,1.2,692,3648,9072,19701,,,
2026-09-18T04:47:13+00:00,177,465390,Kesler-Hayden,7,9,Coventry City,Defender,4.0,0.0,0.0,i,Hamstring injury - Unknown return date,2026-08-27T14:56:28.704361Z,0,0,0.0,0.0,0.0,0.0,123,359,536,3081,,,
2026-09-18T04:47:13+00:00,178,80178,Bidwell,7,9,Coventry City,Defender,4.0,0.0,0.0,a,,,,,0.1,0.0,0.0,0.0,373,545,2187,3072,,,
2026-09-18T04:47:13+00:00,179,204813,Latibeaudiere,7,9,Coventry City,Defender,4.0,0.0,0.0,a,,,,,0.0,0.0,0.0,0.0,122,250,878,1528,,,
2026-09-18T04:47:13+00:00,180,220583,Woolfenden,7,9,Coventry City,Defender,4.0,0.0,0.0,i,Knee injury - Unknown return date,2026-08-27T14:56:28.718566Z,0,0,0.1,0.0,0.0,0.0,190,973,2170,8204,,,
2026-09-18T04:47:13+00:00,181,577411,Brau,7,9,Coventry City,Defender,4.0,0.0,0.0,u,Has joined Academico de Viseu on loan for the rest of the season,2026-08-29T00:35:59.980316Z,0,0,0.0,0.0,0.0,0.0,0,210,275,2000,,,
2026-09-18T04:47:13+00:00,182,539142,Amenda,7,9,Coventry City,Defender,4.0,0.0,0.0,d,Calf injury - 25% chance of playing,2026-09-17T07:30:09.329041Z,,25,0.7,1.0,1.0,0.2,1363,5301,11411,23520,,,
2026-09-18T04:47:13+00:00,183,480457,Rudoni,7,9,Coventry City,Midfielder,4.9,-0.1,-0.1,a,,2026-07-23T12:01:23.481435Z,100,100,0.1,2.0,2.0,2.0,354,1235,3275,6880,,,
2026-09-18T04:47:13+00:00,184,168144,Grimes,7,9,Coventry City,Midfielder,4.9,-0.1,-0.1,a,,,,,0.1,2.0,2.0,2.0,503,1626,3806,9799,3,,
2026-09-18T04:47:13+00:00,185,501459,Sakamoto,7,9,Coventry City,Midfielder,4.8,-0.1,-0.2,a,,,,,0.1,0.2,0.2,0.2,72,733,820,5113,,,
2026-09-18T04:47:13+00:00,186,241293,Mason-Clark,7,9,Coventry City,Midfielder,5.4,0.0,-0.1,a,,2026-08-19T18:00:08.310507Z,100,100,0.1,1.0,1.0,1.0,79,693,1018,5361,,,
2026-09-18T04:47:13+00:00,187,439668,Eccles,7,9,Coventry City,Midfielder,4.9,0.0,-0.1,i,Unspecified injury - Expected back 12 Oct,2026-09-10T18:30:08.877110Z,0,0,0.0,0.0,0.0,0.0,12,265,608,1310,,,
2026-09-18T04:47:13+00:00,188,226965,Torp,7,9,Coventry City,Midfielder,5.4,0.0,-0.1,a,,,,,0.1,0.8,0.8,0.8,35,847,736,7237,2,,
2026-09-18T04:47:13+00:00,189,684268,Shepherd,7,9,Coventry City,Midfielder,4.4,-0.1,-0.1,a,,,,,0.2,0.0,0.0,0.0,540,2048,4552,11960,,,
2026-09-18T04:47:13+00:00,190,469272,Tchaouna,7,9,Coventry City,Midfielder,5.4,0.0,-0.1,a,,,,,0.1,1.0,1.0,1.0,30,823,3107,7603,,,
2026-09-18T04:47:13+00:00,191,492498,Borges Rodrigues,7,9,Coventry City,Midfielder,4.5,0.0,0.0,u,Has joined Burton Albion on loan for the rest of the season,2026-09-02T15:44:14.868001Z,0,0,0.1,0.0,0.0,0.0,0,1474,1943,10363,,,
2026-09-18T04:47:13+00:00,192,629397,Andrews,7,9,Coventry City,Midfielder,4.5,0.0,0.0,u,Has joined Oxford United on loan for the rest of the season,2026-08-29T00:35:59.998520Z,0,0,0.3,0.0,0.0,0.0,0,4285,2718,37587,,,
2026-09-18T04:47:13+00:00,193,176412,Wright,7,9,Coventry City,Forward,5.4,0.0,-0.1,i,Thigh injury - Unknown return date,2026-08-14T22:00:07.214508Z,0,0,0.1,0.0,0.0,0.0,71,1005,541,11684,1,,
2026-09-18T04:47:13+00:00,194,230730,Thomas-Asante,7,9,Coventry City,Forward,5.0,0.0,0.0,a,,,,,0.8,1.2,1.2,1.2,6658,9721,48795,47782,4,,
2026-09-18T04:47:13+00:00,195,218997,Simms,7,9,Coventry City,Forward,5.0,0.0,0.0,a,,,,,0.7,0.8,0.8,0.8,2250,9482,37849,55275,,,
2026-09-18T04:47:13+00:00,196,551262,Markelo,7,9,Coventry City,Forward,5.0,0.0,0.0,u,Has joined Shabab Al-Ahli Dubai permanently,2026-08-17T13:53:55.791223Z,0,0,0.0,0.0,0.0,0.0,0,92,0,1114,,,
2026-09-18T04:47:13+00:00,197,549653,Bassette,7,9,Coventry City,Forward,4.5,0.0,0.0,u,Has joined KVC Westerlo on loan for the rest of the season,2026-07-28T12:58:50.001768Z,0,0,0.0,0.0,0.0,0.0,0,228,0,1914,,,
2026-09-18T04:47:13+00:00,492,210156,Awoniyi,7,9,Coventry City,Forward,5.5,0.0,0.0,s,Suspended until 19 Oct,2026-09-13T15:00:09.305127Z,,0,0.5,0.8,0.8,0.0,541,15885,21228,53633,5,,
2026-09-18T04:47:13+00:00,575,661888,Yirenkyi,7,9,Coventry City,Midfielder,4.9,0.0,-0.1,a,,,,,0.2,1.5,1.5,1.5,207,1953,2623,11874,,,
2026-09-18T04:47:13+00:00,584,196100,Hamer,7,9,Coventry City,Midfielder,5.4,0.0,-0.1,a,,,,,0.1,0.8,0.8,0.8,58,752,744,5748,,,
2026-09-18T04:47:13+00:00,599,627221,Cherif,7,9,Coventry City,Forward,5.0,0.0,0.0,a,,,,,0.1,0.2,0.2,0.2,1243,1128,6517,6487,,,
2026-09-18T04:47:13+00:00,623,79602,Bentley,7,9,Coventry City,Goalkeeper,4.0,0.0,0.0,a,,,,,0.6,0.0,0.0,0.0,9328,2104,66391,16025,,,
2026-09-18T04:47:13+00:00,655,242893,Gboho,7,9,Coventry City,Midfielder,5.5,0.0,0.0,a,,,,,0.0,0.0,2.0,2.0,108,33,173,40,,,
2026-09-18T04:47:13+00:00,656,566213,Mfuni,7,9,Coventry City,Defender,4.0,0.0,0.0,a,,,,,0.1,0.0,1.1,1.1,5256,1330,8067,1597,,,
2026-09-18T04:47:13+00:00,42,485337,Guessand,8,31,Crystal Palace,Midfielder,5.4,-0.1,-0.1,a,,,,,0.0,0.5,0.5,0.5,269,656,2243,3225,,,
2026-09-18T04:47:13+00:00,153,220362,Disasi,8,31,Crystal Palace,Defender,4.5,0.0,0.0,s,Suspended until 25 Oct,2026-09-12T15:30:09.445078Z,,0,0.1,0.2,0.2,0.0,118,3884,9362,8227,,,
2026-09-18T04:47:13+00:00,198,172649,Henderson,8,31,Crystal Palace,Goalkeeper,5.0,0.0,0.0,i,Foot injury - Expected back 11 Oct,2026-09-12T14:00:09.378740Z,100,0,1.5,1.2,1.2,0.0,186,47953,55102,96939,,,
2026-09-18T04:47:13+00:00,199,121709,Benitez,8,31,Crystal Palace,Goalkeeper,4.5,0.0,0.0,a,,,,,0.1,0.5,0.5,0.5,1049,628,2728,4250,,,
2026-09-18T04:47:13+00:00,202,427623,Richards,8,31,Crystal Palace,Defender,5.0,0.0,0.0,a,,,,,0.6,1.5,1.5,1.5,1490,7012,20548,33245,,,
2026-09-18T04:47:13+00:00,203,651426,Canvot,8,31,Crystal Palace,Defender,4.9,0.0,-0.1,a,,,,,0.2,0.5,0.5,0.5,218,3403,5301,17337,,,
2026-09-18T04:47:13+00:00,204,244723,Mitchell,8,31,Crystal Palace,Defender,4.5,0.0,0.0,a,,,,,6.2,4.2,4.2,4.2,17815,53314,292569,227996,,,
2026-09-18T04:47:13+00:00,205,218364,Sosa,8,31,Crystal Palace,Defender,4.5,0.0,0.0,u,Has joined FC Cologne on loan for the rest of the season,2026-09-02T16:03:25.710518Z,0,0,0.0,0.0,0.0,0.0,0,234,236,1929,,,
2026-09-18T04:47:13+00:00,206,515621,Chadi Riad,8,31,Crystal Palace,Defender,4.4,0.0,-0.1,i,Knee injury - Unknown return date,2026-08-22T18:00:07.352049Z,0,0,0.0,0.2,0.0,0.0,40,313,611,5481,,,
2026-09-18T04:47:13+00:00,207,242313,Mingueza,8,31,Crystal Palace,Defender,4.4,0.0,-0.1,a,,,,,0.1,0.5,0.5,0.5,216,744,1876,4342,,,
2026-09-18T04:47:13+00:00,208,232185,Sarr,8,31,Crystal Palace,Midfielder,6.2,-0.1,-0.3,a,,2026-08-22T18:00:07.363165Z,0,100,0.6,0.0,0.0,0.0,266,10537,2877,372600,2,,
2026-09-18T04:47:13+00:00,210,496221,Wharton,8,31,Crystal Palace,Midfielder,5.5,0.0,0.0,a,,2026-07-23T12:01:23.498963Z,100,100,0.8,2.5,2.5,2.5,2314,9324,27894,41439,,,
2026-09-18T04:47:13+00:00,211,488024,Yeremy,8,31,Crystal Palace,Midfielder,5.5,0.0,0.0,a,,,,,0.4,3.0,3.0,3.0,1323,9612,43939,23848,,,
2026-09-18T04:47:13+00:00,212,108413,Hughes,8,31,Crystal Palace,Midfielder,4.4,-0.1,-0.1,a,,,,,7.9,0.5,0.5,0.5,21114,74070,105502,411750,,,
2026-09-18T04:47:13+00:00,213,152551,Lerma,8,31,Crystal Palace,Midfielder,4.9,0.0,-0.1,a,,,,,0.1,0.2,0.2,0.2,141,631,1168,4956,,,
2026-09-18T04:47:13+00:00,214,209400,Kamada,8,31,Crystal Palace,Midfielder,5.0,0.0,0.0,a,,,,,0.5,4.5,4.5,4.5,17297,5642,41643,19412,,,
2026-09-18T04:47:13+00:00,215,489706,Devenny,8,31,Crystal Palace,Midfielder,5.0,0.0,0.0,u,Has joined Stoke City permanently,2026-09-02T15:41:07.346849Z,0,0,0.0,0.0,0.0,0.0,0,90,132,880,3,,
2026-09-18T04:47:13+00:00,216,606921,Esse,8,31,Crystal Palace,Midfielder,5.0,0.0,0.0,u,Has joined Millwall on loan for the rest of the season,2026-09-02T15:41:07.376544Z,0,0,0.0,0.0,0.0,0.0,0,339,399,3045,,,
2026-09-18T04:47:13+00:00,217,536694,M.França,8,31,Crystal Palace,Midfielder,4.9,0.0,-0.1,u,Has joined Alverca on loan for the rest of the season,2026-09-11T14:42:19.322912Z,0,0,0.0,0.0,0.0,0.0,0,542,1007,3149,,,
2026-09-18T04:47:13+00:00,218,438464,Doucouré,8,31,Crystal Palace,Midfielder,4.9,0.0,-0.1,a,,,,,0.0,0.0,0.0,0.0,213,678,1915,3995,,,
2026-09-18T04:47:13+00:00,219,450542,J.Rak-Sakyi,8,31,Crystal Palace,Midfielder,4.9,0.0,-0.1,u,has joined  Kasimpasa on loan for the rest of the seaon.,2026-09-10T09:12:47.224598Z,0,0,0.0,0.0,0.0,0.0,0,90,145,431,,,
2026-09-18T04:47:13+00:00,220,590014,Cardines,8,31,Crystal Palace,Defender,4.5,0.0,0.0,u,Has joined Bristol City on loan for the rest of the season,2026-08-12T14:08:46.501813Z,0,0,0.0,0.0,0.0,0.0,0,7,0,124,,,
2026-09-18T04:47:13+00:00,221,672492,Drakes-Thomas,8,31,Crystal Palace,Midfielder,4.5,0.0,0.0,a,,,,,0.1,0.0,0.0,0.0,291,778,2479,4033,,,
2026-09-18T04:47:13+00:00,222,247412,Strand Larsen,8,31,Crystal Palace,Forward,6.0,0.0,0.0,a,,,,,0.6,3.0,3.0,3.0,11013,7534,41047,33450,,,
2026-09-18T04:47:13+00:00,223,231747,Mateta,8,31,Crystal Palace,Forward,6.3,-0.1,-0.2,i,Hamstring injury - Expected back 11 Oct,2026-08-28T21:00:08.020382Z,0,0,1.4,0.5,0.0,0.0,178,22351,25699,438304,1,,
2026-09-18T04:47:13+00:00,224,205533,Nketiah,8,31,Crystal Palace,Forward,5.5,0.0,0.0,a,,2026-09-12T14:00:09.427136Z,,100,0.5,1.8,1.8,1.8,385,18954,45340,42622,,,
2026-09-18T04:47:13+00:00,225,660392,Uche,8,31,Crystal Palace,Forward,5.0,0.0,0.0,u,has returned to Getafe CF,2026-07-23T12:18:56.275922Z,0,0,0.0,0.0,0.0,0.0,0,0,0,0,,,
2026-09-18T04:47:13+00:00,241,433154,McNeil,8,31,Crystal Palace,Midfielder,5.4,0.0,-0.1,a,,,,,0.1,0.8,0.8,0.8,147,1175,1669,7345,,,
2026-09-18T04:47:13+00:00,555,169593,Matthews,8,31,Crystal Palace,Goalkeeper,4.0,0.0,0.0,a,,,,,1.7,0.0,0.0,0.0,2788,4778,21511,27425,,,
2026-09-18T04:47:13+00:00,577,223723,Tomiyasu,8,31,Crystal Palace,Defender,4.4,-0.1,-0.1,a,,,,,0.3,0.5,0.5,0.5,355,2228,3187,11524,,,
2026-09-18T04:47:13+00:00,588,570794,Khalaili,8,31,Crystal Palace,Defender,5.0,0.0,0.0,a,,,,,0.3,3.2,3.2,3.2,4799,4134,31678,11857,,,
2026-09-18T04:47:13+00:00,595,559152,Gozo,8,31,Crystal Palace,Midfielder,5.0,0.0,0.0,a,,,,,0.0,0.5,0.5,0.5,68,157,437,752,,,
2026-09-18T04:47:13+00:00,633,605972,Ahanor,8,31,Crystal Palace,Defender,4.5,0.0,0.0,a,,,,,0.0,1.5,1.5,1.5,595,186,1660,398,,,
2026-09-18T04:47:13+00:00,643,172850,Chilwell,8,31,Crystal Palace,Defender,4.5,0.0,0.0,a,,,,,0.5,4.0,4.0,4.0,2679,7224,41964,12977,,,
2026-09-18T04:47:13+00:00,644,450063,Timber,8,31,Crystal Palace,Midfielder,5.0,0.0,0.0,a,,,,,0.0,3.0,3.0,3.0,1173,493,3586,1057,,,
2026-09-18T04:47:13+00:00,647,533646,Osorio,8,31,Crystal Palace,Midfielder,5.5,0.0,0.0,a,,,,,0.0,0.5,0.5,0.5,69,124,908,289,,,
2026-09-18T04:47:13+00:00,21,128295,Nørgaard,9,11,Everton,Midfielder,4.9,0.0,-0.1,i,Groin injury - Unknown return date,2026-08-15T20:00:06.779594Z,0,0,0.0,0.0,0.0,0.0,38,621,432,6940,,,
2026-09-18T04:47:13+00:00,209,242898,Johnson,9,11,Everton,Midfielder,5.9,0.0,-0.1,a,,,,,0.1,1.5,1.5,1.5,1611,1101,4198,9355,,,
2026-09-18T04:47:13+00:00,226,111234,Pickford,9,11,Everton,Goalkeeper,5.5,0.0,0.0,a,,,,,9.0,4.2,4.2,4.2,54915,33141,244703,212234,,,
2026-09-18T04:47:13+00:00,227,229600,Travers,9,11,Everton,Goalkeeper,5.0,0.0,0.0,a,,,,,0.0,0.0,0.0,0.0,448,374,1430,1774,,,
2026-09-18T04:47:13+00:00,228,138001,King,9,11,Everton,Goalkeeper,4.5,0.0,0.0,a,,,,,0.0,0.0,0.0,0.0,189,244,1013,1515,,,
2026-09-18T04:47:13+00:00,229,17761,Tarkowski,9,11,Everton,Defender,6.1,0.1,0.1,a,,,,,14.0,7.2,7.2,7.2,225215,37544,643158,251929,,,
2026-09-18T04:47:13+00:00,230,480455,Branthwaite,9,11,Everton,Defender,5.5,0.0,0.0,a,,,,,2.2,4.8,4.8,4.8,36713,10338,106789,61610,,,
2026-09-18T04:47:13+00:00,231,106611,Keane,9,11,Everton,Defender,4.8,-0.1,-0.2,a,,,,,0.8,0.0,0.0,0.0,1539,9391,8361,83981,,,
2026-09-18T04:47:13+00:00,232,512462,O'Brien,9,11,Everton,Defender,4.9,0.0,-0.1,a,,,,,0.3,0.2,0.2,0.2,970,2142,3968,22840,,,
2026-09-18T04:47:13+00:00,233,224967,Mykolenko,9,11,Everton,Defender,4.5,0.0,0.0,a,,,,,3.5,5.5,5.5,5.5,158595,17768,291181,90099,,,
2026-09-18T04:47:13+00:00,234,243571,Patterson,9,11,Everton,Defender,4.5,0.0,0.0,u,Has joined Torino permanently,2026-09-02T16:05:23.326971Z,0,0,0.0,0.0,0.0,0.0,0,258,371,2250,,,
2026-09-18T04:47:13+00:00,235,499300,Aznou,9,11,Everton,Defender,4.0,0.0,0.0,u,Has joined Malaga on loan for the rest of the season,2026-09-01T13:23:16.934847Z,0,0,0.1,0.0,0.0,0.0,0,1317,1728,10264,,,
2026-09-18T04:47:13+00:00,236,215413,Dewsbury-Hall,9,11,Everton,Midfielder,6.5,0.0,0.0,a,,,,,5.7,4.2,4.2,4.2,130372,46398,465020,266202,,,
2026-09-18T04:47:13+00:00,238,114283,Grealish,9,11,Everton,Midfielder,6.5,0.0,0.0,a,,2026-07-29T10:00:10.492904Z,100,100,0.4,0.8,0.8,0.8,7366,4813,34097,19059,,,
2026-09-18T04:47:13+00:00,239,232928,Garner,9,11,Everton,Midfielder,6.0,0.0,0.0,a,,2026-09-06T18:00:08.301702Z,100,100,0.2,2.0,2.0,2.0,8722,2481,15922,11157,2,,
2026-09-18T04:47:13+00:00,242,550615,George,9,11,Everton,Midfielder,5.5,0.0,0.0,a,,,,,0.9,4.5,4.5,4.5,35314,8296,89419,29003,,,
2026-09-18T04:47:13+00:00,243,502697,Alcaraz,9,11,Everton,Midfielder,4.9,0.0,-0.1,a,,,,,0.1,0.2,0.2,0.2,390,796,2552,5198,,,
2026-09-18T04:47:13+00:00,244,609873,Armstrong,9,11,Everton,Midfielder,5.0,0.0,0.0,d,Unspecified injury - 75% chance of playing,2026-09-17T08:30:08.942299Z,,75,0.4,3.5,3.5,2.6,5775,6022,52885,26518,,,
2026-09-18T04:47:13+00:00,245,496661,Dibling,9,11,Everton,Midfielder,5.4,0.0,-0.1,a,,,,,0.0,0.0,0.0,0.0,204,305,971,2429,,,
2026-09-18T04:47:13+00:00,246,513466,Röhl,9,11,Everton,Midfielder,4.9,-0.1,-0.1,d,Unspecified injury - 75% chance of playing,2026-09-16T18:00:09.541933Z,,75,0.0,1.5,1.5,1.1,278,828,1948,3672,,,
2026-09-18T04:47:13+00:00,247,244860,Hackney,9,11,Everton,Midfielder,5.5,0.0,0.0,a,,2026-08-26T22:00:07.797766Z,100,100,0.2,2.2,2.2,2.2,582,1556,3407,10434,,,
2026-09-18T04:47:13+00:00,248,486385,Beto,9,11,Everton,Forward,5.4,0.0,-0.1,u,Has joined Fiorentina permanently,2026-09-02T16:05:23.357221Z,0,0,0.7,0.5,0.0,0.0,0,19325,16222,206331,,,
2026-09-18T04:47:13+00:00,249,586309,Barry,9,11,Everton,Forward,5.6,0.0,0.1,a,,,,,7.1,3.5,3.5,3.5,140681,64558,760625,298404,1,,
2026-09-18T04:47:13+00:00,649,154043,Maitland-Niles,9,11,Everton,Defender,4.5,0.0,0.0,a,,,,,0.9,6.5,6.5,6.5,38129,4779,57093,8609,,,
2026-09-18T04:47:13+00:00,654,629068,Graham,9,11,Everton,Midfielder,4.5,0.0,0.0,a,,,,,0.1,0.0,0.0,0.0,1448,1967,10909,4028,,,
2026-09-18T04:47:13+00:00,250,80201,Leno,10,54,Fulham,Goalkeeper,4.5,0.0,0.0,a,,,,,3.1,3.8,3.8,3.8,27874,12946,101398,86576,,,
2026-09-18T04:47:13+00:00,251,86873,Lecomte,10,54,Fulham,Goalkeeper,4.0,0.0,0.0,a,,,,,1.1,0.0,0.0,0.0,2785,3198,21878,22347,,,
2026-09-18T04:47:13+00:00,252,505079,McNally,10,54,Fulham,Goalkeeper,4.0,0.0,0.0,u,Has joined York City on loan for the rest of the season,2026-09-01T13:25:11.231240Z,0,0,0.1,0.0,0.0,0.0,0,733,2589,5821,,,
2026-09-18T04:47:13+00:00,253,174874,Andersen,10,54,Fulham,Defender,5.0,0.0,0.0,a,,2026-07-23T12:01:23.516350Z,100,100,0.1,0.5,0.5,0.5,1459,1630,11502,7663,,,
2026-09-18T04:47:13+00:00,254,169528,Robinson,10,54,Fulham,Defender,4.5,0.0,0.0,a,,,,,1.4,2.5,2.5,2.5,8361,8636,39277,61332,2,,
2026-09-18T04:47:13+00:00,255,246301,J.Cuenca,10,54,Fulham,Defender,4.5,0.0,0.0,a,,,,,0.0,0.8,0.8,0.8,74,272,1465,1833,,,
2026-09-18T04:47:13+00:00,256,167074,Tete,10,54,Fulham,Defender,4.4,0.0,-0.1,a,,,,,0.2,0.0,0.0,0.0,297,1285,1302,8657,,,
2026-09-18T04:47:13+00:00,257,232892,Bassey,10,54,Fulham,Defender,4.5,0.0,0.0,a,,,,,0.7,2.2,2.2,2.2,2870,2906,20226,27139,,,
2026-09-18T04:47:13+00:00,258,166477,Castagne,10,54,Fulham,Defender,4.5,0.0,0.0,a,,,,,0.8,4.8,4.8,4.8,10375,5681,72888,36796,,,
2026-09-18T04:47:13+00:00,261,153133,Iwobi,10,54,Fulham,Midfielder,5.4,0.0,-0.1,a,,,,,0.7,2.2,2.2,2.2,2377,7210,18222,49992,3,,
2026-09-18T04:47:13+00:00,262,209289,Smith Rowe,10,54,Fulham,Midfielder,5.4,0.0,-0.1,a,,,,,0.2,0.8,0.8,0.8,464,2711,4080,18879,,,
2026-09-18T04:47:13+00:00,263,560552,Kevin,10,54,Fulham,Midfielder,5.3,-0.1,-0.2,a,,,,,0.0,0.8,0.8,0.8,495,532,1703,3798,,,
2026-09-18T04:47:13+00:00,264,477555,Bobb,10,54,Fulham,Midfielder,5.5,0.0,0.0,a,,,,,0.3,2.5,2.5,2.5,2065,3073,13326,18303,,,
2026-09-18T04:47:13+00:00,265,207189,Berge,10,54,Fulham,Midfielder,4.9,0.0,-0.1,a,,,,,0.3,2.0,2.0,2.0,1335,2406,5423,15966,,,
2026-09-18T04:47:13+00:00,266,76357,Cairney,10,54,Fulham,Midfielder,4.9,-0.1,-0.1,i,Knee injury - Expected back 10 Oct,2026-08-14T18:00:06.460944Z,0,0,0.0,0.0,0.0,0.0,12,42,98,292,,,
2026-09-18T04:47:13+00:00,268,577725,King,10,54,Fulham,Midfielder,5.5,0.0,0.0,a,,,,,1.7,5.5,5.5,5.5,70461,19638,209875,71756,,,
2026-09-18T04:47:13+00:00,269,184349,Sessegnon,10,54,Fulham,Defender,4.4,0.0,-0.1,d,Groin injury - 75% chance of playing,2026-09-14T11:30:07.403957Z,,75,0.3,0.8,0.8,0.6,219,3774,2434,16182,,,
2026-09-18T04:47:13+00:00,270,153366,Reed,10,54,Fulham,Midfielder,4.4,-0.1,-0.1,a,,,,,1.2,0.0,0.0,0.0,14157,12748,31434,62328,,,
2026-09-18T04:47:13+00:00,271,244042,Muniz,10,54,Fulham,Forward,5.4,0.0,-0.1,a,,,,,0.4,0.8,0.8,0.8,2606,4696,13451,30810,,,
2026-09-18T04:47:13+00:00,272,631786,Kusi-Asare,10,54,Fulham,Forward,4.5,0.0,0.0,a,,,,,5.8,0.0,0.0,0.0,23711,50078,142996,247039,,,
2026-09-18T04:47:13+00:00,569,551466,Gonzalo,10,54,Fulham,Forward,6.0,0.0,0.0,a,,,,,3.6,3.0,3.0,3.0,25992,57112,345430,262329,1,,
2026-09-18T04:47:13+00:00,570,571779,Palacios,10,54,Fulham,Midfielder,5.4,-0.1,-0.1,a,,,,,0.2,2.8,2.8,2.8,1362,1876,4733,9148,,,
2026-09-18T04:47:13+00:00,580,463210,Charles,10,54,Fulham,Midfielder,5.0,0.0,0.0,a,,,,,0.1,2.2,2.2,2.2,584,508,1572,3491,,,
2026-09-18T04:47:13+00:00,610,547686,De Fougerolles,10,54,Fulham,Defender,4.0,0.0,0.0,u,has joined  Real Salt Lake on loan for the rest of the seaon.,2026-08-28T11:30:08.336405Z,0,0,0.1,0.0,0.0,0.0,0,1012,5787,4590,,,
2026-09-18T04:47:13+00:00,626,616069,Zepa,10,54,Fulham,Midfielder,4.5,0.0,0.0,a,,,,,0.3,0.0,0.0,0.0,951,4141,34122,15498,,,
2026-09-18T04:47:13+00:00,635,551050,Larsson,10,54,Fulham,Midfielder,5.0,0.0,0.0,a,,,,,0.0,1.0,1.0,1.0,160,99,714,207,,,
2026-09-18T04:47:13+00:00,636,500033,Ángel,10,54,Fulham,Midfielder,5.0,0.0,0.0,a,,,,,0.0,0.0,0.0,0.0,72,59,325,127,,,
2026-09-18T04:47:13+00:00,650,442299,Affengruber,10,54,Fulham,Defender,4.5,0.0,0.0,a,,,,,0.0,4.0,4.0,4.0,1830,403,2308,532,,,
2026-09-18T04:47:13+00:00,240,490094,Iroegbunam,11,88,Hull City,Midfielder,5.0,0.0,0.0,a,,2026-08-15T20:00:06.878792Z,100,100,0.0,0.2,0.2,0.2,341,233,1005,974,,,
2026-09-18T04:47:13+00:00,273,167825,Phillips,11,88,Hull City,Goalkeeper,4.0,0.0,0.0,a,,,,,1.4,0.0,0.0,0.0,4114,5330,25143,33477,,,
2026-09-18T04:47:13+00:00,274,105666,Butland,11,88,Hull City,Goalkeeper,4.5,0.0,0.0,i,Arm injury - Unknown return date,2026-08-08T19:00:05.601633Z,0,0,0.1,0.0,0.0,0.0,84,481,544,4525,,,
2026-09-18T04:47:13+00:00,275,494950,Cartwright,11,88,Hull City,Goalkeeper,4.0,0.0,0.0,u,Has joined Grimsby Town on loan for the rest of the season,2026-07-29T13:00:27.959925Z,0,0,0.0,0.0,0.0,0.0,0,36,0,297,,,
2026-09-18T04:47:13+00:00,276,444307,Lo-Tutala,11,88,Hull City,Goalkeeper,4.0,0.0,0.0,u,Has joined Colchester United on loan for the rest of the season,2026-08-17T13:50:27.125537Z,0,0,0.0,0.0,0.0,0.0,0,114,0,973,,,
2026-09-18T04:47:13+00:00,277,108416,Egan,11,88,Hull City,Defender,4.1,0.0,0.1,a,,,,,6.9,6.2,6.2,6.2,90075,34631,692453,177055,,,
2026-09-18T04:47:13+00:00,278,501902,Hughes,11,88,Hull City,Defender,3.9,-0.1,-0.1,i,Groin injury - Unknown return date,2026-08-02T09:00:11.030017Z,0,0,0.3,0.0,0.0,0.0,14127,4502,14538,9832,,,
2026-09-18T04:47:13+00:00,279,146426,Ajayi,11,88,Hull City,Defender,4.2,0.0,0.2,a,,2026-08-22T17:30:07.668197Z,100,100,13.9,6.5,6.5,6.5,198228,69806,1259547,233191,,,
2026-09-18T04:47:13+00:00,280,193278,Coyle,11,88,Hull City,Defender,4.0,0.0,0.0,a,,2026-08-29T16:30:08.151841Z,100,100,0.7,3.2,3.2,3.2,9430,3421,23073,22816,,,
2026-09-18T04:47:13+00:00,281,433590,Drameh,11,88,Hull City,Defender,4.0,0.0,0.0,u,Has joined Genoa permanently,2026-09-02T16:09:06.479140Z,0,0,0.0,0.5,0.0,0.0,0,551,2118,4140,,,
2026-09-18T04:47:13+00:00,282,232351,Giles,11,88,Hull City,Defender,4.0,0.0,0.0,a,,,,,2.7,6.0,6.0,6.0,109591,17520,225207,46976,,,
2026-09-18T04:47:13+00:00,283,449428,Jacob,11,88,Hull City,Defender,4.0,0.0,0.0,u,Has joined Newport County on loan until January,2026-08-02T09:00:11.038361Z,0,0,0.0,0.0,0.0,0.0,0,78,114,641,,,
2026-09-18T04:47:13+00:00,284,661800,McCarthy,11,88,Hull City,Defender,4.0,0.0,0.0,a,,,,,0.1,0.0,0.0,0.0,1093,752,4261,3963,,,
2026-09-18T04:47:13+00:00,285,160817,McNair,11,88,Hull City,Defender,4.0,0.0,0.0,a,,2026-09-09T13:30:08.327907Z,100,100,0.1,0.2,0.2,0.2,561,711,2789,4103,,,
2026-09-18T04:47:13+00:00,286,540324,Belloumi,11,88,Hull City,Midfielder,5.1,0.1,0.1,a,,,,,3.9,6.8,6.8,6.8,285813,25506,352831,51634,,,
2026-09-18T04:47:13+00:00,287,232905,Millar,11,88,Hull City,Midfielder,5.0,0.0,0.0,u,Has joined Birmingham on loan for the rest of the season,2026-09-02T15:36:41.038103Z,0,0,0.0,1.5,0.0,0.0,0,834,3178,7046,,,
2026-09-18T04:47:13+00:00,288,171270,Dowell,11,88,Hull City,Midfielder,4.5,0.0,0.0,a,,,,,0.3,0.0,0.0,0.0,1300,3476,11504,18585,,,
2026-09-18T04:47:13+00:00,289,101282,Crooks,11,88,Hull City,Midfielder,4.5,0.0,0.0,a,,2026-08-29T15:00:08.569326Z,100,100,0.5,0.8,0.8,0.8,3410,4538,18693,34461,,,
2026-09-18T04:47:13+00:00,290,243413,Slater,11,88,Hull City,Midfielder,4.5,0.0,0.0,a,,,,,5.5,3.2,3.2,3.2,50533,47477,470780,224904,,,
2026-09-18T04:47:13+00:00,291,465525,Matazo,11,88,Hull City,Midfielder,4.5,0.0,0.0,i,Knee injury - Unknown return date,2026-07-23T12:01:23.532635Z,0,0,0.0,0.0,0.0,0.0,53,61,337,409,,,
2026-09-18T04:47:13+00:00,292,208481,Ömür,11,88,Hull City,Midfielder,4.9,0.0,-0.1,a,,,,,0.0,0.0,0.0,0.0,251,270,1081,1439,,,
2026-09-18T04:47:13+00:00,293,490161,Kamara,11,88,Hull City,Midfielder,5.0,0.0,0.0,u,Has joined Portsmouth permanently,2026-08-12T14:08:23.542043Z,0,0,0.0,0.0,0.0,0.0,0,19,0,359,,,
2026-09-18T04:47:13+00:00,294,553783,Zambrano,11,88,Hull City,Midfielder,4.5,0.0,0.0,a,,2026-08-04T18:30:11.016909Z,100,100,0.1,0.0,0.0,0.0,1094,937,3609,6115,,,
2026-09-18T04:47:13+00:00,295,169432,McBurnie,11,88,Hull City,Forward,5.5,0.0,0.0,a,,,,,2.0,3.0,3.0,3.0,27471,21060,172959,127732,1,,
2026-09-18T04:47:13+00:00,296,213292,Akintola,11,88,Hull City,Midfielder,5.0,0.0,0.0,u,Has joined Omonoia FC permanently,2026-09-11T14:42:38.120231Z,0,0,0.0,0.0,0.0,0.0,0,1040,2704,4440,,,
2026-09-18T04:47:13+00:00,297,470294,Gyabi,11,88,Hull City,Midfielder,4.5,0.0,0.0,i,Thigh injury - Unknown return date,2026-08-04T18:30:11.027155Z,0,0,0.0,0.0,0.0,0.0,48,171,376,1422,,,
2026-09-18T04:47:13+00:00,298,500957,Destan,11,88,Hull City,Forward,4.5,0.0,0.0,u,Has joined Konyaspor permanently,2026-08-17T13:50:27.145733Z,0,0,0.2,0.0,0.0,0.0,0,2253,0,20445,,,
2026-09-18T04:47:13+00:00,299,534392,Burstow,11,88,Hull City,Forward,4.5,0.0,0.0,u,Has joined Sheffield Wednesday on loan for the rest of the season,2026-08-03T14:05:20.234842Z,0,0,0.0,0.0,0.0,0.0,0,298,0,2783,,,
2026-09-18T04:47:13+00:00,340,462635,Gelhardt,11,88,Hull City,Midfielder,5.0,0.0,0.0,a,,2026-08-17T21:30:07.799839Z,100,100,0.0,0.0,0.0,0.0,237,190,566,864,,,
2026-09-18T04:47:13+00:00,556,169359,Targett,11,88,Hull City,Defender,4.0,0.0,0.0,d,Ankle injury - 75% chance of playing,2026-09-17T14:00:26.419938Z,,75,1.8,0.2,0.2,0.2,3616,13667,24666,71466,,,
2026-09-18T04:47:13+00:00,563,445028,Morita,11,88,Hull City,Midfielder,5.0,0.0,0.0,i,Calf injury - Expected back 11 Oct,2026-09-09T14:00:08.474217Z,0,0,0.0,0.2,0.0,0.0,20,370,700,1525,,,
2026-09-18T04:47:13+00:00,572,473284,Tzolakis,11,88,Hull City,Goalkeeper,4.6,0.0,0.1,a,,,,,11.2,7.0,7.0,7.0,128172,44182,836782,185218,,,
2026-09-18T04:47:13+00:00,574,552946,Hjertø-Dahl,11,88,Hull City,Midfielder,4.9,0.0,-0.1,a,,,,,0.1,0.2,0.2,0.2,253,631,1325,3925,,,
2026-09-18T04:47:13+00:00,576,608227,Stroud,11,88,Hull City,Midfielder,5.0,0.0,0.0,a,,,,,0.1,1.8,1.8,1.8,543,698,3364,4012,,,
2026-09-18T04:47:13+00:00,585,597462,Herrington,11,88,Hull City,Defender,4.0,0.0,0.0,a,,,,,0.6,1.0,1.0,1.0,2860,2869,11201,16162,,,
2026-09-18T04:47:13+00:00,586,606930,Mendy,11,88,Hull City,Defender,4.1,0.0,0.1,i,Concussion - Expected back 11 Oct,2026-09-12T18:00:09.334142Z,100,0,6.9,6.2,6.2,0.0,13017,123020,675887,281706,,,
2026-09-18T04:47:13+00:00,589,469266,Gourna-Douath,11,88,Hull City,Midfielder,5.0,0.0,0.0,a,,,,,0.0,0.8,0.8,0.8,128,223,648,1166,,,
2026-09-18T04:47:13+00:00,617,490884,Cho,11,88,Hull City,Midfielder,5.0,0.0,0.0,a,,,,,0.0,1.0,1.0,1.0,330,189,1365,572,,,
2026-09-18T04:47:13+00:00,632,626751,Ansah,11,88,Hull City,Forward,5.0,0.0,0.0,i,Back injury - Unknown return date,2026-09-09T10:00:08.919489Z,0,0,0.0,0.0,0.0,0.0,114,1112,5010,2874,,,
2026-09-18T04:47:13+00:00,637,631000,Vaz,11,88,Hull City,Forward,5.0,0.0,0.0,a,,,,,0.1,0.5,0.5,0.5,4579,1343,9498,2446,,,
2026-09-18T04:47:13+00:00,638,496181,Norton-Cuffy,11,88,Hull City,Defender,4.0,0.0,0.0,a,,,,,0.3,0.5,0.5,0.5,4345,3085,24947,7334,,,
2026-09-18T04:47:13+00:00,642,243951,Thomas,11,88,Hull City,Midfielder,5.5,0.0,0.0,a,,,,,0.0,1.0,1.0,1.0,1072,421,2401,756,,,
2026-09-18T04:47:13+00:00,645,647839,Mouzakitis,11,88,Hull City,Midfielder,5.0,0.0,0.0,a,,,,,0.0,0.0,0.0,0.0,185,93,665,207,,,
2026-09-18T04:47:13+00:00,259,219924,Diop,12,40,Ipswich Town,Defender,4.0,0.0,0.0,a,,,,,13.5,2.0,2.0,2.0,15620,83062,124983,422738,,,
2026-09-18T04:47:13+00:00,267,212314,Lukić,12,40,Ipswich Town,Midfielder,5.0,0.0,0.0,a,,,,,0.1,2.2,2.2,2.2,326,989,3085,5557,,,
2026-09-18T04:47:13+00:00,300,108813,Walton,12,40,Ipswich Town,Goalkeeper,4.4,0.0,-0.1,a,,,,,0.4,0.0,0.0,0.0,654,1658,1576,13465,,,
2026-09-18T04:47:13+00:00,301,112520,Palmer,12,40,Ipswich Town,Goalkeeper,4.0,0.0,0.0,a,,,,,4.0,0.0,0.0,0.0,7249,15681,68662,96780,,,
2026-09-18T04:47:13+00:00,302,50093,Button,12,40,Ipswich Town,Goalkeeper,4.0,0.0,0.0,a,,,,,0.6,0.0,0.0,0.0,2142,1798,29201,13310,,,
2026-09-18T04:47:13+00:00,303,183015,Kipré,12,40,Ipswich Town,Defender,3.9,-0.1,-0.1,a,,,,,1.0,0.0,0.0,0.0,34902,7589,36455,22090,,,
2026-09-18T04:47:13+00:00,304,216616,O'Shea,12,40,Ipswich Town,Defender,4.0,0.0,0.0,a,,,,,2.8,2.0,2.0,2.0,5317,15430,61314,107158,,,
2026-09-18T04:47:13+00:00,305,455084,Davis,12,40,Ipswich Town,Defender,4.0,0.0,0.0,a,,,,,6.5,5.8,5.8,5.8,160578,26233,276404,148006,,,
2026-09-18T04:47:13+00:00,306,449429,Greaves,12,40,Ipswich Town,Defender,4.0,0.0,0.0,a,,,,,1.1,0.8,0.8,0.8,1114,5137,7424,32183,,,
2026-09-18T04:47:13+00:00,307,222018,Johnson,12,40,Ipswich Town,Defender,4.0,0.0,0.0,u,Has joined Stoke City on loan for the rest of the season,2026-09-04T12:36:56.236331Z,0,0,0.1,0.0,0.0,0.0,0,913,1137,5683,,,
2026-09-18T04:47:13+00:00,308,176420,Furlong,12,40,Ipswich Town,Defender,3.9,-0.1,-0.1,a,,,,,0.5,0.2,0.2,0.2,1089,2459,2401,15139,,,
2026-09-18T04:47:13+00:00,309,501390,Núñez,12,40,Ipswich Town,Midfielder,4.9,-0.1,-0.1,a,,,,,0.1,1.5,1.5,1.5,269,1394,2949,6634,,,
2026-09-18T04:47:13+00:00,310,241117,Matusiwa,12,40,Ipswich Town,Midfielder,4.9,0.0,-0.1,a,,2026-07-29T18:00:10.305484Z,100,100,0.0,0.0,0.0,0.0,43,31,103,256,,,
2026-09-18T04:47:13+00:00,311,149929,Burns,12,40,Ipswich Town,Midfielder,5.0,0.0,0.0,u,Has joined Leicester City permanently,2026-08-10T14:02:47.597478Z,0,0,0.0,0.0,0.0,0.0,0,20,0,338,,,
2026-09-18T04:47:13+00:00,312,231899,Taylor,12,40,Ipswich Town,Midfielder,4.5,0.0,0.0,i,Knee injury - Unknown return date,2026-07-29T18:00:10.319370Z,0,0,0.0,0.0,0.0,0.0,72,288,549,2320,,,
2026-09-18T04:47:13+00:00,313,443261,Clarke,12,40,Ipswich Town,Midfielder,5.4,0.0,-0.1,a,,,,,0.2,2.2,2.2,2.2,391,2174,5228,14065,1,,
2026-09-18T04:47:13+00:00,314,229164,Ogbene,12,40,Ipswich Town,Midfielder,4.9,0.0,-0.1,u,Has joined Lincoln City on loan until January,2026-09-02T16:04:17.497385Z,0,0,0.0,0.0,0.0,0.0,0,125,104,1112,,,
2026-09-18T04:47:13+00:00,315,531442,Fatawu,12,40,Ipswich Town,Midfielder,5.4,-0.1,-0.1,a,,,,,0.2,2.2,2.2,2.2,469,2039,5135,10216,,,
2026-09-18T04:47:13+00:00,316,543968,Emersonn,12,40,Ipswich Town,Forward,5.5,0.0,0.0,a,,2026-08-31T09:30:08.306145Z,100,100,3.0,6.0,6.0,6.0,124330,20454,247968,112861,2,,
2026-09-18T04:47:13+00:00,317,222625,Hirst,12,40,Ipswich Town,Forward,5.0,0.0,0.0,u,Has joined Stoke City permanently,2026-08-21T13:06:08.606019Z,0,0,0.1,0.0,0.0,0.0,0,987,0,16219,,,
2026-09-18T04:47:13+00:00,318,481624,Philogene,12,40,Ipswich Town,Midfielder,5.4,0.0,-0.1,a,,2026-08-25T11:30:07.532993Z,100,100,0.1,0.2,0.2,0.2,76,298,261,9017,3,,
2026-09-18T04:47:13+00:00,319,172453,Szmodics,12,40,Ipswich Town,Midfielder,5.0,0.0,0.0,u,Has joined Derby County on loan for the rest of the season,2026-08-17T13:51:41.713979Z,0,0,0.0,0.0,0.0,0.0,0,46,0,733,,,
2026-09-18T04:47:13+00:00,320,147675,Akpom,12,40,Ipswich Town,Forward,5.0,0.0,0.0,a,,,,,1.2,1.5,1.5,1.5,17435,16819,121185,59643,,,
2026-09-18T04:47:13+00:00,321,557012,Walle Egeli,12,40,Ipswich Town,Forward,4.5,0.0,0.0,a,,,,,3.7,0.2,0.2,0.2,48540,36507,299038,171608,,,
2026-09-18T04:47:13+00:00,322,462387,Al-Hamadi,12,40,Ipswich Town,Forward,5.0,0.0,0.0,u,Has joined Sheffield Wednesday on loan for the rest of the season,2026-08-27T14:54:10.215357Z,0,0,0.1,0.0,0.0,0.0,0,747,755,9304,,,
2026-09-18T04:47:13+00:00,323,461587,McAteer,12,40,Ipswich Town,Midfielder,4.5,0.0,0.0,a,,,,,1.1,0.8,0.8,0.8,1916,10568,26277,52390,,,
2026-09-18T04:47:13+00:00,324,232457,Mehmeti,12,40,Ipswich Town,Midfielder,4.9,0.0,-0.1,a,,,,,0.0,0.0,0.0,0.0,55,259,301,2248,,,
2026-09-18T04:47:13+00:00,554,546600,Van Oevelen,12,40,Ipswich Town,Goalkeeper,4.5,0.0,0.0,u,Has joined Valencia on loan for the rest of the season,2026-08-25T14:04:09.529320Z,0,0,0.0,0.0,0.0,0.0,0,196,54,1833,,,
2026-09-18T04:47:13+00:00,562,442967,Maeda,12,40,Ipswich Town,Midfielder,5.4,0.0,-0.1,a,,,,,0.2,1.8,1.8,1.8,191,3093,2695,17492,,,
2026-09-18T04:47:13+00:00,564,240514,Scherpen,12,40,Ipswich Town,Goalkeeper,4.5,0.0,0.0,a,,,,,0.6,1.8,1.8,1.8,2010,3096,13674,19435,,,
2026-09-18T04:47:13+00:00,571,216055,Florentino,12,40,Ipswich Town,Midfielder,4.9,0.0,-0.1,a,,2026-08-25T11:30:07.678802Z,100,100,0.1,0.2,0.2,0.2,151,606,915,6397,,,
2026-09-18T04:47:13+00:00,591,474120,Enciso,12,40,Ipswich Town,Midfielder,5.5,0.0,0.0,a,,2026-08-22T18:00:07.551930Z,100,100,0.8,3.2,3.2,3.2,6733,11347,88832,42168,,,
2026-09-18T04:47:13+00:00,592,572584,Ouattara,12,40,Ipswich Town,Defender,4.0,0.0,0.0,a,,,,,0.9,1.0,1.0,1.0,2147,4173,12363,22831,,,
2026-09-18T04:47:13+00:00,602,524180,Humphreys,12,40,Ipswich Town,Midfielder,4.5,0.0,0.0,u,Has joined Huddersfield Town on loan for the rest of the season,2026-09-02T16:04:17.524642Z,0,0,0.0,0.0,0.0,0.0,0,427,2861,2932,,,
2026-09-18T04:47:13+00:00,619,218543,Palacios,12,40,Ipswich Town,Midfielder,5.0,0.0,0.0,a,,,,,0.1,3.0,3.0,3.0,3412,1022,7144,2283,,,
2026-09-18T04:47:13+00:00,640,431639,Flemming,12,40,Ipswich Town,Forward,5.5,0.0,0.0,a,,,,,0.1,3.0,3.0,3.0,3255,960,7540,1882,,,
2026-09-18T04:47:13+00:00,260,153682,Wilson,13,2,Leeds,Midfielder,6.2,-0.1,-0.3,a,,,,,2.3,1.2,1.2,1.2,3042,47815,28556,385970,,,
2026-09-18T04:47:13+00:00,326,201595,Perri,13,2,Leeds,Goalkeeper,4.5,0.0,0.0,u,Has joined Torino on loan for the rest of the season,2026-09-01T13:12:39.210133Z,0,0,0.3,0.0,0.0,0.0,0,2695,532,24436,,,
2026-09-18T04:47:13+00:00,327,434752,Bijol,13,2,Leeds,Defender,5.0,0.0,0.0,a,,,,,0.8,3.0,3.0,3.0,3032,10349,67530,50899,,,
2026-09-18T04:47:13+00:00,329,214225,Rodon,13,2,Leeds,Defender,4.4,0.0,-0.1,i,Hamstring injury - Expected back 21 Nov,2026-08-30T16:00:08.564382Z,0,0,1.0,1.8,0.0,0.0,50,22006,26888,275051,,,
2026-09-18T04:47:13+00:00,330,226182,Bogle,13,2,Leeds,Defender,4.6,0.1,0.1,a,,,,,4.9,9.2,9.2,9.2,259047,17877,392017,50455,,,
2026-09-18T04:47:13+00:00,331,243526,Gudmundsson,13,2,Leeds,Defender,4.5,0.0,0.0,a,,2026-08-08T20:00:07.546568Z,100,100,0.1,2.0,2.0,2.0,1158,418,3016,2328,,,
2026-09-18T04:47:13+00:00,332,220627,Justin,13,2,Leeds,Defender,4.5,0.0,0.0,a,,,,,1.5,4.5,4.5,4.5,6455,9266,113373,62211,,,
2026-09-18T04:47:13+00:00,333,437738,Bornauw,13,2,Leeds,Defender,4.5,0.0,0.0,u,Has joined Hamburg SV on loan for the rest of the season,2026-08-19T13:56:14.645970Z,0,0,0.0,0.0,0.0,0.0,0,16,0,288,,,
2026-09-18T04:47:13+00:00,334,522047,Muharemović,13,2,Leeds,Defender,5.0,0.0,0.0,a,,,,,4.2,5.2,5.2,5.2,46758,19474,243954,142416,,,
2026-09-18T04:47:13+00:00,335,466525,Stach,13,2,Leeds,Midfielder,6.0,0.0,0.0,a,,,,,2.7,5.5,5.5,5.5,16741,25392,189982,137714,,,
2026-09-18T04:47:13+00:00,336,435997,Okafor,13,2,Leeds,Midfielder,5.8,-0.1,-0.2,a,,,,,0.4,3.8,3.8,3.8,12617,3786,18552,30511,,,
2026-09-18T04:47:13+00:00,337,427637,Aaronson,13,2,Leeds,Midfielder,5.4,0.0,-0.1,a,,,,,0.5,1.5,1.5,1.5,693,6281,6407,42220,,,
2026-09-18T04:47:13+00:00,338,199598,Ampadu,13,2,Leeds,Midfielder,5.4,0.0,-0.1,a,,,,,1.0,4.0,4.0,4.0,4094,7669,14776,53397,,,
2026-09-18T04:47:13+00:00,339,180135,Longstaff,13,2,Leeds,Midfielder,4.9,0.0,-0.1,a,,,,,0.1,0.5,0.5,0.5,371,1108,2278,7149,,,
2026-09-18T04:47:13+00:00,341,492859,Gnonto,13,2,Leeds,Midfielder,5.0,0.0,0.0,u,Has joined ACF Fiorentina on loan for the rest of the season,2026-09-02T16:04:47.189648Z,0,0,0.0,0.0,0.0,0.0,0,151,244,1730,,,
2026-09-18T04:47:13+00:00,342,221399,Harrison,13,2,Leeds,Midfielder,5.0,0.0,0.0,u,Has joined New England Revolution permanently,2026-07-28T12:59:09.492431Z,0,0,0.0,0.0,0.0,0.0,0,10,0,74,,,
2026-09-18T04:47:13+00:00,343,200617,James,13,2,Leeds,Midfielder,4.9,-0.1,-0.1,a,,,,,0.1,0.5,0.5,0.5,580,1107,3828,7127,,,
2026-09-18T04:47:13+00:00,344,486520,Gruev,13,2,Leeds,Midfielder,5.0,0.0,0.0,d,Knee injury - 25% chance of playing,2026-08-14T23:00:06.272027Z,25,25,0.0,0.0,0.0,0.0,11,32,66,290,,,
2026-09-18T04:47:13+00:00,345,248056,Tanaka,13,2,Leeds,Midfielder,4.9,0.0,-0.1,a,,,,,0.3,3.0,3.0,3.0,7275,2545,17387,14447,,,
2026-09-18T04:47:13+00:00,346,177815,Calvert-Lewin,13,2,Leeds,Forward,6.0,0.0,0.0,a,,,,,24.3,5.0,5.0,5.0,313526,116626,696722,1126594,1,,
2026-09-18T04:47:13+00:00,347,174594,Nmecha,13,2,Leeds,Forward,5.4,0.0,-0.1,a,,,,,0.5,1.5,1.5,1.5,4867,5770,18834,31530,2,,
2026-09-18T04:47:13+00:00,348,235826,Piroe,13,2,Leeds,Forward,5.0,0.0,0.0,u,Has joined West Ham United on loan for the rest of the season,2026-08-19T13:56:14.666726Z,0,0,0.1,0.0,0.0,0.0,0,795,0,10607,3,,
2026-09-18T04:47:13+00:00,349,565297,Mateo Joseph,13,2,Leeds,Forward,4.5,0.0,0.0,i,Knee injury - Unknown return date,2026-07-29T18:00:10.338170Z,0,0,0.1,0.0,0.0,0.0,568,611,2615,3776,,,
2026-09-18T04:47:13+00:00,385,432720,Trafford,13,2,Leeds,Goalkeeper,5.0,0.0,0.0,a,,,,,5.5,4.5,4.5,4.5,23872,25986,233531,139033,,,
2026-09-18T04:47:13+00:00,598,173774,Elvedi,13,2,Leeds,Defender,4.5,0.0,0.0,a,,,,,0.0,1.8,1.8,1.8,615,355,4472,2438,,,
2026-09-18T04:47:13+00:00,603,643970,Lienou,13,2,Leeds,Defender,4.0,0.0,0.0,a,,,,,0.1,0.0,0.0,0.0,1018,823,6468,3316,,,
2026-09-18T04:47:13+00:00,604,592740,Cresswell,13,2,Leeds,Midfielder,4.5,0.0,0.0,a,,,,,0.1,0.0,0.0,0.0,1148,1600,13542,6695,,,
2026-09-18T04:47:13+00:00,625,97846,Cairns,13,2,Leeds,Goalkeeper,4.0,0.0,0.0,a,,,,,0.2,0.0,0.0,0.0,2867,1198,18359,4895,,,
2026-09-18T04:47:13+00:00,629,155465,Zetterer,13,2,Leeds,Goalkeeper,4.0,0.0,0.0,a,,,,,0.7,0.0,0.0,0.0,15723,4071,52207,10476,,,
2026-09-18T04:47:13+00:00,641,437497,Bard,13,2,Leeds,Defender,4.5,0.0,0.0,a,,,,,0.0,0.5,0.5,0.5,305,120,804,253,,,
2026-09-18T04:47:13+00:00,648,587982,Bahoya,13,2,Leeds,Midfielder,5.0,0.0,0.0,a,,,,,0.0,0.0,0.0,0.0,316,332,2085,890,,,
2026-09-18T04:47:13+00:00,350,116535,A.Becker,14,14,Liverpool,Goalkeeper,5.5,0.0,0.0,a,,,,,3.9,4.8,4.8,4.8,16840,18633,130089,127675,,,
2026-09-18T04:47:13+00:00,351,449027,Mamardashvili,14,14,Liverpool,Goalkeeper,4.9,0.0,-0.1,a,,,,,0.1,0.0,0.0,0.0,376,1136,2549,7869,,,
2026-09-18T04:47:13+00:00,352,155503,Woodman,14,14,Liverpool,Goalkeeper,4.0,0.0,0.0,a,,,,,1.0,0.0,0.0,0.0,2107,3680,17106,24082,,,
2026-09-18T04:47:13+00:00,353,586268,Pecsi,14,14,Liverpool,Goalkeeper,4.0,0.0,0.0,u,Has joined TSV Hartberg on loan for the rest of the season,2026-08-18T14:11:18.638344Z,0,0,0.0,0.0,0.0,0.0,0,90,0,1008,,,
2026-09-18T04:47:13+00:00,354,432987,Jaros,14,14,Liverpool,Goalkeeper,4.0,0.0,0.0,i,Knee injury - Unknown return date,2026-07-29T18:00:10.351066Z,0,0,0.0,0.0,0.0,0.0,182,112,1461,1037,,,
2026-09-18T04:47:13+00:00,355,464353,Davies,14,14,Liverpool,Goalkeeper,4.0,0.0,0.0,a,,,,,0.2,0.0,0.0,0.0,713,659,4269,3639,,,
2026-09-18T04:47:13+00:00,356,97032,Virgil,14,14,Liverpool,Defender,6.5,0.0,0.0,a,,,,,16.5,4.2,4.2,4.2,29695,68057,251734,548692,,,
2026-09-18T04:47:13+00:00,357,216094,Frimpong,14,14,Liverpool,Defender,5.3,-0.1,-0.2,a,,,,,1.9,0.5,0.5,0.5,2541,32945,56884,223525,,,
2026-09-18T04:47:13+00:00,358,544877,Kerkez,14,14,Liverpool,Defender,5.4,0.0,-0.1,a,,,,,2.4,1.8,1.8,1.8,2270,33333,44252,167233,,,
2026-09-18T04:47:13+00:00,359,171287,Gomez,14,14,Liverpool,Defender,4.9,-0.1,-0.1,a,,2026-07-26T08:30:10.078473Z,0,100,0.0,0.0,0.0,0.0,128,98,351,1043,,,
2026-09-18T04:47:13+00:00,360,492777,Bradley,14,14,Liverpool,Defender,5.0,0.0,0.0,i,Knee injury - Unknown return date,2026-07-23T12:01:23.565711Z,0,0,0.0,0.0,0.0,0.0,48,97,308,695,,,
2026-09-18T04:47:13+00:00,361,519440,Lucky,14,14,Liverpool,Defender,4.0,0.0,0.0,a,,,,,0.1,0.0,0.0,0.0,630,961,3490,5003,,,
2026-09-18T04:47:13+00:00,362,606702,Jacquet,14,14,Liverpool,Defender,5.0,0.0,0.0,a,,2026-07-23T12:01:23.581126Z,100,100,3.2,4.5,4.5,4.5,58761,14627,186889,105649,,,
2026-09-18T04:47:13+00:00,363,647681,Leoni,14,14,Liverpool,Defender,4.0,0.0,0.0,i,Knee injury - Unknown return date,2026-07-23T12:01:23.596909Z,0,0,0.0,0.0,0.0,0.0,105,281,780,1875,,,
2026-09-18T04:47:13+00:00,364,214285,Tsimikas,14,14,Liverpool,Defender,4.9,0.0,-0.1,a,,,,,0.1,0.5,0.5,0.5,270,549,1458,3914,,,
2026-09-18T04:47:13+00:00,365,489580,Ramsay,14,14,Liverpool,Defender,4.0,0.0,0.0,u,Has joined St Mirren on loan for the rest of the season,2026-08-26T14:05:26.748768Z,0,0,0.1,0.0,0.0,0.0,0,947,638,11981,,,
2026-09-18T04:47:13+00:00,366,494595,Wirtz,14,14,Liverpool,Midfielder,7.3,-0.1,-0.2,a,,,,,6.5,3.0,3.0,3.0,4476,131895,129007,675706,4,,
2026-09-18T04:47:13+00:00,367,243298,Gakpo,14,14,Liverpool,Midfielder,7.2,0.0,0.2,a,,2026-09-09T18:30:08.772955Z,75,100,12.5,7.2,5.4,7.2,126528,131172,1237264,602636,3,,
2026-09-18T04:47:13+00:00,368,424876,Szoboszlai,14,14,Liverpool,Midfielder,7.0,0.0,0.0,a,,,,,35.2,4.5,4.5,4.5,68425,374747,869089,1345384,1,,
2026-09-18T04:47:13+00:00,369,611922,Ngumoha,14,14,Liverpool,Midfielder,5.8,0.0,-0.2,a,,,,,0.5,1.0,1.0,1.0,1445,8549,13487,82248,,,
2026-09-18T04:47:13+00:00,370,223541,Chiesa,14,14,Liverpool,Midfielder,5.4,0.0,-0.1,i,Back injury - Unknown return date,2026-08-27T13:30:07.598926Z,0,0,0.0,0.0,0.0,0.0,16,562,665,9738,,,
2026-09-18T04:47:13+00:00,371,441266,Gravenberch,14,14,Liverpool,Midfielder,5.9,0.0,-0.1,a,,,,,1.2,2.0,2.0,2.0,3100,18494,34034,116919,,,
2026-09-18T04:47:13+00:00,372,243016,Mac Allister,14,14,Liverpool,Midfielder,5.4,0.0,-0.1,a,,,,,1.3,1.5,1.5,1.5,9070,15729,39255,86108,5,,
2026-09-18T04:47:13+00:00,373,206915,C.Jones,14,14,Liverpool,Midfielder,5.5,0.0,0.0,u,Has joined Internazionale permanently,2026-08-16T18:30:07.426408Z,0,0,0.0,0.0,0.0,0.0,0,126,34,2556,,,
2026-09-18T04:47:13+00:00,374,158983,Endo,14,14,Liverpool,Midfielder,4.9,0.0,-0.1,a,,2026-07-23T12:01:23.612529Z,100,100,0.1,0.0,0.0,0.0,313,720,2127,4250,,,
2026-09-18T04:47:13+00:00,375,591386,Nyoni,14,14,Liverpool,Midfielder,4.9,0.0,-0.1,a,,,,,0.0,0.5,0.5,0.5,150,449,1219,2656,,,
2026-09-18T04:47:13+00:00,376,535928,Bajcetic,14,14,Liverpool,Midfielder,5.0,0.0,0.0,u,Has joined Celta Vigo permanently,2026-07-23T12:01:23.628373Z,0,0,0.0,0.0,0.0,0.0,0,8,19,103,,,
2026-09-18T04:47:13+00:00,377,551499,Munoz,14,14,Liverpool,Midfielder,6.5,0.0,0.0,a,,,,,1.0,3.5,3.5,3.5,4615,23798,114976,83529,,,
2026-09-18T04:47:13+00:00,378,491501,McConnell,14,14,Liverpool,Midfielder,4.4,-0.1,-0.1,a,,,,,0.2,0.0,0.0,0.0,2212,2091,5369,10928,,,
2026-09-18T04:47:13+00:00,379,219168,Isak,14,14,Liverpool,Forward,9.1,0.0,0.1,a,,,,,21.9,6.2,6.2,6.2,98117,186567,1085380,603604,2,,
2026-09-18T04:47:13+00:00,380,510663,Ekitiké,14,14,Liverpool,Forward,7.4,0.0,-0.1,i,Achilles injury - Unknown return date,2026-07-23T12:01:23.643771Z,0,0,0.1,0.0,0.0,0.0,339,1044,2218,10324,,,
2026-09-18T04:47:13+00:00,381,514514,Koumas,14,14,Liverpool,Midfielder,5.0,0.0,0.0,a,,,,,0.0,0.5,0.5,0.5,167,245,639,1151,,,
2026-09-18T04:47:13+00:00,382,500058,Danns,14,14,Liverpool,Forward,4.5,0.0,0.0,a,,2026-07-23T12:01:23.659279Z,100,100,0.2,0.0,0.0,0.0,7450,2625,17690,6563,,,
2026-09-18T04:47:13+00:00,383,444884,Elliott,14,14,Liverpool,Midfielder,5.4,0.0,-0.1,u,Has joined Valencia on loan for the rest of the season,2026-09-02T16:05:49.104326Z,0,0,0.0,0.0,0.0,0.0,0,508,907,5852,,,
2026-09-18T04:47:13+00:00,579,445087,Araujo,14,14,Liverpool,Defender,5.4,0.0,-0.1,a,,,,,2.9,3.8,3.8,3.8,31622,13689,126765,145890,,,
2026-09-18T04:47:13+00:00,627,482616,Barcola,14,14,Liverpool,Midfielder,8.0,0.0,0.0,a,,,,,1.9,2.0,2.0,2.0,20084,35961,272676,101440,,,
2026-09-18T04:47:13+00:00,155,448047,Enzo,15,43,Man City,Midfielder,6.9,0.0,-0.1,a,,,,,3.4,1.5,1.5,1.5,42660,25873,127776,299856,,,
2026-09-18T04:47:13+00:00,237,440993,Ndiaye,15,43,Man City,Midfielder,5.9,0.0,-0.1,a,,,,,7.6,4.2,4.2,4.2,31099,142560,278480,1019423,,,
2026-09-18T04:47:13+00:00,384,204936,Donnarumma,15,43,Man City,Goalkeeper,5.5,0.0,0.0,a,,,,,7.8,4.2,4.2,4.2,40601,34238,177983,277731,,,
2026-09-18T04:47:13+00:00,386,122074,Bettinelli,15,43,Man City,Goalkeeper,4.5,0.0,0.0,a,,,,,0.0,0.0,0.0,0.0,68,160,503,1010,,,
2026-09-18T04:47:13+00:00,387,472769,O'Reilly,15,43,Man City,Defender,6.4,0.0,-0.1,a,,2026-09-05T18:00:06.379802Z,100,100,12.0,1.2,1.2,1.2,10104,138333,184630,1083783,,,
2026-09-18T04:47:13+00:00,388,209036,Guéhi,15,43,Man City,Defender,6.0,0.0,0.0,a,,,,,18.5,6.5,6.5,6.5,67134,58205,463005,397469,,,
2026-09-18T04:47:13+00:00,389,465351,Matheus N.,15,43,Man City,Defender,5.9,0.0,-0.1,a,,2026-08-27T11:30:08.171622Z,100,100,1.0,2.5,2.5,2.5,5407,3312,11318,70231,4,,
2026-09-18T04:47:13+00:00,390,171314,Rúben,15,43,Man City,Defender,5.5,0.0,0.0,a,,,,,1.9,4.0,4.0,4.0,16746,8710,58052,62764,,,
2026-09-18T04:47:13+00:00,391,477424,Gvardiol,15,43,Man City,Defender,5.7,0.1,0.2,a,,,,,24.8,8.2,8.2,8.2,426558,31622,1519050,350749,,,
2026-09-18T04:47:13+00:00,392,448514,Aït-Nouri,15,43,Man City,Defender,5.3,0.0,-0.2,a,,,,,0.4,0.0,0.0,0.0,1097,5003,7088,58182,,,
2026-09-18T04:47:13+00:00,393,578153,Khusanov,15,43,Man City,Defender,5.4,-0.1,-0.1,a,,,,,1.4,2.2,2.2,2.2,2806,15419,24799,68409,,,
2026-09-18T04:47:13+00:00,394,494307,Alleyne,15,43,Man City,Defender,5.0,0.0,0.0,u,Has joined Burnley on loan for the rest of the season,2026-08-18T14:11:56.324656Z,0,0,0.0,0.0,0.0,0.0,0,30,0,589,,,
2026-09-18T04:47:13+00:00,395,477064,Lewis,15,43,Man City,Defender,4.4,0.0,-0.1,a,,,,,0.2,0.2,0.2,0.2,961,2212,7770,14547,,,
2026-09-18T04:47:13+00:00,396,616222,Vitor Reis,15,43,Man City,Defender,4.5,0.0,0.0,a,,,,,0.0,0.2,0.2,0.2,132,217,456,1002,,,
2026-09-18T04:47:13+00:00,397,437730,Semenyo,15,43,Man City,Midfielder,8.4,0.0,-0.1,a,,,,,15.1,4.0,4.0,4.0,27010,131164,180502,1097027,2,,
2026-09-18T04:47:13+00:00,398,209244,Foden,15,43,Man City,Midfielder,6.9,-0.1,-0.1,s,Suspended until 17 Oct,2026-09-13T17:00:09.433455Z,,0,2.5,2.2,2.2,0.0,2019,148409,303209,479496,,,
2026-09-18T04:47:13+00:00,399,466052,Cherki,15,43,Man City,Midfielder,7.8,0.0,0.3,a,,,,,28.1,6.5,6.5,6.5,114491,226273,2498648,803980,,,
2026-09-18T04:47:13+00:00,400,248875,Doku,15,43,Man City,Midfielder,7.4,0.0,-0.1,i,Calf injury - Expected back 20 Sep,2026-08-18T17:00:08.385597Z,0,0,0.7,0.0,0.0,0.0,205,5890,1401,125005,3,,
2026-09-18T04:47:13+00:00,402,220566,Rodrigo,15,43,Man City,Midfielder,6.5,0.0,0.0,u,Has joined Barcelona permanently,2026-07-23T12:01:23.675537Z,0,0,0.0,0.0,0.0,0.0,0,45,0,1197,,,
2026-09-18T04:47:13+00:00,404,433036,Reijnders,15,43,Man City,Midfielder,6.0,0.0,0.0,u,Has joined Al Qadsiah permanently,2026-08-20T14:02:58.154273Z,0,0,0.0,0.0,0.0,0.0,0,197,0,8058,,,
2026-09-18T04:47:13+00:00,406,91651,Kovačić,15,43,Man City,Midfielder,5.4,0.0,-0.1,a,,,,,0.1,0.5,0.5,0.5,211,804,2112,5661,,,
2026-09-18T04:47:13+00:00,407,575204,Echeverri,15,43,Man City,Midfielder,4.9,0.0,-0.1,u,Has joined Benfica on loan for the rest of the season,2026-09-03T15:41:24.710479Z,0,0,0.0,0.0,0.0,0.0,0,116,250,1269,,,
2026-09-18T04:47:13+00:00,408,155405,Phillips,15,43,Man City,Midfielder,5.0,0.0,0.0,u,Has joined Sheffield United on loan for the rest of the season,2026-08-18T14:11:56.348781Z,0,0,0.0,0.0,0.0,0.0,0,31,0,551,,,
2026-09-18T04:47:13+00:00,409,590039,Mukasa,15,43,Man City,Midfielder,4.5,0.0,0.0,u,has joined West Ham on loan for the rest of the seaon.,2026-09-03T10:34:10.733520Z,0,0,0.1,0.0,0.0,0.0,0,1362,1621,11231,,,
2026-09-18T04:47:13+00:00,410,649208,Monga,15,43,Man City,Midfielder,4.9,0.0,-0.1,u,Has joined Swansea City on loan for the rest of the season,2026-09-02T16:02:01.136760Z,0,0,0.0,0.0,0.0,0.0,0,102,219,1200,,,
2026-09-18T04:47:13+00:00,411,223094,Haaland,15,43,Man City,Forward,15.6,0.1,0.1,a,,,,,72.9,8.2,8.2,8.2,143477,20423,791842,297660,1,,
2026-09-18T04:47:13+00:00,481,215379,Anderson,15,43,Man City,Midfielder,6.3,0.0,-0.2,a,,2026-08-23T17:00:07.952697Z,100,100,4.2,3.2,3.2,3.2,23775,29544,91520,408873,,,
2026-09-18T04:47:13+00:00,587,106921,Rulli,15,43,Man City,Goalkeeper,5.0,0.0,0.0,a,,,,,0.0,0.0,0.0,0.0,135,164,505,984,,,
2026-09-18T04:47:13+00:00,616,637238,Bouaddi,15,43,Man City,Midfielder,5.5,0.0,0.0,a,,,,,0.2,0.7,0.7,0.7,2486,3355,19739,10924,,,
2026-09-18T04:47:13+00:00,621,616288,McAidoo,15,43,Man City,Midfielder,4.5,0.0,0.0,a,,,,,0.1,0.7,0.7,0.7,801,1659,11065,5810,,,
2026-09-18T04:47:13+00:00,622,554054,Braithwaite,15,43,Man City,Defender,4.0,0.0,0.0,a,,,,,0.2,0.3,0.3,0.3,2015,2306,15919,7232,,,
2026-09-18T04:47:13+00:00,628,624777,Allan,15,43,Man City,Midfielder,6.0,0.0,0.0,a,,,,,0.0,0.0,0.0,0.0,260,201,869,480,,,
2026-09-18T04:47:13+00:00,653,595480,Samba,15,43,Man City,Midfielder,4.5,0.0,0.0,a,,,,,0.0,0.0,0.0,0.0,544,783,3442,1591,,,
2026-09-18T04:47:13+00:00,43,166989,Tielemans,16,1,Man Utd,Midfielder,5.8,-0.1,-0.2,a,,2026-07-23T12:01:23.321726Z,100,100,1.6,2.5,2.5,2.5,6915,19687,40192,145134,3,,
2026-09-18T04:47:13+00:00,131,535301,Baleba,16,1,Man Utd,Midfielder,4.9,-0.1,-0.1,i,Ankle injury - Expected back 19 Sep,2026-08-06T16:00:10.997714Z,0,0,0.1,0.0,0.0,0.0,522,1428,5325,13353,,,
2026-09-18T04:47:13+00:00,162,532605,Andrey Santos,16,1,Man Utd,Midfielder,4.8,-0.1,-0.2,a,,,,,0.6,1.0,1.0,1.0,2432,10066,20761,66224,,,
2026-09-18T04:47:13+00:00,325,59735,Darlow,16,1,Man Utd,Goalkeeper,4.5,0.0,0.0,a,,2026-07-23T12:01:23.549136Z,100,100,0.0,0.0,0.0,0.0,140,265,978,1329,,,
2026-09-18T04:47:13+00:00,412,465247,Lammens,16,1,Man Utd,Goalkeeper,4.9,-0.1,-0.1,a,,,,,10.5,1.8,1.8,1.8,11703,92430,89996,610697,,,
2026-09-18T04:47:13+00:00,413,451302,Bayindir,16,1,Man Utd,Goalkeeper,4.5,0.0,0.0,u,Has joined Celta Vigo on loan for the rest of the season,2026-08-10T14:02:28.608415Z,0,0,0.0,0.0,0.0,0.0,0,88,0,1105,,,
2026-09-18T04:47:13+00:00,414,21205,Heaton,16,1,Man Utd,Goalkeeper,4.0,0.0,0.0,i,Hamstring injury - Unknown return date,2026-08-15T16:00:07.854151Z,0,0,0.1,0.0,0.0,0.0,283,368,1828,3164,,,
2026-09-18T04:47:13+00:00,415,596777,Dorgu,16,1,Man Utd,Midfielder,5.8,0.0,-0.2,a,,,,,0.6,1.5,1.5,1.5,2486,6933,12587,91325,,,
2026-09-18T04:47:13+00:00,416,209365,De Ligt,16,1,Man Utd,Defender,5.0,0.0,0.0,i,Back injury - Unknown return date,2026-07-23T12:01:23.690880Z,0,0,0.0,0.0,0.0,0.0,67,175,367,1400,,,
2026-09-18T04:47:13+00:00,417,216051,Dalot,16,1,Man Utd,Defender,4.9,0.0,-0.1,a,,,,,1.7,1.5,1.5,1.5,3105,14833,24188,123152,,,
2026-09-18T04:47:13+00:00,418,95658,Maguire,16,1,Man Utd,Defender,4.9,0.0,-0.1,a,,,,,9.7,2.0,2.0,2.0,11701,104658,131721,877893,,,
2026-09-18T04:47:13+00:00,419,221820,Martinez,16,1,Man Utd,Defender,5.0,0.0,0.0,a,,2026-07-24T20:00:10.337107Z,100,100,1.3,1.5,1.5,1.5,9203,7574,31613,58734,,,
2026-09-18T04:47:13+00:00,420,550864,Yoro,16,1,Man Utd,Defender,4.9,0.0,-0.1,a,,,,,0.5,0.5,0.5,0.5,555,4055,4720,32958,,,
2026-09-18T04:47:13+00:00,421,606745,Heaven,16,1,Man Utd,Defender,4.4,0.0,-0.1,a,,,,,0.3,0.2,0.2,0.2,524,2868,5681,21818,,,
2026-09-18T04:47:13+00:00,422,230001,Mazraoui,16,1,Man Utd,Defender,4.4,0.0,-0.1,a,,,,,0.5,0.8,0.8,0.8,2187,6429,13387,36600,,,
2026-09-18T04:47:13+00:00,423,106760,Shaw,16,1,Man Utd,Defender,4.4,0.0,-0.1,d,Unspecified injury - 75% chance of playing,2026-09-11T13:00:09.030120Z,75,75,9.4,1.8,1.4,1.4,2011,236518,97268,1105537,,,
2026-09-18T04:47:13+00:00,424,577974,Amass,16,1,Man Utd,Defender,4.0,0.0,0.0,a,,,,,0.2,0.0,0.0,0.0,1155,1388,5665,7705,,,
2026-09-18T04:47:13+00:00,425,547676,Fredricson,16,1,Man Utd,Defender,4.0,0.0,0.0,u,Has joined Lausanne-Sport permanently,2026-08-18T14:12:31.904433Z,0,0,0.0,0.0,0.0,0.0,0,97,0,1258,,,
2026-09-18T04:47:13+00:00,426,141746,B.Fernandes,16,1,Man Utd,Midfielder,12.0,0.0,0.0,a,,,,,40.8,7.2,7.2,7.2,54927,241841,598299,1544332,1,,
2026-09-18T04:47:13+00:00,427,446008,Mbeumo,16,1,Man Utd,Midfielder,7.9,0.0,-0.1,a,,,,,22.2,5.8,5.8,5.8,72375,205408,403878,1789903,2,,
2026-09-18T04:47:13+00:00,428,430871,Cunha,16,1,Man Utd,Midfielder,7.9,0.0,-0.1,a,,,,,5.9,4.0,4.0,4.0,9502,65060,71691,466040,,,
2026-09-18T04:47:13+00:00,429,176297,Rashford,16,1,Man Utd,Midfielder,7.0,0.0,0.0,a,,,,,1.6,2.0,2.0,2.0,15216,17659,77855,105835,,,
2026-09-18T04:47:13+00:00,430,184341,Mount,16,1,Man Utd,Midfielder,5.4,0.0,-0.1,a,,2026-08-15T16:00:07.879135Z,100,100,0.0,0.0,0.0,0.0,298,238,665,1741,,,
2026-09-18T04:47:13+00:00,431,493250,Amad,16,1,Man Utd,Midfielder,5.7,-0.1,-0.3,i,Unspecified injury - Unknown return date,2026-08-22T11:00:08.617283Z,0,0,0.3,0.0,0.0,0.0,63,4412,2030,120254,,,
2026-09-18T04:47:13+00:00,432,516895,Mainoo,16,1,Man Utd,Midfielder,5.5,0.0,0.0,a,,,,,1.6,4.5,4.5,4.5,28398,10531,81497,49543,,,
2026-09-18T04:47:13+00:00,433,232112,Ugarte,16,1,Man Utd,Midfielder,5.0,0.0,0.0,i,Knee injury - Unknown return date,2026-07-23T12:01:23.706702Z,0,0,0.0,0.0,0.0,0.0,14,34,95,238,,,
2026-09-18T04:47:13+00:00,434,547037,J.Fletcher,16,1,Man Utd,Midfielder,4.9,0.0,-0.1,a,,,,,0.0,0.0,0.0,0.0,47,104,273,627,,,
2026-09-18T04:47:13+00:00,435,576628,Lacey,16,1,Man Utd,Midfielder,4.9,0.0,-0.1,a,,,,,0.1,0.2,0.2,0.2,342,472,1164,2874,,,
2026-09-18T04:47:13+00:00,436,490881,Collyer,16,1,Man Utd,Midfielder,5.0,0.0,0.0,u,Has joined West Brom permanently,2026-09-01T13:16:48.584385Z,0,0,0.0,0.0,0.0,0.0,0,119,150,991,,,
2026-09-18T04:47:13+00:00,437,576620,Bendito Mantato,16,1,Man Utd,Midfielder,4.5,0.0,0.0,a,,,,,0.2,0.0,0.0,0.0,543,1428,4583,8506,,,
2026-09-18T04:47:13+00:00,438,519913,Fletcher,16,1,Man Utd,Midfielder,4.4,-0.1,-0.1,a,,,,,0.3,0.0,0.0,0.0,2243,2567,6775,14049,,,
2026-09-18T04:47:13+00:00,439,485711,Šeško,16,1,Man Utd,Forward,7.0,0.0,0.0,a,,2026-07-23T12:01:23.722029Z,100,100,1.8,2.0,2.0,2.0,19258,18456,91738,104800,,,
2026-09-18T04:47:13+00:00,440,458249,Zirkzee,16,1,Man Utd,Forward,5.4,0.0,-0.1,a,,,,,0.4,0.2,0.2,0.2,2205,4812,13479,39312,,,
2026-09-18T04:47:13+00:00,441,596047,Obi,16,1,Man Utd,Forward,4.5,0.0,0.0,u,Has joined Willem II on loan for the rest of the season,2026-09-14T16:12:42.090874Z,,0,1.1,0.0,0.0,0.0,5061,17215,45543,58895,,,
2026-09-18T04:47:13+00:00,405,465694,N.Gonzalez,17,4,Newcastle,Midfielder,5.5,0.0,0.0,i,Concussion - Expected back 12 Oct,2026-09-14T21:30:07.343728Z,,0,0.2,1.2,1.2,0.0,1095,4942,17452,13276,,,
2026-09-18T04:47:13+00:00,442,98747,Pope,17,4,Newcastle,Goalkeeper,4.9,0.0,-0.1,a,,,,,1.0,0.0,0.0,0.0,1456,5886,12118,49374,,,
2026-09-18T04:47:13+00:00,443,81441,Gillespie,17,4,Newcastle,Goalkeeper,4.5,0.0,0.0,a,,,,,0.0,0.0,0.0,0.0,152,181,694,1085,,,
2026-09-18T04:47:13+00:00,444,554578,Jaouen,17,4,Newcastle,Goalkeeper,4.5,0.0,0.0,d,Ankle injury - 50% chance of playing,2026-09-10T16:00:09.127466Z,50,50,0.0,0.0,0.0,0.0,21,211,424,1361,,,
2026-09-18T04:47:13+00:00,445,465642,Thiaw,17,4,Newcastle,Defender,5.0,0.0,0.0,a,,,,,2.2,2.5,2.5,2.5,19849,19530,160181,107693,,,
2026-09-18T04:47:13+00:00,446,119471,Schär,17,4,Newcastle,Defender,4.9,-0.1,-0.1,a,,2026-08-15T16:30:07.209742Z,100,100,0.2,0.2,0.2,0.2,934,1996,6324,12430,,,
2026-09-18T04:47:13+00:00,447,220237,Botman,17,4,Newcastle,Defender,5.0,0.0,0.0,a,,,,,0.7,2.8,2.8,2.8,5466,5223,39775,24110,,,
2026-09-18T04:47:13+00:00,448,78916,Burn,17,4,Newcastle,Defender,4.9,0.0,-0.1,i,Ankle injury - Expected back 19 Sep,2026-08-23T18:00:08.367241Z,0,0,0.8,0.0,0.0,0.0,154,9433,7189,152268,,,
2026-09-18T04:47:13+00:00,449,487838,Hall,17,4,Newcastle,Defender,5.2,0.0,0.2,a,,,,,14.5,4.5,4.5,4.5,156610,91193,1349719,306321,,,
2026-09-18T04:47:13+00:00,450,441191,Livramento,17,4,Newcastle,Defender,4.9,0.0,-0.1,a,,2026-07-23T12:01:23.753221Z,100,100,0.1,1.0,1.0,1.0,3045,951,6744,4080,,,
2026-09-18T04:47:13+00:00,451,545477,A.Murphy,17,4,Newcastle,Defender,4.0,0.0,0.0,u,Has joined FC Kaiserslautern on loan for the rest of the season,2026-08-12T14:05:29.224600Z,0,0,0.1,0.0,0.0,0.0,0,534,0,6593,,,
2026-09-18T04:47:13+00:00,453,201666,Barnes,17,4,Newcastle,Midfielder,6.0,0.0,0.0,a,,,,,3.7,4.8,4.8,4.8,131946,30512,382655,121442,,,
2026-09-18T04:47:13+00:00,454,449434,Elanga,17,4,Newcastle,Midfielder,6.2,0.0,0.2,i,Unspecified injury - Unknown return date,2026-09-14T20:00:09.505598Z,,0,7.6,4.5,4.5,0.0,53505,428596,1285689,730281,,,
2026-09-18T04:47:13+00:00,456,232653,J.Ramsey,17,4,Newcastle,Midfielder,4.9,0.0,-0.1,i,Thigh injury - Unknown return date,2026-09-15T09:00:08.191022Z,,0,0.3,1.8,1.8,0.0,1780,6899,16537,23107,,,
2026-09-18T04:47:13+00:00,457,114243,J.Murphy,17,4,Newcastle,Midfielder,5.9,0.0,-0.1,a,,,,,0.1,0.5,0.5,0.5,1414,1431,4308,9750,,,
2026-09-18T04:47:13+00:00,458,180974,Joelinton,17,4,Newcastle,Midfielder,5.4,0.0,-0.1,i,Unspecified injury - Unknown return date,2026-08-16T08:00:08.074045Z,0,0,0.0,0.0,0.0,0.0,38,152,205,2134,,,
2026-09-18T04:47:13+00:00,459,547719,L.Miley,17,4,Newcastle,Midfielder,5.5,0.0,0.0,a,,2026-07-23T12:01:23.785456Z,100,100,0.1,2.0,2.0,2.0,853,1050,5500,4739,,,
2026-09-18T04:47:13+00:00,460,200089,Willock,17,4,Newcastle,Midfielder,5.0,0.0,0.0,a,,,,,0.5,3.0,3.0,3.0,5095,6496,52616,26061,,,
2026-09-18T04:47:13+00:00,461,611665,Touré,17,4,Newcastle,Midfielder,5.8,0.0,-0.2,a,,,,,0.1,1.8,1.8,1.8,1276,1243,2822,15338,,,
2026-09-18T04:47:13+00:00,462,636852,Steur,17,4,Newcastle,Midfielder,4.9,0.0,-0.1,a,,,,,0.1,1.2,1.2,1.2,300,796,2036,5597,,,
2026-09-18T04:47:13+00:00,463,470313,Woltemade,17,4,Newcastle,Forward,5.9,0.0,-0.1,u,Has joined Juventus on loan for the rest of the season,2026-09-02T16:07:16.549304Z,0,0,0.5,1.0,0.0,0.0,0,9701,14520,136601,,,
2026-09-18T04:47:13+00:00,464,216646,Wissa,17,4,Newcastle,Forward,6.2,0.0,0.2,a,,,,,18.5,3.8,3.8,3.8,207344,164307,2063946,536893,2,,
2026-09-18T04:47:13+00:00,465,538207,Osula,17,4,Newcastle,Forward,5.9,0.0,-0.1,i,Foot injury - Unknown return date,2026-08-25T19:00:08.004915Z,0,0,0.3,1.0,0.0,0.0,163,5170,21298,82812,1,,
2026-09-18T04:47:13+00:00,466,599303,Neave,17,4,Newcastle,Forward,4.5,0.0,0.0,u,Has joined Wolves on loan for the rest of the season,2026-09-04T12:37:43.515176Z,0,0,0.6,0.0,0.0,0.0,0,7346,23805,46724,,,
2026-09-18T04:47:13+00:00,559,632794,Bamba,17,4,Newcastle,Midfielder,4.9,0.0,-0.1,a,,,,,0.1,0.5,0.5,0.5,305,889,2368,6815,,,
2026-09-18T04:47:13+00:00,567,470551,Horníček,17,4,Newcastle,Goalkeeper,5.0,0.0,0.0,a,,,,,1.5,2.8,2.8,2.8,17061,11689,138942,63671,,,
2026-09-18T04:47:13+00:00,593,463726,Dedić,17,4,Newcastle,Defender,4.5,0.0,0.0,i,Unspecified injury - Unknown return date,2026-09-17T14:30:09.823731Z,75,0,2.6,3.2,2.4,0.0,11005,54073,447531,220503,,,
2026-09-18T04:47:13+00:00,609,553746,Shahar,17,4,Newcastle,Defender,4.0,0.0,0.0,u,has joined Arouca on loan for the rest of the seaon.,2026-09-11T14:41:57.406766Z,0,0,0.2,0.0,0.0,0.0,0,4899,18236,13276,,,
2026-09-18T04:47:13+00:00,634,613221,Fernandez-Pardo,17,4,Newcastle,Forward,6.0,0.0,0.0,a,,,,,0.1,1.0,1.0,1.0,2539,1840,14040,4375,,,
2026-09-18T04:47:13+00:00,659,665243,Miley,17,4,Newcastle,Midfielder,4.5,0.0,0.0,a,,,,,0.0,0.0,1.1,1.1,2361,416,2361,416,,,
2026-09-18T04:47:13+00:00,167,463034,Delap,18,17,Nott'm Forest,Forward,5.5,0.0,0.0,a,,,,,2.1,2.0,2.0,2.0,122252,14833,187035,46800,3,,
2026-09-18T04:47:13+00:00,201,247348,Muñoz,18,17,Nott'm Forest,Defender,5.4,0.0,-0.1,a,,,,,5.9,0.8,0.8,0.8,54252,40135,104379,441975,,,
2026-09-18T04:47:13+00:00,467,85633,Sels,18,17,Nott'm Forest,Goalkeeper,5.0,0.0,0.0,a,,,,,1.7,3.0,3.0,3.0,26805,9344,53672,52215,,,
2026-09-18T04:47:13+00:00,468,221389,John,18,17,Nott'm Forest,Goalkeeper,4.5,0.0,0.0,a,,,,,0.1,0.0,0.0,0.0,156,278,766,1806,,,
2026-09-18T04:47:13+00:00,469,215136,N.Williams,18,17,Nott'm Forest,Defender,5.0,0.0,0.0,a,,,,,9.0,4.2,4.2,4.2,91998,37465,251552,292791,,,
2026-09-18T04:47:13+00:00,470,485047,Morato,18,17,Nott'm Forest,Defender,5.0,0.0,0.0,u,Has joined West Ham on loan for the rest of the season,2026-09-02T16:19:54.503286Z,0,0,0.0,0.0,0.0,0.0,0,357,424,3512,,,
2026-09-18T04:47:13+00:00,471,227444,Milenković,18,17,Nott'm Forest,Defender,5.5,0.0,0.0,i,Hamstring injury - Expected back 11 Oct,2026-09-12T14:00:09.705107Z,,0,1.2,3.0,3.0,0.0,230,36904,17906,81597,,,
2026-09-18T04:47:13+00:00,472,575476,Murillo,18,17,Nott'm Forest,Defender,5.5,0.0,0.0,a,,2026-07-23T12:01:23.801183Z,100,100,2.1,4.8,4.8,4.8,41269,8192,75236,50040,,,
2026-09-18T04:47:13+00:00,473,159506,Aina,18,17,Nott'm Forest,Defender,4.5,0.0,0.0,a,,,,,2.6,2.0,2.0,2.0,14320,18890,61015,144060,,,
2026-09-18T04:47:13+00:00,474,575458,Jair Cunha,18,17,Nott'm Forest,Defender,4.5,0.0,0.0,d,Hamstring injury - 75% chance of playing,2026-09-12T14:00:09.724349Z,,75,0.2,2.5,2.5,1.9,168,3774,9449,11540,,,
2026-09-18T04:47:13+00:00,475,500151,Savona,18,17,Nott'm Forest,Defender,4.5,0.0,0.0,i,Knee injury - Unknown return date,2026-07-23T12:01:23.816304Z,0,0,0.0,0.0,0.0,0.0,13,26,216,245,,,
2026-09-18T04:47:13+00:00,476,204822,O.Richards,18,17,Nott'm Forest,Defender,4.0,0.0,0.0,a,,,,,0.2,0.0,0.0,0.0,831,1283,3509,7163,,,
2026-09-18T04:47:13+00:00,477,549067,Abbott,18,17,Nott'm Forest,Defender,4.0,0.0,0.0,u,Has joined Southampton on loan for the rest of the season,2026-09-02T16:19:54.536676Z,0,0,0.2,0.0,0.0,0.0,0,1794,2459,12604,,,
2026-09-18T04:47:13+00:00,478,470315,Netz,18,17,Nott'm Forest,Defender,4.4,-0.1,-0.1,a,,,,,0.0,0.5,0.5,0.5,183,288,567,1416,,,
2026-09-18T04:47:13+00:00,479,538638,Bindon,18,17,Nott'm Forest,Defender,4.0,0.0,0.0,u,Has joined Charlton Athletic on loan for the rest of the season,2026-09-01T13:16:05.383880Z,0,0,0.1,0.0,0.0,0.0,0,1066,799,7799,,,
2026-09-18T04:47:13+00:00,480,222531,Gibbs-White,18,17,Nott'm Forest,Midfielder,8.0,0.1,0.0,a,,2026-08-24T15:30:08.350159Z,100,100,14.4,6.5,6.5,6.5,468598,29043,867676,573047,1,,
2026-09-18T04:47:13+00:00,482,209046,Hudson-Odoi,18,17,Nott'm Forest,Midfielder,5.8,-0.1,-0.2,a,,2026-07-23T12:01:23.832709Z,100,100,0.2,0.2,0.2,0.2,1438,2058,4547,15826,,,
2026-09-18T04:47:13+00:00,483,456512,Ndoye,18,17,Nott'm Forest,Midfielder,5.5,0.0,0.0,a,,,,,0.7,3.5,3.5,3.5,17290,8883,62341,38456,,,
2026-09-18T04:47:13+00:00,484,503301,Hutchinson,18,17,Nott'm Forest,Midfielder,5.4,0.0,-0.1,u,Has joined AC Milan on loan for the rest of the season,2026-09-01T13:23:52.340206Z,0,0,0.1,0.0,0.0,0.0,0,877,427,10412,,,
2026-09-18T04:47:13+00:00,485,476887,Bakwa,18,17,Nott'm Forest,Midfielder,5.5,0.0,0.0,u,Has joined Lille on loan for the rest of the season,2026-08-27T14:53:03.381941Z,0,0,0.0,0.0,0.0,0.0,0,53,107,1135,,,
2026-09-18T04:47:13+00:00,486,432714,McAtee,18,17,Nott'm Forest,Midfielder,5.5,0.0,0.0,a,,,,,0.1,2.5,2.5,2.5,2584,1254,8607,4667,,,
2026-09-18T04:47:13+00:00,487,250199,Dominguez,18,17,Nott'm Forest,Midfielder,4.9,0.0,-0.1,a,,,,,0.1,0.2,0.2,0.2,210,580,1094,3669,,,
2026-09-18T04:47:13+00:00,488,210462,I.Sangaré,18,17,Nott'm Forest,Midfielder,4.9,0.0,-0.1,a,,2026-08-28T09:30:07.471668Z,100,100,0.5,0.8,0.8,0.8,1222,4261,8554,62835,,,
2026-09-18T04:47:13+00:00,489,204968,Yates,18,17,Nott'm Forest,Midfielder,4.5,0.0,0.0,a,,2026-08-17T20:30:08.195072Z,100,100,1.2,0.0,0.0,0.0,2553,12353,29260,83612,,,
2026-09-18T04:47:13+00:00,490,60689,Wood,18,17,Nott'm Forest,Forward,5.8,-0.1,-0.2,a,,,,,0.9,0.8,0.8,0.8,4137,12152,21050,106405,2,,
2026-09-18T04:47:13+00:00,491,482973,Igor Jesus,18,17,Nott'm Forest,Forward,5.8,-0.1,-0.2,a,,,,,2.7,2.8,2.8,2.8,47377,23488,95836,237981,4,,
2026-09-18T04:47:13+00:00,493,465680,Kalimuendo,18,17,Nott'm Forest,Forward,5.4,0.0,-0.1,a,,,,,0.1,0.2,0.2,0.2,418,665,2745,3540,,,
2026-09-18T04:47:13+00:00,558,204561,Schlager,18,17,Nott'm Forest,Midfielder,5.0,0.0,0.0,a,,,,,0.1,2.8,2.8,2.8,2261,973,4878,4701,,,
2026-09-18T04:47:13+00:00,581,568420,Diomande,18,17,Nott'm Forest,Defender,5.4,0.0,-0.1,a,,,,,0.5,1.2,1.2,1.2,3034,2716,11146,38790,,,
2026-09-18T04:47:13+00:00,590,428971,Benda,18,17,Nott'm Forest,Goalkeeper,4.5,0.0,0.0,a,,,,,0.1,0.0,0.0,0.0,346,441,2464,2479,,,
2026-09-18T04:47:13+00:00,112,469142,Van Hecke,19,6,Spurs,Defender,4.9,0.0,-0.1,a,,,,,6.7,4.5,4.5,4.5,30593,31918,125959,433361,,,
2026-09-18T04:47:13+00:00,147,109646,Tosin,19,6,Spurs,Defender,4.4,0.0,-0.1,a,,,,,0.2,0.2,0.2,0.2,339,784,1794,7099,,,
2026-09-18T04:47:13+00:00,401,438234,Marmoush,19,6,Spurs,Forward,7.0,0.0,0.0,a,,,,,2.2,1.5,1.5,1.5,21738,36685,208997,132477,2,,
2026-09-18T04:47:13+00:00,403,510281,Sávio,19,6,Spurs,Midfielder,6.5,0.0,0.0,a,,2026-08-29T16:30:08.380416Z,100,100,0.7,1.5,1.5,1.5,8891,9945,92999,69423,,,
2026-09-18T04:47:13+00:00,455,432422,Tonali,19,6,Spurs,Midfielder,5.4,0.0,-0.1,d,Knock - 75% chance of playing,2026-09-14T14:30:07.387706Z,,75,2.1,3.0,3.0,2.2,3145,47142,44194,240839,,,
2026-09-18T04:47:13+00:00,494,184254,Vicario,19,6,Spurs,Goalkeeper,4.5,0.0,0.0,u,Has joined Juventus on loan for the rest of the season,2026-08-19T13:55:33.193962Z,0,0,0.1,0.0,0.0,0.0,0,1455,0,21149,,,
2026-09-18T04:47:13+00:00,495,214572,Austin,19,6,Spurs,Goalkeeper,4.0,0.0,0.0,a,,,,,1.0,0.0,0.0,0.0,4968,3704,26480,18809,,,
2026-09-18T04:47:13+00:00,496,485055,Kinsky,19,6,Spurs,Goalkeeper,4.5,0.0,0.0,a,,,,,18.3,4.0,4.0,4.0,71395,69896,304839,655098,,,
2026-09-18T04:47:13+00:00,497,67089,Dubravka,19,6,Spurs,Goalkeeper,4.0,0.0,0.0,a,,,,,17.6,0.0,0.0,0.0,44674,65222,355480,373033,,,
2026-09-18T04:47:13+00:00,498,221466,Senesi,19,6,Spurs,Defender,5.8,-0.1,-0.2,a,,,,,3.9,0.8,0.8,0.8,2091,56720,27726,420485,,,
2026-09-18T04:47:13+00:00,499,441164,Pedro Porro,19,6,Spurs,Defender,5.4,-0.1,-0.1,d,Unspecified injury - 75% chance of playing,2026-09-11T18:00:09.076279Z,75,75,8.5,2.0,1.5,1.5,1616,207044,119057,881927,,,
2026-09-18T04:47:13+00:00,500,221632,Romero,19,6,Spurs,Defender,5.0,0.0,0.0,u,Has joined Atletico Madrid permanently,2026-08-17T13:49:05.465401Z,0,0,0.1,0.0,0.0,0.0,0,546,0,16450,,,
2026-09-18T04:47:13+00:00,502,122798,Robertson,19,6,Spurs,Defender,4.4,0.0,-0.1,a,,,,,2.6,3.2,3.2,3.2,15370,16226,56893,164195,,,
2026-09-18T04:47:13+00:00,503,491279,Van de Ven,19,6,Spurs,Defender,5.0,0.0,0.0,a,,2026-08-21T15:00:07.610517Z,100,100,3.9,3.8,3.8,3.8,24237,16192,83041,242664,,,
2026-09-18T04:47:13+00:00,505,232859,Spence,19,6,Spurs,Defender,4.5,0.0,0.0,u,Has joined Internazionale permanently,2026-08-18T14:13:08.454214Z,0,0,0.2,0.0,0.0,0.0,0,2257,0,67690,,,
2026-09-18T04:47:13+00:00,506,487053,Udogie,19,6,Spurs,Defender,4.4,-0.1,-0.1,a,,2026-09-11T18:00:09.092110Z,75,100,0.3,1.8,1.4,1.8,626,4339,4916,20210,,,
2026-09-18T04:47:13+00:00,507,548308,Phillips,19,6,Spurs,Defender,4.5,0.0,0.0,u,Has joined Middlesbrough permanently,2026-08-18T14:13:08.474144Z,0,0,0.0,0.0,0.0,0.0,0,89,0,1198,,,
2026-09-18T04:47:13+00:00,508,115556,Davies,19,6,Spurs,Defender,4.0,0.0,0.0,a,,,,,0.8,0.0,0.0,0.0,1651,5938,11403,35643,,,
2026-09-18T04:47:13+00:00,509,640419,Byfield,19,6,Spurs,Defender,4.0,0.0,0.0,a,,,,,0.1,0.0,0.0,0.0,453,455,2112,2226,,,
2026-09-18T04:47:13+00:00,510,499716,Rowswell,19,6,Spurs,Defender,4.0,0.0,0.0,a,,,,,0.1,0.0,0.0,0.0,518,585,2575,2963,,,
2026-09-18T04:47:13+00:00,511,616221,Souza,19,6,Spurs,Defender,4.0,0.0,0.0,u,Has joined FC Porto on loan for the rest of the season,2026-09-01T13:24:26.858636Z,0,0,0.2,0.0,0.0,0.0,0,1912,2555,15507,,,
2026-09-18T04:47:13+00:00,512,460842,Kudus,19,6,Spurs,Midfielder,6.5,0.0,0.0,a,,2026-07-23T12:01:23.848657Z,100,100,0.1,0.8,0.8,0.8,1917,2263,9983,9395,3,,
2026-09-18T04:47:13+00:00,513,493362,Xavi,19,6,Spurs,Midfielder,5.9,0.0,-0.1,i,Knee injury - Unknown return date,2026-07-23T12:01:23.864304Z,0,0,0.0,0.0,0.0,0.0,47,109,288,1028,4,,
2026-09-18T04:47:13+00:00,514,511499,Tel,19,6,Spurs,Midfielder,5.8,0.0,-0.2,a,,,,,0.2,2.0,2.0,2.0,666,4404,8701,43004,,,
2026-09-18T04:47:13+00:00,515,172780,Maddison,19,6,Spurs,Midfielder,6.3,0.0,-0.2,a,,2026-08-25T14:30:07.623508Z,100,100,0.4,0.5,0.5,0.5,1264,3520,4572,93107,,,
2026-09-18T04:47:13+00:00,516,202993,Bentancur,19,6,Spurs,Midfielder,5.5,0.0,0.0,a,,,,,0.2,2.8,2.8,2.8,1500,1238,4158,7286,,,
2026-09-18T04:47:13+00:00,517,550839,Odobert,19,6,Spurs,Midfielder,5.5,0.0,0.0,i,Knee injury - Unknown return date,2026-07-23T12:01:23.879434Z,0,0,0.0,0.0,0.0,0.0,19,16,98,91,,,
2026-09-18T04:47:13+00:00,518,482442,P.M.Sarr,19,6,Spurs,Midfielder,4.9,0.0,-0.1,u,Has joined Juventus on loan for the rest of the season,2026-09-02T16:02:43.386849Z,0,0,0.1,0.0,0.0,0.0,0,1740,4138,22659,,,
2026-09-18T04:47:13+00:00,519,232787,Gallagher,19,6,Spurs,Midfielder,5.3,-0.1,-0.2,a,,,,,0.2,0.8,0.8,0.8,487,2034,3531,15824,,,
2026-09-18T04:47:13+00:00,520,570526,Bergvall,19,6,Spurs,Midfielder,5.4,0.0,-0.1,a,,,,,0.1,0.5,0.5,0.5,267,992,1703,8668,,,
2026-09-18T04:47:13+00:00,521,445044,Kulusevski,19,6,Spurs,Midfielder,6.5,0.0,0.0,i,Knee injury - Unknown return date,2026-07-23T12:01:23.895175Z,0,0,0.0,0.0,0.0,0.0,57,80,300,652,,,
2026-09-18T04:47:13+00:00,522,547701,Gray,19,6,Spurs,Midfielder,4.9,-0.1,-0.1,a,,,,,0.2,1.8,1.8,1.8,1314,1761,6062,11666,,,
2026-09-18T04:47:13+00:00,523,499721,Moore,19,6,Spurs,Midfielder,5.0,0.0,0.0,u,Has joined FC Köln on loan for the rest of the season,2026-09-04T12:39:48.098158Z,0,0,0.1,0.8,0.0,0.0,0,1482,3258,15987,,,
2026-09-18T04:47:13+00:00,524,499726,Olusesi,19,6,Spurs,Midfielder,4.4,0.0,-0.1,a,,,,,1.0,0.0,0.0,0.0,29394,12222,46784,39087,,,
2026-09-18T04:47:13+00:00,525,551226,Fernandes,19,6,Spurs,Midfielder,5.8,0.0,-0.2,a,,,,,0.8,1.5,1.5,1.5,1775,10706,13085,114848,,,
2026-09-18T04:47:13+00:00,526,154566,Solanke,19,6,Spurs,Forward,5.8,-0.1,-0.2,a,,,,,0.9,1.2,1.2,1.2,4193,10153,25693,86124,1,,
2026-09-18T04:47:13+00:00,527,212319,Richarlison,19,6,Spurs,Forward,5.9,0.0,-0.1,u,not included in squad.,2026-09-04T12:32:39.183614Z,0,0,0.7,0.5,0.0,0.0,0,16695,21439,256763,,,
2026-09-18T04:47:13+00:00,528,490145,Scarlett,19,6,Spurs,Forward,4.5,0.0,0.0,u,Has joined Leyton Orient permanently,2026-09-02T16:02:43.413625Z,0,0,1.2,0.0,0.0,0.0,0,14853,42525,97881,,,
2026-09-18T04:47:13+00:00,578,465920,Mudryk,19,6,Spurs,Midfielder,5.4,0.0,-0.1,i,Ankle injury - Unknown return date,2026-09-11T18:00:09.154412Z,0,0,0.0,0.2,0.0,0.0,31,1845,5419,6753,,,
2026-09-18T04:47:13+00:00,601,611917,Williams-Barnett,19,6,Spurs,Midfielder,4.5,0.0,0.0,a,,,,,0.1,0.0,0.0,0.0,551,1387,9978,6058,,,
2026-09-18T04:47:13+00:00,501,135720,Danso,20,56,Sunderland,Defender,5.0,0.0,0.0,a,,,,,0.2,0.8,0.8,0.8,1272,1229,5167,8720,,,
2026-09-18T04:47:13+00:00,529,498016,Roefs,20,56,Sunderland,Goalkeeper,4.9,-0.1,-0.1,a,,,,,2.6,2.8,2.8,2.8,1996,27454,19286,157260,,,
2026-09-18T04:47:13+00:00,530,232571,Patterson,20,56,Sunderland,Goalkeeper,4.0,0.0,0.0,u,Has joined Wrexham permanently,2026-08-12T14:08:03.064533Z,0,0,0.1,0.0,0.0,0.0,0,648,0,5557,,,
2026-09-18T04:47:13+00:00,531,515046,Ellborg,20,56,Sunderland,Goalkeeper,4.5,0.0,0.0,a,,,,,0.1,0.0,0.0,0.0,145,424,994,2955,,,
2026-09-18T04:47:13+00:00,532,223827,Ballard,20,56,Sunderland,Defender,4.9,0.0,-0.1,a,,,,,2.8,3.0,3.0,3.0,5283,36186,40879,283961,,,
2026-09-18T04:47:13+00:00,533,200834,Mukiele,20,56,Sunderland,Defender,5.4,-0.1,-0.1,a,,2026-08-09T08:30:05.954750Z,100,100,2.0,3.2,3.2,3.2,4449,21588,38367,113744,,,
2026-09-18T04:47:13+00:00,534,487676,Hume,20,56,Sunderland,Defender,4.4,0.0,-0.1,a,,,,,3.3,2.2,2.2,2.2,1525,63166,36341,340400,,,
2026-09-18T04:47:13+00:00,535,201895,Alderete,20,56,Sunderland,Defender,4.9,0.0,-0.1,a,,2026-08-09T08:30:05.962393Z,100,100,0.2,0.2,0.2,0.2,225,3117,4699,25177,,,
2026-09-18T04:47:13+00:00,536,434399,Reinildo,20,56,Sunderland,Defender,4.5,0.0,0.0,s,Suspended until 10 Oct,2026-09-12T21:30:09.421687Z,,0,0.3,1.8,1.8,0.0,120,7215,3847,20248,,,
2026-09-18T04:47:13+00:00,537,519634,Seelt,20,56,Sunderland,Defender,4.5,0.0,0.0,u,Has joined Swansea City on loan for the rest of the season,2026-08-29T00:34:52.425076Z,0,0,0.0,0.0,0.0,0.0,0,39,61,626,,,
2026-09-18T04:47:13+00:00,538,477547,Hjelde,20,56,Sunderland,Defender,4.0,0.0,0.0,u,Has joined KV Mechelen on loan for the rest of the season,2026-08-12T14:08:03.081789Z,0,0,0.0,0.0,0.0,0.0,0,242,0,2315,,,
2026-09-18T04:47:13+00:00,539,167512,O'Nien,20,56,Sunderland,Defender,4.0,0.0,0.0,a,,,,,2.5,0.2,0.2,0.2,1799,18198,14385,102904,,,
2026-09-18T04:47:13+00:00,540,105717,Masuaku,20,56,Sunderland,Defender,4.0,0.0,0.0,u,Has joined Konyaspor permanently,2026-08-12T14:08:03.097784Z,0,0,0.1,0.0,0.0,0.0,0,1079,0,10736,,,
2026-09-18T04:47:13+00:00,541,93605,Meunier,20,56,Sunderland,Defender,4.5,0.0,0.0,a,,2026-08-16T08:30:07.830062Z,100,100,0.3,2.8,2.8,2.8,784,1604,5214,8226,,,
2026-09-18T04:47:13+00:00,542,484420,E.Le Fée,20,56,Sunderland,Midfielder,5.8,0.0,-0.2,a,,,,,3.7,3.2,3.2,3.2,4484,69356,32315,594874,2,,
2026-09-18T04:47:13+00:00,543,547027,Diarra,20,56,Sunderland,Midfielder,5.4,0.0,-0.1,i,Hamstring injury - Unknown return date,2026-08-30T16:30:08.428960Z,0,0,0.0,1.2,0.0,0.0,9,520,535,5531,1,,
2026-09-18T04:47:13+00:00,544,84450,Xhaka,20,56,Sunderland,Midfielder,5.5,0.0,0.0,a,,,,,3.9,4.8,4.8,4.8,11013,44535,122423,171109,,,
2026-09-18T04:47:13+00:00,545,577669,Sadiki,20,56,Sunderland,Midfielder,4.9,0.0,-0.1,a,,,,,0.2,2.0,2.0,2.0,969,2711,5111,16067,,,
2026-09-18T04:47:13+00:00,546,535818,Adingra,20,56,Sunderland,Midfielder,4.9,0.0,-0.1,u,Has joined Ajax on loan for the rest of the season,2026-08-20T14:00:08.416985Z,0,0,0.0,0.0,0.0,0.0,0,523,240,7106,,,
2026-09-18T04:47:13+00:00,547,461199,Mundle,20,56,Sunderland,Midfielder,4.9,0.0,-0.1,i,Knee injury - Unknown return date,2026-09-09T14:00:08.462705Z,0,0,0.0,0.2,0.0,0.0,14,108,190,591,,,
2026-09-18T04:47:13+00:00,548,554197,Rigg,20,56,Sunderland,Midfielder,4.9,0.0,-0.1,a,,,,,0.0,0.5,0.5,0.5,50,389,422,2505,,,
2026-09-18T04:47:13+00:00,549,549912,Talbi,20,56,Sunderland,Midfielder,5.3,-0.1,-0.2,a,,,,,0.1,0.2,0.2,0.2,274,1274,1199,10797,,,
2026-09-18T04:47:13+00:00,550,699989,Jocelin.T,20,56,Sunderland,Midfielder,5.0,0.0,0.0,a,,,,,0.0,0.0,0.0,0.0,52,68,262,361,,,
2026-09-18T04:47:13+00:00,551,536661,N.Angulo,20,56,Sunderland,Midfielder,5.0,0.0,0.0,a,,,,,0.1,3.0,3.0,3.0,609,1650,12170,9291,,,
2026-09-18T04:47:13+00:00,552,441264,Brobbey,20,56,Sunderland,Forward,5.8,0.0,-0.2,a,,,,,5.8,1.8,1.8,1.8,9641,111026,89089,840051,,,
2026-09-18T04:47:13+00:00,553,437505,Isidor,20,56,Sunderland,Forward,5.5,0.0,0.0,a,,,,,1.4,3.5,3.5,3.5,5405,19471,91262,69194,,,
2026-09-18T04:47:13+00:00,612,638411,Methalie,20,56,Sunderland,Defender,4.5,0.0,0.0,a,,2026-08-28T13:00:08.950445Z,100,100,0.0,0.0,0.0,0.0,113,81,757,411,,,
2026-09-18T04:47:13+00:00,613,696104,Ahoka,20,56,Sunderland,Midfielder,4.5,0.0,0.0,a,,,,,0.2,0.0,0.0,0.0,1888,3040,24478,12119,,,
2026-09-18T04:47:13+00:00,646,549940,Fofana,20,56,Sunderland,Midfielder,5.5,0.0,0.0,a,,,,,0.0,1.0,1.0,1.0,401,517,3665,1313,,,
2026-09-18T04:47:13+00:00,651,661313,J.Angulo,20,56,Sunderland,Forward,4.5,0.0,0.0,a,,,,,0.7,0.0,0.0,0.0,26455,9163,74779,20535,,,
