observed_at,player_id,player_code,web_name,team_id,team_code,team_name,position,price,price_change_gameweek,price_change_season,status,news,news_added,chance_of_playing_this_round,chance_of_playing_next_round,selected_by_percent,form,expected_points_this_gameweek,expected_points_next_gameweek,transfers_in_event,transfers_out_event,transfers_in_season,transfers_out_season,penalties_order,direct_free_kicks_order,corners_and_indirect_free_kicks_order
2026-10-06T00:05:17+00:00,1,154561,Raya,1,3,Arsenal,Goalkeeper,6.1,0.1,0.1,a,,,,,42.3,6.0,6.0,6.0,137940,56580,978339,648984,,,
2026-10-06T00:05:17+00:00,2,109745,Arrizabalaga,1,3,Arsenal,Goalkeeper,4.9,0.0,-0.1,a,,,,,0.1,0.0,0.0,0.0,121,281,1498,4294,,,
2026-10-06T00:05:17+00:00,3,437495,Meslier,1,3,Arsenal,Goalkeeper,4.9,0.0,-0.1,a,,,,,0.0,0.0,0.0,0.0,50,130,517,1590,,,
2026-10-06T00:05:17+00:00,4,226597,Gabriel,1,3,Arsenal,Defender,8.0,0.0,0.0,a,,,,,22.7,4.0,4.0,4.0,28781,72158,239024,915049,,,
2026-10-06T00:05:17+00:00,5,445122,J.Timber,1,3,Arsenal,Defender,6.5,0.0,0.0,a,,2026-07-23T12:01:23.272929Z,100,100,0.4,0.3,0.3,0.3,14710,4727,36366,15480,,,
2026-10-06T00:05:17+00:00,6,462424,Saliba,1,3,Arsenal,Defender,5.9,0.0,-0.1,i,Back injury - Unknown return date,2026-07-23T12:01:23.289376Z,0,0,0.2,0.0,0.0,0.0,440,1197,3522,18750,,,
2026-10-06T00:05:17+00:00,7,499169,Lewis-Skelly,1,3,Arsenal,Midfielder,5.4,-0.1,-0.1,a,,,,,0.6,1.0,1.0,1.0,1057,5229,29734,50033,,,
2026-10-06T00:05:17+00:00,8,466075,Calafiori,1,3,Arsenal,Defender,5.9,0.1,0.4,a,,,,,50.5,3.0,3.0,3.0,90528,68903,1670536,407410,,,
2026-10-06T00:05:17+00:00,9,448104,Hincapie,1,3,Arsenal,Defender,5.2,-0.1,-0.3,a,,,,,0.9,0.3,0.3,0.3,1584,6027,16403,117738,,,
2026-10-06T00:05:17+00:00,10,198869,White,1,3,Arsenal,Defender,5.5,0.0,0.0,d,Groin injury - 75% chance of playing,2026-09-20T19:30:08.247780Z,100,75,4.8,1.0,1.0,0.8,3307,72656,456065,571437,,,
2026-10-06T00:05:17+00:00,11,500040,Mosquera,1,3,Arsenal,Defender,5.3,0.0,-0.2,a,,2026-09-04T14:00:08.080310Z,100,100,1.6,0.0,0.0,0.0,1399,10198,31564,468927,,,
2026-10-06T00:05:17+00:00,12,223340,Saka,1,3,Arsenal,Midfielder,9.6,0.1,0.1,a,,,,,14.1,4.0,4.0,4.0,150503,51774,830125,401625,1,,
2026-10-06T00:05:17+00:00,13,204480,Rice,1,3,Arsenal,Midfielder,7.4,0.0,-0.1,d,Unspecified injury - 75% chance of playing,2026-09-21T13:00:08.896379Z,,75,11.5,4.0,4.0,3.0,7823,93026,119669,735700,,,
2026-10-06T00:05:17+00:00,14,232413,Eze,1,3,Arsenal,Midfielder,6.2,-0.1,-0.3,a,,,,,1.0,0.7,0.7,0.7,2940,7260,23859,140104,,,
2026-10-06T00:05:17+00:00,15,184029,Ødegaard,1,3,Arsenal,Midfielder,6.8,0.0,0.3,a,,,,,19.8,5.0,5.0,5.0,88603,96935,1644323,556384,3,,
2026-10-06T00:05:17+00:00,16,248857,Madueke,1,3,Arsenal,Midfielder,6.2,0.0,-0.3,a,,,,,0.2,0.3,0.3,0.3,800,1644,6080,26064,,,
2026-10-06T00:05:17+00:00,17,195384,Merino,1,3,Arsenal,Midfielder,5.7,-0.1,-0.3,a,,,,,0.4,0.7,0.7,0.7,844,3036,9581,48326,,,
2026-10-06T00:05:17+00:00,18,444145,Martinelli,1,3,Arsenal,Midfielder,6.3,0.0,-0.2,u,Has joined Al Hilal permanently,2026-09-04T12:34:46.738449Z,0,0,0.1,0.0,0.0,0.0,0,623,2483,21924,,,
2026-10-06T00:05:17+00:00,19,481655,Zubimendi,1,3,Arsenal,Midfielder,5.3,0.0,-0.2,a,,,,,0.6,1.0,1.0,1.0,541,3965,8556,66908,,,
2026-10-06T00:05:17+00:00,20,616077,Dowman,1,3,Arsenal,Midfielder,5.3,0.0,-0.2,d,Unspecified injury - 75% chance of playing,2026-10-05T19:00:10.141532Z,,75,0.1,0.3,0.3,0.2,481,646,3069,7365,,,
2026-10-06T00:05:17+00:00,22,499175,Nwaneri,1,3,Arsenal,Midfielder,5.4,0.0,-0.1,u,Has joined Borussia Dortmund on loan for the rest of the season,2026-09-02T16:01:07.058827Z,0,0,0.0,0.0,0.0,0.0,0,58,233,1258,,,
2026-10-06T00:05:17+00:00,23,438098,Fábio Vieira,1,3,Arsenal,Midfielder,5.5,0.0,0.0,u,Has joined Hamburger SV permanently,2026-09-02T16:00:28.446370Z,0,0,0.0,0.0,0.0,0.0,0,44,255,923,,,
2026-10-06T00:05:17+00:00,24,200641,Nelson,1,3,Arsenal,Midfielder,5.5,0.0,0.0,u,has departed the club as a free agent.,2026-08-29T00:33:08.556767Z,0,0,0.0,0.0,0.0,0.0,0,24,68,678,,,
2026-10-06T00:05:17+00:00,25,224117,Gyökeres,1,3,Arsenal,Forward,7.1,-0.1,-0.4,a,,,,,3.2,0.7,0.7,0.7,18208,18528,46431,612852,2,,
2026-10-06T00:05:17+00:00,26,219847,Havertz,1,3,Arsenal,Forward,7.6,0.0,0.1,d,Hamstring injury - 75% chance of playing,2026-09-24T22:00:09.120308Z,,75,8.1,3.7,3.7,2.8,51029,76014,654262,436486,,,
2026-10-06T00:05:17+00:00,27,205651,G.Jesus,1,3,Arsenal,Forward,5.9,0.0,-0.1,u,Has joined FC Barcelona permanently,2026-09-02T16:00:28.475184Z,0,0,0.1,0.0,0.0,0.0,0,1096,4164,29371,,,
2026-10-06T00:05:17+00:00,31,199798,Konsa,1,3,Arsenal,Defender,4.6,0.1,0.1,d,Unspecified injury - 75% chance of playing,2026-10-05T09:30:09.853316Z,,75,19.3,3.7,3.7,2.8,97992,64884,1471299,655992,,,
2026-10-06T00:05:17+00:00,452,208706,Bruno G.,1,3,Arsenal,Midfielder,6.7,0.0,-0.3,a,,2026-09-04T14:00:08.328779Z,100,100,1.8,2.7,2.7,2.7,6528,8263,31474,245336,4,,
2026-10-06T00:05:17+00:00,557,439509,Tzolis,1,3,Arsenal,Midfielder,6.3,-0.1,-0.2,d,Hamstring injury - 75% chance of playing,2026-10-02T15:00:11.091226Z,,75,11.9,3.3,3.3,2.5,12513,162976,462880,1626184,,,
2026-10-06T00:05:17+00:00,29,72147,M.Bizot,2,7,Aston Villa,Goalkeeper,4.5,0.0,0.0,i,Back injury - Expected back 10 Oct,2026-09-17T07:30:09.058151Z,0,0,0.1,0.0,0.0,0.0,69,1079,4663,7455,,,
2026-10-06T00:05:17+00:00,30,101188,Digne,2,7,Aston Villa,Defender,4.5,0.0,0.0,u,Has joined Paris Saint-Germain permanently,2026-08-10T14:03:30.089007Z,0,0,0.0,0.0,0.0,0.0,0,251,0,8662,,,
2026-10-06T00:05:17+00:00,32,199796,Cash,2,7,Aston Villa,Defender,4.4,0.0,-0.1,a,,2026-09-09T14:30:08.192142Z,100,100,4.8,-0.5,-0.5,-0.5,2961,27073,95612,421062,,,
2026-10-06T00:05:17+00:00,33,149484,Mings,2,7,Aston Villa,Defender,4.5,0.0,0.0,a,,,,,0.4,1.5,1.5,1.5,2009,1565,16729,17589,,,
2026-10-06T00:05:17+00:00,34,244954,Pau,2,7,Aston Villa,Defender,4.4,-0.1,-0.1,i,Hamstring injury - Expected back 10 Oct,2026-09-12T18:00:08.712707Z,0,0,0.3,0.5,0.0,0.0,48,3362,11241,27720,,,
2026-10-06T00:05:17+00:00,35,515597,Bogarde,2,7,Aston Villa,Midfielder,4.9,-0.1,-0.1,a,,,,,0.1,0.0,0.0,0.0,179,461,2920,4789,,,
2026-10-06T00:05:17+00:00,36,441302,Maatsen,2,7,Aston Villa,Defender,4.4,-0.1,-0.1,i,Ankle injury - Unknown return date,2026-09-12T18:00:08.729468Z,0,0,0.5,0.5,0.0,0.0,55,6733,31897,62471,,,
2026-10-06T00:05:17+00:00,37,184667,Lindelöf,2,7,Aston Villa,Defender,4.5,0.0,0.0,a,,,,,0.3,1.0,1.0,1.0,1227,1434,14827,14457,,,
2026-10-06T00:05:17+00:00,38,606798,A.García,2,7,Aston Villa,Defender,4.0,0.0,0.0,a,,,,,1.5,0.0,0.0,0.0,1962,6479,45408,68379,,,
2026-10-06T00:05:17+00:00,39,578545,Nedeljkovic,2,7,Aston Villa,Defender,4.0,0.0,0.0,u,Has joined Rangers on loan for the rest of the season,2026-08-19T13:56:46.385411Z,0,0,0.1,0.0,0.0,0.0,0,601,0,15286,,,
2026-10-06T00:05:17+00:00,41,195546,Buendía,2,7,Aston Villa,Midfielder,5.9,0.0,-0.1,a,,,,,1.0,7.0,7.0,7.0,13707,4808,61691,95953,1,,
2026-10-06T00:05:17+00:00,44,215711,Bailey,2,7,Aston Villa,Midfielder,5.4,0.0,-0.1,u,Has joined Olympiakos permanently,2026-09-04T12:35:14.472260Z,0,0,0.1,0.0,0.0,0.0,0,533,2096,13264,,,
2026-10-06T00:05:17+00:00,45,122806,McGinn,2,7,Aston Villa,Midfielder,5.4,0.0,-0.1,a,,,,,2.2,6.0,6.0,6.0,7664,9505,71495,156467,,,
2026-10-06T00:05:17+00:00,46,88894,Barkley,2,7,Aston Villa,Midfielder,5.0,0.0,0.0,a,,,,,0.3,1.5,1.5,1.5,612,1899,16169,16376,,,
2026-10-06T00:05:17+00:00,47,226944,Kamara,2,7,Aston Villa,Midfielder,5.0,0.0,0.0,a,,2026-07-23T12:01:23.337269Z,100,100,0.3,4.0,4.0,4.0,1416,1700,14625,21648,,,
2026-10-06T00:05:17+00:00,48,449871,Onana,2,7,Aston Villa,Midfielder,4.9,0.0,-0.1,i,Knee injury - Unknown return date,2026-07-23T12:01:23.352497Z,0,0,0.0,0.0,0.0,0.0,47,103,518,1673,,,
2026-10-06T00:05:17+00:00,49,469247,Iling Jr,2,7,Aston Villa,Midfielder,5.0,0.0,0.0,u,Has joined Bolton Wanderers on loan for the rest of the season,2026-08-17T13:52:28.532616Z,0,0,0.0,0.0,0.0,0.0,0,12,0,237,,,
2026-10-06T00:05:17+00:00,50,645618,Burrowes,2,7,Aston Villa,Midfielder,4.5,0.0,0.0,a,,,,,0.6,0.0,0.0,0.0,673,3593,21498,35317,,,
2026-10-06T00:05:17+00:00,51,577285,George Hemmings,2,7,Aston Villa,Midfielder,4.5,0.0,0.0,a,,,,,1.2,1.0,1.0,1.0,3421,10428,116104,70361,,,
2026-10-06T00:05:17+00:00,52,653481,Alysson,2,7,Aston Villa,Midfielder,5.0,0.0,0.0,d,Unspecified injury - 75% chance of playing,2026-09-19T11:30:09.355376Z,,75,0.0,3.0,3.0,2.2,70,835,3356,3698,,,
2026-10-06T00:05:17+00:00,53,614071,Manzambi,2,7,Aston Villa,Midfielder,5.9,0.0,-0.1,a,,2026-08-15T15:30:06.388335Z,100,100,0.4,7.0,7.0,7.0,30149,3912,33135,20531,,,
2026-10-06T00:05:17+00:00,54,448089,Gomes,2,7,Aston Villa,Midfielder,5.5,0.0,0.0,a,,2026-09-16T19:30:08.742410Z,100,100,0.0,2.0,2.0,2.0,501,210,1340,4119,,,
2026-10-06T00:05:17+00:00,55,178301,Watkins,2,7,Aston Villa,Forward,7.8,0.0,-0.2,u,Has joined Al Hilal permanently,2026-09-01T13:15:16.698799Z,0,0,2.5,0.0,0.0,0.0,0,13910,14882,761291,,,
2026-10-06T00:05:17+00:00,56,173879,Abraham,2,7,Aston Villa,Forward,5.5,0.0,0.0,a,,2026-08-15T16:00:07.558543Z,100,100,0.2,1.0,1.0,1.0,1861,1864,15909,13040,,,
2026-10-06T00:05:17+00:00,160,493105,Garnacho,2,7,Aston Villa,Midfielder,5.8,0.0,-0.2,a,,,,,0.3,0.0,0.0,0.0,600,2931,7548,41384,,,
2026-10-06T00:05:17+00:00,166,517052,N.Jackson,2,7,Aston Villa,Forward,6.5,0.0,0.0,a,,,,,1.5,3.0,3.0,3.0,41168,9159,186430,86099,2,,
2026-10-06T00:05:17+00:00,582,690838,Madjo,2,7,Aston Villa,Forward,5.4,0.0,-0.1,i,Unspecified injury - Unknown return date,2026-08-15T16:00:07.974271Z,0,0,0.2,0.0,0.0,0.0,289,1918,2974,30689,,,
2026-10-06T00:05:17+00:00,596,487992,Ruggeri,2,7,Aston Villa,Defender,4.5,0.0,0.0,a,,,,,0.1,1.5,1.5,1.5,630,365,3273,5629,,,
2026-10-06T00:05:17+00:00,597,433969,Suzuki,2,7,Aston Villa,Goalkeeper,5.0,0.0,0.0,a,,,,,1.9,2.0,2.0,2.0,14810,7262,152374,63121,,,
2026-10-06T00:05:17+00:00,606,569577,Rowe,2,7,Aston Villa,Defender,4.0,0.0,0.0,a,,,,,0.2,0.0,0.0,0.0,336,950,13032,6205,,,
2026-10-06T00:05:17+00:00,607,571380,Lynch,2,7,Aston Villa,Midfielder,4.5,0.0,0.0,u,Has joined Oxford United on loan until January,2026-09-04T12:35:39.820426Z,0,0,0.1,0.0,0.0,0.0,0,745,7103,8189,,,
2026-10-06T00:05:17+00:00,611,214590,Wan-Bissaka,2,7,Aston Villa,Defender,4.5,0.0,0.0,a,,,,,0.2,2.0,2.0,2.0,1568,1530,18421,7863,,,
2026-10-06T00:05:17+00:00,618,119090,Goretzka,2,7,Aston Villa,Midfielder,5.9,0.0,-0.1,i,Knee injury - Expected back 10 Oct,2026-09-09T09:30:08.229436Z,0,0,0.0,0.0,0.0,0.0,27,434,4636,4748,,,
2026-10-06T00:05:17+00:00,630,245719,Harwood-Bellis,2,7,Aston Villa,Defender,4.5,0.0,0.0,a,,,,,0.0,0.0,0.0,0.0,213,205,2190,1011,,,
2026-10-06T00:05:17+00:00,631,638987,Mbaye,2,7,Aston Villa,Midfielder,6.0,0.0,0.0,a,,,,,0.1,1.0,1.0,1.0,994,1188,10502,4869,,,
2026-10-06T00:05:17+00:00,667,481283,Wright,2,7,Aston Villa,Goalkeeper,4.0,0.0,0.0,a,,,,,0.1,0.0,1.0,1.0,8676,998,8676,998,,,
2026-10-06T00:05:17+00:00,57,457569,Petrović,3,91,Bournemouth,Goalkeeper,4.5,0.0,0.0,a,,,,,3.0,1.5,1.5,1.5,7142,12939,113125,125610,,,
2026-10-06T00:05:17+00:00,58,40383,Forster,3,91,Bournemouth,Goalkeeper,4.0,0.0,0.0,a,,,,,3.5,0.0,0.0,0.0,8928,7981,118122,79802,,,
2026-10-06T00:05:17+00:00,59,444172,Dennis,3,91,Bournemouth,Goalkeeper,4.0,0.0,0.0,u,Has joined MK Dons permanently,2026-08-27T14:53:48.692835Z,0,0,0.1,0.0,0.0,0.0,0,596,1133,7564,,,
2026-10-06T00:05:17+00:00,60,463981,Hill,3,91,Bournemouth,Defender,5.5,0.0,0.0,a,,,,,0.8,3.0,3.0,3.0,3575,3379,31316,43973,,,
2026-10-06T00:05:17+00:00,61,494521,Truffert,3,91,Bournemouth,Defender,5.4,-0.1,-0.1,a,,,,,3.0,2.5,2.5,2.5,5187,13268,57056,161551,,,
2026-10-06T00:05:17+00:00,62,242882,Diakité,3,91,Bournemouth,Defender,4.9,-0.1,-0.1,a,,,,,0.2,0.0,0.0,0.0,507,1025,7165,12090,,,
2026-10-06T00:05:17+00:00,63,620487,Milosavljević,3,91,Bournemouth,Defender,4.9,0.0,-0.1,i,Thigh injury - Unknown return date,2026-08-06T10:00:10.456051Z,0,0,0.0,0.0,0.0,0.0,37,51,343,848,,,
2026-10-06T00:05:17+00:00,64,54469,Smith,3,91,Bournemouth,Defender,4.5,0.0,0.0,a,,,,,0.1,1.0,1.0,1.0,448,528,7246,7356,,,
2026-10-06T00:05:17+00:00,65,436893,J.Araujo,3,91,Bournemouth,Defender,4.4,0.0,-0.1,i,Thigh injury - Unknown return date,2026-08-09T08:00:05.645826Z,0,0,0.0,0.0,0.0,0.0,44,59,428,1298,,,
2026-10-06T00:05:17+00:00,66,575901,Soler,3,91,Bournemouth,Defender,4.0,0.0,0.0,a,,2026-08-15T16:30:07.021055Z,100,100,0.3,0.0,0.0,0.0,785,1214,13876,11099,,,
2026-10-06T00:05:17+00:00,67,499604,Rayan,3,91,Bournemouth,Midfielder,6.3,-0.1,-0.2,a,,,,,1.6,2.0,2.0,2.0,4580,10465,53250,169961,,,
2026-10-06T00:05:17+00:00,68,201658,Tavernier,3,91,Bournemouth,Midfielder,6.1,0.0,0.1,a,,,,,6.8,5.0,5.0,5.0,92365,50091,703558,224815,3,,
2026-10-06T00:05:17+00:00,69,503139,Scott,3,91,Bournemouth,Midfielder,6.1,0.0,0.1,d,Thigh injury - 50% chance of playing,2026-10-05T09:30:09.910752Z,,50,5.7,3.0,3.0,1.5,26302,47957,550205,218133,,,
2026-10-06T00:05:17+00:00,70,222683,Kluivert,3,91,Bournemouth,Midfielder,6.0,0.0,0.0,i,Unspecified injury - Unknown return date,2026-09-20T15:30:09.074071Z,,0,0.8,4.0,4.0,0.0,2311,19742,52668,84624,2,,
2026-10-06T00:05:17+00:00,71,155408,Cook,3,91,Bournemouth,Midfielder,5.0,0.0,0.0,a,,,,,0.2,0.5,0.5,0.5,294,1232,13128,14013,,,
2026-10-06T00:05:17+00:00,72,496208,Gannon-Doak,3,91,Bournemouth,Midfielder,4.9,0.0,-0.1,a,,,,,0.1,1.0,1.0,1.0,158,412,1658,4672,,,
2026-10-06T00:05:17+00:00,73,200785,Adams,3,91,Bournemouth,Midfielder,5.0,0.0,0.0,a,,2026-08-15T16:30:07.029928Z,100,100,0.3,3.0,3.0,3.0,1199,1772,18408,16763,,,
2026-10-06T00:05:17+00:00,74,111317,Brooks,3,91,Bournemouth,Midfielder,5.0,0.0,0.0,a,,2026-08-15T16:30:07.037929Z,100,100,0.1,0.5,0.5,0.5,201,351,3383,3809,,,
2026-10-06T00:05:17+00:00,75,158499,Christie,3,91,Bournemouth,Midfielder,5.0,0.0,0.0,a,,2026-07-24T17:30:10.035483Z,100,100,0.0,1.5,1.5,1.5,320,273,3575,2218,,,
2026-10-06T00:05:17+00:00,76,614574,Tóth.A,3,91,Bournemouth,Midfielder,4.9,0.0,-0.1,a,,,,,0.0,0.5,0.5,0.5,29,58,386,787,,,
2026-10-06T00:05:17+00:00,77,489888,Adli,3,91,Bournemouth,Midfielder,4.9,0.0,-0.1,i,Calf injury - Unknown return date,2026-08-15T16:00:07.590566Z,0,0,0.0,0.0,0.0,0.0,29,81,298,2222,,,
2026-10-06T00:05:17+00:00,78,560262,Kroupi.Jr,3,91,Bournemouth,Midfielder,7.4,0.0,-0.1,i,Foot injury - Expected back 7 Nov,2026-07-29T17:30:09.796802Z,0,0,0.2,0.0,0.0,0.0,220,950,1266,27468,1,,
2026-10-06T00:05:17+00:00,79,444102,Evanilson,3,91,Bournemouth,Forward,6.0,0.0,0.0,a,,,,,3.2,3.5,3.5,3.5,20572,22676,256033,177503,,,
2026-10-06T00:05:17+00:00,80,168636,Enes Ünal,3,91,Bournemouth,Forward,5.5,0.0,0.0,u,Has joined Getafe permanently,2026-08-14T14:14:21.881112Z,0,0,0.0,0.0,0.0,0.0,0,56,0,1988,,,
2026-10-06T00:05:17+00:00,81,561245,Rodríguez,3,91,Bournemouth,Forward,6.0,0.0,0.0,a,,2026-08-15T16:30:07.054142Z,100,100,0.1,0.5,0.5,0.5,887,765,5594,6896,,,
2026-10-06T00:05:17+00:00,566,483067,Silva,3,91,Bournemouth,Defender,5.0,0.0,0.0,a,,,,,0.4,3.0,3.0,3.0,8992,4552,34454,25993,,,
2026-10-06T00:05:17+00:00,573,494928,Sanchez,3,91,Bournemouth,Defender,4.4,0.0,-0.1,a,,,,,0.2,0.0,0.0,0.0,160,474,1580,7131,,,
2026-10-06T00:05:17+00:00,608,523700,Jebbison,3,91,Bournemouth,Forward,5.0,0.0,0.0,a,,,,,0.1,0.5,0.5,0.5,977,960,13340,7315,,,
2026-10-06T00:05:17+00:00,615,230650,Di Gregorio,3,91,Bournemouth,Goalkeeper,4.5,0.0,0.0,a,,,,,0.0,0.0,0.0,0.0,196,203,2939,1752,,,
2026-10-06T00:05:17+00:00,82,200720,Kelleher,4,94,Brentford,Goalkeeper,5.0,0.0,0.0,a,,,,,6.1,4.5,4.5,4.5,21716,15158,253353,215424,,,
2026-10-06T00:05:17+00:00,83,507433,Valdimarsson,4,94,Brentford,Goalkeeper,4.5,0.0,0.0,a,,,,,0.1,0.0,0.0,0.0,326,364,2891,4614,,,
2026-10-06T00:05:17+00:00,84,432830,Collins,4,94,Brentford,Defender,5.4,0.0,-0.1,i,Calf injury - Unknown return date,2026-09-05T18:00:06.182495Z,0,0,0.9,0.0,0.0,0.0,128,10184,58747,157540,,,
2026-10-06T00:05:17+00:00,85,444765,Van den Berg,4,94,Brentford,Defender,4.9,0.0,-0.1,i,Groin injury - Unknown return date,2026-08-15T15:30:06.416627Z,0,0,0.1,0.0,0.0,0.0,43,393,416,8999,,,
2026-10-06T00:05:17+00:00,86,249231,Lewis-Potter,4,94,Brentford,Midfielder,5.5,0.0,0.0,a,,,,,1.7,2.0,2.0,2.0,3992,12777,190637,121158,,,
2026-10-06T00:05:17+00:00,87,191866,Ajer,4,94,Brentford,Defender,4.5,0.0,0.0,a,,,,,3.9,4.0,4.0,4.0,12802,24650,318289,278342,,,
2026-10-06T00:05:17+00:00,88,607464,Kayode,4,94,Brentford,Defender,4.6,0.0,0.1,a,,,,,7.6,3.5,3.5,3.5,15115,23226,597813,369460,,,
2026-10-06T00:05:17+00:00,89,194010,Henry,4,94,Brentford,Defender,4.4,0.0,-0.1,a,,,,,0.2,0.0,0.0,0.0,168,647,1992,8645,,,
2026-10-06T00:05:17+00:00,90,472713,Hickey,4,94,Brentford,Defender,4.5,0.0,0.0,a,,,,,0.1,1.0,1.0,1.0,201,272,2115,3005,,,
2026-10-06T00:05:17+00:00,92,570241,Ji-soo,4,94,Brentford,Defender,4.4,-0.1,-0.1,a,,,,,0.0,0.0,0.0,0.0,65,91,499,963,,,
2026-10-06T00:05:17+00:00,93,513086,Schuster,4,94,Brentford,Defender,4.5,0.0,0.0,a,,,,,0.3,8.5,8.5,8.5,16874,2778,18436,7266,,,
2026-10-06T00:05:17+00:00,94,513418,Schade,4,94,Brentford,Midfielder,6.2,0.1,0.2,a,,,,,11.9,12.0,12.0,12.0,427657,30792,1047512,250796,2,,
2026-10-06T00:05:17+00:00,95,533463,O.Dango,4,94,Brentford,Midfielder,6.3,0.0,-0.2,a,,,,,0.5,1.0,1.0,1.0,905,3957,15266,82536,,,
2026-10-06T00:05:17+00:00,96,440089,Damsgaard,4,94,Brentford,Midfielder,5.4,0.0,-0.1,d,Unspecified injury - 75% chance of playing,2026-10-03T19:30:08.141728Z,,75,0.4,2.0,2.0,1.5,1805,2459,15316,30575,,,
2026-10-06T00:05:17+00:00,97,207283,Jensen,4,94,Brentford,Midfielder,5.4,0.0,-0.1,i,Unspecified injury - Expected back 10 Oct,2026-08-30T12:30:08.176795Z,0,0,0.1,0.0,0.0,0.0,22,699,4507,15133,3,,
2026-10-06T00:05:17+00:00,98,204580,Janelt,4,94,Brentford,Midfielder,5.0,0.0,0.0,a,,,,,2.5,3.5,3.5,3.5,21481,19568,308541,108659,,,
2026-10-06T00:05:17+00:00,99,543295,Milambo,4,94,Brentford,Midfielder,5.0,0.0,0.0,i,Knee injury - Unknown return date,2026-07-23T12:01:23.384798Z,0,0,0.0,0.0,0.0,0.0,8,8,117,160,,,
2026-10-06T00:05:17+00:00,100,244858,Carvalho,4,94,Brentford,Midfielder,5.0,0.0,0.0,a,,2026-08-18T13:58:17.442072Z,100,100,0.0,3.0,3.0,3.0,629,186,1927,1464,,,
2026-10-06T00:05:17+00:00,102,508395,Yarmoliuk,4,94,Brentford,Midfielder,4.8,0.0,-0.2,a,,,,,0.6,3.5,3.5,3.5,1465,3588,5918,61938,,,
2026-10-06T00:05:17+00:00,103,183656,Dasilva,4,94,Brentford,Midfielder,4.9,0.0,-0.1,i,Hamstring injury - Expected back 10 Oct,2026-09-04T13:30:08.371955Z,0,0,0.0,0.0,0.0,0.0,10,111,401,1956,,,
2026-10-06T00:05:17+00:00,105,444180,Anthony,4,94,Brentford,Midfielder,5.9,0.0,-0.1,a,,,,,0.1,5.5,5.5,5.5,2582,686,7580,11087,,,
2026-10-06T00:05:17+00:00,106,502500,Thiago,4,94,Brentford,Forward,7.8,0.0,-0.2,a,,,,,9.1,3.0,3.0,3.0,66156,41894,286579,1038802,1,,
2026-10-06T00:05:17+00:00,107,593174,Furo,4,94,Brentford,Forward,4.5,0.0,0.0,i,Unspecified injury - Unknown return date,2026-09-14T14:00:09.985723Z,0,0,0.9,0.0,0.0,0.0,965,10117,62038,67279,,,
2026-10-06T00:05:17+00:00,108,75115,Wilson,4,94,Brentford,Forward,5.4,-0.1,-0.1,a,,,,,0.3,0.0,0.0,0.0,1333,2607,15682,26672,,,
2026-10-06T00:05:17+00:00,565,513545,M.Sangaré,4,94,Brentford,Midfielder,5.6,-0.1,0.1,a,,,,,9.8,2.0,2.0,2.0,9085,146891,1228373,828780,,,
2026-10-06T00:05:17+00:00,620,613804,Diouf,4,94,Brentford,Defender,4.5,0.0,0.0,a,,,,,0.1,1.0,1.0,1.0,520,726,13681,7388,,,
2026-10-06T00:05:17+00:00,657,626464,Nunes,4,94,Brentford,Midfielder,4.5,0.0,0.0,a,,,,,0.0,0.0,0.0,0.0,373,286,2115,679,,,
2026-10-06T00:05:17+00:00,660,612534,Fredrick,4,94,Brentford,Defender,4.0,0.0,0.0,a,,,,,0.0,0.0,1.1,1.1,558,72,558,72,,,
2026-10-06T00:05:17+00:00,661,235448,Balcombe,4,94,Brentford,Goalkeeper,4.0,0.0,0.0,a,,,,,0.0,0.0,1.0,1.0,3140,615,3140,615,,,
2026-10-06T00:05:17+00:00,109,489639,Verbruggen,5,36,Brighton,Goalkeeper,4.5,0.0,0.0,a,,,,,21.6,7.0,7.0,7.0,80496,79720,773971,615574,,,
2026-10-06T00:05:17+00:00,111,49262,Steele,5,36,Brighton,Goalkeeper,4.0,0.0,0.0,a,,,,,4.1,0.0,0.0,0.0,7773,16125,147960,121880,,,
2026-10-06T00:05:17+00:00,113,231416,F.Kadıoğlu,5,36,Brighton,Defender,4.4,0.0,-0.1,a,,2026-08-23T13:00:07.595211Z,100,100,1.6,5.5,5.5,5.5,4471,7656,30884,135199,,,
2026-10-06T00:05:17+00:00,114,204120,Boscagli,5,36,Brighton,Defender,4.5,0.0,0.0,a,,,,,0.3,6.0,6.0,6.0,2357,888,16574,11965,,,
2026-10-06T00:05:17+00:00,115,465730,De Cuyper,5,36,Brighton,Defender,5.0,0.1,0.5,a,,,,,28.0,8.5,8.5,8.5,323034,25566,2741373,410597,,,
2026-10-06T00:05:17+00:00,116,83299,Dunk,5,36,Brighton,Defender,4.5,0.0,0.0,d,Neck injury - 75% chance of playing,2026-09-22T09:30:09.629652Z,,75,1.5,6.0,6.0,4.5,7732,11184,89293,52248,,,
2026-10-06T00:05:17+00:00,117,550090,Coppola,5,36,Brighton,Defender,4.5,0.0,0.0,a,,,,,0.0,0.0,0.0,0.0,117,104,929,1067,,,
2026-10-06T00:05:17+00:00,118,223434,Igor,5,36,Brighton,Defender,4.5,0.0,0.0,u,Has joined Burnley permanently,2026-09-02T15:38:15.529699Z,0,0,0.0,0.0,0.0,0.0,0,319,915,5962,,,
2026-10-06T00:05:17+00:00,119,451490,Costinha,5,36,Brighton,Defender,4.5,0.0,0.0,a,,,,,0.0,1.0,1.0,1.0,187,142,1292,1467,,,
2026-10-06T00:05:17+00:00,120,454490,Svoboda,5,36,Brighton,Defender,5.0,0.0,0.0,a,,,,,0.1,0.5,0.5,0.5,1368,490,4544,4012,,,
2026-10-06T00:05:17+00:00,121,451340,Mitoma,5,36,Brighton,Midfielder,5.9,0.0,-0.1,i,Hamstring injury - Expected back 10 Oct,2026-07-24T18:30:10.661894Z,0,0,0.0,0.0,0.0,0.0,142,188,568,3125,,,
2026-10-06T00:05:17+00:00,122,592031,Minteh,5,36,Brighton,Midfielder,5.8,-0.1,-0.2,i,Leg injury - Expected back 28 Nov,2026-08-14T18:00:06.418033Z,0,0,0.0,0.0,0.0,0.0,48,244,338,6918,,,
2026-10-06T00:05:17+00:00,123,532529,Hinshelwood,5,36,Brighton,Midfielder,5.9,0.0,-0.1,i,Ankle injury - Expected back 10 Oct,2026-08-27T19:30:07.780933Z,0,0,0.6,0.0,0.0,0.0,308,7263,147929,216489,,,
2026-10-06T00:05:17+00:00,124,60307,Groß,5,36,Brighton,Midfielder,5.9,0.2,0.4,a,,,,,29.5,15.5,15.5,15.5,843699,14486,2204192,544269,1,,
2026-10-06T00:05:17+00:00,125,463067,Georginio,5,36,Brighton,Forward,5.3,-0.1,-0.2,a,,2026-08-26T16:00:07.608056Z,100,100,0.5,0.5,0.5,0.5,2927,4154,34924,76782,,,
2026-10-06T00:05:17+00:00,126,219249,O'Riley,5,36,Brighton,Midfielder,5.4,0.0,-0.1,a,,,,,0.1,1.0,1.0,1.0,454,598,3628,6554,3,,
2026-10-06T00:05:17+00:00,127,514254,Gomez,5,36,Brighton,Midfielder,5.0,0.0,0.0,a,,,,,3.9,5.5,5.5,5.5,13220,41591,335727,303222,,,
2026-10-06T00:05:17+00:00,128,536916,Buonanotte,5,36,Brighton,Midfielder,5.0,0.0,0.0,u,Has joined Elche on loan for the rest of the season,2026-08-10T14:03:07.561436Z,0,0,0.0,0.0,0.0,0.0,0,7,0,330,,,
2026-10-06T00:05:17+00:00,129,509416,Ayari,5,36,Brighton,Midfielder,5.4,0.0,-0.1,a,,2026-08-30T18:00:07.935334Z,100,100,0.4,5.5,5.5,5.5,2595,2183,12836,41738,,,
2026-10-06T00:05:17+00:00,130,467779,Wieffer,5,36,Brighton,Defender,4.9,0.0,-0.1,i,Knee injury - Unknown return date,2026-09-04T09:30:08.612904Z,0,0,0.2,0.0,0.0,0.0,35,2127,25950,43559,,,
2026-10-06T00:05:17+00:00,132,597320,Howell,5,36,Brighton,Midfielder,4.5,0.0,0.0,u,Has joined Leicester City on loan for the rest of the season,2026-08-17T13:53:19.019938Z,0,0,0.0,0.0,0.0,0.0,0,226,0,3704,,,
2026-10-06T00:05:17+00:00,133,549074,Watson,5,36,Brighton,Midfielder,5.0,0.0,0.0,u,Has joined Leicester City on loan for the rest of the season,2026-08-03T14:05:44.459483Z,0,0,0.0,0.0,0.0,0.0,0,5,0,136,,,
2026-10-06T00:05:17+00:00,134,556637,Oriola,5,36,Brighton,Midfielder,4.5,0.0,0.0,a,,,,,0.2,0.0,0.0,0.0,374,1417,8778,14285,,,
2026-10-06T00:05:17+00:00,135,700308,Yohanna,5,36,Brighton,Midfielder,4.8,-0.1,-0.2,i,Unspecified injury - Expected back 10 Oct,2026-09-10T13:00:08.617941Z,0,0,0.0,0.0,0.0,0.0,27,412,1270,5519,,,
2026-10-06T00:05:17+00:00,137,608181,Tzimas,5,36,Brighton,Forward,5.4,0.0,-0.1,i,Knee injury - Unknown return date,2026-07-23T12:01:23.432796Z,0,0,0.0,0.0,0.0,0.0,40,57,337,755,,,
2026-10-06T00:05:17+00:00,138,647850,Kostoulas,5,36,Brighton,Forward,5.6,0.1,0.1,a,,,,,4.5,10.0,10.0,10.0,343166,22757,447857,55267,,,
2026-10-06T00:05:17+00:00,139,487117,Ferguson,5,36,Brighton,Forward,5.0,0.0,0.0,i,Ankle injury - Expected back 10 Oct,2026-07-23T12:01:23.448357Z,0,0,0.0,0.0,0.0,0.0,150,272,1601,2541,,,
2026-10-06T00:05:17+00:00,328,222694,Struijk,5,36,Brighton,Defender,4.9,0.0,-0.1,d,Hamstring injury - 75% chance of playing,2026-09-22T10:00:09.404233Z,100,75,0.2,3.0,3.0,2.2,650,999,5679,12250,,,
2026-10-06T00:05:17+00:00,504,610799,Vuskovic,5,36,Brighton,Defender,5.0,0.0,0.0,a,,,,,3.8,7.0,7.0,7.0,64305,15447,267405,140259,,,
2026-10-06T00:05:17+00:00,594,538007,David,5,36,Brighton,Forward,5.9,-0.1,-0.1,a,,,,,0.2,0.0,0.0,0.0,3395,2343,15257,22616,2,,
2026-10-06T00:05:17+00:00,600,612855,Osman,5,36,Brighton,Midfielder,5.0,0.0,0.0,a,,,,,0.0,0.5,0.5,0.5,118,134,949,1101,,,
2026-10-06T00:05:17+00:00,605,611695,Yalcouyé,5,36,Brighton,Midfielder,4.5,0.0,0.0,a,,,,,4.0,4.5,4.5,4.5,27913,35415,556802,173369,,,
2026-10-06T00:05:17+00:00,614,512123,Hadjam,5,36,Brighton,Defender,4.5,0.0,0.0,a,,,,,0.0,0.0,0.0,0.0,259,266,3998,1971,,,
2026-10-06T00:05:17+00:00,624,519324,Cozier-Duberry,5,36,Brighton,Midfielder,5.0,0.0,0.0,u,Has joined Middlesbrough on loan for the rest of the season,2026-09-02T15:38:15.552951Z,0,0,0.0,0.0,0.0,0.0,0,6,117,114,,,
2026-10-06T00:05:17+00:00,639,592984,Andrés,5,36,Brighton,Midfielder,5.5,0.0,0.0,a,,,,,0.0,6.0,6.0,6.0,2950,349,4194,817,,,
2026-10-06T00:05:17+00:00,652,471551,Azeez,5,36,Brighton,Midfielder,5.5,0.0,0.0,i,Hamstring injury - Expected back 10 Oct,2026-09-04T11:30:08.661589Z,0,0,0.0,0.0,0.0,0.0,20,46,443,203,,,
2026-10-06T00:05:17+00:00,658,661016,Ibrahim,5,36,Brighton,Midfielder,4.5,0.0,0.0,a,,,,,0.0,0.0,0.0,0.0,321,224,1484,492,,,
2026-10-06T00:05:17+00:00,28,98980,Martinez,6,8,Chelsea,Goalkeeper,5.0,0.0,0.0,a,,,,,4.7,2.3,2.3,2.3,8594,23431,246361,248012,,,
2026-10-06T00:05:17+00:00,40,244850,Rogers,6,8,Chelsea,Midfielder,7.7,0.0,0.2,a,,,,,40.7,5.3,5.3,5.3,172828,76148,2502251,667835,,,
2026-10-06T00:05:17+00:00,101,56979,Henderson,6,8,Chelsea,Midfielder,4.9,0.0,-0.1,a,,2026-08-09T09:30:07.136250Z,50,100,0.0,0.7,0.3,0.7,545,172,1158,2646,,,
2026-10-06T00:05:17+00:00,136,50175,Welbeck,6,8,Chelsea,Forward,5.9,0.0,-0.1,a,,2026-08-20T14:00:07.949090Z,100,100,1.0,1.3,1.3,1.3,8598,9957,62534,83861,,,
2026-10-06T00:05:17+00:00,140,215059,Sánchez,6,8,Chelsea,Goalkeeper,4.9,0.0,-0.1,u,Has joined Como on loan for the rest of the season,2026-09-02T16:20:41.841936Z,0,0,0.7,0.0,0.0,0.0,0,5239,10847,176847,,,
2026-10-06T00:05:17+00:00,141,508479,Jörgensen,6,8,Chelsea,Goalkeeper,5.0,0.0,0.0,u,Has joined RC Strasbourg on loan for the rest of the season,2026-08-12T14:07:02.607115Z,0,0,0.0,0.0,0.0,0.0,0,34,0,952,,,
2026-10-06T00:05:17+00:00,142,225796,James,6,8,Chelsea,Defender,5.3,-0.1,-0.2,d,Hamstring injury - 75% chance of playing,2026-09-18T10:30:09.719371Z,75,75,5.7,0.7,0.5,0.5,697,82894,168902,605583,,,
2026-10-06T00:05:17+00:00,143,180736,Chalobah,6,8,Chelsea,Defender,5.5,0.0,0.0,u,Has joined Como permanently,2026-08-10T14:03:50.769483Z,0,0,0.1,0.0,0.0,0.0,0,346,0,13976,,,
2026-10-06T00:05:17+00:00,144,482609,Gusto,6,8,Chelsea,Defender,4.9,-0.1,-0.1,a,,,,,0.9,0.7,0.7,0.7,1686,7202,37013,67682,,,
2026-10-06T00:05:17+00:00,145,444463,Fofana,6,8,Chelsea,Defender,5.0,0.0,0.0,a,,2026-07-23T12:01:23.464591Z,100,100,0.2,2.7,2.7,2.7,2804,1405,18910,8346,,,
2026-10-06T00:05:17+00:00,146,242880,B.Badiashile,6,8,Chelsea,Defender,4.5,0.0,0.0,u,Has joined Napoli on loan for the rest of the season,2026-08-25T14:03:47.079414Z,0,0,0.0,0.0,0.0,0.0,0,49,232,1946,,,
2026-10-06T00:05:17+00:00,148,551210,Hato,6,8,Chelsea,Defender,4.5,0.0,0.0,a,,,,,0.8,1.0,1.0,1.0,923,7804,91318,60131,,,
2026-10-06T00:05:17+00:00,149,460028,Colwill,6,8,Chelsea,Defender,4.8,-0.1,-0.2,a,,,,,0.9,0.7,0.7,0.7,1225,5740,26881,98765,,,
2026-10-06T00:05:17+00:00,150,574458,M.Sarr,6,8,Chelsea,Defender,4.5,0.0,0.0,u,Has joined Real Sociedad on loan for the rest of the season,2026-08-29T00:34:23.077418Z,0,0,0.0,0.0,0.0,0.0,0,183,429,5999,,,
2026-10-06T00:05:17+00:00,151,577016,Acheampong,6,8,Chelsea,Defender,4.5,0.0,0.0,a,,,,,0.3,0.3,0.3,0.3,453,2070,21165,22629,,,
2026-10-06T00:05:17+00:00,152,620109,Palestra,6,8,Chelsea,Defender,5.3,0.0,-0.2,d,Thigh injury - 50% chance of playing,2026-08-24T18:30:07.421239Z,50,50,0.6,0.0,0.0,0.0,271,4239,6731,220780,,,
2026-10-06T00:05:17+00:00,154,244851,Palmer,6,8,Chelsea,Midfielder,9.7,0.0,0.2,d,Muscular injury - 75% chance of playing,2026-09-21T13:00:09.022726Z,100,75,25.4,2.7,2.7,2.0,52437,192455,1955813,687761,1,,
2026-10-06T00:05:17+00:00,156,247632,Neto,6,8,Chelsea,Midfielder,6.5,0.0,0.0,a,,,,,1.4,2.0,2.0,2.0,5937,10218,83062,91869,,,
2026-10-06T00:05:17+00:00,157,624773,Estêvão,6,8,Chelsea,Midfielder,6.3,0.0,-0.2,a,,,,,0.7,1.0,1.0,1.0,2003,4551,17917,87286,2,,
2026-10-06T00:05:17+00:00,158,463936,Gittens,6,8,Chelsea,Midfielder,5.8,-0.1,-0.2,d,Ankle injury - 75% chance of playing,2026-09-26T05:30:09.245832Z,,75,0.0,0.0,0.0,0.0,159,271,1138,2901,,,
2026-10-06T00:05:17+00:00,159,486672,Caicedo,6,8,Chelsea,Midfielder,5.3,0.0,-0.2,d,Calf injury - 50% chance of playing,2026-08-30T16:00:08.393562Z,50,50,1.0,0.0,0.0,0.0,440,9596,15078,281988,,,
2026-10-06T00:05:17+00:00,161,514356,Lavia,6,8,Chelsea,Midfielder,5.0,0.0,0.0,a,,,,,0.2,1.0,1.0,1.0,487,2591,25862,15701,,,
2026-10-06T00:05:17+00:00,163,491007,D.Essugo,6,8,Chelsea,Midfielder,4.5,0.0,0.0,u,Has joined RC Strasbourg on loan for the rest of the season,2026-09-02T16:20:41.865225Z,0,0,0.1,0.0,0.0,0.0,0,775,2698,14487,,,
2026-10-06T00:05:17+00:00,164,593117,Quenda,6,8,Chelsea,Midfielder,5.3,0.0,-0.2,a,,2026-07-24T20:30:10.609931Z,100,100,0.0,0.3,0.3,0.3,77,190,909,3410,,,
2026-10-06T00:05:17+00:00,165,475168,João Pedro,6,8,Chelsea,Forward,7.7,-0.1,0.2,d,Knee injury - 75% chance of playing,2026-09-16T19:00:09.919929Z,75,75,64.8,4.3,3.2,3.2,72323,420590,1587064,1493086,,,
2026-10-06T00:05:17+00:00,168,499309,Marc Guiu,6,8,Chelsea,Forward,5.0,0.0,0.0,u,Has joined RB Leipzig permanently,2026-09-01T13:24:48.857362Z,0,0,0.2,0.0,0.0,0.0,0,1658,4102,33382,,,
2026-10-06T00:05:17+00:00,169,567119,Mheuka,6,8,Chelsea,Forward,4.5,0.0,0.0,a,,,,,0.5,0.0,0.0,0.0,4831,3749,32552,25538,,,
2026-10-06T00:05:17+00:00,170,503037,Emegha,6,8,Chelsea,Forward,4.9,-0.1,-0.1,i,Hamstring injury - Expected back 10 Oct,2026-09-09T15:00:09.063849Z,0,0,0.1,0.0,0.0,0.0,93,1162,6093,12669,,,
2026-10-06T00:05:17+00:00,200,437499,Lacroix,6,8,Chelsea,Defender,5.9,-0.1,-0.1,a,,,,,6.8,2.0,2.0,2.0,9074,31341,175728,426917,,,
2026-10-06T00:05:17+00:00,560,549939,Penders,6,8,Chelsea,Goalkeeper,4.4,0.0,-0.1,a,,,,,0.1,0.0,0.0,0.0,254,320,2029,3640,,,
2026-10-06T00:05:17+00:00,561,622758,Anselmino,6,8,Chelsea,Defender,4.5,0.0,0.0,a,,2026-08-23T19:00:08.536705Z,100,100,0.0,0.0,0.0,0.0,70,111,827,1259,,,
2026-10-06T00:05:17+00:00,568,543158,Barco,6,8,Chelsea,Midfielder,5.4,0.0,-0.1,a,,,,,0.1,0.7,0.7,0.7,256,482,3179,7049,,,
2026-10-06T00:05:17+00:00,583,498444,Chavarria,6,8,Chelsea,Defender,4.9,0.0,-0.1,a,,,,,0.1,1.0,1.0,1.0,473,592,3433,11198,,,
2026-10-06T00:05:17+00:00,662,636846,Nicoll-Jazuli,6,8,Chelsea,Midfielder,4.5,0.0,0.0,a,,,,,0.0,1.0,1.1,1.1,358,79,358,79,,,
2026-10-06T00:05:17+00:00,91,231065,Pinnock,7,9,Coventry City,Defender,4.5,0.0,0.0,a,,,,,0.1,5.0,5.0,5.0,455,256,2624,4027,,,
2026-10-06T00:05:17+00:00,104,428580,Onyeka,7,9,Coventry City,Midfielder,4.9,0.0,-0.1,a,,2026-09-15T09:00:07.851220Z,100,100,0.1,2.5,2.5,2.5,186,487,3996,9614,,,
2026-10-06T00:05:17+00:00,110,472739,Rushworth,7,9,Coventry City,Goalkeeper,4.5,0.0,0.0,a,,,,,0.8,5.5,5.5,5.5,2827,6319,23974,59483,,,
2026-10-06T00:05:17+00:00,171,484389,Dovin,7,9,Coventry City,Goalkeeper,4.0,0.0,0.0,u,Has joined Leyton Orient on loan for the rest of the season,2026-09-02T15:44:14.839336Z,0,0,1.0,0.0,0.0,0.0,0,5198,8924,58366,,,
2026-10-06T00:05:17+00:00,172,110690,Wilson,7,9,Coventry City,Goalkeeper,4.4,0.0,-0.1,a,,,,,0.4,0.0,0.0,0.0,259,745,1429,12442,,,
2026-10-06T00:05:17+00:00,173,461102,Thomas,7,9,Coventry City,Defender,4.0,0.0,0.0,a,,,,,8.5,4.5,4.5,4.5,30351,35246,367785,288270,,,
2026-10-06T00:05:17+00:00,174,436761,Kitching,7,9,Coventry City,Defender,4.0,0.0,0.0,u,Has joined Sheffield United on loan for the rest of the season,2026-09-02T16:21:03.612394Z,0,0,0.3,0.0,0.0,0.0,0,2005,981,33098,,,
2026-10-06T00:05:17+00:00,175,451284,van Ewijk,7,9,Coventry City,Defender,4.0,0.0,0.0,d,Hamstring injury - 75% chance of playing,2026-09-19T16:00:09.486751Z,,75,8.7,0.0,0.0,0.0,1218,82441,123123,507115,,,
2026-10-06T00:05:17+00:00,176,173878,Dasilva,7,9,Coventry City,Defender,4.0,0.0,0.0,a,,,,,0.7,7.5,7.5,7.5,7374,2078,16657,23044,,,
2026-10-06T00:05:17+00:00,177,465390,Kesler-Hayden,7,9,Coventry City,Defender,3.9,-0.1,-0.1,i,Hamstring injury - Unknown return date,2026-08-27T14:56:28.704361Z,0,0,0.1,0.0,0.0,0.0,4010,1008,4609,4233,,,
2026-10-06T00:05:17+00:00,178,80178,Bidwell,7,9,Coventry City,Defender,4.0,0.0,0.0,a,,,,,0.1,0.0,0.0,0.0,190,323,2497,3554,,,
2026-10-06T00:05:17+00:00,179,204813,Latibeaudiere,7,9,Coventry City,Defender,4.0,0.0,0.0,a,,,,,0.0,0.5,0.5,0.5,79,148,990,1751,,,
2026-10-06T00:05:17+00:00,180,220583,Woolfenden,7,9,Coventry City,Defender,3.9,-0.1,-0.1,i,Knee injury - Unknown return date,2026-08-27T14:56:28.718566Z,0,0,0.1,0.0,0.0,0.0,178,575,2413,9084,,,
2026-10-06T00:05:17+00:00,181,577411,Brau,7,9,Coventry City,Defender,4.0,0.0,0.0,u,Has joined Academico de Viseu on loan for the rest of the season,2026-08-29T00:35:59.980316Z,0,0,0.0,0.0,0.0,0.0,0,112,275,2182,,,
2026-10-06T00:05:17+00:00,182,539142,Amenda,7,9,Coventry City,Defender,4.0,0.0,0.0,i,Calf injury - Unknown return date,2026-09-17T07:30:09.329041Z,25,0,0.6,0.0,0.0,0.0,42,7298,11487,34200,,,
2026-10-06T00:05:17+00:00,183,480457,Rudoni,7,9,Coventry City,Midfielder,4.9,0.0,-0.1,a,,2026-07-23T12:01:23.481435Z,100,100,0.1,3.5,3.5,3.5,1006,757,4476,8146,,,
2026-10-06T00:05:17+00:00,184,168144,Grimes,7,9,Coventry City,Midfielder,4.9,0.0,-0.1,a,,,,,0.1,2.5,2.5,2.5,199,936,4096,11327,3,,
2026-10-06T00:05:17+00:00,185,501459,Sakamoto,7,9,Coventry City,Midfielder,4.8,0.0,-0.2,a,,,,,0.1,0.0,0.0,0.0,133,417,1023,5789,,,
2026-10-06T00:05:17+00:00,186,241293,Mason-Clark,7,9,Coventry City,Midfielder,5.3,-0.1,-0.2,a,,2026-08-19T18:00:08.310507Z,100,100,0.1,1.0,1.0,1.0,79,377,1118,5981,,,
2026-10-06T00:05:17+00:00,187,439668,Eccles,7,9,Coventry City,Midfielder,4.8,-0.1,-0.2,i,Unspecified injury - Expected back 12 Oct,2026-09-10T18:30:08.877110Z,0,0,0.0,0.0,0.0,0.0,24,98,637,1474,,,
2026-10-06T00:05:17+00:00,188,226965,Torp,7,9,Coventry City,Midfielder,5.3,-0.1,-0.2,a,,,,,0.1,0.5,0.5,0.5,45,474,798,8006,2,,
2026-10-06T00:05:17+00:00,189,684268,Shepherd,7,9,Coventry City,Midfielder,4.4,0.0,-0.1,a,,,,,0.3,0.0,0.0,0.0,4392,2780,11112,15651,,,
2026-10-06T00:05:17+00:00,190,469272,Tchaouna,7,9,Coventry City,Midfielder,5.4,0.0,-0.1,a,,,,,0.1,0.5,0.5,0.5,27,382,3143,8259,,,
2026-10-06T00:05:17+00:00,191,492498,Borges Rodrigues,7,9,Coventry City,Midfielder,4.5,0.0,0.0,u,Has joined Burton Albion on loan for the rest of the season,2026-09-02T15:44:14.868001Z,0,0,0.1,0.0,0.0,0.0,0,738,1943,11562,,,
2026-10-06T00:05:17+00:00,192,629397,Andrews,7,9,Coventry City,Midfielder,4.5,0.0,0.0,u,Has joined Oxford United on loan for the rest of the season,2026-08-29T00:35:59.998520Z,0,0,0.3,0.0,0.0,0.0,0,2137,2718,41242,,,
2026-10-06T00:05:17+00:00,193,176412,Wright,7,9,Coventry City,Forward,5.3,-0.1,-0.2,i,Thigh injury - Unknown return date,2026-08-14T22:00:07.214508Z,0,0,0.1,0.0,0.0,0.0,51,605,618,12531,1,,
2026-10-06T00:05:17+00:00,194,230730,Thomas-Asante,7,9,Coventry City,Forward,5.0,0.0,0.0,a,,,,,0.8,2.5,2.5,2.5,9106,6496,59731,57521,4,,
2026-10-06T00:05:17+00:00,195,218997,Simms,7,9,Coventry City,Forward,4.9,-0.1,-0.1,a,,,,,0.6,0.5,0.5,0.5,2243,5664,40747,64882,,,
2026-10-06T00:05:17+00:00,196,551262,Markelo,7,9,Coventry City,Forward,5.0,0.0,0.0,u,Has joined Shabab Al-Ahli Dubai permanently,2026-08-17T13:53:55.791223Z,0,0,0.0,0.0,0.0,0.0,0,65,0,1192,,,
2026-10-06T00:05:17+00:00,197,549653,Bassette,7,9,Coventry City,Forward,4.5,0.0,0.0,u,Has joined KVC Westerlo on loan for the rest of the season,2026-07-28T12:58:50.001768Z,0,0,0.0,0.0,0.0,0.0,0,155,0,2114,,,
2026-10-06T00:05:17+00:00,492,210156,Awoniyi,7,9,Coventry City,Forward,5.4,-0.1,-0.1,s,Suspended until 19 Oct,2026-09-13T15:00:09.305127Z,0,0,0.4,-1.0,0.0,0.0,78,5388,21351,65183,5,,
2026-10-06T00:05:17+00:00,575,661888,Yirenkyi,7,9,Coventry City,Midfielder,4.8,-0.1,-0.2,a,,,,,0.1,2.0,2.0,2.0,322,1074,2974,13741,,,
2026-10-06T00:05:17+00:00,584,196100,Hamer,7,9,Coventry City,Midfielder,5.4,0.0,-0.1,a,,,,,0.1,0.0,0.0,0.0,43,420,793,6427,,,
2026-10-06T00:05:17+00:00,599,627221,Cherif,7,9,Coventry City,Forward,5.0,0.0,0.0,a,,,,,0.1,0.5,0.5,0.5,582,801,7509,7640,,,
2026-10-06T00:05:17+00:00,623,79602,Bentley,7,9,Coventry City,Goalkeeper,4.0,0.0,0.0,a,,,,,0.6,0.0,0.0,0.0,8853,2574,79231,19466,,,
2026-10-06T00:05:17+00:00,655,242893,Gboho,7,9,Coventry City,Midfielder,5.5,0.0,0.0,a,,,,,0.0,0.0,0.0,0.0,80,54,278,103,,,
2026-10-06T00:05:17+00:00,656,566213,Mfuni,7,9,Coventry City,Defender,4.0,0.0,0.0,a,,,,,0.1,3.0,3.0,3.0,1987,923,10299,2724,,,
2026-10-06T00:05:17+00:00,42,485337,Guessand,8,31,Crystal Palace,Midfielder,5.4,0.0,-0.1,a,,,,,0.0,0.0,0.0,0.0,121,281,2414,3652,,,
2026-10-06T00:05:17+00:00,153,220362,Disasi,8,31,Crystal Palace,Defender,4.5,0.0,0.0,s,Suspended until 25 Oct,2026-09-12T15:30:09.445078Z,0,0,0.1,-1.5,0.0,0.0,28,834,9429,10415,,,
2026-10-06T00:05:17+00:00,198,172649,Henderson,8,31,Crystal Palace,Goalkeeper,4.9,-0.1,-0.1,i,Foot injury - Expected back 11 Oct,2026-09-12T14:00:09.378740Z,0,0,1.3,0.0,0.0,0.0,161,12143,55287,121051,,,
2026-10-06T00:05:17+00:00,199,121709,Benitez,8,31,Crystal Palace,Goalkeeper,4.5,0.0,0.0,a,,,,,0.1,4.0,4.0,4.0,749,417,3841,4834,,,
2026-10-06T00:05:17+00:00,202,427623,Richards,8,31,Crystal Palace,Defender,4.9,-0.1,-0.1,a,,,,,0.6,5.0,5.0,5.0,1783,2374,22695,38105,,,
2026-10-06T00:05:17+00:00,203,651426,Canvot,8,31,Crystal Palace,Defender,4.8,-0.1,-0.2,a,,,,,0.2,4.0,4.0,4.0,470,947,5812,19597,,,
2026-10-06T00:05:17+00:00,204,244723,Mitchell,8,31,Crystal Palace,Defender,4.5,0.0,0.0,a,,,,,6.1,4.0,4.0,4.0,16862,17960,313397,266362,,,
2026-10-06T00:05:17+00:00,205,218364,Sosa,8,31,Crystal Palace,Defender,4.5,0.0,0.0,u,Has joined FC Cologne on loan for the rest of the season,2026-09-02T16:03:25.710518Z,0,0,0.0,0.0,0.0,0.0,0,118,236,2087,,,
2026-10-06T00:05:17+00:00,206,515621,Chadi Riad,8,31,Crystal Palace,Defender,4.3,-0.1,-0.2,i,Knee injury - Unknown return date,2026-08-22T18:00:07.352049Z,0,0,0.0,0.0,0.0,0.0,27,143,651,5694,,,
2026-10-06T00:05:17+00:00,207,242313,Mingueza,8,31,Crystal Palace,Defender,4.4,0.0,-0.1,a,,,,,0.1,0.0,0.0,0.0,96,303,2006,4859,,,
2026-10-06T00:05:17+00:00,208,232185,Sarr,8,31,Crystal Palace,Midfielder,6.2,0.0,-0.3,a,,2026-08-22T18:00:07.363165Z,100,100,0.6,0.5,0.5,0.5,2774,2404,6828,376855,2,,
2026-10-06T00:05:17+00:00,210,496221,Wharton,8,31,Crystal Palace,Midfielder,5.4,-0.1,-0.1,a,,2026-07-23T12:01:23.498963Z,100,100,0.7,2.0,2.0,2.0,1248,4793,29655,48783,,,
2026-10-06T00:05:17+00:00,211,488024,Yeremy,8,31,Crystal Palace,Midfielder,5.5,0.0,0.0,a,,,,,0.3,1.5,1.5,1.5,747,2882,45291,31279,,,
2026-10-06T00:05:17+00:00,212,108413,Hughes,8,31,Crystal Palace,Midfielder,4.4,0.0,-0.1,a,,,,,7.3,0.5,0.5,0.5,9591,47748,122990,486363,,,
2026-10-06T00:05:17+00:00,213,152551,Lerma,8,31,Crystal Palace,Midfielder,4.8,-0.1,-0.2,a,,,,,0.1,0.5,0.5,0.5,99,403,1305,5584,,,
2026-10-06T00:05:17+00:00,214,209400,Kamada,8,31,Crystal Palace,Midfielder,5.0,0.0,0.0,a,,,,,0.5,5.5,5.5,5.5,3535,3300,50282,24917,,,
2026-10-06T00:05:17+00:00,215,489706,Devenny,8,31,Crystal Palace,Midfielder,5.0,0.0,0.0,u,Has joined Stoke City permanently,2026-09-02T15:41:07.346849Z,0,0,0.0,0.0,0.0,0.0,0,38,132,952,3,,
2026-10-06T00:05:17+00:00,216,606921,Esse,8,31,Crystal Palace,Midfielder,5.0,0.0,0.0,u,Has joined Millwall on loan for the rest of the season,2026-09-02T15:41:07.376544Z,0,0,0.0,0.0,0.0,0.0,0,135,399,3246,,,
2026-10-06T00:05:17+00:00,217,536694,M.França,8,31,Crystal Palace,Midfielder,4.9,0.0,-0.1,u,Has joined Alverca on loan for the rest of the season,2026-09-11T14:42:19.322912Z,0,0,0.0,0.0,0.0,0.0,0,166,1007,3448,,,
2026-10-06T00:05:17+00:00,218,438464,Doucouré,8,31,Crystal Palace,Midfielder,4.8,-0.1,-0.2,a,,,,,0.0,0.0,0.0,0.0,120,309,2094,4474,,,
2026-10-06T00:05:17+00:00,219,450542,J.Rak-Sakyi,8,31,Crystal Palace,Midfielder,4.9,0.0,-0.1,u,has joined  Kasimpasa on loan for the rest of the seaon.,2026-09-10T09:12:47.224598Z,0,0,0.0,0.0,0.0,0.0,0,29,145,471,,,
2026-10-06T00:05:17+00:00,220,590014,Cardines,8,31,Crystal Palace,Defender,4.5,0.0,0.0,u,Has joined Bristol City on loan for the rest of the season,2026-08-12T14:08:46.501813Z,0,0,0.0,0.0,0.0,0.0,0,3,0,128,,,
2026-10-06T00:05:17+00:00,221,672492,Drakes-Thomas,8,31,Crystal Palace,Midfielder,4.4,-0.1,-0.1,a,,,,,0.1,0.0,0.0,0.0,161,456,2709,4701,,,
2026-10-06T00:05:17+00:00,222,247412,Strand Larsen,8,31,Crystal Palace,Forward,6.0,0.0,0.0,a,,,,,0.7,5.0,5.0,5.0,5683,4277,50908,41331,,,
2026-10-06T00:05:17+00:00,223,231747,Mateta,8,31,Crystal Palace,Forward,6.3,0.0,-0.2,i,Hamstring injury - Expected back 11 Oct,2026-08-28T21:00:08.020382Z,0,0,1.3,0.0,0.0,0.0,237,9774,25990,455261,1,,
2026-10-06T00:05:17+00:00,224,205533,Nketiah,8,31,Crystal Palace,Forward,5.5,0.0,0.0,a,,2026-09-12T14:00:09.427136Z,100,100,0.5,0.5,0.5,0.5,1408,3573,47389,50220,,,
2026-10-06T00:05:17+00:00,225,660392,Uche,8,31,Crystal Palace,Forward,5.0,0.0,0.0,u,has returned to Getafe CF,2026-07-23T12:18:56.275922Z,0,0,0.0,0.0,0.0,0.0,0,0,0,0,,,
2026-10-06T00:05:17+00:00,241,433154,McNeil,8,31,Crystal Palace,Midfielder,5.3,-0.1,-0.2,a,,,,,0.1,0.0,0.0,0.0,85,527,1792,8256,,,
2026-10-06T00:05:17+00:00,555,169593,Matthews,8,31,Crystal Palace,Goalkeeper,4.0,0.0,0.0,a,,,,,1.7,0.0,0.0,0.0,1214,3218,23398,31658,,,
2026-10-06T00:05:17+00:00,577,223723,Tomiyasu,8,31,Crystal Palace,Defender,4.4,0.0,-0.1,d,Calf injury - 75% chance of playing,2026-09-21T13:30:09.030724Z,,75,0.3,0.5,0.5,0.4,149,1322,3478,13442,,,
2026-10-06T00:05:17+00:00,588,570794,Khalaili,8,31,Crystal Palace,Defender,5.0,0.0,0.0,d,Hamstring injury - 75% chance of playing,2026-10-04T22:00:08.963040Z,,75,0.3,6.5,6.5,4.9,2221,1413,34914,15667,,,
2026-10-06T00:05:17+00:00,595,559152,Gozo,8,31,Crystal Palace,Midfielder,4.9,-0.1,-0.1,a,,,,,0.0,0.5,0.5,0.5,41,94,491,887,,,
2026-10-06T00:05:17+00:00,633,605972,Ahanor,8,31,Crystal Palace,Defender,4.5,0.0,0.0,a,,,,,0.0,1.5,1.5,1.5,147,114,1922,566,,,
2026-10-06T00:05:17+00:00,643,172850,Chilwell,8,31,Crystal Palace,Defender,4.5,0.0,0.0,a,,,,,0.4,0.5,0.5,0.5,612,3106,43166,18316,,,
2026-10-06T00:05:17+00:00,644,450063,Timber,8,31,Crystal Palace,Midfielder,5.0,0.0,0.0,a,,,,,0.0,3.5,3.5,3.5,494,336,4317,1528,,,
2026-10-06T00:05:17+00:00,647,533646,Osorio,8,31,Crystal Palace,Midfielder,5.5,0.0,0.0,a,,,,,0.0,0.0,0.0,0.0,29,81,948,417,,,
2026-10-06T00:05:17+00:00,21,128295,Nørgaard,9,11,Everton,Midfielder,4.8,-0.1,-0.2,i,Groin injury - Unknown return date,2026-08-15T20:00:06.779594Z,0,0,0.0,0.0,0.0,0.0,63,356,503,7458,,,
2026-10-06T00:05:17+00:00,209,242898,Johnson,9,11,Everton,Midfielder,5.9,0.0,-0.1,a,,,,,0.1,2.3,2.3,2.3,470,767,5365,10482,,,
2026-10-06T00:05:17+00:00,226,111234,Pickford,9,11,Everton,Goalkeeper,5.5,0.0,0.0,a,,,,,9.1,5.0,5.0,5.0,31031,17526,298548,237645,,,
2026-10-06T00:05:17+00:00,227,229600,Travers,9,11,Everton,Goalkeeper,5.0,0.0,0.0,a,,,,,0.0,0.0,0.0,0.0,270,284,1828,2146,,,
2026-10-06T00:05:17+00:00,228,138001,King,9,11,Everton,Goalkeeper,4.5,0.0,0.0,a,,,,,0.0,0.0,0.0,0.0,123,186,1190,1753,,,
2026-10-06T00:05:17+00:00,229,17761,Tarkowski,9,11,Everton,Defender,6.2,0.1,0.2,a,,,,,16.8,8.3,8.3,8.3,250724,25048,961532,288634,,,
2026-10-06T00:05:17+00:00,230,480455,Branthwaite,9,11,Everton,Defender,5.5,0.0,0.0,a,,,,,2.4,5.7,5.7,5.7,22039,8165,142211,72630,,,
2026-10-06T00:05:17+00:00,231,106611,Keane,9,11,Everton,Defender,4.8,0.0,-0.2,a,,,,,0.7,0.0,0.0,0.0,437,4090,9342,90889,,,
2026-10-06T00:05:17+00:00,232,512462,O'Brien,9,11,Everton,Defender,4.8,-0.1,-0.2,a,,,,,0.3,0.7,0.7,0.7,368,1260,4623,24731,,,
2026-10-06T00:05:17+00:00,233,224967,Mykolenko,9,11,Everton,Defender,4.6,0.1,0.1,d,Leg injury - 75% chance of playing,2026-10-01T19:30:09.402881Z,,75,4.1,5.7,5.7,4.3,41807,28826,412999,125279,,,
2026-10-06T00:05:17+00:00,234,243571,Patterson,9,11,Everton,Defender,4.5,0.0,0.0,u,Has joined Torino permanently,2026-09-02T16:05:23.326971Z,0,0,0.0,0.0,0.0,0.0,0,136,371,2449,,,
2026-10-06T00:05:17+00:00,235,499300,Aznou,9,11,Everton,Defender,4.0,0.0,0.0,u,Has joined Malaga on loan for the rest of the season,2026-09-01T13:23:16.934847Z,0,0,0.1,0.0,0.0,0.0,0,605,1728,11199,,,
2026-10-06T00:05:17+00:00,236,215413,Dewsbury-Hall,9,11,Everton,Midfielder,6.6,0.1,0.1,a,,,,,5.9,2.3,2.3,2.3,35960,52424,586724,331788,,,
2026-10-06T00:05:17+00:00,238,114283,Grealish,9,11,Everton,Midfielder,6.5,0.0,0.0,a,,2026-07-29T10:00:10.492904Z,100,100,0.5,1.7,1.7,1.7,4195,3214,41239,23498,,,
2026-10-06T00:05:17+00:00,239,232928,Garner,9,11,Everton,Midfielder,6.0,0.0,0.0,a,,2026-09-06T18:00:08.301702Z,100,100,0.2,3.0,3.0,3.0,1989,2196,21441,14096,2,,
2026-10-06T00:05:17+00:00,242,550615,George,9,11,Everton,Midfielder,5.5,0.0,0.0,a,,,,,0.9,4.7,4.7,4.7,2667,11576,107332,43240,,,
2026-10-06T00:05:17+00:00,243,502697,Alcaraz,9,11,Everton,Midfielder,4.9,0.0,-0.1,a,,,,,0.1,0.0,0.0,0.0,168,429,2869,5862,,,
2026-10-06T00:05:17+00:00,244,609873,Armstrong,9,11,Everton,Midfielder,5.0,0.0,0.0,a,,2026-09-17T08:30:08.942299Z,75,100,0.4,2.0,1.5,2.0,937,3508,53997,32862,,,
2026-10-06T00:05:17+00:00,245,496661,Dibling,9,11,Everton,Midfielder,5.4,0.0,-0.1,a,,,,,0.0,0.3,0.3,0.3,124,163,1179,2662,,,
2026-10-06T00:05:17+00:00,246,513466,Röhl,9,11,Everton,Midfielder,4.9,0.0,-0.1,i,Unspecified injury - Expected back 11 Oct,2026-09-16T18:00:09.541933Z,0,0,0.0,0.3,0.0,0.0,8,620,1963,4720,,,
2026-10-06T00:05:17+00:00,247,244860,Hackney,9,11,Everton,Midfielder,5.4,-0.1,-0.1,a,,2026-08-26T22:00:07.797766Z,100,100,0.2,2.0,2.0,2.0,214,1164,3765,12004,,,
2026-10-06T00:05:17+00:00,248,486385,Beto,9,11,Everton,Forward,5.4,0.0,-0.1,u,Has joined Fiorentina permanently,2026-09-02T16:05:23.357221Z,0,0,0.6,0.0,0.0,0.0,0,7811,16222,220133,,,
2026-10-06T00:05:17+00:00,249,586309,Barry,9,11,Everton,Forward,5.7,0.1,0.2,a,,,,,8.3,3.3,3.3,3.3,92812,44014,974967,362190,1,,
2026-10-06T00:05:17+00:00,649,154043,Maitland-Niles,9,11,Everton,Defender,4.5,0.0,0.0,a,,,,,1.4,7.0,7.0,7.0,20886,5383,93918,15275,,,
2026-10-06T00:05:17+00:00,654,629068,Graham,9,11,Everton,Midfielder,4.5,0.0,0.0,a,,,,,0.1,0.0,0.0,0.0,251,1049,11297,5354,,,
2026-10-06T00:05:17+00:00,250,80201,Leno,10,54,Fulham,Goalkeeper,4.5,0.0,0.0,a,,,,,3.4,6.0,6.0,6.0,45907,13337,156804,104379,,,
2026-10-06T00:05:17+00:00,251,86873,Lecomte,10,54,Fulham,Goalkeeper,4.0,0.0,0.0,a,,,,,1.1,0.0,0.0,0.0,2784,2794,25512,26229,,,
2026-10-06T00:05:17+00:00,252,505079,McNally,10,54,Fulham,Goalkeeper,4.0,0.0,0.0,u,Has joined York City on loan for the rest of the season,2026-09-01T13:25:11.231240Z,0,0,0.1,0.0,0.0,0.0,0,649,2589,6645,,,
2026-10-06T00:05:17+00:00,253,174874,Andersen,10,54,Fulham,Defender,5.0,0.0,0.0,a,,2026-07-23T12:01:23.516350Z,100,100,0.2,0.5,0.5,0.5,2984,1207,14858,9317,,,
2026-10-06T00:05:17+00:00,254,169528,Robinson,10,54,Fulham,Defender,4.5,0.0,0.0,a,,,,,1.5,4.0,4.0,4.0,18650,7599,61135,71574,2,,
2026-10-06T00:05:17+00:00,255,246301,J.Cuenca,10,54,Fulham,Defender,4.5,0.0,0.0,a,,,,,0.0,0.0,0.0,0.0,68,122,1548,2015,,,
2026-10-06T00:05:17+00:00,256,167074,Tete,10,54,Fulham,Defender,4.4,0.0,-0.1,a,,2026-09-18T12:30:09.546158Z,0,100,0.2,0.0,0.0,0.0,68,1082,1399,10527,,,
2026-10-06T00:05:17+00:00,257,232892,Bassey,10,54,Fulham,Defender,4.5,0.0,0.0,a,,,,,0.7,6.0,6.0,6.0,7035,2125,28049,30271,,,
2026-10-06T00:05:17+00:00,258,166477,Castagne,10,54,Fulham,Defender,4.5,0.0,0.0,a,,,,,1.0,3.5,3.5,3.5,16677,5492,93319,44221,,,
2026-10-06T00:05:17+00:00,261,153133,Iwobi,10,54,Fulham,Midfielder,5.4,0.0,-0.1,a,,,,,0.7,4.0,4.0,4.0,4123,3578,23043,55939,3,,
2026-10-06T00:05:17+00:00,262,209289,Smith Rowe,10,54,Fulham,Midfielder,5.3,-0.1,-0.2,a,,,,,0.2,0.5,0.5,0.5,334,1402,4532,21061,,,
2026-10-06T00:05:17+00:00,263,560552,Kevin,10,54,Fulham,Midfielder,5.3,0.0,-0.2,a,,,,,0.0,1.0,1.0,1.0,213,306,2017,4243,,,
2026-10-06T00:05:17+00:00,264,477555,Bobb,10,54,Fulham,Midfielder,5.5,0.0,0.0,a,,,,,0.3,3.0,3.0,3.0,2784,1964,16787,21070,,,
2026-10-06T00:05:17+00:00,265,207189,Berge,10,54,Fulham,Midfielder,4.9,0.0,-0.1,a,,,,,0.3,3.0,3.0,3.0,703,1400,6434,18156,,,
2026-10-06T00:05:17+00:00,266,76357,Cairney,10,54,Fulham,Midfielder,4.9,0.0,-0.1,i,Knee injury - Expected back 10 Oct,2026-08-14T18:00:06.460944Z,0,0,0.0,0.0,0.0,0.0,11,21,112,332,,,
2026-10-06T00:05:17+00:00,268,577725,King,10,54,Fulham,Midfielder,5.5,0.0,0.0,a,,,,,2.8,2.5,2.5,2.5,108252,21296,352387,99864,,,
2026-10-06T00:05:17+00:00,269,184349,Sessegnon,10,54,Fulham,Defender,4.3,-0.1,-0.2,a,,2026-09-14T11:30:07.403957Z,75,100,0.3,0.0,0.0,0.0,337,1382,2780,19080,,,
2026-10-06T00:05:17+00:00,270,153366,Reed,10,54,Fulham,Midfielder,4.4,0.0,-0.1,a,,,,,1.1,0.0,0.0,0.0,2942,7326,36434,73551,,,
2026-10-06T00:05:17+00:00,271,244042,Muniz,10,54,Fulham,Forward,5.4,0.0,-0.1,a,,,,,0.4,0.5,0.5,0.5,1922,2853,16251,35294,,,
2026-10-06T00:05:17+00:00,272,631786,Kusi-Asare,10,54,Fulham,Forward,4.5,0.0,0.0,a,,,,,5.4,0.0,0.0,0.0,11868,35655,161339,303460,,,
2026-10-06T00:05:17+00:00,569,551466,Gonzalo,10,54,Fulham,Forward,6.0,0.0,0.0,a,,,,,4.1,2.0,2.0,2.0,83048,35910,445357,315295,1,,
2026-10-06T00:05:17+00:00,570,571779,Palacios,10,54,Fulham,Midfielder,5.4,0.0,-0.1,a,,,,,0.2,0.5,0.5,0.5,751,1006,6040,10652,,,
2026-10-06T00:05:17+00:00,580,463210,Charles,10,54,Fulham,Midfielder,5.0,0.0,0.0,a,,,,,0.1,4.5,4.5,4.5,773,497,2503,4173,,,
2026-10-06T00:05:17+00:00,610,547686,De Fougerolles,10,54,Fulham,Defender,4.0,0.0,0.0,u,has joined  Real Salt Lake on loan for the rest of the seaon.,2026-08-28T11:30:08.336405Z,0,0,0.1,0.0,0.0,0.0,0,526,5787,5272,,,
2026-10-06T00:05:17+00:00,626,616069,Zepa,10,54,Fulham,Midfielder,4.4,-0.1,-0.1,a,,,,,0.3,0.0,0.0,0.0,1146,2425,35313,18639,,,
2026-10-06T00:05:17+00:00,635,551050,Larsson,10,54,Fulham,Midfielder,5.0,0.0,0.0,a,,,,,0.0,1.0,1.0,1.0,101,76,846,309,,,
2026-10-06T00:05:17+00:00,636,500033,Ángel,10,54,Fulham,Midfielder,5.0,0.0,0.0,a,,,,,0.0,0.0,0.0,0.0,36,29,373,171,,,
2026-10-06T00:05:17+00:00,650,442299,Affengruber,10,54,Fulham,Defender,4.5,0.0,0.0,a,,,,,0.1,6.0,6.0,6.0,8701,2040,11579,2662,,,
2026-10-06T00:05:17+00:00,240,490094,Iroegbunam,11,88,Hull City,Midfielder,5.0,0.0,0.0,a,,2026-08-15T20:00:06.878792Z,100,100,0.0,0.5,0.5,0.5,81,146,1119,1160,,,
2026-10-06T00:05:17+00:00,273,167825,Phillips,11,88,Hull City,Goalkeeper,4.0,0.0,0.0,a,,,,,1.4,0.0,0.0,0.0,3286,3876,29411,38759,,,
2026-10-06T00:05:17+00:00,274,105666,Butland,11,88,Hull City,Goalkeeper,4.4,-0.1,-0.1,i,Arm injury - Unknown return date,2026-08-08T19:00:05.601633Z,0,0,0.1,0.0,0.0,0.0,72,340,641,4953,,,
2026-10-06T00:05:17+00:00,275,494950,Cartwright,11,88,Hull City,Goalkeeper,4.0,0.0,0.0,u,Has joined Grimsby Town on loan for the rest of the season,2026-07-29T13:00:27.959925Z,0,0,0.0,0.0,0.0,0.0,0,30,0,332,,,
2026-10-06T00:05:17+00:00,276,444307,Lo-Tutala,11,88,Hull City,Goalkeeper,4.0,0.0,0.0,u,Has joined Colchester United on loan for the rest of the season,2026-08-17T13:50:27.125537Z,0,0,0.0,0.0,0.0,0.0,0,120,0,1114,,,
2026-10-06T00:05:17+00:00,277,108416,Egan,11,88,Hull City,Defender,4.1,0.0,0.1,a,,,,,7.0,1.5,1.5,1.5,30209,31978,753368,218899,,,
2026-10-06T00:05:17+00:00,278,501902,Hughes,11,88,Hull City,Defender,3.9,0.0,-0.1,i,Groin injury - Unknown return date,2026-08-02T09:00:11.030017Z,0,0,0.2,0.0,0.0,0.0,1200,2075,16989,13042,,,
2026-10-06T00:05:17+00:00,279,146426,Ajayi,11,88,Hull City,Defender,4.2,0.0,0.2,a,,2026-08-22T17:30:07.668197Z,100,100,13.9,1.0,1.0,1.0,47008,63315,1358393,313817,,,
2026-10-06T00:05:17+00:00,280,193278,Coyle,11,88,Hull City,Defender,4.0,0.0,0.0,a,,2026-08-29T16:30:08.151841Z,100,100,0.7,1.0,1.0,1.0,2214,2232,27786,26040,,,
2026-10-06T00:05:17+00:00,281,433590,Drameh,11,88,Hull City,Defender,4.0,0.0,0.0,u,Has joined Genoa permanently,2026-09-02T16:09:06.479140Z,0,0,0.0,0.0,0.0,0.0,0,266,2118,4519,,,
2026-10-06T00:05:17+00:00,282,232351,Giles,11,88,Hull City,Defender,4.0,0.0,0.0,a,,,,,2.9,2.0,2.0,2.0,22992,15039,279809,67330,,,
2026-10-06T00:05:17+00:00,283,449428,Jacob,11,88,Hull City,Defender,4.0,0.0,0.0,u,Has joined Newport County on loan until January,2026-08-02T09:00:11.038361Z,0,0,0.0,0.0,0.0,0.0,0,39,114,696,,,
2026-10-06T00:05:17+00:00,284,661800,McCarthy,11,88,Hull City,Defender,4.0,0.0,0.0,a,,,,,0.1,0.0,0.0,0.0,418,466,4952,4618,,,
2026-10-06T00:05:17+00:00,285,160817,McNair,11,88,Hull City,Defender,4.0,0.0,0.0,a,,2026-09-09T13:30:08.327907Z,100,100,0.1,0.0,0.0,0.0,206,440,3159,4749,,,
2026-10-06T00:05:17+00:00,286,540324,Belloumi,11,88,Hull City,Midfielder,5.1,0.0,0.1,a,,,,,5.2,8.5,8.5,8.5,83273,28100,513209,88138,,,
2026-10-06T00:05:17+00:00,287,232905,Millar,11,88,Hull City,Midfielder,5.0,0.0,0.0,u,Has joined Birmingham on loan for the rest of the season,2026-09-02T15:36:41.038103Z,0,0,0.0,0.0,0.0,0.0,0,327,3178,7547,,,
2026-10-06T00:05:17+00:00,288,171270,Dowell,11,88,Hull City,Midfielder,4.4,-0.1,-0.1,a,,,,,0.3,0.0,0.0,0.0,645,2151,12402,21734,,,
2026-10-06T00:05:17+00:00,289,101282,Crooks,11,88,Hull City,Midfielder,4.4,-0.1,-0.1,a,,2026-08-29T15:00:08.569326Z,100,100,0.5,0.5,0.5,0.5,5403,4546,24762,40775,,,
2026-10-06T00:05:17+00:00,290,243413,Slater,11,88,Hull City,Midfielder,4.5,0.0,0.0,a,,,,,5.2,2.0,2.0,2.0,17124,40846,500057,281845,,,
2026-10-06T00:05:17+00:00,291,465525,Matazo,11,88,Hull City,Midfielder,4.5,0.0,0.0,i,Knee injury - Unknown return date,2026-07-23T12:01:23.532635Z,0,0,0.0,0.0,0.0,0.0,34,63,385,501,,,
2026-10-06T00:05:17+00:00,292,208481,Ömür,11,88,Hull City,Midfielder,4.9,0.0,-0.1,a,,,,,0.0,0.0,0.0,0.0,90,157,1208,1638,,,
2026-10-06T00:05:17+00:00,293,490161,Kamara,11,88,Hull City,Midfielder,5.0,0.0,0.0,u,Has joined Portsmouth permanently,2026-08-12T14:08:23.542043Z,0,0,0.0,0.0,0.0,0.0,0,14,0,376,,,
2026-10-06T00:05:17+00:00,294,553783,Zambrano,11,88,Hull City,Midfielder,4.5,0.0,0.0,a,,2026-08-04T18:30:11.016909Z,100,100,0.1,0.0,0.0,0.0,160,516,3889,6845,,,
2026-10-06T00:05:17+00:00,295,169432,McBurnie,11,88,Hull City,Forward,5.5,0.0,0.0,a,,,,,1.9,2.5,2.5,2.5,8994,19259,189980,154606,1,,
2026-10-06T00:05:17+00:00,296,213292,Akintola,11,88,Hull City,Midfielder,5.0,0.0,0.0,u,Has joined Omonoia FC permanently,2026-09-11T14:42:38.120231Z,0,0,0.0,0.0,0.0,0.0,0,290,2704,4903,,,
2026-10-06T00:05:17+00:00,297,470294,Gyabi,11,88,Hull City,Midfielder,4.4,-0.1,-0.1,i,Thigh injury - Unknown return date,2026-08-04T18:30:11.027155Z,0,0,0.0,0.0,0.0,0.0,70,157,459,1625,,,
2026-10-06T00:05:17+00:00,298,500957,Destan,11,88,Hull City,Forward,4.5,0.0,0.0,u,Has joined Konyaspor permanently,2026-08-17T13:50:27.145733Z,0,0,0.2,0.0,0.0,0.0,0,1473,0,22426,,,
2026-10-06T00:05:17+00:00,299,534392,Burstow,11,88,Hull City,Forward,4.5,0.0,0.0,u,Has joined Sheffield Wednesday on loan for the rest of the season,2026-08-03T14:05:20.234842Z,0,0,0.0,0.0,0.0,0.0,0,232,0,3082,,,
2026-10-06T00:05:17+00:00,340,462635,Gelhardt,11,88,Hull City,Midfielder,5.0,0.0,0.0,a,,2026-08-17T21:30:07.799839Z,100,100,0.0,0.5,0.5,0.5,103,118,713,1025,,,
2026-10-06T00:05:17+00:00,556,169359,Targett,11,88,Hull City,Defender,4.0,0.0,0.0,d,Ankle injury - 75% chance of playing,2026-09-17T14:00:26.419938Z,75,75,1.6,0.0,0.0,0.0,119,10649,24843,87925,,,
2026-10-06T00:05:17+00:00,563,445028,Morita,11,88,Hull City,Midfielder,4.9,-0.1,-0.1,i,Calf injury - Expected back 11 Oct,2026-09-09T14:00:08.474217Z,0,0,0.0,0.0,0.0,0.0,24,193,727,1789,,,
2026-10-06T00:05:17+00:00,572,473284,Tzolakis,11,88,Hull City,Goalkeeper,4.7,0.1,0.2,a,,,,,12.8,4.0,4.0,4.0,133812,25328,1005140,220978,,,
2026-10-06T00:05:17+00:00,574,552946,Hjertø-Dahl,11,88,Hull City,Midfielder,4.9,0.0,-0.1,a,,,,,0.1,0.0,0.0,0.0,81,345,1442,4465,,,
2026-10-06T00:05:17+00:00,576,608227,Stroud,11,88,Hull City,Midfielder,5.0,0.0,0.0,a,,,,,0.1,0.5,0.5,0.5,150,498,3672,4721,,,
2026-10-06T00:05:17+00:00,585,597462,Herrington,11,88,Hull City,Defender,4.0,0.0,0.0,a,,,,,0.6,1.0,1.0,1.0,1101,1822,12900,18709,,,
2026-10-06T00:05:17+00:00,586,606930,Mendy,11,88,Hull City,Defender,4.1,0.0,0.1,a,,2026-09-12T18:00:09.334142Z,0,100,6.2,0.5,0.0,0.5,7893,34834,684185,359817,,,
2026-10-06T00:05:17+00:00,589,469266,Gourna-Douath,11,88,Hull City,Midfielder,5.0,0.0,0.0,a,,,,,0.0,0.5,0.5,0.5,33,112,702,1347,,,
2026-10-06T00:05:17+00:00,617,490884,Cho,11,88,Hull City,Midfielder,5.0,0.0,0.0,a,,,,,0.0,3.5,3.5,3.5,376,164,1812,776,,,
2026-10-06T00:05:17+00:00,632,626751,Ansah,11,88,Hull City,Forward,5.0,0.0,0.0,i,Back injury - Unknown return date,2026-09-09T10:00:08.919489Z,0,0,0.0,0.0,0.0,0.0,79,450,5126,3530,,,
2026-10-06T00:05:17+00:00,637,631000,Vaz,11,88,Hull City,Forward,5.0,0.0,0.0,a,,,,,0.1,1.0,1.0,1.0,1967,1244,12472,4065,,,
2026-10-06T00:05:17+00:00,638,496181,Norton-Cuffy,11,88,Hull City,Defender,4.0,0.0,0.0,d,Hamstring injury - 75% chance of playing,2026-09-21T08:30:09.561308Z,,75,0.2,0.0,0.0,0.0,462,2741,26078,10567,,,
2026-10-06T00:05:17+00:00,642,243951,Thomas,11,88,Hull City,Midfielder,5.5,0.0,0.0,a,,,,,0.0,1.5,1.5,1.5,527,370,3131,1219,,,
2026-10-06T00:05:17+00:00,645,647839,Mouzakitis,11,88,Hull City,Midfielder,5.0,0.0,0.0,a,,,,,0.0,0.0,0.0,0.0,98,94,790,320,,,
2026-10-06T00:05:17+00:00,259,219924,Diop,12,40,Ipswich Town,Defender,4.0,0.0,0.0,a,,,,,12.6,2.5,2.5,2.5,7802,60138,136839,512760,,,
2026-10-06T00:05:17+00:00,267,212314,Lukić,12,40,Ipswich Town,Midfielder,4.9,-0.1,-0.1,a,,,,,0.1,1.5,1.5,1.5,225,569,3453,6522,,,
2026-10-06T00:05:17+00:00,300,108813,Walton,12,40,Ipswich Town,Goalkeeper,4.4,0.0,-0.1,a,,,,,0.4,1.0,1.0,1.0,1943,1174,3628,15087,,,
2026-10-06T00:05:17+00:00,301,112520,Palmer,12,40,Ipswich Town,Goalkeeper,4.0,0.0,0.0,a,,,,,3.9,0.0,0.0,0.0,4404,12951,75000,114190,,,
2026-10-06T00:05:17+00:00,302,50093,Button,12,40,Ipswich Town,Goalkeeper,4.0,0.0,0.0,a,,,,,0.6,0.0,0.0,0.0,1643,1452,31653,15304,,,
2026-10-06T00:05:17+00:00,303,183015,Kipré,12,40,Ipswich Town,Defender,3.9,0.0,-0.1,a,,,,,0.9,0.0,0.0,0.0,4859,4725,49480,29472,,,
2026-10-06T00:05:17+00:00,304,216616,O'Shea,12,40,Ipswich Town,Defender,4.0,0.0,0.0,a,,,,,2.7,1.5,1.5,1.5,2256,15817,65675,129160,,,
2026-10-06T00:05:17+00:00,305,455084,Davis,12,40,Ipswich Town,Defender,4.0,0.0,0.0,a,,,,,7.0,8.0,8.0,8.0,57631,30795,377834,188411,,,
2026-10-06T00:05:17+00:00,306,449429,Greaves,12,40,Ipswich Town,Defender,4.0,0.0,0.0,a,,,,,1.1,0.5,0.5,0.5,523,3815,8259,38556,,,
2026-10-06T00:05:17+00:00,307,222018,Johnson,12,40,Ipswich Town,Defender,4.0,0.0,0.0,u,Has joined Stoke City on loan for the rest of the season,2026-09-04T12:36:56.236331Z,0,0,0.1,0.0,0.0,0.0,0,393,1137,6340,,,
2026-10-06T00:05:17+00:00,308,176420,Furlong,12,40,Ipswich Town,Defender,3.9,0.0,-0.1,a,,,,,0.6,0.0,0.0,0.0,6833,3219,19470,19996,,,
2026-10-06T00:05:17+00:00,309,501390,Núñez,12,40,Ipswich Town,Midfielder,4.9,0.0,-0.1,a,,,,,0.1,0.0,0.0,0.0,103,716,3120,7723,,,
2026-10-06T00:05:17+00:00,310,241117,Matusiwa,12,40,Ipswich Town,Midfielder,4.9,0.0,-0.1,a,,2026-07-29T18:00:10.305484Z,100,100,0.0,0.0,0.0,0.0,17,19,128,280,,,
2026-10-06T00:05:17+00:00,311,149929,Burns,12,40,Ipswich Town,Midfielder,5.0,0.0,0.0,u,Has joined Leicester City permanently,2026-08-10T14:02:47.597478Z,0,0,0.0,0.0,0.0,0.0,0,9,0,348,,,
2026-10-06T00:05:17+00:00,312,231899,Taylor,12,40,Ipswich Town,Midfielder,4.4,-0.1,-0.1,i,Knee injury - Unknown return date,2026-07-29T18:00:10.319370Z,0,0,0.0,0.0,0.0,0.0,397,301,973,2682,,,
2026-10-06T00:05:17+00:00,313,443261,Clarke,12,40,Ipswich Town,Midfielder,5.4,0.0,-0.1,a,,,,,0.2,1.5,1.5,1.5,173,1005,5524,15799,1,,
2026-10-06T00:05:17+00:00,314,229164,Ogbene,12,40,Ipswich Town,Midfielder,4.9,0.0,-0.1,u,Has joined Lincoln City on loan until January,2026-09-02T16:04:17.497385Z,0,0,0.0,0.0,0.0,0.0,0,68,104,1210,,,
2026-10-06T00:05:17+00:00,315,531442,Fatawu,12,40,Ipswich Town,Midfielder,5.4,0.0,-0.1,s,Suspended until 17 Oct,2026-09-19T15:30:10.126897Z,,0,0.2,0.0,0.0,0.0,65,2718,5367,13562,,,
2026-10-06T00:05:17+00:00,316,543968,Emersonn,12,40,Ipswich Town,Forward,5.5,0.0,0.0,a,,2026-08-31T09:30:08.306145Z,100,100,3.6,7.0,7.0,7.0,39737,24808,323435,144082,2,,
2026-10-06T00:05:17+00:00,317,222625,Hirst,12,40,Ipswich Town,Forward,5.0,0.0,0.0,u,Has joined Stoke City permanently,2026-08-21T13:06:08.606019Z,0,0,0.1,0.0,0.0,0.0,0,519,0,17149,,,
2026-10-06T00:05:17+00:00,318,481624,Philogene,12,40,Ipswich Town,Midfielder,5.4,0.0,-0.1,a,,2026-08-25T11:30:07.532993Z,100,100,0.1,1.0,1.0,1.0,37,174,305,9298,3,,
2026-10-06T00:05:17+00:00,319,172453,Szmodics,12,40,Ipswich Town,Midfielder,5.0,0.0,0.0,u,Has joined Derby County on loan for the rest of the season,2026-08-17T13:51:41.713979Z,0,0,0.0,0.0,0.0,0.0,0,14,0,761,,,
2026-10-06T00:05:17+00:00,320,147675,Akpom,12,40,Ipswich Town,Forward,5.0,0.0,0.0,a,,,,,1.2,0.5,0.5,0.5,5288,10187,131244,74620,,,
2026-10-06T00:05:17+00:00,321,557012,Walle Egeli,12,40,Ipswich Town,Forward,4.5,0.0,0.0,a,,,,,3.5,0.0,0.0,0.0,20068,28823,332689,213310,,,
2026-10-06T00:05:17+00:00,322,462387,Al-Hamadi,12,40,Ipswich Town,Forward,5.0,0.0,0.0,u,Has joined Sheffield Wednesday on loan for the rest of the season,2026-08-27T14:54:10.215357Z,0,0,0.0,0.0,0.0,0.0,0,404,755,9949,,,
2026-10-06T00:05:17+00:00,323,461587,McAteer,12,40,Ipswich Town,Midfielder,4.4,-0.1,-0.1,a,,,,,1.0,0.0,0.0,0.0,1726,6927,28470,62774,,,
2026-10-06T00:05:17+00:00,324,232457,Mehmeti,12,40,Ipswich Town,Midfielder,4.8,-0.1,-0.2,a,,,,,0.0,0.0,0.0,0.0,80,160,406,2491,,,
2026-10-06T00:05:17+00:00,554,546600,Van Oevelen,12,40,Ipswich Town,Goalkeeper,4.5,0.0,0.0,u,Has joined Valencia on loan for the rest of the season,2026-08-25T14:04:09.529320Z,0,0,0.0,0.0,0.0,0.0,0,91,54,1965,,,
2026-10-06T00:05:17+00:00,562,442967,Maeda,12,40,Ipswich Town,Midfielder,5.3,-0.1,-0.2,a,,,,,0.2,1.0,1.0,1.0,148,1565,2876,20335,,,
2026-10-06T00:05:17+00:00,564,240514,Scherpen,12,40,Ipswich Town,Goalkeeper,4.5,0.0,0.0,a,,,,,0.6,0.5,0.5,0.5,742,2990,15309,23567,,,
2026-10-06T00:05:17+00:00,571,216055,Florentino,12,40,Ipswich Town,Midfielder,4.8,-0.1,-0.2,a,,2026-08-25T11:30:07.678802Z,100,100,0.1,1.0,1.0,1.0,120,363,1065,7094,,,
2026-10-06T00:05:17+00:00,591,474120,Enciso,12,40,Ipswich Town,Midfielder,5.5,0.0,0.0,a,,2026-08-22T18:00:07.551930Z,100,100,0.8,2.0,2.0,2.0,2664,6552,94227,52841,,,
2026-10-06T00:05:17+00:00,592,572584,Ouattara,12,40,Ipswich Town,Defender,4.0,0.0,0.0,a,,,,,0.9,1.5,1.5,1.5,773,2218,13558,26354,,,
2026-10-06T00:05:17+00:00,602,524180,Humphreys,12,40,Ipswich Town,Midfielder,4.5,0.0,0.0,u,Has joined Huddersfield Town on loan for the rest of the season,2026-09-02T16:04:17.524642Z,0,0,0.0,0.0,0.0,0.0,0,255,2861,3249,,,
2026-10-06T00:05:17+00:00,619,218543,Palacios,12,40,Ipswich Town,Midfielder,5.0,0.0,0.0,a,,,,,0.1,3.0,3.0,3.0,565,899,9053,3509,,,
2026-10-06T00:05:17+00:00,640,431639,Flemming,12,40,Ipswich Town,Forward,5.5,0.0,0.0,a,,,,,0.1,2.5,2.5,2.5,1047,1073,9409,3295,,,
2026-10-06T00:05:17+00:00,260,153682,Wilson,13,2,Leeds,Midfielder,6.2,0.0,-0.3,i,Thigh injury - Unknown return date,2026-09-18T13:30:09.626858Z,0,0,1.6,0.5,0.0,0.0,77,43271,29048,459973,,,
2026-10-06T00:05:17+00:00,326,201595,Perri,13,2,Leeds,Goalkeeper,4.5,0.0,0.0,u,Has joined Torino on loan for the rest of the season,2026-09-01T13:12:39.210133Z,0,0,0.3,0.0,0.0,0.0,0,1395,532,26595,,,
2026-10-06T00:05:17+00:00,327,434752,Bijol,13,2,Leeds,Defender,5.0,0.0,0.0,a,,,,,0.7,0.0,0.0,0.0,857,5860,69159,59475,,,
2026-10-06T00:05:17+00:00,329,214225,Rodon,13,2,Leeds,Defender,4.3,-0.1,-0.2,i,Hamstring injury - Expected back 21 Nov,2026-08-30T16:00:08.564382Z,0,0,0.8,0.0,0.0,0.0,51,9442,26945,297447,,,
2026-10-06T00:05:17+00:00,330,226182,Bogle,13,2,Leeds,Defender,4.6,0.0,0.1,a,,,,,7.4,10.0,10.0,10.0,137606,29183,664179,88391,,,
2026-10-06T00:05:17+00:00,331,243526,Gudmundsson,13,2,Leeds,Defender,4.5,0.0,0.0,a,,2026-08-08T20:00:07.546568Z,100,100,0.1,6.0,6.0,6.0,646,379,4244,2809,,,
2026-10-06T00:05:17+00:00,332,220627,Justin,13,2,Leeds,Defender,4.5,0.0,0.0,a,,,,,1.4,5.0,5.0,5.0,4972,6507,122244,71420,,,
2026-10-06T00:05:17+00:00,333,437738,Bornauw,13,2,Leeds,Defender,4.5,0.0,0.0,u,Has joined Hamburg SV on loan for the rest of the season,2026-08-19T13:56:14.645970Z,0,0,0.0,0.0,0.0,0.0,0,6,0,300,,,
2026-10-06T00:05:17+00:00,334,522047,Muharemović,13,2,Leeds,Defender,5.0,0.0,0.0,a,,,,,4.3,6.5,6.5,6.5,32647,27055,303932,175939,,,
2026-10-06T00:05:17+00:00,335,466525,Stach,13,2,Leeds,Midfielder,6.0,0.0,0.0,a,,,,,2.5,4.0,4.0,4.0,5331,20929,202674,165662,,,
2026-10-06T00:05:17+00:00,336,435997,Okafor,13,2,Leeds,Midfielder,5.8,0.0,-0.2,a,,,,,0.4,6.0,6.0,6.0,2005,3702,27112,35488,,,
2026-10-06T00:05:17+00:00,337,427637,Aaronson,13,2,Leeds,Midfielder,5.3,-0.1,-0.2,a,,,,,0.5,1.0,1.0,1.0,226,3615,6789,48344,,,
2026-10-06T00:05:17+00:00,338,199598,Ampadu,13,2,Leeds,Midfielder,5.4,0.0,-0.1,a,,,,,0.9,6.0,6.0,6.0,1844,5405,18277,61084,,,
2026-10-06T00:05:17+00:00,339,180135,Longstaff,13,2,Leeds,Midfielder,4.8,-0.1,-0.2,a,,,,,0.1,0.5,0.5,0.5,155,674,2528,8158,,,
2026-10-06T00:05:17+00:00,341,492859,Gnonto,13,2,Leeds,Midfielder,5.0,0.0,0.0,u,Has joined ACF Fiorentina on loan for the rest of the season,2026-09-02T16:04:47.189648Z,0,0,0.0,0.0,0.0,0.0,0,57,244,1815,,,
2026-10-06T00:05:17+00:00,342,221399,Harrison,13,2,Leeds,Midfielder,5.0,0.0,0.0,u,Has joined New England Revolution permanently,2026-07-28T12:59:09.492431Z,0,0,0.0,0.0,0.0,0.0,0,5,0,79,,,
2026-10-06T00:05:17+00:00,343,200617,James,13,2,Leeds,Midfielder,4.9,0.0,-0.1,a,,,,,0.1,1.0,1.0,1.0,212,603,4181,8053,,,
2026-10-06T00:05:17+00:00,344,486520,Gruev,13,2,Leeds,Midfielder,5.0,0.0,0.0,a,,2026-08-14T23:00:06.272027Z,100,100,0.0,0.0,0.0,0.0,51,22,130,317,,,
2026-10-06T00:05:17+00:00,345,248056,Tanaka,13,2,Leeds,Midfielder,4.9,0.0,-0.1,a,,,,,0.3,4.0,4.0,4.0,2432,2465,22950,17700,,,
2026-10-06T00:05:17+00:00,346,177815,Calvert-Lewin,13,2,Leeds,Forward,6.0,0.0,0.0,a,,,,,24.8,6.0,6.0,6.0,102879,182487,1019508,1335429,1,,
2026-10-06T00:05:17+00:00,347,174594,Nmecha,13,2,Leeds,Forward,5.4,0.0,-0.1,a,,,,,0.5,1.0,1.0,1.0,2179,3953,22373,37374,2,,
2026-10-06T00:05:17+00:00,348,235826,Piroe,13,2,Leeds,Forward,5.0,0.0,0.0,u,Has joined West Ham United on loan for the rest of the season,2026-08-19T13:56:14.666726Z,0,0,0.1,0.0,0.0,0.0,0,457,0,11252,3,,
2026-10-06T00:05:17+00:00,349,565297,Mateo Joseph,13,2,Leeds,Forward,4.5,0.0,0.0,i,Knee injury - Unknown return date,2026-07-29T18:00:10.338170Z,0,0,0.1,0.0,0.0,0.0,352,522,3138,4496,,,
2026-10-06T00:05:17+00:00,385,432720,Trafford,13,2,Leeds,Goalkeeper,5.0,0.0,0.0,a,,,,,5.5,6.5,6.5,6.5,25381,16681,267352,161026,,,
2026-10-06T00:05:17+00:00,598,173774,Elvedi,13,2,Leeds,Defender,4.5,0.0,0.0,a,,,,,0.1,4.0,4.0,4.0,273,267,5388,2826,,,
2026-10-06T00:05:17+00:00,603,643970,Lienou,13,2,Leeds,Defender,4.0,0.0,0.0,a,,,,,0.1,0.0,0.0,0.0,254,541,6927,4008,,,
2026-10-06T00:05:17+00:00,604,592740,Cresswell,13,2,Leeds,Midfielder,4.5,0.0,0.0,a,,,,,0.1,0.0,0.0,0.0,325,938,14081,7966,,,
2026-10-06T00:05:17+00:00,625,97846,Cairns,13,2,Leeds,Goalkeeper,4.0,0.0,0.0,a,,,,,0.2,0.0,0.0,0.0,902,828,19861,5986,,,
2026-10-06T00:05:17+00:00,629,155465,Zetterer,13,2,Leeds,Goalkeeper,4.0,0.0,0.0,a,,,,,0.7,0.0,0.0,0.0,3285,2928,58725,14303,,,
2026-10-06T00:05:17+00:00,641,437497,Bard,13,2,Leeds,Defender,4.5,0.0,0.0,a,,,,,0.0,0.5,0.5,0.5,105,84,967,360,,,
2026-10-06T00:05:17+00:00,648,587982,Bahoya,13,2,Leeds,Midfielder,5.0,0.0,0.0,a,,,,,0.0,0.5,0.5,0.5,116,184,2248,1152,,,
2026-10-06T00:05:17+00:00,350,116535,A.Becker,14,14,Liverpool,Goalkeeper,5.5,0.0,0.0,a,,,,,4.2,8.5,8.5,8.5,15227,12920,148545,146444,,,
2026-10-06T00:05:17+00:00,351,449027,Mamardashvili,14,14,Liverpool,Goalkeeper,4.8,-0.1,-0.2,a,,,,,0.1,0.0,0.0,0.0,275,663,2887,8681,,,
2026-10-06T00:05:17+00:00,352,155503,Woodman,14,14,Liverpool,Goalkeeper,4.0,0.0,0.0,a,,,,,1.0,0.0,0.0,0.0,843,2524,18337,27382,,,
2026-10-06T00:05:17+00:00,353,586268,Pecsi,14,14,Liverpool,Goalkeeper,4.0,0.0,0.0,u,Has joined TSV Hartberg on loan for the rest of the season,2026-08-18T14:11:18.638344Z,0,0,0.0,0.0,0.0,0.0,0,69,0,1096,,,
2026-10-06T00:05:17+00:00,354,432987,Jaros,14,14,Liverpool,Goalkeeper,4.0,0.0,0.0,i,Knee injury - Unknown return date,2026-07-29T18:00:10.351066Z,0,0,0.0,0.0,0.0,0.0,220,171,1767,1257,,,
2026-10-06T00:05:17+00:00,355,464353,Davies,14,14,Liverpool,Goalkeeper,4.0,0.0,0.0,a,,,,,0.2,0.0,0.0,0.0,310,494,4762,4274,,,
2026-10-06T00:05:17+00:00,356,97032,Virgil,14,14,Liverpool,Defender,6.5,0.0,0.0,a,,,,,16.2,8.0,8.0,8.0,24674,47366,281690,619999,,,
2026-10-06T00:05:17+00:00,357,216094,Frimpong,14,14,Liverpool,Defender,5.3,0.0,-0.2,a,,,,,1.8,0.5,0.5,0.5,1748,13477,59091,246862,,,
2026-10-06T00:05:17+00:00,358,544877,Kerkez,14,14,Liverpool,Defender,5.3,-0.1,-0.2,a,,,,,2.2,3.5,3.5,3.5,2809,11361,47826,188733,,,
2026-10-06T00:05:17+00:00,359,171287,Gomez,14,14,Liverpool,Defender,4.9,0.0,-0.1,a,,2026-07-26T08:30:10.078473Z,100,100,0.0,0.0,0.0,0.0,353,123,773,1187,,,
2026-10-06T00:05:17+00:00,360,492777,Bradley,14,14,Liverpool,Defender,5.0,0.0,0.0,i,Knee injury - Unknown return date,2026-07-23T12:01:23.565711Z,0,0,0.0,0.0,0.0,0.0,66,91,383,803,,,
2026-10-06T00:05:17+00:00,361,519440,Lucky,14,14,Liverpool,Defender,4.0,0.0,0.0,a,,,,,0.1,0.0,0.0,0.0,311,618,3888,5843,,,
2026-10-06T00:05:17+00:00,362,606702,Jacquet,14,14,Liverpool,Defender,5.0,0.0,0.0,a,,2026-07-23T12:01:23.581126Z,100,100,3.5,7.5,7.5,7.5,38190,14898,236072,124931,,,
2026-10-06T00:05:17+00:00,363,647681,Leoni,14,14,Liverpool,Defender,4.0,0.0,0.0,i,Knee injury - Unknown return date,2026-07-23T12:01:23.596909Z,0,0,0.0,0.0,0.0,0.0,73,194,874,2125,,,
2026-10-06T00:05:17+00:00,364,214285,Tsimikas,14,14,Liverpool,Defender,4.9,0.0,-0.1,a,,,,,0.1,0.5,0.5,0.5,105,415,1592,4441,,,
2026-10-06T00:05:17+00:00,365,489580,Ramsay,14,14,Liverpool,Defender,4.0,0.0,0.0,u,Has joined St Mirren on loan for the rest of the season,2026-08-26T14:05:26.748768Z,0,0,0.1,0.0,0.0,0.0,0,514,638,12743,,,
2026-10-06T00:05:17+00:00,366,494595,Wirtz,14,14,Liverpool,Midfielder,7.3,0.0,-0.2,a,,,,,5.7,4.5,4.5,4.5,4897,44966,135165,768363,4,,
2026-10-06T00:05:17+00:00,367,243298,Gakpo,14,14,Liverpool,Midfielder,7.2,0.0,0.2,d,Ankle injury - 75% chance of playing,2026-09-27T21:30:07.786183Z,100,75,12.2,2.0,2.0,1.5,52223,108897,1338635,736494,3,,
2026-10-06T00:05:17+00:00,368,424876,Szoboszlai,14,14,Liverpool,Midfielder,6.9,-0.1,-0.1,a,,,,,32.6,2.5,2.5,2.5,40005,233093,932364,1701251,1,,
2026-10-06T00:05:17+00:00,369,611922,Ngumoha,14,14,Liverpool,Midfielder,5.7,-0.1,-0.3,a,,,,,0.5,0.5,0.5,0.5,877,4503,14655,89529,,,
2026-10-06T00:05:17+00:00,370,223541,Chiesa,14,14,Liverpool,Midfielder,5.3,-0.1,-0.2,i,Back injury - Unknown return date,2026-08-27T13:30:07.598926Z,0,0,0.0,0.0,0.0,0.0,17,264,682,10097,,,
2026-10-06T00:05:17+00:00,371,441266,Gravenberch,14,14,Liverpool,Midfielder,5.8,-0.1,-0.2,a,,,,,1.1,1.0,1.0,1.0,1333,9590,35871,130943,,,
2026-10-06T00:05:17+00:00,372,243016,Mac Allister,14,14,Liverpool,Midfielder,5.4,0.0,-0.1,a,,,,,1.3,3.0,3.0,3.0,4108,7329,45728,97043,5,,
2026-10-06T00:05:17+00:00,373,206915,C.Jones,14,14,Liverpool,Midfielder,5.5,0.0,0.0,u,Has joined Internazionale permanently,2026-08-16T18:30:07.426408Z,0,0,0.0,0.0,0.0,0.0,0,68,34,2655,,,
2026-10-06T00:05:17+00:00,374,158983,Endo,14,14,Liverpool,Midfielder,4.9,0.0,-0.1,a,,2026-07-23T12:01:23.612529Z,100,100,0.1,0.0,0.0,0.0,173,469,2336,4835,,,
2026-10-06T00:05:17+00:00,375,591386,Nyoni,14,14,Liverpool,Midfielder,4.9,0.0,-0.1,a,,,,,0.0,0.5,0.5,0.5,98,322,1355,3067,,,
2026-10-06T00:05:17+00:00,376,535928,Bajcetic,14,14,Liverpool,Midfielder,5.0,0.0,0.0,u,Has joined Celta Vigo permanently,2026-07-23T12:01:23.628373Z,0,0,0.0,0.0,0.0,0.0,0,3,19,107,,,
2026-10-06T00:05:17+00:00,377,551499,Munoz,14,14,Liverpool,Midfielder,6.5,0.0,0.0,a,,,,,0.9,1.0,1.0,1.0,1649,12147,117632,102489,,,
2026-10-06T00:05:17+00:00,378,491501,McConnell,14,14,Liverpool,Midfielder,4.4,0.0,-0.1,a,,,,,0.2,0.0,0.0,0.0,1099,1603,6974,13060,,,
2026-10-06T00:05:17+00:00,379,219168,Isak,14,14,Liverpool,Forward,9.1,0.0,0.1,d,Thigh injury - 75% chance of playing,2026-09-27T10:30:09.051435Z,,75,22.2,5.0,5.0,3.8,119883,104337,1247045,764306,2,,
2026-10-06T00:05:17+00:00,380,510663,Ekitiké,14,14,Liverpool,Forward,7.4,0.0,-0.1,i,Achilles injury - Unknown return date,2026-07-23T12:01:23.643771Z,0,0,0.1,0.0,0.0,0.0,421,896,2693,11359,,,
2026-10-06T00:05:17+00:00,381,514514,Koumas,14,14,Liverpool,Midfielder,5.0,0.0,0.0,a,,,,,0.0,0.5,0.5,0.5,181,201,860,1402,,,
2026-10-06T00:05:17+00:00,382,500058,Danns,14,14,Liverpool,Forward,4.5,0.0,0.0,a,,2026-07-23T12:01:23.659279Z,100,100,0.2,0.0,0.0,0.0,3765,2579,23572,9858,,,
2026-10-06T00:05:17+00:00,383,444884,Elliott,14,14,Liverpool,Midfielder,5.4,0.0,-0.1,u,Has joined Valencia on loan for the rest of the season,2026-09-02T16:05:49.104326Z,0,0,0.0,0.0,0.0,0.0,0,244,907,6164,,,
2026-10-06T00:05:17+00:00,579,445087,Araujo,14,14,Liverpool,Defender,5.4,0.0,-0.1,a,,,,,3.1,6.5,6.5,6.5,18629,11281,150545,160970,,,
2026-10-06T00:05:17+00:00,627,482616,Barcola,14,14,Liverpool,Midfielder,8.0,0.0,0.0,a,,,,,1.9,3.0,3.0,3.0,13234,20279,290696,131525,,,
2026-10-06T00:05:17+00:00,155,448047,Enzo,15,43,Man City,Midfielder,6.9,0.0,-0.1,a,,,,,3.7,4.5,4.5,4.5,33489,16259,175156,323168,,,
2026-10-06T00:05:17+00:00,237,440993,Ndiaye,15,43,Man City,Midfielder,5.8,-0.1,-0.2,a,,,,,6.7,3.0,3.0,3.0,7717,73209,298586,1141212,,,
2026-10-06T00:05:17+00:00,384,204936,Donnarumma,15,43,Man City,Goalkeeper,5.5,0.0,0.0,a,,,,,7.6,4.5,4.5,4.5,11503,32858,207694,318774,,,
2026-10-06T00:05:17+00:00,386,122074,Bettinelli,15,43,Man City,Goalkeeper,4.5,0.0,0.0,a,,,,,0.0,0.0,0.0,0.0,63,91,578,1127,,,
2026-10-06T00:05:17+00:00,387,472769,O'Reilly,15,43,Man City,Defender,6.3,-0.1,-0.2,d,Unspecified injury - 75% chance of playing,2026-10-01T15:30:10.272693Z,100,75,10.8,1.0,1.0,0.8,5416,80433,192760,1216944,,,
2026-10-06T00:05:17+00:00,388,209036,Guéhi,15,43,Man City,Defender,6.0,0.0,0.0,a,,,,,18.1,5.0,5.0,5.0,25559,56129,507479,468105,,,
2026-10-06T00:05:17+00:00,389,465351,Matheus N.,15,43,Man City,Defender,5.9,0.0,-0.1,a,,2026-08-27T11:30:08.171622Z,100,100,1.0,5.0,5.0,5.0,1817,3183,14972,74324,4,,
2026-10-06T00:05:17+00:00,390,171314,Rúben,15,43,Man City,Defender,5.5,0.0,0.0,a,,,,,1.9,3.5,3.5,3.5,5053,9682,67641,74484,,,
2026-10-06T00:05:17+00:00,391,477424,Gvardiol,15,43,Man City,Defender,5.7,0.0,0.2,a,,,,,26.9,7.5,7.5,7.5,159391,62189,1841423,422405,,,
2026-10-06T00:05:17+00:00,392,448514,Aït-Nouri,15,43,Man City,Defender,5.2,-0.1,-0.3,a,,,,,0.4,0.0,0.0,0.0,562,2323,7914,61732,,,
2026-10-06T00:05:17+00:00,393,578153,Khusanov,15,43,Man City,Defender,5.4,0.0,-0.1,a,,,,,1.4,0.0,0.0,0.0,1536,9476,26972,81122,,,
2026-10-06T00:05:17+00:00,394,494307,Alleyne,15,43,Man City,Defender,5.0,0.0,0.0,u,Has joined Burnley on loan for the rest of the season,2026-08-18T14:11:56.324656Z,0,0,0.0,0.0,0.0,0.0,0,20,0,618,,,
2026-10-06T00:05:17+00:00,395,477064,Lewis,15,43,Man City,Defender,4.4,0.0,-0.1,a,,,,,0.2,0.0,0.0,0.0,339,1273,8295,16339,,,
2026-10-06T00:05:17+00:00,396,616222,Vitor Reis,15,43,Man City,Defender,4.5,0.0,0.0,a,,,,,0.0,0.0,0.0,0.0,78,163,558,1186,,,
2026-10-06T00:05:17+00:00,397,437730,Semenyo,15,43,Man City,Midfielder,8.4,0.0,-0.1,d,Ankle injury - 75% chance of playing,2026-09-24T12:00:09.848000Z,,75,15.1,10.0,10.0,7.5,128706,84351,319609,1227051,2,,
2026-10-06T00:05:17+00:00,398,209244,Foden,15,43,Man City,Midfielder,6.9,0.0,-0.1,s,Suspended until 17 Oct,2026-09-13T17:00:09.433455Z,0,0,1.8,-1.0,0.0,0.0,233,30417,303479,568139,,,
2026-10-06T00:05:17+00:00,399,466052,Cherki,15,43,Man City,Midfielder,7.8,0.0,0.3,a,,,,,28.4,4.5,4.5,4.5,136235,99694,2683396,966639,,,
2026-10-06T00:05:17+00:00,400,248875,Doku,15,43,Man City,Midfielder,7.4,0.0,-0.1,a,,2026-08-18T17:00:08.385597Z,75,100,0.7,0.5,0.4,0.5,5051,2293,6518,128379,3,,
2026-10-06T00:05:17+00:00,402,220566,Rodrigo,15,43,Man City,Midfielder,6.5,0.0,0.0,u,Has joined Barcelona permanently,2026-07-23T12:01:23.675537Z,0,0,0.0,0.0,0.0,0.0,0,28,0,1232,,,
2026-10-06T00:05:17+00:00,404,433036,Reijnders,15,43,Man City,Midfielder,6.0,0.0,0.0,u,Has joined Al Qadsiah permanently,2026-08-20T14:02:58.154273Z,0,0,0.0,0.0,0.0,0.0,0,109,0,8194,,,
2026-10-06T00:05:17+00:00,406,91651,Kovačić,15,43,Man City,Midfielder,5.3,-0.1,-0.2,a,,,,,0.1,0.0,0.0,0.0,123,496,2265,6325,,,
2026-10-06T00:05:17+00:00,407,575204,Echeverri,15,43,Man City,Midfielder,4.9,0.0,-0.1,u,Has joined Benfica on loan for the rest of the season,2026-09-03T15:41:24.710479Z,0,0,0.0,0.0,0.0,0.0,0,58,250,1347,,,
2026-10-06T00:05:17+00:00,408,155405,Phillips,15,43,Man City,Midfielder,5.0,0.0,0.0,u,Has joined Sheffield United on loan for the rest of the season,2026-08-18T14:11:56.348781Z,0,0,0.0,0.0,0.0,0.0,0,14,0,573,,,
2026-10-06T00:05:17+00:00,409,590039,Mukasa,15,43,Man City,Midfielder,4.5,0.0,0.0,u,has joined West Ham on loan for the rest of the seaon.,2026-09-03T10:34:10.733520Z,0,0,0.1,0.0,0.0,0.0,0,653,1621,12220,,,
2026-10-06T00:05:17+00:00,410,649208,Monga,15,43,Man City,Midfielder,4.9,0.0,-0.1,u,Has joined Swansea City on loan for the rest of the season,2026-09-02T16:02:01.136760Z,0,0,0.0,0.0,0.0,0.0,0,57,219,1277,,,
2026-10-06T00:05:17+00:00,411,223094,Haaland,15,43,Man City,Forward,15.6,0.0,0.1,a,,,,,73.9,7.5,7.5,7.5,86100,24442,931377,326100,1,,
2026-10-06T00:05:17+00:00,481,215379,Anderson,15,43,Man City,Midfielder,6.3,0.0,-0.2,a,,2026-08-23T17:00:07.952697Z,100,100,4.0,3.5,3.5,3.5,8604,29823,106043,447663,,,
2026-10-06T00:05:17+00:00,587,106921,Rulli,15,43,Man City,Goalkeeper,5.0,0.0,0.0,a,,,,,0.0,0.0,0.0,0.0,82,107,614,1118,,,
2026-10-06T00:05:17+00:00,616,637238,Bouaddi,15,43,Man City,Midfielder,5.5,0.0,0.0,a,,,,,0.2,0.0,0.0,0.0,887,2202,21086,13641,,,
2026-10-06T00:05:17+00:00,621,616288,McAidoo,15,43,Man City,Midfielder,4.5,0.0,0.0,a,,,,,0.1,0.0,0.0,0.0,212,1145,11381,7168,,,
2026-10-06T00:05:17+00:00,622,554054,Braithwaite,15,43,Man City,Defender,4.0,0.0,0.0,a,,,,,0.2,0.0,0.0,0.0,612,1716,16819,9267,,,
2026-10-06T00:05:17+00:00,628,624777,Allan,15,43,Man City,Midfielder,6.0,0.0,0.0,a,,,,,0.0,0.0,0.0,0.0,238,176,1201,697,,,
2026-10-06T00:05:17+00:00,653,595480,Samba,15,43,Man City,Midfielder,4.5,0.0,0.0,a,,,,,0.0,0.0,0.0,0.0,262,511,3911,2194,,,
2026-10-06T00:05:17+00:00,43,166989,Tielemans,16,1,Man Utd,Midfielder,5.8,0.0,-0.2,a,,2026-07-23T12:01:23.321726Z,100,100,1.5,2.7,2.7,2.7,3405,11332,44852,161956,3,,
2026-10-06T00:05:17+00:00,131,535301,Baleba,16,1,Man Utd,Midfielder,4.9,0.0,-0.1,a,,2026-08-06T16:00:10.997714Z,50,100,0.1,0.0,0.0,0.0,1500,805,6939,14446,,,
2026-10-06T00:05:17+00:00,162,532605,Andrey Santos,16,1,Man Utd,Midfielder,4.8,0.0,-0.2,a,,,,,0.6,0.3,0.3,0.3,1089,5279,22286,73898,,,
2026-10-06T00:05:17+00:00,325,59735,Darlow,16,1,Man Utd,Goalkeeper,4.5,0.0,0.0,d,Unspecified injury - 75% chance of playing,2026-09-21T13:30:08.885505Z,100,75,0.0,0.0,0.0,0.0,64,237,1071,1618,,,
2026-10-06T00:05:17+00:00,412,465247,Lammens,16,1,Man Utd,Goalkeeper,4.9,0.0,-0.1,a,,,,,9.9,2.7,2.7,2.7,7477,52499,99685,690930,,,
2026-10-06T00:05:17+00:00,413,451302,Bayindir,16,1,Man Utd,Goalkeeper,4.5,0.0,0.0,u,Has joined Celta Vigo on loan for the rest of the season,2026-08-10T14:02:28.608415Z,0,0,0.0,0.0,0.0,0.0,0,43,0,1153,,,
2026-10-06T00:05:17+00:00,414,21205,Heaton,16,1,Man Utd,Goalkeeper,4.0,0.0,0.0,i,Hamstring injury - Unknown return date,2026-08-15T16:00:07.854151Z,0,0,0.1,0.0,0.0,0.0,221,298,2139,3585,,,
2026-10-06T00:05:17+00:00,415,596777,Dorgu,16,1,Man Utd,Midfielder,5.8,0.0,-0.2,d,Hamstring injury - 75% chance of playing,2026-09-27T21:30:07.831640Z,,75,0.5,3.0,3.0,2.2,1036,4707,14006,98244,,,
2026-10-06T00:05:17+00:00,416,209365,De Ligt,16,1,Man Utd,Defender,4.9,-0.1,-0.1,i,Back injury - Unknown return date,2026-07-23T12:01:23.690880Z,0,0,0.0,0.0,0.0,0.0,88,141,467,1564,,,
2026-10-06T00:05:17+00:00,417,216051,Dalot,16,1,Man Utd,Defender,4.9,0.0,-0.1,a,,,,,1.6,1.7,1.7,1.7,1459,8078,26238,136573,,,
2026-10-06T00:05:17+00:00,418,95658,Maguire,16,1,Man Utd,Defender,4.8,-0.1,-0.2,a,,,,,8.6,1.7,1.7,1.7,4929,79120,138887,1008811,,,
2026-10-06T00:05:17+00:00,419,221820,Martinez,16,1,Man Utd,Defender,4.9,-0.1,-0.1,a,,2026-07-24T20:00:10.337107Z,100,100,1.3,1.7,1.7,1.7,3963,6823,36889,67676,,,
2026-10-06T00:05:17+00:00,420,550864,Yoro,16,1,Man Utd,Defender,4.8,-0.1,-0.2,a,,,,,0.5,0.3,0.3,0.3,497,2305,5279,36147,,,
2026-10-06T00:05:17+00:00,421,606745,Heaven,16,1,Man Utd,Defender,4.3,-0.1,-0.2,a,,,,,0.3,0.0,0.0,0.0,273,1588,6043,24174,,,
2026-10-06T00:05:17+00:00,422,230001,Mazraoui,16,1,Man Utd,Defender,4.4,0.0,-0.1,d,Back injury - 75% chance of playing,2026-10-04T21:30:08.533022Z,,75,0.5,0.3,0.3,0.2,613,3107,14397,41194,,,
2026-10-06T00:05:17+00:00,423,106760,Shaw,16,1,Man Utd,Defender,4.3,-0.1,-0.2,a,,2026-09-11T13:00:09.030120Z,50,100,7.6,2.0,1.0,2.0,4267,80830,101751,1312759,,,
2026-10-06T00:05:17+00:00,424,577974,Amass,16,1,Man Utd,Defender,4.0,0.0,0.0,a,,,,,0.2,0.0,0.0,0.0,447,838,6349,8868,,,
2026-10-06T00:05:17+00:00,425,547676,Fredricson,16,1,Man Utd,Defender,4.0,0.0,0.0,u,Has joined Lausanne-Sport permanently,2026-08-18T14:12:31.904433Z,0,0,0.0,0.0,0.0,0.0,0,53,0,1321,,,
2026-10-06T00:05:17+00:00,426,141746,B.Fernandes,16,1,Man Utd,Midfielder,11.9,-0.1,-0.1,a,,,,,38.4,2.0,2.0,2.0,51199,209313,662799,1862263,1,,
2026-10-06T00:05:17+00:00,427,446008,Mbeumo,16,1,Man Utd,Midfielder,7.9,0.0,-0.1,a,,,,,20.5,4.0,4.0,4.0,42989,140324,469968,2026823,2,,
2026-10-06T00:05:17+00:00,428,430871,Cunha,16,1,Man Utd,Midfielder,7.9,0.0,-0.1,a,,,,,5.8,5.0,5.0,5.0,25265,23594,99011,511625,,,
2026-10-06T00:05:17+00:00,429,176297,Rashford,16,1,Man Utd,Midfielder,7.0,0.0,0.0,d,Unspecified injury - 75% chance of playing,2026-09-21T10:30:09.221479Z,,75,1.4,2.3,2.3,1.7,4306,19210,85335,130291,,,
2026-10-06T00:05:17+00:00,430,184341,Mount,16,1,Man Utd,Midfielder,5.4,0.0,-0.1,a,,2026-08-15T16:00:07.879135Z,100,100,0.0,0.3,0.3,0.3,200,208,928,1984,,,
2026-10-06T00:05:17+00:00,431,493250,Amad,16,1,Man Utd,Midfielder,5.7,0.0,-0.3,i,Unspecified injury - Unknown return date,2026-08-22T11:00:08.617283Z,0,0,0.3,0.0,0.0,0.0,145,2010,2187,123731,,,
2026-10-06T00:05:17+00:00,432,516895,Mainoo,16,1,Man Utd,Midfielder,5.5,0.0,0.0,d,Unspecified injury - 75% chance of playing,2026-09-21T13:00:09.169862Z,,75,1.6,5.7,5.7,4.3,8023,16626,95117,68903,,,
2026-10-06T00:05:17+00:00,433,232112,Ugarte,16,1,Man Utd,Midfielder,5.0,0.0,0.0,i,Knee injury - Unknown return date,2026-07-23T12:01:23.706702Z,0,0,0.0,0.0,0.0,0.0,25,26,121,266,,,
2026-10-06T00:05:17+00:00,434,547037,J.Fletcher,16,1,Man Utd,Midfielder,4.9,0.0,-0.1,a,,,,,0.0,0.0,0.0,0.0,47,59,327,707,,,
2026-10-06T00:05:17+00:00,435,576628,Lacey,16,1,Man Utd,Midfielder,4.9,0.0,-0.1,a,,,,,0.1,0.0,0.0,0.0,396,382,1749,3347,,,
2026-10-06T00:05:17+00:00,436,490881,Collyer,16,1,Man Utd,Midfielder,5.0,0.0,0.0,u,Has joined West Brom permanently,2026-09-01T13:16:48.584385Z,0,0,0.0,0.0,0.0,0.0,0,49,150,1056,,,
2026-10-06T00:05:17+00:00,437,576620,Bendito Mantato,16,1,Man Utd,Midfielder,4.4,-0.1,-0.1,a,,,,,0.2,0.0,0.0,0.0,502,939,5166,9720,,,
2026-10-06T00:05:17+00:00,438,519913,Fletcher,16,1,Man Utd,Midfielder,4.4,0.0,-0.1,a,,,,,0.3,0.0,0.0,0.0,2656,2259,10725,17028,,,
2026-10-06T00:05:17+00:00,439,485711,Šeško,16,1,Man Utd,Forward,7.0,0.0,0.0,d,Shin injury - 75% chance of playing,2026-09-20T19:30:08.505755Z,100,75,1.6,2.0,2.0,1.5,6744,25790,104183,135463,,,
2026-10-06T00:05:17+00:00,440,458249,Zirkzee,16,1,Man Utd,Forward,5.3,-0.1,-0.2,a,,,,,0.4,0.7,0.7,0.7,2143,3325,16023,43878,,,
2026-10-06T00:05:17+00:00,441,596047,Obi,16,1,Man Utd,Forward,4.5,0.0,0.0,u,Has joined Willem II on loan for the rest of the season,2026-09-14T16:12:42.090874Z,0,0,0.9,0.0,0.0,0.0,0,11917,45543,74859,,,
2026-10-06T00:05:17+00:00,405,465694,N.Gonzalez,17,4,Newcastle,Midfielder,5.5,0.0,0.0,a,,2026-09-14T21:30:07.343728Z,0,100,0.2,0.5,0.0,0.5,691,1911,18154,17080,,,
2026-10-06T00:05:17+00:00,442,98747,Pope,17,4,Newcastle,Goalkeeper,4.9,0.0,-0.1,a,,,,,0.9,0.0,0.0,0.0,935,3347,13428,54070,,,
2026-10-06T00:05:17+00:00,443,81441,Gillespie,17,4,Newcastle,Goalkeeper,4.5,0.0,0.0,a,,,,,0.0,0.0,0.0,0.0,46,91,771,1211,,,
2026-10-06T00:05:17+00:00,444,554578,Jaouen,17,4,Newcastle,Goalkeeper,4.4,-0.1,-0.1,d,Ankle injury - 50% chance of playing,2026-09-10T16:00:09.127466Z,50,50,0.0,0.0,0.0,0.0,20,132,453,1537,,,
2026-10-06T00:05:17+00:00,445,465642,Thiaw,17,4,Newcastle,Defender,5.0,0.0,0.0,a,,,,,2.2,3.0,3.0,3.0,9810,11094,179111,124105,,,
2026-10-06T00:05:17+00:00,446,119471,Schär,17,4,Newcastle,Defender,4.9,0.0,-0.1,a,,2026-08-15T16:30:07.209742Z,100,100,0.2,0.5,0.5,0.5,617,973,7128,13919,,,
2026-10-06T00:05:17+00:00,447,220237,Botman,17,4,Newcastle,Defender,5.0,0.0,0.0,a,,,,,0.7,3.0,3.0,3.0,5371,3371,48045,28665,,,
2026-10-06T00:05:17+00:00,448,78916,Burn,17,4,Newcastle,Defender,4.8,-0.1,-0.2,i,Ankle injury - Expected back 12 Oct,2026-08-23T18:00:08.367241Z,0,0,0.7,0.0,0.0,0.0,124,6261,7339,161169,,,
2026-10-06T00:05:17+00:00,449,487838,Hall,17,4,Newcastle,Defender,5.3,0.1,0.3,a,,,,,17.5,6.5,6.5,6.5,266947,24227,1680449,352060,,,
2026-10-06T00:05:17+00:00,450,441191,Livramento,17,4,Newcastle,Defender,4.9,0.0,-0.1,d,Unspecified injury - 75% chance of playing,2026-09-19T14:00:09.046677Z,100,75,0.1,1.5,1.5,1.1,460,1612,10256,6052,,,
2026-10-06T00:05:17+00:00,451,545477,A.Murphy,17,4,Newcastle,Defender,4.0,0.0,0.0,u,Has joined FC Kaiserslautern on loan for the rest of the season,2026-08-12T14:05:29.224600Z,0,0,0.1,0.0,0.0,0.0,0,315,0,6966,,,
2026-10-06T00:05:17+00:00,453,201666,Barnes,17,4,Newcastle,Midfielder,6.1,0.1,0.1,a,,,,,5.9,5.5,5.5,5.5,177159,25380,648262,157288,,,
2026-10-06T00:05:17+00:00,454,449434,Elanga,17,4,Newcastle,Midfielder,6.1,-0.1,0.1,i,Unspecified injury - Unknown return date,2026-09-14T20:00:09.505598Z,0,0,4.4,0.0,0.0,0.0,352,174874,1286189,1094835,,,
2026-10-06T00:05:17+00:00,456,232653,J.Ramsey,17,4,Newcastle,Midfielder,4.8,-0.1,-0.2,i,Thigh injury - Unknown return date,2026-09-15T09:00:08.191022Z,0,0,0.2,0.0,0.0,0.0,79,5008,16625,31211,,,
2026-10-06T00:05:17+00:00,457,114243,J.Murphy,17,4,Newcastle,Midfielder,5.9,0.0,-0.1,a,,,,,0.1,0.5,0.5,0.5,1044,863,6147,11042,,,
2026-10-06T00:05:17+00:00,458,180974,Joelinton,17,4,Newcastle,Midfielder,5.4,0.0,-0.1,i,Unspecified injury - Unknown return date,2026-08-16T08:00:08.074045Z,0,0,0.0,0.0,0.0,0.0,21,90,232,2252,,,
2026-10-06T00:05:17+00:00,459,547719,L.Miley,17,4,Newcastle,Midfielder,5.5,0.0,0.0,d,Unspecified injury - 75% chance of playing,2026-10-01T15:30:10.335504Z,100,75,0.1,2.0,2.0,1.5,495,585,6359,5592,,,
2026-10-06T00:05:17+00:00,460,200089,Willock,17,4,Newcastle,Midfielder,5.0,0.0,0.0,a,,,,,0.6,5.5,5.5,5.5,10506,3089,65326,31074,,,
2026-10-06T00:05:17+00:00,461,611665,Touré,17,4,Newcastle,Midfielder,5.8,0.0,-0.2,a,,,,,0.1,3.5,3.5,3.5,363,920,3746,16527,,,
2026-10-06T00:05:17+00:00,462,636852,Steur,17,4,Newcastle,Midfielder,4.9,0.0,-0.1,a,,,,,0.1,2.5,2.5,2.5,284,420,2440,6217,,,
2026-10-06T00:05:17+00:00,463,470313,Woltemade,17,4,Newcastle,Forward,5.9,0.0,-0.1,u,Has joined Juventus on loan for the rest of the season,2026-09-02T16:07:16.549304Z,0,0,0.5,0.0,0.0,0.0,0,3970,14520,142405,,,
2026-10-06T00:05:17+00:00,464,216646,Wissa,17,4,Newcastle,Forward,6.2,0.0,0.2,a,,,,,18.7,1.0,1.0,1.0,98473,149797,2293985,736807,2,,
2026-10-06T00:05:17+00:00,465,538207,Osula,17,4,Newcastle,Forward,5.8,-0.1,-0.2,i,Foot injury - Unknown return date,2026-08-25T19:00:08.004915Z,0,0,0.3,0.0,0.0,0.0,138,2601,21461,86906,1,,
2026-10-06T00:05:17+00:00,466,599303,Neave,17,4,Newcastle,Forward,4.5,0.0,0.0,u,Has joined Wolves on loan for the rest of the season,2026-09-04T12:37:43.515176Z,0,0,0.5,0.0,0.0,0.0,0,4142,23805,52764,,,
2026-10-06T00:05:17+00:00,559,632794,Bamba,17,4,Newcastle,Midfielder,4.9,0.0,-0.1,a,,,,,0.1,1.0,1.0,1.0,132,524,2572,7608,,,
2026-10-06T00:05:17+00:00,567,470551,Horníček,17,4,Newcastle,Goalkeeper,5.0,0.0,0.0,a,,,,,1.5,2.0,2.0,2.0,7796,5596,152446,72149,,,
2026-10-06T00:05:17+00:00,593,463726,Dedić,17,4,Newcastle,Defender,4.5,0.0,0.0,i,Unspecified injury - Unknown return date,2026-09-17T14:30:09.823731Z,0,0,1.8,0.0,0.0,0.0,282,40181,447904,310231,,,
2026-10-06T00:05:17+00:00,609,553746,Shahar,17,4,Newcastle,Defender,4.0,0.0,0.0,u,has joined Arouca on loan for the rest of the seaon.,2026-09-11T14:41:57.406766Z,0,0,0.2,0.0,0.0,0.0,0,1947,18236,15845,,,
2026-10-06T00:05:17+00:00,634,613221,Fernandez-Pardo,17,4,Newcastle,Forward,6.0,0.0,0.0,a,,,,,0.1,1.5,1.5,1.5,2303,1535,17374,6435,,,
2026-10-06T00:05:17+00:00,659,665243,Miley,17,4,Newcastle,Midfielder,4.5,0.0,0.0,a,,,,,0.0,0.0,0.0,0.0,1491,673,4929,1275,,,
2026-10-06T00:05:17+00:00,663,578512,Pivas,17,4,Newcastle,Defender,4.0,0.0,0.0,a,,,,,0.0,0.0,1.1,1.1,426,67,426,67,,,
2026-10-06T00:05:17+00:00,664,601767,Salia,17,4,Newcastle,Forward,4.5,0.0,0.0,a,,,,,0.1,0.0,1.0,1.0,10553,1786,10553,1786,,,
2026-10-06T00:05:17+00:00,665,655585,Mills,17,4,Newcastle,Midfielder,4.5,0.0,0.0,a,,,,,0.0,0.0,1.1,1.1,170,33,170,33,,,
2026-10-06T00:05:17+00:00,666,671875,Thompson,17,4,Newcastle,Midfielder,4.5,0.0,0.0,a,,,,,0.0,0.0,1.1,1.1,249,37,249,37,,,
2026-10-06T00:05:17+00:00,167,463034,Delap,18,17,Nott'm Forest,Forward,5.6,0.1,0.1,a,,,,,2.7,3.0,3.0,3.0,26167,30770,313343,84342,3,,
2026-10-06T00:05:17+00:00,201,247348,Muñoz,18,17,Nott'm Forest,Defender,5.4,0.0,-0.1,a,,,,,5.7,2.0,2.0,2.0,8555,32258,159113,486434,,,
2026-10-06T00:05:17+00:00,467,85633,Sels,18,17,Nott'm Forest,Goalkeeper,5.0,0.0,0.0,a,,,,,1.6,2.5,2.5,2.5,2220,6670,68473,62732,,,
2026-10-06T00:05:17+00:00,468,221389,John,18,17,Nott'm Forest,Goalkeeper,4.5,0.0,0.0,a,,,,,0.1,0.0,0.0,0.0,67,166,874,2026,,,
2026-10-06T00:05:17+00:00,469,215136,N.Williams,18,17,Nott'm Forest,Defender,5.0,0.0,0.0,a,,,,,8.7,2.0,2.0,2.0,12243,50791,326729,356049,,,
2026-10-06T00:05:17+00:00,470,485047,Morato,18,17,Nott'm Forest,Defender,5.0,0.0,0.0,u,Has joined West Ham on loan for the rest of the season,2026-09-02T16:19:54.503286Z,0,0,0.0,0.0,0.0,0.0,0,124,424,3704,,,
2026-10-06T00:05:17+00:00,471,227444,Milenković,18,17,Nott'm Forest,Defender,5.4,-0.1,-0.1,i,Hamstring injury - Expected back 11 Oct,2026-09-12T14:00:09.705107Z,0,0,1.0,0.0,0.0,0.0,69,13055,18001,108212,,,
2026-10-06T00:05:17+00:00,472,575476,Murillo,18,17,Nott'm Forest,Defender,5.5,0.0,0.0,a,,2026-07-23T12:01:23.801183Z,100,100,2.1,5.0,5.0,5.0,9475,8952,104972,62213,,,
2026-10-06T00:05:17+00:00,473,159506,Aina,18,17,Nott'm Forest,Defender,4.4,-0.1,-0.1,a,,,,,2.4,1.0,1.0,1.0,1154,21737,69267,171524,,,
2026-10-06T00:05:17+00:00,474,575458,Jair Cunha,18,17,Nott'm Forest,Defender,4.5,0.0,0.0,a,,2026-09-12T14:00:09.724349Z,75,100,0.2,0.5,0.4,0.5,292,683,9798,13209,,,
2026-10-06T00:05:17+00:00,475,500151,Savona,18,17,Nott'm Forest,Defender,4.5,0.0,0.0,i,Knee injury - Unknown return date,2026-07-23T12:01:23.816304Z,0,0,0.0,0.0,0.0,0.0,21,20,241,278,,,
2026-10-06T00:05:17+00:00,476,204822,O.Richards,18,17,Nott'm Forest,Defender,4.0,0.0,0.0,a,,,,,0.2,0.0,0.0,0.0,328,789,4028,8340,,,
2026-10-06T00:05:17+00:00,477,549067,Abbott,18,17,Nott'm Forest,Defender,4.0,0.0,0.0,u,Has joined Southampton on loan for the rest of the season,2026-09-02T16:19:54.536676Z,0,0,0.1,0.0,0.0,0.0,0,890,2459,13963,,,
2026-10-06T00:05:17+00:00,478,470315,Netz,18,17,Nott'm Forest,Defender,4.4,0.0,-0.1,a,,,,,0.0,0.5,0.5,0.5,61,126,691,1597,,,
2026-10-06T00:05:17+00:00,479,538638,Bindon,18,17,Nott'm Forest,Defender,4.0,0.0,0.0,u,Has joined Charlton Athletic on loan for the rest of the season,2026-09-01T13:16:05.383880Z,0,0,0.1,0.0,0.0,0.0,0,568,799,8698,,,
2026-10-06T00:05:17+00:00,480,222531,Gibbs-White,18,17,Nott'm Forest,Midfielder,8.0,0.0,0.0,a,,2026-08-24T15:30:08.350159Z,100,100,15.7,5.0,5.0,5.0,73625,92756,1217307,675450,1,,
2026-10-06T00:05:17+00:00,482,209046,Hudson-Odoi,18,17,Nott'm Forest,Midfielder,5.8,0.0,-0.2,a,,2026-07-23T12:01:23.832709Z,100,100,0.1,0.0,0.0,0.0,292,1229,5303,17629,,,
2026-10-06T00:05:17+00:00,483,456512,Ndoye,18,17,Nott'm Forest,Midfielder,5.5,0.0,0.0,a,,,,,0.7,1.0,1.0,1.0,838,8617,72434,49780,,,
2026-10-06T00:05:17+00:00,484,503301,Hutchinson,18,17,Nott'm Forest,Midfielder,5.4,0.0,-0.1,u,Has joined AC Milan on loan for the rest of the season,2026-09-01T13:23:52.340206Z,0,0,0.1,0.0,0.0,0.0,0,400,427,11028,,,
2026-10-06T00:05:17+00:00,485,476887,Bakwa,18,17,Nott'm Forest,Midfielder,5.5,0.0,0.0,u,Has joined Lille on loan for the rest of the season,2026-08-27T14:53:03.381941Z,0,0,0.0,0.0,0.0,0.0,0,37,107,1179,,,
2026-10-06T00:05:17+00:00,486,432714,McAtee,18,17,Nott'm Forest,Midfielder,5.5,0.0,0.0,a,,,,,0.1,2.5,2.5,2.5,381,968,10026,6014,,,
2026-10-06T00:05:17+00:00,487,250199,Dominguez,18,17,Nott'm Forest,Midfielder,4.9,0.0,-0.1,a,,,,,0.1,0.0,0.0,0.0,65,313,1203,4115,,,
2026-10-06T00:05:17+00:00,488,210462,I.Sangaré,18,17,Nott'm Forest,Midfielder,4.8,-0.1,-0.2,a,,2026-08-28T09:30:07.471668Z,100,100,0.4,1.0,1.0,1.0,337,3323,9236,68902,,,
2026-10-06T00:05:17+00:00,489,204968,Yates,18,17,Nott'm Forest,Midfielder,4.5,0.0,0.0,a,,2026-08-17T20:30:08.195072Z,100,100,1.2,0.0,0.0,0.0,640,7815,30286,94170,,,
2026-10-06T00:05:17+00:00,490,60689,Wood,18,17,Nott'm Forest,Forward,5.8,0.0,-0.2,a,,,,,0.9,1.0,1.0,1.0,2228,6884,24807,116731,2,,
2026-10-06T00:05:17+00:00,491,482973,Igor Jesus,18,17,Nott'm Forest,Forward,5.8,0.0,-0.2,a,,,,,2.6,4.0,4.0,4.0,8225,24796,127225,272141,4,,
2026-10-06T00:05:17+00:00,493,465680,Kalimuendo,18,17,Nott'm Forest,Forward,5.4,0.0,-0.1,a,,,,,0.1,0.0,0.0,0.0,251,448,3061,4148,,,
2026-10-06T00:05:17+00:00,558,204561,Schlager,18,17,Nott'm Forest,Midfielder,5.0,0.0,0.0,a,,,,,0.1,2.5,2.5,2.5,235,843,5915,5860,,,
2026-10-06T00:05:17+00:00,581,568420,Diomande,18,17,Nott'm Forest,Defender,5.4,0.0,-0.1,a,,,,,0.5,3.0,3.0,3.0,1654,2421,13776,41886,,,
2026-10-06T00:05:17+00:00,590,428971,Benda,18,17,Nott'm Forest,Goalkeeper,4.5,0.0,0.0,a,,,,,0.1,0.0,0.0,0.0,137,249,2677,2850,,,
2026-10-06T00:05:17+00:00,112,469142,Van Hecke,19,6,Spurs,Defender,4.9,0.0,-0.1,d,Foot injury - 75% chance of playing,2026-09-30T16:00:09.552205Z,,75,6.5,7.0,7.0,5.2,19522,37545,155691,482940,,,
2026-10-06T00:05:17+00:00,147,109646,Tosin,19,6,Spurs,Defender,4.4,0.0,-0.1,a,,,,,0.1,0.5,0.5,0.5,114,594,2006,7946,,,
2026-10-06T00:05:17+00:00,401,438234,Marmoush,19,6,Spurs,Forward,7.0,0.0,0.0,a,,,,,2.1,2.0,2.0,2.0,13486,23310,235965,164443,2,,
2026-10-06T00:05:17+00:00,403,510281,Sávio,19,6,Spurs,Midfielder,6.5,0.0,0.0,a,,2026-08-29T16:30:08.380416Z,100,100,0.6,2.5,2.5,2.5,3277,7567,100189,80330,,,
2026-10-06T00:05:17+00:00,455,432422,Tonali,19,6,Spurs,Midfielder,5.3,-0.1,-0.2,a,,2026-09-14T14:30:07.387706Z,100,100,1.8,2.5,2.5,2.5,2521,16072,48110,270679,,,
2026-10-06T00:05:17+00:00,494,184254,Vicario,19,6,Spurs,Goalkeeper,4.5,0.0,0.0,u,Has joined Juventus on loan for the rest of the season,2026-08-19T13:55:33.193962Z,0,0,0.1,0.0,0.0,0.0,0,758,0,22141,,,
2026-10-06T00:05:17+00:00,495,214572,Austin,19,6,Spurs,Goalkeeper,4.0,0.0,0.0,a,,,,,1.0,0.0,0.0,0.0,2105,2327,29756,22012,,,
2026-10-06T00:05:17+00:00,496,485055,Kinsky,19,6,Spurs,Goalkeeper,4.5,0.0,0.0,a,,,,,17.2,4.5,4.5,4.5,20902,119885,350056,802112,,,
2026-10-06T00:05:17+00:00,497,67089,Dubravka,19,6,Spurs,Goalkeeper,4.0,0.0,0.0,a,,,,,17.1,0.0,0.0,0.0,29946,52566,400585,445216,,,
2026-10-06T00:05:17+00:00,498,221466,Senesi,19,6,Spurs,Defender,5.8,0.0,-0.2,a,,,,,3.5,0.0,0.0,0.0,1309,22862,29453,459325,,,
2026-10-06T00:05:17+00:00,499,441164,Pedro Porro,19,6,Spurs,Defender,5.4,0.0,-0.1,d,Hamstring injury - 75% chance of playing,2026-09-19T12:00:08.823872Z,100,75,7.5,0.5,0.5,0.4,1772,80679,124546,998427,,,
2026-10-06T00:05:17+00:00,500,221632,Romero,19,6,Spurs,Defender,5.0,0.0,0.0,u,Has joined Atletico Madrid permanently,2026-08-17T13:49:05.465401Z,0,0,0.1,0.0,0.0,0.0,0,313,0,16827,,,
2026-10-06T00:05:17+00:00,502,122798,Robertson,19,6,Spurs,Defender,4.4,0.0,-0.1,a,,,,,2.5,5.5,5.5,5.5,6397,14155,68069,184831,,,
2026-10-06T00:05:17+00:00,503,491279,Van de Ven,19,6,Spurs,Defender,5.0,0.0,0.0,a,,2026-08-21T15:00:07.610517Z,100,100,3.8,3.5,3.5,3.5,6731,21395,95187,268636,,,
2026-10-06T00:05:17+00:00,505,232859,Spence,19,6,Spurs,Defender,4.5,0.0,0.0,u,Has joined Internazionale permanently,2026-08-18T14:13:08.454214Z,0,0,0.2,0.0,0.0,0.0,0,1297,0,69383,,,
2026-10-06T00:05:17+00:00,506,487053,Udogie,19,6,Spurs,Defender,4.4,0.0,-0.1,a,,2026-09-11T18:00:09.092110Z,100,100,0.3,0.0,0.0,0.0,363,1738,5602,22568,,,
2026-10-06T00:05:17+00:00,507,548308,Phillips,19,6,Spurs,Defender,4.5,0.0,0.0,u,Has joined Middlesbrough permanently,2026-08-18T14:13:08.474144Z,0,0,0.0,0.0,0.0,0.0,0,55,0,1270,,,
2026-10-06T00:05:17+00:00,508,115556,Davies,19,6,Spurs,Defender,3.9,-0.1,-0.1,a,,,,,0.9,0.0,0.0,0.0,8057,4285,19853,41728,,,
2026-10-06T00:05:17+00:00,509,640419,Byfield,19,6,Spurs,Defender,4.0,0.0,0.0,a,,,,,0.1,0.0,0.0,0.0,130,258,2345,2602,,,
2026-10-06T00:05:17+00:00,510,499716,Rowswell,19,6,Spurs,Defender,4.0,0.0,0.0,a,,,,,0.1,0.0,0.0,0.0,173,363,2902,3491,,,
2026-10-06T00:05:17+00:00,511,616221,Souza,19,6,Spurs,Defender,4.0,0.0,0.0,u,Has joined FC Porto on loan for the rest of the season,2026-09-01T13:24:26.858636Z,0,0,0.2,0.0,0.0,0.0,0,946,2555,16932,,,
2026-10-06T00:05:17+00:00,512,460842,Kudus,19,6,Spurs,Midfielder,6.5,0.0,0.0,a,,2026-07-23T12:01:23.848657Z,100,100,0.2,2.5,2.5,2.5,2543,1278,13337,11233,3,,
2026-10-06T00:05:17+00:00,513,493362,Xavi,19,6,Spurs,Midfielder,5.9,0.0,-0.1,i,Knee injury - Unknown return date,2026-07-23T12:01:23.864304Z,0,0,0.0,0.0,0.0,0.0,59,86,351,1127,4,,
2026-10-06T00:05:17+00:00,514,511499,Tel,19,6,Spurs,Midfielder,5.7,-0.1,-0.3,a,,,,,0.2,0.5,0.5,0.5,214,2089,9146,46906,,,
2026-10-06T00:05:17+00:00,515,172780,Maddison,19,6,Spurs,Midfielder,6.3,0.0,-0.2,a,,2026-08-25T14:30:07.623508Z,100,100,0.4,1.0,1.0,1.0,845,2112,5894,96365,,,
2026-10-06T00:05:17+00:00,516,202993,Bentancur,19,6,Spurs,Midfielder,5.5,0.0,0.0,a,,,,,0.2,3.5,3.5,3.5,444,820,5208,8477,,,
2026-10-06T00:05:17+00:00,517,550839,Odobert,19,6,Spurs,Midfielder,5.5,0.0,0.0,i,Knee injury - Unknown return date,2026-07-23T12:01:23.879434Z,0,0,0.0,0.0,0.0,0.0,31,15,133,110,,,
2026-10-06T00:05:17+00:00,518,482442,P.M.Sarr,19,6,Spurs,Midfielder,4.9,0.0,-0.1,u,Has joined Juventus on loan for the rest of the season,2026-09-02T16:02:43.386849Z,0,0,0.1,0.0,0.0,0.0,0,724,4138,23791,,,
2026-10-06T00:05:17+00:00,519,232787,Gallagher,19,6,Spurs,Midfielder,5.3,0.0,-0.2,a,,,,,0.2,3.0,3.0,3.0,862,716,4718,17104,,,
2026-10-06T00:05:17+00:00,520,570526,Bergvall,19,6,Spurs,Midfielder,5.3,-0.1,-0.2,a,,,,,0.1,1.0,1.0,1.0,115,663,1895,9596,,,
2026-10-06T00:05:17+00:00,521,445044,Kulusevski,19,6,Spurs,Midfielder,6.5,0.0,0.0,i,Knee injury - Unknown return date,2026-07-23T12:01:23.895175Z,0,0,0.0,0.0,0.0,0.0,109,79,415,744,,,
2026-10-06T00:05:17+00:00,522,547701,Gray,19,6,Spurs,Midfielder,4.9,0.0,-0.1,a,,,,,0.2,2.5,2.5,2.5,503,1303,6880,13474,,,
2026-10-06T00:05:17+00:00,523,499721,Moore,19,6,Spurs,Midfielder,5.0,0.0,0.0,u,Has joined FC Köln on loan for the rest of the season,2026-09-04T12:39:48.098158Z,0,0,0.1,0.0,0.0,0.0,0,575,3258,17060,,,
2026-10-06T00:05:17+00:00,524,499726,Olusesi,19,6,Spurs,Midfielder,4.4,0.0,-0.1,a,,,,,1.0,0.0,0.0,0.0,6220,7983,55836,49828,,,
2026-10-06T00:05:17+00:00,525,551226,Fernandes,19,6,Spurs,Midfielder,5.7,-0.1,-0.3,a,,,,,0.8,2.0,2.0,2.0,516,7099,14497,125186,,,
2026-10-06T00:05:17+00:00,526,154566,Solanke,19,6,Spurs,Forward,5.8,0.0,-0.2,a,,,,,0.8,2.0,2.0,2.0,2216,6136,29763,95187,1,,
2026-10-06T00:05:17+00:00,527,212319,Richarlison,19,6,Spurs,Forward,5.9,0.0,-0.1,u,not included in squad.,2026-09-04T12:32:39.183614Z,0,0,0.6,0.0,0.0,0.0,0,6230,21439,268713,,,
2026-10-06T00:05:17+00:00,528,490145,Scarlett,19,6,Spurs,Forward,4.5,0.0,0.0,u,Has joined Leyton Orient permanently,2026-09-02T16:02:43.413625Z,0,0,1.1,0.0,0.0,0.0,0,8569,42525,110136,,,
2026-10-06T00:05:17+00:00,578,465920,Mudryk,19,6,Spurs,Midfielder,5.3,-0.1,-0.2,i,Ankle injury - Unknown return date,2026-09-11T18:00:09.154412Z,0,0,0.0,0.0,0.0,0.0,23,592,5443,7640,,,
2026-10-06T00:05:17+00:00,601,611917,Williams-Barnett,19,6,Spurs,Midfielder,4.5,0.0,0.0,a,,,,,0.1,0.0,0.0,0.0,177,793,10259,7076,,,
2026-10-06T00:05:17+00:00,501,135720,Danso,20,56,Sunderland,Defender,5.0,0.0,0.0,a,,,,,0.2,0.5,0.5,0.5,1257,901,6682,9938,,,
2026-10-06T00:05:17+00:00,529,498016,Roefs,20,56,Sunderland,Goalkeeper,4.9,0.0,-0.1,a,,,,,2.4,1.0,1.0,1.0,2215,12652,22064,178777,,,
2026-10-06T00:05:17+00:00,530,232571,Patterson,20,56,Sunderland,Goalkeeper,4.0,0.0,0.0,u,Has joined Wrexham permanently,2026-08-12T14:08:03.064533Z,0,0,0.1,0.0,0.0,0.0,0,385,0,6037,,,
2026-10-06T00:05:17+00:00,531,515046,Ellborg,20,56,Sunderland,Goalkeeper,4.4,-0.1,-0.1,a,,,,,0.1,0.0,0.0,0.0,148,274,1187,3355,,,
2026-10-06T00:05:17+00:00,532,223827,Ballard,20,56,Sunderland,Defender,4.9,0.0,-0.1,d,Hamstring injury - 75% chance of playing,2026-09-25T21:30:10.370384Z,,75,2.5,1.0,1.0,0.8,3660,19632,45559,320200,,,
2026-10-06T00:05:17+00:00,533,200834,Mukiele,20,56,Sunderland,Defender,5.4,0.0,-0.1,a,,2026-08-09T08:30:05.954750Z,100,100,1.9,0.0,0.0,0.0,5574,9513,44905,130618,,,
2026-10-06T00:05:17+00:00,534,487676,Hume,20,56,Sunderland,Defender,4.3,-0.1,-0.2,a,,,,,2.8,0.5,0.5,0.5,1310,31907,37936,399582,,,
2026-10-06T00:05:17+00:00,535,201895,Alderete,20,56,Sunderland,Defender,4.8,-0.1,-0.2,a,,2026-08-09T08:30:05.962393Z,100,100,0.2,0.0,0.0,0.0,242,1150,4996,27426,,,
2026-10-06T00:05:17+00:00,536,434399,Reinildo,20,56,Sunderland,Defender,4.4,-0.1,-0.1,a,,2026-09-12T21:30:09.421687Z,0,100,0.3,-1.0,0.0,-1.0,239,1643,4102,24443,,,
2026-10-06T00:05:17+00:00,537,519634,Seelt,20,56,Sunderland,Defender,4.5,0.0,0.0,u,Has joined Swansea City on loan for the rest of the season,2026-08-29T00:34:52.425076Z,0,0,0.0,0.0,0.0,0.0,0,23,61,665,,,
2026-10-06T00:05:17+00:00,538,477547,Hjelde,20,56,Sunderland,Defender,4.0,0.0,0.0,u,Has joined KV Mechelen on loan for the rest of the season,2026-08-12T14:08:03.081789Z,0,0,0.0,0.0,0.0,0.0,0,166,0,2537,,,
2026-10-06T00:05:17+00:00,539,167512,O'Nien,20,56,Sunderland,Defender,3.9,-0.1,-0.1,a,,,,,2.5,0.0,0.0,0.0,19048,12747,33791,122647,,,
2026-10-06T00:05:17+00:00,540,105717,Masuaku,20,56,Sunderland,Defender,4.0,0.0,0.0,u,Has joined Konyaspor permanently,2026-08-12T14:08:03.097784Z,0,0,0.1,0.0,0.0,0.0,0,675,0,11608,,,
2026-10-06T00:05:17+00:00,541,93605,Meunier,20,56,Sunderland,Defender,4.5,0.0,0.0,a,,2026-08-16T08:30:07.830062Z,100,100,0.3,2.5,2.5,2.5,1818,995,7219,9747,,,
2026-10-06T00:05:17+00:00,542,484420,E.Le Fée,20,56,Sunderland,Midfielder,5.7,-0.1,-0.3,a,,,,,3.3,2.5,2.5,2.5,12571,26232,46143,652807,2,,
2026-10-06T00:05:17+00:00,543,547027,Diarra,20,56,Sunderland,Midfielder,5.3,-0.1,-0.2,i,Hamstring injury - Unknown return date,2026-08-30T16:30:08.428960Z,0,0,0.0,0.0,0.0,0.0,20,256,558,5939,1,,
2026-10-06T00:05:17+00:00,544,84450,Xhaka,20,56,Sunderland,Midfielder,5.5,0.0,0.0,a,,,,,3.6,1.5,1.5,1.5,6773,24856,131305,209945,,,
2026-10-06T00:05:17+00:00,545,577669,Sadiki,20,56,Sunderland,Midfielder,4.9,0.0,-0.1,a,,,,,0.2,2.0,2.0,2.0,434,1455,5747,18480,,,
2026-10-06T00:05:17+00:00,546,535818,Adingra,20,56,Sunderland,Midfielder,4.9,0.0,-0.1,u,Has joined Ajax on loan for the rest of the season,2026-08-20T14:00:08.416985Z,0,0,0.0,0.0,0.0,0.0,0,200,240,7428,,,
2026-10-06T00:05:17+00:00,547,461199,Mundle,20,56,Sunderland,Midfielder,4.9,0.0,-0.1,i,Knee injury - Unknown return date,2026-09-09T14:00:08.462705Z,0,0,0.0,0.0,0.0,0.0,11,56,202,674,,,
2026-10-06T00:05:17+00:00,548,554197,Rigg,20,56,Sunderland,Midfielder,4.9,0.0,-0.1,a,,,,,0.0,0.0,0.0,0.0,35,248,472,2868,,,
2026-10-06T00:05:17+00:00,549,549912,Talbi,20,56,Sunderland,Midfielder,5.3,0.0,-0.2,a,,,,,0.1,0.0,0.0,0.0,119,599,1352,11819,,,
2026-10-06T00:05:17+00:00,550,699989,Jocelin.T,20,56,Sunderland,Midfielder,5.0,0.0,0.0,a,,,,,0.0,0.0,0.0,0.0,43,45,317,426,,,
2026-10-06T00:05:17+00:00,551,536661,N.Angulo,20,56,Sunderland,Midfielder,5.0,0.0,0.0,a,,,,,0.1,3.0,3.0,3.0,553,837,12832,10625,,,
2026-10-06T00:05:17+00:00,552,441264,Brobbey,20,56,Sunderland,Forward,5.7,-0.1,-0.3,d,Hamstring injury - 75% chance of playing,2026-09-24T21:30:10.382142Z,,75,6.9,9.0,9.0,6.8,198185,53826,289643,939998,,,
2026-10-06T00:05:17+00:00,553,437505,Isidor,20,56,Sunderland,Forward,5.5,0.0,0.0,a,,,,,1.3,1.0,1.0,1.0,3825,12272,96127,87426,,,
2026-10-06T00:05:17+00:00,612,638411,Methalie,20,56,Sunderland,Defender,4.5,0.0,0.0,a,,2026-08-28T13:00:08.950445Z,100,100,0.0,-0.5,-0.5,-0.5,129,75,918,501,,,
2026-10-06T00:05:17+00:00,613,696104,Ahoka,20,56,Sunderland,Midfielder,4.5,0.0,0.0,a,,,,,0.2,0.0,0.0,0.0,627,1693,25422,14391,,,
2026-10-06T00:05:17+00:00,646,549940,Fofana,20,56,Sunderland,Midfielder,5.5,0.0,0.0,a,,,,,0.0,1.0,1.0,1.0,352,317,4088,1745,,,
2026-10-06T00:05:17+00:00,651,661313,J.Angulo,20,56,Sunderland,Forward,4.5,0.0,0.0,a,,,,,0.7,0.0,0.0,0.0,9529,7678,91397,30693,,,
