observed_at,player_id,player_code,web_name,team_id,team_code,team_name,position,price,price_change_gameweek,price_change_season,status,news,news_added,chance_of_playing_this_round,chance_of_playing_next_round,selected_by_percent,form,expected_points_this_gameweek,expected_points_next_gameweek,transfers_in_event,transfers_out_event,transfers_in_season,transfers_out_season,penalties_order,direct_free_kicks_order,corners_and_indirect_free_kicks_order
2026-09-17T04:55:50+00:00,1,154561,Raya,1,3,Arsenal,Goalkeeper,6.0,0.0,0.0,a,,,,,40.8,7.2,7.2,7.2,192116,37445,752917,562821,,,
2026-09-17T04:55:50+00:00,2,109745,Arrizabalaga,1,3,Arsenal,Goalkeeper,4.9,0.0,-0.1,a,,,,,0.1,0.0,0.0,0.0,129,416,1325,3870,,,
2026-09-17T04:55:50+00:00,3,437495,Meslier,1,3,Arsenal,Goalkeeper,4.9,0.0,-0.1,a,,,,,0.0,0.0,0.0,0.0,57,152,438,1411,,,
2026-09-17T04:55:50+00:00,4,226597,Gabriel,1,3,Arsenal,Defender,8.0,0.0,0.0,a,,,,,23.4,6.0,6.0,6.0,31858,73188,194068,797267,,,
2026-09-17T04:55:50+00:00,5,445122,J.Timber,1,3,Arsenal,Defender,6.5,0.0,0.0,a,,2026-07-23T12:01:23.272929Z,25,100,0.2,0.2,0.1,0.2,13153,2320,14721,9255,,,
2026-09-17T04:55:50+00:00,6,462424,Saliba,1,3,Arsenal,Defender,5.9,0.0,-0.1,i,Back injury - Unknown return date,2026-07-23T12:01:23.289376Z,0,0,0.2,0.0,0.0,0.0,333,1612,3016,17161,,,
2026-09-17T04:55:50+00:00,7,499169,Lewis-Skelly,1,3,Arsenal,Midfielder,5.5,0.0,0.0,a,,,,,0.6,2.2,2.2,2.2,2369,7713,27819,41374,,,
2026-09-17T04:55:50+00:00,8,466075,Calafiori,1,3,Arsenal,Defender,5.8,0.0,0.3,a,,,,,50.2,7.0,7.0,7.0,182480,47719,1495588,302623,,,
2026-09-17T04:55:50+00:00,9,448104,Hincapie,1,3,Arsenal,Defender,5.3,0.0,-0.2,a,,,,,0.9,0.5,0.5,0.5,1940,11964,14200,108027,,,
2026-09-17T04:55:50+00:00,10,198869,White,1,3,Arsenal,Defender,5.5,0.0,0.0,d,Muscular injury - 75% chance of playing,2026-09-15T19:30:09.494382Z,100,75,6.3,5.2,5.2,3.9,17617,146993,449208,406380,,,
2026-09-17T04:55:50+00:00,11,500040,Mosquera,1,3,Arsenal,Defender,5.3,-0.1,-0.2,d,Muscular injury - 50% chance of playing,2026-09-04T14:00:08.080310Z,50,50,1.9,3.0,1.5,1.5,138,59476,29827,436328,,,
2026-09-17T04:55:50+00:00,12,223340,Saka,1,3,Arsenal,Midfielder,9.5,0.0,0.0,a,,,,,12.4,7.5,7.5,7.5,123000,39083,581376,324005,1,,
2026-09-17T04:55:50+00:00,13,204480,Rice,1,3,Arsenal,Midfielder,7.4,0.0,-0.1,a,,,,,12.6,4.8,4.8,4.8,19723,55227,102884,614396,,,
2026-09-17T04:55:50+00:00,14,232413,Eze,1,3,Arsenal,Midfielder,6.3,0.0,-0.2,a,,,,,1.1,0.8,0.8,0.8,2250,13069,20143,127872,,,
2026-09-17T04:55:50+00:00,15,184029,Ødegaard,1,3,Arsenal,Midfielder,6.7,0.0,0.2,a,,,,,19.5,6.8,6.8,6.8,215950,79931,1445394,407352,3,,
2026-09-17T04:55:50+00:00,16,248857,Madueke,1,3,Arsenal,Midfielder,6.2,-0.1,-0.3,a,,,,,0.2,0.5,0.5,0.5,799,2734,4886,23518,,,
2026-09-17T04:55:50+00:00,17,195384,Merino,1,3,Arsenal,Midfielder,5.8,0.0,-0.2,a,,,,,0.4,0.8,0.8,0.8,1001,4931,8393,43907,,,
2026-09-17T04:55:50+00:00,18,444145,Martinelli,1,3,Arsenal,Midfielder,6.3,0.0,-0.2,u,Has joined Al Hilal permanently,2026-09-04T12:34:46.738449Z,0,0,0.1,0.0,0.0,0.0,0,1169,2483,20971,,,
2026-09-17T04:55:50+00:00,19,481655,Zubimendi,1,3,Arsenal,Midfielder,5.3,-0.1,-0.2,a,,,,,0.6,1.0,1.0,1.0,1125,6605,7696,60186,,,
2026-09-17T04:55:50+00:00,20,616077,Dowman,1,3,Arsenal,Midfielder,5.3,0.0,-0.2,a,,,,,0.1,0.0,0.0,0.0,639,819,2349,6488,,,
2026-09-17T04:55:50+00:00,22,499175,Nwaneri,1,3,Arsenal,Midfielder,5.4,0.0,-0.1,u,Has joined Borussia Dortmund on loan for the rest of the season,2026-09-02T16:01:07.058827Z,0,0,0.0,0.0,0.0,0.0,0,89,233,1173,,,
2026-09-17T04:55:50+00:00,23,438098,Fábio Vieira,1,3,Arsenal,Midfielder,5.5,0.0,0.0,u,Has joined Hamburger SV permanently,2026-09-02T16:00:28.446370Z,0,0,0.0,0.0,0.0,0.0,0,69,255,860,,,
2026-09-17T04:55:50+00:00,24,200641,Nelson,1,3,Arsenal,Midfielder,5.5,0.0,0.0,u,has departed the club as a free agent.,2026-08-29T00:33:08.556767Z,0,0,0.0,0.0,0.0,0.0,0,46,68,634,,,
2026-09-17T04:55:50+00:00,25,224117,Gyökeres,1,3,Arsenal,Forward,7.2,0.0,-0.3,a,,,,,3.3,0.2,0.2,0.2,2736,39464,25803,576762,2,,
2026-09-17T04:55:50+00:00,26,219847,Havertz,1,3,Arsenal,Forward,7.6,0.1,0.1,a,,,,,7.9,4.2,4.2,4.2,60288,67352,516179,324853,,,
2026-09-17T04:55:50+00:00,27,205651,G.Jesus,1,3,Arsenal,Forward,5.9,0.0,-0.1,u,Has joined FC Barcelona permanently,2026-09-02T16:00:28.475184Z,0,0,0.2,0.0,0.0,0.0,0,1802,4164,27785,,,
2026-09-17T04:55:50+00:00,31,199798,Konsa,1,3,Arsenal,Defender,4.5,0.0,0.0,a,,,,,18.3,2.8,2.8,2.8,217368,38367,1247581,563945,,,
2026-09-17T04:55:50+00:00,452,208706,Bruno G.,1,3,Arsenal,Midfielder,6.7,-0.1,-0.3,a,,2026-09-04T14:00:08.328779Z,100,100,1.8,2.0,2.0,2.0,12013,6685,20760,233875,4,,
2026-09-17T04:55:50+00:00,557,439509,Tzolis,1,3,Arsenal,Midfielder,6.4,0.0,-0.1,a,,,,,14.4,3.5,3.5,3.5,25139,176511,435901,1336781,,,
2026-09-17T04:55:50+00:00,29,72147,M.Bizot,2,7,Aston Villa,Goalkeeper,4.5,0.0,0.0,a,,,,,0.1,0.2,0.2,0.2,362,865,4540,5749,,,
2026-09-17T04:55:50+00:00,30,101188,Digne,2,7,Aston Villa,Defender,4.5,0.0,0.0,u,Has joined Paris Saint-Germain permanently,2026-08-10T14:03:30.089007Z,0,0,0.1,0.0,0.0,0.0,0,327,0,8307,,,
2026-09-17T04:55:50+00:00,32,199796,Cash,2,7,Aston Villa,Defender,4.4,-0.1,-0.1,a,,2026-09-09T14:30:08.192142Z,75,100,5.2,1.8,1.4,1.8,977,89630,88364,372927,,,
2026-09-17T04:55:50+00:00,33,149484,Mings,2,7,Aston Villa,Defender,4.5,0.0,0.0,a,,,,,0.4,1.8,1.8,1.8,2062,3345,13249,14212,,,
2026-09-17T04:55:50+00:00,34,244954,Pau,2,7,Aston Villa,Defender,4.5,0.0,0.0,d,Hamstring injury - 75% chance of playing,2026-09-12T18:00:08.712707Z,,75,0.4,0.8,0.8,0.6,213,5640,11169,20623,,,
2026-09-17T04:55:50+00:00,35,515597,Bogarde,2,7,Aston Villa,Midfielder,5.0,0.0,0.0,a,,,,,0.1,0.2,0.2,0.2,373,703,2640,4070,,,
2026-09-17T04:55:50+00:00,36,441302,Maatsen,2,7,Aston Villa,Defender,4.5,0.0,0.0,d,Ankle injury - 25% chance of playing,2026-09-12T18:00:08.729468Z,,25,0.7,2.2,2.2,0.6,516,18097,31810,42592,,,
2026-09-17T04:55:50+00:00,37,184667,Lindelöf,2,7,Aston Villa,Defender,4.5,0.0,0.0,a,,,,,0.3,1.8,1.8,1.8,2044,2224,12142,11330,,,
2026-09-17T04:55:50+00:00,38,606798,A.García,2,7,Aston Villa,Defender,4.0,0.0,0.0,a,,,,,1.6,0.0,0.0,0.0,5367,9714,41661,57441,,,
2026-09-17T04:55:50+00:00,39,578545,Nedeljkovic,2,7,Aston Villa,Defender,4.0,0.0,0.0,u,Has joined Rangers on loan for the rest of the season,2026-08-19T13:56:46.385411Z,0,0,0.1,0.0,0.0,0.0,0,864,0,14276,,,
2026-09-17T04:55:50+00:00,41,195546,Buendía,2,7,Aston Villa,Midfielder,5.9,0.0,-0.1,a,,,,,0.9,2.2,2.2,2.2,3416,13673,44995,81537,1,,
2026-09-17T04:55:50+00:00,44,215711,Bailey,2,7,Aston Villa,Midfielder,5.4,0.0,-0.1,u,Has joined Olympiakos permanently,2026-09-04T12:35:14.472260Z,0,0,0.1,0.0,0.0,0.0,0,1210,2096,12293,,,
2026-09-17T04:55:50+00:00,45,122806,McGinn,2,7,Aston Villa,Midfielder,5.4,0.0,-0.1,a,,,,,2.3,2.8,2.8,2.8,11402,14393,56419,136769,,,
2026-09-17T04:55:50+00:00,46,88894,Barkley,2,7,Aston Villa,Midfielder,5.0,0.0,0.0,a,,,,,0.3,2.2,2.2,2.2,1556,2548,14419,13021,,,
2026-09-17T04:55:50+00:00,47,226944,Kamara,2,7,Aston Villa,Midfielder,5.0,0.0,0.0,a,,2026-07-23T12:01:23.337269Z,100,100,0.3,2.2,2.2,2.2,1407,3196,12628,18410,,,
2026-09-17T04:55:50+00:00,48,449871,Onana,2,7,Aston Villa,Midfielder,4.9,-0.1,-0.1,i,Knee injury - Unknown return date,2026-07-23T12:01:23.352497Z,0,0,0.0,0.0,0.0,0.0,41,154,446,1521,,,
2026-09-17T04:55:50+00:00,49,469247,Iling Jr,2,7,Aston Villa,Midfielder,5.0,0.0,0.0,u,Has joined Bolton Wanderers on loan for the rest of the season,2026-08-17T13:52:28.532616Z,0,0,0.0,0.0,0.0,0.0,0,17,0,222,,,
2026-09-17T04:55:50+00:00,50,645618,Burrowes,2,7,Aston Villa,Midfielder,4.5,0.0,0.0,a,,,,,0.6,0.0,0.0,0.0,1509,4971,20373,29465,,,
2026-09-17T04:55:50+00:00,51,577285,George Hemmings,2,7,Aston Villa,Midfielder,4.5,0.0,0.0,a,,,,,1.3,2.0,2.0,2.0,9841,10711,108448,53370,,,
2026-09-17T04:55:50+00:00,52,653481,Alysson,2,7,Aston Villa,Midfielder,5.0,0.0,0.0,a,,,,,0.1,2.0,2.0,2.0,1123,400,2801,2638,,,
2026-09-17T04:55:50+00:00,53,614071,Manzambi,2,7,Aston Villa,Midfielder,5.9,0.0,-0.1,a,,2026-08-15T15:30:06.388335Z,50,100,0.1,0.2,0.1,0.2,1287,724,2430,16353,,,
2026-09-17T04:55:50+00:00,54,448089,Gomes,2,7,Aston Villa,Midfielder,5.5,0.0,0.0,d,Calf injury - 75% chance of playing,2026-09-16T19:30:08.742410Z,0,75,0.0,-0.5,0.0,-0.4,374,198,749,3780,,,
2026-09-17T04:55:50+00:00,55,178301,Watkins,2,7,Aston Villa,Forward,7.8,0.0,-0.2,u,Has joined Al Hilal permanently,2026-09-01T13:15:16.698799Z,0,0,2.7,0.0,0.0,0.0,0,25395,14882,737526,,,
2026-09-17T04:55:50+00:00,56,173879,Abraham,2,7,Aston Villa,Forward,5.5,0.0,0.0,a,,2026-08-15T16:00:07.558543Z,100,100,0.2,0.8,0.8,0.8,1777,1876,11485,10127,,,
2026-09-17T04:55:50+00:00,160,493105,Garnacho,2,7,Aston Villa,Midfielder,5.8,-0.1,-0.2,a,,,,,0.3,0.8,0.8,0.8,614,5160,6723,36572,,,
2026-09-17T04:55:50+00:00,166,517052,N.Jackson,2,7,Aston Villa,Forward,6.5,0.0,0.0,a,,,,,1.2,1.0,1.0,1.0,9259,22137,135687,62938,2,,
2026-09-17T04:55:50+00:00,582,690838,Madjo,2,7,Aston Villa,Forward,5.4,-0.1,-0.1,i,Unspecified injury - Unknown return date,2026-08-15T16:00:07.974271Z,0,0,0.2,0.0,0.0,0.0,193,2914,2610,27040,,,
2026-09-17T04:55:50+00:00,596,487992,Ruggeri,2,7,Aston Villa,Defender,4.5,0.0,0.0,a,,,,,0.1,0.5,0.5,0.5,374,817,2238,4907,,,
2026-09-17T04:55:50+00:00,597,433969,Suzuki,2,7,Aston Villa,Goalkeeper,5.0,0.0,0.0,a,,,,,1.8,3.5,3.5,3.5,10531,11712,131509,48761,,,
2026-09-17T04:55:50+00:00,606,569577,Rowe,2,7,Aston Villa,Defender,4.0,0.0,0.0,a,,,,,0.2,0.0,0.0,0.0,1338,1192,12212,4848,,,
2026-09-17T04:55:50+00:00,607,571380,Lynch,2,7,Aston Villa,Midfielder,4.5,0.0,0.0,u,Has joined Oxford United on loan until January,2026-09-04T12:35:39.820426Z,0,0,0.1,0.0,0.0,0.0,0,1069,7103,7146,,,
2026-09-17T04:55:50+00:00,611,214590,Wan-Bissaka,2,7,Aston Villa,Defender,4.5,0.0,0.0,a,,,,,0.2,1.7,1.7,1.7,3181,1441,15439,5462,,,
2026-09-17T04:55:50+00:00,618,119090,Goretzka,2,7,Aston Villa,Midfielder,5.9,-0.1,-0.1,i,Knee injury - Expected back 10 Oct,2026-09-09T09:30:08.229436Z,0,0,0.0,0.0,0.0,0.0,34,1124,4596,4074,,,
2026-09-17T04:55:50+00:00,630,245719,Harwood-Bellis,2,7,Aston Villa,Defender,4.5,0.0,0.0,a,,,,,0.0,0.0,0.0,0.0,222,259,1820,714,,,
2026-09-17T04:55:50+00:00,631,638987,Mbaye,2,7,Aston Villa,Midfielder,6.0,0.0,0.0,a,,,,,0.1,0.5,0.5,0.5,1536,942,8379,3152,,,
2026-09-17T04:55:50+00:00,57,457569,Petrović,3,91,Bournemouth,Goalkeeper,4.5,0.0,0.0,a,,,,,3.1,1.8,1.8,1.8,4467,16648,103331,102779,,,
2026-09-17T04:55:50+00:00,58,40383,Forster,3,91,Bournemouth,Goalkeeper,4.0,0.0,0.0,a,,,,,3.5,0.0,0.0,0.0,14543,9625,101232,65827,,,
2026-09-17T04:55:50+00:00,59,444172,Dennis,3,91,Bournemouth,Goalkeeper,4.0,0.0,0.0,u,Has joined MK Dons permanently,2026-08-27T14:53:48.692835Z,0,0,0.1,0.0,0.0,0.0,0,711,1133,6620,,,
2026-09-17T04:55:50+00:00,60,463981,Hill,3,91,Bournemouth,Defender,5.5,0.0,0.0,a,,,,,0.8,2.0,2.0,2.0,2230,6960,26650,35924,,,
2026-09-17T04:55:50+00:00,61,494521,Truffert,3,91,Bournemouth,Defender,5.5,0.0,0.0,a,,,,,3.2,2.0,2.0,2.0,4110,20979,49459,134764,,,
2026-09-17T04:55:50+00:00,62,242882,Diakité,3,91,Bournemouth,Defender,5.0,0.0,0.0,a,,,,,0.2,0.0,0.0,0.0,678,1652,6420,10489,,,
2026-09-17T04:55:50+00:00,63,620487,Milosavljević,3,91,Bournemouth,Defender,4.9,-0.1,-0.1,i,Thigh injury - Unknown return date,2026-08-06T10:00:10.456051Z,0,0,0.0,0.0,0.0,0.0,42,67,274,769,,,
2026-09-17T04:55:50+00:00,64,54469,Smith,3,91,Bournemouth,Defender,4.5,0.0,0.0,a,,,,,0.1,0.5,0.5,0.5,567,1286,6547,6133,,,
2026-09-17T04:55:50+00:00,65,436893,J.Araujo,3,91,Bournemouth,Defender,4.4,0.0,-0.1,i,Thigh injury - Unknown return date,2026-08-09T08:00:05.645826Z,0,0,0.0,0.0,0.0,0.0,55,114,338,1202,,,
2026-09-17T04:55:50+00:00,66,575901,Soler,3,91,Bournemouth,Defender,4.0,0.0,0.0,a,,2026-08-15T16:30:07.021055Z,100,100,0.3,0.0,0.0,0.0,1689,1677,12433,9158,,,
2026-09-17T04:55:50+00:00,67,499604,Rayan,3,91,Bournemouth,Midfielder,6.4,0.0,-0.1,a,,,,,1.7,2.0,2.0,2.0,2593,23862,46530,147998,,,
2026-09-17T04:55:50+00:00,68,201658,Tavernier,3,91,Bournemouth,Midfielder,6.1,0.1,0.1,a,,,,,5.7,7.2,7.2,7.2,213499,32512,506389,146251,3,,
2026-09-17T04:55:50+00:00,69,503139,Scott,3,91,Bournemouth,Midfielder,6.1,0.0,0.1,a,,,,,5.9,7.0,7.0,7.0,52259,50122,504099,143178,,,
2026-09-17T04:55:50+00:00,70,222683,Kluivert,3,91,Bournemouth,Midfielder,6.0,0.0,0.0,a,,,,,1.0,3.8,3.8,3.8,8903,6355,44719,60158,2,,
2026-09-17T04:55:50+00:00,71,155408,Cook,3,91,Bournemouth,Midfielder,5.0,0.0,0.0,a,,,,,0.2,1.8,1.8,1.8,584,2568,12577,11610,,,
2026-09-17T04:55:50+00:00,72,496208,Gannon-Doak,3,91,Bournemouth,Midfielder,4.9,0.0,-0.1,a,,,,,0.1,0.8,0.8,0.8,219,547,1381,3954,,,
2026-09-17T04:55:50+00:00,73,200785,Adams,3,91,Bournemouth,Midfielder,5.0,0.0,0.0,a,,2026-08-15T16:30:07.029928Z,100,100,0.3,2.0,2.0,2.0,2202,2812,16416,13937,,,
2026-09-17T04:55:50+00:00,74,111317,Brooks,3,91,Bournemouth,Midfielder,5.0,0.0,0.0,a,,2026-08-15T16:30:07.037929Z,100,100,0.1,0.5,0.5,0.5,334,617,3013,3178,,,
2026-09-17T04:55:50+00:00,75,158499,Christie,3,91,Bournemouth,Midfielder,5.0,0.0,0.0,a,,2026-07-24T17:30:10.035483Z,100,100,0.0,0.8,0.8,0.8,399,436,3113,1722,,,
2026-09-17T04:55:50+00:00,76,614574,Tóth.A,3,91,Bournemouth,Midfielder,4.9,-0.1,-0.1,a,,,,,0.0,0.2,0.2,0.2,36,94,331,681,,,
2026-09-17T04:55:50+00:00,77,489888,Adli,3,91,Bournemouth,Midfielder,4.9,0.0,-0.1,i,Calf injury - Unknown return date,2026-08-15T16:00:07.590566Z,0,0,0.0,0.0,0.0,0.0,18,162,262,2094,,,
2026-09-17T04:55:50+00:00,78,560262,Kroupi.Jr,3,91,Bournemouth,Midfielder,7.4,0.0,-0.1,i,Foot injury - Expected back 7 Nov,2026-07-29T17:30:09.796802Z,0,0,0.2,0.0,0.0,0.0,96,1289,1001,25978,1,,
2026-09-17T04:55:50+00:00,79,444102,Evanilson,3,91,Bournemouth,Forward,6.0,0.0,0.0,a,,,,,3.3,4.0,4.0,4.0,28543,27711,219600,135556,,,
2026-09-17T04:55:50+00:00,80,168636,Enes Ünal,3,91,Bournemouth,Forward,5.5,0.0,0.0,u,Has joined Getafe permanently,2026-08-14T14:14:21.881112Z,0,0,0.0,0.0,0.0,0.0,0,84,0,1895,,,
2026-09-17T04:55:50+00:00,81,561245,Rodríguez,3,91,Bournemouth,Forward,6.0,0.0,0.0,a,,2026-08-15T16:30:07.054142Z,100,100,0.1,0.5,0.5,0.5,562,942,4330,5699,,,
2026-09-17T04:55:50+00:00,566,483067,Silva,3,91,Bournemouth,Defender,5.0,0.0,0.0,a,,,,,0.4,2.5,2.5,2.5,1357,3494,24147,18360,,,
2026-09-17T04:55:50+00:00,573,494928,Sanchez,3,91,Bournemouth,Defender,4.4,-0.1,-0.1,a,,,,,0.2,0.0,0.0,0.0,216,884,1322,6245,,,
2026-09-17T04:55:50+00:00,608,523700,Jebbison,3,91,Bournemouth,Forward,5.0,0.0,0.0,a,,,,,0.1,0.5,0.5,0.5,1393,1411,11770,5718,,,
2026-09-17T04:55:50+00:00,615,230650,Di Gregorio,3,91,Bournemouth,Goalkeeper,4.5,0.0,0.0,a,,,,,0.0,0.0,0.0,0.0,257,397,2657,1405,,,
2026-09-17T04:55:50+00:00,82,200720,Kelleher,4,94,Brentford,Goalkeeper,5.0,0.0,0.0,a,,,,,6.2,3.5,3.5,3.5,6490,41273,229001,178489,,,
2026-09-17T04:55:50+00:00,83,507433,Valdimarsson,4,94,Brentford,Goalkeeper,4.5,0.0,0.0,a,,,,,0.1,0.0,0.0,0.0,211,578,2459,3944,,,
2026-09-17T04:55:50+00:00,84,432830,Collins,4,94,Brentford,Defender,5.4,-0.1,-0.1,i,Calf injury - Unknown return date,2026-09-05T18:00:06.182495Z,0,0,1.2,2.5,0.0,0.0,82,26745,58597,134709,,,
2026-09-17T04:55:50+00:00,85,444765,Van den Berg,4,94,Brentford,Defender,4.9,0.0,-0.1,i,Groin injury - Unknown return date,2026-08-15T15:30:06.416627Z,0,0,0.1,0.0,0.0,0.0,22,545,358,8385,,,
2026-09-17T04:55:50+00:00,86,249231,Lewis-Potter,4,94,Brentford,Midfielder,5.5,0.0,0.0,a,,,,,1.9,4.8,4.8,4.8,4115,27765,184509,93644,,,
2026-09-17T04:55:50+00:00,87,191866,Ajer,4,94,Brentford,Defender,4.5,0.0,0.0,a,,,,,4.3,3.5,3.5,3.5,6360,39413,302900,219135,,,
2026-09-17T04:55:50+00:00,88,607464,Kayode,4,94,Brentford,Defender,4.6,0.0,0.1,a,,,,,8.0,4.2,4.2,4.2,13251,92830,577713,304453,,,
2026-09-17T04:55:50+00:00,89,194010,Henry,4,94,Brentford,Defender,4.4,-0.1,-0.1,a,,,,,0.2,0.2,0.2,0.2,290,1115,1704,7465,,,
2026-09-17T04:55:50+00:00,90,472713,Hickey,4,94,Brentford,Defender,4.5,0.0,0.0,a,,,,,0.1,1.0,1.0,1.0,226,423,1811,2566,,,
2026-09-17T04:55:50+00:00,92,570241,Ji-soo,4,94,Brentford,Defender,4.5,0.0,0.0,a,,,,,0.0,0.0,0.0,0.0,48,116,413,825,,,
2026-09-17T04:55:50+00:00,93,513086,Schuster,4,94,Brentford,Defender,4.5,0.0,0.0,a,,,,,0.1,1.8,1.8,1.8,219,511,1432,3924,,,
2026-09-17T04:55:50+00:00,94,513418,Schade,4,94,Brentford,Midfielder,6.1,0.1,0.1,a,,,,,6.5,7.5,7.5,7.5,280033,32198,474309,193644,2,,
2026-09-17T04:55:50+00:00,95,533463,O.Dango,4,94,Brentford,Midfielder,6.3,-0.1,-0.2,a,,,,,0.5,1.5,1.5,1.5,522,8912,13854,72843,,,
2026-09-17T04:55:50+00:00,96,440089,Damsgaard,4,94,Brentford,Midfielder,5.5,0.0,0.0,a,,,,,0.4,3.2,3.2,3.2,902,4970,12887,25108,,,
2026-09-17T04:55:50+00:00,97,207283,Jensen,4,94,Brentford,Midfielder,5.4,0.0,-0.1,i,Unspecified injury - Expected back 18 Sep,2026-08-30T12:30:08.176795Z,0,0,0.1,1.5,0.0,0.0,11,1170,4480,13707,3,,
2026-09-17T04:55:50+00:00,98,204580,Janelt,4,94,Brentford,Midfielder,5.0,0.0,0.0,a,,,,,2.5,6.2,6.2,6.2,29107,20873,268932,76202,,,
2026-09-17T04:55:50+00:00,99,543295,Milambo,4,94,Brentford,Midfielder,5.0,0.0,0.0,i,Knee injury - Unknown return date,2026-07-23T12:01:23.384798Z,0,0,0.0,0.0,0.0,0.0,11,20,100,139,,,
2026-09-17T04:55:50+00:00,100,244858,Carvalho,4,94,Brentford,Midfielder,5.0,0.0,0.0,a,,2026-08-18T13:58:17.442072Z,100,100,0.0,0.0,0.0,0.0,176,243,1209,1179,,,
2026-09-17T04:55:50+00:00,102,508395,Yarmoliuk,4,94,Brentford,Midfielder,4.8,-0.1,-0.2,a,,,,,0.7,1.5,1.5,1.5,1062,5610,3589,54510,,,
2026-09-17T04:55:50+00:00,103,183656,Dasilva,4,94,Brentford,Midfielder,4.9,0.0,-0.1,i,Hamstring injury - Expected back 10 Oct,2026-09-04T13:30:08.371955Z,0,0,0.0,0.0,0.0,0.0,5,190,385,1742,,,
2026-09-17T04:55:50+00:00,105,444180,Anthony,4,94,Brentford,Midfielder,5.9,-0.1,-0.1,a,,,,,0.1,1.2,1.2,1.2,376,1423,4739,9727,,,
2026-09-17T04:55:50+00:00,106,502500,Thiago,4,94,Brentford,Forward,7.9,0.0,-0.1,a,,,,,9.4,1.2,1.2,1.2,8740,143422,196724,918399,1,,
2026-09-17T04:55:50+00:00,107,593174,Furo,4,94,Brentford,Forward,4.5,0.0,0.0,i,Unspecified injury - Unknown return date,2026-09-14T14:00:09.985723Z,,0,1.0,0.0,0.0,0.0,5889,12742,60427,49511,,,
2026-09-17T04:55:50+00:00,108,75115,Wilson,4,94,Brentford,Forward,5.5,0.0,0.0,a,,,,,0.3,0.8,0.8,0.8,1037,4134,13715,22157,,,
2026-09-17T04:55:50+00:00,565,513545,M.Sangaré,4,94,Brentford,Midfielder,5.7,0.0,0.2,a,,,,,11.9,5.5,5.5,5.5,19656,127495,1209775,595478,,,
2026-09-17T04:55:50+00:00,620,613804,Diouf,4,94,Brentford,Defender,4.5,0.0,0.0,a,,,,,0.1,0.3,0.3,0.3,784,1196,12866,6186,,,
2026-09-17T04:55:50+00:00,657,626464,Nunes,4,94,Brentford,Midfielder,4.5,0.0,0.0,a,,,,,0.0,0.0,1.1,1.1,1458,322,1458,322,,,
2026-09-17T04:55:50+00:00,109,489639,Verbruggen,5,36,Brighton,Goalkeeper,4.5,0.0,0.0,a,,,,,21.8,4.2,4.2,4.2,57531,80773,661934,480123,,,
2026-09-17T04:55:50+00:00,111,49262,Steele,5,36,Brighton,Goalkeeper,4.0,0.0,0.0,a,,,,,4.2,0.0,0.0,0.0,12343,13548,132106,97891,,,
2026-09-17T04:55:50+00:00,113,231416,F.Kadıoğlu,5,36,Brighton,Defender,4.4,0.0,-0.1,a,,2026-08-23T13:00:07.595211Z,100,100,1.7,2.0,2.0,2.0,2983,10551,25119,119834,,,
2026-09-17T04:55:50+00:00,114,204120,Boscagli,5,36,Brighton,Defender,4.5,0.0,0.0,a,,,,,0.3,3.2,3.2,3.2,921,1504,13756,10082,,,
2026-09-17T04:55:50+00:00,115,465730,De Cuyper,5,36,Brighton,Defender,4.9,0.1,0.4,a,,,,,24.1,8.0,8.0,8.0,283390,70126,2291171,332162,,,
2026-09-17T04:55:50+00:00,116,83299,Dunk,5,36,Brighton,Defender,4.5,0.0,0.0,a,,,,,1.5,5.5,5.5,5.5,19431,6867,72879,36310,,,
2026-09-17T04:55:50+00:00,117,550090,Coppola,5,36,Brighton,Defender,4.5,0.0,0.0,a,,,,,0.0,0.0,0.0,0.0,142,164,774,914,,,
2026-09-17T04:55:50+00:00,118,223434,Igor,5,36,Brighton,Defender,4.5,0.0,0.0,u,Has joined Burnley permanently,2026-09-02T15:38:15.529699Z,0,0,0.0,0.0,0.0,0.0,0,623,915,5383,,,
2026-09-17T04:55:50+00:00,119,451490,Costinha,5,36,Brighton,Defender,4.5,0.0,0.0,a,,,,,0.0,0.8,0.8,0.8,142,204,1031,1223,,,
2026-09-17T04:55:50+00:00,120,454490,Svoboda,5,36,Brighton,Defender,5.0,0.0,0.0,a,,,,,0.1,0.0,0.0,0.0,489,698,3018,3263,,,
2026-09-17T04:55:50+00:00,121,451340,Mitoma,5,36,Brighton,Midfielder,5.9,0.0,-0.1,i,Hamstring injury - Expected back 10 Oct,2026-07-24T18:30:10.661894Z,0,0,0.0,0.0,0.0,0.0,46,221,409,2866,,,
2026-09-17T04:55:50+00:00,122,592031,Minteh,5,36,Brighton,Midfielder,5.9,0.0,-0.1,i,Leg injury - Expected back 28 Nov,2026-08-14T18:00:06.418033Z,0,0,0.0,0.0,0.0,0.0,21,362,283,6560,,,
2026-09-17T04:55:50+00:00,123,532529,Hinshelwood,5,36,Brighton,Midfielder,5.9,-0.1,-0.1,i,Ankle injury - Expected back 10 Oct,2026-08-27T19:30:07.780933Z,0,0,0.7,4.0,0.0,0.0,96,19650,147589,202207,,,
2026-09-17T04:55:50+00:00,124,60307,Groß,5,36,Brighton,Midfielder,5.7,0.1,0.2,a,,,,,19.5,8.2,8.2,8.2,387421,58746,1143505,483171,1,,
2026-09-17T04:55:50+00:00,125,463067,Georginio,5,36,Brighton,Forward,5.4,0.0,-0.1,a,,2026-08-26T16:00:07.608056Z,75,100,0.5,1.2,0.9,1.2,1114,8255,30796,68399,,,
2026-09-17T04:55:50+00:00,126,219249,O'Riley,5,36,Brighton,Midfielder,5.4,-0.1,-0.1,a,,,,,0.1,0.2,0.2,0.2,422,903,3019,5620,3,,
2026-09-17T04:55:50+00:00,127,514254,Gomez,5,36,Brighton,Midfielder,5.0,0.0,0.0,a,,,,,4.5,4.0,4.0,4.0,9042,45317,318172,224902,,,
2026-09-17T04:55:50+00:00,128,536916,Buonanotte,5,36,Brighton,Midfielder,5.0,0.0,0.0,u,Has joined Elche on loan for the rest of the season,2026-08-10T14:03:07.561436Z,0,0,0.0,0.0,0.0,0.0,0,13,0,319,,,
2026-09-17T04:55:50+00:00,129,509416,Ayari,5,36,Brighton,Midfielder,5.4,0.0,-0.1,a,,2026-08-30T18:00:07.935334Z,100,100,0.4,3.0,3.0,3.0,2392,2648,9180,37811,,,
2026-09-17T04:55:50+00:00,130,467779,Wieffer,5,36,Brighton,Defender,4.9,-0.1,-0.1,i,Knee injury - Unknown return date,2026-09-04T09:30:08.612904Z,0,0,0.2,1.8,0.0,0.0,40,4990,25898,39463,,,
2026-09-17T04:55:50+00:00,132,597320,Howell,5,36,Brighton,Midfielder,4.5,0.0,0.0,u,Has joined Leicester City on loan for the rest of the season,2026-08-17T13:53:19.019938Z,0,0,0.0,0.0,0.0,0.0,0,294,0,3377,,,
2026-09-17T04:55:50+00:00,133,549074,Watson,5,36,Brighton,Midfielder,5.0,0.0,0.0,u,Has joined Leicester City on loan for the rest of the season,2026-08-03T14:05:44.459483Z,0,0,0.0,0.0,0.0,0.0,0,6,0,127,,,
2026-09-17T04:55:50+00:00,134,556637,Oriola,5,36,Brighton,Midfielder,4.5,0.0,0.0,a,,,,,0.3,0.0,0.0,0.0,715,1994,8229,11820,,,
2026-09-17T04:55:50+00:00,135,700308,Yohanna,5,36,Brighton,Midfielder,4.9,0.0,-0.1,i,Unspecified injury - Expected back 10 Oct,2026-09-10T13:00:08.617941Z,0,0,0.0,0.2,0.0,0.0,23,827,1231,4738,,,
2026-09-17T04:55:50+00:00,137,608181,Tzimas,5,36,Brighton,Forward,5.4,-0.1,-0.1,i,Knee injury - Unknown return date,2026-07-23T12:01:23.432796Z,0,0,0.0,0.0,0.0,0.0,40,62,274,676,,,
2026-09-17T04:55:50+00:00,138,647850,Kostoulas,5,36,Brighton,Forward,5.5,0.0,0.0,a,,,,,0.8,4.5,4.5,4.5,31017,8378,78550,25809,,,
2026-09-17T04:55:50+00:00,139,487117,Ferguson,5,36,Brighton,Forward,5.0,0.0,0.0,i,Ankle injury - Expected back 10 Oct,2026-07-23T12:01:23.448357Z,0,0,0.0,0.0,0.0,0.0,179,290,1388,2155,,,
2026-09-17T04:55:50+00:00,328,222694,Struijk,5,36,Brighton,Defender,4.9,-0.1,-0.1,a,,2026-08-15T20:30:07.523574Z,100,100,0.2,0.5,0.5,0.5,454,1742,4912,10473,,,
2026-09-17T04:55:50+00:00,504,610799,Vuskovic,5,36,Brighton,Defender,5.0,0.0,0.0,a,,,,,3.2,6.0,6.0,6.0,19972,20879,195384,110751,,,
2026-09-17T04:55:50+00:00,594,538007,David,5,36,Brighton,Forward,6.0,0.0,0.0,a,,,,,0.2,0.2,0.2,0.2,1386,3449,11148,18526,2,,
2026-09-17T04:55:50+00:00,600,612855,Osman,5,36,Brighton,Midfielder,5.0,0.0,0.0,a,,,,,0.0,0.8,0.8,0.8,112,156,795,882,,,
2026-09-17T04:55:50+00:00,605,611695,Yalcouyé,5,36,Brighton,Midfielder,4.5,0.0,0.0,a,,,,,3.8,4.8,4.8,4.8,82740,25215,480936,120104,,,
2026-09-17T04:55:50+00:00,614,512123,Hadjam,5,36,Brighton,Defender,4.5,0.0,0.0,a,,,,,0.0,0.0,0.0,0.0,270,508,3496,1607,,,
2026-09-17T04:55:50+00:00,624,519324,Cozier-Duberry,5,36,Brighton,Midfielder,5.0,0.0,0.0,u,Has joined Middlesbrough on loan for the rest of the season,2026-09-02T15:38:15.552951Z,0,0,0.0,0.0,0.0,0.0,0,9,117,105,,,
2026-09-17T04:55:50+00:00,639,592984,Andrés,5,36,Brighton,Midfielder,5.5,0.0,0.0,a,,,,,0.0,2.0,2.0,2.0,326,158,1100,395,,,
2026-09-17T04:55:50+00:00,652,471551,Azeez,5,36,Brighton,Midfielder,5.5,0.0,0.0,d,Hamstring injury - 75% chance of playing,2026-09-04T11:30:08.661589Z,75,75,0.0,0.0,0.0,0.0,49,34,418,127,,,
2026-09-17T04:55:50+00:00,658,661016,Ibrahim,5,36,Brighton,Midfielder,4.5,0.0,0.0,a,,,,,0.0,0.0,1.1,1.1,927,181,927,181,,,
2026-09-17T04:55:50+00:00,28,98980,Martinez,6,8,Chelsea,Goalkeeper,5.0,0.0,0.0,a,,,,,4.9,1.8,1.8,1.8,14245,38300,231031,209097,,,
2026-09-17T04:55:50+00:00,40,244850,Rogers,6,8,Chelsea,Midfielder,7.7,0.1,0.2,a,,,,,38.2,6.8,6.8,6.8,455232,36747,2087141,559050,,,
2026-09-17T04:55:50+00:00,101,56979,Henderson,6,8,Chelsea,Midfielder,4.9,0.0,-0.1,i,Wrist injury - Unknown return date,2026-08-09T09:30:07.136250Z,0,0,0.0,0.0,0.0,0.0,27,326,595,2372,,,
2026-09-17T04:55:50+00:00,136,50175,Welbeck,6,8,Chelsea,Forward,5.9,0.0,-0.1,a,,2026-08-20T14:00:07.949090Z,100,100,0.8,0.5,0.5,0.5,5155,8128,24182,68059,,,
2026-09-17T04:55:50+00:00,140,215059,Sánchez,6,8,Chelsea,Goalkeeper,4.9,0.0,-0.1,u,Has joined Como on loan for the rest of the season,2026-09-02T16:20:41.841936Z,0,0,0.8,0.5,0.0,0.0,0,10503,10847,166563,,,
2026-09-17T04:55:50+00:00,141,508479,Jörgensen,6,8,Chelsea,Goalkeeper,5.0,0.0,0.0,u,Has joined RC Strasbourg on loan for the rest of the season,2026-08-12T14:07:02.607115Z,0,0,0.0,0.0,0.0,0.0,0,41,0,907,,,
2026-09-17T04:55:50+00:00,142,225796,James,6,8,Chelsea,Defender,5.4,0.0,-0.1,a,,,,,7.1,0.8,0.8,0.8,14395,75998,164402,459855,,,
2026-09-17T04:55:50+00:00,143,180736,Chalobah,6,8,Chelsea,Defender,5.5,0.0,0.0,u,Has joined Como permanently,2026-08-10T14:03:50.769483Z,0,0,0.1,0.0,0.0,0.0,0,532,0,13457,,,
2026-09-17T04:55:50+00:00,144,482609,Gusto,6,8,Chelsea,Defender,5.0,0.0,0.0,a,,,,,1.0,1.0,1.0,1.0,2946,9956,33666,56548,,,
2026-09-17T04:55:50+00:00,145,444463,Fofana,6,8,Chelsea,Defender,5.0,0.0,0.0,a,,2026-07-23T12:01:23.464591Z,100,100,0.2,1.0,1.0,1.0,2152,2258,14921,5750,,,
2026-09-17T04:55:50+00:00,146,242880,B.Badiashile,6,8,Chelsea,Defender,4.5,0.0,0.0,u,Has joined Napoli on loan for the rest of the season,2026-08-25T14:03:47.079414Z,0,0,0.0,0.0,0.0,0.0,0,98,232,1867,,,
2026-09-17T04:55:50+00:00,148,551210,Hato,6,8,Chelsea,Defender,4.5,0.0,0.0,a,,,,,0.9,2.0,2.0,2.0,3348,13954,88876,44556,,,
2026-09-17T04:55:50+00:00,149,460028,Colwill,6,8,Chelsea,Defender,4.9,0.0,-0.1,a,,,,,1.0,0.5,0.5,0.5,1347,12757,25000,86827,,,
2026-09-17T04:55:50+00:00,150,574458,M.Sarr,6,8,Chelsea,Defender,4.5,0.0,0.0,u,Has joined Real Sociedad on loan for the rest of the season,2026-08-29T00:34:23.077418Z,0,0,0.0,0.0,0.0,0.0,0,305,429,5666,,,
2026-09-17T04:55:50+00:00,151,577016,Acheampong,6,8,Chelsea,Defender,4.5,0.0,0.0,a,,,,,0.4,1.2,1.2,1.2,1015,4196,20198,18721,,,
2026-09-17T04:55:50+00:00,152,620109,Palestra,6,8,Chelsea,Defender,5.3,-0.1,-0.2,i,Thigh injury - Expected back 18 Sep,2026-08-24T18:30:07.421239Z,0,0,0.7,0.0,0.0,0.0,135,13587,6335,209203,,,
2026-09-17T04:55:50+00:00,154,244851,Palmer,6,8,Chelsea,Midfielder,9.7,0.0,0.2,a,,2026-08-24T22:00:07.971542Z,100,100,26.8,6.5,6.5,6.5,110326,103906,1821162,432625,1,,
2026-09-17T04:55:50+00:00,156,247632,Neto,6,8,Chelsea,Midfielder,6.5,0.0,0.0,a,,,,,1.4,3.0,3.0,3.0,9455,14656,70595,74101,,,
2026-09-17T04:55:50+00:00,157,624773,Estêvão,6,8,Chelsea,Midfielder,6.3,-0.1,-0.2,a,,,,,0.7,0.8,0.8,0.8,1996,7585,14913,80171,2,,
2026-09-17T04:55:50+00:00,158,463936,Gittens,6,8,Chelsea,Midfielder,5.9,0.0,-0.1,a,,,,,0.0,0.0,0.0,0.0,133,312,914,2535,,,
2026-09-17T04:55:50+00:00,159,486672,Caicedo,6,8,Chelsea,Midfielder,5.3,-0.1,-0.2,i,Calf injury - Expected back 18 Sep,2026-08-30T16:00:08.393562Z,0,0,1.2,0.2,0.0,0.0,448,23000,14502,263673,,,
2026-09-17T04:55:50+00:00,161,514356,Lavia,6,8,Chelsea,Midfielder,5.0,0.0,0.0,a,,,,,0.2,2.8,2.8,2.8,1900,3076,24344,11773,,,
2026-09-17T04:55:50+00:00,163,491007,D.Essugo,6,8,Chelsea,Midfielder,4.5,0.0,0.0,u,Has joined RC Strasbourg on loan for the rest of the season,2026-09-02T16:20:41.865225Z,0,0,0.1,0.0,0.0,0.0,0,1427,2698,13081,,,
2026-09-17T04:55:50+00:00,164,593117,Quenda,6,8,Chelsea,Midfielder,5.3,-0.1,-0.2,a,,2026-07-24T20:30:10.609931Z,100,100,0.0,0.2,0.2,0.2,112,396,789,3083,,,
2026-09-17T04:55:50+00:00,165,475168,João Pedro,6,8,Chelsea,Forward,7.8,0.1,0.3,d,Unspecified injury - 75% chance of playing,2026-09-16T19:00:09.919929Z,,75,74.8,8.2,8.2,6.1,220605,74625,1473955,398318,,,
2026-09-17T04:55:50+00:00,168,499309,Marc Guiu,6,8,Chelsea,Forward,5.0,0.0,0.0,u,Has joined RB Leipzig permanently,2026-09-01T13:24:48.857362Z,0,0,0.2,0.0,0.0,0.0,0,2697,4102,30340,,,
2026-09-17T04:55:50+00:00,169,567119,Mheuka,6,8,Chelsea,Forward,4.5,0.0,0.0,a,,,,,0.4,0.0,0.0,0.0,5342,3945,23594,19844,,,
2026-09-17T04:55:50+00:00,170,503037,Emegha,6,8,Chelsea,Forward,5.0,0.0,0.0,i,Hamstring injury - Expected back 18 Sep,2026-09-09T15:00:09.063849Z,0,0,0.1,0.0,0.0,0.0,91,2133,5969,10859,,,
2026-09-17T04:55:50+00:00,200,437499,Lacroix,6,8,Chelsea,Defender,6.0,0.0,0.0,a,,,,,7.3,2.5,2.5,2.5,6079,83704,163236,358600,,,
2026-09-17T04:55:50+00:00,560,549939,Penders,6,8,Chelsea,Goalkeeper,4.4,0.0,-0.1,a,,,,,0.1,0.0,0.0,0.0,512,460,1591,3160,,,
2026-09-17T04:55:50+00:00,561,622758,Anselmino,6,8,Chelsea,Defender,4.5,0.0,0.0,a,,2026-08-23T19:00:08.536705Z,100,100,0.0,0.0,0.0,0.0,150,155,719,1087,,,
2026-09-17T04:55:50+00:00,568,543158,Barco,6,8,Chelsea,Midfielder,5.4,-0.1,-0.1,a,,,,,0.1,0.2,0.2,0.2,344,963,2790,6151,,,
2026-09-17T04:55:50+00:00,583,498444,Chavarria,6,8,Chelsea,Defender,4.9,0.0,-0.1,a,,,,,0.2,1.0,1.0,1.0,307,1149,2738,10081,,,
2026-09-17T04:55:50+00:00,91,231065,Pinnock,7,9,Coventry City,Defender,4.5,0.0,0.0,a,,,,,0.1,1.5,1.5,1.5,279,456,2046,3513,,,
2026-09-17T04:55:50+00:00,104,428580,Onyeka,7,9,Coventry City,Midfielder,4.9,0.0,-0.1,a,,2026-09-15T09:00:07.851220Z,,100,0.1,1.5,1.5,1.5,211,1073,3675,8591,,,
2026-09-17T04:55:50+00:00,110,472739,Rushworth,7,9,Coventry City,Goalkeeper,4.5,0.0,0.0,a,,,,,0.8,1.2,1.2,1.2,673,7969,20892,48281,,,
2026-09-17T04:55:50+00:00,171,484389,Dovin,7,9,Coventry City,Goalkeeper,4.0,0.0,0.0,u,Has joined Leyton Orient on loan for the rest of the season,2026-09-02T15:44:14.839336Z,0,0,1.1,0.0,0.0,0.0,0,6890,8924,49679,,,
2026-09-17T04:55:50+00:00,172,110690,Wilson,7,9,Coventry City,Goalkeeper,4.4,-0.1,-0.1,a,,,,,0.4,0.0,0.0,0.0,195,1207,929,11168,,,
2026-09-17T04:55:50+00:00,173,461102,Thomas,7,9,Coventry City,Defender,4.0,0.0,0.0,a,,,,,8.9,3.8,3.8,3.8,21151,46682,327611,223505,,,
2026-09-17T04:55:50+00:00,174,436761,Kitching,7,9,Coventry City,Defender,4.0,0.0,0.0,u,Has joined Sheffield United on loan for the rest of the season,2026-09-02T16:21:03.612394Z,0,0,0.4,0.0,0.0,0.0,0,3376,981,29132,,,
2026-09-17T04:55:50+00:00,175,451284,van Ewijk,7,9,Coventry City,Defender,4.0,0.0,0.0,a,,,,,9.9,1.5,1.5,1.5,9908,70171,118654,380905,,,
2026-09-17T04:55:50+00:00,176,173878,Dasilva,7,9,Coventry City,Defender,4.0,0.0,0.0,a,,,,,0.7,1.2,1.2,1.2,583,3035,8963,19088,,,
2026-09-17T04:55:50+00:00,177,465390,Kesler-Hayden,7,9,Coventry City,Defender,4.0,0.0,0.0,i,Hamstring injury - Unknown return date,2026-08-27T14:56:28.704361Z,0,0,0.0,0.0,0.0,0.0,88,302,501,3024,,,
2026-09-17T04:55:50+00:00,178,80178,Bidwell,7,9,Coventry City,Defender,4.0,0.0,0.0,a,,,,,0.1,0.0,0.0,0.0,303,461,2117,2988,,,
2026-09-17T04:55:50+00:00,179,204813,Latibeaudiere,7,9,Coventry City,Defender,4.0,0.0,0.0,a,,,,,0.0,0.0,0.0,0.0,104,216,860,1494,,,
2026-09-17T04:55:50+00:00,180,220583,Woolfenden,7,9,Coventry City,Defender,4.0,0.0,0.0,i,Knee injury - Unknown return date,2026-08-27T14:56:28.718566Z,0,0,0.1,0.0,0.0,0.0,154,814,2134,8045,,,
2026-09-17T04:55:50+00:00,181,577411,Brau,7,9,Coventry City,Defender,4.0,0.0,0.0,u,Has joined Academico de Viseu on loan for the rest of the season,2026-08-29T00:35:59.980316Z,0,0,0.0,0.0,0.0,0.0,0,180,275,1970,,,
2026-09-17T04:55:50+00:00,182,539142,Amenda,7,9,Coventry City,Defender,4.0,0.0,0.0,a,,,,,0.7,1.0,1.0,1.0,1339,3429,11387,21648,,,
2026-09-17T04:55:50+00:00,183,480457,Rudoni,7,9,Coventry City,Midfielder,5.0,0.0,0.0,a,,2026-07-23T12:01:23.481435Z,100,100,0.1,2.0,2.0,2.0,302,969,3223,6614,,,
2026-09-17T04:55:50+00:00,184,168144,Grimes,7,9,Coventry City,Midfielder,4.9,-0.1,-0.1,a,,,,,0.1,2.0,2.0,2.0,424,1327,3727,9500,3,,
2026-09-17T04:55:50+00:00,185,501459,Sakamoto,7,9,Coventry City,Midfielder,4.9,0.0,-0.1,a,,,,,0.1,0.2,0.2,0.2,64,608,812,4988,,,
2026-09-17T04:55:50+00:00,186,241293,Mason-Clark,7,9,Coventry City,Midfielder,5.4,0.0,-0.1,a,,2026-08-19T18:00:08.310507Z,100,100,0.1,1.0,1.0,1.0,68,573,1007,5241,,,
2026-09-17T04:55:50+00:00,187,439668,Eccles,7,9,Coventry City,Midfielder,4.9,0.0,-0.1,i,Unspecified injury - Expected back 12 Oct,2026-09-10T18:30:08.877110Z,0,0,0.0,0.0,0.0,0.0,11,226,607,1271,,,
2026-09-17T04:55:50+00:00,188,226965,Torp,7,9,Coventry City,Midfielder,5.4,0.0,-0.1,a,,,,,0.1,0.8,0.8,0.8,26,710,727,7100,2,,
2026-09-17T04:55:50+00:00,189,684268,Shepherd,7,9,Coventry City,Midfielder,4.5,0.0,0.0,a,,,,,0.2,0.0,0.0,0.0,331,1687,4343,11599,,,
2026-09-17T04:55:50+00:00,190,469272,Tchaouna,7,9,Coventry City,Midfielder,5.4,0.0,-0.1,a,,,,,0.1,1.0,1.0,1.0,23,665,3100,7445,,,
2026-09-17T04:55:50+00:00,191,492498,Borges Rodrigues,7,9,Coventry City,Midfielder,4.5,0.0,0.0,u,Has joined Burton Albion on loan for the rest of the season,2026-09-02T15:44:14.868001Z,0,0,0.1,0.0,0.0,0.0,0,1246,1943,10135,,,
2026-09-17T04:55:50+00:00,192,629397,Andrews,7,9,Coventry City,Midfielder,4.5,0.0,0.0,u,Has joined Oxford United on loan for the rest of the season,2026-08-29T00:35:59.998520Z,0,0,0.3,0.0,0.0,0.0,0,3584,2718,36886,,,
2026-09-17T04:55:50+00:00,193,176412,Wright,7,9,Coventry City,Forward,5.4,0.0,-0.1,i,Thigh injury - Unknown return date,2026-08-14T22:00:07.214508Z,0,0,0.1,0.0,0.0,0.0,58,852,528,11531,1,,
2026-09-17T04:55:50+00:00,194,230730,Thomas-Asante,7,9,Coventry City,Forward,5.0,0.0,0.0,a,,,,,0.8,1.2,1.2,1.2,5554,7920,47691,45981,4,,
2026-09-17T04:55:50+00:00,195,218997,Simms,7,9,Coventry City,Forward,5.0,0.0,0.0,a,,,,,0.7,0.8,0.8,0.8,1911,7673,37510,53466,,,
2026-09-17T04:55:50+00:00,196,551262,Markelo,7,9,Coventry City,Forward,5.0,0.0,0.0,u,Has joined Shabab Al-Ahli Dubai permanently,2026-08-17T13:53:55.791223Z,0,0,0.0,0.0,0.0,0.0,0,81,0,1103,,,
2026-09-17T04:55:50+00:00,197,549653,Bassette,7,9,Coventry City,Forward,4.5,0.0,0.0,u,Has joined KVC Westerlo on loan for the rest of the season,2026-07-28T12:58:50.001768Z,0,0,0.0,0.0,0.0,0.0,0,197,0,1883,,,
2026-09-17T04:55:50+00:00,492,210156,Awoniyi,7,9,Coventry City,Forward,5.5,0.0,0.0,s,Suspended until 19 Oct,2026-09-13T15:00:09.305127Z,,0,0.5,0.8,0.8,0.0,521,12996,21208,50744,5,,
2026-09-17T04:55:50+00:00,575,661888,Yirenkyi,7,9,Coventry City,Midfielder,4.9,0.0,-0.1,a,,,,,0.2,1.5,1.5,1.5,186,1629,2602,11550,,,
2026-09-17T04:55:50+00:00,584,196100,Hamer,7,9,Coventry City,Midfielder,5.4,0.0,-0.1,a,,,,,0.1,0.8,0.8,0.8,52,636,738,5632,,,
2026-09-17T04:55:50+00:00,599,627221,Cherif,7,9,Coventry City,Forward,5.0,0.0,0.0,a,,,,,0.1,0.2,0.2,0.2,1011,914,6285,6273,,,
2026-09-17T04:55:50+00:00,623,79602,Bentley,7,9,Coventry City,Goalkeeper,4.0,0.0,0.0,a,,,,,0.6,0.0,0.0,0.0,7919,1684,64982,15605,,,
2026-09-17T04:55:50+00:00,655,242893,Gboho,7,9,Coventry City,Midfielder,5.5,0.0,0.0,a,,,,,0.0,0.0,2.0,2.0,80,27,145,34,,,
2026-09-17T04:55:50+00:00,656,566213,Mfuni,7,9,Coventry City,Defender,4.0,0.0,0.0,a,,,,,0.1,0.0,1.1,1.1,4918,1126,7729,1393,,,
2026-09-17T04:55:50+00:00,42,485337,Guessand,8,31,Crystal Palace,Midfielder,5.5,0.0,0.0,a,,,,,0.0,0.5,0.5,0.5,225,576,2199,3145,,,
2026-09-17T04:55:50+00:00,153,220362,Disasi,8,31,Crystal Palace,Defender,4.5,0.0,0.0,s,Suspended until 25 Oct,2026-09-12T15:30:09.445078Z,,0,0.1,0.2,0.2,0.0,110,3195,9354,7538,,,
2026-09-17T04:55:50+00:00,198,172649,Henderson,8,31,Crystal Palace,Goalkeeper,5.0,0.0,0.0,i,Foot injury - Expected back 11 Oct,2026-09-12T14:00:09.378740Z,100,0,1.6,1.2,1.2,0.0,168,41610,55084,90596,,,
2026-09-17T04:55:50+00:00,199,121709,Benitez,8,31,Crystal Palace,Goalkeeper,4.5,0.0,0.0,a,,,,,0.1,0.5,0.5,0.5,864,537,2543,4159,,,
2026-09-17T04:55:50+00:00,202,427623,Richards,8,31,Crystal Palace,Defender,5.0,0.0,0.0,a,,,,,0.6,1.5,1.5,1.5,1300,5622,20358,31855,,,
2026-09-17T04:55:50+00:00,203,651426,Canvot,8,31,Crystal Palace,Defender,4.9,0.0,-0.1,a,,,,,0.2,0.5,0.5,0.5,182,2807,5265,16741,,,
2026-09-17T04:55:50+00:00,204,244723,Mitchell,8,31,Crystal Palace,Defender,4.5,0.0,0.0,a,,,,,6.3,4.2,4.2,4.2,15924,43132,290678,217814,,,
2026-09-17T04:55:50+00:00,205,218364,Sosa,8,31,Crystal Palace,Defender,4.5,0.0,0.0,u,Has joined FC Cologne on loan for the rest of the season,2026-09-02T16:03:25.710518Z,0,0,0.0,0.0,0.0,0.0,0,205,236,1900,,,
2026-09-17T04:55:50+00:00,206,515621,Chadi Riad,8,31,Crystal Palace,Defender,4.4,0.0,-0.1,i,Knee injury - Unknown return date,2026-08-22T18:00:07.352049Z,0,0,0.0,0.2,0.0,0.0,34,265,605,5433,,,
2026-09-17T04:55:50+00:00,207,242313,Mingueza,8,31,Crystal Palace,Defender,4.4,0.0,-0.1,a,,,,,0.1,0.5,0.5,0.5,187,651,1847,4249,,,
2026-09-17T04:55:50+00:00,208,232185,Sarr,8,31,Crystal Palace,Midfielder,6.2,-0.1,-0.3,d,Groin injury - 50% chance of playing,2026-08-22T18:00:07.363165Z,0,50,0.6,0.0,0.0,0.0,72,9389,2683,371452,2,,
2026-09-17T04:55:50+00:00,210,496221,Wharton,8,31,Crystal Palace,Midfielder,5.5,0.0,0.0,a,,2026-07-23T12:01:23.498963Z,100,100,0.8,2.5,2.5,2.5,1949,7975,27529,40090,,,
2026-09-17T04:55:50+00:00,211,488024,Yeremy,8,31,Crystal Palace,Midfielder,5.5,0.0,0.0,a,,,,,0.4,3.0,3.0,3.0,1090,7497,43706,21733,,,
2026-09-17T04:55:50+00:00,212,108413,Hughes,8,31,Crystal Palace,Midfielder,4.4,-0.1,-0.1,a,,,,,8.0,0.5,0.5,0.5,16153,60881,100541,398561,,,
2026-09-17T04:55:50+00:00,213,152551,Lerma,8,31,Crystal Palace,Midfielder,4.9,0.0,-0.1,a,,,,,0.1,0.2,0.2,0.2,124,515,1151,4840,,,
2026-09-17T04:55:50+00:00,214,209400,Kamada,8,31,Crystal Palace,Midfielder,5.0,0.0,0.0,a,,,,,0.5,4.5,4.5,4.5,14710,4302,39056,18072,,,
2026-09-17T04:55:50+00:00,215,489706,Devenny,8,31,Crystal Palace,Midfielder,5.0,0.0,0.0,u,Has joined Stoke City permanently,2026-09-02T15:41:07.346849Z,0,0,0.0,0.0,0.0,0.0,0,77,132,867,3,,
2026-09-17T04:55:50+00:00,216,606921,Esse,8,31,Crystal Palace,Midfielder,5.0,0.0,0.0,u,Has joined Millwall on loan for the rest of the season,2026-09-02T15:41:07.376544Z,0,0,0.0,0.0,0.0,0.0,0,298,399,3004,,,
2026-09-17T04:55:50+00:00,217,536694,M.França,8,31,Crystal Palace,Midfielder,4.9,0.0,-0.1,u,Has joined Alverca on loan for the rest of the season,2026-09-11T14:42:19.322912Z,0,0,0.0,0.0,0.0,0.0,0,475,1007,3082,,,
2026-09-17T04:55:50+00:00,218,438464,Doucouré,8,31,Crystal Palace,Midfielder,4.9,0.0,-0.1,a,,,,,0.1,0.0,0.0,0.0,188,573,1890,3890,,,
2026-09-17T04:55:50+00:00,219,450542,J.Rak-Sakyi,8,31,Crystal Palace,Midfielder,4.9,0.0,-0.1,u,has joined  Kasimpasa on loan for the rest of the seaon.,2026-09-10T09:12:47.224598Z,0,0,0.0,0.0,0.0,0.0,0,82,145,423,,,
2026-09-17T04:55:50+00:00,220,590014,Cardines,8,31,Crystal Palace,Defender,4.5,0.0,0.0,u,Has joined Bristol City on loan for the rest of the season,2026-08-12T14:08:46.501813Z,0,0,0.0,0.0,0.0,0.0,0,6,0,123,,,
2026-09-17T04:55:50+00:00,221,672492,Drakes-Thomas,8,31,Crystal Palace,Midfielder,4.5,0.0,0.0,a,,,,,0.1,0.0,0.0,0.0,243,655,2431,3910,,,
2026-09-17T04:55:50+00:00,222,247412,Strand Larsen,8,31,Crystal Palace,Forward,6.0,0.0,0.0,a,,,,,0.6,3.0,3.0,3.0,8994,5683,39028,31599,,,
2026-09-17T04:55:50+00:00,223,231747,Mateta,8,31,Crystal Palace,Forward,6.3,-0.1,-0.2,i,Hamstring injury - Expected back 11 Oct,2026-08-28T21:00:08.020382Z,0,0,1.5,0.5,0.0,0.0,138,19052,25659,435005,1,,
2026-09-17T04:55:50+00:00,224,205533,Nketiah,8,31,Crystal Palace,Forward,5.5,0.0,0.0,d,Unspecified injury - 75% chance of playing,2026-09-12T14:00:09.427136Z,,75,0.6,1.8,1.8,1.4,263,16075,45218,39743,,,
2026-09-17T04:55:50+00:00,225,660392,Uche,8,31,Crystal Palace,Forward,5.0,0.0,0.0,u,has returned to Getafe CF,2026-07-23T12:18:56.275922Z,0,0,0.0,0.0,0.0,0.0,0,0,0,0,,,
2026-09-17T04:55:50+00:00,241,433154,McNeil,8,31,Crystal Palace,Midfielder,5.4,0.0,-0.1,a,,,,,0.1,0.8,0.8,0.8,124,967,1646,7137,,,
2026-09-17T04:55:50+00:00,555,169593,Matthews,8,31,Crystal Palace,Goalkeeper,4.0,0.0,0.0,a,,,,,1.7,0.0,0.0,0.0,2314,4056,21037,26703,,,
2026-09-17T04:55:50+00:00,577,223723,Tomiyasu,8,31,Crystal Palace,Defender,4.4,-0.1,-0.1,a,,,,,0.3,0.5,0.5,0.5,292,1883,3124,11179,,,
2026-09-17T04:55:50+00:00,588,570794,Khalaili,8,31,Crystal Palace,Defender,5.0,0.0,0.0,a,,,,,0.3,3.2,3.2,3.2,4274,2918,31153,10641,,,
2026-09-17T04:55:50+00:00,595,559152,Gozo,8,31,Crystal Palace,Midfielder,5.0,0.0,0.0,a,,,,,0.0,0.5,0.5,0.5,62,131,431,726,,,
2026-09-17T04:55:50+00:00,633,605972,Ahanor,8,31,Crystal Palace,Defender,4.5,0.0,0.0,a,,,,,0.0,1.5,1.5,1.5,521,145,1586,357,,,
2026-09-17T04:55:50+00:00,643,172850,Chilwell,8,31,Crystal Palace,Defender,4.5,0.0,0.0,a,,,,,0.5,4.0,4.0,4.0,2377,5989,41662,11742,,,
2026-09-17T04:55:50+00:00,644,450063,Timber,8,31,Crystal Palace,Midfielder,5.0,0.0,0.0,a,,,,,0.0,3.0,3.0,3.0,1019,392,3432,956,,,
2026-09-17T04:55:50+00:00,647,533646,Osorio,8,31,Crystal Palace,Midfielder,5.5,0.0,0.0,a,,,,,0.0,0.5,0.5,0.5,58,108,897,273,,,
2026-09-17T04:55:50+00:00,21,128295,Nørgaard,9,11,Everton,Midfielder,4.9,0.0,-0.1,i,Groin injury - Unknown return date,2026-08-15T20:00:06.779594Z,0,0,0.0,0.0,0.0,0.0,33,511,427,6830,,,
2026-09-17T04:55:50+00:00,209,242898,Johnson,9,11,Everton,Midfielder,5.9,0.0,-0.1,a,,,,,0.1,1.5,1.5,1.5,1267,919,3854,9173,,,
2026-09-17T04:55:50+00:00,226,111234,Pickford,9,11,Everton,Goalkeeper,5.5,0.0,0.0,a,,,,,8.9,4.2,4.2,4.2,43152,27700,232940,206793,,,
2026-09-17T04:55:50+00:00,227,229600,Travers,9,11,Everton,Goalkeeper,5.0,0.0,0.0,a,,,,,0.0,0.0,0.0,0.0,380,321,1362,1721,,,
2026-09-17T04:55:50+00:00,228,138001,King,9,11,Everton,Goalkeeper,4.5,0.0,0.0,a,,,,,0.0,0.0,0.0,0.0,150,212,974,1483,,,
2026-09-17T04:55:50+00:00,229,17761,Tarkowski,9,11,Everton,Defender,6.1,0.1,0.1,a,,,,,13.5,7.2,7.2,7.2,190492,30229,608435,244614,,,
2026-09-17T04:55:50+00:00,230,480455,Branthwaite,9,11,Everton,Defender,5.5,0.0,0.0,a,,,,,2.2,4.8,4.8,4.8,29634,8349,99710,59621,,,
2026-09-17T04:55:50+00:00,231,106611,Keane,9,11,Everton,Defender,4.8,-0.1,-0.2,a,,,,,0.8,0.0,0.0,0.0,1244,8060,8066,82650,,,
2026-09-17T04:55:50+00:00,232,512462,O'Brien,9,11,Everton,Defender,4.9,0.0,-0.1,a,,,,,0.3,0.2,0.2,0.2,772,1800,3770,22498,,,
2026-09-17T04:55:50+00:00,233,224967,Mykolenko,9,11,Everton,Defender,4.5,0.0,0.0,a,,,,,3.2,5.5,5.5,5.5,125216,13240,257802,85571,,,
2026-09-17T04:55:50+00:00,234,243571,Patterson,9,11,Everton,Defender,4.5,0.0,0.0,u,Has joined Torino permanently,2026-09-02T16:05:23.326971Z,0,0,0.0,0.0,0.0,0.0,0,227,371,2219,,,
2026-09-17T04:55:50+00:00,235,499300,Aznou,9,11,Everton,Defender,4.0,0.0,0.0,u,Has joined Malaga on loan for the rest of the season,2026-09-01T13:23:16.934847Z,0,0,0.1,0.0,0.0,0.0,0,1127,1728,10074,,,
2026-09-17T04:55:50+00:00,236,215413,Dewsbury-Hall,9,11,Everton,Midfielder,6.5,0.0,0.0,a,,,,,5.3,4.2,4.2,4.2,92382,37964,427030,257768,,,
2026-09-17T04:55:50+00:00,238,114283,Grealish,9,11,Everton,Midfielder,6.5,0.0,0.0,a,,2026-07-29T10:00:10.492904Z,100,100,0.4,0.8,0.8,0.8,5974,4086,32705,18332,,,
2026-09-17T04:55:50+00:00,239,232928,Garner,9,11,Everton,Midfielder,6.0,0.0,0.0,a,,2026-09-06T18:00:08.301702Z,100,100,0.2,2.0,2.0,2.0,6283,1902,13483,10578,2,,
2026-09-17T04:55:50+00:00,242,550615,George,9,11,Everton,Midfielder,5.5,0.0,0.0,a,,,,,0.8,4.5,4.5,4.5,28217,6605,82322,27312,,,
2026-09-17T04:55:50+00:00,243,502697,Alcaraz,9,11,Everton,Midfielder,4.9,0.0,-0.1,a,,,,,0.1,0.2,0.2,0.2,318,694,2480,5096,,,
2026-09-17T04:55:50+00:00,244,609873,Armstrong,9,11,Everton,Midfielder,5.0,0.0,0.0,a,,,,,0.4,3.5,3.5,3.5,5561,4185,52671,24681,,,
2026-09-17T04:55:50+00:00,245,496661,Dibling,9,11,Everton,Midfielder,5.4,0.0,-0.1,a,,,,,0.0,0.0,0.0,0.0,142,255,909,2379,,,
2026-09-17T04:55:50+00:00,246,513466,Röhl,9,11,Everton,Midfielder,4.9,-0.1,-0.1,d,Unspecified injury - 75% chance of playing,2026-09-16T18:00:09.541933Z,,75,0.0,1.5,1.5,1.1,269,644,1939,3488,,,
2026-09-17T04:55:50+00:00,247,244860,Hackney,9,11,Everton,Midfielder,5.5,0.0,0.0,a,,2026-08-26T22:00:07.797766Z,100,100,0.2,2.2,2.2,2.2,485,1327,3310,10205,,,
2026-09-17T04:55:50+00:00,248,486385,Beto,9,11,Everton,Forward,5.4,0.0,-0.1,u,Has joined Fiorentina permanently,2026-09-02T16:05:23.357221Z,0,0,0.8,0.5,0.0,0.0,0,16509,16222,203515,,,
2026-09-17T04:55:50+00:00,249,586309,Barry,9,11,Everton,Forward,5.6,0.0,0.1,a,,,,,6.7,3.5,3.5,3.5,95348,52509,715292,286355,1,,
2026-09-17T04:55:50+00:00,649,154043,Maitland-Niles,9,11,Everton,Defender,4.5,0.0,0.0,a,,,,,0.8,6.5,6.5,6.5,31612,3918,50576,7748,,,
2026-09-17T04:55:50+00:00,654,629068,Graham,9,11,Everton,Midfielder,4.5,0.0,0.0,a,,,,,0.1,0.0,0.0,0.0,1336,1680,10797,3741,,,
2026-09-17T04:55:50+00:00,250,80201,Leno,10,54,Fulham,Goalkeeper,4.5,0.0,0.0,a,,,,,3.0,3.8,3.8,3.8,22634,10331,96158,83961,,,
2026-09-17T04:55:50+00:00,251,86873,Lecomte,10,54,Fulham,Goalkeeper,4.0,0.0,0.0,a,,,,,1.1,0.0,0.0,0.0,2307,2646,21400,21795,,,
2026-09-17T04:55:50+00:00,252,505079,McNally,10,54,Fulham,Goalkeeper,4.0,0.0,0.0,u,Has joined York City on loan for the rest of the season,2026-09-01T13:25:11.231240Z,0,0,0.1,0.0,0.0,0.0,0,627,2589,5715,,,
2026-09-17T04:55:50+00:00,253,174874,Andersen,10,54,Fulham,Defender,5.0,0.0,0.0,a,,2026-07-23T12:01:23.516350Z,100,100,0.1,0.5,0.5,0.5,1221,1377,11264,7410,,,
2026-09-17T04:55:50+00:00,254,169528,Robinson,10,54,Fulham,Defender,4.5,0.0,0.0,a,,,,,1.4,2.5,2.5,2.5,6695,6998,37611,59694,2,,
2026-09-17T04:55:50+00:00,255,246301,J.Cuenca,10,54,Fulham,Defender,4.5,0.0,0.0,a,,,,,0.0,0.8,0.8,0.8,59,241,1450,1802,,,
2026-09-17T04:55:50+00:00,256,167074,Tete,10,54,Fulham,Defender,4.4,0.0,-0.1,a,,,,,0.2,0.0,0.0,0.0,261,1086,1266,8458,,,
2026-09-17T04:55:50+00:00,257,232892,Bassey,10,54,Fulham,Defender,4.5,0.0,0.0,a,,,,,0.7,2.2,2.2,2.2,2480,2436,19836,26669,,,
2026-09-17T04:55:50+00:00,258,166477,Castagne,10,54,Fulham,Defender,4.5,0.0,0.0,a,,,,,0.8,4.8,4.8,4.8,8546,4572,71059,35687,,,
2026-09-17T04:55:50+00:00,261,153133,Iwobi,10,54,Fulham,Midfielder,5.4,0.0,-0.1,a,,,,,0.7,2.2,2.2,2.2,1986,6108,17831,48890,3,,
2026-09-17T04:55:50+00:00,262,209289,Smith Rowe,10,54,Fulham,Midfielder,5.4,0.0,-0.1,a,,,,,0.3,0.8,0.8,0.8,375,2287,3991,18455,,,
2026-09-17T04:55:50+00:00,263,560552,Kevin,10,54,Fulham,Midfielder,5.3,-0.1,-0.2,a,,,,,0.0,0.8,0.8,0.8,443,457,1651,3723,,,
2026-09-17T04:55:50+00:00,264,477555,Bobb,10,54,Fulham,Midfielder,5.5,0.0,0.0,a,,,,,0.3,2.5,2.5,2.5,1620,2605,12881,17835,,,
2026-09-17T04:55:50+00:00,265,207189,Berge,10,54,Fulham,Midfielder,4.9,0.0,-0.1,a,,,,,0.3,2.0,2.0,2.0,1161,2008,5249,15568,,,
2026-09-17T04:55:50+00:00,266,76357,Cairney,10,54,Fulham,Midfielder,4.9,-0.1,-0.1,i,Knee injury - Expected back 10 Oct,2026-08-14T18:00:06.460944Z,0,0,0.0,0.0,0.0,0.0,10,33,96,283,,,
2026-09-17T04:55:50+00:00,268,577725,King,10,54,Fulham,Midfielder,5.5,0.0,0.0,a,,,,,1.6,5.5,5.5,5.5,53942,15335,193356,67453,,,
2026-09-17T04:55:50+00:00,269,184349,Sessegnon,10,54,Fulham,Defender,4.4,0.0,-0.1,d,Groin injury - 75% chance of playing,2026-09-14T11:30:07.403957Z,,75,0.3,0.8,0.8,0.6,213,3053,2428,15461,,,
2026-09-17T04:55:50+00:00,270,153366,Reed,10,54,Fulham,Midfielder,4.4,-0.1,-0.1,a,,,,,1.2,0.0,0.0,0.0,12356,10469,29633,60049,,,
2026-09-17T04:55:50+00:00,271,244042,Muniz,10,54,Fulham,Forward,5.4,0.0,-0.1,a,,,,,0.4,0.8,0.8,0.8,2091,3847,12936,29961,,,
2026-09-17T04:55:50+00:00,272,631786,Kusi-Asare,10,54,Fulham,Forward,4.5,0.0,0.0,a,,,,,5.8,0.0,0.0,0.0,19512,39628,138797,236589,,,
2026-09-17T04:55:50+00:00,569,551466,Gonzalo,10,54,Fulham,Forward,6.0,0.0,0.0,a,,,,,3.6,3.0,3.0,3.0,17505,48023,336943,253240,1,,
2026-09-17T04:55:50+00:00,570,571779,Palacios,10,54,Fulham,Midfielder,5.4,-0.1,-0.1,a,,,,,0.2,2.8,2.8,2.8,968,1612,4339,8884,,,
2026-09-17T04:55:50+00:00,580,463210,Charles,10,54,Fulham,Midfielder,5.0,0.0,0.0,a,,,,,0.1,2.2,2.2,2.2,471,418,1459,3401,,,
2026-09-17T04:55:50+00:00,610,547686,De Fougerolles,10,54,Fulham,Defender,4.0,0.0,0.0,u,has joined  Real Salt Lake on loan for the rest of the seaon.,2026-08-28T11:30:08.336405Z,0,0,0.1,0.0,0.0,0.0,0,884,5787,4462,,,
2026-09-17T04:55:50+00:00,626,616069,Zepa,10,54,Fulham,Midfielder,4.5,0.0,0.0,a,,,,,0.3,0.0,0.0,0.0,912,3573,34083,14930,,,
2026-09-17T04:55:50+00:00,635,551050,Larsson,10,54,Fulham,Midfielder,5.0,0.0,0.0,a,,,,,0.0,1.0,1.0,1.0,133,77,687,185,,,
2026-09-17T04:55:50+00:00,636,500033,Ángel,10,54,Fulham,Midfielder,5.0,0.0,0.0,a,,,,,0.0,0.0,0.0,0.0,61,47,314,115,,,
2026-09-17T04:55:50+00:00,650,442299,Affengruber,10,54,Fulham,Defender,4.5,0.0,0.0,a,,,,,0.0,4.0,4.0,4.0,1583,328,2061,457,,,
2026-09-17T04:55:50+00:00,240,490094,Iroegbunam,11,88,Hull City,Midfielder,5.0,0.0,0.0,a,,2026-08-15T20:00:06.878792Z,100,100,0.0,0.2,0.2,0.2,314,199,978,940,,,
2026-09-17T04:55:50+00:00,273,167825,Phillips,11,88,Hull City,Goalkeeper,4.0,0.0,0.0,a,,,,,1.4,0.0,0.0,0.0,3446,4433,24475,32580,,,
2026-09-17T04:55:50+00:00,274,105666,Butland,11,88,Hull City,Goalkeeper,4.5,0.0,0.0,i,Arm injury - Unknown return date,2026-08-08T19:00:05.601633Z,0,0,0.1,0.0,0.0,0.0,71,424,531,4468,,,
2026-09-17T04:55:50+00:00,275,494950,Cartwright,11,88,Hull City,Goalkeeper,4.0,0.0,0.0,u,Has joined Grimsby Town on loan for the rest of the season,2026-07-29T13:00:27.959925Z,0,0,0.0,0.0,0.0,0.0,0,34,0,295,,,
2026-09-17T04:55:50+00:00,276,444307,Lo-Tutala,11,88,Hull City,Goalkeeper,4.0,0.0,0.0,u,Has joined Colchester United on loan for the rest of the season,2026-08-17T13:50:27.125537Z,0,0,0.0,0.0,0.0,0.0,0,100,0,959,,,
2026-09-17T04:55:50+00:00,277,108416,Egan,11,88,Hull City,Defender,4.1,0.0,0.1,a,,,,,6.8,6.2,6.2,6.2,75073,28118,677451,170542,,,
2026-09-17T04:55:50+00:00,278,501902,Hughes,11,88,Hull City,Defender,3.9,-0.1,-0.1,i,Groin injury - Unknown return date,2026-08-02T09:00:11.030017Z,0,0,0.2,0.0,0.0,0.0,12297,3628,12708,8958,,,
2026-09-17T04:55:50+00:00,279,146426,Ajayi,11,88,Hull City,Defender,4.2,0.0,0.2,a,,2026-08-22T17:30:07.668197Z,100,100,13.8,6.5,6.5,6.5,172964,57851,1234283,221236,,,
2026-09-17T04:55:50+00:00,280,193278,Coyle,11,88,Hull City,Defender,4.0,0.0,0.0,a,,2026-08-29T16:30:08.151841Z,100,100,0.7,3.2,3.2,3.2,8114,2777,21757,22172,,,
2026-09-17T04:55:50+00:00,281,433590,Drameh,11,88,Hull City,Defender,4.0,0.0,0.0,u,Has joined Genoa permanently,2026-09-02T16:09:06.479140Z,0,0,0.0,0.5,0.0,0.0,0,490,2118,4079,,,
2026-09-17T04:55:50+00:00,282,232351,Giles,11,88,Hull City,Defender,4.0,0.0,0.0,a,,,,,2.5,6.0,6.0,6.0,93299,13712,208915,43168,,,
2026-09-17T04:55:50+00:00,283,449428,Jacob,11,88,Hull City,Defender,4.0,0.0,0.0,u,Has joined Newport County on loan until January,2026-08-02T09:00:11.038361Z,0,0,0.0,0.0,0.0,0.0,0,67,114,630,,,
2026-09-17T04:55:50+00:00,284,661800,McCarthy,11,88,Hull City,Defender,4.0,0.0,0.0,a,,,,,0.1,0.0,0.0,0.0,934,632,4102,3843,,,
2026-09-17T04:55:50+00:00,285,160817,McNair,11,88,Hull City,Defender,4.0,0.0,0.0,a,,2026-09-09T13:30:08.327907Z,100,100,0.1,0.2,0.2,0.2,469,607,2697,3999,,,
2026-09-17T04:55:50+00:00,286,540324,Belloumi,11,88,Hull City,Midfielder,5.1,0.1,0.1,a,,,,,3.5,6.8,6.8,6.8,247075,19528,314093,45656,,,
2026-09-17T04:55:50+00:00,287,232905,Millar,11,88,Hull City,Midfielder,5.0,0.0,0.0,u,Has joined Birmingham on loan for the rest of the season,2026-09-02T15:36:41.038103Z,0,0,0.0,1.5,0.0,0.0,0,750,3178,6962,,,
2026-09-17T04:55:50+00:00,288,171270,Dowell,11,88,Hull City,Midfielder,4.5,0.0,0.0,a,,,,,0.3,0.0,0.0,0.0,1134,2944,11338,18053,,,
2026-09-17T04:55:50+00:00,289,101282,Crooks,11,88,Hull City,Midfielder,4.5,0.0,0.0,a,,2026-08-29T15:00:08.569326Z,100,100,0.5,0.8,0.8,0.8,2992,3673,18275,33596,,,
2026-09-17T04:55:50+00:00,290,243413,Slater,11,88,Hull City,Midfielder,4.5,0.0,0.0,a,,,,,5.6,3.2,3.2,3.2,43691,38424,463938,215851,,,
2026-09-17T04:55:50+00:00,291,465525,Matazo,11,88,Hull City,Midfielder,4.5,0.0,0.0,i,Knee injury - Unknown return date,2026-07-23T12:01:23.532635Z,0,0,0.0,0.0,0.0,0.0,47,51,331,399,,,
2026-09-17T04:55:50+00:00,292,208481,Ömür,11,88,Hull City,Midfielder,4.9,0.0,-0.1,a,,,,,0.0,0.0,0.0,0.0,233,239,1063,1408,,,
2026-09-17T04:55:50+00:00,293,490161,Kamara,11,88,Hull City,Midfielder,5.0,0.0,0.0,u,Has joined Portsmouth permanently,2026-08-12T14:08:23.542043Z,0,0,0.0,0.0,0.0,0.0,0,18,0,358,,,
2026-09-17T04:55:50+00:00,294,553783,Zambrano,11,88,Hull City,Midfielder,4.5,0.0,0.0,a,,2026-08-04T18:30:11.016909Z,100,100,0.1,0.0,0.0,0.0,1002,803,3517,5981,,,
2026-09-17T04:55:50+00:00,295,169432,McBurnie,11,88,Hull City,Forward,5.5,0.0,0.0,a,,,,,2.0,3.0,3.0,3.0,22642,17199,168130,123871,1,,
2026-09-17T04:55:50+00:00,296,213292,Akintola,11,88,Hull City,Midfielder,5.0,0.0,0.0,u,Has joined Omonoia FC permanently,2026-09-11T14:42:38.120231Z,0,0,0.0,0.0,0.0,0.0,0,939,2704,4339,,,
2026-09-17T04:55:50+00:00,297,470294,Gyabi,11,88,Hull City,Midfielder,4.5,0.0,0.0,i,Thigh injury - Unknown return date,2026-08-04T18:30:11.027155Z,0,0,0.0,0.0,0.0,0.0,45,144,373,1395,,,
2026-09-17T04:55:50+00:00,298,500957,Destan,11,88,Hull City,Forward,4.5,0.0,0.0,u,Has joined Konyaspor permanently,2026-08-17T13:50:27.145733Z,0,0,0.2,0.0,0.0,0.0,0,1898,0,20090,,,
2026-09-17T04:55:50+00:00,299,534392,Burstow,11,88,Hull City,Forward,4.5,0.0,0.0,u,Has joined Sheffield Wednesday on loan for the rest of the season,2026-08-03T14:05:20.234842Z,0,0,0.0,0.0,0.0,0.0,0,266,0,2751,,,
2026-09-17T04:55:50+00:00,340,462635,Gelhardt,11,88,Hull City,Midfielder,5.0,0.0,0.0,a,,2026-08-17T21:30:07.799839Z,100,100,0.0,0.0,0.0,0.0,211,167,540,841,,,
2026-09-17T04:55:50+00:00,556,169359,Targett,11,88,Hull City,Defender,4.0,0.0,0.0,a,,,,,1.8,0.2,0.2,0.2,3416,10812,24466,68611,,,
2026-09-17T04:55:50+00:00,563,445028,Morita,11,88,Hull City,Midfielder,5.0,0.0,0.0,i,Calf injury - Expected back 11 Oct,2026-09-09T14:00:08.474217Z,0,0,0.0,0.2,0.0,0.0,17,328,697,1483,,,
2026-09-17T04:55:50+00:00,572,473284,Tzolakis,11,88,Hull City,Goalkeeper,4.6,0.0,0.1,a,,,,,11.0,7.0,7.0,7.0,109049,37073,817659,178109,,,
2026-09-17T04:55:50+00:00,574,552946,Hjertø-Dahl,11,88,Hull City,Midfielder,4.9,0.0,-0.1,a,,,,,0.1,0.2,0.2,0.2,215,527,1287,3821,,,
2026-09-17T04:55:50+00:00,576,608227,Stroud,11,88,Hull City,Midfielder,5.0,0.0,0.0,a,,,,,0.1,1.8,1.8,1.8,439,581,3260,3895,,,
2026-09-17T04:55:50+00:00,585,597462,Herrington,11,88,Hull City,Defender,4.0,0.0,0.0,a,,,,,0.6,1.0,1.0,1.0,2464,2406,10805,15699,,,
2026-09-17T04:55:50+00:00,586,606930,Mendy,11,88,Hull City,Defender,4.1,0.0,0.1,d,Concussion - 50% chance of playing,2026-09-12T18:00:09.334142Z,100,50,7.1,6.2,6.2,3.1,12659,98650,675529,257336,,,
2026-09-17T04:55:50+00:00,589,469266,Gourna-Douath,11,88,Hull City,Midfielder,5.0,0.0,0.0,a,,,,,0.0,0.8,0.8,0.8,112,184,632,1127,,,
2026-09-17T04:55:50+00:00,617,490884,Cho,11,88,Hull City,Midfielder,5.0,0.0,0.0,a,,,,,0.0,1.0,1.0,1.0,282,169,1317,552,,,
2026-09-17T04:55:50+00:00,632,626751,Ansah,11,88,Hull City,Forward,5.0,0.0,0.0,i,Back injury - Unknown return date,2026-09-09T10:00:08.919489Z,0,0,0.0,0.0,0.0,0.0,102,997,4998,2759,,,
2026-09-17T04:55:50+00:00,637,631000,Vaz,11,88,Hull City,Forward,5.0,0.0,0.0,a,,,,,0.1,0.5,0.5,0.5,3894,1111,8813,2214,,,
2026-09-17T04:55:50+00:00,638,496181,Norton-Cuffy,11,88,Hull City,Defender,4.0,0.0,0.0,a,,,,,0.3,0.5,0.5,0.5,3830,2644,24432,6893,,,
2026-09-17T04:55:50+00:00,642,243951,Thomas,11,88,Hull City,Midfielder,5.5,0.0,0.0,a,,,,,0.0,1.0,1.0,1.0,933,352,2262,687,,,
2026-09-17T04:55:50+00:00,645,647839,Mouzakitis,11,88,Hull City,Midfielder,5.0,0.0,0.0,a,,,,,0.0,0.0,0.0,0.0,163,79,643,193,,,
2026-09-17T04:55:50+00:00,259,219924,Diop,12,40,Ipswich Town,Defender,4.0,0.0,0.0,a,,,,,13.6,2.0,2.0,2.0,13299,68040,122662,407716,,,
2026-09-17T04:55:50+00:00,267,212314,Lukić,12,40,Ipswich Town,Midfielder,5.0,0.0,0.0,a,,,,,0.1,2.2,2.2,2.2,224,797,2983,5365,,,
2026-09-17T04:55:50+00:00,300,108813,Walton,12,40,Ipswich Town,Goalkeeper,4.4,0.0,-0.1,a,,,,,0.4,0.0,0.0,0.0,579,1407,1501,13214,,,
2026-09-17T04:55:50+00:00,301,112520,Palmer,12,40,Ipswich Town,Goalkeeper,4.0,0.0,0.0,a,,,,,4.0,0.0,0.0,0.0,6077,13051,67490,94150,,,
2026-09-17T04:55:50+00:00,302,50093,Button,12,40,Ipswich Town,Goalkeeper,4.0,0.0,0.0,a,,,,,0.6,0.0,0.0,0.0,1772,1491,28831,13003,,,
2026-09-17T04:55:50+00:00,303,183015,Kipré,12,40,Ipswich Town,Defender,3.9,-0.1,-0.1,a,,,,,0.9,0.0,0.0,0.0,26972,5605,28525,20106,,,
2026-09-17T04:55:50+00:00,304,216616,O'Shea,12,40,Ipswich Town,Defender,4.0,0.0,0.0,a,,,,,2.9,2.0,2.0,2.0,4234,12259,60231,103987,,,
2026-09-17T04:55:50+00:00,305,455084,Davis,12,40,Ipswich Town,Defender,4.0,0.0,0.0,a,,,,,6.4,5.8,5.8,5.8,138065,19862,253891,141635,,,
2026-09-17T04:55:50+00:00,306,449429,Greaves,12,40,Ipswich Town,Defender,4.0,0.0,0.0,a,,,,,1.2,0.8,0.8,0.8,929,4067,7239,31113,,,
2026-09-17T04:55:50+00:00,307,222018,Johnson,12,40,Ipswich Town,Defender,4.0,0.0,0.0,u,Has joined Stoke City on loan for the rest of the season,2026-09-04T12:36:56.236331Z,0,0,0.1,0.0,0.0,0.0,0,766,1137,5536,,,
2026-09-17T04:55:50+00:00,308,176420,Furlong,12,40,Ipswich Town,Defender,4.0,0.0,0.0,a,,,,,0.5,0.2,0.2,0.2,250,1981,1562,14661,,,
2026-09-17T04:55:50+00:00,309,501390,Núñez,12,40,Ipswich Town,Midfielder,4.9,-0.1,-0.1,a,,,,,0.1,1.5,1.5,1.5,214,1209,2894,6449,,,
2026-09-17T04:55:50+00:00,310,241117,Matusiwa,12,40,Ipswich Town,Midfielder,4.9,0.0,-0.1,a,,2026-07-29T18:00:10.305484Z,100,100,0.0,0.0,0.0,0.0,38,25,98,250,,,
2026-09-17T04:55:50+00:00,311,149929,Burns,12,40,Ipswich Town,Midfielder,5.0,0.0,0.0,u,Has joined Leicester City permanently,2026-08-10T14:02:47.597478Z,0,0,0.0,0.0,0.0,0.0,0,16,0,334,,,
2026-09-17T04:55:50+00:00,312,231899,Taylor,12,40,Ipswich Town,Midfielder,4.5,0.0,0.0,i,Knee injury - Unknown return date,2026-07-29T18:00:10.319370Z,0,0,0.0,0.0,0.0,0.0,58,246,535,2278,,,
2026-09-17T04:55:50+00:00,313,443261,Clarke,12,40,Ipswich Town,Midfielder,5.4,0.0,-0.1,a,,,,,0.2,2.2,2.2,2.2,331,1815,5168,13706,1,,
2026-09-17T04:55:50+00:00,314,229164,Ogbene,12,40,Ipswich Town,Midfielder,4.9,0.0,-0.1,u,Has joined Lincoln City on loan until January,2026-09-02T16:04:17.497385Z,0,0,0.0,0.0,0.0,0.0,0,108,104,1095,,,
2026-09-17T04:55:50+00:00,315,531442,Fatawu,12,40,Ipswich Town,Midfielder,5.5,0.0,0.0,a,,,,,0.2,2.2,2.2,2.2,394,1683,5060,9860,,,
2026-09-17T04:55:50+00:00,316,543968,Emersonn,12,40,Ipswich Town,Forward,5.5,0.0,0.0,a,,2026-08-31T09:30:08.306145Z,100,100,2.8,6.0,6.0,6.0,104062,16171,227700,108578,2,,
2026-09-17T04:55:50+00:00,317,222625,Hirst,12,40,Ipswich Town,Forward,5.0,0.0,0.0,u,Has joined Stoke City permanently,2026-08-21T13:06:08.606019Z,0,0,0.1,0.0,0.0,0.0,0,802,0,16034,,,
2026-09-17T04:55:50+00:00,318,481624,Philogene,12,40,Ipswich Town,Midfielder,5.4,0.0,-0.1,a,,2026-08-25T11:30:07.532993Z,100,100,0.1,0.2,0.2,0.2,68,242,253,8961,3,,
2026-09-17T04:55:50+00:00,319,172453,Szmodics,12,40,Ipswich Town,Midfielder,5.0,0.0,0.0,u,Has joined Derby County on loan for the rest of the season,2026-08-17T13:51:41.713979Z,0,0,0.0,0.0,0.0,0.0,0,39,0,726,,,
2026-09-17T04:55:50+00:00,320,147675,Akpom,12,40,Ipswich Town,Forward,5.0,0.0,0.0,a,,,,,1.2,1.5,1.5,1.5,14623,14110,118373,56934,,,
2026-09-17T04:55:50+00:00,321,557012,Walle Egeli,12,40,Ipswich Town,Forward,4.5,0.0,0.0,a,,,,,3.6,0.2,0.2,0.2,40315,29001,290813,164102,,,
2026-09-17T04:55:50+00:00,322,462387,Al-Hamadi,12,40,Ipswich Town,Forward,5.0,0.0,0.0,u,Has joined Sheffield Wednesday on loan for the rest of the season,2026-08-27T14:54:10.215357Z,0,0,0.1,0.0,0.0,0.0,0,615,755,9172,,,
2026-09-17T04:55:50+00:00,323,461587,McAteer,12,40,Ipswich Town,Midfielder,4.5,0.0,0.0,a,,,,,1.1,0.8,0.8,0.8,1680,8713,26041,50535,,,
2026-09-17T04:55:50+00:00,324,232457,Mehmeti,12,40,Ipswich Town,Midfielder,4.9,0.0,-0.1,a,,,,,0.0,0.0,0.0,0.0,40,216,286,2205,,,
2026-09-17T04:55:50+00:00,554,546600,Van Oevelen,12,40,Ipswich Town,Goalkeeper,4.5,0.0,0.0,u,Has joined Valencia on loan for the rest of the season,2026-08-25T14:04:09.529320Z,0,0,0.0,0.0,0.0,0.0,0,166,54,1803,,,
2026-09-17T04:55:50+00:00,562,442967,Maeda,12,40,Ipswich Town,Midfielder,5.4,0.0,-0.1,a,,,,,0.2,1.8,1.8,1.8,173,2588,2677,16987,,,
2026-09-17T04:55:50+00:00,564,240514,Scherpen,12,40,Ipswich Town,Goalkeeper,4.5,0.0,0.0,a,,,,,0.6,1.8,1.8,1.8,1535,2318,13199,18657,,,
2026-09-17T04:55:50+00:00,571,216055,Florentino,12,40,Ipswich Town,Midfielder,4.9,0.0,-0.1,a,,2026-08-25T11:30:07.678802Z,100,100,0.1,0.2,0.2,0.2,128,474,892,6265,,,
2026-09-17T04:55:50+00:00,591,474120,Enciso,12,40,Ipswich Town,Midfielder,5.5,0.0,0.0,a,,2026-08-22T18:00:07.551930Z,100,100,0.9,3.2,3.2,3.2,5479,9311,87578,40132,,,
2026-09-17T04:55:50+00:00,592,572584,Ouattara,12,40,Ipswich Town,Defender,4.0,0.0,0.0,a,,,,,0.9,1.0,1.0,1.0,1860,3442,12076,22100,,,
2026-09-17T04:55:50+00:00,602,524180,Humphreys,12,40,Ipswich Town,Midfielder,4.5,0.0,0.0,u,Has joined Huddersfield Town on loan for the rest of the season,2026-09-02T16:04:17.524642Z,0,0,0.0,0.0,0.0,0.0,0,380,2861,2885,,,
2026-09-17T04:55:50+00:00,619,218543,Palacios,12,40,Ipswich Town,Midfielder,5.0,0.0,0.0,a,,,,,0.1,3.0,3.0,3.0,2524,739,6256,2000,,,
2026-09-17T04:55:50+00:00,640,431639,Flemming,12,40,Ipswich Town,Forward,5.5,0.0,0.0,a,,,,,0.1,3.0,3.0,3.0,2785,741,7070,1663,,,
2026-09-17T04:55:50+00:00,260,153682,Wilson,13,2,Leeds,Midfielder,6.3,0.0,-0.2,a,,,,,2.4,1.2,1.2,1.2,2510,39384,28024,377539,,,
2026-09-17T04:55:50+00:00,326,201595,Perri,13,2,Leeds,Goalkeeper,4.5,0.0,0.0,u,Has joined Torino on loan for the rest of the season,2026-09-01T13:12:39.210133Z,0,0,0.3,0.0,0.0,0.0,0,2297,532,24038,,,
2026-09-17T04:55:50+00:00,327,434752,Bijol,13,2,Leeds,Defender,5.0,0.0,0.0,a,,,,,0.8,3.0,3.0,3.0,2479,8742,66977,49292,,,
2026-09-17T04:55:50+00:00,329,214225,Rodon,13,2,Leeds,Defender,4.4,0.0,-0.1,i,Hamstring injury - Expected back 21 Nov,2026-08-30T16:00:08.564382Z,0,0,1.0,1.8,0.0,0.0,45,17809,26883,270854,,,
2026-09-17T04:55:50+00:00,330,226182,Bogle,13,2,Leeds,Defender,4.5,0.0,0.0,a,,,,,4.0,9.2,9.2,9.2,178160,13020,311130,45598,,,
2026-09-17T04:55:50+00:00,331,243526,Gudmundsson,13,2,Leeds,Defender,4.5,0.0,0.0,a,,2026-08-08T20:00:07.546568Z,100,100,0.1,2.0,2.0,2.0,908,345,2766,2255,,,
2026-09-17T04:55:50+00:00,332,220627,Justin,13,2,Leeds,Defender,4.5,0.0,0.0,a,,,,,1.5,4.5,4.5,4.5,5206,7681,112124,60626,,,
2026-09-17T04:55:50+00:00,333,437738,Bornauw,13,2,Leeds,Defender,4.5,0.0,0.0,u,Has joined Hamburg SV on loan for the rest of the season,2026-08-19T13:56:14.645970Z,0,0,0.0,0.0,0.0,0.0,0,16,0,288,,,
2026-09-17T04:55:50+00:00,334,522047,Muharemović,13,2,Leeds,Defender,5.0,0.0,0.0,a,,,,,4.1,5.2,5.2,5.2,33358,15234,230554,138176,,,
2026-09-17T04:55:50+00:00,335,466525,Stach,13,2,Leeds,Midfielder,6.0,0.0,0.0,a,,,,,2.7,5.5,5.5,5.5,12756,21393,185997,133715,,,
2026-09-17T04:55:50+00:00,336,435997,Okafor,13,2,Leeds,Midfielder,5.8,-0.1,-0.2,a,,,,,0.4,3.8,3.8,3.8,9181,2993,15116,29718,,,
2026-09-17T04:55:50+00:00,337,427637,Aaronson,13,2,Leeds,Midfielder,5.4,0.0,-0.1,a,,,,,0.5,1.5,1.5,1.5,579,5169,6293,41108,,,
2026-09-17T04:55:50+00:00,338,199598,Ampadu,13,2,Leeds,Midfielder,5.4,0.0,-0.1,a,,,,,1.0,4.0,4.0,4.0,3151,6492,13833,52220,,,
2026-09-17T04:55:50+00:00,339,180135,Longstaff,13,2,Leeds,Midfielder,4.9,0.0,-0.1,a,,,,,0.1,0.5,0.5,0.5,320,920,2227,6961,,,
2026-09-17T04:55:50+00:00,341,492859,Gnonto,13,2,Leeds,Midfielder,5.0,0.0,0.0,u,Has joined ACF Fiorentina on loan for the rest of the season,2026-09-02T16:04:47.189648Z,0,0,0.0,0.0,0.0,0.0,0,133,244,1712,,,
2026-09-17T04:55:50+00:00,342,221399,Harrison,13,2,Leeds,Midfielder,5.0,0.0,0.0,u,Has joined New England Revolution permanently,2026-07-28T12:59:09.492431Z,0,0,0.0,0.0,0.0,0.0,0,8,0,72,,,
2026-09-17T04:55:50+00:00,343,200617,James,13,2,Leeds,Midfielder,4.9,-0.1,-0.1,a,,,,,0.1,0.5,0.5,0.5,492,921,3740,6941,,,
2026-09-17T04:55:50+00:00,344,486520,Gruev,13,2,Leeds,Midfielder,5.0,0.0,0.0,d,Knee injury - 25% chance of playing,2026-08-14T23:00:06.272027Z,25,25,0.0,0.0,0.0,0.0,10,30,65,288,,,
2026-09-17T04:55:50+00:00,345,248056,Tanaka,13,2,Leeds,Midfielder,4.9,0.0,-0.1,a,,,,,0.3,3.0,3.0,3.0,5539,2013,15651,13915,,,
2026-09-17T04:55:50+00:00,346,177815,Calvert-Lewin,13,2,Leeds,Forward,6.0,0.0,0.0,a,,,,,23.2,5.0,5.0,5.0,207013,100949,590209,1110917,1,,
2026-09-17T04:55:50+00:00,347,174594,Nmecha,13,2,Leeds,Forward,5.4,0.0,-0.1,a,,,,,0.5,1.5,1.5,1.5,4032,4705,17999,30465,2,,
2026-09-17T04:55:50+00:00,348,235826,Piroe,13,2,Leeds,Forward,5.0,0.0,0.0,u,Has joined West Ham United on loan for the rest of the season,2026-08-19T13:56:14.666726Z,0,0,0.1,0.0,0.0,0.0,0,685,0,10497,3,,
2026-09-17T04:55:50+00:00,349,565297,Mateo Joseph,13,2,Leeds,Forward,4.5,0.0,0.0,i,Knee injury - Unknown return date,2026-07-29T18:00:10.338170Z,0,0,0.1,0.0,0.0,0.0,440,485,2487,3650,,,
2026-09-17T04:55:50+00:00,385,432720,Trafford,13,2,Leeds,Goalkeeper,5.0,0.0,0.0,a,,,,,5.4,4.5,4.5,4.5,19053,22256,228712,135303,,,
2026-09-17T04:55:50+00:00,598,173774,Elvedi,13,2,Leeds,Defender,4.5,0.0,0.0,a,,,,,0.0,1.8,1.8,1.8,493,283,4350,2366,,,
2026-09-17T04:55:50+00:00,603,643970,Lienou,13,2,Leeds,Defender,4.0,0.0,0.0,a,,,,,0.1,0.0,0.0,0.0,868,708,6318,3201,,,
2026-09-17T04:55:50+00:00,604,592740,Cresswell,13,2,Leeds,Midfielder,4.5,0.0,0.0,a,,,,,0.1,0.0,0.0,0.0,1013,1362,13407,6457,,,
2026-09-17T04:55:50+00:00,625,97846,Cairns,13,2,Leeds,Goalkeeper,4.0,0.0,0.0,a,,,,,0.2,0.0,0.0,0.0,2432,1007,17924,4704,,,
2026-09-17T04:55:50+00:00,629,155465,Zetterer,13,2,Leeds,Goalkeeper,4.0,0.0,0.0,a,,,,,0.7,0.0,0.0,0.0,13454,3341,49938,9746,,,
2026-09-17T04:55:50+00:00,641,437497,Bard,13,2,Leeds,Defender,4.5,0.0,0.0,a,,,,,0.0,0.5,0.5,0.5,261,92,760,225,,,
2026-09-17T04:55:50+00:00,648,587982,Bahoya,13,2,Leeds,Midfielder,5.0,0.0,0.0,a,,,,,0.0,0.0,0.0,0.0,273,278,2042,836,,,
2026-09-17T04:55:50+00:00,350,116535,A.Becker,14,14,Liverpool,Goalkeeper,5.5,0.0,0.0,a,,,,,3.9,4.8,4.8,4.8,14654,15293,127903,124335,,,
2026-09-17T04:55:50+00:00,351,449027,Mamardashvili,14,14,Liverpool,Goalkeeper,4.9,0.0,-0.1,a,,,,,0.1,0.0,0.0,0.0,323,1001,2496,7734,,,
2026-09-17T04:55:50+00:00,352,155503,Woodman,14,14,Liverpool,Goalkeeper,4.0,0.0,0.0,a,,,,,1.0,0.0,0.0,0.0,1821,3166,16820,23568,,,
2026-09-17T04:55:50+00:00,353,586268,Pecsi,14,14,Liverpool,Goalkeeper,4.0,0.0,0.0,u,Has joined TSV Hartberg on loan for the rest of the season,2026-08-18T14:11:18.638344Z,0,0,0.0,0.0,0.0,0.0,0,80,0,998,,,
2026-09-17T04:55:50+00:00,354,432987,Jaros,14,14,Liverpool,Goalkeeper,4.0,0.0,0.0,i,Knee injury - Unknown return date,2026-07-29T18:00:10.351066Z,0,0,0.0,0.0,0.0,0.0,151,89,1430,1014,,,
2026-09-17T04:55:50+00:00,355,464353,Davies,14,14,Liverpool,Goalkeeper,4.0,0.0,0.0,a,,,,,0.2,0.0,0.0,0.0,605,560,4161,3540,,,
2026-09-17T04:55:50+00:00,356,97032,Virgil,14,14,Liverpool,Defender,6.5,0.0,0.0,a,,,,,16.6,4.2,4.2,4.2,25806,55341,247845,535976,,,
2026-09-17T04:55:50+00:00,357,216094,Frimpong,14,14,Liverpool,Defender,5.4,0.0,-0.1,a,,,,,2.0,0.5,0.5,0.5,2166,27934,56509,218514,,,
2026-09-17T04:55:50+00:00,358,544877,Kerkez,14,14,Liverpool,Defender,5.4,0.0,-0.1,a,,,,,2.4,1.8,1.8,1.8,1907,28494,43889,162394,,,
2026-09-17T04:55:50+00:00,359,171287,Gomez,14,14,Liverpool,Defender,4.9,-0.1,-0.1,a,,2026-07-26T08:30:10.078473Z,0,100,0.0,0.0,0.0,0.0,76,90,299,1035,,,
2026-09-17T04:55:50+00:00,360,492777,Bradley,14,14,Liverpool,Defender,5.0,0.0,0.0,i,Knee injury - Unknown return date,2026-07-23T12:01:23.565711Z,0,0,0.0,0.0,0.0,0.0,40,82,300,680,,,
2026-09-17T04:55:50+00:00,361,519440,Lucky,14,14,Liverpool,Defender,4.0,0.0,0.0,a,,,,,0.1,0.0,0.0,0.0,546,821,3406,4863,,,
2026-09-17T04:55:50+00:00,362,606702,Jacquet,14,14,Liverpool,Defender,5.0,0.0,0.0,a,,2026-07-23T12:01:23.581126Z,100,100,3.2,4.5,4.5,4.5,52177,11873,180305,102895,,,
2026-09-17T04:55:50+00:00,363,647681,Leoni,14,14,Liverpool,Defender,4.0,0.0,0.0,i,Knee injury - Unknown return date,2026-07-23T12:01:23.596909Z,0,0,0.0,0.0,0.0,0.0,96,251,771,1845,,,
2026-09-17T04:55:50+00:00,364,214285,Tsimikas,14,14,Liverpool,Defender,4.9,0.0,-0.1,a,,,,,0.1,0.5,0.5,0.5,247,470,1435,3835,,,
2026-09-17T04:55:50+00:00,365,489580,Ramsay,14,14,Liverpool,Defender,4.0,0.0,0.0,u,Has joined St Mirren on loan for the rest of the season,2026-08-26T14:05:26.748768Z,0,0,0.1,0.0,0.0,0.0,0,783,638,11817,,,
2026-09-17T04:55:50+00:00,366,494595,Wirtz,14,14,Liverpool,Midfielder,7.4,0.0,-0.1,a,,,,,6.7,3.0,3.0,3.0,3824,107496,128355,651307,4,,
2026-09-17T04:55:50+00:00,367,243298,Gakpo,14,14,Liverpool,Midfielder,7.2,0.0,0.2,a,,2026-09-09T18:30:08.772955Z,75,100,12.3,7.2,5.4,7.2,99889,116517,1210625,587981,3,,
2026-09-17T04:55:50+00:00,368,424876,Szoboszlai,14,14,Liverpool,Midfielder,7.0,0.0,0.0,a,,,,,35.7,4.5,4.5,4.5,53831,322494,854495,1293131,1,,
2026-09-17T04:55:50+00:00,369,611922,Ngumoha,14,14,Liverpool,Midfielder,5.8,0.0,-0.2,a,,,,,0.5,1.0,1.0,1.0,1261,7280,13303,80979,,,
2026-09-17T04:55:50+00:00,370,223541,Chiesa,14,14,Liverpool,Midfielder,5.4,0.0,-0.1,i,Back injury - Unknown return date,2026-08-27T13:30:07.598926Z,0,0,0.0,0.0,0.0,0.0,15,493,664,9669,,,
2026-09-17T04:55:50+00:00,371,441266,Gravenberch,14,14,Liverpool,Midfielder,5.9,0.0,-0.1,a,,,,,1.2,2.0,2.0,2.0,2735,16086,33669,114511,,,
2026-09-17T04:55:50+00:00,372,243016,Mac Allister,14,14,Liverpool,Midfielder,5.4,0.0,-0.1,a,,,,,1.3,1.5,1.5,1.5,7332,13681,37517,84060,5,,
2026-09-17T04:55:50+00:00,373,206915,C.Jones,14,14,Liverpool,Midfielder,5.5,0.0,0.0,u,Has joined Internazionale permanently,2026-08-16T18:30:07.426408Z,0,0,0.0,0.0,0.0,0.0,0,102,34,2532,,,
2026-09-17T04:55:50+00:00,374,158983,Endo,14,14,Liverpool,Midfielder,4.9,0.0,-0.1,a,,2026-07-23T12:01:23.612529Z,100,100,0.1,0.0,0.0,0.0,285,629,2099,4159,,,
2026-09-17T04:55:50+00:00,375,591386,Nyoni,14,14,Liverpool,Midfielder,4.9,0.0,-0.1,a,,,,,0.0,0.5,0.5,0.5,130,398,1199,2605,,,
2026-09-17T04:55:50+00:00,376,535928,Bajcetic,14,14,Liverpool,Midfielder,5.0,0.0,0.0,u,Has joined Celta Vigo permanently,2026-07-23T12:01:23.628373Z,0,0,0.0,0.0,0.0,0.0,0,6,19,101,,,
2026-09-17T04:55:50+00:00,377,551499,Munoz,14,14,Liverpool,Midfielder,6.5,0.0,0.0,a,,,,,1.1,3.5,3.5,3.5,4049,20493,114410,80224,,,
2026-09-17T04:55:50+00:00,378,491501,McConnell,14,14,Liverpool,Midfielder,4.4,-0.1,-0.1,a,,,,,0.2,0.0,0.0,0.0,1789,1715,4946,10552,,,
2026-09-17T04:55:50+00:00,379,219168,Isak,14,14,Liverpool,Forward,9.1,0.0,0.1,a,,,,,21.9,6.2,6.2,6.2,73778,157490,1061041,574527,2,,
2026-09-17T04:55:50+00:00,380,510663,Ekitiké,14,14,Liverpool,Forward,7.4,0.0,-0.1,i,Achilles injury - Unknown return date,2026-07-23T12:01:23.643771Z,0,0,0.1,0.0,0.0,0.0,284,914,2163,10194,,,
2026-09-17T04:55:50+00:00,381,514514,Koumas,14,14,Liverpool,Midfielder,5.0,0.0,0.0,a,,,,,0.0,0.5,0.5,0.5,137,208,609,1114,,,
2026-09-17T04:55:50+00:00,382,500058,Danns,14,14,Liverpool,Forward,4.5,0.0,0.0,a,,2026-07-23T12:01:23.659279Z,100,100,0.2,0.0,0.0,0.0,5900,2067,16140,6005,,,
2026-09-17T04:55:50+00:00,383,444884,Elliott,14,14,Liverpool,Midfielder,5.4,0.0,-0.1,u,Has joined Valencia on loan for the rest of the season,2026-09-02T16:05:49.104326Z,0,0,0.0,0.0,0.0,0.0,0,451,907,5795,,,
2026-09-17T04:55:50+00:00,579,445087,Araujo,14,14,Liverpool,Defender,5.4,0.0,-0.1,a,,,,,2.9,3.8,3.8,3.8,28205,11322,123348,143523,,,
2026-09-17T04:55:50+00:00,627,482616,Barcola,14,14,Liverpool,Midfielder,8.0,0.0,0.0,a,,,,,2.0,2.0,2.0,2.0,17408,30792,270000,96271,,,
2026-09-17T04:55:50+00:00,155,448047,Enzo,15,43,Man City,Midfielder,6.9,0.0,-0.1,a,,,,,3.4,1.5,1.5,1.5,34893,21771,120009,295754,,,
2026-09-17T04:55:50+00:00,237,440993,Ndiaye,15,43,Man City,Midfielder,5.9,0.0,-0.1,a,,,,,7.8,4.2,4.2,4.2,25294,120370,272675,997233,,,
2026-09-17T04:55:50+00:00,384,204936,Donnarumma,15,43,Man City,Goalkeeper,5.5,0.0,0.0,a,,,,,7.7,4.2,4.2,4.2,31301,28846,168683,272339,,,
2026-09-17T04:55:50+00:00,386,122074,Bettinelli,15,43,Man City,Goalkeeper,4.5,0.0,0.0,a,,,,,0.0,0.0,0.0,0.0,54,138,489,988,,,
2026-09-17T04:55:50+00:00,387,472769,O'Reilly,15,43,Man City,Defender,6.4,0.0,-0.1,a,,2026-09-05T18:00:06.379802Z,100,100,12.2,1.2,1.2,1.2,8574,116693,183100,1062143,,,
2026-09-17T04:55:50+00:00,388,209036,Guéhi,15,43,Man City,Defender,6.0,0.0,0.0,a,,,,,18.5,6.5,6.5,6.5,56580,48940,452451,388204,,,
2026-09-17T04:55:50+00:00,389,465351,Matheus N.,15,43,Man City,Defender,5.9,0.0,-0.1,a,,2026-08-27T11:30:08.171622Z,100,100,1.0,2.5,2.5,2.5,4372,2797,10283,69716,4,,
2026-09-17T04:55:50+00:00,390,171314,Rúben,15,43,Man City,Defender,5.5,0.0,0.0,a,,,,,1.9,4.0,4.0,4.0,13901,7343,55207,61397,,,
2026-09-17T04:55:50+00:00,391,477424,Gvardiol,15,43,Man City,Defender,5.7,0.1,0.2,a,,,,,23.9,8.2,8.2,8.2,347911,25694,1440403,344821,,,
2026-09-17T04:55:50+00:00,392,448514,Aït-Nouri,15,43,Man City,Defender,5.3,0.0,-0.2,a,,,,,0.4,0.0,0.0,0.0,932,4374,6923,57553,,,
2026-09-17T04:55:50+00:00,393,578153,Khusanov,15,43,Man City,Defender,5.4,-0.1,-0.1,a,,,,,1.5,2.2,2.2,2.2,2473,13554,24466,66544,,,
2026-09-17T04:55:50+00:00,394,494307,Alleyne,15,43,Man City,Defender,5.0,0.0,0.0,u,Has joined Burnley on loan for the rest of the season,2026-08-18T14:11:56.324656Z,0,0,0.0,0.0,0.0,0.0,0,23,0,582,,,
2026-09-17T04:55:50+00:00,395,477064,Lewis,15,43,Man City,Defender,4.4,0.0,-0.1,a,,,,,0.2,0.2,0.2,0.2,852,1920,7661,14255,,,
2026-09-17T04:55:50+00:00,396,616222,Vitor Reis,15,43,Man City,Defender,4.5,0.0,0.0,a,,,,,0.0,0.2,0.2,0.2,124,194,448,979,,,
2026-09-17T04:55:50+00:00,397,437730,Semenyo,15,43,Man City,Midfielder,8.4,0.0,-0.1,a,,,,,15.3,4.0,4.0,4.0,21427,109039,174919,1074902,2,,
2026-09-17T04:55:50+00:00,398,209244,Foden,15,43,Man City,Midfielder,7.0,0.0,0.0,s,Suspended until 17 Oct,2026-09-13T17:00:09.433455Z,,0,2.8,2.2,2.2,0.0,1983,118661,303173,449748,,,
2026-09-17T04:55:50+00:00,399,466052,Cherki,15,43,Man City,Midfielder,7.8,0.0,0.3,a,,,,,28.2,6.5,6.5,6.5,91821,193057,2475978,770764,,,
2026-09-17T04:55:50+00:00,400,248875,Doku,15,43,Man City,Midfielder,7.4,0.0,-0.1,i,Calf injury - Expected back 20 Sep,2026-08-18T17:00:08.385597Z,0,0,0.7,0.0,0.0,0.0,181,5081,1377,124196,3,,
2026-09-17T04:55:50+00:00,402,220566,Rodrigo,15,43,Man City,Midfielder,6.5,0.0,0.0,u,Has joined Barcelona permanently,2026-07-23T12:01:23.675537Z,0,0,0.0,0.0,0.0,0.0,0,40,0,1192,,,
2026-09-17T04:55:50+00:00,404,433036,Reijnders,15,43,Man City,Midfielder,6.0,0.0,0.0,u,Has joined Al Qadsiah permanently,2026-08-20T14:02:58.154273Z,0,0,0.0,0.0,0.0,0.0,0,173,0,8034,,,
2026-09-17T04:55:50+00:00,406,91651,Kovačić,15,43,Man City,Midfielder,5.4,0.0,-0.1,a,,,,,0.1,0.5,0.5,0.5,179,704,2080,5561,,,
2026-09-17T04:55:50+00:00,407,575204,Echeverri,15,43,Man City,Midfielder,4.9,0.0,-0.1,u,Has joined Benfica on loan for the rest of the season,2026-09-03T15:41:24.710479Z,0,0,0.0,0.0,0.0,0.0,0,100,250,1253,,,
2026-09-17T04:55:50+00:00,408,155405,Phillips,15,43,Man City,Midfielder,5.0,0.0,0.0,u,Has joined Sheffield United on loan for the rest of the season,2026-08-18T14:11:56.348781Z,0,0,0.0,0.0,0.0,0.0,0,28,0,548,,,
2026-09-17T04:55:50+00:00,409,590039,Mukasa,15,43,Man City,Midfielder,4.5,0.0,0.0,u,has joined West Ham on loan for the rest of the seaon.,2026-09-03T10:34:10.733520Z,0,0,0.1,0.0,0.0,0.0,0,1170,1621,11039,,,
2026-09-17T04:55:50+00:00,410,649208,Monga,15,43,Man City,Midfielder,4.9,0.0,-0.1,u,Has joined Swansea City on loan for the rest of the season,2026-09-02T16:02:01.136760Z,0,0,0.0,0.0,0.0,0.0,0,89,219,1187,,,
2026-09-17T04:55:50+00:00,411,223094,Haaland,15,43,Man City,Forward,15.5,0.0,0.0,a,,,,,72.6,8.2,8.2,8.2,114296,18076,762661,295313,1,,
2026-09-17T04:55:50+00:00,481,215379,Anderson,15,43,Man City,Midfielder,6.3,0.0,-0.2,a,,2026-08-23T17:00:07.952697Z,100,100,4.2,3.2,3.2,3.2,20005,24889,87750,404218,,,
2026-09-17T04:55:50+00:00,587,106921,Rulli,15,43,Man City,Goalkeeper,5.0,0.0,0.0,a,,,,,0.0,0.0,0.0,0.0,117,141,487,961,,,
2026-09-17T04:55:50+00:00,616,637238,Bouaddi,15,43,Man City,Midfielder,5.5,0.0,0.0,a,,,,,0.2,0.7,0.7,0.7,2178,2946,19431,10515,,,
2026-09-17T04:55:50+00:00,621,616288,McAidoo,15,43,Man City,Midfielder,4.5,0.0,0.0,a,,,,,0.1,0.7,0.7,0.7,746,1441,11010,5592,,,
2026-09-17T04:55:50+00:00,622,554054,Braithwaite,15,43,Man City,Defender,4.0,0.0,0.0,a,,,,,0.2,0.3,0.3,0.3,1795,2028,15699,6954,,,
2026-09-17T04:55:50+00:00,628,624777,Allan,15,43,Man City,Midfielder,6.0,0.0,0.0,a,,,,,0.0,0.0,0.0,0.0,207,177,816,456,,,
2026-09-17T04:55:50+00:00,653,595480,Samba,15,43,Man City,Midfielder,4.5,0.0,0.0,a,,,,,0.0,0.0,0.0,0.0,452,684,3350,1492,,,
2026-09-17T04:55:50+00:00,43,166989,Tielemans,16,1,Man Utd,Midfielder,5.8,-0.1,-0.2,a,,2026-07-23T12:01:23.321726Z,100,100,1.6,2.5,2.5,2.5,6105,16819,39382,142266,3,,
2026-09-17T04:55:50+00:00,131,535301,Baleba,16,1,Man Utd,Midfielder,4.9,-0.1,-0.1,i,Ankle injury - Expected back 19 Sep,2026-08-06T16:00:10.997714Z,0,0,0.1,0.0,0.0,0.0,458,1250,5261,13175,,,
2026-09-17T04:55:50+00:00,162,532605,Andrey Santos,16,1,Man Utd,Midfielder,4.8,-0.1,-0.2,a,,,,,0.6,1.0,1.0,1.0,2129,8648,20458,64806,,,
2026-09-17T04:55:50+00:00,325,59735,Darlow,16,1,Man Utd,Goalkeeper,4.5,0.0,0.0,a,,2026-07-23T12:01:23.549136Z,100,100,0.0,0.0,0.0,0.0,121,228,959,1292,,,
2026-09-17T04:55:50+00:00,412,465247,Lammens,16,1,Man Utd,Goalkeeper,4.9,-0.1,-0.1,a,,,,,10.7,1.8,1.8,1.8,10442,77907,88735,596174,,,
2026-09-17T04:55:50+00:00,413,451302,Bayindir,16,1,Man Utd,Goalkeeper,4.5,0.0,0.0,u,Has joined Celta Vigo on loan for the rest of the season,2026-08-10T14:02:28.608415Z,0,0,0.0,0.0,0.0,0.0,0,75,0,1092,,,
2026-09-17T04:55:50+00:00,414,21205,Heaton,16,1,Man Utd,Goalkeeper,4.0,0.0,0.0,i,Hamstring injury - Unknown return date,2026-08-15T16:00:07.854151Z,0,0,0.1,0.0,0.0,0.0,228,311,1773,3107,,,
2026-09-17T04:55:50+00:00,415,596777,Dorgu,16,1,Man Utd,Midfielder,5.8,0.0,-0.2,a,,,,,0.6,1.5,1.5,1.5,2226,5816,12327,90208,,,
2026-09-17T04:55:50+00:00,416,209365,De Ligt,16,1,Man Utd,Defender,5.0,0.0,0.0,i,Back injury - Unknown return date,2026-07-23T12:01:23.690880Z,0,0,0.0,0.0,0.0,0.0,61,160,361,1385,,,
2026-09-17T04:55:50+00:00,417,216051,Dalot,16,1,Man Utd,Defender,4.9,0.0,-0.1,a,,,,,1.7,1.5,1.5,1.5,2774,12088,23857,120407,,,
2026-09-17T04:55:50+00:00,418,95658,Maguire,16,1,Man Utd,Defender,4.9,0.0,-0.1,a,,,,,10.0,2.0,2.0,2.0,10513,83360,130533,856595,,,
2026-09-17T04:55:50+00:00,419,221820,Martinez,16,1,Man Utd,Defender,5.0,0.0,0.0,a,,2026-07-24T20:00:10.337107Z,100,100,1.3,1.5,1.5,1.5,8330,6267,30740,57427,,,
2026-09-17T04:55:50+00:00,420,550864,Yoro,16,1,Man Utd,Defender,4.9,0.0,-0.1,a,,,,,0.5,0.5,0.5,0.5,490,3508,4655,32411,,,
2026-09-17T04:55:50+00:00,421,606745,Heaven,16,1,Man Utd,Defender,4.4,0.0,-0.1,a,,,,,0.3,0.2,0.2,0.2,472,2491,5629,21441,,,
2026-09-17T04:55:50+00:00,422,230001,Mazraoui,16,1,Man Utd,Defender,4.4,0.0,-0.1,a,,,,,0.5,0.8,0.8,0.8,1990,5495,13190,35666,,,
2026-09-17T04:55:50+00:00,423,106760,Shaw,16,1,Man Utd,Defender,4.4,0.0,-0.1,d,Unspecified injury - 75% chance of playing,2026-09-11T13:00:09.030120Z,75,75,9.9,1.8,1.4,1.4,1825,192195,97082,1061214,,,
2026-09-17T04:55:50+00:00,424,577974,Amass,16,1,Man Utd,Defender,4.0,0.0,0.0,a,,,,,0.2,0.0,0.0,0.0,979,1202,5489,7519,,,
2026-09-17T04:55:50+00:00,425,547676,Fredricson,16,1,Man Utd,Defender,4.0,0.0,0.0,u,Has joined Lausanne-Sport permanently,2026-08-18T14:12:31.904433Z,0,0,0.0,0.0,0.0,0.0,0,85,0,1246,,,
2026-09-17T04:55:50+00:00,426,141746,B.Fernandes,16,1,Man Utd,Midfielder,12.0,0.0,0.0,a,,,,,41.3,7.2,7.2,7.2,47299,191745,590671,1494236,1,,
2026-09-17T04:55:50+00:00,427,446008,Mbeumo,16,1,Man Utd,Midfielder,7.9,0.0,-0.1,a,,,,,22.5,5.8,5.8,5.8,59466,162241,390969,1746736,2,,
2026-09-17T04:55:50+00:00,428,430871,Cunha,16,1,Man Utd,Midfielder,7.9,0.0,-0.1,a,,,,,6.0,4.0,4.0,4.0,8297,54249,70486,455229,,,
2026-09-17T04:55:50+00:00,429,176297,Rashford,16,1,Man Utd,Midfielder,7.0,0.0,0.0,a,,,,,1.6,2.0,2.0,2.0,13402,14577,76041,102753,,,
2026-09-17T04:55:50+00:00,430,184341,Mount,16,1,Man Utd,Midfielder,5.4,0.0,-0.1,a,,2026-08-15T16:00:07.879135Z,100,100,0.0,0.0,0.0,0.0,248,207,615,1710,,,
2026-09-17T04:55:50+00:00,431,493250,Amad,16,1,Man Utd,Midfielder,5.7,-0.1,-0.3,i,Unspecified injury - Unknown return date,2026-08-22T11:00:08.617283Z,0,0,0.3,0.0,0.0,0.0,53,3761,2020,119603,,,
2026-09-17T04:55:50+00:00,432,516895,Mainoo,16,1,Man Utd,Midfielder,5.5,0.0,0.0,a,,,,,1.6,4.5,4.5,4.5,24868,8607,77967,47619,,,
2026-09-17T04:55:50+00:00,433,232112,Ugarte,16,1,Man Utd,Midfielder,5.0,0.0,0.0,i,Knee injury - Unknown return date,2026-07-23T12:01:23.706702Z,0,0,0.0,0.0,0.0,0.0,14,29,95,233,,,
2026-09-17T04:55:50+00:00,434,547037,J.Fletcher,16,1,Man Utd,Midfielder,4.9,0.0,-0.1,a,,,,,0.0,0.0,0.0,0.0,42,91,268,614,,,
2026-09-17T04:55:50+00:00,435,576628,Lacey,16,1,Man Utd,Midfielder,4.9,0.0,-0.1,a,,,,,0.1,0.2,0.2,0.2,217,420,1039,2822,,,
2026-09-17T04:55:50+00:00,436,490881,Collyer,16,1,Man Utd,Midfielder,5.0,0.0,0.0,u,Has joined West Brom permanently,2026-09-01T13:16:48.584385Z,0,0,0.0,0.0,0.0,0.0,0,101,150,973,,,
2026-09-17T04:55:50+00:00,437,576620,Bendito Mantato,16,1,Man Utd,Midfielder,4.5,0.0,0.0,a,,,,,0.2,0.0,0.0,0.0,481,1231,4521,8309,,,
2026-09-17T04:55:50+00:00,438,519913,Fletcher,16,1,Man Utd,Midfielder,4.4,-0.1,-0.1,a,,,,,0.3,0.0,0.0,0.0,1263,2069,5795,13551,,,
2026-09-17T04:55:50+00:00,439,485711,Šeško,16,1,Man Utd,Forward,7.0,0.0,0.0,a,,2026-07-23T12:01:23.722029Z,100,100,1.8,2.0,2.0,2.0,15892,15287,88372,101631,,,
2026-09-17T04:55:50+00:00,440,458249,Zirkzee,16,1,Man Utd,Forward,5.4,0.0,-0.1,a,,,,,0.4,0.2,0.2,0.2,1927,4001,13201,38501,,,
2026-09-17T04:55:50+00:00,441,596047,Obi,16,1,Man Utd,Forward,4.5,0.0,0.0,u,Has joined Willem II on loan for the rest of the season,2026-09-14T16:12:42.090874Z,,0,1.1,0.0,0.0,0.0,5061,14254,45543,55934,,,
2026-09-17T04:55:50+00:00,405,465694,N.Gonzalez,17,4,Newcastle,Midfielder,5.5,0.0,0.0,d,Concussion - 50% chance of playing,2026-09-14T21:30:07.343728Z,,50,0.2,1.2,1.2,0.6,1087,3795,17444,12129,,,
2026-09-17T04:55:50+00:00,442,98747,Pope,17,4,Newcastle,Goalkeeper,4.9,0.0,-0.1,a,,,,,1.0,0.0,0.0,0.0,1254,5112,11916,48600,,,
2026-09-17T04:55:50+00:00,443,81441,Gillespie,17,4,Newcastle,Goalkeeper,4.5,0.0,0.0,a,,,,,0.0,0.0,0.0,0.0,121,144,663,1048,,,
2026-09-17T04:55:50+00:00,444,554578,Jaouen,17,4,Newcastle,Goalkeeper,4.5,0.0,0.0,d,Ankle injury - 50% chance of playing,2026-09-10T16:00:09.127466Z,50,50,0.0,0.0,0.0,0.0,16,186,419,1336,,,
2026-09-17T04:55:50+00:00,445,465642,Thiaw,17,4,Newcastle,Defender,5.0,0.0,0.0,a,,,,,2.2,2.5,2.5,2.5,15311,16087,155643,104250,,,
2026-09-17T04:55:50+00:00,446,119471,Schär,17,4,Newcastle,Defender,4.9,-0.1,-0.1,a,,2026-08-15T16:30:07.209742Z,100,100,0.2,0.2,0.2,0.2,816,1699,6206,12133,,,
2026-09-17T04:55:50+00:00,447,220237,Botman,17,4,Newcastle,Defender,5.0,0.0,0.0,a,,,,,0.7,2.8,2.8,2.8,4167,4422,38476,23309,,,
2026-09-17T04:55:50+00:00,448,78916,Burn,17,4,Newcastle,Defender,4.9,0.0,-0.1,i,Ankle injury - Expected back 19 Sep,2026-08-23T18:00:08.367241Z,0,0,0.8,0.0,0.0,0.0,141,8159,7176,150994,,,
2026-09-17T04:55:50+00:00,449,487838,Hall,17,4,Newcastle,Defender,5.2,0.0,0.2,a,,,,,14.4,4.5,4.5,4.5,127911,76373,1321020,291501,,,
2026-09-17T04:55:50+00:00,450,441191,Livramento,17,4,Newcastle,Defender,4.9,0.0,-0.1,a,,2026-07-23T12:01:23.753221Z,100,100,0.1,1.0,1.0,1.0,1906,740,5605,3869,,,
2026-09-17T04:55:50+00:00,451,545477,A.Murphy,17,4,Newcastle,Defender,4.0,0.0,0.0,u,Has joined FC Kaiserslautern on loan for the rest of the season,2026-08-12T14:05:29.224600Z,0,0,0.1,0.0,0.0,0.0,0,463,0,6522,,,
2026-09-17T04:55:50+00:00,453,201666,Barnes,17,4,Newcastle,Midfielder,6.0,0.0,0.0,a,,,,,3.3,4.8,4.8,4.8,94036,23664,344745,114594,,,
2026-09-17T04:55:50+00:00,454,449434,Elanga,17,4,Newcastle,Midfielder,6.2,0.0,0.2,i,Unspecified injury - Unknown return date,2026-09-14T20:00:09.505598Z,,0,8.6,4.5,4.5,0.0,53403,333247,1285587,634932,,,
2026-09-17T04:55:50+00:00,456,232653,J.Ramsey,17,4,Newcastle,Midfielder,4.9,0.0,-0.1,d,Thigh injury - 25% chance of playing,2026-09-15T09:00:08.191022Z,,25,0.3,1.8,1.8,0.5,1767,5108,16524,21316,,,
2026-09-17T04:55:50+00:00,457,114243,J.Murphy,17,4,Newcastle,Midfielder,5.9,0.0,-0.1,a,,,,,0.1,0.5,0.5,0.5,1027,1197,3921,9516,,,
2026-09-17T04:55:50+00:00,458,180974,Joelinton,17,4,Newcastle,Midfielder,5.4,0.0,-0.1,i,Unspecified injury - Unknown return date,2026-08-16T08:00:08.074045Z,0,0,0.0,0.0,0.0,0.0,31,131,198,2113,,,
2026-09-17T04:55:50+00:00,459,547719,L.Miley,17,4,Newcastle,Midfielder,5.5,0.0,0.0,a,,2026-07-23T12:01:23.785456Z,100,100,0.1,2.0,2.0,2.0,635,876,5282,4565,,,
2026-09-17T04:55:50+00:00,460,200089,Willock,17,4,Newcastle,Midfielder,5.0,0.0,0.0,a,,,,,0.5,3.0,3.0,3.0,4113,5418,51634,24983,,,
2026-09-17T04:55:50+00:00,461,611665,Touré,17,4,Newcastle,Midfielder,5.8,0.0,-0.2,a,,,,,0.1,1.8,1.8,1.8,959,1048,2505,15143,,,
2026-09-17T04:55:50+00:00,462,636852,Steur,17,4,Newcastle,Midfielder,4.9,0.0,-0.1,a,,,,,0.1,1.2,1.2,1.2,232,671,1968,5472,,,
2026-09-17T04:55:50+00:00,463,470313,Woltemade,17,4,Newcastle,Forward,5.9,0.0,-0.1,u,Has joined Juventus on loan for the rest of the season,2026-09-02T16:07:16.549304Z,0,0,0.5,1.0,0.0,0.0,0,8559,14520,135459,,,
2026-09-17T04:55:50+00:00,464,216646,Wissa,17,4,Newcastle,Forward,6.2,0.0,0.2,a,,,,,18.2,3.8,3.8,3.8,147925,136216,2004527,508802,2,,
2026-09-17T04:55:50+00:00,465,538207,Osula,17,4,Newcastle,Forward,5.9,0.0,-0.1,i,Foot injury - Unknown return date,2026-08-25T19:00:08.004915Z,0,0,0.3,1.0,0.0,0.0,139,4286,21274,81928,1,,
2026-09-17T04:55:50+00:00,466,599303,Neave,17,4,Newcastle,Forward,4.5,0.0,0.0,u,Has joined Wolves on loan for the rest of the season,2026-09-04T12:37:43.515176Z,0,0,0.6,0.0,0.0,0.0,0,6253,23805,45631,,,
2026-09-17T04:55:50+00:00,559,632794,Bamba,17,4,Newcastle,Midfielder,4.9,0.0,-0.1,a,,,,,0.1,0.5,0.5,0.5,247,734,2310,6660,,,
2026-09-17T04:55:50+00:00,567,470551,Horníček,17,4,Newcastle,Goalkeeper,5.0,0.0,0.0,a,,,,,1.4,2.8,2.8,2.8,13983,9771,135864,61753,,,
2026-09-17T04:55:50+00:00,593,463726,Dedić,17,4,Newcastle,Defender,4.5,0.0,0.0,a,,2026-09-09T14:30:08.475769Z,75,100,2.8,3.2,2.4,3.2,9837,30253,446363,196683,,,
2026-09-17T04:55:50+00:00,609,553746,Shahar,17,4,Newcastle,Defender,4.0,0.0,0.0,u,has joined Arouca on loan for the rest of the seaon.,2026-09-11T14:41:57.406766Z,0,0,0.2,0.0,0.0,0.0,0,4446,18236,12823,,,
2026-09-17T04:55:50+00:00,634,613221,Fernandez-Pardo,17,4,Newcastle,Forward,6.0,0.0,0.0,a,,,,,0.1,1.0,1.0,1.0,2001,1527,13502,4062,,,
2026-09-17T04:55:50+00:00,659,665243,Miley,17,4,Newcastle,Midfielder,4.5,0.0,0.0,a,,,,,0.0,0.0,1.1,1.1,1717,267,1717,267,,,
2026-09-17T04:55:50+00:00,167,463034,Delap,18,17,Nott'm Forest,Forward,5.5,0.0,0.0,a,,,,,1.6,2.0,2.0,2.0,81052,10617,145835,42584,3,,
2026-09-17T04:55:50+00:00,201,247348,Muñoz,18,17,Nott'm Forest,Defender,5.4,0.0,-0.1,a,,,,,5.6,0.8,0.8,0.8,34340,33359,84467,435199,,,
2026-09-17T04:55:50+00:00,467,85633,Sels,18,17,Nott'm Forest,Goalkeeper,5.0,0.0,0.0,a,,,,,1.6,3.0,3.0,3.0,20738,7001,47605,49872,,,
2026-09-17T04:55:50+00:00,468,221389,John,18,17,Nott'm Forest,Goalkeeper,4.5,0.0,0.0,a,,,,,0.1,0.0,0.0,0.0,125,237,735,1765,,,
2026-09-17T04:55:50+00:00,469,215136,N.Williams,18,17,Nott'm Forest,Defender,5.0,0.0,0.0,a,,,,,8.7,4.2,4.2,4.2,66141,29758,225695,285084,,,
2026-09-17T04:55:50+00:00,470,485047,Morato,18,17,Nott'm Forest,Defender,5.0,0.0,0.0,u,Has joined West Ham on loan for the rest of the season,2026-09-02T16:19:54.503286Z,0,0,0.0,0.0,0.0,0.0,0,311,424,3466,,,
2026-09-17T04:55:50+00:00,471,227444,Milenković,18,17,Nott'm Forest,Defender,5.5,0.0,0.0,i,Hamstring injury - Expected back 11 Oct,2026-09-12T14:00:09.705107Z,,0,1.3,3.0,3.0,0.0,216,30451,17892,75144,,,
2026-09-17T04:55:50+00:00,472,575476,Murillo,18,17,Nott'm Forest,Defender,5.5,0.0,0.0,a,,2026-07-23T12:01:23.801183Z,100,100,2.0,4.8,4.8,4.8,31409,6172,65376,48020,,,
2026-09-17T04:55:50+00:00,473,159506,Aina,18,17,Nott'm Forest,Defender,4.5,0.0,0.0,a,,,,,2.6,2.0,2.0,2.0,11325,15561,58020,140731,,,
2026-09-17T04:55:50+00:00,474,575458,Jair Cunha,18,17,Nott'm Forest,Defender,4.5,0.0,0.0,d,Hamstring injury - 50% chance of playing,2026-09-12T14:00:09.724349Z,,50,0.2,2.5,2.5,1.2,145,3156,9426,10922,,,
2026-09-17T04:55:50+00:00,475,500151,Savona,18,17,Nott'm Forest,Defender,4.5,0.0,0.0,i,Knee injury - Unknown return date,2026-07-23T12:01:23.816304Z,0,0,0.0,0.0,0.0,0.0,12,18,215,237,,,
2026-09-17T04:55:50+00:00,476,204822,O.Richards,18,17,Nott'm Forest,Defender,4.0,0.0,0.0,a,,,,,0.2,0.0,0.0,0.0,701,1069,3379,6949,,,
2026-09-17T04:55:50+00:00,477,549067,Abbott,18,17,Nott'm Forest,Defender,4.0,0.0,0.0,u,Has joined Southampton on loan for the rest of the season,2026-09-02T16:19:54.536676Z,0,0,0.2,0.0,0.0,0.0,0,1529,2459,12339,,,
2026-09-17T04:55:50+00:00,478,470315,Netz,18,17,Nott'm Forest,Defender,4.4,-0.1,-0.1,a,,,,,0.0,0.5,0.5,0.5,156,238,540,1366,,,
2026-09-17T04:55:50+00:00,479,538638,Bindon,18,17,Nott'm Forest,Defender,4.0,0.0,0.0,u,Has joined Charlton Athletic on loan for the rest of the season,2026-09-01T13:16:05.383880Z,0,0,0.1,0.0,0.0,0.0,0,904,799,7637,,,
2026-09-17T04:55:50+00:00,480,222531,Gibbs-White,18,17,Nott'm Forest,Midfielder,8.0,0.1,0.0,a,,2026-08-24T15:30:08.350159Z,100,100,13.0,6.5,6.5,6.5,354792,23468,753870,567472,1,,
2026-09-17T04:55:50+00:00,482,209046,Hudson-Odoi,18,17,Nott'm Forest,Midfielder,5.8,-0.1,-0.2,a,,2026-07-23T12:01:23.832709Z,100,100,0.2,0.2,0.2,0.2,1218,1749,4327,15517,,,
2026-09-17T04:55:50+00:00,483,456512,Ndoye,18,17,Nott'm Forest,Midfielder,5.5,0.0,0.0,a,,,,,0.7,3.5,3.5,3.5,13183,7248,58234,36821,,,
2026-09-17T04:55:50+00:00,484,503301,Hutchinson,18,17,Nott'm Forest,Midfielder,5.4,0.0,-0.1,u,Has joined AC Milan on loan for the rest of the season,2026-09-01T13:23:52.340206Z,0,0,0.1,0.0,0.0,0.0,0,760,427,10295,,,
2026-09-17T04:55:50+00:00,485,476887,Bakwa,18,17,Nott'm Forest,Midfielder,5.5,0.0,0.0,u,Has joined Lille on loan for the rest of the season,2026-08-27T14:53:03.381941Z,0,0,0.0,0.0,0.0,0.0,0,44,107,1126,,,
2026-09-17T04:55:50+00:00,486,432714,McAtee,18,17,Nott'm Forest,Midfielder,5.5,0.0,0.0,a,,,,,0.1,2.5,2.5,2.5,2081,996,8104,4409,,,
2026-09-17T04:55:50+00:00,487,250199,Dominguez,18,17,Nott'm Forest,Midfielder,4.9,0.0,-0.1,a,,,,,0.1,0.2,0.2,0.2,171,485,1055,3574,,,
2026-09-17T04:55:50+00:00,488,210462,I.Sangaré,18,17,Nott'm Forest,Midfielder,4.9,0.0,-0.1,a,,2026-08-28T09:30:07.471668Z,100,100,0.5,0.8,0.8,0.8,1049,3331,8381,61905,,,
2026-09-17T04:55:50+00:00,489,204968,Yates,18,17,Nott'm Forest,Midfielder,4.5,0.0,0.0,a,,2026-08-17T20:30:08.195072Z,100,100,1.3,0.0,0.0,0.0,2302,10507,29009,81766,,,
2026-09-17T04:55:50+00:00,490,60689,Wood,18,17,Nott'm Forest,Forward,5.8,-0.1,-0.2,a,,,,,1.0,0.8,0.8,0.8,3140,10293,20053,104546,2,,
2026-09-17T04:55:50+00:00,491,482973,Igor Jesus,18,17,Nott'm Forest,Forward,5.8,-0.1,-0.2,a,,,,,2.6,2.8,2.8,2.8,34949,18366,83408,232859,4,,
2026-09-17T04:55:50+00:00,493,465680,Kalimuendo,18,17,Nott'm Forest,Forward,5.4,0.0,-0.1,a,,,,,0.1,0.2,0.2,0.2,359,568,2686,3443,,,
2026-09-17T04:55:50+00:00,558,204561,Schlager,18,17,Nott'm Forest,Midfielder,5.0,0.0,0.0,a,,,,,0.1,2.8,2.8,2.8,1783,777,4400,4505,,,
2026-09-17T04:55:50+00:00,581,568420,Diomande,18,17,Nott'm Forest,Defender,5.4,0.0,-0.1,a,,,,,0.5,1.2,1.2,1.2,2484,2316,10596,38390,,,
2026-09-17T04:55:50+00:00,590,428971,Benda,18,17,Nott'm Forest,Goalkeeper,4.5,0.0,0.0,a,,,,,0.1,0.0,0.0,0.0,295,389,2413,2427,,,
2026-09-17T04:55:50+00:00,112,469142,Van Hecke,19,6,Spurs,Defender,4.9,0.0,-0.1,a,,,,,6.7,4.5,4.5,4.5,25628,25583,120994,427026,,,
2026-09-17T04:55:50+00:00,147,109646,Tosin,19,6,Spurs,Defender,4.4,0.0,-0.1,a,,,,,0.2,0.2,0.2,0.2,284,649,1739,6964,,,
2026-09-17T04:55:50+00:00,401,438234,Marmoush,19,6,Spurs,Forward,7.0,0.0,0.0,a,,,,,2.1,1.5,1.5,1.5,13833,31616,201092,127408,2,,
2026-09-17T04:55:50+00:00,403,510281,Sávio,19,6,Spurs,Midfielder,6.5,0.0,0.0,a,,2026-08-29T16:30:08.380416Z,100,100,0.7,1.5,1.5,1.5,6930,8321,91038,67799,,,
2026-09-17T04:55:50+00:00,455,432422,Tonali,19,6,Spurs,Midfielder,5.4,0.0,-0.1,d,Knock - 75% chance of playing,2026-09-14T14:30:07.387706Z,,75,2.2,3.0,3.0,2.2,3065,37780,44114,231477,,,
2026-09-17T04:55:50+00:00,494,184254,Vicario,19,6,Spurs,Goalkeeper,4.5,0.0,0.0,u,Has joined Juventus on loan for the rest of the season,2026-08-19T13:55:33.193962Z,0,0,0.1,0.0,0.0,0.0,0,1297,0,20991,,,
2026-09-17T04:55:50+00:00,495,214572,Austin,19,6,Spurs,Goalkeeper,4.0,0.0,0.0,a,,,,,1.0,0.0,0.0,0.0,4218,3150,25730,18255,,,
2026-09-17T04:55:50+00:00,496,485055,Kinsky,19,6,Spurs,Goalkeeper,4.5,0.0,0.0,a,,,,,18.4,4.0,4.0,4.0,58185,56196,291629,641398,,,
2026-09-17T04:55:50+00:00,497,67089,Dubravka,19,6,Spurs,Goalkeeper,4.0,0.0,0.0,a,,,,,17.6,0.0,0.0,0.0,35845,54115,346651,361926,,,
2026-09-17T04:55:50+00:00,498,221466,Senesi,19,6,Spurs,Defender,5.8,-0.1,-0.2,a,,,,,3.9,0.8,0.8,0.8,1788,49277,27423,413042,,,
2026-09-17T04:55:50+00:00,499,441164,Pedro Porro,19,6,Spurs,Defender,5.5,0.0,0.0,d,Unspecified injury - 75% chance of playing,2026-09-11T18:00:09.076279Z,75,75,8.9,2.0,1.5,1.5,1371,175003,118812,849886,,,
2026-09-17T04:55:50+00:00,500,221632,Romero,19,6,Spurs,Defender,5.0,0.0,0.0,u,Has joined Atletico Madrid permanently,2026-08-17T13:49:05.465401Z,0,0,0.1,0.0,0.0,0.0,0,478,0,16382,,,
2026-09-17T04:55:50+00:00,502,122798,Robertson,19,6,Spurs,Defender,4.4,0.0,-0.1,a,,,,,2.6,3.2,3.2,3.2,12958,13049,54481,161018,,,
2026-09-17T04:55:50+00:00,503,491279,Van de Ven,19,6,Spurs,Defender,5.0,0.0,0.0,a,,2026-08-21T15:00:07.610517Z,100,100,3.9,3.8,3.8,3.8,20885,13274,79689,239746,,,
2026-09-17T04:55:50+00:00,505,232859,Spence,19,6,Spurs,Defender,4.5,0.0,0.0,u,Has joined Internazionale permanently,2026-08-18T14:13:08.454214Z,0,0,0.2,0.0,0.0,0.0,0,2010,0,67443,,,
2026-09-17T04:55:50+00:00,506,487053,Udogie,19,6,Spurs,Defender,4.4,-0.1,-0.1,a,,2026-09-11T18:00:09.092110Z,75,100,0.4,1.8,1.4,1.8,416,4014,4706,19885,,,
2026-09-17T04:55:50+00:00,507,548308,Phillips,19,6,Spurs,Defender,4.5,0.0,0.0,u,Has joined Middlesbrough permanently,2026-08-18T14:13:08.474144Z,0,0,0.0,0.0,0.0,0.0,0,76,0,1185,,,
2026-09-17T04:55:50+00:00,508,115556,Davies,19,6,Spurs,Defender,4.0,0.0,0.0,a,,,,,0.8,0.0,0.0,0.0,1404,4964,11156,34669,,,
2026-09-17T04:55:50+00:00,509,640419,Byfield,19,6,Spurs,Defender,4.0,0.0,0.0,a,,,,,0.1,0.0,0.0,0.0,394,387,2053,2158,,,
2026-09-17T04:55:50+00:00,510,499716,Rowswell,19,6,Spurs,Defender,4.0,0.0,0.0,a,,,,,0.1,0.0,0.0,0.0,451,491,2508,2869,,,
2026-09-17T04:55:50+00:00,511,616221,Souza,19,6,Spurs,Defender,4.0,0.0,0.0,u,Has joined FC Porto on loan for the rest of the season,2026-09-01T13:24:26.858636Z,0,0,0.2,0.0,0.0,0.0,0,1620,2555,15215,,,
2026-09-17T04:55:50+00:00,512,460842,Kudus,19,6,Spurs,Midfielder,6.5,0.0,0.0,a,,2026-07-23T12:01:23.848657Z,100,100,0.1,0.8,0.8,0.8,1519,1918,9585,9050,3,,
2026-09-17T04:55:50+00:00,513,493362,Xavi,19,6,Spurs,Midfielder,5.9,0.0,-0.1,i,Knee injury - Unknown return date,2026-07-23T12:01:23.864304Z,0,0,0.0,0.0,0.0,0.0,40,102,281,1021,4,,
2026-09-17T04:55:50+00:00,514,511499,Tel,19,6,Spurs,Midfielder,5.8,0.0,-0.2,a,,,,,0.2,2.0,2.0,2.0,510,3630,8545,42230,,,
2026-09-17T04:55:50+00:00,515,172780,Maddison,19,6,Spurs,Midfielder,6.3,0.0,-0.2,a,,2026-08-25T14:30:07.623508Z,100,100,0.4,0.5,0.5,0.5,1004,3019,4312,92606,,,
2026-09-17T04:55:50+00:00,516,202993,Bentancur,19,6,Spurs,Midfielder,5.5,0.0,0.0,a,,,,,0.2,2.8,2.8,2.8,1076,1036,3734,7084,,,
2026-09-17T04:55:50+00:00,517,550839,Odobert,19,6,Spurs,Midfielder,5.5,0.0,0.0,i,Knee injury - Unknown return date,2026-07-23T12:01:23.879434Z,0,0,0.0,0.0,0.0,0.0,16,12,95,87,,,
2026-09-17T04:55:50+00:00,518,482442,P.M.Sarr,19,6,Spurs,Midfielder,4.9,0.0,-0.1,u,Has joined Juventus on loan for the rest of the season,2026-09-02T16:02:43.386849Z,0,0,0.1,0.0,0.0,0.0,0,1544,4138,22463,,,
2026-09-17T04:55:50+00:00,519,232787,Gallagher,19,6,Spurs,Midfielder,5.4,0.0,-0.1,a,,,,,0.2,0.8,0.8,0.8,344,1754,3388,15544,,,
2026-09-17T04:55:50+00:00,520,570526,Bergvall,19,6,Spurs,Midfielder,5.4,0.0,-0.1,a,,,,,0.1,0.5,0.5,0.5,210,852,1646,8528,,,
2026-09-17T04:55:50+00:00,521,445044,Kulusevski,19,6,Spurs,Midfielder,6.5,0.0,0.0,i,Knee injury - Unknown return date,2026-07-23T12:01:23.895175Z,0,0,0.0,0.0,0.0,0.0,45,67,288,639,,,
2026-09-17T04:55:50+00:00,522,547701,Gray,19,6,Spurs,Midfielder,4.9,-0.1,-0.1,a,,,,,0.2,1.8,1.8,1.8,1130,1516,5878,11421,,,
2026-09-17T04:55:50+00:00,523,499721,Moore,19,6,Spurs,Midfielder,5.0,0.0,0.0,u,Has joined FC Köln on loan for the rest of the season,2026-09-04T12:39:48.098158Z,0,0,0.1,0.8,0.0,0.0,0,1270,3258,15775,,,
2026-09-17T04:55:50+00:00,524,499726,Olusesi,19,6,Spurs,Midfielder,4.4,0.0,-0.1,a,,,,,1.0,0.0,0.0,0.0,27162,10174,44552,37039,,,
2026-09-17T04:55:50+00:00,525,551226,Fernandes,19,6,Spurs,Midfielder,5.8,0.0,-0.2,a,,,,,0.9,1.5,1.5,1.5,1290,9131,12600,113273,,,
2026-09-17T04:55:50+00:00,526,154566,Solanke,19,6,Spurs,Forward,5.8,-0.1,-0.2,a,,,,,0.9,1.2,1.2,1.2,3190,8532,24690,84503,1,,
2026-09-17T04:55:50+00:00,527,212319,Richarlison,19,6,Spurs,Forward,5.9,0.0,-0.1,u,not included in squad.,2026-09-04T12:32:39.183614Z,0,0,0.8,0.5,0.0,0.0,0,14150,21439,254218,,,
2026-09-17T04:55:50+00:00,528,490145,Scarlett,19,6,Spurs,Forward,4.5,0.0,0.0,u,Has joined Leyton Orient permanently,2026-09-02T16:02:43.413625Z,0,0,1.2,0.0,0.0,0.0,0,12624,42525,95652,,,
2026-09-17T04:55:50+00:00,578,465920,Mudryk,19,6,Spurs,Midfielder,5.4,0.0,-0.1,i,Ankle injury - Unknown return date,2026-09-11T18:00:09.154412Z,0,0,0.0,0.2,0.0,0.0,28,1676,5416,6584,,,
2026-09-17T04:55:50+00:00,601,611917,Williams-Barnett,19,6,Spurs,Midfielder,4.5,0.0,0.0,a,,,,,0.1,0.0,0.0,0.0,497,1215,9924,5886,,,
2026-09-17T04:55:50+00:00,501,135720,Danso,20,56,Sunderland,Defender,5.0,0.0,0.0,a,,,,,0.2,0.8,0.8,0.8,1078,1065,4973,8556,,,
2026-09-17T04:55:50+00:00,529,498016,Roefs,20,56,Sunderland,Goalkeeper,4.9,-0.1,-0.1,a,,,,,2.7,2.8,2.8,2.8,1628,23361,18918,153167,,,
2026-09-17T04:55:50+00:00,530,232571,Patterson,20,56,Sunderland,Goalkeeper,4.0,0.0,0.0,u,Has joined Wrexham permanently,2026-08-12T14:08:03.064533Z,0,0,0.1,0.0,0.0,0.0,0,572,0,5481,,,
2026-09-17T04:55:50+00:00,531,515046,Ellborg,20,56,Sunderland,Goalkeeper,4.5,0.0,0.0,a,,,,,0.1,0.0,0.0,0.0,119,361,968,2892,,,
2026-09-17T04:55:50+00:00,532,223827,Ballard,20,56,Sunderland,Defender,4.9,0.0,-0.1,a,,,,,2.8,3.0,3.0,3.0,4748,29355,40344,277130,,,
2026-09-17T04:55:50+00:00,533,200834,Mukiele,20,56,Sunderland,Defender,5.4,-0.1,-0.1,a,,2026-08-09T08:30:05.954750Z,100,100,2.0,3.2,3.2,3.2,3917,18330,37835,110486,,,
2026-09-17T04:55:50+00:00,534,487676,Hume,20,56,Sunderland,Defender,4.4,0.0,-0.1,a,,,,,3.4,2.2,2.2,2.2,1301,51808,36117,329042,,,
2026-09-17T04:55:50+00:00,535,201895,Alderete,20,56,Sunderland,Defender,4.9,0.0,-0.1,a,,2026-08-09T08:30:05.962393Z,100,100,0.3,0.2,0.2,0.2,191,2676,4665,24736,,,
2026-09-17T04:55:50+00:00,536,434399,Reinildo,20,56,Sunderland,Defender,4.5,0.0,0.0,s,Suspended until 10 Oct,2026-09-12T21:30:09.421687Z,,0,0.3,1.8,1.8,0.0,118,6079,3845,19112,,,
2026-09-17T04:55:50+00:00,537,519634,Seelt,20,56,Sunderland,Defender,4.5,0.0,0.0,u,Has joined Swansea City on loan for the rest of the season,2026-08-29T00:34:52.425076Z,0,0,0.0,0.0,0.0,0.0,0,33,61,620,,,
2026-09-17T04:55:50+00:00,538,477547,Hjelde,20,56,Sunderland,Defender,4.0,0.0,0.0,u,Has joined KV Mechelen on loan for the rest of the season,2026-08-12T14:08:03.081789Z,0,0,0.0,0.0,0.0,0.0,0,209,0,2282,,,
2026-09-17T04:55:50+00:00,539,167512,O'Nien,20,56,Sunderland,Defender,4.0,0.0,0.0,a,,,,,2.5,0.2,0.2,0.2,1566,14793,14152,99499,,,
2026-09-17T04:55:50+00:00,540,105717,Masuaku,20,56,Sunderland,Defender,4.0,0.0,0.0,u,Has joined Konyaspor permanently,2026-08-12T14:08:03.097784Z,0,0,0.1,0.0,0.0,0.0,0,946,0,10603,,,
2026-09-17T04:55:50+00:00,541,93605,Meunier,20,56,Sunderland,Defender,4.5,0.0,0.0,a,,2026-08-16T08:30:07.830062Z,100,100,0.3,2.8,2.8,2.8,679,1353,5109,7975,,,
2026-09-17T04:55:50+00:00,542,484420,E.Le Fée,20,56,Sunderland,Midfielder,5.8,0.0,-0.2,a,,,,,3.9,3.2,3.2,3.2,3625,56807,31456,582325,2,,
2026-09-17T04:55:50+00:00,543,547027,Diarra,20,56,Sunderland,Midfielder,5.4,0.0,-0.1,i,Hamstring injury - Unknown return date,2026-08-30T16:30:08.428960Z,0,0,0.0,1.2,0.0,0.0,8,452,534,5463,1,,
2026-09-17T04:55:50+00:00,544,84450,Xhaka,20,56,Sunderland,Midfielder,5.5,0.0,0.0,a,,,,,3.9,4.8,4.8,4.8,9748,37708,121158,164282,,,
2026-09-17T04:55:50+00:00,545,577669,Sadiki,20,56,Sunderland,Midfielder,4.9,0.0,-0.1,a,,,,,0.2,2.0,2.0,2.0,841,2301,4983,15657,,,
2026-09-17T04:55:50+00:00,546,535818,Adingra,20,56,Sunderland,Midfielder,4.9,0.0,-0.1,u,Has joined Ajax on loan for the rest of the season,2026-08-20T14:00:08.416985Z,0,0,0.0,0.0,0.0,0.0,0,446,240,7029,,,
2026-09-17T04:55:50+00:00,547,461199,Mundle,20,56,Sunderland,Midfielder,4.9,0.0,-0.1,i,Knee injury - Unknown return date,2026-09-09T14:00:08.462705Z,0,0,0.0,0.2,0.0,0.0,12,94,188,577,,,
2026-09-17T04:55:50+00:00,548,554197,Rigg,20,56,Sunderland,Midfielder,4.9,0.0,-0.1,a,,,,,0.0,0.5,0.5,0.5,41,322,413,2438,,,
2026-09-17T04:55:50+00:00,549,549912,Talbi,20,56,Sunderland,Midfielder,5.3,-0.1,-0.2,a,,,,,0.1,0.2,0.2,0.2,237,1116,1162,10639,,,
2026-09-17T04:55:50+00:00,550,699989,Jocelin.T,20,56,Sunderland,Midfielder,5.0,0.0,0.0,a,,,,,0.0,0.0,0.0,0.0,41,52,251,345,,,
2026-09-17T04:55:50+00:00,551,536661,N.Angulo,20,56,Sunderland,Midfielder,5.0,0.0,0.0,a,,,,,0.1,3.0,3.0,3.0,544,1419,12105,9060,,,
2026-09-17T04:55:50+00:00,552,441264,Brobbey,20,56,Sunderland,Forward,5.8,0.0,-0.2,a,,,,,5.9,1.8,1.8,1.8,8146,92313,87594,821338,,,
2026-09-17T04:55:50+00:00,553,437505,Isidor,20,56,Sunderland,Forward,5.5,0.0,0.0,a,,,,,1.4,3.5,3.5,3.5,4707,16357,90564,66080,,,
2026-09-17T04:55:50+00:00,612,638411,Methalie,20,56,Sunderland,Defender,4.5,0.0,0.0,a,,2026-08-28T13:00:08.950445Z,100,100,0.0,0.0,0.0,0.0,94,64,738,394,,,
2026-09-17T04:55:50+00:00,613,696104,Ahoka,20,56,Sunderland,Midfielder,4.5,0.0,0.0,a,,,,,0.2,0.0,0.0,0.0,1680,2593,24270,11672,,,
2026-09-17T04:55:50+00:00,646,549940,Fofana,20,56,Sunderland,Midfielder,5.5,0.0,0.0,a,,,,,0.0,1.0,1.0,1.0,363,451,3627,1247,,,
2026-09-17T04:55:50+00:00,651,661313,J.Angulo,20,56,Sunderland,Forward,4.5,0.0,0.0,a,,,,,0.7,0.0,0.0,0.0,21984,7315,70308,18687,,,
