observed_at,player_id,player_code,web_name,team_id,team_code,team_name,position,price,price_change_gameweek,price_change_season,status,news,news_added,chance_of_playing_this_round,chance_of_playing_next_round,selected_by_percent,form,expected_points_this_gameweek,expected_points_next_gameweek,transfers_in_event,transfers_out_event,transfers_in_season,transfers_out_season,penalties_order,direct_free_kicks_order,corners_and_indirect_free_kicks_order
2026-10-03T05:21:43+00:00,1,154561,Raya,1,3,Arsenal,Goalkeeper,6.1,0.1,0.1,a,,,,,42.3,6.0,6.0,6.0,129623,49471,970022,641875,,,
2026-10-03T05:21:43+00:00,2,109745,Arrizabalaga,1,3,Arsenal,Goalkeeper,4.9,0.0,-0.1,a,,,,,0.1,0.0,0.0,0.0,113,263,1490,4276,,,
2026-10-03T05:21:43+00:00,3,437495,Meslier,1,3,Arsenal,Goalkeeper,4.9,0.0,-0.1,a,,,,,0.0,0.0,0.0,0.0,48,125,515,1585,,,
2026-10-03T05:21:43+00:00,4,226597,Gabriel,1,3,Arsenal,Defender,8.0,0.0,0.0,a,,,,,22.7,4.0,4.0,4.0,25846,68141,236089,911032,,,
2026-10-03T05:21:43+00:00,5,445122,J.Timber,1,3,Arsenal,Defender,6.5,0.0,0.0,a,,2026-07-23T12:01:23.272929Z,100,100,0.4,0.3,0.3,0.3,13177,4288,34833,15041,,,
2026-10-03T05:21:43+00:00,6,462424,Saliba,1,3,Arsenal,Defender,5.9,0.0,-0.1,i,Back injury - Unknown return date,2026-07-23T12:01:23.289376Z,0,0,0.2,0.0,0.0,0.0,410,1140,3492,18693,,,
2026-10-03T05:21:43+00:00,7,499169,Lewis-Skelly,1,3,Arsenal,Midfielder,5.4,-0.1,-0.1,a,,,,,0.6,1.0,1.0,1.0,962,5042,29639,49846,,,
2026-10-03T05:21:43+00:00,8,466075,Calafiori,1,3,Arsenal,Defender,5.8,0.0,0.3,a,,,,,50.5,3.0,3.0,3.0,79498,65369,1659506,403876,,,
2026-10-03T05:21:43+00:00,9,448104,Hincapie,1,3,Arsenal,Defender,5.2,-0.1,-0.3,a,,,,,0.9,0.3,0.3,0.3,1488,5819,16307,117530,,,
2026-10-03T05:21:43+00:00,10,198869,White,1,3,Arsenal,Defender,5.5,0.0,0.0,d,Groin injury - 75% chance of playing,2026-09-20T19:30:08.247780Z,100,75,4.9,1.0,1.0,0.8,3264,68993,456022,567774,,,
2026-10-03T05:21:43+00:00,11,500040,Mosquera,1,3,Arsenal,Defender,5.3,0.0,-0.2,a,,2026-09-04T14:00:08.080310Z,100,100,1.6,0.0,0.0,0.0,1244,9663,31409,468392,,,
2026-10-03T05:21:43+00:00,12,223340,Saka,1,3,Arsenal,Midfielder,9.5,0.0,0.0,a,,,,,13.8,4.0,4.0,4.0,115370,48906,794992,398757,1,,
2026-10-03T05:21:43+00:00,13,204480,Rice,1,3,Arsenal,Midfielder,7.4,0.0,-0.1,d,Unspecified injury - 75% chance of playing,2026-09-21T13:00:08.896379Z,,75,11.6,4.0,4.0,3.0,7649,86512,119495,729186,,,
2026-10-03T05:21:43+00:00,14,232413,Eze,1,3,Arsenal,Midfielder,6.2,-0.1,-0.3,a,,,,,1.0,0.7,0.7,0.7,2553,6955,23472,139799,,,
2026-10-03T05:21:43+00:00,15,184029,Ødegaard,1,3,Arsenal,Midfielder,6.8,0.0,0.3,a,,,,,19.8,5.0,5.0,5.0,80282,90464,1636002,549913,3,,
2026-10-03T05:21:43+00:00,16,248857,Madueke,1,3,Arsenal,Midfielder,6.2,0.0,-0.3,a,,,,,0.2,0.3,0.3,0.3,755,1592,6035,26012,,,
2026-10-03T05:21:43+00:00,17,195384,Merino,1,3,Arsenal,Midfielder,5.7,-0.1,-0.3,a,,,,,0.4,0.7,0.7,0.7,782,2947,9519,48237,,,
2026-10-03T05:21:43+00:00,18,444145,Martinelli,1,3,Arsenal,Midfielder,6.3,0.0,-0.2,u,Has joined Al Hilal permanently,2026-09-04T12:34:46.738449Z,0,0,0.1,0.0,0.0,0.0,0,586,2483,21887,,,
2026-10-03T05:21:43+00:00,19,481655,Zubimendi,1,3,Arsenal,Midfielder,5.3,0.0,-0.2,a,,,,,0.6,1.0,1.0,1.0,517,3798,8532,66741,,,
2026-10-03T05:21:43+00:00,20,616077,Dowman,1,3,Arsenal,Midfielder,5.3,0.0,-0.2,a,,,,,0.1,0.3,0.3,0.3,468,598,3056,7317,,,
2026-10-03T05:21:43+00:00,22,499175,Nwaneri,1,3,Arsenal,Midfielder,5.4,0.0,-0.1,u,Has joined Borussia Dortmund on loan for the rest of the season,2026-09-02T16:01:07.058827Z,0,0,0.0,0.0,0.0,0.0,0,52,233,1252,,,
2026-10-03T05:21:43+00:00,23,438098,Fábio Vieira,1,3,Arsenal,Midfielder,5.5,0.0,0.0,u,Has joined Hamburger SV permanently,2026-09-02T16:00:28.446370Z,0,0,0.0,0.0,0.0,0.0,0,42,255,921,,,
2026-10-03T05:21:43+00:00,24,200641,Nelson,1,3,Arsenal,Midfielder,5.5,0.0,0.0,u,has departed the club as a free agent.,2026-08-29T00:33:08.556767Z,0,0,0.0,0.0,0.0,0.0,0,24,68,678,,,
2026-10-03T05:21:43+00:00,25,224117,Gyökeres,1,3,Arsenal,Forward,7.1,-0.1,-0.4,a,,,,,3.1,0.7,0.7,0.7,12969,17388,41192,611712,2,,
2026-10-03T05:21:43+00:00,26,219847,Havertz,1,3,Arsenal,Forward,7.6,0.0,0.1,d,Hamstring injury - 75% chance of playing,2026-09-24T22:00:09.120308Z,,75,8.2,3.7,3.7,2.8,50618,66961,653851,427433,,,
2026-10-03T05:21:43+00:00,27,205651,G.Jesus,1,3,Arsenal,Forward,5.9,0.0,-0.1,u,Has joined FC Barcelona permanently,2026-09-02T16:00:28.475184Z,0,0,0.1,0.0,0.0,0.0,0,1050,4164,29325,,,
2026-10-03T05:21:43+00:00,31,199798,Konsa,1,3,Arsenal,Defender,4.6,0.1,0.1,a,,,,,19.4,3.7,3.7,3.7,92971,48067,1466278,639175,,,
2026-10-03T05:21:43+00:00,452,208706,Bruno G.,1,3,Arsenal,Midfielder,6.7,0.0,-0.3,a,,2026-09-04T14:00:08.328779Z,100,100,1.8,2.7,2.7,2.7,5912,7825,30858,244898,4,,
2026-10-03T05:21:43+00:00,557,439509,Tzolis,1,3,Arsenal,Midfielder,6.3,-0.1,-0.2,d,Hamstring injury - 75% chance of playing,2026-10-02T15:00:11.091226Z,,75,12.1,3.3,3.3,2.5,12391,145696,462758,1608904,,,
2026-10-03T05:21:43+00:00,29,72147,M.Bizot,2,7,Aston Villa,Goalkeeper,4.5,0.0,0.0,i,Back injury - Expected back 10 Oct,2026-09-17T07:30:09.058151Z,0,0,0.1,0.0,0.0,0.0,61,1036,4655,7412,,,
2026-10-03T05:21:43+00:00,30,101188,Digne,2,7,Aston Villa,Defender,4.5,0.0,0.0,u,Has joined Paris Saint-Germain permanently,2026-08-10T14:03:30.089007Z,0,0,0.0,0.0,0.0,0.0,0,236,0,8647,,,
2026-10-03T05:21:43+00:00,32,199796,Cash,2,7,Aston Villa,Defender,4.4,0.0,-0.1,a,,2026-09-09T14:30:08.192142Z,100,100,4.8,1.7,1.7,1.7,2751,25618,95402,419607,,,
2026-10-03T05:21:43+00:00,33,149484,Mings,2,7,Aston Villa,Defender,4.5,0.0,0.0,a,,,,,0.4,3.0,3.0,3.0,1779,1448,16499,17472,,,
2026-10-03T05:21:43+00:00,34,244954,Pau,2,7,Aston Villa,Defender,4.4,-0.1,-0.1,i,Hamstring injury - Expected back 10 Oct,2026-09-12T18:00:08.712707Z,0,0,0.3,0.3,0.0,0.0,44,3201,11237,27559,,,
2026-10-03T05:21:43+00:00,35,515597,Bogarde,2,7,Aston Villa,Midfielder,4.9,-0.1,-0.1,a,,,,,0.1,0.0,0.0,0.0,174,448,2915,4776,,,
2026-10-03T05:21:43+00:00,36,441302,Maatsen,2,7,Aston Villa,Defender,4.4,-0.1,-0.1,i,Ankle injury - Unknown return date,2026-09-12T18:00:08.729468Z,0,0,0.5,2.7,0.0,0.0,51,6305,31893,62043,,,
2026-10-03T05:21:43+00:00,37,184667,Lindelöf,2,7,Aston Villa,Defender,4.5,0.0,0.0,a,,,,,0.3,2.7,2.7,2.7,1080,1327,14680,14350,,,
2026-10-03T05:21:43+00:00,38,606798,A.García,2,7,Aston Villa,Defender,4.0,0.0,0.0,a,,,,,1.5,0.0,0.0,0.0,1877,6184,45323,68084,,,
2026-10-03T05:21:43+00:00,39,578545,Nedeljkovic,2,7,Aston Villa,Defender,4.0,0.0,0.0,u,Has joined Rangers on loan for the rest of the season,2026-08-19T13:56:46.385411Z,0,0,0.1,0.0,0.0,0.0,0,578,0,15263,,,
2026-10-03T05:21:43+00:00,41,195546,Buendía,2,7,Aston Villa,Midfielder,5.9,0.0,-0.1,a,,,,,1.0,5.7,5.7,5.7,12577,4314,60561,95459,1,,
2026-10-03T05:21:43+00:00,44,215711,Bailey,2,7,Aston Villa,Midfielder,5.4,0.0,-0.1,u,Has joined Olympiakos permanently,2026-09-04T12:35:14.472260Z,0,0,0.1,0.0,0.0,0.0,0,504,2096,13235,,,
2026-10-03T05:21:43+00:00,45,122806,McGinn,2,7,Aston Villa,Midfielder,5.4,0.0,-0.1,a,,,,,2.2,5.0,5.0,5.0,7039,8756,70870,155718,,,
2026-10-03T05:21:43+00:00,46,88894,Barkley,2,7,Aston Villa,Midfielder,5.0,0.0,0.0,a,,,,,0.3,2.0,2.0,2.0,575,1793,16132,16270,,,
2026-10-03T05:21:43+00:00,47,226944,Kamara,2,7,Aston Villa,Midfielder,5.0,0.0,0.0,a,,2026-07-23T12:01:23.337269Z,100,100,0.3,3.7,3.7,3.7,1344,1600,14553,21548,,,
2026-10-03T05:21:43+00:00,48,449871,Onana,2,7,Aston Villa,Midfielder,4.9,0.0,-0.1,i,Knee injury - Unknown return date,2026-07-23T12:01:23.352497Z,0,0,0.0,0.0,0.0,0.0,42,98,513,1668,,,
2026-10-03T05:21:43+00:00,49,469247,Iling Jr,2,7,Aston Villa,Midfielder,5.0,0.0,0.0,u,Has joined Bolton Wanderers on loan for the rest of the season,2026-08-17T13:52:28.532616Z,0,0,0.0,0.0,0.0,0.0,0,11,0,236,,,
2026-10-03T05:21:43+00:00,50,645618,Burrowes,2,7,Aston Villa,Midfielder,4.5,0.0,0.0,a,,,,,0.6,0.0,0.0,0.0,648,3443,21473,35167,,,
2026-10-03T05:21:43+00:00,51,577285,George Hemmings,2,7,Aston Villa,Midfielder,4.5,0.0,0.0,a,,,,,1.2,1.7,1.7,1.7,3246,9818,115929,69751,,,
2026-10-03T05:21:43+00:00,52,653481,Alysson,2,7,Aston Villa,Midfielder,5.0,0.0,0.0,d,Unspecified injury - 75% chance of playing,2026-09-19T11:30:09.355376Z,,75,0.0,2.3,2.3,1.7,69,799,3355,3662,,,
2026-10-03T05:21:43+00:00,53,614071,Manzambi,2,7,Aston Villa,Midfielder,5.9,0.0,-0.1,a,,2026-08-15T15:30:06.388335Z,100,100,0.4,4.7,4.7,4.7,28604,3423,31590,20042,,,
2026-10-03T05:21:43+00:00,54,448089,Gomes,2,7,Aston Villa,Midfielder,5.5,0.0,0.0,a,,2026-09-16T19:30:08.742410Z,100,100,0.0,1.3,1.3,1.3,476,199,1315,4108,,,
2026-10-03T05:21:43+00:00,55,178301,Watkins,2,7,Aston Villa,Forward,7.8,0.0,-0.2,u,Has joined Al Hilal permanently,2026-09-01T13:15:16.698799Z,0,0,2.5,0.0,0.0,0.0,0,13107,14882,760488,,,
2026-10-03T05:21:43+00:00,56,173879,Abraham,2,7,Aston Villa,Forward,5.5,0.0,0.0,a,,2026-08-15T16:00:07.558543Z,100,100,0.2,1.0,1.0,1.0,1745,1762,15793,12938,,,
2026-10-03T05:21:43+00:00,160,493105,Garnacho,2,7,Aston Villa,Midfielder,5.8,0.0,-0.2,a,,,,,0.3,0.3,0.3,0.3,555,2812,7503,41265,,,
2026-10-03T05:21:43+00:00,166,517052,N.Jackson,2,7,Aston Villa,Forward,6.5,0.0,0.0,a,,,,,1.5,2.7,2.7,2.7,37550,8332,182812,85272,2,,
2026-10-03T05:21:43+00:00,582,690838,Madjo,2,7,Aston Villa,Forward,5.4,0.0,-0.1,i,Unspecified injury - Unknown return date,2026-08-15T16:00:07.974271Z,0,0,0.2,0.0,0.0,0.0,232,1811,2917,30582,,,
2026-10-03T05:21:43+00:00,596,487992,Ruggeri,2,7,Aston Villa,Defender,4.5,0.0,0.0,a,,,,,0.1,1.3,1.3,1.3,546,343,3189,5607,,,
2026-10-03T05:21:43+00:00,597,433969,Suzuki,2,7,Aston Villa,Goalkeeper,5.0,0.0,0.0,a,,,,,1.9,4.7,4.7,4.7,13856,6720,151420,62579,,,
2026-10-03T05:21:43+00:00,606,569577,Rowe,2,7,Aston Villa,Defender,4.0,0.0,0.0,a,,,,,0.2,0.0,0.0,0.0,322,918,13018,6173,,,
2026-10-03T05:21:43+00:00,607,571380,Lynch,2,7,Aston Villa,Midfielder,4.5,0.0,0.0,u,Has joined Oxford United on loan until January,2026-09-04T12:35:39.820426Z,0,0,0.1,0.0,0.0,0.0,0,717,7103,8161,,,
2026-10-03T05:21:43+00:00,611,214590,Wan-Bissaka,2,7,Aston Villa,Defender,4.5,0.0,0.0,a,,,,,0.2,1.7,1.7,1.7,1476,1450,18329,7783,,,
2026-10-03T05:21:43+00:00,618,119090,Goretzka,2,7,Aston Villa,Midfielder,5.9,0.0,-0.1,i,Knee injury - Expected back 10 Oct,2026-09-09T09:30:08.229436Z,0,0,0.0,0.0,0.0,0.0,27,423,4636,4737,,,
2026-10-03T05:21:43+00:00,630,245719,Harwood-Bellis,2,7,Aston Villa,Defender,4.5,0.0,0.0,a,,,,,0.0,0.0,0.0,0.0,199,190,2176,996,,,
2026-10-03T05:21:43+00:00,631,638987,Mbaye,2,7,Aston Villa,Midfielder,6.0,0.0,0.0,a,,,,,0.1,0.7,0.7,0.7,931,1136,10439,4817,,,
2026-10-03T05:21:43+00:00,667,481283,Wright,2,7,Aston Villa,Goalkeeper,4.0,0.0,0.0,a,,,,,0.1,0.0,1.0,1.0,7353,877,7353,877,,,
2026-10-03T05:21:43+00:00,57,457569,Petrović,3,91,Bournemouth,Goalkeeper,4.5,0.0,0.0,a,,,,,3.0,1.3,1.3,1.3,6416,12041,112399,124712,,,
2026-10-03T05:21:43+00:00,58,40383,Forster,3,91,Bournemouth,Goalkeeper,4.0,0.0,0.0,a,,,,,3.5,0.0,0.0,0.0,8329,7485,117523,79306,,,
2026-10-03T05:21:43+00:00,59,444172,Dennis,3,91,Bournemouth,Goalkeeper,4.0,0.0,0.0,u,Has joined MK Dons permanently,2026-08-27T14:53:48.692835Z,0,0,0.1,0.0,0.0,0.0,0,566,1133,7534,,,
2026-10-03T05:21:43+00:00,60,463981,Hill,3,91,Bournemouth,Defender,5.5,0.0,0.0,a,,,,,0.8,2.3,2.3,2.3,3259,3178,31000,43772,,,
2026-10-03T05:21:43+00:00,61,494521,Truffert,3,91,Bournemouth,Defender,5.4,-0.1,-0.1,a,,,,,3.0,1.7,1.7,1.7,4717,12432,56586,160715,,,
2026-10-03T05:21:43+00:00,62,242882,Diakité,3,91,Bournemouth,Defender,4.9,-0.1,-0.1,a,,,,,0.2,0.0,0.0,0.0,481,976,7139,12041,,,
2026-10-03T05:21:43+00:00,63,620487,Milosavljević,3,91,Bournemouth,Defender,4.9,0.0,-0.1,i,Thigh injury - Unknown return date,2026-08-06T10:00:10.456051Z,0,0,0.0,0.0,0.0,0.0,33,48,339,845,,,
2026-10-03T05:21:43+00:00,64,54469,Smith,3,91,Bournemouth,Defender,4.5,0.0,0.0,a,,,,,0.1,0.7,0.7,0.7,405,492,7203,7320,,,
2026-10-03T05:21:43+00:00,65,436893,J.Araujo,3,91,Bournemouth,Defender,4.4,0.0,-0.1,i,Thigh injury - Unknown return date,2026-08-09T08:00:05.645826Z,0,0,0.0,0.0,0.0,0.0,38,55,422,1294,,,
2026-10-03T05:21:43+00:00,66,575901,Soler,3,91,Bournemouth,Defender,4.0,0.0,0.0,a,,2026-08-15T16:30:07.021055Z,100,100,0.3,0.0,0.0,0.0,747,1142,13838,11027,,,
2026-10-03T05:21:43+00:00,67,499604,Rayan,3,91,Bournemouth,Midfielder,6.3,-0.1,-0.2,a,,,,,1.6,2.0,2.0,2.0,4149,9916,52819,169412,,,
2026-10-03T05:21:43+00:00,68,201658,Tavernier,3,91,Bournemouth,Midfielder,6.1,0.0,0.1,a,,,,,6.8,6.7,6.7,6.7,85256,45358,696449,220082,3,,
2026-10-03T05:21:43+00:00,69,503139,Scott,3,91,Bournemouth,Midfielder,6.1,0.0,0.1,a,,,,,5.8,5.3,5.3,5.3,24648,39301,548551,209477,,,
2026-10-03T05:21:43+00:00,70,222683,Kluivert,3,91,Bournemouth,Midfielder,6.0,0.0,0.0,i,Unspecified injury - Unknown return date,2026-09-20T15:30:09.074071Z,,0,0.9,3.0,3.0,0.0,2301,18484,52658,83366,2,,
2026-10-03T05:21:43+00:00,71,155408,Cook,3,91,Bournemouth,Midfielder,5.0,0.0,0.0,a,,,,,0.2,0.7,0.7,0.7,273,1165,13107,13946,,,
2026-10-03T05:21:43+00:00,72,496208,Gannon-Doak,3,91,Bournemouth,Midfielder,4.9,0.0,-0.1,a,,,,,0.1,1.0,1.0,1.0,147,388,1647,4648,,,
2026-10-03T05:21:43+00:00,73,200785,Adams,3,91,Bournemouth,Midfielder,5.0,0.0,0.0,a,,2026-08-15T16:30:07.029928Z,100,100,0.3,3.3,3.3,3.3,1132,1679,18341,16670,,,
2026-10-03T05:21:43+00:00,74,111317,Brooks,3,91,Bournemouth,Midfielder,5.0,0.0,0.0,a,,2026-08-15T16:30:07.037929Z,100,100,0.1,0.7,0.7,0.7,182,329,3364,3787,,,
2026-10-03T05:21:43+00:00,75,158499,Christie,3,91,Bournemouth,Midfielder,5.0,0.0,0.0,a,,2026-07-24T17:30:10.035483Z,100,100,0.0,1.3,1.3,1.3,302,253,3557,2198,,,
2026-10-03T05:21:43+00:00,76,614574,Tóth.A,3,91,Bournemouth,Midfielder,4.9,0.0,-0.1,a,,,,,0.0,0.3,0.3,0.3,28,55,385,784,,,
2026-10-03T05:21:43+00:00,77,489888,Adli,3,91,Bournemouth,Midfielder,4.9,0.0,-0.1,i,Calf injury - Unknown return date,2026-08-15T16:00:07.590566Z,0,0,0.0,0.0,0.0,0.0,24,77,293,2218,,,
2026-10-03T05:21:43+00:00,78,560262,Kroupi.Jr,3,91,Bournemouth,Midfielder,7.4,0.0,-0.1,i,Foot injury - Expected back 7 Nov,2026-07-29T17:30:09.796802Z,0,0,0.2,0.0,0.0,0.0,193,885,1239,27403,1,,
2026-10-03T05:21:43+00:00,79,444102,Evanilson,3,91,Bournemouth,Forward,6.0,0.0,0.0,a,,,,,3.2,3.0,3.0,3.0,18534,21436,253995,176263,,,
2026-10-03T05:21:43+00:00,80,168636,Enes Ünal,3,91,Bournemouth,Forward,5.5,0.0,0.0,u,Has joined Getafe permanently,2026-08-14T14:14:21.881112Z,0,0,0.0,0.0,0.0,0.0,0,51,0,1983,,,
2026-10-03T05:21:43+00:00,81,561245,Rodríguez,3,91,Bournemouth,Forward,6.0,0.0,0.0,a,,2026-08-15T16:30:07.054142Z,100,100,0.1,0.3,0.3,0.3,822,736,5529,6867,,,
2026-10-03T05:21:43+00:00,566,483067,Silva,3,91,Bournemouth,Defender,5.0,0.0,0.0,a,,,,,0.4,2.3,2.3,2.3,6594,3831,32056,25272,,,
2026-10-03T05:21:43+00:00,573,494928,Sanchez,3,91,Bournemouth,Defender,4.4,0.0,-0.1,a,,,,,0.2,0.0,0.0,0.0,155,448,1575,7105,,,
2026-10-03T05:21:43+00:00,608,523700,Jebbison,3,91,Bournemouth,Forward,5.0,0.0,0.0,a,,,,,0.1,0.7,0.7,0.7,921,915,13284,7270,,,
2026-10-03T05:21:43+00:00,615,230650,Di Gregorio,3,91,Bournemouth,Goalkeeper,4.5,0.0,0.0,a,,,,,0.0,0.0,0.0,0.0,187,197,2930,1746,,,
2026-10-03T05:21:43+00:00,82,200720,Kelleher,4,94,Brentford,Goalkeeper,5.0,0.0,0.0,a,,,,,6.1,3.7,3.7,3.7,20348,13927,251985,214193,,,
2026-10-03T05:21:43+00:00,83,507433,Valdimarsson,4,94,Brentford,Goalkeeper,4.5,0.0,0.0,a,,,,,0.1,0.0,0.0,0.0,303,344,2868,4594,,,
2026-10-03T05:21:43+00:00,84,432830,Collins,4,94,Brentford,Defender,5.4,0.0,-0.1,i,Calf injury - Unknown return date,2026-09-05T18:00:06.182495Z,0,0,0.9,0.3,0.0,0.0,123,9645,58742,157001,,,
2026-10-03T05:21:43+00:00,85,444765,Van den Berg,4,94,Brentford,Defender,4.9,0.0,-0.1,i,Groin injury - Unknown return date,2026-08-15T15:30:06.416627Z,0,0,0.1,0.0,0.0,0.0,39,357,412,8963,,,
2026-10-03T05:21:43+00:00,86,249231,Lewis-Potter,4,94,Brentford,Midfielder,5.5,0.0,0.0,a,,,,,1.7,2.0,2.0,2.0,3760,12184,190405,120565,,,
2026-10-03T05:21:43+00:00,87,191866,Ajer,4,94,Brentford,Defender,4.5,0.0,0.0,a,,,,,3.9,3.3,3.3,3.3,11522,23191,317009,276883,,,
2026-10-03T05:21:43+00:00,88,607464,Kayode,4,94,Brentford,Defender,4.6,0.0,0.1,a,,,,,7.6,2.7,2.7,2.7,13690,21727,596388,367961,,,
2026-10-03T05:21:43+00:00,89,194010,Henry,4,94,Brentford,Defender,4.4,0.0,-0.1,a,,,,,0.2,0.0,0.0,0.0,164,602,1988,8600,,,
2026-10-03T05:21:43+00:00,90,472713,Hickey,4,94,Brentford,Defender,4.5,0.0,0.0,a,,,,,0.1,1.0,1.0,1.0,185,252,2099,2985,,,
2026-10-03T05:21:43+00:00,92,570241,Ji-soo,4,94,Brentford,Defender,4.4,-0.1,-0.1,a,,,,,0.0,0.0,0.0,0.0,59,90,493,962,,,
2026-10-03T05:21:43+00:00,93,513086,Schuster,4,94,Brentford,Defender,4.5,0.0,0.0,a,,,,,0.3,7.0,7.0,7.0,15498,2428,17060,6916,,,
2026-10-03T05:21:43+00:00,94,513418,Schade,4,94,Brentford,Midfielder,6.2,0.1,0.2,a,,,,,11.7,8.7,8.7,8.7,401898,26175,1021753,246179,2,,
2026-10-03T05:21:43+00:00,95,533463,O.Dango,4,94,Brentford,Midfielder,6.3,0.0,-0.2,a,,,,,0.5,1.0,1.0,1.0,841,3754,15202,82333,,,
2026-10-03T05:21:43+00:00,96,440089,Damsgaard,4,94,Brentford,Midfielder,5.4,0.0,-0.1,a,,,,,0.4,4.0,4.0,4.0,1743,2101,15254,30217,,,
2026-10-03T05:21:43+00:00,97,207283,Jensen,4,94,Brentford,Midfielder,5.4,0.0,-0.1,i,Unspecified injury - Expected back 10 Oct,2026-08-30T12:30:08.176795Z,0,0,0.1,0.0,0.0,0.0,20,660,4505,15094,3,,
2026-10-03T05:21:43+00:00,98,204580,Janelt,4,94,Brentford,Midfielder,5.0,0.0,0.0,a,,,,,2.5,6.0,6.0,6.0,20055,18304,307115,107395,,,
2026-10-03T05:21:43+00:00,99,543295,Milambo,4,94,Brentford,Midfielder,5.0,0.0,0.0,i,Knee injury - Unknown return date,2026-07-23T12:01:23.384798Z,0,0,0.0,0.0,0.0,0.0,7,7,116,159,,,
2026-10-03T05:21:43+00:00,100,244858,Carvalho,4,94,Brentford,Midfielder,5.0,0.0,0.0,a,,2026-08-18T13:58:17.442072Z,100,100,0.0,2.0,2.0,2.0,614,177,1912,1455,,,
2026-10-03T05:21:43+00:00,102,508395,Yarmoliuk,4,94,Brentford,Midfielder,4.8,0.0,-0.2,a,,,,,0.6,2.3,2.3,2.3,1372,3378,5825,61728,,,
2026-10-03T05:21:43+00:00,103,183656,Dasilva,4,94,Brentford,Midfielder,4.9,0.0,-0.1,i,Hamstring injury - Expected back 10 Oct,2026-09-04T13:30:08.371955Z,0,0,0.0,0.0,0.0,0.0,9,104,400,1949,,,
2026-10-03T05:21:43+00:00,105,444180,Anthony,4,94,Brentford,Midfielder,5.9,0.0,-0.1,a,,,,,0.1,4.0,4.0,4.0,2397,634,7395,11035,,,
2026-10-03T05:21:43+00:00,106,502500,Thiago,4,94,Brentford,Forward,7.8,0.0,-0.2,a,,,,,9.1,2.7,2.7,2.7,60453,39208,280876,1036116,1,,
2026-10-03T05:21:43+00:00,107,593174,Furo,4,94,Brentford,Forward,4.5,0.0,0.0,i,Unspecified injury - Unknown return date,2026-09-14T14:00:09.985723Z,0,0,0.9,0.0,0.0,0.0,635,9702,61708,66864,,,
2026-10-03T05:21:43+00:00,108,75115,Wilson,4,94,Brentford,Forward,5.4,-0.1,-0.1,a,,,,,0.3,0.3,0.3,0.3,1241,2509,15590,26574,,,
2026-10-03T05:21:43+00:00,565,513545,M.Sangaré,4,94,Brentford,Midfielder,5.6,-0.1,0.1,a,,,,,9.9,1.3,1.3,1.3,8583,140803,1227871,822692,,,
2026-10-03T05:21:43+00:00,620,613804,Diouf,4,94,Brentford,Defender,4.5,0.0,0.0,a,,,,,0.1,0.7,0.7,0.7,480,695,13641,7357,,,
2026-10-03T05:21:43+00:00,657,626464,Nunes,4,94,Brentford,Midfielder,4.5,0.0,0.0,a,,,,,0.0,0.0,0.0,0.0,355,273,2097,666,,,
2026-10-03T05:21:43+00:00,660,612534,Fredrick,4,94,Brentford,Defender,4.0,0.0,0.0,a,,,,,0.0,0.0,1.1,1.1,534,69,534,69,,,
2026-10-03T05:21:43+00:00,661,235448,Balcombe,4,94,Brentford,Goalkeeper,4.0,0.0,0.0,a,,,,,0.0,0.0,1.0,1.0,2933,564,2933,564,,,
2026-10-03T05:21:43+00:00,109,489639,Verbruggen,5,36,Brighton,Goalkeeper,4.5,0.0,0.0,a,,,,,21.6,5.7,5.7,5.7,74238,73886,767713,609740,,,
2026-10-03T05:21:43+00:00,111,49262,Steele,5,36,Brighton,Goalkeeper,4.0,0.0,0.0,a,,,,,4.1,0.0,0.0,0.0,7280,15108,147467,120863,,,
2026-10-03T05:21:43+00:00,113,231416,F.Kadıoğlu,5,36,Brighton,Defender,4.4,0.0,-0.1,a,,2026-08-23T13:00:07.595211Z,100,100,1.6,4.3,4.3,4.3,4101,7082,30514,134625,,,
2026-10-03T05:21:43+00:00,114,204120,Boscagli,5,36,Brighton,Defender,4.5,0.0,0.0,a,,,,,0.3,4.7,4.7,4.7,2120,814,16337,11891,,,
2026-10-03T05:21:43+00:00,115,465730,De Cuyper,5,36,Brighton,Defender,5.0,0.1,0.5,a,,,,,27.8,7.0,7.0,7.0,305900,22435,2724239,407466,,,
2026-10-03T05:21:43+00:00,116,83299,Dunk,5,36,Brighton,Defender,4.5,0.0,0.0,d,Neck injury - 75% chance of playing,2026-09-22T09:30:09.629652Z,,75,1.5,5.7,5.7,4.3,7611,10233,89172,51297,,,
2026-10-03T05:21:43+00:00,117,550090,Coppola,5,36,Brighton,Defender,4.5,0.0,0.0,a,,,,,0.0,0.0,0.0,0.0,111,101,923,1064,,,
2026-10-03T05:21:43+00:00,118,223434,Igor,5,36,Brighton,Defender,4.5,0.0,0.0,u,Has joined Burnley permanently,2026-09-02T15:38:15.529699Z,0,0,0.0,0.0,0.0,0.0,0,301,915,5944,,,
2026-10-03T05:21:43+00:00,119,451490,Costinha,5,36,Brighton,Defender,4.5,0.0,0.0,a,,,,,0.0,1.0,1.0,1.0,173,138,1278,1463,,,
2026-10-03T05:21:43+00:00,120,454490,Svoboda,5,36,Brighton,Defender,5.0,0.0,0.0,a,,,,,0.1,0.3,0.3,0.3,1338,467,4514,3989,,,
2026-10-03T05:21:43+00:00,121,451340,Mitoma,5,36,Brighton,Midfielder,5.9,0.0,-0.1,i,Hamstring injury - Expected back 10 Oct,2026-07-24T18:30:10.661894Z,0,0,0.0,0.0,0.0,0.0,131,180,557,3117,,,
2026-10-03T05:21:43+00:00,122,592031,Minteh,5,36,Brighton,Midfielder,5.8,-0.1,-0.2,i,Leg injury - Expected back 28 Nov,2026-08-14T18:00:06.418033Z,0,0,0.0,0.0,0.0,0.0,45,236,335,6910,,,
2026-10-03T05:21:43+00:00,123,532529,Hinshelwood,5,36,Brighton,Midfielder,5.9,0.0,-0.1,i,Ankle injury - Expected back 10 Oct,2026-08-27T19:30:07.780933Z,0,0,0.6,0.0,0.0,0.0,282,6956,147903,216182,,,
2026-10-03T05:21:43+00:00,124,60307,Groß,5,36,Brighton,Midfielder,5.8,0.1,0.3,a,,,,,29.1,10.7,10.7,10.7,806368,12521,2166861,542304,1,,
2026-10-03T05:21:43+00:00,125,463067,Georginio,5,36,Brighton,Forward,5.3,-0.1,-0.2,a,,2026-08-26T16:00:07.608056Z,100,100,0.5,0.3,0.3,0.3,2734,3926,34731,76554,,,
2026-10-03T05:21:43+00:00,126,219249,O'Riley,5,36,Brighton,Midfielder,5.4,0.0,-0.1,a,,,,,0.1,0.7,0.7,0.7,433,578,3607,6534,3,,
2026-10-03T05:21:43+00:00,127,514254,Gomez,5,36,Brighton,Midfielder,5.0,0.0,0.0,a,,,,,4.0,4.3,4.3,4.3,12464,39182,334971,300813,,,
2026-10-03T05:21:43+00:00,128,536916,Buonanotte,5,36,Brighton,Midfielder,5.0,0.0,0.0,u,Has joined Elche on loan for the rest of the season,2026-08-10T14:03:07.561436Z,0,0,0.0,0.0,0.0,0.0,0,7,0,330,,,
2026-10-03T05:21:43+00:00,129,509416,Ayari,5,36,Brighton,Midfielder,5.4,0.0,-0.1,a,,2026-08-30T18:00:07.935334Z,100,100,0.4,4.3,4.3,4.3,2396,2051,12637,41606,,,
2026-10-03T05:21:43+00:00,130,467779,Wieffer,5,36,Brighton,Defender,4.9,0.0,-0.1,i,Knee injury - Unknown return date,2026-09-04T09:30:08.612904Z,0,0,0.2,0.0,0.0,0.0,32,2016,25947,43448,,,
2026-10-03T05:21:43+00:00,132,597320,Howell,5,36,Brighton,Midfielder,4.5,0.0,0.0,u,Has joined Leicester City on loan for the rest of the season,2026-08-17T13:53:19.019938Z,0,0,0.0,0.0,0.0,0.0,0,207,0,3685,,,
2026-10-03T05:21:43+00:00,133,549074,Watson,5,36,Brighton,Midfielder,5.0,0.0,0.0,u,Has joined Leicester City on loan for the rest of the season,2026-08-03T14:05:44.459483Z,0,0,0.0,0.0,0.0,0.0,0,5,0,136,,,
2026-10-03T05:21:43+00:00,134,556637,Oriola,5,36,Brighton,Midfielder,4.5,0.0,0.0,a,,,,,0.2,0.0,0.0,0.0,365,1366,8769,14234,,,
2026-10-03T05:21:43+00:00,135,700308,Yohanna,5,36,Brighton,Midfielder,4.8,-0.1,-0.2,i,Unspecified injury - Expected back 10 Oct,2026-09-10T13:00:08.617941Z,0,0,0.0,0.0,0.0,0.0,26,397,1269,5504,,,
2026-10-03T05:21:43+00:00,137,608181,Tzimas,5,36,Brighton,Forward,5.4,0.0,-0.1,i,Knee injury - Unknown return date,2026-07-23T12:01:23.432796Z,0,0,0.0,0.0,0.0,0.0,38,54,335,752,,,
2026-10-03T05:21:43+00:00,138,647850,Kostoulas,5,36,Brighton,Forward,5.6,0.1,0.1,a,,,,,4.3,7.3,7.3,7.3,321584,19902,426275,52412,,,
2026-10-03T05:21:43+00:00,139,487117,Ferguson,5,36,Brighton,Forward,5.0,0.0,0.0,i,Ankle injury - Expected back 10 Oct,2026-07-23T12:01:23.448357Z,0,0,0.0,0.0,0.0,0.0,138,263,1589,2532,,,
2026-10-03T05:21:43+00:00,328,222694,Struijk,5,36,Brighton,Defender,4.9,0.0,-0.1,d,Hamstring injury - 75% chance of playing,2026-09-22T10:00:09.404233Z,100,75,0.2,2.3,2.3,1.7,641,911,5670,12162,,,
2026-10-03T05:21:43+00:00,504,610799,Vuskovic,5,36,Brighton,Defender,5.0,0.0,0.0,a,,,,,3.7,8.7,8.7,8.7,58592,13823,261692,138635,,,
2026-10-03T05:21:43+00:00,594,538007,David,5,36,Brighton,Forward,5.9,-0.1,-0.1,a,,,,,0.2,0.0,0.0,0.0,3246,2252,15108,22525,2,,
2026-10-03T05:21:43+00:00,600,612855,Osman,5,36,Brighton,Midfielder,5.0,0.0,0.0,a,,,,,0.0,0.3,0.3,0.3,117,128,948,1095,,,
2026-10-03T05:21:43+00:00,605,611695,Yalcouyé,5,36,Brighton,Midfielder,4.5,0.0,0.0,a,,,,,4.0,3.7,3.7,3.7,26575,33601,555464,171555,,,
2026-10-03T05:21:43+00:00,614,512123,Hadjam,5,36,Brighton,Defender,4.5,0.0,0.0,a,,,,,0.0,0.0,0.0,0.0,251,257,3990,1962,,,
2026-10-03T05:21:43+00:00,624,519324,Cozier-Duberry,5,36,Brighton,Midfielder,5.0,0.0,0.0,u,Has joined Middlesbrough on loan for the rest of the season,2026-09-02T15:38:15.552951Z,0,0,0.0,0.0,0.0,0.0,0,5,117,113,,,
2026-10-03T05:21:43+00:00,639,592984,Andrés,5,36,Brighton,Midfielder,5.5,0.0,0.0,a,,,,,0.0,4.0,4.0,4.0,2783,319,4027,787,,,
2026-10-03T05:21:43+00:00,652,471551,Azeez,5,36,Brighton,Midfielder,5.5,0.0,0.0,i,Hamstring injury - Expected back 10 Oct,2026-09-04T11:30:08.661589Z,0,0,0.0,0.0,0.0,0.0,19,46,442,203,,,
2026-10-03T05:21:43+00:00,658,661016,Ibrahim,5,36,Brighton,Midfielder,4.5,0.0,0.0,a,,,,,0.0,0.0,0.0,0.0,314,221,1477,489,,,
2026-10-03T05:21:43+00:00,28,98980,Martinez,6,8,Chelsea,Goalkeeper,5.0,0.0,0.0,a,,,,,4.7,2.3,2.3,2.3,7856,22371,245623,246952,,,
2026-10-03T05:21:43+00:00,40,244850,Rogers,6,8,Chelsea,Midfielder,7.7,0.0,0.2,a,,,,,40.5,5.3,5.3,5.3,153653,71845,2483076,663532,,,
2026-10-03T05:21:43+00:00,101,56979,Henderson,6,8,Chelsea,Midfielder,4.9,0.0,-0.1,a,,2026-08-09T09:30:07.136250Z,50,100,0.0,0.7,0.3,0.7,526,163,1139,2637,,,
2026-10-03T05:21:43+00:00,136,50175,Welbeck,6,8,Chelsea,Forward,5.9,0.0,-0.1,a,,2026-08-20T14:00:07.949090Z,100,100,1.0,1.3,1.3,1.3,7876,9457,61812,83361,,,
2026-10-03T05:21:43+00:00,140,215059,Sánchez,6,8,Chelsea,Goalkeeper,4.9,0.0,-0.1,u,Has joined Como on loan for the rest of the season,2026-09-02T16:20:41.841936Z,0,0,0.7,0.0,0.0,0.0,0,4955,10847,176563,,,
2026-10-03T05:21:43+00:00,141,508479,Jörgensen,6,8,Chelsea,Goalkeeper,5.0,0.0,0.0,u,Has joined RC Strasbourg on loan for the rest of the season,2026-08-12T14:07:02.607115Z,0,0,0.0,0.0,0.0,0.0,0,33,0,951,,,
2026-10-03T05:21:43+00:00,142,225796,James,6,8,Chelsea,Defender,5.4,0.0,-0.1,d,Hamstring injury - 75% chance of playing,2026-09-18T10:30:09.719371Z,75,75,5.8,0.7,0.5,0.5,643,79298,168848,601987,,,
2026-10-03T05:21:43+00:00,143,180736,Chalobah,6,8,Chelsea,Defender,5.5,0.0,0.0,u,Has joined Como permanently,2026-08-10T14:03:50.769483Z,0,0,0.1,0.0,0.0,0.0,0,331,0,13961,,,
2026-10-03T05:21:43+00:00,144,482609,Gusto,6,8,Chelsea,Defender,4.9,-0.1,-0.1,a,,,,,1.0,0.7,0.7,0.7,1603,6992,36930,67472,,,
2026-10-03T05:21:43+00:00,145,444463,Fofana,6,8,Chelsea,Defender,5.0,0.0,0.0,a,,2026-07-23T12:01:23.464591Z,100,100,0.2,2.7,2.7,2.7,2567,1320,18673,8261,,,
2026-10-03T05:21:43+00:00,146,242880,B.Badiashile,6,8,Chelsea,Defender,4.5,0.0,0.0,u,Has joined Napoli on loan for the rest of the season,2026-08-25T14:03:47.079414Z,0,0,0.0,0.0,0.0,0.0,0,43,232,1940,,,
2026-10-03T05:21:43+00:00,148,551210,Hato,6,8,Chelsea,Defender,4.5,0.0,0.0,a,,,,,0.8,1.0,1.0,1.0,839,7458,91234,59785,,,
2026-10-03T05:21:43+00:00,149,460028,Colwill,6,8,Chelsea,Defender,4.8,-0.1,-0.2,a,,,,,0.9,0.7,0.7,0.7,1106,5498,26762,98523,,,
2026-10-03T05:21:43+00:00,150,574458,M.Sarr,6,8,Chelsea,Defender,4.5,0.0,0.0,u,Has joined Real Sociedad on loan for the rest of the season,2026-08-29T00:34:23.077418Z,0,0,0.0,0.0,0.0,0.0,0,174,429,5990,,,
2026-10-03T05:21:43+00:00,151,577016,Acheampong,6,8,Chelsea,Defender,4.5,0.0,0.0,a,,,,,0.3,0.3,0.3,0.3,435,1979,21147,22538,,,
2026-10-03T05:21:43+00:00,152,620109,Palestra,6,8,Chelsea,Defender,5.3,0.0,-0.2,d,Thigh injury - 50% chance of playing,2026-08-24T18:30:07.421239Z,50,50,0.6,0.0,0.0,0.0,238,3922,6698,220463,,,
2026-10-03T05:21:43+00:00,154,244851,Palmer,6,8,Chelsea,Midfielder,9.7,0.0,0.2,d,Muscular injury - 75% chance of playing,2026-09-21T13:00:09.022726Z,100,75,25.6,2.7,2.7,2.0,49455,174032,1952831,669338,1,,
2026-10-03T05:21:43+00:00,156,247632,Neto,6,8,Chelsea,Midfielder,6.5,0.0,0.0,a,,,,,1.4,2.0,2.0,2.0,5372,9803,82497,91454,,,
2026-10-03T05:21:43+00:00,157,624773,Estêvão,6,8,Chelsea,Midfielder,6.3,0.0,-0.2,a,,,,,0.7,1.0,1.0,1.0,1842,4406,17756,87141,2,,
2026-10-03T05:21:43+00:00,158,463936,Gittens,6,8,Chelsea,Midfielder,5.8,-0.1,-0.2,d,Ankle injury - 75% chance of playing,2026-09-26T05:30:09.245832Z,,75,0.0,0.0,0.0,0.0,157,261,1136,2891,,,
2026-10-03T05:21:43+00:00,159,486672,Caicedo,6,8,Chelsea,Midfielder,5.3,0.0,-0.2,d,Calf injury - 50% chance of playing,2026-08-30T16:00:08.393562Z,50,50,1.0,0.0,0.0,0.0,423,9121,15061,281513,,,
2026-10-03T05:21:43+00:00,161,514356,Lavia,6,8,Chelsea,Midfielder,5.0,0.0,0.0,a,,,,,0.2,1.0,1.0,1.0,442,2498,25817,15608,,,
2026-10-03T05:21:43+00:00,163,491007,D.Essugo,6,8,Chelsea,Midfielder,4.5,0.0,0.0,u,Has joined RC Strasbourg on loan for the rest of the season,2026-09-02T16:20:41.865225Z,0,0,0.1,0.0,0.0,0.0,0,735,2698,14447,,,
2026-10-03T05:21:43+00:00,164,593117,Quenda,6,8,Chelsea,Midfielder,5.3,0.0,-0.2,a,,2026-07-24T20:30:10.609931Z,100,100,0.0,0.3,0.3,0.3,75,183,907,3403,,,
2026-10-03T05:21:43+00:00,165,475168,João Pedro,6,8,Chelsea,Forward,7.7,-0.1,0.2,d,Knee injury - 75% chance of playing,2026-09-16T19:00:09.919929Z,75,75,65.0,4.3,3.2,3.2,65400,401298,1580141,1473794,,,
2026-10-03T05:21:43+00:00,168,499309,Marc Guiu,6,8,Chelsea,Forward,5.0,0.0,0.0,u,Has joined RB Leipzig permanently,2026-09-01T13:24:48.857362Z,0,0,0.2,0.0,0.0,0.0,0,1573,4102,33297,,,
2026-10-03T05:21:43+00:00,169,567119,Mheuka,6,8,Chelsea,Forward,4.5,0.0,0.0,a,,,,,0.5,0.0,0.0,0.0,4607,3594,32328,25383,,,
2026-10-03T05:21:43+00:00,170,503037,Emegha,6,8,Chelsea,Forward,4.9,-0.1,-0.1,i,Hamstring injury - Expected back 10 Oct,2026-09-09T15:00:09.063849Z,0,0,0.1,0.0,0.0,0.0,82,1115,6082,12622,,,
2026-10-03T05:21:43+00:00,200,437499,Lacroix,6,8,Chelsea,Defender,5.9,-0.1,-0.1,a,,,,,6.8,2.0,2.0,2.0,8191,29830,174845,425406,,,
2026-10-03T05:21:43+00:00,560,549939,Penders,6,8,Chelsea,Goalkeeper,4.4,0.0,-0.1,a,,,,,0.1,0.0,0.0,0.0,246,304,2021,3624,,,
2026-10-03T05:21:43+00:00,561,622758,Anselmino,6,8,Chelsea,Defender,4.5,0.0,0.0,a,,2026-08-23T19:00:08.536705Z,100,100,0.0,0.0,0.0,0.0,67,105,824,1253,,,
2026-10-03T05:21:43+00:00,568,543158,Barco,6,8,Chelsea,Midfielder,5.4,0.0,-0.1,a,,,,,0.1,0.7,0.7,0.7,239,458,3162,7025,,,
2026-10-03T05:21:43+00:00,583,498444,Chavarria,6,8,Chelsea,Defender,4.9,0.0,-0.1,a,,,,,0.1,1.0,1.0,1.0,435,565,3395,11171,,,
2026-10-03T05:21:43+00:00,662,636846,Nicoll-Jazuli,6,8,Chelsea,Midfielder,4.5,0.0,0.0,a,,,,,0.0,1.0,1.1,1.1,340,73,340,73,,,
2026-10-03T05:21:43+00:00,91,231065,Pinnock,7,9,Coventry City,Defender,4.5,0.0,0.0,a,,,,,0.1,4.3,4.3,4.3,404,233,2573,4004,,,
2026-10-03T05:21:43+00:00,104,428580,Onyeka,7,9,Coventry City,Midfielder,4.9,0.0,-0.1,a,,2026-09-15T09:00:07.851220Z,100,100,0.1,2.3,2.3,2.3,180,457,3990,9584,,,
2026-10-03T05:21:43+00:00,110,472739,Rushworth,7,9,Coventry City,Goalkeeper,4.5,0.0,0.0,a,,,,,0.8,4.3,4.3,4.3,2637,5997,23784,59161,,,
2026-10-03T05:21:43+00:00,171,484389,Dovin,7,9,Coventry City,Goalkeeper,4.0,0.0,0.0,u,Has joined Leyton Orient on loan for the rest of the season,2026-09-02T15:44:14.839336Z,0,0,1.0,0.0,0.0,0.0,0,4872,8924,58040,,,
2026-10-03T05:21:43+00:00,172,110690,Wilson,7,9,Coventry City,Goalkeeper,4.4,0.0,-0.1,a,,,,,0.4,0.0,0.0,0.0,246,701,1416,12398,,,
2026-10-03T05:21:43+00:00,173,461102,Thomas,7,9,Coventry City,Defender,4.0,0.0,0.0,a,,,,,8.5,4.3,4.3,4.3,26966,32705,364400,285729,,,
2026-10-03T05:21:43+00:00,174,436761,Kitching,7,9,Coventry City,Defender,4.0,0.0,0.0,u,Has joined Sheffield United on loan for the rest of the season,2026-09-02T16:21:03.612394Z,0,0,0.3,0.0,0.0,0.0,0,1874,981,32967,,,
2026-10-03T05:21:43+00:00,175,451284,van Ewijk,7,9,Coventry City,Defender,4.0,0.0,0.0,d,Hamstring injury - 75% chance of playing,2026-09-19T16:00:09.486751Z,,75,8.7,1.0,1.0,0.8,1180,77656,123085,502330,,,
2026-10-03T05:21:43+00:00,176,173878,Dasilva,7,9,Coventry City,Defender,4.0,0.0,0.0,a,,,,,0.7,5.7,5.7,5.7,6629,1830,15912,22796,,,
2026-10-03T05:21:43+00:00,177,465390,Kesler-Hayden,7,9,Coventry City,Defender,3.9,-0.1,-0.1,i,Hamstring injury - Unknown return date,2026-08-27T14:56:28.704361Z,0,0,0.0,0.0,0.0,0.0,1047,585,1646,3810,,,
2026-10-03T05:21:43+00:00,178,80178,Bidwell,7,9,Coventry City,Defender,4.0,0.0,0.0,a,,,,,0.1,0.0,0.0,0.0,184,308,2491,3539,,,
2026-10-03T05:21:43+00:00,179,204813,Latibeaudiere,7,9,Coventry City,Defender,4.0,0.0,0.0,a,,,,,0.0,0.3,0.3,0.3,74,139,985,1742,,,
2026-10-03T05:21:43+00:00,180,220583,Woolfenden,7,9,Coventry City,Defender,4.0,0.0,0.0,i,Knee injury - Unknown return date,2026-08-27T14:56:28.718566Z,0,0,0.1,0.0,0.0,0.0,36,519,2271,9028,,,
2026-10-03T05:21:43+00:00,181,577411,Brau,7,9,Coventry City,Defender,4.0,0.0,0.0,u,Has joined Academico de Viseu on loan for the rest of the season,2026-08-29T00:35:59.980316Z,0,0,0.0,0.0,0.0,0.0,0,104,275,2174,,,
2026-10-03T05:21:43+00:00,182,539142,Amenda,7,9,Coventry City,Defender,4.0,0.0,0.0,i,Calf injury - Unknown return date,2026-09-17T07:30:09.329041Z,25,0,0.6,0.7,0.2,0.0,37,6960,11482,33862,,,
2026-10-03T05:21:43+00:00,183,480457,Rudoni,7,9,Coventry City,Midfielder,4.9,0.0,-0.1,a,,2026-07-23T12:01:23.481435Z,100,100,0.1,3.0,3.0,3.0,944,694,4414,8083,,,
2026-10-03T05:21:43+00:00,184,168144,Grimes,7,9,Coventry City,Midfielder,4.9,0.0,-0.1,a,,,,,0.1,2.3,2.3,2.3,190,878,4087,11269,3,,
2026-10-03T05:21:43+00:00,185,501459,Sakamoto,7,9,Coventry City,Midfielder,4.8,0.0,-0.2,a,,,,,0.1,0.0,0.0,0.0,130,389,1020,5761,,,
2026-10-03T05:21:43+00:00,186,241293,Mason-Clark,7,9,Coventry City,Midfielder,5.3,-0.1,-0.2,a,,2026-08-19T18:00:08.310507Z,100,100,0.1,1.3,1.3,1.3,73,366,1112,5970,,,
2026-10-03T05:21:43+00:00,187,439668,Eccles,7,9,Coventry City,Midfielder,4.8,-0.1,-0.2,i,Unspecified injury - Expected back 12 Oct,2026-09-10T18:30:08.877110Z,0,0,0.0,0.0,0.0,0.0,20,91,633,1467,,,
2026-10-03T05:21:43+00:00,188,226965,Torp,7,9,Coventry City,Midfielder,5.3,-0.1,-0.2,a,,,,,0.1,0.3,0.3,0.3,43,445,796,7977,2,,
2026-10-03T05:21:43+00:00,189,684268,Shepherd,7,9,Coventry City,Midfielder,4.4,0.0,-0.1,a,,,,,0.3,0.0,0.0,0.0,4113,2305,10833,15176,,,
2026-10-03T05:21:43+00:00,190,469272,Tchaouna,7,9,Coventry City,Midfielder,5.4,0.0,-0.1,a,,,,,0.1,0.7,0.7,0.7,25,354,3141,8231,,,
2026-10-03T05:21:43+00:00,191,492498,Borges Rodrigues,7,9,Coventry City,Midfielder,4.5,0.0,0.0,u,Has joined Burton Albion on loan for the rest of the season,2026-09-02T15:44:14.868001Z,0,0,0.1,0.0,0.0,0.0,0,695,1943,11519,,,
2026-10-03T05:21:43+00:00,192,629397,Andrews,7,9,Coventry City,Midfielder,4.5,0.0,0.0,u,Has joined Oxford United on loan for the rest of the season,2026-08-29T00:35:59.998520Z,0,0,0.3,0.0,0.0,0.0,0,2017,2718,41122,,,
2026-10-03T05:21:43+00:00,193,176412,Wright,7,9,Coventry City,Forward,5.3,-0.1,-0.2,i,Thigh injury - Unknown return date,2026-08-14T22:00:07.214508Z,0,0,0.1,0.0,0.0,0.0,49,574,616,12500,1,,
2026-10-03T05:21:43+00:00,194,230730,Thomas-Asante,7,9,Coventry City,Forward,5.0,0.0,0.0,a,,,,,0.8,2.0,2.0,2.0,8338,6048,58963,57073,4,,
2026-10-03T05:21:43+00:00,195,218997,Simms,7,9,Coventry City,Forward,4.9,-0.1,-0.1,a,,,,,0.6,0.7,0.7,0.7,1982,5342,40486,64560,,,
2026-10-03T05:21:43+00:00,196,551262,Markelo,7,9,Coventry City,Forward,5.0,0.0,0.0,u,Has joined Shabab Al-Ahli Dubai permanently,2026-08-17T13:53:55.791223Z,0,0,0.0,0.0,0.0,0.0,0,60,0,1187,,,
2026-10-03T05:21:43+00:00,197,549653,Bassette,7,9,Coventry City,Forward,4.5,0.0,0.0,u,Has joined KVC Westerlo on loan for the rest of the season,2026-07-28T12:58:50.001768Z,0,0,0.0,0.0,0.0,0.0,0,149,0,2108,,,
2026-10-03T05:21:43+00:00,492,210156,Awoniyi,7,9,Coventry City,Forward,5.4,-0.1,-0.1,s,Suspended until 19 Oct,2026-09-13T15:00:09.305127Z,0,0,0.4,0.0,0.0,0.0,71,5116,21344,64911,5,,
2026-10-03T05:21:43+00:00,575,661888,Yirenkyi,7,9,Coventry City,Midfielder,4.8,-0.1,-0.2,a,,,,,0.1,1.7,1.7,1.7,303,1025,2955,13692,,,
2026-10-03T05:21:43+00:00,584,196100,Hamer,7,9,Coventry City,Midfielder,5.4,0.0,-0.1,a,,,,,0.1,0.3,0.3,0.3,43,403,793,6410,,,
2026-10-03T05:21:43+00:00,599,627221,Cherif,7,9,Coventry City,Forward,5.0,0.0,0.0,a,,,,,0.1,0.3,0.3,0.3,547,765,7474,7604,,,
2026-10-03T05:21:43+00:00,623,79602,Bentley,7,9,Coventry City,Goalkeeper,4.0,0.0,0.0,a,,,,,0.6,0.0,0.0,0.0,8155,2367,78533,19259,,,
2026-10-03T05:21:43+00:00,655,242893,Gboho,7,9,Coventry City,Midfielder,5.5,0.0,0.0,a,,,,,0.0,0.0,0.0,0.0,73,52,271,101,,,
2026-10-03T05:21:43+00:00,656,566213,Mfuni,7,9,Coventry City,Defender,4.0,0.0,0.0,a,,,,,0.1,3.0,3.0,3.0,1891,876,10203,2677,,,
2026-10-03T05:21:43+00:00,42,485337,Guessand,8,31,Crystal Palace,Midfielder,5.4,0.0,-0.1,a,,,,,0.0,0.0,0.0,0.0,112,269,2405,3640,,,
2026-10-03T05:21:43+00:00,153,220362,Disasi,8,31,Crystal Palace,Defender,4.5,0.0,0.0,s,Suspended until 25 Oct,2026-09-12T15:30:09.445078Z,0,0,0.1,0.0,0.0,0.0,28,777,9429,10358,,,
2026-10-03T05:21:43+00:00,198,172649,Henderson,8,31,Crystal Palace,Goalkeeper,4.9,-0.1,-0.1,i,Foot injury - Expected back 11 Oct,2026-09-12T14:00:09.378740Z,0,0,1.3,0.7,0.0,0.0,149,11392,55275,120300,,,
2026-10-03T05:21:43+00:00,199,121709,Benitez,8,31,Crystal Palace,Goalkeeper,4.5,0.0,0.0,a,,,,,0.1,2.7,2.7,2.7,704,385,3796,4802,,,
2026-10-03T05:21:43+00:00,202,427623,Richards,8,31,Crystal Palace,Defender,4.9,-0.1,-0.1,a,,,,,0.6,3.7,3.7,3.7,1629,2231,22541,37962,,,
2026-10-03T05:21:43+00:00,203,651426,Canvot,8,31,Crystal Palace,Defender,4.8,-0.1,-0.2,a,,,,,0.2,3.0,3.0,3.0,422,878,5764,19528,,,
2026-10-03T05:21:43+00:00,204,244723,Mitchell,8,31,Crystal Palace,Defender,4.5,0.0,0.0,a,,,,,6.1,7.7,7.7,7.7,15106,16489,311641,264891,,,
2026-10-03T05:21:43+00:00,205,218364,Sosa,8,31,Crystal Palace,Defender,4.5,0.0,0.0,u,Has joined FC Cologne on loan for the rest of the season,2026-09-02T16:03:25.710518Z,0,0,0.0,0.0,0.0,0.0,0,106,236,2075,,,
2026-10-03T05:21:43+00:00,206,515621,Chadi Riad,8,31,Crystal Palace,Defender,4.3,-0.1,-0.2,i,Knee injury - Unknown return date,2026-08-22T18:00:07.352049Z,0,0,0.0,0.0,0.0,0.0,25,121,649,5672,,,
2026-10-03T05:21:43+00:00,207,242313,Mingueza,8,31,Crystal Palace,Defender,4.4,0.0,-0.1,a,,,,,0.1,0.3,0.3,0.3,81,284,1991,4840,,,
2026-10-03T05:21:43+00:00,208,232185,Sarr,8,31,Crystal Palace,Midfielder,6.2,0.0,-0.3,a,,2026-08-22T18:00:07.363165Z,100,100,0.6,0.3,0.3,0.3,2579,2243,6633,376694,2,,
2026-10-03T05:21:43+00:00,210,496221,Wharton,8,31,Crystal Palace,Midfielder,5.4,-0.1,-0.1,a,,2026-07-23T12:01:23.498963Z,100,100,0.7,2.0,2.0,2.0,1184,4587,29591,48577,,,
2026-10-03T05:21:43+00:00,211,488024,Yeremy,8,31,Crystal Palace,Midfielder,5.5,0.0,0.0,a,,,,,0.3,2.7,2.7,2.7,705,2672,45249,31069,,,
2026-10-03T05:21:43+00:00,212,108413,Hughes,8,31,Crystal Palace,Midfielder,4.4,0.0,-0.1,a,,,,,7.3,0.7,0.7,0.7,9171,44902,122570,483517,,,
2026-10-03T05:21:43+00:00,213,152551,Lerma,8,31,Crystal Palace,Midfielder,4.8,-0.1,-0.2,a,,,,,0.1,0.3,0.3,0.3,92,384,1298,5565,,,
2026-10-03T05:21:43+00:00,214,209400,Kamada,8,31,Crystal Palace,Midfielder,5.0,0.0,0.0,a,,,,,0.5,5.3,5.3,5.3,3305,3062,50052,24679,,,
2026-10-03T05:21:43+00:00,215,489706,Devenny,8,31,Crystal Palace,Midfielder,5.0,0.0,0.0,u,Has joined Stoke City permanently,2026-09-02T15:41:07.346849Z,0,0,0.0,0.0,0.0,0.0,0,35,132,949,3,,
2026-10-03T05:21:43+00:00,216,606921,Esse,8,31,Crystal Palace,Midfielder,5.0,0.0,0.0,u,Has joined Millwall on loan for the rest of the season,2026-09-02T15:41:07.376544Z,0,0,0.0,0.0,0.0,0.0,0,127,399,3238,,,
2026-10-03T05:21:43+00:00,217,536694,M.França,8,31,Crystal Palace,Midfielder,4.9,0.0,-0.1,u,Has joined Alverca on loan for the rest of the season,2026-09-11T14:42:19.322912Z,0,0,0.0,0.0,0.0,0.0,0,160,1007,3442,,,
2026-10-03T05:21:43+00:00,218,438464,Doucouré,8,31,Crystal Palace,Midfielder,4.8,-0.1,-0.2,a,,,,,0.0,0.0,0.0,0.0,113,301,2087,4466,,,
2026-10-03T05:21:43+00:00,219,450542,J.Rak-Sakyi,8,31,Crystal Palace,Midfielder,4.9,0.0,-0.1,u,has joined  Kasimpasa on loan for the rest of the seaon.,2026-09-10T09:12:47.224598Z,0,0,0.0,0.0,0.0,0.0,0,26,145,468,,,
2026-10-03T05:21:43+00:00,220,590014,Cardines,8,31,Crystal Palace,Defender,4.5,0.0,0.0,u,Has joined Bristol City on loan for the rest of the season,2026-08-12T14:08:46.501813Z,0,0,0.0,0.0,0.0,0.0,0,3,0,128,,,
2026-10-03T05:21:43+00:00,221,672492,Drakes-Thomas,8,31,Crystal Palace,Midfielder,4.5,0.0,0.0,a,,,,,0.1,0.0,0.0,0.0,142,428,2690,4673,,,
2026-10-03T05:21:43+00:00,222,247412,Strand Larsen,8,31,Crystal Palace,Forward,6.0,0.0,0.0,a,,,,,0.7,3.7,3.7,3.7,5074,3959,50299,41013,,,
2026-10-03T05:21:43+00:00,223,231747,Mateta,8,31,Crystal Palace,Forward,6.3,0.0,-0.2,i,Hamstring injury - Expected back 11 Oct,2026-08-28T21:00:08.020382Z,0,0,1.3,0.0,0.0,0.0,219,9284,25972,454771,1,,
2026-10-03T05:21:43+00:00,224,205533,Nketiah,8,31,Crystal Palace,Forward,5.5,0.0,0.0,a,,2026-09-12T14:00:09.427136Z,100,100,0.5,1.7,1.7,1.7,1317,3388,47298,50035,,,
2026-10-03T05:21:43+00:00,225,660392,Uche,8,31,Crystal Palace,Forward,5.0,0.0,0.0,u,has returned to Getafe CF,2026-07-23T12:18:56.275922Z,0,0,0.0,0.0,0.0,0.0,0,0,0,0,,,
2026-10-03T05:21:43+00:00,241,433154,McNeil,8,31,Crystal Palace,Midfielder,5.4,0.0,-0.1,a,,,,,0.1,0.0,0.0,0.0,75,486,1782,8215,,,
2026-10-03T05:21:43+00:00,555,169593,Matthews,8,31,Crystal Palace,Goalkeeper,4.0,0.0,0.0,a,,,,,1.7,0.0,0.0,0.0,1122,3073,23306,31513,,,
2026-10-03T05:21:43+00:00,577,223723,Tomiyasu,8,31,Crystal Palace,Defender,4.4,0.0,-0.1,d,Calf injury - 75% chance of playing,2026-09-21T13:30:09.030724Z,,75,0.3,0.3,0.3,0.2,149,1222,3478,13342,,,
2026-10-03T05:21:43+00:00,588,570794,Khalaili,8,31,Crystal Palace,Defender,5.0,0.0,0.0,a,,,,,0.3,5.3,5.3,5.3,2123,1144,34816,15398,,,
2026-10-03T05:21:43+00:00,595,559152,Gozo,8,31,Crystal Palace,Midfielder,4.9,-0.1,-0.1,a,,,,,0.0,0.3,0.3,0.3,41,90,491,883,,,
2026-10-03T05:21:43+00:00,633,605972,Ahanor,8,31,Crystal Palace,Defender,4.5,0.0,0.0,a,,,,,0.0,1.0,1.0,1.0,140,109,1915,561,,,
2026-10-03T05:21:43+00:00,643,172850,Chilwell,8,31,Crystal Palace,Defender,4.5,0.0,0.0,a,,,,,0.4,2.7,2.7,2.7,574,2980,43128,18190,,,
2026-10-03T05:21:43+00:00,644,450063,Timber,8,31,Crystal Palace,Midfielder,5.0,0.0,0.0,a,,,,,0.0,3.0,3.0,3.0,471,326,4294,1518,,,
2026-10-03T05:21:43+00:00,647,533646,Osorio,8,31,Crystal Palace,Midfielder,5.5,0.0,0.0,a,,,,,0.0,0.3,0.3,0.3,27,77,946,413,,,
2026-10-03T05:21:43+00:00,21,128295,Nørgaard,9,11,Everton,Midfielder,4.8,-0.1,-0.2,i,Groin injury - Unknown return date,2026-08-15T20:00:06.779594Z,0,0,0.0,0.0,0.0,0.0,58,331,498,7433,,,
2026-10-03T05:21:43+00:00,209,242898,Johnson,9,11,Everton,Midfielder,5.9,0.0,-0.1,a,,,,,0.1,2.3,2.3,2.3,427,724,5322,10439,,,
2026-10-03T05:21:43+00:00,226,111234,Pickford,9,11,Everton,Goalkeeper,5.5,0.0,0.0,a,,,,,9.1,5.0,5.0,5.0,29248,16008,296765,236127,,,
2026-10-03T05:21:43+00:00,227,229600,Travers,9,11,Everton,Goalkeeper,5.0,0.0,0.0,a,,,,,0.0,0.0,0.0,0.0,254,267,1812,2129,,,
2026-10-03T05:21:43+00:00,228,138001,King,9,11,Everton,Goalkeeper,4.5,0.0,0.0,a,,,,,0.0,0.0,0.0,0.0,118,177,1185,1744,,,
2026-10-03T05:21:43+00:00,229,17761,Tarkowski,9,11,Everton,Defender,6.2,0.1,0.2,a,,,,,16.6,8.3,8.3,8.3,238061,21552,948869,285138,,,
2026-10-03T05:21:43+00:00,230,480455,Branthwaite,9,11,Everton,Defender,5.5,0.0,0.0,a,,,,,2.4,5.7,5.7,5.7,20200,7415,140372,71880,,,
2026-10-03T05:21:43+00:00,231,106611,Keane,9,11,Everton,Defender,4.8,0.0,-0.2,a,,,,,0.7,0.0,0.0,0.0,398,3895,9303,90694,,,
2026-10-03T05:21:43+00:00,232,512462,O'Brien,9,11,Everton,Defender,4.8,-0.1,-0.2,a,,,,,0.3,0.7,0.7,0.7,339,1169,4594,24640,,,
2026-10-03T05:21:43+00:00,233,224967,Mykolenko,9,11,Everton,Defender,4.6,0.1,0.1,d,Leg injury - 75% chance of playing,2026-10-01T19:30:09.402881Z,,75,4.2,5.7,5.7,4.3,41422,23255,412614,119708,,,
2026-10-03T05:21:43+00:00,234,243571,Patterson,9,11,Everton,Defender,4.5,0.0,0.0,u,Has joined Torino permanently,2026-09-02T16:05:23.326971Z,0,0,0.0,0.0,0.0,0.0,0,126,371,2439,,,
2026-10-03T05:21:43+00:00,235,499300,Aznou,9,11,Everton,Defender,4.0,0.0,0.0,u,Has joined Malaga on loan for the rest of the season,2026-09-01T13:23:16.934847Z,0,0,0.1,0.0,0.0,0.0,0,571,1728,11165,,,
2026-10-03T05:21:43+00:00,236,215413,Dewsbury-Hall,9,11,Everton,Midfielder,6.6,0.1,0.1,a,,,,,5.9,2.3,2.3,2.3,34693,45524,585457,324888,,,
2026-10-03T05:21:43+00:00,238,114283,Grealish,9,11,Everton,Midfielder,6.5,0.0,0.0,a,,2026-07-29T10:00:10.492904Z,100,100,0.5,1.7,1.7,1.7,3857,3036,40901,23320,,,
2026-10-03T05:21:43+00:00,239,232928,Garner,9,11,Everton,Midfielder,6.0,0.0,0.0,a,,2026-09-06T18:00:08.301702Z,100,100,0.2,3.0,3.0,3.0,1796,2037,21248,13937,2,,
2026-10-03T05:21:43+00:00,242,550615,George,9,11,Everton,Midfielder,5.5,0.0,0.0,a,,,,,0.9,4.7,4.7,4.7,2497,10943,107162,42607,,,
2026-10-03T05:21:43+00:00,243,502697,Alcaraz,9,11,Everton,Midfielder,4.9,0.0,-0.1,a,,,,,0.1,0.0,0.0,0.0,162,409,2863,5842,,,
2026-10-03T05:21:43+00:00,244,609873,Armstrong,9,11,Everton,Midfielder,5.0,0.0,0.0,a,,2026-09-17T08:30:08.942299Z,75,100,0.4,2.0,1.5,2.0,865,3362,53925,32716,,,
2026-10-03T05:21:43+00:00,245,496661,Dibling,9,11,Everton,Midfielder,5.4,0.0,-0.1,a,,,,,0.0,0.3,0.3,0.3,119,159,1174,2658,,,
2026-10-03T05:21:43+00:00,246,513466,Röhl,9,11,Everton,Midfielder,4.9,0.0,-0.1,i,Unspecified injury - Expected back 11 Oct,2026-09-16T18:00:09.541933Z,0,0,0.0,0.3,0.0,0.0,7,592,1962,4692,,,
2026-10-03T05:21:43+00:00,247,244860,Hackney,9,11,Everton,Midfielder,5.4,-0.1,-0.1,a,,2026-08-26T22:00:07.797766Z,100,100,0.2,2.0,2.0,2.0,195,1108,3746,11948,,,
2026-10-03T05:21:43+00:00,248,486385,Beto,9,11,Everton,Forward,5.4,0.0,-0.1,u,Has joined Fiorentina permanently,2026-09-02T16:05:23.357221Z,0,0,0.6,0.0,0.0,0.0,0,7436,16222,219758,,,
2026-10-03T05:21:43+00:00,249,586309,Barry,9,11,Everton,Forward,5.7,0.1,0.2,a,,,,,8.3,3.3,3.3,3.3,86717,40082,968872,358258,1,,
2026-10-03T05:21:43+00:00,649,154043,Maitland-Niles,9,11,Everton,Defender,4.5,0.0,0.0,a,,,,,1.4,7.0,7.0,7.0,19752,4868,92784,14760,,,
2026-10-03T05:21:43+00:00,654,629068,Graham,9,11,Everton,Midfielder,4.5,0.0,0.0,a,,,,,0.1,0.0,0.0,0.0,238,1019,11284,5324,,,
2026-10-03T05:21:43+00:00,250,80201,Leno,10,54,Fulham,Goalkeeper,4.5,0.0,0.0,a,,,,,3.4,4.3,4.3,4.3,40504,11728,151401,102770,,,
2026-10-03T05:21:43+00:00,251,86873,Lecomte,10,54,Fulham,Goalkeeper,4.0,0.0,0.0,a,,,,,1.1,0.0,0.0,0.0,2549,2571,25277,26006,,,
2026-10-03T05:21:43+00:00,252,505079,McNally,10,54,Fulham,Goalkeeper,4.0,0.0,0.0,u,Has joined York City on loan for the rest of the season,2026-09-01T13:25:11.231240Z,0,0,0.1,0.0,0.0,0.0,0,612,2589,6608,,,
2026-10-03T05:21:43+00:00,253,174874,Andersen,10,54,Fulham,Defender,5.0,0.0,0.0,a,,2026-07-23T12:01:23.516350Z,100,100,0.2,0.7,0.7,0.7,2774,1112,14648,9222,,,
2026-10-03T05:21:43+00:00,254,169528,Robinson,10,54,Fulham,Defender,4.5,0.0,0.0,a,,,,,1.5,3.0,3.0,3.0,16452,6878,58937,70853,2,,
2026-10-03T05:21:43+00:00,255,246301,J.Cuenca,10,54,Fulham,Defender,4.5,0.0,0.0,a,,,,,0.0,0.0,0.0,0.0,68,113,1548,2006,,,
2026-10-03T05:21:43+00:00,256,167074,Tete,10,54,Fulham,Defender,4.4,0.0,-0.1,a,,2026-09-18T12:30:09.546158Z,0,100,0.2,0.0,0.0,0.0,60,1050,1391,10495,,,
2026-10-03T05:21:43+00:00,257,232892,Bassey,10,54,Fulham,Defender,4.5,0.0,0.0,a,,,,,0.7,4.3,4.3,4.3,5807,1883,26821,30029,,,
2026-10-03T05:21:43+00:00,258,166477,Castagne,10,54,Fulham,Defender,4.5,0.0,0.0,a,,,,,0.9,2.7,2.7,2.7,15068,4976,91710,43705,,,
2026-10-03T05:21:43+00:00,261,153133,Iwobi,10,54,Fulham,Midfielder,5.4,0.0,-0.1,a,,,,,0.7,3.3,3.3,3.3,3602,3312,22522,55673,3,,
2026-10-03T05:21:43+00:00,262,209289,Smith Rowe,10,54,Fulham,Midfielder,5.3,-0.1,-0.2,a,,,,,0.2,0.7,0.7,0.7,311,1354,4509,21013,,,
2026-10-03T05:21:43+00:00,263,560552,Kevin,10,54,Fulham,Midfielder,5.3,0.0,-0.2,a,,,,,0.0,0.7,0.7,0.7,197,291,2001,4228,,,
2026-10-03T05:21:43+00:00,264,477555,Bobb,10,54,Fulham,Midfielder,5.5,0.0,0.0,a,,,,,0.3,2.7,2.7,2.7,2452,1834,16455,20940,,,
2026-10-03T05:21:43+00:00,265,207189,Berge,10,54,Fulham,Midfielder,4.9,0.0,-0.1,a,,,,,0.3,2.3,2.3,2.3,636,1317,6367,18073,,,
2026-10-03T05:21:43+00:00,266,76357,Cairney,10,54,Fulham,Midfielder,4.9,0.0,-0.1,i,Knee injury - Expected back 10 Oct,2026-08-14T18:00:06.460944Z,0,0,0.0,0.0,0.0,0.0,9,20,110,331,,,
2026-10-03T05:21:43+00:00,268,577725,King,10,54,Fulham,Midfielder,5.5,0.0,0.0,a,,,,,2.6,5.0,5.0,5.0,91864,18954,335999,97522,,,
2026-10-03T05:21:43+00:00,269,184349,Sessegnon,10,54,Fulham,Defender,4.3,-0.1,-0.2,a,,2026-09-14T11:30:07.403957Z,75,100,0.3,0.3,0.2,0.3,306,1317,2749,19015,,,
2026-10-03T05:21:43+00:00,270,153366,Reed,10,54,Fulham,Midfielder,4.4,0.0,-0.1,a,,,,,1.1,0.0,0.0,0.0,2835,6962,36327,73187,,,
2026-10-03T05:21:43+00:00,271,244042,Muniz,10,54,Fulham,Forward,5.4,0.0,-0.1,a,,,,,0.4,0.7,0.7,0.7,1771,2719,16100,35160,,,
2026-10-03T05:21:43+00:00,272,631786,Kusi-Asare,10,54,Fulham,Forward,4.5,0.0,0.0,a,,,,,5.4,0.0,0.0,0.0,11106,33751,160577,301556,,,
2026-10-03T05:21:43+00:00,569,551466,Gonzalo,10,54,Fulham,Forward,6.0,0.0,0.0,a,,,,,4.0,2.0,2.0,2.0,71244,33142,433553,312527,1,,
2026-10-03T05:21:43+00:00,570,571779,Palacios,10,54,Fulham,Midfielder,5.4,0.0,-0.1,a,,,,,0.2,3.0,3.0,3.0,716,960,6005,10606,,,
2026-10-03T05:21:43+00:00,580,463210,Charles,10,54,Fulham,Midfielder,5.0,0.0,0.0,a,,,,,0.1,3.7,3.7,3.7,643,444,2373,4120,,,
2026-10-03T05:21:43+00:00,610,547686,De Fougerolles,10,54,Fulham,Defender,4.0,0.0,0.0,u,has joined  Real Salt Lake on loan for the rest of the seaon.,2026-08-28T11:30:08.336405Z,0,0,0.1,0.0,0.0,0.0,0,508,5787,5254,,,
2026-10-03T05:21:43+00:00,626,616069,Zepa,10,54,Fulham,Midfielder,4.4,-0.1,-0.1,a,,,,,0.3,0.0,0.0,0.0,806,2287,34973,18501,,,
2026-10-03T05:21:43+00:00,635,551050,Larsson,10,54,Fulham,Midfielder,5.0,0.0,0.0,a,,,,,0.0,1.0,1.0,1.0,98,71,843,304,,,
2026-10-03T05:21:43+00:00,636,500033,Ángel,10,54,Fulham,Midfielder,5.0,0.0,0.0,a,,,,,0.0,0.0,0.0,0.0,33,27,370,169,,,
2026-10-03T05:21:43+00:00,650,442299,Affengruber,10,54,Fulham,Defender,4.5,0.0,0.0,a,,,,,0.1,4.0,4.0,4.0,6250,1497,9128,2119,,,
2026-10-03T05:21:43+00:00,240,490094,Iroegbunam,11,88,Hull City,Midfielder,5.0,0.0,0.0,a,,2026-08-15T20:00:06.878792Z,100,100,0.0,0.3,0.3,0.3,76,139,1114,1153,,,
2026-10-03T05:21:43+00:00,273,167825,Phillips,11,88,Hull City,Goalkeeper,4.0,0.0,0.0,a,,,,,1.4,0.0,0.0,0.0,3063,3577,29188,38460,,,
2026-10-03T05:21:43+00:00,274,105666,Butland,11,88,Hull City,Goalkeeper,4.4,-0.1,-0.1,i,Arm injury - Unknown return date,2026-08-08T19:00:05.601633Z,0,0,0.1,0.0,0.0,0.0,69,327,638,4940,,,
2026-10-03T05:21:43+00:00,275,494950,Cartwright,11,88,Hull City,Goalkeeper,4.0,0.0,0.0,u,Has joined Grimsby Town on loan for the rest of the season,2026-07-29T13:00:27.959925Z,0,0,0.0,0.0,0.0,0.0,0,25,0,327,,,
2026-10-03T05:21:43+00:00,276,444307,Lo-Tutala,11,88,Hull City,Goalkeeper,4.0,0.0,0.0,u,Has joined Colchester United on loan for the rest of the season,2026-08-17T13:50:27.125537Z,0,0,0.0,0.0,0.0,0.0,0,117,0,1111,,,
2026-10-03T05:21:43+00:00,277,108416,Egan,11,88,Hull City,Defender,4.1,0.0,0.1,a,,,,,7.0,3.0,3.0,3.0,27606,30046,750765,216967,,,
2026-10-03T05:21:43+00:00,278,501902,Hughes,11,88,Hull City,Defender,3.9,0.0,-0.1,i,Groin injury - Unknown return date,2026-08-02T09:00:11.030017Z,0,0,0.2,0.0,0.0,0.0,1116,1976,16905,12943,,,
2026-10-03T05:21:43+00:00,279,146426,Ajayi,11,88,Hull City,Defender,4.2,0.0,0.2,a,,2026-08-22T17:30:07.668197Z,100,100,13.9,2.3,2.3,2.3,44343,60068,1355728,310570,,,
2026-10-03T05:21:43+00:00,280,193278,Coyle,11,88,Hull City,Defender,4.0,0.0,0.0,a,,2026-08-29T16:30:08.151841Z,100,100,0.7,2.7,2.7,2.7,2105,2075,27677,25883,,,
2026-10-03T05:21:43+00:00,281,433590,Drameh,11,88,Hull City,Defender,4.0,0.0,0.0,u,Has joined Genoa permanently,2026-09-02T16:09:06.479140Z,0,0,0.0,0.0,0.0,0.0,0,259,2118,4512,,,
2026-10-03T05:21:43+00:00,282,232351,Giles,11,88,Hull City,Defender,4.0,0.0,0.0,a,,,,,2.9,4.0,4.0,4.0,21669,14108,278486,66399,,,
2026-10-03T05:21:43+00:00,283,449428,Jacob,11,88,Hull City,Defender,4.0,0.0,0.0,u,Has joined Newport County on loan until January,2026-08-02T09:00:11.038361Z,0,0,0.0,0.0,0.0,0.0,0,36,114,693,,,
2026-10-03T05:21:43+00:00,284,661800,McCarthy,11,88,Hull City,Defender,4.0,0.0,0.0,a,,,,,0.1,0.0,0.0,0.0,397,443,4931,4595,,,
2026-10-03T05:21:43+00:00,285,160817,McNair,11,88,Hull City,Defender,4.0,0.0,0.0,a,,2026-09-09T13:30:08.327907Z,100,100,0.1,0.0,0.0,0.0,197,418,3150,4727,,,
2026-10-03T05:21:43+00:00,286,540324,Belloumi,11,88,Hull City,Midfielder,5.1,0.0,0.1,a,,,,,5.2,7.3,7.3,7.3,78067,25684,508003,85722,,,
2026-10-03T05:21:43+00:00,287,232905,Millar,11,88,Hull City,Midfielder,5.0,0.0,0.0,u,Has joined Birmingham on loan for the rest of the season,2026-09-02T15:36:41.038103Z,0,0,0.0,0.0,0.0,0.0,0,306,3178,7526,,,
2026-10-03T05:21:43+00:00,288,171270,Dowell,11,88,Hull City,Midfielder,4.5,0.0,0.0,a,,,,,0.3,0.0,0.0,0.0,598,2046,12355,21629,,,
2026-10-03T05:21:43+00:00,289,101282,Crooks,11,88,Hull City,Midfielder,4.4,-0.1,-0.1,a,,2026-08-29T15:00:08.569326Z,100,100,0.5,0.3,0.3,0.3,5146,4262,24505,40491,,,
2026-10-03T05:21:43+00:00,290,243413,Slater,11,88,Hull City,Midfielder,4.5,0.0,0.0,a,,,,,5.2,2.3,2.3,2.3,16053,38025,498986,279024,,,
2026-10-03T05:21:43+00:00,291,465525,Matazo,11,88,Hull City,Midfielder,4.5,0.0,0.0,i,Knee injury - Unknown return date,2026-07-23T12:01:23.532635Z,0,0,0.0,0.0,0.0,0.0,32,54,383,492,,,
2026-10-03T05:21:43+00:00,292,208481,Ömür,11,88,Hull City,Midfielder,4.9,0.0,-0.1,a,,,,,0.0,0.0,0.0,0.0,87,149,1205,1630,,,
2026-10-03T05:21:43+00:00,293,490161,Kamara,11,88,Hull City,Midfielder,5.0,0.0,0.0,u,Has joined Portsmouth permanently,2026-08-12T14:08:23.542043Z,0,0,0.0,0.0,0.0,0.0,0,12,0,374,,,
2026-10-03T05:21:43+00:00,294,553783,Zambrano,11,88,Hull City,Midfielder,4.5,0.0,0.0,a,,2026-08-04T18:30:11.016909Z,100,100,0.1,0.0,0.0,0.0,153,499,3882,6828,,,
2026-10-03T05:21:43+00:00,295,169432,McBurnie,11,88,Hull City,Forward,5.5,0.0,0.0,a,,,,,1.9,2.3,2.3,2.3,8263,18247,189249,153594,1,,
2026-10-03T05:21:43+00:00,296,213292,Akintola,11,88,Hull City,Midfielder,5.0,0.0,0.0,u,Has joined Omonoia FC permanently,2026-09-11T14:42:38.120231Z,0,0,0.0,0.0,0.0,0.0,0,277,2704,4890,,,
2026-10-03T05:21:43+00:00,297,470294,Gyabi,11,88,Hull City,Midfielder,4.4,-0.1,-0.1,i,Thigh injury - Unknown return date,2026-08-04T18:30:11.027155Z,0,0,0.0,0.0,0.0,0.0,61,147,450,1615,,,
2026-10-03T05:21:43+00:00,298,500957,Destan,11,88,Hull City,Forward,4.5,0.0,0.0,u,Has joined Konyaspor permanently,2026-08-17T13:50:27.145733Z,0,0,0.2,0.0,0.0,0.0,0,1372,0,22325,,,
2026-10-03T05:21:43+00:00,299,534392,Burstow,11,88,Hull City,Forward,4.5,0.0,0.0,u,Has joined Sheffield Wednesday on loan for the rest of the season,2026-08-03T14:05:20.234842Z,0,0,0.0,0.0,0.0,0.0,0,222,0,3072,,,
2026-10-03T05:21:43+00:00,340,462635,Gelhardt,11,88,Hull City,Midfielder,5.0,0.0,0.0,a,,2026-08-17T21:30:07.799839Z,100,100,0.0,0.3,0.3,0.3,98,111,708,1018,,,
2026-10-03T05:21:43+00:00,556,169359,Targett,11,88,Hull City,Defender,4.0,0.0,0.0,d,Ankle injury - 75% chance of playing,2026-09-17T14:00:26.419938Z,75,75,1.6,0.0,0.0,0.0,113,10085,24837,87361,,,
2026-10-03T05:21:43+00:00,563,445028,Morita,11,88,Hull City,Midfielder,4.9,-0.1,-0.1,i,Calf injury - Expected back 11 Oct,2026-09-09T14:00:08.474217Z,0,0,0.0,0.0,0.0,0.0,24,179,727,1775,,,
2026-10-03T05:21:43+00:00,572,473284,Tzolakis,11,88,Hull City,Goalkeeper,4.7,0.1,0.2,a,,,,,12.8,4.7,4.7,4.7,127349,22704,998677,218354,,,
2026-10-03T05:21:43+00:00,574,552946,Hjertø-Dahl,11,88,Hull City,Midfielder,4.9,0.0,-0.1,a,,,,,0.1,0.3,0.3,0.3,78,328,1439,4448,,,
2026-10-03T05:21:43+00:00,576,608227,Stroud,11,88,Hull City,Midfielder,5.0,0.0,0.0,a,,,,,0.1,1.3,1.3,1.3,147,468,3669,4691,,,
2026-10-03T05:21:43+00:00,585,597462,Herrington,11,88,Hull City,Defender,4.0,0.0,0.0,a,,,,,0.6,1.0,1.0,1.0,1055,1713,12854,18600,,,
2026-10-03T05:21:43+00:00,586,606930,Mendy,11,88,Hull City,Defender,4.1,0.0,0.1,a,,2026-09-12T18:00:09.334142Z,0,100,6.3,3.0,0.0,3.0,7245,33877,683537,358860,,,
2026-10-03T05:21:43+00:00,589,469266,Gourna-Douath,11,88,Hull City,Midfielder,5.0,0.0,0.0,a,,,,,0.0,1.0,1.0,1.0,33,109,702,1344,,,
2026-10-03T05:21:43+00:00,617,490884,Cho,11,88,Hull City,Midfielder,5.0,0.0,0.0,a,,,,,0.0,2.7,2.7,2.7,355,154,1791,766,,,
2026-10-03T05:21:43+00:00,632,626751,Ansah,11,88,Hull City,Forward,5.0,0.0,0.0,i,Back injury - Unknown return date,2026-09-09T10:00:08.919489Z,0,0,0.0,0.0,0.0,0.0,76,426,5123,3506,,,
2026-10-03T05:21:43+00:00,637,631000,Vaz,11,88,Hull City,Forward,5.0,0.0,0.0,a,,,,,0.1,0.7,0.7,0.7,1881,1176,12386,3997,,,
2026-10-03T05:21:43+00:00,638,496181,Norton-Cuffy,11,88,Hull City,Defender,4.0,0.0,0.0,d,Hamstring injury - 75% chance of playing,2026-09-21T08:30:09.561308Z,,75,0.2,0.3,0.3,0.2,455,2618,26071,10444,,,
2026-10-03T05:21:43+00:00,642,243951,Thomas,11,88,Hull City,Midfielder,5.5,0.0,0.0,a,,,,,0.0,1.3,1.3,1.3,491,357,3095,1206,,,
2026-10-03T05:21:43+00:00,645,647839,Mouzakitis,11,88,Hull City,Midfielder,5.0,0.0,0.0,a,,,,,0.0,0.0,0.0,0.0,91,92,783,318,,,
2026-10-03T05:21:43+00:00,259,219924,Diop,12,40,Ipswich Town,Defender,4.0,0.0,0.0,a,,,,,12.7,2.7,2.7,2.7,7223,56415,136260,509037,,,
2026-10-03T05:21:43+00:00,267,212314,Lukić,12,40,Ipswich Town,Midfielder,4.9,-0.1,-0.1,a,,,,,0.1,1.7,1.7,1.7,201,537,3429,6490,,,
2026-10-03T05:21:43+00:00,300,108813,Walton,12,40,Ipswich Town,Goalkeeper,4.4,0.0,-0.1,a,,,,,0.4,0.7,0.7,0.7,1737,1077,3422,14990,,,
2026-10-03T05:21:43+00:00,301,112520,Palmer,12,40,Ipswich Town,Goalkeeper,4.0,0.0,0.0,a,,,,,3.9,0.0,0.0,0.0,4066,12147,74662,113386,,,
2026-10-03T05:21:43+00:00,302,50093,Button,12,40,Ipswich Town,Goalkeeper,4.0,0.0,0.0,a,,,,,0.6,0.0,0.0,0.0,1497,1355,31507,15207,,,
2026-10-03T05:21:43+00:00,303,183015,Kipré,12,40,Ipswich Town,Defender,3.9,0.0,-0.1,a,,,,,0.9,0.0,0.0,0.0,4580,4476,49201,29223,,,
2026-10-03T05:21:43+00:00,304,216616,O'Shea,12,40,Ipswich Town,Defender,4.0,0.0,0.0,a,,,,,2.7,2.0,2.0,2.0,2034,14970,65453,128313,,,
2026-10-03T05:21:43+00:00,305,455084,Davis,12,40,Ipswich Town,Defender,4.0,0.0,0.0,a,,,,,6.9,5.7,5.7,5.7,51870,28517,372073,186133,,,
2026-10-03T05:21:43+00:00,306,449429,Greaves,12,40,Ipswich Town,Defender,4.0,0.0,0.0,a,,,,,1.1,0.7,0.7,0.7,487,3552,8223,38293,,,
2026-10-03T05:21:43+00:00,307,222018,Johnson,12,40,Ipswich Town,Defender,4.0,0.0,0.0,u,Has joined Stoke City on loan for the rest of the season,2026-09-04T12:36:56.236331Z,0,0,0.1,0.0,0.0,0.0,0,364,1137,6311,,,
2026-10-03T05:21:43+00:00,308,176420,Furlong,12,40,Ipswich Town,Defender,3.9,0.0,-0.1,a,,,,,0.6,0.0,0.0,0.0,6506,2992,19143,19769,,,
2026-10-03T05:21:43+00:00,309,501390,Núñez,12,40,Ipswich Town,Midfielder,4.9,0.0,-0.1,a,,,,,0.1,0.0,0.0,0.0,100,649,3117,7656,,,
2026-10-03T05:21:43+00:00,310,241117,Matusiwa,12,40,Ipswich Town,Midfielder,4.9,0.0,-0.1,a,,2026-07-29T18:00:10.305484Z,100,100,0.0,0.0,0.0,0.0,16,18,127,279,,,
2026-10-03T05:21:43+00:00,311,149929,Burns,12,40,Ipswich Town,Midfielder,5.0,0.0,0.0,u,Has joined Leicester City permanently,2026-08-10T14:02:47.597478Z,0,0,0.0,0.0,0.0,0.0,0,8,0,347,,,
2026-10-03T05:21:43+00:00,312,231899,Taylor,12,40,Ipswich Town,Midfielder,4.4,-0.1,-0.1,i,Knee injury - Unknown return date,2026-07-29T18:00:10.319370Z,0,0,0.0,0.0,0.0,0.0,388,280,964,2661,,,
2026-10-03T05:21:43+00:00,313,443261,Clarke,12,40,Ipswich Town,Midfielder,5.4,0.0,-0.1,a,,,,,0.2,1.3,1.3,1.3,152,949,5503,15743,1,,
2026-10-03T05:21:43+00:00,314,229164,Ogbene,12,40,Ipswich Town,Midfielder,4.9,0.0,-0.1,u,Has joined Lincoln City on loan until January,2026-09-02T16:04:17.497385Z,0,0,0.0,0.0,0.0,0.0,0,66,104,1208,,,
2026-10-03T05:21:43+00:00,315,531442,Fatawu,12,40,Ipswich Town,Midfielder,5.4,0.0,-0.1,s,Suspended until 17 Oct,2026-09-19T15:30:10.126897Z,,0,0.2,0.7,0.7,0.0,58,2576,5360,13420,,,
2026-10-03T05:21:43+00:00,316,543968,Emersonn,12,40,Ipswich Town,Forward,5.5,0.0,0.0,a,,2026-08-31T09:30:08.306145Z,100,100,3.6,5.3,5.3,5.3,35848,23534,319546,142808,2,,
2026-10-03T05:21:43+00:00,317,222625,Hirst,12,40,Ipswich Town,Forward,5.0,0.0,0.0,u,Has joined Stoke City permanently,2026-08-21T13:06:08.606019Z,0,0,0.1,0.0,0.0,0.0,0,488,0,17118,,,
2026-10-03T05:21:43+00:00,318,481624,Philogene,12,40,Ipswich Town,Midfielder,5.4,0.0,-0.1,a,,2026-08-25T11:30:07.532993Z,100,100,0.1,0.7,0.7,0.7,34,163,302,9287,3,,
2026-10-03T05:21:43+00:00,319,172453,Szmodics,12,40,Ipswich Town,Midfielder,5.0,0.0,0.0,u,Has joined Derby County on loan for the rest of the season,2026-08-17T13:51:41.713979Z,0,0,0.0,0.0,0.0,0.0,0,13,0,760,,,
2026-10-03T05:21:43+00:00,320,147675,Akpom,12,40,Ipswich Town,Forward,5.0,0.0,0.0,a,,,,,1.2,0.3,0.3,0.3,5101,9762,131057,74195,,,
2026-10-03T05:21:43+00:00,321,557012,Walle Egeli,12,40,Ipswich Town,Forward,4.5,0.0,0.0,a,,,,,3.5,0.0,0.0,0.0,18521,27225,331142,211712,,,
2026-10-03T05:21:43+00:00,322,462387,Al-Hamadi,12,40,Ipswich Town,Forward,5.0,0.0,0.0,u,Has joined Sheffield Wednesday on loan for the rest of the season,2026-08-27T14:54:10.215357Z,0,0,0.0,0.0,0.0,0.0,0,381,755,9926,,,
2026-10-03T05:21:43+00:00,323,461587,McAteer,12,40,Ipswich Town,Midfielder,4.4,-0.1,-0.1,a,,,,,1.0,0.3,0.3,0.3,1556,6552,28300,62399,,,
2026-10-03T05:21:43+00:00,324,232457,Mehmeti,12,40,Ipswich Town,Midfielder,4.8,-0.1,-0.2,a,,,,,0.0,0.0,0.0,0.0,76,147,402,2478,,,
2026-10-03T05:21:43+00:00,554,546600,Van Oevelen,12,40,Ipswich Town,Goalkeeper,4.5,0.0,0.0,u,Has joined Valencia on loan for the rest of the season,2026-08-25T14:04:09.529320Z,0,0,0.0,0.0,0.0,0.0,0,84,54,1958,,,
2026-10-03T05:21:43+00:00,562,442967,Maeda,12,40,Ipswich Town,Midfielder,5.3,-0.1,-0.2,a,,,,,0.2,1.3,1.3,1.3,141,1488,2869,20258,,,
2026-10-03T05:21:43+00:00,564,240514,Scherpen,12,40,Ipswich Town,Goalkeeper,4.5,0.0,0.0,a,,,,,0.6,1.0,1.0,1.0,660,2834,15227,23411,,,
2026-10-03T05:21:43+00:00,571,216055,Florentino,12,40,Ipswich Town,Midfielder,4.8,-0.1,-0.2,a,,2026-08-25T11:30:07.678802Z,100,100,0.1,0.7,0.7,0.7,117,342,1062,7073,,,
2026-10-03T05:21:43+00:00,591,474120,Enciso,12,40,Ipswich Town,Midfielder,5.5,0.0,0.0,a,,2026-08-22T18:00:07.551930Z,100,100,0.8,1.7,1.7,1.7,2317,6190,93880,52479,,,
2026-10-03T05:21:43+00:00,592,572584,Ouattara,12,40,Ipswich Town,Defender,4.0,0.0,0.0,a,,,,,0.9,1.3,1.3,1.3,701,2105,13486,26241,,,
2026-10-03T05:21:43+00:00,602,524180,Humphreys,12,40,Ipswich Town,Midfielder,4.5,0.0,0.0,u,Has joined Huddersfield Town on loan for the rest of the season,2026-09-02T16:04:17.524642Z,0,0,0.0,0.0,0.0,0.0,0,242,2861,3236,,,
2026-10-03T05:21:43+00:00,619,218543,Palacios,12,40,Ipswich Town,Midfielder,5.0,0.0,0.0,a,,,,,0.1,3.3,3.3,3.3,527,854,9015,3464,,,
2026-10-03T05:21:43+00:00,640,431639,Flemming,12,40,Ipswich Town,Forward,5.5,0.0,0.0,a,,,,,0.1,2.0,2.0,2.0,948,1006,9310,3228,,,
2026-10-03T05:21:43+00:00,260,153682,Wilson,13,2,Leeds,Midfielder,6.2,0.0,-0.3,i,Thigh injury - Unknown return date,2026-09-18T13:30:09.626858Z,0,0,1.7,0.3,0.0,0.0,75,41121,29046,457823,,,
2026-10-03T05:21:43+00:00,326,201595,Perri,13,2,Leeds,Goalkeeper,4.5,0.0,0.0,u,Has joined Torino on loan for the rest of the season,2026-09-01T13:12:39.210133Z,0,0,0.3,0.0,0.0,0.0,0,1324,532,26524,,,
2026-10-03T05:21:43+00:00,327,434752,Bijol,13,2,Leeds,Defender,5.0,0.0,0.0,a,,,,,0.7,0.3,0.3,0.3,809,5619,69111,59234,,,
2026-10-03T05:21:43+00:00,329,214225,Rodon,13,2,Leeds,Defender,4.3,-0.1,-0.2,i,Hamstring injury - Expected back 21 Nov,2026-08-30T16:00:08.564382Z,0,0,0.8,0.0,0.0,0.0,48,8945,26942,296950,,,
2026-10-03T05:21:43+00:00,330,226182,Bogle,13,2,Leeds,Defender,4.6,0.0,0.1,a,,,,,7.3,11.3,11.3,11.3,128058,26454,654631,85662,,,
2026-10-03T05:21:43+00:00,331,243526,Gudmundsson,13,2,Leeds,Defender,4.5,0.0,0.0,a,,2026-08-08T20:00:07.546568Z,100,100,0.1,4.7,4.7,4.7,549,340,4147,2770,,,
2026-10-03T05:21:43+00:00,332,220627,Justin,13,2,Leeds,Defender,4.5,0.0,0.0,a,,,,,1.4,4.7,4.7,4.7,4331,5977,121603,70890,,,
2026-10-03T05:21:43+00:00,333,437738,Bornauw,13,2,Leeds,Defender,4.5,0.0,0.0,u,Has joined Hamburg SV on loan for the rest of the season,2026-08-19T13:56:14.645970Z,0,0,0.0,0.0,0.0,0.0,0,5,0,299,,,
2026-10-03T05:21:43+00:00,334,522047,Muharemović,13,2,Leeds,Defender,5.0,0.0,0.0,a,,,,,4.3,5.7,5.7,5.7,28711,24657,299996,173541,,,
2026-10-03T05:21:43+00:00,335,466525,Stach,13,2,Leeds,Midfielder,6.0,0.0,0.0,a,,,,,2.5,3.3,3.3,3.3,4927,19824,202270,164557,,,
2026-10-03T05:21:43+00:00,336,435997,Okafor,13,2,Leeds,Midfielder,5.8,0.0,-0.2,a,,,,,0.4,5.0,5.0,5.0,1807,3440,26914,35226,,,
2026-10-03T05:21:43+00:00,337,427637,Aaronson,13,2,Leeds,Midfielder,5.3,-0.1,-0.2,a,,,,,0.5,1.0,1.0,1.0,214,3438,6777,48167,,,
2026-10-03T05:21:43+00:00,338,199598,Ampadu,13,2,Leeds,Midfielder,5.4,0.0,-0.1,a,,,,,0.9,4.7,4.7,4.7,1651,5016,18084,60695,,,
2026-10-03T05:21:43+00:00,339,180135,Longstaff,13,2,Leeds,Midfielder,4.8,-0.1,-0.2,a,,,,,0.1,0.3,0.3,0.3,137,639,2510,8123,,,
2026-10-03T05:21:43+00:00,341,492859,Gnonto,13,2,Leeds,Midfielder,5.0,0.0,0.0,u,Has joined ACF Fiorentina on loan for the rest of the season,2026-09-02T16:04:47.189648Z,0,0,0.0,0.0,0.0,0.0,0,54,244,1812,,,
2026-10-03T05:21:43+00:00,342,221399,Harrison,13,2,Leeds,Midfielder,5.0,0.0,0.0,u,Has joined New England Revolution permanently,2026-07-28T12:59:09.492431Z,0,0,0.0,0.0,0.0,0.0,0,5,0,79,,,
2026-10-03T05:21:43+00:00,343,200617,James,13,2,Leeds,Midfielder,4.9,0.0,-0.1,a,,,,,0.1,0.7,0.7,0.7,190,562,4159,8012,,,
2026-10-03T05:21:43+00:00,344,486520,Gruev,13,2,Leeds,Midfielder,5.0,0.0,0.0,a,,2026-08-14T23:00:06.272027Z,100,100,0.0,0.0,0.0,0.0,48,21,127,316,,,
2026-10-03T05:21:43+00:00,345,248056,Tanaka,13,2,Leeds,Midfielder,4.9,0.0,-0.1,a,,,,,0.3,4.3,4.3,4.3,2283,2306,22801,17541,,,
2026-10-03T05:21:43+00:00,346,177815,Calvert-Lewin,13,2,Leeds,Forward,6.0,0.0,0.0,a,,,,,24.8,4.3,4.3,4.3,96059,171795,1012688,1324737,1,,
2026-10-03T05:21:43+00:00,347,174594,Nmecha,13,2,Leeds,Forward,5.4,0.0,-0.1,a,,,,,0.5,1.0,1.0,1.0,2057,3779,22251,37200,2,,
2026-10-03T05:21:43+00:00,348,235826,Piroe,13,2,Leeds,Forward,5.0,0.0,0.0,u,Has joined West Ham United on loan for the rest of the season,2026-08-19T13:56:14.666726Z,0,0,0.1,0.0,0.0,0.0,0,433,0,11228,3,,
2026-10-03T05:21:43+00:00,349,565297,Mateo Joseph,13,2,Leeds,Forward,4.5,0.0,0.0,i,Knee injury - Unknown return date,2026-07-29T18:00:10.338170Z,0,0,0.1,0.0,0.0,0.0,323,489,3109,4463,,,
2026-10-03T05:21:43+00:00,385,432720,Trafford,13,2,Leeds,Goalkeeper,5.0,0.0,0.0,a,,,,,5.5,5.3,5.3,5.3,23138,15395,265109,159740,,,
2026-10-03T05:21:43+00:00,598,173774,Elvedi,13,2,Leeds,Defender,4.5,0.0,0.0,a,,,,,0.1,4.0,4.0,4.0,237,244,5352,2803,,,
2026-10-03T05:21:43+00:00,603,643970,Lienou,13,2,Leeds,Defender,4.0,0.0,0.0,a,,,,,0.1,0.0,0.0,0.0,243,523,6916,3990,,,
2026-10-03T05:21:43+00:00,604,592740,Cresswell,13,2,Leeds,Midfielder,4.5,0.0,0.0,a,,,,,0.1,0.0,0.0,0.0,309,900,14065,7928,,,
2026-10-03T05:21:43+00:00,625,97846,Cairns,13,2,Leeds,Goalkeeper,4.0,0.0,0.0,a,,,,,0.2,0.0,0.0,0.0,853,791,19812,5949,,,
2026-10-03T05:21:43+00:00,629,155465,Zetterer,13,2,Leeds,Goalkeeper,4.0,0.0,0.0,a,,,,,0.7,0.0,0.0,0.0,3085,2826,58525,14201,,,
2026-10-03T05:21:43+00:00,641,437497,Bard,13,2,Leeds,Defender,4.5,0.0,0.0,a,,,,,0.0,0.3,0.3,0.3,98,80,960,356,,,
2026-10-03T05:21:43+00:00,648,587982,Bahoya,13,2,Leeds,Midfielder,5.0,0.0,0.0,a,,,,,0.0,0.3,0.3,0.3,112,177,2244,1145,,,
2026-10-03T05:21:43+00:00,350,116535,A.Becker,14,14,Liverpool,Goalkeeper,5.5,0.0,0.0,a,,,,,4.1,8.3,8.3,8.3,13798,12048,147116,145572,,,
2026-10-03T05:21:43+00:00,351,449027,Mamardashvili,14,14,Liverpool,Goalkeeper,4.8,-0.1,-0.2,a,,,,,0.1,0.0,0.0,0.0,259,635,2871,8653,,,
2026-10-03T05:21:43+00:00,352,155503,Woodman,14,14,Liverpool,Goalkeeper,4.0,0.0,0.0,a,,,,,1.0,0.0,0.0,0.0,799,2395,18293,27253,,,
2026-10-03T05:21:43+00:00,353,586268,Pecsi,14,14,Liverpool,Goalkeeper,4.0,0.0,0.0,u,Has joined TSV Hartberg on loan for the rest of the season,2026-08-18T14:11:18.638344Z,0,0,0.0,0.0,0.0,0.0,0,64,0,1091,,,
2026-10-03T05:21:43+00:00,354,432987,Jaros,14,14,Liverpool,Goalkeeper,4.0,0.0,0.0,i,Knee injury - Unknown return date,2026-07-29T18:00:10.351066Z,0,0,0.0,0.0,0.0,0.0,209,160,1756,1246,,,
2026-10-03T05:21:43+00:00,355,464353,Davies,14,14,Liverpool,Goalkeeper,4.0,0.0,0.0,a,,,,,0.2,0.0,0.0,0.0,298,475,4750,4255,,,
2026-10-03T05:21:43+00:00,356,97032,Virgil,14,14,Liverpool,Defender,6.5,0.0,0.0,a,,,,,16.2,7.3,7.3,7.3,22366,44642,279382,617275,,,
2026-10-03T05:21:43+00:00,357,216094,Frimpong,14,14,Liverpool,Defender,5.3,0.0,-0.2,a,,,,,1.8,0.3,0.3,0.3,1652,12917,58995,246302,,,
2026-10-03T05:21:43+00:00,358,544877,Kerkez,14,14,Liverpool,Defender,5.3,-0.1,-0.2,a,,,,,2.2,4.0,4.0,4.0,2676,10694,47693,188066,,,
2026-10-03T05:21:43+00:00,359,171287,Gomez,14,14,Liverpool,Defender,4.9,0.0,-0.1,a,,2026-07-26T08:30:10.078473Z,100,100,0.0,0.0,0.0,0.0,331,117,751,1181,,,
2026-10-03T05:21:43+00:00,360,492777,Bradley,14,14,Liverpool,Defender,5.0,0.0,0.0,i,Knee injury - Unknown return date,2026-07-23T12:01:23.565711Z,0,0,0.0,0.0,0.0,0.0,58,86,375,798,,,
2026-10-03T05:21:43+00:00,361,519440,Lucky,14,14,Liverpool,Defender,4.0,0.0,0.0,a,,,,,0.1,0.0,0.0,0.0,300,591,3877,5816,,,
2026-10-03T05:21:43+00:00,362,606702,Jacquet,14,14,Liverpool,Defender,5.0,0.0,0.0,a,,2026-07-23T12:01:23.581126Z,100,100,3.5,6.7,6.7,6.7,34532,13692,232414,123725,,,
2026-10-03T05:21:43+00:00,363,647681,Leoni,14,14,Liverpool,Defender,4.0,0.0,0.0,i,Knee injury - Unknown return date,2026-07-23T12:01:23.596909Z,0,0,0.0,0.0,0.0,0.0,67,184,868,2115,,,
2026-10-03T05:21:43+00:00,364,214285,Tsimikas,14,14,Liverpool,Defender,4.9,0.0,-0.1,a,,,,,0.1,0.3,0.3,0.3,98,397,1585,4423,,,
2026-10-03T05:21:43+00:00,365,489580,Ramsay,14,14,Liverpool,Defender,4.0,0.0,0.0,u,Has joined St Mirren on loan for the rest of the season,2026-08-26T14:05:26.748768Z,0,0,0.1,0.0,0.0,0.0,0,491,638,12720,,,
2026-10-03T05:21:43+00:00,366,494595,Wirtz,14,14,Liverpool,Midfielder,7.3,0.0,-0.2,a,,,,,5.7,4.0,4.0,4.0,3929,42550,134197,765947,4,,
2026-10-03T05:21:43+00:00,367,243298,Gakpo,14,14,Liverpool,Midfielder,7.2,0.0,0.2,d,Ankle injury - 75% chance of playing,2026-09-27T21:30:07.786183Z,100,75,12.3,5.0,5.0,3.8,51481,96246,1337893,723843,3,,
2026-10-03T05:21:43+00:00,368,424876,Szoboszlai,14,14,Liverpool,Midfielder,6.9,-0.1,-0.1,a,,,,,32.7,2.7,2.7,2.7,37180,220696,929539,1688854,1,,
2026-10-03T05:21:43+00:00,369,611922,Ngumoha,14,14,Liverpool,Midfielder,5.7,-0.1,-0.3,a,,,,,0.5,0.3,0.3,0.3,803,4308,14581,89334,,,
2026-10-03T05:21:43+00:00,370,223541,Chiesa,14,14,Liverpool,Midfielder,5.3,-0.1,-0.2,i,Back injury - Unknown return date,2026-08-27T13:30:07.598926Z,0,0,0.0,0.0,0.0,0.0,17,253,682,10086,,,
2026-10-03T05:21:43+00:00,371,441266,Gravenberch,14,14,Liverpool,Midfielder,5.8,-0.1,-0.2,a,,,,,1.1,1.0,1.0,1.0,1251,9240,35789,130593,,,
2026-10-03T05:21:43+00:00,372,243016,Mac Allister,14,14,Liverpool,Midfielder,5.4,0.0,-0.1,a,,,,,1.3,2.7,2.7,2.7,3912,6975,45532,96689,5,,
2026-10-03T05:21:43+00:00,373,206915,C.Jones,14,14,Liverpool,Midfielder,5.5,0.0,0.0,u,Has joined Internazionale permanently,2026-08-16T18:30:07.426408Z,0,0,0.0,0.0,0.0,0.0,0,63,34,2650,,,
2026-10-03T05:21:43+00:00,374,158983,Endo,14,14,Liverpool,Midfielder,4.9,0.0,-0.1,a,,2026-07-23T12:01:23.612529Z,100,100,0.1,0.0,0.0,0.0,169,451,2332,4817,,,
2026-10-03T05:21:43+00:00,375,591386,Nyoni,14,14,Liverpool,Midfielder,4.9,0.0,-0.1,a,,,,,0.0,0.7,0.7,0.7,94,314,1351,3059,,,
2026-10-03T05:21:43+00:00,376,535928,Bajcetic,14,14,Liverpool,Midfielder,5.0,0.0,0.0,u,Has joined Celta Vigo permanently,2026-07-23T12:01:23.628373Z,0,0,0.0,0.0,0.0,0.0,0,3,19,107,,,
2026-10-03T05:21:43+00:00,377,551499,Munoz,14,14,Liverpool,Midfielder,6.5,0.0,0.0,a,,,,,0.9,1.7,1.7,1.7,1515,11647,117498,101989,,,
2026-10-03T05:21:43+00:00,378,491501,McConnell,14,14,Liverpool,Midfielder,4.4,0.0,-0.1,a,,,,,0.2,0.0,0.0,0.0,1068,1527,6943,12984,,,
2026-10-03T05:21:43+00:00,379,219168,Isak,14,14,Liverpool,Forward,9.1,0.0,0.1,d,Thigh injury - 75% chance of playing,2026-09-27T10:30:09.051435Z,,75,22.3,7.7,7.7,5.8,116651,89866,1243813,749835,2,,
2026-10-03T05:21:43+00:00,380,510663,Ekitiké,14,14,Liverpool,Forward,7.4,0.0,-0.1,i,Achilles injury - Unknown return date,2026-07-23T12:01:23.643771Z,0,0,0.1,0.0,0.0,0.0,397,852,2669,11315,,,
2026-10-03T05:21:43+00:00,381,514514,Koumas,14,14,Liverpool,Midfielder,5.0,0.0,0.0,a,,,,,0.0,0.7,0.7,0.7,163,191,842,1392,,,
2026-10-03T05:21:43+00:00,382,500058,Danns,14,14,Liverpool,Forward,4.5,0.0,0.0,a,,2026-07-23T12:01:23.659279Z,100,100,0.2,0.0,0.0,0.0,3568,2450,23375,9729,,,
2026-10-03T05:21:43+00:00,383,444884,Elliott,14,14,Liverpool,Midfielder,5.4,0.0,-0.1,u,Has joined Valencia on loan for the rest of the season,2026-09-02T16:05:49.104326Z,0,0,0.0,0.0,0.0,0.0,0,232,907,6152,,,
2026-10-03T05:21:43+00:00,579,445087,Araujo,14,14,Liverpool,Defender,5.4,0.0,-0.1,a,,,,,3.0,7.0,7.0,7.0,17432,10656,149348,160345,,,
2026-10-03T05:21:43+00:00,627,482616,Barcola,14,14,Liverpool,Midfielder,8.0,0.0,0.0,a,,,,,1.9,2.3,2.3,2.3,11552,19227,289014,130473,,,
2026-10-03T05:21:43+00:00,155,448047,Enzo,15,43,Man City,Midfielder,6.9,0.0,-0.1,a,,,,,3.6,4.0,4.0,4.0,31600,15035,173267,321944,,,
2026-10-03T05:21:43+00:00,237,440993,Ndiaye,15,43,Man City,Midfielder,5.8,-0.1,-0.2,a,,,,,6.7,3.0,3.0,3.0,7150,69605,298019,1137608,,,
2026-10-03T05:21:43+00:00,384,204936,Donnarumma,15,43,Man City,Goalkeeper,5.5,0.0,0.0,a,,,,,7.6,5.3,5.3,5.3,10888,31054,207079,316970,,,
2026-10-03T05:21:43+00:00,386,122074,Bettinelli,15,43,Man City,Goalkeeper,4.5,0.0,0.0,a,,,,,0.0,0.0,0.0,0.0,52,90,567,1126,,,
2026-10-03T05:21:43+00:00,387,472769,O'Reilly,15,43,Man City,Defender,6.3,-0.1,-0.2,d,Unspecified injury - 75% chance of playing,2026-10-01T15:30:10.272693Z,100,75,10.9,0.7,0.7,0.5,5362,73540,192706,1210051,,,
2026-10-03T05:21:43+00:00,388,209036,Guéhi,15,43,Man City,Defender,6.0,0.0,0.0,a,,,,,18.2,6.0,6.0,6.0,24033,52562,505953,464538,,,
2026-10-03T05:21:43+00:00,389,465351,Matheus N.,15,43,Man City,Defender,5.9,0.0,-0.1,a,,2026-08-27T11:30:08.171622Z,100,100,1.0,3.3,3.3,3.3,1692,2991,14847,74132,4,,
2026-10-03T05:21:43+00:00,390,171314,Rúben,15,43,Man City,Defender,5.5,0.0,0.0,a,,,,,1.9,4.3,4.3,4.3,4773,9223,67361,74025,,,
2026-10-03T05:21:43+00:00,391,477424,Gvardiol,15,43,Man City,Defender,5.7,0.0,0.2,a,,,,,26.8,7.7,7.7,7.7,150145,56305,1832177,416521,,,
2026-10-03T05:21:43+00:00,392,448514,Aït-Nouri,15,43,Man City,Defender,5.2,-0.1,-0.3,a,,,,,0.4,0.0,0.0,0.0,537,2226,7889,61635,,,
2026-10-03T05:21:43+00:00,393,578153,Khusanov,15,43,Man City,Defender,5.4,0.0,-0.1,a,,,,,1.4,1.7,1.7,1.7,1443,9133,26879,80779,,,
2026-10-03T05:21:43+00:00,394,494307,Alleyne,15,43,Man City,Defender,5.0,0.0,0.0,u,Has joined Burnley on loan for the rest of the season,2026-08-18T14:11:56.324656Z,0,0,0.0,0.0,0.0,0.0,0,20,0,618,,,
2026-10-03T05:21:43+00:00,395,477064,Lewis,15,43,Man City,Defender,4.4,0.0,-0.1,a,,,,,0.2,0.0,0.0,0.0,311,1220,8267,16286,,,
2026-10-03T05:21:43+00:00,396,616222,Vitor Reis,15,43,Man City,Defender,4.5,0.0,0.0,a,,,,,0.0,0.0,0.0,0.0,75,155,555,1178,,,
2026-10-03T05:21:43+00:00,397,437730,Semenyo,15,43,Man City,Midfielder,8.4,0.0,-0.1,d,Ankle injury - 75% chance of playing,2026-09-24T12:00:09.848000Z,,75,15.3,8.7,8.7,6.5,126348,71505,317251,1214205,2,,
2026-10-03T05:21:43+00:00,398,209244,Foden,15,43,Man City,Midfielder,6.9,0.0,-0.1,s,Suspended until 17 Oct,2026-09-13T17:00:09.433455Z,0,0,1.8,-0.3,0.0,0.0,218,28947,303464,566669,,,
2026-10-03T05:21:43+00:00,399,466052,Cherki,15,43,Man City,Midfielder,7.8,0.0,0.3,a,,,,,28.4,4.0,4.0,4.0,126623,91337,2673784,958282,,,
2026-10-03T05:21:43+00:00,400,248875,Doku,15,43,Man City,Midfielder,7.4,0.0,-0.1,a,,2026-08-18T17:00:08.385597Z,75,100,0.7,0.3,0.2,0.3,4568,2131,6035,128217,3,,
2026-10-03T05:21:43+00:00,402,220566,Rodrigo,15,43,Man City,Midfielder,6.5,0.0,0.0,u,Has joined Barcelona permanently,2026-07-23T12:01:23.675537Z,0,0,0.0,0.0,0.0,0.0,0,26,0,1230,,,
2026-10-03T05:21:43+00:00,404,433036,Reijnders,15,43,Man City,Midfielder,6.0,0.0,0.0,u,Has joined Al Qadsiah permanently,2026-08-20T14:02:58.154273Z,0,0,0.0,0.0,0.0,0.0,0,101,0,8186,,,
2026-10-03T05:21:43+00:00,406,91651,Kovačić,15,43,Man City,Midfielder,5.4,0.0,-0.1,a,,,,,0.1,0.0,0.0,0.0,113,470,2255,6299,,,
2026-10-03T05:21:43+00:00,407,575204,Echeverri,15,43,Man City,Midfielder,4.9,0.0,-0.1,u,Has joined Benfica on loan for the rest of the season,2026-09-03T15:41:24.710479Z,0,0,0.0,0.0,0.0,0.0,0,56,250,1345,,,
2026-10-03T05:21:43+00:00,408,155405,Phillips,15,43,Man City,Midfielder,5.0,0.0,0.0,u,Has joined Sheffield United on loan for the rest of the season,2026-08-18T14:11:56.348781Z,0,0,0.0,0.0,0.0,0.0,0,13,0,572,,,
2026-10-03T05:21:43+00:00,409,590039,Mukasa,15,43,Man City,Midfielder,4.5,0.0,0.0,u,has joined West Ham on loan for the rest of the seaon.,2026-09-03T10:34:10.733520Z,0,0,0.1,0.0,0.0,0.0,0,613,1621,12180,,,
2026-10-03T05:21:43+00:00,410,649208,Monga,15,43,Man City,Midfielder,4.9,0.0,-0.1,u,Has joined Swansea City on loan for the rest of the season,2026-09-02T16:02:01.136760Z,0,0,0.0,0.0,0.0,0.0,0,51,219,1271,,,
2026-10-03T05:21:43+00:00,411,223094,Haaland,15,43,Man City,Forward,15.6,0.0,0.1,a,,,,,73.8,8.0,8.0,8.0,80731,21114,926008,322772,1,,
2026-10-03T05:21:43+00:00,481,215379,Anderson,15,43,Man City,Midfielder,6.3,0.0,-0.2,a,,2026-08-23T17:00:07.952697Z,100,100,4.0,3.3,3.3,3.3,8006,28287,105445,446127,,,
2026-10-03T05:21:43+00:00,587,106921,Rulli,15,43,Man City,Goalkeeper,5.0,0.0,0.0,a,,,,,0.0,0.0,0.0,0.0,73,103,605,1114,,,
2026-10-03T05:21:43+00:00,616,637238,Bouaddi,15,43,Man City,Midfielder,5.5,0.0,0.0,a,,,,,0.2,0.3,0.3,0.3,849,2139,21048,13578,,,
2026-10-03T05:21:43+00:00,621,616288,McAidoo,15,43,Man City,Midfielder,4.5,0.0,0.0,a,,,,,0.1,0.3,0.3,0.3,196,1106,11365,7129,,,
2026-10-03T05:21:43+00:00,622,554054,Braithwaite,15,43,Man City,Defender,4.0,0.0,0.0,a,,,,,0.2,0.0,0.0,0.0,590,1667,16797,9218,,,
2026-10-03T05:21:43+00:00,628,624777,Allan,15,43,Man City,Midfielder,6.0,0.0,0.0,a,,,,,0.0,0.0,0.0,0.0,227,170,1190,691,,,
2026-10-03T05:21:43+00:00,653,595480,Samba,15,43,Man City,Midfielder,4.5,0.0,0.0,a,,,,,0.0,0.0,0.0,0.0,251,496,3900,2179,,,
2026-10-03T05:21:43+00:00,43,166989,Tielemans,16,1,Man Utd,Midfielder,5.8,0.0,-0.2,a,,2026-07-23T12:01:23.321726Z,100,100,1.5,2.7,2.7,2.7,3212,10867,44659,161491,3,,
2026-10-03T05:21:43+00:00,131,535301,Baleba,16,1,Man Utd,Midfielder,4.9,0.0,-0.1,a,,2026-08-06T16:00:10.997714Z,50,100,0.1,0.0,0.0,0.0,1313,741,6752,14382,,,
2026-10-03T05:21:43+00:00,162,532605,Andrey Santos,16,1,Man Utd,Midfielder,4.8,0.0,-0.2,a,,,,,0.6,0.3,0.3,0.3,1054,5030,22251,73649,,,
2026-10-03T05:21:43+00:00,325,59735,Darlow,16,1,Man Utd,Goalkeeper,4.5,0.0,0.0,d,Unspecified injury - 75% chance of playing,2026-09-21T13:30:08.885505Z,100,75,0.0,0.0,0.0,0.0,60,220,1067,1601,,,
2026-10-03T05:21:43+00:00,412,465247,Lammens,16,1,Man Utd,Goalkeeper,4.9,0.0,-0.1,a,,,,,9.9,2.7,2.7,2.7,6901,49432,99109,687863,,,
2026-10-03T05:21:43+00:00,413,451302,Bayindir,16,1,Man Utd,Goalkeeper,4.5,0.0,0.0,u,Has joined Celta Vigo on loan for the rest of the season,2026-08-10T14:02:28.608415Z,0,0,0.0,0.0,0.0,0.0,0,42,0,1152,,,
2026-10-03T05:21:43+00:00,414,21205,Heaton,16,1,Man Utd,Goalkeeper,4.0,0.0,0.0,i,Hamstring injury - Unknown return date,2026-08-15T16:00:07.854151Z,0,0,0.1,0.0,0.0,0.0,204,276,2122,3563,,,
2026-10-03T05:21:43+00:00,415,596777,Dorgu,16,1,Man Utd,Midfielder,5.8,0.0,-0.2,d,Hamstring injury - 75% chance of playing,2026-09-27T21:30:07.831640Z,,75,0.5,3.0,3.0,2.2,1031,4301,14001,97838,,,
2026-10-03T05:21:43+00:00,416,209365,De Ligt,16,1,Man Utd,Defender,5.0,0.0,0.0,i,Back injury - Unknown return date,2026-07-23T12:01:23.690880Z,0,0,0.0,0.0,0.0,0.0,79,134,458,1557,,,
2026-10-03T05:21:43+00:00,417,216051,Dalot,16,1,Man Utd,Defender,4.9,0.0,-0.1,a,,,,,1.6,1.7,1.7,1.7,1314,7668,26093,136163,,,
2026-10-03T05:21:43+00:00,418,95658,Maguire,16,1,Man Utd,Defender,4.8,-0.1,-0.2,a,,,,,8.6,1.7,1.7,1.7,4476,75827,138434,1005518,,,
2026-10-03T05:21:43+00:00,419,221820,Martinez,16,1,Man Utd,Defender,5.0,0.0,0.0,a,,2026-07-24T20:00:10.337107Z,100,100,1.3,1.7,1.7,1.7,3770,6542,36696,67395,,,
2026-10-03T05:21:43+00:00,420,550864,Yoro,16,1,Man Utd,Defender,4.8,-0.1,-0.2,a,,,,,0.5,0.3,0.3,0.3,469,2213,5251,36055,,,
2026-10-03T05:21:43+00:00,421,606745,Heaven,16,1,Man Utd,Defender,4.3,-0.1,-0.2,a,,,,,0.3,0.0,0.0,0.0,246,1507,6016,24093,,,
2026-10-03T05:21:43+00:00,422,230001,Mazraoui,16,1,Man Utd,Defender,4.4,0.0,-0.1,a,,,,,0.5,0.3,0.3,0.3,597,2906,14381,40993,,,
2026-10-03T05:21:43+00:00,423,106760,Shaw,16,1,Man Utd,Defender,4.3,-0.1,-0.2,a,,2026-09-11T13:00:09.030120Z,50,100,7.7,2.0,1.0,2.0,3758,77519,101242,1309448,,,
2026-10-03T05:21:43+00:00,424,577974,Amass,16,1,Man Utd,Defender,4.0,0.0,0.0,a,,,,,0.2,0.0,0.0,0.0,427,797,6329,8827,,,
2026-10-03T05:21:43+00:00,425,547676,Fredricson,16,1,Man Utd,Defender,4.0,0.0,0.0,u,Has joined Lausanne-Sport permanently,2026-08-18T14:12:31.904433Z,0,0,0.0,0.0,0.0,0.0,0,50,0,1318,,,
2026-10-03T05:21:43+00:00,426,141746,B.Fernandes,16,1,Man Utd,Midfielder,11.9,-0.1,-0.1,a,,,,,38.5,2.0,2.0,2.0,45952,199521,657552,1852471,1,,
2026-10-03T05:21:43+00:00,427,446008,Mbeumo,16,1,Man Utd,Midfielder,7.9,0.0,-0.1,a,,,,,20.5,4.0,4.0,4.0,38344,132015,465323,2018514,2,,
2026-10-03T05:21:43+00:00,428,430871,Cunha,16,1,Man Utd,Midfielder,7.9,0.0,-0.1,a,,,,,5.8,5.0,5.0,5.0,22898,22045,96644,510076,,,
2026-10-03T05:21:43+00:00,429,176297,Rashford,16,1,Man Utd,Midfielder,7.0,0.0,0.0,d,Unspecified injury - 75% chance of playing,2026-09-21T10:30:09.221479Z,,75,1.4,2.3,2.3,1.7,4204,18077,85233,129158,,,
2026-10-03T05:21:43+00:00,430,184341,Mount,16,1,Man Utd,Midfielder,5.4,0.0,-0.1,a,,2026-08-15T16:00:07.879135Z,100,100,0.0,0.3,0.3,0.3,189,202,917,1978,,,
2026-10-03T05:21:43+00:00,431,493250,Amad,16,1,Man Utd,Midfielder,5.7,0.0,-0.3,i,Unspecified injury - Unknown return date,2026-08-22T11:00:08.617283Z,0,0,0.3,0.0,0.0,0.0,136,1882,2178,123603,,,
2026-10-03T05:21:43+00:00,432,516895,Mainoo,16,1,Man Utd,Midfielder,5.5,0.0,0.0,d,Unspecified injury - 75% chance of playing,2026-09-21T13:00:09.169862Z,,75,1.6,5.7,5.7,4.3,7745,15507,94839,67784,,,
2026-10-03T05:21:43+00:00,433,232112,Ugarte,16,1,Man Utd,Midfielder,5.0,0.0,0.0,i,Knee injury - Unknown return date,2026-07-23T12:01:23.706702Z,0,0,0.0,0.0,0.0,0.0,24,24,120,264,,,
2026-10-03T05:21:43+00:00,434,547037,J.Fletcher,16,1,Man Utd,Midfielder,4.9,0.0,-0.1,a,,,,,0.0,0.0,0.0,0.0,44,59,324,707,,,
2026-10-03T05:21:43+00:00,435,576628,Lacey,16,1,Man Utd,Midfielder,4.9,0.0,-0.1,a,,,,,0.1,0.0,0.0,0.0,380,368,1733,3333,,,
2026-10-03T05:21:43+00:00,436,490881,Collyer,16,1,Man Utd,Midfielder,5.0,0.0,0.0,u,Has joined West Brom permanently,2026-09-01T13:16:48.584385Z,0,0,0.0,0.0,0.0,0.0,0,49,150,1056,,,
2026-10-03T05:21:43+00:00,437,576620,Bendito Mantato,16,1,Man Utd,Midfielder,4.4,-0.1,-0.1,a,,,,,0.2,0.0,0.0,0.0,445,886,5109,9667,,,
2026-10-03T05:21:43+00:00,438,519913,Fletcher,16,1,Man Utd,Midfielder,4.4,0.0,-0.1,a,,,,,0.3,0.0,0.0,0.0,2592,2153,10661,16922,,,
2026-10-03T05:21:43+00:00,439,485711,Šeško,16,1,Man Utd,Forward,7.0,0.0,0.0,d,Shin injury - 75% chance of playing,2026-09-20T19:30:08.505755Z,100,75,1.6,2.0,2.0,1.5,6667,24547,104106,134220,,,
2026-10-03T05:21:43+00:00,440,458249,Zirkzee,16,1,Man Utd,Forward,5.3,-0.1,-0.2,a,,,,,0.4,0.7,0.7,0.7,1994,3185,15874,43738,,,
2026-10-03T05:21:43+00:00,441,596047,Obi,16,1,Man Utd,Forward,4.5,0.0,0.0,u,Has joined Willem II on loan for the rest of the season,2026-09-14T16:12:42.090874Z,0,0,0.9,0.0,0.0,0.0,0,11478,45543,74420,,,
2026-10-03T05:21:43+00:00,405,465694,N.Gonzalez,17,4,Newcastle,Midfielder,5.5,0.0,0.0,a,,2026-09-14T21:30:07.343728Z,0,100,0.2,1.0,0.0,1.0,625,1854,18088,17023,,,
2026-10-03T05:21:43+00:00,442,98747,Pope,17,4,Newcastle,Goalkeeper,4.9,0.0,-0.1,a,,,,,0.9,0.0,0.0,0.0,880,3197,13373,53920,,,
2026-10-03T05:21:43+00:00,443,81441,Gillespie,17,4,Newcastle,Goalkeeper,4.5,0.0,0.0,a,,,,,0.0,0.0,0.0,0.0,43,89,768,1209,,,
2026-10-03T05:21:43+00:00,444,554578,Jaouen,17,4,Newcastle,Goalkeeper,4.4,-0.1,-0.1,d,Ankle injury - 50% chance of playing,2026-09-10T16:00:09.127466Z,50,50,0.0,0.0,0.0,0.0,20,120,453,1525,,,
2026-10-03T05:21:43+00:00,445,465642,Thiaw,17,4,Newcastle,Defender,5.0,0.0,0.0,a,,,,,2.2,1.7,1.7,1.7,8823,10271,178124,123282,,,
2026-10-03T05:21:43+00:00,446,119471,Schär,17,4,Newcastle,Defender,4.9,0.0,-0.1,a,,2026-08-15T16:30:07.209742Z,100,100,0.2,0.3,0.3,0.3,574,918,7085,13864,,,
2026-10-03T05:21:43+00:00,447,220237,Botman,17,4,Newcastle,Defender,5.0,0.0,0.0,a,,,,,0.7,2.3,2.3,2.3,4938,3107,47612,28401,,,
2026-10-03T05:21:43+00:00,448,78916,Burn,17,4,Newcastle,Defender,4.8,-0.1,-0.2,i,Ankle injury - Expected back 12 Oct,2026-08-23T18:00:08.367241Z,0,0,0.7,0.0,0.0,0.0,114,5905,7329,160813,,,
2026-10-03T05:21:43+00:00,449,487838,Hall,17,4,Newcastle,Defender,5.3,0.1,0.3,a,,,,,17.4,5.7,5.7,5.7,250839,21362,1664341,349195,,,
2026-10-03T05:21:43+00:00,450,441191,Livramento,17,4,Newcastle,Defender,4.9,0.0,-0.1,d,Unspecified injury - 75% chance of playing,2026-09-19T14:00:09.046677Z,100,75,0.1,1.3,1.3,1.0,452,1529,10248,5969,,,
2026-10-03T05:21:43+00:00,451,545477,A.Murphy,17,4,Newcastle,Defender,4.0,0.0,0.0,u,Has joined FC Kaiserslautern on loan for the rest of the season,2026-08-12T14:05:29.224600Z,0,0,0.1,0.0,0.0,0.0,0,299,0,6950,,,
2026-10-03T05:21:43+00:00,453,201666,Barnes,17,4,Newcastle,Midfielder,6.1,0.1,0.1,a,,,,,5.8,7.7,7.7,7.7,164494,18996,635597,150904,,,
2026-10-03T05:21:43+00:00,454,449434,Elanga,17,4,Newcastle,Midfielder,6.1,-0.1,0.1,i,Unspecified injury - Unknown return date,2026-09-14T20:00:09.505598Z,0,0,4.5,0.3,0.0,0.0,335,168718,1286172,1088679,,,
2026-10-03T05:21:43+00:00,456,232653,J.Ramsey,17,4,Newcastle,Midfielder,4.9,0.0,-0.1,i,Thigh injury - Unknown return date,2026-09-15T09:00:08.191022Z,0,0,0.2,2.0,0.0,0.0,67,4801,16613,31004,,,
2026-10-03T05:21:43+00:00,457,114243,J.Murphy,17,4,Newcastle,Midfielder,5.9,0.0,-0.1,a,,,,,0.1,0.7,0.7,0.7,981,801,6084,10980,,,
2026-10-03T05:21:43+00:00,458,180974,Joelinton,17,4,Newcastle,Midfielder,5.4,0.0,-0.1,i,Unspecified injury - Unknown return date,2026-08-16T08:00:08.074045Z,0,0,0.0,0.0,0.0,0.0,20,82,231,2244,,,
2026-10-03T05:21:43+00:00,459,547719,L.Miley,17,4,Newcastle,Midfielder,5.5,0.0,0.0,d,Unspecified injury - 75% chance of playing,2026-10-01T15:30:10.335504Z,100,75,0.1,2.0,2.0,1.5,486,509,6350,5516,,,
2026-10-03T05:21:43+00:00,460,200089,Willock,17,4,Newcastle,Midfielder,5.0,0.0,0.0,a,,,,,0.6,4.3,4.3,4.3,9857,2803,64677,30788,,,
2026-10-03T05:21:43+00:00,461,611665,Touré,17,4,Newcastle,Midfielder,5.8,0.0,-0.2,a,,,,,0.1,2.3,2.3,2.3,332,872,3715,16479,,,
2026-10-03T05:21:43+00:00,462,636852,Steur,17,4,Newcastle,Midfielder,4.9,0.0,-0.1,a,,,,,0.1,2.0,2.0,2.0,269,391,2425,6188,,,
2026-10-03T05:21:43+00:00,463,470313,Woltemade,17,4,Newcastle,Forward,5.9,0.0,-0.1,u,Has joined Juventus on loan for the rest of the season,2026-09-02T16:07:16.549304Z,0,0,0.5,0.0,0.0,0.0,0,3822,14520,142257,,,
2026-10-03T05:21:43+00:00,464,216646,Wissa,17,4,Newcastle,Forward,6.2,0.0,0.2,a,,,,,18.7,1.0,1.0,1.0,90214,142871,2285726,729881,2,,
2026-10-03T05:21:43+00:00,465,538207,Osula,17,4,Newcastle,Forward,5.8,-0.1,-0.2,i,Foot injury - Unknown return date,2026-08-25T19:00:08.004915Z,0,0,0.3,0.0,0.0,0.0,130,2428,21453,86733,1,,
2026-10-03T05:21:43+00:00,466,599303,Neave,17,4,Newcastle,Forward,4.5,0.0,0.0,u,Has joined Wolves on loan for the rest of the season,2026-09-04T12:37:43.515176Z,0,0,0.5,0.0,0.0,0.0,0,3958,23805,52580,,,
2026-10-03T05:21:43+00:00,559,632794,Bamba,17,4,Newcastle,Midfielder,4.9,0.0,-0.1,a,,,,,0.1,0.7,0.7,0.7,131,499,2571,7583,,,
2026-10-03T05:21:43+00:00,567,470551,Horníček,17,4,Newcastle,Goalkeeper,5.0,0.0,0.0,a,,,,,1.5,2.0,2.0,2.0,7339,5100,151989,71653,,,
2026-10-03T05:21:43+00:00,593,463726,Dedić,17,4,Newcastle,Defender,4.5,0.0,0.0,i,Unspecified injury - Unknown return date,2026-09-17T14:30:09.823731Z,0,0,1.8,0.3,0.0,0.0,267,38104,447889,308154,,,
2026-10-03T05:21:43+00:00,609,553746,Shahar,17,4,Newcastle,Defender,4.0,0.0,0.0,u,has joined Arouca on loan for the rest of the seaon.,2026-09-11T14:41:57.406766Z,0,0,0.2,0.0,0.0,0.0,0,1887,18236,15785,,,
2026-10-03T05:21:43+00:00,634,613221,Fernandez-Pardo,17,4,Newcastle,Forward,6.0,0.0,0.0,a,,,,,0.1,1.3,1.3,1.3,2096,1442,17167,6342,,,
2026-10-03T05:21:43+00:00,659,665243,Miley,17,4,Newcastle,Midfielder,4.5,0.0,0.0,a,,,,,0.0,0.0,0.0,0.0,1427,652,4865,1254,,,
2026-10-03T05:21:43+00:00,663,578512,Pivas,17,4,Newcastle,Defender,4.0,0.0,0.0,a,,,,,0.0,0.0,1.1,1.1,403,61,403,61,,,
2026-10-03T05:21:43+00:00,664,601767,Salia,17,4,Newcastle,Forward,4.5,0.0,0.0,a,,,,,0.1,0.0,1.0,1.0,9926,1630,9926,1630,,,
2026-10-03T05:21:43+00:00,665,655585,Mills,17,4,Newcastle,Midfielder,4.5,0.0,0.0,a,,,,,0.0,0.0,1.1,1.1,164,30,164,30,,,
2026-10-03T05:21:43+00:00,666,671875,Thompson,17,4,Newcastle,Midfielder,4.5,0.0,0.0,a,,,,,0.0,0.0,1.1,1.1,240,35,240,35,,,
2026-10-03T05:21:43+00:00,167,463034,Delap,18,17,Nott'm Forest,Forward,5.6,0.1,0.1,a,,,,,2.7,2.7,2.7,2.7,25254,29110,312430,82682,3,,
2026-10-03T05:21:43+00:00,201,247348,Muñoz,18,17,Nott'm Forest,Defender,5.4,0.0,-0.1,a,,,,,5.7,1.7,1.7,1.7,8007,30547,158565,484723,,,
2026-10-03T05:21:43+00:00,467,85633,Sels,18,17,Nott'm Forest,Goalkeeper,5.0,0.0,0.0,a,,,,,1.6,3.7,3.7,3.7,2050,6231,68303,62293,,,
2026-10-03T05:21:43+00:00,468,221389,John,18,17,Nott'm Forest,Goalkeeper,4.5,0.0,0.0,a,,,,,0.1,0.0,0.0,0.0,64,157,871,2017,,,
2026-10-03T05:21:43+00:00,469,215136,N.Williams,18,17,Nott'm Forest,Defender,5.0,0.0,0.0,a,,,,,8.7,3.7,3.7,3.7,11308,47666,325794,352924,,,
2026-10-03T05:21:43+00:00,470,485047,Morato,18,17,Nott'm Forest,Defender,5.0,0.0,0.0,u,Has joined West Ham on loan for the rest of the season,2026-09-02T16:19:54.503286Z,0,0,0.0,0.0,0.0,0.0,0,119,424,3699,,,
2026-10-03T05:21:43+00:00,471,227444,Milenković,18,17,Nott'm Forest,Defender,5.4,-0.1,-0.1,i,Hamstring injury - Expected back 11 Oct,2026-09-12T14:00:09.705107Z,0,0,1.0,2.3,0.0,0.0,67,12409,17999,107566,,,
2026-10-03T05:21:43+00:00,472,575476,Murillo,18,17,Nott'm Forest,Defender,5.5,0.0,0.0,a,,2026-07-23T12:01:23.801183Z,100,100,2.1,6.0,6.0,6.0,8686,8334,104183,61595,,,
2026-10-03T05:21:43+00:00,473,159506,Aina,18,17,Nott'm Forest,Defender,4.4,-0.1,-0.1,a,,,,,2.4,1.0,1.0,1.0,1091,20697,69204,170484,,,
2026-10-03T05:21:43+00:00,474,575458,Jair Cunha,18,17,Nott'm Forest,Defender,4.5,0.0,0.0,a,,2026-09-12T14:00:09.724349Z,75,100,0.2,3.0,2.2,3.0,265,650,9771,13176,,,
2026-10-03T05:21:43+00:00,475,500151,Savona,18,17,Nott'm Forest,Defender,4.5,0.0,0.0,i,Knee injury - Unknown return date,2026-07-23T12:01:23.816304Z,0,0,0.0,0.0,0.0,0.0,21,20,241,278,,,
2026-10-03T05:21:43+00:00,476,204822,O.Richards,18,17,Nott'm Forest,Defender,4.0,0.0,0.0,a,,,,,0.2,0.0,0.0,0.0,305,748,4005,8299,,,
2026-10-03T05:21:43+00:00,477,549067,Abbott,18,17,Nott'm Forest,Defender,4.0,0.0,0.0,u,Has joined Southampton on loan for the rest of the season,2026-09-02T16:19:54.536676Z,0,0,0.1,0.0,0.0,0.0,0,832,2459,13905,,,
2026-10-03T05:21:43+00:00,478,470315,Netz,18,17,Nott'm Forest,Defender,4.4,0.0,-0.1,a,,,,,0.0,0.3,0.3,0.3,57,120,687,1591,,,
2026-10-03T05:21:43+00:00,479,538638,Bindon,18,17,Nott'm Forest,Defender,4.0,0.0,0.0,u,Has joined Charlton Athletic on loan for the rest of the season,2026-09-01T13:16:05.383880Z,0,0,0.1,0.0,0.0,0.0,0,536,799,8666,,,
2026-10-03T05:21:43+00:00,480,222531,Gibbs-White,18,17,Nott'm Forest,Midfielder,8.0,0.0,0.0,a,,2026-08-24T15:30:08.350159Z,100,100,15.7,4.3,4.3,4.3,67755,84002,1211437,666696,1,,
2026-10-03T05:21:43+00:00,482,209046,Hudson-Odoi,18,17,Nott'm Forest,Midfielder,5.8,0.0,-0.2,a,,2026-07-23T12:01:23.832709Z,100,100,0.1,0.0,0.0,0.0,267,1176,5278,17576,,,
2026-10-03T05:21:43+00:00,483,456512,Ndoye,18,17,Nott'm Forest,Midfielder,5.5,0.0,0.0,a,,,,,0.7,1.0,1.0,1.0,778,8200,72374,49363,,,
2026-10-03T05:21:43+00:00,484,503301,Hutchinson,18,17,Nott'm Forest,Midfielder,5.4,0.0,-0.1,u,Has joined AC Milan on loan for the rest of the season,2026-09-01T13:23:52.340206Z,0,0,0.1,0.0,0.0,0.0,0,384,427,11012,,,
2026-10-03T05:21:43+00:00,485,476887,Bakwa,18,17,Nott'm Forest,Midfielder,5.5,0.0,0.0,u,Has joined Lille on loan for the rest of the season,2026-08-27T14:53:03.381941Z,0,0,0.0,0.0,0.0,0.0,0,35,107,1177,,,
2026-10-03T05:21:43+00:00,486,432714,McAtee,18,17,Nott'm Forest,Midfielder,5.5,0.0,0.0,a,,,,,0.1,2.3,2.3,2.3,355,922,10000,5968,,,
2026-10-03T05:21:43+00:00,487,250199,Dominguez,18,17,Nott'm Forest,Midfielder,4.9,0.0,-0.1,a,,,,,0.1,0.0,0.0,0.0,62,296,1200,4098,,,
2026-10-03T05:21:43+00:00,488,210462,I.Sangaré,18,17,Nott'm Forest,Midfielder,4.8,-0.1,-0.2,a,,2026-08-28T09:30:07.471668Z,100,100,0.4,0.7,0.7,0.7,310,3146,9209,68725,,,
2026-10-03T05:21:43+00:00,489,204968,Yates,18,17,Nott'm Forest,Midfielder,4.5,0.0,0.0,a,,2026-08-17T20:30:08.195072Z,100,100,1.2,0.0,0.0,0.0,602,7479,30248,93834,,,
2026-10-03T05:21:43+00:00,490,60689,Wood,18,17,Nott'm Forest,Forward,5.8,0.0,-0.2,a,,,,,0.9,1.0,1.0,1.0,2073,6618,24652,116465,2,,
2026-10-03T05:21:43+00:00,491,482973,Igor Jesus,18,17,Nott'm Forest,Forward,5.8,0.0,-0.2,a,,,,,2.6,3.0,3.0,3.0,7537,23519,126537,270864,4,,
2026-10-03T05:21:43+00:00,493,465680,Kalimuendo,18,17,Nott'm Forest,Forward,5.4,0.0,-0.1,a,,,,,0.1,0.0,0.0,0.0,235,429,3045,4129,,,
2026-10-03T05:21:43+00:00,558,204561,Schlager,18,17,Nott'm Forest,Midfielder,5.0,0.0,0.0,a,,,,,0.1,2.7,2.7,2.7,225,797,5905,5814,,,
2026-10-03T05:21:43+00:00,581,568420,Diomande,18,17,Nott'm Forest,Defender,5.4,0.0,-0.1,a,,,,,0.5,2.3,2.3,2.3,1565,2304,13687,41769,,,
2026-10-03T05:21:43+00:00,590,428971,Benda,18,17,Nott'm Forest,Goalkeeper,4.5,0.0,0.0,a,,,,,0.1,0.0,0.0,0.0,128,243,2668,2844,,,
2026-10-03T05:21:43+00:00,112,469142,Van Hecke,19,6,Spurs,Defender,4.9,0.0,-0.1,d,Foot injury - 75% chance of playing,2026-09-30T16:00:09.552205Z,,75,6.5,7.3,7.3,5.5,18765,31637,154934,477032,,,
2026-10-03T05:21:43+00:00,147,109646,Tosin,19,6,Spurs,Defender,4.4,0.0,-0.1,a,,,,,0.1,0.3,0.3,0.3,106,572,1998,7924,,,
2026-10-03T05:21:43+00:00,401,438234,Marmoush,19,6,Spurs,Forward,7.0,0.0,0.0,a,,,,,2.1,2.0,2.0,2.0,12093,22048,234572,163181,2,,
2026-10-03T05:21:43+00:00,403,510281,Sávio,19,6,Spurs,Midfielder,6.5,0.0,0.0,a,,2026-08-29T16:30:08.380416Z,100,100,0.7,2.7,2.7,2.7,3001,7014,99913,79777,,,
2026-10-03T05:21:43+00:00,455,432422,Tonali,19,6,Spurs,Midfielder,5.3,-0.1,-0.2,a,,2026-09-14T14:30:07.387706Z,100,100,1.8,3.3,3.3,3.3,2358,15308,47947,269915,,,
2026-10-03T05:21:43+00:00,494,184254,Vicario,19,6,Spurs,Goalkeeper,4.5,0.0,0.0,u,Has joined Juventus on loan for the rest of the season,2026-08-19T13:55:33.193962Z,0,0,0.1,0.0,0.0,0.0,0,733,0,22116,,,
2026-10-03T05:21:43+00:00,495,214572,Austin,19,6,Spurs,Goalkeeper,4.0,0.0,0.0,a,,,,,1.0,0.0,0.0,0.0,1963,2209,29614,21894,,,
2026-10-03T05:21:43+00:00,496,485055,Kinsky,19,6,Spurs,Goalkeeper,4.5,0.0,0.0,a,,,,,17.2,5.0,5.0,5.0,18579,112807,347733,795034,,,
2026-10-03T05:21:43+00:00,497,67089,Dubravka,19,6,Spurs,Goalkeeper,4.0,0.0,0.0,a,,,,,17.1,0.0,0.0,0.0,27192,49053,397831,441703,,,
2026-10-03T05:21:43+00:00,498,221466,Senesi,19,6,Spurs,Defender,5.8,0.0,-0.2,a,,,,,3.5,0.0,0.0,0.0,1233,21910,29377,458373,,,
2026-10-03T05:21:43+00:00,499,441164,Pedro Porro,19,6,Spurs,Defender,5.4,0.0,-0.1,d,Hamstring injury - 75% chance of playing,2026-09-19T12:00:08.823872Z,100,75,7.6,2.7,2.7,2.0,1722,76453,124496,994201,,,
2026-10-03T05:21:43+00:00,500,221632,Romero,19,6,Spurs,Defender,5.0,0.0,0.0,u,Has joined Atletico Madrid permanently,2026-08-17T13:49:05.465401Z,0,0,0.1,0.0,0.0,0.0,0,302,0,16816,,,
2026-10-03T05:21:43+00:00,502,122798,Robertson,19,6,Spurs,Defender,4.4,0.0,-0.1,a,,,,,2.5,4.0,4.0,4.0,5741,13065,67413,183741,,,
2026-10-03T05:21:43+00:00,503,491279,Van de Ven,19,6,Spurs,Defender,5.0,0.0,0.0,a,,2026-08-21T15:00:07.610517Z,100,100,3.8,5.3,5.3,5.3,6032,20116,94488,267357,,,
2026-10-03T05:21:43+00:00,505,232859,Spence,19,6,Spurs,Defender,4.5,0.0,0.0,u,Has joined Internazionale permanently,2026-08-18T14:13:08.454214Z,0,0,0.2,0.0,0.0,0.0,0,1226,0,69312,,,
2026-10-03T05:21:43+00:00,506,487053,Udogie,19,6,Spurs,Defender,4.4,0.0,-0.1,a,,2026-09-11T18:00:09.092110Z,100,100,0.3,1.7,1.7,1.7,348,1644,5587,22474,,,
2026-10-03T05:21:43+00:00,507,548308,Phillips,19,6,Spurs,Defender,4.5,0.0,0.0,u,Has joined Middlesbrough permanently,2026-08-18T14:13:08.474144Z,0,0,0.0,0.0,0.0,0.0,0,55,0,1270,,,
2026-10-03T05:21:43+00:00,508,115556,Davies,19,6,Spurs,Defender,3.9,-0.1,-0.1,a,,,,,0.9,0.0,0.0,0.0,7600,3989,19396,41432,,,
2026-10-03T05:21:43+00:00,509,640419,Byfield,19,6,Spurs,Defender,4.0,0.0,0.0,a,,,,,0.1,0.0,0.0,0.0,126,250,2341,2594,,,
2026-10-03T05:21:43+00:00,510,499716,Rowswell,19,6,Spurs,Defender,4.0,0.0,0.0,a,,,,,0.1,0.0,0.0,0.0,160,342,2889,3470,,,
2026-10-03T05:21:43+00:00,511,616221,Souza,19,6,Spurs,Defender,4.0,0.0,0.0,u,Has joined FC Porto on loan for the rest of the season,2026-09-01T13:24:26.858636Z,0,0,0.2,0.0,0.0,0.0,0,907,2555,16893,,,
2026-10-03T05:21:43+00:00,512,460842,Kudus,19,6,Spurs,Midfielder,6.5,0.0,0.0,a,,2026-07-23T12:01:23.848657Z,100,100,0.2,2.0,2.0,2.0,2323,1165,13117,11120,3,,
2026-10-03T05:21:43+00:00,513,493362,Xavi,19,6,Spurs,Midfielder,5.9,0.0,-0.1,i,Knee injury - Unknown return date,2026-07-23T12:01:23.864304Z,0,0,0.0,0.0,0.0,0.0,54,81,346,1122,4,,
2026-10-03T05:21:43+00:00,514,511499,Tel,19,6,Spurs,Midfielder,5.7,-0.1,-0.3,a,,,,,0.2,1.3,1.3,1.3,203,1993,9135,46810,,,
2026-10-03T05:21:43+00:00,515,172780,Maddison,19,6,Spurs,Midfielder,6.3,0.0,-0.2,a,,2026-08-25T14:30:07.623508Z,100,100,0.4,0.7,0.7,0.7,774,2003,5823,96256,,,
2026-10-03T05:21:43+00:00,516,202993,Bentancur,19,6,Spurs,Midfielder,5.5,0.0,0.0,a,,,,,0.2,4.0,4.0,4.0,400,746,5164,8403,,,
2026-10-03T05:21:43+00:00,517,550839,Odobert,19,6,Spurs,Midfielder,5.5,0.0,0.0,i,Knee injury - Unknown return date,2026-07-23T12:01:23.879434Z,0,0,0.0,0.0,0.0,0.0,27,14,129,109,,,
2026-10-03T05:21:43+00:00,518,482442,P.M.Sarr,19,6,Spurs,Midfielder,4.9,0.0,-0.1,u,Has joined Juventus on loan for the rest of the season,2026-09-02T16:02:43.386849Z,0,0,0.1,0.0,0.0,0.0,0,689,4138,23756,,,
2026-10-03T05:21:43+00:00,519,232787,Gallagher,19,6,Spurs,Midfielder,5.3,0.0,-0.2,a,,,,,0.2,3.0,3.0,3.0,824,672,4680,17060,,,
2026-10-03T05:21:43+00:00,520,570526,Bergvall,19,6,Spurs,Midfielder,5.3,-0.1,-0.2,a,,,,,0.1,0.7,0.7,0.7,108,640,1888,9573,,,
2026-10-03T05:21:43+00:00,521,445044,Kulusevski,19,6,Spurs,Midfielder,6.5,0.0,0.0,i,Knee injury - Unknown return date,2026-07-23T12:01:23.895175Z,0,0,0.0,0.0,0.0,0.0,98,75,404,740,,,
2026-10-03T05:21:43+00:00,522,547701,Gray,19,6,Spurs,Midfielder,4.9,0.0,-0.1,a,,,,,0.2,1.7,1.7,1.7,469,1238,6846,13409,,,
2026-10-03T05:21:43+00:00,523,499721,Moore,19,6,Spurs,Midfielder,5.0,0.0,0.0,u,Has joined FC Köln on loan for the rest of the season,2026-09-04T12:39:48.098158Z,0,0,0.1,0.0,0.0,0.0,0,549,3258,17034,,,
2026-10-03T05:21:43+00:00,524,499726,Olusesi,19,6,Spurs,Midfielder,4.4,0.0,-0.1,a,,,,,1.0,0.0,0.0,0.0,6133,7725,55749,49570,,,
2026-10-03T05:21:43+00:00,525,551226,Fernandes,19,6,Spurs,Midfielder,5.7,-0.1,-0.3,a,,,,,0.8,1.3,1.3,1.3,482,6787,14463,124874,,,
2026-10-03T05:21:43+00:00,526,154566,Solanke,19,6,Spurs,Forward,5.8,0.0,-0.2,a,,,,,0.8,1.7,1.7,1.7,2011,5813,29558,94864,1,,
2026-10-03T05:21:43+00:00,527,212319,Richarlison,19,6,Spurs,Forward,5.9,0.0,-0.1,u,not included in squad.,2026-09-04T12:32:39.183614Z,0,0,0.6,0.0,0.0,0.0,0,5892,21439,268375,,,
2026-10-03T05:21:43+00:00,528,490145,Scarlett,19,6,Spurs,Forward,4.5,0.0,0.0,u,Has joined Leyton Orient permanently,2026-09-02T16:02:43.413625Z,0,0,1.1,0.0,0.0,0.0,0,8189,42525,109756,,,
2026-10-03T05:21:43+00:00,578,465920,Mudryk,19,6,Spurs,Midfielder,5.3,-0.1,-0.2,i,Ankle injury - Unknown return date,2026-09-11T18:00:09.154412Z,0,0,0.0,0.3,0.0,0.0,20,571,5440,7619,,,
2026-10-03T05:21:43+00:00,601,611917,Williams-Barnett,19,6,Spurs,Midfielder,4.5,0.0,0.0,a,,,,,0.1,0.0,0.0,0.0,170,770,10252,7053,,,
2026-10-03T05:21:43+00:00,501,135720,Danso,20,56,Sunderland,Defender,5.0,0.0,0.0,a,,,,,0.2,1.0,1.0,1.0,1181,855,6606,9892,,,
2026-10-03T05:21:43+00:00,529,498016,Roefs,20,56,Sunderland,Goalkeeper,4.9,0.0,-0.1,a,,,,,2.4,1.3,1.3,1.3,2090,11861,21939,177986,,,
2026-10-03T05:21:43+00:00,530,232571,Patterson,20,56,Sunderland,Goalkeeper,4.0,0.0,0.0,u,Has joined Wrexham permanently,2026-08-12T14:08:03.064533Z,0,0,0.1,0.0,0.0,0.0,0,362,0,6014,,,
2026-10-03T05:21:43+00:00,531,515046,Ellborg,20,56,Sunderland,Goalkeeper,4.4,-0.1,-0.1,a,,,,,0.1,0.0,0.0,0.0,140,260,1179,3341,,,
2026-10-03T05:21:43+00:00,532,223827,Ballard,20,56,Sunderland,Defender,4.9,0.0,-0.1,d,Hamstring injury - 75% chance of playing,2026-09-25T21:30:10.370384Z,,75,2.5,2.0,2.0,1.5,3612,17737,45511,318305,,,
2026-10-03T05:21:43+00:00,533,200834,Mukiele,20,56,Sunderland,Defender,5.4,0.0,-0.1,a,,2026-08-09T08:30:05.954750Z,100,100,1.9,1.3,1.3,1.3,5250,8998,44581,130103,,,
2026-10-03T05:21:43+00:00,534,487676,Hume,20,56,Sunderland,Defender,4.3,-0.1,-0.2,a,,,,,2.8,0.7,0.7,0.7,1245,30174,37871,397849,,,
2026-10-03T05:21:43+00:00,535,201895,Alderete,20,56,Sunderland,Defender,4.8,-0.1,-0.2,a,,2026-08-09T08:30:05.962393Z,100,100,0.2,0.0,0.0,0.0,225,1084,4979,27360,,,
2026-10-03T05:21:43+00:00,536,434399,Reinildo,20,56,Sunderland,Defender,4.4,-0.1,-0.1,a,,2026-09-12T21:30:09.421687Z,0,100,0.3,0.0,0.0,0.0,212,1585,4075,24385,,,
2026-10-03T05:21:43+00:00,537,519634,Seelt,20,56,Sunderland,Defender,4.5,0.0,0.0,u,Has joined Swansea City on loan for the rest of the season,2026-08-29T00:34:52.425076Z,0,0,0.0,0.0,0.0,0.0,0,23,61,665,,,
2026-10-03T05:21:43+00:00,538,477547,Hjelde,20,56,Sunderland,Defender,4.0,0.0,0.0,u,Has joined KV Mechelen on loan for the rest of the season,2026-08-12T14:08:03.081789Z,0,0,0.0,0.0,0.0,0.0,0,159,0,2530,,,
2026-10-03T05:21:43+00:00,539,167512,O'Nien,20,56,Sunderland,Defender,3.9,-0.1,-0.1,a,,,,,2.5,0.0,0.0,0.0,18055,11903,32798,121803,,,
2026-10-03T05:21:43+00:00,540,105717,Masuaku,20,56,Sunderland,Defender,4.0,0.0,0.0,u,Has joined Konyaspor permanently,2026-08-12T14:08:03.097784Z,0,0,0.1,0.0,0.0,0.0,0,643,0,11576,,,
2026-10-03T05:21:43+00:00,541,93605,Meunier,20,56,Sunderland,Defender,4.5,0.0,0.0,a,,2026-08-16T08:30:07.830062Z,100,100,0.3,2.3,2.3,2.3,1677,907,7078,9659,,,
2026-10-03T05:21:43+00:00,542,484420,E.Le Fée,20,56,Sunderland,Midfielder,5.7,-0.1,-0.3,a,,,,,3.4,4.3,4.3,4.3,11717,24501,45289,651076,2,,
2026-10-03T05:21:43+00:00,543,547027,Diarra,20,56,Sunderland,Midfielder,5.3,-0.1,-0.2,i,Hamstring injury - Unknown return date,2026-08-30T16:30:08.428960Z,0,0,0.0,0.0,0.0,0.0,20,240,558,5923,1,,
2026-10-03T05:21:43+00:00,544,84450,Xhaka,20,56,Sunderland,Midfielder,5.5,0.0,0.0,a,,,,,3.6,2.0,2.0,2.0,6388,23662,130920,208751,,,
2026-10-03T05:21:43+00:00,545,577669,Sadiki,20,56,Sunderland,Midfielder,4.9,0.0,-0.1,a,,,,,0.2,1.7,1.7,1.7,415,1378,5728,18403,,,
2026-10-03T05:21:43+00:00,546,535818,Adingra,20,56,Sunderland,Midfielder,4.9,0.0,-0.1,u,Has joined Ajax on loan for the rest of the season,2026-08-20T14:00:08.416985Z,0,0,0.0,0.0,0.0,0.0,0,191,240,7419,,,
2026-10-03T05:21:43+00:00,547,461199,Mundle,20,56,Sunderland,Midfielder,4.9,0.0,-0.1,i,Knee injury - Unknown return date,2026-09-09T14:00:08.462705Z,0,0,0.0,0.0,0.0,0.0,10,55,201,673,,,
2026-10-03T05:21:43+00:00,548,554197,Rigg,20,56,Sunderland,Midfielder,4.9,0.0,-0.1,a,,,,,0.0,0.0,0.0,0.0,32,236,469,2856,,,
2026-10-03T05:21:43+00:00,549,549912,Talbi,20,56,Sunderland,Midfielder,5.3,0.0,-0.2,a,,,,,0.1,0.0,0.0,0.0,112,580,1345,11800,,,
2026-10-03T05:21:43+00:00,550,699989,Jocelin.T,20,56,Sunderland,Midfielder,5.0,0.0,0.0,a,,,,,0.0,0.0,0.0,0.0,33,44,307,425,,,
2026-10-03T05:21:43+00:00,551,536661,N.Angulo,20,56,Sunderland,Midfielder,5.0,0.0,0.0,a,,,,,0.1,2.7,2.7,2.7,523,797,12802,10585,,,
2026-10-03T05:21:43+00:00,552,441264,Brobbey,20,56,Sunderland,Forward,5.7,-0.1,-0.3,d,Hamstring injury - 75% chance of playing,2026-09-24T21:30:10.382142Z,,75,6.9,6.7,6.7,5.0,195819,47774,287277,933946,,,
2026-10-03T05:21:43+00:00,553,437505,Isidor,20,56,Sunderland,Forward,5.5,0.0,0.0,a,,,,,1.3,2.0,2.0,2.0,3410,11762,95712,86916,,,
2026-10-03T05:21:43+00:00,612,638411,Methalie,20,56,Sunderland,Defender,4.5,0.0,0.0,a,,2026-08-28T13:00:08.950445Z,100,100,0.0,-0.3,-0.3,-0.3,118,70,907,496,,,
2026-10-03T05:21:43+00:00,613,696104,Ahoka,20,56,Sunderland,Midfielder,4.5,0.0,0.0,a,,,,,0.2,0.0,0.0,0.0,602,1627,25397,14325,,,
2026-10-03T05:21:43+00:00,646,549940,Fofana,20,56,Sunderland,Midfielder,5.5,0.0,0.0,a,,,,,0.0,1.0,1.0,1.0,338,309,4074,1737,,,
2026-10-03T05:21:43+00:00,651,661313,J.Angulo,20,56,Sunderland,Forward,4.5,0.0,0.0,a,,,,,0.7,0.0,0.0,0.0,8997,7391,90865,30406,,,
