observed_at,player_id,player_code,web_name,team_id,team_code,team_name,position,price,price_change_gameweek,price_change_season,status,news,news_added,chance_of_playing_this_round,chance_of_playing_next_round,selected_by_percent,form,expected_points_this_gameweek,expected_points_next_gameweek,transfers_in_event,transfers_out_event,transfers_in_season,transfers_out_season,penalties_order,direct_free_kicks_order,corners_and_indirect_free_kicks_order
2026-09-16T04:52:22+00:00,1,154561,Raya,1,3,Arsenal,Goalkeeper,6.0,0.0,0.0,a,,,,,40.6,7.2,7.2,7.2,168043,30589,728844,555965,,,
2026-09-16T04:52:22+00:00,2,109745,Arrizabalaga,1,3,Arsenal,Goalkeeper,4.9,0.0,-0.1,a,,,,,0.1,0.0,0.0,0.0,111,362,1307,3816,,,
2026-09-16T04:52:22+00:00,3,437495,Meslier,1,3,Arsenal,Goalkeeper,4.9,0.0,-0.1,a,,,,,0.0,0.0,0.0,0.0,47,133,428,1392,,,
2026-09-16T04:52:22+00:00,4,226597,Gabriel,1,3,Arsenal,Defender,8.0,0.0,0.0,a,,,,,23.4,6.0,6.0,6.0,27210,62969,189420,787048,,,
2026-09-16T04:52:22+00:00,5,445122,J.Timber,1,3,Arsenal,Defender,6.5,0.0,0.0,a,,2026-07-23T12:01:23.272929Z,25,100,0.2,0.2,0.1,0.2,11046,1812,12614,8747,,,
2026-09-16T04:52:22+00:00,6,462424,Saliba,1,3,Arsenal,Defender,5.9,0.0,-0.1,i,Back injury - Unknown return date,2026-07-23T12:01:23.289376Z,0,0,0.2,0.0,0.0,0.0,284,1438,2967,16987,,,
2026-09-16T04:52:22+00:00,7,499169,Lewis-Skelly,1,3,Arsenal,Midfielder,5.5,0.0,0.0,a,,,,,0.6,2.2,2.2,2.2,2050,6760,27500,40421,,,
2026-09-16T04:52:22+00:00,8,466075,Calafiori,1,3,Arsenal,Defender,5.8,0.0,0.3,a,,,,,50.2,7.0,7.0,7.0,160388,38946,1473496,293850,,,
2026-09-16T04:52:22+00:00,9,448104,Hincapie,1,3,Arsenal,Defender,5.3,0.0,-0.2,a,,,,,0.9,0.5,0.5,0.5,1643,10814,13903,106877,,,
2026-09-16T04:52:22+00:00,10,198869,White,1,3,Arsenal,Defender,5.5,0.0,0.0,d,Muscular injury - 75% chance of playing,2026-09-15T19:30:09.494382Z,100,75,6.6,5.2,5.2,3.9,17386,118024,448977,377411,,,
2026-09-16T04:52:22+00:00,11,500040,Mosquera,1,3,Arsenal,Defender,5.3,-0.1,-0.2,d,Muscular injury - 50% chance of playing,2026-09-04T14:00:08.080310Z,50,50,2.0,3.0,1.5,1.5,123,52804,29812,429656,,,
2026-09-16T04:52:22+00:00,12,223340,Saka,1,3,Arsenal,Midfielder,9.5,0.0,0.0,a,,,,,12.2,7.5,7.5,7.5,103848,32493,562224,317415,1,,
2026-09-16T04:52:22+00:00,13,204480,Rice,1,3,Arsenal,Midfielder,7.4,0.0,-0.1,a,,,,,12.6,4.8,4.8,4.8,16918,47764,100079,606933,,,
2026-09-16T04:52:22+00:00,14,232413,Eze,1,3,Arsenal,Midfielder,6.3,0.0,-0.2,a,,,,,1.1,0.8,0.8,0.8,1857,11604,19750,126407,,,
2026-09-16T04:52:22+00:00,15,184029,Ødegaard,1,3,Arsenal,Midfielder,6.7,0.0,0.2,a,,,,,19.4,6.8,6.8,6.8,188650,67174,1418094,394595,3,,
2026-09-16T04:52:22+00:00,16,248857,Madueke,1,3,Arsenal,Midfielder,6.2,-0.1,-0.3,a,,,,,0.2,0.5,0.5,0.5,582,2445,4669,23229,,,
2026-09-16T04:52:22+00:00,17,195384,Merino,1,3,Arsenal,Midfielder,5.8,0.0,-0.2,a,,,,,0.4,0.8,0.8,0.8,851,4381,8243,43357,,,
2026-09-16T04:52:22+00:00,18,444145,Martinelli,1,3,Arsenal,Midfielder,6.3,0.0,-0.2,u,Has joined Al Hilal permanently,2026-09-04T12:34:46.738449Z,0,0,0.1,0.0,0.0,0.0,0,1037,2483,20839,,,
2026-09-16T04:52:22+00:00,19,481655,Zubimendi,1,3,Arsenal,Midfielder,5.3,-0.1,-0.2,a,,,,,0.6,1.0,1.0,1.0,982,5843,7553,59424,,,
2026-09-16T04:52:22+00:00,20,616077,Dowman,1,3,Arsenal,Midfielder,5.3,0.0,-0.2,a,,,,,0.1,0.0,0.0,0.0,379,715,2089,6384,,,
2026-09-16T04:52:22+00:00,22,499175,Nwaneri,1,3,Arsenal,Midfielder,5.4,0.0,-0.1,u,Has joined Borussia Dortmund on loan for the rest of the season,2026-09-02T16:01:07.058827Z,0,0,0.0,0.0,0.0,0.0,0,79,233,1163,,,
2026-09-16T04:52:22+00:00,23,438098,Fábio Vieira,1,3,Arsenal,Midfielder,5.5,0.0,0.0,u,Has joined Hamburger SV permanently,2026-09-02T16:00:28.446370Z,0,0,0.0,0.0,0.0,0.0,0,60,255,851,,,
2026-09-16T04:52:22+00:00,24,200641,Nelson,1,3,Arsenal,Midfielder,5.5,0.0,0.0,u,has departed the club as a free agent.,2026-08-29T00:33:08.556767Z,0,0,0.0,0.0,0.0,0.0,0,36,68,624,,,
2026-09-16T04:52:22+00:00,25,224117,Gyökeres,1,3,Arsenal,Forward,7.2,0.0,-0.3,a,,,,,3.3,0.2,0.2,0.2,2166,35001,25233,572299,2,,
2026-09-16T04:52:22+00:00,26,219847,Havertz,1,3,Arsenal,Forward,7.6,0.1,0.1,a,,,,,7.9,4.2,4.2,4.2,47432,58373,503323,315874,,,
2026-09-16T04:52:22+00:00,27,205651,G.Jesus,1,3,Arsenal,Forward,5.9,0.0,-0.1,u,Has joined FC Barcelona permanently,2026-09-02T16:00:28.475184Z,0,0,0.2,0.0,0.0,0.0,0,1602,4164,27585,,,
2026-09-16T04:52:22+00:00,31,199798,Konsa,1,3,Arsenal,Defender,4.5,0.0,0.0,a,,,,,18.1,2.8,2.8,2.8,190709,31014,1220922,556592,,,
2026-09-16T04:52:22+00:00,452,208706,Bruno G.,1,3,Arsenal,Midfielder,6.7,-0.1,-0.3,a,,2026-09-04T14:00:08.328779Z,100,100,1.8,2.0,2.0,2.0,10650,5708,19397,232898,4,,
2026-09-16T04:52:22+00:00,557,439509,Tzolis,1,3,Arsenal,Midfielder,6.4,0.0,-0.1,a,,,,,14.6,3.5,3.5,3.5,21536,155994,432298,1316264,,,
2026-09-16T04:52:22+00:00,29,72147,M.Bizot,2,7,Aston Villa,Goalkeeper,4.5,0.0,0.0,a,,,,,0.1,0.2,0.2,0.2,299,747,4477,5631,,,
2026-09-16T04:52:22+00:00,30,101188,Digne,2,7,Aston Villa,Defender,4.5,0.0,0.0,u,Has joined Paris Saint-Germain permanently,2026-08-10T14:03:30.089007Z,0,0,0.1,0.0,0.0,0.0,0,290,0,8270,,,
2026-09-16T04:52:22+00:00,32,199796,Cash,2,7,Aston Villa,Defender,4.4,-0.1,-0.1,d,Muscular injury - 75% chance of playing,2026-09-09T14:30:08.192142Z,75,75,5.3,1.8,1.4,1.4,589,81411,87976,364708,,,
2026-09-16T04:52:22+00:00,33,149484,Mings,2,7,Aston Villa,Defender,4.5,0.0,0.0,a,,,,,0.4,1.8,1.8,1.8,1669,2886,12856,13753,,,
2026-09-16T04:52:22+00:00,34,244954,Pau,2,7,Aston Villa,Defender,4.5,0.0,0.0,d,Hamstring injury - 75% chance of playing,2026-09-12T18:00:08.712707Z,,75,0.4,0.8,0.8,0.6,202,4895,11158,19878,,,
2026-09-16T04:52:22+00:00,35,515597,Bogarde,2,7,Aston Villa,Midfielder,5.0,0.0,0.0,a,,,,,0.1,0.2,0.2,0.2,345,620,2612,3987,,,
2026-09-16T04:52:22+00:00,36,441302,Maatsen,2,7,Aston Villa,Defender,4.5,0.0,0.0,d,Ankle injury - 25% chance of playing,2026-09-12T18:00:08.729468Z,,25,0.7,2.2,2.2,0.6,505,15668,31799,40163,,,
2026-09-16T04:52:22+00:00,37,184667,Lindelöf,2,7,Aston Villa,Defender,4.5,0.0,0.0,a,,,,,0.3,1.8,1.8,1.8,1676,1824,11774,10930,,,
2026-09-16T04:52:22+00:00,38,606798,A.García,2,7,Aston Villa,Defender,4.0,0.0,0.0,a,,,,,1.6,0.0,0.0,0.0,4784,8483,41078,56210,,,
2026-09-16T04:52:22+00:00,39,578545,Nedeljkovic,2,7,Aston Villa,Defender,4.0,0.0,0.0,u,Has joined Rangers on loan for the rest of the season,2026-08-19T13:56:46.385411Z,0,0,0.1,0.0,0.0,0.0,0,743,0,14155,,,
2026-09-16T04:52:22+00:00,41,195546,Buendía,2,7,Aston Villa,Midfielder,5.9,0.0,-0.1,a,,,,,1.0,2.2,2.2,2.2,2716,11920,44295,79784,1,,
2026-09-16T04:52:22+00:00,44,215711,Bailey,2,7,Aston Villa,Midfielder,5.4,0.0,-0.1,u,Has joined Olympiakos permanently,2026-09-04T12:35:14.472260Z,0,0,0.1,0.0,0.0,0.0,0,1088,2096,12171,,,
2026-09-16T04:52:22+00:00,45,122806,McGinn,2,7,Aston Villa,Midfielder,5.4,0.0,-0.1,a,,,,,2.3,2.8,2.8,2.8,9640,12198,54657,134574,,,
2026-09-16T04:52:22+00:00,46,88894,Barkley,2,7,Aston Villa,Midfielder,5.0,0.0,0.0,a,,,,,0.3,2.2,2.2,2.2,1316,2176,14179,12649,,,
2026-09-16T04:52:22+00:00,47,226944,Kamara,2,7,Aston Villa,Midfielder,5.0,0.0,0.0,a,,2026-07-23T12:01:23.337269Z,100,100,0.3,2.2,2.2,2.2,1251,2805,12472,18019,,,
2026-09-16T04:52:22+00:00,48,449871,Onana,2,7,Aston Villa,Midfielder,4.9,-0.1,-0.1,i,Knee injury - Unknown return date,2026-07-23T12:01:23.352497Z,0,0,0.0,0.0,0.0,0.0,38,134,443,1501,,,
2026-09-16T04:52:22+00:00,49,469247,Iling Jr,2,7,Aston Villa,Midfielder,5.0,0.0,0.0,u,Has joined Bolton Wanderers on loan for the rest of the season,2026-08-17T13:52:28.532616Z,0,0,0.0,0.0,0.0,0.0,0,16,0,221,,,
2026-09-16T04:52:22+00:00,50,645618,Burrowes,2,7,Aston Villa,Midfielder,4.5,0.0,0.0,a,,,,,0.6,0.0,0.0,0.0,1350,4380,20214,28874,,,
2026-09-16T04:52:22+00:00,51,577285,George Hemmings,2,7,Aston Villa,Midfielder,4.5,0.0,0.0,a,,,,,1.3,2.0,2.0,2.0,8700,9186,107307,51845,,,
2026-09-16T04:52:22+00:00,52,653481,Alysson,2,7,Aston Villa,Midfielder,5.0,0.0,0.0,a,,,,,0.1,2.0,2.0,2.0,980,307,2658,2545,,,
2026-09-16T04:52:22+00:00,53,614071,Manzambi,2,7,Aston Villa,Midfielder,5.9,0.0,-0.1,a,,2026-08-15T15:30:06.388335Z,50,100,0.1,0.2,0.1,0.2,1089,620,2232,16249,,,
2026-09-16T04:52:22+00:00,54,448089,Gomes,2,7,Aston Villa,Midfielder,5.5,0.0,0.0,a,,2026-08-23T17:30:08.367415Z,0,100,0.0,-0.5,0.0,-0.5,324,158,699,3740,,,
2026-09-16T04:52:22+00:00,55,178301,Watkins,2,7,Aston Villa,Forward,7.8,0.0,-0.2,u,Has joined Al Hilal permanently,2026-09-01T13:15:16.698799Z,0,0,2.8,0.0,0.0,0.0,0,22448,14882,734579,,,
2026-09-16T04:52:22+00:00,56,173879,Abraham,2,7,Aston Villa,Forward,5.5,0.0,0.0,a,,2026-08-15T16:00:07.558543Z,100,100,0.2,0.8,0.8,0.8,1320,1579,11028,9830,,,
2026-09-16T04:52:22+00:00,160,493105,Garnacho,2,7,Aston Villa,Midfielder,5.8,-0.1,-0.2,a,,,,,0.3,0.8,0.8,0.8,523,4671,6632,36083,,,
2026-09-16T04:52:22+00:00,166,517052,N.Jackson,2,7,Aston Villa,Forward,6.5,0.0,0.0,a,,,,,1.2,1.0,1.0,1.0,7610,19202,134038,60003,2,,
2026-09-16T04:52:22+00:00,582,690838,Madjo,2,7,Aston Villa,Forward,5.4,-0.1,-0.1,i,Unspecified injury - Unknown return date,2026-08-15T16:00:07.974271Z,0,0,0.2,0.0,0.0,0.0,177,2534,2594,26660,,,
2026-09-16T04:52:22+00:00,596,487992,Ruggeri,2,7,Aston Villa,Defender,4.5,0.0,0.0,a,,,,,0.1,0.5,0.5,0.5,317,728,2181,4818,,,
2026-09-16T04:52:22+00:00,597,433969,Suzuki,2,7,Aston Villa,Goalkeeper,5.0,0.0,0.0,a,,,,,1.8,3.5,3.5,3.5,9076,10084,130054,47133,,,
2026-09-16T04:52:22+00:00,606,569577,Rowe,2,7,Aston Villa,Defender,4.0,0.0,0.0,a,,,,,0.2,0.0,0.0,0.0,1176,1043,12050,4699,,,
2026-09-16T04:52:22+00:00,607,571380,Lynch,2,7,Aston Villa,Midfielder,4.5,0.0,0.0,u,Has joined Oxford United on loan until January,2026-09-04T12:35:39.820426Z,0,0,0.1,0.0,0.0,0.0,0,947,7103,7024,,,
2026-09-16T04:52:22+00:00,611,214590,Wan-Bissaka,2,7,Aston Villa,Defender,4.5,0.0,0.0,a,,,,,0.2,1.7,1.7,1.7,2725,1196,14983,5217,,,
2026-09-16T04:52:22+00:00,618,119090,Goretzka,2,7,Aston Villa,Midfielder,5.9,-0.1,-0.1,i,Knee injury - Expected back 10 Oct,2026-09-09T09:30:08.229436Z,0,0,0.0,0.0,0.0,0.0,31,1027,4593,3977,,,
2026-09-16T04:52:22+00:00,630,245719,Harwood-Bellis,2,7,Aston Villa,Defender,4.5,0.0,0.0,a,,,,,0.0,0.0,0.0,0.0,187,232,1785,687,,,
2026-09-16T04:52:22+00:00,631,638987,Mbaye,2,7,Aston Villa,Midfielder,6.0,0.0,0.0,a,,,,,0.1,0.5,0.5,0.5,1250,830,8093,3040,,,
2026-09-16T04:52:22+00:00,57,457569,Petrović,3,91,Bournemouth,Goalkeeper,4.5,0.0,0.0,a,,,,,3.1,1.8,1.8,1.8,3827,14341,102691,100472,,,
2026-09-16T04:52:22+00:00,58,40383,Forster,3,91,Bournemouth,Goalkeeper,4.0,0.0,0.0,a,,,,,3.5,0.0,0.0,0.0,12570,8265,99259,64467,,,
2026-09-16T04:52:22+00:00,59,444172,Dennis,3,91,Bournemouth,Goalkeeper,4.0,0.0,0.0,u,Has joined MK Dons permanently,2026-08-27T14:53:48.692835Z,0,0,0.1,0.0,0.0,0.0,0,633,1133,6542,,,
2026-09-16T04:52:22+00:00,60,463981,Hill,3,91,Bournemouth,Defender,5.5,0.0,0.0,a,,,,,0.8,2.0,2.0,2.0,1910,5867,26330,34831,,,
2026-09-16T04:52:22+00:00,61,494521,Truffert,3,91,Bournemouth,Defender,5.5,0.0,0.0,a,,,,,3.2,2.0,2.0,2.0,3545,17949,48894,131734,,,
2026-09-16T04:52:22+00:00,62,242882,Diakité,3,91,Bournemouth,Defender,5.0,0.0,0.0,a,,,,,0.2,0.0,0.0,0.0,583,1478,6325,10315,,,
2026-09-16T04:52:22+00:00,63,620487,Milosavljević,3,91,Bournemouth,Defender,4.9,-0.1,-0.1,i,Thigh injury - Unknown return date,2026-08-06T10:00:10.456051Z,0,0,0.0,0.0,0.0,0.0,35,56,267,758,,,
2026-09-16T04:52:22+00:00,64,54469,Smith,3,91,Bournemouth,Defender,4.5,0.0,0.0,a,,,,,0.1,0.5,0.5,0.5,506,1087,6486,5934,,,
2026-09-16T04:52:22+00:00,65,436893,J.Araujo,3,91,Bournemouth,Defender,4.4,0.0,-0.1,i,Thigh injury - Unknown return date,2026-08-09T08:00:05.645826Z,0,0,0.0,0.0,0.0,0.0,46,102,329,1190,,,
2026-09-16T04:52:22+00:00,66,575901,Soler,3,91,Bournemouth,Defender,4.0,0.0,0.0,a,,2026-08-15T16:30:07.021055Z,100,100,0.3,0.0,0.0,0.0,1472,1453,12216,8934,,,
2026-09-16T04:52:22+00:00,67,499604,Rayan,3,91,Bournemouth,Midfielder,6.4,0.0,-0.1,a,,,,,1.7,2.0,2.0,2.0,2217,21189,46154,145325,,,
2026-09-16T04:52:22+00:00,68,201658,Tavernier,3,91,Bournemouth,Midfielder,6.1,0.1,0.1,a,,,,,5.5,7.2,7.2,7.2,188512,25343,481402,139082,3,,
2026-09-16T04:52:22+00:00,69,503139,Scott,3,91,Bournemouth,Midfielder,6.1,0.0,0.1,a,,,,,5.9,7.0,7.0,7.0,47352,42648,499192,135704,,,
2026-09-16T04:52:22+00:00,70,222683,Kluivert,3,91,Bournemouth,Midfielder,6.0,0.0,0.0,a,,,,,1.0,3.8,3.8,3.8,7789,5274,43605,59077,2,,
2026-09-16T04:52:22+00:00,71,155408,Cook,3,91,Bournemouth,Midfielder,5.0,0.0,0.0,a,,,,,0.2,1.8,1.8,1.8,504,2280,12497,11322,,,
2026-09-16T04:52:22+00:00,72,496208,Gannon-Doak,3,91,Bournemouth,Midfielder,4.9,0.0,-0.1,a,,,,,0.1,0.8,0.8,0.8,194,482,1356,3889,,,
2026-09-16T04:52:22+00:00,73,200785,Adams,3,91,Bournemouth,Midfielder,5.0,0.0,0.0,a,,2026-08-15T16:30:07.029928Z,100,100,0.3,2.0,2.0,2.0,1945,2424,16159,13549,,,
2026-09-16T04:52:22+00:00,74,111317,Brooks,3,91,Bournemouth,Midfielder,5.0,0.0,0.0,a,,2026-08-15T16:30:07.037929Z,100,100,0.1,0.5,0.5,0.5,288,545,2967,3106,,,
2026-09-16T04:52:22+00:00,75,158499,Christie,3,91,Bournemouth,Midfielder,5.0,0.0,0.0,a,,2026-07-24T17:30:10.035483Z,100,100,0.0,0.8,0.8,0.8,340,377,3054,1663,,,
2026-09-16T04:52:22+00:00,76,614574,Tóth.A,3,91,Bournemouth,Midfielder,5.0,0.0,0.0,a,,,,,0.0,0.2,0.2,0.2,31,79,326,666,,,
2026-09-16T04:52:22+00:00,77,489888,Adli,3,91,Bournemouth,Midfielder,4.9,0.0,-0.1,i,Calf injury - Unknown return date,2026-08-15T16:00:07.590566Z,0,0,0.0,0.0,0.0,0.0,16,150,260,2082,,,
2026-09-16T04:52:22+00:00,78,560262,Kroupi.Jr,3,91,Bournemouth,Midfielder,7.4,0.0,-0.1,i,Foot injury - Expected back 7 Nov,2026-07-29T17:30:09.796802Z,0,0,0.2,0.0,0.0,0.0,92,1123,997,25812,1,,
2026-09-16T04:52:22+00:00,79,444102,Evanilson,3,91,Bournemouth,Forward,6.0,0.0,0.0,a,,,,,3.3,4.0,4.0,4.0,25490,23153,216547,130998,,,
2026-09-16T04:52:22+00:00,80,168636,Enes Ünal,3,91,Bournemouth,Forward,5.5,0.0,0.0,u,Has joined Getafe permanently,2026-08-14T14:14:21.881112Z,0,0,0.0,0.0,0.0,0.0,0,68,0,1879,,,
2026-09-16T04:52:22+00:00,81,561245,Rodríguez,3,91,Bournemouth,Forward,6.0,0.0,0.0,a,,2026-08-15T16:30:07.054142Z,100,100,0.1,0.5,0.5,0.5,468,816,4236,5573,,,
2026-09-16T04:52:22+00:00,566,483067,Silva,3,91,Bournemouth,Defender,5.0,0.0,0.0,a,,,,,0.4,2.5,2.5,2.5,1096,2795,23886,17661,,,
2026-09-16T04:52:22+00:00,573,494928,Sanchez,3,91,Bournemouth,Defender,4.4,-0.1,-0.1,a,,,,,0.2,0.0,0.0,0.0,189,763,1295,6124,,,
2026-09-16T04:52:22+00:00,608,523700,Jebbison,3,91,Bournemouth,Forward,5.0,0.0,0.0,a,,,,,0.1,0.5,0.5,0.5,1204,1193,11581,5500,,,
2026-09-16T04:52:22+00:00,615,230650,Di Gregorio,3,91,Bournemouth,Goalkeeper,4.5,0.0,0.0,a,,,,,0.0,0.0,0.0,0.0,217,350,2617,1358,,,
2026-09-16T04:52:22+00:00,82,200720,Kelleher,4,94,Brentford,Goalkeeper,5.0,0.0,0.0,a,,,,,6.3,3.5,3.5,3.5,5682,36067,228193,173283,,,
2026-09-16T04:52:22+00:00,83,507433,Valdimarsson,4,94,Brentford,Goalkeeper,4.5,0.0,0.0,a,,,,,0.1,0.0,0.0,0.0,181,488,2429,3854,,,
2026-09-16T04:52:22+00:00,84,432830,Collins,4,94,Brentford,Defender,5.4,-0.1,-0.1,i,Calf injury - Unknown return date,2026-09-05T18:00:06.182495Z,0,0,1.2,2.5,0.0,0.0,73,23853,58588,131817,,,
2026-09-16T04:52:22+00:00,85,444765,Van den Berg,4,94,Brentford,Defender,4.9,0.0,-0.1,i,Groin injury - Unknown return date,2026-08-15T15:30:06.416627Z,0,0,0.1,0.0,0.0,0.0,19,460,355,8300,,,
2026-09-16T04:52:22+00:00,86,249231,Lewis-Potter,4,94,Brentford,Midfielder,5.5,0.0,0.0,a,,,,,1.9,4.8,4.8,4.8,3597,24715,183991,90594,,,
2026-09-16T04:52:22+00:00,87,191866,Ajer,4,94,Brentford,Defender,4.5,0.0,0.0,a,,,,,4.3,3.5,3.5,3.5,5706,33907,302246,213629,,,
2026-09-16T04:52:22+00:00,88,607464,Kayode,4,94,Brentford,Defender,4.6,0.0,0.1,a,,,,,8.1,4.2,4.2,4.2,11899,82373,576361,293996,,,
2026-09-16T04:52:22+00:00,89,194010,Henry,4,94,Brentford,Defender,4.4,-0.1,-0.1,a,,,,,0.2,0.2,0.2,0.2,244,979,1658,7329,,,
2026-09-16T04:52:22+00:00,90,472713,Hickey,4,94,Brentford,Defender,4.5,0.0,0.0,a,,,,,0.1,1.0,1.0,1.0,192,357,1777,2500,,,
2026-09-16T04:52:22+00:00,92,570241,Ji-soo,4,94,Brentford,Defender,4.5,0.0,0.0,a,,,,,0.0,0.0,0.0,0.0,45,101,410,810,,,
2026-09-16T04:52:22+00:00,93,513086,Schuster,4,94,Brentford,Defender,4.5,0.0,0.0,a,,,,,0.1,1.8,1.8,1.8,194,398,1407,3811,,,
2026-09-16T04:52:22+00:00,94,513418,Schade,4,94,Brentford,Midfielder,6.1,0.1,0.1,a,,,,,6.2,7.5,7.5,7.5,248709,25165,442985,186611,2,,
2026-09-16T04:52:22+00:00,95,533463,O.Dango,4,94,Brentford,Midfielder,6.3,-0.1,-0.2,a,,,,,0.5,1.5,1.5,1.5,434,7928,13766,71859,,,
2026-09-16T04:52:22+00:00,96,440089,Damsgaard,4,94,Brentford,Midfielder,5.5,0.0,0.0,a,,,,,0.4,3.2,3.2,3.2,773,4319,12758,24457,,,
2026-09-16T04:52:22+00:00,97,207283,Jensen,4,94,Brentford,Midfielder,5.4,0.0,-0.1,i,Unspecified injury - Expected back 18 Sep,2026-08-30T12:30:08.176795Z,0,0,0.1,1.5,0.0,0.0,10,1040,4479,13577,3,,
2026-09-16T04:52:22+00:00,98,204580,Janelt,4,94,Brentford,Midfielder,5.0,0.0,0.0,a,,,,,2.4,6.2,6.2,6.2,24585,17732,264410,73061,,,
2026-09-16T04:52:22+00:00,99,543295,Milambo,4,94,Brentford,Midfielder,5.0,0.0,0.0,i,Knee injury - Unknown return date,2026-07-23T12:01:23.384798Z,0,0,0.0,0.0,0.0,0.0,10,17,99,136,,,
2026-09-16T04:52:22+00:00,100,244858,Carvalho,4,94,Brentford,Midfielder,5.0,0.0,0.0,a,,2026-08-18T13:58:17.442072Z,100,100,0.0,0.0,0.0,0.0,137,210,1170,1146,,,
2026-09-16T04:52:22+00:00,102,508395,Yarmoliuk,4,94,Brentford,Midfielder,4.8,-0.1,-0.2,a,,,,,0.7,1.5,1.5,1.5,808,4843,3335,53743,,,
2026-09-16T04:52:22+00:00,103,183656,Dasilva,4,94,Brentford,Midfielder,4.9,0.0,-0.1,i,Hamstring injury - Expected back 10 Oct,2026-09-04T13:30:08.371955Z,0,0,0.0,0.0,0.0,0.0,3,169,383,1721,,,
2026-09-16T04:52:22+00:00,105,444180,Anthony,4,94,Brentford,Midfielder,5.9,-0.1,-0.1,a,,,,,0.1,1.2,1.2,1.2,313,1263,4676,9567,,,
2026-09-16T04:52:22+00:00,106,502500,Thiago,4,94,Brentford,Forward,7.9,0.0,-0.1,a,,,,,9.5,1.2,1.2,1.2,6420,126737,194404,901714,1,,
2026-09-16T04:52:22+00:00,107,593174,Furo,4,94,Brentford,Forward,4.5,0.0,0.0,i,Unspecified injury - Unknown return date,2026-09-14T14:00:09.985723Z,,0,1.1,0.0,0.0,0.0,5777,10606,60315,47375,,,
2026-09-16T04:52:22+00:00,108,75115,Wilson,4,94,Brentford,Forward,5.5,0.0,0.0,a,,,,,0.3,0.8,0.8,0.8,882,3661,13560,21684,,,
2026-09-16T04:52:22+00:00,565,513545,M.Sangaré,4,94,Brentford,Midfielder,5.7,0.0,0.2,a,,,,,12.0,5.5,5.5,5.5,17333,111641,1207452,579624,,,
2026-09-16T04:52:22+00:00,620,613804,Diouf,4,94,Brentford,Defender,4.5,0.0,0.0,a,,,,,0.1,0.3,0.3,0.3,697,1068,12779,6058,,,
2026-09-16T04:52:22+00:00,657,626464,Nunes,4,94,Brentford,Midfielder,4.5,0.0,0.0,a,,,,,0.0,0.0,1.1,1.1,1343,281,1343,281,,,
2026-09-16T04:52:22+00:00,109,489639,Verbruggen,5,36,Brighton,Goalkeeper,4.5,0.0,0.0,a,,,,,21.9,4.2,4.2,4.2,49101,69104,653504,468454,,,
2026-09-16T04:52:22+00:00,111,49262,Steele,5,36,Brighton,Goalkeeper,4.0,0.0,0.0,a,,,,,4.2,0.0,0.0,0.0,10539,11537,130302,95880,,,
2026-09-16T04:52:22+00:00,113,231416,F.Kadıoğlu,5,36,Brighton,Defender,4.4,0.0,-0.1,a,,2026-08-23T13:00:07.595211Z,100,100,1.7,2.0,2.0,2.0,2594,9022,24730,118305,,,
2026-09-16T04:52:22+00:00,114,204120,Boscagli,5,36,Brighton,Defender,4.5,0.0,0.0,a,,,,,0.3,3.2,3.2,3.2,796,1272,13631,9850,,,
2026-09-16T04:52:22+00:00,115,465730,De Cuyper,5,36,Brighton,Defender,4.8,0.0,0.3,a,,,,,23.8,8.0,8.0,8.0,240137,59223,2247918,321259,,,
2026-09-16T04:52:22+00:00,116,83299,Dunk,5,36,Brighton,Defender,4.5,0.0,0.0,a,,,,,1.5,5.5,5.5,5.5,17030,5667,70478,35110,,,
2026-09-16T04:52:22+00:00,117,550090,Coppola,5,36,Brighton,Defender,4.5,0.0,0.0,a,,,,,0.0,0.0,0.0,0.0,124,144,756,894,,,
2026-09-16T04:52:22+00:00,118,223434,Igor,5,36,Brighton,Defender,4.5,0.0,0.0,u,Has joined Burnley permanently,2026-09-02T15:38:15.529699Z,0,0,0.0,0.0,0.0,0.0,0,547,915,5307,,,
2026-09-16T04:52:22+00:00,119,451490,Costinha,5,36,Brighton,Defender,4.5,0.0,0.0,a,,,,,0.0,0.8,0.8,0.8,106,177,995,1196,,,
2026-09-16T04:52:22+00:00,120,454490,Svoboda,5,36,Brighton,Defender,5.0,0.0,0.0,a,,,,,0.1,0.0,0.0,0.0,414,609,2943,3174,,,
2026-09-16T04:52:22+00:00,121,451340,Mitoma,5,36,Brighton,Midfielder,5.9,0.0,-0.1,i,Hamstring injury - Expected back 10 Oct,2026-07-24T18:30:10.661894Z,0,0,0.0,0.0,0.0,0.0,39,191,402,2836,,,
2026-09-16T04:52:22+00:00,122,592031,Minteh,5,36,Brighton,Midfielder,5.9,0.0,-0.1,i,Leg injury - Expected back 28 Nov,2026-08-14T18:00:06.418033Z,0,0,0.0,0.0,0.0,0.0,16,300,278,6498,,,
2026-09-16T04:52:22+00:00,123,532529,Hinshelwood,5,36,Brighton,Midfielder,5.9,-0.1,-0.1,i,Ankle injury - Expected back 10 Oct,2026-08-27T19:30:07.780933Z,0,0,0.7,4.0,0.0,0.0,85,17777,147578,200334,,,
2026-09-16T04:52:22+00:00,124,60307,Groß,5,36,Brighton,Midfielder,5.7,0.1,0.2,a,,,,,19.0,8.2,8.2,8.2,326936,48758,1083020,473183,1,,
2026-09-16T04:52:22+00:00,125,463067,Georginio,5,36,Brighton,Forward,5.4,0.0,-0.1,a,,2026-08-26T16:00:07.608056Z,75,100,0.5,1.2,0.9,1.2,759,7445,30441,67589,,,
2026-09-16T04:52:22+00:00,126,219249,O'Riley,5,36,Brighton,Midfielder,5.4,-0.1,-0.1,a,,,,,0.1,0.2,0.2,0.2,366,783,2963,5500,3,,
2026-09-16T04:52:22+00:00,127,514254,Gomez,5,36,Brighton,Midfielder,5.0,0.0,0.0,a,,,,,4.6,4.0,4.0,4.0,7798,39339,316928,218924,,,
2026-09-16T04:52:22+00:00,128,536916,Buonanotte,5,36,Brighton,Midfielder,5.0,0.0,0.0,u,Has joined Elche on loan for the rest of the season,2026-08-10T14:03:07.561436Z,0,0,0.0,0.0,0.0,0.0,0,13,0,319,,,
2026-09-16T04:52:22+00:00,129,509416,Ayari,5,36,Brighton,Midfielder,5.4,0.0,-0.1,a,,2026-08-30T18:00:07.935334Z,100,100,0.4,3.0,3.0,3.0,2059,2287,8847,37450,,,
2026-09-16T04:52:22+00:00,130,467779,Wieffer,5,36,Brighton,Defender,4.9,-0.1,-0.1,i,Knee injury - Unknown return date,2026-09-04T09:30:08.612904Z,0,0,0.2,1.8,0.0,0.0,38,4473,25896,38946,,,
2026-09-16T04:52:22+00:00,132,597320,Howell,5,36,Brighton,Midfielder,4.5,0.0,0.0,u,Has joined Leicester City on loan for the rest of the season,2026-08-17T13:53:19.019938Z,0,0,0.0,0.0,0.0,0.0,0,267,0,3350,,,
2026-09-16T04:52:22+00:00,133,549074,Watson,5,36,Brighton,Midfielder,5.0,0.0,0.0,u,Has joined Leicester City on loan for the rest of the season,2026-08-03T14:05:44.459483Z,0,0,0.0,0.0,0.0,0.0,0,5,0,126,,,
2026-09-16T04:52:22+00:00,134,556637,Oriola,5,36,Brighton,Midfielder,4.5,0.0,0.0,a,,,,,0.3,0.0,0.0,0.0,641,1693,8155,11519,,,
2026-09-16T04:52:22+00:00,135,700308,Yohanna,5,36,Brighton,Midfielder,4.9,0.0,-0.1,i,Unspecified injury - Expected back 10 Oct,2026-09-10T13:00:08.617941Z,0,0,0.0,0.2,0.0,0.0,17,736,1225,4647,,,
2026-09-16T04:52:22+00:00,137,608181,Tzimas,5,36,Brighton,Forward,5.4,-0.1,-0.1,i,Knee injury - Unknown return date,2026-07-23T12:01:23.432796Z,0,0,0.0,0.0,0.0,0.0,35,49,269,663,,,
2026-09-16T04:52:22+00:00,138,647850,Kostoulas,5,36,Brighton,Forward,5.5,0.0,0.0,a,,,,,0.7,4.5,4.5,4.5,24954,6738,72487,24169,,,
2026-09-16T04:52:22+00:00,139,487117,Ferguson,5,36,Brighton,Forward,5.0,0.0,0.0,i,Ankle injury - Expected back 10 Oct,2026-07-23T12:01:23.448357Z,0,0,0.0,0.0,0.0,0.0,157,258,1366,2123,,,
2026-09-16T04:52:22+00:00,328,222694,Struijk,5,36,Brighton,Defender,4.9,-0.1,-0.1,a,,2026-08-15T20:30:07.523574Z,100,100,0.2,0.5,0.5,0.5,401,1525,4859,10256,,,
2026-09-16T04:52:22+00:00,504,610799,Vuskovic,5,36,Brighton,Defender,5.0,0.0,0.0,a,,,,,3.2,6.0,6.0,6.0,17467,17580,192879,107452,,,
2026-09-16T04:52:22+00:00,594,538007,David,5,36,Brighton,Forward,6.0,0.0,0.0,a,,,,,0.2,0.2,0.2,0.2,1184,3013,10946,18090,2,,
2026-09-16T04:52:22+00:00,600,612855,Osman,5,36,Brighton,Midfielder,5.0,0.0,0.0,a,,,,,0.0,0.8,0.8,0.8,92,132,775,858,,,
2026-09-16T04:52:22+00:00,605,611695,Yalcouyé,5,36,Brighton,Midfielder,4.5,0.0,0.0,a,,,,,3.7,4.8,4.8,4.8,70806,20406,469002,115295,,,
2026-09-16T04:52:22+00:00,614,512123,Hadjam,5,36,Brighton,Defender,4.5,0.0,0.0,a,,,,,0.0,0.0,0.0,0.0,192,450,3418,1549,,,
2026-09-16T04:52:22+00:00,624,519324,Cozier-Duberry,5,36,Brighton,Midfielder,5.0,0.0,0.0,u,Has joined Middlesbrough on loan for the rest of the season,2026-09-02T15:38:15.552951Z,0,0,0.0,0.0,0.0,0.0,0,9,117,105,,,
2026-09-16T04:52:22+00:00,639,592984,Andrés,5,36,Brighton,Midfielder,5.5,0.0,0.0,a,,,,,0.0,2.0,2.0,2.0,271,137,1045,374,,,
2026-09-16T04:52:22+00:00,652,471551,Azeez,5,36,Brighton,Midfielder,5.5,0.0,0.0,d,Hamstring injury - 75% chance of playing,2026-09-04T11:30:08.661589Z,75,75,0.0,0.0,0.0,0.0,46,27,415,120,,,
2026-09-16T04:52:22+00:00,658,661016,Ibrahim,5,36,Brighton,Midfielder,4.5,0.0,0.0,a,,,,,0.0,0.0,1.1,1.1,818,150,818,150,,,
2026-09-16T04:52:22+00:00,28,98980,Martinez,6,8,Chelsea,Goalkeeper,5.0,0.0,0.0,a,,,,,5.0,1.8,1.8,1.8,12482,33722,229268,204519,,,
2026-09-16T04:52:22+00:00,40,244850,Rogers,6,8,Chelsea,Midfielder,7.7,0.1,0.2,a,,,,,37.8,6.8,6.8,6.8,407429,29130,2039338,551433,,,
2026-09-16T04:52:22+00:00,101,56979,Henderson,6,8,Chelsea,Midfielder,4.9,0.0,-0.1,i,Wrist injury - Unknown return date,2026-08-09T09:30:07.136250Z,0,0,0.0,0.0,0.0,0.0,24,294,592,2340,,,
2026-09-16T04:52:22+00:00,136,50175,Welbeck,6,8,Chelsea,Forward,5.9,0.0,-0.1,a,,2026-08-20T14:00:07.949090Z,100,100,0.7,0.5,0.5,0.5,2652,6945,21679,66876,,,
2026-09-16T04:52:22+00:00,140,215059,Sánchez,6,8,Chelsea,Goalkeeper,4.9,0.0,-0.1,u,Has joined Como on loan for the rest of the season,2026-09-02T16:20:41.841936Z,0,0,0.8,0.5,0.0,0.0,0,9372,10847,165432,,,
2026-09-16T04:52:22+00:00,141,508479,Jörgensen,6,8,Chelsea,Goalkeeper,5.0,0.0,0.0,u,Has joined RC Strasbourg on loan for the rest of the season,2026-08-12T14:07:02.607115Z,0,0,0.0,0.0,0.0,0.0,0,36,0,902,,,
2026-09-16T04:52:22+00:00,142,225796,James,6,8,Chelsea,Defender,5.4,0.0,-0.1,a,,,,,7.2,0.8,0.8,0.8,12361,67507,162368,451364,,,
2026-09-16T04:52:22+00:00,143,180736,Chalobah,6,8,Chelsea,Defender,5.5,0.0,0.0,u,Has joined Como permanently,2026-08-10T14:03:50.769483Z,0,0,0.1,0.0,0.0,0.0,0,471,0,13396,,,
2026-09-16T04:52:22+00:00,144,482609,Gusto,6,8,Chelsea,Defender,5.0,0.0,0.0,a,,,,,1.0,1.0,1.0,1.0,2515,8821,33235,55413,,,
2026-09-16T04:52:22+00:00,145,444463,Fofana,6,8,Chelsea,Defender,5.0,0.0,0.0,a,,2026-07-23T12:01:23.464591Z,100,100,0.2,1.0,1.0,1.0,1824,1886,14593,5378,,,
2026-09-16T04:52:22+00:00,146,242880,B.Badiashile,6,8,Chelsea,Defender,4.5,0.0,0.0,u,Has joined Napoli on loan for the rest of the season,2026-08-25T14:03:47.079414Z,0,0,0.0,0.0,0.0,0.0,0,83,232,1852,,,
2026-09-16T04:52:22+00:00,148,551210,Hato,6,8,Chelsea,Defender,4.5,0.0,0.0,a,,,,,0.9,2.0,2.0,2.0,3035,12340,88563,42942,,,
2026-09-16T04:52:22+00:00,149,460028,Colwill,6,8,Chelsea,Defender,4.9,0.0,-0.1,a,,,,,1.0,0.5,0.5,0.5,1182,11395,24835,85465,,,
2026-09-16T04:52:22+00:00,150,574458,M.Sarr,6,8,Chelsea,Defender,4.5,0.0,0.0,u,Has joined Real Sociedad on loan for the rest of the season,2026-08-29T00:34:23.077418Z,0,0,0.0,0.0,0.0,0.0,0,269,429,5630,,,
2026-09-16T04:52:22+00:00,151,577016,Acheampong,6,8,Chelsea,Defender,4.5,0.0,0.0,a,,,,,0.4,1.2,1.2,1.2,879,3666,20062,18191,,,
2026-09-16T04:52:22+00:00,152,620109,Palestra,6,8,Chelsea,Defender,5.3,-0.1,-0.2,i,Thigh injury - Expected back 18 Sep,2026-08-24T18:30:07.421239Z,0,0,0.7,0.0,0.0,0.0,106,12161,6306,207777,,,
2026-09-16T04:52:22+00:00,154,244851,Palmer,6,8,Chelsea,Midfielder,9.7,0.0,0.2,a,,2026-08-24T22:00:07.971542Z,100,100,26.8,6.5,6.5,6.5,94690,88712,1805526,417431,1,,
2026-09-16T04:52:22+00:00,156,247632,Neto,6,8,Chelsea,Midfielder,6.5,0.0,0.0,a,,,,,1.4,3.0,3.0,3.0,8059,12652,69199,72097,,,
2026-09-16T04:52:22+00:00,157,624773,Estêvão,6,8,Chelsea,Midfielder,6.3,-0.1,-0.2,a,,,,,0.7,0.8,0.8,0.8,1677,6740,14594,79326,2,,
2026-09-16T04:52:22+00:00,158,463936,Gittens,6,8,Chelsea,Midfielder,5.9,0.0,-0.1,a,,,,,0.0,0.0,0.0,0.0,107,276,888,2499,,,
2026-09-16T04:52:22+00:00,159,486672,Caicedo,6,8,Chelsea,Midfielder,5.3,-0.1,-0.2,i,Calf injury - Expected back 18 Sep,2026-08-30T16:00:08.393562Z,0,0,1.2,0.2,0.0,0.0,394,20747,14448,261420,,,
2026-09-16T04:52:22+00:00,161,514356,Lavia,6,8,Chelsea,Midfielder,5.0,0.0,0.0,a,,,,,0.2,2.8,2.8,2.8,1648,2677,24092,11374,,,
2026-09-16T04:52:22+00:00,163,491007,D.Essugo,6,8,Chelsea,Midfielder,4.5,0.0,0.0,u,Has joined RC Strasbourg on loan for the rest of the season,2026-09-02T16:20:41.865225Z,0,0,0.1,0.0,0.0,0.0,0,1263,2698,12917,,,
2026-09-16T04:52:22+00:00,164,593117,Quenda,6,8,Chelsea,Midfielder,5.3,-0.1,-0.2,a,,2026-07-24T20:30:10.609931Z,100,100,0.0,0.2,0.2,0.2,93,350,770,3037,,,
2026-09-16T04:52:22+00:00,165,475168,João Pedro,6,8,Chelsea,Forward,7.8,0.1,0.3,a,,,,,75.4,8.2,8.2,8.2,200624,16751,1453974,340444,,,
2026-09-16T04:52:22+00:00,168,499309,Marc Guiu,6,8,Chelsea,Forward,5.0,0.0,0.0,u,Has joined RB Leipzig permanently,2026-09-01T13:24:48.857362Z,0,0,0.2,0.0,0.0,0.0,0,2369,4102,30012,,,
2026-09-16T04:52:22+00:00,169,567119,Mheuka,6,8,Chelsea,Forward,4.5,0.0,0.0,a,,,,,0.4,0.0,0.0,0.0,4164,3370,22416,19269,,,
2026-09-16T04:52:22+00:00,170,503037,Emegha,6,8,Chelsea,Forward,5.0,0.0,0.0,i,Hamstring injury - Expected back 18 Sep,2026-09-09T15:00:09.063849Z,0,0,0.1,0.0,0.0,0.0,77,1912,5955,10638,,,
2026-09-16T04:52:22+00:00,200,437499,Lacroix,6,8,Chelsea,Defender,6.0,0.0,0.0,a,,,,,7.3,2.5,2.5,2.5,5206,74466,162363,349362,,,
2026-09-16T04:52:22+00:00,560,549939,Penders,6,8,Chelsea,Goalkeeper,4.4,0.0,-0.1,a,,,,,0.1,0.0,0.0,0.0,450,396,1529,3096,,,
2026-09-16T04:52:22+00:00,561,622758,Anselmino,6,8,Chelsea,Defender,4.5,0.0,0.0,a,,2026-08-23T19:00:08.536705Z,100,100,0.0,0.0,0.0,0.0,136,134,705,1066,,,
2026-09-16T04:52:22+00:00,568,543158,Barco,6,8,Chelsea,Midfielder,5.4,-0.1,-0.1,a,,,,,0.1,0.2,0.2,0.2,309,842,2755,6030,,,
2026-09-16T04:52:22+00:00,583,498444,Chavarria,6,8,Chelsea,Defender,4.9,0.0,-0.1,a,,,,,0.2,1.0,1.0,1.0,263,1016,2694,9948,,,
2026-09-16T04:52:22+00:00,91,231065,Pinnock,7,9,Coventry City,Defender,4.5,0.0,0.0,a,,,,,0.1,1.5,1.5,1.5,249,396,2016,3453,,,
2026-09-16T04:52:22+00:00,104,428580,Onyeka,7,9,Coventry City,Midfielder,4.9,0.0,-0.1,d,Hand injury - 50% chance of playing,2026-09-15T09:00:07.851220Z,,50,0.1,1.5,1.5,0.8,199,889,3663,8407,,,
2026-09-16T04:52:22+00:00,110,472739,Rushworth,7,9,Coventry City,Goalkeeper,4.5,0.0,0.0,a,,,,,0.8,1.2,1.2,1.2,608,6909,20827,47221,,,
2026-09-16T04:52:22+00:00,171,484389,Dovin,7,9,Coventry City,Goalkeeper,4.0,0.0,0.0,u,Has joined Leyton Orient on loan for the rest of the season,2026-09-02T15:44:14.839336Z,0,0,1.1,0.0,0.0,0.0,0,6051,8924,48840,,,
2026-09-16T04:52:22+00:00,172,110690,Wilson,7,9,Coventry City,Goalkeeper,4.4,-0.1,-0.1,a,,,,,0.4,0.0,0.0,0.0,110,1058,844,11019,,,
2026-09-16T04:52:22+00:00,173,461102,Thomas,7,9,Coventry City,Defender,4.0,0.0,0.0,a,,,,,8.9,3.8,3.8,3.8,18799,39911,325259,216734,,,
2026-09-16T04:52:22+00:00,174,436761,Kitching,7,9,Coventry City,Defender,4.0,0.0,0.0,u,Has joined Sheffield United on loan for the rest of the season,2026-09-02T16:21:03.612394Z,0,0,0.4,0.0,0.0,0.0,0,2972,981,28728,,,
2026-09-16T04:52:22+00:00,175,451284,van Ewijk,7,9,Coventry City,Defender,4.0,0.0,0.0,a,,,,,10.0,1.5,1.5,1.5,8839,60912,117585,371646,,,
2026-09-16T04:52:22+00:00,176,173878,Dasilva,7,9,Coventry City,Defender,4.0,0.0,0.0,a,,,,,0.7,1.2,1.2,1.2,509,2618,8889,18671,,,
2026-09-16T04:52:22+00:00,177,465390,Kesler-Hayden,7,9,Coventry City,Defender,4.0,0.0,0.0,i,Hamstring injury - Unknown return date,2026-08-27T14:56:28.704361Z,0,0,0.0,0.0,0.0,0.0,76,261,489,2983,,,
2026-09-16T04:52:22+00:00,178,80178,Bidwell,7,9,Coventry City,Defender,4.0,0.0,0.0,a,,,,,0.1,0.0,0.0,0.0,265,401,2079,2928,,,
2026-09-16T04:52:22+00:00,179,204813,Latibeaudiere,7,9,Coventry City,Defender,4.0,0.0,0.0,a,,,,,0.0,0.0,0.0,0.0,97,188,853,1466,,,
2026-09-16T04:52:22+00:00,180,220583,Woolfenden,7,9,Coventry City,Defender,4.0,0.0,0.0,i,Knee injury - Unknown return date,2026-08-27T14:56:28.718566Z,0,0,0.1,0.0,0.0,0.0,143,700,2123,7931,,,
2026-09-16T04:52:22+00:00,181,577411,Brau,7,9,Coventry City,Defender,4.0,0.0,0.0,u,Has joined Academico de Viseu on loan for the rest of the season,2026-08-29T00:35:59.980316Z,0,0,0.0,0.0,0.0,0.0,0,157,275,1947,,,
2026-09-16T04:52:22+00:00,182,539142,Amenda,7,9,Coventry City,Defender,4.0,0.0,0.0,a,,,,,0.7,1.0,1.0,1.0,1211,2903,11259,21122,,,
2026-09-16T04:52:22+00:00,183,480457,Rudoni,7,9,Coventry City,Midfielder,5.0,0.0,0.0,a,,2026-07-23T12:01:23.481435Z,100,100,0.1,2.0,2.0,2.0,264,836,3185,6481,,,
2026-09-16T04:52:22+00:00,184,168144,Grimes,7,9,Coventry City,Midfielder,4.9,-0.1,-0.1,a,,,,,0.1,2.0,2.0,2.0,369,1156,3672,9329,3,,
2026-09-16T04:52:22+00:00,185,501459,Sakamoto,7,9,Coventry City,Midfielder,4.9,0.0,-0.1,a,,,,,0.1,0.2,0.2,0.2,54,541,802,4921,,,
2026-09-16T04:52:22+00:00,186,241293,Mason-Clark,7,9,Coventry City,Midfielder,5.4,0.0,-0.1,a,,2026-08-19T18:00:08.310507Z,100,100,0.1,1.0,1.0,1.0,64,517,1003,5185,,,
2026-09-16T04:52:22+00:00,187,439668,Eccles,7,9,Coventry City,Midfielder,4.9,0.0,-0.1,i,Unspecified injury - Expected back 12 Oct,2026-09-10T18:30:08.877110Z,0,0,0.0,0.0,0.0,0.0,9,194,605,1239,,,
2026-09-16T04:52:22+00:00,188,226965,Torp,7,9,Coventry City,Midfielder,5.4,0.0,-0.1,a,,,,,0.1,0.8,0.8,0.8,22,629,723,7019,2,,
2026-09-16T04:52:22+00:00,189,684268,Shepherd,7,9,Coventry City,Midfielder,4.5,0.0,0.0,a,,,,,0.2,0.0,0.0,0.0,300,1481,4312,11393,,,
2026-09-16T04:52:22+00:00,190,469272,Tchaouna,7,9,Coventry City,Midfielder,5.4,0.0,-0.1,a,,,,,0.1,1.0,1.0,1.0,21,576,3098,7356,,,
2026-09-16T04:52:22+00:00,191,492498,Borges Rodrigues,7,9,Coventry City,Midfielder,4.5,0.0,0.0,u,Has joined Burton Albion on loan for the rest of the season,2026-09-02T15:44:14.868001Z,0,0,0.1,0.0,0.0,0.0,0,1102,1943,9991,,,
2026-09-16T04:52:22+00:00,192,629397,Andrews,7,9,Coventry City,Midfielder,4.5,0.0,0.0,u,Has joined Oxford United on loan for the rest of the season,2026-08-29T00:35:59.998520Z,0,0,0.3,0.0,0.0,0.0,0,3149,2718,36451,,,
2026-09-16T04:52:22+00:00,193,176412,Wright,7,9,Coventry City,Forward,5.4,0.0,-0.1,i,Thigh injury - Unknown return date,2026-08-14T22:00:07.214508Z,0,0,0.1,0.0,0.0,0.0,50,732,520,11411,1,,
2026-09-16T04:52:22+00:00,194,230730,Thomas-Asante,7,9,Coventry City,Forward,5.0,0.0,0.0,a,,,,,0.8,1.2,1.2,1.2,4766,6783,46903,44844,4,,
2026-09-16T04:52:22+00:00,195,218997,Simms,7,9,Coventry City,Forward,5.0,0.0,0.0,a,,,,,0.7,0.8,0.8,0.8,1662,6617,37261,52410,,,
2026-09-16T04:52:22+00:00,196,551262,Markelo,7,9,Coventry City,Forward,5.0,0.0,0.0,u,Has joined Shabab Al-Ahli Dubai permanently,2026-08-17T13:53:55.791223Z,0,0,0.0,0.0,0.0,0.0,0,71,0,1093,,,
2026-09-16T04:52:22+00:00,197,549653,Bassette,7,9,Coventry City,Forward,4.5,0.0,0.0,u,Has joined KVC Westerlo on loan for the rest of the season,2026-07-28T12:58:50.001768Z,0,0,0.0,0.0,0.0,0.0,0,171,0,1857,,,
2026-09-16T04:52:22+00:00,492,210156,Awoniyi,7,9,Coventry City,Forward,5.5,0.0,0.0,s,Suspended until 19 Oct,2026-09-13T15:00:09.305127Z,,0,0.5,0.8,0.8,0.0,511,11331,21198,49079,5,,
2026-09-16T04:52:22+00:00,575,661888,Yirenkyi,7,9,Coventry City,Midfielder,4.9,0.0,-0.1,a,,,,,0.2,1.5,1.5,1.5,159,1443,2575,11364,,,
2026-09-16T04:52:22+00:00,584,196100,Hamer,7,9,Coventry City,Midfielder,5.4,0.0,-0.1,a,,,,,0.1,0.8,0.8,0.8,47,569,733,5565,,,
2026-09-16T04:52:22+00:00,599,627221,Cherif,7,9,Coventry City,Forward,5.0,0.0,0.0,a,,,,,0.1,0.2,0.2,0.2,861,780,6135,6139,,,
2026-09-16T04:52:22+00:00,623,79602,Bentley,7,9,Coventry City,Goalkeeper,4.0,0.0,0.0,a,,,,,0.5,0.0,0.0,0.0,6628,1392,63691,15313,,,
2026-09-16T04:52:22+00:00,655,242893,Gboho,7,9,Coventry City,Midfielder,5.5,0.0,0.0,a,,,,,0.0,0.0,2.0,2.0,76,20,141,27,,,
2026-09-16T04:52:22+00:00,656,566213,Mfuni,7,9,Coventry City,Defender,4.0,0.0,0.0,a,,,,,0.1,0.0,1.1,1.1,4612,970,7423,1237,,,
2026-09-16T04:52:22+00:00,42,485337,Guessand,8,31,Crystal Palace,Midfielder,5.5,0.0,0.0,a,,,,,0.0,0.5,0.5,0.5,196,518,2170,3087,,,
2026-09-16T04:52:22+00:00,153,220362,Disasi,8,31,Crystal Palace,Defender,4.5,0.0,0.0,s,Suspended until 25 Oct,2026-09-12T15:30:09.445078Z,,0,0.1,0.2,0.2,0.0,105,2770,9349,7113,,,
2026-09-16T04:52:22+00:00,198,172649,Henderson,8,31,Crystal Palace,Goalkeeper,5.0,0.0,0.0,i,Foot injury - Expected back 11 Oct,2026-09-12T14:00:09.378740Z,100,0,1.6,1.2,1.2,0.0,155,37034,55071,86020,,,
2026-09-16T04:52:22+00:00,199,121709,Benitez,8,31,Crystal Palace,Goalkeeper,4.5,0.0,0.0,a,,,,,0.1,0.5,0.5,0.5,744,462,2423,4084,,,
2026-09-16T04:52:22+00:00,202,427623,Richards,8,31,Crystal Palace,Defender,5.0,0.0,0.0,a,,,,,0.6,1.5,1.5,1.5,1143,4703,20201,30936,,,
2026-09-16T04:52:22+00:00,203,651426,Canvot,8,31,Crystal Palace,Defender,4.9,0.0,-0.1,a,,,,,0.2,0.5,0.5,0.5,151,2415,5234,16349,,,
2026-09-16T04:52:22+00:00,204,244723,Mitchell,8,31,Crystal Palace,Defender,4.5,0.0,0.0,a,,,,,6.3,4.2,4.2,4.2,14638,36616,289392,211298,,,
2026-09-16T04:52:22+00:00,205,218364,Sosa,8,31,Crystal Palace,Defender,4.5,0.0,0.0,u,Has joined FC Cologne on loan for the rest of the season,2026-09-02T16:03:25.710518Z,0,0,0.0,0.0,0.0,0.0,0,179,236,1874,,,
2026-09-16T04:52:22+00:00,206,515621,Chadi Riad,8,31,Crystal Palace,Defender,4.4,0.0,-0.1,i,Knee injury - Unknown return date,2026-08-22T18:00:07.352049Z,0,0,0.0,0.2,0.0,0.0,29,229,600,5397,,,
2026-09-16T04:52:22+00:00,207,242313,Mingueza,8,31,Crystal Palace,Defender,4.4,0.0,-0.1,a,,,,,0.1,0.5,0.5,0.5,162,561,1822,4159,,,
2026-09-16T04:52:22+00:00,208,232185,Sarr,8,31,Crystal Palace,Midfielder,6.2,-0.1,-0.3,i,Groin injury - Unknown return date,2026-08-22T18:00:07.363165Z,0,0,0.7,0.0,0.0,0.0,50,8305,2661,370368,2,,
2026-09-16T04:52:22+00:00,210,496221,Wharton,8,31,Crystal Palace,Midfielder,5.5,0.0,0.0,a,,2026-07-23T12:01:23.498963Z,100,100,0.8,2.5,2.5,2.5,1695,6943,27275,39058,,,
2026-09-16T04:52:22+00:00,211,488024,Yeremy,8,31,Crystal Palace,Midfielder,5.5,0.0,0.0,a,,,,,0.4,3.0,3.0,3.0,974,6272,43590,20508,,,
2026-09-16T04:52:22+00:00,212,108413,Hughes,8,31,Crystal Palace,Midfielder,4.4,-0.1,-0.1,a,,,,,8.0,0.5,0.5,0.5,12313,53402,96701,391082,,,
2026-09-16T04:52:22+00:00,213,152551,Lerma,8,31,Crystal Palace,Midfielder,4.9,0.0,-0.1,a,,,,,0.1,0.2,0.2,0.2,108,452,1135,4777,,,
2026-09-16T04:52:22+00:00,214,209400,Kamada,8,31,Crystal Palace,Midfielder,5.0,0.0,0.0,a,,,,,0.5,4.5,4.5,4.5,12979,3374,37325,17144,,,
2026-09-16T04:52:22+00:00,215,489706,Devenny,8,31,Crystal Palace,Midfielder,5.0,0.0,0.0,u,Has joined Stoke City permanently,2026-09-02T15:41:07.346849Z,0,0,0.0,0.0,0.0,0.0,0,65,132,855,3,,
2026-09-16T04:52:22+00:00,216,606921,Esse,8,31,Crystal Palace,Midfielder,5.0,0.0,0.0,u,Has joined Millwall on loan for the rest of the season,2026-09-02T15:41:07.376544Z,0,0,0.0,0.0,0.0,0.0,0,261,399,2967,,,
2026-09-16T04:52:22+00:00,217,536694,M.França,8,31,Crystal Palace,Midfielder,4.9,0.0,-0.1,u,Has joined Alverca on loan for the rest of the season,2026-09-11T14:42:19.322912Z,0,0,0.0,0.0,0.0,0.0,0,439,1007,3046,,,
2026-09-16T04:52:22+00:00,218,438464,Doucouré,8,31,Crystal Palace,Midfielder,4.9,0.0,-0.1,a,,,,,0.1,0.0,0.0,0.0,155,502,1857,3819,,,
2026-09-16T04:52:22+00:00,219,450542,J.Rak-Sakyi,8,31,Crystal Palace,Midfielder,4.9,0.0,-0.1,u,has joined  Kasimpasa on loan for the rest of the seaon.,2026-09-10T09:12:47.224598Z,0,0,0.0,0.0,0.0,0.0,0,76,145,417,,,
2026-09-16T04:52:22+00:00,220,590014,Cardines,8,31,Crystal Palace,Defender,4.5,0.0,0.0,u,Has joined Bristol City on loan for the rest of the season,2026-08-12T14:08:46.501813Z,0,0,0.0,0.0,0.0,0.0,0,6,0,123,,,
2026-09-16T04:52:22+00:00,221,672492,Drakes-Thomas,8,31,Crystal Palace,Midfielder,4.5,0.0,0.0,a,,,,,0.1,0.0,0.0,0.0,221,584,2409,3839,,,
2026-09-16T04:52:22+00:00,222,247412,Strand Larsen,8,31,Crystal Palace,Forward,6.0,0.0,0.0,a,,,,,0.6,3.0,3.0,3.0,8014,4564,38048,30480,,,
2026-09-16T04:52:22+00:00,223,231747,Mateta,8,31,Crystal Palace,Forward,6.3,-0.1,-0.2,i,Hamstring injury - Expected back 11 Oct,2026-08-28T21:00:08.020382Z,0,0,1.5,0.5,0.0,0.0,116,16680,25637,432633,1,,
2026-09-16T04:52:22+00:00,224,205533,Nketiah,8,31,Crystal Palace,Forward,5.5,0.0,0.0,d,Unspecified injury - 75% chance of playing,2026-09-12T14:00:09.427136Z,,75,0.6,1.8,1.8,1.4,245,13929,45200,37597,,,
2026-09-16T04:52:22+00:00,225,660392,Uche,8,31,Crystal Palace,Forward,5.0,0.0,0.0,u,has returned to Getafe CF,2026-07-23T12:18:56.275922Z,0,0,0.0,0.0,0.0,0.0,0,0,0,0,,,
2026-09-16T04:52:22+00:00,241,433154,McNeil,8,31,Crystal Palace,Midfielder,5.4,0.0,-0.1,a,,,,,0.1,0.8,0.8,0.8,105,853,1627,7023,,,
2026-09-16T04:52:22+00:00,555,169593,Matthews,8,31,Crystal Palace,Goalkeeper,4.0,0.0,0.0,a,,,,,1.7,0.0,0.0,0.0,1931,3519,20654,26166,,,
2026-09-16T04:52:22+00:00,577,223723,Tomiyasu,8,31,Crystal Palace,Defender,4.4,-0.1,-0.1,a,,,,,0.3,0.5,0.5,0.5,216,1643,3048,10939,,,
2026-09-16T04:52:22+00:00,588,570794,Khalaili,8,31,Crystal Palace,Defender,5.0,0.0,0.0,a,,,,,0.3,3.2,3.2,3.2,3901,2235,30780,9958,,,
2026-09-16T04:52:22+00:00,595,559152,Gozo,8,31,Crystal Palace,Midfielder,5.0,0.0,0.0,a,,,,,0.0,0.5,0.5,0.5,53,113,422,708,,,
2026-09-16T04:52:22+00:00,633,605972,Ahanor,8,31,Crystal Palace,Defender,4.5,0.0,0.0,a,,,,,0.0,1.5,1.5,1.5,453,118,1518,330,,,
2026-09-16T04:52:22+00:00,643,172850,Chilwell,8,31,Crystal Palace,Defender,4.5,0.0,0.0,a,,,,,0.5,4.0,4.0,4.0,2162,5188,41447,10941,,,
2026-09-16T04:52:22+00:00,644,450063,Timber,8,31,Crystal Palace,Midfielder,5.0,0.0,0.0,a,,,,,0.0,3.0,3.0,3.0,890,317,3303,881,,,
2026-09-16T04:52:22+00:00,647,533646,Osorio,8,31,Crystal Palace,Midfielder,5.5,0.0,0.0,a,,,,,0.0,0.5,0.5,0.5,53,94,892,259,,,
2026-09-16T04:52:22+00:00,21,128295,Nørgaard,9,11,Everton,Midfielder,4.9,0.0,-0.1,i,Groin injury - Unknown return date,2026-08-15T20:00:06.779594Z,0,0,0.0,0.0,0.0,0.0,30,448,424,6767,,,
2026-09-16T04:52:22+00:00,209,242898,Johnson,9,11,Everton,Midfielder,5.9,0.0,-0.1,a,,,,,0.1,1.5,1.5,1.5,1058,785,3645,9039,,,
2026-09-16T04:52:22+00:00,226,111234,Pickford,9,11,Everton,Goalkeeper,5.5,0.0,0.0,a,,,,,8.8,4.2,4.2,4.2,36414,23593,226202,202686,,,
2026-09-16T04:52:22+00:00,227,229600,Travers,9,11,Everton,Goalkeeper,5.0,0.0,0.0,a,,,,,0.0,0.0,0.0,0.0,328,278,1310,1678,,,
2026-09-16T04:52:22+00:00,228,138001,King,9,11,Everton,Goalkeeper,4.5,0.0,0.0,a,,,,,0.0,0.0,0.0,0.0,131,179,955,1450,,,
2026-09-16T04:52:22+00:00,229,17761,Tarkowski,9,11,Everton,Defender,6.1,0.1,0.1,a,,,,,13.3,7.2,7.2,7.2,170219,24617,588162,239002,,,
2026-09-16T04:52:22+00:00,230,480455,Branthwaite,9,11,Everton,Defender,5.5,0.0,0.0,a,,,,,2.1,4.8,4.8,4.8,24845,6842,94921,58114,,,
2026-09-16T04:52:22+00:00,231,106611,Keane,9,11,Everton,Defender,4.8,-0.1,-0.2,a,,,,,0.8,0.0,0.0,0.0,1057,7145,7879,81735,,,
2026-09-16T04:52:22+00:00,232,512462,O'Brien,9,11,Everton,Defender,4.9,0.0,-0.1,a,,,,,0.3,0.2,0.2,0.2,634,1569,3632,22267,,,
2026-09-16T04:52:22+00:00,233,224967,Mykolenko,9,11,Everton,Defender,4.5,0.0,0.0,a,,,,,3.0,5.5,5.5,5.5,109114,10112,241700,82443,,,
2026-09-16T04:52:22+00:00,234,243571,Patterson,9,11,Everton,Defender,4.5,0.0,0.0,u,Has joined Torino permanently,2026-09-02T16:05:23.326971Z,0,0,0.0,0.0,0.0,0.0,0,200,371,2192,,,
2026-09-16T04:52:22+00:00,235,499300,Aznou,9,11,Everton,Defender,4.0,0.0,0.0,u,Has joined Malaga on loan for the rest of the season,2026-09-01T13:23:16.934847Z,0,0,0.1,0.0,0.0,0.0,0,1007,1728,9954,,,
2026-09-16T04:52:22+00:00,236,215413,Dewsbury-Hall,9,11,Everton,Midfielder,6.5,0.0,0.0,a,,,,,5.2,4.2,4.2,4.2,74443,32166,409091,251970,,,
2026-09-16T04:52:22+00:00,238,114283,Grealish,9,11,Everton,Midfielder,6.5,0.0,0.0,a,,2026-07-29T10:00:10.492904Z,100,100,0.4,0.8,0.8,0.8,5128,3556,31859,17802,,,
2026-09-16T04:52:22+00:00,239,232928,Garner,9,11,Everton,Midfielder,6.0,0.0,0.0,a,,2026-09-06T18:00:08.301702Z,100,100,0.2,2.0,2.0,2.0,4963,1503,12163,10179,2,,
2026-09-16T04:52:22+00:00,242,550615,George,9,11,Everton,Midfielder,5.5,0.0,0.0,a,,,,,0.8,4.5,4.5,4.5,23954,5382,78059,26089,,,
2026-09-16T04:52:22+00:00,243,502697,Alcaraz,9,11,Everton,Midfielder,4.9,0.0,-0.1,a,,,,,0.1,0.2,0.2,0.2,267,611,2429,5013,,,
2026-09-16T04:52:22+00:00,244,609873,Armstrong,9,11,Everton,Midfielder,5.0,0.0,0.0,a,,,,,0.4,3.5,3.5,3.5,4770,3626,51880,24122,,,
2026-09-16T04:52:22+00:00,245,496661,Dibling,9,11,Everton,Midfielder,5.4,0.0,-0.1,a,,,,,0.0,0.0,0.0,0.0,111,217,878,2341,,,
2026-09-16T04:52:22+00:00,246,513466,Röhl,9,11,Everton,Midfielder,4.9,-0.1,-0.1,a,,,,,0.0,1.5,1.5,1.5,237,556,1907,3400,,,
2026-09-16T04:52:22+00:00,247,244860,Hackney,9,11,Everton,Midfielder,5.5,0.0,0.0,a,,2026-08-26T22:00:07.797766Z,100,100,0.2,2.2,2.2,2.2,407,1155,3232,10033,,,
2026-09-16T04:52:22+00:00,248,486385,Beto,9,11,Everton,Forward,5.4,0.0,-0.1,u,Has joined Fiorentina permanently,2026-09-02T16:05:23.357221Z,0,0,0.8,0.5,0.0,0.0,0,14677,16222,201683,,,
2026-09-16T04:52:22+00:00,249,586309,Barry,9,11,Everton,Forward,5.6,0.0,0.1,a,,,,,6.6,3.5,3.5,3.5,77073,44165,697017,278011,1,,
2026-09-16T04:52:22+00:00,649,154043,Maitland-Niles,9,11,Everton,Defender,4.5,0.0,0.0,a,,,,,0.7,6.5,6.5,6.5,28407,3229,47371,7059,,,
2026-09-16T04:52:22+00:00,654,629068,Graham,9,11,Everton,Midfielder,4.5,0.0,0.0,a,,,,,0.1,0.0,0.0,0.0,1244,1438,10705,3499,,,
2026-09-16T04:52:22+00:00,250,80201,Leno,10,54,Fulham,Goalkeeper,4.5,0.0,0.0,a,,,,,3.0,3.8,3.8,3.8,19524,8530,93048,82160,,,
2026-09-16T04:52:22+00:00,251,86873,Lecomte,10,54,Fulham,Goalkeeper,4.0,0.0,0.0,a,,,,,1.1,0.0,0.0,0.0,2011,2230,21104,21379,,,
2026-09-16T04:52:22+00:00,252,505079,McNally,10,54,Fulham,Goalkeeper,4.0,0.0,0.0,u,Has joined York City on loan for the rest of the season,2026-09-01T13:25:11.231240Z,0,0,0.1,0.0,0.0,0.0,0,559,2589,5647,,,
2026-09-16T04:52:22+00:00,253,174874,Andersen,10,54,Fulham,Defender,5.0,0.0,0.0,a,,2026-07-23T12:01:23.516350Z,100,100,0.1,0.5,0.5,0.5,1068,1187,11111,7220,,,
2026-09-16T04:52:22+00:00,254,169528,Robinson,10,54,Fulham,Defender,4.5,0.0,0.0,a,,,,,1.4,2.5,2.5,2.5,5763,5830,36679,58526,2,,
2026-09-16T04:52:22+00:00,255,246301,J.Cuenca,10,54,Fulham,Defender,4.5,0.0,0.0,a,,,,,0.0,0.8,0.8,0.8,54,209,1445,1770,,,
2026-09-16T04:52:22+00:00,256,167074,Tete,10,54,Fulham,Defender,4.4,0.0,-0.1,a,,,,,0.2,0.0,0.0,0.0,229,937,1234,8309,,,
2026-09-16T04:52:22+00:00,257,232892,Bassey,10,54,Fulham,Defender,4.5,0.0,0.0,a,,,,,0.7,2.2,2.2,2.2,2202,2087,19558,26320,,,
2026-09-16T04:52:22+00:00,258,166477,Castagne,10,54,Fulham,Defender,4.5,0.0,0.0,a,,,,,0.8,4.8,4.8,4.8,7565,3716,70078,34831,,,
2026-09-16T04:52:22+00:00,261,153133,Iwobi,10,54,Fulham,Midfielder,5.4,0.0,-0.1,a,,,,,0.7,2.2,2.2,2.2,1693,5363,17538,48145,3,,
2026-09-16T04:52:22+00:00,262,209289,Smith Rowe,10,54,Fulham,Midfielder,5.4,0.0,-0.1,a,,,,,0.3,0.8,0.8,0.8,328,2000,3944,18168,,,
2026-09-16T04:52:22+00:00,263,560552,Kevin,10,54,Fulham,Midfielder,5.3,-0.1,-0.2,a,,,,,0.0,0.8,0.8,0.8,384,398,1592,3664,,,
2026-09-16T04:52:22+00:00,264,477555,Bobb,10,54,Fulham,Midfielder,5.5,0.0,0.0,a,,,,,0.3,2.5,2.5,2.5,1285,2262,12546,17492,,,
2026-09-16T04:52:22+00:00,265,207189,Berge,10,54,Fulham,Midfielder,4.9,0.0,-0.1,a,,,,,0.3,2.0,2.0,2.0,1013,1725,5101,15285,,,
2026-09-16T04:52:22+00:00,266,76357,Cairney,10,54,Fulham,Midfielder,4.9,-0.1,-0.1,i,Knee injury - Expected back 10 Oct,2026-08-14T18:00:06.460944Z,0,0,0.0,0.0,0.0,0.0,9,29,95,279,,,
2026-09-16T04:52:22+00:00,268,577725,King,10,54,Fulham,Midfielder,5.5,0.0,0.0,a,,,,,1.5,5.5,5.5,5.5,44064,12318,183478,64436,,,
2026-09-16T04:52:22+00:00,269,184349,Sessegnon,10,54,Fulham,Defender,4.4,0.0,-0.1,d,Groin injury - 75% chance of playing,2026-09-14T11:30:07.403957Z,,75,0.3,0.8,0.8,0.6,210,2539,2425,14947,,,
2026-09-16T04:52:22+00:00,270,153366,Reed,10,54,Fulham,Midfielder,4.4,-0.1,-0.1,a,,,,,1.2,0.0,0.0,0.0,10597,9014,27874,58594,,,
2026-09-16T04:52:22+00:00,271,244042,Muniz,10,54,Fulham,Forward,5.4,0.0,-0.1,a,,,,,0.4,0.8,0.8,0.8,1790,3338,12635,29452,,,
2026-09-16T04:52:22+00:00,272,631786,Kusi-Asare,10,54,Fulham,Forward,4.5,0.0,0.0,a,,,,,5.9,0.0,0.0,0.0,16334,33518,135619,230479,,,
2026-09-16T04:52:22+00:00,569,551466,Gonzalo,10,54,Fulham,Forward,6.0,0.0,0.0,a,,,,,3.6,3.0,3.0,3.0,14120,41714,333558,246931,1,,
2026-09-16T04:52:22+00:00,570,571779,Palacios,10,54,Fulham,Midfielder,5.4,-0.1,-0.1,a,,,,,0.2,2.8,2.8,2.8,573,1398,3944,8670,,,
2026-09-16T04:52:22+00:00,580,463210,Charles,10,54,Fulham,Midfielder,5.0,0.0,0.0,a,,,,,0.1,2.2,2.2,2.2,410,349,1398,3332,,,
2026-09-16T04:52:22+00:00,610,547686,De Fougerolles,10,54,Fulham,Defender,4.0,0.0,0.0,u,has joined  Real Salt Lake on loan for the rest of the seaon.,2026-08-28T11:30:08.336405Z,0,0,0.1,0.0,0.0,0.0,0,776,5787,4354,,,
2026-09-16T04:52:22+00:00,626,616069,Zepa,10,54,Fulham,Midfielder,4.5,0.0,0.0,a,,,,,0.3,0.0,0.0,0.0,879,3109,34050,14466,,,
2026-09-16T04:52:22+00:00,635,551050,Larsson,10,54,Fulham,Midfielder,5.0,0.0,0.0,a,,,,,0.0,1.0,1.0,1.0,108,67,662,175,,,
2026-09-16T04:52:22+00:00,636,500033,Ángel,10,54,Fulham,Midfielder,5.0,0.0,0.0,a,,,,,0.0,0.0,0.0,0.0,52,42,305,110,,,
2026-09-16T04:52:22+00:00,650,442299,Affengruber,10,54,Fulham,Defender,4.5,0.0,0.0,a,,,,,0.0,4.0,4.0,4.0,1401,259,1879,388,,,
2026-09-16T04:52:22+00:00,240,490094,Iroegbunam,11,88,Hull City,Midfielder,5.0,0.0,0.0,a,,2026-08-15T20:00:06.878792Z,100,100,0.0,0.2,0.2,0.2,284,167,948,908,,,
2026-09-16T04:52:22+00:00,273,167825,Phillips,11,88,Hull City,Goalkeeper,4.0,0.0,0.0,a,,,,,1.4,0.0,0.0,0.0,2918,3811,23947,31958,,,
2026-09-16T04:52:22+00:00,274,105666,Butland,11,88,Hull City,Goalkeeper,4.5,0.0,0.0,i,Arm injury - Unknown return date,2026-08-08T19:00:05.601633Z,0,0,0.1,0.0,0.0,0.0,57,384,517,4428,,,
2026-09-16T04:52:22+00:00,275,494950,Cartwright,11,88,Hull City,Goalkeeper,4.0,0.0,0.0,u,Has joined Grimsby Town on loan for the rest of the season,2026-07-29T13:00:27.959925Z,0,0,0.0,0.0,0.0,0.0,0,31,0,292,,,
2026-09-16T04:52:22+00:00,276,444307,Lo-Tutala,11,88,Hull City,Goalkeeper,4.0,0.0,0.0,u,Has joined Colchester United on loan for the rest of the season,2026-08-17T13:50:27.125537Z,0,0,0.0,0.0,0.0,0.0,0,91,0,950,,,
2026-09-16T04:52:22+00:00,277,108416,Egan,11,88,Hull City,Defender,4.1,0.0,0.1,a,,,,,6.8,6.2,6.2,6.2,65425,23333,667803,165757,,,
2026-09-16T04:52:22+00:00,278,501902,Hughes,11,88,Hull City,Defender,3.9,-0.1,-0.1,i,Groin injury - Unknown return date,2026-08-02T09:00:11.030017Z,0,0,0.2,0.0,0.0,0.0,11129,2985,11540,8315,,,
2026-09-16T04:52:22+00:00,279,146426,Ajayi,11,88,Hull City,Defender,4.2,0.0,0.2,a,,2026-08-22T17:30:07.668197Z,100,100,13.7,6.5,6.5,6.5,156232,48481,1217551,211866,,,
2026-09-16T04:52:22+00:00,280,193278,Coyle,11,88,Hull City,Defender,4.0,0.0,0.0,a,,2026-08-29T16:30:08.151841Z,100,100,0.6,3.2,3.2,3.2,7062,2329,20705,21724,,,
2026-09-16T04:52:22+00:00,281,433590,Drameh,11,88,Hull City,Defender,4.0,0.0,0.0,u,Has joined Genoa permanently,2026-09-02T16:09:06.479140Z,0,0,0.0,0.5,0.0,0.0,0,436,2118,4025,,,
2026-09-16T04:52:22+00:00,282,232351,Giles,11,88,Hull City,Defender,4.0,0.0,0.0,a,,,,,2.4,6.0,6.0,6.0,83101,10813,198717,40269,,,
2026-09-16T04:52:22+00:00,283,449428,Jacob,11,88,Hull City,Defender,4.0,0.0,0.0,u,Has joined Newport County on loan until January,2026-08-02T09:00:11.038361Z,0,0,0.0,0.0,0.0,0.0,0,62,114,625,,,
2026-09-16T04:52:22+00:00,284,661800,McCarthy,11,88,Hull City,Defender,4.0,0.0,0.0,a,,,,,0.1,0.0,0.0,0.0,826,550,3994,3761,,,
2026-09-16T04:52:22+00:00,285,160817,McNair,11,88,Hull City,Defender,4.0,0.0,0.0,a,,2026-09-09T13:30:08.327907Z,100,100,0.1,0.2,0.2,0.2,402,518,2630,3910,,,
2026-09-16T04:52:22+00:00,286,540324,Belloumi,11,88,Hull City,Midfielder,5.1,0.1,0.1,a,,,,,3.2,6.8,6.8,6.8,221214,15225,288232,41353,,,
2026-09-16T04:52:22+00:00,287,232905,Millar,11,88,Hull City,Midfielder,5.0,0.0,0.0,u,Has joined Birmingham on loan for the rest of the season,2026-09-02T15:36:41.038103Z,0,0,0.0,1.5,0.0,0.0,0,666,3178,6878,,,
2026-09-16T04:52:22+00:00,288,171270,Dowell,11,88,Hull City,Midfielder,4.5,0.0,0.0,a,,,,,0.3,0.0,0.0,0.0,994,2587,11198,17696,,,
2026-09-16T04:52:22+00:00,289,101282,Crooks,11,88,Hull City,Midfielder,4.5,0.0,0.0,a,,2026-08-29T15:00:08.569326Z,100,100,0.5,0.8,0.8,0.8,2646,3157,17929,33080,,,
2026-09-16T04:52:22+00:00,290,243413,Slater,11,88,Hull City,Midfielder,4.5,0.0,0.0,a,,,,,5.6,3.2,3.2,3.2,38573,32847,458820,210274,,,
2026-09-16T04:52:22+00:00,291,465525,Matazo,11,88,Hull City,Midfielder,4.5,0.0,0.0,i,Knee injury - Unknown return date,2026-07-23T12:01:23.532635Z,0,0,0.0,0.0,0.0,0.0,33,44,317,392,,,
2026-09-16T04:52:22+00:00,292,208481,Ömür,11,88,Hull City,Midfielder,4.9,0.0,-0.1,a,,,,,0.0,0.0,0.0,0.0,199,207,1029,1376,,,
2026-09-16T04:52:22+00:00,293,490161,Kamara,11,88,Hull City,Midfielder,5.0,0.0,0.0,u,Has joined Portsmouth permanently,2026-08-12T14:08:23.542043Z,0,0,0.0,0.0,0.0,0.0,0,17,0,357,,,
2026-09-16T04:52:22+00:00,294,553783,Zambrano,11,88,Hull City,Midfielder,4.5,0.0,0.0,a,,2026-08-04T18:30:11.016909Z,100,100,0.1,0.0,0.0,0.0,911,690,3426,5868,,,
2026-09-16T04:52:22+00:00,295,169432,McBurnie,11,88,Hull City,Forward,5.5,0.0,0.0,a,,,,,2.0,3.0,3.0,3.0,19573,14568,165061,121240,1,,
2026-09-16T04:52:22+00:00,296,213292,Akintola,11,88,Hull City,Midfielder,5.0,0.0,0.0,u,Has joined Omonoia FC permanently,2026-09-11T14:42:38.120231Z,0,0,0.0,0.0,0.0,0.0,0,859,2704,4259,,,
2026-09-16T04:52:22+00:00,297,470294,Gyabi,11,88,Hull City,Midfielder,4.5,0.0,0.0,i,Thigh injury - Unknown return date,2026-08-04T18:30:11.027155Z,0,0,0.0,0.0,0.0,0.0,37,128,365,1379,,,
2026-09-16T04:52:22+00:00,298,500957,Destan,11,88,Hull City,Forward,4.5,0.0,0.0,u,Has joined Konyaspor permanently,2026-08-17T13:50:27.145733Z,0,0,0.2,0.0,0.0,0.0,0,1642,0,19834,,,
2026-09-16T04:52:22+00:00,299,534392,Burstow,11,88,Hull City,Forward,4.5,0.0,0.0,u,Has joined Sheffield Wednesday on loan for the rest of the season,2026-08-03T14:05:20.234842Z,0,0,0.0,0.0,0.0,0.0,0,239,0,2724,,,
2026-09-16T04:52:22+00:00,340,462635,Gelhardt,11,88,Hull City,Midfielder,5.0,0.0,0.0,a,,2026-08-17T21:30:07.799839Z,100,100,0.0,0.0,0.0,0.0,183,141,512,815,,,
2026-09-16T04:52:22+00:00,556,169359,Targett,11,88,Hull City,Defender,4.0,0.0,0.0,a,,,,,1.8,0.2,0.2,0.2,3019,9509,24069,67308,,,
2026-09-16T04:52:22+00:00,563,445028,Morita,11,88,Hull City,Midfielder,5.0,0.0,0.0,i,Calf injury - Expected back 11 Oct,2026-09-09T14:00:08.474217Z,0,0,0.0,0.2,0.0,0.0,13,299,693,1454,,,
2026-09-16T04:52:22+00:00,572,473284,Tzolakis,11,88,Hull City,Goalkeeper,4.6,0.0,0.1,a,,,,,10.9,7.0,7.0,7.0,95284,31633,803894,172669,,,
2026-09-16T04:52:22+00:00,574,552946,Hjertø-Dahl,11,88,Hull City,Midfielder,4.9,0.0,-0.1,a,,,,,0.1,0.2,0.2,0.2,186,452,1258,3746,,,
2026-09-16T04:52:22+00:00,576,608227,Stroud,11,88,Hull City,Midfielder,5.0,0.0,0.0,a,,,,,0.1,1.8,1.8,1.8,358,492,3179,3806,,,
2026-09-16T04:52:22+00:00,585,597462,Herrington,11,88,Hull City,Defender,4.0,0.0,0.0,a,,,,,0.6,1.0,1.0,1.0,2171,2054,10512,15347,,,
2026-09-16T04:52:22+00:00,586,606930,Mendy,11,88,Hull City,Defender,4.1,0.0,0.1,d,Concussion - 50% chance of playing,2026-09-12T18:00:09.334142Z,100,50,7.3,6.2,6.2,3.1,12170,86273,675040,244959,,,
2026-09-16T04:52:22+00:00,589,469266,Gourna-Douath,11,88,Hull City,Midfielder,5.0,0.0,0.0,a,,,,,0.0,0.8,0.8,0.8,98,160,618,1103,,,
2026-09-16T04:52:22+00:00,617,490884,Cho,11,88,Hull City,Midfielder,5.0,0.0,0.0,a,,,,,0.0,1.0,1.0,1.0,238,144,1273,527,,,
2026-09-16T04:52:22+00:00,632,626751,Ansah,11,88,Hull City,Forward,5.0,0.0,0.0,i,Back injury - Unknown return date,2026-09-09T10:00:08.919489Z,0,0,0.0,0.0,0.0,0.0,87,898,4983,2660,,,
2026-09-16T04:52:22+00:00,637,631000,Vaz,11,88,Hull City,Forward,5.0,0.0,0.0,a,,,,,0.1,0.5,0.5,0.5,3339,903,8258,2006,,,
2026-09-16T04:52:22+00:00,638,496181,Norton-Cuffy,11,88,Hull City,Defender,4.0,0.0,0.0,a,,,,,0.3,0.5,0.5,0.5,3452,2280,24054,6529,,,
2026-09-16T04:52:22+00:00,642,243951,Thomas,11,88,Hull City,Midfielder,5.5,0.0,0.0,a,,,,,0.0,1.0,1.0,1.0,812,311,2141,646,,,
2026-09-16T04:52:22+00:00,645,647839,Mouzakitis,11,88,Hull City,Midfielder,5.0,0.0,0.0,a,,,,,0.0,0.0,0.0,0.0,138,69,618,183,,,
2026-09-16T04:52:22+00:00,259,219924,Diop,12,40,Ipswich Town,Defender,4.0,0.0,0.0,a,,,,,13.7,2.0,2.0,2.0,11623,58975,120986,398651,,,
2026-09-16T04:52:22+00:00,267,212314,Lukić,12,40,Ipswich Town,Midfielder,5.0,0.0,0.0,a,,,,,0.1,2.2,2.2,2.2,163,689,2922,5257,,,
2026-09-16T04:52:22+00:00,300,108813,Walton,12,40,Ipswich Town,Goalkeeper,4.4,0.0,-0.1,a,,,,,0.4,0.0,0.0,0.0,529,1222,1451,13029,,,
2026-09-16T04:52:22+00:00,301,112520,Palmer,12,40,Ipswich Town,Goalkeeper,4.0,0.0,0.0,a,,,,,4.0,0.0,0.0,0.0,5226,11235,66639,92334,,,
2026-09-16T04:52:22+00:00,302,50093,Button,12,40,Ipswich Town,Goalkeeper,4.0,0.0,0.0,a,,,,,0.6,0.0,0.0,0.0,1514,1253,28573,12765,,,
2026-09-16T04:52:22+00:00,303,183015,Kipré,12,40,Ipswich Town,Defender,3.9,-0.1,-0.1,a,,,,,0.8,0.0,0.0,0.0,20645,4026,22198,18527,,,
2026-09-16T04:52:22+00:00,304,216616,O'Shea,12,40,Ipswich Town,Defender,4.0,0.0,0.0,a,,,,,2.9,2.0,2.0,2.0,3642,10535,59639,102263,,,
2026-09-16T04:52:22+00:00,305,455084,Davis,12,40,Ipswich Town,Defender,4.0,0.0,0.0,a,,,,,6.2,5.8,5.8,5.8,122861,15408,238687,137181,,,
2026-09-16T04:52:22+00:00,306,449429,Greaves,12,40,Ipswich Town,Defender,4.0,0.0,0.0,a,,,,,1.2,0.8,0.8,0.8,806,3491,7116,30537,,,
2026-09-16T04:52:22+00:00,307,222018,Johnson,12,40,Ipswich Town,Defender,4.0,0.0,0.0,u,Has joined Stoke City on loan for the rest of the season,2026-09-04T12:36:56.236331Z,0,0,0.1,0.0,0.0,0.0,0,672,1137,5442,,,
2026-09-16T04:52:22+00:00,308,176420,Furlong,12,40,Ipswich Town,Defender,4.0,0.0,0.0,a,,,,,0.5,0.2,0.2,0.2,208,1685,1520,14365,,,
2026-09-16T04:52:22+00:00,309,501390,Núñez,12,40,Ipswich Town,Midfielder,4.9,-0.1,-0.1,a,,,,,0.1,1.5,1.5,1.5,176,1059,2856,6299,,,
2026-09-16T04:52:22+00:00,310,241117,Matusiwa,12,40,Ipswich Town,Midfielder,4.9,0.0,-0.1,a,,2026-07-29T18:00:10.305484Z,100,100,0.0,0.0,0.0,0.0,34,17,94,242,,,
2026-09-16T04:52:22+00:00,311,149929,Burns,12,40,Ipswich Town,Midfielder,5.0,0.0,0.0,u,Has joined Leicester City permanently,2026-08-10T14:02:47.597478Z,0,0,0.0,0.0,0.0,0.0,0,13,0,331,,,
2026-09-16T04:52:22+00:00,312,231899,Taylor,12,40,Ipswich Town,Midfielder,4.5,0.0,0.0,i,Knee injury - Unknown return date,2026-07-29T18:00:10.319370Z,0,0,0.0,0.0,0.0,0.0,49,225,526,2257,,,
2026-09-16T04:52:22+00:00,313,443261,Clarke,12,40,Ipswich Town,Midfielder,5.4,0.0,-0.1,a,,,,,0.2,2.2,2.2,2.2,271,1592,5108,13483,1,,
2026-09-16T04:52:22+00:00,314,229164,Ogbene,12,40,Ipswich Town,Midfielder,4.9,0.0,-0.1,u,Has joined Lincoln City on loan until January,2026-09-02T16:04:17.497385Z,0,0,0.0,0.0,0.0,0.0,0,90,104,1077,,,
2026-09-16T04:52:22+00:00,315,531442,Fatawu,12,40,Ipswich Town,Midfielder,5.5,0.0,0.0,a,,,,,0.2,2.2,2.2,2.2,337,1460,5003,9637,,,
2026-09-16T04:52:22+00:00,316,543968,Emersonn,12,40,Ipswich Town,Forward,5.5,0.0,0.0,a,,2026-08-31T09:30:08.306145Z,100,100,2.6,6.0,6.0,6.0,92089,13147,215727,105554,2,,
2026-09-16T04:52:22+00:00,317,222625,Hirst,12,40,Ipswich Town,Forward,5.0,0.0,0.0,u,Has joined Stoke City permanently,2026-08-21T13:06:08.606019Z,0,0,0.1,0.0,0.0,0.0,0,684,0,15916,,,
2026-09-16T04:52:22+00:00,318,481624,Philogene,12,40,Ipswich Town,Midfielder,5.4,0.0,-0.1,a,,2026-08-25T11:30:07.532993Z,100,100,0.1,0.2,0.2,0.2,59,207,244,8926,3,,
2026-09-16T04:52:22+00:00,319,172453,Szmodics,12,40,Ipswich Town,Midfielder,5.0,0.0,0.0,u,Has joined Derby County on loan for the rest of the season,2026-08-17T13:51:41.713979Z,0,0,0.0,0.0,0.0,0.0,0,35,0,722,,,
2026-09-16T04:52:22+00:00,320,147675,Akpom,12,40,Ipswich Town,Forward,5.0,0.0,0.0,a,,,,,1.2,1.5,1.5,1.5,12629,12219,116379,55043,,,
2026-09-16T04:52:22+00:00,321,557012,Walle Egeli,12,40,Ipswich Town,Forward,4.5,0.0,0.0,a,,,,,3.6,0.2,0.2,0.2,34437,24306,284935,159407,,,
2026-09-16T04:52:22+00:00,322,462387,Al-Hamadi,12,40,Ipswich Town,Forward,5.0,0.0,0.0,u,Has joined Sheffield Wednesday on loan for the rest of the season,2026-08-27T14:54:10.215357Z,0,0,0.1,0.0,0.0,0.0,0,542,755,9099,,,
2026-09-16T04:52:22+00:00,323,461587,McAteer,12,40,Ipswich Town,Midfielder,4.5,0.0,0.0,a,,,,,1.1,0.8,0.8,0.8,1470,7605,25831,49427,,,
2026-09-16T04:52:22+00:00,324,232457,Mehmeti,12,40,Ipswich Town,Midfielder,4.9,0.0,-0.1,a,,,,,0.0,0.0,0.0,0.0,31,185,277,2174,,,
2026-09-16T04:52:22+00:00,554,546600,Van Oevelen,12,40,Ipswich Town,Goalkeeper,4.5,0.0,0.0,u,Has joined Valencia on loan for the rest of the season,2026-08-25T14:04:09.529320Z,0,0,0.0,0.0,0.0,0.0,0,148,54,1785,,,
2026-09-16T04:52:22+00:00,562,442967,Maeda,12,40,Ipswich Town,Midfielder,5.4,0.0,-0.1,a,,,,,0.3,1.8,1.8,1.8,144,2225,2648,16624,,,
2026-09-16T04:52:22+00:00,564,240514,Scherpen,12,40,Ipswich Town,Goalkeeper,4.5,0.0,0.0,a,,,,,0.6,1.8,1.8,1.8,1241,1961,12905,18300,,,
2026-09-16T04:52:22+00:00,571,216055,Florentino,12,40,Ipswich Town,Midfielder,4.9,0.0,-0.1,a,,2026-08-25T11:30:07.678802Z,100,100,0.1,0.2,0.2,0.2,105,396,869,6187,,,
2026-09-16T04:52:22+00:00,591,474120,Enciso,12,40,Ipswich Town,Midfielder,5.5,0.0,0.0,a,,2026-08-22T18:00:07.551930Z,100,100,0.9,3.2,3.2,3.2,4615,7944,86714,38765,,,
2026-09-16T04:52:22+00:00,592,572584,Ouattara,12,40,Ipswich Town,Defender,4.0,0.0,0.0,a,,,,,0.9,1.0,1.0,1.0,1635,2965,11851,21623,,,
2026-09-16T04:52:22+00:00,602,524180,Humphreys,12,40,Ipswich Town,Midfielder,4.5,0.0,0.0,u,Has joined Huddersfield Town on loan for the rest of the season,2026-09-02T16:04:17.524642Z,0,0,0.0,0.0,0.0,0.0,0,343,2861,2848,,,
2026-09-16T04:52:22+00:00,619,218543,Palacios,12,40,Ipswich Town,Midfielder,5.0,0.0,0.0,a,,,,,0.0,3.0,3.0,3.0,1671,510,5403,1771,,,
2026-09-16T04:52:22+00:00,640,431639,Flemming,12,40,Ipswich Town,Forward,5.5,0.0,0.0,a,,,,,0.1,3.0,3.0,3.0,2424,602,6709,1524,,,
2026-09-16T04:52:22+00:00,260,153682,Wilson,13,2,Leeds,Midfielder,6.3,0.0,-0.2,a,,,,,2.5,1.2,1.2,1.2,2086,33876,27600,372031,,,
2026-09-16T04:52:22+00:00,326,201595,Perri,13,2,Leeds,Goalkeeper,4.5,0.0,0.0,u,Has joined Torino on loan for the rest of the season,2026-09-01T13:12:39.210133Z,0,0,0.3,0.0,0.0,0.0,0,2005,532,23746,,,
2026-09-16T04:52:22+00:00,327,434752,Bijol,13,2,Leeds,Defender,5.0,0.0,0.0,a,,,,,0.8,3.0,3.0,3.0,2050,7506,66548,48056,,,
2026-09-16T04:52:22+00:00,329,214225,Rodon,13,2,Leeds,Defender,4.4,0.0,-0.1,i,Hamstring injury - Expected back 21 Nov,2026-08-30T16:00:08.564382Z,0,0,1.0,1.8,0.0,0.0,43,15384,26881,268429,,,
2026-09-16T04:52:22+00:00,330,226182,Bogle,13,2,Leeds,Defender,4.5,0.0,0.0,a,,,,,3.4,9.2,9.2,9.2,126075,9702,259045,42280,,,
2026-09-16T04:52:22+00:00,331,243526,Gudmundsson,13,2,Leeds,Defender,4.5,0.0,0.0,a,,2026-08-08T20:00:07.546568Z,100,100,0.1,2.0,2.0,2.0,765,283,2623,2193,,,
2026-09-16T04:52:22+00:00,332,220627,Justin,13,2,Leeds,Defender,4.5,0.0,0.0,a,,,,,1.5,4.5,4.5,4.5,4419,6515,111337,59460,,,
2026-09-16T04:52:22+00:00,333,437738,Bornauw,13,2,Leeds,Defender,4.5,0.0,0.0,u,Has joined Hamburg SV on loan for the rest of the season,2026-08-19T13:56:14.645970Z,0,0,0.0,0.0,0.0,0.0,0,15,0,287,,,
2026-09-16T04:52:22+00:00,334,522047,Muharemović,13,2,Leeds,Defender,5.0,0.0,0.0,a,,,,,4.0,5.2,5.2,5.2,25401,12195,222597,135137,,,
2026-09-16T04:52:22+00:00,335,466525,Stach,13,2,Leeds,Midfielder,6.0,0.0,0.0,a,,,,,2.7,5.5,5.5,5.5,10011,18341,183252,130663,,,
2026-09-16T04:52:22+00:00,336,435997,Okafor,13,2,Leeds,Midfielder,5.8,-0.1,-0.2,a,,,,,0.3,3.8,3.8,3.8,6975,2469,12910,29194,,,
2026-09-16T04:52:22+00:00,337,427637,Aaronson,13,2,Leeds,Midfielder,5.4,0.0,-0.1,a,,,,,0.5,1.5,1.5,1.5,486,4427,6200,40366,,,
2026-09-16T04:52:22+00:00,338,199598,Ampadu,13,2,Leeds,Midfielder,5.4,0.0,-0.1,a,,,,,1.0,4.0,4.0,4.0,2380,5687,13062,51415,,,
2026-09-16T04:52:22+00:00,339,180135,Longstaff,13,2,Leeds,Midfielder,4.9,0.0,-0.1,a,,,,,0.1,0.5,0.5,0.5,274,778,2181,6819,,,
2026-09-16T04:52:22+00:00,341,492859,Gnonto,13,2,Leeds,Midfielder,5.0,0.0,0.0,u,Has joined ACF Fiorentina on loan for the rest of the season,2026-09-02T16:04:47.189648Z,0,0,0.0,0.0,0.0,0.0,0,117,244,1696,,,
2026-09-16T04:52:22+00:00,342,221399,Harrison,13,2,Leeds,Midfielder,5.0,0.0,0.0,u,Has joined New England Revolution permanently,2026-07-28T12:59:09.492431Z,0,0,0.0,0.0,0.0,0.0,0,6,0,70,,,
2026-09-16T04:52:22+00:00,343,200617,James,13,2,Leeds,Midfielder,4.9,-0.1,-0.1,a,,,,,0.1,0.5,0.5,0.5,411,792,3659,6812,,,
2026-09-16T04:52:22+00:00,344,486520,Gruev,13,2,Leeds,Midfielder,5.0,0.0,0.0,d,Knee injury - 25% chance of playing,2026-08-14T23:00:06.272027Z,25,25,0.0,0.0,0.0,0.0,10,25,65,283,,,
2026-09-16T04:52:22+00:00,345,248056,Tanaka,13,2,Leeds,Midfielder,4.9,0.0,-0.1,a,,,,,0.3,3.0,3.0,3.0,4292,1626,14404,13528,,,
2026-09-16T04:52:22+00:00,346,177815,Calvert-Lewin,13,2,Leeds,Forward,6.0,0.0,0.0,a,,,,,22.7,5.0,5.0,5.0,152348,90771,535544,1100739,1,,
2026-09-16T04:52:22+00:00,347,174594,Nmecha,13,2,Leeds,Forward,5.4,0.0,-0.1,a,,,,,0.5,1.5,1.5,1.5,3433,3988,17400,29748,2,,
2026-09-16T04:52:22+00:00,348,235826,Piroe,13,2,Leeds,Forward,5.0,0.0,0.0,u,Has joined West Ham United on loan for the rest of the season,2026-08-19T13:56:14.666726Z,0,0,0.1,0.0,0.0,0.0,0,595,0,10407,3,,
2026-09-16T04:52:22+00:00,349,565297,Mateo Joseph,13,2,Leeds,Forward,4.5,0.0,0.0,i,Knee injury - Unknown return date,2026-07-29T18:00:10.338170Z,0,0,0.1,0.0,0.0,0.0,381,406,2428,3571,,,
2026-09-16T04:52:22+00:00,385,432720,Trafford,13,2,Leeds,Goalkeeper,5.0,0.0,0.0,a,,,,,5.4,4.5,4.5,4.5,15700,19238,225359,132285,,,
2026-09-16T04:52:22+00:00,598,173774,Elvedi,13,2,Leeds,Defender,4.5,0.0,0.0,a,,,,,0.0,1.8,1.8,1.8,416,234,4273,2317,,,
2026-09-16T04:52:22+00:00,603,643970,Lienou,13,2,Leeds,Defender,4.0,0.0,0.0,a,,,,,0.1,0.0,0.0,0.0,754,601,6204,3094,,,
2026-09-16T04:52:22+00:00,604,592740,Cresswell,13,2,Leeds,Midfielder,4.5,0.0,0.0,a,,,,,0.1,0.0,0.0,0.0,883,1141,13277,6236,,,
2026-09-16T04:52:22+00:00,625,97846,Cairns,13,2,Leeds,Goalkeeper,4.0,0.0,0.0,a,,,,,0.2,0.0,0.0,0.0,2059,850,17551,4547,,,
2026-09-16T04:52:22+00:00,629,155465,Zetterer,13,2,Leeds,Goalkeeper,4.0,0.0,0.0,a,,,,,0.6,0.0,0.0,0.0,11686,2737,48170,9142,,,
2026-09-16T04:52:22+00:00,641,437497,Bard,13,2,Leeds,Defender,4.5,0.0,0.0,a,,,,,0.0,0.5,0.5,0.5,229,76,728,209,,,
2026-09-16T04:52:22+00:00,648,587982,Bahoya,13,2,Leeds,Midfielder,5.0,0.0,0.0,a,,,,,0.0,0.0,0.0,0.0,235,241,2004,799,,,
2026-09-16T04:52:22+00:00,350,116535,A.Becker,14,14,Liverpool,Goalkeeper,5.5,0.0,0.0,a,,,,,3.9,4.8,4.8,4.8,12989,12853,126238,121895,,,
2026-09-16T04:52:22+00:00,351,449027,Mamardashvili,14,14,Liverpool,Goalkeeper,4.9,0.0,-0.1,a,,,,,0.1,0.0,0.0,0.0,244,902,2417,7635,,,
2026-09-16T04:52:22+00:00,352,155503,Woodman,14,14,Liverpool,Goalkeeper,4.0,0.0,0.0,a,,,,,1.0,0.0,0.0,0.0,1567,2760,16566,23162,,,
2026-09-16T04:52:22+00:00,353,586268,Pecsi,14,14,Liverpool,Goalkeeper,4.0,0.0,0.0,u,Has joined TSV Hartberg on loan for the rest of the season,2026-08-18T14:11:18.638344Z,0,0,0.0,0.0,0.0,0.0,0,61,0,979,,,
2026-09-16T04:52:22+00:00,354,432987,Jaros,14,14,Liverpool,Goalkeeper,4.0,0.0,0.0,i,Knee injury - Unknown return date,2026-07-29T18:00:10.351066Z,0,0,0.0,0.0,0.0,0.0,131,73,1410,998,,,
2026-09-16T04:52:22+00:00,355,464353,Davies,14,14,Liverpool,Goalkeeper,4.0,0.0,0.0,a,,,,,0.2,0.0,0.0,0.0,524,483,4080,3463,,,
2026-09-16T04:52:22+00:00,356,97032,Virgil,14,14,Liverpool,Defender,6.5,0.0,0.0,a,,,,,16.7,4.2,4.2,4.2,22513,46495,244552,527130,,,
2026-09-16T04:52:22+00:00,357,216094,Frimpong,14,14,Liverpool,Defender,5.4,0.0,-0.1,a,,,,,2.0,0.5,0.5,0.5,1785,24796,56128,215376,,,
2026-09-16T04:52:22+00:00,358,544877,Kerkez,14,14,Liverpool,Defender,5.4,0.0,-0.1,a,,,,,2.5,1.8,1.8,1.8,1576,25392,43558,159292,,,
2026-09-16T04:52:22+00:00,359,171287,Gomez,14,14,Liverpool,Defender,4.9,-0.1,-0.1,d,Muscular injury - 75% chance of playing,2026-07-26T08:30:10.078473Z,0,75,0.0,0.0,0.0,0.0,32,84,255,1029,,,
2026-09-16T04:52:22+00:00,360,492777,Bradley,14,14,Liverpool,Defender,5.0,0.0,0.0,i,Knee injury - Unknown return date,2026-07-23T12:01:23.565711Z,0,0,0.0,0.0,0.0,0.0,31,75,291,673,,,
2026-09-16T04:52:22+00:00,361,519440,Lucky,14,14,Liverpool,Defender,4.0,0.0,0.0,a,,,,,0.1,0.0,0.0,0.0,481,719,3341,4761,,,
2026-09-16T04:52:22+00:00,362,606702,Jacquet,14,14,Liverpool,Defender,5.0,0.0,0.0,a,,2026-07-23T12:01:23.581126Z,100,100,3.1,4.5,4.5,4.5,46465,9843,174593,100865,,,
2026-09-16T04:52:22+00:00,363,647681,Leoni,14,14,Liverpool,Defender,4.0,0.0,0.0,i,Knee injury - Unknown return date,2026-07-23T12:01:23.596909Z,0,0,0.0,0.0,0.0,0.0,86,226,761,1820,,,
2026-09-16T04:52:22+00:00,364,214285,Tsimikas,14,14,Liverpool,Defender,4.9,0.0,-0.1,a,,,,,0.1,0.5,0.5,0.5,228,391,1416,3756,,,
2026-09-16T04:52:22+00:00,365,489580,Ramsay,14,14,Liverpool,Defender,4.0,0.0,0.0,u,Has joined St Mirren on loan for the rest of the season,2026-08-26T14:05:26.748768Z,0,0,0.1,0.0,0.0,0.0,0,667,638,11701,,,
2026-09-16T04:52:22+00:00,366,494595,Wirtz,14,14,Liverpool,Midfielder,7.4,0.0,-0.1,a,,,,,6.9,3.0,3.0,3.0,3344,93375,127875,637186,4,,
2026-09-16T04:52:22+00:00,367,243298,Gakpo,14,14,Liverpool,Midfielder,7.2,0.0,0.2,a,,2026-09-09T18:30:08.772955Z,75,100,12.2,7.2,5.4,7.2,79436,105518,1190172,576982,3,,
2026-09-16T04:52:22+00:00,368,424876,Szoboszlai,14,14,Liverpool,Midfielder,7.0,0.0,0.0,a,,,,,35.9,4.5,4.5,4.5,41007,290514,841671,1261151,1,,
2026-09-16T04:52:22+00:00,369,611922,Ngumoha,14,14,Liverpool,Midfielder,5.8,0.0,-0.2,a,,,,,0.5,1.0,1.0,1.0,1049,6391,13091,80090,,,
2026-09-16T04:52:22+00:00,370,223541,Chiesa,14,14,Liverpool,Midfielder,5.4,0.0,-0.1,i,Back injury - Unknown return date,2026-08-27T13:30:07.598926Z,0,0,0.0,0.0,0.0,0.0,15,435,664,9611,,,
2026-09-16T04:52:22+00:00,371,441266,Gravenberch,14,14,Liverpool,Midfielder,5.9,0.0,-0.1,a,,,,,1.2,2.0,2.0,2.0,2340,14133,33274,112558,,,
2026-09-16T04:52:22+00:00,372,243016,Mac Allister,14,14,Liverpool,Midfielder,5.4,0.0,-0.1,a,,,,,1.3,1.5,1.5,1.5,5578,12185,35763,82564,5,,
2026-09-16T04:52:22+00:00,373,206915,C.Jones,14,14,Liverpool,Midfielder,5.5,0.0,0.0,u,Has joined Internazionale permanently,2026-08-16T18:30:07.426408Z,0,0,0.0,0.0,0.0,0.0,0,91,34,2521,,,
2026-09-16T04:52:22+00:00,374,158983,Endo,14,14,Liverpool,Midfielder,4.9,0.0,-0.1,a,,2026-07-23T12:01:23.612529Z,100,100,0.1,0.0,0.0,0.0,249,548,2063,4078,,,
2026-09-16T04:52:22+00:00,375,591386,Nyoni,14,14,Liverpool,Midfielder,4.9,0.0,-0.1,a,,,,,0.0,0.5,0.5,0.5,103,356,1172,2563,,,
2026-09-16T04:52:22+00:00,376,535928,Bajcetic,14,14,Liverpool,Midfielder,5.0,0.0,0.0,u,Has joined Celta Vigo permanently,2026-07-23T12:01:23.628373Z,0,0,0.0,0.0,0.0,0.0,0,4,19,99,,,
2026-09-16T04:52:22+00:00,377,551499,Munoz,14,14,Liverpool,Midfielder,6.5,0.0,0.0,a,,,,,1.1,3.5,3.5,3.5,3608,18211,113969,77942,,,
2026-09-16T04:52:22+00:00,378,491501,McConnell,14,14,Liverpool,Midfielder,4.4,-0.1,-0.1,a,,,,,0.2,0.0,0.0,0.0,1383,1431,4540,10268,,,
2026-09-16T04:52:22+00:00,379,219168,Isak,14,14,Liverpool,Forward,9.1,0.0,0.1,a,,,,,22.0,6.2,6.2,6.2,61947,137311,1049210,554348,2,,
2026-09-16T04:52:22+00:00,380,510663,Ekitiké,14,14,Liverpool,Forward,7.4,0.0,-0.1,i,Achilles injury - Unknown return date,2026-07-23T12:01:23.643771Z,0,0,0.1,0.0,0.0,0.0,237,777,2116,10057,,,
2026-09-16T04:52:22+00:00,381,514514,Koumas,14,14,Liverpool,Midfielder,5.0,0.0,0.0,a,,,,,0.0,0.5,0.5,0.5,109,182,581,1088,,,
2026-09-16T04:52:22+00:00,382,500058,Danns,14,14,Liverpool,Forward,4.5,0.0,0.0,a,,2026-07-23T12:01:23.659279Z,100,100,0.2,0.0,0.0,0.0,4733,1647,14973,5585,,,
2026-09-16T04:52:22+00:00,383,444884,Elliott,14,14,Liverpool,Midfielder,5.4,0.0,-0.1,u,Has joined Valencia on loan for the rest of the season,2026-09-02T16:05:49.104326Z,0,0,0.0,0.0,0.0,0.0,0,401,907,5745,,,
2026-09-16T04:52:22+00:00,579,445087,Araujo,14,14,Liverpool,Defender,5.4,0.0,-0.1,a,,,,,2.9,3.8,3.8,3.8,25080,9457,120223,141658,,,
2026-09-16T04:52:22+00:00,627,482616,Barcola,14,14,Liverpool,Midfielder,8.0,0.0,0.0,a,,,,,2.0,2.0,2.0,2.0,15517,26672,268109,92151,,,
2026-09-16T04:52:22+00:00,155,448047,Enzo,15,43,Man City,Midfielder,6.9,0.0,-0.1,a,,,,,3.4,1.5,1.5,1.5,29709,18467,114825,292450,,,
2026-09-16T04:52:22+00:00,237,440993,Ndiaye,15,43,Man City,Midfielder,5.9,0.0,-0.1,a,,,,,7.9,4.2,4.2,4.2,21360,106347,268741,983210,,,
2026-09-16T04:52:22+00:00,384,204936,Donnarumma,15,43,Man City,Goalkeeper,5.5,0.0,0.0,a,,,,,7.6,4.2,4.2,4.2,25960,24644,163342,268137,,,
2026-09-16T04:52:22+00:00,386,122074,Bettinelli,15,43,Man City,Goalkeeper,4.5,0.0,0.0,a,,,,,0.0,0.0,0.0,0.0,47,121,482,971,,,
2026-09-16T04:52:22+00:00,387,472769,O'Reilly,15,43,Man City,Defender,6.4,0.0,-0.1,a,,2026-09-05T18:00:06.379802Z,100,100,12.3,1.2,1.2,1.2,7452,102438,181978,1047888,,,
2026-09-16T04:52:22+00:00,388,209036,Guéhi,15,43,Man City,Defender,6.0,0.0,0.0,a,,,,,18.5,6.5,6.5,6.5,48749,41706,444620,380970,,,
2026-09-16T04:52:22+00:00,389,465351,Matheus N.,15,43,Man City,Defender,5.9,0.0,-0.1,a,,2026-08-27T11:30:08.171622Z,100,100,1.0,2.5,2.5,2.5,3667,2386,9578,69305,4,,
2026-09-16T04:52:22+00:00,390,171314,Rúben,15,43,Man City,Defender,5.5,0.0,0.0,a,,,,,1.9,4.0,4.0,4.0,11559,6176,52865,60230,,,
2026-09-16T04:52:22+00:00,391,477424,Gvardiol,15,43,Man City,Defender,5.7,0.1,0.2,a,,,,,23.3,8.2,8.2,8.2,297240,21531,1389732,340658,,,
2026-09-16T04:52:22+00:00,392,448514,Aït-Nouri,15,43,Man City,Defender,5.3,0.0,-0.2,a,,,,,0.4,0.0,0.0,0.0,829,3813,6820,56992,,,
2026-09-16T04:52:22+00:00,393,578153,Khusanov,15,43,Man City,Defender,5.4,-0.1,-0.1,a,,,,,1.5,2.2,2.2,2.2,2190,11934,24183,64924,,,
2026-09-16T04:52:22+00:00,394,494307,Alleyne,15,43,Man City,Defender,5.0,0.0,0.0,u,Has joined Burnley on loan for the rest of the season,2026-08-18T14:11:56.324656Z,0,0,0.0,0.0,0.0,0.0,0,22,0,581,,,
2026-09-16T04:52:22+00:00,395,477064,Lewis,15,43,Man City,Defender,4.4,0.0,-0.1,a,,,,,0.2,0.2,0.2,0.2,756,1691,7565,14026,,,
2026-09-16T04:52:22+00:00,396,616222,Vitor Reis,15,43,Man City,Defender,4.5,0.0,0.0,a,,,,,0.0,0.2,0.2,0.2,112,168,436,953,,,
2026-09-16T04:52:22+00:00,397,437730,Semenyo,15,43,Man City,Midfielder,8.4,0.0,-0.1,a,,,,,15.4,4.0,4.0,4.0,17896,94020,171388,1059883,2,,
2026-09-16T04:52:22+00:00,398,209244,Foden,15,43,Man City,Midfielder,7.0,0.0,0.0,s,Suspended until 17 Oct,2026-09-13T17:00:09.433455Z,,0,3.0,2.2,2.2,0.0,1957,104698,303147,435785,,,
2026-09-16T04:52:22+00:00,399,466052,Cherki,15,43,Man City,Midfielder,7.8,0.0,0.3,a,,,,,28.4,6.5,6.5,6.5,79146,169069,2463303,746776,,,
2026-09-16T04:52:22+00:00,400,248875,Doku,15,43,Man City,Midfielder,7.4,0.0,-0.1,i,Calf injury - Expected back 20 Sep,2026-08-18T17:00:08.385597Z,0,0,0.7,0.0,0.0,0.0,163,4417,1359,123532,3,,
2026-09-16T04:52:22+00:00,402,220566,Rodrigo,15,43,Man City,Midfielder,6.5,0.0,0.0,u,Has joined Barcelona permanently,2026-07-23T12:01:23.675537Z,0,0,0.0,0.0,0.0,0.0,0,37,0,1189,,,
2026-09-16T04:52:22+00:00,404,433036,Reijnders,15,43,Man City,Midfielder,6.0,0.0,0.0,u,Has joined Al Qadsiah permanently,2026-08-20T14:02:58.154273Z,0,0,0.0,0.0,0.0,0.0,0,155,0,8016,,,
2026-09-16T04:52:22+00:00,406,91651,Kovačić,15,43,Man City,Midfielder,5.4,0.0,-0.1,a,,,,,0.1,0.5,0.5,0.5,158,625,2059,5482,,,
2026-09-16T04:52:22+00:00,407,575204,Echeverri,15,43,Man City,Midfielder,4.9,0.0,-0.1,u,Has joined Benfica on loan for the rest of the season,2026-09-03T15:41:24.710479Z,0,0,0.0,0.0,0.0,0.0,0,88,250,1241,,,
2026-09-16T04:52:22+00:00,408,155405,Phillips,15,43,Man City,Midfielder,5.0,0.0,0.0,u,Has joined Sheffield United on loan for the rest of the season,2026-08-18T14:11:56.348781Z,0,0,0.0,0.0,0.0,0.0,0,24,0,544,,,
2026-09-16T04:52:22+00:00,409,590039,Mukasa,15,43,Man City,Midfielder,4.5,0.0,0.0,u,has joined West Ham on loan for the rest of the seaon.,2026-09-03T10:34:10.733520Z,0,0,0.1,0.0,0.0,0.0,0,1020,1621,10889,,,
2026-09-16T04:52:22+00:00,410,649208,Monga,15,43,Man City,Midfielder,4.9,0.0,-0.1,u,Has joined Swansea City on loan for the rest of the season,2026-09-02T16:02:01.136760Z,0,0,0.0,0.0,0.0,0.0,0,85,219,1183,,,
2026-09-16T04:52:22+00:00,411,223094,Haaland,15,43,Man City,Forward,15.5,0.0,0.0,a,,,,,72.4,8.2,8.2,8.2,97560,16054,745925,293291,1,,
2026-09-16T04:52:22+00:00,481,215379,Anderson,15,43,Man City,Midfielder,6.3,0.0,-0.2,a,,2026-08-23T17:00:07.952697Z,100,100,4.2,3.2,3.2,3.2,16774,21570,84519,400899,,,
2026-09-16T04:52:22+00:00,587,106921,Rulli,15,43,Man City,Goalkeeper,5.0,0.0,0.0,a,,,,,0.0,0.0,0.0,0.0,103,126,473,946,,,
2026-09-16T04:52:22+00:00,616,637238,Bouaddi,15,43,Man City,Midfielder,5.5,0.0,0.0,a,,,,,0.2,0.7,0.7,0.7,1977,2601,19230,10170,,,
2026-09-16T04:52:22+00:00,621,616288,McAidoo,15,43,Man City,Midfielder,4.5,0.0,0.0,a,,,,,0.1,0.7,0.7,0.7,690,1255,10954,5406,,,
2026-09-16T04:52:22+00:00,622,554054,Braithwaite,15,43,Man City,Defender,4.0,0.0,0.0,a,,,,,0.2,0.3,0.3,0.3,1597,1750,15501,6676,,,
2026-09-16T04:52:22+00:00,628,624777,Allan,15,43,Man City,Midfielder,6.0,0.0,0.0,a,,,,,0.0,0.0,0.0,0.0,171,148,780,427,,,
2026-09-16T04:52:22+00:00,653,595480,Samba,15,43,Man City,Midfielder,4.5,0.0,0.0,a,,,,,0.0,0.0,0.0,0.0,419,592,3317,1400,,,
2026-09-16T04:52:22+00:00,43,166989,Tielemans,16,1,Man Utd,Midfielder,5.8,-0.1,-0.2,a,,2026-07-23T12:01:23.321726Z,100,100,1.6,2.5,2.5,2.5,5310,14673,38587,140120,3,,
2026-09-16T04:52:22+00:00,131,535301,Baleba,16,1,Man Utd,Midfielder,4.9,-0.1,-0.1,i,Ankle injury - Expected back 19 Sep,2026-08-06T16:00:10.997714Z,0,0,0.1,0.0,0.0,0.0,404,1123,5207,13048,,,
2026-09-16T04:52:22+00:00,162,532605,Andrey Santos,16,1,Man Utd,Midfielder,4.8,-0.1,-0.2,a,,,,,0.6,1.0,1.0,1.0,1836,7694,20165,63852,,,
2026-09-16T04:52:22+00:00,325,59735,Darlow,16,1,Man Utd,Goalkeeper,4.5,0.0,0.0,a,,2026-07-23T12:01:23.549136Z,100,100,0.0,0.0,0.0,0.0,106,196,944,1260,,,
2026-09-16T04:52:22+00:00,412,465247,Lammens,16,1,Man Utd,Goalkeeper,4.9,-0.1,-0.1,a,,,,,10.8,1.8,1.8,1.8,9131,68586,87424,586853,,,
2026-09-16T04:52:22+00:00,413,451302,Bayindir,16,1,Man Utd,Goalkeeper,4.5,0.0,0.0,u,Has joined Celta Vigo on loan for the rest of the season,2026-08-10T14:02:28.608415Z,0,0,0.0,0.0,0.0,0.0,0,60,0,1077,,,
2026-09-16T04:52:22+00:00,414,21205,Heaton,16,1,Man Utd,Goalkeeper,4.0,0.0,0.0,i,Hamstring injury - Unknown return date,2026-08-15T16:00:07.854151Z,0,0,0.1,0.0,0.0,0.0,193,257,1738,3053,,,
2026-09-16T04:52:22+00:00,415,596777,Dorgu,16,1,Man Utd,Midfielder,5.8,0.0,-0.2,a,,,,,0.6,1.5,1.5,1.5,1939,5065,12040,89457,,,
2026-09-16T04:52:22+00:00,416,209365,De Ligt,16,1,Man Utd,Defender,5.0,0.0,0.0,i,Back injury - Unknown return date,2026-07-23T12:01:23.690880Z,0,0,0.0,0.0,0.0,0.0,54,136,354,1361,,,
2026-09-16T04:52:22+00:00,417,216051,Dalot,16,1,Man Utd,Defender,4.9,0.0,-0.1,a,,,,,1.8,1.5,1.5,1.5,2398,10452,23481,118771,,,
2026-09-16T04:52:22+00:00,418,95658,Maguire,16,1,Man Utd,Defender,4.9,0.0,-0.1,a,,,,,10.1,2.0,2.0,2.0,9125,71164,129145,844399,,,
2026-09-16T04:52:22+00:00,419,221820,Martinez,16,1,Man Utd,Defender,5.0,0.0,0.0,a,,2026-07-24T20:00:10.337107Z,100,100,1.3,1.5,1.5,1.5,7328,5317,29738,56477,,,
2026-09-16T04:52:22+00:00,420,550864,Yoro,16,1,Man Utd,Defender,4.9,0.0,-0.1,a,,,,,0.5,0.5,0.5,0.5,421,3087,4586,31990,,,
2026-09-16T04:52:22+00:00,421,606745,Heaven,16,1,Man Utd,Defender,4.4,0.0,-0.1,a,,,,,0.3,0.2,0.2,0.2,416,2182,5573,21132,,,
2026-09-16T04:52:22+00:00,422,230001,Mazraoui,16,1,Man Utd,Defender,4.4,0.0,-0.1,a,,,,,0.5,0.8,0.8,0.8,1791,4830,12991,35001,,,
2026-09-16T04:52:22+00:00,423,106760,Shaw,16,1,Man Utd,Defender,4.4,0.0,-0.1,d,Unspecified injury - 75% chance of playing,2026-09-11T13:00:09.030120Z,75,75,10.2,1.8,1.4,1.4,1665,166659,96922,1035678,,,
2026-09-16T04:52:22+00:00,424,577974,Amass,16,1,Man Utd,Defender,4.0,0.0,0.0,a,,,,,0.2,0.0,0.0,0.0,868,1037,5378,7354,,,
2026-09-16T04:52:22+00:00,425,547676,Fredricson,16,1,Man Utd,Defender,4.0,0.0,0.0,u,Has joined Lausanne-Sport permanently,2026-08-18T14:12:31.904433Z,0,0,0.0,0.0,0.0,0.0,0,77,0,1238,,,
2026-09-16T04:52:22+00:00,426,141746,B.Fernandes,16,1,Man Utd,Midfielder,12.0,0.0,0.0,a,,,,,41.6,7.2,7.2,7.2,41278,163335,584650,1465826,1,,
2026-09-16T04:52:22+00:00,427,446008,Mbeumo,16,1,Man Utd,Midfielder,7.9,0.0,-0.1,a,,,,,22.7,5.8,5.8,5.8,50793,137301,382296,1721796,2,,
2026-09-16T04:52:22+00:00,428,430871,Cunha,16,1,Man Utd,Midfielder,7.9,0.0,-0.1,a,,,,,6.1,4.0,4.0,4.0,7267,47083,69456,448063,,,
2026-09-16T04:52:22+00:00,429,176297,Rashford,16,1,Man Utd,Midfielder,7.0,0.0,0.0,a,,,,,1.6,2.0,2.0,2.0,11682,12407,74321,100583,,,
2026-09-16T04:52:22+00:00,430,184341,Mount,16,1,Man Utd,Midfielder,5.4,0.0,-0.1,a,,2026-08-15T16:00:07.879135Z,100,100,0.0,0.0,0.0,0.0,181,174,548,1677,,,
2026-09-16T04:52:22+00:00,431,493250,Amad,16,1,Man Utd,Midfielder,5.7,-0.1,-0.3,i,Unspecified injury - Unknown return date,2026-08-22T11:00:08.617283Z,0,0,0.3,0.0,0.0,0.0,46,3312,2013,119154,,,
2026-09-16T04:52:22+00:00,432,516895,Mainoo,16,1,Man Utd,Midfielder,5.5,0.0,0.0,a,,,,,1.6,4.5,4.5,4.5,21404,7012,74503,46024,,,
2026-09-16T04:52:22+00:00,433,232112,Ugarte,16,1,Man Utd,Midfielder,5.0,0.0,0.0,i,Knee injury - Unknown return date,2026-07-23T12:01:23.706702Z,0,0,0.0,0.0,0.0,0.0,9,22,90,226,,,
2026-09-16T04:52:22+00:00,434,547037,J.Fletcher,16,1,Man Utd,Midfielder,4.9,0.0,-0.1,a,,,,,0.0,0.0,0.0,0.0,37,78,263,601,,,
2026-09-16T04:52:22+00:00,435,576628,Lacey,16,1,Man Utd,Midfielder,4.9,0.0,-0.1,a,,,,,0.0,0.2,0.2,0.2,96,357,918,2759,,,
2026-09-16T04:52:22+00:00,436,490881,Collyer,16,1,Man Utd,Midfielder,5.0,0.0,0.0,u,Has joined West Brom permanently,2026-09-01T13:16:48.584385Z,0,0,0.0,0.0,0.0,0.0,0,89,150,961,,,
2026-09-16T04:52:22+00:00,437,576620,Bendito Mantato,16,1,Man Utd,Midfielder,4.5,0.0,0.0,a,,,,,0.2,0.0,0.0,0.0,417,1062,4457,8140,,,
2026-09-16T04:52:22+00:00,438,519913,Fletcher,16,1,Man Utd,Midfielder,4.4,-0.1,-0.1,a,,,,,0.3,0.0,0.0,0.0,462,1688,4994,13170,,,
2026-09-16T04:52:22+00:00,439,485711,Šeško,16,1,Man Utd,Forward,7.0,0.0,0.0,a,,2026-07-23T12:01:23.722029Z,100,100,1.7,2.0,2.0,2.0,13629,12929,86109,99273,,,
2026-09-16T04:52:22+00:00,440,458249,Zirkzee,16,1,Man Utd,Forward,5.4,0.0,-0.1,a,,,,,0.4,0.2,0.2,0.2,1700,3474,12974,37974,,,
2026-09-16T04:52:22+00:00,441,596047,Obi,16,1,Man Utd,Forward,4.5,0.0,0.0,u,Has joined Willem II on loan for the rest of the season,2026-09-14T16:12:42.090874Z,,0,1.1,0.0,0.0,0.0,5061,11818,45543,53498,,,
2026-09-16T04:52:22+00:00,405,465694,N.Gonzalez,17,4,Newcastle,Midfielder,5.5,0.0,0.0,d,Concussion - 50% chance of playing,2026-09-14T21:30:07.343728Z,,50,0.2,1.2,1.2,0.6,1072,3017,17429,11351,,,
2026-09-16T04:52:22+00:00,442,98747,Pope,17,4,Newcastle,Goalkeeper,4.9,0.0,-0.1,a,,,,,1.0,0.0,0.0,0.0,1094,4430,11756,47918,,,
2026-09-16T04:52:22+00:00,443,81441,Gillespie,17,4,Newcastle,Goalkeeper,4.5,0.0,0.0,a,,,,,0.0,0.0,0.0,0.0,105,125,647,1029,,,
2026-09-16T04:52:22+00:00,444,554578,Jaouen,17,4,Newcastle,Goalkeeper,4.5,0.0,0.0,d,Ankle injury - 50% chance of playing,2026-09-10T16:00:09.127466Z,50,50,0.0,0.0,0.0,0.0,10,158,413,1308,,,
2026-09-16T04:52:22+00:00,445,465642,Thiaw,17,4,Newcastle,Defender,5.0,0.0,0.0,a,,,,,2.2,2.5,2.5,2.5,12317,13406,152649,101569,,,
2026-09-16T04:52:22+00:00,446,119471,Schär,17,4,Newcastle,Defender,4.9,-0.1,-0.1,a,,2026-08-15T16:30:07.209742Z,100,100,0.2,0.2,0.2,0.2,730,1473,6120,11907,,,
2026-09-16T04:52:22+00:00,447,220237,Botman,17,4,Newcastle,Defender,5.0,0.0,0.0,a,,,,,0.7,2.8,2.8,2.8,3465,3721,37774,22608,,,
2026-09-16T04:52:22+00:00,448,78916,Burn,17,4,Newcastle,Defender,4.9,0.0,-0.1,i,Ankle injury - Expected back 19 Sep,2026-08-23T18:00:08.367241Z,0,0,0.8,0.0,0.0,0.0,121,7156,7156,149991,,,
2026-09-16T04:52:22+00:00,449,487838,Hall,17,4,Newcastle,Defender,5.2,0.0,0.2,a,,,,,14.4,4.5,4.5,4.5,112994,63264,1306103,278392,,,
2026-09-16T04:52:22+00:00,450,441191,Livramento,17,4,Newcastle,Defender,4.9,0.0,-0.1,a,,2026-07-23T12:01:23.753221Z,100,100,0.1,1.0,1.0,1.0,1660,619,5359,3748,,,
2026-09-16T04:52:22+00:00,451,545477,A.Murphy,17,4,Newcastle,Defender,4.0,0.0,0.0,u,Has joined FC Kaiserslautern on loan for the rest of the season,2026-08-12T14:05:29.224600Z,0,0,0.1,0.0,0.0,0.0,0,408,0,6467,,,
2026-09-16T04:52:22+00:00,453,201666,Barnes,17,4,Newcastle,Midfielder,6.0,0.0,0.0,a,,,,,3.2,4.8,4.8,4.8,73295,18877,324004,109807,,,
2026-09-16T04:52:22+00:00,454,449434,Elanga,17,4,Newcastle,Midfielder,6.2,0.0,0.2,i,Unspecified injury - Unknown return date,2026-09-14T20:00:09.505598Z,,0,9.3,4.5,4.5,0.0,53292,267202,1285476,568887,,,
2026-09-16T04:52:22+00:00,456,232653,J.Ramsey,17,4,Newcastle,Midfielder,4.9,0.0,-0.1,d,Thigh injury - 25% chance of playing,2026-09-15T09:00:08.191022Z,,25,0.3,1.8,1.8,0.5,1759,3913,16516,20121,,,
2026-09-16T04:52:22+00:00,457,114243,J.Murphy,17,4,Newcastle,Midfielder,5.9,0.0,-0.1,a,,,,,0.1,0.5,0.5,0.5,781,1019,3675,9338,,,
2026-09-16T04:52:22+00:00,458,180974,Joelinton,17,4,Newcastle,Midfielder,5.4,0.0,-0.1,i,Unspecified injury - Unknown return date,2026-08-16T08:00:08.074045Z,0,0,0.0,0.0,0.0,0.0,21,116,188,2098,,,
2026-09-16T04:52:22+00:00,459,547719,L.Miley,17,4,Newcastle,Midfielder,5.5,0.0,0.0,a,,2026-07-23T12:01:23.785456Z,100,100,0.1,2.0,2.0,2.0,522,730,5169,4419,,,
2026-09-16T04:52:22+00:00,460,200089,Willock,17,4,Newcastle,Midfielder,5.0,0.0,0.0,a,,,,,0.5,3.0,3.0,3.0,3504,4637,51025,24202,,,
2026-09-16T04:52:22+00:00,461,611665,Touré,17,4,Newcastle,Midfielder,5.8,0.0,-0.2,a,,,,,0.1,1.8,1.8,1.8,696,916,2242,15011,,,
2026-09-16T04:52:22+00:00,462,636852,Steur,17,4,Newcastle,Midfielder,4.9,0.0,-0.1,a,,,,,0.1,1.2,1.2,1.2,184,589,1920,5390,,,
2026-09-16T04:52:22+00:00,463,470313,Woltemade,17,4,Newcastle,Forward,5.9,0.0,-0.1,u,Has joined Juventus on loan for the rest of the season,2026-09-02T16:07:16.549304Z,0,0,0.6,1.0,0.0,0.0,0,7631,14520,134531,,,
2026-09-16T04:52:22+00:00,464,216646,Wissa,17,4,Newcastle,Forward,6.2,0.0,0.2,a,,,,,18.2,3.8,3.8,3.8,122698,114703,1979300,487289,2,,
2026-09-16T04:52:22+00:00,465,538207,Osula,17,4,Newcastle,Forward,5.9,0.0,-0.1,i,Foot injury - Unknown return date,2026-08-25T19:00:08.004915Z,0,0,0.4,1.0,0.0,0.0,116,3695,21251,81337,1,,
2026-09-16T04:52:22+00:00,466,599303,Neave,17,4,Newcastle,Forward,4.5,0.0,0.0,u,Has joined Wolves on loan for the rest of the season,2026-09-04T12:37:43.515176Z,0,0,0.6,0.0,0.0,0.0,0,5485,23805,44863,,,
2026-09-16T04:52:22+00:00,559,632794,Bamba,17,4,Newcastle,Midfielder,4.9,0.0,-0.1,a,,,,,0.1,0.5,0.5,0.5,206,630,2269,6556,,,
2026-09-16T04:52:22+00:00,567,470551,Horníček,17,4,Newcastle,Goalkeeper,5.0,0.0,0.0,a,,,,,1.4,2.8,2.8,2.8,12226,8417,134107,60399,,,
2026-09-16T04:52:22+00:00,593,463726,Dedić,17,4,Newcastle,Defender,4.5,0.0,0.0,a,,2026-09-09T14:30:08.475769Z,75,100,2.8,3.2,2.4,3.2,7836,27145,444362,193575,,,
2026-09-16T04:52:22+00:00,609,553746,Shahar,17,4,Newcastle,Defender,4.0,0.0,0.0,u,has joined Arouca on loan for the rest of the seaon.,2026-09-11T14:41:57.406766Z,0,0,0.2,0.0,0.0,0.0,0,3998,18236,12375,,,
2026-09-16T04:52:22+00:00,634,613221,Fernandez-Pardo,17,4,Newcastle,Forward,6.0,0.0,0.0,a,,,,,0.1,1.0,1.0,1.0,1748,1273,13249,3808,,,
2026-09-16T04:52:22+00:00,659,665243,Miley,17,4,Newcastle,Midfielder,4.5,0.0,0.0,a,,,,,0.0,0.0,1.1,1.1,1109,134,1109,134,,,
2026-09-16T04:52:22+00:00,167,463034,Delap,18,17,Nott'm Forest,Forward,5.5,0.0,0.0,a,,,,,1.5,2.0,2.0,2.0,66175,8132,130958,40099,3,,
2026-09-16T04:52:22+00:00,201,247348,Muñoz,18,17,Nott'm Forest,Defender,5.4,0.0,-0.1,a,,,,,5.5,0.8,0.8,0.8,24148,28542,74275,430382,,,
2026-09-16T04:52:22+00:00,467,85633,Sels,18,17,Nott'm Forest,Goalkeeper,5.0,0.0,0.0,a,,,,,1.6,3.0,3.0,3.0,17154,5530,44021,48401,,,
2026-09-16T04:52:22+00:00,468,221389,John,18,17,Nott'm Forest,Goalkeeper,4.5,0.0,0.0,a,,,,,0.1,0.0,0.0,0.0,105,204,715,1732,,,
2026-09-16T04:52:22+00:00,469,215136,N.Williams,18,17,Nott'm Forest,Defender,5.0,0.0,0.0,a,,,,,8.6,4.2,4.2,4.2,52426,24368,211980,279694,,,
2026-09-16T04:52:22+00:00,470,485047,Morato,18,17,Nott'm Forest,Defender,5.0,0.0,0.0,u,Has joined West Ham on loan for the rest of the season,2026-09-02T16:19:54.503286Z,0,0,0.0,0.0,0.0,0.0,0,279,424,3434,,,
2026-09-16T04:52:22+00:00,471,227444,Milenković,18,17,Nott'm Forest,Defender,5.5,0.0,0.0,i,Hamstring injury - Expected back 11 Oct,2026-09-12T14:00:09.705107Z,,0,1.3,3.0,3.0,0.0,205,25906,17881,70599,,,
2026-09-16T04:52:22+00:00,472,575476,Murillo,18,17,Nott'm Forest,Defender,5.5,0.0,0.0,a,,2026-07-23T12:01:23.801183Z,100,100,1.9,4.8,4.8,4.8,26516,4852,60483,46700,,,
2026-09-16T04:52:22+00:00,473,159506,Aina,18,17,Nott'm Forest,Defender,4.5,0.0,0.0,a,,,,,2.6,2.0,2.0,2.0,9729,13374,56424,138544,,,
2026-09-16T04:52:22+00:00,474,575458,Jair Cunha,18,17,Nott'm Forest,Defender,4.5,0.0,0.0,d,Hamstring injury - 50% chance of playing,2026-09-12T14:00:09.724349Z,,50,0.2,2.5,2.5,1.2,139,2668,9420,10434,,,
2026-09-16T04:52:22+00:00,475,500151,Savona,18,17,Nott'm Forest,Defender,4.5,0.0,0.0,i,Knee injury - Unknown return date,2026-07-23T12:01:23.816304Z,0,0,0.0,0.0,0.0,0.0,11,16,214,235,,,
2026-09-16T04:52:22+00:00,476,204822,O.Richards,18,17,Nott'm Forest,Defender,4.0,0.0,0.0,a,,,,,0.2,0.0,0.0,0.0,603,916,3281,6796,,,
2026-09-16T04:52:22+00:00,477,549067,Abbott,18,17,Nott'm Forest,Defender,4.0,0.0,0.0,u,Has joined Southampton on loan for the rest of the season,2026-09-02T16:19:54.536676Z,0,0,0.2,0.0,0.0,0.0,0,1340,2459,12150,,,
2026-09-16T04:52:22+00:00,478,470315,Netz,18,17,Nott'm Forest,Defender,4.4,-0.1,-0.1,a,,,,,0.0,0.5,0.5,0.5,130,211,514,1339,,,
2026-09-16T04:52:22+00:00,479,538638,Bindon,18,17,Nott'm Forest,Defender,4.0,0.0,0.0,u,Has joined Charlton Athletic on loan for the rest of the season,2026-09-01T13:16:05.383880Z,0,0,0.1,0.0,0.0,0.0,0,789,799,7522,,,
2026-09-16T04:52:22+00:00,480,222531,Gibbs-White,18,17,Nott'm Forest,Midfielder,8.0,0.1,0.0,a,,2026-08-24T15:30:08.350159Z,100,100,12.4,6.5,6.5,6.5,296288,19458,695366,563462,1,,
2026-09-16T04:52:22+00:00,482,209046,Hudson-Odoi,18,17,Nott'm Forest,Midfielder,5.8,-0.1,-0.2,a,,2026-07-23T12:01:23.832709Z,100,100,0.2,0.2,0.2,0.2,1038,1539,4147,15307,,,
2026-09-16T04:52:22+00:00,483,456512,Ndoye,18,17,Nott'm Forest,Midfielder,5.5,0.0,0.0,a,,,,,0.7,3.5,3.5,3.5,10779,6277,55830,35850,,,
2026-09-16T04:52:22+00:00,484,503301,Hutchinson,18,17,Nott'm Forest,Midfielder,5.4,0.0,-0.1,u,Has joined AC Milan on loan for the rest of the season,2026-09-01T13:23:52.340206Z,0,0,0.1,0.0,0.0,0.0,0,669,427,10204,,,
2026-09-16T04:52:22+00:00,485,476887,Bakwa,18,17,Nott'm Forest,Midfielder,5.5,0.0,0.0,u,Has joined Lille on loan for the rest of the season,2026-08-27T14:53:03.381941Z,0,0,0.0,0.0,0.0,0.0,0,37,107,1119,,,
2026-09-16T04:52:22+00:00,486,432714,McAtee,18,17,Nott'm Forest,Midfielder,5.5,0.0,0.0,a,,,,,0.1,2.5,2.5,2.5,1737,832,7760,4245,,,
2026-09-16T04:52:22+00:00,487,250199,Dominguez,18,17,Nott'm Forest,Midfielder,4.9,0.0,-0.1,a,,,,,0.1,0.2,0.2,0.2,149,420,1033,3509,,,
2026-09-16T04:52:22+00:00,488,210462,I.Sangaré,18,17,Nott'm Forest,Midfielder,4.9,0.0,-0.1,a,,2026-08-28T09:30:07.471668Z,100,100,0.5,0.8,0.8,0.8,893,2847,8225,61421,,,
2026-09-16T04:52:22+00:00,489,204968,Yates,18,17,Nott'm Forest,Midfielder,4.5,0.0,0.0,a,,2026-08-17T20:30:08.195072Z,100,100,1.3,0.0,0.0,0.0,2072,9147,28779,80406,,,
2026-09-16T04:52:22+00:00,490,60689,Wood,18,17,Nott'm Forest,Forward,5.8,-0.1,-0.2,a,,,,,1.0,0.8,0.8,0.8,2553,9018,19466,103271,2,,
2026-09-16T04:52:22+00:00,491,482973,Igor Jesus,18,17,Nott'm Forest,Forward,5.8,-0.1,-0.2,a,,,,,2.6,2.8,2.8,2.8,28768,15347,77227,229840,4,,
2026-09-16T04:52:22+00:00,493,465680,Kalimuendo,18,17,Nott'm Forest,Forward,5.4,0.0,-0.1,a,,,,,0.1,0.2,0.2,0.2,313,503,2640,3378,,,
2026-09-16T04:52:22+00:00,558,204561,Schlager,18,17,Nott'm Forest,Midfielder,5.0,0.0,0.0,a,,,,,0.1,2.8,2.8,2.8,1486,640,4103,4368,,,
2026-09-16T04:52:22+00:00,581,568420,Diomande,18,17,Nott'm Forest,Defender,5.4,0.0,-0.1,a,,,,,0.5,1.2,1.2,1.2,2070,1984,10182,38058,,,
2026-09-16T04:52:22+00:00,590,428971,Benda,18,17,Nott'm Forest,Goalkeeper,4.5,0.0,0.0,a,,,,,0.1,0.0,0.0,0.0,251,331,2369,2369,,,
2026-09-16T04:52:22+00:00,112,469142,Van Hecke,19,6,Spurs,Defender,4.9,0.0,-0.1,a,,,,,6.7,4.5,4.5,4.5,22284,21180,117650,422623,,,
2026-09-16T04:52:22+00:00,147,109646,Tosin,19,6,Spurs,Defender,4.4,0.0,-0.1,a,,,,,0.2,0.2,0.2,0.2,248,560,1703,6875,,,
2026-09-16T04:52:22+00:00,401,438234,Marmoush,19,6,Spurs,Forward,7.0,0.0,0.0,a,,,,,2.1,1.5,1.5,1.5,10327,27892,197586,123684,2,,
2026-09-16T04:52:22+00:00,403,510281,Sávio,19,6,Spurs,Midfielder,6.5,0.0,0.0,a,,2026-08-29T16:30:08.380416Z,100,100,0.7,1.5,1.5,1.5,5834,7197,89942,66675,,,
2026-09-16T04:52:22+00:00,455,432422,Tonali,19,6,Spurs,Midfielder,5.4,0.0,-0.1,d,Knock - 75% chance of playing,2026-09-14T14:30:07.387706Z,,75,2.2,3.0,3.0,2.2,2974,31677,44023,225374,,,
2026-09-16T04:52:22+00:00,494,184254,Vicario,19,6,Spurs,Goalkeeper,4.5,0.0,0.0,u,Has joined Juventus on loan for the rest of the season,2026-08-19T13:55:33.193962Z,0,0,0.1,0.0,0.0,0.0,0,1180,0,20874,,,
2026-09-16T04:52:22+00:00,495,214572,Austin,19,6,Spurs,Goalkeeper,4.0,0.0,0.0,a,,,,,1.0,0.0,0.0,0.0,3622,2694,25134,17799,,,
2026-09-16T04:52:22+00:00,496,485055,Kinsky,19,6,Spurs,Goalkeeper,4.5,0.0,0.0,a,,,,,18.4,4.0,4.0,4.0,49896,47203,283340,632405,,,
2026-09-16T04:52:22+00:00,497,67089,Dubravka,19,6,Spurs,Goalkeeper,4.0,0.0,0.0,a,,,,,17.6,0.0,0.0,0.0,30172,46928,340978,354739,,,
2026-09-16T04:52:22+00:00,498,221466,Senesi,19,6,Spurs,Defender,5.8,-0.1,-0.2,a,,,,,4.0,0.8,0.8,0.8,1542,44118,27177,407883,,,
2026-09-16T04:52:22+00:00,499,441164,Pedro Porro,19,6,Spurs,Defender,5.5,0.0,0.0,d,Unspecified injury - 75% chance of playing,2026-09-11T18:00:09.076279Z,75,75,9.1,2.0,1.5,1.5,1214,153201,118655,828084,,,
2026-09-16T04:52:22+00:00,500,221632,Romero,19,6,Spurs,Defender,5.0,0.0,0.0,u,Has joined Atletico Madrid permanently,2026-08-17T13:49:05.465401Z,0,0,0.1,0.0,0.0,0.0,0,420,0,16324,,,
2026-09-16T04:52:22+00:00,502,122798,Robertson,19,6,Spurs,Defender,4.4,0.0,-0.1,a,,,,,2.7,3.2,3.2,3.2,11266,10971,52789,158940,,,
2026-09-16T04:52:22+00:00,503,491279,Van de Ven,19,6,Spurs,Defender,5.0,0.0,0.0,a,,2026-08-21T15:00:07.610517Z,100,100,3.9,3.8,3.8,3.8,18363,11054,77167,237526,,,
2026-09-16T04:52:22+00:00,505,232859,Spence,19,6,Spurs,Defender,4.5,0.0,0.0,u,Has joined Internazionale permanently,2026-08-18T14:13:08.454214Z,0,0,0.2,0.0,0.0,0.0,0,1766,0,67199,,,
2026-09-16T04:52:22+00:00,506,487053,Udogie,19,6,Spurs,Defender,4.4,-0.1,-0.1,a,,2026-09-11T18:00:09.092110Z,75,100,0.4,1.8,1.4,1.8,263,3725,4553,19596,,,
2026-09-16T04:52:22+00:00,507,548308,Phillips,19,6,Spurs,Defender,4.5,0.0,0.0,u,Has joined Middlesbrough permanently,2026-08-18T14:13:08.474144Z,0,0,0.0,0.0,0.0,0.0,0,67,0,1176,,,
2026-09-16T04:52:22+00:00,508,115556,Davies,19,6,Spurs,Defender,4.0,0.0,0.0,a,,,,,0.8,0.0,0.0,0.0,1241,4339,10993,34044,,,
2026-09-16T04:52:22+00:00,509,640419,Byfield,19,6,Spurs,Defender,4.0,0.0,0.0,a,,,,,0.1,0.0,0.0,0.0,337,340,1996,2111,,,
2026-09-16T04:52:22+00:00,510,499716,Rowswell,19,6,Spurs,Defender,4.0,0.0,0.0,a,,,,,0.1,0.0,0.0,0.0,391,405,2448,2783,,,
2026-09-16T04:52:22+00:00,511,616221,Souza,19,6,Spurs,Defender,4.0,0.0,0.0,u,Has joined FC Porto on loan for the rest of the season,2026-09-01T13:24:26.858636Z,0,0,0.2,0.0,0.0,0.0,0,1429,2555,15024,,,
2026-09-16T04:52:22+00:00,512,460842,Kudus,19,6,Spurs,Midfielder,6.5,0.0,0.0,a,,2026-07-23T12:01:23.848657Z,100,100,0.1,0.8,0.8,0.8,1190,1654,9256,8786,3,,
2026-09-16T04:52:22+00:00,513,493362,Xavi,19,6,Spurs,Midfielder,5.9,0.0,-0.1,i,Knee injury - Unknown return date,2026-07-23T12:01:23.864304Z,0,0,0.0,0.0,0.0,0.0,34,88,275,1007,4,,
2026-09-16T04:52:22+00:00,514,511499,Tel,19,6,Spurs,Midfielder,5.8,0.0,-0.2,a,,,,,0.2,2.0,2.0,2.0,417,3160,8452,41760,,,
2026-09-16T04:52:22+00:00,515,172780,Maddison,19,6,Spurs,Midfielder,6.3,0.0,-0.2,a,,2026-08-25T14:30:07.623508Z,100,100,0.4,0.5,0.5,0.5,822,2619,4130,92206,,,
2026-09-16T04:52:22+00:00,516,202993,Bentancur,19,6,Spurs,Midfielder,5.5,0.0,0.0,a,,,,,0.2,2.8,2.8,2.8,830,879,3488,6927,,,
2026-09-16T04:52:22+00:00,517,550839,Odobert,19,6,Spurs,Midfielder,5.5,0.0,0.0,i,Knee injury - Unknown return date,2026-07-23T12:01:23.879434Z,0,0,0.0,0.0,0.0,0.0,14,10,93,85,,,
2026-09-16T04:52:22+00:00,518,482442,P.M.Sarr,19,6,Spurs,Midfielder,4.9,0.0,-0.1,u,Has joined Juventus on loan for the rest of the season,2026-09-02T16:02:43.386849Z,0,0,0.1,0.0,0.0,0.0,0,1383,4138,22302,,,
2026-09-16T04:52:22+00:00,519,232787,Gallagher,19,6,Spurs,Midfielder,5.4,0.0,-0.1,a,,,,,0.2,0.8,0.8,0.8,217,1542,3261,15332,,,
2026-09-16T04:52:22+00:00,520,570526,Bergvall,19,6,Spurs,Midfielder,5.4,0.0,-0.1,a,,,,,0.1,0.5,0.5,0.5,162,750,1598,8426,,,
2026-09-16T04:52:22+00:00,521,445044,Kulusevski,19,6,Spurs,Midfielder,6.5,0.0,0.0,i,Knee injury - Unknown return date,2026-07-23T12:01:23.895175Z,0,0,0.0,0.0,0.0,0.0,39,58,282,630,,,
2026-09-16T04:52:22+00:00,522,547701,Gray,19,6,Spurs,Midfielder,4.9,-0.1,-0.1,a,,,,,0.2,1.8,1.8,1.8,945,1302,5693,11207,,,
2026-09-16T04:52:22+00:00,523,499721,Moore,19,6,Spurs,Midfielder,5.0,0.0,0.0,u,Has joined FC Köln on loan for the rest of the season,2026-09-04T12:39:48.098158Z,0,0,0.1,0.8,0.0,0.0,0,1122,3258,15627,,,
2026-09-16T04:52:22+00:00,524,499726,Olusesi,19,6,Spurs,Midfielder,4.4,0.0,-0.1,a,,,,,1.0,0.0,0.0,0.0,25089,8679,42479,35544,,,
2026-09-16T04:52:22+00:00,525,551226,Fernandes,19,6,Spurs,Midfielder,5.8,0.0,-0.2,a,,,,,0.9,1.5,1.5,1.5,1035,8064,12345,112206,,,
2026-09-16T04:52:22+00:00,526,154566,Solanke,19,6,Spurs,Forward,5.8,-0.1,-0.2,a,,,,,0.9,1.2,1.2,1.2,2583,7308,24083,83279,1,,
2026-09-16T04:52:22+00:00,527,212319,Richarlison,19,6,Spurs,Forward,5.9,0.0,-0.1,u,not included in squad.,2026-09-04T12:32:39.183614Z,0,0,0.8,0.5,0.0,0.0,0,12469,21439,252537,,,
2026-09-16T04:52:22+00:00,528,490145,Scarlett,19,6,Spurs,Forward,4.5,0.0,0.0,u,Has joined Leyton Orient permanently,2026-09-02T16:02:43.413625Z,0,0,1.2,0.0,0.0,0.0,0,10991,42525,94019,,,
2026-09-16T04:52:22+00:00,578,465920,Mudryk,19,6,Spurs,Midfielder,5.4,0.0,-0.1,i,Ankle injury - Unknown return date,2026-09-11T18:00:09.154412Z,0,0,0.0,0.2,0.0,0.0,23,1528,5411,6436,,,
2026-09-16T04:52:22+00:00,601,611917,Williams-Barnett,19,6,Spurs,Midfielder,4.5,0.0,0.0,a,,,,,0.1,0.0,0.0,0.0,445,1053,9872,5724,,,
2026-09-16T04:52:22+00:00,501,135720,Danso,20,56,Sunderland,Defender,5.0,0.0,0.0,a,,,,,0.2,0.8,0.8,0.8,941,901,4836,8392,,,
2026-09-16T04:52:22+00:00,529,498016,Roefs,20,56,Sunderland,Goalkeeper,4.9,-0.1,-0.1,a,,,,,2.7,2.8,2.8,2.8,1399,20796,18689,150602,,,
2026-09-16T04:52:22+00:00,530,232571,Patterson,20,56,Sunderland,Goalkeeper,4.0,0.0,0.0,u,Has joined Wrexham permanently,2026-08-12T14:08:03.064533Z,0,0,0.1,0.0,0.0,0.0,0,510,0,5419,,,
2026-09-16T04:52:22+00:00,531,515046,Ellborg,20,56,Sunderland,Goalkeeper,4.5,0.0,0.0,a,,,,,0.1,0.0,0.0,0.0,96,301,945,2832,,,
2026-09-16T04:52:22+00:00,532,223827,Ballard,20,56,Sunderland,Defender,4.9,0.0,-0.1,a,,,,,2.9,3.0,3.0,3.0,4258,25284,39854,273059,,,
2026-09-16T04:52:22+00:00,533,200834,Mukiele,20,56,Sunderland,Defender,5.4,-0.1,-0.1,a,,2026-08-09T08:30:05.954750Z,100,100,2.0,3.2,3.2,3.2,3453,16143,37371,108299,,,
2026-09-16T04:52:22+00:00,534,487676,Hume,20,56,Sunderland,Defender,4.4,0.0,-0.1,a,,,,,3.5,2.2,2.2,2.2,1148,45582,35964,322816,,,
2026-09-16T04:52:22+00:00,535,201895,Alderete,20,56,Sunderland,Defender,4.9,0.0,-0.1,a,,2026-08-09T08:30:05.962393Z,100,100,0.3,0.2,0.2,0.2,160,2342,4634,24402,,,
2026-09-16T04:52:22+00:00,536,434399,Reinildo,20,56,Sunderland,Defender,4.5,0.0,0.0,s,Suspended until 10 Oct,2026-09-12T21:30:09.421687Z,,0,0.3,1.8,1.8,0.0,116,5340,3843,18373,,,
2026-09-16T04:52:22+00:00,537,519634,Seelt,20,56,Sunderland,Defender,4.5,0.0,0.0,u,Has joined Swansea City on loan for the rest of the season,2026-08-29T00:34:52.425076Z,0,0,0.0,0.0,0.0,0.0,0,29,61,616,,,
2026-09-16T04:52:22+00:00,538,477547,Hjelde,20,56,Sunderland,Defender,4.0,0.0,0.0,u,Has joined KV Mechelen on loan for the rest of the season,2026-08-12T14:08:03.081789Z,0,0,0.0,0.0,0.0,0.0,0,189,0,2262,,,
2026-09-16T04:52:22+00:00,539,167512,O'Nien,20,56,Sunderland,Defender,4.0,0.0,0.0,a,,,,,2.5,0.2,0.2,0.2,1374,12873,13960,97579,,,
2026-09-16T04:52:22+00:00,540,105717,Masuaku,20,56,Sunderland,Defender,4.0,0.0,0.0,u,Has joined Konyaspor permanently,2026-08-12T14:08:03.097784Z,0,0,0.1,0.0,0.0,0.0,0,848,0,10505,,,
2026-09-16T04:52:22+00:00,541,93605,Meunier,20,56,Sunderland,Defender,4.5,0.0,0.0,a,,2026-08-16T08:30:07.830062Z,100,100,0.3,2.8,2.8,2.8,609,1188,5039,7810,,,
2026-09-16T04:52:22+00:00,542,484420,E.Le Fée,20,56,Sunderland,Midfielder,5.8,0.0,-0.2,a,,,,,3.9,3.2,3.2,3.2,3085,49675,30916,575193,2,,
2026-09-16T04:52:22+00:00,543,547027,Diarra,20,56,Sunderland,Midfielder,5.4,0.0,-0.1,i,Hamstring injury - Unknown return date,2026-08-30T16:30:08.428960Z,0,0,0.0,1.2,0.0,0.0,5,404,531,5415,1,,
2026-09-16T04:52:22+00:00,544,84450,Xhaka,20,56,Sunderland,Midfielder,5.5,0.0,0.0,a,,,,,4.0,4.8,4.8,4.8,8550,32977,119960,159551,,,
2026-09-16T04:52:22+00:00,545,577669,Sadiki,20,56,Sunderland,Midfielder,4.9,0.0,-0.1,a,,,,,0.2,2.0,2.0,2.0,767,1988,4909,15344,,,
2026-09-16T04:52:22+00:00,546,535818,Adingra,20,56,Sunderland,Midfielder,4.9,0.0,-0.1,u,Has joined Ajax on loan for the rest of the season,2026-08-20T14:00:08.416985Z,0,0,0.0,0.0,0.0,0.0,0,387,240,6970,,,
2026-09-16T04:52:22+00:00,547,461199,Mundle,20,56,Sunderland,Midfielder,4.9,0.0,-0.1,i,Knee injury - Unknown return date,2026-09-09T14:00:08.462705Z,0,0,0.0,0.2,0.0,0.0,10,82,186,565,,,
2026-09-16T04:52:22+00:00,548,554197,Rigg,20,56,Sunderland,Midfielder,4.9,0.0,-0.1,a,,,,,0.0,0.5,0.5,0.5,34,285,406,2401,,,
2026-09-16T04:52:22+00:00,549,549912,Talbi,20,56,Sunderland,Midfielder,5.3,-0.1,-0.2,a,,,,,0.1,0.2,0.2,0.2,195,983,1120,10506,,,
2026-09-16T04:52:22+00:00,550,699989,Jocelin.T,20,56,Sunderland,Midfielder,5.0,0.0,0.0,a,,,,,0.0,0.0,0.0,0.0,35,43,245,336,,,
2026-09-16T04:52:22+00:00,551,536661,N.Angulo,20,56,Sunderland,Midfielder,5.0,0.0,0.0,a,,,,,0.1,3.0,3.0,3.0,483,1234,12044,8875,,,
2026-09-16T04:52:22+00:00,552,441264,Brobbey,20,56,Sunderland,Forward,5.8,0.0,-0.2,a,,,,,6.1,1.8,1.8,1.8,7178,80967,86626,809992,,,
2026-09-16T04:52:22+00:00,553,437505,Isidor,20,56,Sunderland,Forward,5.5,0.0,0.0,a,,,,,1.4,3.5,3.5,3.5,4279,14232,90136,63955,,,
2026-09-16T04:52:22+00:00,612,638411,Methalie,20,56,Sunderland,Defender,4.5,0.0,0.0,a,,2026-08-28T13:00:08.950445Z,100,100,0.0,0.0,0.0,0.0,88,51,732,381,,,
2026-09-16T04:52:22+00:00,613,696104,Ahoka,20,56,Sunderland,Midfielder,4.5,0.0,0.0,a,,,,,0.2,0.0,0.0,0.0,1507,2258,24097,11337,,,
2026-09-16T04:52:22+00:00,646,549940,Fofana,20,56,Sunderland,Midfielder,5.5,0.0,0.0,a,,,,,0.0,1.0,1.0,1.0,313,390,3577,1186,,,
2026-09-16T04:52:22+00:00,651,661313,J.Angulo,20,56,Sunderland,Forward,4.5,0.0,0.0,a,,,,,0.6,0.0,0.0,0.0,18606,5986,66930,17358,,,
