observed_at,player_id,player_code,web_name,team_id,team_code,team_name,position,price,price_change_gameweek,price_change_season,status,news,news_added,chance_of_playing_this_round,chance_of_playing_next_round,selected_by_percent,form,expected_points_this_gameweek,expected_points_next_gameweek,transfers_in_event,transfers_out_event,transfers_in_season,transfers_out_season,penalties_order,direct_free_kicks_order,corners_and_indirect_free_kicks_order
2026-09-12T04:38:30+00:00,1,154561,Raya,1,3,Arsenal,Goalkeeper,6.0,0.0,0.0,a,,,,,39.1,5.0,5.0,5.0,213793,184922,525475,495628,,,
2026-09-12T04:38:30+00:00,2,109745,Arrizabalaga,1,3,Arsenal,Goalkeeper,4.9,-0.1,-0.1,a,,,,,0.1,0.0,0.0,0.0,263,768,1184,3371,,,
2026-09-12T04:38:30+00:00,3,437495,Meslier,1,3,Arsenal,Goalkeeper,4.9,-0.1,-0.1,a,,,,,0.0,0.0,0.0,0.0,103,285,376,1236,,,
2026-09-12T04:38:30+00:00,4,226597,Gabriel,1,3,Arsenal,Defender,8.0,0.0,0.0,a,,,,,24.1,5.0,5.0,5.0,48088,218036,153736,687786,,,
2026-09-12T04:38:30+00:00,5,445122,J.Timber,1,3,Arsenal,Defender,6.5,0.0,0.0,d,Groin injury - 25% chance of playing,2026-07-23T12:01:23.272929Z,25,25,0.1,0.0,0.0,0.0,585,1284,1535,6829,,,
2026-09-12T04:38:30+00:00,6,462424,Saliba,1,3,Arsenal,Defender,5.9,-0.1,-0.1,i,Back injury - Unknown return date,2026-07-23T12:01:23.289376Z,0,0,0.2,0.0,0.0,0.0,706,3073,2654,15371,,,
2026-09-12T04:38:30+00:00,7,499169,Lewis-Skelly,1,3,Arsenal,Midfielder,5.5,0.0,0.0,a,,,,,0.7,2.7,2.7,2.7,6290,9673,24832,32214,,,
2026-09-12T04:38:30+00:00,8,466075,Calafiori,1,3,Arsenal,Defender,5.8,0.1,0.3,a,,,,,49.0,7.3,7.3,7.3,422792,80222,1248376,240411,,,
2026-09-12T04:38:30+00:00,9,448104,Hincapie,1,3,Arsenal,Defender,5.3,-0.1,-0.2,a,,,,,1.0,0.7,0.7,0.7,3498,17165,11833,93852,,,
2026-09-12T04:38:30+00:00,10,198869,White,1,3,Arsenal,Defender,5.5,0.0,0.0,a,,2026-07-23T12:01:23.305229Z,100,100,7.6,6.7,6.7,6.7,106183,102154,414419,244585,,,
2026-09-12T04:38:30+00:00,11,500040,Mosquera,1,3,Arsenal,Defender,5.4,-0.1,-0.1,d,Muscular injury - 50% chance of playing,2026-09-04T14:00:08.080310Z,75,50,2.7,4.0,3.0,2.0,696,168922,29652,343239,,,
2026-09-12T04:38:30+00:00,12,223340,Saka,1,3,Arsenal,Midfielder,9.5,0.0,0.0,a,,,,,11.5,7.3,7.3,7.3,179493,127243,424783,263759,1,,
2026-09-12T04:38:30+00:00,13,204480,Rice,1,3,Arsenal,Midfielder,7.4,-0.1,-0.1,a,,,,,13.1,4.3,4.3,4.3,23296,131807,80568,538420,,,
2026-09-12T04:38:30+00:00,14,232413,Eze,1,3,Arsenal,Midfielder,6.3,-0.1,-0.2,a,,,,,1.2,0.7,0.7,0.7,3574,26531,17561,111595,,,
2026-09-12T04:38:30+00:00,15,184029,Ødegaard,1,3,Arsenal,Midfielder,6.7,0.1,0.2,a,,,,,17.6,8.0,8.0,8.0,667195,99038,1076407,308500,3,,
2026-09-12T04:38:30+00:00,16,248857,Madueke,1,3,Arsenal,Midfielder,6.3,0.0,-0.2,a,,,,,0.2,0.7,0.7,0.7,1346,3995,4034,20299,,,
2026-09-12T04:38:30+00:00,17,195384,Merino,1,3,Arsenal,Midfielder,5.8,-0.1,-0.2,a,,,,,0.4,0.7,0.7,0.7,1773,9079,7256,38205,,,
2026-09-12T04:38:30+00:00,18,444145,Martinelli,1,3,Arsenal,Midfielder,6.3,0.0,-0.2,u,Has joined Al Hilal permanently,2026-09-04T12:34:46.738449Z,0,0,0.1,0.0,0.0,0.0,0,5845,2483,19487,,,
2026-09-12T04:38:30+00:00,19,481655,Zubimendi,1,3,Arsenal,Midfielder,5.4,0.0,-0.1,a,,,,,0.7,1.0,1.0,1.0,1404,11361,6468,51970,,,
2026-09-12T04:38:30+00:00,20,616077,Dowman,1,3,Arsenal,Midfielder,5.3,-0.1,-0.2,a,,,,,0.1,0.0,0.0,0.0,578,1222,1659,5549,,,
2026-09-12T04:38:30+00:00,22,499175,Nwaneri,1,3,Arsenal,Midfielder,5.4,0.0,-0.1,u,Has joined Borussia Dortmund on loan for the rest of the season,2026-09-02T16:01:07.058827Z,0,0,0.0,0.0,0.0,0.0,0,314,233,1065,,,
2026-09-12T04:38:30+00:00,23,438098,Fábio Vieira,1,3,Arsenal,Midfielder,5.5,0.0,0.0,u,Has joined Hamburger SV permanently,2026-09-02T16:00:28.446370Z,0,0,0.0,0.0,0.0,0.0,0,249,255,775,,,
2026-09-12T04:38:30+00:00,24,200641,Nelson,1,3,Arsenal,Midfielder,5.5,0.0,0.0,u,has departed the club as a free agent.,2026-08-29T00:33:08.556767Z,0,0,0.0,0.0,0.0,0.0,0,100,68,575,,,
2026-09-12T04:38:30+00:00,25,224117,Gyökeres,1,3,Arsenal,Forward,7.2,-0.1,-0.3,a,,,,,3.8,0.3,0.3,0.3,5688,84929,22625,524049,2,,
2026-09-12T04:38:30+00:00,26,219847,Havertz,1,3,Arsenal,Forward,7.5,0.0,0.0,a,,,,,8.0,5.3,5.3,5.3,169408,66777,429535,246991,,,
2026-09-12T04:38:30+00:00,27,205651,G.Jesus,1,3,Arsenal,Forward,5.9,0.0,-0.1,u,Has joined FC Barcelona permanently,2026-09-02T16:00:28.475184Z,0,0,0.2,0.0,0.0,0.0,0,7313,4164,25600,,,
2026-09-12T04:38:30+00:00,31,199798,Konsa,1,3,Arsenal,Defender,4.5,0.1,0.0,a,,,,,16.2,1.7,1.7,1.7,582101,84501,902794,513234,,,
2026-09-12T04:38:30+00:00,452,208706,Bruno G.,1,3,Arsenal,Midfielder,6.8,0.0,-0.2,a,,2026-09-04T14:00:08.328779Z,75,100,1.7,0.3,0.2,0.3,2106,33927,8502,223264,4,,
2026-09-12T04:38:30+00:00,557,439509,Tzolis,1,3,Arsenal,Midfielder,6.4,-0.1,-0.1,a,,,,,16.1,3.7,3.7,3.7,70430,346876,398501,1095900,,,
2026-09-12T04:38:30+00:00,29,72147,M.Bizot,2,7,Aston Villa,Goalkeeper,4.5,0.0,0.0,a,,,,,0.1,0.3,0.3,0.3,919,1442,4070,4698,,,
2026-09-12T04:38:30+00:00,30,101188,Digne,2,7,Aston Villa,Defender,4.5,0.0,0.0,u,Has joined Paris Saint-Germain permanently,2026-08-10T14:03:30.089007Z,0,0,0.1,0.0,0.0,0.0,0,859,0,7907,,,
2026-09-12T04:38:30+00:00,32,199796,Cash,2,7,Aston Villa,Defender,4.5,0.0,0.0,d,Muscular injury - 75% chance of playing,2026-09-09T14:30:08.192142Z,,75,6.2,2.3,2.3,1.7,18372,77590,86978,261224,,,
2026-09-12T04:38:30+00:00,33,149484,Mings,2,7,Aston Villa,Defender,4.5,0.0,0.0,a,,,,,0.4,2.3,2.3,2.3,4286,2141,10161,10484,,,
2026-09-12T04:38:30+00:00,34,244954,Pau,2,7,Aston Villa,Defender,4.5,0.0,0.0,a,,,,,0.4,0.7,0.7,0.7,3032,4846,10118,14242,,,
2026-09-12T04:38:30+00:00,35,515597,Bogarde,2,7,Aston Villa,Midfielder,5.0,0.0,0.0,a,,,,,0.1,0.3,0.3,0.3,631,1006,2212,3247,,,
2026-09-12T04:38:30+00:00,36,441302,Maatsen,2,7,Aston Villa,Defender,4.5,0.0,0.0,a,,,,,0.8,2.7,2.7,2.7,13540,5818,27378,23301,,,
2026-09-12T04:38:30+00:00,37,184667,Lindelöf,2,7,Aston Villa,Defender,4.5,0.0,0.0,a,,,,,0.3,2.0,2.0,2.0,3989,1840,8975,8846,,,
2026-09-12T04:38:30+00:00,38,606798,A.García,2,7,Aston Villa,Defender,4.0,0.0,0.0,a,,,,,1.7,0.0,0.0,0.0,11284,15348,34794,45948,,,
2026-09-12T04:38:30+00:00,39,578545,Nedeljkovic,2,7,Aston Villa,Defender,4.0,0.0,0.0,u,Has joined Rangers on loan for the rest of the season,2026-08-19T13:56:46.385411Z,0,0,0.1,0.0,0.0,0.0,0,1979,0,13205,,,
2026-09-12T04:38:30+00:00,41,195546,Buendía,2,7,Aston Villa,Midfielder,5.9,-0.1,-0.1,a,,,,,1.0,2.3,2.3,2.3,12395,18865,38013,64868,1,,
2026-09-12T04:38:30+00:00,44,215711,Bailey,2,7,Aston Villa,Midfielder,5.4,0.0,-0.1,u,Has joined Olympiakos permanently,2026-09-04T12:35:14.472260Z,0,0,0.1,0.0,0.0,0.0,0,4373,2096,10754,,,
2026-09-12T04:38:30+00:00,45,122806,McGinn,2,7,Aston Villa,Midfielder,5.4,0.0,-0.1,a,,,,,2.3,1.7,1.7,1.7,16504,28669,41001,117804,,,
2026-09-12T04:38:30+00:00,46,88894,Barkley,2,7,Aston Villa,Midfielder,5.0,0.0,0.0,a,,,,,0.3,2.3,2.3,2.3,4493,3242,12112,9967,,,
2026-09-12T04:38:30+00:00,47,226944,Kamara,2,7,Aston Villa,Midfielder,5.0,0.0,0.0,a,,2026-07-23T12:01:23.337269Z,100,100,0.3,2.3,2.3,2.3,3231,4134,10781,14654,,,
2026-09-12T04:38:30+00:00,48,449871,Onana,2,7,Aston Villa,Midfielder,5.0,0.0,0.0,i,Knee injury - Unknown return date,2026-07-23T12:01:23.352497Z,0,0,0.0,0.0,0.0,0.0,97,244,394,1343,,,
2026-09-12T04:38:30+00:00,49,469247,Iling Jr,2,7,Aston Villa,Midfielder,5.0,0.0,0.0,u,Has joined Bolton Wanderers on loan for the rest of the season,2026-08-17T13:52:28.532616Z,0,0,0.0,0.0,0.0,0.0,0,21,0,204,,,
2026-09-12T04:38:30+00:00,50,645618,Burrowes,2,7,Aston Villa,Midfielder,4.5,0.0,0.0,a,,,,,0.7,0.0,0.0,0.0,6268,7680,18486,23561,,,
2026-09-12T04:38:30+00:00,51,577285,George Hemmings,2,7,Aston Villa,Midfielder,4.5,0.0,0.0,a,,,,,1.3,2.3,2.3,2.3,45876,19692,91024,39611,,,
2026-09-12T04:38:30+00:00,52,653481,Alysson,2,7,Aston Villa,Midfielder,5.0,0.0,0.0,a,,,,,0.0,0.7,0.7,0.7,454,638,1624,2163,,,
2026-09-12T04:38:30+00:00,53,614071,Manzambi,2,7,Aston Villa,Midfielder,5.9,0.0,-0.1,d,Knee injury - 50% chance of playing,2026-08-15T15:30:06.388335Z,0,50,0.1,0.0,0.0,0.0,477,1653,1050,15492,,,
2026-09-12T04:38:30+00:00,54,448089,Gomes,2,7,Aston Villa,Midfielder,5.5,0.0,0.0,s,Suspended until 19 Sep,2026-08-23T17:30:08.367415Z,0,0,0.0,-0.7,0.0,0.0,117,470,361,3538,,,
2026-09-12T04:38:30+00:00,55,178301,Watkins,2,7,Aston Villa,Forward,7.8,0.0,-0.2,u,Has joined Al Hilal permanently,2026-09-01T13:15:16.698799Z,0,0,3.1,0.0,0.0,0.0,0,114854,14882,700693,,,
2026-09-12T04:38:30+00:00,56,173879,Abraham,2,7,Aston Villa,Forward,5.5,0.0,0.0,a,,2026-08-15T16:00:07.558543Z,100,100,0.2,0.7,0.7,0.7,3778,2508,9300,7942,,,
2026-09-12T04:38:30+00:00,160,493105,Garnacho,2,7,Aston Villa,Midfielder,5.9,0.0,-0.1,a,,,,,0.4,1.0,1.0,1.0,1397,7743,5975,30399,,,
2026-09-12T04:38:30+00:00,166,517052,N.Jackson,2,7,Aston Villa,Forward,6.5,0.0,0.0,a,,,,,1.3,1.3,1.3,1.3,37899,15919,117104,38354,2,,
2026-09-12T04:38:30+00:00,582,690838,Madjo,2,7,Aston Villa,Forward,5.5,0.0,0.0,i,Unspecified injury - Unknown return date,2026-08-15T16:00:07.974271Z,0,0,0.3,0.0,0.0,0.0,335,5041,2395,23321,,,
2026-09-12T04:38:30+00:00,596,487992,Ruggeri,2,7,Aston Villa,Defender,4.5,0.0,0.0,a,,,,,0.1,0.7,0.7,0.7,239,1084,1831,3909,,,
2026-09-12T04:38:30+00:00,597,433969,Suzuki,2,7,Aston Villa,Goalkeeper,5.0,0.0,0.0,a,,,,,1.8,4.0,4.0,4.0,70709,15809,108032,33854,,,
2026-09-12T04:38:30+00:00,606,569577,Rowe,2,7,Aston Villa,Defender,4.0,0.0,0.0,a,,,,,0.2,0.0,0.0,0.0,2604,1609,10564,3538,,,
2026-09-12T04:38:30+00:00,607,571380,Lynch,2,7,Aston Villa,Midfielder,4.5,0.0,0.0,u,Has joined Oxford United on loan until January,2026-09-04T12:35:39.820426Z,0,0,0.1,0.0,0.0,0.0,0,2777,7103,5932,,,
2026-09-12T04:38:30+00:00,611,214590,Wan-Bissaka,2,7,Aston Villa,Defender,4.5,0.0,0.0,a,,,,,0.2,1.0,1.0,1.0,3341,1974,11523,3761,,,
2026-09-12T04:38:30+00:00,618,119090,Goretzka,2,7,Aston Villa,Midfielder,6.0,0.0,0.0,i,Knee injury - Expected back 10 Oct,2026-09-09T09:30:08.229436Z,,0,0.0,0.0,0.0,0.0,885,1909,4546,2757,,,
2026-09-12T04:38:30+00:00,630,245719,Harwood-Bellis,2,7,Aston Villa,Defender,4.5,0.0,0.0,a,,,,,0.0,0.0,1.8,1.8,583,240,1528,430,,,
2026-09-12T04:38:30+00:00,631,638987,Mbaye,2,7,Aston Villa,Midfielder,6.0,0.0,0.0,a,,,,,0.1,0.0,2.2,2.2,2549,1374,6605,2004,,,
2026-09-12T04:38:30+00:00,57,457569,Petrović,3,91,Bournemouth,Goalkeeper,4.5,0.0,0.0,a,,,,,3.3,2.0,2.0,2.0,23771,31823,95131,80828,,,
2026-09-12T04:38:30+00:00,58,40383,Forster,3,91,Bournemouth,Goalkeeper,4.0,0.0,0.0,a,,,,,3.6,0.0,0.0,0.0,33859,17875,81769,49853,,,
2026-09-12T04:38:30+00:00,59,444172,Dennis,3,91,Bournemouth,Goalkeeper,4.0,0.0,0.0,u,Has joined MK Dons permanently,2026-08-27T14:53:48.692835Z,0,0,0.1,0.0,0.0,0.0,0,1435,1133,5736,,,
2026-09-12T04:38:30+00:00,60,463981,Hill,3,91,Bournemouth,Defender,5.5,0.0,0.0,a,,,,,0.8,2.0,2.0,2.0,6661,9090,22908,27499,,,
2026-09-12T04:38:30+00:00,61,494521,Truffert,3,91,Bournemouth,Defender,5.5,0.0,0.0,a,,,,,3.4,1.7,1.7,1.7,10348,40202,42828,108107,,,
2026-09-12T04:38:30+00:00,62,242882,Diakité,3,91,Bournemouth,Defender,5.0,0.0,0.0,a,,,,,0.2,0.0,0.0,0.0,1152,2407,5584,8591,,,
2026-09-12T04:38:30+00:00,63,620487,Milosavljević,3,91,Bournemouth,Defender,5.0,0.0,0.0,i,Thigh injury - Unknown return date,2026-08-06T10:00:10.456051Z,0,0,0.0,0.0,0.0,0.0,61,149,223,687,,,
2026-09-12T04:38:30+00:00,64,54469,Smith,3,91,Bournemouth,Defender,4.5,0.0,0.0,a,,,,,0.1,0.7,0.7,0.7,1268,1529,5743,4638,,,
2026-09-12T04:38:30+00:00,65,436893,J.Araujo,3,91,Bournemouth,Defender,4.4,-0.1,-0.1,i,Thigh injury - Unknown return date,2026-08-09T08:00:05.645826Z,0,0,0.0,0.0,0.0,0.0,88,208,272,1080,,,
2026-09-12T04:38:30+00:00,66,575901,Soler,3,91,Bournemouth,Defender,4.0,0.0,0.0,a,,2026-08-15T16:30:07.021055Z,100,100,0.3,0.0,0.0,0.0,3671,2435,10133,7217,,,
2026-09-12T04:38:30+00:00,67,499604,Rayan,3,91,Bournemouth,Midfielder,6.4,-0.1,-0.1,a,,,,,1.9,2.0,2.0,2.0,7127,36581,42515,118784,,,
2026-09-12T04:38:30+00:00,68,201658,Tavernier,3,91,Bournemouth,Midfielder,6.0,0.0,0.0,a,,,,,3.6,7.0,7.0,7.0,148513,43743,263983,106022,3,,
2026-09-12T04:38:30+00:00,69,503139,Scott,3,91,Bournemouth,Midfielder,6.1,0.1,0.1,a,,,,,5.7,8.0,8.0,8.0,335536,50497,400941,81154,,,
2026-09-12T04:38:30+00:00,70,222683,Kluivert,3,91,Bournemouth,Midfielder,6.0,0.0,0.0,a,,,,,1.0,2.3,2.3,2.3,7219,17998,34370,51110,2,,
2026-09-12T04:38:30+00:00,71,155408,Cook,3,91,Bournemouth,Midfielder,5.0,0.0,0.0,a,,,,,0.2,2.3,2.3,2.3,1928,3040,11787,8590,,,
2026-09-12T04:38:30+00:00,72,496208,Gannon-Doak,3,91,Bournemouth,Midfielder,4.9,-0.1,-0.1,a,,,,,0.1,0.7,0.7,0.7,360,925,1109,3307,,,
2026-09-12T04:38:30+00:00,73,200785,Adams,3,91,Bournemouth,Midfielder,5.0,0.0,0.0,a,,2026-08-15T16:30:07.029928Z,100,100,0.3,2.0,2.0,2.0,5013,3213,13633,10759,,,
2026-09-12T04:38:30+00:00,74,111317,Brooks,3,91,Bournemouth,Midfielder,5.0,0.0,0.0,a,,2026-08-15T16:30:07.037929Z,100,100,0.1,0.7,0.7,0.7,668,748,2566,2447,,,
2026-09-12T04:38:30+00:00,75,158499,Christie,3,91,Bournemouth,Midfielder,5.0,0.0,0.0,a,,2026-07-24T17:30:10.035483Z,100,100,0.0,0.7,0.7,0.7,945,492,2543,1204,,,
2026-09-12T04:38:30+00:00,76,614574,Tóth.A,3,91,Bournemouth,Midfielder,5.0,0.0,0.0,a,,,,,0.0,0.3,0.3,0.3,63,182,286,559,,,
2026-09-12T04:38:30+00:00,77,489888,Adli,3,91,Bournemouth,Midfielder,4.9,0.0,-0.1,i,Calf injury - Unknown return date,2026-08-15T16:00:07.590566Z,0,0,0.0,0.0,0.0,0.0,46,296,236,1899,,,
2026-09-12T04:38:30+00:00,78,560262,Kroupi.Jr,3,91,Bournemouth,Midfielder,7.4,0.0,-0.1,i,Foot injury - Expected back 7 Nov,2026-07-29T17:30:09.796802Z,0,0,0.2,0.0,0.0,0.0,181,3040,889,24408,1,,
2026-09-12T04:38:30+00:00,79,444102,Evanilson,3,91,Bournemouth,Forward,6.0,0.0,0.0,a,,,,,3.3,3.7,3.7,3.7,41620,39252,183816,101730,,,
2026-09-12T04:38:30+00:00,80,168636,Enes Ünal,3,91,Bournemouth,Forward,5.5,0.0,0.0,u,Has joined Getafe permanently,2026-08-14T14:14:21.881112Z,0,0,0.0,0.0,0.0,0.0,0,206,0,1798,,,
2026-09-12T04:38:30+00:00,81,561245,Rodríguez,3,91,Bournemouth,Forward,6.0,0.0,0.0,a,,2026-08-15T16:30:07.054142Z,100,100,0.1,0.3,0.3,0.3,1131,1516,3652,4617,,,
2026-09-12T04:38:30+00:00,566,483067,Silva,3,91,Bournemouth,Defender,5.0,0.0,0.0,a,,,,,0.4,2.3,2.3,2.3,4547,5151,21634,14015,,,
2026-09-12T04:38:30+00:00,573,494928,Sanchez,3,91,Bournemouth,Defender,4.5,0.0,0.0,a,,,,,0.2,0.0,0.0,0.0,244,1413,1065,5167,,,
2026-09-12T04:38:30+00:00,608,523700,Jebbison,3,91,Bournemouth,Forward,5.0,0.0,0.0,a,,,,,0.1,0.7,0.7,0.7,3001,1679,9988,4098,,,
2026-09-12T04:38:30+00:00,615,230650,Di Gregorio,3,91,Bournemouth,Goalkeeper,4.5,0.0,0.0,a,,,,,0.0,0.0,0.0,0.0,683,473,2328,955,,,
2026-09-12T04:38:30+00:00,82,200720,Kelleher,4,94,Brentford,Goalkeeper,5.0,0.0,0.0,a,,,,,6.6,3.7,3.7,3.7,30269,50387,218406,129256,,,
2026-09-12T04:38:30+00:00,83,507433,Valdimarsson,4,94,Brentford,Goalkeeper,4.5,0.0,0.0,a,,,,,0.1,0.0,0.0,0.0,549,907,2166,3204,,,
2026-09-12T04:38:30+00:00,84,432830,Collins,4,94,Brentford,Defender,5.5,0.0,0.0,i,Calf injury - Unknown return date,2026-09-05T18:00:06.182495Z,,0,1.5,3.3,3.3,0.0,1230,66397,58494,96354,,,
2026-09-12T04:38:30+00:00,85,444765,Van den Berg,4,94,Brentford,Defender,4.9,0.0,-0.1,i,Groin injury - Unknown return date,2026-08-15T15:30:06.416627Z,0,0,0.1,0.0,0.0,0.0,65,1157,331,7743,,,
2026-09-12T04:38:30+00:00,86,249231,Lewis-Potter,4,94,Brentford,Midfielder,5.5,0.0,0.0,a,,,,,2.1,6.0,6.0,6.0,23267,27988,177018,61031,,,
2026-09-12T04:38:30+00:00,87,191866,Ajer,4,94,Brentford,Defender,4.5,0.0,0.0,a,,,,,4.6,4.3,4.3,4.3,45076,86994,289507,162826,,,
2026-09-12T04:38:30+00:00,88,607464,Kayode,4,94,Brentford,Defender,4.6,0.0,0.1,a,,,,,8.8,5.3,5.3,5.3,44597,97225,556913,197995,,,
2026-09-12T04:38:30+00:00,89,194010,Henry,4,94,Brentford,Defender,4.5,0.0,0.0,a,,,,,0.2,0.3,0.3,0.3,277,1742,1382,6090,,,
2026-09-12T04:38:30+00:00,90,472713,Hickey,4,94,Brentford,Defender,4.5,0.0,0.0,a,,,,,0.1,1.0,1.0,1.0,276,635,1552,2067,,,
2026-09-12T04:38:30+00:00,92,570241,Ji-soo,4,94,Brentford,Defender,4.5,0.0,0.0,a,,,,,0.0,0.0,0.0,0.0,94,208,357,690,,,
2026-09-12T04:38:30+00:00,93,513086,Schuster,4,94,Brentford,Defender,4.5,0.0,0.0,a,,,,,0.1,1.3,1.3,1.3,631,600,939,3278,,,
2026-09-12T04:38:30+00:00,94,513418,Schade,4,94,Brentford,Midfielder,6.0,0.0,0.0,a,,,,,3.6,5.0,5.0,5.0,23920,73496,189206,146791,2,,
2026-09-12T04:38:30+00:00,95,533463,O.Dango,4,94,Brentford,Midfielder,6.4,-0.1,-0.1,a,,,,,0.6,1.7,1.7,1.7,1171,19412,13126,59945,,,
2026-09-12T04:38:30+00:00,96,440089,Damsgaard,4,94,Brentford,Midfielder,5.5,0.0,0.0,a,,,,,0.5,4.0,4.0,4.0,4844,4101,11095,19312,,,
2026-09-12T04:38:30+00:00,97,207283,Jensen,4,94,Brentford,Midfielder,5.4,-0.1,-0.1,i,Unspecified injury - Expected back 18 Sep,2026-08-30T12:30:08.176795Z,0,0,0.1,2.0,0.0,0.0,34,3785,4461,12031,3,,
2026-09-12T04:38:30+00:00,98,204580,Janelt,4,94,Brentford,Midfielder,5.0,0.0,0.0,a,,,,,2.2,7.0,7.0,7.0,147694,31502,211058,49377,,,
2026-09-12T04:38:30+00:00,99,543295,Milambo,4,94,Brentford,Midfielder,5.0,0.0,0.0,i,Knee injury - Unknown return date,2026-07-23T12:01:23.384798Z,0,0,0.0,0.0,0.0,0.0,24,30,86,117,,,
2026-09-12T04:38:30+00:00,100,244858,Carvalho,4,94,Brentford,Midfielder,5.0,0.0,0.0,a,,2026-08-18T13:58:17.442072Z,100,100,0.0,0.0,0.0,0.0,307,304,1005,908,,,
2026-09-12T04:38:30+00:00,102,508395,Yarmoliuk,4,94,Brentford,Midfielder,4.9,0.0,-0.1,a,,,,,0.8,0.7,0.7,0.7,657,13996,2478,46481,,,
2026-09-12T04:38:30+00:00,103,183656,Dasilva,4,94,Brentford,Midfielder,4.9,-0.1,-0.1,i,Hamstring injury - Expected back 10 Oct,2026-09-04T13:30:08.371955Z,0,0,0.0,0.0,0.0,0.0,34,580,378,1482,,,
2026-09-12T04:38:30+00:00,105,444180,Anthony,4,94,Brentford,Midfielder,6.0,0.0,0.0,a,,,,,0.1,1.3,1.3,1.3,649,2237,4251,7979,,,
2026-09-12T04:38:30+00:00,106,502500,Thiago,4,94,Brentford,Forward,7.9,-0.1,-0.1,a,,,,,11.0,1.3,1.3,1.3,20573,274049,184403,728004,1,,
2026-09-12T04:38:30+00:00,107,593174,Furo,4,94,Brentford,Forward,4.5,0.0,0.0,a,,,,,1.1,0.0,0.0,0.0,16987,12776,52458,35004,,,
2026-09-12T04:38:30+00:00,108,75115,Wilson,4,94,Brentford,Forward,5.5,0.0,0.0,a,,,,,0.3,1.0,1.0,1.0,2514,5276,12425,17368,,,
2026-09-12T04:38:30+00:00,565,513545,M.Sangaré,4,94,Brentford,Midfielder,5.7,0.0,0.2,a,,,,,13.1,6.0,6.0,6.0,96702,270130,1179932,423542,,,
2026-09-12T04:38:30+00:00,620,613804,Diouf,4,94,Brentford,Defender,4.5,0.0,0.0,a,,,,,0.1,0.0,0.0,0.0,1685,1783,11827,4802,,,
2026-09-12T04:38:30+00:00,109,489639,Verbruggen,5,36,Brighton,Goalkeeper,4.5,0.0,0.0,a,,,,,22.3,3.0,3.0,3.0,208015,164133,563719,366511,,,
2026-09-12T04:38:30+00:00,111,49262,Steele,5,36,Brighton,Goalkeeper,4.0,0.0,0.0,a,,,,,4.3,0.0,0.0,0.0,41238,29101,114045,77404,,,
2026-09-12T04:38:30+00:00,113,231416,F.Kadıoğlu,5,36,Brighton,Defender,4.4,0.0,-0.1,a,,2026-08-23T13:00:07.595211Z,100,100,1.8,0.7,0.7,0.7,5578,21462,20882,105499,,,
2026-09-12T04:38:30+00:00,114,204120,Boscagli,5,36,Brighton,Defender,4.5,0.0,0.0,a,,,,,0.3,2.3,2.3,2.3,2014,2557,12410,8111,,,
2026-09-12T04:38:30+00:00,115,465730,De Cuyper,5,36,Brighton,Defender,4.8,0.1,0.3,a,,,,,22.0,7.0,7.0,7.0,520907,109271,1887746,240239,,,
2026-09-12T04:38:30+00:00,116,83299,Dunk,5,36,Brighton,Defender,4.5,0.0,0.0,a,,,,,1.4,3.3,3.3,3.3,16338,8774,50007,27842,,,
2026-09-12T04:38:30+00:00,117,550090,Coppola,5,36,Brighton,Defender,4.5,0.0,0.0,a,,,,,0.0,0.0,0.0,0.0,156,210,608,730,,,
2026-09-12T04:38:30+00:00,118,223434,Igor,5,36,Brighton,Defender,4.5,0.0,0.0,u,Has joined Burnley permanently,2026-09-02T15:38:15.529699Z,0,0,0.0,0.0,0.0,0.0,0,1845,915,4615,,,
2026-09-12T04:38:30+00:00,119,451490,Costinha,5,36,Brighton,Defender,4.5,0.0,0.0,a,,,,,0.0,0.7,0.7,0.7,177,278,862,976,,,
2026-09-12T04:38:30+00:00,120,454490,Svoboda,5,36,Brighton,Defender,5.0,0.0,0.0,a,,,,,0.1,0.0,0.0,0.0,788,822,2419,2493,,,
2026-09-12T04:38:30+00:00,121,451340,Mitoma,5,36,Brighton,Midfielder,5.9,-0.1,-0.1,i,Hamstring injury - Expected back 10 Oct,2026-07-24T18:30:10.661894Z,0,0,0.0,0.0,0.0,0.0,71,428,360,2616,,,
2026-09-12T04:38:30+00:00,122,592031,Minteh,5,36,Brighton,Midfielder,5.9,0.0,-0.1,i,Leg injury - Expected back 28 Nov,2026-08-14T18:00:06.418033Z,0,0,0.0,0.0,0.0,0.0,32,680,259,6127,,,
2026-09-12T04:38:30+00:00,123,532529,Hinshelwood,5,36,Brighton,Midfielder,6.0,0.0,0.0,i,Ankle injury - Expected back 10 Oct,2026-08-27T19:30:07.780933Z,50,0,0.9,5.3,2.6,0.0,1018,38664,147469,175444,,,
2026-09-12T04:38:30+00:00,124,60307,Groß,5,36,Brighton,Midfielder,5.6,0.1,0.1,a,,,,,16.3,5.3,5.3,5.3,243113,170672,715607,383749,1,,
2026-09-12T04:38:30+00:00,125,463067,Georginio,5,36,Brighton,Forward,5.4,-0.1,-0.1,d,Unspecified injury - 75% chance of playing,2026-08-26T16:00:07.608056Z,75,75,0.6,1.7,1.3,1.3,992,16243,29425,57726,,,
2026-09-12T04:38:30+00:00,126,219249,O'Riley,5,36,Brighton,Midfielder,5.5,0.0,0.0,a,,,,,0.1,0.0,0.0,0.0,831,1277,2527,4578,3,,
2026-09-12T04:38:30+00:00,127,514254,Gomez,5,36,Brighton,Midfielder,5.0,0.0,0.0,a,,,,,4.9,4.3,4.3,4.3,88699,85897,290152,162881,,,
2026-09-12T04:38:30+00:00,128,536916,Buonanotte,5,36,Brighton,Midfielder,5.0,0.0,0.0,u,Has joined Elche on loan for the rest of the season,2026-08-10T14:03:07.561436Z,0,0,0.0,0.0,0.0,0.0,0,36,0,303,,,
2026-09-12T04:38:30+00:00,129,509416,Ayari,5,36,Brighton,Midfielder,5.4,0.0,-0.1,a,,2026-08-30T18:00:07.935334Z,75,100,0.4,1.3,1.0,1.3,1712,5313,6489,34259,,,
2026-09-12T04:38:30+00:00,130,467779,Wieffer,5,36,Brighton,Defender,5.0,0.0,0.0,i,Knee injury - Unknown return date,2026-09-04T09:30:08.612904Z,0,0,0.3,2.3,0.0,0.0,61,17017,25851,32909,,,
2026-09-12T04:38:30+00:00,132,597320,Howell,5,36,Brighton,Midfielder,4.5,0.0,0.0,u,Has joined Leicester City on loan for the rest of the season,2026-08-17T13:53:19.019938Z,0,0,0.0,0.0,0.0,0.0,0,524,0,3032,,,
2026-09-12T04:38:30+00:00,133,549074,Watson,5,36,Brighton,Midfielder,5.0,0.0,0.0,u,Has joined Leicester City on loan for the rest of the season,2026-08-03T14:05:44.459483Z,0,0,0.0,0.0,0.0,0.0,0,19,0,121,,,
2026-09-12T04:38:30+00:00,134,556637,Oriola,5,36,Brighton,Midfielder,4.5,0.0,0.0,a,,,,,0.3,0.0,0.0,0.0,2029,2879,7349,9418,,,
2026-09-12T04:38:30+00:00,135,700308,Yohanna,5,36,Brighton,Midfielder,4.9,-0.1,-0.1,i,Unspecified injury - Expected back 10 Oct,2026-09-10T13:00:08.617941Z,,0,0.1,0.3,0.3,0.0,313,1174,1203,3632,,,
2026-09-12T04:38:30+00:00,137,608181,Tzimas,5,36,Brighton,Forward,5.5,0.0,0.0,i,Knee injury - Unknown return date,2026-07-23T12:01:23.432796Z,0,0,0.0,0.0,0.0,0.0,64,132,228,594,,,
2026-09-12T04:38:30+00:00,138,647850,Kostoulas,5,36,Brighton,Forward,5.5,0.0,0.0,a,,,,,0.5,2.7,2.7,2.7,13746,7517,44863,15786,,,
2026-09-12T04:38:30+00:00,139,487117,Ferguson,5,36,Brighton,Forward,5.0,0.0,0.0,i,Ankle injury - Expected back 10 Oct,2026-07-23T12:01:23.448357Z,0,0,0.0,0.0,0.0,0.0,325,470,1188,1811,,,
2026-09-12T04:38:30+00:00,328,222694,Struijk,5,36,Brighton,Defender,5.0,0.0,0.0,a,,2026-08-15T20:30:07.523574Z,100,100,0.2,0.3,0.3,0.3,1279,2141,4243,8371,,,
2026-09-12T04:38:30+00:00,504,610799,Vuskovic,5,36,Brighton,Defender,5.0,0.0,0.0,a,,,,,3.3,6.0,6.0,6.0,111218,37169,155247,82094,,,
2026-09-12T04:38:30+00:00,594,538007,David,5,36,Brighton,Forward,6.0,0.0,0.0,a,,,,,0.2,0.3,0.3,0.3,2539,4609,9502,14472,2,,
2026-09-12T04:38:30+00:00,600,612855,Osman,5,36,Brighton,Midfielder,5.0,0.0,0.0,a,,,,,0.0,0.7,0.7,0.7,129,263,659,688,,,
2026-09-12T04:38:30+00:00,605,611695,Yalcouyé,5,36,Brighton,Midfielder,4.5,0.0,0.0,a,,,,,3.3,3.7,3.7,3.7,159054,51152,371806,85737,,,
2026-09-12T04:38:30+00:00,614,512123,Hadjam,5,36,Brighton,Defender,4.5,0.0,0.0,a,,,,,0.0,0.0,0.0,0.0,390,523,3191,1062,,,
2026-09-12T04:38:30+00:00,624,519324,Cozier-Duberry,5,36,Brighton,Midfielder,5.0,0.0,0.0,u,Has joined Middlesbrough on loan for the rest of the season,2026-09-02T15:38:15.552951Z,0,0,0.0,0.0,0.0,0.0,0,39,117,95,,,
2026-09-12T04:38:30+00:00,639,592984,Andrés,5,36,Brighton,Midfielder,5.5,0.0,0.0,a,,,,,0.0,0.0,2.0,2.0,463,178,724,220,,,
2026-09-12T04:38:30+00:00,652,471551,Azeez,5,36,Brighton,Midfielder,5.5,0.0,0.0,d,Hamstring injury - 75% chance of playing,2026-09-04T11:30:08.661589Z,0,75,0.0,0.0,0.0,1.5,106,54,354,88,,,
2026-09-12T04:38:30+00:00,28,98980,Martinez,6,8,Chelsea,Goalkeeper,5.0,0.0,0.0,a,,,,,5.2,1.7,1.7,1.7,102607,44856,200371,165033,,,
2026-09-12T04:38:30+00:00,40,244850,Rogers,6,8,Chelsea,Midfielder,7.6,0.1,0.1,a,,,,,33.3,6.3,6.3,6.3,928246,111981,1391647,505714,,,
2026-09-12T04:38:30+00:00,101,56979,Henderson,6,8,Chelsea,Midfielder,4.9,-0.1,-0.1,i,Wrist injury - Unknown return date,2026-08-09T09:30:07.136250Z,75,0,0.0,0.0,0.0,0.0,139,515,562,1972,,,
2026-09-12T04:38:30+00:00,136,50175,Welbeck,6,8,Chelsea,Forward,5.9,0.0,-0.1,a,,2026-08-20T14:00:07.949090Z,100,100,0.8,0.3,0.3,0.3,6921,11749,17930,58550,,,
2026-09-12T04:38:30+00:00,140,215059,Sánchez,6,8,Chelsea,Goalkeeper,4.9,0.0,-0.1,u,Has joined Como on loan for the rest of the season,2026-09-02T16:20:41.841936Z,0,0,0.9,0.7,0.0,0.0,0,39423,10847,150976,,,
2026-09-12T04:38:30+00:00,141,508479,Jörgensen,6,8,Chelsea,Goalkeeper,5.0,0.0,0.0,u,Has joined RC Strasbourg on loan for the rest of the season,2026-08-12T14:07:02.607115Z,0,0,0.0,0.0,0.0,0.0,0,91,0,862,,,
2026-09-12T04:38:30+00:00,142,225796,James,6,8,Chelsea,Defender,5.4,-0.1,-0.1,a,,,,,7.7,0.7,0.7,0.7,48386,79422,137950,371902,,,
2026-09-12T04:38:30+00:00,143,180736,Chalobah,6,8,Chelsea,Defender,5.5,0.0,0.0,u,Has joined Como permanently,2026-08-10T14:03:50.769483Z,0,0,0.1,0.0,0.0,0.0,0,1245,0,12832,,,
2026-09-12T04:38:30+00:00,144,482609,Gusto,6,8,Chelsea,Defender,5.0,0.0,0.0,a,,,,,1.1,1.0,1.0,1.0,6566,12511,29817,44979,,,
2026-09-12T04:38:30+00:00,145,444463,Fofana,6,8,Chelsea,Defender,5.0,0.0,0.0,a,,2026-07-23T12:01:23.464591Z,100,100,0.2,1.0,1.0,1.0,7470,1763,10862,3252,,,
2026-09-12T04:38:30+00:00,146,242880,B.Badiashile,6,8,Chelsea,Defender,4.5,0.0,0.0,u,Has joined Napoli on loan for the rest of the season,2026-08-25T14:03:47.079414Z,0,0,0.0,0.0,0.0,0.0,0,228,232,1747,,,
2026-09-12T04:38:30+00:00,148,551210,Hato,6,8,Chelsea,Defender,4.5,0.0,0.0,a,,,,,1.0,2.7,2.7,2.7,47414,13616,74288,28527,,,
2026-09-12T04:38:30+00:00,149,460028,Colwill,6,8,Chelsea,Defender,4.9,-0.1,-0.1,a,,,,,1.1,0.3,0.3,0.3,4460,19641,22751,71018,,,
2026-09-12T04:38:30+00:00,150,574458,M.Sarr,6,8,Chelsea,Defender,4.5,0.0,0.0,u,Has joined Real Sociedad on loan for the rest of the season,2026-08-29T00:34:23.077418Z,0,0,0.0,0.0,0.0,0.0,0,953,429,5251,,,
2026-09-12T04:38:30+00:00,151,577016,Acheampong,6,8,Chelsea,Defender,4.5,0.0,0.0,a,,,,,0.4,1.7,1.7,1.7,5208,4009,18065,13924,,,
2026-09-12T04:38:30+00:00,152,620109,Palestra,6,8,Chelsea,Defender,5.4,0.0,-0.1,i,Unspecified injury - Expected back 18 Sep,2026-08-24T18:30:07.421239Z,75,0,0.9,0.0,0.0,0.0,411,36043,6192,185983,,,
2026-09-12T04:38:30+00:00,154,244851,Palmer,6,8,Chelsea,Midfielder,9.7,0.1,0.2,a,,2026-08-24T22:00:07.971542Z,100,100,26.6,7.0,7.0,7.0,750187,94902,1514961,319662,1,,
2026-09-12T04:38:30+00:00,156,247632,Neto,6,8,Chelsea,Midfielder,6.5,0.0,0.0,a,,,,,1.4,3.3,3.3,3.3,26873,14445,54386,57386,,,
2026-09-12T04:38:30+00:00,157,624773,Estêvão,6,8,Chelsea,Midfielder,6.4,0.0,-0.1,a,,,,,0.8,0.7,0.7,0.7,3526,12476,12576,71012,2,,
2026-09-12T04:38:30+00:00,158,463936,Gittens,6,8,Chelsea,Midfielder,5.9,0.0,-0.1,a,,,,,0.0,0.0,0.0,0.0,233,428,764,2176,,,
2026-09-12T04:38:30+00:00,159,486672,Caicedo,6,8,Chelsea,Midfielder,5.4,0.0,-0.1,i,Calf injury - Expected back 18 Sep,2026-08-30T16:00:08.393562Z,75,0,1.5,0.3,0.2,0.0,1316,42613,14028,233087,,,
2026-09-12T04:38:30+00:00,161,514356,Lavia,6,8,Chelsea,Midfielder,5.0,0.0,0.0,a,,,,,0.2,3.0,3.0,3.0,6680,3614,21577,8291,,,
2026-09-12T04:38:30+00:00,163,491007,D.Essugo,6,8,Chelsea,Midfielder,4.5,0.0,0.0,u,Has joined RC Strasbourg on loan for the rest of the season,2026-09-02T16:20:41.865225Z,0,0,0.1,0.0,0.0,0.0,0,3761,2698,11241,,,
2026-09-12T04:38:30+00:00,164,593117,Quenda,6,8,Chelsea,Midfielder,5.4,0.0,-0.1,a,,2026-07-24T20:30:10.609931Z,100,100,0.0,0.3,0.3,0.3,143,579,666,2595,,,
2026-09-12T04:38:30+00:00,165,475168,João Pedro,6,8,Chelsea,Forward,7.7,0.0,0.2,a,,,,,73.5,7.0,7.0,7.0,336381,95653,1188097,314589,,,
2026-09-12T04:38:30+00:00,168,499309,Marc Guiu,6,8,Chelsea,Forward,5.0,0.0,0.0,u,Has joined RB Leipzig permanently,2026-09-01T13:24:48.857362Z,0,0,0.2,0.0,0.0,0.0,0,7874,4102,26807,,,
2026-09-12T04:38:30+00:00,169,567119,Mheuka,6,8,Chelsea,Forward,4.5,0.0,0.0,a,,,,,0.4,0.0,0.0,0.0,6382,5126,17750,15293,,,
2026-09-12T04:38:30+00:00,170,503037,Emegha,6,8,Chelsea,Forward,5.0,0.0,0.0,i,Hamstring injury - Expected back 18 Sep,2026-09-09T15:00:09.063849Z,100,0,0.1,0.0,0.0,0.0,1709,2749,5868,8331,,,
2026-09-12T04:38:30+00:00,200,437499,Lacroix,6,8,Chelsea,Defender,6.0,0.0,0.0,a,,,,,8.1,3.0,3.0,3.0,50546,69959,146947,264976,,,
2026-09-12T04:38:30+00:00,560,549939,Penders,6,8,Chelsea,Goalkeeper,4.4,-0.1,-0.1,a,,,,,0.1,0.0,0.0,0.0,255,695,1013,2592,,,
2026-09-12T04:38:30+00:00,561,622758,Anselmino,6,8,Chelsea,Defender,4.5,0.0,0.0,a,,2026-08-23T19:00:08.536705Z,100,100,0.0,0.0,0.0,0.0,198,193,545,913,,,
2026-09-12T04:38:30+00:00,568,543158,Barco,6,8,Chelsea,Midfielder,5.5,0.0,0.0,a,,,,,0.1,0.3,0.3,0.3,766,1299,2349,5033,,,
2026-09-12T04:38:30+00:00,583,498444,Chavarria,6,8,Chelsea,Defender,4.9,-0.1,-0.1,a,,,,,0.2,1.0,1.0,1.0,578,1949,2323,8584,,,
2026-09-12T04:38:30+00:00,91,231065,Pinnock,7,9,Coventry City,Defender,4.5,0.0,0.0,a,,,,,0.1,1.3,1.3,1.3,576,668,1655,2955,,,
2026-09-12T04:38:30+00:00,104,428580,Onyeka,7,9,Coventry City,Midfielder,4.9,-0.1,-0.1,a,,,,,0.1,1.3,1.3,1.3,548,1453,3383,7258,,,
2026-09-12T04:38:30+00:00,110,472739,Rushworth,7,9,Coventry City,Goalkeeper,4.5,0.0,0.0,a,,,,,0.9,1.7,1.7,1.7,4390,14256,19259,37881,,,
2026-09-12T04:38:30+00:00,171,484389,Dovin,7,9,Coventry City,Goalkeeper,4.0,0.0,0.0,u,Has joined Leyton Orient on loan for the rest of the season,2026-09-02T15:44:14.839336Z,0,0,1.2,0.0,0.0,0.0,0,15970,8924,40676,,,
2026-09-12T04:38:30+00:00,172,110690,Wilson,7,9,Coventry City,Goalkeeper,4.5,0.0,0.0,a,,,,,0.4,0.0,0.0,0.0,218,1982,710,9629,,,
2026-09-12T04:38:30+00:00,173,461102,Thomas,7,9,Coventry City,Defender,4.0,0.0,0.0,a,,,,,9.1,5.0,5.0,5.0,125385,71862,277604,165419,,,
2026-09-12T04:38:30+00:00,174,436761,Kitching,7,9,Coventry City,Defender,4.0,0.0,0.0,u,Has joined Sheffield United on loan for the rest of the season,2026-09-02T16:21:03.612394Z,0,0,0.4,0.0,0.0,0.0,0,9305,981,24528,,,
2026-09-12T04:38:30+00:00,175,451284,van Ewijk,7,9,Coventry City,Defender,4.0,0.0,0.0,a,,,,,10.7,2.0,2.0,2.0,27807,119654,103970,291479,,,
2026-09-12T04:38:30+00:00,176,173878,Dasilva,7,9,Coventry City,Defender,4.0,0.0,0.0,a,,,,,0.7,1.7,1.7,1.7,2101,4057,7989,15297,,,
2026-09-12T04:38:30+00:00,177,465390,Kesler-Hayden,7,9,Coventry City,Defender,4.0,0.0,0.0,i,Hamstring injury - Unknown return date,2026-08-27T14:56:28.704361Z,0,0,0.0,0.0,0.0,0.0,97,590,396,2602,,,
2026-09-12T04:38:30+00:00,178,80178,Bidwell,7,9,Coventry City,Defender,4.0,0.0,0.0,a,,,,,0.1,0.0,0.0,0.0,577,699,1746,2421,,,
2026-09-12T04:38:30+00:00,179,204813,Latibeaudiere,7,9,Coventry City,Defender,4.0,0.0,0.0,a,,,,,0.0,0.0,0.0,0.0,240,322,719,1222,,,
2026-09-12T04:38:30+00:00,180,220583,Woolfenden,7,9,Coventry City,Defender,4.0,0.0,0.0,i,Knee injury - Unknown return date,2026-08-27T14:56:28.718566Z,0,0,0.1,0.0,0.0,0.0,320,1646,1925,7055,,,
2026-09-12T04:38:30+00:00,181,577411,Brau,7,9,Coventry City,Defender,4.0,0.0,0.0,u,Has joined Academico de Viseu on loan for the rest of the season,2026-08-29T00:35:59.980316Z,0,0,0.0,0.0,0.0,0.0,0,411,275,1724,,,
2026-09-12T04:38:30+00:00,182,539142,Amenda,7,9,Coventry City,Defender,4.0,0.0,0.0,a,,,,,0.8,1.3,1.3,1.3,3053,4869,9505,17457,,,
2026-09-12T04:38:30+00:00,183,480457,Rudoni,7,9,Coventry City,Midfielder,5.0,0.0,0.0,a,,2026-07-23T12:01:23.481435Z,100,100,0.1,2.0,2.0,2.0,808,1515,2764,5383,,,
2026-09-12T04:38:30+00:00,184,168144,Grimes,7,9,Coventry City,Midfielder,5.0,0.0,0.0,a,,,,,0.1,2.0,2.0,2.0,451,2231,3222,7771,3,,
2026-09-12T04:38:30+00:00,185,501459,Sakamoto,7,9,Coventry City,Midfielder,4.9,0.0,-0.1,a,,,,,0.1,0.3,0.3,0.3,187,1022,728,4220,,,
2026-09-12T04:38:30+00:00,186,241293,Mason-Clark,7,9,Coventry City,Midfielder,5.4,0.0,-0.1,a,,2026-08-19T18:00:08.310507Z,100,100,0.1,1.0,1.0,1.0,197,852,914,4518,,,
2026-09-12T04:38:30+00:00,187,439668,Eccles,7,9,Coventry City,Midfielder,4.9,0.0,-0.1,i,Unspecified injury - Expected back 12 Oct,2026-09-10T18:30:08.877110Z,,0,0.0,0.0,0.0,0.0,76,279,579,982,,,
2026-09-12T04:38:30+00:00,188,226965,Torp,7,9,Coventry City,Midfielder,5.4,0.0,-0.1,a,,,,,0.1,0.7,0.7,0.7,51,1379,700,6175,2,,
2026-09-12T04:38:30+00:00,189,684268,Shepherd,7,9,Coventry City,Midfielder,4.5,0.0,0.0,a,,,,,0.2,0.0,0.0,0.0,1187,2578,3897,9488,,,
2026-09-12T04:38:30+00:00,190,469272,Tchaouna,7,9,Coventry City,Midfielder,5.4,-0.1,-0.1,a,,,,,0.1,1.3,1.3,1.3,174,1315,3064,6518,,,
2026-09-12T04:38:30+00:00,191,492498,Borges Rodrigues,7,9,Coventry City,Midfielder,4.5,0.0,0.0,u,Has joined Burton Albion on loan for the rest of the season,2026-09-02T15:44:14.868001Z,0,0,0.1,0.0,0.0,0.0,0,2970,1943,8531,,,
2026-09-12T04:38:30+00:00,192,629397,Andrews,7,9,Coventry City,Midfielder,4.5,0.0,0.0,u,Has joined Oxford United on loan for the rest of the season,2026-08-29T00:35:59.998520Z,0,0,0.4,0.0,0.0,0.0,0,7196,2718,32155,,,
2026-09-12T04:38:30+00:00,193,176412,Wright,7,9,Coventry City,Forward,5.4,0.0,-0.1,i,Thigh injury - Unknown return date,2026-08-14T22:00:07.214508Z,0,0,0.1,0.0,0.0,0.0,114,1688,467,10461,1,,
2026-09-12T04:38:30+00:00,194,230730,Thomas-Asante,7,9,Coventry City,Forward,5.0,0.0,0.0,a,,,,,0.8,1.3,1.3,1.3,9909,11050,40892,36437,4,,
2026-09-12T04:38:30+00:00,195,218997,Simms,7,9,Coventry City,Forward,5.0,0.0,0.0,a,,,,,0.8,1.0,1.0,1.0,4903,12024,34896,43628,,,
2026-09-12T04:38:30+00:00,196,551262,Markelo,7,9,Coventry City,Forward,5.0,0.0,0.0,u,Has joined Shabab Al-Ahli Dubai permanently,2026-08-17T13:53:55.791223Z,0,0,0.0,0.0,0.0,0.0,0,123,0,1009,,,
2026-09-12T04:38:30+00:00,197,549653,Bassette,7,9,Coventry City,Forward,4.5,0.0,0.0,u,Has joined KVC Westerlo on loan for the rest of the season,2026-07-28T12:58:50.001768Z,0,0,0.0,0.0,0.0,0.0,0,319,0,1655,,,
2026-09-12T04:38:30+00:00,492,210156,Awoniyi,7,9,Coventry City,Forward,5.5,0.0,0.0,a,,,,,0.7,1.7,1.7,1.7,6165,8518,19661,35967,5,,
2026-09-12T04:38:30+00:00,575,661888,Yirenkyi,7,9,Coventry City,Midfielder,4.9,-0.1,-0.1,a,,,,,0.2,1.7,1.7,1.7,554,2745,2329,9536,,,
2026-09-12T04:38:30+00:00,584,196100,Hamer,7,9,Coventry City,Midfielder,5.4,-0.1,-0.1,a,,,,,0.1,1.0,1.0,1.0,132,1097,671,4804,,,
2026-09-12T04:38:30+00:00,599,627221,Cherif,7,9,Coventry City,Forward,5.0,0.0,0.0,a,,,,,0.1,0.0,0.0,0.0,1182,1402,5133,5157,,,
2026-09-12T04:38:30+00:00,623,79602,Bentley,7,9,Coventry City,Goalkeeper,4.0,0.0,0.0,a,,,,,0.5,0.0,0.0,0.0,30657,8061,50737,10888,,,
2026-09-12T04:38:30+00:00,655,242893,Gboho,7,9,Coventry City,Midfielder,5.5,0.0,0.0,a,,,,,0.0,0.0,2.0,2.0,50,6,50,6,,,
2026-09-12T04:38:30+00:00,656,566213,Mfuni,7,9,Coventry City,Defender,4.0,0.0,0.0,a,,,,,0.0,0.0,1.0,1.0,1298,123,1298,123,,,
2026-09-12T04:38:30+00:00,42,485337,Guessand,8,31,Crystal Palace,Midfielder,5.5,0.0,0.0,a,,,,,0.0,0.7,0.7,0.7,857,870,1896,2471,,,
2026-09-12T04:38:30+00:00,153,220362,Disasi,8,31,Crystal Palace,Defender,4.5,0.0,0.0,a,,,,,0.1,1.3,1.3,1.3,5611,2094,7647,3950,,,
2026-09-12T04:38:30+00:00,198,172649,Henderson,8,31,Crystal Palace,Goalkeeper,5.0,0.0,0.0,a,,2026-08-20T14:00:08.018379Z,100,100,2.1,1.7,1.7,1.7,27114,14552,48025,46661,,,
2026-09-12T04:38:30+00:00,199,121709,Benitez,8,31,Crystal Palace,Goalkeeper,4.5,0.0,0.0,a,,,,,0.1,0.0,0.0,0.0,502,841,1618,3511,,,
2026-09-12T04:38:30+00:00,202,427623,Richards,8,31,Crystal Palace,Defender,5.0,0.0,0.0,a,,,,,0.7,1.3,1.3,1.3,7428,7474,17381,25099,,,
2026-09-12T04:38:30+00:00,203,651426,Canvot,8,31,Crystal Palace,Defender,4.9,0.0,-0.1,a,,,,,0.2,0.7,0.7,0.7,2173,3605,4702,13391,,,
2026-09-12T04:38:30+00:00,204,244723,Mitchell,8,31,Crystal Palace,Defender,4.5,0.0,0.0,a,,,,,6.7,5.3,5.3,5.3,209532,39601,224548,167523,,,
2026-09-12T04:38:30+00:00,205,218364,Sosa,8,31,Crystal Palace,Defender,4.5,0.0,0.0,u,Has joined FC Cologne on loan for the rest of the season,2026-09-02T16:03:25.710518Z,0,0,0.0,0.0,0.0,0.0,0,612,236,1668,,,
2026-09-12T04:38:30+00:00,206,515621,Chadi Riad,8,31,Crystal Palace,Defender,4.4,0.0,-0.1,i,Knee injury - Unknown return date,2026-08-22T18:00:07.352049Z,0,0,0.0,0.3,0.0,0.0,50,603,563,5062,,,
2026-09-12T04:38:30+00:00,207,242313,Mingueza,8,31,Crystal Palace,Defender,4.4,0.0,-0.1,a,,,,,0.1,0.7,0.7,0.7,580,845,1549,3436,,,
2026-09-12T04:38:30+00:00,208,232185,Sarr,8,31,Crystal Palace,Midfielder,6.3,0.0,-0.2,i,Groin injury - Unknown return date,2026-08-22T18:00:07.363165Z,0,0,0.8,0.0,0.0,0.0,162,31597,2594,356604,2,,
2026-09-12T04:38:30+00:00,210,496221,Wharton,8,31,Crystal Palace,Midfielder,5.5,0.0,0.0,a,,2026-07-23T12:01:23.498963Z,100,100,0.9,2.7,2.7,2.7,7660,9230,24446,30750,,,
2026-09-12T04:38:30+00:00,211,488024,Yeremy,8,31,Crystal Palace,Midfielder,5.5,0.0,0.0,a,,,,,0.5,3.7,3.7,3.7,28355,7439,34120,12479,,,
2026-09-12T04:38:30+00:00,212,108413,Hughes,8,31,Crystal Palace,Midfielder,4.5,0.0,0.0,a,,,,,8.5,0.3,0.3,0.3,23494,95930,81264,319721,,,
2026-09-12T04:38:30+00:00,213,152551,Lerma,8,31,Crystal Palace,Midfielder,4.9,0.0,-0.1,a,,,,,0.1,0.0,0.0,0.0,278,975,978,4167,,,
2026-09-12T04:38:30+00:00,214,209400,Kamada,8,31,Crystal Palace,Midfielder,5.0,0.0,0.0,a,,,,,0.4,3.3,3.3,3.3,14664,5099,20901,12745,,,
2026-09-12T04:38:30+00:00,215,489706,Devenny,8,31,Crystal Palace,Midfielder,5.0,0.0,0.0,u,Has joined Stoke City permanently,2026-09-02T15:41:07.346849Z,0,0,0.0,0.0,0.0,0.0,0,246,132,760,3,,
2026-09-12T04:38:30+00:00,216,606921,Esse,8,31,Crystal Palace,Midfielder,5.0,0.0,0.0,u,Has joined Millwall on loan for the rest of the season,2026-09-02T15:41:07.376544Z,0,0,0.0,0.0,0.0,0.0,0,894,399,2637,,,
2026-09-12T04:38:30+00:00,217,536694,M.França,8,31,Crystal Palace,Midfielder,4.9,0.0,-0.1,u,Has joined Alverca on loan for the rest of the season,2026-09-11T14:42:19.322912Z,,0,0.0,0.0,0.0,0.0,57,648,1007,2468,,,
2026-09-12T04:38:30+00:00,218,438464,Doucouré,8,31,Crystal Palace,Midfielder,4.9,0.0,-0.1,a,,,,,0.1,0.0,0.0,0.0,438,824,1670,3203,,,
2026-09-12T04:38:30+00:00,219,450542,J.Rak-Sakyi,8,31,Crystal Palace,Midfielder,4.9,-0.1,-0.1,u,has joined  Kasimpasa on loan for the rest of the seaon.,2026-09-10T09:12:47.224598Z,,0,0.0,0.0,0.0,0.0,55,127,145,328,,,
2026-09-12T04:38:30+00:00,220,590014,Cardines,8,31,Crystal Palace,Defender,4.5,0.0,0.0,u,Has joined Bristol City on loan for the rest of the season,2026-08-12T14:08:46.501813Z,0,0,0.0,0.0,0.0,0.0,0,13,0,117,,,
2026-09-12T04:38:30+00:00,221,672492,Drakes-Thomas,8,31,Crystal Palace,Midfielder,4.5,0.0,0.0,a,,,,,0.1,0.0,0.0,0.0,790,936,2128,3115,,,
2026-09-12T04:38:30+00:00,222,247412,Strand Larsen,8,31,Crystal Palace,Forward,6.0,0.0,0.0,a,,,,,0.6,1.3,1.3,1.3,14960,7924,23994,24200,,,
2026-09-12T04:38:30+00:00,223,231747,Mateta,8,31,Crystal Palace,Forward,6.4,0.0,-0.1,i,Hamstring injury - Expected back 11 Oct,2026-08-28T21:00:08.020382Z,0,0,1.7,0.7,0.0,0.0,314,63281,25492,406242,1,,
2026-09-12T04:38:30+00:00,224,205533,Nketiah,8,31,Crystal Palace,Forward,5.5,0.0,0.0,a,,,,,0.7,2.3,2.3,2.3,25280,8035,40417,22099,,,
2026-09-12T04:38:30+00:00,225,660392,Uche,8,31,Crystal Palace,Forward,5.0,0.0,0.0,u,has returned to Getafe CF,2026-07-23T12:18:56.275922Z,0,0,0.0,0.0,0.0,0.0,0,0,0,0,,,
2026-09-12T04:38:30+00:00,241,433154,McNeil,8,31,Crystal Palace,Midfielder,5.4,-0.1,-0.1,a,,,,,0.1,1.0,1.0,1.0,429,1604,1441,5914,,,
2026-09-12T04:38:30+00:00,555,169593,Matthews,8,31,Crystal Palace,Goalkeeper,4.0,0.0,0.0,a,,,,,1.8,0.0,0.0,0.0,4637,6582,18148,21480,,,
2026-09-12T04:38:30+00:00,577,223723,Tomiyasu,8,31,Crystal Palace,Defender,4.5,0.0,0.0,a,,,,,0.3,0.7,0.7,0.7,546,2788,2753,8885,,,
2026-09-12T04:38:30+00:00,588,570794,Khalaili,8,31,Crystal Palace,Defender,5.0,0.0,0.0,a,,,,,0.3,2.0,2.0,2.0,16205,4204,20715,6580,,,
2026-09-12T04:38:30+00:00,595,559152,Gozo,8,31,Crystal Palace,Midfielder,5.0,0.0,0.0,a,,,,,0.0,0.3,0.3,0.3,99,173,358,570,,,
2026-09-12T04:38:30+00:00,633,605972,Ahanor,8,31,Crystal Palace,Defender,4.5,0.0,0.0,a,,,,,0.0,0.0,1.8,1.8,683,145,900,177,,,
2026-09-12T04:38:30+00:00,643,172850,Chilwell,8,31,Crystal Palace,Defender,4.5,0.0,0.0,a,,,,,0.5,7.0,1.8,1.8,31516,4593,32279,4677,,,
2026-09-12T04:38:30+00:00,644,450063,Timber,8,31,Crystal Palace,Midfielder,5.0,0.0,0.0,a,,,,,0.0,2.0,1.6,1.6,1548,395,2204,495,,,
2026-09-12T04:38:30+00:00,647,533646,Osorio,8,31,Crystal Palace,Midfielder,5.5,0.0,0.0,a,,,,,0.0,1.0,2.0,2.0,363,100,824,150,,,
2026-09-12T04:38:30+00:00,21,128295,Nørgaard,9,11,Everton,Midfielder,4.9,0.0,-0.1,i,Groin injury - Unknown return date,2026-08-15T20:00:06.779594Z,0,0,0.1,0.0,0.0,0.0,80,1115,391,6152,,,
2026-09-12T04:38:30+00:00,209,242898,Johnson,9,11,Everton,Midfielder,5.9,0.0,-0.1,a,,,,,0.1,1.0,1.0,1.0,959,1919,2477,7976,,,
2026-09-12T04:38:30+00:00,226,111234,Pickford,9,11,Everton,Goalkeeper,5.5,0.0,0.0,a,,,,,8.6,3.7,3.7,3.7,60051,60545,180068,170659,,,
2026-09-12T04:38:30+00:00,227,229600,Travers,9,11,Everton,Goalkeeper,5.0,0.0,0.0,a,,,,,0.0,0.0,0.0,0.0,364,374,936,1335,,,
2026-09-12T04:38:30+00:00,228,138001,King,9,11,Everton,Goalkeeper,4.5,0.0,0.0,a,,,,,0.0,0.0,0.0,0.0,256,348,802,1241,,,
2026-09-12T04:38:30+00:00,229,17761,Tarkowski,9,11,Everton,Defender,6.0,0.0,0.0,a,,,,,11.5,7.0,7.0,7.0,142278,80206,396652,202829,,,
2026-09-12T04:38:30+00:00,230,480455,Branthwaite,9,11,Everton,Defender,5.5,0.0,0.0,a,,,,,1.9,4.3,4.3,4.3,30527,18242,65131,48545,,,
2026-09-12T04:38:30+00:00,231,106611,Keane,9,11,Everton,Defender,4.9,0.0,-0.1,a,,,,,0.9,0.0,0.0,0.0,1122,14244,6676,72133,,,
2026-09-12T04:38:30+00:00,232,512462,O'Brien,9,11,Everton,Defender,4.9,0.0,-0.1,a,,,,,0.3,0.0,0.0,0.0,575,3901,2907,20070,,,
2026-09-12T04:38:30+00:00,233,224967,Mykolenko,9,11,Everton,Defender,4.5,0.0,0.0,a,,,,,2.0,3.7,3.7,3.7,59382,31955,121286,67281,,,
2026-09-12T04:38:30+00:00,234,243571,Patterson,9,11,Everton,Defender,4.5,0.0,0.0,u,Has joined Torino permanently,2026-09-02T16:05:23.326971Z,0,0,0.0,0.0,0.0,0.0,0,684,371,1932,,,
2026-09-12T04:38:30+00:00,235,499300,Aznou,9,11,Everton,Defender,4.0,0.0,0.0,u,Has joined Malaga on loan for the rest of the season,2026-09-01T13:23:16.934847Z,0,0,0.1,0.0,0.0,0.0,0,2800,1728,8669,,,
2026-09-12T04:38:30+00:00,236,215413,Dewsbury-Hall,9,11,Everton,Midfielder,6.5,0.0,0.0,a,,,,,4.6,5.0,5.0,5.0,118284,85489,311792,205373,,,
2026-09-12T04:38:30+00:00,238,114283,Grealish,9,11,Everton,Midfielder,6.5,0.0,0.0,a,,2026-07-29T10:00:10.492904Z,100,100,0.4,0.7,0.7,0.7,14134,5525,24857,13460,,,
2026-09-12T04:38:30+00:00,239,232928,Garner,9,11,Everton,Midfielder,6.0,0.0,0.0,a,,2026-09-06T18:00:08.301702Z,100,100,0.1,1.3,1.3,1.3,1986,3434,6507,8407,2,,
2026-09-12T04:38:30+00:00,242,550615,George,9,11,Everton,Midfielder,5.5,0.0,0.0,a,,,,,0.6,5.0,5.0,5.0,41968,11283,46001,18565,,,
2026-09-12T04:38:30+00:00,243,502697,Alcaraz,9,11,Everton,Midfielder,4.9,-0.1,-0.1,a,,,,,0.1,0.3,0.3,0.3,527,1163,2095,4240,,,
2026-09-12T04:38:30+00:00,244,609873,Armstrong,9,11,Everton,Midfielder,5.0,0.0,0.0,a,,,,,0.4,3.7,3.7,3.7,11405,7851,45559,19496,,,
2026-09-12T04:38:30+00:00,245,496661,Dibling,9,11,Everton,Midfielder,5.4,0.0,-0.1,a,,,,,0.0,0.0,0.0,0.0,198,437,755,2056,,,
2026-09-12T04:38:30+00:00,246,513466,Röhl,9,11,Everton,Midfielder,5.0,0.0,0.0,a,,,,,0.0,2.0,2.0,2.0,509,900,1607,2703,,,
2026-09-12T04:38:30+00:00,247,244860,Hackney,9,11,Everton,Midfielder,5.5,0.0,0.0,a,,2026-08-26T22:00:07.797766Z,100,100,0.2,2.7,2.7,2.7,1325,1724,2668,8640,,,
2026-09-12T04:38:30+00:00,248,486385,Beto,9,11,Everton,Forward,5.4,0.0,-0.1,u,Has joined Fiorentina permanently,2026-09-02T16:05:23.357221Z,0,0,1.0,0.7,0.0,0.0,0,55594,16222,180536,,,
2026-09-12T04:38:30+00:00,249,586309,Barry,9,11,Everton,Forward,5.6,0.1,0.1,a,,,,,6.0,4.0,4.0,4.0,232398,99927,578572,213698,1,,
2026-09-12T04:38:30+00:00,649,154043,Maitland-Niles,9,11,Everton,Defender,4.5,0.0,0.0,a,,,,,0.3,7.0,1.8,1.8,15190,3049,15749,3177,,,
2026-09-12T04:38:30+00:00,654,629068,Graham,9,11,Everton,Midfielder,4.5,0.0,0.0,a,,,,,0.2,0.0,1.1,1.1,8917,1831,8917,1831,,,
2026-09-12T04:38:30+00:00,250,80201,Leno,10,54,Fulham,Goalkeeper,4.5,0.0,0.0,a,,,,,2.9,2.0,2.0,2.0,16951,29494,70685,68100,,,
2026-09-12T04:38:30+00:00,251,86873,Lecomte,10,54,Fulham,Goalkeeper,4.0,0.0,0.0,a,,,,,1.2,0.0,0.0,0.0,6975,5992,17917,17971,,,
2026-09-12T04:38:30+00:00,252,505079,McNally,10,54,Fulham,Goalkeeper,4.0,0.0,0.0,u,Has joined York City on loan for the rest of the season,2026-09-01T13:25:11.231240Z,0,0,0.1,0.0,0.0,0.0,0,1665,2589,4874,,,
2026-09-12T04:38:30+00:00,253,174874,Andersen,10,54,Fulham,Defender,5.0,0.0,0.0,a,,2026-07-23T12:01:23.516350Z,100,100,0.1,0.7,0.7,0.7,1671,2723,9827,5491,,,
2026-09-12T04:38:30+00:00,254,169528,Robinson,10,54,Fulham,Defender,4.5,0.0,0.0,a,,,,,1.4,1.3,1.3,1.3,4149,22252,30336,48863,2,,
2026-09-12T04:38:30+00:00,255,246301,J.Cuenca,10,54,Fulham,Defender,4.5,0.0,0.0,a,,,,,0.0,1.0,1.0,1.0,89,522,1376,1470,,,
2026-09-12T04:38:30+00:00,256,167074,Tete,10,54,Fulham,Defender,4.4,-0.1,-0.1,a,,,,,0.2,0.0,0.0,0.0,203,1992,971,7069,,,
2026-09-12T04:38:30+00:00,257,232892,Bassey,10,54,Fulham,Defender,4.5,0.0,0.0,a,,,,,0.7,1.0,1.0,1.0,1996,8693,17058,22710,,,
2026-09-12T04:38:30+00:00,258,166477,Castagne,10,54,Fulham,Defender,4.5,0.0,0.0,a,,,,,0.8,4.3,4.3,4.3,5523,14434,61833,27888,,,
2026-09-12T04:38:30+00:00,261,153133,Iwobi,10,54,Fulham,Midfielder,5.4,-0.1,-0.1,a,,,,,0.7,2.0,2.0,2.0,2081,13889,15530,40156,3,,
2026-09-12T04:38:30+00:00,262,209289,Smith Rowe,10,54,Fulham,Midfielder,5.4,-0.1,-0.1,a,,,,,0.3,0.7,0.7,0.7,728,4243,3567,15517,,,
2026-09-12T04:38:30+00:00,263,560552,Kevin,10,54,Fulham,Midfielder,5.4,0.0,-0.1,a,,,,,0.0,0.7,0.7,0.7,215,949,1187,3153,,,
2026-09-12T04:38:30+00:00,264,477555,Bobb,10,54,Fulham,Midfielder,5.5,0.0,0.0,a,,,,,0.3,2.3,2.3,2.3,1903,5351,11058,14343,,,
2026-09-12T04:38:30+00:00,265,207189,Berge,10,54,Fulham,Midfielder,4.9,-0.1,-0.1,a,,,,,0.3,1.7,1.7,1.7,626,4334,3966,12851,,,
2026-09-12T04:38:30+00:00,266,76357,Cairney,10,54,Fulham,Midfielder,5.0,0.0,0.0,i,Knee injury - Expected back 10 Oct,2026-08-14T18:00:06.460944Z,0,0,0.0,0.0,0.0,0.0,32,49,68,246,,,
2026-09-12T04:38:30+00:00,268,577725,King,10,54,Fulham,Midfielder,5.5,0.0,0.0,a,,,,,1.2,6.3,6.3,6.3,72029,29241,129846,46877,,,
2026-09-12T04:38:30+00:00,269,184349,Sessegnon,10,54,Fulham,Defender,4.4,-0.1,-0.1,a,,,,,0.3,1.0,1.0,1.0,278,3850,2124,11707,,,
2026-09-12T04:38:30+00:00,270,153366,Reed,10,54,Fulham,Midfielder,4.5,0.0,0.0,a,,,,,1.2,0.0,0.0,0.0,3265,13559,16922,47138,,,
2026-09-12T04:38:30+00:00,271,244042,Muniz,10,54,Fulham,Forward,5.4,-0.1,-0.1,a,,,,,0.4,0.7,0.7,0.7,3150,6689,10371,24907,,,
2026-09-12T04:38:30+00:00,272,631786,Kusi-Asare,10,54,Fulham,Forward,4.5,0.0,0.0,a,,,,,6.1,0.0,0.0,0.0,31348,68469,115622,184691,,,
2026-09-12T04:38:30+00:00,569,551466,Gonzalo,10,54,Fulham,Forward,6.0,0.0,0.0,a,,,,,3.9,3.3,3.3,3.3,34623,92534,315452,188926,1,,
2026-09-12T04:38:30+00:00,570,571779,Palacios,10,54,Fulham,Midfielder,5.5,0.0,0.0,a,,,,,0.2,3.7,3.7,3.7,1303,1776,3225,6916,,,
2026-09-12T04:38:30+00:00,580,463210,Charles,10,54,Fulham,Midfielder,5.0,0.0,0.0,a,,,,,0.1,1.3,1.3,1.3,274,780,967,2832,,,
2026-09-12T04:38:30+00:00,610,547686,De Fougerolles,10,54,Fulham,Defender,4.0,0.0,0.0,u,has joined  Real Salt Lake on loan for the rest of the seaon.,2026-08-28T11:30:08.336405Z,75,0,0.1,0.0,0.0,0.0,515,1115,5787,3428,,,
2026-09-12T04:38:30+00:00,626,616069,Zepa,10,54,Fulham,Midfielder,4.5,0.0,0.0,a,,,,,0.4,0.0,0.0,0.0,10846,5986,32856,10817,,,
2026-09-12T04:38:30+00:00,635,551050,Larsson,10,54,Fulham,Midfielder,5.0,0.0,0.0,a,,,,,0.0,1.0,1.6,1.6,238,70,526,97,,,
2026-09-12T04:38:30+00:00,636,500033,Ángel,10,54,Fulham,Midfielder,5.0,0.0,0.0,a,,,,,0.0,0.0,1.6,1.6,119,50,239,64,,,
2026-09-12T04:38:30+00:00,650,442299,Affengruber,10,54,Fulham,Defender,4.5,0.0,0.0,a,,,,,0.0,0.0,1.8,1.8,244,96,448,123,,,
2026-09-12T04:38:30+00:00,240,490094,Iroegbunam,11,88,Hull City,Midfielder,5.0,0.0,0.0,a,,2026-08-15T20:00:06.878792Z,100,100,0.0,0.3,0.3,0.3,301,192,631,727,,,
2026-09-12T04:38:30+00:00,273,167825,Phillips,11,88,Hull City,Goalkeeper,4.0,0.0,0.0,a,,,,,1.4,0.0,0.0,0.0,7694,8409,20127,26743,,,
2026-09-12T04:38:30+00:00,274,105666,Butland,11,88,Hull City,Goalkeeper,4.5,0.0,0.0,i,Arm injury - Unknown return date,2026-08-08T19:00:05.601633Z,0,0,0.1,0.0,0.0,0.0,142,763,432,3968,,,
2026-09-12T04:38:30+00:00,275,494950,Cartwright,11,88,Hull City,Goalkeeper,4.0,0.0,0.0,u,Has joined Grimsby Town on loan for the rest of the season,2026-07-29T13:00:27.959925Z,0,0,0.0,0.0,0.0,0.0,0,58,0,252,,,
2026-09-12T04:38:30+00:00,276,444307,Lo-Tutala,11,88,Hull City,Goalkeeper,4.0,0.0,0.0,u,Has joined Colchester United on loan for the rest of the season,2026-08-17T13:50:27.125537Z,0,0,0.0,0.0,0.0,0.0,0,178,0,833,,,
2026-09-12T04:38:30+00:00,277,108416,Egan,11,88,Hull City,Defender,4.1,0.1,0.1,a,,,,,6.3,7.7,7.7,7.7,202092,61536,580735,130409,,,
2026-09-12T04:38:30+00:00,278,501902,Hughes,11,88,Hull City,Defender,4.0,0.0,0.0,i,Groin injury - Unknown return date,2026-08-02T09:00:11.030017Z,0,0,0.1,0.0,0.0,0.0,150,1029,387,5169,,,
2026-09-12T04:38:30+00:00,279,146426,Ajayi,11,88,Hull City,Defender,4.2,0.1,0.2,a,,2026-08-22T17:30:07.668197Z,100,100,12.3,8.3,8.3,8.3,305889,66777,1017215,151619,,,
2026-09-12T04:38:30+00:00,280,193278,Coyle,11,88,Hull City,Defender,4.0,0.0,0.0,a,,2026-08-29T16:30:08.151841Z,75,100,0.6,4.0,3.0,4.0,7479,3427,11634,18694,,,
2026-09-12T04:38:30+00:00,281,433590,Drameh,11,88,Hull City,Defender,4.0,0.0,0.0,u,Has joined Genoa permanently,2026-09-02T16:09:06.479140Z,0,0,0.1,0.7,0.0,0.0,0,1402,2118,3488,,,
2026-09-12T04:38:30+00:00,282,232351,Giles,11,88,Hull City,Defender,4.0,0.0,0.0,a,,,,,1.6,6.7,6.7,6.7,57148,13628,96852,26162,,,
2026-09-12T04:38:30+00:00,283,449428,Jacob,11,88,Hull City,Defender,4.0,0.0,0.0,u,Has joined Newport County on loan until January,2026-08-02T09:00:11.038361Z,0,0,0.0,0.0,0.0,0.0,0,111,114,549,,,
2026-09-12T04:38:30+00:00,284,661800,McCarthy,11,88,Hull City,Defender,4.0,0.0,0.0,a,,,,,0.1,0.0,0.0,0.0,814,901,2996,3072,,,
2026-09-12T04:38:30+00:00,285,160817,McNair,11,88,Hull City,Defender,4.0,0.0,0.0,a,,2026-09-09T13:30:08.327907Z,,100,0.1,0.3,0.3,0.3,471,1056,2125,3245,,,
2026-09-12T04:38:30+00:00,286,540324,Belloumi,11,88,Hull City,Midfielder,5.0,0.0,0.0,a,,,,,1.0,4.7,4.7,4.7,23045,10032,63497,24502,,,
2026-09-12T04:38:30+00:00,287,232905,Millar,11,88,Hull City,Midfielder,5.0,0.0,0.0,u,Has joined Birmingham on loan for the rest of the season,2026-09-02T15:36:41.038103Z,0,0,0.0,2.0,0.0,0.0,0,2269,3178,5989,,,
2026-09-12T04:38:30+00:00,288,171270,Dowell,11,88,Hull City,Midfielder,4.5,0.0,0.0,a,,,,,0.3,0.0,0.0,0.0,2551,4284,10034,14474,,,
2026-09-12T04:38:30+00:00,289,101282,Crooks,11,88,Hull City,Midfielder,4.5,0.0,0.0,a,,2026-08-29T15:00:08.569326Z,75,100,0.5,0.7,0.5,0.7,1774,7904,14800,28844,,,
2026-09-12T04:38:30+00:00,290,243413,Slater,11,88,Hull City,Midfielder,4.5,0.0,0.0,a,,,,,5.5,3.7,3.7,3.7,139640,75607,389579,164223,,,
2026-09-12T04:38:30+00:00,291,465525,Matazo,11,88,Hull City,Midfielder,4.5,0.0,0.0,i,Knee injury - Unknown return date,2026-07-23T12:01:23.532635Z,0,0,0.0,0.0,0.0,0.0,109,104,276,336,,,
2026-09-12T04:38:30+00:00,292,208481,Ömür,11,88,Hull City,Midfielder,4.9,0.0,-0.1,a,,,,,0.0,0.0,0.0,0.0,275,293,807,1134,,,
2026-09-12T04:38:30+00:00,293,490161,Kamara,11,88,Hull City,Midfielder,5.0,0.0,0.0,u,Has joined Portsmouth permanently,2026-08-12T14:08:23.542043Z,0,0,0.0,0.0,0.0,0.0,0,45,0,338,,,
2026-09-12T04:38:30+00:00,294,553783,Zambrano,11,88,Hull City,Midfielder,4.5,0.0,0.0,a,,2026-08-04T18:30:11.016909Z,0,100,0.1,0.0,0.0,0.0,1159,1009,2295,5066,,,
2026-09-12T04:38:30+00:00,295,169432,McBurnie,11,88,Hull City,Forward,5.5,0.0,0.0,a,,,,,1.9,2.7,2.7,2.7,19430,34814,142703,100755,1,,
2026-09-12T04:38:30+00:00,296,213292,Akintola,11,88,Hull City,Midfielder,5.0,0.0,0.0,u,Has joined Omonoia FC permanently,2026-09-11T14:42:38.120231Z,,0,0.0,0.0,0.0,0.0,522,934,2704,3209,,,
2026-09-12T04:38:30+00:00,297,470294,Gyabi,11,88,Hull City,Midfielder,4.5,0.0,0.0,i,Thigh injury - Unknown return date,2026-08-04T18:30:11.027155Z,0,0,0.0,0.0,0.0,0.0,108,245,313,1214,,,
2026-09-12T04:38:30+00:00,298,500957,Destan,11,88,Hull City,Forward,4.5,0.0,0.0,u,Has joined Konyaspor permanently,2026-08-17T13:50:27.145733Z,0,0,0.2,0.0,0.0,0.0,0,3404,0,17844,,,
2026-09-12T04:38:30+00:00,299,534392,Burstow,11,88,Hull City,Forward,4.5,0.0,0.0,u,Has joined Sheffield Wednesday on loan for the rest of the season,2026-08-03T14:05:20.234842Z,0,0,0.0,0.0,0.0,0.0,0,450,0,2438,,,
2026-09-12T04:38:30+00:00,340,462635,Gelhardt,11,88,Hull City,Midfielder,5.0,0.0,0.0,a,,2026-08-17T21:30:07.799839Z,100,100,0.0,0.0,0.0,0.0,162,148,306,659,,,
2026-09-12T04:38:30+00:00,556,169359,Targett,11,88,Hull City,Defender,4.0,0.0,0.0,a,,,,,1.9,0.3,0.3,0.3,4352,16734,20164,55288,,,
2026-09-12T04:38:30+00:00,563,445028,Morita,11,88,Hull City,Midfielder,5.0,0.0,0.0,i,Calf injury - Expected back 11 Oct,2026-09-09T14:00:08.474217Z,100,0,0.0,0.3,0.3,0.0,128,431,667,1076,,,
2026-09-12T04:38:30+00:00,572,473284,Tzolakis,11,88,Hull City,Goalkeeper,4.6,0.0,0.1,a,,,,,9.8,8.7,8.7,8.7,211655,57521,681407,130809,,,
2026-09-12T04:38:30+00:00,574,552946,Hjertø-Dahl,11,88,Hull City,Midfielder,4.9,-0.1,-0.1,a,,,,,0.1,0.3,0.3,0.3,403,769,1031,3198,,,
2026-09-12T04:38:30+00:00,576,608227,Stroud,11,88,Hull City,Midfielder,5.0,0.0,0.0,a,,,,,0.1,2.0,2.0,2.0,533,867,2733,3150,,,
2026-09-12T04:38:30+00:00,585,597462,Herrington,11,88,Hull City,Defender,4.0,0.0,0.0,a,,,,,0.6,1.0,1.0,1.0,1794,3974,7999,12675,,,
2026-09-12T04:38:30+00:00,586,606930,Mendy,11,88,Hull City,Defender,4.1,0.1,0.1,a,,2026-08-22T17:30:08.045208Z,100,100,8.1,8.0,8.0,8.0,281152,59578,627530,147801,,,
2026-09-12T04:38:30+00:00,589,469266,Gourna-Douath,11,88,Hull City,Midfielder,5.0,0.0,0.0,a,,,,,0.0,1.0,1.0,1.0,156,244,504,904,,,
2026-09-12T04:38:30+00:00,617,490884,Cho,11,88,Hull City,Midfielder,5.0,0.0,0.0,a,,,,,0.0,1.0,1.0,1.0,306,169,1002,360,,,
2026-09-12T04:38:30+00:00,632,626751,Ansah,11,88,Hull City,Forward,5.0,0.0,0.0,i,Back injury - Unknown return date,2026-09-09T10:00:08.919489Z,,0,0.0,0.0,1.4,0.0,2654,1338,4876,1548,,,
2026-09-12T04:38:30+00:00,637,631000,Vaz,11,88,Hull City,Forward,5.0,0.0,0.0,a,,,,,0.0,0.0,1.4,1.4,2939,748,4546,950,,,
2026-09-12T04:38:30+00:00,638,496181,Norton-Cuffy,11,88,Hull City,Defender,4.0,0.0,0.0,a,,,,,0.3,1.0,1.0,1.0,13204,3124,19658,3897,,,
2026-09-12T04:38:30+00:00,642,243951,Thomas,11,88,Hull City,Midfielder,5.5,0.0,0.0,a,,,,,0.0,1.0,2.0,2.0,799,248,1245,306,,,
2026-09-12T04:38:30+00:00,645,647839,Mouzakitis,11,88,Hull City,Midfielder,5.0,0.0,0.0,a,,,,,0.0,0.0,1.6,1.6,252,78,462,102,,,
2026-09-12T04:38:30+00:00,259,219924,Diop,12,40,Ipswich Town,Defender,4.0,0.0,0.0,a,,,,,14.4,2.3,2.3,2.3,32064,121936,102091,318010,,,
2026-09-12T04:38:30+00:00,267,212314,Lukić,12,40,Ipswich Town,Midfielder,5.0,0.0,0.0,a,,,,,0.1,2.7,2.7,2.7,659,1201,2646,4352,,,
2026-09-12T04:38:30+00:00,300,108813,Walton,12,40,Ipswich Town,Goalkeeper,4.4,-0.1,-0.1,a,,,,,0.4,0.0,0.0,0.0,227,2414,786,11450,,,
2026-09-12T04:38:30+00:00,301,112520,Palmer,12,40,Ipswich Town,Goalkeeper,4.0,0.0,0.0,a,,,,,4.2,0.0,0.0,0.0,20784,28081,58150,76296,,,
2026-09-12T04:38:30+00:00,302,50093,Button,12,40,Ipswich Town,Goalkeeper,4.0,0.0,0.0,a,,,,,0.6,0.0,0.0,0.0,13397,4595,22953,10295,,,
2026-09-12T04:38:30+00:00,303,183015,Kipré,12,40,Ipswich Town,Defender,4.0,0.0,0.0,a,,,,,0.5,0.0,0.0,0.0,515,3491,1479,13862,,,
2026-09-12T04:38:30+00:00,304,216616,O'Shea,12,40,Ipswich Town,Defender,4.0,0.0,0.0,a,,,,,3.0,2.3,2.3,2.3,14199,34330,52010,85507,,,
2026-09-12T04:38:30+00:00,305,455084,Davis,12,40,Ipswich Town,Defender,4.0,0.0,0.0,a,,,,,5.1,3.0,3.0,3.0,38013,52606,108208,113852,,,
2026-09-12T04:38:30+00:00,306,449429,Greaves,12,40,Ipswich Town,Defender,4.0,0.0,0.0,a,,,,,1.2,0.7,0.7,0.7,1651,7908,5965,25292,,,
2026-09-12T04:38:30+00:00,307,222018,Johnson,12,40,Ipswich Town,Defender,4.0,0.0,0.0,u,Has joined Stoke City on loan for the rest of the season,2026-09-04T12:36:56.236331Z,0,0,0.1,0.0,0.0,0.0,0,2132,1137,4522,,,
2026-09-12T04:38:30+00:00,308,176420,Furlong,12,40,Ipswich Town,Defender,4.0,0.0,0.0,a,,,,,0.5,0.3,0.3,0.3,360,3162,1241,12126,,,
2026-09-12T04:38:30+00:00,309,501390,Núñez,12,40,Ipswich Town,Midfielder,5.0,0.0,0.0,a,,,,,0.1,2.0,2.0,2.0,335,1637,2638,5015,,,
2026-09-12T04:38:30+00:00,310,241117,Matusiwa,12,40,Ipswich Town,Midfielder,4.9,-0.1,-0.1,a,,2026-07-29T18:00:10.305484Z,0,100,0.0,0.0,0.0,0.0,33,40,53,219,,,
2026-09-12T04:38:30+00:00,311,149929,Burns,12,40,Ipswich Town,Midfielder,5.0,0.0,0.0,u,Has joined Leicester City permanently,2026-08-10T14:02:47.597478Z,0,0,0.0,0.0,0.0,0.0,0,37,0,316,,,
2026-09-12T04:38:30+00:00,312,231899,Taylor,12,40,Ipswich Town,Midfielder,4.5,0.0,0.0,i,Knee injury - Unknown return date,2026-07-29T18:00:10.319370Z,0,0,0.0,0.0,0.0,0.0,159,410,460,1988,,,
2026-09-12T04:38:30+00:00,313,443261,Clarke,12,40,Ipswich Town,Midfielder,5.4,-0.1,-0.1,a,,,,,0.2,2.7,2.7,2.7,412,3185,4781,11354,1,,
2026-09-12T04:38:30+00:00,314,229164,Ogbene,12,40,Ipswich Town,Midfielder,4.9,0.0,-0.1,u,Has joined Lincoln City on loan until January,2026-09-02T16:04:17.497385Z,0,0,0.0,0.0,0.0,0.0,0,287,104,948,,,
2026-09-12T04:38:30+00:00,315,531442,Fatawu,12,40,Ipswich Town,Midfielder,5.5,0.0,0.0,a,,,,,0.2,2.7,2.7,2.7,1654,2084,4350,7827,,,
2026-09-12T04:38:30+00:00,316,543968,Emersonn,12,40,Ipswich Town,Forward,5.5,0.0,0.0,a,,2026-08-31T09:30:08.306145Z,100,100,1.7,4.0,4.0,4.0,22835,21424,120382,89478,2,,
2026-09-12T04:38:30+00:00,317,222625,Hirst,12,40,Ipswich Town,Forward,5.0,0.0,0.0,u,Has joined Stoke City permanently,2026-08-21T13:06:08.606019Z,0,0,0.1,0.0,0.0,0.0,0,1862,0,14922,,,
2026-09-12T04:38:30+00:00,318,481624,Philogene,12,40,Ipswich Town,Midfielder,5.4,0.0,-0.1,a,,2026-08-25T11:30:07.532993Z,0,100,0.1,0.0,0.0,0.0,26,1223,173,8601,3,,
2026-09-12T04:38:30+00:00,319,172453,Szmodics,12,40,Ipswich Town,Midfielder,5.0,0.0,0.0,u,Has joined Derby County on loan for the rest of the season,2026-08-17T13:51:41.713979Z,0,0,0.0,0.0,0.0,0.0,0,78,0,678,,,
2026-09-12T04:38:30+00:00,320,147675,Akpom,12,40,Ipswich Town,Forward,5.0,0.0,0.0,a,,,,,1.2,2.0,2.0,2.0,32338,16925,99617,40395,,,
2026-09-12T04:38:30+00:00,321,557012,Walle Egeli,12,40,Ipswich Town,Forward,4.5,0.0,0.0,a,,,,,3.5,0.3,0.3,0.3,71649,49865,240059,127460,,,
2026-09-12T04:38:30+00:00,322,462387,Al-Hamadi,12,40,Ipswich Town,Forward,5.0,0.0,0.0,u,Has joined Sheffield Wednesday on loan for the rest of the season,2026-08-27T14:54:10.215357Z,0,0,0.1,0.0,0.0,0.0,0,1487,755,8366,,,
2026-09-12T04:38:30+00:00,323,461587,McAteer,12,40,Ipswich Town,Midfielder,4.5,0.0,0.0,a,,,,,1.2,1.0,1.0,1.0,6429,12211,23670,39742,,,
2026-09-12T04:38:30+00:00,324,232457,Mehmeti,12,40,Ipswich Town,Midfielder,4.9,0.0,-0.1,a,,,,,0.0,0.0,0.0,0.0,87,468,243,1911,,,
2026-09-12T04:38:30+00:00,554,546600,Van Oevelen,12,40,Ipswich Town,Goalkeeper,4.5,0.0,0.0,u,Has joined Valencia on loan for the rest of the season,2026-08-25T14:04:09.529320Z,0,0,0.0,0.0,0.0,0.0,0,272,54,1607,,,
2026-09-12T04:38:30+00:00,562,442967,Maeda,12,40,Ipswich Town,Midfielder,5.4,-0.1,-0.1,a,,,,,0.3,2.0,2.0,2.0,761,3882,2404,13763,,,
2026-09-12T04:38:30+00:00,564,240514,Scherpen,12,40,Ipswich Town,Goalkeeper,4.5,0.0,0.0,a,,,,,0.6,2.0,2.0,2.0,4712,4738,10440,15471,,,
2026-09-12T04:38:30+00:00,571,216055,Florentino,12,40,Ipswich Town,Midfielder,4.9,0.0,-0.1,a,,2026-08-25T11:30:07.678802Z,100,100,0.1,0.0,0.0,0.0,301,1026,738,5584,,,
2026-09-12T04:38:30+00:00,591,474120,Enciso,12,40,Ipswich Town,Midfielder,5.5,0.0,0.0,a,,2026-08-22T18:00:07.551930Z,100,100,0.9,3.7,3.7,3.7,23562,13270,77128,28535,,,
2026-09-12T04:38:30+00:00,592,572584,Ouattara,12,40,Ipswich Town,Defender,4.0,0.0,0.0,a,,,,,0.9,1.0,1.0,1.0,2568,4744,9738,17771,,,
2026-09-12T04:38:30+00:00,602,524180,Humphreys,12,40,Ipswich Town,Midfielder,4.5,0.0,0.0,u,Has joined Huddersfield Town on loan for the rest of the season,2026-09-02T16:04:17.524642Z,0,0,0.0,0.0,0.0,0.0,0,906,2861,2443,,,
2026-09-12T04:38:30+00:00,619,218543,Palacios,12,40,Ipswich Town,Midfielder,5.0,0.0,0.0,a,,,,,0.0,2.5,2.5,2.5,2100,822,3515,1174,,,
2026-09-12T04:38:30+00:00,640,431639,Flemming,12,40,Ipswich Town,Forward,5.5,0.0,0.0,a,,,,,0.0,1.0,1.8,1.8,2153,574,3914,807,,,
2026-09-12T04:38:30+00:00,260,153682,Wilson,13,2,Leeds,Midfielder,6.3,-0.1,-0.2,a,,,,,2.9,1.3,1.3,1.3,2850,107405,25106,320778,,,
2026-09-12T04:38:30+00:00,326,201595,Perri,13,2,Leeds,Goalkeeper,4.5,0.0,0.0,u,Has joined Torino on loan for the rest of the season,2026-09-01T13:12:39.210133Z,0,0,0.4,0.0,0.0,0.0,0,6196,532,21012,,,
2026-09-12T04:38:30+00:00,327,434752,Bijol,13,2,Leeds,Defender,5.0,0.0,0.0,a,,,,,0.8,4.0,4.0,4.0,3856,12883,63983,38594,,,
2026-09-12T04:38:30+00:00,329,214225,Rodon,13,2,Leeds,Defender,4.4,-0.1,-0.1,i,Hamstring injury - Expected back 21 Nov,2026-08-30T16:00:08.564382Z,0,0,1.3,2.3,0.0,0.0,153,93760,26823,233961,,,
2026-09-12T04:38:30+00:00,330,226182,Bogle,13,2,Leeds,Defender,4.5,0.0,0.0,a,,,,,2.0,7.3,7.3,7.3,102111,19901,113125,28546,,,
2026-09-12T04:38:30+00:00,331,243526,Gudmundsson,13,2,Leeds,Defender,4.5,0.0,0.0,a,,2026-08-08T20:00:07.546568Z,100,100,0.1,0.7,0.7,0.7,947,461,1657,1844,,,
2026-09-12T04:38:30+00:00,332,220627,Justin,13,2,Leeds,Defender,4.5,0.0,0.0,a,,,,,1.5,5.3,5.3,5.3,22146,18389,101312,49208,,,
2026-09-12T04:38:30+00:00,333,437738,Bornauw,13,2,Leeds,Defender,4.5,0.0,0.0,u,Has joined Hamburg SV on loan for the rest of the season,2026-08-19T13:56:14.645970Z,0,0,0.0,0.0,0.0,0.0,0,33,0,266,,,
2026-09-12T04:38:30+00:00,334,522047,Muharemović,13,2,Leeds,Defender,5.0,0.0,0.0,a,,,,,3.7,4.7,4.7,4.7,107857,56974,169900,111409,,,
2026-09-12T04:38:30+00:00,335,466525,Stach,13,2,Leeds,Midfielder,6.0,0.0,0.0,a,,,,,2.8,6.3,6.3,6.3,25600,42167,169120,105403,,,
2026-09-12T04:38:30+00:00,336,435997,Okafor,13,2,Leeds,Midfielder,5.9,0.0,-0.1,a,,,,,0.3,2.0,2.0,2.0,1744,5437,5618,25496,,,
2026-09-12T04:38:30+00:00,337,427637,Aaronson,13,2,Leeds,Midfielder,5.4,-0.1,-0.1,a,,,,,0.6,1.7,1.7,1.7,981,9630,5600,34157,,,
2026-09-12T04:38:30+00:00,338,199598,Ampadu,13,2,Leeds,Midfielder,5.4,-0.1,-0.1,a,,,,,1.0,3.0,3.0,3.0,2218,14601,10371,43311,,,
2026-09-12T04:38:30+00:00,339,180135,Longstaff,13,2,Leeds,Midfielder,4.9,-0.1,-0.1,a,,,,,0.1,0.3,0.3,0.3,626,1588,1840,5823,,,
2026-09-12T04:38:30+00:00,341,492859,Gnonto,13,2,Leeds,Midfielder,5.0,0.0,0.0,u,Has joined ACF Fiorentina on loan for the rest of the season,2026-09-02T16:04:47.189648Z,0,0,0.0,0.0,0.0,0.0,0,402,244,1546,,,
2026-09-12T04:38:30+00:00,342,221399,Harrison,13,2,Leeds,Midfielder,5.0,0.0,0.0,u,Has joined New England Revolution permanently,2026-07-28T12:59:09.492431Z,0,0,0.0,0.0,0.0,0.0,0,11,0,64,,,
2026-09-12T04:38:30+00:00,343,200617,James,13,2,Leeds,Midfielder,5.0,0.0,0.0,a,,,,,0.1,0.3,0.3,0.3,691,1732,3153,5759,,,
2026-09-12T04:38:30+00:00,344,486520,Gruev,13,2,Leeds,Midfielder,5.0,0.0,0.0,d,Knee injury - 25% chance of playing,2026-08-14T23:00:06.272027Z,25,25,0.0,0.0,0.0,0.0,12,51,54,251,,,
2026-09-12T04:38:30+00:00,345,248056,Tanaka,13,2,Leeds,Midfielder,4.9,0.0,-0.1,a,,,,,0.2,2.0,2.0,2.0,5113,2738,9478,11472,,,
2026-09-12T04:38:30+00:00,346,177815,Calvert-Lewin,13,2,Leeds,Forward,6.0,0.0,0.0,a,,,,,22.2,3.3,3.3,3.3,86424,398735,369324,930899,1,,
2026-09-12T04:38:30+00:00,347,174594,Nmecha,13,2,Leeds,Forward,5.4,-0.1,-0.1,a,,,,,0.5,1.7,1.7,1.7,5693,6536,13037,24619,2,,
2026-09-12T04:38:30+00:00,348,235826,Piroe,13,2,Leeds,Forward,5.0,0.0,0.0,u,Has joined West Ham United on loan for the rest of the season,2026-08-19T13:56:14.666726Z,0,0,0.1,0.0,0.0,0.0,0,1378,0,9674,3,,
2026-09-12T04:38:30+00:00,349,565297,Mateo Joseph,13,2,Leeds,Forward,4.5,0.0,0.0,i,Knee injury - Unknown return date,2026-07-29T18:00:10.338170Z,0,0,0.1,0.0,0.0,0.0,704,903,1976,3036,,,
2026-09-12T04:38:30+00:00,385,432720,Trafford,13,2,Leeds,Goalkeeper,5.0,0.0,0.0,a,,,,,5.4,5.0,5.0,5.0,56262,42417,201553,106341,,,
2026-09-12T04:38:30+00:00,598,173774,Elvedi,13,2,Leeds,Defender,4.5,0.0,0.0,a,,,,,0.0,1.7,1.7,1.7,2356,1101,3439,1908,,,
2026-09-12T04:38:30+00:00,603,643970,Lienou,13,2,Leeds,Defender,4.0,0.0,0.0,a,,,,,0.1,0.0,0.0,0.0,1252,944,5276,2399,,,
2026-09-12T04:38:30+00:00,604,592740,Cresswell,13,2,Leeds,Midfielder,4.5,0.0,0.0,a,,,,,0.1,0.0,0.0,0.0,3165,1970,12116,4874,,,
2026-09-12T04:38:30+00:00,625,97846,Cairns,13,2,Leeds,Goalkeeper,4.0,0.0,0.0,a,,,,,0.2,0.0,0.0,0.0,5451,1995,14876,3379,,,
2026-09-12T04:38:30+00:00,629,155465,Zetterer,13,2,Leeds,Goalkeeper,4.0,0.0,0.0,a,,,,,0.6,0.0,1.0,1.0,20723,4418,33997,5725,,,
2026-09-12T04:38:30+00:00,641,437497,Bard,13,2,Leeds,Defender,4.5,0.0,0.0,a,,,,,0.0,0.0,1.8,1.8,281,88,458,116,,,
2026-09-12T04:38:30+00:00,648,587982,Bahoya,13,2,Leeds,Midfielder,5.0,0.0,0.0,a,,,,,0.0,0.0,1.6,1.6,696,322,1711,518,,,
2026-09-12T04:38:30+00:00,350,116535,A.Becker,14,14,Liverpool,Goalkeeper,5.5,0.0,0.0,a,,,,,4.0,3.3,3.3,3.3,37826,25800,105654,105013,,,
2026-09-12T04:38:30+00:00,351,449027,Mamardashvili,14,14,Liverpool,Goalkeeper,4.9,0.0,-0.1,a,,,,,0.1,0.0,0.0,0.0,490,1711,2150,6589,,,
2026-09-12T04:38:30+00:00,352,155503,Woodman,14,14,Liverpool,Goalkeeper,4.0,0.0,0.0,a,,,,,1.1,0.0,0.0,0.0,3154,6211,14644,19681,,,
2026-09-12T04:38:30+00:00,353,586268,Pecsi,14,14,Liverpool,Goalkeeper,4.0,0.0,0.0,u,Has joined TSV Hartberg on loan for the rest of the season,2026-08-18T14:11:18.638344Z,0,0,0.0,0.0,0.0,0.0,0,168,0,900,,,
2026-09-12T04:38:30+00:00,354,432987,Jaros,14,14,Liverpool,Goalkeeper,4.0,0.0,0.0,i,Knee injury - Unknown return date,2026-07-29T18:00:10.351066Z,0,0,0.0,0.0,0.0,0.0,497,330,1209,845,,,
2026-09-12T04:38:30+00:00,355,464353,Davies,14,14,Liverpool,Goalkeeper,4.0,0.0,0.0,a,,,,,0.2,0.0,0.0,0.0,1067,991,3428,2843,,,
2026-09-12T04:38:30+00:00,356,97032,Virgil,14,14,Liverpool,Defender,6.5,0.0,0.0,a,,,,,17.2,3.0,3.0,3.0,70250,111467,212514,464022,,,
2026-09-12T04:38:30+00:00,357,216094,Frimpong,14,14,Liverpool,Defender,5.4,-0.1,-0.1,a,,,,,2.3,0.3,0.3,0.3,4153,75146,53767,179115,,,
2026-09-12T04:38:30+00:00,358,544877,Kerkez,14,14,Liverpool,Defender,5.4,-0.1,-0.1,a,,,,,2.7,2.0,2.0,2.0,10322,29776,39966,129214,,,
2026-09-12T04:38:30+00:00,359,171287,Gomez,14,14,Liverpool,Defender,5.0,0.0,0.0,i,Muscular injury - Unknown return date,2026-07-26T08:30:10.078473Z,0,0,0.0,0.0,0.0,0.0,72,198,221,932,,,
2026-09-12T04:38:30+00:00,360,492777,Bradley,14,14,Liverpool,Defender,5.0,0.0,0.0,i,Knee injury - Unknown return date,2026-07-23T12:01:23.565711Z,0,0,0.0,0.0,0.0,0.0,64,152,257,589,,,
2026-09-12T04:38:30+00:00,361,519440,Lucky,14,14,Liverpool,Defender,4.0,0.0,0.0,a,,,,,0.1,0.0,0.0,0.0,751,1348,2779,3913,,,
2026-09-12T04:38:30+00:00,362,606702,Jacquet,14,14,Liverpool,Defender,5.0,0.0,0.0,a,,2026-07-23T12:01:23.581126Z,100,100,2.7,3.0,3.0,3.0,41166,28487,120701,87160,,,
2026-09-12T04:38:30+00:00,363,647681,Leoni,14,14,Liverpool,Defender,4.0,0.0,0.0,i,Knee injury - Unknown return date,2026-07-23T12:01:23.596909Z,0,0,0.0,0.0,0.0,0.0,146,408,660,1544,,,
2026-09-12T04:38:30+00:00,364,214285,Tsimikas,14,14,Liverpool,Defender,4.9,-0.1,-0.1,a,,,,,0.1,0.3,0.3,0.3,308,1193,1134,3262,,,
2026-09-12T04:38:30+00:00,365,489580,Ramsay,14,14,Liverpool,Defender,4.0,0.0,0.0,u,Has joined St Mirren on loan for the rest of the season,2026-08-26T14:05:26.748768Z,0,0,0.1,0.0,0.0,0.0,0,1864,638,10831,,,
2026-09-12T04:38:30+00:00,366,494595,Wirtz,14,14,Liverpool,Midfielder,7.4,-0.1,-0.1,a,,,,,8.0,3.0,3.0,3.0,21485,203336,115438,516977,4,,
2026-09-12T04:38:30+00:00,367,243298,Gakpo,14,14,Liverpool,Midfielder,7.2,0.1,0.2,d,Thigh injury - 75% chance of playing,2026-09-09T18:30:08.772955Z,,75,13.0,9.3,9.3,7.0,644564,241650,1085261,400582,3,,
2026-09-12T04:38:30+00:00,368,424876,Szoboszlai,14,14,Liverpool,Midfielder,7.0,0.0,0.0,a,,,,,38.5,5.0,5.0,5.0,209216,460692,735240,914525,1,,
2026-09-12T04:38:30+00:00,369,611922,Ngumoha,14,14,Liverpool,Midfielder,5.8,-0.1,-0.2,a,,,,,0.6,1.0,1.0,1.0,2313,21018,11333,71304,,,
2026-09-12T04:38:30+00:00,370,223541,Chiesa,14,14,Liverpool,Midfielder,5.4,0.0,-0.1,i,Back injury - Unknown return date,2026-08-27T13:30:07.598926Z,0,0,0.1,0.0,0.0,0.0,14,1251,649,9047,,,
2026-09-12T04:38:30+00:00,371,441266,Gravenberch,14,14,Liverpool,Midfielder,5.9,-0.1,-0.1,a,,,,,1.3,2.3,2.3,2.3,4674,34430,30453,94583,,,
2026-09-12T04:38:30+00:00,372,243016,Mac Allister,14,14,Liverpool,Midfielder,5.4,-0.1,-0.1,a,,,,,1.4,1.7,1.7,1.7,10782,18754,27971,68320,5,,
2026-09-12T04:38:30+00:00,373,206915,C.Jones,14,14,Liverpool,Midfielder,5.5,0.0,0.0,u,Has joined Internazionale permanently,2026-08-16T18:30:07.426408Z,0,0,0.0,0.0,0.0,0.0,0,336,34,2394,,,
2026-09-12T04:38:30+00:00,374,158983,Endo,14,14,Liverpool,Midfielder,4.9,-0.1,-0.1,a,,2026-07-23T12:01:23.612529Z,100,100,0.1,0.0,0.0,0.0,491,1023,1774,3454,,,
2026-09-12T04:38:30+00:00,375,591386,Nyoni,14,14,Liverpool,Midfielder,4.9,-0.1,-0.1,a,,,,,0.0,0.7,0.7,0.7,392,635,1034,2130,,,
2026-09-12T04:38:30+00:00,376,535928,Bajcetic,14,14,Liverpool,Midfielder,5.0,0.0,0.0,u,Has joined Celta Vigo permanently,2026-07-23T12:01:23.628373Z,0,0,0.0,0.0,0.0,0.0,0,23,19,95,,,
2026-09-12T04:38:30+00:00,377,551499,Munoz,14,14,Liverpool,Midfielder,6.5,0.0,0.0,a,,,,,1.2,4.3,4.3,4.3,16921,26769,106618,55883,,,
2026-09-12T04:38:30+00:00,378,491501,McConnell,14,14,Liverpool,Midfielder,4.5,0.0,0.0,a,,,,,0.2,0.0,0.0,0.0,823,2345,3110,8568,,,
2026-09-12T04:38:30+00:00,379,219168,Isak,14,14,Liverpool,Forward,9.1,0.1,0.1,a,,,,,23.2,7.7,7.7,7.7,622206,90286,876829,398268,2,,
2026-09-12T04:38:30+00:00,380,510663,Ekitiké,14,14,Liverpool,Forward,7.4,-0.1,-0.1,i,Achilles injury - Unknown return date,2026-07-23T12:01:23.643771Z,0,0,0.1,0.0,0.0,0.0,451,1942,1856,9181,,,
2026-09-12T04:38:30+00:00,381,514514,Koumas,14,14,Liverpool,Midfielder,5.0,0.0,0.0,a,,,,,0.0,0.7,0.7,0.7,129,291,446,879,,,
2026-09-12T04:38:30+00:00,382,500058,Danns,14,14,Liverpool,Forward,4.5,0.0,0.0,a,,2026-07-23T12:01:23.659279Z,100,100,0.1,0.0,0.0,0.0,6392,2172,9616,3680,,,
2026-09-12T04:38:30+00:00,383,444884,Elliott,14,14,Liverpool,Midfielder,5.4,0.0,-0.1,u,Has joined Valencia on loan for the rest of the season,2026-09-02T16:05:49.104326Z,0,0,0.0,0.0,0.0,0.0,0,1568,907,5240,,,
2026-09-12T04:38:30+00:00,579,445087,Araujo,14,14,Liverpool,Defender,5.4,0.0,-0.1,a,,,,,2.6,3.0,3.0,3.0,48031,15730,83313,130044,,,
2026-09-12T04:38:30+00:00,627,482616,Barcola,14,14,Liverpool,Midfielder,8.0,0.0,0.0,a,,,,,2.1,1.0,2.8,2.8,98626,39944,234414,59560,,,
2026-09-12T04:38:30+00:00,155,448047,Enzo,15,43,Man City,Midfielder,6.9,0.0,-0.1,a,,,,,3.2,1.3,1.3,1.3,34732,45388,80654,267489,,,
2026-09-12T04:38:30+00:00,237,440993,Ndiaye,15,43,Man City,Midfielder,5.9,-0.1,-0.1,a,,,,,9.0,5.3,5.3,5.3,38936,287646,243305,820818,,,
2026-09-12T04:38:30+00:00,384,204936,Donnarumma,15,43,Man City,Goalkeeper,5.5,0.0,0.0,a,,,,,7.5,3.3,3.3,3.3,28867,67883,134015,232900,,,
2026-09-12T04:38:30+00:00,386,122074,Bettinelli,15,43,Man City,Goalkeeper,4.5,0.0,0.0,a,,,,,0.0,0.0,0.0,0.0,112,219,419,828,,,
2026-09-12T04:38:30+00:00,387,472769,O'Reilly,15,43,Man City,Defender,6.4,-0.1,-0.1,a,,2026-09-05T18:00:06.379802Z,,100,13.4,1.3,1.3,1.3,6755,498565,172782,896925,,,
2026-09-12T04:38:30+00:00,388,209036,Guéhi,15,43,Man City,Defender,6.0,0.0,0.0,a,,,,,18.4,6.7,6.7,6.7,82960,99521,388592,323339,,,
2026-09-12T04:38:30+00:00,389,465351,Matheus N.,15,43,Man City,Defender,5.9,0.0,-0.1,a,,2026-08-27T11:30:08.171622Z,100,100,0.9,0.3,0.3,0.3,2179,9518,5689,65430,4,,
2026-09-12T04:38:30+00:00,390,171314,Rúben,15,43,Man City,Defender,5.5,0.0,0.0,a,,,,,1.8,3.3,3.3,3.3,9915,15326,40190,51837,,,
2026-09-12T04:38:30+00:00,391,477424,Gvardiol,15,43,Man City,Defender,5.6,0.0,0.1,a,,,,,19.9,7.3,7.3,7.3,283462,137703,1060232,294004,,,
2026-09-12T04:38:30+00:00,392,448514,Aït-Nouri,15,43,Man City,Defender,5.3,-0.1,-0.2,a,,,,,0.5,0.0,0.0,0.0,1192,10024,5828,51874,,,
2026-09-12T04:38:30+00:00,393,578153,Khusanov,15,43,Man City,Defender,5.5,0.0,0.0,a,,,,,1.6,3.0,3.0,3.0,5577,12345,21455,51165,,,
2026-09-12T04:38:30+00:00,394,494307,Alleyne,15,43,Man City,Defender,5.0,0.0,0.0,u,Has joined Burnley on loan for the rest of the season,2026-08-18T14:11:56.324656Z,0,0,0.0,0.0,0.0,0.0,0,55,0,554,,,
2026-09-12T04:38:30+00:00,395,477064,Lewis,15,43,Man City,Defender,4.4,-0.1,-0.1,a,,,,,0.2,0.3,0.3,0.3,904,3684,6676,11940,,,
2026-09-12T04:38:30+00:00,396,616222,Vitor Reis,15,43,Man City,Defender,4.5,0.0,0.0,a,,,,,0.0,0.3,0.3,0.3,75,261,309,763,,,
2026-09-12T04:38:30+00:00,397,437730,Semenyo,15,43,Man City,Midfielder,8.4,-0.1,-0.1,a,,,,,16.5,4.3,4.3,4.3,32508,293940,150236,898271,2,,
2026-09-12T04:38:30+00:00,398,209244,Foden,15,43,Man City,Midfielder,7.0,0.0,0.0,a,,,,,4.1,3.7,3.7,3.7,16372,176551,299255,297951,,,
2026-09-12T04:38:30+00:00,399,466052,Cherki,15,43,Man City,Midfielder,7.8,0.1,0.3,a,,,,,29.3,8.3,8.3,8.3,280568,368853,2349776,492197,,,
2026-09-12T04:38:30+00:00,400,248875,Doku,15,43,Man City,Midfielder,7.4,0.0,-0.1,i,Calf injury - Expected back 20 Sep,2026-08-18T17:00:08.385597Z,0,0,0.7,0.0,0.0,0.0,241,13281,1188,117667,3,,
2026-09-12T04:38:30+00:00,402,220566,Rodrigo,15,43,Man City,Midfielder,6.5,0.0,0.0,u,Has joined Barcelona permanently,2026-07-23T12:01:23.675537Z,0,0,0.0,0.0,0.0,0.0,0,79,0,1144,,,
2026-09-12T04:38:30+00:00,404,433036,Reijnders,15,43,Man City,Midfielder,6.0,0.0,0.0,u,Has joined Al Qadsiah permanently,2026-08-20T14:02:58.154273Z,0,0,0.0,0.0,0.0,0.0,0,497,0,7817,,,
2026-09-12T04:38:30+00:00,406,91651,Kovačić,15,43,Man City,Midfielder,5.4,-0.1,-0.1,a,,,,,0.1,0.7,0.7,0.7,394,1281,1870,4717,,,
2026-09-12T04:38:30+00:00,407,575204,Echeverri,15,43,Man City,Midfielder,4.9,0.0,-0.1,u,Has joined Benfica on loan for the rest of the season,2026-09-03T15:41:24.710479Z,0,0,0.0,0.0,0.0,0.0,0,333,250,1136,,,
2026-09-12T04:38:30+00:00,408,155405,Phillips,15,43,Man City,Midfielder,5.0,0.0,0.0,u,Has joined Sheffield United on loan for the rest of the season,2026-08-18T14:11:56.348781Z,0,0,0.0,0.0,0.0,0.0,0,55,0,516,,,
2026-09-12T04:38:30+00:00,409,590039,Mukasa,15,43,Man City,Midfielder,4.5,0.0,0.0,u,has joined West Ham on loan for the rest of the seaon.,2026-09-03T10:34:10.733520Z,0,0,0.1,0.0,0.0,0.0,0,3119,1621,9580,,,
2026-09-12T04:38:30+00:00,410,649208,Monga,15,43,Man City,Midfielder,4.9,0.0,-0.1,u,Has joined Swansea City on loan for the rest of the season,2026-09-02T16:02:01.136760Z,0,0,0.0,0.0,0.0,0.0,0,338,219,1073,,,
2026-09-12T04:38:30+00:00,411,223094,Haaland,15,43,Man City,Forward,15.5,0.0,0.0,a,,,,,71.2,8.0,8.0,8.0,152733,111757,622911,256119,1,,
2026-09-12T04:38:30+00:00,481,215379,Anderson,15,43,Man City,Midfielder,6.3,-0.1,-0.2,a,,2026-08-23T17:00:07.952697Z,100,100,4.3,2.7,2.7,2.7,15114,79341,66470,365565,,,
2026-09-12T04:38:30+00:00,587,106921,Rulli,15,43,Man City,Goalkeeper,5.0,0.0,0.0,a,,,,,0.0,0.0,0.0,0.0,117,233,358,797,,,
2026-09-12T04:38:30+00:00,616,637238,Bouaddi,15,43,Man City,Midfielder,5.5,0.0,0.0,a,,,,,0.2,1.0,1.0,1.0,4391,3670,16745,7277,,,
2026-09-12T04:38:30+00:00,621,616288,McAidoo,15,43,Man City,Midfielder,4.5,0.0,0.0,a,,,,,0.1,1.0,1.0,1.0,3325,2063,10003,3989,,,
2026-09-12T04:38:30+00:00,622,554054,Braithwaite,15,43,Man City,Defender,4.0,0.0,0.0,a,,,,,0.2,0.5,0.5,0.5,4309,2542,13593,4747,,,
2026-09-12T04:38:30+00:00,628,624777,Allan,15,43,Man City,Midfielder,6.0,0.0,0.0,a,,,,,0.0,0.0,2.2,2.2,287,179,587,266,,,
2026-09-12T04:38:30+00:00,653,595480,Samba,15,43,Man City,Midfielder,4.5,0.0,0.0,a,,,,,0.0,0.0,1.1,1.1,2799,754,2799,754,,,
2026-09-12T04:38:30+00:00,43,166989,Tielemans,16,1,Man Utd,Midfielder,5.9,0.0,-0.1,a,,2026-07-23T12:01:23.321726Z,100,100,1.7,2.7,2.7,2.7,7122,33617,32519,120829,3,,
2026-09-12T04:38:30+00:00,131,535301,Baleba,16,1,Man Utd,Midfielder,5.0,0.0,0.0,i,Ankle injury - Expected back 19 Sep,2026-08-06T16:00:10.997714Z,0,0,0.1,0.0,0.0,0.0,744,2268,4764,11663,,,
2026-09-12T04:38:30+00:00,162,532605,Andrey Santos,16,1,Man Utd,Midfielder,4.9,0.0,-0.1,a,,,,,0.7,1.3,1.3,1.3,3312,14658,18114,54110,,,
2026-09-12T04:38:30+00:00,325,59735,Darlow,16,1,Man Utd,Goalkeeper,4.5,0.0,0.0,a,,2026-07-23T12:01:23.549136Z,100,100,0.0,0.0,0.0,0.0,241,321,823,1040,,,
2026-09-12T04:38:30+00:00,412,465247,Lammens,16,1,Man Utd,Goalkeeper,5.0,0.0,0.0,a,,,,,11.4,1.7,1.7,1.7,10318,203182,77232,482374,,,
2026-09-12T04:38:30+00:00,413,451302,Bayindir,16,1,Man Utd,Goalkeeper,4.5,0.0,0.0,u,Has joined Celta Vigo on loan for the rest of the season,2026-08-10T14:02:28.608415Z,0,0,0.0,0.0,0.0,0.0,0,128,0,1008,,,
2026-09-12T04:38:30+00:00,414,21205,Heaton,16,1,Man Utd,Goalkeeper,4.0,0.0,0.0,i,Hamstring injury - Unknown return date,2026-08-15T16:00:07.854151Z,0,0,0.1,0.0,0.0,0.0,618,728,1467,2709,,,
2026-09-12T04:38:30+00:00,415,596777,Dorgu,16,1,Man Utd,Midfielder,5.8,-0.1,-0.2,a,,,,,0.6,0.7,0.7,0.7,1825,16624,9772,81970,,,
2026-09-12T04:38:30+00:00,416,209365,De Ligt,16,1,Man Utd,Defender,5.0,0.0,0.0,i,Back injury - Unknown return date,2026-07-23T12:01:23.690880Z,0,0,0.0,0.0,0.0,0.0,85,252,298,1213,,,
2026-09-12T04:38:30+00:00,417,216051,Dalot,16,1,Man Utd,Defender,4.9,-0.1,-0.1,a,,,,,1.9,1.3,1.3,1.3,3485,30426,20686,102743,,,
2026-09-12T04:38:30+00:00,418,95658,Maguire,16,1,Man Utd,Defender,4.9,-0.1,-0.1,a,,,,,11.0,2.3,2.3,2.3,15608,308263,118341,705287,,,
2026-09-12T04:38:30+00:00,419,221820,Martinez,16,1,Man Utd,Defender,5.0,0.0,0.0,a,,2026-07-24T20:00:10.337107Z,100,100,1.2,1.3,1.3,1.3,6262,11600,21211,49293,,,
2026-09-12T04:38:30+00:00,420,550864,Yoro,16,1,Man Utd,Defender,4.9,0.0,-0.1,a,,,,,0.5,0.7,0.7,0.7,823,6140,4094,28080,,,
2026-09-12T04:38:30+00:00,421,606745,Heaven,16,1,Man Utd,Defender,4.4,-0.1,-0.1,a,,,,,0.3,0.3,0.3,0.3,704,5055,5092,18207,,,
2026-09-12T04:38:30+00:00,422,230001,Mazraoui,16,1,Man Utd,Defender,4.4,-0.1,-0.1,a,,,,,0.6,1.0,1.0,1.0,1702,9749,10800,28864,,,
2026-09-12T04:38:30+00:00,423,106760,Shaw,16,1,Man Utd,Defender,4.4,-0.1,-0.1,d,Unspecified injury - 75% chance of playing,2026-09-11T13:00:09.030120Z,,75,12.3,2.3,2.3,1.7,20712,329920,94098,780899,,,
2026-09-12T04:38:30+00:00,424,577974,Amass,16,1,Man Utd,Defender,4.0,0.0,0.0,a,,,,,0.2,0.0,0.0,0.0,1464,1755,4294,6092,,,
2026-09-12T04:38:30+00:00,425,547676,Fredricson,16,1,Man Utd,Defender,4.0,0.0,0.0,u,Has joined Lausanne-Sport permanently,2026-08-18T14:12:31.904433Z,0,0,0.0,0.0,0.0,0.0,0,142,0,1151,,,
2026-09-12T04:38:30+00:00,426,141746,B.Fernandes,16,1,Man Utd,Midfielder,12.0,0.0,0.0,a,,,,,43.2,9.0,9.0,9.0,109096,587667,529446,1151329,1,,
2026-09-12T04:38:30+00:00,427,446008,Mbeumo,16,1,Man Utd,Midfielder,7.9,-0.1,-0.1,a,,,,,23.9,7.0,7.0,7.0,135356,418651,310209,1483751,2,,
2026-09-12T04:38:30+00:00,428,430871,Cunha,16,1,Man Utd,Midfielder,7.9,-0.1,-0.1,a,,,,,6.6,4.7,4.7,4.7,10073,129413,60511,380137,,,
2026-09-12T04:38:30+00:00,429,176297,Rashford,16,1,Man Utd,Midfielder,7.0,0.0,0.0,a,,,,,1.6,2.0,2.0,2.0,21199,24676,59074,84609,,,
2026-09-12T04:38:30+00:00,430,184341,Mount,16,1,Man Utd,Midfielder,5.4,0.0,-0.1,a,,2026-08-15T16:00:07.879135Z,75,100,0.0,0.0,0.0,0.0,254,199,349,1484,,,
2026-09-12T04:38:30+00:00,431,493250,Amad,16,1,Man Utd,Midfielder,5.8,0.0,-0.2,i,Unspecified injury - Unknown return date,2026-08-22T11:00:08.617283Z,0,0,0.4,0.0,0.0,0.0,143,11529,1962,113791,,,
2026-09-12T04:38:30+00:00,432,516895,Mainoo,16,1,Man Utd,Midfielder,5.5,0.0,0.0,a,,,,,1.4,4.7,4.7,4.7,26442,10643,49384,37467,,,
2026-09-12T04:38:30+00:00,433,232112,Ugarte,16,1,Man Utd,Midfielder,5.0,0.0,0.0,i,Knee injury - Unknown return date,2026-07-23T12:01:23.706702Z,0,0,0.0,0.0,0.0,0.0,24,44,80,201,,,
2026-09-12T04:38:30+00:00,434,547037,J.Fletcher,16,1,Man Utd,Midfielder,4.9,-0.1,-0.1,a,,,,,0.0,0.0,0.0,0.0,94,156,219,511,,,
2026-09-12T04:38:30+00:00,435,576628,Lacey,16,1,Man Utd,Midfielder,4.9,-0.1,-0.1,a,,,,,0.1,0.3,0.3,0.3,175,697,800,2325,,,
2026-09-12T04:38:30+00:00,436,490881,Collyer,16,1,Man Utd,Midfielder,5.0,0.0,0.0,u,Has joined West Brom permanently,2026-09-01T13:16:48.584385Z,0,0,0.0,0.0,0.0,0.0,0,244,150,859,,,
2026-09-12T04:38:30+00:00,437,576620,Bendito Mantato,16,1,Man Utd,Midfielder,4.5,0.0,0.0,a,,,,,0.2,0.0,0.0,0.0,1254,1817,3977,6884,,,
2026-09-12T04:38:30+00:00,438,519913,Fletcher,16,1,Man Utd,Midfielder,4.5,0.0,0.0,a,,,,,0.3,0.0,0.0,0.0,1242,2830,4454,11134,,,
2026-09-12T04:38:30+00:00,439,485711,Šeško,16,1,Man Utd,Forward,7.0,0.0,0.0,a,,2026-07-23T12:01:23.722029Z,100,100,1.7,2.3,2.3,2.3,22971,20505,69106,84131,,,
2026-09-12T04:38:30+00:00,440,458249,Zirkzee,16,1,Man Utd,Forward,5.4,0.0,-0.1,a,,,,,0.4,0.0,0.0,0.0,3337,7585,10997,33622,,,
2026-09-12T04:38:30+00:00,441,596047,Obi,16,1,Man Utd,Forward,4.5,0.0,0.0,a,,,,,1.2,0.0,0.0,0.0,13777,12781,39211,40188,,,
2026-09-12T04:38:30+00:00,405,465694,N.Gonzalez,17,4,Newcastle,Midfielder,5.5,0.0,0.0,a,,,,,0.3,1.3,1.3,1.3,3440,3206,15963,7921,,,
2026-09-12T04:38:30+00:00,442,98747,Pope,17,4,Newcastle,Goalkeeper,4.9,-0.1,-0.1,a,,,,,1.0,0.0,0.0,0.0,2727,10777,10385,42290,,,
2026-09-12T04:38:30+00:00,443,81441,Gillespie,17,4,Newcastle,Goalkeeper,4.5,0.0,0.0,a,,,,,0.0,0.0,0.0,0.0,133,259,534,872,,,
2026-09-12T04:38:30+00:00,444,554578,Jaouen,17,4,Newcastle,Goalkeeper,4.5,0.0,0.0,d,Ankle injury - 50% chance of playing,2026-09-10T16:00:09.127466Z,,50,0.0,0.0,0.0,0.0,94,294,400,1103,,,
2026-09-12T04:38:30+00:00,445,465642,Thiaw,17,4,Newcastle,Defender,5.0,0.0,0.0,a,,,,,2.1,2.7,2.7,2.7,38700,39715,130735,82576,,,
2026-09-12T04:38:30+00:00,446,119471,Schär,17,4,Newcastle,Defender,5.0,0.0,0.0,a,,2026-08-15T16:30:07.209742Z,100,100,0.2,0.3,0.3,0.3,1188,3313,5138,10091,,,
2026-09-12T04:38:30+00:00,447,220237,Botman,17,4,Newcastle,Defender,5.0,0.0,0.0,a,,,,,0.7,3.0,3.0,3.0,7893,7709,32230,17832,,,
2026-09-12T04:38:30+00:00,448,78916,Burn,17,4,Newcastle,Defender,4.9,0.0,-0.1,i,Ankle injury - Expected back 14 Sep,2026-08-23T18:00:08.367241Z,0,0,0.9,0.0,0.0,0.0,229,18297,7025,140576,,,
2026-09-12T04:38:30+00:00,449,487838,Hall,17,4,Newcastle,Defender,5.2,0.1,0.2,a,,,,,13.5,6.0,6.0,6.0,480160,95355,1109497,194857,,,
2026-09-12T04:38:30+00:00,450,441191,Livramento,17,4,Newcastle,Defender,4.9,0.0,-0.1,a,,2026-07-23T12:01:23.753221Z,0,100,0.1,0.3,0.0,0.3,2955,889,3161,2977,,,
2026-09-12T04:38:30+00:00,451,545477,A.Murphy,17,4,Newcastle,Defender,4.0,0.0,0.0,u,Has joined FC Kaiserslautern on loan for the rest of the season,2026-08-12T14:05:29.224600Z,0,0,0.1,0.0,0.0,0.0,0,873,0,5975,,,
2026-09-12T04:38:30+00:00,453,201666,Barnes,17,4,Newcastle,Midfielder,6.0,0.0,0.0,a,,,,,2.4,5.7,5.7,5.7,173823,48640,214005,81711,,,
2026-09-12T04:38:30+00:00,454,449434,Elanga,17,4,Newcastle,Midfielder,6.2,0.1,0.2,a,,,,,11.2,6.0,6.0,6.0,287520,167010,1193633,273352,,,
2026-09-12T04:38:30+00:00,456,232653,J.Ramsey,17,4,Newcastle,Midfielder,4.9,-0.1,-0.1,a,,,,,0.4,2.3,2.3,2.3,10155,4309,13396,15541,,,
2026-09-12T04:38:30+00:00,457,114243,J.Murphy,17,4,Newcastle,Midfielder,5.9,0.0,-0.1,a,,,,,0.1,0.7,0.7,0.7,925,1891,2757,8045,,,
2026-09-12T04:38:30+00:00,458,180974,Joelinton,17,4,Newcastle,Midfielder,5.4,0.0,-0.1,i,Unspecified injury - Unknown return date,2026-08-16T08:00:08.074045Z,0,0,0.0,0.0,0.0,0.0,31,256,165,1956,,,
2026-09-12T04:38:30+00:00,459,547719,L.Miley,17,4,Newcastle,Midfielder,5.5,0.0,0.0,a,,2026-07-23T12:01:23.785456Z,100,100,0.1,2.7,2.7,2.7,937,1361,4539,3477,,,
2026-09-12T04:38:30+00:00,460,200089,Willock,17,4,Newcastle,Midfielder,5.0,0.0,0.0,a,,,,,0.5,3.7,3.7,3.7,14234,8527,45224,18201,,,
2026-09-12T04:38:30+00:00,461,611665,Touré,17,4,Newcastle,Midfielder,5.8,-0.1,-0.2,a,,,,,0.1,0.3,0.3,0.3,340,3025,1510,13713,,,
2026-09-12T04:38:30+00:00,462,636852,Steur,17,4,Newcastle,Midfielder,4.9,-0.1,-0.1,a,,,,,0.1,1.0,1.0,1.0,344,1281,1690,4628,,,
2026-09-12T04:38:30+00:00,463,470313,Woltemade,17,4,Newcastle,Forward,5.9,0.0,-0.1,u,Has joined Juventus on loan for the rest of the season,2026-09-02T16:07:16.549304Z,0,0,0.6,1.3,0.0,0.0,0,36706,14520,124266,,,
2026-09-12T04:38:30+00:00,464,216646,Wissa,17,4,Newcastle,Forward,6.2,0.1,0.2,a,,,,,17.7,4.3,4.3,4.3,500425,216498,1778521,329994,2,,
2026-09-12T04:38:30+00:00,465,538207,Osula,17,4,Newcastle,Forward,5.9,0.0,-0.1,i,Foot injury - Unknown return date,2026-08-25T19:00:08.004915Z,0,0,0.4,1.3,0.0,0.0,219,11505,21120,76261,1,,
2026-09-12T04:38:30+00:00,466,599303,Neave,17,4,Newcastle,Forward,4.5,0.0,0.0,u,Has joined Wolves on loan for the rest of the season,2026-09-04T12:37:43.515176Z,0,0,0.6,0.0,0.0,0.0,0,16376,23805,37900,,,
2026-09-12T04:38:30+00:00,559,632794,Bamba,17,4,Newcastle,Midfielder,4.9,-0.1,-0.1,a,,,,,0.1,0.3,0.3,0.3,510,1446,2034,5735,,,
2026-09-12T04:38:30+00:00,567,470551,Horníček,17,4,Newcastle,Goalkeeper,5.0,0.0,0.0,a,,,,,1.4,3.3,3.3,3.3,48618,24178,112416,47543,,,
2026-09-12T04:38:30+00:00,593,463726,Dedić,17,4,Newcastle,Defender,4.5,0.0,0.0,d,Hamstring injury - 75% chance of playing,2026-09-09T14:30:08.475769Z,,75,3.1,4.3,4.3,3.2,103085,99516,432089,150875,,,
2026-09-12T04:38:30+00:00,609,553746,Shahar,17,4,Newcastle,Defender,4.0,0.0,0.0,u,has joined Arouca on loan for the rest of the seaon.,2026-09-11T14:41:57.406766Z,,0,0.3,0.0,0.0,0.0,3372,3612,18236,7573,,,
2026-09-12T04:38:30+00:00,634,613221,Fernandez-Pardo,17,4,Newcastle,Forward,6.0,0.0,0.0,a,,,,,0.1,1.0,2.1,2.1,5580,1708,10964,2294,,,
2026-09-12T04:38:30+00:00,167,463034,Delap,18,17,Nott'm Forest,Forward,5.5,0.0,0.0,a,,,,,0.9,1.0,1.0,1.0,17653,10965,62339,30507,3,,
2026-09-12T04:38:30+00:00,201,247348,Muñoz,18,17,Nott'm Forest,Defender,5.4,0.0,-0.1,a,,,,,5.6,0.3,0.3,0.3,9841,80923,48746,388067,,,
2026-09-12T04:38:30+00:00,467,85633,Sels,18,17,Nott'm Forest,Goalkeeper,5.0,0.0,0.0,a,,,,,1.4,3.0,3.0,3.0,12414,10974,24168,40943,,,
2026-09-12T04:38:30+00:00,468,221389,John,18,17,Nott'm Forest,Goalkeeper,4.5,0.0,0.0,a,,,,,0.1,0.0,0.0,0.0,155,365,592,1482,,,
2026-09-12T04:38:30+00:00,469,215136,N.Williams,18,17,Nott'm Forest,Defender,5.0,0.0,0.0,a,,,,,8.1,5.0,5.0,5.0,78101,71272,145769,242104,,,
2026-09-12T04:38:30+00:00,470,485047,Morato,18,17,Nott'm Forest,Defender,5.0,0.0,0.0,u,Has joined West Ham on loan for the rest of the season,2026-09-02T16:19:54.503286Z,0,0,0.0,0.0,0.0,0.0,0,1032,424,3065,,,
2026-09-12T04:38:30+00:00,471,227444,Milenković,18,17,Nott'm Forest,Defender,5.5,0.0,0.0,a,,,,,1.6,4.0,4.0,4.0,7846,8312,16064,43201,,,
2026-09-12T04:38:30+00:00,472,575476,Murillo,18,17,Nott'm Forest,Defender,5.5,0.0,0.0,a,,2026-07-23T12:01:23.801183Z,100,100,1.6,4.3,4.3,4.3,13030,8347,31270,40336,,,
2026-09-12T04:38:30+00:00,473,159506,Aina,18,17,Nott'm Forest,Defender,4.5,0.0,0.0,a,,,,,2.6,2.0,2.0,2.0,7149,43564,45527,117411,,,
2026-09-12T04:38:30+00:00,474,575458,Jair Cunha,18,17,Nott'm Forest,Defender,4.5,0.0,0.0,a,,,,,0.2,3.3,3.3,3.3,6600,3498,7783,7051,,,
2026-09-12T04:38:30+00:00,475,500151,Savona,18,17,Nott'm Forest,Defender,4.5,0.0,0.0,i,Knee injury - Unknown return date,2026-07-23T12:01:23.816304Z,0,0,0.0,0.0,0.0,0.0,47,29,194,208,,,
2026-09-12T04:38:30+00:00,476,204822,O.Richards,18,17,Nott'm Forest,Defender,4.0,0.0,0.0,a,,,,,0.2,0.0,0.0,0.0,813,1539,2566,5663,,,
2026-09-12T04:38:30+00:00,477,549067,Abbott,18,17,Nott'm Forest,Defender,4.0,0.0,0.0,u,Has joined Southampton on loan for the rest of the season,2026-09-02T16:19:54.536676Z,0,0,0.2,0.0,0.0,0.0,0,3877,2459,10365,,,
2026-09-12T04:38:30+00:00,478,470315,Netz,18,17,Nott'm Forest,Defender,4.5,0.0,0.0,a,,,,,0.0,0.7,0.7,0.7,93,333,373,1093,,,
2026-09-12T04:38:30+00:00,479,538638,Bindon,18,17,Nott'm Forest,Defender,4.0,0.0,0.0,u,Has joined Charlton Athletic on loan for the rest of the season,2026-09-01T13:16:05.383880Z,0,0,0.1,0.0,0.0,0.0,0,2128,799,6486,,,
2026-09-12T04:38:30+00:00,480,222531,Gibbs-White,18,17,Nott'm Forest,Midfielder,7.9,0.0,-0.1,a,,2026-08-24T15:30:08.350159Z,100,100,9.4,6.0,6.0,6.0,143884,123930,367860,519693,1,,
2026-09-12T04:38:30+00:00,482,209046,Hudson-Odoi,18,17,Nott'm Forest,Midfielder,5.9,0.0,-0.1,a,,2026-07-23T12:01:23.832709Z,100,100,0.2,0.3,0.3,0.3,700,2882,3035,13290,,,
2026-09-12T04:38:30+00:00,483,456512,Ndoye,18,17,Nott'm Forest,Midfielder,5.5,0.0,0.0,a,,,,,0.6,4.3,4.3,4.3,8495,11261,43718,27804,,,
2026-09-12T04:38:30+00:00,484,503301,Hutchinson,18,17,Nott'm Forest,Midfielder,5.4,0.0,-0.1,u,Has joined AC Milan on loan for the rest of the season,2026-09-01T13:23:52.340206Z,0,0,0.1,0.0,0.0,0.0,0,2356,427,9215,,,
2026-09-12T04:38:30+00:00,485,476887,Bakwa,18,17,Nott'm Forest,Midfielder,5.5,0.0,0.0,u,Has joined Lille on loan for the rest of the season,2026-08-27T14:53:03.381941Z,0,0,0.0,0.0,0.0,0.0,0,132,107,1069,,,
2026-09-12T04:38:30+00:00,486,432714,McAtee,18,17,Nott'm Forest,Midfielder,5.5,0.0,0.0,a,,,,,0.1,2.3,2.3,2.3,1687,1215,5754,3218,,,
2026-09-12T04:38:30+00:00,487,250199,Dominguez,18,17,Nott'm Forest,Midfielder,4.9,-0.1,-0.1,a,,,,,0.1,0.3,0.3,0.3,285,756,857,2964,,,
2026-09-12T04:38:30+00:00,488,210462,I.Sangaré,18,17,Nott'm Forest,Midfielder,4.9,0.0,-0.1,a,,2026-08-28T09:30:07.471668Z,100,100,0.5,0.7,0.7,0.7,2324,9654,6991,56110,,,
2026-09-12T04:38:30+00:00,489,204968,Yates,18,17,Nott'm Forest,Midfielder,4.5,0.0,0.0,a,,2026-08-17T20:30:08.195072Z,100,100,1.4,0.0,0.0,0.0,7074,14323,26136,69589,,,
2026-09-12T04:38:30+00:00,490,60689,Wood,18,17,Nott'm Forest,Forward,5.9,0.0,-0.1,a,,,,,1.0,0.7,0.7,0.7,4211,18910,16560,91169,2,,
2026-09-12T04:38:30+00:00,491,482973,Igor Jesus,18,17,Nott'm Forest,Forward,5.9,0.0,-0.1,a,,,,,2.5,1.3,1.3,1.3,11314,62908,46962,203181,4,,
2026-09-12T04:38:30+00:00,493,465680,Kalimuendo,18,17,Nott'm Forest,Forward,5.4,0.0,-0.1,a,,,,,0.1,0.3,0.3,0.3,1103,765,2280,2771,,,
2026-09-12T04:38:30+00:00,558,204561,Schlager,18,17,Nott'm Forest,Midfielder,5.0,0.0,0.0,a,,,,,0.1,2.7,2.7,2.7,890,1083,2467,3547,,,
2026-09-12T04:38:30+00:00,581,568420,Diomande,18,17,Nott'm Forest,Defender,5.4,0.0,-0.1,a,,,,,0.5,0.3,0.3,0.3,1341,7048,7967,35081,,,
2026-09-12T04:38:30+00:00,590,428971,Benda,18,17,Nott'm Forest,Goalkeeper,4.5,0.0,0.0,a,,,,,0.1,0.0,0.0,0.0,490,555,2065,1970,,,
2026-09-12T04:38:30+00:00,112,469142,Van Hecke,19,6,Spurs,Defender,4.9,0.0,-0.1,a,,,,,6.8,3.3,3.3,3.3,29815,70642,87611,388989,,,
2026-09-12T04:38:30+00:00,147,109646,Tosin,19,6,Spurs,Defender,4.4,-0.1,-0.1,a,,,,,0.2,0.0,0.0,0.0,569,1440,1385,6117,,,
2026-09-12T04:38:30+00:00,401,438234,Marmoush,19,6,Spurs,Forward,7.0,0.0,0.0,a,,,,,2.3,1.3,1.3,1.3,39698,36581,180001,91530,2,,
2026-09-12T04:38:30+00:00,403,510281,Sávio,19,6,Spurs,Midfielder,6.5,0.0,0.0,a,,2026-08-29T16:30:08.380416Z,100,100,0.7,1.0,1.0,1.0,10820,11606,81703,57276,,,
2026-09-12T04:38:30+00:00,455,432422,Tonali,19,6,Spurs,Midfielder,5.4,0.0,-0.1,a,,,,,2.5,3.0,3.0,3.0,11411,37540,39561,187072,,,
2026-09-12T04:38:30+00:00,494,184254,Vicario,19,6,Spurs,Goalkeeper,4.5,0.0,0.0,u,Has joined Juventus on loan for the rest of the season,2026-08-19T13:55:33.193962Z,0,0,0.2,0.0,0.0,0.0,0,2259,0,19455,,,
2026-09-12T04:38:30+00:00,495,214572,Austin,19,6,Spurs,Goalkeeper,4.0,0.0,0.0,a,,,,,1.0,0.0,0.0,0.0,7593,4939,20522,14459,,,
2026-09-12T04:38:30+00:00,496,485055,Kinsky,19,6,Spurs,Goalkeeper,4.5,0.0,0.0,a,,,,,18.2,3.0,3.0,3.0,119205,196419,206250,550709,,,
2026-09-12T04:38:30+00:00,497,67089,Dubravka,19,6,Spurs,Goalkeeper,4.0,0.0,0.0,a,,,,,17.9,0.0,0.0,0.0,119129,106761,285227,289409,,,
2026-09-12T04:38:30+00:00,498,221466,Senesi,19,6,Spurs,Defender,5.9,0.0,-0.1,a,,,,,4.5,1.0,1.0,1.0,3704,94216,25028,349035,,,
2026-09-12T04:38:30+00:00,499,441164,Pedro Porro,19,6,Spurs,Defender,5.5,0.0,0.0,d,Unspecified injury - 75% chance of playing,2026-09-11T18:00:09.076279Z,100,75,11.0,2.7,2.7,2.0,47677,86263,116641,631966,,,
2026-09-12T04:38:30+00:00,500,221632,Romero,19,6,Spurs,Defender,5.0,0.0,0.0,u,Has joined Atletico Madrid permanently,2026-08-17T13:49:05.465401Z,0,0,0.1,0.0,0.0,0.0,0,1259,0,15801,,,
2026-09-12T04:38:30+00:00,502,122798,Robertson,19,6,Spurs,Defender,4.4,-0.1,-0.1,a,,,,,2.7,2.0,2.0,2.0,4013,54634,39889,139283,,,
2026-09-12T04:38:30+00:00,503,491279,Van de Ven,19,6,Spurs,Defender,5.0,0.0,0.0,a,,2026-08-21T15:00:07.610517Z,100,100,3.8,3.0,3.0,3.0,28912,20793,53843,223512,,,
2026-09-12T04:38:30+00:00,505,232859,Spence,19,6,Spurs,Defender,4.5,0.0,0.0,u,Has joined Internazionale permanently,2026-08-18T14:13:08.454214Z,0,0,0.3,0.0,0.0,0.0,0,4934,0,65010,,,
2026-09-12T04:38:30+00:00,506,487053,Udogie,19,6,Spurs,Defender,4.5,0.0,0.0,d,Unspecified injury - 75% chance of playing,2026-09-11T18:00:09.092110Z,,75,0.4,2.3,2.3,1.7,1448,3244,4260,14723,,,
2026-09-12T04:38:30+00:00,507,548308,Phillips,19,6,Spurs,Defender,4.5,0.0,0.0,u,Has joined Middlesbrough permanently,2026-08-18T14:13:08.474144Z,0,0,0.0,0.0,0.0,0.0,0,125,0,1095,,,
2026-09-12T04:38:30+00:00,508,115556,Davies,19,6,Spurs,Defender,4.0,0.0,0.0,a,,,,,0.9,0.0,0.0,0.0,2243,7794,9425,28544,,,
2026-09-12T04:38:30+00:00,509,640419,Byfield,19,6,Spurs,Defender,4.0,0.0,0.0,a,,,,,0.1,0.0,0.0,0.0,515,523,1553,1729,,,
2026-09-12T04:38:30+00:00,510,499716,Rowswell,19,6,Spurs,Defender,4.0,0.0,0.0,a,,,,,0.1,0.0,0.0,0.0,698,665,1931,2283,,,
2026-09-12T04:38:30+00:00,511,616221,Souza,19,6,Spurs,Defender,4.0,0.0,0.0,u,Has joined FC Porto on loan for the rest of the season,2026-09-01T13:24:26.858636Z,0,0,0.2,0.0,0.0,0.0,0,4336,2555,13172,,,
2026-09-12T04:38:30+00:00,512,460842,Kudus,19,6,Spurs,Midfielder,6.5,0.0,0.0,a,,2026-07-23T12:01:23.848657Z,100,100,0.1,0.7,0.7,0.7,2764,2352,7632,6831,3,,
2026-09-12T04:38:30+00:00,513,493362,Xavi,19,6,Spurs,Midfielder,5.9,-0.1,-0.1,i,Knee injury - Unknown return date,2026-07-23T12:01:23.864304Z,0,0,0.0,0.0,0.0,0.0,84,188,239,913,4,,
2026-09-12T04:38:30+00:00,514,511499,Tel,19,6,Spurs,Midfielder,5.8,-0.1,-0.2,a,,,,,0.3,2.3,2.3,2.3,1492,7012,7715,37230,,,
2026-09-12T04:38:30+00:00,515,172780,Maddison,19,6,Spurs,Midfielder,6.3,-0.1,-0.2,a,,2026-08-25T14:30:07.623508Z,75,100,0.4,0.3,0.2,0.3,286,12309,3147,88353,,,
2026-09-12T04:38:30+00:00,516,202993,Bentancur,19,6,Spurs,Midfielder,5.5,0.0,0.0,a,,,,,0.2,2.7,2.7,2.7,1083,1210,2516,5861,,,
2026-09-12T04:38:30+00:00,517,550839,Odobert,19,6,Spurs,Midfielder,5.5,0.0,0.0,i,Knee injury - Unknown return date,2026-07-23T12:01:23.879434Z,0,0,0.0,0.0,0.0,0.0,30,16,73,73,,,
2026-09-12T04:38:30+00:00,518,482442,P.M.Sarr,19,6,Spurs,Midfielder,4.9,0.0,-0.1,u,Has joined Juventus on loan for the rest of the season,2026-09-02T16:02:43.386849Z,0,0,0.1,0.0,0.0,0.0,0,4194,4138,20465,,,
2026-09-12T04:38:30+00:00,519,232787,Gallagher,19,6,Spurs,Midfielder,5.4,0.0,-0.1,a,,,,,0.2,1.0,1.0,1.0,728,2153,2960,13387,,,
2026-09-12T04:38:30+00:00,520,570526,Bergvall,19,6,Spurs,Midfielder,5.4,0.0,-0.1,a,,,,,0.2,0.3,0.3,0.3,289,1737,1406,7430,,,
2026-09-12T04:38:30+00:00,521,445044,Kulusevski,19,6,Spurs,Midfielder,6.5,0.0,0.0,i,Knee injury - Unknown return date,2026-07-23T12:01:23.895175Z,0,0,0.0,0.0,0.0,0.0,73,136,235,554,,,
2026-09-12T04:38:30+00:00,522,547701,Gray,19,6,Spurs,Midfielder,5.0,0.0,0.0,a,,,,,0.2,1.3,1.3,1.3,789,2977,4661,9567,,,
2026-09-12T04:38:30+00:00,523,499721,Moore,19,6,Spurs,Midfielder,5.0,0.0,0.0,u,Has joined FC Köln on loan for the rest of the season,2026-09-04T12:39:48.098158Z,0,0,0.1,1.0,0.0,0.0,0,4894,3258,13909,,,
2026-09-12T04:38:30+00:00,524,499726,Olusesi,19,6,Spurs,Midfielder,4.4,-0.1,-0.1,a,,,,,0.7,0.0,0.0,0.0,3095,6137,6722,24915,,,
2026-09-12T04:38:30+00:00,525,551226,Fernandes,19,6,Spurs,Midfielder,5.8,-0.1,-0.2,a,,,,,1.0,1.0,1.0,1.0,1608,26300,11079,100634,,,
2026-09-12T04:38:30+00:00,526,154566,Solanke,19,6,Spurs,Forward,5.9,0.0,-0.1,a,,,,,0.9,1.0,1.0,1.0,5214,17166,20958,73322,1,,
2026-09-12T04:38:30+00:00,527,212319,Richarlison,19,6,Spurs,Forward,5.9,0.0,-0.1,u,not included in squad.,2026-09-04T12:32:39.183614Z,0,0,1.0,0.7,0.0,0.0,0,60667,21439,231367,,,
2026-09-12T04:38:30+00:00,528,490145,Scarlett,19,6,Spurs,Forward,4.5,0.0,0.0,u,Has joined Leyton Orient permanently,2026-09-02T16:02:43.413625Z,0,0,1.4,0.0,0.0,0.0,0,28315,42525,80244,,,
2026-09-12T04:38:30+00:00,578,465920,Mudryk,19,6,Spurs,Midfielder,5.4,0.0,-0.1,i,Ankle injury - Unknown return date,2026-09-11T18:00:09.154412Z,,0,0.1,0.3,0.3,0.0,1614,1855,5382,4473,,,
2026-09-12T04:38:30+00:00,601,611917,Williams-Barnett,19,6,Spurs,Midfielder,4.5,0.0,0.0,a,,,,,0.1,0.0,0.0,0.0,2189,1752,9292,4502,,,
2026-09-12T04:38:30+00:00,501,135720,Danso,20,56,Sunderland,Defender,5.0,0.0,0.0,a,,,,,0.2,0.7,0.7,0.7,1413,1515,3740,7259,,,
2026-09-12T04:38:30+00:00,529,498016,Roefs,20,56,Sunderland,Goalkeeper,5.0,0.0,0.0,a,,,,,2.9,3.0,3.0,3.0,2044,41936,17047,121494,,,
2026-09-12T04:38:30+00:00,530,232571,Patterson,20,56,Sunderland,Goalkeeper,4.0,0.0,0.0,u,Has joined Wrexham permanently,2026-08-12T14:08:03.064533Z,0,0,0.1,0.0,0.0,0.0,0,920,0,4843,,,
2026-09-12T04:38:30+00:00,531,515046,Ellborg,20,56,Sunderland,Goalkeeper,4.5,0.0,0.0,a,,,,,0.1,0.0,0.0,0.0,212,633,826,2438,,,
2026-09-12T04:38:30+00:00,532,223827,Ballard,20,56,Sunderland,Defender,4.9,-0.1,-0.1,a,,,,,3.2,4.0,4.0,4.0,6380,85014,34806,229513,,,
2026-09-12T04:38:30+00:00,533,200834,Mukiele,20,56,Sunderland,Defender,5.5,0.0,0.0,a,,2026-08-09T08:30:05.954750Z,100,100,2.2,4.3,4.3,4.3,6190,22955,33196,86347,,,
2026-09-12T04:38:30+00:00,534,487676,Hume,20,56,Sunderland,Defender,4.4,-0.1,-0.1,a,,,,,3.9,3.0,3.0,3.0,3052,132211,34232,256135,,,
2026-09-12T04:38:30+00:00,535,201895,Alderete,20,56,Sunderland,Defender,4.9,-0.1,-0.1,a,,2026-08-09T08:30:05.962393Z,100,100,0.3,0.3,0.3,0.3,359,5612,4432,20916,,,
2026-09-12T04:38:30+00:00,536,434399,Reinildo,20,56,Sunderland,Defender,4.5,0.0,0.0,a,,,,,0.4,3.0,3.0,3.0,692,4224,3639,12125,,,
2026-09-12T04:38:30+00:00,537,519634,Seelt,20,56,Sunderland,Defender,4.5,0.0,0.0,u,Has joined Swansea City on loan for the rest of the season,2026-08-29T00:34:52.425076Z,0,0,0.0,0.0,0.0,0.0,0,88,61,575,,,
2026-09-12T04:38:30+00:00,538,477547,Hjelde,20,56,Sunderland,Defender,4.0,0.0,0.0,u,Has joined KV Mechelen on loan for the rest of the season,2026-08-12T14:08:03.081789Z,0,0,0.0,0.0,0.0,0.0,0,379,0,2049,,,
2026-09-12T04:38:30+00:00,539,167512,O'Nien,20,56,Sunderland,Defender,4.0,0.0,0.0,a,,,,,2.7,0.3,0.3,0.3,2169,29229,12072,79898,,,
2026-09-12T04:38:30+00:00,540,105717,Masuaku,20,56,Sunderland,Defender,4.0,0.0,0.0,u,Has joined Konyaspor permanently,2026-08-12T14:08:03.097784Z,0,0,0.1,0.0,0.0,0.0,0,1576,0,9514,,,
2026-09-12T04:38:30+00:00,541,93605,Meunier,20,56,Sunderland,Defender,4.5,0.0,0.0,a,,2026-08-16T08:30:07.830062Z,100,100,0.3,3.0,3.0,3.0,689,2087,4338,6143,,,
2026-09-12T04:38:30+00:00,542,484420,E.Le Fée,20,56,Sunderland,Midfielder,5.8,-0.1,-0.2,a,,,,,4.5,4.3,4.3,4.3,8226,121992,26932,500952,2,,
2026-09-12T04:38:30+00:00,543,547027,Diarra,20,56,Sunderland,Midfielder,5.4,-0.1,-0.1,i,Hamstring injury - Unknown return date,2026-08-30T16:30:08.428960Z,0,0,0.0,1.7,0.0,0.0,26,1344,525,4827,1,,
2026-09-12T04:38:30+00:00,544,84450,Xhaka,20,56,Sunderland,Midfielder,5.5,0.0,0.0,a,,,,,4.2,6.0,6.0,6.0,21274,51626,109180,116917,,,
2026-09-12T04:38:30+00:00,545,577669,Sadiki,20,56,Sunderland,Midfielder,4.9,-0.1,-0.1,a,,,,,0.3,2.0,2.0,2.0,891,4181,3943,12628,,,
2026-09-12T04:38:30+00:00,546,535818,Adingra,20,56,Sunderland,Midfielder,4.9,0.0,-0.1,u,Has joined Ajax on loan for the rest of the season,2026-08-20T14:00:08.416985Z,0,0,0.0,0.0,0.0,0.0,0,960,240,6455,,,
2026-09-12T04:38:30+00:00,547,461199,Mundle,20,56,Sunderland,Midfielder,4.9,-0.1,-0.1,i,Knee injury - Unknown return date,2026-09-09T14:00:08.462705Z,,0,0.0,0.3,0.3,0.0,49,176,172,460,,,
2026-09-12T04:38:30+00:00,548,554197,Rigg,20,56,Sunderland,Midfielder,4.9,-0.1,-0.1,a,,,,,0.1,0.7,0.7,0.7,114,544,356,2026,,,
2026-09-12T04:38:30+00:00,549,549912,Talbi,20,56,Sunderland,Midfielder,5.4,0.0,-0.1,a,,,,,0.1,0.3,0.3,0.3,192,2180,903,9151,,,
2026-09-12T04:38:30+00:00,550,699989,Jocelin.T,20,56,Sunderland,Midfielder,5.0,0.0,0.0,a,,,,,0.0,0.0,0.0,0.0,67,79,198,281,,,
2026-09-12T04:38:30+00:00,551,536661,N.Angulo,20,56,Sunderland,Midfielder,5.0,0.0,0.0,a,,,,,0.1,3.3,3.3,3.3,1285,2676,11396,7167,,,
2026-09-12T04:38:30+00:00,552,441264,Brobbey,20,56,Sunderland,Forward,5.8,-0.1,-0.2,a,,,,,7.0,2.0,2.0,2.0,12725,219292,78278,687936,,,
2026-09-12T04:38:30+00:00,553,437505,Isidor,20,56,Sunderland,Forward,5.5,0.0,0.0,a,,,,,1.5,4.3,4.3,4.3,42396,18658,80696,46136,,,
2026-09-12T04:38:30+00:00,612,638411,Methalie,20,56,Sunderland,Defender,4.5,0.0,0.0,a,,2026-08-28T13:00:08.950445Z,100,100,0.0,0.0,0.0,0.0,160,178,617,305,,,
2026-09-12T04:38:30+00:00,613,696104,Ahoka,20,56,Sunderland,Midfielder,4.5,0.0,0.0,a,,,,,0.3,0.0,0.0,0.0,6441,3972,22098,8668,,,
2026-09-12T04:38:30+00:00,646,549940,Fofana,20,56,Sunderland,Midfielder,5.5,0.0,0.0,a,,,,,0.0,1.0,2.0,2.0,1117,477,3188,716,,,
2026-09-12T04:38:30+00:00,651,661313,J.Angulo,20,56,Sunderland,Forward,4.5,0.0,0.0,a,,,,,0.5,0.0,1.0,1.0,28997,8275,44936,10111,,,
