observed_at,player_id,player_code,web_name,team_id,team_code,team_name,position,price,price_change_gameweek,price_change_season,status,news,news_added,chance_of_playing_this_round,chance_of_playing_next_round,selected_by_percent,form,expected_points_this_gameweek,expected_points_next_gameweek,transfers_in_event,transfers_out_event,transfers_in_season,transfers_out_season,penalties_order,direct_free_kicks_order,corners_and_indirect_free_kicks_order
2026-10-07T06:03:53+00:00,1,154561,Raya,1,3,Arsenal,Goalkeeper,6.1,0.1,0.1,a,,,,,42.4,7.5,7.5,7.5,145154,59123,985553,651527,,,
2026-10-07T06:03:53+00:00,2,109745,Arrizabalaga,1,3,Arsenal,Goalkeeper,4.9,0.0,-0.1,a,,,,,0.1,0.0,0.0,0.0,125,286,1502,4299,,,
2026-10-07T06:03:53+00:00,3,437495,Meslier,1,3,Arsenal,Goalkeeper,4.9,0.0,-0.1,a,,,,,0.0,0.0,0.0,0.0,50,130,517,1590,,,
2026-10-07T06:03:53+00:00,4,226597,Gabriel,1,3,Arsenal,Defender,8.0,0.0,0.0,a,,,,,22.7,5.0,5.0,5.0,30900,75319,241143,918210,,,
2026-10-07T06:03:53+00:00,5,445122,J.Timber,1,3,Arsenal,Defender,6.5,0.0,0.0,a,,2026-07-23T12:01:23.272929Z,100,100,0.5,0.5,0.5,0.5,15871,5029,37527,15782,,,
2026-10-07T06:03:53+00:00,6,462424,Saliba,1,3,Arsenal,Defender,5.9,0.0,-0.1,i,Back injury - Unknown return date,2026-07-23T12:01:23.289376Z,0,0,0.2,0.0,0.0,0.0,456,1224,3538,18777,,,
2026-10-07T06:03:53+00:00,7,499169,Lewis-Skelly,1,3,Arsenal,Midfielder,5.4,-0.1,-0.1,a,,,,,0.6,0.5,0.5,0.5,1148,5352,29825,50156,,,
2026-10-07T06:03:53+00:00,8,466075,Calafiori,1,3,Arsenal,Defender,5.9,0.1,0.4,a,,,,,50.6,3.5,3.5,3.5,96683,71056,1676691,409563,,,
2026-10-07T06:03:53+00:00,9,448104,Hincapie,1,3,Arsenal,Defender,5.2,-0.1,-0.3,a,,,,,0.9,0.0,0.0,0.0,1660,6135,16479,117846,,,
2026-10-07T06:03:53+00:00,10,198869,White,1,3,Arsenal,Defender,5.5,0.0,0.0,d,Groin injury - 75% chance of playing,2026-09-20T19:30:08.247780Z,100,75,4.8,0.5,0.5,0.4,3347,75165,456105,573946,,,
2026-10-07T06:03:53+00:00,11,500040,Mosquera,1,3,Arsenal,Defender,5.3,0.0,-0.2,a,,2026-09-04T14:00:08.080310Z,100,100,1.6,0.0,0.0,0.0,1587,10589,31752,469318,,,
2026-10-07T06:03:53+00:00,12,223340,Saka,1,3,Arsenal,Midfielder,9.6,0.1,0.1,a,,,,,14.2,5.0,5.0,5.0,163747,53943,843369,403794,1,,
2026-10-07T06:03:53+00:00,13,204480,Rice,1,3,Arsenal,Midfielder,7.4,0.0,-0.1,d,Unspecified injury - 75% chance of playing,2026-09-21T13:00:08.896379Z,,75,11.5,3.5,3.5,2.6,7926,97812,119772,740486,,,
2026-10-07T06:03:53+00:00,14,232413,Eze,1,3,Arsenal,Midfielder,6.2,-0.1,-0.3,a,,,,,1.0,1.0,1.0,1.0,3200,7440,24119,140284,,,
2026-10-07T06:03:53+00:00,15,184029,Ødegaard,1,3,Arsenal,Midfielder,6.8,0.0,0.3,a,,,,,19.8,2.5,2.5,2.5,94672,100901,1650392,560350,3,,
2026-10-07T06:03:53+00:00,16,248857,Madueke,1,3,Arsenal,Midfielder,6.2,0.0,-0.3,a,,,,,0.2,0.0,0.0,0.0,829,1684,6109,26104,,,
2026-10-07T06:03:53+00:00,17,195384,Merino,1,3,Arsenal,Midfielder,5.7,-0.1,-0.3,a,,,,,0.4,1.0,1.0,1.0,985,3112,9722,48402,,,
2026-10-07T06:03:53+00:00,18,444145,Martinelli,1,3,Arsenal,Midfielder,6.3,0.0,-0.2,u,Has joined Al Hilal permanently,2026-09-04T12:34:46.738449Z,0,0,0.1,0.0,0.0,0.0,0,631,2483,21932,,,
2026-10-07T06:03:53+00:00,19,481655,Zubimendi,1,3,Arsenal,Midfielder,5.3,0.0,-0.2,a,,,,,0.6,1.0,1.0,1.0,555,4078,8570,67021,,,
2026-10-07T06:03:53+00:00,20,616077,Dowman,1,3,Arsenal,Midfielder,5.3,0.0,-0.2,d,Unspecified injury - 75% chance of playing,2026-10-05T19:00:10.141532Z,,75,0.1,0.5,0.5,0.4,484,676,3072,7395,,,
2026-10-07T06:03:53+00:00,22,499175,Nwaneri,1,3,Arsenal,Midfielder,5.4,0.0,-0.1,u,Has joined Borussia Dortmund on loan for the rest of the season,2026-09-02T16:01:07.058827Z,0,0,0.0,0.0,0.0,0.0,0,58,233,1258,,,
2026-10-07T06:03:53+00:00,23,438098,Fábio Vieira,1,3,Arsenal,Midfielder,5.5,0.0,0.0,u,Has joined Hamburger SV permanently,2026-09-02T16:00:28.446370Z,0,0,0.0,0.0,0.0,0.0,0,44,255,923,,,
2026-10-07T06:03:53+00:00,24,200641,Nelson,1,3,Arsenal,Midfielder,5.5,0.0,0.0,u,has departed the club as a free agent.,2026-08-29T00:33:08.556767Z,0,0,0.0,0.0,0.0,0.0,0,25,68,679,,,
2026-10-07T06:03:53+00:00,25,224117,Gyökeres,1,3,Arsenal,Forward,7.1,-0.1,-0.4,a,,,,,3.2,0.5,0.5,0.5,22883,19249,51106,613573,2,,
2026-10-07T06:03:53+00:00,26,219847,Havertz,1,3,Arsenal,Forward,7.6,0.0,0.1,d,Hamstring injury - 75% chance of playing,2026-09-24T22:00:09.120308Z,,75,8.1,1.5,1.5,1.1,51268,83020,654501,443492,,,
2026-10-07T06:03:53+00:00,27,205651,G.Jesus,1,3,Arsenal,Forward,5.9,0.0,-0.1,u,Has joined FC Barcelona permanently,2026-09-02T16:00:28.475184Z,0,0,0.1,0.0,0.0,0.0,0,1113,4164,29388,,,
2026-10-07T06:03:53+00:00,31,199798,Konsa,1,3,Arsenal,Defender,4.6,0.1,0.1,d,Unspecified injury - 75% chance of playing,2026-10-05T09:30:09.853316Z,,75,19.2,3.5,3.5,2.6,100008,76267,1473315,667375,,,
2026-10-07T06:03:53+00:00,452,208706,Bruno G.,1,3,Arsenal,Midfielder,6.7,0.0,-0.3,a,,2026-09-04T14:00:08.328779Z,100,100,1.8,4.0,4.0,4.0,7002,8543,31948,245616,4,,
2026-10-07T06:03:53+00:00,557,439509,Tzolis,1,3,Arsenal,Midfielder,6.3,-0.1,-0.2,d,Hamstring injury - 75% chance of playing,2026-10-02T15:00:11.091226Z,,75,11.8,2.5,2.5,1.9,12588,175508,462955,1638716,,,
2026-10-07T06:03:53+00:00,29,72147,M.Bizot,2,7,Aston Villa,Goalkeeper,4.5,0.0,0.0,i,Back injury - Expected back 10 Oct,2026-09-17T07:30:09.058151Z,0,0,0.1,0.0,0.0,0.0,71,1118,4665,7494,,,
2026-10-07T06:03:53+00:00,30,101188,Digne,2,7,Aston Villa,Defender,4.5,0.0,0.0,u,Has joined Paris Saint-Germain permanently,2026-08-10T14:03:30.089007Z,0,0,0.0,0.0,0.0,0.0,0,262,0,8673,,,
2026-10-07T06:03:53+00:00,32,199796,Cash,2,7,Aston Villa,Defender,4.4,0.0,-0.1,a,,2026-09-09T14:30:08.192142Z,100,100,4.8,-0.5,-0.5,-0.5,3131,28188,95782,422177,,,
2026-10-07T06:03:53+00:00,33,149484,Mings,2,7,Aston Villa,Defender,4.5,0.0,0.0,a,,,,,0.4,1.5,1.5,1.5,2189,1653,16909,17677,,,
2026-10-07T06:03:53+00:00,34,244954,Pau,2,7,Aston Villa,Defender,4.4,-0.1,-0.1,i,Hamstring injury - Expected back 10 Oct,2026-09-12T18:00:08.712707Z,0,0,0.3,0.5,0.0,0.0,50,3478,11243,27836,,,
2026-10-07T06:03:53+00:00,35,515597,Bogarde,2,7,Aston Villa,Midfielder,4.9,-0.1,-0.1,a,,,,,0.1,0.0,0.0,0.0,187,469,2928,4797,,,
2026-10-07T06:03:53+00:00,36,441302,Maatsen,2,7,Aston Villa,Defender,4.4,-0.1,-0.1,i,Ankle injury - Unknown return date,2026-09-12T18:00:08.729468Z,0,0,0.5,0.5,0.0,0.0,55,7062,31897,62800,,,
2026-10-07T06:03:53+00:00,37,184667,Lindelöf,2,7,Aston Villa,Defender,4.5,0.0,0.0,a,,,,,0.3,1.0,1.0,1.0,1348,1522,14948,14545,,,
2026-10-07T06:03:53+00:00,38,606798,A.García,2,7,Aston Villa,Defender,4.0,0.0,0.0,a,,,,,1.5,0.0,0.0,0.0,2014,6685,45460,68585,,,
2026-10-07T06:03:53+00:00,39,578545,Nedeljkovic,2,7,Aston Villa,Defender,4.0,0.0,0.0,u,Has joined Rangers on loan for the rest of the season,2026-08-19T13:56:46.385411Z,0,0,0.1,0.0,0.0,0.0,0,625,0,15310,,,
2026-10-07T06:03:53+00:00,41,195546,Buendía,2,7,Aston Villa,Midfielder,5.9,0.0,-0.1,a,,,,,1.0,7.0,7.0,7.0,14814,5185,62798,96330,1,,
2026-10-07T06:03:53+00:00,44,215711,Bailey,2,7,Aston Villa,Midfielder,5.4,0.0,-0.1,u,Has joined Olympiakos permanently,2026-09-04T12:35:14.472260Z,0,0,0.1,0.0,0.0,0.0,0,541,2096,13272,,,
2026-10-07T06:03:53+00:00,45,122806,McGinn,2,7,Aston Villa,Midfielder,5.4,0.0,-0.1,a,,,,,2.2,6.0,6.0,6.0,8224,10087,72055,157049,,,
2026-10-07T06:03:53+00:00,46,88894,Barkley,2,7,Aston Villa,Midfielder,5.0,0.0,0.0,a,,,,,0.3,1.5,1.5,1.5,629,1971,16186,16448,,,
2026-10-07T06:03:53+00:00,47,226944,Kamara,2,7,Aston Villa,Midfielder,5.0,0.0,0.0,a,,2026-07-23T12:01:23.337269Z,100,100,0.3,4.0,4.0,4.0,1474,1771,14683,21719,,,
2026-10-07T06:03:53+00:00,48,449871,Onana,2,7,Aston Villa,Midfielder,4.9,0.0,-0.1,i,Knee injury - Unknown return date,2026-07-23T12:01:23.352497Z,0,0,0.0,0.0,0.0,0.0,54,104,525,1674,,,
2026-10-07T06:03:53+00:00,49,469247,Iling Jr,2,7,Aston Villa,Midfielder,5.0,0.0,0.0,u,Has joined Bolton Wanderers on loan for the rest of the season,2026-08-17T13:52:28.532616Z,0,0,0.0,0.0,0.0,0.0,0,12,0,237,,,
2026-10-07T06:03:53+00:00,50,645618,Burrowes,2,7,Aston Villa,Midfielder,4.5,0.0,0.0,a,,,,,0.6,0.0,0.0,0.0,684,3686,21509,35410,,,
2026-10-07T06:03:53+00:00,51,577285,George Hemmings,2,7,Aston Villa,Midfielder,4.5,0.0,0.0,a,,,,,1.2,1.0,1.0,1.0,3524,10904,116207,70837,,,
2026-10-07T06:03:53+00:00,52,653481,Alysson,2,7,Aston Villa,Midfielder,5.0,0.0,0.0,d,Unspecified injury - 75% chance of playing,2026-09-19T11:30:09.355376Z,,75,0.0,3.0,3.0,2.2,71,848,3357,3711,,,
2026-10-07T06:03:53+00:00,53,614071,Manzambi,2,7,Aston Villa,Midfielder,5.9,0.0,-0.1,a,,2026-08-15T15:30:06.388335Z,100,100,0.4,7.0,7.0,7.0,31742,4219,34728,20838,,,
2026-10-07T06:03:53+00:00,54,448089,Gomes,2,7,Aston Villa,Midfielder,5.5,0.0,0.0,a,,2026-09-16T19:30:08.742410Z,100,100,0.0,2.0,2.0,2.0,521,218,1360,4127,,,
2026-10-07T06:03:53+00:00,55,178301,Watkins,2,7,Aston Villa,Forward,7.8,0.0,-0.2,u,Has joined Al Hilal permanently,2026-09-01T13:15:16.698799Z,0,0,2.5,0.0,0.0,0.0,0,14259,14882,761640,,,
2026-10-07T06:03:53+00:00,56,173879,Abraham,2,7,Aston Villa,Forward,5.5,0.0,0.0,a,,2026-08-15T16:00:07.558543Z,100,100,0.2,1.0,1.0,1.0,1937,1925,15985,13101,,,
2026-10-07T06:03:53+00:00,160,493105,Garnacho,2,7,Aston Villa,Midfielder,5.8,0.0,-0.2,a,,,,,0.3,0.0,0.0,0.0,621,2992,7569,41445,,,
2026-10-07T06:03:53+00:00,166,517052,N.Jackson,2,7,Aston Villa,Forward,6.5,0.0,0.0,a,,,,,1.6,3.0,3.0,3.0,43851,9729,189113,86669,2,,
2026-10-07T06:03:53+00:00,582,690838,Madjo,2,7,Aston Villa,Forward,5.4,0.0,-0.1,i,Unspecified injury - Unknown return date,2026-08-15T16:00:07.974271Z,0,0,0.2,0.0,0.0,0.0,317,2000,3002,30771,,,
2026-10-07T06:03:53+00:00,596,487992,Ruggeri,2,7,Aston Villa,Defender,4.5,0.0,0.0,a,,,,,0.1,1.5,1.5,1.5,685,382,3328,5646,,,
2026-10-07T06:03:53+00:00,597,433969,Suzuki,2,7,Aston Villa,Goalkeeper,5.0,0.0,0.0,a,,,,,1.9,2.0,2.0,2.0,15366,7641,152930,63500,,,
2026-10-07T06:03:53+00:00,606,569577,Rowe,2,7,Aston Villa,Defender,4.0,0.0,0.0,a,,,,,0.2,0.0,0.0,0.0,343,968,13039,6223,,,
2026-10-07T06:03:53+00:00,607,571380,Lynch,2,7,Aston Villa,Midfielder,4.5,0.0,0.0,u,Has joined Oxford United on loan until January,2026-09-04T12:35:39.820426Z,0,0,0.1,0.0,0.0,0.0,0,754,7103,8198,,,
2026-10-07T06:03:53+00:00,611,214590,Wan-Bissaka,2,7,Aston Villa,Defender,4.5,0.0,0.0,a,,,,,0.2,2.0,2.0,2.0,1646,1585,18499,7918,,,
2026-10-07T06:03:53+00:00,618,119090,Goretzka,2,7,Aston Villa,Midfielder,5.9,0.0,-0.1,i,Knee injury - Expected back 10 Oct,2026-09-09T09:30:08.229436Z,0,0,0.0,0.0,0.0,0.0,30,437,4639,4751,,,
2026-10-07T06:03:53+00:00,630,245719,Harwood-Bellis,2,7,Aston Villa,Defender,4.5,0.0,0.0,a,,,,,0.0,0.0,0.0,0.0,222,211,2199,1017,,,
2026-10-07T06:03:53+00:00,631,638987,Mbaye,2,7,Aston Villa,Midfielder,6.0,0.0,0.0,a,,,,,0.1,1.0,1.0,1.0,1035,1229,10543,4910,,,
2026-10-07T06:03:53+00:00,667,481283,Wright,2,7,Aston Villa,Goalkeeper,4.0,0.0,0.0,a,,,,,0.1,0.0,1.0,1.0,9002,1064,9002,1064,,,
2026-10-07T06:03:53+00:00,57,457569,Petrović,3,91,Bournemouth,Goalkeeper,4.5,0.0,0.0,a,,,,,3.0,1.5,1.5,1.5,7578,13703,113561,126374,,,
2026-10-07T06:03:53+00:00,58,40383,Forster,3,91,Bournemouth,Goalkeeper,4.0,0.0,0.0,a,,,,,3.5,0.0,0.0,0.0,9372,8329,118566,80150,,,
2026-10-07T06:03:53+00:00,59,444172,Dennis,3,91,Bournemouth,Goalkeeper,4.0,0.0,0.0,u,Has joined MK Dons permanently,2026-08-27T14:53:48.692835Z,0,0,0.1,0.0,0.0,0.0,0,633,1133,7601,,,
2026-10-07T06:03:53+00:00,60,463981,Hill,3,91,Bournemouth,Defender,5.5,0.0,0.0,a,,,,,0.8,3.0,3.0,3.0,3798,3552,31539,44146,,,
2026-10-07T06:03:53+00:00,61,494521,Truffert,3,91,Bournemouth,Defender,5.4,-0.1,-0.1,a,,,,,3.0,2.5,2.5,2.5,5512,13908,57381,162191,,,
2026-10-07T06:03:53+00:00,62,242882,Diakité,3,91,Bournemouth,Defender,4.9,-0.1,-0.1,a,,,,,0.2,0.0,0.0,0.0,522,1046,7180,12111,,,
2026-10-07T06:03:53+00:00,63,620487,Milosavljević,3,91,Bournemouth,Defender,4.9,0.0,-0.1,i,Thigh injury - Unknown return date,2026-08-06T10:00:10.456051Z,0,0,0.0,0.0,0.0,0.0,40,54,346,851,,,
2026-10-07T06:03:53+00:00,64,54469,Smith,3,91,Bournemouth,Defender,4.5,0.0,0.0,a,,,,,0.1,1.0,1.0,1.0,477,556,7275,7384,,,
2026-10-07T06:03:53+00:00,65,436893,J.Araujo,3,91,Bournemouth,Defender,4.4,0.0,-0.1,i,Thigh injury - Unknown return date,2026-08-09T08:00:05.645826Z,0,0,0.0,0.0,0.0,0.0,46,64,430,1303,,,
2026-10-07T06:03:53+00:00,66,575901,Soler,3,91,Bournemouth,Defender,4.0,0.0,0.0,a,,2026-08-15T16:30:07.021055Z,100,100,0.3,0.0,0.0,0.0,815,1256,13906,11141,,,
2026-10-07T06:03:53+00:00,67,499604,Rayan,3,91,Bournemouth,Midfielder,6.3,-0.1,-0.2,a,,,,,1.6,2.0,2.0,2.0,4859,10867,53529,170363,,,
2026-10-07T06:03:53+00:00,68,201658,Tavernier,3,91,Bournemouth,Midfielder,6.1,0.0,0.1,a,,,,,6.8,5.0,5.0,5.0,97161,53464,708354,228188,3,,
2026-10-07T06:03:53+00:00,69,503139,Scott,3,91,Bournemouth,Midfielder,6.1,0.0,0.1,d,Thigh injury - 50% chance of playing,2026-10-05T09:30:09.910752Z,,50,5.6,3.0,3.0,1.5,26394,56522,550297,226698,,,
2026-10-07T06:03:53+00:00,70,222683,Kluivert,3,91,Bournemouth,Midfielder,6.0,0.0,0.0,i,Unspecified injury - Unknown return date,2026-09-20T15:30:09.074071Z,,0,0.8,4.0,4.0,0.0,2317,20723,52674,85605,2,,
2026-10-07T06:03:53+00:00,71,155408,Cook,3,91,Bournemouth,Midfielder,5.0,0.0,0.0,a,,,,,0.2,0.5,0.5,0.5,298,1267,13132,14048,,,
2026-10-07T06:03:53+00:00,72,496208,Gannon-Doak,3,91,Bournemouth,Midfielder,4.9,0.0,-0.1,a,,,,,0.1,1.0,1.0,1.0,160,424,1660,4684,,,
2026-10-07T06:03:53+00:00,73,200785,Adams,3,91,Bournemouth,Midfielder,5.0,0.0,0.0,a,,2026-08-15T16:30:07.029928Z,100,100,0.3,3.0,3.0,3.0,1263,1814,18472,16805,,,
2026-10-07T06:03:53+00:00,74,111317,Brooks,3,91,Bournemouth,Midfielder,5.0,0.0,0.0,a,,2026-08-15T16:30:07.037929Z,100,100,0.1,0.5,0.5,0.5,212,365,3394,3823,,,
2026-10-07T06:03:53+00:00,75,158499,Christie,3,91,Bournemouth,Midfielder,5.0,0.0,0.0,a,,2026-07-24T17:30:10.035483Z,100,100,0.0,1.5,1.5,1.5,352,285,3607,2230,,,
2026-10-07T06:03:53+00:00,76,614574,Tóth.A,3,91,Bournemouth,Midfielder,4.9,0.0,-0.1,a,,,,,0.0,0.5,0.5,0.5,29,60,386,789,,,
2026-10-07T06:03:53+00:00,77,489888,Adli,3,91,Bournemouth,Midfielder,4.9,0.0,-0.1,i,Calf injury - Unknown return date,2026-08-15T16:00:07.590566Z,0,0,0.0,0.0,0.0,0.0,31,82,300,2223,,,
2026-10-07T06:03:53+00:00,78,560262,Kroupi.Jr,3,91,Bournemouth,Midfielder,7.4,0.0,-0.1,i,Foot injury - Expected back 7 Nov,2026-07-29T17:30:09.796802Z,0,0,0.2,0.0,0.0,0.0,226,983,1272,27501,1,,
2026-10-07T06:03:53+00:00,79,444102,Evanilson,3,91,Bournemouth,Forward,6.0,0.0,0.0,a,,,,,3.2,3.5,3.5,3.5,22001,23575,257462,178402,,,
2026-10-07T06:03:53+00:00,80,168636,Enes Ünal,3,91,Bournemouth,Forward,5.5,0.0,0.0,u,Has joined Getafe permanently,2026-08-14T14:14:21.881112Z,0,0,0.0,0.0,0.0,0.0,0,58,0,1990,,,
2026-10-07T06:03:53+00:00,81,561245,Rodríguez,3,91,Bournemouth,Forward,6.0,0.0,0.0,a,,2026-08-15T16:30:07.054142Z,100,100,0.1,0.5,0.5,0.5,920,789,5627,6920,,,
2026-10-07T06:03:53+00:00,566,483067,Silva,3,91,Bournemouth,Defender,5.0,0.0,0.0,a,,,,,0.4,3.0,3.0,3.0,10604,5114,36066,26555,,,
2026-10-07T06:03:53+00:00,573,494928,Sanchez,3,91,Bournemouth,Defender,4.4,0.0,-0.1,a,,,,,0.2,0.0,0.0,0.0,166,487,1586,7144,,,
2026-10-07T06:03:53+00:00,608,523700,Jebbison,3,91,Bournemouth,Forward,5.0,0.0,0.0,a,,,,,0.1,0.5,0.5,0.5,1000,982,13363,7337,,,
2026-10-07T06:03:53+00:00,615,230650,Di Gregorio,3,91,Bournemouth,Goalkeeper,4.5,0.0,0.0,a,,,,,0.0,0.0,0.0,0.0,203,206,2946,1755,,,
2026-10-07T06:03:53+00:00,82,200720,Kelleher,4,94,Brentford,Goalkeeper,5.0,0.0,0.0,a,,,,,6.1,4.5,4.5,4.5,22783,16060,254420,216326,,,
2026-10-07T06:03:53+00:00,83,507433,Valdimarsson,4,94,Brentford,Goalkeeper,4.5,0.0,0.0,a,,,,,0.1,0.0,0.0,0.0,335,380,2900,4630,,,
2026-10-07T06:03:53+00:00,84,432830,Collins,4,94,Brentford,Defender,5.4,0.0,-0.1,i,Calf injury - Unknown return date,2026-09-05T18:00:06.182495Z,0,0,0.9,0.0,0.0,0.0,131,10530,58750,157886,,,
2026-10-07T06:03:53+00:00,85,444765,Van den Berg,4,94,Brentford,Defender,4.9,0.0,-0.1,i,Groin injury - Unknown return date,2026-08-15T15:30:06.416627Z,0,0,0.1,0.0,0.0,0.0,49,408,422,9014,,,
2026-10-07T06:03:53+00:00,86,249231,Lewis-Potter,4,94,Brentford,Midfielder,5.5,0.0,0.0,a,,,,,1.7,2.0,2.0,2.0,4164,13235,190809,121616,,,
2026-10-07T06:03:53+00:00,87,191866,Ajer,4,94,Brentford,Defender,4.5,0.0,0.0,a,,,,,3.9,4.0,4.0,4.0,13755,25775,319242,279467,,,
2026-10-07T06:03:53+00:00,88,607464,Kayode,4,94,Brentford,Defender,4.6,0.0,0.1,a,,,,,7.6,3.5,3.5,3.5,16421,24327,599119,370561,,,
2026-10-07T06:03:53+00:00,89,194010,Henry,4,94,Brentford,Defender,4.4,0.0,-0.1,a,,,,,0.2,0.0,0.0,0.0,173,664,1997,8662,,,
2026-10-07T06:03:53+00:00,90,472713,Hickey,4,94,Brentford,Defender,4.5,0.0,0.0,a,,,,,0.1,1.0,1.0,1.0,208,283,2122,3016,,,
2026-10-07T06:03:53+00:00,92,570241,Ji-soo,4,94,Brentford,Defender,4.4,-0.1,-0.1,a,,,,,0.0,0.0,0.0,0.0,67,94,501,966,,,
2026-10-07T06:03:53+00:00,93,513086,Schuster,4,94,Brentford,Defender,4.5,0.0,0.0,a,,,,,0.3,8.5,8.5,8.5,18450,3031,20012,7519,,,
2026-10-07T06:03:53+00:00,94,513418,Schade,4,94,Brentford,Midfielder,6.2,0.1,0.2,a,,,,,12.1,12.0,12.0,12.0,448074,34224,1067929,254228,2,,
2026-10-07T06:03:53+00:00,95,533463,O.Dango,4,94,Brentford,Midfielder,6.3,0.0,-0.2,a,,,,,0.5,1.0,1.0,1.0,955,4088,15316,82667,,,
2026-10-07T06:03:53+00:00,96,440089,Damsgaard,4,94,Brentford,Midfielder,5.4,0.0,-0.1,d,Unspecified injury - 75% chance of playing,2026-10-03T19:30:08.141728Z,,75,0.4,2.0,2.0,1.5,1826,2716,15337,30832,,,
2026-10-07T06:03:53+00:00,97,207283,Jensen,4,94,Brentford,Midfielder,5.4,0.0,-0.1,i,Unspecified injury - Expected back 10 Oct,2026-08-30T12:30:08.176795Z,0,0,0.1,0.0,0.0,0.0,22,724,4507,15158,3,,
2026-10-07T06:03:53+00:00,98,204580,Janelt,4,94,Brentford,Midfielder,5.0,0.0,0.0,a,,,,,2.5,3.5,3.5,3.5,22294,20458,309354,109549,,,
2026-10-07T06:03:53+00:00,99,543295,Milambo,4,94,Brentford,Midfielder,5.0,0.0,0.0,i,Knee injury - Unknown return date,2026-07-23T12:01:23.384798Z,0,0,0.0,0.0,0.0,0.0,8,8,117,160,,,
2026-10-07T06:03:53+00:00,100,244858,Carvalho,4,94,Brentford,Midfielder,5.0,0.0,0.0,a,,2026-08-18T13:58:17.442072Z,100,100,0.0,3.0,3.0,3.0,648,190,1946,1468,,,
2026-10-07T06:03:53+00:00,102,508395,Yarmoliuk,4,94,Brentford,Midfielder,4.8,0.0,-0.2,a,,,,,0.6,3.5,3.5,3.5,1532,3756,5985,62106,,,
2026-10-07T06:03:53+00:00,103,183656,Dasilva,4,94,Brentford,Midfielder,4.9,0.0,-0.1,i,Hamstring injury - Expected back 10 Oct,2026-09-04T13:30:08.371955Z,0,0,0.0,0.0,0.0,0.0,10,114,401,1959,,,
2026-10-07T06:03:53+00:00,105,444180,Anthony,4,94,Brentford,Midfielder,5.9,0.0,-0.1,a,,,,,0.2,5.5,5.5,5.5,2751,724,7749,11125,,,
2026-10-07T06:03:53+00:00,106,502500,Thiago,4,94,Brentford,Forward,7.8,0.0,-0.2,a,,,,,9.2,3.0,3.0,3.0,70036,43717,290459,1040625,1,,
2026-10-07T06:03:53+00:00,107,593174,Furo,4,94,Brentford,Forward,4.5,0.0,0.0,i,Unspecified injury - Unknown return date,2026-09-14T14:00:09.985723Z,0,0,0.9,0.0,0.0,0.0,995,10443,62068,67605,,,
2026-10-07T06:03:53+00:00,108,75115,Wilson,4,94,Brentford,Forward,5.4,-0.1,-0.1,a,,,,,0.3,0.0,0.0,0.0,1371,2662,15720,26727,,,
2026-10-07T06:03:53+00:00,565,513545,M.Sangaré,4,94,Brentford,Midfielder,5.6,-0.1,0.1,a,,,,,9.8,2.0,2.0,2.0,9432,151859,1228720,833748,,,
2026-10-07T06:03:53+00:00,620,613804,Diouf,4,94,Brentford,Defender,4.5,0.0,0.0,a,,,,,0.1,1.0,1.0,1.0,554,748,13715,7410,,,
2026-10-07T06:03:53+00:00,657,626464,Nunes,4,94,Brentford,Midfielder,4.5,0.0,0.0,a,,,,,0.0,0.0,0.0,0.0,382,290,2124,683,,,
2026-10-07T06:03:53+00:00,660,612534,Fredrick,4,94,Brentford,Defender,4.0,0.0,0.0,a,,,,,0.0,0.0,1.1,1.1,570,74,570,74,,,
2026-10-07T06:03:53+00:00,661,235448,Balcombe,4,94,Brentford,Goalkeeper,4.0,0.0,0.0,a,,,,,0.0,0.0,1.0,1.0,3275,650,3275,650,,,
2026-10-07T06:03:53+00:00,109,489639,Verbruggen,5,36,Brighton,Goalkeeper,4.5,0.0,0.0,a,,,,,21.6,7.0,7.0,7.0,84424,84413,777899,620267,,,
2026-10-07T06:03:53+00:00,111,49262,Steele,5,36,Brighton,Goalkeeper,4.0,0.0,0.0,a,,,,,4.1,0.0,0.0,0.0,8139,16827,148326,122582,,,
2026-10-07T06:03:53+00:00,113,231416,F.Kadıoğlu,5,36,Brighton,Defender,4.4,0.0,-0.1,a,,2026-08-23T13:00:07.595211Z,100,100,1.6,5.5,5.5,5.5,4760,8040,31173,135583,,,
2026-10-07T06:03:53+00:00,114,204120,Boscagli,5,36,Brighton,Defender,4.5,0.0,0.0,a,,,,,0.3,6.0,6.0,6.0,2531,958,16748,12035,,,
2026-10-07T06:03:53+00:00,115,465730,De Cuyper,5,36,Brighton,Defender,5.0,0.1,0.5,a,,,,,28.1,8.5,8.5,8.5,337342,27390,2755681,412421,,,
2026-10-07T06:03:53+00:00,116,83299,Dunk,5,36,Brighton,Defender,4.5,0.0,0.0,d,Neck injury - 75% chance of playing,2026-09-22T09:30:09.629652Z,,75,1.5,6.0,6.0,4.5,7806,11821,89367,52885,,,
2026-10-07T06:03:53+00:00,117,550090,Coppola,5,36,Brighton,Defender,4.5,0.0,0.0,a,,,,,0.0,0.0,0.0,0.0,122,105,934,1068,,,
2026-10-07T06:03:53+00:00,118,223434,Igor,5,36,Brighton,Defender,4.5,0.0,0.0,u,Has joined Burnley permanently,2026-09-02T15:38:15.529699Z,0,0,0.0,0.0,0.0,0.0,0,324,915,5967,,,
2026-10-07T06:03:53+00:00,119,451490,Costinha,5,36,Brighton,Defender,4.5,0.0,0.0,a,,,,,0.0,1.0,1.0,1.0,193,150,1298,1475,,,
2026-10-07T06:03:53+00:00,120,454490,Svoboda,5,36,Brighton,Defender,5.0,0.0,0.0,a,,,,,0.1,0.5,0.5,0.5,1387,496,4563,4018,,,
2026-10-07T06:03:53+00:00,121,451340,Mitoma,5,36,Brighton,Midfielder,5.9,0.0,-0.1,i,Hamstring injury - Expected back 10 Oct,2026-07-24T18:30:10.661894Z,0,0,0.0,0.0,0.0,0.0,147,191,573,3128,,,
2026-10-07T06:03:53+00:00,122,592031,Minteh,5,36,Brighton,Midfielder,5.8,-0.1,-0.2,i,Leg injury - Expected back 28 Nov,2026-08-14T18:00:06.418033Z,0,0,0.0,0.0,0.0,0.0,48,247,338,6921,,,
2026-10-07T06:03:53+00:00,123,532529,Hinshelwood,5,36,Brighton,Midfielder,5.9,0.0,-0.1,i,Ankle injury - Expected back 10 Oct,2026-08-27T19:30:07.780933Z,0,0,0.6,0.0,0.0,0.0,323,7453,147944,216679,,,
2026-10-07T06:03:53+00:00,124,60307,Groß,5,36,Brighton,Midfielder,5.9,0.2,0.4,a,,,,,29.8,15.5,15.5,15.5,871415,15730,2231908,545513,1,,
2026-10-07T06:03:53+00:00,125,463067,Georginio,5,36,Brighton,Forward,5.3,-0.1,-0.2,a,,2026-08-26T16:00:07.608056Z,100,100,0.5,0.5,0.5,0.5,3033,4330,35030,76958,,,
2026-10-07T06:03:53+00:00,126,219249,O'Riley,5,36,Brighton,Midfielder,5.4,0.0,-0.1,a,,,,,0.1,1.0,1.0,1.0,472,609,3646,6565,3,,
2026-10-07T06:03:53+00:00,127,514254,Gomez,5,36,Brighton,Midfielder,5.0,0.0,0.0,a,,,,,3.9,5.5,5.5,5.5,13798,43439,336305,305070,,,
2026-10-07T06:03:53+00:00,128,536916,Buonanotte,5,36,Brighton,Midfielder,5.0,0.0,0.0,u,Has joined Elche on loan for the rest of the season,2026-08-10T14:03:07.561436Z,0,0,0.0,0.0,0.0,0.0,0,8,0,331,,,
2026-10-07T06:03:53+00:00,129,509416,Ayari,5,36,Brighton,Midfielder,5.4,0.0,-0.1,a,,2026-08-30T18:00:07.935334Z,100,100,0.4,5.5,5.5,5.5,2720,2288,12961,41843,,,
2026-10-07T06:03:53+00:00,130,467779,Wieffer,5,36,Brighton,Defender,4.9,0.0,-0.1,i,Knee injury - Unknown return date,2026-09-04T09:30:08.612904Z,0,0,0.2,0.0,0.0,0.0,35,2204,25950,43636,,,
2026-10-07T06:03:53+00:00,132,597320,Howell,5,36,Brighton,Midfielder,4.5,0.0,0.0,u,Has joined Leicester City on loan for the rest of the season,2026-08-17T13:53:19.019938Z,0,0,0.0,0.0,0.0,0.0,0,234,0,3712,,,
2026-10-07T06:03:53+00:00,133,549074,Watson,5,36,Brighton,Midfielder,5.0,0.0,0.0,u,Has joined Leicester City on loan for the rest of the season,2026-08-03T14:05:44.459483Z,0,0,0.0,0.0,0.0,0.0,0,6,0,137,,,
2026-10-07T06:03:53+00:00,134,556637,Oriola,5,36,Brighton,Midfielder,4.5,0.0,0.0,a,,,,,0.2,0.0,0.0,0.0,385,1461,8789,14329,,,
2026-10-07T06:03:53+00:00,135,700308,Yohanna,5,36,Brighton,Midfielder,4.8,-0.1,-0.2,i,Unspecified injury - Expected back 10 Oct,2026-09-10T13:00:08.617941Z,0,0,0.0,0.0,0.0,0.0,27,422,1270,5529,,,
2026-10-07T06:03:53+00:00,137,608181,Tzimas,5,36,Brighton,Forward,5.4,0.0,-0.1,i,Knee injury - Unknown return date,2026-07-23T12:01:23.432796Z,0,0,0.0,0.0,0.0,0.0,42,59,339,757,,,
2026-10-07T06:03:53+00:00,138,647850,Kostoulas,5,36,Brighton,Forward,5.6,0.1,0.1,a,,,,,4.7,10.0,10.0,10.0,360399,24643,465090,57153,,,
2026-10-07T06:03:53+00:00,139,487117,Ferguson,5,36,Brighton,Forward,5.0,0.0,0.0,i,Ankle injury - Expected back 10 Oct,2026-07-23T12:01:23.448357Z,0,0,0.0,0.0,0.0,0.0,158,281,1609,2550,,,
2026-10-07T06:03:53+00:00,328,222694,Struijk,5,36,Brighton,Defender,4.9,0.0,-0.1,d,Hamstring injury - 75% chance of playing,2026-09-22T10:00:09.404233Z,100,75,0.2,3.0,3.0,2.2,652,1064,5681,12315,,,
2026-10-07T06:03:53+00:00,504,610799,Vuskovic,5,36,Brighton,Defender,5.0,0.0,0.0,a,,,,,3.8,7.0,7.0,7.0,67604,16577,270704,141389,,,
2026-10-07T06:03:53+00:00,594,538007,David,5,36,Brighton,Forward,5.9,-0.1,-0.1,a,,,,,0.2,0.0,0.0,0.0,3467,2395,15329,22668,2,,
2026-10-07T06:03:53+00:00,600,612855,Osman,5,36,Brighton,Midfielder,5.0,0.0,0.0,a,,,,,0.0,0.5,0.5,0.5,119,136,950,1103,,,
2026-10-07T06:03:53+00:00,605,611695,Yalcouyé,5,36,Brighton,Midfielder,4.5,0.0,0.0,a,,,,,4.0,4.5,4.5,4.5,28962,36694,557851,174648,,,
2026-10-07T06:03:53+00:00,614,512123,Hadjam,5,36,Brighton,Defender,4.5,0.0,0.0,a,,,,,0.0,0.0,0.0,0.0,263,267,4002,1972,,,
2026-10-07T06:03:53+00:00,624,519324,Cozier-Duberry,5,36,Brighton,Midfielder,5.0,0.0,0.0,u,Has joined Middlesbrough on loan for the rest of the season,2026-09-02T15:38:15.552951Z,0,0,0.0,0.0,0.0,0.0,0,6,117,114,,,
2026-10-07T06:03:53+00:00,639,592984,Andrés,5,36,Brighton,Midfielder,5.5,0.0,0.0,a,,,,,0.0,6.0,6.0,6.0,3096,366,4340,834,,,
2026-10-07T06:03:53+00:00,652,471551,Azeez,5,36,Brighton,Midfielder,5.5,0.0,0.0,i,Hamstring injury - Expected back 10 Oct,2026-09-04T11:30:08.661589Z,0,0,0.0,0.0,0.0,0.0,20,47,443,204,,,
2026-10-07T06:03:53+00:00,658,661016,Ibrahim,5,36,Brighton,Midfielder,4.5,0.0,0.0,a,,,,,0.0,0.0,0.0,0.0,327,224,1490,492,,,
2026-10-07T06:03:53+00:00,28,98980,Martinez,6,8,Chelsea,Goalkeeper,5.0,0.0,0.0,a,,,,,4.7,2.0,2.0,2.0,9104,24110,246871,248691,,,
2026-10-07T06:03:53+00:00,40,244850,Rogers,6,8,Chelsea,Midfielder,7.8,0.1,0.3,a,,,,,40.8,5.0,5.0,5.0,192181,78589,2521604,670276,,,
2026-10-07T06:03:53+00:00,101,56979,Henderson,6,8,Chelsea,Midfielder,4.9,0.0,-0.1,a,,2026-08-09T09:30:07.136250Z,50,100,0.0,1.0,0.5,1.0,565,183,1178,2657,,,
2026-10-07T06:03:53+00:00,136,50175,Welbeck,6,8,Chelsea,Forward,5.9,0.0,-0.1,a,,2026-08-20T14:00:07.949090Z,100,100,1.0,1.5,1.5,1.5,9209,10373,63145,84277,,,
2026-10-07T06:03:53+00:00,140,215059,Sánchez,6,8,Chelsea,Goalkeeper,4.9,0.0,-0.1,u,Has joined Como on loan for the rest of the season,2026-09-02T16:20:41.841936Z,0,0,0.7,0.0,0.0,0.0,0,5405,10847,177013,,,
2026-10-07T06:03:53+00:00,141,508479,Jörgensen,6,8,Chelsea,Goalkeeper,5.0,0.0,0.0,u,Has joined RC Strasbourg on loan for the rest of the season,2026-08-12T14:07:02.607115Z,0,0,0.0,0.0,0.0,0.0,0,34,0,952,,,
2026-10-07T06:03:53+00:00,142,225796,James,6,8,Chelsea,Defender,5.3,-0.1,-0.2,d,Hamstring injury - 75% chance of playing,2026-09-18T10:30:09.719371Z,75,75,5.7,0.5,0.4,0.4,726,85309,168931,607998,,,
2026-10-07T06:03:53+00:00,143,180736,Chalobah,6,8,Chelsea,Defender,5.5,0.0,0.0,u,Has joined Como permanently,2026-08-10T14:03:50.769483Z,0,0,0.1,0.0,0.0,0.0,0,352,0,13982,,,
2026-10-07T06:03:53+00:00,144,482609,Gusto,6,8,Chelsea,Defender,4.9,-0.1,-0.1,a,,,,,0.9,0.5,0.5,0.5,1754,7363,37081,67843,,,
2026-10-07T06:03:53+00:00,145,444463,Fofana,6,8,Chelsea,Defender,5.0,0.0,0.0,a,,2026-07-23T12:01:23.464591Z,100,100,0.2,2.5,2.5,2.5,2985,1456,19091,8397,,,
2026-10-07T06:03:53+00:00,146,242880,B.Badiashile,6,8,Chelsea,Defender,4.5,0.0,0.0,u,Has joined Napoli on loan for the rest of the season,2026-08-25T14:03:47.079414Z,0,0,0.0,0.0,0.0,0.0,0,50,232,1947,,,
2026-10-07T06:03:53+00:00,148,551210,Hato,6,8,Chelsea,Defender,4.5,0.0,0.0,a,,,,,0.8,0.0,0.0,0.0,996,8066,91391,60393,,,
2026-10-07T06:03:53+00:00,149,460028,Colwill,6,8,Chelsea,Defender,4.8,-0.1,-0.2,a,,,,,0.9,1.0,1.0,1.0,1334,5904,26990,98929,,,
2026-10-07T06:03:53+00:00,150,574458,M.Sarr,6,8,Chelsea,Defender,4.5,0.0,0.0,u,Has joined Real Sociedad on loan for the rest of the season,2026-08-29T00:34:23.077418Z,0,0,0.0,0.0,0.0,0.0,0,189,429,6005,,,
2026-10-07T06:03:53+00:00,151,577016,Acheampong,6,8,Chelsea,Defender,4.5,0.0,0.0,a,,,,,0.3,0.0,0.0,0.0,475,2120,21187,22679,,,
2026-10-07T06:03:53+00:00,152,620109,Palestra,6,8,Chelsea,Defender,5.3,0.0,-0.2,d,Thigh injury - 50% chance of playing,2026-08-24T18:30:07.421239Z,50,50,0.6,0.0,0.0,0.0,307,4457,6767,220998,,,
2026-10-07T06:03:53+00:00,154,244851,Palmer,6,8,Chelsea,Midfielder,9.7,0.0,0.2,d,Muscular injury - 75% chance of playing,2026-09-21T13:00:09.022726Z,100,75,25.3,3.5,3.5,2.6,54379,205399,1957755,700705,1,,
2026-10-07T06:03:53+00:00,156,247632,Neto,6,8,Chelsea,Midfielder,6.5,0.0,0.0,a,,,,,1.4,2.0,2.0,2.0,6423,10515,83548,92166,,,
2026-10-07T06:03:53+00:00,157,624773,Estêvão,6,8,Chelsea,Midfielder,6.3,0.0,-0.2,a,,,,,0.7,1.0,1.0,1.0,2119,4653,18033,87388,2,,
2026-10-07T06:03:53+00:00,158,463936,Gittens,6,8,Chelsea,Midfielder,5.8,-0.1,-0.2,d,Ankle injury - 75% chance of playing,2026-09-26T05:30:09.245832Z,,75,0.0,0.0,0.0,0.0,160,277,1139,2907,,,
2026-10-07T06:03:53+00:00,159,486672,Caicedo,6,8,Chelsea,Midfielder,5.3,0.0,-0.2,d,Calf injury - 50% chance of playing,2026-08-30T16:00:08.393562Z,50,50,1.0,0.0,0.0,0.0,455,9926,15093,282318,,,
2026-10-07T06:03:53+00:00,161,514356,Lavia,6,8,Chelsea,Midfielder,5.0,0.0,0.0,a,,,,,0.2,1.0,1.0,1.0,524,2667,25899,15777,,,
2026-10-07T06:03:53+00:00,163,491007,D.Essugo,6,8,Chelsea,Midfielder,4.5,0.0,0.0,u,Has joined RC Strasbourg on loan for the rest of the season,2026-09-02T16:20:41.865225Z,0,0,0.1,0.0,0.0,0.0,0,796,2698,14508,,,
2026-10-07T06:03:53+00:00,164,593117,Quenda,6,8,Chelsea,Midfielder,5.3,0.0,-0.2,a,,2026-07-24T20:30:10.609931Z,100,100,0.0,0.5,0.5,0.5,80,193,912,3413,,,
2026-10-07T06:03:53+00:00,165,475168,João Pedro,6,8,Chelsea,Forward,7.7,-0.1,0.2,d,Knee injury - 75% chance of playing,2026-09-16T19:00:09.919929Z,75,75,64.7,6.0,4.5,4.5,76908,436363,1591649,1508859,,,
2026-10-07T06:03:53+00:00,168,499309,Marc Guiu,6,8,Chelsea,Forward,5.0,0.0,0.0,u,Has joined RB Leipzig permanently,2026-09-01T13:24:48.857362Z,0,0,0.2,0.0,0.0,0.0,0,1710,4102,33434,,,
2026-10-07T06:03:53+00:00,169,567119,Mheuka,6,8,Chelsea,Forward,4.5,0.0,0.0,a,,,,,0.5,0.0,0.0,0.0,4979,3848,32700,25637,,,
2026-10-07T06:03:53+00:00,170,503037,Emegha,6,8,Chelsea,Forward,4.9,-0.1,-0.1,i,Hamstring injury - Expected back 10 Oct,2026-09-09T15:00:09.063849Z,0,0,0.1,0.0,0.0,0.0,102,1181,6102,12688,,,
2026-10-07T06:03:53+00:00,200,437499,Lacroix,6,8,Chelsea,Defender,5.9,-0.1,-0.1,a,,,,,6.8,2.0,2.0,2.0,9746,32381,176400,427957,,,
2026-10-07T06:03:53+00:00,560,549939,Penders,6,8,Chelsea,Goalkeeper,4.4,0.0,-0.1,a,,,,,0.1,0.0,0.0,0.0,258,329,2033,3649,,,
2026-10-07T06:03:53+00:00,561,622758,Anselmino,6,8,Chelsea,Defender,4.5,0.0,0.0,a,,2026-08-23T19:00:08.536705Z,100,100,0.0,0.0,0.0,0.0,74,114,831,1262,,,
2026-10-07T06:03:53+00:00,568,543158,Barco,6,8,Chelsea,Midfielder,5.4,0.0,-0.1,a,,,,,0.1,1.0,1.0,1.0,268,495,3191,7062,,,
2026-10-07T06:03:53+00:00,583,498444,Chavarria,6,8,Chelsea,Defender,4.9,0.0,-0.1,a,,,,,0.2,1.0,1.0,1.0,517,612,3477,11218,,,
2026-10-07T06:03:53+00:00,662,636846,Nicoll-Jazuli,6,8,Chelsea,Midfielder,4.5,0.0,0.0,a,,,,,0.0,1.0,1.1,1.1,363,79,363,79,,,
2026-10-07T06:03:53+00:00,91,231065,Pinnock,7,9,Coventry City,Defender,4.5,0.0,0.0,a,,,,,0.1,5.0,5.0,5.0,482,272,2651,4043,,,
2026-10-07T06:03:53+00:00,104,428580,Onyeka,7,9,Coventry City,Midfielder,4.9,0.0,-0.1,a,,2026-09-15T09:00:07.851220Z,100,100,0.1,2.5,2.5,2.5,189,509,3999,9636,,,
2026-10-07T06:03:53+00:00,110,472739,Rushworth,7,9,Coventry City,Goalkeeper,4.5,0.0,0.0,a,,,,,0.8,5.5,5.5,5.5,2957,6520,24104,59684,,,
2026-10-07T06:03:53+00:00,171,484389,Dovin,7,9,Coventry City,Goalkeeper,4.0,0.0,0.0,u,Has joined Leyton Orient on loan for the rest of the season,2026-09-02T15:44:14.839336Z,0,0,1.0,0.0,0.0,0.0,0,5432,8924,58600,,,
2026-10-07T06:03:53+00:00,172,110690,Wilson,7,9,Coventry City,Goalkeeper,4.4,0.0,-0.1,a,,,,,0.4,0.0,0.0,0.0,268,773,1438,12470,,,
2026-10-07T06:03:53+00:00,173,461102,Thomas,7,9,Coventry City,Defender,4.0,0.0,0.0,a,,,,,8.5,4.5,4.5,4.5,33097,36983,370531,290007,,,
2026-10-07T06:03:53+00:00,174,436761,Kitching,7,9,Coventry City,Defender,4.0,0.0,0.0,u,Has joined Sheffield United on loan for the rest of the season,2026-09-02T16:21:03.612394Z,0,0,0.3,0.0,0.0,0.0,0,2085,981,33178,,,
2026-10-07T06:03:53+00:00,175,451284,van Ewijk,7,9,Coventry City,Defender,4.0,0.0,0.0,d,Hamstring injury - 75% chance of playing,2026-09-19T16:00:09.486751Z,,75,8.6,0.0,0.0,0.0,1255,86268,123160,510942,,,
2026-10-07T06:03:53+00:00,176,173878,Dasilva,7,9,Coventry City,Defender,4.0,0.0,0.0,a,,,,,0.7,7.5,7.5,7.5,8027,2250,17310,23216,,,
2026-10-07T06:03:53+00:00,177,465390,Kesler-Hayden,7,9,Coventry City,Defender,3.9,-0.1,-0.1,i,Hamstring injury - Unknown return date,2026-08-27T14:56:28.704361Z,0,0,0.1,0.0,0.0,0.0,4055,1032,4654,4257,,,
2026-10-07T06:03:53+00:00,178,80178,Bidwell,7,9,Coventry City,Defender,4.0,0.0,0.0,a,,,,,0.1,0.0,0.0,0.0,200,336,2507,3567,,,
2026-10-07T06:03:53+00:00,179,204813,Latibeaudiere,7,9,Coventry City,Defender,4.0,0.0,0.0,a,,,,,0.0,0.5,0.5,0.5,82,156,993,1759,,,
2026-10-07T06:03:53+00:00,180,220583,Woolfenden,7,9,Coventry City,Defender,3.9,-0.1,-0.1,i,Knee injury - Unknown return date,2026-08-27T14:56:28.718566Z,0,0,0.1,0.0,0.0,0.0,208,603,2443,9112,,,
2026-10-07T06:03:53+00:00,181,577411,Brau,7,9,Coventry City,Defender,4.0,0.0,0.0,u,Has joined Academico de Viseu on loan for the rest of the season,2026-08-29T00:35:59.980316Z,0,0,0.0,0.0,0.0,0.0,0,114,275,2184,,,
2026-10-07T06:03:53+00:00,182,539142,Amenda,7,9,Coventry City,Defender,4.0,0.0,0.0,i,Calf injury - Unknown return date,2026-09-17T07:30:09.329041Z,25,0,0.6,0.0,0.0,0.0,46,7545,11491,34447,,,
2026-10-07T06:03:53+00:00,183,480457,Rudoni,7,9,Coventry City,Midfielder,4.9,0.0,-0.1,a,,2026-07-23T12:01:23.481435Z,100,100,0.1,3.5,3.5,3.5,1056,809,4526,8198,,,
2026-10-07T06:03:53+00:00,184,168144,Grimes,7,9,Coventry City,Midfielder,4.9,0.0,-0.1,a,,,,,0.1,2.5,2.5,2.5,205,979,4102,11370,3,,
2026-10-07T06:03:53+00:00,185,501459,Sakamoto,7,9,Coventry City,Midfielder,4.8,0.0,-0.2,a,,,,,0.1,0.0,0.0,0.0,135,442,1025,5814,,,
2026-10-07T06:03:53+00:00,186,241293,Mason-Clark,7,9,Coventry City,Midfielder,5.3,-0.1,-0.2,a,,2026-08-19T18:00:08.310507Z,100,100,0.1,1.0,1.0,1.0,82,385,1121,5989,,,
2026-10-07T06:03:53+00:00,187,439668,Eccles,7,9,Coventry City,Midfielder,4.8,-0.1,-0.2,i,Unspecified injury - Expected back 12 Oct,2026-09-10T18:30:08.877110Z,0,0,0.0,0.0,0.0,0.0,27,105,640,1481,,,
2026-10-07T06:03:53+00:00,188,226965,Torp,7,9,Coventry City,Midfielder,5.3,-0.1,-0.2,a,,,,,0.1,0.5,0.5,0.5,46,493,799,8025,2,,
2026-10-07T06:03:53+00:00,189,684268,Shepherd,7,9,Coventry City,Midfielder,4.4,0.0,-0.1,a,,,,,0.3,0.0,0.0,0.0,4450,3108,11170,15979,,,
2026-10-07T06:03:53+00:00,190,469272,Tchaouna,7,9,Coventry City,Midfielder,5.4,0.0,-0.1,a,,,,,0.1,0.5,0.5,0.5,29,405,3145,8282,,,
2026-10-07T06:03:53+00:00,191,492498,Borges Rodrigues,7,9,Coventry City,Midfielder,4.5,0.0,0.0,u,Has joined Burton Albion on loan for the rest of the season,2026-09-02T15:44:14.868001Z,0,0,0.1,0.0,0.0,0.0,0,770,1943,11594,,,
2026-10-07T06:03:53+00:00,192,629397,Andrews,7,9,Coventry City,Midfielder,4.5,0.0,0.0,u,Has joined Oxford United on loan for the rest of the season,2026-08-29T00:35:59.998520Z,0,0,0.3,0.0,0.0,0.0,0,2211,2718,41316,,,
2026-10-07T06:03:53+00:00,193,176412,Wright,7,9,Coventry City,Forward,5.3,-0.1,-0.2,i,Thigh injury - Unknown return date,2026-08-14T22:00:07.214508Z,0,0,0.1,0.0,0.0,0.0,52,626,619,12552,1,,
2026-10-07T06:03:53+00:00,194,230730,Thomas-Asante,7,9,Coventry City,Forward,5.0,0.0,0.0,a,,,,,0.8,2.5,2.5,2.5,9618,6798,60243,57823,4,,
2026-10-07T06:03:53+00:00,195,218997,Simms,7,9,Coventry City,Forward,4.9,-0.1,-0.1,a,,,,,0.6,0.5,0.5,0.5,2396,5883,40900,65101,,,
2026-10-07T06:03:53+00:00,196,551262,Markelo,7,9,Coventry City,Forward,5.0,0.0,0.0,u,Has joined Shabab Al-Ahli Dubai permanently,2026-08-17T13:53:55.791223Z,0,0,0.0,0.0,0.0,0.0,0,65,0,1192,,,
2026-10-07T06:03:53+00:00,197,549653,Bassette,7,9,Coventry City,Forward,4.5,0.0,0.0,u,Has joined KVC Westerlo on loan for the rest of the season,2026-07-28T12:58:50.001768Z,0,0,0.0,0.0,0.0,0.0,0,160,0,2119,,,
2026-10-07T06:03:53+00:00,492,210156,Awoniyi,7,9,Coventry City,Forward,5.4,-0.1,-0.1,s,Suspended until 19 Oct,2026-09-13T15:00:09.305127Z,0,0,0.4,-1.0,0.0,0.0,83,5616,21356,65411,5,,
2026-10-07T06:03:53+00:00,575,661888,Yirenkyi,7,9,Coventry City,Midfielder,4.8,-0.1,-0.2,a,,,,,0.1,2.0,2.0,2.0,337,1113,2989,13780,,,
2026-10-07T06:03:53+00:00,584,196100,Hamer,7,9,Coventry City,Midfielder,5.4,0.0,-0.1,a,,,,,0.1,0.0,0.0,0.0,44,431,794,6438,,,
2026-10-07T06:03:53+00:00,599,627221,Cherif,7,9,Coventry City,Forward,5.0,0.0,0.0,a,,,,,0.1,0.5,0.5,0.5,607,828,7534,7667,,,
2026-10-07T06:03:53+00:00,623,79602,Bentley,7,9,Coventry City,Goalkeeper,4.0,0.0,0.0,a,,,,,0.6,0.0,0.0,0.0,9392,2690,79770,19582,,,
2026-10-07T06:03:53+00:00,655,242893,Gboho,7,9,Coventry City,Midfielder,5.5,0.0,0.0,a,,,,,0.0,0.0,0.0,0.0,81,55,279,104,,,
2026-10-07T06:03:53+00:00,656,566213,Mfuni,7,9,Coventry City,Defender,4.0,0.0,0.0,a,,,,,0.1,3.0,3.0,3.0,2055,940,10367,2741,,,
2026-10-07T06:03:53+00:00,42,485337,Guessand,8,31,Crystal Palace,Midfielder,5.4,0.0,-0.1,a,,,,,0.0,0.0,0.0,0.0,121,283,2414,3654,,,
2026-10-07T06:03:53+00:00,153,220362,Disasi,8,31,Crystal Palace,Defender,4.5,0.0,0.0,s,Suspended until 25 Oct,2026-09-12T15:30:09.445078Z,0,0,0.1,-1.5,0.0,0.0,31,870,9432,10451,,,
2026-10-07T06:03:53+00:00,198,172649,Henderson,8,31,Crystal Palace,Goalkeeper,4.9,-0.1,-0.1,i,Foot injury - Expected back 11 Oct,2026-09-12T14:00:09.378740Z,0,0,1.3,0.0,0.0,0.0,166,12567,55292,121475,,,
2026-10-07T06:03:53+00:00,199,121709,Benitez,8,31,Crystal Palace,Goalkeeper,4.5,0.0,0.0,a,,,,,0.1,4.0,4.0,4.0,800,437,3892,4854,,,
2026-10-07T06:03:53+00:00,202,427623,Richards,8,31,Crystal Palace,Defender,4.9,-0.1,-0.1,a,,,,,0.6,5.0,5.0,5.0,1915,2461,22827,38192,,,
2026-10-07T06:03:53+00:00,203,651426,Canvot,8,31,Crystal Palace,Defender,4.8,-0.1,-0.2,a,,,,,0.2,4.0,4.0,4.0,519,978,5861,19628,,,
2026-10-07T06:03:53+00:00,204,244723,Mitchell,8,31,Crystal Palace,Defender,4.5,0.0,0.0,a,,,,,6.1,4.0,4.0,4.0,17727,19033,314262,267435,,,
2026-10-07T06:03:53+00:00,205,218364,Sosa,8,31,Crystal Palace,Defender,4.5,0.0,0.0,u,Has joined FC Cologne on loan for the rest of the season,2026-09-02T16:03:25.710518Z,0,0,0.0,0.0,0.0,0.0,0,121,236,2090,,,
2026-10-07T06:03:53+00:00,206,515621,Chadi Riad,8,31,Crystal Palace,Defender,4.3,-0.1,-0.2,i,Knee injury - Unknown return date,2026-08-22T18:00:07.352049Z,0,0,0.0,0.0,0.0,0.0,29,153,653,5704,,,
2026-10-07T06:03:53+00:00,207,242313,Mingueza,8,31,Crystal Palace,Defender,4.4,0.0,-0.1,a,,,,,0.1,0.0,0.0,0.0,100,315,2010,4871,,,
2026-10-07T06:03:53+00:00,208,232185,Sarr,8,31,Crystal Palace,Midfielder,6.2,0.0,-0.3,a,,2026-08-22T18:00:07.363165Z,100,100,0.6,0.5,0.5,0.5,2929,2501,6983,376952,2,,
2026-10-07T06:03:53+00:00,210,496221,Wharton,8,31,Crystal Palace,Midfielder,5.4,-0.1,-0.1,a,,2026-07-23T12:01:23.498963Z,100,100,0.7,2.0,2.0,2.0,1300,4938,29707,48928,,,
2026-10-07T06:03:53+00:00,211,488024,Yeremy,8,31,Crystal Palace,Midfielder,5.5,0.0,0.0,a,,,,,0.3,1.5,1.5,1.5,772,3034,45316,31431,,,
2026-10-07T06:03:53+00:00,212,108413,Hughes,8,31,Crystal Palace,Midfielder,4.4,0.0,-0.1,a,,,,,7.3,0.5,0.5,0.5,9893,50003,123292,488618,,,
2026-10-07T06:03:53+00:00,213,152551,Lerma,8,31,Crystal Palace,Midfielder,4.8,-0.1,-0.2,a,,,,,0.1,0.5,0.5,0.5,102,418,1308,5599,,,
2026-10-07T06:03:53+00:00,214,209400,Kamada,8,31,Crystal Palace,Midfielder,5.0,0.0,0.0,a,,,,,0.5,5.5,5.5,5.5,3709,3474,50456,25091,,,
2026-10-07T06:03:53+00:00,215,489706,Devenny,8,31,Crystal Palace,Midfielder,5.0,0.0,0.0,u,Has joined Stoke City permanently,2026-09-02T15:41:07.346849Z,0,0,0.0,0.0,0.0,0.0,0,41,132,955,3,,
2026-10-07T06:03:53+00:00,216,606921,Esse,8,31,Crystal Palace,Midfielder,5.0,0.0,0.0,u,Has joined Millwall on loan for the rest of the season,2026-09-02T15:41:07.376544Z,0,0,0.0,0.0,0.0,0.0,0,142,399,3253,,,
2026-10-07T06:03:53+00:00,217,536694,M.França,8,31,Crystal Palace,Midfielder,4.9,0.0,-0.1,u,Has joined Alverca on loan for the rest of the season,2026-09-11T14:42:19.322912Z,0,0,0.0,0.0,0.0,0.0,0,172,1007,3454,,,
2026-10-07T06:03:53+00:00,218,438464,Doucouré,8,31,Crystal Palace,Midfielder,4.8,-0.1,-0.2,a,,,,,0.0,0.0,0.0,0.0,125,322,2099,4487,,,
2026-10-07T06:03:53+00:00,219,450542,J.Rak-Sakyi,8,31,Crystal Palace,Midfielder,4.9,0.0,-0.1,u,has joined  Kasimpasa on loan for the rest of the seaon.,2026-09-10T09:12:47.224598Z,0,0,0.0,0.0,0.0,0.0,0,31,145,473,,,
2026-10-07T06:03:53+00:00,220,590014,Cardines,8,31,Crystal Palace,Defender,4.5,0.0,0.0,u,Has joined Bristol City on loan for the rest of the season,2026-08-12T14:08:46.501813Z,0,0,0.0,0.0,0.0,0.0,0,3,0,128,,,
2026-10-07T06:03:53+00:00,221,672492,Drakes-Thomas,8,31,Crystal Palace,Midfielder,4.4,-0.1,-0.1,a,,,,,0.1,0.0,0.0,0.0,166,468,2714,4713,,,
2026-10-07T06:03:53+00:00,222,247412,Strand Larsen,8,31,Crystal Palace,Forward,6.0,0.0,0.0,a,,,,,0.7,5.0,5.0,5.0,6178,4489,51403,41543,,,
2026-10-07T06:03:53+00:00,223,231747,Mateta,8,31,Crystal Palace,Forward,6.3,0.0,-0.2,i,Hamstring injury - Expected back 11 Oct,2026-08-28T21:00:08.020382Z,0,0,1.3,0.0,0.0,0.0,246,10063,25999,455550,1,,
2026-10-07T06:03:53+00:00,224,205533,Nketiah,8,31,Crystal Palace,Forward,5.5,0.0,0.0,a,,2026-09-12T14:00:09.427136Z,100,100,0.5,0.5,0.5,0.5,1458,3719,47439,50366,,,
2026-10-07T06:03:53+00:00,225,660392,Uche,8,31,Crystal Palace,Forward,5.0,0.0,0.0,u,has returned to Getafe CF,2026-07-23T12:18:56.275922Z,0,0,0.0,0.0,0.0,0.0,0,0,0,0,,,
2026-10-07T06:03:53+00:00,241,433154,McNeil,8,31,Crystal Palace,Midfielder,5.3,-0.1,-0.2,a,,,,,0.1,0.0,0.0,0.0,87,544,1794,8273,,,
2026-10-07T06:03:53+00:00,555,169593,Matthews,8,31,Crystal Palace,Goalkeeper,4.0,0.0,0.0,a,,,,,1.7,0.0,0.0,0.0,1264,3309,23448,31749,,,
2026-10-07T06:03:53+00:00,577,223723,Tomiyasu,8,31,Crystal Palace,Defender,4.4,0.0,-0.1,d,Calf injury - 75% chance of playing,2026-09-21T13:30:09.030724Z,,75,0.3,0.5,0.5,0.4,149,1389,3478,13509,,,
2026-10-07T06:03:53+00:00,588,570794,Khalaili,8,31,Crystal Palace,Defender,5.0,0.0,0.0,d,Hamstring injury - 75% chance of playing,2026-10-04T22:00:08.963040Z,,75,0.3,6.5,6.5,4.9,2252,1618,34945,15872,,,
2026-10-07T06:03:53+00:00,595,559152,Gozo,8,31,Crystal Palace,Midfielder,4.9,-0.1,-0.1,a,,,,,0.0,0.5,0.5,0.5,41,98,491,891,,,
2026-10-07T06:03:53+00:00,633,605972,Ahanor,8,31,Crystal Palace,Defender,4.5,0.0,0.0,a,,,,,0.0,1.5,1.5,1.5,151,117,1926,569,,,
2026-10-07T06:03:53+00:00,643,172850,Chilwell,8,31,Crystal Palace,Defender,4.5,0.0,0.0,a,,,,,0.4,0.5,0.5,0.5,648,3218,43202,18428,,,
2026-10-07T06:03:53+00:00,644,450063,Timber,8,31,Crystal Palace,Midfielder,5.0,0.0,0.0,a,,,,,0.0,3.5,3.5,3.5,513,346,4336,1538,,,
2026-10-07T06:03:53+00:00,647,533646,Osorio,8,31,Crystal Palace,Midfielder,5.5,0.0,0.0,a,,,,,0.0,0.0,0.0,0.0,30,82,949,418,,,
2026-10-07T06:03:53+00:00,21,128295,Nørgaard,9,11,Everton,Midfielder,4.8,-0.1,-0.2,i,Groin injury - Unknown return date,2026-08-15T20:00:06.779594Z,0,0,0.0,0.0,0.0,0.0,66,376,506,7478,,,
2026-10-07T06:03:53+00:00,209,242898,Johnson,9,11,Everton,Midfielder,5.9,0.0,-0.1,a,,,,,0.1,3.0,3.0,3.0,489,815,5384,10530,,,
2026-10-07T06:03:53+00:00,226,111234,Pickford,9,11,Everton,Goalkeeper,5.5,0.0,0.0,a,,,,,9.2,7.0,7.0,7.0,32239,18582,299756,238701,,,
2026-10-07T06:03:53+00:00,227,229600,Travers,9,11,Everton,Goalkeeper,5.0,0.0,0.0,a,,,,,0.0,0.0,0.0,0.0,275,291,1833,2153,,,
2026-10-07T06:03:53+00:00,228,138001,King,9,11,Everton,Goalkeeper,4.5,0.0,0.0,a,,,,,0.0,0.0,0.0,0.0,125,191,1192,1758,,,
2026-10-07T06:03:53+00:00,229,17761,Tarkowski,9,11,Everton,Defender,6.2,0.1,0.2,a,,,,,16.9,11.0,11.0,11.0,261009,27331,971817,290917,,,
2026-10-07T06:03:53+00:00,230,480455,Branthwaite,9,11,Everton,Defender,5.5,0.0,0.0,a,,,,,2.5,7.0,7.0,7.0,23675,8686,143847,73151,,,
2026-10-07T06:03:53+00:00,231,106611,Keane,9,11,Everton,Defender,4.8,0.0,-0.2,a,,,,,0.7,0.0,0.0,0.0,468,4228,9373,91027,,,
2026-10-07T06:03:53+00:00,232,512462,O'Brien,9,11,Everton,Defender,4.8,-0.1,-0.2,a,,,,,0.3,1.0,1.0,1.0,379,1302,4634,24773,,,
2026-10-07T06:03:53+00:00,233,224967,Mykolenko,9,11,Everton,Defender,4.6,0.1,0.1,d,Leg injury - 75% chance of playing,2026-10-01T19:30:09.402881Z,,75,4.1,8.0,8.0,6.0,42072,31541,413264,127994,,,
2026-10-07T06:03:53+00:00,234,243571,Patterson,9,11,Everton,Defender,4.5,0.0,0.0,u,Has joined Torino permanently,2026-09-02T16:05:23.326971Z,0,0,0.0,0.0,0.0,0.0,0,140,371,2453,,,
2026-10-07T06:03:53+00:00,235,499300,Aznou,9,11,Everton,Defender,4.0,0.0,0.0,u,Has joined Malaga on loan for the rest of the season,2026-09-01T13:23:16.934847Z,0,0,0.1,0.0,0.0,0.0,0,631,1728,11225,,,
2026-10-07T06:03:53+00:00,236,215413,Dewsbury-Hall,9,11,Everton,Midfielder,6.6,0.1,0.1,a,,,,,5.9,2.5,2.5,2.5,36909,56230,587673,335594,,,
2026-10-07T06:03:53+00:00,238,114283,Grealish,9,11,Everton,Midfielder,6.5,0.0,0.0,a,,2026-07-29T10:00:10.492904Z,100,100,0.5,2.0,2.0,2.0,4404,3345,41448,23629,,,
2026-10-07T06:03:53+00:00,239,232928,Garner,9,11,Everton,Midfielder,6.0,0.0,0.0,a,,2026-09-06T18:00:08.301702Z,100,100,0.2,3.5,3.5,3.5,2136,2327,21588,14227,2,,
2026-10-07T06:03:53+00:00,242,550615,George,9,11,Everton,Midfielder,5.5,0.0,0.0,a,,,,,0.9,2.0,2.0,2.0,2791,12112,107456,43776,,,
2026-10-07T06:03:53+00:00,243,502697,Alcaraz,9,11,Everton,Midfielder,4.9,0.0,-0.1,a,,,,,0.1,0.0,0.0,0.0,170,440,2871,5873,,,
2026-10-07T06:03:53+00:00,244,609873,Armstrong,9,11,Everton,Midfielder,5.0,0.0,0.0,a,,2026-09-17T08:30:08.942299Z,75,100,0.4,2.5,1.9,2.5,981,3599,54041,32953,,,
2026-10-07T06:03:53+00:00,245,496661,Dibling,9,11,Everton,Midfielder,5.4,0.0,-0.1,a,,,,,0.0,0.5,0.5,0.5,133,168,1188,2667,,,
2026-10-07T06:03:53+00:00,246,513466,Röhl,9,11,Everton,Midfielder,4.9,0.0,-0.1,i,Unspecified injury - Expected back 11 Oct,2026-09-16T18:00:09.541933Z,0,0,0.0,0.0,0.0,0.0,8,634,1963,4734,,,
2026-10-07T06:03:53+00:00,247,244860,Hackney,9,11,Everton,Midfielder,5.4,-0.1,-0.1,a,,2026-08-26T22:00:07.797766Z,100,100,0.2,1.0,1.0,1.0,217,1207,3768,12047,,,
2026-10-07T06:03:53+00:00,248,486385,Beto,9,11,Everton,Forward,5.4,0.0,-0.1,u,Has joined Fiorentina permanently,2026-09-02T16:05:23.357221Z,0,0,0.6,0.0,0.0,0.0,0,8067,16222,220389,,,
2026-10-07T06:03:53+00:00,249,586309,Barry,9,11,Everton,Forward,5.7,0.1,0.2,a,,,,,8.4,4.0,4.0,4.0,97523,46870,979678,365046,1,,
2026-10-07T06:03:53+00:00,649,154043,Maitland-Niles,9,11,Everton,Defender,4.5,0.0,0.0,a,,,,,1.4,7.0,7.0,7.0,21789,5691,94821,15583,,,
2026-10-07T06:03:53+00:00,654,629068,Graham,9,11,Everton,Midfielder,4.5,0.0,0.0,a,,,,,0.1,0.0,0.0,0.0,254,1066,11300,5371,,,
2026-10-07T06:03:53+00:00,250,80201,Leno,10,54,Fulham,Goalkeeper,4.5,0.0,0.0,a,,,,,3.4,6.0,6.0,6.0,49345,14506,160242,105548,,,
2026-10-07T06:03:53+00:00,251,86873,Lecomte,10,54,Fulham,Goalkeeper,4.0,0.0,0.0,a,,,,,1.1,0.0,0.0,0.0,2942,2944,25670,26379,,,
2026-10-07T06:03:53+00:00,252,505079,McNally,10,54,Fulham,Goalkeeper,4.0,0.0,0.0,u,Has joined York City on loan for the rest of the season,2026-09-01T13:25:11.231240Z,0,0,0.1,0.0,0.0,0.0,0,677,2589,6673,,,
2026-10-07T06:03:53+00:00,253,174874,Andersen,10,54,Fulham,Defender,5.0,0.0,0.0,a,,2026-07-23T12:01:23.516350Z,100,100,0.2,0.5,0.5,0.5,3155,1257,15029,9367,,,
2026-10-07T06:03:53+00:00,254,169528,Robinson,10,54,Fulham,Defender,4.5,0.0,0.0,a,,,,,1.5,4.0,4.0,4.0,20489,8216,62974,72191,2,,
2026-10-07T06:03:53+00:00,255,246301,J.Cuenca,10,54,Fulham,Defender,4.5,0.0,0.0,a,,,,,0.0,0.0,0.0,0.0,70,124,1550,2017,,,
2026-10-07T06:03:53+00:00,256,167074,Tete,10,54,Fulham,Defender,4.4,0.0,-0.1,a,,2026-09-18T12:30:09.546158Z,0,100,0.2,0.0,0.0,0.0,78,1105,1409,10550,,,
2026-10-07T06:03:53+00:00,257,232892,Bassey,10,54,Fulham,Defender,4.5,0.0,0.0,a,,,,,0.7,6.0,6.0,6.0,8076,2329,29090,30475,,,
2026-10-07T06:03:53+00:00,258,166477,Castagne,10,54,Fulham,Defender,4.5,0.0,0.0,a,,,,,1.0,3.5,3.5,3.5,17996,5818,94638,44547,,,
2026-10-07T06:03:53+00:00,261,153133,Iwobi,10,54,Fulham,Midfielder,5.4,0.0,-0.1,a,,,,,0.7,4.0,4.0,4.0,4516,3762,23436,56123,3,,
2026-10-07T06:03:53+00:00,262,209289,Smith Rowe,10,54,Fulham,Midfielder,5.3,-0.1,-0.2,a,,,,,0.2,0.5,0.5,0.5,355,1445,4553,21104,,,
2026-10-07T06:03:53+00:00,263,560552,Kevin,10,54,Fulham,Midfielder,5.3,0.0,-0.2,a,,,,,0.0,1.0,1.0,1.0,225,318,2029,4255,,,
2026-10-07T06:03:53+00:00,264,477555,Bobb,10,54,Fulham,Midfielder,5.5,0.0,0.0,a,,,,,0.3,3.0,3.0,3.0,3036,2055,17039,21161,,,
2026-10-07T06:03:53+00:00,265,207189,Berge,10,54,Fulham,Midfielder,4.9,0.0,-0.1,a,,,,,0.3,3.0,3.0,3.0,749,1459,6480,18215,,,
2026-10-07T06:03:53+00:00,266,76357,Cairney,10,54,Fulham,Midfielder,4.9,0.0,-0.1,i,Knee injury - Expected back 10 Oct,2026-08-14T18:00:06.460944Z,0,0,0.0,0.0,0.0,0.0,13,21,114,332,,,
2026-10-07T06:03:53+00:00,268,577725,King,10,54,Fulham,Midfielder,5.6,0.1,0.1,a,,,,,2.9,2.5,2.5,2.5,125146,22868,369281,101436,,,
2026-10-07T06:03:53+00:00,269,184349,Sessegnon,10,54,Fulham,Defender,4.3,-0.1,-0.2,a,,2026-09-14T11:30:07.403957Z,75,100,0.3,0.0,0.0,0.0,364,1428,2807,19126,,,
2026-10-07T06:03:53+00:00,270,153366,Reed,10,54,Fulham,Midfielder,4.4,0.0,-0.1,a,,,,,1.1,0.0,0.0,0.0,3049,7629,36541,73854,,,
2026-10-07T06:03:53+00:00,271,244042,Muniz,10,54,Fulham,Forward,5.4,0.0,-0.1,a,,,,,0.4,0.5,0.5,0.5,2030,2959,16359,35400,,,
2026-10-07T06:03:53+00:00,272,631786,Kusi-Asare,10,54,Fulham,Forward,4.5,0.0,0.0,a,,,,,5.4,0.0,0.0,0.0,12380,37144,161851,304949,,,
2026-10-07T06:03:53+00:00,569,551466,Gonzalo,10,54,Fulham,Forward,6.0,0.0,0.0,a,,,,,4.2,2.0,2.0,2.0,93262,37753,455571,317138,1,,
2026-10-07T06:03:53+00:00,570,571779,Palacios,10,54,Fulham,Midfielder,5.4,0.0,-0.1,a,,,,,0.2,0.5,0.5,0.5,775,1049,6064,10695,,,
2026-10-07T06:03:53+00:00,580,463210,Charles,10,54,Fulham,Midfielder,5.0,0.0,0.0,a,,,,,0.1,4.5,4.5,4.5,928,535,2658,4211,,,
2026-10-07T06:03:53+00:00,610,547686,De Fougerolles,10,54,Fulham,Defender,4.0,0.0,0.0,u,has joined  Real Salt Lake on loan for the rest of the seaon.,2026-08-28T11:30:08.336405Z,0,0,0.1,0.0,0.0,0.0,0,532,5787,5278,,,
2026-10-07T06:03:53+00:00,626,616069,Zepa,10,54,Fulham,Midfielder,4.4,-0.1,-0.1,a,,,,,0.3,0.0,0.0,0.0,1312,2501,35479,18715,,,
2026-10-07T06:03:53+00:00,635,551050,Larsson,10,54,Fulham,Midfielder,5.0,0.0,0.0,a,,,,,0.0,1.0,1.0,1.0,103,77,848,310,,,
2026-10-07T06:03:53+00:00,636,500033,Ángel,10,54,Fulham,Midfielder,5.0,0.0,0.0,a,,,,,0.0,0.0,0.0,0.0,37,30,374,172,,,
2026-10-07T06:03:53+00:00,650,442299,Affengruber,10,54,Fulham,Defender,4.5,0.0,0.0,a,,,,,0.1,6.0,6.0,6.0,10646,2445,13524,3067,,,
2026-10-07T06:03:53+00:00,240,490094,Iroegbunam,11,88,Hull City,Midfielder,5.0,0.0,0.0,a,,2026-08-15T20:00:06.878792Z,100,100,0.0,0.5,0.5,0.5,83,147,1121,1161,,,
2026-10-07T06:03:53+00:00,273,167825,Phillips,11,88,Hull City,Goalkeeper,4.0,0.0,0.0,a,,,,,1.4,0.0,0.0,0.0,3412,4098,29537,38981,,,
2026-10-07T06:03:53+00:00,274,105666,Butland,11,88,Hull City,Goalkeeper,4.4,-0.1,-0.1,i,Arm injury - Unknown return date,2026-08-08T19:00:05.601633Z,0,0,0.1,0.0,0.0,0.0,74,352,643,4965,,,
2026-10-07T06:03:53+00:00,275,494950,Cartwright,11,88,Hull City,Goalkeeper,4.0,0.0,0.0,u,Has joined Grimsby Town on loan for the rest of the season,2026-07-29T13:00:27.959925Z,0,0,0.0,0.0,0.0,0.0,0,31,0,333,,,
2026-10-07T06:03:53+00:00,276,444307,Lo-Tutala,11,88,Hull City,Goalkeeper,4.0,0.0,0.0,u,Has joined Colchester United on loan for the rest of the season,2026-08-17T13:50:27.125537Z,0,0,0.0,0.0,0.0,0.0,0,127,0,1121,,,
2026-10-07T06:03:53+00:00,277,108416,Egan,11,88,Hull City,Defender,4.1,0.0,0.1,a,,,,,7.0,1.5,1.5,1.5,32193,33464,755352,220385,,,
2026-10-07T06:03:53+00:00,278,501902,Hughes,11,88,Hull City,Defender,3.9,0.0,-0.1,i,Groin injury - Unknown return date,2026-08-02T09:00:11.030017Z,0,0,0.2,0.0,0.0,0.0,1222,2135,17011,13102,,,
2026-10-07T06:03:53+00:00,279,146426,Ajayi,11,88,Hull City,Defender,4.2,0.0,0.2,a,,2026-08-22T17:30:07.668197Z,100,100,13.9,1.0,1.0,1.0,49075,65542,1360460,316044,,,
2026-10-07T06:03:53+00:00,280,193278,Coyle,11,88,Hull City,Defender,4.0,0.0,0.0,a,,2026-08-29T16:30:08.151841Z,100,100,0.7,1.0,1.0,1.0,2294,2337,27866,26145,,,
2026-10-07T06:03:53+00:00,281,433590,Drameh,11,88,Hull City,Defender,4.0,0.0,0.0,u,Has joined Genoa permanently,2026-09-02T16:09:06.479140Z,0,0,0.0,0.0,0.0,0.0,0,272,2118,4525,,,
2026-10-07T06:03:53+00:00,282,232351,Giles,11,88,Hull City,Defender,4.0,0.0,0.0,a,,,,,2.9,2.0,2.0,2.0,23912,15660,280729,67951,,,
2026-10-07T06:03:53+00:00,283,449428,Jacob,11,88,Hull City,Defender,4.0,0.0,0.0,u,Has joined Newport County on loan until January,2026-08-02T09:00:11.038361Z,0,0,0.0,0.0,0.0,0.0,0,39,114,696,,,
2026-10-07T06:03:53+00:00,284,661800,McCarthy,11,88,Hull City,Defender,4.0,0.0,0.0,a,,,,,0.1,0.0,0.0,0.0,433,488,4967,4640,,,
2026-10-07T06:03:53+00:00,285,160817,McNair,11,88,Hull City,Defender,4.0,0.0,0.0,a,,2026-09-09T13:30:08.327907Z,100,100,0.1,0.0,0.0,0.0,214,456,3167,4765,,,
2026-10-07T06:03:53+00:00,286,540324,Belloumi,11,88,Hull City,Midfielder,5.1,0.0,0.1,a,,,,,5.3,8.5,8.5,8.5,87650,29760,517586,89798,,,
2026-10-07T06:03:53+00:00,287,232905,Millar,11,88,Hull City,Midfielder,5.0,0.0,0.0,u,Has joined Birmingham on loan for the rest of the season,2026-09-02T15:36:41.038103Z,0,0,0.0,0.0,0.0,0.0,0,336,3178,7556,,,
2026-10-07T06:03:53+00:00,288,171270,Dowell,11,88,Hull City,Midfielder,4.4,-0.1,-0.1,a,,,,,0.3,0.0,0.0,0.0,666,2216,12423,21799,,,
2026-10-07T06:03:53+00:00,289,101282,Crooks,11,88,Hull City,Midfielder,4.4,-0.1,-0.1,a,,2026-08-29T15:00:08.569326Z,100,100,0.5,0.5,0.5,0.5,5577,4744,24936,40973,,,
2026-10-07T06:03:53+00:00,290,243413,Slater,11,88,Hull City,Midfielder,4.5,0.0,0.0,a,,,,,5.2,2.0,2.0,2.0,17808,42850,500741,283849,,,
2026-10-07T06:03:53+00:00,291,465525,Matazo,11,88,Hull City,Midfielder,4.5,0.0,0.0,i,Knee injury - Unknown return date,2026-07-23T12:01:23.532635Z,0,0,0.0,0.0,0.0,0.0,34,67,385,505,,,
2026-10-07T06:03:53+00:00,292,208481,Ömür,11,88,Hull City,Midfielder,4.9,0.0,-0.1,a,,,,,0.0,0.0,0.0,0.0,90,161,1208,1642,,,
2026-10-07T06:03:53+00:00,293,490161,Kamara,11,88,Hull City,Midfielder,5.0,0.0,0.0,u,Has joined Portsmouth permanently,2026-08-12T14:08:23.542043Z,0,0,0.0,0.0,0.0,0.0,0,14,0,376,,,
2026-10-07T06:03:53+00:00,294,553783,Zambrano,11,88,Hull City,Midfielder,4.5,0.0,0.0,a,,2026-08-04T18:30:11.016909Z,100,100,0.1,0.0,0.0,0.0,161,526,3890,6855,,,
2026-10-07T06:03:53+00:00,295,169432,McBurnie,11,88,Hull City,Forward,5.5,0.0,0.0,a,,,,,1.9,2.5,2.5,2.5,9475,19980,190461,155327,1,,
2026-10-07T06:03:53+00:00,296,213292,Akintola,11,88,Hull City,Midfielder,5.0,0.0,0.0,u,Has joined Omonoia FC permanently,2026-09-11T14:42:38.120231Z,0,0,0.0,0.0,0.0,0.0,0,300,2704,4913,,,
2026-10-07T06:03:53+00:00,297,470294,Gyabi,11,88,Hull City,Midfielder,4.4,-0.1,-0.1,i,Thigh injury - Unknown return date,2026-08-04T18:30:11.027155Z,0,0,0.0,0.0,0.0,0.0,71,160,460,1628,,,
2026-10-07T06:03:53+00:00,298,500957,Destan,11,88,Hull City,Forward,4.5,0.0,0.0,u,Has joined Konyaspor permanently,2026-08-17T13:50:27.145733Z,0,0,0.2,0.0,0.0,0.0,0,1529,0,22482,,,
2026-10-07T06:03:53+00:00,299,534392,Burstow,11,88,Hull City,Forward,4.5,0.0,0.0,u,Has joined Sheffield Wednesday on loan for the rest of the season,2026-08-03T14:05:20.234842Z,0,0,0.0,0.0,0.0,0.0,0,240,0,3090,,,
2026-10-07T06:03:53+00:00,340,462635,Gelhardt,11,88,Hull City,Midfielder,5.0,0.0,0.0,a,,2026-08-17T21:30:07.799839Z,100,100,0.0,0.5,0.5,0.5,103,120,713,1027,,,
2026-10-07T06:03:53+00:00,556,169359,Targett,11,88,Hull City,Defender,4.0,0.0,0.0,d,Ankle injury - 75% chance of playing,2026-09-17T14:00:26.419938Z,75,75,1.6,0.0,0.0,0.0,126,11052,24850,88328,,,
2026-10-07T06:03:53+00:00,563,445028,Morita,11,88,Hull City,Midfielder,4.9,-0.1,-0.1,i,Calf injury - Expected back 11 Oct,2026-09-09T14:00:08.474217Z,0,0,0.0,0.0,0.0,0.0,24,200,727,1796,,,
2026-10-07T06:03:53+00:00,572,473284,Tzolakis,11,88,Hull City,Goalkeeper,4.7,0.1,0.2,a,,,,,12.9,4.0,4.0,4.0,138353,27125,1009681,222775,,,
2026-10-07T06:03:53+00:00,574,552946,Hjertø-Dahl,11,88,Hull City,Midfielder,4.9,0.0,-0.1,a,,,,,0.1,0.0,0.0,0.0,83,355,1444,4475,,,
2026-10-07T06:03:53+00:00,576,608227,Stroud,11,88,Hull City,Midfielder,5.0,0.0,0.0,a,,,,,0.1,0.5,0.5,0.5,158,521,3680,4744,,,
2026-10-07T06:03:53+00:00,585,597462,Herrington,11,88,Hull City,Defender,4.0,0.0,0.0,a,,,,,0.6,1.0,1.0,1.0,1126,1888,12925,18775,,,
2026-10-07T06:03:53+00:00,586,606930,Mendy,11,88,Hull City,Defender,4.1,0.0,0.1,a,,2026-09-12T18:00:09.334142Z,0,100,6.2,0.5,0.0,0.5,8317,35537,684609,360520,,,
2026-10-07T06:03:53+00:00,589,469266,Gourna-Douath,11,88,Hull City,Midfielder,5.0,0.0,0.0,a,,,,,0.0,0.5,0.5,0.5,34,113,703,1348,,,
2026-10-07T06:03:53+00:00,617,490884,Cho,11,88,Hull City,Midfielder,5.0,0.0,0.0,a,,,,,0.0,3.5,3.5,3.5,385,165,1821,777,,,
2026-10-07T06:03:53+00:00,632,626751,Ansah,11,88,Hull City,Forward,5.0,0.0,0.0,i,Back injury - Unknown return date,2026-09-09T10:00:08.919489Z,0,0,0.0,0.0,0.0,0.0,82,459,5129,3539,,,
2026-10-07T06:03:53+00:00,637,631000,Vaz,11,88,Hull City,Forward,5.0,0.0,0.0,a,,,,,0.1,1.0,1.0,1.0,2019,1280,12524,4101,,,
2026-10-07T06:03:53+00:00,638,496181,Norton-Cuffy,11,88,Hull City,Defender,4.0,0.0,0.0,d,Hamstring injury - 75% chance of playing,2026-09-21T08:30:09.561308Z,,75,0.2,0.0,0.0,0.0,462,2797,26078,10623,,,
2026-10-07T06:03:53+00:00,642,243951,Thomas,11,88,Hull City,Midfielder,5.5,0.0,0.0,a,,,,,0.0,1.5,1.5,1.5,537,374,3141,1223,,,
2026-10-07T06:03:53+00:00,645,647839,Mouzakitis,11,88,Hull City,Midfielder,5.0,0.0,0.0,a,,,,,0.0,0.0,0.0,0.0,101,95,793,321,,,
2026-10-07T06:03:53+00:00,259,219924,Diop,12,40,Ipswich Town,Defender,4.0,0.0,0.0,a,,,,,12.6,2.5,2.5,2.5,8288,63015,137325,515637,,,
2026-10-07T06:03:53+00:00,267,212314,Lukić,12,40,Ipswich Town,Midfielder,4.9,-0.1,-0.1,a,,,,,0.1,1.5,1.5,1.5,248,597,3476,6550,,,
2026-10-07T06:03:53+00:00,300,108813,Walton,12,40,Ipswich Town,Goalkeeper,4.4,0.0,-0.1,a,,,,,0.4,1.0,1.0,1.0,2071,1243,3756,15156,,,
2026-10-07T06:03:53+00:00,301,112520,Palmer,12,40,Ipswich Town,Goalkeeper,4.0,0.0,0.0,a,,,,,3.9,0.0,0.0,0.0,4648,13572,75244,114811,,,
2026-10-07T06:03:53+00:00,302,50093,Button,12,40,Ipswich Town,Goalkeeper,4.0,0.0,0.0,a,,,,,0.6,0.0,0.0,0.0,1810,1519,31820,15371,,,
2026-10-07T06:03:53+00:00,303,183015,Kipré,12,40,Ipswich Town,Defender,3.9,0.0,-0.1,a,,,,,0.9,0.0,0.0,0.0,5069,4892,49690,29639,,,
2026-10-07T06:03:53+00:00,304,216616,O'Shea,12,40,Ipswich Town,Defender,4.0,0.0,0.0,a,,,,,2.6,1.5,1.5,1.5,2409,16475,65828,129818,,,
2026-10-07T06:03:53+00:00,305,455084,Davis,12,40,Ipswich Town,Defender,4.0,0.0,0.0,a,,,,,7.0,8.0,8.0,8.0,61831,32446,382034,190062,,,
2026-10-07T06:03:53+00:00,306,449429,Greaves,12,40,Ipswich Town,Defender,4.0,0.0,0.0,a,,,,,1.1,0.5,0.5,0.5,540,4040,8276,38781,,,
2026-10-07T06:03:53+00:00,307,222018,Johnson,12,40,Ipswich Town,Defender,4.0,0.0,0.0,u,Has joined Stoke City on loan for the rest of the season,2026-09-04T12:36:56.236331Z,0,0,0.1,0.0,0.0,0.0,0,407,1137,6354,,,
2026-10-07T06:03:53+00:00,308,176420,Furlong,12,40,Ipswich Town,Defender,3.9,0.0,-0.1,a,,,,,0.6,0.0,0.0,0.0,7062,3370,19699,20147,,,
2026-10-07T06:03:53+00:00,309,501390,Núñez,12,40,Ipswich Town,Midfielder,4.9,0.0,-0.1,a,,,,,0.1,0.0,0.0,0.0,106,738,3123,7745,,,
2026-10-07T06:03:53+00:00,310,241117,Matusiwa,12,40,Ipswich Town,Midfielder,4.9,0.0,-0.1,a,,2026-07-29T18:00:10.305484Z,100,100,0.0,0.0,0.0,0.0,17,20,128,281,,,
2026-10-07T06:03:53+00:00,311,149929,Burns,12,40,Ipswich Town,Midfielder,5.0,0.0,0.0,u,Has joined Leicester City permanently,2026-08-10T14:02:47.597478Z,0,0,0.0,0.0,0.0,0.0,0,9,0,348,,,
2026-10-07T06:03:53+00:00,312,231899,Taylor,12,40,Ipswich Town,Midfielder,4.4,-0.1,-0.1,i,Knee injury - Unknown return date,2026-07-29T18:00:10.319370Z,0,0,0.0,0.0,0.0,0.0,405,319,981,2700,,,
2026-10-07T06:03:53+00:00,313,443261,Clarke,12,40,Ipswich Town,Midfielder,5.4,0.0,-0.1,a,,,,,0.2,1.5,1.5,1.5,219,1045,5570,15839,1,,
2026-10-07T06:03:53+00:00,314,229164,Ogbene,12,40,Ipswich Town,Midfielder,4.9,0.0,-0.1,u,Has joined Lincoln City on loan until January,2026-09-02T16:04:17.497385Z,0,0,0.0,0.0,0.0,0.0,0,69,104,1211,,,
2026-10-07T06:03:53+00:00,315,531442,Fatawu,12,40,Ipswich Town,Midfielder,5.4,0.0,-0.1,s,Suspended until 17 Oct,2026-09-19T15:30:10.126897Z,,0,0.2,0.0,0.0,0.0,67,2814,5369,13658,,,
2026-10-07T06:03:53+00:00,316,543968,Emersonn,12,40,Ipswich Town,Forward,5.5,0.0,0.0,a,,2026-08-31T09:30:08.306145Z,100,100,3.7,7.0,7.0,7.0,42593,25689,326291,144963,2,,
2026-10-07T06:03:53+00:00,317,222625,Hirst,12,40,Ipswich Town,Forward,5.0,0.0,0.0,u,Has joined Stoke City permanently,2026-08-21T13:06:08.606019Z,0,0,0.1,0.0,0.0,0.0,0,541,0,17171,,,
2026-10-07T06:03:53+00:00,318,481624,Philogene,12,40,Ipswich Town,Midfielder,5.4,0.0,-0.1,a,,2026-08-25T11:30:07.532993Z,100,100,0.1,1.0,1.0,1.0,39,180,307,9304,3,,
2026-10-07T06:03:53+00:00,319,172453,Szmodics,12,40,Ipswich Town,Midfielder,5.0,0.0,0.0,u,Has joined Derby County on loan for the rest of the season,2026-08-17T13:51:41.713979Z,0,0,0.0,0.0,0.0,0.0,0,15,0,762,,,
2026-10-07T06:03:53+00:00,320,147675,Akpom,12,40,Ipswich Town,Forward,5.0,0.0,0.0,a,,,,,1.2,0.5,0.5,0.5,5418,10480,131374,74913,,,
2026-10-07T06:03:53+00:00,321,557012,Walle Egeli,12,40,Ipswich Town,Forward,4.5,0.0,0.0,a,,,,,3.5,0.0,0.0,0.0,21140,30020,333761,214507,,,
2026-10-07T06:03:53+00:00,322,462387,Al-Hamadi,12,40,Ipswich Town,Forward,5.0,0.0,0.0,u,Has joined Sheffield Wednesday on loan for the rest of the season,2026-08-27T14:54:10.215357Z,0,0,0.0,0.0,0.0,0.0,0,415,755,9960,,,
2026-10-07T06:03:53+00:00,323,461587,McAteer,12,40,Ipswich Town,Midfielder,4.4,-0.1,-0.1,a,,,,,1.0,0.0,0.0,0.0,1829,7213,28573,63060,,,
2026-10-07T06:03:53+00:00,324,232457,Mehmeti,12,40,Ipswich Town,Midfielder,4.8,-0.1,-0.2,a,,,,,0.0,0.0,0.0,0.0,81,165,407,2496,,,
2026-10-07T06:03:53+00:00,554,546600,Van Oevelen,12,40,Ipswich Town,Goalkeeper,4.5,0.0,0.0,u,Has joined Valencia on loan for the rest of the season,2026-08-25T14:04:09.529320Z,0,0,0.0,0.0,0.0,0.0,0,94,54,1968,,,
2026-10-07T06:03:53+00:00,562,442967,Maeda,12,40,Ipswich Town,Midfielder,5.3,-0.1,-0.2,a,,,,,0.2,1.0,1.0,1.0,152,1627,2880,20397,,,
2026-10-07T06:03:53+00:00,564,240514,Scherpen,12,40,Ipswich Town,Goalkeeper,4.5,0.0,0.0,a,,,,,0.6,0.5,0.5,0.5,822,3106,15389,23683,,,
2026-10-07T06:03:53+00:00,571,216055,Florentino,12,40,Ipswich Town,Midfielder,4.8,-0.1,-0.2,a,,2026-08-25T11:30:07.678802Z,100,100,0.1,1.0,1.0,1.0,121,375,1066,7106,,,
2026-10-07T06:03:53+00:00,591,474120,Enciso,12,40,Ipswich Town,Midfielder,5.5,0.0,0.0,a,,2026-08-22T18:00:07.551930Z,100,100,0.8,2.0,2.0,2.0,2943,6855,94506,53144,,,
2026-10-07T06:03:53+00:00,592,572584,Ouattara,12,40,Ipswich Town,Defender,4.0,0.0,0.0,a,,,,,0.9,1.5,1.5,1.5,817,2302,13602,26438,,,
2026-10-07T06:03:53+00:00,602,524180,Humphreys,12,40,Ipswich Town,Midfielder,4.5,0.0,0.0,u,Has joined Huddersfield Town on loan for the rest of the season,2026-09-02T16:04:17.524642Z,0,0,0.0,0.0,0.0,0.0,0,256,2861,3250,,,
2026-10-07T06:03:53+00:00,619,218543,Palacios,12,40,Ipswich Town,Midfielder,5.0,0.0,0.0,a,,,,,0.1,3.0,3.0,3.0,592,930,9080,3540,,,
2026-10-07T06:03:53+00:00,640,431639,Flemming,12,40,Ipswich Town,Forward,5.5,0.0,0.0,a,,,,,0.1,2.5,2.5,2.5,1112,1117,9474,3339,,,
2026-10-07T06:03:53+00:00,260,153682,Wilson,13,2,Leeds,Midfielder,6.2,0.0,-0.3,i,Thigh injury - Unknown return date,2026-09-18T13:30:09.626858Z,0,0,1.6,0.5,0.0,0.0,81,44917,29052,461619,,,
2026-10-07T06:03:53+00:00,326,201595,Perri,13,2,Leeds,Goalkeeper,4.5,0.0,0.0,u,Has joined Torino on loan for the rest of the season,2026-09-01T13:12:39.210133Z,0,0,0.3,0.0,0.0,0.0,0,1441,532,26641,,,
2026-10-07T06:03:53+00:00,327,434752,Bijol,13,2,Leeds,Defender,5.0,0.0,0.0,a,,,,,0.7,0.0,0.0,0.0,893,6021,69195,59636,,,
2026-10-07T06:03:53+00:00,329,214225,Rodon,13,2,Leeds,Defender,4.3,-0.1,-0.2,i,Hamstring injury - Expected back 21 Nov,2026-08-30T16:00:08.564382Z,0,0,0.8,0.0,0.0,0.0,51,9832,26945,297837,,,
2026-10-07T06:03:53+00:00,330,226182,Bogle,13,2,Leeds,Defender,4.6,0.0,0.1,a,,,,,7.4,10.0,10.0,10.0,144331,31146,670904,90354,,,
2026-10-07T06:03:53+00:00,331,243526,Gudmundsson,13,2,Leeds,Defender,4.5,0.0,0.0,a,,2026-08-08T20:00:07.546568Z,100,100,0.1,6.0,6.0,6.0,732,411,4330,2841,,,
2026-10-07T06:03:53+00:00,332,220627,Justin,13,2,Leeds,Defender,4.5,0.0,0.0,a,,,,,1.4,5.0,5.0,5.0,5532,6941,122804,71854,,,
2026-10-07T06:03:53+00:00,333,437738,Bornauw,13,2,Leeds,Defender,4.5,0.0,0.0,u,Has joined Hamburg SV on loan for the rest of the season,2026-08-19T13:56:14.645970Z,0,0,0.0,0.0,0.0,0.0,0,6,0,300,,,
2026-10-07T06:03:53+00:00,334,522047,Muharemović,13,2,Leeds,Defender,5.0,0.0,0.0,a,,,,,4.3,6.5,6.5,6.5,35658,28720,306943,177604,,,
2026-10-07T06:03:53+00:00,335,466525,Stach,13,2,Leeds,Midfielder,6.0,0.0,0.0,a,,,,,2.5,4.0,4.0,4.0,5642,21670,202985,166403,,,
2026-10-07T06:03:53+00:00,336,435997,Okafor,13,2,Leeds,Midfielder,5.8,0.0,-0.2,a,,,,,0.4,6.0,6.0,6.0,2151,3916,27258,35702,,,
2026-10-07T06:03:53+00:00,337,427637,Aaronson,13,2,Leeds,Midfielder,5.3,-0.1,-0.2,a,,,,,0.5,1.0,1.0,1.0,236,3748,6799,48477,,,
2026-10-07T06:03:53+00:00,338,199598,Ampadu,13,2,Leeds,Midfielder,5.4,0.0,-0.1,a,,,,,0.9,6.0,6.0,6.0,2002,5730,18435,61409,,,
2026-10-07T06:03:53+00:00,339,180135,Longstaff,13,2,Leeds,Midfielder,4.8,-0.1,-0.2,a,,,,,0.1,0.5,0.5,0.5,162,694,2535,8178,,,
2026-10-07T06:03:53+00:00,341,492859,Gnonto,13,2,Leeds,Midfielder,5.0,0.0,0.0,u,Has joined ACF Fiorentina on loan for the rest of the season,2026-09-02T16:04:47.189648Z,0,0,0.0,0.0,0.0,0.0,0,61,244,1819,,,
2026-10-07T06:03:53+00:00,342,221399,Harrison,13,2,Leeds,Midfielder,5.0,0.0,0.0,u,Has joined New England Revolution permanently,2026-07-28T12:59:09.492431Z,0,0,0.0,0.0,0.0,0.0,0,5,0,79,,,
2026-10-07T06:03:53+00:00,343,200617,James,13,2,Leeds,Midfielder,4.9,0.0,-0.1,a,,,,,0.1,1.0,1.0,1.0,224,624,4193,8074,,,
2026-10-07T06:03:53+00:00,344,486520,Gruev,13,2,Leeds,Midfielder,5.0,0.0,0.0,a,,2026-08-14T23:00:06.272027Z,100,100,0.0,0.0,0.0,0.0,51,23,130,318,,,
2026-10-07T06:03:53+00:00,345,248056,Tanaka,13,2,Leeds,Midfielder,4.9,0.0,-0.1,a,,,,,0.3,4.0,4.0,4.0,2534,2577,23052,17812,,,
2026-10-07T06:03:53+00:00,346,177815,Calvert-Lewin,13,2,Leeds,Forward,6.0,0.0,0.0,a,,,,,24.7,6.0,6.0,6.0,107384,191479,1024013,1344421,1,,
2026-10-07T06:03:53+00:00,347,174594,Nmecha,13,2,Leeds,Forward,5.4,0.0,-0.1,a,,,,,0.5,1.0,1.0,1.0,2262,4081,22456,37502,2,,
2026-10-07T06:03:53+00:00,348,235826,Piroe,13,2,Leeds,Forward,5.0,0.0,0.0,u,Has joined West Ham United on loan for the rest of the season,2026-08-19T13:56:14.666726Z,0,0,0.1,0.0,0.0,0.0,0,471,0,11266,3,,
2026-10-07T06:03:53+00:00,349,565297,Mateo Joseph,13,2,Leeds,Forward,4.5,0.0,0.0,i,Knee injury - Unknown return date,2026-07-29T18:00:10.338170Z,0,0,0.1,0.0,0.0,0.0,364,536,3150,4510,,,
2026-10-07T06:03:53+00:00,385,432720,Trafford,13,2,Leeds,Goalkeeper,5.0,0.0,0.0,a,,,,,5.5,6.5,6.5,6.5,26729,17545,268700,161890,,,
2026-10-07T06:03:53+00:00,598,173774,Elvedi,13,2,Leeds,Defender,4.5,0.0,0.0,a,,,,,0.1,4.0,4.0,4.0,290,278,5405,2837,,,
2026-10-07T06:03:53+00:00,603,643970,Lienou,13,2,Leeds,Defender,4.0,0.0,0.0,a,,,,,0.1,0.0,0.0,0.0,262,552,6935,4019,,,
2026-10-07T06:03:53+00:00,604,592740,Cresswell,13,2,Leeds,Midfielder,4.5,0.0,0.0,a,,,,,0.1,0.0,0.0,0.0,332,956,14088,7984,,,
2026-10-07T06:03:53+00:00,625,97846,Cairns,13,2,Leeds,Goalkeeper,4.0,0.0,0.0,a,,,,,0.2,0.0,0.0,0.0,933,853,19892,6011,,,
2026-10-07T06:03:53+00:00,629,155465,Zetterer,13,2,Leeds,Goalkeeper,4.0,0.0,0.0,a,,,,,0.7,0.0,0.0,0.0,3408,2996,58848,14371,,,
2026-10-07T06:03:53+00:00,641,437497,Bard,13,2,Leeds,Defender,4.5,0.0,0.0,a,,,,,0.0,0.5,0.5,0.5,108,89,970,365,,,
2026-10-07T06:03:53+00:00,648,587982,Bahoya,13,2,Leeds,Midfielder,5.0,0.0,0.0,a,,,,,0.0,0.5,0.5,0.5,121,191,2253,1159,,,
2026-10-07T06:03:53+00:00,350,116535,A.Becker,14,14,Liverpool,Goalkeeper,5.5,0.0,0.0,a,,,,,4.2,8.5,8.5,8.5,16018,13494,149336,147018,,,
2026-10-07T06:03:53+00:00,351,449027,Mamardashvili,14,14,Liverpool,Goalkeeper,4.8,-0.1,-0.2,a,,,,,0.1,0.0,0.0,0.0,282,678,2894,8696,,,
2026-10-07T06:03:53+00:00,352,155503,Woodman,14,14,Liverpool,Goalkeeper,4.0,0.0,0.0,a,,,,,1.0,0.0,0.0,0.0,872,2608,18366,27466,,,
2026-10-07T06:03:53+00:00,353,586268,Pecsi,14,14,Liverpool,Goalkeeper,4.0,0.0,0.0,u,Has joined TSV Hartberg on loan for the rest of the season,2026-08-18T14:11:18.638344Z,0,0,0.0,0.0,0.0,0.0,0,70,0,1097,,,
2026-10-07T06:03:53+00:00,354,432987,Jaros,14,14,Liverpool,Goalkeeper,4.0,0.0,0.0,i,Knee injury - Unknown return date,2026-07-29T18:00:10.351066Z,0,0,0.0,0.0,0.0,0.0,228,175,1775,1261,,,
2026-10-07T06:03:53+00:00,355,464353,Davies,14,14,Liverpool,Goalkeeper,4.0,0.0,0.0,a,,,,,0.2,0.0,0.0,0.0,315,505,4767,4285,,,
2026-10-07T06:03:53+00:00,356,97032,Virgil,14,14,Liverpool,Defender,6.5,0.0,0.0,a,,,,,16.2,8.0,8.0,8.0,26393,49294,283409,621927,,,
2026-10-07T06:03:53+00:00,357,216094,Frimpong,14,14,Liverpool,Defender,5.3,0.0,-0.2,a,,,,,1.7,0.5,0.5,0.5,1805,13837,59148,247222,,,
2026-10-07T06:03:53+00:00,358,544877,Kerkez,14,14,Liverpool,Defender,5.3,-0.1,-0.2,a,,,,,2.2,3.5,3.5,3.5,2924,11806,47941,189178,,,
2026-10-07T06:03:53+00:00,359,171287,Gomez,14,14,Liverpool,Defender,4.9,0.0,-0.1,a,,2026-07-26T08:30:10.078473Z,100,100,0.0,0.0,0.0,0.0,363,127,783,1191,,,
2026-10-07T06:03:53+00:00,360,492777,Bradley,14,14,Liverpool,Defender,5.0,0.0,0.0,i,Knee injury - Unknown return date,2026-07-23T12:01:23.565711Z,0,0,0.0,0.0,0.0,0.0,69,95,386,807,,,
2026-10-07T06:03:53+00:00,361,519440,Lucky,14,14,Liverpool,Defender,4.0,0.0,0.0,a,,,,,0.1,0.0,0.0,0.0,319,629,3896,5854,,,
2026-10-07T06:03:53+00:00,362,606702,Jacquet,14,14,Liverpool,Defender,5.0,0.0,0.0,d,Hamstring injury - 75% chance of playing,2026-10-06T00:30:10.323830Z,100,75,3.5,7.5,7.5,5.6,38953,17881,236835,127914,,,
2026-10-07T06:03:53+00:00,363,647681,Leoni,14,14,Liverpool,Defender,4.0,0.0,0.0,i,Knee injury - Unknown return date,2026-07-23T12:01:23.596909Z,0,0,0.0,0.0,0.0,0.0,74,199,875,2130,,,
2026-10-07T06:03:53+00:00,364,214285,Tsimikas,14,14,Liverpool,Defender,4.9,0.0,-0.1,a,,,,,0.1,0.5,0.5,0.5,114,424,1601,4450,,,
2026-10-07T06:03:53+00:00,365,489580,Ramsay,14,14,Liverpool,Defender,4.0,0.0,0.0,u,Has joined St Mirren on loan for the rest of the season,2026-08-26T14:05:26.748768Z,0,0,0.1,0.0,0.0,0.0,0,532,638,12761,,,
2026-10-07T06:03:53+00:00,366,494595,Wirtz,14,14,Liverpool,Midfielder,7.3,0.0,-0.2,a,,,,,5.7,4.5,4.5,4.5,5498,46677,135766,770074,4,,
2026-10-07T06:03:53+00:00,367,243298,Gakpo,14,14,Liverpool,Midfielder,7.2,0.0,0.2,d,Ankle injury - 75% chance of playing,2026-09-27T21:30:07.786183Z,100,75,12.1,2.0,2.0,1.5,52601,117793,1339013,745390,3,,
2026-10-07T06:03:53+00:00,368,424876,Szoboszlai,14,14,Liverpool,Midfielder,6.9,-0.1,-0.1,a,,,,,32.5,2.5,2.5,2.5,41756,243293,934115,1711451,1,,
2026-10-07T06:03:53+00:00,369,611922,Ngumoha,14,14,Liverpool,Midfielder,5.7,-0.1,-0.3,a,,,,,0.5,0.5,0.5,0.5,911,4630,14689,89656,,,
2026-10-07T06:03:53+00:00,370,223541,Chiesa,14,14,Liverpool,Midfielder,5.3,-0.1,-0.2,i,Back injury - Unknown return date,2026-08-27T13:30:07.598926Z,0,0,0.0,0.0,0.0,0.0,18,268,683,10101,,,
2026-10-07T06:03:53+00:00,371,441266,Gravenberch,14,14,Liverpool,Midfielder,5.8,-0.1,-0.2,a,,,,,1.1,1.0,1.0,1.0,1385,9814,35923,131167,,,
2026-10-07T06:03:53+00:00,372,243016,Mac Allister,14,14,Liverpool,Midfielder,5.4,0.0,-0.1,a,,,,,1.3,3.0,3.0,3.0,4242,7563,45862,97277,5,,
2026-10-07T06:03:53+00:00,373,206915,C.Jones,14,14,Liverpool,Midfielder,5.5,0.0,0.0,u,Has joined Internazionale permanently,2026-08-16T18:30:07.426408Z,0,0,0.0,0.0,0.0,0.0,0,69,34,2656,,,
2026-10-07T06:03:53+00:00,374,158983,Endo,14,14,Liverpool,Midfielder,4.9,0.0,-0.1,a,,2026-07-23T12:01:23.612529Z,100,100,0.1,0.0,0.0,0.0,176,475,2339,4841,,,
2026-10-07T06:03:53+00:00,375,591386,Nyoni,14,14,Liverpool,Midfielder,4.9,0.0,-0.1,a,,,,,0.0,0.5,0.5,0.5,99,328,1356,3073,,,
2026-10-07T06:03:53+00:00,376,535928,Bajcetic,14,14,Liverpool,Midfielder,5.0,0.0,0.0,u,Has joined Celta Vigo permanently,2026-07-23T12:01:23.628373Z,0,0,0.0,0.0,0.0,0.0,0,3,19,107,,,
2026-10-07T06:03:53+00:00,377,551499,Munoz,14,14,Liverpool,Midfielder,6.5,0.0,0.0,a,,,,,0.9,1.0,1.0,1.0,1736,12484,117719,102826,,,
2026-10-07T06:03:53+00:00,378,491501,McConnell,14,14,Liverpool,Midfielder,4.4,0.0,-0.1,a,,,,,0.2,0.0,0.0,0.0,1116,1647,6991,13104,,,
2026-10-07T06:03:53+00:00,379,219168,Isak,14,14,Liverpool,Forward,9.1,0.0,0.1,d,Thigh injury - 75% chance of playing,2026-09-27T10:30:09.051435Z,,75,22.0,5.0,5.0,3.8,121668,115081,1248830,775050,2,,
2026-10-07T06:03:53+00:00,380,510663,Ekitiké,14,14,Liverpool,Forward,7.4,0.0,-0.1,i,Achilles injury - Unknown return date,2026-07-23T12:01:23.643771Z,0,0,0.1,0.0,0.0,0.0,441,921,2713,11384,,,
2026-10-07T06:03:53+00:00,381,514514,Koumas,14,14,Liverpool,Midfielder,5.0,0.0,0.0,a,,,,,0.0,0.5,0.5,0.5,189,206,868,1407,,,
2026-10-07T06:03:53+00:00,382,500058,Danns,14,14,Liverpool,Forward,4.5,0.0,0.0,a,,2026-07-23T12:01:23.659279Z,100,100,0.2,0.0,0.0,0.0,3880,2648,23687,9927,,,
2026-10-07T06:03:53+00:00,383,444884,Elliott,14,14,Liverpool,Midfielder,5.4,0.0,-0.1,u,Has joined Valencia on loan for the rest of the season,2026-09-02T16:05:49.104326Z,0,0,0.0,0.0,0.0,0.0,0,250,907,6170,,,
2026-10-07T06:03:53+00:00,579,445087,Araujo,14,14,Liverpool,Defender,5.4,0.0,-0.1,a,,,,,3.1,6.5,6.5,6.5,19634,11657,151550,161346,,,
2026-10-07T06:03:53+00:00,627,482616,Barcola,14,14,Liverpool,Midfielder,8.0,0.0,0.0,a,,,,,1.9,3.0,3.0,3.0,14332,20977,291794,132223,,,
2026-10-07T06:03:53+00:00,155,448047,Enzo,15,43,Man City,Midfielder,6.9,0.0,-0.1,a,,,,,3.7,4.5,4.5,4.5,34645,17041,176312,323950,,,
2026-10-07T06:03:53+00:00,237,440993,Ndiaye,15,43,Man City,Midfielder,5.8,-0.1,-0.2,a,,,,,6.6,3.0,3.0,3.0,8100,75977,298969,1143980,,,
2026-10-07T06:03:53+00:00,384,204936,Donnarumma,15,43,Man City,Goalkeeper,5.5,0.0,0.0,a,,,,,7.6,4.5,4.5,4.5,11836,34113,208027,320029,,,
2026-10-07T06:03:53+00:00,386,122074,Bettinelli,15,43,Man City,Goalkeeper,4.5,0.0,0.0,a,,,,,0.0,0.0,0.0,0.0,64,93,579,1129,,,
2026-10-07T06:03:53+00:00,387,472769,O'Reilly,15,43,Man City,Defender,6.3,-0.1,-0.2,d,Unspecified injury - 75% chance of playing,2026-10-01T15:30:10.272693Z,100,75,10.7,1.0,1.0,0.8,5437,85154,192781,1221665,,,
2026-10-07T06:03:53+00:00,388,209036,Guéhi,15,43,Man City,Defender,6.0,0.0,0.0,a,,,,,18.1,5.0,5.0,5.0,26512,58591,508432,470567,,,
2026-10-07T06:03:53+00:00,389,465351,Matheus N.,15,43,Man City,Defender,5.9,0.0,-0.1,a,,2026-08-27T11:30:08.171622Z,100,100,1.0,5.0,5.0,5.0,1891,3304,15046,74445,4,,
2026-10-07T06:03:53+00:00,390,171314,Rúben,15,43,Man City,Defender,5.5,0.0,0.0,a,,,,,1.9,3.5,3.5,3.5,5253,10006,67841,74808,,,
2026-10-07T06:03:53+00:00,391,477424,Gvardiol,15,43,Man City,Defender,5.7,0.0,0.2,a,,,,,26.9,7.5,7.5,7.5,165819,66379,1847851,426595,,,
2026-10-07T06:03:53+00:00,392,448514,Aït-Nouri,15,43,Man City,Defender,5.2,-0.1,-0.3,a,,,,,0.4,0.0,0.0,0.0,579,2379,7931,61788,,,
2026-10-07T06:03:53+00:00,393,578153,Khusanov,15,43,Man City,Defender,5.4,0.0,-0.1,a,,,,,1.4,0.0,0.0,0.0,1574,9680,27010,81326,,,
2026-10-07T06:03:53+00:00,394,494307,Alleyne,15,43,Man City,Defender,5.0,0.0,0.0,u,Has joined Burnley on loan for the rest of the season,2026-08-18T14:11:56.324656Z,0,0,0.0,0.0,0.0,0.0,0,20,0,618,,,
2026-10-07T06:03:53+00:00,395,477064,Lewis,15,43,Man City,Defender,4.4,0.0,-0.1,a,,,,,0.2,0.0,0.0,0.0,356,1312,8312,16378,,,
2026-10-07T06:03:53+00:00,396,616222,Vitor Reis,15,43,Man City,Defender,4.5,0.0,0.0,a,,,,,0.0,0.0,0.0,0.0,80,166,560,1189,,,
2026-10-07T06:03:53+00:00,397,437730,Semenyo,15,43,Man City,Midfielder,8.4,0.0,-0.1,d,Ankle injury - 75% chance of playing,2026-09-24T12:00:09.848000Z,,75,15.1,10.0,10.0,7.5,129961,93153,320864,1235853,2,,
2026-10-07T06:03:53+00:00,398,209244,Foden,15,43,Man City,Midfielder,6.9,0.0,-0.1,s,Suspended until 17 Oct,2026-09-13T17:00:09.433455Z,0,0,1.8,-1.0,0.0,0.0,237,31364,303483,569086,,,
2026-10-07T06:03:53+00:00,399,466052,Cherki,15,43,Man City,Midfielder,7.8,0.0,0.3,a,,,,,28.4,4.5,4.5,4.5,144003,104944,2691164,971889,,,
2026-10-07T06:03:53+00:00,400,248875,Doku,15,43,Man City,Midfielder,7.4,0.0,-0.1,a,,2026-08-18T17:00:08.385597Z,75,100,0.7,0.5,0.4,0.5,5342,2381,6809,128467,3,,
2026-10-07T06:03:53+00:00,402,220566,Rodrigo,15,43,Man City,Midfielder,6.5,0.0,0.0,u,Has joined Barcelona permanently,2026-07-23T12:01:23.675537Z,0,0,0.0,0.0,0.0,0.0,0,28,0,1232,,,
2026-10-07T06:03:53+00:00,404,433036,Reijnders,15,43,Man City,Midfielder,6.0,0.0,0.0,u,Has joined Al Qadsiah permanently,2026-08-20T14:02:58.154273Z,0,0,0.0,0.0,0.0,0.0,0,110,0,8195,,,
2026-10-07T06:03:53+00:00,406,91651,Kovačić,15,43,Man City,Midfielder,5.3,-0.1,-0.2,a,,,,,0.1,0.0,0.0,0.0,129,503,2271,6332,,,
2026-10-07T06:03:53+00:00,407,575204,Echeverri,15,43,Man City,Midfielder,4.9,0.0,-0.1,u,Has joined Benfica on loan for the rest of the season,2026-09-03T15:41:24.710479Z,0,0,0.0,0.0,0.0,0.0,0,59,250,1348,,,
2026-10-07T06:03:53+00:00,408,155405,Phillips,15,43,Man City,Midfielder,5.0,0.0,0.0,u,Has joined Sheffield United on loan for the rest of the season,2026-08-18T14:11:56.348781Z,0,0,0.0,0.0,0.0,0.0,0,16,0,575,,,
2026-10-07T06:03:53+00:00,409,590039,Mukasa,15,43,Man City,Midfielder,4.5,0.0,0.0,u,has joined West Ham on loan for the rest of the seaon.,2026-09-03T10:34:10.733520Z,0,0,0.1,0.0,0.0,0.0,0,673,1621,12240,,,
2026-10-07T06:03:53+00:00,410,649208,Monga,15,43,Man City,Midfielder,4.9,0.0,-0.1,u,Has joined Swansea City on loan for the rest of the season,2026-09-02T16:02:01.136760Z,0,0,0.0,0.0,0.0,0.0,0,59,219,1279,,,
2026-10-07T06:03:53+00:00,411,223094,Haaland,15,43,Man City,Forward,15.6,0.0,0.1,a,,,,,73.9,7.5,7.5,7.5,89871,26591,935148,328249,1,,
2026-10-07T06:03:53+00:00,481,215379,Anderson,15,43,Man City,Midfielder,6.3,0.0,-0.2,a,,2026-08-23T17:00:07.952697Z,100,100,4.0,3.5,3.5,3.5,8988,30915,106427,448755,,,
2026-10-07T06:03:53+00:00,587,106921,Rulli,15,43,Man City,Goalkeeper,5.0,0.0,0.0,a,,,,,0.0,0.0,0.0,0.0,86,109,618,1120,,,
2026-10-07T06:03:53+00:00,616,637238,Bouaddi,15,43,Man City,Midfielder,5.5,0.0,0.0,a,,,,,0.2,0.0,0.0,0.0,898,2233,21097,13672,,,
2026-10-07T06:03:53+00:00,621,616288,McAidoo,15,43,Man City,Midfielder,4.5,0.0,0.0,a,,,,,0.1,0.0,0.0,0.0,216,1161,11385,7184,,,
2026-10-07T06:03:53+00:00,622,554054,Braithwaite,15,43,Man City,Defender,4.0,0.0,0.0,a,,,,,0.2,0.0,0.0,0.0,628,1735,16835,9286,,,
2026-10-07T06:03:53+00:00,628,624777,Allan,15,43,Man City,Midfielder,6.0,0.0,0.0,a,,,,,0.0,0.0,0.0,0.0,243,180,1206,701,,,
2026-10-07T06:03:53+00:00,653,595480,Samba,15,43,Man City,Midfielder,4.5,0.0,0.0,a,,,,,0.0,0.0,0.0,0.0,272,519,3921,2202,,,
2026-10-07T06:03:53+00:00,43,166989,Tielemans,16,1,Man Utd,Midfielder,5.8,0.0,-0.2,a,,2026-07-23T12:01:23.321726Z,100,100,1.5,3.0,3.0,3.0,3545,11626,44992,162250,3,,
2026-10-07T06:03:53+00:00,131,535301,Baleba,16,1,Man Utd,Midfielder,4.9,0.0,-0.1,a,,2026-08-06T16:00:10.997714Z,50,100,0.1,0.0,0.0,0.0,1617,829,7056,14470,,,
2026-10-07T06:03:53+00:00,162,532605,Andrey Santos,16,1,Man Utd,Midfielder,4.8,0.0,-0.2,a,,,,,0.6,0.0,0.0,0.0,1109,5462,22306,74081,,,
2026-10-07T06:03:53+00:00,325,59735,Darlow,16,1,Man Utd,Goalkeeper,4.5,0.0,0.0,d,Unspecified injury - 75% chance of playing,2026-09-21T13:30:08.885505Z,100,75,0.0,0.0,0.0,0.0,65,244,1072,1625,,,
2026-10-07T06:03:53+00:00,412,465247,Lammens,16,1,Man Utd,Goalkeeper,4.9,0.0,-0.1,a,,,,,9.8,3.0,3.0,3.0,7863,54843,100071,693274,,,
2026-10-07T06:03:53+00:00,413,451302,Bayindir,16,1,Man Utd,Goalkeeper,4.5,0.0,0.0,u,Has joined Celta Vigo on loan for the rest of the season,2026-08-10T14:02:28.608415Z,0,0,0.0,0.0,0.0,0.0,0,45,0,1155,,,
2026-10-07T06:03:53+00:00,414,21205,Heaton,16,1,Man Utd,Goalkeeper,4.0,0.0,0.0,i,Hamstring injury - Unknown return date,2026-08-15T16:00:07.854151Z,0,0,0.1,0.0,0.0,0.0,235,313,2153,3600,,,
2026-10-07T06:03:53+00:00,415,596777,Dorgu,16,1,Man Utd,Midfielder,5.8,0.0,-0.2,d,Hamstring injury - 75% chance of playing,2026-09-27T21:30:07.831640Z,,75,0.5,4.0,4.0,3.0,1038,4957,14008,98494,,,
2026-10-07T06:03:53+00:00,416,209365,De Ligt,16,1,Man Utd,Defender,4.9,-0.1,-0.1,i,Back injury - Unknown return date,2026-07-23T12:01:23.690880Z,0,0,0.0,0.0,0.0,0.0,94,147,473,1570,,,
2026-10-07T06:03:53+00:00,417,216051,Dalot,16,1,Man Utd,Defender,4.9,0.0,-0.1,a,,,,,1.6,2.0,2.0,2.0,1578,8400,26357,136895,,,
2026-10-07T06:03:53+00:00,418,95658,Maguire,16,1,Man Utd,Defender,4.8,-0.1,-0.2,a,,,,,8.6,1.5,1.5,1.5,5339,81749,139297,1011440,,,
2026-10-07T06:03:53+00:00,419,221820,Martinez,16,1,Man Utd,Defender,4.9,-0.1,-0.1,a,,2026-07-24T20:00:10.337107Z,100,100,1.3,1.0,1.0,1.0,4088,7002,37014,67855,,,
2026-10-07T06:03:53+00:00,420,550864,Yoro,16,1,Man Utd,Defender,4.8,-0.1,-0.2,a,,,,,0.5,0.0,0.0,0.0,531,2354,5313,36196,,,
2026-10-07T06:03:53+00:00,421,606745,Heaven,16,1,Man Utd,Defender,4.3,-0.1,-0.2,a,,,,,0.3,0.0,0.0,0.0,285,1636,6055,24222,,,
2026-10-07T06:03:53+00:00,422,230001,Mazraoui,16,1,Man Utd,Defender,4.4,0.0,-0.1,d,Back injury - 75% chance of playing,2026-10-04T21:30:08.533022Z,,75,0.5,0.0,0.0,0.0,613,3283,14397,41370,,,
2026-10-07T06:03:53+00:00,423,106760,Shaw,16,1,Man Utd,Defender,4.3,-0.1,-0.2,a,,2026-09-11T13:00:09.030120Z,50,100,7.6,1.0,0.5,1.0,4650,83604,102134,1315533,,,
2026-10-07T06:03:53+00:00,424,577974,Amass,16,1,Man Utd,Defender,4.0,0.0,0.0,a,,,,,0.2,0.0,0.0,0.0,457,861,6359,8891,,,
2026-10-07T06:03:53+00:00,425,547676,Fredricson,16,1,Man Utd,Defender,4.0,0.0,0.0,u,Has joined Lausanne-Sport permanently,2026-08-18T14:12:31.904433Z,0,0,0.0,0.0,0.0,0.0,0,55,0,1323,,,
2026-10-07T06:03:53+00:00,426,141746,B.Fernandes,16,1,Man Utd,Midfielder,11.9,-0.1,-0.1,a,,,,,38.4,2.0,2.0,2.0,54866,216546,666466,1869496,1,,
2026-10-07T06:03:53+00:00,427,446008,Mbeumo,16,1,Man Utd,Midfielder,7.9,0.0,-0.1,a,,,,,20.5,2.0,2.0,2.0,46360,146297,473339,2032796,2,,
2026-10-07T06:03:53+00:00,428,430871,Cunha,16,1,Man Utd,Midfielder,7.9,0.0,-0.1,a,,,,,5.8,6.0,6.0,6.0,27026,24581,100772,512612,,,
2026-10-07T06:03:53+00:00,429,176297,Rashford,16,1,Man Utd,Midfielder,7.0,0.0,0.0,d,Unspecified injury - 75% chance of playing,2026-09-21T10:30:09.221479Z,,75,1.4,2.0,2.0,1.5,4360,19982,85389,131063,,,
2026-10-07T06:03:53+00:00,430,184341,Mount,16,1,Man Utd,Midfielder,5.4,0.0,-0.1,a,,2026-08-15T16:00:07.879135Z,100,100,0.0,0.5,0.5,0.5,206,211,934,1987,,,
2026-10-07T06:03:53+00:00,431,493250,Amad,16,1,Man Utd,Midfielder,5.7,0.0,-0.3,i,Unspecified injury - Unknown return date,2026-08-22T11:00:08.617283Z,0,0,0.3,0.0,0.0,0.0,150,2082,2192,123803,,,
2026-10-07T06:03:53+00:00,432,516895,Mainoo,16,1,Man Utd,Midfielder,5.5,0.0,0.0,d,Unspecified injury - 75% chance of playing,2026-09-21T13:00:09.169862Z,,75,1.5,4.0,4.0,3.0,8156,17374,95250,69651,,,
2026-10-07T06:03:53+00:00,433,232112,Ugarte,16,1,Man Utd,Midfielder,5.0,0.0,0.0,i,Knee injury - Unknown return date,2026-07-23T12:01:23.706702Z,0,0,0.0,0.0,0.0,0.0,25,26,121,266,,,
2026-10-07T06:03:53+00:00,434,547037,J.Fletcher,16,1,Man Utd,Midfielder,4.9,0.0,-0.1,a,,,,,0.0,0.0,0.0,0.0,49,60,329,708,,,
2026-10-07T06:03:53+00:00,435,576628,Lacey,16,1,Man Utd,Midfielder,4.9,0.0,-0.1,a,,,,,0.1,0.0,0.0,0.0,403,389,1756,3354,,,
2026-10-07T06:03:53+00:00,436,490881,Collyer,16,1,Man Utd,Midfielder,5.0,0.0,0.0,u,Has joined West Brom permanently,2026-09-01T13:16:48.584385Z,0,0,0.0,0.0,0.0,0.0,0,50,150,1057,,,
2026-10-07T06:03:53+00:00,437,576620,Bendito Mantato,16,1,Man Utd,Midfielder,4.4,-0.1,-0.1,a,,,,,0.2,0.0,0.0,0.0,523,978,5187,9759,,,
2026-10-07T06:03:53+00:00,438,519913,Fletcher,16,1,Man Utd,Midfielder,4.4,0.0,-0.1,a,,,,,0.3,0.0,0.0,0.0,2694,2320,10763,17089,,,
2026-10-07T06:03:53+00:00,439,485711,Šeško,16,1,Man Utd,Forward,7.0,0.0,0.0,d,Shin injury - 75% chance of playing,2026-09-20T19:30:08.505755Z,100,75,1.6,0.5,0.5,0.4,6806,26554,104245,136227,,,
2026-10-07T06:03:53+00:00,440,458249,Zirkzee,16,1,Man Utd,Forward,5.3,-0.1,-0.2,a,,,,,0.4,1.0,1.0,1.0,2230,3405,16110,43958,,,
2026-10-07T06:03:53+00:00,441,596047,Obi,16,1,Man Utd,Forward,4.5,0.0,0.0,u,Has joined Willem II on loan for the rest of the season,2026-09-14T16:12:42.090874Z,0,0,0.9,0.0,0.0,0.0,0,12188,45543,75130,,,
2026-10-07T06:03:53+00:00,405,465694,N.Gonzalez,17,4,Newcastle,Midfielder,5.5,0.0,0.0,a,,2026-09-14T21:30:07.343728Z,0,100,0.2,0.5,0.0,0.5,734,1935,18197,17104,,,
2026-10-07T06:03:53+00:00,442,98747,Pope,17,4,Newcastle,Goalkeeper,4.9,0.0,-0.1,a,,,,,0.9,0.0,0.0,0.0,966,3444,13459,54167,,,
2026-10-07T06:03:53+00:00,443,81441,Gillespie,17,4,Newcastle,Goalkeeper,4.5,0.0,0.0,a,,,,,0.0,0.0,0.0,0.0,48,94,773,1214,,,
2026-10-07T06:03:53+00:00,444,554578,Jaouen,17,4,Newcastle,Goalkeeper,4.4,-0.1,-0.1,i,Hamstring injury - Unknown return date,2026-09-10T16:00:09.127466Z,50,0,0.0,0.0,0.0,0.0,21,139,454,1544,,,
2026-10-07T06:03:53+00:00,445,465642,Thiaw,17,4,Newcastle,Defender,5.0,0.0,0.0,a,,,,,2.2,3.0,3.0,3.0,10583,11689,179884,124700,,,
2026-10-07T06:03:53+00:00,446,119471,Schär,17,4,Newcastle,Defender,4.9,0.0,-0.1,a,,2026-08-15T16:30:07.209742Z,100,100,0.2,0.5,0.5,0.5,658,998,7169,13944,,,
2026-10-07T06:03:53+00:00,447,220237,Botman,17,4,Newcastle,Defender,5.0,0.0,0.0,a,,,,,0.7,3.0,3.0,3.0,5646,3538,48320,28832,,,
2026-10-07T06:03:53+00:00,448,78916,Burn,17,4,Newcastle,Defender,4.8,-0.1,-0.2,i,Ankle injury - Expected back 12 Oct,2026-08-23T18:00:08.367241Z,0,0,0.7,0.0,0.0,0.0,129,6463,7344,161371,,,
2026-10-07T06:03:53+00:00,449,487838,Hall,17,4,Newcastle,Defender,5.3,0.1,0.3,a,,,,,17.6,6.5,6.5,6.5,280926,26070,1694428,353903,,,
2026-10-07T06:03:53+00:00,450,441191,Livramento,17,4,Newcastle,Defender,4.9,0.0,-0.1,d,Unspecified injury - 75% chance of playing,2026-09-19T14:00:09.046677Z,100,75,0.1,1.5,1.5,1.1,473,1683,10269,6123,,,
2026-10-07T06:03:53+00:00,451,545477,A.Murphy,17,4,Newcastle,Defender,4.0,0.0,0.0,u,Has joined FC Kaiserslautern on loan for the rest of the season,2026-08-12T14:05:29.224600Z,0,0,0.1,0.0,0.0,0.0,0,326,0,6977,,,
2026-10-07T06:03:53+00:00,453,201666,Barnes,17,4,Newcastle,Midfielder,6.1,0.1,0.1,a,,,,,5.9,5.5,5.5,5.5,186227,30569,657330,162477,,,
2026-10-07T06:03:53+00:00,454,449434,Elanga,17,4,Newcastle,Midfielder,6.1,-0.1,0.1,i,Unspecified injury - Unknown return date,2026-09-14T20:00:09.505598Z,0,0,4.4,0.0,0.0,0.0,358,179772,1286195,1099733,,,
2026-10-07T06:03:53+00:00,456,232653,J.Ramsey,17,4,Newcastle,Midfielder,4.8,-0.1,-0.2,i,Thigh injury - Unknown return date,2026-09-15T09:00:08.191022Z,0,0,0.2,0.0,0.0,0.0,84,5170,16630,31373,,,
2026-10-07T06:03:53+00:00,457,114243,J.Murphy,17,4,Newcastle,Midfielder,5.9,0.0,-0.1,a,,,,,0.1,0.5,0.5,0.5,1075,901,6178,11080,,,
2026-10-07T06:03:53+00:00,458,180974,Joelinton,17,4,Newcastle,Midfielder,5.4,0.0,-0.1,i,Unspecified injury - Unknown return date,2026-08-16T08:00:08.074045Z,0,0,0.0,0.0,0.0,0.0,21,92,232,2254,,,
2026-10-07T06:03:53+00:00,459,547719,L.Miley,17,4,Newcastle,Midfielder,5.5,0.0,0.0,d,Unspecified injury - 75% chance of playing,2026-10-01T15:30:10.335504Z,100,75,0.1,2.0,2.0,1.5,499,636,6363,5643,,,
2026-10-07T06:03:53+00:00,460,200089,Willock,17,4,Newcastle,Midfielder,5.0,0.0,0.0,a,,,,,0.6,5.5,5.5,5.5,10991,3277,65811,31262,,,
2026-10-07T06:03:53+00:00,461,611665,Touré,17,4,Newcastle,Midfielder,5.8,0.0,-0.2,a,,,,,0.1,3.5,3.5,3.5,378,957,3761,16564,,,
2026-10-07T06:03:53+00:00,462,636852,Steur,17,4,Newcastle,Midfielder,4.9,0.0,-0.1,a,,,,,0.1,2.5,2.5,2.5,295,435,2451,6232,,,
2026-10-07T06:03:53+00:00,463,470313,Woltemade,17,4,Newcastle,Forward,5.9,0.0,-0.1,u,Has joined Juventus on loan for the rest of the season,2026-09-02T16:07:16.549304Z,0,0,0.5,0.0,0.0,0.0,0,4067,14520,142502,,,
2026-10-07T06:03:53+00:00,464,216646,Wissa,17,4,Newcastle,Forward,6.2,0.0,0.2,a,,,,,18.7,1.0,1.0,1.0,104741,154875,2300253,741885,2,,
2026-10-07T06:03:53+00:00,465,538207,Osula,17,4,Newcastle,Forward,5.8,-0.1,-0.2,i,Foot injury - Unknown return date,2026-08-25T19:00:08.004915Z,0,0,0.3,0.0,0.0,0.0,141,2696,21464,87001,1,,
2026-10-07T06:03:53+00:00,466,599303,Neave,17,4,Newcastle,Forward,4.5,0.0,0.0,u,Has joined Wolves on loan for the rest of the season,2026-09-04T12:37:43.515176Z,0,0,0.5,0.0,0.0,0.0,0,4256,23805,52878,,,
2026-10-07T06:03:53+00:00,559,632794,Bamba,17,4,Newcastle,Midfielder,4.9,0.0,-0.1,a,,,,,0.1,1.0,1.0,1.0,135,543,2575,7627,,,
2026-10-07T06:03:53+00:00,567,470551,Horníček,17,4,Newcastle,Goalkeeper,5.0,0.0,0.0,a,,,,,1.5,2.0,2.0,2.0,8159,5948,152809,72501,,,
2026-10-07T06:03:53+00:00,593,463726,Dedić,17,4,Newcastle,Defender,4.5,0.0,0.0,i,Unspecified injury - Unknown return date,2026-09-17T14:30:09.823731Z,0,0,1.8,0.0,0.0,0.0,289,41951,447911,312001,,,
2026-10-07T06:03:53+00:00,609,553746,Shahar,17,4,Newcastle,Defender,4.0,0.0,0.0,u,has joined Arouca on loan for the rest of the seaon.,2026-09-11T14:41:57.406766Z,0,0,0.2,0.0,0.0,0.0,0,1976,18236,15874,,,
2026-10-07T06:03:53+00:00,634,613221,Fernandez-Pardo,17,4,Newcastle,Forward,6.0,0.0,0.0,a,,,,,0.1,1.5,1.5,1.5,2438,1589,17509,6489,,,
2026-10-07T06:03:53+00:00,659,665243,Miley,17,4,Newcastle,Midfielder,4.5,0.0,0.0,a,,,,,0.0,0.0,0.0,0.0,1524,691,4962,1293,,,
2026-10-07T06:03:53+00:00,663,578512,Pivas,17,4,Newcastle,Defender,4.0,0.0,0.0,a,,,,,0.0,0.0,1.1,1.1,438,71,438,71,,,
2026-10-07T06:03:53+00:00,664,601767,Salia,17,4,Newcastle,Forward,4.5,0.0,0.0,a,,,,,0.1,0.0,1.0,1.0,10891,1862,10891,1862,,,
2026-10-07T06:03:53+00:00,665,655585,Mills,17,4,Newcastle,Midfielder,4.5,0.0,0.0,a,,,,,0.0,0.0,1.1,1.1,174,34,174,34,,,
2026-10-07T06:03:53+00:00,666,671875,Thompson,17,4,Newcastle,Midfielder,4.5,0.0,0.0,a,,,,,0.0,0.0,1.1,1.1,253,38,253,38,,,
2026-10-07T06:03:53+00:00,167,463034,Delap,18,17,Nott'm Forest,Forward,5.6,0.1,0.1,a,,,,,2.7,3.0,3.0,3.0,26853,32040,314029,85612,3,,
2026-10-07T06:03:53+00:00,201,247348,Muñoz,18,17,Nott'm Forest,Defender,5.4,0.0,-0.1,a,,,,,5.7,2.0,2.0,2.0,8913,33511,159471,487687,,,
2026-10-07T06:03:53+00:00,467,85633,Sels,18,17,Nott'm Forest,Goalkeeper,5.0,0.0,0.0,a,,,,,1.6,2.5,2.5,2.5,2361,7018,68614,63080,,,
2026-10-07T06:03:53+00:00,468,221389,John,18,17,Nott'm Forest,Goalkeeper,4.5,0.0,0.0,a,,,,,0.1,0.0,0.0,0.0,68,167,875,2027,,,
2026-10-07T06:03:53+00:00,469,215136,N.Williams,18,17,Nott'm Forest,Defender,5.0,0.0,0.0,a,,,,,8.7,2.0,2.0,2.0,13013,53165,327499,358423,,,
2026-10-07T06:03:53+00:00,470,485047,Morato,18,17,Nott'm Forest,Defender,5.0,0.0,0.0,u,Has joined West Ham on loan for the rest of the season,2026-09-02T16:19:54.503286Z,0,0,0.0,0.0,0.0,0.0,0,134,424,3714,,,
2026-10-07T06:03:53+00:00,471,227444,Milenković,18,17,Nott'm Forest,Defender,5.4,-0.1,-0.1,i,Hamstring injury - Expected back 11 Oct,2026-09-12T14:00:09.705107Z,0,0,1.0,0.0,0.0,0.0,78,13493,18010,108650,,,
2026-10-07T06:03:53+00:00,472,575476,Murillo,18,17,Nott'm Forest,Defender,5.5,0.0,0.0,a,,2026-07-23T12:01:23.801183Z,100,100,2.1,5.0,5.0,5.0,9937,9345,105434,62606,,,
2026-10-07T06:03:53+00:00,473,159506,Aina,18,17,Nott'm Forest,Defender,4.4,-0.1,-0.1,a,,,,,2.3,1.0,1.0,1.0,1207,22555,69320,172342,,,
2026-10-07T06:03:53+00:00,474,575458,Jair Cunha,18,17,Nott'm Forest,Defender,4.5,0.0,0.0,a,,2026-09-12T14:00:09.724349Z,75,100,0.2,0.5,0.4,0.5,305,716,9811,13242,,,
2026-10-07T06:03:53+00:00,475,500151,Savona,18,17,Nott'm Forest,Defender,4.5,0.0,0.0,i,Knee injury - Unknown return date,2026-07-23T12:01:23.816304Z,0,0,0.0,0.0,0.0,0.0,22,23,242,281,,,
2026-10-07T06:03:53+00:00,476,204822,O.Richards,18,17,Nott'm Forest,Defender,4.0,0.0,0.0,a,,,,,0.2,0.0,0.0,0.0,337,812,4037,8363,,,
2026-10-07T06:03:53+00:00,477,549067,Abbott,18,17,Nott'm Forest,Defender,4.0,0.0,0.0,u,Has joined Southampton on loan for the rest of the season,2026-09-02T16:19:54.536676Z,0,0,0.1,0.0,0.0,0.0,0,923,2459,13996,,,
2026-10-07T06:03:53+00:00,478,470315,Netz,18,17,Nott'm Forest,Defender,4.4,0.0,-0.1,a,,,,,0.0,0.5,0.5,0.5,62,128,692,1599,,,
2026-10-07T06:03:53+00:00,479,538638,Bindon,18,17,Nott'm Forest,Defender,4.0,0.0,0.0,u,Has joined Charlton Athletic on loan for the rest of the season,2026-09-01T13:16:05.383880Z,0,0,0.1,0.0,0.0,0.0,0,594,799,8724,,,
2026-10-07T06:03:53+00:00,480,222531,Gibbs-White,18,17,Nott'm Forest,Midfielder,8.0,0.0,0.0,a,,2026-08-24T15:30:08.350159Z,100,100,15.7,5.0,5.0,5.0,78042,98474,1221724,681168,1,,
2026-10-07T06:03:53+00:00,482,209046,Hudson-Odoi,18,17,Nott'm Forest,Midfielder,5.8,0.0,-0.2,a,,2026-07-23T12:01:23.832709Z,100,100,0.1,0.0,0.0,0.0,314,1252,5325,17652,,,
2026-10-07T06:03:53+00:00,483,456512,Ndoye,18,17,Nott'm Forest,Midfielder,5.5,0.0,0.0,a,,,,,0.7,1.0,1.0,1.0,900,8941,72496,50104,,,
2026-10-07T06:03:53+00:00,484,503301,Hutchinson,18,17,Nott'm Forest,Midfielder,5.4,0.0,-0.1,u,Has joined AC Milan on loan for the rest of the season,2026-09-01T13:23:52.340206Z,0,0,0.1,0.0,0.0,0.0,0,410,427,11038,,,
2026-10-07T06:03:53+00:00,485,476887,Bakwa,18,17,Nott'm Forest,Midfielder,5.5,0.0,0.0,u,Has joined Lille on loan for the rest of the season,2026-08-27T14:53:03.381941Z,0,0,0.0,0.0,0.0,0.0,0,41,107,1183,,,
2026-10-07T06:03:53+00:00,486,432714,McAtee,18,17,Nott'm Forest,Midfielder,5.5,0.0,0.0,a,,,,,0.1,2.5,2.5,2.5,396,999,10041,6045,,,
2026-10-07T06:03:53+00:00,487,250199,Dominguez,18,17,Nott'm Forest,Midfielder,4.9,0.0,-0.1,a,,,,,0.1,0.0,0.0,0.0,68,317,1206,4119,,,
2026-10-07T06:03:53+00:00,488,210462,I.Sangaré,18,17,Nott'm Forest,Midfielder,4.8,-0.1,-0.2,a,,2026-08-28T09:30:07.471668Z,100,100,0.4,1.0,1.0,1.0,360,3490,9259,69069,,,
2026-10-07T06:03:53+00:00,489,204968,Yates,18,17,Nott'm Forest,Midfielder,4.5,0.0,0.0,a,,2026-08-17T20:30:08.195072Z,100,100,1.1,0.0,0.0,0.0,675,8103,30321,94458,,,
2026-10-07T06:03:53+00:00,490,60689,Wood,18,17,Nott'm Forest,Forward,5.8,0.0,-0.2,a,,,,,0.9,1.0,1.0,1.0,2326,7084,24905,116931,2,,
2026-10-07T06:03:53+00:00,491,482973,Igor Jesus,18,17,Nott'm Forest,Forward,5.8,0.0,-0.2,a,,,,,2.6,4.0,4.0,4.0,8733,25740,127733,273085,4,,
2026-10-07T06:03:53+00:00,493,465680,Kalimuendo,18,17,Nott'm Forest,Forward,5.4,0.0,-0.1,a,,,,,0.1,0.0,0.0,0.0,255,457,3065,4157,,,
2026-10-07T06:03:53+00:00,558,204561,Schlager,18,17,Nott'm Forest,Midfielder,5.0,0.0,0.0,a,,,,,0.1,2.5,2.5,2.5,244,876,5924,5893,,,
2026-10-07T06:03:53+00:00,581,568420,Diomande,18,17,Nott'm Forest,Defender,5.4,0.0,-0.1,a,,,,,0.5,3.0,3.0,3.0,1719,2484,13841,41949,,,
2026-10-07T06:03:53+00:00,590,428971,Benda,18,17,Nott'm Forest,Goalkeeper,4.5,0.0,0.0,a,,,,,0.1,0.0,0.0,0.0,140,255,2680,2856,,,
2026-10-07T06:03:53+00:00,112,469142,Van Hecke,19,6,Spurs,Defender,4.9,0.0,-0.1,d,Foot injury - 75% chance of playing,2026-09-30T16:00:09.552205Z,,75,6.4,7.0,7.0,5.2,19973,41708,156142,487103,,,
2026-10-07T06:03:53+00:00,147,109646,Tosin,19,6,Spurs,Defender,4.4,0.0,-0.1,a,,,,,0.1,0.5,0.5,0.5,117,611,2009,7963,,,
2026-10-07T06:03:53+00:00,401,438234,Marmoush,19,6,Spurs,Forward,7.0,0.0,0.0,a,,,,,2.1,2.0,2.0,2.0,14321,24171,236800,165304,2,,
2026-10-07T06:03:53+00:00,403,510281,Sávio,19,6,Spurs,Midfielder,6.5,0.0,0.0,a,,2026-08-29T16:30:08.380416Z,100,100,0.6,2.5,2.5,2.5,3467,7935,100379,80698,,,
2026-10-07T06:03:53+00:00,455,432422,Tonali,19,6,Spurs,Midfielder,5.3,-0.1,-0.2,a,,2026-09-14T14:30:07.387706Z,100,100,1.8,2.5,2.5,2.5,2647,16644,48236,271251,,,
2026-10-07T06:03:53+00:00,494,184254,Vicario,19,6,Spurs,Goalkeeper,4.5,0.0,0.0,u,Has joined Juventus on loan for the rest of the season,2026-08-19T13:55:33.193962Z,0,0,0.1,0.0,0.0,0.0,0,781,0,22164,,,
2026-10-07T06:03:53+00:00,495,214572,Austin,19,6,Spurs,Goalkeeper,4.0,0.0,0.0,a,,,,,1.0,0.0,0.0,0.0,2181,2405,29832,22090,,,
2026-10-07T06:03:53+00:00,496,485055,Kinsky,19,6,Spurs,Goalkeeper,4.5,0.0,0.0,a,,,,,17.1,4.5,4.5,4.5,22082,125776,351236,808003,,,
2026-10-07T06:03:53+00:00,497,67089,Dubravka,19,6,Spurs,Goalkeeper,4.0,0.0,0.0,a,,,,,17.1,0.0,0.0,0.0,32207,55140,402846,447790,,,
2026-10-07T06:03:53+00:00,498,221466,Senesi,19,6,Spurs,Defender,5.8,0.0,-0.2,a,,,,,3.5,0.0,0.0,0.0,1364,23565,29508,460028,,,
2026-10-07T06:03:53+00:00,499,441164,Pedro Porro,19,6,Spurs,Defender,5.4,0.0,-0.1,d,Hamstring injury - 75% chance of playing,2026-09-19T12:00:08.823872Z,100,75,7.5,0.5,0.5,0.4,1800,83893,124574,1001641,,,
2026-10-07T06:03:53+00:00,500,221632,Romero,19,6,Spurs,Defender,5.0,0.0,0.0,u,Has joined Atletico Madrid permanently,2026-08-17T13:49:05.465401Z,0,0,0.1,0.0,0.0,0.0,0,318,0,16832,,,
2026-10-07T06:03:53+00:00,502,122798,Robertson,19,6,Spurs,Defender,4.4,0.0,-0.1,a,,,,,2.5,5.5,5.5,5.5,6877,15035,68549,185711,,,
2026-10-07T06:03:53+00:00,503,491279,Van de Ven,19,6,Spurs,Defender,5.0,0.0,0.0,a,,2026-08-21T15:00:07.610517Z,100,100,3.8,3.5,3.5,3.5,7168,22230,95624,269471,,,
2026-10-07T06:03:53+00:00,505,232859,Spence,19,6,Spurs,Defender,4.5,0.0,0.0,u,Has joined Internazionale permanently,2026-08-18T14:13:08.454214Z,0,0,0.2,0.0,0.0,0.0,0,1316,0,69402,,,
2026-10-07T06:03:53+00:00,506,487053,Udogie,19,6,Spurs,Defender,4.4,0.0,-0.1,a,,2026-09-11T18:00:09.092110Z,100,100,0.3,0.0,0.0,0.0,380,1783,5619,22613,,,
2026-10-07T06:03:53+00:00,507,548308,Phillips,19,6,Spurs,Defender,4.5,0.0,0.0,u,Has joined Middlesbrough permanently,2026-08-18T14:13:08.474144Z,0,0,0.0,0.0,0.0,0.0,0,59,0,1274,,,
2026-10-07T06:03:53+00:00,508,115556,Davies,19,6,Spurs,Defender,3.9,-0.1,-0.1,a,,,,,0.9,0.0,0.0,0.0,8391,4502,20187,41945,,,
2026-10-07T06:03:53+00:00,509,640419,Byfield,19,6,Spurs,Defender,4.0,0.0,0.0,a,,,,,0.1,0.0,0.0,0.0,135,267,2350,2611,,,
2026-10-07T06:03:53+00:00,510,499716,Rowswell,19,6,Spurs,Defender,4.0,0.0,0.0,a,,,,,0.1,0.0,0.0,0.0,178,378,2907,3506,,,
2026-10-07T06:03:53+00:00,511,616221,Souza,19,6,Spurs,Defender,4.0,0.0,0.0,u,Has joined FC Porto on loan for the rest of the season,2026-09-01T13:24:26.858636Z,0,0,0.2,0.0,0.0,0.0,0,983,2555,16969,,,
2026-10-07T06:03:53+00:00,512,460842,Kudus,19,6,Spurs,Midfielder,6.5,0.0,0.0,a,,2026-07-23T12:01:23.848657Z,100,100,0.2,2.5,2.5,2.5,2694,1336,13488,11291,3,,
2026-10-07T06:03:53+00:00,513,493362,Xavi,19,6,Spurs,Midfielder,5.9,0.0,-0.1,i,Knee injury - Unknown return date,2026-07-23T12:01:23.864304Z,0,0,0.0,0.0,0.0,0.0,60,86,352,1127,4,,
2026-10-07T06:03:53+00:00,514,511499,Tel,19,6,Spurs,Midfielder,5.7,-0.1,-0.3,a,,,,,0.2,0.5,0.5,0.5,227,2168,9159,46985,,,
2026-10-07T06:03:53+00:00,515,172780,Maddison,19,6,Spurs,Midfielder,6.3,0.0,-0.2,a,,2026-08-25T14:30:07.623508Z,100,100,0.4,1.0,1.0,1.0,879,2175,5928,96428,,,
2026-10-07T06:03:53+00:00,516,202993,Bentancur,19,6,Spurs,Midfielder,5.5,0.0,0.0,a,,,,,0.2,3.5,3.5,3.5,464,891,5228,8548,,,
2026-10-07T06:03:53+00:00,517,550839,Odobert,19,6,Spurs,Midfielder,5.5,0.0,0.0,i,Knee injury - Unknown return date,2026-07-23T12:01:23.879434Z,0,0,0.0,0.0,0.0,0.0,33,15,135,110,,,
2026-10-07T06:03:53+00:00,518,482442,P.M.Sarr,19,6,Spurs,Midfielder,4.9,0.0,-0.1,u,Has joined Juventus on loan for the rest of the season,2026-09-02T16:02:43.386849Z,0,0,0.1,0.0,0.0,0.0,0,749,4138,23816,,,
2026-10-07T06:03:53+00:00,519,232787,Gallagher,19,6,Spurs,Midfielder,5.3,0.0,-0.2,a,,,,,0.2,3.0,3.0,3.0,890,758,4746,17146,,,
2026-10-07T06:03:53+00:00,520,570526,Bergvall,19,6,Spurs,Midfielder,5.3,-0.1,-0.2,a,,,,,0.1,1.0,1.0,1.0,119,687,1899,9620,,,
2026-10-07T06:03:53+00:00,521,445044,Kulusevski,19,6,Spurs,Midfielder,6.5,0.0,0.0,i,Knee injury - Unknown return date,2026-07-23T12:01:23.895175Z,0,0,0.0,0.0,0.0,0.0,114,83,420,748,,,
2026-10-07T06:03:53+00:00,522,547701,Gray,19,6,Spurs,Midfielder,4.9,0.0,-0.1,a,,,,,0.2,2.5,2.5,2.5,518,1345,6895,13516,,,
2026-10-07T06:03:53+00:00,523,499721,Moore,19,6,Spurs,Midfielder,5.0,0.0,0.0,u,Has joined FC Köln on loan for the rest of the season,2026-09-04T12:39:48.098158Z,0,0,0.1,0.0,0.0,0.0,0,597,3258,17082,,,
2026-10-07T06:03:53+00:00,524,499726,Olusesi,19,6,Spurs,Midfielder,4.4,0.0,-0.1,a,,,,,1.0,0.0,0.0,0.0,6277,8165,55893,50010,,,
2026-10-07T06:03:53+00:00,525,551226,Fernandes,19,6,Spurs,Midfielder,5.7,-0.1,-0.3,a,,,,,0.8,2.0,2.0,2.0,540,7375,14521,125462,,,
2026-10-07T06:03:53+00:00,526,154566,Solanke,19,6,Spurs,Forward,5.8,0.0,-0.2,a,,,,,0.8,2.0,2.0,2.0,2326,6351,29873,95402,1,,
2026-10-07T06:03:53+00:00,527,212319,Richarlison,19,6,Spurs,Forward,5.9,0.0,-0.1,u,not included in squad.,2026-09-04T12:32:39.183614Z,0,0,0.6,0.0,0.0,0.0,0,6429,21439,268912,,,
2026-10-07T06:03:53+00:00,528,490145,Scarlett,19,6,Spurs,Forward,4.5,0.0,0.0,u,Has joined Leyton Orient permanently,2026-09-02T16:02:43.413625Z,0,0,1.1,0.0,0.0,0.0,0,8824,42525,110391,,,
2026-10-07T06:03:53+00:00,578,465920,Mudryk,19,6,Spurs,Midfielder,5.3,-0.1,-0.2,i,Ankle injury - Unknown return date,2026-09-11T18:00:09.154412Z,0,0,0.0,0.0,0.0,0.0,25,605,5445,7653,,,
2026-10-07T06:03:53+00:00,601,611917,Williams-Barnett,19,6,Spurs,Midfielder,4.5,0.0,0.0,a,,,,,0.1,0.0,0.0,0.0,182,811,10264,7094,,,
2026-10-07T06:03:53+00:00,501,135720,Danso,20,56,Sunderland,Defender,5.0,0.0,0.0,a,,,,,0.2,0.5,0.5,0.5,1300,916,6725,9953,,,
2026-10-07T06:03:53+00:00,529,498016,Roefs,20,56,Sunderland,Goalkeeper,4.9,0.0,-0.1,a,,,,,2.4,1.0,1.0,1.0,2300,13218,22149,179343,,,
2026-10-07T06:03:53+00:00,530,232571,Patterson,20,56,Sunderland,Goalkeeper,4.0,0.0,0.0,u,Has joined Wrexham permanently,2026-08-12T14:08:03.064533Z,0,0,0.1,0.0,0.0,0.0,0,397,0,6049,,,
2026-10-07T06:03:53+00:00,531,515046,Ellborg,20,56,Sunderland,Goalkeeper,4.4,-0.1,-0.1,a,,,,,0.1,0.0,0.0,0.0,156,291,1195,3372,,,
2026-10-07T06:03:53+00:00,532,223827,Ballard,20,56,Sunderland,Defender,4.9,0.0,-0.1,d,Hamstring injury - 75% chance of playing,2026-09-25T21:30:10.370384Z,,75,2.5,1.0,1.0,0.8,3684,21208,45583,321776,,,
2026-10-07T06:03:53+00:00,533,200834,Mukiele,20,56,Sunderland,Defender,5.4,0.0,-0.1,a,,2026-08-09T08:30:05.954750Z,100,100,1.9,0.0,0.0,0.0,5799,9897,45130,131002,,,
2026-10-07T06:03:53+00:00,534,487676,Hume,20,56,Sunderland,Defender,4.3,-0.1,-0.2,a,,,,,2.8,0.5,0.5,0.5,1364,33319,37990,400994,,,
2026-10-07T06:03:53+00:00,535,201895,Alderete,20,56,Sunderland,Defender,4.8,-0.1,-0.2,a,,2026-08-09T08:30:05.962393Z,100,100,0.2,0.0,0.0,0.0,249,1191,5003,27467,,,
2026-10-07T06:03:53+00:00,536,434399,Reinildo,20,56,Sunderland,Defender,4.4,-0.1,-0.1,a,,2026-09-12T21:30:09.421687Z,0,100,0.3,-1.0,0.0,-1.0,255,1687,4118,24487,,,
2026-10-07T06:03:53+00:00,537,519634,Seelt,20,56,Sunderland,Defender,4.5,0.0,0.0,u,Has joined Swansea City on loan for the rest of the season,2026-08-29T00:34:52.425076Z,0,0,0.0,0.0,0.0,0.0,0,25,61,667,,,
2026-10-07T06:03:53+00:00,538,477547,Hjelde,20,56,Sunderland,Defender,4.0,0.0,0.0,u,Has joined KV Mechelen on loan for the rest of the season,2026-08-12T14:08:03.081789Z,0,0,0.0,0.0,0.0,0.0,0,172,0,2543,,,
2026-10-07T06:03:53+00:00,539,167512,O'Nien,20,56,Sunderland,Defender,3.9,-0.1,-0.1,a,,,,,2.5,0.0,0.0,0.0,19693,13363,34436,123263,,,
2026-10-07T06:03:53+00:00,540,105717,Masuaku,20,56,Sunderland,Defender,4.0,0.0,0.0,u,Has joined Konyaspor permanently,2026-08-12T14:08:03.097784Z,0,0,0.1,0.0,0.0,0.0,0,703,0,11636,,,
2026-10-07T06:03:53+00:00,541,93605,Meunier,20,56,Sunderland,Defender,4.5,0.0,0.0,a,,2026-08-16T08:30:07.830062Z,100,100,0.3,2.5,2.5,2.5,1909,1048,7310,9800,,,
2026-10-07T06:03:53+00:00,542,484420,E.Le Fée,20,56,Sunderland,Midfielder,5.7,-0.1,-0.3,a,,,,,3.3,2.5,2.5,2.5,13192,27609,46764,654184,2,,
2026-10-07T06:03:53+00:00,543,547027,Diarra,20,56,Sunderland,Midfielder,5.3,-0.1,-0.2,i,Hamstring injury - Unknown return date,2026-08-30T16:30:08.428960Z,0,0,0.0,0.0,0.0,0.0,21,262,559,5945,1,,
2026-10-07T06:03:53+00:00,544,84450,Xhaka,20,56,Sunderland,Midfielder,5.5,0.0,0.0,a,,,,,3.6,1.5,1.5,1.5,7036,25736,131568,210825,,,
2026-10-07T06:03:53+00:00,545,577669,Sadiki,20,56,Sunderland,Midfielder,4.9,0.0,-0.1,a,,,,,0.2,2.0,2.0,2.0,449,1525,5762,18550,,,
2026-10-07T06:03:53+00:00,546,535818,Adingra,20,56,Sunderland,Midfielder,4.9,0.0,-0.1,u,Has joined Ajax on loan for the rest of the season,2026-08-20T14:00:08.416985Z,0,0,0.0,0.0,0.0,0.0,0,206,240,7434,,,
2026-10-07T06:03:53+00:00,547,461199,Mundle,20,56,Sunderland,Midfielder,4.9,0.0,-0.1,i,Knee injury - Unknown return date,2026-09-09T14:00:08.462705Z,0,0,0.0,0.0,0.0,0.0,11,60,202,678,,,
2026-10-07T06:03:53+00:00,548,554197,Rigg,20,56,Sunderland,Midfielder,4.9,0.0,-0.1,a,,,,,0.0,0.0,0.0,0.0,40,259,477,2879,,,
2026-10-07T06:03:53+00:00,549,549912,Talbi,20,56,Sunderland,Midfielder,5.3,0.0,-0.2,a,,,,,0.1,0.0,0.0,0.0,124,620,1357,11840,,,
2026-10-07T06:03:53+00:00,550,699989,Jocelin.T,20,56,Sunderland,Midfielder,5.0,0.0,0.0,a,,,,,0.0,0.0,0.0,0.0,47,48,321,429,,,
2026-10-07T06:03:53+00:00,551,536661,N.Angulo,20,56,Sunderland,Midfielder,5.0,0.0,0.0,a,,,,,0.1,3.0,3.0,3.0,587,864,12866,10652,,,
2026-10-07T06:03:53+00:00,552,441264,Brobbey,20,56,Sunderland,Forward,5.7,-0.1,-0.3,d,Hamstring injury - 75% chance of playing,2026-09-24T21:30:10.382142Z,,75,6.9,9.0,9.0,6.8,199706,57814,291164,943986,,,
2026-10-07T06:03:53+00:00,553,437505,Isidor,20,56,Sunderland,Forward,5.5,0.0,0.0,a,,,,,1.3,1.0,1.0,1.0,4139,12609,96441,87763,,,
2026-10-07T06:03:53+00:00,612,638411,Methalie,20,56,Sunderland,Defender,4.5,0.0,0.0,a,,2026-08-28T13:00:08.950445Z,100,100,0.0,-0.5,-0.5,-0.5,134,78,923,504,,,
2026-10-07T06:03:53+00:00,613,696104,Ahoka,20,56,Sunderland,Midfielder,4.5,0.0,0.0,a,,,,,0.2,0.0,0.0,0.0,644,1723,25439,14421,,,
2026-10-07T06:03:53+00:00,646,549940,Fofana,20,56,Sunderland,Midfielder,5.5,0.0,0.0,a,,,,,0.0,1.0,1.0,1.0,362,324,4098,1752,,,
2026-10-07T06:03:53+00:00,651,661313,J.Angulo,20,56,Sunderland,Forward,4.5,0.0,0.0,a,,,,,0.7,0.0,0.0,0.0,9883,7894,91751,30909,,,
