observed_at,player_id,player_code,web_name,team_id,team_code,team_name,position,price,price_change_gameweek,price_change_season,status,news,news_added,chance_of_playing_this_round,chance_of_playing_next_round,selected_by_percent,form,expected_points_this_gameweek,expected_points_next_gameweek,transfers_in_event,transfers_out_event,transfers_in_season,transfers_out_season,penalties_order,direct_free_kicks_order,corners_and_indirect_free_kicks_order
2026-09-22T05:00:18+00:00,1,154561,Raya,1,3,Arsenal,Goalkeeper,6.1,0.1,0.1,a,,,,,42.2,6.0,6.0,6.0,97324,29623,937723,622027,,,
2026-09-22T05:00:18+00:00,2,109745,Arrizabalaga,1,3,Arsenal,Goalkeeper,4.9,0.0,-0.1,a,,,,,0.1,0.0,0.0,0.0,73,160,1450,4173,,,
2026-09-22T05:00:18+00:00,3,437495,Meslier,1,3,Arsenal,Goalkeeper,4.9,0.0,-0.1,a,,,,,0.0,0.0,0.0,0.0,34,75,501,1535,,,
2026-09-22T05:00:18+00:00,4,226597,Gabriel,1,3,Arsenal,Defender,8.0,0.0,0.0,a,,,,,22.8,5.0,5.0,5.0,15505,48176,225748,891067,,,
2026-09-22T05:00:18+00:00,5,445122,J.Timber,1,3,Arsenal,Defender,6.5,0.0,0.0,a,,2026-07-23T12:01:23.272929Z,100,100,0.4,0.2,0.2,0.2,8216,2520,29872,13273,,,
2026-09-22T05:00:18+00:00,6,462424,Saliba,1,3,Arsenal,Defender,5.9,0.0,-0.1,i,Back injury - Unknown return date,2026-07-23T12:01:23.289376Z,0,0,0.2,0.0,0.0,0.0,254,738,3336,18291,,,
2026-09-22T05:00:18+00:00,7,499169,Lewis-Skelly,1,3,Arsenal,Midfielder,5.4,-0.1,-0.1,a,,,,,0.6,1.5,1.5,1.5,595,3830,29272,48634,,,
2026-09-22T05:00:18+00:00,8,466075,Calafiori,1,3,Arsenal,Defender,5.8,0.0,0.3,a,,,,,50.6,5.0,5.0,5.0,51832,44208,1631840,382715,,,
2026-09-22T05:00:18+00:00,9,448104,Hincapie,1,3,Arsenal,Defender,5.2,-0.1,-0.3,a,,,,,0.9,0.2,0.2,0.2,924,4278,15743,115989,,,
2026-09-22T05:00:18+00:00,10,198869,White,1,3,Arsenal,Defender,5.5,0.0,0.0,d,Groin injury - 75% chance of playing,2026-09-20T19:30:08.247780Z,100,75,5.1,2.5,2.5,1.9,3072,48270,455830,547051,,,
2026-09-22T05:00:18+00:00,11,500040,Mosquera,1,3,Arsenal,Defender,5.3,0.0,-0.2,a,,2026-09-04T14:00:08.080310Z,100,100,1.7,1.5,1.5,1.5,777,6704,30942,465433,,,
2026-09-22T05:00:18+00:00,12,223340,Saka,1,3,Arsenal,Midfielder,9.5,0.0,0.0,a,,,,,13.5,5.8,5.8,5.8,68809,32269,748431,382120,1,,
2026-09-22T05:00:18+00:00,13,204480,Rice,1,3,Arsenal,Midfielder,7.4,0.0,-0.1,d,Unspecified injury - 75% chance of playing,2026-09-21T13:00:08.896379Z,,75,12.0,4.2,4.2,3.2,6804,44688,118650,687362,,,
2026-09-22T05:00:18+00:00,14,232413,Eze,1,3,Arsenal,Midfielder,6.3,0.0,-0.2,a,,,,,1.0,0.8,0.8,0.8,1371,4785,22290,137629,,,
2026-09-22T05:00:18+00:00,15,184029,Ødegaard,1,3,Arsenal,Midfielder,6.8,0.0,0.3,a,,,,,19.8,4.5,4.5,4.5,52475,65296,1608195,524745,3,,
2026-09-22T05:00:18+00:00,16,248857,Madueke,1,3,Arsenal,Midfielder,6.2,0.0,-0.3,a,,,,,0.2,0.2,0.2,0.2,503,1140,5783,25560,,,
2026-09-22T05:00:18+00:00,17,195384,Merino,1,3,Arsenal,Midfielder,5.8,0.0,-0.2,a,,,,,0.4,0.8,0.8,0.8,439,2103,9176,47393,,,
2026-09-22T05:00:18+00:00,18,444145,Martinelli,1,3,Arsenal,Midfielder,6.3,0.0,-0.2,u,Has joined Al Hilal permanently,2026-09-04T12:34:46.738449Z,0,0,0.1,0.0,0.0,0.0,0,369,2483,21670,,,
2026-09-22T05:00:18+00:00,19,481655,Zubimendi,1,3,Arsenal,Midfielder,5.3,0.0,-0.2,a,,,,,0.6,1.0,1.0,1.0,329,2666,8344,65609,,,
2026-09-22T05:00:18+00:00,20,616077,Dowman,1,3,Arsenal,Midfielder,5.3,0.0,-0.2,a,,,,,0.1,0.2,0.2,0.2,311,397,2899,7116,,,
2026-09-22T05:00:18+00:00,22,499175,Nwaneri,1,3,Arsenal,Midfielder,5.4,0.0,-0.1,u,Has joined Borussia Dortmund on loan for the rest of the season,2026-09-02T16:01:07.058827Z,0,0,0.0,0.0,0.0,0.0,0,36,233,1236,,,
2026-09-22T05:00:18+00:00,23,438098,Fábio Vieira,1,3,Arsenal,Midfielder,5.5,0.0,0.0,u,Has joined Hamburger SV permanently,2026-09-02T16:00:28.446370Z,0,0,0.0,0.0,0.0,0.0,0,27,255,906,,,
2026-09-22T05:00:18+00:00,24,200641,Nelson,1,3,Arsenal,Midfielder,5.5,0.0,0.0,u,has departed the club as a free agent.,2026-08-29T00:33:08.556767Z,0,0,0.0,0.0,0.0,0.0,0,11,68,665,,,
2026-09-22T05:00:18+00:00,25,224117,Gyökeres,1,3,Arsenal,Forward,7.1,-0.1,-0.4,a,,,,,3.1,0.5,0.5,0.5,3832,11698,32055,606022,2,,
2026-09-22T05:00:18+00:00,26,219847,Havertz,1,3,Arsenal,Forward,7.6,0.0,0.1,a,,,,,8.5,3.2,3.2,3.2,41369,33129,644602,393601,,,
2026-09-22T05:00:18+00:00,27,205651,G.Jesus,1,3,Arsenal,Forward,5.9,0.0,-0.1,u,Has joined FC Barcelona permanently,2026-09-02T16:00:28.475184Z,0,0,0.1,0.0,0.0,0.0,0,651,4164,28926,,,
2026-09-22T05:00:18+00:00,31,199798,Konsa,1,3,Arsenal,Defender,4.6,0.1,0.1,a,,,,,19.4,3.0,3.0,3.0,66340,30970,1439647,622078,,,
2026-09-22T05:00:18+00:00,452,208706,Bruno G.,1,3,Arsenal,Midfielder,6.7,0.0,-0.3,a,,2026-09-04T14:00:08.328779Z,100,100,1.8,2.2,2.2,2.2,3452,5308,28398,242381,4,,
2026-09-22T05:00:18+00:00,557,439509,Tzolis,1,3,Arsenal,Midfielder,6.3,-0.1,-0.2,a,,,,,12.4,2.5,2.5,2.5,8246,114167,458613,1577375,,,
2026-09-22T05:00:18+00:00,29,72147,M.Bizot,2,7,Aston Villa,Goalkeeper,4.5,0.0,0.0,i,Back injury - Expected back 10 Oct,2026-09-17T07:30:09.058151Z,0,0,0.1,0.2,0.0,0.0,41,731,4635,7107,,,
2026-09-22T05:00:18+00:00,30,101188,Digne,2,7,Aston Villa,Defender,4.5,0.0,0.0,u,Has joined Paris Saint-Germain permanently,2026-08-10T14:03:30.089007Z,0,0,0.0,0.0,0.0,0.0,0,151,0,8562,,,
2026-09-22T05:00:18+00:00,32,199796,Cash,2,7,Aston Villa,Defender,4.4,0.0,-0.1,a,,2026-09-09T14:30:08.192142Z,100,100,4.9,1.2,1.2,1.2,1907,18813,94558,412802,,,
2026-09-22T05:00:18+00:00,33,149484,Mings,2,7,Aston Villa,Defender,4.5,0.0,0.0,a,,,,,0.4,2.0,2.0,2.0,1157,944,15877,16968,,,
2026-09-22T05:00:18+00:00,34,244954,Pau,2,7,Aston Villa,Defender,4.5,0.0,0.0,i,Hamstring injury - Expected back 10 Oct,2026-09-12T18:00:08.712707Z,0,0,0.3,0.6,0.0,0.0,21,2342,11214,26700,,,
2026-09-22T05:00:18+00:00,35,515597,Bogarde,2,7,Aston Villa,Midfielder,4.9,-0.1,-0.1,a,,,,,0.1,0.2,0.2,0.2,128,319,2869,4647,,,
2026-09-22T05:00:18+00:00,36,441302,Maatsen,2,7,Aston Villa,Defender,4.5,0.0,0.0,i,Ankle injury - Unknown return date,2026-09-12T18:00:08.729468Z,0,0,0.5,1.8,0.0,0.0,38,4674,31880,60412,,,
2026-09-22T05:00:18+00:00,37,184667,Lindelöf,2,7,Aston Villa,Defender,4.5,0.0,0.0,a,,,,,0.3,1.6,1.6,1.6,685,866,14285,13889,,,
2026-09-22T05:00:18+00:00,38,606798,A.García,2,7,Aston Villa,Defender,4.0,0.0,0.0,a,,,,,1.5,0.0,0.0,0.0,1285,4352,44731,66252,,,
2026-09-22T05:00:18+00:00,39,578545,Nedeljkovic,2,7,Aston Villa,Defender,4.0,0.0,0.0,u,Has joined Rangers on loan for the rest of the season,2026-08-19T13:56:46.385411Z,0,0,0.1,0.0,0.0,0.0,0,382,0,15067,,,
2026-09-22T05:00:18+00:00,41,195546,Buendía,2,7,Aston Villa,Midfielder,5.9,0.0,-0.1,a,,,,,1.0,4.2,4.2,4.2,8419,2724,56403,93869,1,,
2026-09-22T05:00:18+00:00,44,215711,Bailey,2,7,Aston Villa,Midfielder,5.4,0.0,-0.1,u,Has joined Olympiakos permanently,2026-09-04T12:35:14.472260Z,0,0,0.1,0.0,0.0,0.0,0,343,2096,13074,,,
2026-09-22T05:00:18+00:00,45,122806,McGinn,2,7,Aston Villa,Midfielder,5.4,0.0,-0.1,a,,,,,2.2,3.4,3.4,3.4,4735,5968,68566,152930,,,
2026-09-22T05:00:18+00:00,46,88894,Barkley,2,7,Aston Villa,Midfielder,5.0,0.0,0.0,a,,,,,0.3,2.0,2.0,2.0,389,1286,15946,15763,,,
2026-09-22T05:00:18+00:00,47,226944,Kamara,2,7,Aston Villa,Midfielder,5.0,0.0,0.0,a,,2026-07-23T12:01:23.337269Z,100,100,0.3,3.0,3.0,3.0,887,1112,14096,21060,,,
2026-09-22T05:00:18+00:00,48,449871,Onana,2,7,Aston Villa,Midfielder,4.9,0.0,-0.1,i,Knee injury - Unknown return date,2026-07-23T12:01:23.352497Z,0,0,0.0,0.0,0.0,0.0,24,67,495,1637,,,
2026-09-22T05:00:18+00:00,49,469247,Iling Jr,2,7,Aston Villa,Midfielder,5.0,0.0,0.0,u,Has joined Bolton Wanderers on loan for the rest of the season,2026-08-17T13:52:28.532616Z,0,0,0.0,0.0,0.0,0.0,0,7,0,232,,,
2026-09-22T05:00:18+00:00,50,645618,Burrowes,2,7,Aston Villa,Midfielder,4.5,0.0,0.0,a,,,,,0.6,0.0,0.0,0.0,440,2469,21265,34193,,,
2026-09-22T05:00:18+00:00,51,577285,George Hemmings,2,7,Aston Villa,Midfielder,4.5,0.0,0.0,a,,,,,1.2,1.8,1.8,1.8,2297,7324,114980,67257,,,
2026-09-22T05:00:18+00:00,52,653481,Alysson,2,7,Aston Villa,Midfielder,5.0,0.0,0.0,d,Unspecified injury - 75% chance of playing,2026-09-19T11:30:09.355376Z,,75,0.0,1.6,1.6,1.2,55,582,3341,3445,,,
2026-09-22T05:00:18+00:00,53,614071,Manzambi,2,7,Aston Villa,Midfielder,5.9,0.0,-0.1,a,,2026-08-15T15:30:06.388335Z,100,100,0.3,2.8,2.8,2.8,22014,1735,25000,18354,,,
2026-09-22T05:00:18+00:00,54,448089,Gomes,2,7,Aston Villa,Midfielder,5.5,0.0,0.0,a,,2026-09-16T19:30:08.742410Z,100,100,0.0,0.4,0.4,0.4,292,117,1131,4026,,,
2026-09-22T05:00:18+00:00,55,178301,Watkins,2,7,Aston Villa,Forward,7.8,0.0,-0.2,u,Has joined Al Hilal permanently,2026-09-01T13:15:16.698799Z,0,0,2.5,0.0,0.0,0.0,0,8271,14882,755652,,,
2026-09-22T05:00:18+00:00,56,173879,Abraham,2,7,Aston Villa,Forward,5.5,0.0,0.0,a,,2026-08-15T16:00:07.558543Z,100,100,0.2,0.8,0.8,0.8,1127,1189,15175,12365,,,
2026-09-22T05:00:18+00:00,160,493105,Garnacho,2,7,Aston Villa,Midfielder,5.8,0.0,-0.2,a,,,,,0.3,0.6,0.6,0.6,347,2022,7295,40475,,,
2026-09-22T05:00:18+00:00,166,517052,N.Jackson,2,7,Aston Villa,Forward,6.5,0.0,0.0,a,,,,,1.4,2.0,2.0,2.0,24792,5155,170054,82095,2,,
2026-09-22T05:00:18+00:00,582,690838,Madjo,2,7,Aston Villa,Forward,5.4,0.0,-0.1,i,Unspecified injury - Unknown return date,2026-08-15T16:00:07.974271Z,0,0,0.2,0.0,0.0,0.0,123,1368,2808,30139,,,
2026-09-22T05:00:18+00:00,596,487992,Ruggeri,2,7,Aston Villa,Defender,4.5,0.0,0.0,a,,,,,0.1,1.0,1.0,1.0,370,237,3013,5501,,,
2026-09-22T05:00:18+00:00,597,433969,Suzuki,2,7,Aston Villa,Goalkeeper,5.0,0.0,0.0,a,,,,,1.9,3.2,3.2,3.2,9982,4401,147546,60260,,,
2026-09-22T05:00:18+00:00,606,569577,Rowe,2,7,Aston Villa,Defender,4.0,0.0,0.0,a,,,,,0.2,0.0,0.0,0.0,216,648,12912,5903,,,
2026-09-22T05:00:18+00:00,607,571380,Lynch,2,7,Aston Villa,Midfielder,4.5,0.0,0.0,u,Has joined Oxford United on loan until January,2026-09-04T12:35:39.820426Z,0,0,0.1,0.0,0.0,0.0,0,501,7103,7945,,,
2026-09-22T05:00:18+00:00,611,214590,Wan-Bissaka,2,7,Aston Villa,Defender,4.5,0.0,0.0,a,,,,,0.2,1.5,1.5,1.5,1023,1015,17876,7348,,,
2026-09-22T05:00:18+00:00,618,119090,Goretzka,2,7,Aston Villa,Midfielder,5.9,0.0,-0.1,i,Knee injury - Expected back 10 Oct,2026-09-09T09:30:08.229436Z,0,0,0.0,0.0,0.0,0.0,10,319,4619,4633,,,
2026-09-22T05:00:18+00:00,630,245719,Harwood-Bellis,2,7,Aston Villa,Defender,4.5,0.0,0.0,a,,,,,0.0,0.0,0.0,0.0,117,122,2094,928,,,
2026-09-22T05:00:18+00:00,631,638987,Mbaye,2,7,Aston Villa,Midfielder,6.0,0.0,0.0,a,,,,,0.1,0.7,0.7,0.7,640,882,10148,4563,,,
2026-09-22T05:00:18+00:00,667,481283,Wright,2,7,Aston Villa,Goalkeeper,4.0,0.0,0.0,a,,,,,0.1,0.0,1.0,1.0,4414,339,4414,339,,,
2026-09-22T05:00:18+00:00,57,457569,Petrović,3,91,Bournemouth,Goalkeeper,4.5,0.0,0.0,a,,,,,3.0,1.8,1.8,1.8,4002,7406,109985,120077,,,
2026-09-22T05:00:18+00:00,58,40383,Forster,3,91,Bournemouth,Goalkeeper,4.0,0.0,0.0,a,,,,,3.5,0.0,0.0,0.0,5937,4722,115131,76543,,,
2026-09-22T05:00:18+00:00,59,444172,Dennis,3,91,Bournemouth,Goalkeeper,4.0,0.0,0.0,u,Has joined MK Dons permanently,2026-08-27T14:53:48.692835Z,0,0,0.1,0.0,0.0,0.0,0,391,1133,7359,,,
2026-09-22T05:00:18+00:00,60,463981,Hill,3,91,Bournemouth,Defender,5.5,0.0,0.0,a,,,,,0.8,2.4,2.4,2.4,2111,2077,29852,42671,,,
2026-09-22T05:00:18+00:00,61,494521,Truffert,3,91,Bournemouth,Defender,5.4,-0.1,-0.1,a,,,,,3.0,2.0,2.0,2.0,3192,8676,55061,156959,,,
2026-09-22T05:00:18+00:00,62,242882,Diakité,3,91,Bournemouth,Defender,4.9,-0.1,-0.1,a,,,,,0.2,0.0,0.0,0.0,375,706,7033,11771,,,
2026-09-22T05:00:18+00:00,63,620487,Milosavljević,3,91,Bournemouth,Defender,4.9,0.0,-0.1,i,Thigh injury - Unknown return date,2026-08-06T10:00:10.456051Z,0,0,0.0,0.0,0.0,0.0,15,27,321,824,,,
2026-09-22T05:00:18+00:00,64,54469,Smith,3,91,Bournemouth,Defender,4.5,0.0,0.0,a,,,,,0.1,0.8,0.8,0.8,274,325,7072,7153,,,
2026-09-22T05:00:18+00:00,65,436893,J.Araujo,3,91,Bournemouth,Defender,4.4,0.0,-0.1,i,Thigh injury - Unknown return date,2026-08-09T08:00:05.645826Z,0,0,0.0,0.0,0.0,0.0,22,35,406,1274,,,
2026-09-22T05:00:18+00:00,66,575901,Soler,3,91,Bournemouth,Defender,4.0,0.0,0.0,a,,2026-08-15T16:30:07.021055Z,100,100,0.3,0.0,0.0,0.0,549,805,13640,10690,,,
2026-09-22T05:00:18+00:00,67,499604,Rayan,3,91,Bournemouth,Midfielder,6.3,-0.1,-0.2,a,,,,,1.6,2.0,2.0,2.0,2730,7225,51400,166721,,,
2026-09-22T05:00:18+00:00,68,201658,Tavernier,3,91,Bournemouth,Midfielder,6.1,0.0,0.1,a,,,,,6.7,6.2,6.2,6.2,58927,29847,670120,204571,3,,
2026-09-22T05:00:18+00:00,69,503139,Scott,3,91,Bournemouth,Midfielder,6.1,0.0,0.1,a,,,,,5.7,6.0,6.0,6.0,15198,28548,539101,198724,,,
2026-09-22T05:00:18+00:00,70,222683,Kluivert,3,91,Bournemouth,Midfielder,6.0,0.0,0.0,i,Unspecified injury - Unknown return date,2026-09-20T15:30:09.074071Z,,0,0.9,3.0,3.0,0.0,2258,12583,52615,77465,2,,
2026-09-22T05:00:18+00:00,71,155408,Cook,3,91,Bournemouth,Midfielder,5.0,0.0,0.0,a,,,,,0.2,1.6,1.6,1.6,183,836,13017,13617,,,
2026-09-22T05:00:18+00:00,72,496208,Gannon-Doak,3,91,Bournemouth,Midfielder,4.9,0.0,-0.1,a,,,,,0.1,0.8,0.8,0.8,94,275,1594,4535,,,
2026-09-22T05:00:18+00:00,73,200785,Adams,3,91,Bournemouth,Midfielder,5.0,0.0,0.0,a,,2026-08-15T16:30:07.029928Z,100,100,0.3,2.4,2.4,2.4,751,1185,17960,16176,,,
2026-09-22T05:00:18+00:00,74,111317,Brooks,3,91,Bournemouth,Midfielder,5.0,0.0,0.0,a,,2026-08-15T16:30:07.037929Z,100,100,0.1,0.6,0.6,0.6,120,244,3302,3702,,,
2026-09-22T05:00:18+00:00,75,158499,Christie,3,91,Bournemouth,Midfielder,5.0,0.0,0.0,a,,2026-07-24T17:30:10.035483Z,100,100,0.0,1.0,1.0,1.0,207,172,3462,2117,,,
2026-09-22T05:00:18+00:00,76,614574,Tóth.A,3,91,Bournemouth,Midfielder,4.9,0.0,-0.1,a,,,,,0.0,0.4,0.4,0.4,17,42,374,771,,,
2026-09-22T05:00:18+00:00,77,489888,Adli,3,91,Bournemouth,Midfielder,4.9,0.0,-0.1,i,Calf injury - Unknown return date,2026-08-15T16:00:07.590566Z,0,0,0.0,0.0,0.0,0.0,15,55,284,2196,,,
2026-09-22T05:00:18+00:00,78,560262,Kroupi.Jr,3,91,Bournemouth,Midfielder,7.4,0.0,-0.1,i,Foot injury - Expected back 7 Nov,2026-07-29T17:30:09.796802Z,0,0,0.2,0.0,0.0,0.0,117,575,1163,27093,1,,
2026-09-22T05:00:18+00:00,79,444102,Evanilson,3,91,Bournemouth,Forward,6.0,0.0,0.0,a,,,,,3.2,3.6,3.6,3.6,12017,15302,247478,170129,,,
2026-09-22T05:00:18+00:00,80,168636,Enes Ünal,3,91,Bournemouth,Forward,5.5,0.0,0.0,u,Has joined Getafe permanently,2026-08-14T14:14:21.881112Z,0,0,0.0,0.0,0.0,0.0,0,30,0,1962,,,
2026-09-22T05:00:18+00:00,81,561245,Rodríguez,3,91,Bournemouth,Forward,6.0,0.0,0.0,a,,2026-08-15T16:30:07.054142Z,100,100,0.1,0.4,0.4,0.4,497,483,5204,6614,,,
2026-09-22T05:00:18+00:00,566,483067,Silva,3,91,Bournemouth,Defender,5.0,0.0,0.0,a,,,,,0.4,2.6,2.6,2.6,2696,1669,28158,23110,,,
2026-09-22T05:00:18+00:00,573,494928,Sanchez,3,91,Bournemouth,Defender,4.4,0.0,-0.1,a,,,,,0.2,0.0,0.0,0.0,115,293,1535,6950,,,
2026-09-22T05:00:18+00:00,608,523700,Jebbison,3,91,Bournemouth,Forward,5.0,0.0,0.0,a,,,,,0.1,0.6,0.6,0.6,625,617,12988,6972,,,
2026-09-22T05:00:18+00:00,615,230650,Di Gregorio,3,91,Bournemouth,Goalkeeper,4.5,0.0,0.0,a,,,,,0.0,0.0,0.0,0.0,133,130,2876,1679,,,
2026-09-22T05:00:18+00:00,82,200720,Kelleher,4,94,Brentford,Goalkeeper,5.0,0.0,0.0,a,,,,,6.2,3.2,3.2,3.2,15038,8335,246675,208601,,,
2026-09-22T05:00:18+00:00,83,507433,Valdimarsson,4,94,Brentford,Goalkeeper,4.5,0.0,0.0,a,,,,,0.1,0.0,0.0,0.0,194,230,2759,4480,,,
2026-09-22T05:00:18+00:00,84,432830,Collins,4,94,Brentford,Defender,5.4,0.0,-0.1,i,Calf injury - Unknown return date,2026-09-05T18:00:06.182495Z,0,0,1.0,1.0,0.0,0.0,75,6690,58694,154046,,,
2026-09-22T05:00:18+00:00,85,444765,Van den Berg,4,94,Brentford,Defender,4.9,0.0,-0.1,i,Groin injury - Unknown return date,2026-08-15T15:30:06.416627Z,0,0,0.1,0.0,0.0,0.0,26,212,399,8818,,,
2026-09-22T05:00:18+00:00,86,249231,Lewis-Potter,4,94,Brentford,Midfielder,5.5,0.0,0.0,a,,,,,1.7,3.0,3.0,3.0,2831,9228,189476,117609,,,
2026-09-22T05:00:18+00:00,87,191866,Ajer,4,94,Brentford,Defender,4.5,0.0,0.0,a,,,,,3.9,3.2,3.2,3.2,8380,15939,313867,269631,,,
2026-09-22T05:00:18+00:00,88,607464,Kayode,4,94,Brentford,Defender,4.6,0.0,0.1,a,,,,,7.7,2.5,2.5,2.5,10133,14684,592831,360918,,,
2026-09-22T05:00:18+00:00,89,194010,Henry,4,94,Brentford,Defender,4.4,0.0,-0.1,a,,,,,0.2,0.2,0.2,0.2,119,411,1943,8409,,,
2026-09-22T05:00:18+00:00,90,472713,Hickey,4,94,Brentford,Defender,4.5,0.0,0.0,a,,,,,0.1,1.0,1.0,1.0,125,173,2039,2906,,,
2026-09-22T05:00:18+00:00,92,570241,Ji-soo,4,94,Brentford,Defender,4.4,-0.1,-0.1,a,,,,,0.0,0.0,0.0,0.0,45,69,479,941,,,
2026-09-22T05:00:18+00:00,93,513086,Schuster,4,94,Brentford,Defender,4.5,0.0,0.0,a,,,,,0.2,5.2,5.2,5.2,12100,1263,13662,5751,,,
2026-09-22T05:00:18+00:00,94,513418,Schade,4,94,Brentford,Midfielder,6.2,0.1,0.2,a,,,,,10.5,9.0,9.0,9.0,295851,13868,915706,233872,2,,
2026-09-22T05:00:18+00:00,95,533463,O.Dango,4,94,Brentford,Midfielder,6.3,0.0,-0.2,a,,,,,0.5,1.0,1.0,1.0,557,2716,14918,81295,,,
2026-09-22T05:00:18+00:00,96,440089,Damsgaard,4,94,Brentford,Midfielder,5.4,0.0,-0.1,a,,,,,0.4,3.8,3.8,3.8,1053,1523,14564,29639,,,
2026-09-22T05:00:18+00:00,97,207283,Jensen,4,94,Brentford,Midfielder,5.4,0.0,-0.1,i,Unspecified injury - Expected back 10 Oct,2026-08-30T12:30:08.176795Z,0,0,0.1,0.0,0.0,0.0,12,438,4497,14872,3,,
2026-09-22T05:00:18+00:00,98,204580,Janelt,4,94,Brentford,Midfielder,5.0,0.0,0.0,a,,,,,2.5,4.8,4.8,4.8,14650,13202,301710,102293,,,
2026-09-22T05:00:18+00:00,99,543295,Milambo,4,94,Brentford,Midfielder,5.0,0.0,0.0,i,Knee injury - Unknown return date,2026-07-23T12:01:23.384798Z,0,0,0.0,0.0,0.0,0.0,6,6,115,158,,,
2026-09-22T05:00:18+00:00,100,244858,Carvalho,4,94,Brentford,Midfielder,5.0,0.0,0.0,a,,2026-08-18T13:58:17.442072Z,100,100,0.0,1.5,1.5,1.5,475,125,1773,1403,,,
2026-09-22T05:00:18+00:00,102,508395,Yarmoliuk,4,94,Brentford,Midfielder,4.8,0.0,-0.2,a,,,,,0.7,2.0,2.0,2.0,918,2314,5371,60664,,,
2026-09-22T05:00:18+00:00,103,183656,Dasilva,4,94,Brentford,Midfielder,4.9,0.0,-0.1,i,Hamstring injury - Expected back 10 Oct,2026-09-04T13:30:08.371955Z,0,0,0.0,0.0,0.0,0.0,7,68,398,1913,,,
2026-09-22T05:00:18+00:00,105,444180,Anthony,4,94,Brentford,Midfielder,5.9,0.0,-0.1,a,,,,,0.1,3.5,3.5,3.5,1677,411,6675,10812,,,
2026-09-22T05:00:18+00:00,106,502500,Thiago,4,94,Brentford,Forward,7.8,0.0,-0.2,a,,,,,9.0,2.5,2.5,2.5,39596,26085,260019,1022993,1,,
2026-09-22T05:00:18+00:00,107,593174,Furo,4,94,Brentford,Forward,4.5,0.0,0.0,i,Unspecified injury - Unknown return date,2026-09-14T14:00:09.985723Z,0,0,0.9,0.0,0.0,0.0,434,7120,61507,64282,,,
2026-09-22T05:00:18+00:00,108,75115,Wilson,4,94,Brentford,Forward,5.4,-0.1,-0.1,a,,,,,0.3,0.5,0.5,0.5,796,1846,15145,25911,,,
2026-09-22T05:00:18+00:00,565,513545,M.Sangaré,4,94,Brentford,Midfielder,5.6,-0.1,0.1,a,,,,,10.2,2.0,2.0,2.0,6198,113804,1225486,795693,,,
2026-09-22T05:00:18+00:00,620,613804,Diouf,4,94,Brentford,Defender,4.5,0.0,0.0,a,,,,,0.1,0.5,0.5,0.5,330,515,13491,7177,,,
2026-09-22T05:00:18+00:00,657,626464,Nunes,4,94,Brentford,Midfielder,4.5,0.0,0.0,a,,,,,0.0,0.0,0.0,0.0,256,193,1998,586,,,
2026-09-22T05:00:18+00:00,660,612534,Fredrick,4,94,Brentford,Defender,4.0,0.0,0.0,a,,,,,0.0,0.0,1.1,1.1,353,38,353,38,,,
2026-09-22T05:00:18+00:00,661,235448,Balcombe,4,94,Brentford,Goalkeeper,4.0,0.0,0.0,a,,,,,0.0,0.0,1.0,1.0,2171,323,2171,323,,,
2026-09-22T05:00:18+00:00,109,489639,Verbruggen,5,36,Brighton,Goalkeeper,4.5,0.0,0.0,a,,,,,21.7,4.6,4.6,4.6,49399,49117,742874,584971,,,
2026-09-22T05:00:18+00:00,111,49262,Steele,5,36,Brighton,Goalkeeper,4.0,0.0,0.0,a,,,,,4.1,0.0,0.0,0.0,5285,10622,145472,116377,,,
2026-09-22T05:00:18+00:00,113,231416,F.Kadıoğlu,5,36,Brighton,Defender,4.4,0.0,-0.1,a,,2026-08-23T13:00:07.595211Z,100,100,1.6,2.6,2.6,2.6,2894,5003,29307,132546,,,
2026-09-22T05:00:18+00:00,114,204120,Boscagli,5,36,Brighton,Defender,4.5,0.0,0.0,a,,,,,0.3,3.8,3.8,3.8,1412,511,15629,11588,,,
2026-09-22T05:00:18+00:00,115,465730,De Cuyper,5,36,Brighton,Defender,4.9,0.0,0.4,a,,,,,27.1,7.6,7.6,7.6,213290,12434,2631629,397465,,,
2026-09-22T05:00:18+00:00,116,83299,Dunk,5,36,Brighton,Defender,4.5,0.0,0.0,a,,,,,1.5,4.4,4.4,4.4,6991,5141,88552,46205,,,
2026-09-22T05:00:18+00:00,117,550090,Coppola,5,36,Brighton,Defender,4.5,0.0,0.0,a,,,,,0.0,0.0,0.0,0.0,73,65,885,1028,,,
2026-09-22T05:00:18+00:00,118,223434,Igor,5,36,Brighton,Defender,4.5,0.0,0.0,u,Has joined Burnley permanently,2026-09-02T15:38:15.529699Z,0,0,0.0,0.0,0.0,0.0,0,207,915,5850,,,
2026-09-22T05:00:18+00:00,119,451490,Costinha,5,36,Brighton,Defender,4.5,0.0,0.0,a,,,,,0.0,0.8,0.8,0.8,98,96,1203,1421,,,
2026-09-22T05:00:18+00:00,120,454490,Svoboda,5,36,Brighton,Defender,5.0,0.0,0.0,a,,,,,0.1,0.2,0.2,0.2,927,318,4103,3840,,,
2026-09-22T05:00:18+00:00,121,451340,Mitoma,5,36,Brighton,Midfielder,5.9,0.0,-0.1,i,Hamstring injury - Expected back 10 Oct,2026-07-24T18:30:10.661894Z,0,0,0.0,0.0,0.0,0.0,73,118,499,3055,,,
2026-09-22T05:00:18+00:00,122,592031,Minteh,5,36,Brighton,Midfielder,5.8,-0.1,-0.2,i,Leg injury - Expected back 28 Nov,2026-08-14T18:00:06.418033Z,0,0,0.0,0.0,0.0,0.0,28,141,318,6815,,,
2026-09-22T05:00:18+00:00,123,532529,Hinshelwood,5,36,Brighton,Midfielder,5.9,0.0,-0.1,i,Ankle injury - Expected back 10 Oct,2026-08-27T19:30:07.780933Z,0,0,0.6,3.2,0.0,0.0,152,4956,147773,214182,,,
2026-09-22T05:00:18+00:00,124,60307,Groß,5,36,Brighton,Midfielder,5.8,0.1,0.3,a,,,,,27.2,9.4,9.4,9.4,626436,7193,1986929,536976,1,,
2026-09-22T05:00:18+00:00,125,463067,Georginio,5,36,Brighton,Forward,5.3,-0.1,-0.2,a,,2026-08-26T16:00:07.608056Z,100,100,0.5,1.2,1.2,1.2,1793,2891,33790,75519,,,
2026-09-22T05:00:18+00:00,126,219249,O'Riley,5,36,Brighton,Midfielder,5.4,0.0,-0.1,a,,,,,0.1,0.4,0.4,0.4,266,381,3440,6337,3,,
2026-09-22T05:00:18+00:00,127,514254,Gomez,5,36,Brighton,Midfielder,5.0,0.0,0.0,a,,,,,4.0,4.8,4.8,4.8,8728,30373,331235,292004,,,
2026-09-22T05:00:18+00:00,128,536916,Buonanotte,5,36,Brighton,Midfielder,5.0,0.0,0.0,u,Has joined Elche on loan for the rest of the season,2026-08-10T14:03:07.561436Z,0,0,0.0,0.0,0.0,0.0,0,3,0,326,,,
2026-09-22T05:00:18+00:00,129,509416,Ayari,5,36,Brighton,Midfielder,5.4,0.0,-0.1,a,,2026-08-30T18:00:07.935334Z,100,100,0.4,3.0,3.0,3.0,1567,1466,11808,41021,,,
2026-09-22T05:00:18+00:00,130,467779,Wieffer,5,36,Brighton,Defender,4.9,0.0,-0.1,i,Knee injury - Unknown return date,2026-09-04T09:30:08.612904Z,0,0,0.2,1.4,0.0,0.0,22,1411,25937,42843,,,
2026-09-22T05:00:18+00:00,132,597320,Howell,5,36,Brighton,Midfielder,4.5,0.0,0.0,u,Has joined Leicester City on loan for the rest of the season,2026-08-17T13:53:19.019938Z,0,0,0.0,0.0,0.0,0.0,0,149,0,3627,,,
2026-09-22T05:00:18+00:00,133,549074,Watson,5,36,Brighton,Midfielder,5.0,0.0,0.0,u,Has joined Leicester City on loan for the rest of the season,2026-08-03T14:05:44.459483Z,0,0,0.0,0.0,0.0,0.0,0,3,0,134,,,
2026-09-22T05:00:18+00:00,134,556637,Oriola,5,36,Brighton,Midfielder,4.5,0.0,0.0,a,,,,,0.2,0.0,0.0,0.0,240,1003,8644,13871,,,
2026-09-22T05:00:18+00:00,135,700308,Yohanna,5,36,Brighton,Midfielder,4.9,0.0,-0.1,i,Unspecified injury - Expected back 10 Oct,2026-09-10T13:00:08.617941Z,0,0,0.0,0.2,0.0,0.0,5,278,1248,5385,,,
2026-09-22T05:00:18+00:00,137,608181,Tzimas,5,36,Brighton,Forward,5.4,0.0,-0.1,i,Knee injury - Unknown return date,2026-07-23T12:01:23.432796Z,0,0,0.0,0.0,0.0,0.0,22,32,319,730,,,
2026-09-22T05:00:18+00:00,138,647850,Kostoulas,5,36,Brighton,Forward,5.6,0.1,0.1,a,,,,,3.3,5.6,5.6,5.6,235364,8855,340055,41365,,,
2026-09-22T05:00:18+00:00,139,487117,Ferguson,5,36,Brighton,Forward,5.0,0.0,0.0,i,Ankle injury - Expected back 10 Oct,2026-07-23T12:01:23.448357Z,0,0,0.0,0.0,0.0,0.0,82,184,1533,2453,,,
2026-09-22T05:00:18+00:00,328,222694,Struijk,5,36,Brighton,Defender,4.9,0.0,-0.1,a,,2026-08-15T20:30:07.523574Z,100,100,0.2,1.4,1.4,1.4,596,353,5625,11604,,,
2026-09-22T05:00:18+00:00,504,610799,Vuskovic,5,36,Brighton,Defender,5.0,0.0,0.0,a,,,,,3.5,6.4,6.4,6.4,38500,7791,241600,132603,,,
2026-09-22T05:00:18+00:00,594,538007,David,5,36,Brighton,Forward,5.9,-0.1,-0.1,a,,,,,0.2,0.2,0.2,0.2,2149,1586,14011,21859,2,,
2026-09-22T05:00:18+00:00,600,612855,Osman,5,36,Brighton,Midfielder,5.0,0.0,0.0,a,,,,,0.0,0.6,0.6,0.6,78,91,909,1058,,,
2026-09-22T05:00:18+00:00,605,611695,Yalcouyé,5,36,Brighton,Midfielder,4.5,0.0,0.0,a,,,,,4.0,4.0,4.0,4.0,18924,25716,547813,163670,,,
2026-09-22T05:00:18+00:00,614,512123,Hadjam,5,36,Brighton,Defender,4.5,0.0,0.0,a,,,,,0.0,0.0,0.0,0.0,184,190,3923,1895,,,
2026-09-22T05:00:18+00:00,624,519324,Cozier-Duberry,5,36,Brighton,Midfielder,5.0,0.0,0.0,u,Has joined Middlesbrough on loan for the rest of the season,2026-09-02T15:38:15.552951Z,0,0,0.0,0.0,0.0,0.0,0,0,117,108,,,
2026-09-22T05:00:18+00:00,639,592984,Andrés,5,36,Brighton,Midfielder,5.5,0.0,0.0,a,,,,,0.0,4.0,4.0,4.0,1823,190,3067,658,,,
2026-09-22T05:00:18+00:00,652,471551,Azeez,5,36,Brighton,Midfielder,5.5,0.0,0.0,i,Hamstring injury - Expected back 10 Oct,2026-09-04T11:30:08.661589Z,0,0,0.0,0.0,0.0,0.0,13,34,436,191,,,
2026-09-22T05:00:18+00:00,658,661016,Ibrahim,5,36,Brighton,Midfielder,4.5,0.0,0.0,a,,,,,0.0,0.0,0.0,0.0,215,156,1378,424,,,
2026-09-22T05:00:18+00:00,28,98980,Martinez,6,8,Chelsea,Goalkeeper,5.0,0.0,0.0,a,,,,,4.8,1.8,1.8,1.8,4905,16363,242672,240944,,,
2026-09-22T05:00:18+00:00,40,244850,Rogers,6,8,Chelsea,Midfielder,7.7,0.0,0.2,a,,,,,40.3,5.8,5.8,5.8,98891,50404,2428314,642091,,,
2026-09-22T05:00:18+00:00,101,56979,Henderson,6,8,Chelsea,Midfielder,4.9,0.0,-0.1,a,,2026-08-09T09:30:07.136250Z,50,100,0.0,0.4,0.2,0.4,351,98,964,2572,,,
2026-09-22T05:00:18+00:00,136,50175,Welbeck,6,8,Chelsea,Forward,5.9,0.0,-0.1,a,,2026-08-20T14:00:07.949090Z,100,100,1.0,0.8,0.8,0.8,5228,6790,59164,80694,,,
2026-09-22T05:00:18+00:00,140,215059,Sánchez,6,8,Chelsea,Goalkeeper,4.9,0.0,-0.1,u,Has joined Como on loan for the rest of the season,2026-09-02T16:20:41.841936Z,0,0,0.7,0.4,0.0,0.0,0,3151,10847,174759,,,
2026-09-22T05:00:18+00:00,141,508479,Jörgensen,6,8,Chelsea,Goalkeeper,5.0,0.0,0.0,u,Has joined RC Strasbourg on loan for the rest of the season,2026-08-12T14:07:02.607115Z,0,0,0.0,0.0,0.0,0.0,0,21,0,939,,,
2026-09-22T05:00:18+00:00,142,225796,James,6,8,Chelsea,Defender,5.4,0.0,-0.1,d,Hamstring injury - 75% chance of playing,2026-09-18T10:30:09.719371Z,75,75,6.0,0.6,0.4,0.4,433,59657,168638,582346,,,
2026-09-22T05:00:18+00:00,143,180736,Chalobah,6,8,Chelsea,Defender,5.5,0.0,0.0,u,Has joined Como permanently,2026-08-10T14:03:50.769483Z,0,0,0.1,0.0,0.0,0.0,0,198,0,13828,,,
2026-09-22T05:00:18+00:00,144,482609,Gusto,6,8,Chelsea,Defender,4.9,-0.1,-0.1,a,,,,,1.0,0.8,0.8,0.8,1296,5468,36623,65948,,,
2026-09-22T05:00:18+00:00,145,444463,Fofana,6,8,Chelsea,Defender,5.0,0.0,0.0,a,,2026-07-23T12:01:23.464591Z,100,100,0.2,1.6,1.6,1.6,1594,856,17700,7797,,,
2026-09-22T05:00:18+00:00,146,242880,B.Badiashile,6,8,Chelsea,Defender,4.5,0.0,0.0,u,Has joined Napoli on loan for the rest of the season,2026-08-25T14:03:47.079414Z,0,0,0.0,0.0,0.0,0.0,0,34,232,1931,,,
2026-09-22T05:00:18+00:00,148,551210,Hato,6,8,Chelsea,Defender,4.5,0.0,0.0,a,,,,,0.8,1.6,1.6,1.6,545,5832,90940,58159,,,
2026-09-22T05:00:18+00:00,149,460028,Colwill,6,8,Chelsea,Defender,4.8,-0.1,-0.2,a,,,,,0.9,0.6,0.6,0.6,730,4024,26386,97049,,,
2026-09-22T05:00:18+00:00,150,574458,M.Sarr,6,8,Chelsea,Defender,4.5,0.0,0.0,u,Has joined Real Sociedad on loan for the rest of the season,2026-08-29T00:34:23.077418Z,0,0,0.0,0.0,0.0,0.0,0,117,429,5933,,,
2026-09-22T05:00:18+00:00,151,577016,Acheampong,6,8,Chelsea,Defender,4.5,0.0,0.0,a,,,,,0.3,1.0,1.0,1.0,287,1389,20999,21948,,,
2026-09-22T05:00:18+00:00,152,620109,Palestra,6,8,Chelsea,Defender,5.3,0.0,-0.2,d,Thigh injury - 50% chance of playing,2026-08-24T18:30:07.421239Z,50,50,0.6,0.0,0.0,0.0,135,2793,6595,219334,,,
2026-09-22T05:00:18+00:00,154,244851,Palmer,6,8,Chelsea,Midfielder,9.7,0.0,0.2,d,Muscular injury - 75% chance of playing,2026-09-21T13:00:09.022726Z,100,75,26.4,5.6,5.6,4.2,37723,96427,1941099,591733,1,,
2026-09-22T05:00:18+00:00,156,247632,Neto,6,8,Chelsea,Midfielder,6.5,0.0,0.0,a,,,,,1.4,2.8,2.8,2.8,3109,7262,80234,88913,,,
2026-09-22T05:00:18+00:00,157,624773,Estêvão,6,8,Chelsea,Midfielder,6.3,0.0,-0.2,a,,,,,0.7,0.8,0.8,0.8,1063,3153,16977,85888,2,,
2026-09-22T05:00:18+00:00,158,463936,Gittens,6,8,Chelsea,Midfielder,5.8,-0.1,-0.2,a,,,,,0.0,0.0,0.0,0.0,109,158,1088,2788,,,
2026-09-22T05:00:18+00:00,159,486672,Caicedo,6,8,Chelsea,Midfielder,5.3,0.0,-0.2,d,Calf injury - 50% chance of playing,2026-08-30T16:00:08.393562Z,50,50,1.1,0.2,0.1,0.1,277,6462,14915,278854,,,
2026-09-22T05:00:18+00:00,161,514356,Lavia,6,8,Chelsea,Midfielder,5.0,0.0,0.0,a,,,,,0.2,2.2,2.2,2.2,275,1925,25650,15035,,,
2026-09-22T05:00:18+00:00,163,491007,D.Essugo,6,8,Chelsea,Midfielder,4.5,0.0,0.0,u,Has joined RC Strasbourg on loan for the rest of the season,2026-09-02T16:20:41.865225Z,0,0,0.1,0.0,0.0,0.0,0,518,2698,14230,,,
2026-09-22T05:00:18+00:00,164,593117,Quenda,6,8,Chelsea,Midfielder,5.3,0.0,-0.2,a,,2026-07-24T20:30:10.609931Z,100,100,0.0,0.4,0.4,0.4,43,120,875,3340,,,
2026-09-22T05:00:18+00:00,165,475168,João Pedro,6,8,Chelsea,Forward,7.7,-0.1,0.2,d,Knee injury - 75% chance of playing,2026-09-16T19:00:09.919929Z,75,75,66.0,6.6,4.9,4.9,37296,301076,1552037,1373572,,,
2026-09-22T05:00:18+00:00,168,499309,Marc Guiu,6,8,Chelsea,Forward,5.0,0.0,0.0,u,Has joined RB Leipzig permanently,2026-09-01T13:24:48.857362Z,0,0,0.2,0.0,0.0,0.0,0,1088,4102,32812,,,
2026-09-22T05:00:18+00:00,169,567119,Mheuka,6,8,Chelsea,Forward,4.5,0.0,0.0,a,,,,,0.5,0.0,0.0,0.0,3055,2428,30776,24217,,,
2026-09-22T05:00:18+00:00,170,503037,Emegha,6,8,Chelsea,Forward,5.0,0.0,0.0,i,Hamstring injury - Expected back 10 Oct,2026-09-09T15:00:09.063849Z,0,0,0.1,0.0,0.0,0.0,51,771,6051,12278,,,
2026-09-22T05:00:18+00:00,200,437499,Lacroix,6,8,Chelsea,Defender,5.9,-0.1,-0.1,a,,,,,6.8,2.6,2.6,2.6,4951,21444,171605,417020,,,
2026-09-22T05:00:18+00:00,560,549939,Penders,6,8,Chelsea,Goalkeeper,4.4,0.0,-0.1,a,,,,,0.1,0.0,0.0,0.0,172,210,1947,3530,,,
2026-09-22T05:00:18+00:00,561,622758,Anselmino,6,8,Chelsea,Defender,4.5,0.0,0.0,a,,2026-08-23T19:00:08.536705Z,100,100,0.0,0.0,0.0,0.0,43,84,800,1232,,,
2026-09-22T05:00:18+00:00,568,543158,Barco,6,8,Chelsea,Midfielder,5.4,0.0,-0.1,a,,,,,0.1,0.6,0.6,0.6,158,316,3081,6883,,,
2026-09-22T05:00:18+00:00,583,498444,Chavarria,6,8,Chelsea,Defender,4.9,0.0,-0.1,a,,,,,0.1,1.0,1.0,1.0,293,385,3253,10991,,,
2026-09-22T05:00:18+00:00,662,636846,Nicoll-Jazuli,6,8,Chelsea,Midfielder,4.5,0.0,0.0,a,,,,,0.0,1.0,1.1,1.1,243,43,243,43,,,
2026-09-22T05:00:18+00:00,91,231065,Pinnock,7,9,Coventry City,Defender,4.5,0.0,0.0,a,,,,,0.1,3.5,3.5,3.5,253,157,2422,3928,,,
2026-09-22T05:00:18+00:00,104,428580,Onyeka,7,9,Coventry City,Midfielder,4.9,0.0,-0.1,a,,2026-09-15T09:00:07.851220Z,100,100,0.1,1.8,1.8,1.8,120,314,3930,9441,,,
2026-09-22T05:00:18+00:00,110,472739,Rushworth,7,9,Coventry City,Goalkeeper,4.5,0.0,0.0,a,,,,,0.8,3.8,3.8,3.8,1731,4239,22878,57403,,,
2026-09-22T05:00:18+00:00,171,484389,Dovin,7,9,Coventry City,Goalkeeper,4.0,0.0,0.0,u,Has joined Leyton Orient on loan for the rest of the season,2026-09-02T15:44:14.839336Z,0,0,1.0,0.0,0.0,0.0,0,3344,8924,56512,,,
2026-09-22T05:00:18+00:00,172,110690,Wilson,7,9,Coventry City,Goalkeeper,4.4,0.0,-0.1,a,,,,,0.4,0.0,0.0,0.0,153,444,1323,12141,,,
2026-09-22T05:00:18+00:00,173,461102,Thomas,7,9,Coventry City,Defender,4.0,0.0,0.0,a,,,,,8.6,5.2,5.2,5.2,16887,20453,354321,273477,,,
2026-09-22T05:00:18+00:00,174,436761,Kitching,7,9,Coventry City,Defender,4.0,0.0,0.0,u,Has joined Sheffield United on loan for the rest of the season,2026-09-02T16:21:03.612394Z,0,0,0.3,0.0,0.0,0.0,0,1249,981,32342,,,
2026-09-22T05:00:18+00:00,175,451284,van Ewijk,7,9,Coventry City,Defender,4.0,0.0,0.0,d,Hamstring injury - 75% chance of playing,2026-09-19T16:00:09.486751Z,,75,9.0,1.2,1.2,0.9,975,56173,122880,480847,,,
2026-09-22T05:00:18+00:00,176,173878,Dasilva,7,9,Coventry City,Defender,4.0,0.0,0.0,a,,,,,0.7,4.8,4.8,4.8,3987,999,13270,21965,,,
2026-09-22T05:00:18+00:00,177,465390,Kesler-Hayden,7,9,Coventry City,Defender,3.9,-0.1,-0.1,i,Hamstring injury - Unknown return date,2026-08-27T14:56:28.704361Z,0,0,0.0,0.0,0.0,0.0,693,286,1292,3511,,,
2026-09-22T05:00:18+00:00,178,80178,Bidwell,7,9,Coventry City,Defender,4.0,0.0,0.0,a,,,,,0.1,0.0,0.0,0.0,135,206,2442,3437,,,
2026-09-22T05:00:18+00:00,179,204813,Latibeaudiere,7,9,Coventry City,Defender,4.0,0.0,0.0,a,,,,,0.0,0.2,0.2,0.2,52,89,963,1692,,,
2026-09-22T05:00:18+00:00,180,220583,Woolfenden,7,9,Coventry City,Defender,4.0,0.0,0.0,i,Knee injury - Unknown return date,2026-08-27T14:56:28.718566Z,0,0,0.1,0.0,0.0,0.0,13,379,2248,8888,,,
2026-09-22T05:00:18+00:00,181,577411,Brau,7,9,Coventry City,Defender,4.0,0.0,0.0,u,Has joined Academico de Viseu on loan for the rest of the season,2026-08-29T00:35:59.980316Z,0,0,0.0,0.0,0.0,0.0,0,70,275,2140,,,
2026-09-22T05:00:18+00:00,182,539142,Amenda,7,9,Coventry City,Defender,4.0,0.0,0.0,i,Calf injury - Unknown return date,2026-09-17T07:30:09.329041Z,25,0,0.6,0.8,0.2,0.0,20,4944,11465,31846,,,
2026-09-22T05:00:18+00:00,183,480457,Rudoni,7,9,Coventry City,Midfielder,4.9,0.0,-0.1,a,,2026-07-23T12:01:23.481435Z,100,100,0.1,3.0,3.0,3.0,593,464,4063,7853,,,
2026-09-22T05:00:18+00:00,184,168144,Grimes,7,9,Coventry City,Midfielder,4.9,0.0,-0.1,a,,,,,0.1,2.2,2.2,2.2,131,659,4028,11050,3,,
2026-09-22T05:00:18+00:00,185,501459,Sakamoto,7,9,Coventry City,Midfielder,4.8,0.0,-0.2,a,,,,,0.1,0.2,0.2,0.2,95,294,985,5666,,,
2026-09-22T05:00:18+00:00,186,241293,Mason-Clark,7,9,Coventry City,Midfielder,5.3,-0.1,-0.2,a,,2026-08-19T18:00:08.310507Z,100,100,0.1,1.2,1.2,1.2,53,274,1092,5878,,,
2026-09-22T05:00:18+00:00,187,439668,Eccles,7,9,Coventry City,Midfielder,4.8,-0.1,-0.2,i,Unspecified injury - Expected back 12 Oct,2026-09-10T18:30:08.877110Z,0,0,0.0,0.0,0.0,0.0,11,71,624,1447,,,
2026-09-22T05:00:18+00:00,188,226965,Torp,7,9,Coventry City,Midfielder,5.3,-0.1,-0.2,a,,,,,0.1,0.5,0.5,0.5,36,311,789,7843,2,,
2026-09-22T05:00:18+00:00,189,684268,Shepherd,7,9,Coventry City,Midfielder,4.4,0.0,-0.1,a,,,,,0.3,0.0,0.0,0.0,3044,1676,9764,14547,,,
2026-09-22T05:00:18+00:00,190,469272,Tchaouna,7,9,Coventry City,Midfielder,5.4,0.0,-0.1,a,,,,,0.1,0.8,0.8,0.8,8,240,3124,8117,,,
2026-09-22T05:00:18+00:00,191,492498,Borges Rodrigues,7,9,Coventry City,Midfielder,4.5,0.0,0.0,u,Has joined Burton Albion on loan for the rest of the season,2026-09-02T15:44:14.868001Z,0,0,0.1,0.0,0.0,0.0,0,512,1943,11336,,,
2026-09-22T05:00:18+00:00,192,629397,Andrews,7,9,Coventry City,Midfielder,4.5,0.0,0.0,u,Has joined Oxford United on loan for the rest of the season,2026-08-29T00:35:59.998520Z,0,0,0.3,0.0,0.0,0.0,0,1437,2718,40542,,,
2026-09-22T05:00:18+00:00,193,176412,Wright,7,9,Coventry City,Forward,5.4,0.0,-0.1,i,Thigh injury - Unknown return date,2026-08-14T22:00:07.214508Z,0,0,0.1,0.0,0.0,0.0,29,362,596,12288,1,,
2026-09-22T05:00:18+00:00,194,230730,Thomas-Asante,7,9,Coventry City,Forward,5.0,0.0,0.0,a,,,,,0.8,1.8,1.8,1.8,5142,4047,55767,55072,4,,
2026-09-22T05:00:18+00:00,195,218997,Simms,7,9,Coventry City,Forward,4.9,-0.1,-0.1,a,,,,,0.6,0.5,0.5,0.5,729,3942,39233,63160,,,
2026-09-22T05:00:18+00:00,196,551262,Markelo,7,9,Coventry City,Forward,5.0,0.0,0.0,u,Has joined Shabab Al-Ahli Dubai permanently,2026-08-17T13:53:55.791223Z,0,0,0.0,0.0,0.0,0.0,0,42,0,1169,,,
2026-09-22T05:00:18+00:00,197,549653,Bassette,7,9,Coventry City,Forward,4.5,0.0,0.0,u,Has joined KVC Westerlo on loan for the rest of the season,2026-07-28T12:58:50.001768Z,0,0,0.0,0.0,0.0,0.0,0,113,0,2072,,,
2026-09-22T05:00:18+00:00,492,210156,Awoniyi,7,9,Coventry City,Forward,5.4,-0.1,-0.1,s,Suspended until 19 Oct,2026-09-13T15:00:09.305127Z,0,0,0.4,0.5,0.0,0.0,49,3854,21322,63649,5,,
2026-09-22T05:00:18+00:00,575,661888,Yirenkyi,7,9,Coventry City,Midfielder,4.8,-0.1,-0.2,a,,,,,0.1,2.0,2.0,2.0,168,755,2820,13422,,,
2026-09-22T05:00:18+00:00,584,196100,Hamer,7,9,Coventry City,Midfielder,5.4,0.0,-0.1,a,,,,,0.1,0.5,0.5,0.5,28,269,778,6276,,,
2026-09-22T05:00:18+00:00,599,627221,Cherif,7,9,Coventry City,Forward,5.0,0.0,0.0,a,,,,,0.1,0.2,0.2,0.2,357,556,7284,7395,,,
2026-09-22T05:00:18+00:00,623,79602,Bentley,7,9,Coventry City,Goalkeeper,4.0,0.0,0.0,a,,,,,0.6,0.0,0.0,0.0,6399,1143,76777,18035,,,
2026-09-22T05:00:18+00:00,655,242893,Gboho,7,9,Coventry City,Midfielder,5.5,0.0,0.0,a,,,,,0.0,0.0,0.0,0.0,50,43,248,92,,,
2026-09-22T05:00:18+00:00,656,566213,Mfuni,7,9,Coventry City,Defender,4.0,0.0,0.0,a,,,,,0.1,3.0,3.0,3.0,1244,569,9556,2370,,,
2026-09-22T05:00:18+00:00,42,485337,Guessand,8,31,Crystal Palace,Midfielder,5.4,0.0,-0.1,a,,,,,0.0,0.2,0.2,0.2,62,186,2355,3557,,,
2026-09-22T05:00:18+00:00,153,220362,Disasi,8,31,Crystal Palace,Defender,4.5,0.0,0.0,s,Suspended until 25 Oct,2026-09-12T15:30:09.445078Z,0,0,0.1,0.2,0.0,0.0,17,563,9418,10144,,,
2026-09-22T05:00:18+00:00,198,172649,Henderson,8,31,Crystal Palace,Goalkeeper,5.0,0.0,0.0,i,Foot injury - Expected back 11 Oct,2026-09-12T14:00:09.378740Z,0,0,1.3,0.8,0.0,0.0,91,7944,55217,116852,,,
2026-09-22T05:00:18+00:00,199,121709,Benitez,8,31,Crystal Palace,Goalkeeper,4.5,0.0,0.0,a,,,,,0.1,2.0,2.0,2.0,429,212,3521,4629,,,
2026-09-22T05:00:18+00:00,202,427623,Richards,8,31,Crystal Palace,Defender,5.0,0.0,0.0,a,,,,,0.6,2.8,2.8,2.8,1059,1567,21971,37298,,,
2026-09-22T05:00:18+00:00,203,651426,Canvot,8,31,Crystal Palace,Defender,4.8,-0.1,-0.2,a,,,,,0.2,2.2,2.2,2.2,239,655,5581,19305,,,
2026-09-22T05:00:18+00:00,204,244723,Mitchell,8,31,Crystal Palace,Defender,4.5,0.0,0.0,a,,,,,6.0,5.8,5.8,5.8,8966,11259,305501,259661,,,
2026-09-22T05:00:18+00:00,205,218364,Sosa,8,31,Crystal Palace,Defender,4.5,0.0,0.0,u,Has joined FC Cologne on loan for the rest of the season,2026-09-02T16:03:25.710518Z,0,0,0.0,0.0,0.0,0.0,0,72,236,2041,,,
2026-09-22T05:00:18+00:00,206,515621,Chadi Riad,8,31,Crystal Palace,Defender,4.3,-0.1,-0.2,i,Knee injury - Unknown return date,2026-08-22T18:00:07.352049Z,0,0,0.0,0.0,0.0,0.0,17,89,641,5640,,,
2026-09-22T05:00:18+00:00,207,242313,Mingueza,8,31,Crystal Palace,Defender,4.4,0.0,-0.1,a,,,,,0.1,0.5,0.5,0.5,59,202,1969,4758,,,
2026-09-22T05:00:18+00:00,208,232185,Sarr,8,31,Crystal Palace,Midfielder,6.2,0.0,-0.3,a,,2026-08-22T18:00:07.363165Z,100,100,0.6,0.2,0.2,0.2,1800,1496,5854,375947,2,,
2026-09-22T05:00:18+00:00,210,496221,Wharton,8,31,Crystal Palace,Midfielder,5.5,0.0,0.0,a,,2026-07-23T12:01:23.498963Z,100,100,0.7,2.0,2.0,2.0,822,3353,29229,47343,,,
2026-09-22T05:00:18+00:00,211,488024,Yeremy,8,31,Crystal Palace,Midfielder,5.5,0.0,0.0,a,,,,,0.4,3.2,3.2,3.2,495,2006,45039,30403,,,
2026-09-22T05:00:18+00:00,212,108413,Hughes,8,31,Crystal Palace,Midfielder,4.4,0.0,-0.1,a,,,,,7.4,0.5,0.5,0.5,6534,32471,119933,471086,,,
2026-09-22T05:00:18+00:00,213,152551,Lerma,8,31,Crystal Palace,Midfielder,4.8,-0.1,-0.2,a,,,,,0.1,0.2,0.2,0.2,45,253,1251,5434,,,
2026-09-22T05:00:18+00:00,214,209400,Kamada,8,31,Crystal Palace,Midfielder,5.0,0.0,0.0,a,,,,,0.5,4.5,4.5,4.5,2212,2092,48959,23709,,,
2026-09-22T05:00:18+00:00,215,489706,Devenny,8,31,Crystal Palace,Midfielder,5.0,0.0,0.0,u,Has joined Stoke City permanently,2026-09-02T15:41:07.346849Z,0,0,0.0,0.0,0.0,0.0,0,24,132,938,3,,
2026-09-22T05:00:18+00:00,216,606921,Esse,8,31,Crystal Palace,Midfielder,5.0,0.0,0.0,u,Has joined Millwall on loan for the rest of the season,2026-09-02T15:41:07.376544Z,0,0,0.0,0.0,0.0,0.0,0,85,399,3196,,,
2026-09-22T05:00:18+00:00,217,536694,M.França,8,31,Crystal Palace,Midfielder,4.9,0.0,-0.1,u,Has joined Alverca on loan for the rest of the season,2026-09-11T14:42:19.322912Z,0,0,0.0,0.0,0.0,0.0,0,96,1007,3378,,,
2026-09-22T05:00:18+00:00,218,438464,Doucouré,8,31,Crystal Palace,Midfielder,4.8,-0.1,-0.2,a,,,,,0.0,0.0,0.0,0.0,65,208,2039,4373,,,
2026-09-22T05:00:18+00:00,219,450542,J.Rak-Sakyi,8,31,Crystal Palace,Midfielder,4.9,0.0,-0.1,u,has joined  Kasimpasa on loan for the rest of the seaon.,2026-09-10T09:12:47.224598Z,0,0,0.0,0.0,0.0,0.0,0,15,145,457,,,
2026-09-22T05:00:18+00:00,220,590014,Cardines,8,31,Crystal Palace,Defender,4.5,0.0,0.0,u,Has joined Bristol City on loan for the rest of the season,2026-08-12T14:08:46.501813Z,0,0,0.0,0.0,0.0,0.0,0,3,0,128,,,
2026-09-22T05:00:18+00:00,221,672492,Drakes-Thomas,8,31,Crystal Palace,Midfielder,4.5,0.0,0.0,a,,,,,0.1,0.0,0.0,0.0,105,293,2653,4538,,,
2026-09-22T05:00:18+00:00,222,247412,Strand Larsen,8,31,Crystal Palace,Forward,6.0,0.0,0.0,a,,,,,0.6,3.2,3.2,3.2,3235,2705,48460,39759,,,
2026-09-22T05:00:18+00:00,223,231747,Mateta,8,31,Crystal Palace,Forward,6.3,0.0,-0.2,i,Hamstring injury - Expected back 11 Oct,2026-08-28T21:00:08.020382Z,0,0,1.3,0.0,0.0,0.0,135,6288,25888,451775,1,,
2026-09-22T05:00:18+00:00,224,205533,Nketiah,8,31,Crystal Palace,Forward,5.5,0.0,0.0,a,,2026-09-12T14:00:09.427136Z,100,100,0.5,1.8,1.8,1.8,831,2432,46812,49079,,,
2026-09-22T05:00:18+00:00,225,660392,Uche,8,31,Crystal Palace,Forward,5.0,0.0,0.0,u,has returned to Getafe CF,2026-07-23T12:18:56.275922Z,0,0,0.0,0.0,0.0,0.0,0,0,0,0,,,
2026-09-22T05:00:18+00:00,241,433154,McNeil,8,31,Crystal Palace,Midfielder,5.4,0.0,-0.1,a,,,,,0.1,0.2,0.2,0.2,47,330,1754,8059,,,
2026-09-22T05:00:18+00:00,555,169593,Matthews,8,31,Crystal Palace,Goalkeeper,4.0,0.0,0.0,a,,,,,1.7,0.0,0.0,0.0,733,2115,22917,30555,,,
2026-09-22T05:00:18+00:00,577,223723,Tomiyasu,8,31,Crystal Palace,Defender,4.4,0.0,-0.1,d,Calf injury - 75% chance of playing,2026-09-21T13:30:09.030724Z,,75,0.3,0.5,0.5,0.4,139,586,3468,12706,,,
2026-09-22T05:00:18+00:00,588,570794,Khalaili,8,31,Crystal Palace,Defender,5.0,0.0,0.0,a,,,,,0.3,4.5,4.5,4.5,1324,665,34017,14919,,,
2026-09-22T05:00:18+00:00,595,559152,Gozo,8,31,Crystal Palace,Midfielder,5.0,0.0,0.0,a,,,,,0.0,0.5,0.5,0.5,16,55,466,848,,,
2026-09-22T05:00:18+00:00,633,605972,Ahanor,8,31,Crystal Palace,Defender,4.5,0.0,0.0,a,,,,,0.0,1.0,1.0,1.0,101,76,1876,528,,,
2026-09-22T05:00:18+00:00,643,172850,Chilwell,8,31,Crystal Palace,Defender,4.5,0.0,0.0,a,,,,,0.4,2.7,2.7,2.7,377,2163,42931,17373,,,
2026-09-22T05:00:18+00:00,644,450063,Timber,8,31,Crystal Palace,Midfielder,5.0,0.0,0.0,a,,,,,0.0,3.0,3.0,3.0,313,217,4136,1409,,,
2026-09-22T05:00:18+00:00,647,533646,Osorio,8,31,Crystal Palace,Midfielder,5.5,0.0,0.0,a,,,,,0.0,0.3,0.3,0.3,11,52,930,388,,,
2026-09-22T05:00:18+00:00,21,128295,Nørgaard,9,11,Everton,Midfielder,4.9,0.0,-0.1,i,Groin injury - Unknown return date,2026-08-15T20:00:06.779594Z,0,0,0.0,0.0,0.0,0.0,25,214,465,7316,,,
2026-09-22T05:00:18+00:00,209,242898,Johnson,9,11,Everton,Midfielder,5.9,0.0,-0.1,a,,,,,0.1,2.0,2.0,2.0,258,504,5153,10219,,,
2026-09-22T05:00:18+00:00,226,111234,Pickford,9,11,Everton,Goalkeeper,5.5,0.0,0.0,a,,,,,9.1,4.5,4.5,4.5,20737,9591,288254,229710,,,
2026-09-22T05:00:18+00:00,227,229600,Travers,9,11,Everton,Goalkeeper,5.0,0.0,0.0,a,,,,,0.0,0.0,0.0,0.0,166,172,1724,2034,,,
2026-09-22T05:00:18+00:00,228,138001,King,9,11,Everton,Goalkeeper,4.5,0.0,0.0,a,,,,,0.0,0.0,0.0,0.0,75,115,1142,1682,,,
2026-09-22T05:00:18+00:00,229,17761,Tarkowski,9,11,Everton,Defender,6.1,0.0,0.1,a,,,,,15.7,9.2,9.2,9.2,154411,11090,865219,274676,,,
2026-09-22T05:00:18+00:00,230,480455,Branthwaite,9,11,Everton,Defender,5.5,0.0,0.0,a,,,,,2.4,5.2,5.2,5.2,13468,4271,133640,68736,,,
2026-09-22T05:00:18+00:00,231,106611,Keane,9,11,Everton,Defender,4.8,0.0,-0.2,a,,,,,0.7,0.0,0.0,0.0,273,2808,9178,89607,,,
2026-09-22T05:00:18+00:00,232,512462,O'Brien,9,11,Everton,Defender,4.8,-0.1,-0.2,a,,,,,0.3,0.5,0.5,0.5,235,794,4490,24265,,,
2026-09-22T05:00:18+00:00,233,224967,Mykolenko,9,11,Everton,Defender,4.6,0.1,0.1,a,,,,,4.2,5.2,5.2,5.2,34894,11095,406086,107548,,,
2026-09-22T05:00:18+00:00,234,243571,Patterson,9,11,Everton,Defender,4.5,0.0,0.0,u,Has joined Torino permanently,2026-09-02T16:05:23.326971Z,0,0,0.0,0.0,0.0,0.0,0,85,371,2398,,,
2026-09-22T05:00:18+00:00,235,499300,Aznou,9,11,Everton,Defender,4.0,0.0,0.0,u,Has joined Malaga on loan for the rest of the season,2026-09-01T13:23:16.934847Z,0,0,0.1,0.0,0.0,0.0,0,389,1728,10983,,,
2026-09-22T05:00:18+00:00,236,215413,Dewsbury-Hall,9,11,Everton,Midfielder,6.6,0.1,0.1,a,,,,,6.0,2.2,2.2,2.2,29462,33759,580226,313123,,,
2026-09-22T05:00:18+00:00,238,114283,Grealish,9,11,Everton,Midfielder,6.5,0.0,0.0,a,,2026-07-29T10:00:10.492904Z,100,100,0.5,1.2,1.2,1.2,2326,2111,39370,22395,,,
2026-09-22T05:00:18+00:00,239,232928,Garner,9,11,Everton,Midfielder,6.0,0.0,0.0,a,,2026-09-06T18:00:08.301702Z,100,100,0.2,2.5,2.5,2.5,1095,1429,20547,13329,2,,
2026-09-22T05:00:18+00:00,242,550615,George,9,11,Everton,Midfielder,5.5,0.0,0.0,a,,,,,0.9,4.0,4.0,4.0,1693,8684,106358,40348,,,
2026-09-22T05:00:18+00:00,243,502697,Alcaraz,9,11,Everton,Midfielder,4.9,0.0,-0.1,a,,,,,0.1,0.0,0.0,0.0,113,295,2814,5728,,,
2026-09-22T05:00:18+00:00,244,609873,Armstrong,9,11,Everton,Midfielder,5.0,0.0,0.0,a,,2026-09-17T08:30:08.942299Z,75,100,0.4,2.0,1.5,2.0,571,2618,53631,31972,,,
2026-09-22T05:00:18+00:00,245,496661,Dibling,9,11,Everton,Midfielder,5.4,0.0,-0.1,a,,,,,0.0,0.2,0.2,0.2,86,105,1141,2604,,,
2026-09-22T05:00:18+00:00,246,513466,Röhl,9,11,Everton,Midfielder,4.9,0.0,-0.1,i,Unspecified injury - Expected back 11 Oct,2026-09-16T18:00:09.541933Z,0,0,0.0,0.8,0.0,0.0,6,454,1961,4554,,,
2026-09-22T05:00:18+00:00,247,244860,Hackney,9,11,Everton,Midfielder,5.4,-0.1,-0.1,a,,2026-08-26T22:00:07.797766Z,100,100,0.2,1.8,1.8,1.8,144,819,3695,11659,,,
2026-09-22T05:00:18+00:00,248,486385,Beto,9,11,Everton,Forward,5.4,0.0,-0.1,u,Has joined Fiorentina permanently,2026-09-02T16:05:23.357221Z,0,0,0.6,0.2,0.0,0.0,0,5317,16222,217639,,,
2026-09-22T05:00:18+00:00,249,586309,Barry,9,11,Everton,Forward,5.6,0.0,0.1,a,,,,,8.1,3.0,3.0,3.0,52260,26154,934415,344330,1,,
2026-09-22T05:00:18+00:00,649,154043,Maitland-Niles,9,11,Everton,Defender,4.5,0.0,0.0,a,,,,,1.2,7.0,7.0,7.0,13769,2677,86801,12569,,,
2026-09-22T05:00:18+00:00,654,629068,Graham,9,11,Everton,Midfielder,4.5,0.0,0.0,a,,,,,0.1,0.0,0.0,0.0,160,699,11206,5004,,,
2026-09-22T05:00:18+00:00,250,80201,Leno,10,54,Fulham,Goalkeeper,4.5,0.0,0.0,a,,,,,3.3,3.6,3.6,3.6,25166,5730,136063,96772,,,
2026-09-22T05:00:18+00:00,251,86873,Lecomte,10,54,Fulham,Goalkeeper,4.0,0.0,0.0,a,,,,,1.1,0.0,0.0,0.0,1784,1628,24512,25063,,,
2026-09-22T05:00:18+00:00,252,505079,McNally,10,54,Fulham,Goalkeeper,4.0,0.0,0.0,u,Has joined York City on loan for the rest of the season,2026-09-01T13:25:11.231240Z,0,0,0.1,0.0,0.0,0.0,0,450,2589,6446,,,
2026-09-22T05:00:18+00:00,253,174874,Andersen,10,54,Fulham,Defender,5.0,0.0,0.0,a,,2026-07-23T12:01:23.516350Z,100,100,0.1,0.6,0.6,0.6,1921,740,13795,8850,,,
2026-09-22T05:00:18+00:00,254,169528,Robinson,10,54,Fulham,Defender,4.5,0.0,0.0,a,,,,,1.4,2.4,2.4,2.4,10661,3924,53146,67899,2,,
2026-09-22T05:00:18+00:00,255,246301,J.Cuenca,10,54,Fulham,Defender,4.5,0.0,0.0,a,,,,,0.0,0.6,0.6,0.6,45,69,1525,1962,,,
2026-09-22T05:00:18+00:00,256,167074,Tete,10,54,Fulham,Defender,4.4,0.0,-0.1,a,,2026-09-18T12:30:09.546158Z,0,100,0.2,0.0,0.0,0.0,23,885,1354,10330,,,
2026-09-22T05:00:18+00:00,257,232892,Bassey,10,54,Fulham,Defender,4.5,0.0,0.0,a,,,,,0.7,3.0,3.0,3.0,3111,1023,24125,29169,,,
2026-09-22T05:00:18+00:00,258,166477,Castagne,10,54,Fulham,Defender,4.5,0.0,0.0,a,,,,,0.9,4.0,4.0,4.0,10925,3032,87567,41761,,,
2026-09-22T05:00:18+00:00,261,153133,Iwobi,10,54,Fulham,Midfielder,5.4,0.0,-0.1,a,,,,,0.7,2.8,2.8,2.8,1960,2251,20880,54612,3,,
2026-09-22T05:00:18+00:00,262,209289,Smith Rowe,10,54,Fulham,Midfielder,5.4,0.0,-0.1,a,,,,,0.2,0.6,0.6,0.6,185,957,4383,20616,,,
2026-09-22T05:00:18+00:00,263,560552,Kevin,10,54,Fulham,Midfielder,5.3,0.0,-0.2,a,,,,,0.0,0.8,0.8,0.8,126,190,1930,4127,,,
2026-09-22T05:00:18+00:00,264,477555,Bobb,10,54,Fulham,Midfielder,5.5,0.0,0.0,a,,,,,0.3,2.6,2.6,2.6,1393,1230,15396,20336,,,
2026-09-22T05:00:18+00:00,265,207189,Berge,10,54,Fulham,Midfielder,4.9,0.0,-0.1,a,,,,,0.3,2.2,2.2,2.2,416,920,6147,17676,,,
2026-09-22T05:00:18+00:00,266,76357,Cairney,10,54,Fulham,Midfielder,4.9,0.0,-0.1,i,Knee injury - Expected back 10 Oct,2026-08-14T18:00:06.460944Z,0,0,0.0,0.0,0.0,0.0,6,15,107,326,,,
2026-09-22T05:00:18+00:00,268,577725,King,10,54,Fulham,Midfielder,5.5,0.0,0.0,a,,,,,2.4,4.8,4.8,4.8,56824,11151,300959,89719,,,
2026-09-22T05:00:18+00:00,269,184349,Sessegnon,10,54,Fulham,Defender,4.3,-0.1,-0.2,a,,2026-09-14T11:30:07.403957Z,75,100,0.3,0.6,0.4,0.6,141,1005,2584,18703,,,
2026-09-22T05:00:18+00:00,270,153366,Reed,10,54,Fulham,Midfielder,4.4,0.0,-0.1,a,,,,,1.1,0.0,0.0,0.0,2069,4976,35561,71201,,,
2026-09-22T05:00:18+00:00,271,244042,Muniz,10,54,Fulham,Forward,5.4,0.0,-0.1,a,,,,,0.4,0.6,0.6,0.6,1168,1895,15497,34336,,,
2026-09-22T05:00:18+00:00,272,631786,Kusi-Asare,10,54,Fulham,Forward,4.5,0.0,0.0,a,,,,,5.5,0.0,0.0,0.0,7282,24080,156753,291885,,,
2026-09-22T05:00:18+00:00,569,551466,Gonzalo,10,54,Fulham,Forward,6.0,0.0,0.0,a,,,,,3.8,2.8,2.8,2.8,39966,21776,402275,301161,1,,
2026-09-22T05:00:18+00:00,570,571779,Palacios,10,54,Fulham,Midfielder,5.4,0.0,-0.1,a,,,,,0.2,2.4,2.4,2.4,566,674,5855,10320,,,
2026-09-22T05:00:18+00:00,580,463210,Charles,10,54,Fulham,Midfielder,5.0,0.0,0.0,a,,,,,0.1,2.6,2.6,2.6,349,261,2079,3937,,,
2026-09-22T05:00:18+00:00,610,547686,De Fougerolles,10,54,Fulham,Defender,4.0,0.0,0.0,u,has joined  Real Salt Lake on loan for the rest of the seaon.,2026-08-28T11:30:08.336405Z,0,0,0.1,0.0,0.0,0.0,0,364,5787,5110,,,
2026-09-22T05:00:18+00:00,626,616069,Zepa,10,54,Fulham,Midfielder,4.5,0.0,0.0,a,,,,,0.3,0.0,0.0,0.0,79,1619,34246,17833,,,
2026-09-22T05:00:18+00:00,635,551050,Larsson,10,54,Fulham,Midfielder,5.0,0.0,0.0,a,,,,,0.0,1.0,1.0,1.0,62,53,807,286,,,
2026-09-22T05:00:18+00:00,636,500033,Ángel,10,54,Fulham,Midfielder,5.0,0.0,0.0,a,,,,,0.0,0.0,0.0,0.0,21,18,358,160,,,
2026-09-22T05:00:18+00:00,650,442299,Affengruber,10,54,Fulham,Defender,4.5,0.0,0.0,a,,,,,0.0,4.0,4.0,4.0,1824,352,4702,974,,,
2026-09-22T05:00:18+00:00,240,490094,Iroegbunam,11,88,Hull City,Midfielder,5.0,0.0,0.0,a,,2026-08-15T20:00:06.878792Z,100,100,0.0,0.5,0.5,0.5,55,102,1093,1116,,,
2026-09-22T05:00:18+00:00,273,167825,Phillips,11,88,Hull City,Goalkeeper,4.0,0.0,0.0,a,,,,,1.4,0.0,0.0,0.0,1597,2227,27722,37110,,,
2026-09-22T05:00:18+00:00,274,105666,Butland,11,88,Hull City,Goalkeeper,4.5,0.0,0.0,i,Arm injury - Unknown return date,2026-08-08T19:00:05.601633Z,0,0,0.1,0.0,0.0,0.0,47,208,616,4821,,,
2026-09-22T05:00:18+00:00,275,494950,Cartwright,11,88,Hull City,Goalkeeper,4.0,0.0,0.0,u,Has joined Grimsby Town on loan for the rest of the season,2026-07-29T13:00:27.959925Z,0,0,0.0,0.0,0.0,0.0,0,17,0,319,,,
2026-09-22T05:00:18+00:00,276,444307,Lo-Tutala,11,88,Hull City,Goalkeeper,4.0,0.0,0.0,u,Has joined Colchester United on loan for the rest of the season,2026-08-17T13:50:27.125537Z,0,0,0.0,0.0,0.0,0.0,0,79,0,1073,,,
2026-09-22T05:00:18+00:00,277,108416,Egan,11,88,Hull City,Defender,4.1,0.0,0.1,a,,,,,7.1,4.5,4.5,4.5,19602,20255,742761,207176,,,
2026-09-22T05:00:18+00:00,278,501902,Hughes,11,88,Hull City,Defender,3.9,0.0,-0.1,i,Groin injury - Unknown return date,2026-08-02T09:00:11.030017Z,0,0,0.2,0.0,0.0,0.0,867,1318,16656,12285,,,
2026-09-22T05:00:18+00:00,279,146426,Ajayi,11,88,Hull City,Defender,4.2,0.0,0.2,a,,2026-08-22T17:30:07.668197Z,100,100,14.1,3.2,3.2,3.2,34319,41896,1345704,292398,,,
2026-09-22T05:00:18+00:00,280,193278,Coyle,11,88,Hull City,Defender,4.0,0.0,0.0,a,,2026-08-29T16:30:08.151841Z,100,100,0.7,2.0,2.0,2.0,1563,1373,27135,25181,,,
2026-09-22T05:00:18+00:00,281,433590,Drameh,11,88,Hull City,Defender,4.0,0.0,0.0,u,Has joined Genoa permanently,2026-09-02T16:09:06.479140Z,0,0,0.0,0.2,0.0,0.0,0,170,2118,4423,,,
2026-09-22T05:00:18+00:00,282,232351,Giles,11,88,Hull City,Defender,4.0,0.0,0.0,a,,,,,2.9,4.5,4.5,4.5,16889,9525,273706,61816,,,
2026-09-22T05:00:18+00:00,283,449428,Jacob,11,88,Hull City,Defender,4.0,0.0,0.0,u,Has joined Newport County on loan until January,2026-08-02T09:00:11.038361Z,0,0,0.0,0.0,0.0,0.0,0,20,114,677,,,
2026-09-22T05:00:18+00:00,284,661800,McCarthy,11,88,Hull City,Defender,4.0,0.0,0.0,a,,,,,0.1,0.0,0.0,0.0,280,302,4814,4454,,,
2026-09-22T05:00:18+00:00,285,160817,McNair,11,88,Hull City,Defender,4.0,0.0,0.0,a,,2026-09-09T13:30:08.327907Z,100,100,0.1,0.0,0.0,0.0,129,289,3082,4598,,,
2026-09-22T05:00:18+00:00,286,540324,Belloumi,11,88,Hull City,Midfielder,5.1,0.0,0.1,a,,,,,4.8,7.0,7.0,7.0,53134,16918,483070,76956,,,
2026-09-22T05:00:18+00:00,287,232905,Millar,11,88,Hull City,Midfielder,5.0,0.0,0.0,u,Has joined Birmingham on loan for the rest of the season,2026-09-02T15:36:41.038103Z,0,0,0.0,1.5,0.0,0.0,0,210,3178,7430,,,
2026-09-22T05:00:18+00:00,288,171270,Dowell,11,88,Hull City,Midfielder,4.5,0.0,0.0,a,,,,,0.3,0.0,0.0,0.0,406,1444,12163,21027,,,
2026-09-22T05:00:18+00:00,289,101282,Crooks,11,88,Hull City,Midfielder,4.4,-0.1,-0.1,a,,2026-08-29T15:00:08.569326Z,100,100,0.5,0.2,0.2,0.2,3691,2995,23050,39224,,,
2026-09-22T05:00:18+00:00,290,243413,Slater,11,88,Hull City,Midfielder,4.5,0.0,0.0,a,,,,,5.3,2.2,2.2,2.2,11296,27833,494229,268832,,,
2026-09-22T05:00:18+00:00,291,465525,Matazo,11,88,Hull City,Midfielder,4.5,0.0,0.0,i,Knee injury - Unknown return date,2026-07-23T12:01:23.532635Z,0,0,0.0,0.0,0.0,0.0,21,44,372,482,,,
2026-09-22T05:00:18+00:00,292,208481,Ömür,11,88,Hull City,Midfielder,4.9,0.0,-0.1,a,,,,,0.0,0.0,0.0,0.0,62,102,1180,1583,,,
2026-09-22T05:00:18+00:00,293,490161,Kamara,11,88,Hull City,Midfielder,5.0,0.0,0.0,u,Has joined Portsmouth permanently,2026-08-12T14:08:23.542043Z,0,0,0.0,0.0,0.0,0.0,0,9,0,371,,,
2026-09-22T05:00:18+00:00,294,553783,Zambrano,11,88,Hull City,Midfielder,4.5,0.0,0.0,a,,2026-08-04T18:30:11.016909Z,100,100,0.1,0.0,0.0,0.0,104,352,3833,6681,,,
2026-09-22T05:00:18+00:00,295,169432,McBurnie,11,88,Hull City,Forward,5.5,0.0,0.0,a,,,,,1.9,2.0,2.0,2.0,5485,13662,186471,149009,1,,
2026-09-22T05:00:18+00:00,296,213292,Akintola,11,88,Hull City,Midfielder,5.0,0.0,0.0,u,Has joined Omonoia FC permanently,2026-09-11T14:42:38.120231Z,0,0,0.0,0.0,0.0,0.0,0,196,2704,4809,,,
2026-09-22T05:00:18+00:00,297,470294,Gyabi,11,88,Hull City,Midfielder,4.5,0.0,0.0,i,Thigh injury - Unknown return date,2026-08-04T18:30:11.027155Z,0,0,0.0,0.0,0.0,0.0,23,89,412,1557,,,
2026-09-22T05:00:18+00:00,298,500957,Destan,11,88,Hull City,Forward,4.5,0.0,0.0,u,Has joined Konyaspor permanently,2026-08-17T13:50:27.145733Z,0,0,0.2,0.0,0.0,0.0,0,936,0,21889,,,
2026-09-22T05:00:18+00:00,299,534392,Burstow,11,88,Hull City,Forward,4.5,0.0,0.0,u,Has joined Sheffield Wednesday on loan for the rest of the season,2026-08-03T14:05:20.234842Z,0,0,0.0,0.0,0.0,0.0,0,173,0,3023,,,
2026-09-22T05:00:18+00:00,340,462635,Gelhardt,11,88,Hull City,Midfielder,5.0,0.0,0.0,a,,2026-08-17T21:30:07.799839Z,100,100,0.0,0.2,0.2,0.2,61,71,671,978,,,
2026-09-22T05:00:18+00:00,556,169359,Targett,11,88,Hull City,Defender,4.0,0.0,0.0,d,Ankle injury - 75% chance of playing,2026-09-17T14:00:26.419938Z,75,75,1.7,0.0,0.0,0.0,79,7153,24803,84429,,,
2026-09-22T05:00:18+00:00,563,445028,Morita,11,88,Hull City,Midfielder,5.0,0.0,0.0,i,Calf injury - Expected back 11 Oct,2026-09-09T14:00:08.474217Z,0,0,0.0,0.2,0.0,0.0,9,105,712,1701,,,
2026-09-22T05:00:18+00:00,572,473284,Tzolakis,11,88,Hull City,Goalkeeper,4.6,0.0,0.1,a,,,,,12.3,6.0,6.0,6.0,77896,13250,949224,208900,,,
2026-09-22T05:00:18+00:00,574,552946,Hjertø-Dahl,11,88,Hull City,Midfielder,4.9,0.0,-0.1,a,,,,,0.1,0.2,0.2,0.2,58,227,1419,4347,,,
2026-09-22T05:00:18+00:00,576,608227,Stroud,11,88,Hull City,Midfielder,5.0,0.0,0.0,a,,,,,0.1,1.0,1.0,1.0,90,328,3612,4551,,,
2026-09-22T05:00:18+00:00,585,597462,Herrington,11,88,Hull City,Defender,4.0,0.0,0.0,a,,,,,0.6,1.0,1.0,1.0,746,1120,12545,18007,,,
2026-09-22T05:00:18+00:00,586,606930,Mendy,11,88,Hull City,Defender,4.1,0.0,0.1,a,,2026-09-12T18:00:09.334142Z,0,100,6.3,2.5,0.0,2.5,4666,28040,680958,353023,,,
2026-09-22T05:00:18+00:00,589,469266,Gourna-Douath,11,88,Hull City,Midfielder,5.0,0.0,0.0,a,,,,,0.0,1.0,1.0,1.0,27,70,696,1305,,,
2026-09-22T05:00:18+00:00,617,490884,Cho,11,88,Hull City,Midfielder,5.0,0.0,0.0,a,,,,,0.0,2.2,2.2,2.2,256,100,1692,712,,,
2026-09-22T05:00:18+00:00,632,626751,Ansah,11,88,Hull City,Forward,5.0,0.0,0.0,i,Back injury - Unknown return date,2026-09-09T10:00:08.919489Z,0,0,0.0,0.0,0.0,0.0,47,305,5094,3385,,,
2026-09-22T05:00:18+00:00,637,631000,Vaz,11,88,Hull City,Forward,5.0,0.0,0.0,a,,,,,0.1,0.7,0.7,0.7,1274,794,11779,3615,,,
2026-09-22T05:00:18+00:00,638,496181,Norton-Cuffy,11,88,Hull City,Defender,4.0,0.0,0.0,d,Hamstring injury - 75% chance of playing,2026-09-21T08:30:09.561308Z,,75,0.2,0.3,0.3,0.2,423,1508,26039,9334,,,
2026-09-22T05:00:18+00:00,642,243951,Thomas,11,88,Hull City,Midfielder,5.5,0.0,0.0,a,,,,,0.0,1.3,1.3,1.3,309,241,2913,1090,,,
2026-09-22T05:00:18+00:00,645,647839,Mouzakitis,11,88,Hull City,Midfielder,5.0,0.0,0.0,a,,,,,0.0,0.0,0.0,0.0,53,67,745,293,,,
2026-09-22T05:00:18+00:00,259,219924,Diop,12,40,Ipswich Town,Defender,4.0,0.0,0.0,a,,,,,12.9,2.5,2.5,2.5,4984,40037,134021,492659,,,
2026-09-22T05:00:18+00:00,267,212314,Lukić,12,40,Ipswich Town,Midfielder,4.9,-0.1,-0.1,a,,,,,0.1,1.5,1.5,1.5,137,378,3365,6331,,,
2026-09-22T05:00:18+00:00,300,108813,Walton,12,40,Ipswich Town,Goalkeeper,4.4,0.0,-0.1,a,,,,,0.4,0.5,0.5,0.5,1124,592,2809,14505,,,
2026-09-22T05:00:18+00:00,301,112520,Palmer,12,40,Ipswich Town,Goalkeeper,4.0,0.0,0.0,a,,,,,3.9,0.0,0.0,0.0,2747,8171,73343,109410,,,
2026-09-22T05:00:18+00:00,302,50093,Button,12,40,Ipswich Town,Goalkeeper,4.0,0.0,0.0,a,,,,,0.6,0.0,0.0,0.0,1105,876,31115,14728,,,
2026-09-22T05:00:18+00:00,303,183015,Kipré,12,40,Ipswich Town,Defender,3.9,0.0,-0.1,a,,,,,0.9,0.0,0.0,0.0,3268,2977,47889,27724,,,
2026-09-22T05:00:18+00:00,304,216616,O'Shea,12,40,Ipswich Town,Defender,4.0,0.0,0.0,a,,,,,2.7,1.5,1.5,1.5,1323,10363,64742,123706,,,
2026-09-22T05:00:18+00:00,305,455084,Davis,12,40,Ipswich Town,Defender,4.0,0.0,0.0,a,,,,,6.9,5.8,5.8,5.8,34994,17172,355197,174788,,,
2026-09-22T05:00:18+00:00,306,449429,Greaves,12,40,Ipswich Town,Defender,4.0,0.0,0.0,a,,,,,1.1,0.2,0.2,0.2,321,2377,8057,37118,,,
2026-09-22T05:00:18+00:00,307,222018,Johnson,12,40,Ipswich Town,Defender,4.0,0.0,0.0,u,Has joined Stoke City on loan for the rest of the season,2026-09-04T12:36:56.236331Z,0,0,0.1,0.0,0.0,0.0,0,271,1137,6218,,,
2026-09-22T05:00:18+00:00,308,176420,Furlong,12,40,Ipswich Town,Defender,3.9,0.0,-0.1,a,,,,,0.6,0.2,0.2,0.2,4615,1824,17252,18601,,,
2026-09-22T05:00:18+00:00,309,501390,Núñez,12,40,Ipswich Town,Midfielder,4.9,0.0,-0.1,a,,,,,0.1,0.5,0.5,0.5,58,446,3075,7453,,,
2026-09-22T05:00:18+00:00,310,241117,Matusiwa,12,40,Ipswich Town,Midfielder,4.9,0.0,-0.1,a,,2026-07-29T18:00:10.305484Z,100,100,0.0,0.0,0.0,0.0,10,13,121,274,,,
2026-09-22T05:00:18+00:00,311,149929,Burns,12,40,Ipswich Town,Midfielder,5.0,0.0,0.0,u,Has joined Leicester City permanently,2026-08-10T14:02:47.597478Z,0,0,0.0,0.0,0.0,0.0,0,6,0,345,,,
2026-09-22T05:00:18+00:00,312,231899,Taylor,12,40,Ipswich Town,Midfielder,4.4,-0.1,-0.1,i,Knee injury - Unknown return date,2026-07-29T18:00:10.319370Z,0,0,0.0,0.0,0.0,0.0,260,174,836,2555,,,
2026-09-22T05:00:18+00:00,313,443261,Clarke,12,40,Ipswich Town,Midfielder,5.4,0.0,-0.1,a,,,,,0.2,1.0,1.0,1.0,89,699,5440,15493,1,,
2026-09-22T05:00:18+00:00,314,229164,Ogbene,12,40,Ipswich Town,Midfielder,4.9,0.0,-0.1,u,Has joined Lincoln City on loan until January,2026-09-02T16:04:17.497385Z,0,0,0.0,0.0,0.0,0.0,0,50,104,1192,,,
2026-09-22T05:00:18+00:00,315,531442,Fatawu,12,40,Ipswich Town,Midfielder,5.4,0.0,-0.1,s,Suspended until 17 Oct,2026-09-19T15:30:10.126897Z,,0,0.2,1.5,1.5,0.0,46,1822,5348,12666,,,
2026-09-22T05:00:18+00:00,316,543968,Emersonn,12,40,Ipswich Town,Forward,5.5,0.0,0.0,a,,2026-08-31T09:30:08.306145Z,100,100,3.4,4.2,4.2,4.2,24901,16854,308599,136128,2,,
2026-09-22T05:00:18+00:00,317,222625,Hirst,12,40,Ipswich Town,Forward,5.0,0.0,0.0,u,Has joined Stoke City permanently,2026-08-21T13:06:08.606019Z,0,0,0.1,0.0,0.0,0.0,0,320,0,16950,,,
2026-09-22T05:00:18+00:00,318,481624,Philogene,12,40,Ipswich Town,Midfielder,5.4,0.0,-0.1,a,,2026-08-25T11:30:07.532993Z,100,100,0.1,0.5,0.5,0.5,20,110,288,9234,3,,
2026-09-22T05:00:18+00:00,319,172453,Szmodics,12,40,Ipswich Town,Midfielder,5.0,0.0,0.0,u,Has joined Derby County on loan for the rest of the season,2026-08-17T13:51:41.713979Z,0,0,0.0,0.0,0.0,0.0,0,5,0,752,,,
2026-09-22T05:00:18+00:00,320,147675,Akpom,12,40,Ipswich Town,Forward,5.0,0.0,0.0,a,,,,,1.2,1.5,1.5,1.5,3757,7255,129713,71688,,,
2026-09-22T05:00:18+00:00,321,557012,Walle Egeli,12,40,Ipswich Town,Forward,4.5,0.0,0.0,a,,,,,3.5,0.0,0.0,0.0,12680,19375,325301,203862,,,
2026-09-22T05:00:18+00:00,322,462387,Al-Hamadi,12,40,Ipswich Town,Forward,5.0,0.0,0.0,u,Has joined Sheffield Wednesday on loan for the rest of the season,2026-08-27T14:54:10.215357Z,0,0,0.1,0.0,0.0,0.0,0,265,755,9810,,,
2026-09-22T05:00:18+00:00,323,461587,McAteer,12,40,Ipswich Town,Midfielder,4.4,-0.1,-0.1,a,,,,,1.0,0.5,0.5,0.5,402,4793,27146,60640,,,
2026-09-22T05:00:18+00:00,324,232457,Mehmeti,12,40,Ipswich Town,Midfielder,4.8,-0.1,-0.2,a,,,,,0.0,0.0,0.0,0.0,49,95,375,2426,,,
2026-09-22T05:00:18+00:00,554,546600,Van Oevelen,12,40,Ipswich Town,Goalkeeper,4.5,0.0,0.0,u,Has joined Valencia on loan for the rest of the season,2026-08-25T14:04:09.529320Z,0,0,0.0,0.0,0.0,0.0,0,59,54,1933,,,
2026-09-22T05:00:18+00:00,562,442967,Maeda,12,40,Ipswich Town,Midfielder,5.3,-0.1,-0.2,a,,,,,0.2,1.5,1.5,1.5,90,1129,2818,19899,,,
2026-09-22T05:00:18+00:00,564,240514,Scherpen,12,40,Ipswich Town,Goalkeeper,4.5,0.0,0.0,a,,,,,0.6,1.2,1.2,1.2,390,1825,14957,22402,,,
2026-09-22T05:00:18+00:00,571,216055,Florentino,12,40,Ipswich Town,Midfielder,4.8,-0.1,-0.2,a,,2026-08-25T11:30:07.678802Z,100,100,0.1,0.5,0.5,0.5,65,235,1010,6966,,,
2026-09-22T05:00:18+00:00,591,474120,Enciso,12,40,Ipswich Town,Midfielder,5.5,0.0,0.0,a,,2026-08-22T18:00:07.551930Z,100,100,0.8,2.5,2.5,2.5,1445,4712,93008,51001,,,
2026-09-22T05:00:18+00:00,592,572584,Ouattara,12,40,Ipswich Town,Defender,4.0,0.0,0.0,a,,,,,0.9,1.2,1.2,1.2,502,1458,13287,25594,,,
2026-09-22T05:00:18+00:00,602,524180,Humphreys,12,40,Ipswich Town,Midfielder,4.5,0.0,0.0,u,Has joined Huddersfield Town on loan for the rest of the season,2026-09-02T16:04:17.524642Z,0,0,0.0,0.0,0.0,0.0,0,172,2861,3166,,,
2026-09-22T05:00:18+00:00,619,218543,Palacios,12,40,Ipswich Town,Midfielder,5.0,0.0,0.0,a,,,,,0.1,2.8,2.8,2.8,385,585,8873,3195,,,
2026-09-22T05:00:18+00:00,640,431639,Flemming,12,40,Ipswich Town,Forward,5.5,0.0,0.0,a,,,,,0.1,2.0,2.0,2.0,618,734,8980,2956,,,
2026-09-22T05:00:18+00:00,260,153682,Wilson,13,2,Leeds,Midfielder,6.2,0.0,-0.3,i,Thigh injury - Unknown return date,2026-09-18T13:30:09.626858Z,0,0,1.8,0.5,0.0,0.0,46,31176,29017,447878,,,
2026-09-22T05:00:18+00:00,326,201595,Perri,13,2,Leeds,Goalkeeper,4.5,0.0,0.0,u,Has joined Torino on loan for the rest of the season,2026-09-01T13:12:39.210133Z,0,0,0.3,0.0,0.0,0.0,0,861,532,26061,,,
2026-09-22T05:00:18+00:00,327,434752,Bijol,13,2,Leeds,Defender,5.0,0.0,0.0,a,,,,,0.7,0.5,0.5,0.5,565,4022,68867,57637,,,
2026-09-22T05:00:18+00:00,329,214225,Rodon,13,2,Leeds,Defender,4.3,-0.1,-0.2,i,Hamstring injury - Expected back 21 Nov,2026-08-30T16:00:08.564382Z,0,0,0.8,0.2,0.0,0.0,30,6796,26924,294801,,,
2026-09-22T05:00:18+00:00,330,226182,Bogle,13,2,Leeds,Defender,4.6,0.0,0.1,a,,,,,6.7,9.0,9.0,9.0,86481,15590,613054,74798,,,
2026-09-22T05:00:18+00:00,331,243526,Gudmundsson,13,2,Leeds,Defender,4.5,0.0,0.0,a,,2026-08-08T20:00:07.546568Z,100,100,0.1,3.5,3.5,3.5,320,197,3918,2627,,,
2026-09-22T05:00:18+00:00,332,220627,Justin,13,2,Leeds,Defender,4.5,0.0,0.0,a,,,,,1.5,4.0,4.0,4.0,2684,4070,119956,68983,,,
2026-09-22T05:00:18+00:00,333,437738,Bornauw,13,2,Leeds,Defender,4.5,0.0,0.0,u,Has joined Hamburg SV on loan for the rest of the season,2026-08-19T13:56:14.645970Z,0,0,0.0,0.0,0.0,0.0,0,4,0,298,,,
2026-09-22T05:00:18+00:00,334,522047,Muharemović,13,2,Leeds,Defender,5.0,0.0,0.0,a,,,,,4.3,5.2,5.2,5.2,16998,14277,288283,163161,,,
2026-09-22T05:00:18+00:00,335,466525,Stach,13,2,Leeds,Midfielder,6.0,0.0,0.0,a,,,,,2.5,3.5,3.5,3.5,3345,14768,200688,159501,,,
2026-09-22T05:00:18+00:00,336,435997,Okafor,13,2,Leeds,Midfielder,5.8,0.0,-0.2,a,,,,,0.4,4.2,4.2,4.2,1196,2427,26303,34213,,,
2026-09-22T05:00:18+00:00,337,427637,Aaronson,13,2,Leeds,Midfielder,5.3,-0.1,-0.2,a,,,,,0.5,1.0,1.0,1.0,141,2509,6704,47238,,,
2026-09-22T05:00:18+00:00,338,199598,Ampadu,13,2,Leeds,Midfielder,5.4,0.0,-0.1,a,,,,,0.9,4.0,4.0,4.0,1001,3513,17434,59192,,,
2026-09-22T05:00:18+00:00,339,180135,Longstaff,13,2,Leeds,Midfielder,4.9,0.0,-0.1,a,,,,,0.1,0.2,0.2,0.2,91,449,2464,7933,,,
2026-09-22T05:00:18+00:00,341,492859,Gnonto,13,2,Leeds,Midfielder,5.0,0.0,0.0,u,Has joined ACF Fiorentina on loan for the rest of the season,2026-09-02T16:04:47.189648Z,0,0,0.0,0.0,0.0,0.0,0,38,244,1796,,,
2026-09-22T05:00:18+00:00,342,221399,Harrison,13,2,Leeds,Midfielder,5.0,0.0,0.0,u,Has joined New England Revolution permanently,2026-07-28T12:59:09.492431Z,0,0,0.0,0.0,0.0,0.0,0,4,0,78,,,
2026-09-22T05:00:18+00:00,343,200617,James,13,2,Leeds,Midfielder,4.9,0.0,-0.1,a,,,,,0.1,0.8,0.8,0.8,136,411,4105,7861,,,
2026-09-22T05:00:18+00:00,344,486520,Gruev,13,2,Leeds,Midfielder,5.0,0.0,0.0,a,,2026-08-14T23:00:06.272027Z,100,100,0.0,0.0,0.0,0.0,34,10,113,305,,,
2026-09-22T05:00:18+00:00,345,248056,Tanaka,13,2,Leeds,Midfielder,4.9,0.0,-0.1,a,,,,,0.3,3.5,3.5,3.5,1456,1570,21974,16805,,,
2026-09-22T05:00:18+00:00,346,177815,Calvert-Lewin,13,2,Leeds,Forward,6.0,0.0,0.0,a,,,,,25.1,5.2,5.2,5.2,68265,122362,984894,1275304,1,,
2026-09-22T05:00:18+00:00,347,174594,Nmecha,13,2,Leeds,Forward,5.4,0.0,-0.1,a,,,,,0.5,1.8,1.8,1.8,1305,2696,21499,36117,2,,
2026-09-22T05:00:18+00:00,348,235826,Piroe,13,2,Leeds,Forward,5.0,0.0,0.0,u,Has joined West Ham United on loan for the rest of the season,2026-08-19T13:56:14.666726Z,0,0,0.1,0.0,0.0,0.0,0,303,0,11098,3,,
2026-09-22T05:00:18+00:00,349,565297,Mateo Joseph,13,2,Leeds,Forward,4.5,0.0,0.0,i,Knee injury - Unknown return date,2026-07-29T18:00:10.338170Z,0,0,0.1,0.0,0.0,0.0,218,347,3004,4321,,,
2026-09-22T05:00:18+00:00,385,432720,Trafford,13,2,Leeds,Goalkeeper,5.0,0.0,0.0,a,,,,,5.5,4.8,4.8,4.8,12745,9579,254716,153924,,,
2026-09-22T05:00:18+00:00,598,173774,Elvedi,13,2,Leeds,Defender,4.5,0.0,0.0,a,,,,,0.1,3.2,3.2,3.2,154,144,5269,2703,,,
2026-09-22T05:00:18+00:00,603,643970,Lienou,13,2,Leeds,Defender,4.0,0.0,0.0,a,,,,,0.1,0.0,0.0,0.0,173,357,6846,3824,,,
2026-09-22T05:00:18+00:00,604,592740,Cresswell,13,2,Leeds,Midfielder,4.5,0.0,0.0,a,,,,,0.1,0.0,0.0,0.0,222,637,13978,7665,,,
2026-09-22T05:00:18+00:00,625,97846,Cairns,13,2,Leeds,Goalkeeper,4.0,0.0,0.0,a,,,,,0.2,0.0,0.0,0.0,623,517,19582,5675,,,
2026-09-22T05:00:18+00:00,629,155465,Zetterer,13,2,Leeds,Goalkeeper,4.0,0.0,0.0,a,,,,,0.7,0.0,0.0,0.0,2192,1843,57632,13218,,,
2026-09-22T05:00:18+00:00,641,437497,Bard,13,2,Leeds,Defender,4.5,0.0,0.0,a,,,,,0.0,0.3,0.3,0.3,68,59,930,335,,,
2026-09-22T05:00:18+00:00,648,587982,Bahoya,13,2,Leeds,Midfielder,5.0,0.0,0.0,a,,,,,0.0,0.3,0.3,0.3,72,130,2204,1098,,,
2026-09-22T05:00:18+00:00,350,116535,A.Becker,14,14,Liverpool,Goalkeeper,5.5,0.0,0.0,a,,,,,3.9,5.4,5.4,5.4,7360,7561,140678,141085,,,
2026-09-22T05:00:18+00:00,351,449027,Mamardashvili,14,14,Liverpool,Goalkeeper,4.9,0.0,-0.1,a,,,,,0.1,0.0,0.0,0.0,170,418,2782,8436,,,
2026-09-22T05:00:18+00:00,352,155503,Woodman,14,14,Liverpool,Goalkeeper,4.0,0.0,0.0,a,,,,,1.0,0.0,0.0,0.0,540,1630,18034,26488,,,
2026-09-22T05:00:18+00:00,353,586268,Pecsi,14,14,Liverpool,Goalkeeper,4.0,0.0,0.0,u,Has joined TSV Hartberg on loan for the rest of the season,2026-08-18T14:11:18.638344Z,0,0,0.0,0.0,0.0,0.0,0,46,0,1073,,,
2026-09-22T05:00:18+00:00,354,432987,Jaros,14,14,Liverpool,Goalkeeper,4.0,0.0,0.0,i,Knee injury - Unknown return date,2026-07-29T18:00:10.351066Z,0,0,0.0,0.0,0.0,0.0,145,93,1692,1179,,,
2026-09-22T05:00:18+00:00,355,464353,Davies,14,14,Liverpool,Goalkeeper,4.0,0.0,0.0,a,,,,,0.2,0.0,0.0,0.0,191,300,4643,4080,,,
2026-09-22T05:00:18+00:00,356,97032,Virgil,14,14,Liverpool,Defender,6.5,0.0,0.0,a,,,,,16.2,5.0,5.0,5.0,13826,30225,270842,602858,,,
2026-09-22T05:00:18+00:00,357,216094,Frimpong,14,14,Liverpool,Defender,5.3,0.0,-0.2,a,,,,,1.8,0.4,0.4,0.4,1101,9101,58444,242486,,,
2026-09-22T05:00:18+00:00,358,544877,Kerkez,14,14,Liverpool,Defender,5.4,0.0,-0.1,a,,,,,2.3,2.6,2.6,2.6,1714,7266,46731,184638,,,
2026-09-22T05:00:18+00:00,359,171287,Gomez,14,14,Liverpool,Defender,4.9,0.0,-0.1,a,,2026-07-26T08:30:10.078473Z,100,100,0.0,0.0,0.0,0.0,219,73,639,1137,,,
2026-09-22T05:00:18+00:00,360,492777,Bradley,14,14,Liverpool,Defender,5.0,0.0,0.0,i,Knee injury - Unknown return date,2026-07-23T12:01:23.565711Z,0,0,0.0,0.0,0.0,0.0,32,44,349,756,,,
2026-09-22T05:00:18+00:00,361,519440,Lucky,14,14,Liverpool,Defender,4.0,0.0,0.0,a,,,,,0.1,0.0,0.0,0.0,200,362,3777,5587,,,
2026-09-22T05:00:18+00:00,362,606702,Jacquet,14,14,Liverpool,Defender,5.0,0.0,0.0,a,,2026-07-23T12:01:23.581126Z,100,100,3.4,4.8,4.8,4.8,21138,8633,219020,118666,,,
2026-09-22T05:00:18+00:00,363,647681,Leoni,14,14,Liverpool,Defender,4.0,0.0,0.0,i,Knee injury - Unknown return date,2026-07-23T12:01:23.596909Z,0,0,0.0,0.0,0.0,0.0,52,126,853,2057,,,
2026-09-22T05:00:18+00:00,364,214285,Tsimikas,14,14,Liverpool,Defender,4.9,0.0,-0.1,a,,,,,0.1,0.4,0.4,0.4,53,273,1540,4299,,,
2026-09-22T05:00:18+00:00,365,489580,Ramsay,14,14,Liverpool,Defender,4.0,0.0,0.0,u,Has joined St Mirren on loan for the rest of the season,2026-08-26T14:05:26.748768Z,0,0,0.1,0.0,0.0,0.0,0,296,638,12525,,,
2026-09-22T05:00:18+00:00,366,494595,Wirtz,14,14,Liverpool,Midfielder,7.3,0.0,-0.2,a,,,,,5.8,3.6,3.6,3.6,1765,32168,132033,755565,4,,
2026-09-22T05:00:18+00:00,367,243298,Gakpo,14,14,Liverpool,Midfielder,7.2,0.0,0.2,a,,2026-09-09T18:30:08.772955Z,100,100,12.6,6.4,6.4,6.4,36543,58539,1322955,686136,3,,
2026-09-22T05:00:18+00:00,368,424876,Szoboszlai,14,14,Liverpool,Midfielder,7.0,0.0,0.0,a,,,,,33.3,4.0,4.0,4.0,24131,158702,916490,1626860,1,,
2026-09-22T05:00:18+00:00,369,611922,Ngumoha,14,14,Liverpool,Midfielder,5.7,-0.1,-0.3,a,,,,,0.5,0.8,0.8,0.8,537,3127,14315,88153,,,
2026-09-22T05:00:18+00:00,370,223541,Chiesa,14,14,Liverpool,Midfielder,5.3,-0.1,-0.2,i,Back injury - Unknown return date,2026-08-27T13:30:07.598926Z,0,0,0.0,0.0,0.0,0.0,11,162,676,9995,,,
2026-09-22T05:00:18+00:00,371,441266,Gravenberch,14,14,Liverpool,Midfielder,5.8,-0.1,-0.2,a,,,,,1.1,1.8,1.8,1.8,817,6492,35355,127845,,,
2026-09-22T05:00:18+00:00,372,243016,Mac Allister,14,14,Liverpool,Midfielder,5.4,0.0,-0.1,a,,,,,1.3,2.2,2.2,2.2,2640,4782,44260,94496,5,,
2026-09-22T05:00:18+00:00,373,206915,C.Jones,14,14,Liverpool,Midfielder,5.5,0.0,0.0,u,Has joined Internazionale permanently,2026-08-16T18:30:07.426408Z,0,0,0.0,0.0,0.0,0.0,0,39,34,2626,,,
2026-09-22T05:00:18+00:00,374,158983,Endo,14,14,Liverpool,Midfielder,4.9,0.0,-0.1,a,,2026-07-23T12:01:23.612529Z,100,100,0.1,0.0,0.0,0.0,107,285,2270,4651,,,
2026-09-22T05:00:18+00:00,375,591386,Nyoni,14,14,Liverpool,Midfielder,4.9,0.0,-0.1,a,,,,,0.0,0.6,0.6,0.6,52,225,1309,2970,,,
2026-09-22T05:00:18+00:00,376,535928,Bajcetic,14,14,Liverpool,Midfielder,5.0,0.0,0.0,u,Has joined Celta Vigo permanently,2026-07-23T12:01:23.628373Z,0,0,0.0,0.0,0.0,0.0,0,1,19,105,,,
2026-09-22T05:00:18+00:00,377,551499,Munoz,14,14,Liverpool,Midfielder,6.5,0.0,0.0,a,,,,,0.9,3.0,3.0,3.0,968,8789,116951,99131,,,
2026-09-22T05:00:18+00:00,378,491501,McConnell,14,14,Liverpool,Midfielder,4.4,0.0,-0.1,a,,,,,0.2,0.0,0.0,0.0,750,994,6625,12451,,,
2026-09-22T05:00:18+00:00,379,219168,Isak,14,14,Liverpool,Forward,9.1,0.0,0.1,a,,,,,22.3,6.6,6.6,6.6,78171,49222,1205333,709191,2,,
2026-09-22T05:00:18+00:00,380,510663,Ekitiké,14,14,Liverpool,Forward,7.4,0.0,-0.1,i,Achilles injury - Unknown return date,2026-07-23T12:01:23.643771Z,0,0,0.1,0.0,0.0,0.0,241,549,2513,11012,,,
2026-09-22T05:00:18+00:00,381,514514,Koumas,14,14,Liverpool,Midfielder,5.0,0.0,0.0,a,,,,,0.0,0.6,0.6,0.6,93,118,772,1319,,,
2026-09-22T05:00:18+00:00,382,500058,Danns,14,14,Liverpool,Forward,4.5,0.0,0.0,a,,2026-07-23T12:01:23.659279Z,100,100,0.2,0.0,0.0,0.0,2508,1651,22315,8930,,,
2026-09-22T05:00:18+00:00,383,444884,Elliott,14,14,Liverpool,Midfielder,5.4,0.0,-0.1,u,Has joined Valencia on loan for the rest of the season,2026-09-02T16:05:49.104326Z,0,0,0.0,0.0,0.0,0.0,0,150,907,6070,,,
2026-09-22T05:00:18+00:00,579,445087,Araujo,14,14,Liverpool,Defender,5.4,0.0,-0.1,a,,,,,3.0,4.4,4.4,4.4,11332,7082,143248,156771,,,
2026-09-22T05:00:18+00:00,627,482616,Barcola,14,14,Liverpool,Midfielder,8.0,0.0,0.0,a,,,,,1.8,2.3,2.3,2.3,5970,13811,283432,125057,,,
2026-09-22T05:00:18+00:00,155,448047,Enzo,15,43,Man City,Midfielder,6.9,0.0,-0.1,a,,,,,3.6,2.6,2.6,2.6,21016,9423,162683,316332,,,
2026-09-22T05:00:18+00:00,237,440993,Ndiaye,15,43,Man City,Midfielder,5.8,-0.1,-0.2,a,,,,,6.9,3.2,3.2,3.2,4983,53380,295852,1121383,,,
2026-09-22T05:00:18+00:00,384,204936,Donnarumma,15,43,Man City,Goalkeeper,5.5,0.0,0.0,a,,,,,7.6,3.8,3.8,3.8,7856,20991,204047,306907,,,
2026-09-22T05:00:18+00:00,386,122074,Bettinelli,15,43,Man City,Goalkeeper,4.5,0.0,0.0,a,,,,,0.0,0.0,0.0,0.0,34,54,549,1090,,,
2026-09-22T05:00:18+00:00,387,472769,O'Reilly,15,43,Man City,Defender,6.3,-0.1,-0.2,a,,2026-09-05T18:00:06.379802Z,100,100,11.1,1.2,1.2,1.2,3493,53249,190837,1189760,,,
2026-09-22T05:00:18+00:00,388,209036,Guéhi,15,43,Man City,Defender,6.0,0.0,0.0,a,,,,,18.4,6.0,6.0,6.0,17357,34363,499277,446339,,,
2026-09-22T05:00:18+00:00,389,465351,Matheus N.,15,43,Man City,Defender,5.9,0.0,-0.1,a,,2026-08-27T11:30:08.171622Z,100,100,1.0,2.2,2.2,2.2,1187,1897,14342,73038,4,,
2026-09-22T05:00:18+00:00,390,171314,Rúben,15,43,Man City,Defender,5.5,0.0,0.0,a,,,,,1.9,3.4,3.4,3.4,3270,6230,65858,71032,,,
2026-09-22T05:00:18+00:00,391,477424,Gvardiol,15,43,Man City,Defender,5.7,0.0,0.2,a,,,,,26.5,7.4,7.4,7.4,106377,34135,1788409,394351,,,
2026-09-22T05:00:18+00:00,392,448514,Aït-Nouri,15,43,Man City,Defender,5.3,0.0,-0.2,a,,,,,0.4,0.0,0.0,0.0,362,1553,7714,60962,,,
2026-09-22T05:00:18+00:00,393,578153,Khusanov,15,43,Man City,Defender,5.4,0.0,-0.1,a,,,,,1.4,1.8,1.8,1.8,994,6636,26430,78282,,,
2026-09-22T05:00:18+00:00,394,494307,Alleyne,15,43,Man City,Defender,5.0,0.0,0.0,u,Has joined Burnley on loan for the rest of the season,2026-08-18T14:11:56.324656Z,0,0,0.0,0.0,0.0,0.0,0,10,0,608,,,
2026-09-22T05:00:18+00:00,395,477064,Lewis,15,43,Man City,Defender,4.4,0.0,-0.1,a,,,,,0.2,0.2,0.2,0.2,207,837,8163,15903,,,
2026-09-22T05:00:18+00:00,396,616222,Vitor Reis,15,43,Man City,Defender,4.5,0.0,0.0,a,,,,,0.0,0.2,0.2,0.2,52,109,532,1132,,,
2026-09-22T05:00:18+00:00,397,437730,Semenyo,15,43,Man City,Midfielder,8.4,0.0,-0.1,a,,,,,15.3,6.6,6.6,6.6,91279,33069,282182,1175769,2,,
2026-09-22T05:00:18+00:00,398,209244,Foden,15,43,Man City,Midfielder,6.9,0.0,-0.1,s,Suspended until 17 Oct,2026-09-13T17:00:09.433455Z,0,0,1.9,1.8,0.0,0.0,114,21294,303360,559016,,,
2026-09-22T05:00:18+00:00,399,466052,Cherki,15,43,Man City,Midfielder,7.8,0.0,0.3,a,,,,,28.2,6.8,6.8,6.8,77257,65935,2624418,932880,,,
2026-09-22T05:00:18+00:00,400,248875,Doku,15,43,Man City,Midfielder,7.4,0.0,-0.1,a,,2026-08-18T17:00:08.385597Z,75,100,0.7,0.2,0.2,0.2,2034,1239,3501,127325,3,,
2026-09-22T05:00:18+00:00,402,220566,Rodrigo,15,43,Man City,Midfielder,6.5,0.0,0.0,u,Has joined Barcelona permanently,2026-07-23T12:01:23.675537Z,0,0,0.0,0.0,0.0,0.0,0,15,0,1219,,,
2026-09-22T05:00:18+00:00,404,433036,Reijnders,15,43,Man City,Midfielder,6.0,0.0,0.0,u,Has joined Al Qadsiah permanently,2026-08-20T14:02:58.154273Z,0,0,0.0,0.0,0.0,0.0,0,61,0,8146,,,
2026-09-22T05:00:18+00:00,406,91651,Kovačić,15,43,Man City,Midfielder,5.4,0.0,-0.1,a,,,,,0.1,0.4,0.4,0.4,62,332,2204,6161,,,
2026-09-22T05:00:18+00:00,407,575204,Echeverri,15,43,Man City,Midfielder,4.9,0.0,-0.1,u,Has joined Benfica on loan for the rest of the season,2026-09-03T15:41:24.710479Z,0,0,0.0,0.0,0.0,0.0,0,37,250,1326,,,
2026-09-22T05:00:18+00:00,408,155405,Phillips,15,43,Man City,Midfielder,5.0,0.0,0.0,u,Has joined Sheffield United on loan for the rest of the season,2026-08-18T14:11:56.348781Z,0,0,0.0,0.0,0.0,0.0,0,8,0,567,,,
2026-09-22T05:00:18+00:00,409,590039,Mukasa,15,43,Man City,Midfielder,4.5,0.0,0.0,u,has joined West Ham on loan for the rest of the seaon.,2026-09-03T10:34:10.733520Z,0,0,0.1,0.0,0.0,0.0,0,416,1621,11983,,,
2026-09-22T05:00:18+00:00,410,649208,Monga,15,43,Man City,Midfielder,4.9,0.0,-0.1,u,Has joined Swansea City on loan for the rest of the season,2026-09-02T16:02:01.136760Z,0,0,0.0,0.0,0.0,0.0,0,37,219,1257,,,
2026-09-22T05:00:18+00:00,411,223094,Haaland,15,43,Man City,Forward,15.6,0.0,0.1,a,,,,,73.6,7.8,7.8,7.8,53672,13050,898949,314708,1,,
2026-09-22T05:00:18+00:00,481,215379,Anderson,15,43,Man City,Midfielder,6.3,0.0,-0.2,a,,2026-08-23T17:00:07.952697Z,100,100,4.0,3.0,3.0,3.0,5409,20233,102848,438073,,,
2026-09-22T05:00:18+00:00,587,106921,Rulli,15,43,Man City,Goalkeeper,5.0,0.0,0.0,a,,,,,0.0,0.0,0.0,0.0,42,68,574,1079,,,
2026-09-22T05:00:18+00:00,616,637238,Bouaddi,15,43,Man City,Midfielder,5.5,0.0,0.0,a,,,,,0.2,0.5,0.5,0.5,592,1556,20791,12995,,,
2026-09-22T05:00:18+00:00,621,616288,McAidoo,15,43,Man City,Midfielder,4.5,0.0,0.0,a,,,,,0.1,0.5,0.5,0.5,135,777,11304,6800,,,
2026-09-22T05:00:18+00:00,622,554054,Braithwaite,15,43,Man City,Defender,4.0,0.0,0.0,a,,,,,0.2,0.2,0.2,0.2,399,1133,16606,8684,,,
2026-09-22T05:00:18+00:00,628,624777,Allan,15,43,Man City,Midfielder,6.0,0.0,0.0,a,,,,,0.0,0.0,0.0,0.0,156,104,1119,625,,,
2026-09-22T05:00:18+00:00,653,595480,Samba,15,43,Man City,Midfielder,4.5,0.0,0.0,a,,,,,0.0,0.0,0.0,0.0,179,326,3828,2009,,,
2026-09-22T05:00:18+00:00,43,166989,Tielemans,16,1,Man Utd,Midfielder,5.8,0.0,-0.2,a,,2026-07-23T12:01:23.321726Z,100,100,1.5,3.0,3.0,3.0,1990,7797,43437,158421,3,,
2026-09-22T05:00:18+00:00,131,535301,Baleba,16,1,Man Utd,Midfielder,4.9,0.0,-0.1,a,,2026-08-06T16:00:10.997714Z,50,100,0.1,0.0,0.0,0.0,716,529,6155,14170,,,
2026-09-22T05:00:18+00:00,162,532605,Andrey Santos,16,1,Man Utd,Midfielder,4.8,0.0,-0.2,a,,,,,0.6,0.5,0.5,0.5,736,3627,21933,72246,,,
2026-09-22T05:00:18+00:00,325,59735,Darlow,16,1,Man Utd,Goalkeeper,4.5,0.0,0.0,d,Unspecified injury - 75% chance of playing,2026-09-21T13:30:08.885505Z,100,75,0.0,0.0,0.0,0.0,51,110,1058,1491,,,
2026-09-22T05:00:18+00:00,412,465247,Lammens,16,1,Man Utd,Goalkeeper,4.9,0.0,-0.1,a,,,,,10.0,2.5,2.5,2.5,4571,34963,96779,673394,,,
2026-09-22T05:00:18+00:00,413,451302,Bayindir,16,1,Man Utd,Goalkeeper,4.5,0.0,0.0,u,Has joined Celta Vigo on loan for the rest of the season,2026-08-10T14:02:28.608415Z,0,0,0.0,0.0,0.0,0.0,0,26,0,1136,,,
2026-09-22T05:00:18+00:00,414,21205,Heaton,16,1,Man Utd,Goalkeeper,4.0,0.0,0.0,i,Hamstring injury - Unknown return date,2026-08-15T16:00:07.854151Z,0,0,0.1,0.0,0.0,0.0,144,178,2062,3465,,,
2026-09-22T05:00:18+00:00,415,596777,Dorgu,16,1,Man Utd,Midfielder,5.8,0.0,-0.2,a,,,,,0.5,2.5,2.5,2.5,680,2825,13650,96362,,,
2026-09-22T05:00:18+00:00,416,209365,De Ligt,16,1,Man Utd,Defender,5.0,0.0,0.0,i,Back injury - Unknown return date,2026-07-23T12:01:23.690880Z,0,0,0.0,0.0,0.0,0.0,49,73,428,1496,,,
2026-09-22T05:00:18+00:00,417,216051,Dalot,16,1,Man Utd,Defender,4.9,0.0,-0.1,a,,,,,1.6,1.8,1.8,1.8,819,5285,25598,133780,,,
2026-09-22T05:00:18+00:00,418,95658,Maguire,16,1,Man Utd,Defender,4.9,0.0,-0.1,a,,,,,8.8,2.2,2.2,2.2,2807,57073,136765,986764,,,
2026-09-22T05:00:18+00:00,419,221820,Martinez,16,1,Man Utd,Defender,5.0,0.0,0.0,a,,2026-07-24T20:00:10.337107Z,100,100,1.3,1.5,1.5,1.5,2559,4409,35485,65262,,,
2026-09-22T05:00:18+00:00,420,550864,Yoro,16,1,Man Utd,Defender,4.8,-0.1,-0.2,a,,,,,0.5,0.5,0.5,0.5,347,1541,5129,35383,,,
2026-09-22T05:00:18+00:00,421,606745,Heaven,16,1,Man Utd,Defender,4.4,0.0,-0.1,a,,,,,0.3,0.0,0.0,0.0,157,1042,5927,23628,,,
2026-09-22T05:00:18+00:00,422,230001,Mazraoui,16,1,Man Utd,Defender,4.4,0.0,-0.1,a,,,,,0.5,0.5,0.5,0.5,437,2091,14221,40178,,,
2026-09-22T05:00:18+00:00,423,106760,Shaw,16,1,Man Utd,Defender,4.3,-0.1,-0.2,a,,2026-09-11T13:00:09.030120Z,50,100,7.8,2.0,1.0,2.0,2025,63120,99509,1295049,,,
2026-09-22T05:00:18+00:00,424,577974,Amass,16,1,Man Utd,Defender,4.0,0.0,0.0,a,,,,,0.2,0.0,0.0,0.0,294,524,6196,8554,,,
2026-09-22T05:00:18+00:00,425,547676,Fredricson,16,1,Man Utd,Defender,4.0,0.0,0.0,u,Has joined Lausanne-Sport permanently,2026-08-18T14:12:31.904433Z,0,0,0.0,0.0,0.0,0.0,0,30,0,1298,,,
2026-09-22T05:00:18+00:00,426,141746,B.Fernandes,16,1,Man Utd,Midfielder,11.9,-0.1,-0.1,a,,,,,38.8,7.2,7.2,7.2,24373,150854,635973,1803804,1,,
2026-09-22T05:00:18+00:00,427,446008,Mbeumo,16,1,Man Utd,Midfielder,7.9,0.0,-0.1,a,,,,,20.8,5.8,5.8,5.8,22826,97025,449805,1983524,2,,
2026-09-22T05:00:18+00:00,428,430871,Cunha,16,1,Man Utd,Midfielder,7.9,0.0,-0.1,a,,,,,5.7,6.0,6.0,6.0,11769,16050,85515,504081,,,
2026-09-22T05:00:18+00:00,429,176297,Rashford,16,1,Man Utd,Midfielder,7.0,0.0,0.0,d,Unspecified injury - 75% chance of playing,2026-09-21T10:30:09.221479Z,,75,1.5,2.2,2.2,1.7,3748,10362,84777,121443,,,
2026-09-22T05:00:18+00:00,430,184341,Mount,16,1,Man Utd,Midfielder,5.4,0.0,-0.1,a,,2026-08-15T16:00:07.879135Z,100,100,0.0,0.2,0.2,0.2,112,126,840,1902,,,
2026-09-22T05:00:18+00:00,431,493250,Amad,16,1,Man Utd,Midfielder,5.7,0.0,-0.3,i,Unspecified injury - Unknown return date,2026-08-22T11:00:08.617283Z,0,0,0.3,0.0,0.0,0.0,76,1283,2118,123004,,,
2026-09-22T05:00:18+00:00,432,516895,Mainoo,16,1,Man Utd,Midfielder,5.5,0.0,0.0,d,Unspecified injury - 75% chance of playing,2026-09-21T13:00:09.169862Z,,75,1.6,5.2,5.2,3.9,6410,8242,93504,60519,,,
2026-09-22T05:00:18+00:00,433,232112,Ugarte,16,1,Man Utd,Midfielder,5.0,0.0,0.0,i,Knee injury - Unknown return date,2026-07-23T12:01:23.706702Z,0,0,0.0,0.0,0.0,0.0,16,19,112,259,,,
2026-09-22T05:00:18+00:00,434,547037,J.Fletcher,16,1,Man Utd,Midfielder,4.9,0.0,-0.1,a,,,,,0.0,0.0,0.0,0.0,25,44,305,692,,,
2026-09-22T05:00:18+00:00,435,576628,Lacey,16,1,Man Utd,Midfielder,4.9,0.0,-0.1,a,,,,,0.1,0.0,0.0,0.0,277,230,1630,3195,,,
2026-09-22T05:00:18+00:00,436,490881,Collyer,16,1,Man Utd,Midfielder,5.0,0.0,0.0,u,Has joined West Brom permanently,2026-09-01T13:16:48.584385Z,0,0,0.0,0.0,0.0,0.0,0,34,150,1041,,,
2026-09-22T05:00:18+00:00,437,576620,Bendito Mantato,16,1,Man Utd,Midfielder,4.5,0.0,0.0,a,,,,,0.2,0.0,0.0,0.0,160,558,4824,9339,,,
2026-09-22T05:00:18+00:00,438,519913,Fletcher,16,1,Man Utd,Midfielder,4.4,0.0,-0.1,a,,,,,0.3,0.0,0.0,0.0,1806,1414,9875,16183,,,
2026-09-22T05:00:18+00:00,439,485711,Šeško,16,1,Man Utd,Forward,7.0,0.0,0.0,d,Shin injury - 75% chance of playing,2026-09-20T19:30:08.505755Z,100,75,1.7,1.8,1.8,1.4,6190,15883,103629,125556,,,
2026-09-22T05:00:18+00:00,440,458249,Zirkzee,16,1,Man Utd,Forward,5.3,-0.1,-0.2,a,,,,,0.4,0.5,0.5,0.5,1191,2154,15071,42707,,,
2026-09-22T05:00:18+00:00,441,596047,Obi,16,1,Man Utd,Forward,4.5,0.0,0.0,u,Has joined Willem II on loan for the rest of the season,2026-09-14T16:12:42.090874Z,0,0,1.0,0.0,0.0,0.0,0,8322,45543,71264,,,
2026-09-22T05:00:18+00:00,405,465694,N.Gonzalez,17,4,Newcastle,Midfielder,5.5,0.0,0.0,a,,2026-09-14T21:30:07.343728Z,0,100,0.2,1.0,0.0,1.0,330,1548,17793,16717,,,
2026-09-22T05:00:18+00:00,442,98747,Pope,17,4,Newcastle,Goalkeeper,4.9,0.0,-0.1,a,,,,,1.0,0.0,0.0,0.0,591,2233,13084,52956,,,
2026-09-22T05:00:18+00:00,443,81441,Gillespie,17,4,Newcastle,Goalkeeper,4.5,0.0,0.0,a,,,,,0.0,0.0,0.0,0.0,26,53,751,1173,,,
2026-09-22T05:00:18+00:00,444,554578,Jaouen,17,4,Newcastle,Goalkeeper,4.4,-0.1,-0.1,d,Ankle injury - 50% chance of playing,2026-09-10T16:00:09.127466Z,50,50,0.0,0.0,0.0,0.0,14,86,447,1491,,,
2026-09-22T05:00:18+00:00,445,465642,Thiaw,17,4,Newcastle,Defender,5.0,0.0,0.0,a,,,,,2.2,2.8,2.8,2.8,5928,6820,175229,119831,,,
2026-09-22T05:00:18+00:00,446,119471,Schär,17,4,Newcastle,Defender,4.9,0.0,-0.1,a,,2026-08-15T16:30:07.209742Z,100,100,0.2,0.4,0.4,0.4,386,668,6897,13614,,,
2026-09-22T05:00:18+00:00,447,220237,Botman,17,4,Newcastle,Defender,5.0,0.0,0.0,a,,,,,0.7,3.0,3.0,3.0,3287,1938,45961,27232,,,
2026-09-22T05:00:18+00:00,448,78916,Burn,17,4,Newcastle,Defender,4.8,-0.1,-0.2,i,Ankle injury - Expected back 12 Oct,2026-08-23T18:00:08.367241Z,0,0,0.7,0.0,0.0,0.0,65,4195,7280,159103,,,
2026-09-22T05:00:18+00:00,449,487838,Hall,17,4,Newcastle,Defender,5.3,0.1,0.3,a,,,,,16.7,6.2,6.2,6.2,185585,10998,1599087,338831,,,
2026-09-22T05:00:18+00:00,450,441191,Livramento,17,4,Newcastle,Defender,4.9,0.0,-0.1,d,Unspecified injury - 75% chance of playing,2026-09-19T14:00:09.046677Z,100,75,0.1,0.8,0.8,0.6,383,1138,10179,5578,,,
2026-09-22T05:00:18+00:00,451,545477,A.Murphy,17,4,Newcastle,Defender,4.0,0.0,0.0,u,Has joined FC Kaiserslautern on loan for the rest of the season,2026-08-12T14:05:29.224600Z,0,0,0.1,0.0,0.0,0.0,0,201,0,6852,,,
2026-09-22T05:00:18+00:00,453,201666,Barnes,17,4,Newcastle,Midfielder,6.1,0.1,0.1,a,,,,,5.3,5.6,5.6,5.6,118939,9030,590042,140938,,,
2026-09-22T05:00:18+00:00,454,449434,Elanga,17,4,Newcastle,Midfielder,6.1,-0.1,0.1,i,Unspecified injury - Unknown return date,2026-09-14T20:00:09.505598Z,0,0,4.8,3.6,0.0,0.0,229,138950,1286066,1058911,,,
2026-09-22T05:00:18+00:00,456,232653,J.Ramsey,17,4,Newcastle,Midfielder,4.9,0.0,-0.1,i,Thigh injury - Unknown return date,2026-09-15T09:00:08.191022Z,0,0,0.3,1.4,0.0,0.0,21,3655,16567,29858,,,
2026-09-22T05:00:18+00:00,457,114243,J.Murphy,17,4,Newcastle,Midfielder,5.9,0.0,-0.1,a,,,,,0.1,0.6,0.6,0.6,622,537,5725,10716,,,
2026-09-22T05:00:18+00:00,458,180974,Joelinton,17,4,Newcastle,Midfielder,5.4,0.0,-0.1,i,Unspecified injury - Unknown return date,2026-08-16T08:00:08.074045Z,0,0,0.0,0.0,0.0,0.0,9,55,220,2217,,,
2026-09-22T05:00:18+00:00,459,547719,L.Miley,17,4,Newcastle,Midfielder,5.5,0.0,0.0,a,,2026-07-23T12:01:23.785456Z,100,100,0.1,2.4,2.4,2.4,329,314,6193,5321,,,
2026-09-22T05:00:18+00:00,460,200089,Willock,17,4,Newcastle,Midfielder,5.0,0.0,0.0,a,,,,,0.5,4.4,4.4,4.4,7101,1709,61921,29694,,,
2026-09-22T05:00:18+00:00,461,611665,Touré,17,4,Newcastle,Midfielder,5.8,0.0,-0.2,a,,,,,0.1,1.6,1.6,1.6,232,607,3615,16214,,,
2026-09-22T05:00:18+00:00,462,636852,Steur,17,4,Newcastle,Midfielder,4.9,0.0,-0.1,a,,,,,0.1,1.6,1.6,1.6,165,273,2321,6070,,,
2026-09-22T05:00:18+00:00,463,470313,Woltemade,17,4,Newcastle,Forward,5.9,0.0,-0.1,u,Has joined Juventus on loan for the rest of the season,2026-09-02T16:07:16.549304Z,0,0,0.5,0.8,0.0,0.0,0,2558,14520,140993,,,
2026-09-22T05:00:18+00:00,464,216646,Wissa,17,4,Newcastle,Forward,6.2,0.0,0.2,a,,,,,18.8,3.0,3.0,3.0,60183,107556,2255695,694566,2,,
2026-09-22T05:00:18+00:00,465,538207,Osula,17,4,Newcastle,Forward,5.8,-0.1,-0.2,i,Foot injury - Unknown return date,2026-08-25T19:00:08.004915Z,0,0,0.3,0.8,0.0,0.0,73,1680,21396,85985,1,,
2026-09-22T05:00:18+00:00,466,599303,Neave,17,4,Newcastle,Forward,4.5,0.0,0.0,u,Has joined Wolves on loan for the rest of the season,2026-09-04T12:37:43.515176Z,0,0,0.5,0.0,0.0,0.0,0,2799,23805,51421,,,
2026-09-22T05:00:18+00:00,559,632794,Bamba,17,4,Newcastle,Midfielder,4.9,0.0,-0.1,a,,,,,0.1,0.6,0.6,0.6,87,335,2527,7419,,,
2026-09-22T05:00:18+00:00,567,470551,Horníček,17,4,Newcastle,Goalkeeper,5.0,0.0,0.0,a,,,,,1.5,2.8,2.8,2.8,4940,3221,149590,69774,,,
2026-09-22T05:00:18+00:00,593,463726,Dedić,17,4,Newcastle,Defender,4.5,0.0,0.0,i,Unspecified injury - Unknown return date,2026-09-17T14:30:09.823731Z,0,0,1.9,2.6,0.0,0.0,180,30565,447802,300615,,,
2026-09-22T05:00:18+00:00,609,553746,Shahar,17,4,Newcastle,Defender,4.0,0.0,0.0,u,has joined Arouca on loan for the rest of the seaon.,2026-09-11T14:41:57.406766Z,0,0,0.2,0.0,0.0,0.0,0,1305,18236,15203,,,
2026-09-22T05:00:18+00:00,634,613221,Fernandez-Pardo,17,4,Newcastle,Forward,6.0,0.0,0.0,a,,,,,0.1,1.3,1.3,1.3,1196,1004,16267,5904,,,
2026-09-22T05:00:18+00:00,659,665243,Miley,17,4,Newcastle,Midfielder,4.5,0.0,0.0,a,,,,,0.0,0.0,0.0,0.0,1061,442,4499,1044,,,
2026-09-22T05:00:18+00:00,663,578512,Pivas,17,4,Newcastle,Defender,4.0,0.0,0.0,a,,,,,0.0,0.0,1.1,1.1,234,26,234,26,,,
2026-09-22T05:00:18+00:00,664,601767,Salia,17,4,Newcastle,Forward,4.5,0.0,0.0,a,,,,,0.1,0.0,1.0,1.0,5762,773,5762,773,,,
2026-09-22T05:00:18+00:00,665,655585,Mills,17,4,Newcastle,Midfielder,4.5,0.0,0.0,a,,,,,0.0,0.0,1.1,1.1,110,17,110,17,,,
2026-09-22T05:00:18+00:00,666,671875,Thompson,17,4,Newcastle,Midfielder,4.5,0.0,0.0,a,,,,,0.0,0.0,1.1,1.1,135,10,135,10,,,
2026-09-22T05:00:18+00:00,167,463034,Delap,18,17,Nott'm Forest,Forward,5.6,0.1,0.1,a,,,,,2.8,1.8,1.8,1.8,22072,21467,309248,75039,3,,
2026-09-22T05:00:18+00:00,201,247348,Muñoz,18,17,Nott'm Forest,Defender,5.4,0.0,-0.1,a,,,,,5.8,1.2,1.2,1.2,5914,21885,156472,476061,,,
2026-09-22T05:00:18+00:00,467,85633,Sels,18,17,Nott'm Forest,Goalkeeper,5.0,0.0,0.0,a,,,,,1.6,3.0,3.0,3.0,1366,4103,67619,60165,,,
2026-09-22T05:00:18+00:00,468,221389,John,18,17,Nott'm Forest,Goalkeeper,4.5,0.0,0.0,a,,,,,0.1,0.0,0.0,0.0,41,107,848,1967,,,
2026-09-22T05:00:18+00:00,469,215136,N.Williams,18,17,Nott'm Forest,Defender,5.0,0.0,0.0,a,,,,,8.9,4.2,4.2,4.2,8050,31584,322536,336842,,,
2026-09-22T05:00:18+00:00,470,485047,Morato,18,17,Nott'm Forest,Defender,5.0,0.0,0.0,u,Has joined West Ham on loan for the rest of the season,2026-09-02T16:19:54.503286Z,0,0,0.0,0.0,0.0,0.0,0,84,424,3664,,,
2026-09-22T05:00:18+00:00,471,227444,Milenković,18,17,Nott'm Forest,Defender,5.4,-0.1,-0.1,i,Hamstring injury - Expected back 11 Oct,2026-09-12T14:00:09.705107Z,0,0,1.0,2.5,0.0,0.0,43,9019,17975,104176,,,
2026-09-22T05:00:18+00:00,472,575476,Murillo,18,17,Nott'm Forest,Defender,5.5,0.0,0.0,a,,2026-07-23T12:01:23.801183Z,100,100,2.1,4.8,4.8,4.8,5575,5334,101072,58595,,,
2026-09-22T05:00:18+00:00,473,159506,Aina,18,17,Nott'm Forest,Defender,4.4,-0.1,-0.1,a,,,,,2.4,0.8,0.8,0.8,809,16065,68922,165852,,,
2026-09-22T05:00:18+00:00,474,575458,Jair Cunha,18,17,Nott'm Forest,Defender,4.5,0.0,0.0,a,,2026-09-12T14:00:09.724349Z,75,100,0.2,2.5,1.9,2.5,160,475,9666,13001,,,
2026-09-22T05:00:18+00:00,475,500151,Savona,18,17,Nott'm Forest,Defender,4.5,0.0,0.0,i,Knee injury - Unknown return date,2026-07-23T12:01:23.816304Z,0,0,0.0,0.0,0.0,0.0,14,13,234,271,,,
2026-09-22T05:00:18+00:00,476,204822,O.Richards,18,17,Nott'm Forest,Defender,4.0,0.0,0.0,a,,,,,0.2,0.0,0.0,0.0,198,511,3898,8062,,,
2026-09-22T05:00:18+00:00,477,549067,Abbott,18,17,Nott'm Forest,Defender,4.0,0.0,0.0,u,Has joined Southampton on loan for the rest of the season,2026-09-02T16:19:54.536676Z,0,0,0.1,0.0,0.0,0.0,0,558,2459,13631,,,
2026-09-22T05:00:18+00:00,478,470315,Netz,18,17,Nott'm Forest,Defender,4.4,0.0,-0.1,a,,,,,0.0,0.5,0.5,0.5,41,85,671,1556,,,
2026-09-22T05:00:18+00:00,479,538638,Bindon,18,17,Nott'm Forest,Defender,4.0,0.0,0.0,u,Has joined Charlton Athletic on loan for the rest of the season,2026-09-01T13:16:05.383880Z,0,0,0.1,0.0,0.0,0.0,0,375,799,8505,,,
2026-09-22T05:00:18+00:00,480,222531,Gibbs-White,18,17,Nott'm Forest,Midfielder,8.0,0.0,0.0,a,,2026-08-24T15:30:08.350159Z,100,100,15.7,6.5,6.5,6.5,43624,59369,1187306,642063,1,,
2026-09-22T05:00:18+00:00,482,209046,Hudson-Odoi,18,17,Nott'm Forest,Midfielder,5.8,0.0,-0.2,a,,2026-07-23T12:01:23.832709Z,100,100,0.1,0.2,0.2,0.2,185,871,5196,17271,,,
2026-09-22T05:00:18+00:00,483,456512,Ndoye,18,17,Nott'm Forest,Midfielder,5.5,0.0,0.0,a,,,,,0.7,3.0,3.0,3.0,502,6432,72098,47595,,,
2026-09-22T05:00:18+00:00,484,503301,Hutchinson,18,17,Nott'm Forest,Midfielder,5.4,0.0,-0.1,u,Has joined AC Milan on loan for the rest of the season,2026-09-01T13:23:52.340206Z,0,0,0.1,0.0,0.0,0.0,0,244,427,10872,,,
2026-09-22T05:00:18+00:00,485,476887,Bakwa,18,17,Nott'm Forest,Midfielder,5.5,0.0,0.0,u,Has joined Lille on loan for the rest of the season,2026-08-27T14:53:03.381941Z,0,0,0.0,0.0,0.0,0.0,0,24,107,1166,,,
2026-09-22T05:00:18+00:00,486,432714,McAtee,18,17,Nott'm Forest,Midfielder,5.5,0.0,0.0,a,,,,,0.1,2.2,2.2,2.2,253,674,9898,5720,,,
2026-09-22T05:00:18+00:00,487,250199,Dominguez,18,17,Nott'm Forest,Midfielder,4.9,0.0,-0.1,a,,,,,0.1,0.2,0.2,0.2,42,220,1180,4022,,,
2026-09-22T05:00:18+00:00,488,210462,I.Sangaré,18,17,Nott'm Forest,Midfielder,4.9,0.0,-0.1,a,,2026-08-28T09:30:07.471668Z,100,100,0.4,0.5,0.5,0.5,213,2218,9112,67797,,,
2026-09-22T05:00:18+00:00,489,204968,Yates,18,17,Nott'm Forest,Midfielder,4.5,0.0,0.0,a,,2026-08-17T20:30:08.195072Z,100,100,1.2,0.0,0.0,0.0,416,5477,30062,91832,,,
2026-09-22T05:00:18+00:00,490,60689,Wood,18,17,Nott'm Forest,Forward,5.8,0.0,-0.2,a,,,,,0.9,0.8,0.8,0.8,1267,4628,23846,114475,2,,
2026-09-22T05:00:18+00:00,491,482973,Igor Jesus,18,17,Nott'm Forest,Forward,5.8,0.0,-0.2,a,,,,,2.7,2.5,2.5,2.5,5041,17348,124041,264693,4,,
2026-09-22T05:00:18+00:00,493,465680,Kalimuendo,18,17,Nott'm Forest,Forward,5.4,0.0,-0.1,a,,,,,0.1,0.0,0.0,0.0,145,293,2955,3993,,,
2026-09-22T05:00:18+00:00,558,204561,Schlager,18,17,Nott'm Forest,Midfielder,5.0,0.0,0.0,a,,,,,0.1,3.0,3.0,3.0,144,562,5824,5579,,,
2026-09-22T05:00:18+00:00,581,568420,Diomande,18,17,Nott'm Forest,Defender,5.4,0.0,-0.1,a,,,,,0.5,1.8,1.8,1.8,1026,1541,13148,41006,,,
2026-09-22T05:00:18+00:00,590,428971,Benda,18,17,Nott'm Forest,Goalkeeper,4.5,0.0,0.0,a,,,,,0.1,0.0,0.0,0.0,93,167,2633,2768,,,
2026-09-22T05:00:18+00:00,112,469142,Van Hecke,19,6,Spurs,Defender,4.9,0.0,-0.1,a,,,,,6.6,5.8,5.8,5.8,10807,18674,146976,464069,,,
2026-09-22T05:00:18+00:00,147,109646,Tosin,19,6,Spurs,Defender,4.4,0.0,-0.1,a,,,,,0.1,0.2,0.2,0.2,75,391,1967,7743,,,
2026-09-22T05:00:18+00:00,401,438234,Marmoush,19,6,Spurs,Forward,7.0,0.0,0.0,a,,,,,2.1,1.6,1.6,1.6,6759,16105,229238,157238,2,,
2026-09-22T05:00:18+00:00,403,510281,Sávio,19,6,Spurs,Midfielder,6.5,0.0,0.0,a,,2026-08-29T16:30:08.380416Z,100,100,0.7,1.6,1.6,1.6,1869,5040,98781,77803,,,
2026-09-22T05:00:18+00:00,455,432422,Tonali,19,6,Spurs,Midfielder,5.3,-0.1,-0.2,a,,2026-09-14T14:30:07.387706Z,100,100,1.9,3.0,3.0,3.0,1531,11460,47120,266067,,,
2026-09-22T05:00:18+00:00,494,184254,Vicario,19,6,Spurs,Goalkeeper,4.5,0.0,0.0,u,Has joined Juventus on loan for the rest of the season,2026-08-19T13:55:33.193962Z,0,0,0.1,0.0,0.0,0.0,0,515,0,21898,,,
2026-09-22T05:00:18+00:00,495,214572,Austin,19,6,Spurs,Goalkeeper,4.0,0.0,0.0,a,,,,,1.0,0.0,0.0,0.0,1344,1492,28995,21177,,,
2026-09-22T05:00:18+00:00,496,485055,Kinsky,19,6,Spurs,Goalkeeper,4.5,0.0,0.0,a,,,,,17.5,4.0,4.0,4.0,10829,83188,339983,765415,,,
2026-09-22T05:00:18+00:00,497,67089,Dubravka,19,6,Spurs,Goalkeeper,4.0,0.0,0.0,a,,,,,17.2,0.0,0.0,0.0,17699,32846,388338,425496,,,
2026-09-22T05:00:18+00:00,498,221466,Senesi,19,6,Spurs,Defender,5.8,0.0,-0.2,a,,,,,3.6,0.0,0.0,0.0,782,15617,28926,452080,,,
2026-09-22T05:00:18+00:00,499,441164,Pedro Porro,19,6,Spurs,Defender,5.4,0.0,-0.1,d,Hamstring injury - 75% chance of playing,2026-09-19T12:00:08.823872Z,100,75,7.8,2.2,2.2,1.7,1440,53881,124214,971629,,,
2026-09-22T05:00:18+00:00,500,221632,Romero,19,6,Spurs,Defender,5.0,0.0,0.0,u,Has joined Atletico Madrid permanently,2026-08-17T13:49:05.465401Z,0,0,0.1,0.0,0.0,0.0,0,193,0,16707,,,
2026-09-22T05:00:18+00:00,502,122798,Robertson,19,6,Spurs,Defender,4.4,0.0,-0.1,a,,,,,2.6,3.5,3.5,3.5,3783,9061,65455,179737,,,
2026-09-22T05:00:18+00:00,503,491279,Van de Ven,19,6,Spurs,Defender,5.0,0.0,0.0,a,,2026-08-21T15:00:07.610517Z,100,100,3.8,4.0,4.0,4.0,3790,14559,92246,261800,,,
2026-09-22T05:00:18+00:00,505,232859,Spence,19,6,Spurs,Defender,4.5,0.0,0.0,u,Has joined Internazionale permanently,2026-08-18T14:13:08.454214Z,0,0,0.2,0.0,0.0,0.0,0,801,0,68887,,,
2026-09-22T05:00:18+00:00,506,487053,Udogie,19,6,Spurs,Defender,4.4,0.0,-0.1,a,,2026-09-11T18:00:09.092110Z,100,100,0.3,1.5,1.5,1.5,234,1190,5473,22020,,,
2026-09-22T05:00:18+00:00,507,548308,Phillips,19,6,Spurs,Defender,4.5,0.0,0.0,u,Has joined Middlesbrough permanently,2026-08-18T14:13:08.474144Z,0,0,0.0,0.0,0.0,0.0,0,41,0,1256,,,
2026-09-22T05:00:18+00:00,508,115556,Davies,19,6,Spurs,Defender,3.9,-0.1,-0.1,a,,,,,0.9,0.0,0.0,0.0,4965,2490,16761,39933,,,
2026-09-22T05:00:18+00:00,509,640419,Byfield,19,6,Spurs,Defender,4.0,0.0,0.0,a,,,,,0.1,0.0,0.0,0.0,91,174,2306,2518,,,
2026-09-22T05:00:18+00:00,510,499716,Rowswell,19,6,Spurs,Defender,4.0,0.0,0.0,a,,,,,0.1,0.0,0.0,0.0,109,228,2838,3356,,,
2026-09-22T05:00:18+00:00,511,616221,Souza,19,6,Spurs,Defender,4.0,0.0,0.0,u,Has joined FC Porto on loan for the rest of the season,2026-09-01T13:24:26.858636Z,0,0,0.2,0.0,0.0,0.0,0,621,2555,16607,,,
2026-09-22T05:00:18+00:00,512,460842,Kudus,19,6,Spurs,Midfielder,6.5,0.0,0.0,a,,2026-07-23T12:01:23.848657Z,100,100,0.1,1.8,1.8,1.8,1508,739,12302,10694,3,,
2026-09-22T05:00:18+00:00,513,493362,Xavi,19,6,Spurs,Midfielder,5.9,0.0,-0.1,i,Knee injury - Unknown return date,2026-07-23T12:01:23.864304Z,0,0,0.0,0.0,0.0,0.0,32,49,324,1090,4,,
2026-09-22T05:00:18+00:00,514,511499,Tel,19,6,Spurs,Midfielder,5.7,-0.1,-0.3,a,,,,,0.2,1.5,1.5,1.5,128,1506,9060,46323,,,
2026-09-22T05:00:18+00:00,515,172780,Maddison,19,6,Spurs,Midfielder,6.3,0.0,-0.2,a,,2026-08-25T14:30:07.623508Z,100,100,0.4,0.5,0.5,0.5,484,1378,5533,95631,,,
2026-09-22T05:00:18+00:00,516,202993,Bentancur,19,6,Spurs,Midfielder,5.5,0.0,0.0,a,,,,,0.2,3.5,3.5,3.5,230,444,4994,8101,,,
2026-09-22T05:00:18+00:00,517,550839,Odobert,19,6,Spurs,Midfielder,5.5,0.0,0.0,i,Knee injury - Unknown return date,2026-07-23T12:01:23.879434Z,0,0,0.0,0.0,0.0,0.0,12,8,114,103,,,
2026-09-22T05:00:18+00:00,518,482442,P.M.Sarr,19,6,Spurs,Midfielder,4.9,0.0,-0.1,u,Has joined Juventus on loan for the rest of the season,2026-09-02T16:02:43.386849Z,0,0,0.1,0.0,0.0,0.0,0,494,4138,23561,,,
2026-09-22T05:00:18+00:00,519,232787,Gallagher,19,6,Spurs,Midfielder,5.3,0.0,-0.2,a,,,,,0.2,2.2,2.2,2.2,585,439,4441,16827,,,
2026-09-22T05:00:18+00:00,520,570526,Bergvall,19,6,Spurs,Midfielder,5.3,-0.1,-0.2,a,,,,,0.1,0.5,0.5,0.5,65,446,1845,9379,,,
2026-09-22T05:00:18+00:00,521,445044,Kulusevski,19,6,Spurs,Midfielder,6.5,0.0,0.0,i,Knee injury - Unknown return date,2026-07-23T12:01:23.895175Z,0,0,0.0,0.0,0.0,0.0,38,37,344,702,,,
2026-09-22T05:00:18+00:00,522,547701,Gray,19,6,Spurs,Midfielder,4.9,0.0,-0.1,a,,,,,0.2,1.8,1.8,1.8,335,860,6712,13031,,,
2026-09-22T05:00:18+00:00,523,499721,Moore,19,6,Spurs,Midfielder,5.0,0.0,0.0,u,Has joined FC Köln on loan for the rest of the season,2026-09-04T12:39:48.098158Z,0,0,0.1,0.2,0.0,0.0,0,411,3258,16896,,,
2026-09-22T05:00:18+00:00,524,499726,Olusesi,19,6,Spurs,Midfielder,4.4,0.0,-0.1,a,,,,,1.0,0.0,0.0,0.0,4306,5565,53922,47410,,,
2026-09-22T05:00:18+00:00,525,551226,Fernandes,19,6,Spurs,Midfielder,5.7,-0.1,-0.3,a,,,,,0.8,1.5,1.5,1.5,309,5003,14290,123090,,,
2026-09-22T05:00:18+00:00,526,154566,Solanke,19,6,Spurs,Forward,5.8,0.0,-0.2,a,,,,,0.8,1.5,1.5,1.5,1194,3977,28741,93028,1,,
2026-09-22T05:00:18+00:00,527,212319,Richarlison,19,6,Spurs,Forward,5.9,0.0,-0.1,u,not included in squad.,2026-09-04T12:32:39.183614Z,0,0,0.7,0.0,0.0,0.0,0,4017,21439,266500,,,
2026-09-22T05:00:18+00:00,528,490145,Scarlett,19,6,Spurs,Forward,4.5,0.0,0.0,u,Has joined Leyton Orient permanently,2026-09-02T16:02:43.413625Z,0,0,1.1,0.0,0.0,0.0,0,5936,42525,107503,,,
2026-09-22T05:00:18+00:00,578,465920,Mudryk,19,6,Spurs,Midfielder,5.3,-0.1,-0.2,i,Ankle injury - Unknown return date,2026-09-11T18:00:09.154412Z,0,0,0.0,0.2,0.0,0.0,14,407,5434,7455,,,
2026-09-22T05:00:18+00:00,601,611917,Williams-Barnett,19,6,Spurs,Midfielder,4.5,0.0,0.0,a,,,,,0.1,0.0,0.0,0.0,120,540,10202,6823,,,
2026-09-22T05:00:18+00:00,501,135720,Danso,20,56,Sunderland,Defender,5.0,0.0,0.0,a,,,,,0.2,0.8,0.8,0.8,822,559,6247,9596,,,
2026-09-22T05:00:18+00:00,529,498016,Roefs,20,56,Sunderland,Goalkeeper,4.9,0.0,-0.1,a,,,,,2.5,2.5,2.5,2.5,1480,8191,21329,174316,,,
2026-09-22T05:00:18+00:00,530,232571,Patterson,20,56,Sunderland,Goalkeeper,4.0,0.0,0.0,u,Has joined Wrexham permanently,2026-08-12T14:08:03.064533Z,0,0,0.1,0.0,0.0,0.0,0,248,0,5900,,,
2026-09-22T05:00:18+00:00,531,515046,Ellborg,20,56,Sunderland,Goalkeeper,4.5,0.0,0.0,a,,,,,0.1,0.0,0.0,0.0,83,175,1122,3256,,,
2026-09-22T05:00:18+00:00,532,223827,Ballard,20,56,Sunderland,Defender,4.9,0.0,-0.1,a,,,,,2.6,3.5,3.5,3.5,2714,10988,44613,311556,,,
2026-09-22T05:00:18+00:00,533,200834,Mukiele,20,56,Sunderland,Defender,5.4,0.0,-0.1,a,,2026-08-09T08:30:05.954750Z,100,100,1.9,3.2,3.2,3.2,3811,6203,43142,127308,,,
2026-09-22T05:00:18+00:00,534,487676,Hume,20,56,Sunderland,Defender,4.3,-0.1,-0.2,a,,,,,2.9,2.0,2.0,2.0,944,23373,37570,391048,,,
2026-09-22T05:00:18+00:00,535,201895,Alderete,20,56,Sunderland,Defender,4.8,-0.1,-0.2,a,,2026-08-09T08:30:05.962393Z,100,100,0.2,0.0,0.0,0.0,166,775,4920,27051,,,
2026-09-22T05:00:18+00:00,536,434399,Reinildo,20,56,Sunderland,Defender,4.4,-0.1,-0.1,a,,2026-09-12T21:30:09.421687Z,0,100,0.3,1.5,0.0,1.5,115,1318,3978,24118,,,
2026-09-22T05:00:18+00:00,537,519634,Seelt,20,56,Sunderland,Defender,4.5,0.0,0.0,u,Has joined Swansea City on loan for the rest of the season,2026-08-29T00:34:52.425076Z,0,0,0.0,0.0,0.0,0.0,0,15,61,657,,,
2026-09-22T05:00:18+00:00,538,477547,Hjelde,20,56,Sunderland,Defender,4.0,0.0,0.0,u,Has joined KV Mechelen on loan for the rest of the season,2026-08-12T14:08:03.081789Z,0,0,0.0,0.0,0.0,0.0,0,114,0,2485,,,
2026-09-22T05:00:18+00:00,539,167512,O'Nien,20,56,Sunderland,Defender,3.9,-0.1,-0.1,a,,,,,2.5,0.0,0.0,0.0,12407,8032,27150,117932,,,
2026-09-22T05:00:18+00:00,540,105717,Masuaku,20,56,Sunderland,Defender,4.0,0.0,0.0,u,Has joined Konyaspor permanently,2026-08-12T14:08:03.097784Z,0,0,0.1,0.0,0.0,0.0,0,474,0,11407,,,
2026-09-22T05:00:18+00:00,541,93605,Meunier,20,56,Sunderland,Defender,4.5,0.0,0.0,a,,2026-08-16T08:30:07.830062Z,100,100,0.3,3.2,3.2,3.2,1178,534,6579,9286,,,
2026-09-22T05:00:18+00:00,542,484420,E.Le Fée,20,56,Sunderland,Midfielder,5.7,-0.1,-0.3,a,,,,,3.4,4.0,4.0,4.0,7556,18178,41128,644753,2,,
2026-09-22T05:00:18+00:00,543,547027,Diarra,20,56,Sunderland,Midfielder,5.4,0.0,-0.1,i,Hamstring injury - Unknown return date,2026-08-30T16:30:08.428960Z,0,0,0.0,1.0,0.0,0.0,6,142,544,5825,1,,
2026-09-22T05:00:18+00:00,544,84450,Xhaka,20,56,Sunderland,Midfielder,5.5,0.0,0.0,a,,,,,3.7,3.0,3.0,3.0,4341,17458,128873,202547,,,
2026-09-22T05:00:18+00:00,545,577669,Sadiki,20,56,Sunderland,Midfielder,4.9,0.0,-0.1,a,,,,,0.2,2.0,2.0,2.0,293,990,5606,18015,,,
2026-09-22T05:00:18+00:00,546,535818,Adingra,20,56,Sunderland,Midfielder,4.9,0.0,-0.1,u,Has joined Ajax on loan for the rest of the season,2026-08-20T14:00:08.416985Z,0,0,0.0,0.0,0.0,0.0,0,154,240,7382,,,
2026-09-22T05:00:18+00:00,547,461199,Mundle,20,56,Sunderland,Midfielder,4.9,0.0,-0.1,i,Knee injury - Unknown return date,2026-09-09T14:00:08.462705Z,0,0,0.0,0.2,0.0,0.0,6,41,197,659,,,
2026-09-22T05:00:18+00:00,548,554197,Rigg,20,56,Sunderland,Midfielder,4.9,0.0,-0.1,a,,,,,0.0,0.2,0.2,0.2,19,162,456,2782,,,
2026-09-22T05:00:18+00:00,549,549912,Talbi,20,56,Sunderland,Midfielder,5.3,0.0,-0.2,a,,,,,0.1,0.0,0.0,0.0,81,417,1314,11637,,,
2026-09-22T05:00:18+00:00,550,699989,Jocelin.T,20,56,Sunderland,Midfielder,5.0,0.0,0.0,a,,,,,0.0,0.0,0.0,0.0,21,30,295,411,,,
2026-09-22T05:00:18+00:00,551,536661,N.Angulo,20,56,Sunderland,Midfielder,5.0,0.0,0.0,a,,,,,0.1,2.8,2.8,2.8,357,561,12636,10349,,,
2026-09-22T05:00:18+00:00,552,441264,Brobbey,20,56,Sunderland,Forward,5.7,-0.1,-0.3,a,,,,,6.7,5.5,5.5,5.5,149637,20074,241095,906246,,,
2026-09-22T05:00:18+00:00,553,437505,Isidor,20,56,Sunderland,Forward,5.5,0.0,0.0,a,,,,,1.3,3.5,3.5,3.5,1825,8778,94127,83932,,,
2026-09-22T05:00:18+00:00,612,638411,Methalie,20,56,Sunderland,Defender,4.5,0.0,0.0,a,,2026-08-28T13:00:08.950445Z,100,100,0.0,-0.2,-0.2,-0.2,76,46,865,472,,,
2026-09-22T05:00:18+00:00,613,696104,Ahoka,20,56,Sunderland,Midfielder,4.5,0.0,0.0,a,,,,,0.2,0.0,0.0,0.0,408,1159,25203,13857,,,
2026-09-22T05:00:18+00:00,646,549940,Fofana,20,56,Sunderland,Midfielder,5.5,0.0,0.0,a,,,,,0.0,1.0,1.0,1.0,234,225,3970,1653,,,
2026-09-22T05:00:18+00:00,651,661313,J.Angulo,20,56,Sunderland,Forward,4.5,0.0,0.0,a,,,,,0.7,0.0,0.0,0.0,6494,5189,88362,28204,,,
